scan_000,scan_001,scan_002,scan_003,scan_004,scan_005,scan_006,scan_007,scan_008,scan_009,scan_010,scan_011,scan_012,scan_013,scan_014,scan_015,scan_016,scan_017,scan_018,scan_019,scan_020,scan_021,scan_022,scan_023,scan_024,scan_025,scan_026,scan_027,scan_028,scan_029,scan_030,scan_031,scan_032,scan_033,scan_034,scan_035,scan_036,scan_037,scan_038,scan_039,scan_040,scan_041,scan_042,scan_043,scan_044,scan_045,scan_046,scan_047,scan_048,scan_049,scan_050,scan_051,scan_052,scan_053,scan_054,scan_055,scan_056,scan_057,scan_058,scan_059,scan_060,scan_061,scan_062,scan_063,scan_064,scan_065,scan_066,scan_067,scan_068,scan_069,scan_070,scan_071,scan_072,scan_073,scan_074,scan_075,scan_076,scan_077,scan_078,scan_079,scan_080,scan_081,scan_082,scan_083,scan_084,scan_085,scan_086,scan_087,scan_088,scan_089,scan_090,scan_091,scan_092,scan_093,scan_094,scan_095,scan_096,scan_097,scan_098,scan_099,scan_100,scan_101,scan_102,scan_103,scan_104,scan_105,scan_106,scan_107,scan_108,scan_109,scan_110,scan_111,scan_112,scan_113,scan_114,scan_115,scan_116,scan_117,scan_118,scan_119,scan_120,scan_121,scan_122,scan_123,scan_124,scan_125,scan_126,scan_127,scan_128,scan_129,scan_130,scan_131,scan_132,scan_133,scan_134,scan_135,scan_136,scan_137,scan_138,scan_139,scan_140,scan_141,scan_142,scan_143,scan_144,scan_145,scan_146,scan_147,scan_148,scan_149,scan_150,scan_151,scan_152,scan_153,scan_154,scan_155,scan_156,scan_157,scan_158,scan_159,scan_160,scan_161,scan_162,scan_163,scan_164,scan_165,scan_166,scan_167
0.094,0.094,0.078,0.078,0.76,0.795,0.058,0.061,0.752,0.039,0.061,0.072,0.052,0.76,0.072,0.061,0.052,0.76,0.612,0.052,0.286,0.036,0.286,0.048,0.052,0.058,0.048,0.061,0.063,0.039,0.063,0.036,0.656,0.076,0.105,0.076,0.303,0.105,0.656,0.303,0.697,0.076,0.319,0.449,0.076,0.303,0.603,0.319,0.719,0.319,0.89,0.863,0.593,0.776,0.542,0.776,0.788,0.536,0.536,0.536,0.019,0.542,0.788,0.542,0.593,0.019,0.064,0.613,0.064,0.198,0.198,0.198,0.906,0.559,0.379,0.668,0.301,0.814,0.282,0.301,0.652,0.559,0.591,0.835,0.809,0.591,0.282,0.654,0.774,0.856,0.559,0.365,0.689,0.836,0.039,0.591,0.492,0.039,0.039,0.68,0.037,0.292,0.901,0.037,0.037,0.633,0.739,0.303,0.303,0.26,0.052,0.291,0.231,0.297,0.891,0.939,0.934,0.276,0.141,0.291,0.748,0.135,0.955,0.317,0.822,0.247,0.703,0.62,0.247,0.137,0.339,0.402,0.336,0.044,0.658,0.516,0.589,0.218,0.458,0.516,0.498,0.739,0.996,0.318,0.498,0.941,0.498,0.516,0.996,0.259,0.425,0.409,0.315,0.96,0.321,0.996,0.373,0.414,0.392,0.463,0.388,0.291,0.371,0.283,0.326,0.736,0.728,0.51
0.523,0.523,0.448,0.448,0.353,0.857,0.318,0.298,0.865,0.23,0.298,0.353,0.284,0.353,0.353,0.298,0.284,0.353,0.648,0.284,0.457,0.26,0.457,0.289,0.284,0.318,0.289,0.298,0.305,0.23,0.305,0.26,0.172,0.29,0.352,0.29,0.793,0.352,0.172,0.793,0.751,0.29,0.714,0.549,0.29,0.793,0.413,0.714,0.193,0.714,0.75,0.743,0.474,0.154,0.679,0.154,0.153,0.692,0.692,0.692,0.238,0.679,0.153,0.679,0.474,0.238,0.292,0.319,0.292,0.69,0.69,0.69,0.939,0.664,0.706,0.312,0.174,0.595,0.232,0.174,0.586,0.664,0.692,0.418,0.327,0.692,0.232,0.292,0.582,0.527,0.664,0.725,0.319,0.457,0.499,0.692,0.293,0.499,0.499,0.306,0.529,0.361,0.567,0.529,0.529,0.17,0.293,0.803,0.803,0.661,0.659,0.903,0.776,0.858,0.444,0.557,0.743,0.453,0.679,0.903,0.273,0.677,0.816,0.768,0.575,0.921,0.159,0.094,0.921,0.784,0.791,0.562,0.81,0.787,0.269,0.57,0.093,0.843,0.092,0.57,0.739,0.702,0.982,0.014,0.739,0.705,0.739,0.57,0.984,0.01,0.008,0.017,0.196,0.661,0.164,0.928,0.236,0.018,0.287,0.011,0.294,0.202,0.163,0.153,0.162,0.307,0.291,0.38
0.27,0.27,0.293,0.293,0.836,0.856,0.24,0.127,0.764,0.159,0.127,0.229,0.168,0.836,0.229,0.127,0.168,0.836,0.416,0.168,0.208,0.115,0.208,0.158,0.168,0.24,0.158,0.127,0.123,0.159,0.123,0.115,0.089,0.067,0.113,0.067,0.728,0.113,0.089,0.728,0.29,0.067,0.637,0.708,0.067,0.728,0.514,0.637,0.834,0.637,0.695,0.394,0.445,0.056,0.568,0.056,0.056,0.449,0.449,0.449,0.108,0.568,0.056,0.568,0.445,0.108,0.079,0.701,0.079,0.342,0.342,0.342,0.329,0.831,0.827,0.263,0.623,0.933,0.507,0.623,0.455,0.831,0.578,0.316,0.666,0.578,0.507,0.26,0.393,0.935,0.831,0.792,0.27,0.324,0.161,0.578,0.186,0.161,0.161,0.266,0.13,0.536,0.927,0.13,0.13,0.925,0.274,0.374,0.374,0.612,0.85,0.905,0.215,0.936,0.332,0.94,0.936,0.633,0.236,0.905,0.277,0.24,0.977,0.286,0.479,0.432,0.909,0.954,0.432,0.964,0.305,0.492,0.315,0.762,0.852,0.756,0.921,0.696,0.899,0.756,0.75,0.999,0.751,0.999,0.75,0.967,0.75,0.756,0.79,1.0,0.995,1.0,0.757,0.937,0.67,0.777,0.724,1.0,0.793,0.994,0.761,0.758,0.721,0.591,0.651,0.682,0.688,0.712
0.394,0.394,0.383,0.383,0.581,0.438,0.427,0.372,0.432,0.337,0.372,0.442,0.32,0.581,0.442,0.372,0.32,0.581,0.13,0.32,0.536,0.377,0.536,0.309,0.32,0.427,0.309,0.372,0.386,0.337,0.386,0.377,0.191,0.43,0.531,0.43,0.765,0.531,0.191,0.765,0.353,0.43,0.787,0.714,0.43,0.765,0.144,0.787,0.52,0.787,0.378,0.43,0.673,0.213,0.883,0.213,0.214,0.827,0.827,0.827,0.441,0.883,0.214,0.883,0.673,0.441,0.434,0.368,0.434,0.503,0.503,0.503,0.459,0.223,0.661,0.623,0.689,0.77,0.77,0.689,0.47,0.223,0.706,0.513,0.354,0.706,0.77,0.692,0.519,0.796,0.223,0.656,0.628,0.462,0.806,0.706,0.048,0.806,0.806,0.708,0.873,0.621,0.858,0.873,0.873,0.708,0.844,0.275,0.275,0.271,0.322,0.045,0.889,0.071,0.625,0.806,0.628,0.565,0.937,0.045,0.853,0.913,0.646,0.925,0.58,0.273,0.759,0.655,0.273,0.083,0.916,0.463,0.864,0.242,0.738,0.873,0.63,0.285,0.684,0.873,0.876,0.907,0.112,0.6,0.876,0.429,0.876,0.873,0.112,0.428,0.49,0.417,0.843,0.432,0.849,0.109,0.831,0.395,0.811,0.452,0.793,0.815,0.801,0.83,0.833,0.944,0.942,0.854
0.849,0.849,0.848,0.848,0.169,0.888,0.806,0.723,0.89,0.441,0.723,0.851,0.802,0.169,0.851,0.723,0.802,0.169,0.802,0.802,0.854,0.475,0.854,0.676,0.802,0.806,0.676,0.723,0.688,0.441,0.688,0.475,0.375,0.63,0.777,0.63,0.377,0.777,0.375,0.377,0.758,0.63,0.322,0.209,0.63,0.377,0.827,0.322,0.418,0.322,0.877,0.806,0.052,0.346,0.459,0.346,0.381,0.375,0.375,0.375,0.389,0.459,0.381,0.459,0.052,0.389,0.512,0.392,0.512,0.997,0.997,0.997,0.524,0.387,0.254,0.691,0.083,0.425,0.077,0.083,0.797,0.387,0.1,0.701,0.472,0.1,0.077,0.658,0.768,0.473,0.387,0.302,0.702,0.713,0.995,0.1,0.404,0.995,0.995,0.683,0.993,0.132,0.723,0.993,0.993,0.765,0.534,0.623,0.623,0.632,0.671,0.525,0.271,0.236,0.585,0.769,0.824,0.14,0.263,0.525,0.529,0.27,0.808,0.3,0.681,0.62,0.595,0.217,0.62,0.096,0.3,0.074,0.373,0.442,0.66,0.195,0.205,0.531,0.18,0.195,0.173,0.659,0.182,0.355,0.173,0.761,0.173,0.195,0.162,0.887,0.403,0.933,0.237,0.797,0.22,0.139,0.497,0.945,0.74,0.424,0.713,0.242,0.235,0.219,0.222,0.38,0.386,0.37
0.618,0.618,0.598,0.598,0.806,0.463,0.905,0.82,0.571,0.789,0.82,0.882,0.813,0.806,0.882,0.82,0.813,0.806,0.105,0.813,0.588,0.83,0.588,0.771,0.813,0.905,0.771,0.82,0.781,0.789,0.781,0.83,0.668,0.803,0.9,0.803,0.44,0.9,0.668,0.44,0.919,0.803,0.402,0.837,0.803,0.44,0.179,0.402,0.878,0.402,0.668,0.879,0.883,0.695,0.694,0.695,0.715,0.642,0.642,0.642,0.83,0.694,0.715,0.694,0.883,0.83,0.769,0.935,0.769,0.611,0.611,0.611,0.851,0.63,0.951,0.996,0.677,0.897,0.56,0.677,0.718,0.63,0.906,0.999,0.915,0.906,0.56,0.993,0.723,0.799,0.63,0.957,0.995,0.999,0.562,0.906,0.028,0.562,0.562,0.995,0.601,0.415,0.904,0.601,0.601,0.802,0.995,0.044,0.044,0.089,0.087,0.027,0.875,0.043,0.999,0.854,0.717,0.389,0.903,0.027,0.995,0.927,0.71,0.97,0.653,0.048,0.838,0.067,0.048,0.079,0.965,0.873,0.97,0.043,0.886,0.41,0.069,0.096,0.071,0.41,0.292,0.714,0.825,0.246,0.292,0.853,0.292,0.41,0.848,0.504,0.315,0.536,0.138,0.886,0.173,0.892,0.145,0.619,0.24,0.225,0.248,0.152,0.164,0.188,0.172,0.254,0.307,0.255
0.565,0.565,0.436,0.436,0.985,0.792,0.348,0.356,0.763,0.771,0.356,0.359,0.303,0.985,0.359,0.356,0.303,0.985,0.09,0.303,0.529,0.798,0.529,0.292,0.303,0.348,0.292,0.356,0.326,0.771,0.326,0.798,0.505,0.317,0.384,0.317,1.0,0.384,0.505,1.0,0.91,0.317,0.997,0.306,0.317,1.0,0.065,0.997,0.806,0.997,0.549,0.952,0.886,0.58,0.99,0.58,0.571,0.989,0.989,0.989,0.843,0.99,0.571,0.99,0.886,0.843,0.311,0.41,0.311,0.81,0.81,0.81,0.974,0.999,0.217,0.856,0.826,0.792,0.808,0.826,0.911,0.999,0.947,0.892,0.679,0.947,0.808,0.838,0.912,0.736,0.999,0.451,0.849,0.887,0.71,0.947,0.448,0.71,0.71,0.823,0.715,0.745,0.777,0.715,0.715,0.812,0.931,0.041,0.041,0.037,0.019,0.282,0.98,0.272,0.94,0.716,0.623,0.757,0.997,0.282,0.907,0.994,0.659,0.983,0.967,0.052,0.78,0.582,0.052,0.163,0.983,0.876,0.907,0.018,0.617,0.941,0.545,0.044,0.625,0.941,0.901,0.565,0.925,0.336,0.901,0.602,0.901,0.941,0.948,0.335,0.4,0.359,0.772,0.612,0.908,0.901,0.917,0.392,0.746,0.341,0.737,0.85,0.906,0.901,0.873,0.78,0.811,0.926
0.979,0.979,0.984,0.984,0.937,0.014,0.993,0.906,0.014,0.96,0.906,0.977,0.95,0.937,0.977,0.906,0.95,0.937,0.133,0.95,0.949,0.928,0.949,0.964,0.95,0.993,0.964,0.906,0.915,0.96,0.915,0.928,0.883,0.895,0.989,0.895,0.743,0.989,0.883,0.743,0.146,0.895,0.741,0.147,0.895,0.743,0.196,0.741,0.677,0.741,0.012,0.228,0.653,0.851,0.872,0.851,0.887,0.844,0.844,0.844,0.907,0.872,0.887,0.872,0.653,0.907,0.901,0.748,0.901,0.665,0.665,0.665,0.115,0.958,0.133,0.111,0.923,0.558,0.864,0.923,0.184,0.958,0.824,0.172,0.737,0.824,0.864,0.117,0.197,0.641,0.958,0.133,0.113,0.16,0.842,0.824,0.538,0.842,0.842,0.114,0.889,0.98,0.556,0.889,0.889,0.682,0.087,0.057,0.057,0.064,0.072,0.204,0.117,0.149,0.156,0.633,0.681,0.979,0.12,0.204,0.088,0.124,0.715,0.127,0.177,0.056,0.727,0.828,0.056,0.322,0.127,0.715,0.129,0.088,0.407,0.872,0.76,0.064,0.738,0.872,0.844,0.783,0.644,0.777,0.844,0.667,0.844,0.872,0.628,0.682,0.871,0.734,0.846,0.704,0.893,0.565,0.567,0.839,0.586,0.897,0.605,0.825,0.905,0.866,0.893,0.718,0.738,0.457
0.773,0.773,0.783,0.783,0.862,0.029,0.648,0.483,0.03,0.379,0.483,0.702,0.536,0.862,0.702,0.483,0.536,0.862,0.683,0.536,0.797,0.406,0.797,0.409,0.536,0.648,0.409,0.483,0.461,0.379,0.461,0.406,0.468,0.47,0.774,0.47,0.837,0.774,0.468,0.837,0.096,0.47,0.697,0.323,0.47,0.837,0.611,0.697,0.636,0.697,0.032,0.09,0.494,0.445,0.711,0.445,0.435,0.585,0.585,0.585,0.383,0.711,0.435,0.711,0.494,0.383,0.516,0.698,0.516,0.375,0.375,0.375,0.057,0.865,0.297,0.186,0.612,0.292,0.65,0.612,0.069,0.865,0.517,0.066,0.663,0.517,0.65,0.175,0.06,0.389,0.865,0.198,0.185,0.059,0.394,0.517,0.742,0.394,0.394,0.175,0.365,0.561,0.329,0.365,0.365,0.252,0.216,0.961,0.961,0.954,0.651,0.921,0.062,0.917,0.051,0.328,0.209,0.524,0.057,0.921,0.209,0.059,0.22,0.074,0.043,0.98,0.203,0.465,0.98,0.857,0.073,0.301,0.074,0.731,0.29,0.785,0.479,0.963,0.583,0.785,0.798,0.182,0.037,0.363,0.798,0.276,0.798,0.785,0.031,0.28,0.387,0.334,0.343,0.289,0.298,0.045,0.438,0.355,0.58,0.326,0.58,0.314,0.32,0.312,0.338,0.523,0.52,0.437
0.182,0.182,0.317,0.317,0.72,0.673,0.237,0.131,0.721,0.185,0.131,0.143,0.171,0.72,0.143,0.131,0.171,0.72,0.775,0.171,0.142,0.146,0.142,0.161,0.171,0.237,0.161,0.131,0.156,0.185,0.156,0.146,0.557,0.055,0.047,0.055,0.861,0.047,0.557,0.861,0.845,0.055,0.878,0.086,0.055,0.861,0.796,0.878,0.466,0.878,0.625,0.859,0.812,0.565,0.801,0.565,0.533,0.815,0.815,0.815,0.156,0.801,0.533,0.801,0.812,0.156,0.075,0.413,0.075,0.526,0.526,0.526,0.736,0.357,0.109,0.811,0.876,0.563,0.858,0.876,0.891,0.357,0.808,0.831,0.449,0.808,0.858,0.808,0.882,0.491,0.357,0.107,0.818,0.851,0.737,0.808,0.728,0.737,0.737,0.814,0.637,0.817,0.554,0.637,0.637,0.597,0.742,0.729,0.729,0.799,0.817,0.449,0.191,0.563,0.842,0.528,0.846,0.818,0.192,0.449,0.75,0.19,0.629,0.216,0.881,0.627,0.475,0.022,0.627,0.56,0.238,0.784,0.244,0.933,0.455,0.807,0.015,0.727,0.054,0.807,0.811,0.925,0.382,0.005,0.811,0.543,0.811,0.807,0.347,0.004,0.006,0.005,0.134,0.426,0.065,0.349,0.104,0.006,0.153,0.006,0.172,0.09,0.09,0.064,0.083,0.109,0.102,0.144
0.575,0.575,0.584,0.584,0.886,0.612,0.662,0.583,0.626,0.654,0.583,0.628,0.61,0.886,0.628,0.583,0.61,0.886,0.623,0.61,0.501,0.618,0.501,0.565,0.61,0.662,0.565,0.583,0.544,0.654,0.544,0.618,0.829,0.519,0.623,0.519,0.565,0.623,0.829,0.565,0.715,0.519,0.739,0.436,0.519,0.565,0.56,0.739,0.488,0.739,0.602,0.664,0.301,0.908,0.833,0.908,0.898,0.86,0.86,0.86,0.625,0.833,0.898,0.833,0.301,0.625,0.505,0.523,0.505,0.259,0.259,0.259,0.754,0.612,0.592,0.983,0.398,0.803,0.476,0.398,0.969,0.612,0.514,0.982,0.606,0.514,0.476,0.94,0.974,0.83,0.612,0.665,0.966,0.989,0.418,0.514,0.588,0.418,0.418,0.956,0.516,0.524,0.789,0.516,0.516,0.631,0.947,0.029,0.029,0.017,0.167,0.001,0.983,0.001,0.983,0.812,0.702,0.628,0.977,0.001,0.932,0.983,0.612,0.716,0.946,0.05,0.698,0.581,0.05,0.006,0.548,0.186,0.572,0.128,0.841,0.743,0.485,0.024,0.637,0.743,0.749,0.453,0.066,0.64,0.749,0.795,0.749,0.743,0.062,0.316,0.468,0.292,0.332,0.784,0.323,0.036,0.289,0.284,0.323,0.428,0.331,0.355,0.339,0.323,0.303,0.29,0.309,0.46
0.346,0.346,0.376,0.376,0.401,0.717,0.295,0.249,0.654,0.184,0.249,0.286,0.247,0.401,0.286,0.249,0.247,0.401,0.79,0.247,0.299,0.209,0.299,0.249,0.247,0.295,0.249,0.249,0.248,0.184,0.248,0.209,0.205,0.262,0.272,0.262,0.349,0.272,0.205,0.349,0.45,0.262,0.258,0.384,0.262,0.349,0.604,0.258,0.465,0.258,0.702,0.507,0.348,0.242,0.283,0.242,0.254,0.186,0.186,0.186,0.234,0.283,0.254,0.283,0.348,0.234,0.264,0.707,0.264,0.274,0.274,0.274,0.491,0.378,0.335,0.311,0.213,0.53,0.206,0.213,0.547,0.378,0.215,0.48,0.678,0.215,0.206,0.316,0.531,0.404,0.378,0.388,0.32,0.485,0.118,0.215,0.568,0.118,0.118,0.299,0.116,0.204,0.538,0.116,0.116,0.585,0.396,0.331,0.331,0.273,0.68,0.781,0.229,0.715,0.534,0.428,0.946,0.203,0.27,0.781,0.393,0.274,0.939,0.306,0.59,0.468,0.55,0.446,0.468,0.5,0.332,0.352,0.331,0.785,0.56,0.08,0.46,0.409,0.53,0.08,0.086,0.535,0.934,0.537,0.086,0.484,0.086,0.08,0.936,0.595,0.595,0.484,0.464,0.522,0.483,0.934,0.083,0.482,0.049,0.539,0.067,0.448,0.449,0.494,0.483,0.102,0.121,0.043
0.837,0.837,0.832,0.832,0.828,0.82,0.63,0.761,0.832,0.964,0.761,0.731,0.754,0.828,0.731,0.761,0.754,0.828,0.515,0.754,0.824,0.954,0.824,0.755,0.754,0.63,0.755,0.761,0.751,0.964,0.751,0.954,0.913,0.843,0.767,0.843,0.944,0.767,0.913,0.944,0.896,0.843,0.965,0.717,0.843,0.944,0.587,0.965,0.329,0.965,0.793,0.869,0.68,0.916,0.793,0.916,0.905,0.873,0.873,0.873,0.963,0.793,0.905,0.793,0.68,0.963,0.829,0.283,0.829,0.726,0.726,0.726,0.933,0.917,0.675,0.327,0.726,0.325,0.67,0.726,0.44,0.917,0.742,0.408,0.314,0.742,0.67,0.36,0.503,0.308,0.917,0.66,0.361,0.338,0.633,0.742,0.09,0.633,0.633,0.387,0.563,0.454,0.32,0.563,0.563,0.265,0.483,0.8,0.8,0.725,0.952,0.444,0.437,0.444,0.486,0.292,0.477,0.49,0.378,0.444,0.476,0.356,0.183,0.622,0.551,0.471,0.269,0.129,0.471,0.749,0.566,0.76,0.569,0.697,0.724,0.731,0.249,0.462,0.158,0.731,0.652,0.356,0.186,0.841,0.652,0.507,0.652,0.731,0.205,0.607,0.728,0.651,0.158,0.487,0.144,0.177,0.333,0.548,0.372,0.726,0.376,0.165,0.155,0.158,0.154,0.336,0.352,0.22
0.841,0.841,0.812,0.812,0.811,0.75,0.692,0.615,0.733,0.563,0.615,0.789,0.598,0.811,0.789,0.615,0.598,0.811,0.701,0.598,0.919,0.633,0.919,0.552,0.598,0.692,0.552,0.615,0.571,0.563,0.571,0.633,0.836,0.635,0.693,0.635,0.725,0.693,0.836,0.725,0.327,0.635,0.677,0.025,0.635,0.725,0.718,0.677,0.067,0.677,0.686,0.328,0.741,0.772,0.746,0.772,0.774,0.715,0.715,0.715,0.674,0.746,0.774,0.746,0.741,0.674,0.645,0.113,0.645,0.645,0.645,0.645,0.269,0.727,0.025,0.487,0.779,0.287,0.763,0.779,0.765,0.727,0.84,0.542,0.11,0.84,0.763,0.456,0.716,0.545,0.727,0.027,0.509,0.598,0.464,0.84,0.073,0.464,0.464,0.488,0.46,0.812,0.307,0.46,0.46,0.436,0.451,0.02,0.02,0.019,0.189,0.184,0.115,0.197,0.557,0.644,0.993,0.815,0.142,0.184,0.507,0.142,0.985,0.096,0.726,0.023,0.69,0.226,0.023,0.285,0.097,0.819,0.101,0.214,0.674,0.645,0.316,0.021,0.258,0.645,0.775,0.92,0.075,0.108,0.775,0.633,0.775,0.645,0.07,0.131,0.117,0.124,0.347,0.637,0.326,0.052,0.49,0.113,0.375,0.099,0.385,0.336,0.375,0.414,0.362,0.479,0.577,0.718
0.274,0.274,0.301,0.301,0.11,0.633,0.39,0.789,0.622,0.842,0.789,0.411,0.734,0.11,0.411,0.789,0.734,0.11,0.661,0.734,0.182,0.844,0.182,0.765,0.734,0.39,0.765,0.789,0.664,0.842,0.664,0.844,0.584,0.749,0.333,0.749,0.481,0.333,0.584,0.481,0.674,0.749,0.397,0.706,0.749,0.481,0.579,0.397,0.334,0.397,0.515,0.752,0.544,0.564,0.458,0.564,0.584,0.425,0.425,0.425,0.886,0.458,0.584,0.458,0.544,0.886,0.727,0.307,0.727,0.929,0.929,0.929,0.975,0.143,0.683,0.793,0.299,0.437,0.273,0.299,0.812,0.143,0.375,0.826,0.231,0.375,0.273,0.773,0.811,0.525,0.143,0.574,0.78,0.835,0.613,0.375,0.444,0.613,0.613,0.769,0.595,0.752,0.403,0.595,0.595,0.413,0.839,0.653,0.653,0.51,0.643,0.608,0.529,0.677,0.886,0.605,0.583,0.783,0.317,0.608,0.87,0.372,0.523,0.673,0.82,0.676,0.429,0.971,0.676,0.395,0.535,0.949,0.567,0.564,0.365,0.606,0.983,0.525,0.974,0.606,0.101,0.237,0.411,0.981,0.101,0.572,0.101,0.606,0.42,0.943,0.969,0.913,0.266,0.901,0.259,0.412,0.113,0.865,0.172,0.945,0.162,0.233,0.264,0.249,0.234,0.158,0.099,0.242
0.954,0.954,0.961,0.961,0.767,0.274,0.849,0.808,0.322,0.965,0.808,0.872,0.814,0.767,0.872,0.808,0.814,0.767,0.023,0.814,0.947,0.963,0.947,0.782,0.814,0.849,0.782,0.808,0.783,0.965,0.783,0.963,0.915,0.865,0.921,0.865,0.778,0.921,0.915,0.778,0.229,0.865,0.961,0.603,0.865,0.778,0.226,0.961,0.412,0.961,0.674,0.265,0.888,0.914,0.552,0.914,0.924,0.898,0.898,0.898,0.954,0.552,0.924,0.552,0.888,0.954,0.786,0.738,0.786,0.941,0.941,0.941,0.339,0.876,0.793,0.893,0.716,0.95,0.646,0.716,0.173,0.876,0.866,0.164,0.775,0.866,0.646,0.912,0.184,0.936,0.876,0.772,0.943,0.156,0.642,0.866,0.349,0.642,0.642,0.94,0.682,0.636,0.854,0.682,0.682,0.855,0.912,0.796,0.796,0.806,0.479,0.58,0.926,0.517,0.143,0.888,0.761,0.746,0.957,0.58,0.913,0.955,0.757,0.704,0.133,0.695,0.8,0.238,0.695,0.195,0.828,0.862,0.818,0.111,0.727,0.588,0.277,0.723,0.402,0.588,0.481,0.61,0.002,0.7,0.481,0.944,0.481,0.588,0.003,0.8,0.6,0.654,0.653,0.839,0.734,0.003,0.847,0.676,0.906,0.708,0.906,0.676,0.665,0.822,0.806,0.85,0.827,0.802
0.107,0.107,0.092,0.092,0.204,0.492,0.603,0.374,0.485,0.42,0.374,0.575,0.573,0.204,0.575,0.374,0.573,0.204,0.286,0.573,0.107,0.389,0.107,0.556,0.573,0.603,0.556,0.374,0.39,0.42,0.39,0.389,0.758,0.403,0.432,0.403,0.231,0.432,0.758,0.231,0.806,0.403,0.179,0.951,0.403,0.231,0.25,0.179,0.826,0.179,0.55,0.856,0.053,0.767,0.375,0.767,0.779,0.302,0.302,0.302,0.36,0.375,0.779,0.375,0.053,0.36,0.395,0.785,0.395,0.892,0.892,0.892,0.714,0.117,0.57,0.94,0.151,0.124,0.156,0.151,0.69,0.117,0.052,0.518,0.76,0.052,0.156,0.945,0.69,0.093,0.117,0.589,0.901,0.515,0.929,0.052,0.289,0.929,0.929,0.912,0.918,0.116,0.109,0.918,0.918,0.144,0.897,0.018,0.018,0.025,0.007,0.035,0.387,0.056,0.472,0.081,0.081,0.11,0.384,0.035,0.867,0.355,0.06,0.445,0.65,0.027,0.099,0.346,0.027,0.004,0.426,0.037,0.426,0.01,0.122,0.185,0.287,0.033,0.268,0.185,0.2,0.061,0.157,0.137,0.2,0.077,0.2,0.185,0.154,0.159,0.233,0.216,0.43,0.084,0.469,0.158,0.109,0.254,0.094,0.215,0.077,0.407,0.55,0.457,0.543,0.12,0.118,0.344
0.904,0.904,0.879,0.879,0.407,0.039,0.768,0.774,0.04,0.576,0.774,0.801,0.75,0.407,0.801,0.774,0.75,0.407,0.685,0.75,0.862,0.682,0.862,0.798,0.75,0.768,0.798,0.774,0.814,0.576,0.814,0.682,0.721,0.933,0.867,0.933,0.178,0.867,0.721,0.178,0.158,0.933,0.205,0.003,0.933,0.178,0.69,0.205,0.037,0.205,0.037,0.179,0.332,0.606,0.191,0.606,0.612,0.219,0.219,0.219,0.856,0.191,0.612,0.191,0.332,0.856,0.947,0.048,0.947,0.052,0.052,0.052,0.102,0.207,0.003,0.053,0.366,0.193,0.328,0.366,0.063,0.207,0.255,0.044,0.041,0.255,0.328,0.053,0.059,0.155,0.207,0.003,0.049,0.049,0.059,0.255,0.551,0.059,0.059,0.048,0.049,0.283,0.143,0.049,0.049,0.121,0.077,0.131,0.131,0.109,0.19,0.227,0.118,0.227,0.084,0.212,0.213,0.298,0.108,0.227,0.08,0.109,0.182,0.112,0.114,0.099,0.097,0.944,0.099,0.372,0.085,0.317,0.082,0.106,0.166,0.231,0.909,0.081,0.981,0.231,0.21,0.329,0.617,0.839,0.21,0.322,0.21,0.231,0.641,0.786,0.68,0.736,0.708,0.331,0.544,0.704,0.935,0.767,0.62,0.792,0.624,0.737,0.566,0.556,0.561,0.616,0.706,0.904
0.641,0.641,0.611,0.611,0.746,0.243,0.507,0.437,0.249,0.36,0.437,0.51,0.398,0.746,0.51,0.437,0.398,0.746,0.867,0.398,0.691,0.404,0.691,0.358,0.398,0.507,0.358,0.437,0.436,0.36,0.436,0.404,0.68,0.416,0.578,0.416,0.492,0.578,0.68,0.492,0.529,0.416,0.403,0.52,0.416,0.492,0.807,0.403,0.394,0.403,0.25,0.569,0.485,0.676,0.517,0.676,0.66,0.388,0.388,0.388,0.353,0.517,0.66,0.517,0.485,0.353,0.386,0.537,0.386,0.131,0.131,0.131,0.437,0.714,0.611,0.643,0.542,0.75,0.595,0.542,0.912,0.714,0.679,0.791,0.528,0.679,0.595,0.697,0.904,0.671,0.714,0.532,0.621,0.75,0.416,0.679,0.891,0.416,0.416,0.654,0.644,0.706,0.744,0.644,0.644,0.554,0.69,0.248,0.248,0.082,0.104,0.674,0.346,0.552,0.79,0.596,0.546,0.687,0.366,0.674,0.67,0.38,0.616,0.42,0.907,0.309,0.413,0.757,0.309,0.742,0.457,0.311,0.459,0.127,0.64,0.822,0.743,0.125,0.737,0.822,0.823,0.54,0.549,0.656,0.823,0.683,0.823,0.822,0.58,0.536,0.713,0.626,0.617,0.651,0.465,0.597,0.762,0.532,0.716,0.687,0.689,0.661,0.488,0.447,0.495,0.701,0.68,0.873
0.813,0.813,0.972,0.972,0.637,0.178,0.75,0.425,0.169,0.57,0.425,0.522,0.707,0.637,0.522,0.425,0.707,0.637,0.407,0.707,0.533,0.374,0.533,0.519,0.707,0.75,0.519,0.425,0.408,0.57,0.408,0.374,0.257,0.3,0.389,0.3,0.568,0.389,0.257,0.568,0.857,0.3,0.387,0.677,0.3,0.568,0.349,0.387,0.634,0.387,0.247,0.892,0.692,0.214,0.676,0.214,0.213,0.506,0.506,0.506,0.282,0.676,0.213,0.676,0.692,0.282,0.286,0.786,0.286,0.308,0.308,0.308,0.741,0.788,0.762,0.857,0.663,0.847,0.788,0.663,0.915,0.788,0.179,0.736,0.745,0.179,0.788,0.856,0.92,0.757,0.788,0.723,0.86,0.743,0.58,0.179,0.853,0.58,0.58,0.853,0.55,0.316,0.837,0.55,0.55,0.705,0.837,0.432,0.432,0.468,0.051,0.805,0.578,0.731,0.74,0.884,0.8,0.336,0.775,0.805,0.837,0.713,0.797,0.817,0.793,0.558,0.716,0.361,0.558,0.197,0.899,0.083,0.863,0.048,0.737,0.383,0.334,0.645,0.62,0.383,0.379,0.794,1.0,0.278,0.379,0.801,0.379,0.383,1.0,0.167,0.271,0.163,0.841,0.859,0.758,0.998,0.64,0.157,0.677,0.323,0.702,0.859,0.743,0.731,0.715,0.248,0.196,0.317
0.961,0.961,0.949,0.949,0.561,0.37,0.95,0.976,0.357,0.926,0.976,0.969,0.958,0.561,0.969,0.976,0.958,0.561,0.475,0.958,0.894,0.945,0.894,0.987,0.958,0.95,0.987,0.976,0.988,0.926,0.988,0.945,0.985,0.994,0.923,0.994,0.073,0.923,0.985,0.073,0.509,0.994,0.187,0.531,0.994,0.073,0.382,0.187,0.689,0.187,0.346,0.544,0.018,0.983,0.084,0.983,0.982,0.348,0.348,0.348,0.98,0.084,0.982,0.084,0.018,0.98,0.999,0.82,0.999,0.024,0.024,0.024,0.504,0.28,0.681,0.519,0.023,0.671,0.028,0.023,0.507,0.28,0.023,0.5,0.784,0.023,0.028,0.518,0.587,0.745,0.28,0.659,0.472,0.494,0.03,0.023,0.511,0.03,0.03,0.468,0.034,0.054,0.636,0.034,0.034,0.767,0.455,0.733,0.733,0.856,0.758,0.659,0.538,0.614,0.432,0.687,0.751,0.048,0.569,0.659,0.394,0.565,0.881,0.529,0.504,0.682,0.685,0.245,0.682,0.238,0.702,0.032,0.701,0.745,0.922,0.047,0.21,0.806,0.241,0.047,0.058,0.526,0.214,0.223,0.058,0.9,0.058,0.047,0.216,0.16,0.213,0.187,0.486,0.872,0.439,0.208,0.432,0.172,0.498,0.144,0.504,0.405,0.502,0.4,0.49,0.628,0.604,0.627
0.337,0.337,0.292,0.292,0.778,0.652,0.491,0.534,0.619,0.474,0.534,0.486,0.51,0.778,0.486,0.534,0.51,0.778,0.088,0.51,0.32,0.492,0.32,0.596,0.51,0.491,0.596,0.534,0.608,0.474,0.608,0.492,0.642,0.537,0.49,0.537,0.044,0.49,0.642,0.044,0.515,0.537,0.058,0.67,0.537,0.044,0.232,0.058,0.462,0.058,0.807,0.48,0.288,0.472,0.081,0.472,0.468,0.115,0.115,0.115,0.576,0.081,0.468,0.081,0.288,0.576,0.636,0.48,0.636,0.118,0.118,0.118,0.366,0.804,0.582,0.609,0.221,0.566,0.244,0.221,0.443,0.804,0.06,0.536,0.447,0.06,0.244,0.576,0.48,0.703,0.804,0.567,0.591,0.543,0.162,0.06,0.441,0.162,0.162,0.558,0.161,0.416,0.532,0.161,0.161,0.578,0.439,0.31,0.31,0.328,0.347,0.799,0.389,0.828,0.448,0.648,0.182,0.384,0.393,0.799,0.409,0.379,0.206,0.331,0.451,0.352,0.471,0.594,0.352,0.499,0.343,0.18,0.338,0.445,0.209,0.259,0.499,0.361,0.699,0.259,0.249,0.258,0.123,0.884,0.249,0.179,0.249,0.259,0.124,0.621,0.606,0.434,0.797,0.154,0.803,0.113,0.835,0.426,0.896,0.686,0.896,0.816,0.748,0.645,0.646,0.918,0.875,0.801
0.21,0.21,0.212,0.212,0.689,0.558,0.178,0.181,0.722,0.174,0.181,0.186,0.136,0.689,0.186,0.181,0.136,0.689,0.21,0.136,0.25,0.174,0.25,0.138,0.136,0.178,0.138,0.181,0.197,0.174,0.197,0.174,0.157,0.176,0.241,0.176,0.347,0.241,0.157,0.347,0.447,0.176,0.449,0.843,0.176,0.347,0.253,0.449,0.013,0.449,0.678,0.335,0.885,0.098,0.312,0.098,0.094,0.434,0.434,0.434,0.168,0.312,0.094,0.312,0.885,0.168,0.148,0.011,0.148,0.668,0.668,0.668,0.212,0.722,0.811,0.238,0.664,0.011,0.523,0.664,0.406,0.722,0.865,0.282,0.01,0.865,0.523,0.212,0.405,0.012,0.722,0.751,0.236,0.279,0.588,0.865,0.158,0.588,0.588,0.219,0.405,0.642,0.013,0.405,0.405,0.019,0.175,0.299,0.299,0.46,0.294,0.299,0.629,0.278,0.239,0.015,0.007,0.649,0.599,0.299,0.178,0.617,0.009,0.508,0.365,0.242,0.018,0.8,0.242,0.264,0.484,0.691,0.469,0.414,0.016,0.687,0.698,0.415,0.771,0.687,0.65,0.006,0.642,0.939,0.65,0.022,0.65,0.687,0.683,0.963,0.962,0.957,0.42,0.025,0.417,0.538,0.491,0.948,0.566,0.963,0.576,0.374,0.41,0.387,0.437,0.773,0.768,0.695
0.976,0.976,0.94,0.94,0.101,0.804,0.804,0.818,0.771,0.905,0.818,0.823,0.793,0.101,0.823,0.818,0.793,0.101,0.719,0.793,0.893,0.925,0.893,0.952,0.793,0.804,0.952,0.818,0.945,0.905,0.945,0.925,0.659,0.806,0.931,0.806,0.642,0.931,0.659,0.642,0.969,0.806,0.653,0.292,0.806,0.642,0.96,0.653,0.453,0.653,0.833,0.971,0.425,0.692,0.718,0.692,0.694,0.833,0.833,0.833,0.898,0.718,0.694,0.718,0.425,0.898,0.965,0.871,0.965,0.123,0.123,0.123,0.961,0.206,0.262,0.845,0.404,0.893,0.373,0.404,0.916,0.206,0.396,0.799,0.603,0.396,0.373,0.837,0.91,0.825,0.206,0.255,0.831,0.8,0.115,0.396,0.38,0.115,0.115,0.819,0.123,0.493,0.736,0.123,0.123,0.411,0.762,0.848,0.848,0.819,0.783,0.871,0.842,0.881,0.742,0.57,0.303,0.48,0.881,0.871,0.744,0.873,0.334,0.8,0.912,0.899,0.311,0.147,0.899,0.513,0.835,0.373,0.838,0.605,0.412,0.382,0.114,0.878,0.133,0.382,0.439,0.494,0.149,0.171,0.439,0.489,0.439,0.382,0.137,0.161,0.24,0.202,0.234,0.333,0.192,0.137,0.375,0.278,0.317,0.281,0.319,0.231,0.196,0.192,0.199,0.282,0.281,0.27
0.156,0.156,0.113,0.113,0.766,0.301,0.669,0.666,0.376,0.658,0.666,0.732,0.569,0.766,0.732,0.666,0.569,0.766,0.357,0.569,0.081,0.717,0.081,0.571,0.569,0.669,0.571,0.666,0.656,0.658,0.656,0.717,0.707,0.512,0.608,0.512,0.869,0.608,0.707,0.869,0.899,0.512,0.795,0.278,0.512,0.869,0.586,0.795,0.607,0.795,0.731,0.929,0.507,0.827,0.909,0.827,0.9,0.879,0.879,0.879,0.654,0.909,0.9,0.909,0.507,0.654,0.518,0.688,0.518,0.394,0.394,0.394,0.776,0.906,0.692,0.932,0.831,0.666,0.811,0.831,0.96,0.906,0.718,0.964,0.676,0.718,0.811,0.93,0.952,0.766,0.906,0.394,0.954,0.96,0.827,0.718,0.802,0.827,0.827,0.954,0.79,0.842,0.655,0.79,0.79,0.762,0.944,0.756,0.756,0.741,0.873,0.775,0.908,0.787,0.965,0.828,0.186,0.831,0.842,0.775,0.964,0.832,0.197,0.899,0.961,0.658,0.853,0.965,0.658,0.951,0.947,0.556,0.926,0.481,0.853,0.938,0.971,0.581,0.709,0.938,0.947,0.231,0.613,0.653,0.947,0.788,0.947,0.938,0.566,0.624,0.862,0.73,0.917,0.786,0.99,0.67,0.071,0.804,0.143,0.884,0.137,0.907,0.994,0.982,0.991,0.156,0.195,0.299
0.504,0.504,0.434,0.434,0.552,0.533,0.772,0.827,0.507,0.793,0.827,0.815,0.757,0.552,0.815,0.827,0.757,0.552,0.036,0.757,0.35,0.777,0.35,0.861,0.757,0.772,0.861,0.827,0.911,0.793,0.911,0.777,0.547,0.784,0.815,0.784,0.092,0.815,0.547,0.092,0.274,0.784,0.103,0.165,0.784,0.092,0.034,0.103,0.107,0.103,0.408,0.264,0.071,0.673,0.197,0.673,0.692,0.244,0.244,0.244,0.771,0.197,0.692,0.197,0.071,0.771,0.801,0.297,0.801,0.04,0.04,0.04,0.22,0.65,0.14,0.206,0.034,0.43,0.003,0.034,0.374,0.65,0.148,0.308,0.291,0.148,0.003,0.189,0.356,0.455,0.65,0.201,0.215,0.287,0.018,0.148,0.694,0.018,0.018,0.189,0.003,0.017,0.517,0.003,0.003,0.337,0.211,0.266,0.266,0.255,0.413,0.777,0.134,0.755,0.308,0.41,0.122,0.084,0.153,0.777,0.2,0.154,0.123,0.218,0.368,0.214,0.285,0.369,0.214,0.959,0.255,0.085,0.258,0.824,0.212,0.086,0.337,0.236,0.294,0.086,0.055,0.101,0.626,0.159,0.055,0.336,0.055,0.086,0.621,0.357,0.241,0.379,0.422,0.306,0.353,0.599,0.377,0.338,0.379,0.24,0.381,0.356,0.44,0.33,0.405,0.762,0.746,0.655
0.501,0.501,0.586,0.586,0.17,0.889,0.45,0.462,0.899,0.387,0.462,0.57,0.39,0.17,0.57,0.462,0.39,0.17,0.006,0.39,0.465,0.455,0.465,0.483,0.39,0.45,0.483,0.462,0.575,0.387,0.575,0.455,0.21,0.309,0.373,0.309,0.205,0.373,0.21,0.205,0.576,0.309,0.15,0.952,0.309,0.205,0.007,0.15,0.831,0.15,0.814,0.576,0.033,0.521,0.044,0.521,0.518,0.034,0.034,0.034,0.28,0.044,0.518,0.044,0.033,0.28,0.353,0.921,0.353,0.025,0.025,0.025,0.744,0.315,0.754,0.438,0.067,0.942,0.07,0.067,0.51,0.315,0.003,0.446,0.727,0.003,0.07,0.443,0.475,0.857,0.315,0.878,0.437,0.44,0.026,0.003,0.027,0.026,0.026,0.437,0.033,0.002,0.912,0.033,0.033,0.859,0.505,0.031,0.031,0.029,0.061,0.07,0.301,0.075,0.462,0.857,0.956,0.002,0.299,0.07,0.469,0.319,0.967,0.164,0.373,0.041,0.65,0.623,0.041,0.136,0.135,0.007,0.146,0.091,0.761,0.028,0.559,0.034,0.722,0.028,0.032,0.775,0.647,0.193,0.032,0.85,0.032,0.028,0.64,0.105,0.212,0.109,0.87,0.798,0.9,0.613,0.588,0.108,0.359,0.285,0.362,0.896,0.857,0.89,0.891,0.286,0.262,0.571
0.147,0.147,0.159,0.159,0.955,0.651,0.923,0.794,0.649,0.61,0.794,0.849,0.807,0.955,0.849,0.794,0.807,0.955,0.463,0.807,0.206,0.6,0.206,0.715,0.807,0.923,0.715,0.794,0.657,0.61,0.657,0.6,0.714,0.593,0.775,0.593,0.905,0.775,0.714,0.905,0.74,0.593,0.951,0.304,0.593,0.905,0.654,0.951,0.088,0.951,0.592,0.751,0.969,0.604,0.772,0.604,0.562,0.886,0.886,0.886,0.573,0.772,0.562,0.772,0.969,0.573,0.583,0.152,0.583,0.869,0.869,0.869,0.846,0.989,0.384,0.763,0.966,0.082,0.958,0.966,0.943,0.989,0.935,0.915,0.135,0.935,0.958,0.826,0.921,0.081,0.989,0.444,0.766,0.916,0.81,0.935,0.612,0.81,0.81,0.843,0.864,0.958,0.085,0.864,0.864,0.124,0.882,0.998,0.998,1.0,0.923,0.902,0.778,0.939,0.944,0.088,0.298,0.94,0.822,0.902,0.887,0.844,0.295,0.443,0.943,0.953,0.11,0.18,0.953,0.819,0.391,0.978,0.444,0.912,0.155,0.641,0.15,0.975,0.189,0.641,0.609,0.333,0.407,0.624,0.609,0.124,0.609,0.641,0.399,0.643,0.449,0.5,0.351,0.169,0.387,0.513,0.051,0.508,0.06,0.614,0.064,0.424,0.394,0.335,0.332,0.097,0.089,0.211
0.929,0.929,0.977,0.977,0.446,0.786,0.706,0.584,0.751,0.628,0.584,0.717,0.592,0.446,0.717,0.584,0.592,0.446,0.627,0.592,0.942,0.675,0.942,0.51,0.592,0.706,0.51,0.584,0.557,0.628,0.557,0.675,0.604,0.586,0.819,0.586,0.299,0.819,0.604,0.299,0.462,0.586,0.271,0.073,0.586,0.299,0.581,0.271,0.026,0.271,0.3,0.505,0.773,0.7,0.368,0.7,0.683,0.355,0.355,0.355,0.685,0.368,0.683,0.368,0.773,0.685,0.62,0.038,0.62,0.943,0.943,0.943,0.52,0.724,0.058,0.666,0.339,0.11,0.215,0.339,0.822,0.724,0.729,0.761,0.039,0.729,0.215,0.648,0.832,0.107,0.724,0.058,0.647,0.781,0.589,0.729,0.882,0.589,0.589,0.641,0.542,0.182,0.121,0.542,0.542,0.146,0.579,0.378,0.378,0.772,0.455,0.636,0.652,0.624,0.704,0.107,0.133,0.291,0.66,0.636,0.562,0.705,0.166,0.709,0.782,0.426,0.183,0.409,0.426,0.415,0.734,0.752,0.717,0.533,0.328,0.271,0.358,0.852,0.26,0.271,0.179,0.172,0.94,0.582,0.179,0.244,0.179,0.271,0.956,0.498,0.733,0.448,0.472,0.231,0.721,0.903,0.194,0.406,0.093,0.635,0.107,0.546,0.685,0.694,0.648,0.067,0.077,0.19
0.477,0.477,0.524,0.524,0.751,0.941,0.436,0.288,0.939,0.299,0.288,0.393,0.336,0.751,0.393,0.288,0.336,0.751,0.738,0.336,0.474,0.293,0.474,0.353,0.336,0.436,0.353,0.288,0.287,0.299,0.287,0.293,0.272,0.289,0.382,0.289,0.807,0.382,0.272,0.807,0.703,0.289,0.798,0.563,0.289,0.807,0.732,0.798,0.569,0.798,0.869,0.728,0.853,0.223,0.641,0.223,0.222,0.651,0.651,0.651,0.294,0.641,0.222,0.641,0.853,0.294,0.288,0.756,0.288,0.533,0.533,0.533,0.832,0.794,0.664,0.659,0.692,0.56,0.73,0.692,0.708,0.794,0.769,0.584,0.712,0.769,0.73,0.615,0.7,0.472,0.794,0.835,0.617,0.6,0.713,0.769,0.7,0.713,0.713,0.581,0.762,0.743,0.591,0.762,0.762,0.357,0.649,0.185,0.185,0.154,0.012,0.467,0.727,0.37,0.538,0.494,0.802,0.741,0.665,0.467,0.649,0.657,0.795,0.867,0.638,0.154,0.432,0.112,0.154,0.049,0.696,0.829,0.711,0.007,0.796,0.714,0.113,0.141,0.195,0.714,0.7,0.627,0.152,0.575,0.7,0.647,0.7,0.714,0.149,0.474,0.311,0.286,0.24,0.673,0.198,0.166,0.665,0.282,0.609,0.28,0.608,0.261,0.191,0.199,0.194,0.492,0.519,0.533
0.352,0.352,0.331,0.331,0.714,0.522,0.451,0.88,0.598,0.859,0.88,0.467,0.835,0.714,0.467,0.88,0.835,0.714,0.289,0.835,0.415,0.897,0.415,0.872,0.835,0.451,0.872,0.88,0.88,0.859,0.88,0.897,0.526,0.744,0.442,0.744,0.498,0.442,0.526,0.498,0.986,0.744,0.341,0.281,0.744,0.498,0.327,0.341,0.475,0.341,0.771,0.99,0.193,0.563,0.273,0.563,0.598,0.141,0.141,0.141,0.786,0.273,0.598,0.273,0.193,0.786,0.767,0.527,0.767,0.106,0.106,0.106,0.807,0.791,0.4,0.636,0.579,0.486,0.647,0.579,0.806,0.791,0.394,0.71,0.533,0.394,0.647,0.659,0.851,0.652,0.791,0.409,0.65,0.72,0.639,0.394,0.872,0.639,0.639,0.662,0.677,0.725,0.486,0.677,0.677,0.673,0.639,0.66,0.66,0.448,0.9,0.84,0.871,0.895,0.675,0.623,0.178,0.623,0.862,0.84,0.62,0.9,0.178,0.792,0.766,0.746,0.757,0.988,0.746,0.969,0.856,0.282,0.86,0.769,0.888,0.665,0.966,0.605,0.994,0.665,0.665,0.345,0.865,0.941,0.665,0.455,0.665,0.665,0.861,0.882,0.965,0.939,0.933,0.504,0.796,0.745,0.069,0.925,0.158,0.964,0.14,0.862,0.864,0.842,0.889,0.355,0.392,0.076
0.418,0.418,0.447,0.447,0.192,0.421,0.519,0.463,0.405,0.359,0.463,0.571,0.415,0.192,0.571,0.463,0.415,0.192,0.684,0.415,0.538,0.414,0.538,0.414,0.415,0.519,0.414,0.463,0.425,0.359,0.425,0.414,0.294,0.465,0.503,0.465,0.235,0.503,0.294,0.235,0.339,0.465,0.358,0.045,0.465,0.235,0.554,0.358,0.058,0.358,0.483,0.371,0.258,0.389,0.456,0.389,0.402,0.435,0.435,0.435,0.355,0.456,0.402,0.456,0.258,0.355,0.465,0.17,0.465,0.325,0.325,0.325,0.615,0.057,0.04,0.5,0.262,0.236,0.254,0.262,0.691,0.057,0.37,0.674,0.17,0.37,0.254,0.52,0.626,0.151,0.057,0.042,0.52,0.666,0.209,0.37,0.514,0.209,0.209,0.526,0.251,0.078,0.226,0.251,0.251,0.177,0.535,0.427,0.427,0.424,0.255,0.287,0.131,0.303,0.713,0.142,0.227,0.073,0.129,0.287,0.532,0.133,0.242,0.151,0.785,0.566,0.108,0.81,0.566,0.107,0.215,0.267,0.219,0.309,0.098,0.062,0.82,0.598,0.642,0.062,0.097,0.309,0.845,0.523,0.097,0.237,0.097,0.062,0.885,0.566,0.513,0.785,0.818,0.242,0.808,0.663,0.524,0.806,0.563,0.517,0.669,0.797,0.811,0.813,0.823,0.515,0.574,0.053
0.198,0.198,0.226,0.226,0.654,0.53,0.217,0.2,0.516,0.129,0.2,0.177,0.236,0.654,0.177,0.2,0.236,0.654,0.225,0.236,0.074,0.103,0.074,0.21,0.236,0.217,0.21,0.2,0.148,0.129,0.148,0.103,0.627,0.146,0.091,0.146,0.233,0.091,0.627,0.233,0.26,0.146,0.17,0.266,0.146,0.233,0.174,0.17,0.054,0.17,0.564,0.187,0.386,0.612,0.652,0.612,0.59,0.567,0.567,0.567,0.114,0.652,0.59,0.652,0.386,0.114,0.157,0.061,0.157,0.137,0.137,0.137,0.507,0.634,0.276,0.295,0.214,0.106,0.197,0.214,0.311,0.634,0.392,0.207,0.056,0.392,0.197,0.309,0.309,0.116,0.634,0.269,0.313,0.205,0.109,0.392,0.367,0.109,0.109,0.33,0.111,0.239,0.101,0.111,0.111,0.131,0.349,0.209,0.209,0.191,0.397,0.512,0.804,0.46,0.192,0.109,0.333,0.247,0.871,0.512,0.359,0.835,0.377,0.794,0.313,0.22,0.12,0.062,0.22,0.476,0.815,0.343,0.826,0.437,0.175,0.287,0.031,0.201,0.094,0.287,0.267,0.387,0.338,0.049,0.267,0.319,0.267,0.287,0.333,0.041,0.044,0.032,0.155,0.323,0.153,0.296,0.183,0.035,0.223,0.053,0.223,0.16,0.15,0.136,0.128,0.142,0.151,0.111
0.321,0.321,0.428,0.428,0.14,0.4,0.152,0.076,0.406,0.377,0.076,0.11,0.079,0.14,0.11,0.076,0.079,0.14,0.329,0.079,0.247,0.284,0.247,0.088,0.079,0.152,0.088,0.076,0.07,0.377,0.07,0.284,0.365,0.064,0.099,0.064,0.5,0.099,0.365,0.5,0.667,0.064,0.346,0.741,0.064,0.5,0.559,0.346,0.548,0.346,0.391,0.86,0.163,0.313,0.569,0.313,0.313,0.472,0.472,0.472,0.288,0.569,0.313,0.569,0.163,0.288,0.07,0.593,0.07,0.253,0.253,0.253,0.925,0.361,0.853,0.595,0.116,0.599,0.114,0.116,0.701,0.361,0.196,0.604,0.615,0.196,0.114,0.621,0.718,0.57,0.361,0.833,0.548,0.578,0.268,0.196,0.647,0.268,0.268,0.6,0.272,0.134,0.692,0.272,0.272,0.509,0.586,0.644,0.644,0.831,0.713,0.34,0.168,0.113,0.67,0.624,0.725,0.161,0.216,0.34,0.56,0.211,0.761,0.194,0.79,0.848,0.457,0.269,0.848,0.084,0.145,0.208,0.169,0.928,0.364,0.225,0.159,0.957,0.23,0.225,0.204,0.785,0.893,0.103,0.204,0.622,0.204,0.225,0.888,0.136,0.127,0.143,0.658,0.588,0.59,0.888,0.739,0.153,0.895,0.182,0.94,0.66,0.476,0.485,0.373,0.912,0.926,0.845
0.077,0.077,0.08,0.08,0.193,0.78,0.091,0.083,0.863,0.082,0.083,0.083,0.072,0.193,0.083,0.083,0.072,0.193,0.662,0.072,0.125,0.079,0.125,0.073,0.072,0.091,0.073,0.083,0.079,0.082,0.079,0.079,0.064,0.136,0.146,0.136,0.529,0.146,0.064,0.529,0.363,0.136,0.555,0.917,0.136,0.529,0.77,0.555,0.713,0.555,0.758,0.329,0.639,0.014,0.548,0.014,0.014,0.584,0.584,0.584,0.111,0.548,0.014,0.548,0.639,0.111,0.146,0.336,0.146,0.633,0.633,0.633,0.667,0.297,0.84,0.703,0.769,0.811,0.868,0.769,0.407,0.297,0.464,0.475,0.376,0.464,0.868,0.717,0.482,0.877,0.297,0.84,0.683,0.402,0.795,0.464,0.569,0.795,0.795,0.69,0.831,0.664,0.805,0.831,0.831,0.684,0.873,0.23,0.23,0.243,0.37,0.084,1.0,0.096,0.58,0.938,0.464,0.568,0.998,0.084,0.871,0.998,0.66,0.999,0.55,0.199,0.818,0.297,0.199,0.143,0.999,0.571,0.999,0.43,0.848,0.767,0.244,0.223,0.316,0.767,0.788,0.813,0.273,0.162,0.788,0.881,0.788,0.767,0.267,0.235,0.188,0.205,0.432,0.884,0.448,0.276,0.782,0.227,0.744,0.208,0.748,0.385,0.504,0.441,0.514,0.754,0.717,0.754
0.497,0.497,0.507,0.507,0.357,0.246,0.327,0.279,0.251,0.484,0.279,0.335,0.258,0.357,0.335,0.279,0.258,0.357,0.688,0.258,0.755,0.522,0.755,0.266,0.258,0.327,0.266,0.279,0.278,0.484,0.278,0.522,0.343,0.33,0.454,0.33,0.697,0.454,0.343,0.697,0.61,0.33,0.811,0.925,0.33,0.697,0.733,0.811,0.991,0.811,0.266,0.469,0.446,0.306,0.742,0.306,0.31,0.754,0.754,0.754,0.647,0.742,0.31,0.742,0.446,0.647,0.332,0.981,0.332,0.876,0.876,0.876,0.903,0.607,0.76,0.633,0.681,0.94,0.782,0.681,0.614,0.607,0.495,0.668,0.976,0.495,0.782,0.628,0.656,0.927,0.607,0.793,0.637,0.691,0.922,0.495,0.337,0.922,0.922,0.651,0.935,0.512,0.95,0.935,0.935,0.956,0.727,0.657,0.657,0.597,0.313,0.375,0.868,0.304,0.798,0.931,0.135,0.466,0.858,0.375,0.709,0.851,0.13,0.904,0.754,0.66,0.92,0.872,0.66,0.127,0.886,0.226,0.886,0.283,0.243,0.794,0.843,0.569,0.902,0.794,0.804,0.372,0.059,0.724,0.804,0.16,0.804,0.794,0.061,0.896,0.704,0.923,0.664,0.156,0.551,0.061,0.818,0.926,0.807,0.66,0.843,0.677,0.646,0.658,0.617,0.597,0.645,0.861
0.296,0.296,0.284,0.284,0.928,0.469,0.226,0.187,0.48,0.226,0.187,0.174,0.197,0.928,0.174,0.187,0.197,0.928,0.954,0.197,0.239,0.171,0.239,0.208,0.197,0.226,0.208,0.187,0.181,0.226,0.181,0.171,0.863,0.093,0.128,0.093,0.995,0.128,0.863,0.995,0.991,0.093,0.993,0.907,0.093,0.995,0.868,0.993,0.499,0.993,0.536,0.995,0.953,0.886,0.96,0.886,0.89,0.985,0.985,0.985,0.184,0.96,0.89,0.96,0.953,0.184,0.112,0.31,0.112,0.913,0.913,0.913,0.875,0.996,0.95,0.909,0.948,0.188,0.926,0.948,0.975,0.996,0.938,0.937,0.352,0.938,0.926,0.911,0.975,0.221,0.996,0.967,0.903,0.925,0.858,0.938,0.845,0.858,0.858,0.901,0.869,0.975,0.191,0.869,0.869,0.225,0.892,0.907,0.907,0.964,0.882,0.825,0.93,0.927,0.922,0.235,0.357,0.978,0.928,0.825,0.883,0.946,0.378,0.878,0.956,0.926,0.328,0.018,0.926,0.849,0.913,0.892,0.898,0.86,0.332,0.857,0.017,0.97,0.01,0.857,0.857,0.467,0.541,0.015,0.857,0.425,0.857,0.857,0.542,0.007,0.02,0.006,0.036,0.418,0.139,0.569,0.115,0.005,0.175,0.02,0.15,0.048,0.143,0.149,0.15,0.183,0.163,0.132
0.734,0.734,0.776,0.776,0.263,0.837,0.921,0.845,0.792,0.659,0.845,0.813,0.984,0.263,0.813,0.845,0.984,0.263,0.604,0.984,0.868,0.596,0.868,0.967,0.984,0.921,0.967,0.845,0.831,0.659,0.831,0.596,0.937,0.767,0.895,0.767,0.369,0.895,0.937,0.369,0.629,0.767,0.373,0.099,0.767,0.369,0.616,0.373,0.322,0.373,0.645,0.653,0.475,0.944,0.264,0.944,0.941,0.227,0.227,0.227,0.542,0.264,0.941,0.264,0.475,0.542,0.743,0.284,0.743,0.915,0.915,0.915,0.756,0.18,0.113,0.977,0.738,0.652,0.731,0.738,0.923,0.18,0.006,0.991,0.297,0.006,0.731,0.986,0.906,0.579,0.18,0.13,0.982,0.988,0.871,0.006,0.351,0.871,0.871,0.986,0.817,0.179,0.596,0.817,0.817,0.37,0.985,0.252,0.252,0.192,0.254,0.284,0.83,0.144,0.987,0.53,0.16,0.184,0.784,0.284,0.982,0.8,0.167,0.74,0.931,0.241,0.481,0.722,0.241,0.199,0.564,0.108,0.686,0.182,0.34,0.023,0.666,0.194,0.649,0.023,0.022,0.118,0.519,0.935,0.022,0.672,0.022,0.023,0.57,0.956,0.95,0.981,0.233,0.61,0.176,0.514,0.296,0.969,0.352,0.96,0.327,0.217,0.183,0.175,0.173,0.439,0.415,0.274
0.818,0.818,0.721,0.721,0.092,0.173,0.817,0.713,0.164,0.868,0.713,0.839,0.63,0.092,0.839,0.713,0.63,0.092,0.233,0.63,0.73,0.892,0.73,0.738,0.63,0.817,0.738,0.713,0.813,0.868,0.813,0.892,0.566,0.732,0.901,0.732,0.065,0.901,0.566,0.065,0.822,0.732,0.189,0.399,0.732,0.065,0.394,0.189,0.646,0.189,0.176,0.895,0.256,0.62,0.048,0.62,0.602,0.333,0.333,0.333,0.854,0.048,0.602,0.048,0.256,0.854,0.803,0.622,0.803,0.332,0.332,0.332,0.659,0.093,0.304,0.591,0.252,0.846,0.147,0.252,0.735,0.093,0.315,0.64,0.589,0.315,0.147,0.588,0.72,0.89,0.093,0.354,0.611,0.615,0.152,0.315,0.049,0.152,0.152,0.604,0.167,0.282,0.851,0.167,0.167,0.929,0.764,0.395,0.395,0.426,0.252,0.622,0.603,0.69,0.607,0.886,0.938,0.396,0.545,0.622,0.718,0.545,0.936,0.799,0.697,0.25,0.947,0.727,0.25,0.304,0.673,0.422,0.661,0.171,0.879,0.293,0.598,0.25,0.763,0.293,0.241,0.863,0.11,0.685,0.241,0.777,0.241,0.293,0.111,0.322,0.385,0.32,0.901,0.835,0.973,0.108,0.73,0.302,0.839,0.757,0.855,0.962,0.939,0.966,0.962,0.656,0.681,0.588
0.712,0.712,0.686,0.686,0.625,0.167,0.551,0.454,0.156,0.533,0.454,0.581,0.426,0.625,0.581,0.454,0.426,0.625,0.8,0.426,0.654,0.564,0.654,0.415,0.426,0.551,0.415,0.454,0.423,0.533,0.423,0.564,0.924,0.434,0.579,0.434,0.005,0.579,0.924,0.005,0.184,0.434,0.022,0.762,0.434,0.005,0.682,0.022,0.498,0.022,0.174,0.197,0.09,0.903,0.001,0.903,0.896,0.016,0.016,0.016,0.598,0.001,0.896,0.001,0.09,0.598,0.42,0.665,0.42,0.159,0.159,0.159,0.221,0.352,0.767,0.227,0.068,0.662,0.047,0.068,0.174,0.352,0.001,0.309,0.791,0.001,0.047,0.205,0.18,0.715,0.352,0.745,0.223,0.314,0.103,0.001,0.92,0.103,0.103,0.205,0.096,0.001,0.889,0.096,0.096,0.701,0.166,0.04,0.04,0.045,0.187,0.547,0.735,0.513,0.276,0.796,0.625,0.001,0.682,0.547,0.173,0.643,0.407,0.632,0.14,0.059,0.681,0.375,0.059,0.621,0.482,0.004,0.489,0.15,0.568,0.005,0.329,0.067,0.44,0.005,0.004,0.7,0.58,0.275,0.004,0.576,0.004,0.005,0.563,0.274,0.192,0.194,0.003,0.738,0.003,0.472,0.012,0.207,0.014,0.188,0.014,0.003,0.002,0.005,0.004,0.017,0.019,0.039
0.005,0.005,0.005,0.005,0.696,0.902,0.021,0.033,0.913,0.038,0.033,0.021,0.019,0.696,0.021,0.033,0.019,0.696,0.173,0.019,0.016,0.038,0.016,0.018,0.019,0.021,0.018,0.033,0.03,0.038,0.03,0.038,0.014,0.022,0.034,0.022,0.598,0.034,0.014,0.598,0.333,0.022,0.663,0.229,0.022,0.598,0.202,0.663,0.944,0.663,0.92,0.232,0.408,0.016,0.533,0.016,0.016,0.586,0.586,0.586,0.037,0.533,0.016,0.533,0.408,0.037,0.021,0.937,0.021,0.211,0.211,0.211,0.435,0.323,0.24,0.123,0.341,0.978,0.337,0.341,0.182,0.323,0.358,0.197,0.975,0.358,0.337,0.135,0.23,0.975,0.323,0.275,0.126,0.182,0.185,0.358,0.47,0.185,0.185,0.134,0.203,0.211,0.962,0.203,0.203,0.969,0.227,0.869,0.869,0.839,0.964,0.535,0.103,0.655,0.247,0.972,0.847,0.212,0.092,0.535,0.206,0.093,0.885,0.092,0.245,0.885,0.961,0.495,0.885,0.717,0.13,0.256,0.12,0.961,0.972,0.399,0.449,0.858,0.463,0.399,0.38,0.63,0.223,0.437,0.38,0.982,0.38,0.399,0.223,0.328,0.561,0.454,0.627,0.981,0.63,0.199,0.727,0.305,0.91,0.445,0.887,0.632,0.675,0.6,0.637,0.864,0.925,0.607
0.362,0.362,0.361,0.361,0.196,0.676,0.336,0.141,0.68,0.213,0.141,0.227,0.24,0.196,0.227,0.141,0.24,0.196,0.14,0.24,0.128,0.117,0.128,0.225,0.24,0.336,0.225,0.141,0.13,0.213,0.13,0.117,0.247,0.09,0.095,0.09,0.311,0.095,0.247,0.311,0.608,0.09,0.255,0.438,0.09,0.311,0.113,0.255,0.746,0.255,0.514,0.63,0.188,0.221,0.35,0.221,0.224,0.267,0.267,0.267,0.101,0.35,0.224,0.35,0.188,0.101,0.072,0.844,0.072,0.02,0.02,0.02,0.465,0.267,0.418,0.288,0.177,0.148,0.361,0.177,0.338,0.267,0.268,0.238,0.875,0.268,0.361,0.287,0.358,0.136,0.267,0.492,0.288,0.23,0.194,0.268,0.116,0.194,0.194,0.288,0.289,0.574,0.114,0.289,0.289,0.205,0.308,0.496,0.496,0.537,0.627,0.135,0.485,0.18,0.241,0.096,0.091,0.476,0.625,0.135,0.309,0.534,0.081,0.425,0.376,0.678,0.231,0.04,0.678,0.091,0.464,0.145,0.455,0.487,0.05,0.64,0.024,0.673,0.086,0.64,0.679,0.092,0.319,0.054,0.679,0.037,0.679,0.64,0.314,0.059,0.036,0.049,0.132,0.043,0.103,0.392,0.197,0.047,0.227,0.037,0.224,0.128,0.098,0.095,0.097,0.122,0.128,0.119
0.874,0.874,0.83,0.83,0.306,0.962,0.8,0.809,0.959,0.907,0.809,0.826,0.825,0.306,0.826,0.809,0.825,0.306,0.02,0.825,0.503,0.91,0.503,0.86,0.825,0.8,0.86,0.809,0.828,0.907,0.828,0.91,0.281,0.595,0.514,0.595,0.552,0.514,0.281,0.552,0.859,0.595,0.568,0.28,0.595,0.552,0.026,0.568,0.373,0.568,0.905,0.867,0.846,0.602,0.355,0.602,0.629,0.545,0.545,0.545,0.653,0.355,0.629,0.355,0.846,0.653,0.629,0.337,0.629,0.691,0.691,0.691,0.96,0.453,0.256,0.583,0.679,0.373,0.696,0.679,0.722,0.453,0.788,0.632,0.343,0.788,0.696,0.6,0.763,0.58,0.453,0.249,0.585,0.607,0.603,0.788,0.01,0.603,0.603,0.607,0.584,0.808,0.388,0.584,0.584,0.354,0.702,0.056,0.056,0.034,0.04,0.028,0.901,0.04,0.732,0.594,0.927,0.796,0.909,0.028,0.685,0.829,0.911,0.89,0.661,0.055,0.663,0.457,0.055,0.184,0.875,0.781,0.88,0.038,0.73,0.806,0.583,0.031,0.372,0.806,0.797,0.93,0.452,0.282,0.797,0.696,0.797,0.806,0.467,0.306,0.33,0.27,0.517,0.635,0.403,0.504,0.845,0.279,0.52,0.293,0.447,0.479,0.45,0.465,0.507,0.695,0.786,0.949
0.417,0.417,0.377,0.377,0.49,0.967,0.333,0.309,0.968,0.252,0.309,0.351,0.283,0.49,0.351,0.309,0.283,0.49,0.015,0.283,0.305,0.271,0.305,0.293,0.283,0.333,0.293,0.309,0.315,0.252,0.315,0.271,0.097,0.26,0.291,0.26,0.414,0.291,0.097,0.414,0.088,0.26,0.485,0.181,0.26,0.414,0.021,0.485,0.8,0.485,0.957,0.084,0.852,0.14,0.626,0.14,0.144,0.693,0.693,0.693,0.227,0.626,0.144,0.626,0.852,0.227,0.267,0.845,0.267,0.779,0.779,0.779,0.074,0.224,0.13,0.147,0.889,0.351,0.932,0.889,0.172,0.224,0.656,0.186,0.808,0.656,0.932,0.153,0.155,0.325,0.224,0.134,0.144,0.189,0.774,0.656,0.036,0.774,0.774,0.151,0.827,0.913,0.413,0.827,0.827,0.41,0.134,0.007,0.007,0.014,0.013,0.004,0.287,0.005,0.167,0.445,0.29,0.812,0.271,0.004,0.132,0.284,0.321,0.322,0.126,0.004,0.314,0.775,0.004,0.01,0.379,0.849,0.341,0.014,0.572,0.692,0.688,0.006,0.948,0.692,0.777,0.23,0.725,0.731,0.777,0.57,0.777,0.692,0.736,0.788,0.609,0.786,0.97,0.584,0.905,0.617,0.924,0.861,0.919,0.772,0.909,0.941,0.941,0.788,0.871,0.75,0.743,0.722
0.772,0.772,0.681,0.681,0.284,0.746,0.52,0.42,0.754,0.311,0.42,0.491,0.391,0.284,0.491,0.42,0.391,0.284,0.194,0.391,0.77,0.327,0.77,0.419,0.391,0.52,0.419,0.42,0.464,0.311,0.464,0.327,0.949,0.356,0.581,0.356,0.444,0.581,0.949,0.444,0.93,0.356,0.345,0.437,0.356,0.444,0.608,0.345,0.639,0.345,0.633,0.947,0.627,0.97,0.567,0.97,0.968,0.383,0.383,0.383,0.368,0.567,0.968,0.567,0.627,0.368,0.435,0.809,0.435,0.09,0.09,0.09,0.953,0.302,0.468,0.823,0.408,0.631,0.42,0.408,0.951,0.302,0.622,0.899,0.802,0.622,0.42,0.823,0.969,0.676,0.302,0.428,0.782,0.889,0.163,0.622,0.8,0.163,0.163,0.84,0.095,0.476,0.644,0.095,0.095,0.417,0.796,0.454,0.454,0.472,0.485,0.852,0.516,0.742,0.881,0.62,0.179,0.501,0.412,0.852,0.807,0.416,0.189,0.629,0.973,0.635,0.354,0.138,0.635,0.806,0.595,0.598,0.676,0.636,0.085,0.537,0.314,0.706,0.177,0.537,0.597,0.261,0.172,0.67,0.597,0.134,0.597,0.537,0.171,0.721,0.657,0.717,0.381,0.168,0.294,0.16,0.914,0.724,0.957,0.657,0.963,0.389,0.289,0.588,0.493,0.594,0.73,0.717
0.755,0.755,0.774,0.774,0.229,0.023,0.681,0.506,0.023,0.523,0.506,0.666,0.567,0.229,0.666,0.506,0.567,0.229,0.869,0.567,0.761,0.46,0.761,0.575,0.567,0.681,0.575,0.506,0.54,0.523,0.54,0.46,0.981,0.59,0.654,0.59,0.935,0.654,0.981,0.935,0.066,0.59,0.876,0.914,0.59,0.935,0.664,0.876,0.975,0.876,0.024,0.072,0.516,0.975,0.934,0.975,0.98,0.866,0.866,0.866,0.367,0.934,0.98,0.934,0.516,0.367,0.486,0.942,0.486,0.747,0.747,0.747,0.068,0.512,0.893,0.106,0.208,0.153,0.259,0.208,0.078,0.512,0.472,0.063,0.992,0.472,0.259,0.096,0.111,0.182,0.512,0.881,0.102,0.071,0.475,0.472,0.459,0.475,0.475,0.094,0.482,0.332,0.073,0.482,0.482,0.19,0.098,0.974,0.974,0.866,0.987,0.719,0.711,0.602,0.091,0.069,0.087,0.241,0.621,0.719,0.097,0.629,0.103,0.844,0.091,0.984,0.22,0.166,0.984,0.852,0.697,0.354,0.684,0.957,0.213,0.379,0.141,0.898,0.194,0.379,0.5,0.322,0.27,0.117,0.5,0.117,0.5,0.379,0.27,0.125,0.125,0.148,0.359,0.076,0.348,0.295,0.518,0.151,0.511,0.101,0.49,0.366,0.346,0.352,0.344,0.717,0.797,0.636
0.777,0.777,0.615,0.615,0.47,0.85,0.523,0.934,0.838,0.713,0.934,0.561,0.909,0.47,0.561,0.934,0.909,0.47,0.82,0.909,0.468,0.764,0.468,0.919,0.909,0.523,0.919,0.934,0.902,0.713,0.902,0.764,0.856,0.952,0.554,0.952,0.111,0.554,0.856,0.111,0.961,0.952,0.34,0.481,0.952,0.111,0.87,0.34,0.287,0.34,0.676,0.977,0.537,0.932,0.18,0.932,0.922,0.328,0.328,0.328,0.731,0.18,0.922,0.18,0.537,0.731,0.886,0.228,0.886,0.32,0.32,0.32,0.748,0.309,0.387,0.776,0.462,0.169,0.402,0.462,0.967,0.309,0.618,0.78,0.234,0.618,0.402,0.758,0.95,0.138,0.309,0.367,0.774,0.775,0.206,0.618,0.912,0.206,0.206,0.761,0.191,0.304,0.187,0.191,0.191,0.226,0.757,0.296,0.296,0.319,0.337,0.696,0.647,0.688,0.827,0.145,0.067,0.306,0.81,0.696,0.773,0.814,0.062,0.245,0.964,0.325,0.235,0.122,0.325,0.902,0.278,0.699,0.272,0.617,0.135,0.47,0.108,0.348,0.16,0.47,0.443,0.24,0.132,0.693,0.443,0.104,0.443,0.47,0.132,0.336,0.682,0.293,0.219,0.104,0.204,0.122,0.699,0.31,0.789,0.646,0.801,0.235,0.197,0.212,0.198,0.44,0.447,0.413
0.253,0.253,0.258,0.258,0.866,0.656,0.185,0.194,0.85,0.155,0.194,0.199,0.154,0.866,0.199,0.194,0.154,0.866,0.772,0.154,0.308,0.166,0.308,0.162,0.154,0.185,0.162,0.194,0.207,0.155,0.207,0.166,0.116,0.161,0.262,0.161,0.878,0.262,0.116,0.878,0.794,0.161,0.902,0.158,0.161,0.878,0.778,0.902,0.395,0.902,0.769,0.76,0.97,0.072,0.616,0.072,0.069,0.787,0.787,0.787,0.172,0.616,0.069,0.616,0.97,0.172,0.17,0.384,0.17,0.971,0.971,0.971,0.692,0.827,0.149,0.69,0.918,0.521,0.911,0.918,0.572,0.827,0.909,0.489,0.366,0.909,0.911,0.679,0.581,0.441,0.827,0.144,0.674,0.481,0.994,0.909,0.168,0.994,0.994,0.674,0.992,0.81,0.505,0.992,0.992,0.486,0.717,0.544,0.544,0.469,0.927,0.403,0.469,0.637,0.484,0.434,0.711,0.853,0.399,0.403,0.667,0.406,0.78,0.447,0.572,0.237,0.567,0.214,0.237,0.434,0.366,0.906,0.371,0.666,0.502,0.602,0.201,0.19,0.25,0.602,0.602,0.396,0.474,0.094,0.602,0.488,0.602,0.602,0.472,0.085,0.098,0.089,0.481,0.478,0.525,0.42,0.614,0.087,0.638,0.089,0.514,0.483,0.531,0.57,0.562,0.713,0.748,0.832
0.258,0.258,0.364,0.364,0.987,0.509,0.673,0.402,0.565,0.564,0.402,0.601,0.513,0.987,0.601,0.402,0.513,0.987,0.62,0.513,0.256,0.658,0.256,0.536,0.513,0.673,0.536,0.402,0.434,0.564,0.434,0.658,0.459,0.637,0.727,0.637,0.338,0.727,0.459,0.338,0.591,0.637,0.624,0.537,0.637,0.338,0.867,0.624,0.353,0.624,0.85,0.695,0.945,0.591,0.358,0.591,0.554,0.695,0.695,0.695,0.65,0.358,0.554,0.358,0.945,0.65,0.648,0.44,0.648,0.936,0.936,0.936,0.68,0.966,0.511,0.443,0.582,0.104,0.472,0.582,0.736,0.966,0.995,0.621,0.608,0.995,0.472,0.457,0.786,0.186,0.966,0.615,0.476,0.619,0.583,0.995,0.84,0.583,0.583,0.492,0.382,0.738,0.142,0.382,0.382,0.09,0.548,0.999,0.999,0.994,0.918,0.857,0.32,0.862,0.694,0.277,0.396,0.865,0.296,0.857,0.544,0.298,0.418,0.435,0.729,0.991,0.118,0.804,0.991,0.685,0.334,0.994,0.352,0.917,0.143,0.627,0.831,0.939,0.921,0.627,0.493,0.255,0.464,0.771,0.493,0.615,0.493,0.627,0.45,0.581,0.798,0.525,0.986,0.614,0.959,0.399,0.055,0.502,0.087,0.833,0.103,0.963,0.946,0.924,0.945,0.146,0.145,0.197
0.205,0.205,0.19,0.19,0.789,0.965,0.209,0.201,0.965,0.128,0.201,0.232,0.153,0.789,0.232,0.201,0.153,0.789,0.711,0.153,0.176,0.186,0.176,0.176,0.153,0.209,0.176,0.201,0.22,0.128,0.22,0.186,0.065,0.125,0.224,0.125,0.147,0.224,0.065,0.147,0.415,0.125,0.068,0.224,0.125,0.147,0.439,0.068,0.379,0.068,0.955,0.42,0.032,0.123,0.056,0.123,0.126,0.014,0.014,0.014,0.115,0.056,0.126,0.056,0.032,0.115,0.166,0.515,0.166,0.115,0.115,0.115,0.605,0.462,0.201,0.77,0.039,0.653,0.096,0.039,0.347,0.462,0.328,0.811,0.501,0.328,0.096,0.785,0.302,0.673,0.462,0.2,0.787,0.795,0.184,0.328,0.505,0.184,0.184,0.804,0.185,0.603,0.587,0.185,0.185,0.521,0.678,0.116,0.116,0.285,0.856,0.866,0.17,0.774,0.72,0.577,0.803,0.448,0.168,0.866,0.688,0.149,0.709,0.173,0.432,0.226,0.437,0.247,0.226,0.706,0.192,0.162,0.186,0.846,0.666,0.232,0.169,0.52,0.296,0.232,0.296,0.765,0.414,0.573,0.296,0.7,0.296,0.232,0.426,0.43,0.797,0.517,0.326,0.534,0.386,0.411,0.414,0.582,0.562,0.697,0.622,0.346,0.349,0.484,0.431,0.595,0.595,0.409
0.721,0.721,0.731,0.731,0.916,0.916,0.48,0.79,0.914,1.0,0.79,0.485,0.689,0.916,0.485,0.79,0.689,0.916,0.912,0.689,0.748,1.0,0.748,0.716,0.689,0.48,0.716,0.79,0.855,1.0,0.855,1.0,0.982,0.714,0.505,0.714,0.992,0.505,0.982,0.992,0.443,0.714,0.979,0.102,0.714,0.992,0.975,0.979,0.263,0.979,0.831,0.438,0.62,0.987,0.991,0.987,0.988,0.992,0.992,0.992,0.999,0.991,0.988,0.991,0.62,0.999,0.794,0.208,0.794,0.614,0.614,0.614,0.373,0.895,0.086,0.247,0.885,0.61,0.846,0.885,0.509,0.895,0.784,0.361,0.194,0.784,0.846,0.256,0.51,0.546,0.895,0.092,0.257,0.346,0.708,0.784,0.359,0.708,0.708,0.261,0.818,0.845,0.679,0.818,0.818,0.374,0.266,0.498,0.498,0.485,0.823,0.729,0.18,0.72,0.345,0.694,0.916,0.878,0.137,0.729,0.266,0.136,0.93,0.152,0.446,0.552,0.47,0.107,0.552,0.374,0.124,0.753,0.122,0.75,0.914,0.833,0.107,0.542,0.126,0.833,0.776,0.879,0.722,0.031,0.776,0.943,0.776,0.833,0.68,0.022,0.019,0.04,0.218,0.948,0.233,0.796,0.224,0.033,0.202,0.021,0.196,0.219,0.227,0.223,0.216,0.323,0.343,0.268
0.916,0.916,0.873,0.873,0.848,0.021,0.924,0.929,0.02,0.646,0.929,0.907,0.87,0.848,0.907,0.929,0.87,0.848,0.649,0.87,0.903,0.696,0.903,0.899,0.87,0.924,0.899,0.929,0.94,0.646,0.94,0.696,0.477,0.922,0.89,0.922,0.494,0.89,0.477,0.494,0.022,0.922,0.469,0.588,0.922,0.494,0.58,0.469,0.56,0.469,0.023,0.022,0.091,0.59,0.357,0.59,0.592,0.189,0.189,0.189,0.732,0.357,0.592,0.357,0.091,0.732,0.952,0.813,0.952,0.045,0.045,0.045,0.024,0.907,0.501,0.041,0.36,0.364,0.384,0.36,0.025,0.907,0.252,0.028,0.848,0.252,0.384,0.035,0.029,0.397,0.907,0.495,0.042,0.026,0.04,0.252,0.447,0.04,0.04,0.036,0.027,0.336,0.455,0.027,0.027,0.412,0.036,0.513,0.513,0.431,0.292,0.966,0.945,0.962,0.029,0.502,0.387,0.438,0.916,0.966,0.042,0.915,0.386,0.976,0.03,0.689,0.512,0.959,0.689,0.923,0.852,0.171,0.861,0.553,0.267,0.555,0.988,0.617,0.973,0.555,0.668,0.382,0.286,0.943,0.668,0.151,0.668,0.555,0.316,0.919,0.952,0.924,0.929,0.157,0.931,0.32,0.93,0.897,0.918,0.94,0.943,0.925,0.919,0.945,0.94,0.922,0.916,0.864
0.778,0.778,0.768,0.768,0.305,0.249,0.613,0.515,0.24,0.491,0.515,0.652,0.662,0.305,0.652,0.515,0.662,0.305,0.545,0.662,0.682,0.53,0.682,0.612,0.662,0.613,0.612,0.515,0.527,0.491,0.527,0.53,0.561,0.507,0.561,0.507,0.224,0.561,0.561,0.224,0.602,0.507,0.115,0.435,0.507,0.224,0.577,0.115,0.875,0.115,0.303,0.615,0.286,0.474,0.095,0.474,0.474,0.027,0.027,0.027,0.462,0.095,0.474,0.095,0.286,0.462,0.49,0.873,0.49,0.239,0.239,0.239,0.728,0.716,0.36,0.847,0.329,0.831,0.319,0.329,0.845,0.716,0.423,0.862,0.862,0.423,0.319,0.849,0.843,0.717,0.716,0.362,0.835,0.843,0.368,0.423,0.94,0.368,0.368,0.839,0.385,0.356,0.846,0.385,0.385,0.901,0.881,0.233,0.233,0.17,0.231,0.782,0.369,0.691,0.904,0.742,0.249,0.315,0.272,0.782,0.873,0.236,0.235,0.465,0.884,0.328,0.899,0.89,0.328,0.613,0.294,0.417,0.274,0.125,0.388,0.366,0.9,0.279,0.9,0.366,0.351,0.293,0.288,0.937,0.351,0.242,0.351,0.366,0.276,0.98,0.898,0.965,0.956,0.238,0.894,0.234,0.205,0.972,0.119,0.885,0.117,0.919,0.965,0.898,0.969,0.151,0.147,0.164
0.559,0.559,0.617,0.617,0.804,0.123,0.633,0.866,0.115,0.618,0.866,0.59,0.854,0.804,0.59,0.866,0.854,0.804,0.116,0.854,0.494,0.701,0.494,0.812,0.854,0.633,0.812,0.866,0.869,0.618,0.869,0.701,0.432,0.851,0.697,0.851,0.417,0.697,0.432,0.417,0.731,0.851,0.438,0.947,0.851,0.417,0.148,0.438,0.934,0.438,0.155,0.776,0.512,0.5,0.314,0.5,0.519,0.303,0.303,0.303,0.595,0.314,0.519,0.314,0.512,0.595,0.837,0.897,0.837,0.427,0.427,0.427,0.618,0.712,0.803,0.813,0.533,0.751,0.529,0.533,0.767,0.712,0.63,0.766,0.885,0.63,0.529,0.844,0.792,0.789,0.712,0.826,0.803,0.745,0.275,0.63,0.676,0.275,0.275,0.786,0.37,0.614,0.694,0.37,0.37,0.798,0.819,0.621,0.621,0.723,0.522,0.801,0.457,0.815,0.772,0.707,0.518,0.615,0.352,0.801,0.805,0.348,0.552,0.646,0.828,0.603,0.811,0.486,0.603,0.999,0.453,0.581,0.483,0.471,0.667,0.637,0.524,0.76,0.517,0.637,0.698,0.811,0.264,0.868,0.698,0.756,0.698,0.637,0.266,0.928,0.943,0.918,0.44,0.744,0.467,0.275,0.748,0.916,0.493,0.916,0.52,0.465,0.433,0.466,0.452,0.662,0.608,0.872
0.402,0.402,0.378,0.378,0.686,0.059,0.33,0.276,0.075,0.222,0.276,0.342,0.261,0.686,0.342,0.276,0.261,0.686,0.45,0.261,0.407,0.255,0.407,0.259,0.261,0.33,0.259,0.276,0.279,0.222,0.279,0.255,0.136,0.286,0.362,0.286,0.713,0.362,0.136,0.713,0.105,0.286,0.586,0.652,0.286,0.713,0.308,0.586,0.585,0.586,0.07,0.103,0.918,0.156,0.672,0.156,0.158,0.739,0.739,0.739,0.246,0.672,0.158,0.672,0.918,0.246,0.287,0.475,0.287,0.999,0.999,0.999,0.1,0.66,0.619,0.076,0.992,0.808,0.947,0.992,0.083,0.66,0.863,0.073,0.441,0.863,0.947,0.075,0.082,0.846,0.66,0.62,0.076,0.09,0.996,0.863,0.381,0.996,0.996,0.067,0.954,0.878,0.833,0.954,0.954,0.843,0.081,0.416,0.416,0.41,0.459,0.23,0.41,0.329,0.095,0.882,0.859,0.875,0.687,0.23,0.073,0.59,0.86,0.6,0.097,0.271,0.895,0.192,0.271,0.392,0.675,0.831,0.669,0.252,0.908,0.668,0.194,0.281,0.191,0.668,0.733,0.884,0.489,0.083,0.733,0.924,0.733,0.668,0.493,0.097,0.119,0.131,0.285,0.936,0.515,0.543,0.496,0.149,0.635,0.14,0.691,0.28,0.493,0.51,0.508,0.769,0.722,0.683
0.464,0.464,0.761,0.761,0.127,0.397,0.864,0.395,0.659,0.551,0.395,0.45,0.819,0.127,0.45,0.395,0.819,0.127,0.137,0.819,0.522,0.312,0.522,0.719,0.819,0.864,0.719,0.395,0.361,0.551,0.361,0.312,0.773,0.303,0.38,0.303,0.153,0.38,0.773,0.153,0.617,0.303,0.225,0.619,0.303,0.153,0.24,0.225,0.389,0.225,0.747,0.541,0.419,0.709,0.103,0.709,0.699,0.17,0.17,0.17,0.274,0.103,0.699,0.103,0.419,0.274,0.289,0.671,0.289,0.709,0.709,0.709,0.518,0.042,0.705,0.955,0.386,0.484,0.36,0.386,0.981,0.042,0.403,0.926,0.553,0.403,0.36,0.906,0.984,0.513,0.042,0.691,0.93,0.944,0.619,0.403,0.109,0.619,0.619,0.903,0.733,0.338,0.576,0.733,0.733,0.421,0.981,0.038,0.038,0.042,0.038,0.093,0.979,0.099,0.963,0.714,0.475,0.362,0.983,0.093,0.97,0.972,0.439,0.987,0.978,0.028,0.336,0.211,0.028,0.108,0.979,0.423,0.974,0.034,0.42,0.398,0.265,0.03,0.205,0.398,0.35,0.919,0.055,0.24,0.35,0.544,0.35,0.398,0.056,0.183,0.235,0.158,0.35,0.605,0.488,0.035,0.485,0.162,0.51,0.21,0.548,0.364,0.46,0.45,0.436,0.742,0.729,0.62
0.007,0.007,0.006,0.006,0.397,0.757,0.004,0.011,0.823,0.013,0.011,0.004,0.012,0.397,0.004,0.011,0.012,0.397,0.715,0.012,0.012,0.012,0.012,0.012,0.012,0.004,0.012,0.011,0.013,0.013,0.013,0.012,0.006,0.01,0.014,0.01,0.502,0.014,0.006,0.502,0.071,0.01,0.338,0.397,0.01,0.502,0.61,0.338,0.624,0.338,0.929,0.071,0.31,0.002,0.431,0.002,0.002,0.259,0.259,0.259,0.012,0.431,0.002,0.431,0.31,0.012,0.011,0.641,0.011,0.181,0.181,0.181,0.134,0.306,0.306,0.135,0.101,0.758,0.093,0.101,0.21,0.306,0.408,0.2,0.612,0.408,0.093,0.136,0.21,0.805,0.306,0.273,0.137,0.197,0.077,0.408,0.757,0.077,0.077,0.136,0.108,0.146,0.713,0.108,0.108,0.596,0.184,0.519,0.519,0.494,0.283,0.244,0.045,0.238,0.284,0.846,0.944,0.154,0.032,0.244,0.18,0.024,0.976,0.053,0.288,0.634,0.671,0.773,0.634,0.565,0.058,0.35,0.053,0.293,0.885,0.054,0.786,0.59,0.798,0.054,0.117,0.726,0.852,0.878,0.117,0.956,0.117,0.054,0.82,0.939,0.705,0.919,0.871,0.91,0.793,0.668,0.898,0.902,0.92,0.618,0.905,0.869,0.839,0.862,0.863,0.768,0.846,0.987
0.71,0.71,0.737,0.737,0.064,0.061,0.827,0.727,0.064,0.623,0.727,0.818,0.751,0.064,0.818,0.727,0.751,0.064,0.774,0.751,0.843,0.672,0.843,0.748,0.751,0.827,0.748,0.727,0.744,0.623,0.744,0.672,0.415,0.628,0.694,0.628,0.015,0.694,0.415,0.015,0.19,0.628,0.31,0.386,0.628,0.015,0.939,0.31,0.161,0.31,0.079,0.128,0.228,0.364,0.012,0.364,0.354,0.474,0.474,0.474,0.474,0.012,0.354,0.012,0.228,0.474,0.58,0.084,0.58,0.319,0.319,0.319,0.09,0.121,0.542,0.069,0.114,0.261,0.068,0.114,0.093,0.121,0.175,0.089,0.164,0.175,0.068,0.07,0.087,0.313,0.121,0.565,0.072,0.089,0.23,0.175,0.909,0.23,0.23,0.074,0.297,0.055,0.259,0.297,0.297,0.375,0.06,0.343,0.343,0.407,0.864,0.786,0.414,0.77,0.072,0.442,0.49,0.071,0.364,0.786,0.061,0.343,0.822,0.207,0.067,0.094,0.31,0.764,0.094,0.79,0.141,0.161,0.148,0.329,0.373,0.107,0.772,0.115,0.77,0.107,0.063,0.636,0.525,0.833,0.063,0.391,0.063,0.107,0.525,0.729,0.747,0.678,0.743,0.48,0.705,0.492,0.974,0.618,0.898,0.752,0.907,0.799,0.773,0.77,0.805,0.677,0.685,0.721
0.387,0.387,0.381,0.381,0.253,0.282,0.382,0.332,0.42,0.354,0.332,0.385,0.333,0.253,0.385,0.332,0.333,0.253,0.431,0.333,0.438,0.303,0.438,0.327,0.333,0.382,0.327,0.332,0.312,0.354,0.312,0.303,0.48,0.355,0.396,0.355,0.141,0.396,0.48,0.141,0.377,0.355,0.202,0.31,0.355,0.141,0.597,0.202,0.737,0.202,0.217,0.388,0.488,0.691,0.439,0.691,0.721,0.595,0.595,0.595,0.326,0.439,0.721,0.439,0.488,0.326,0.317,0.393,0.317,0.444,0.444,0.444,0.627,0.021,0.227,0.278,0.799,0.318,0.795,0.799,0.43,0.021,0.382,0.346,0.578,0.382,0.795,0.263,0.433,0.335,0.021,0.325,0.276,0.337,0.231,0.382,0.096,0.231,0.231,0.255,0.236,0.657,0.358,0.236,0.236,0.607,0.361,0.569,0.569,0.561,0.331,0.025,0.417,0.032,0.428,0.364,0.866,0.655,0.445,0.025,0.376,0.468,0.732,0.362,0.549,0.326,0.601,0.681,0.326,0.017,0.341,0.465,0.362,0.152,0.569,0.656,0.745,0.435,0.473,0.656,0.647,0.749,0.433,0.273,0.647,0.491,0.647,0.656,0.428,0.243,0.323,0.401,0.719,0.601,0.685,0.376,0.464,0.472,0.536,0.381,0.492,0.708,0.765,0.724,0.807,0.236,0.235,0.456
0.405,0.405,0.373,0.373,0.464,0.963,0.317,0.299,0.963,0.228,0.299,0.337,0.277,0.464,0.337,0.299,0.277,0.464,0.33,0.277,0.369,0.254,0.369,0.279,0.277,0.317,0.279,0.299,0.301,0.228,0.301,0.254,0.114,0.278,0.314,0.278,0.37,0.314,0.114,0.37,0.628,0.278,0.352,0.153,0.278,0.37,0.334,0.352,0.399,0.352,0.948,0.622,0.387,0.165,0.447,0.165,0.167,0.441,0.441,0.441,0.231,0.447,0.167,0.447,0.387,0.231,0.273,0.295,0.273,0.482,0.482,0.482,0.76,0.241,0.096,0.737,0.319,0.276,0.316,0.319,0.483,0.241,0.248,0.685,0.31,0.248,0.316,0.741,0.45,0.299,0.241,0.102,0.796,0.706,0.32,0.248,0.267,0.32,0.32,0.79,0.304,0.36,0.27,0.304,0.304,0.328,0.776,0.475,0.475,0.248,0.34,0.324,0.403,0.131,0.728,0.341,0.69,0.238,0.288,0.324,0.82,0.287,0.783,0.324,0.434,0.475,0.487,0.68,0.475,0.355,0.314,0.44,0.304,0.427,0.601,0.094,0.492,0.299,0.557,0.094,0.19,0.932,0.148,0.536,0.19,0.295,0.19,0.094,0.152,0.464,0.186,0.299,0.363,0.33,0.302,0.157,0.403,0.378,0.406,0.314,0.386,0.342,0.324,0.297,0.318,0.372,0.398,0.372
0.576,0.576,0.57,0.57,0.564,0.075,0.609,0.424,0.071,0.401,0.424,0.594,0.414,0.564,0.594,0.424,0.414,0.564,0.038,0.414,0.466,0.407,0.466,0.47,0.414,0.609,0.47,0.424,0.466,0.401,0.466,0.407,0.426,0.343,0.535,0.343,0.222,0.535,0.426,0.222,0.049,0.343,0.148,0.064,0.343,0.222,0.041,0.148,0.188,0.148,0.078,0.048,0.407,0.374,0.453,0.374,0.372,0.392,0.392,0.392,0.332,0.453,0.372,0.453,0.407,0.332,0.374,0.259,0.374,0.451,0.451,0.451,0.04,0.49,0.083,0.218,0.46,0.354,0.444,0.46,0.061,0.49,0.206,0.058,0.24,0.206,0.444,0.183,0.069,0.587,0.49,0.093,0.204,0.062,0.255,0.206,0.055,0.255,0.255,0.184,0.219,0.119,0.335,0.219,0.219,0.313,0.193,0.095,0.095,0.095,0.069,0.257,0.125,0.254,0.041,0.547,0.272,0.131,0.079,0.257,0.192,0.083,0.298,0.057,0.05,0.106,0.585,0.482,0.106,0.339,0.092,0.14,0.086,0.081,0.492,0.256,0.392,0.113,0.478,0.256,0.244,0.358,0.044,0.509,0.244,0.746,0.244,0.256,0.045,0.264,0.522,0.397,0.838,0.658,0.753,0.048,0.584,0.458,0.826,0.501,0.876,0.858,0.694,0.683,0.663,0.926,0.922,0.794
0.112,0.112,0.094,0.094,0.391,0.425,0.09,0.91,0.388,0.797,0.91,0.106,0.899,0.391,0.106,0.91,0.899,0.391,0.106,0.899,0.088,0.851,0.088,0.932,0.899,0.09,0.932,0.91,0.947,0.797,0.947,0.851,0.996,0.886,0.058,0.886,0.289,0.058,0.996,0.289,0.32,0.886,0.154,0.144,0.886,0.289,0.102,0.154,0.211,0.154,0.288,0.368,0.318,0.991,0.158,0.991,0.991,0.07,0.07,0.07,0.87,0.158,0.991,0.158,0.318,0.87,0.917,0.411,0.917,0.085,0.085,0.085,0.44,0.251,0.18,0.478,0.592,0.795,0.69,0.592,0.52,0.251,0.439,0.365,0.259,0.439,0.69,0.467,0.53,0.704,0.251,0.142,0.49,0.377,0.241,0.439,0.899,0.241,0.241,0.48,0.36,0.653,0.767,0.36,0.36,0.304,0.448,0.555,0.555,0.511,0.746,0.606,0.785,0.466,0.294,0.664,0.187,0.552,0.603,0.606,0.475,0.7,0.184,0.739,0.424,0.514,0.406,0.762,0.514,0.446,0.792,0.308,0.787,0.759,0.536,0.69,0.908,0.472,0.915,0.69,0.738,0.253,0.351,0.806,0.738,0.657,0.738,0.69,0.355,0.897,0.681,0.928,0.025,0.607,0.058,0.363,0.531,0.907,0.027,0.64,0.036,0.02,0.064,0.061,0.062,0.147,0.097,0.581
0.847,0.847,0.85,0.85,0.509,0.256,0.887,0.654,0.259,0.521,0.654,0.85,0.831,0.509,0.85,0.654,0.831,0.509,0.844,0.831,0.734,0.466,0.734,0.875,0.831,0.887,0.875,0.654,0.722,0.521,0.722,0.466,0.353,0.688,0.81,0.688,0.885,0.81,0.353,0.885,0.646,0.688,0.807,0.365,0.688,0.885,0.648,0.807,0.362,0.807,0.225,0.587,0.774,0.251,0.756,0.251,0.248,0.657,0.657,0.657,0.461,0.756,0.248,0.756,0.774,0.461,0.752,0.34,0.752,0.465,0.465,0.465,0.506,0.532,0.375,0.929,0.895,0.806,0.862,0.895,0.762,0.532,0.626,0.703,0.315,0.626,0.862,0.92,0.79,0.869,0.532,0.356,0.922,0.708,0.623,0.626,0.843,0.623,0.623,0.916,0.624,0.834,0.733,0.624,0.624,0.737,0.852,0.951,0.951,0.937,0.807,0.9,0.729,0.864,0.69,0.836,0.402,0.871,0.622,0.9,0.859,0.622,0.337,0.762,0.802,0.962,0.797,0.744,0.962,0.976,0.54,0.729,0.554,0.801,0.982,0.404,0.97,0.943,0.836,0.404,0.401,0.536,0.103,0.926,0.401,0.78,0.401,0.404,0.103,0.828,0.823,0.796,0.937,0.807,0.938,0.098,0.995,0.72,0.992,0.745,0.988,0.969,0.894,0.995,0.988,0.938,0.969,0.816
0.4,0.4,0.311,0.311,0.969,0.464,0.162,0.115,0.468,0.062,0.115,0.178,0.086,0.969,0.178,0.115,0.086,0.969,0.999,0.086,0.392,0.074,0.392,0.081,0.086,0.162,0.081,0.115,0.118,0.062,0.118,0.074,0.685,0.077,0.182,0.077,0.963,0.182,0.685,0.963,0.325,0.077,0.938,0.041,0.077,0.963,1.0,0.938,0.258,0.938,0.502,0.352,0.985,0.657,0.949,0.657,0.625,0.888,0.888,0.888,0.072,0.949,0.625,0.949,0.985,0.072,0.054,0.264,0.054,0.964,0.964,0.964,0.505,0.992,0.049,0.335,0.853,0.152,0.916,0.853,0.628,0.992,0.99,0.44,0.26,0.99,0.916,0.295,0.662,0.229,0.992,0.046,0.321,0.447,0.762,0.99,0.961,0.762,0.762,0.32,0.771,0.868,0.145,0.771,0.771,0.189,0.277,0.878,0.878,0.877,0.774,0.911,0.141,0.84,0.404,0.213,0.59,0.78,0.174,0.911,0.269,0.183,0.564,0.196,0.599,0.84,0.218,0.678,0.84,0.867,0.214,0.965,0.197,0.858,0.335,0.913,0.676,0.848,0.78,0.913,0.966,0.181,0.241,0.733,0.966,0.589,0.966,0.913,0.237,0.564,0.683,0.435,0.893,0.606,0.77,0.204,0.704,0.391,0.594,0.583,0.555,0.836,0.821,0.782,0.822,0.733,0.712,0.755
0.87,0.87,0.858,0.858,0.416,0.818,0.733,0.682,0.78,0.897,0.682,0.852,0.749,0.416,0.852,0.682,0.749,0.416,0.06,0.749,0.899,0.788,0.899,0.788,0.749,0.733,0.788,0.682,0.702,0.897,0.702,0.788,0.699,0.682,0.648,0.682,0.702,0.648,0.699,0.702,0.336,0.682,0.837,0.409,0.682,0.702,0.152,0.837,0.332,0.837,0.657,0.33,0.847,0.507,0.507,0.507,0.477,0.675,0.675,0.675,0.69,0.507,0.477,0.507,0.847,0.69,0.695,0.278,0.695,0.544,0.544,0.544,0.417,0.562,0.265,0.518,0.887,0.255,0.851,0.887,0.327,0.562,0.533,0.565,0.269,0.533,0.851,0.515,0.319,0.338,0.562,0.32,0.511,0.573,0.764,0.533,0.08,0.764,0.764,0.481,0.729,0.644,0.238,0.729,0.729,0.249,0.496,0.037,0.037,0.03,0.205,0.309,0.54,0.313,0.583,0.31,0.324,0.679,0.498,0.309,0.51,0.498,0.338,0.47,0.323,0.014,0.338,0.041,0.014,0.334,0.467,0.689,0.46,0.08,0.334,0.721,0.042,0.01,0.034,0.721,0.766,0.403,0.773,0.588,0.766,0.31,0.766,0.721,0.788,0.452,0.784,0.433,0.136,0.292,0.108,0.909,0.141,0.659,0.204,0.764,0.206,0.154,0.114,0.105,0.105,0.278,0.277,0.165
0.228,0.228,0.219,0.219,0.979,0.996,0.224,0.22,0.999,0.124,0.22,0.245,0.18,0.979,0.245,0.22,0.18,0.979,0.471,0.18,0.233,0.181,0.233,0.185,0.18,0.224,0.185,0.22,0.226,0.124,0.226,0.181,0.073,0.199,0.252,0.199,0.456,0.252,0.073,0.456,0.351,0.199,0.53,0.379,0.199,0.456,0.38,0.53,0.438,0.53,0.996,0.361,0.659,0.113,0.303,0.113,0.118,0.43,0.43,0.43,0.155,0.303,0.118,0.303,0.659,0.155,0.211,0.235,0.211,0.428,0.428,0.428,0.482,0.979,0.342,0.874,0.756,0.429,0.743,0.756,0.312,0.979,0.657,0.89,0.224,0.657,0.743,0.859,0.312,0.454,0.979,0.251,0.883,0.918,0.453,0.657,0.989,0.453,0.453,0.848,0.522,0.679,0.446,0.522,0.522,0.381,0.829,0.904,0.904,0.846,0.881,0.998,0.946,0.996,0.844,0.453,0.265,0.75,0.837,0.998,0.812,0.897,0.31,0.916,0.39,0.87,0.301,0.751,0.87,0.993,0.512,0.796,0.558,0.795,0.239,0.618,0.775,0.842,0.602,0.618,0.539,0.53,0.463,0.775,0.539,0.355,0.539,0.618,0.468,0.688,0.921,0.828,0.379,0.356,0.317,0.387,0.255,0.704,0.399,0.851,0.409,0.368,0.302,0.28,0.291,0.343,0.322,0.392
0.628,0.628,0.605,0.605,0.962,0.311,0.516,0.409,0.294,0.524,0.409,0.558,0.392,0.962,0.558,0.409,0.392,0.962,0.908,0.392,0.6,0.56,0.6,0.418,0.392,0.516,0.418,0.409,0.412,0.524,0.412,0.56,0.3,0.436,0.566,0.436,0.393,0.566,0.3,0.393,0.854,0.436,0.643,0.439,0.436,0.393,0.841,0.643,0.299,0.643,0.83,0.713,0.456,0.403,0.227,0.403,0.39,0.461,0.461,0.461,0.59,0.227,0.39,0.227,0.456,0.59,0.472,0.339,0.472,0.39,0.39,0.39,0.829,0.967,0.374,0.981,0.168,0.3,0.076,0.168,0.938,0.967,0.746,0.888,0.36,0.746,0.076,0.962,0.951,0.267,0.967,0.381,0.98,0.931,0.1,0.746,0.956,0.1,0.1,0.961,0.079,0.169,0.316,0.079,0.079,0.87,0.949,0.658,0.658,0.7,0.735,0.943,0.443,0.948,0.868,0.271,0.342,0.225,0.652,0.943,0.912,0.633,0.233,0.408,0.938,0.409,0.942,0.858,0.409,0.915,0.757,0.712,0.703,0.511,0.695,0.326,0.803,0.47,0.802,0.326,0.166,0.645,0.492,0.589,0.166,0.154,0.166,0.326,0.489,0.835,0.668,0.898,0.832,0.142,0.69,0.449,0.241,0.901,0.117,0.633,0.124,0.694,0.823,0.703,0.852,0.069,0.068,0.135
0.311,0.311,0.299,0.299,0.927,0.814,0.955,0.823,0.786,0.841,0.823,0.942,0.874,0.927,0.942,0.823,0.874,0.927,0.834,0.874,0.191,0.77,0.191,0.746,0.874,0.955,0.746,0.823,0.696,0.841,0.696,0.77,0.455,0.765,0.877,0.765,0.942,0.877,0.455,0.942,0.264,0.765,0.927,0.746,0.765,0.942,0.808,0.927,0.732,0.927,0.764,0.301,0.939,0.349,0.918,0.349,0.341,0.937,0.937,0.937,0.711,0.918,0.341,0.918,0.939,0.711,0.604,0.729,0.604,0.996,0.996,0.996,0.477,0.983,0.818,0.513,0.729,0.853,0.902,0.729,0.468,0.983,0.905,0.57,0.706,0.905,0.902,0.481,0.526,0.79,0.983,0.831,0.525,0.649,0.945,0.905,0.389,0.945,0.945,0.472,0.844,0.942,0.781,0.844,0.844,0.815,0.464,0.667,0.667,0.768,0.559,0.556,0.495,0.562,0.639,0.692,0.89,0.924,0.518,0.556,0.466,0.492,0.807,0.48,0.561,0.498,0.83,0.731,0.498,0.451,0.474,0.973,0.435,0.632,0.801,0.965,0.864,0.518,0.893,0.965,0.981,0.555,0.514,0.788,0.981,0.977,0.981,0.965,0.573,0.926,0.973,0.958,0.707,0.971,0.633,0.584,0.804,0.941,0.687,0.984,0.683,0.544,0.636,0.597,0.605,0.527,0.538,0.483
0.84,0.84,0.82,0.82,0.542,0.272,0.64,0.532,0.245,0.893,0.532,0.733,0.568,0.542,0.733,0.532,0.568,0.542,0.24,0.568,0.782,0.882,0.782,0.497,0.568,0.64,0.497,0.532,0.526,0.893,0.526,0.882,0.878,0.535,0.624,0.535,0.339,0.624,0.878,0.339,0.338,0.535,0.279,0.613,0.535,0.339,0.187,0.279,0.241,0.279,0.142,0.324,0.464,0.958,0.454,0.958,0.951,0.408,0.408,0.408,0.939,0.454,0.951,0.454,0.464,0.939,0.615,0.222,0.615,0.224,0.224,0.224,0.513,0.519,0.569,0.465,0.362,0.724,0.351,0.362,0.577,0.519,0.25,0.569,0.205,0.25,0.351,0.453,0.569,0.761,0.519,0.541,0.471,0.58,0.227,0.25,0.406,0.227,0.227,0.46,0.204,0.208,0.4,0.204,0.204,0.587,0.368,0.29,0.29,0.19,0.06,0.226,0.438,0.106,0.508,0.521,0.688,0.211,0.453,0.226,0.377,0.45,0.811,0.402,0.566,0.278,0.66,0.444,0.278,0.148,0.433,0.251,0.414,0.049,0.605,0.249,0.465,0.179,0.313,0.249,0.231,0.833,0.967,0.467,0.231,0.478,0.231,0.249,0.963,0.49,0.757,0.605,0.678,0.624,0.566,0.936,0.116,0.584,0.032,0.702,0.024,0.665,0.637,0.543,0.62,0.039,0.048,0.084
0.939,0.939,0.943,0.943,0.517,0.31,0.593,0.659,0.348,0.606,0.659,0.668,0.597,0.517,0.668,0.659,0.597,0.517,0.58,0.597,0.817,0.621,0.817,0.579,0.597,0.593,0.579,0.659,0.616,0.606,0.616,0.621,0.849,0.533,0.633,0.533,0.372,0.633,0.849,0.372,0.555,0.533,0.415,0.063,0.533,0.372,0.522,0.415,0.079,0.415,0.313,0.627,0.472,0.638,0.22,0.638,0.639,0.257,0.257,0.257,0.729,0.22,0.639,0.22,0.472,0.729,0.554,0.106,0.554,0.294,0.294,0.294,0.565,0.662,0.105,0.723,0.247,0.306,0.199,0.247,0.581,0.662,0.58,0.81,0.09,0.58,0.199,0.704,0.632,0.382,0.662,0.101,0.719,0.834,0.074,0.58,0.736,0.074,0.074,0.675,0.061,0.189,0.25,0.061,0.061,0.305,0.655,0.59,0.59,0.704,0.488,0.965,0.267,0.918,0.781,0.317,0.237,0.198,0.201,0.965,0.686,0.201,0.306,0.257,0.709,0.675,0.394,0.37,0.675,0.921,0.188,0.457,0.178,0.645,0.346,0.422,0.362,0.753,0.277,0.422,0.32,0.131,0.834,0.4,0.32,0.194,0.32,0.422,0.836,0.502,0.496,0.511,0.276,0.197,0.243,0.81,0.382,0.36,0.371,0.355,0.373,0.285,0.242,0.251,0.245,0.481,0.439,0.468
0.511,0.511,0.546,0.546,0.94,0.783,0.643,0.435,0.705,0.613,0.435,0.537,0.499,0.94,0.537,0.435,0.499,0.94,0.096,0.499,0.455,0.569,0.455,0.496,0.499,0.643,0.496,0.435,0.426,0.613,0.426,0.569,0.595,0.304,0.408,0.304,0.216,0.408,0.595,0.216,0.393,0.304,0.099,0.787,0.304,0.216,0.058,0.099,0.725,0.099,0.402,0.398,0.404,0.527,0.408,0.527,0.485,0.235,0.235,0.235,0.393,0.408,0.485,0.408,0.404,0.393,0.324,0.569,0.324,0.083,0.083,0.083,0.389,0.87,0.402,0.558,0.357,0.764,0.288,0.357,0.649,0.87,0.675,0.699,0.56,0.675,0.288,0.566,0.634,0.779,0.87,0.378,0.523,0.664,0.153,0.675,0.165,0.153,0.153,0.536,0.179,0.444,0.85,0.179,0.179,0.796,0.502,0.16,0.16,0.177,0.494,0.901,0.751,0.943,0.564,0.798,0.679,0.499,0.773,0.901,0.47,0.774,0.687,0.376,0.613,0.215,0.851,0.946,0.215,0.701,0.507,0.431,0.505,0.661,0.781,0.534,0.861,0.269,0.904,0.534,0.574,0.588,0.566,0.938,0.574,0.765,0.574,0.534,0.577,0.902,0.83,0.762,0.982,0.782,0.96,0.7,0.221,0.801,0.106,0.907,0.101,0.981,0.98,0.922,0.949,0.174,0.156,0.183
0.335,0.335,0.269,0.269,0.463,0.713,0.157,0.173,0.762,0.073,0.173,0.193,0.128,0.463,0.193,0.173,0.128,0.463,0.6,0.128,0.405,0.098,0.405,0.129,0.128,0.157,0.129,0.173,0.178,0.073,0.178,0.098,0.527,0.14,0.235,0.14,0.136,0.235,0.527,0.136,0.693,0.14,0.102,0.648,0.14,0.136,0.447,0.102,0.892,0.102,0.921,0.55,0.13,0.479,0.07,0.479,0.475,0.046,0.046,0.046,0.116,0.07,0.475,0.07,0.13,0.116,0.171,0.922,0.171,0.291,0.291,0.291,0.387,0.487,0.709,0.562,0.249,0.829,0.264,0.249,0.825,0.487,0.195,0.669,0.912,0.195,0.264,0.549,0.83,0.884,0.487,0.682,0.61,0.693,0.277,0.195,0.645,0.277,0.277,0.596,0.265,0.236,0.814,0.265,0.265,0.759,0.569,0.344,0.344,0.409,0.106,0.593,0.113,0.628,0.716,0.871,0.526,0.209,0.116,0.593,0.613,0.116,0.471,0.069,0.83,0.539,0.867,0.661,0.539,0.732,0.078,0.128,0.075,0.237,0.496,0.2,0.777,0.567,0.679,0.2,0.206,0.497,0.366,0.666,0.206,0.508,0.206,0.2,0.354,0.455,0.703,0.545,0.522,0.472,0.504,0.371,0.728,0.537,0.572,0.598,0.614,0.535,0.506,0.464,0.468,0.474,0.471,0.679
0.512,0.512,0.362,0.362,0.958,0.341,0.326,0.545,0.34,0.51,0.545,0.381,0.498,0.958,0.381,0.545,0.498,0.958,0.787,0.498,0.636,0.465,0.636,0.449,0.498,0.326,0.449,0.545,0.536,0.51,0.536,0.465,0.469,0.478,0.478,0.478,0.797,0.478,0.469,0.797,0.953,0.478,0.794,0.6,0.478,0.797,0.846,0.794,0.536,0.794,0.434,0.883,0.827,0.524,0.777,0.524,0.532,0.789,0.789,0.789,0.453,0.777,0.532,0.777,0.827,0.453,0.492,0.596,0.492,0.812,0.812,0.812,0.579,0.973,0.406,0.889,0.828,0.603,0.789,0.828,0.955,0.973,0.978,0.958,0.655,0.978,0.789,0.904,0.972,0.463,0.973,0.364,0.914,0.965,0.671,0.978,0.916,0.671,0.671,0.919,0.573,0.948,0.581,0.573,0.573,0.236,0.887,0.337,0.337,0.33,0.759,0.12,0.935,0.127,0.96,0.561,0.636,0.962,0.934,0.12,0.939,0.923,0.606,0.852,0.974,0.294,0.195,0.471,0.294,0.204,0.857,0.952,0.859,0.771,0.32,0.862,0.382,0.339,0.39,0.862,0.877,0.478,0.814,0.403,0.877,0.514,0.877,0.862,0.81,0.263,0.359,0.242,0.569,0.567,0.524,0.865,0.143,0.235,0.151,0.269,0.158,0.489,0.562,0.547,0.588,0.237,0.241,0.059
0.374,0.374,0.409,0.409,0.784,0.74,0.85,0.636,0.748,0.89,0.636,0.811,0.77,0.784,0.811,0.636,0.77,0.784,0.034,0.77,0.377,0.773,0.377,0.747,0.77,0.85,0.747,0.636,0.607,0.89,0.607,0.773,0.724,0.725,0.742,0.725,0.346,0.742,0.724,0.346,0.712,0.725,0.321,0.461,0.725,0.346,0.057,0.321,0.708,0.321,0.773,0.762,0.99,0.704,0.516,0.704,0.697,0.583,0.583,0.583,0.715,0.516,0.697,0.516,0.99,0.715,0.65,0.675,0.65,0.982,0.982,0.982,0.817,0.595,0.395,0.892,0.946,0.72,0.946,0.946,0.976,0.595,0.77,0.949,0.66,0.77,0.946,0.886,0.964,0.572,0.595,0.392,0.862,0.948,0.943,0.77,0.051,0.943,0.943,0.868,0.961,0.833,0.742,0.961,0.961,0.921,0.893,0.042,0.042,0.043,0.059,0.054,0.89,0.053,0.95,0.621,0.741,0.849,0.893,0.054,0.857,0.894,0.747,0.826,0.979,0.017,0.94,0.222,0.017,0.133,0.811,0.928,0.814,0.074,0.954,0.48,0.383,0.017,0.168,0.48,0.49,0.893,0.535,0.073,0.49,0.898,0.49,0.48,0.531,0.081,0.083,0.087,0.334,0.876,0.687,0.457,0.43,0.082,0.459,0.083,0.495,0.32,0.478,0.606,0.667,0.571,0.601,0.502
0.328,0.328,0.248,0.248,0.019,0.862,0.145,0.123,0.859,0.826,0.123,0.234,0.098,0.019,0.234,0.123,0.098,0.019,0.122,0.098,0.235,0.814,0.235,0.105,0.098,0.145,0.105,0.123,0.127,0.826,0.127,0.814,0.574,0.212,0.256,0.212,0.317,0.256,0.574,0.317,0.662,0.212,0.292,0.982,0.212,0.317,0.063,0.292,0.978,0.292,0.775,0.636,0.125,0.669,0.125,0.669,0.68,0.104,0.104,0.104,0.754,0.125,0.68,0.125,0.125,0.754,0.18,0.998,0.18,0.029,0.029,0.029,0.56,0.017,0.979,0.336,0.082,1.0,0.075,0.082,0.534,0.017,0.027,0.47,0.998,0.027,0.075,0.338,0.524,0.996,0.017,0.964,0.345,0.468,0.086,0.027,0.003,0.086,0.086,0.346,0.082,0.173,1.0,0.082,0.082,0.916,0.263,0.287,0.287,0.219,0.778,0.364,0.655,0.291,0.389,0.996,0.639,0.175,0.72,0.364,0.274,0.715,0.531,0.727,0.445,0.283,0.859,0.317,0.283,0.422,0.657,0.165,0.659,0.809,0.615,0.124,0.289,0.225,0.272,0.124,0.081,0.226,0.926,0.669,0.081,0.77,0.081,0.124,0.926,0.265,0.715,0.289,0.438,0.736,0.399,0.94,0.502,0.286,0.504,0.663,0.5,0.352,0.523,0.386,0.52,0.737,0.737,0.666
0.351,0.351,0.334,0.334,0.319,0.701,0.18,0.157,0.683,0.113,0.157,0.175,0.185,0.319,0.175,0.157,0.185,0.319,0.487,0.185,0.437,0.135,0.437,0.196,0.185,0.18,0.196,0.157,0.196,0.113,0.196,0.135,0.501,0.182,0.193,0.182,0.158,0.193,0.501,0.158,0.834,0.182,0.704,0.772,0.182,0.158,0.853,0.704,0.877,0.704,0.627,0.809,0.721,0.513,0.185,0.513,0.479,0.596,0.596,0.596,0.166,0.185,0.479,0.185,0.721,0.166,0.214,0.753,0.214,0.77,0.77,0.77,0.989,0.501,0.809,0.866,0.577,0.718,0.468,0.577,0.848,0.501,0.851,0.82,0.558,0.851,0.468,0.876,0.854,0.666,0.501,0.796,0.877,0.786,0.512,0.851,0.19,0.512,0.512,0.885,0.517,0.639,0.69,0.517,0.517,0.766,0.936,0.602,0.602,0.584,0.798,0.313,0.879,0.288,0.837,0.712,0.349,0.646,0.906,0.313,0.935,0.865,0.346,0.893,0.841,0.348,0.832,0.597,0.348,0.73,0.79,0.766,0.839,0.303,0.769,0.773,0.866,0.317,0.422,0.773,0.745,0.422,0.348,0.198,0.745,0.688,0.745,0.773,0.336,0.371,0.431,0.383,0.745,0.627,0.842,0.328,0.839,0.418,0.841,0.356,0.851,0.871,0.869,0.99,0.954,0.999,0.998,0.94
0.219,0.219,0.256,0.256,0.845,0.568,0.282,0.169,0.514,0.164,0.169,0.255,0.241,0.845,0.255,0.169,0.241,0.845,0.603,0.241,0.172,0.107,0.172,0.241,0.241,0.282,0.241,0.169,0.168,0.164,0.168,0.107,0.101,0.153,0.165,0.153,0.711,0.165,0.101,0.711,0.675,0.153,0.559,0.463,0.153,0.711,0.63,0.559,0.74,0.559,0.82,0.663,0.362,0.068,0.622,0.068,0.068,0.469,0.469,0.469,0.103,0.622,0.068,0.622,0.362,0.103,0.128,0.702,0.128,0.241,0.241,0.241,0.558,0.813,0.471,0.526,0.278,0.935,0.236,0.278,0.651,0.813,0.444,0.611,0.627,0.444,0.236,0.491,0.639,0.96,0.813,0.458,0.534,0.653,0.243,0.444,0.627,0.243,0.243,0.474,0.208,0.149,0.925,0.208,0.208,0.949,0.474,0.805,0.805,0.803,0.33,0.845,0.676,0.903,0.63,0.948,0.836,0.174,0.734,0.845,0.468,0.733,0.812,0.72,0.594,0.72,0.933,0.915,0.72,0.346,0.719,0.349,0.725,0.367,0.854,0.466,0.888,0.82,0.691,0.466,0.383,0.712,0.621,0.796,0.383,0.827,0.383,0.466,0.596,0.64,0.613,0.659,0.896,0.806,0.994,0.699,0.855,0.639,0.852,0.709,0.834,0.915,0.992,0.997,0.995,0.917,0.951,0.852
0.944,0.944,0.975,0.975,0.777,0.259,0.977,0.955,0.237,0.981,0.955,0.98,0.955,0.777,0.98,0.955,0.955,0.777,0.156,0.955,0.966,0.984,0.966,0.963,0.955,0.977,0.963,0.955,0.96,0.981,0.96,0.984,0.892,0.977,0.983,0.977,0.678,0.983,0.892,0.678,0.302,0.977,0.688,0.687,0.977,0.678,0.241,0.688,0.526,0.688,0.186,0.326,0.981,0.947,0.72,0.947,0.944,0.78,0.78,0.78,0.986,0.72,0.944,0.72,0.981,0.986,0.958,0.487,0.958,0.957,0.957,0.957,0.488,0.751,0.795,0.241,0.901,0.413,0.826,0.901,0.434,0.751,0.883,0.306,0.451,0.883,0.826,0.25,0.407,0.319,0.751,0.774,0.237,0.301,0.873,0.883,0.197,0.873,0.873,0.251,0.74,0.784,0.402,0.74,0.74,0.5,0.241,0.096,0.096,0.151,0.083,0.117,0.883,0.11,0.333,0.309,0.393,0.892,0.855,0.117,0.239,0.846,0.389,0.982,0.423,0.074,0.349,0.256,0.074,0.102,0.976,0.99,0.98,0.069,0.676,0.728,0.397,0.119,0.245,0.728,0.512,0.649,0.685,0.176,0.512,0.315,0.512,0.728,0.668,0.29,0.116,0.341,0.456,0.329,0.664,0.813,0.461,0.408,0.494,0.142,0.488,0.487,0.7,0.728,0.771,0.629,0.674,0.881
0.862,0.862,0.852,0.852,0.336,0.155,0.759,0.626,0.191,0.493,0.626,0.758,0.633,0.336,0.758,0.626,0.633,0.336,0.199,0.633,0.629,0.519,0.629,0.763,0.633,0.759,0.763,0.626,0.762,0.493,0.762,0.519,0.464,0.574,0.797,0.574,0.128,0.797,0.464,0.128,0.438,0.574,0.089,0.726,0.574,0.128,0.117,0.089,0.721,0.089,0.195,0.369,0.197,0.366,0.126,0.366,0.344,0.077,0.077,0.077,0.571,0.126,0.344,0.126,0.197,0.571,0.76,0.703,0.76,0.494,0.494,0.494,0.295,0.316,0.697,0.538,0.402,0.588,0.508,0.402,0.75,0.316,0.187,0.743,0.664,0.187,0.508,0.631,0.709,0.74,0.316,0.673,0.539,0.683,0.324,0.187,0.272,0.324,0.324,0.646,0.28,0.396,0.555,0.28,0.28,0.498,0.529,0.153,0.153,0.14,0.05,0.335,0.157,0.305,0.665,0.706,0.554,0.439,0.211,0.335,0.535,0.222,0.613,0.175,0.773,0.217,0.669,0.438,0.217,0.206,0.184,0.104,0.228,0.079,0.53,0.415,0.469,0.206,0.612,0.415,0.375,0.567,0.35,0.415,0.375,0.597,0.375,0.415,0.351,0.463,0.451,0.509,0.657,0.54,0.629,0.384,0.572,0.51,0.437,0.405,0.43,0.724,0.634,0.665,0.625,0.544,0.53,0.651
0.211,0.211,0.197,0.197,0.029,0.923,0.093,0.074,0.834,0.048,0.074,0.103,0.057,0.029,0.103,0.074,0.057,0.029,0.316,0.057,0.317,0.063,0.317,0.059,0.057,0.093,0.059,0.074,0.075,0.048,0.075,0.063,0.325,0.044,0.08,0.044,0.012,0.08,0.325,0.012,0.856,0.044,0.004,0.553,0.044,0.012,0.201,0.004,0.551,0.004,0.534,0.881,0.349,0.278,0.032,0.278,0.263,0.022,0.022,0.022,0.04,0.032,0.263,0.032,0.349,0.04,0.048,0.735,0.048,0.656,0.656,0.656,0.861,0.119,0.815,0.822,0.416,0.791,0.403,0.416,0.935,0.119,0.012,0.717,0.79,0.012,0.403,0.873,0.944,0.767,0.119,0.798,0.829,0.692,0.64,0.012,0.925,0.64,0.64,0.878,0.727,0.348,0.938,0.727,0.727,0.515,0.81,0.126,0.126,0.079,0.157,0.476,0.309,0.566,0.697,0.959,0.988,0.326,0.374,0.476,0.786,0.369,0.986,0.464,0.864,0.158,0.414,0.845,0.158,0.606,0.493,0.499,0.492,0.19,0.611,0.026,0.87,0.11,0.978,0.026,0.027,0.947,0.476,0.919,0.027,0.665,0.027,0.026,0.474,0.761,0.932,0.856,0.981,0.942,0.91,0.506,0.904,0.877,0.87,0.921,0.825,0.887,0.928,0.872,0.936,0.823,0.807,0.923
0.284,0.284,0.195,0.195,0.508,0.627,0.927,0.85,0.638,0.918,0.85,0.945,0.791,0.508,0.945,0.85,0.791,0.508,0.936,0.791,0.376,0.898,0.376,0.793,0.791,0.927,0.793,0.85,0.834,0.918,0.834,0.898,0.662,0.956,0.984,0.956,0.659,0.984,0.662,0.659,0.897,0.956,0.901,0.689,0.956,0.659,0.942,0.901,0.561,0.901,0.973,0.898,0.763,0.532,0.727,0.532,0.501,0.869,0.869,0.869,0.922,0.727,0.501,0.727,0.763,0.922,0.912,0.609,0.912,0.407,0.407,0.407,0.836,0.554,0.647,0.947,0.757,0.574,0.803,0.757,0.903,0.554,0.833,0.911,0.609,0.833,0.803,0.926,0.897,0.755,0.554,0.758,0.945,0.91,0.342,0.833,0.739,0.342,0.342,0.928,0.395,0.747,0.613,0.395,0.395,0.69,0.952,0.488,0.488,0.458,0.176,0.168,0.984,0.041,0.864,0.762,0.555,0.736,0.992,0.168,0.942,0.981,0.574,0.993,0.887,0.472,0.81,0.186,0.472,0.072,0.996,0.797,0.991,0.196,0.595,0.749,0.233,0.392,0.217,0.749,0.894,0.471,0.656,0.283,0.894,0.52,0.894,0.749,0.644,0.399,0.157,0.357,0.328,0.547,0.334,0.58,0.06,0.346,0.099,0.157,0.092,0.287,0.414,0.363,0.464,0.234,0.275,0.107
0.442,0.442,0.404,0.404,0.679,0.705,0.148,0.099,0.703,0.764,0.099,0.225,0.08,0.679,0.225,0.099,0.08,0.679,0.423,0.08,0.328,0.805,0.328,0.101,0.08,0.148,0.101,0.099,0.136,0.764,0.136,0.805,0.918,0.132,0.16,0.132,0.857,0.16,0.918,0.857,0.817,0.132,0.755,0.468,0.132,0.857,0.509,0.755,0.671,0.755,0.774,0.739,0.155,0.95,0.683,0.95,0.948,0.464,0.464,0.464,0.833,0.683,0.948,0.683,0.155,0.833,0.174,0.669,0.174,0.128,0.128,0.128,0.997,0.564,0.7,0.976,0.501,0.894,0.482,0.501,0.759,0.564,0.455,0.959,0.526,0.455,0.482,0.963,0.726,0.849,0.564,0.546,0.974,0.964,0.35,0.455,0.81,0.35,0.35,0.964,0.435,0.073,0.724,0.435,0.435,0.836,0.946,0.452,0.452,0.788,0.496,0.53,0.657,0.83,0.969,0.625,0.622,0.069,0.568,0.53,0.949,0.582,0.611,0.879,0.809,0.737,0.749,0.383,0.737,0.708,0.85,0.225,0.785,0.765,0.943,0.319,0.389,0.926,0.336,0.319,0.359,0.635,0.683,0.313,0.359,0.759,0.359,0.319,0.677,0.346,0.803,0.671,0.322,0.653,0.3,0.692,0.467,0.671,0.537,0.781,0.549,0.303,0.311,0.296,0.309,0.61,0.567,0.572
0.502,0.502,0.444,0.444,0.711,0.557,0.17,0.152,0.553,0.697,0.152,0.205,0.1,0.711,0.205,0.152,0.1,0.711,0.043,0.1,0.397,0.732,0.397,0.115,0.1,0.17,0.115,0.152,0.17,0.697,0.17,0.732,0.826,0.152,0.147,0.152,0.91,0.147,0.826,0.91,0.973,0.152,0.971,0.426,0.152,0.91,0.377,0.971,0.065,0.971,0.944,0.956,0.906,0.79,0.834,0.79,0.782,0.909,0.909,0.909,0.795,0.834,0.782,0.834,0.906,0.795,0.14,0.085,0.14,0.858,0.858,0.858,0.782,0.835,0.48,0.462,0.942,0.738,0.941,0.942,0.632,0.835,0.809,0.6,0.096,0.809,0.941,0.424,0.583,0.732,0.835,0.463,0.446,0.622,0.897,0.809,0.561,0.897,0.897,0.412,0.967,0.963,0.798,0.967,0.967,0.263,0.346,0.782,0.782,0.682,0.878,0.86,0.62,0.799,0.495,0.79,0.807,0.981,0.647,0.86,0.343,0.636,0.82,0.745,0.721,0.425,0.224,0.832,0.425,0.74,0.766,0.905,0.767,0.7,0.304,0.958,0.964,0.351,0.753,0.958,0.929,0.574,0.723,0.722,0.929,0.618,0.929,0.958,0.791,0.686,0.896,0.781,0.868,0.671,0.971,0.907,0.979,0.759,0.994,0.957,0.995,0.875,0.947,0.993,0.979,0.992,0.992,0.917
0.746,0.746,0.726,0.726,0.757,0.51,0.848,0.632,0.431,0.496,0.632,0.796,0.643,0.757,0.796,0.632,0.643,0.757,0.32,0.643,0.668,0.567,0.668,0.64,0.643,0.848,0.64,0.632,0.64,0.496,0.64,0.567,0.96,0.779,0.86,0.779,0.898,0.86,0.96,0.898,0.12,0.779,0.923,0.049,0.779,0.898,0.923,0.923,0.558,0.923,0.278,0.127,0.947,0.96,0.871,0.96,0.954,0.897,0.897,0.897,0.484,0.871,0.954,0.871,0.947,0.484,0.708,0.614,0.708,0.933,0.933,0.933,0.149,0.851,0.059,0.27,0.932,0.126,0.922,0.932,0.145,0.851,0.889,0.364,0.601,0.889,0.922,0.264,0.127,0.132,0.851,0.055,0.255,0.36,0.87,0.889,0.422,0.87,0.87,0.247,0.857,0.904,0.108,0.857,0.857,0.117,0.233,0.968,0.968,0.975,0.972,0.572,0.221,0.431,0.339,0.126,0.015,0.902,0.218,0.572,0.229,0.206,0.017,0.247,0.141,0.971,0.101,0.777,0.971,0.688,0.207,0.937,0.21,0.914,0.156,0.779,0.699,0.946,0.824,0.779,0.687,0.007,0.568,0.563,0.687,0.382,0.687,0.779,0.539,0.849,0.499,0.833,0.044,0.378,0.039,0.486,0.039,0.821,0.064,0.438,0.056,0.042,0.04,0.023,0.03,0.022,0.03,0.055
0.458,0.458,0.4,0.4,0.838,0.801,0.265,0.264,0.796,0.227,0.264,0.302,0.244,0.838,0.302,0.264,0.244,0.838,0.258,0.244,0.374,0.236,0.374,0.239,0.244,0.265,0.239,0.264,0.259,0.227,0.259,0.236,0.123,0.276,0.294,0.276,0.825,0.294,0.123,0.825,0.908,0.276,0.783,0.913,0.276,0.825,0.272,0.783,0.906,0.783,0.652,0.949,0.959,0.137,0.894,0.137,0.137,0.862,0.862,0.862,0.251,0.894,0.137,0.894,0.959,0.251,0.272,0.842,0.272,0.976,0.976,0.976,0.853,0.815,0.941,0.648,0.991,0.819,0.989,0.991,0.687,0.815,0.988,0.778,0.842,0.988,0.989,0.677,0.741,0.778,0.815,0.948,0.651,0.744,0.963,0.988,0.131,0.963,0.963,0.687,0.983,0.982,0.825,0.983,0.983,0.797,0.82,0.328,0.328,0.356,0.333,0.409,0.61,0.609,0.862,0.758,0.748,0.982,0.48,0.409,0.852,0.488,0.746,0.813,0.863,0.336,0.752,0.109,0.336,0.4,0.699,0.971,0.713,0.343,0.798,0.986,0.2,0.37,0.199,0.986,0.993,0.594,0.212,0.676,0.993,0.723,0.993,0.986,0.204,0.482,0.764,0.76,0.278,0.723,0.213,0.225,0.941,0.506,0.974,0.787,0.972,0.335,0.233,0.31,0.284,0.763,0.709,0.579
0.238,0.238,0.218,0.218,0.335,0.939,0.268,0.224,0.94,0.15,0.224,0.276,0.239,0.335,0.276,0.224,0.239,0.335,0.367,0.239,0.163,0.201,0.163,0.252,0.239,0.268,0.252,0.224,0.241,0.15,0.241,0.201,0.118,0.243,0.265,0.243,0.236,0.265,0.118,0.236,0.811,0.243,0.204,0.695,0.243,0.236,0.341,0.204,0.92,0.204,0.926,0.81,0.144,0.175,0.537,0.175,0.178,0.508,0.508,0.508,0.153,0.537,0.178,0.537,0.144,0.153,0.258,0.997,0.258,0.71,0.71,0.71,0.737,0.076,0.688,0.825,0.342,0.96,0.318,0.342,0.62,0.076,0.33,0.905,0.971,0.33,0.318,0.818,0.616,0.923,0.076,0.801,0.822,0.904,0.697,0.33,0.362,0.697,0.697,0.817,0.69,0.295,0.958,0.69,0.69,0.869,0.857,0.34,0.34,0.366,0.169,0.351,0.741,0.32,0.897,0.924,0.97,0.303,0.701,0.351,0.83,0.737,0.982,0.381,0.739,0.359,0.906,0.53,0.359,0.404,0.404,0.421,0.408,0.161,0.82,0.295,0.325,0.389,0.378,0.295,0.227,0.817,0.624,0.494,0.227,0.878,0.227,0.295,0.594,0.285,0.304,0.307,0.704,0.857,0.606,0.63,0.715,0.3,0.776,0.395,0.85,0.603,0.684,0.529,0.549,0.591,0.594,0.585
0.269,0.269,0.36,0.36,0.609,0.419,0.368,0.329,0.364,0.249,0.329,0.398,0.329,0.609,0.398,0.329,0.329,0.609,0.696,0.329,0.576,0.252,0.576,0.317,0.329,0.368,0.317,0.329,0.324,0.249,0.324,0.252,0.567,0.352,0.421,0.352,0.509,0.421,0.567,0.509,0.924,0.352,0.385,0.535,0.352,0.509,0.566,0.385,0.791,0.385,0.347,0.87,0.608,0.45,0.435,0.45,0.458,0.266,0.266,0.266,0.268,0.435,0.458,0.435,0.608,0.268,0.341,0.917,0.341,0.549,0.549,0.549,0.963,0.667,0.535,0.762,0.219,0.906,0.278,0.219,0.796,0.667,0.624,0.616,0.877,0.624,0.278,0.751,0.798,0.847,0.667,0.527,0.75,0.612,0.246,0.624,0.902,0.246,0.246,0.749,0.222,0.394,0.891,0.222,0.222,0.83,0.694,0.712,0.712,0.375,0.064,0.746,0.604,0.429,0.596,0.814,0.516,0.378,0.535,0.746,0.668,0.602,0.716,0.744,0.736,0.824,0.912,0.729,0.824,0.411,0.715,0.702,0.755,0.12,0.639,0.483,0.83,0.48,0.865,0.483,0.534,0.618,0.238,0.936,0.534,0.841,0.534,0.483,0.235,0.785,0.765,0.63,0.951,0.755,0.834,0.282,0.052,0.612,0.147,0.693,0.127,0.838,0.836,0.856,0.928,0.114,0.17,0.226
0.046,0.046,0.049,0.049,0.236,0.749,0.025,0.338,0.746,0.266,0.338,0.025,0.316,0.236,0.025,0.338,0.316,0.236,0.858,0.316,0.014,0.265,0.014,0.326,0.316,0.025,0.326,0.338,0.358,0.266,0.358,0.265,0.183,0.349,0.003,0.349,0.27,0.003,0.183,0.27,0.615,0.349,0.191,0.862,0.349,0.27,0.643,0.191,0.942,0.191,0.601,0.67,0.086,0.178,0.406,0.178,0.177,0.288,0.288,0.288,0.308,0.406,0.177,0.406,0.086,0.308,0.363,0.934,0.363,0.723,0.723,0.723,0.791,0.377,0.805,0.821,0.05,0.971,0.067,0.05,0.469,0.377,0.135,0.585,0.924,0.135,0.067,0.861,0.488,0.891,0.377,0.795,0.793,0.567,0.565,0.135,0.9,0.565,0.565,0.872,0.481,0.097,0.959,0.481,0.481,0.939,0.886,0.321,0.321,0.317,0.241,0.328,0.378,0.392,0.605,0.907,0.171,0.085,0.353,0.328,0.881,0.373,0.152,0.463,0.548,0.357,0.893,0.271,0.357,0.239,0.489,0.046,0.519,0.25,0.814,0.289,0.288,0.358,0.486,0.289,0.273,0.566,0.46,0.144,0.273,0.586,0.273,0.289,0.434,0.435,0.171,0.332,0.102,0.594,0.075,0.495,0.268,0.341,0.149,0.146,0.122,0.119,0.078,0.092,0.084,0.173,0.222,0.395
0.367,0.367,0.35,0.35,0.348,0.506,0.258,0.267,0.489,0.169,0.267,0.288,0.202,0.348,0.288,0.267,0.202,0.348,0.151,0.202,0.442,0.219,0.442,0.203,0.202,0.258,0.203,0.267,0.268,0.169,0.268,0.219,0.122,0.28,0.336,0.28,0.25,0.336,0.122,0.25,0.159,0.28,0.195,0.9,0.28,0.25,0.173,0.195,0.836,0.195,0.484,0.14,0.841,0.139,0.153,0.139,0.139,0.151,0.151,0.151,0.237,0.153,0.139,0.153,0.841,0.237,0.279,0.86,0.279,0.631,0.631,0.631,0.213,0.227,0.847,0.181,0.776,0.943,0.839,0.776,0.19,0.227,0.754,0.219,0.836,0.754,0.839,0.178,0.183,0.925,0.227,0.814,0.181,0.221,0.78,0.754,0.115,0.78,0.78,0.18,0.765,0.822,0.924,0.765,0.765,0.996,0.214,0.278,0.278,0.401,0.628,0.632,0.708,0.6,0.242,0.953,0.997,0.743,0.765,0.632,0.211,0.77,0.991,0.742,0.194,0.335,0.987,0.053,0.335,0.62,0.75,0.863,0.746,0.542,0.989,0.454,0.053,0.469,0.016,0.454,0.369,1.0,0.347,0.466,0.369,0.958,0.369,0.454,0.332,0.353,0.483,0.343,0.097,0.957,0.121,0.314,0.167,0.422,0.232,0.529,0.234,0.116,0.127,0.131,0.133,0.231,0.234,0.126
0.646,0.646,0.793,0.793,0.747,0.072,0.67,0.558,0.06,0.317,0.558,0.654,0.469,0.747,0.654,0.558,0.469,0.747,0.762,0.469,0.96,0.39,0.96,0.462,0.469,0.67,0.462,0.558,0.45,0.317,0.45,0.39,0.42,0.542,0.712,0.542,0.594,0.712,0.42,0.594,0.241,0.542,0.526,0.578,0.542,0.594,0.848,0.526,0.905,0.526,0.06,0.251,0.769,0.39,0.301,0.39,0.41,0.232,0.232,0.232,0.375,0.301,0.41,0.301,0.769,0.375,0.55,0.727,0.55,0.819,0.819,0.819,0.225,0.674,0.425,0.419,0.835,0.47,0.854,0.835,0.103,0.674,0.54,0.128,0.766,0.54,0.854,0.43,0.131,0.414,0.674,0.293,0.428,0.093,0.776,0.54,0.987,0.776,0.776,0.432,0.801,0.206,0.45,0.801,0.801,0.704,0.5,0.754,0.754,0.757,0.619,0.598,0.096,0.718,0.098,0.387,0.369,0.205,0.1,0.598,0.497,0.098,0.405,0.178,0.118,0.743,0.713,0.823,0.743,0.401,0.176,0.28,0.175,0.639,0.691,0.416,0.822,0.761,0.769,0.416,0.415,0.902,0.013,0.73,0.415,0.446,0.415,0.416,0.015,0.678,0.856,0.745,0.888,0.387,0.904,0.011,0.823,0.674,0.849,0.842,0.863,0.892,0.889,0.907,0.894,0.877,0.872,0.992
0.312,0.312,0.29,0.29,0.362,0.991,0.251,0.253,0.98,0.165,0.253,0.292,0.219,0.362,0.292,0.253,0.219,0.362,0.235,0.219,0.263,0.215,0.263,0.23,0.219,0.251,0.23,0.253,0.256,0.165,0.256,0.215,0.085,0.21,0.258,0.21,0.042,0.258,0.085,0.042,0.729,0.21,0.052,0.108,0.21,0.042,0.133,0.052,0.672,0.052,0.966,0.722,0.3,0.132,0.137,0.132,0.133,0.177,0.177,0.177,0.19,0.137,0.133,0.137,0.3,0.19,0.224,0.826,0.224,0.133,0.133,0.133,0.777,0.179,0.143,0.436,0.192,0.93,0.177,0.192,0.317,0.179,0.111,0.445,0.751,0.111,0.177,0.45,0.328,0.947,0.179,0.141,0.384,0.437,0.033,0.111,0.731,0.033,0.033,0.397,0.03,0.138,0.926,0.03,0.03,0.945,0.467,0.167,0.167,0.126,0.125,0.199,0.095,0.181,0.497,0.936,0.234,0.139,0.063,0.199,0.486,0.064,0.299,0.065,0.492,0.143,0.936,0.234,0.143,0.21,0.031,0.178,0.042,0.142,0.413,0.145,0.206,0.12,0.281,0.145,0.12,0.391,0.653,0.404,0.12,0.397,0.12,0.145,0.654,0.696,0.45,0.738,0.455,0.343,0.816,0.68,0.5,0.763,0.548,0.393,0.528,0.471,0.736,0.818,0.678,0.749,0.715,0.611
0.567,0.567,0.521,0.521,0.129,0.92,0.588,0.511,0.921,0.325,0.511,0.653,0.456,0.129,0.653,0.511,0.456,0.129,0.585,0.456,0.48,0.364,0.48,0.511,0.456,0.588,0.511,0.511,0.568,0.325,0.568,0.364,0.193,0.333,0.42,0.333,0.172,0.42,0.193,0.172,0.874,0.333,0.117,0.415,0.333,0.172,0.229,0.117,0.455,0.117,0.824,0.874,0.686,0.42,0.147,0.42,0.427,0.145,0.145,0.145,0.258,0.147,0.427,0.147,0.686,0.258,0.319,0.511,0.319,0.961,0.961,0.961,0.725,0.181,0.45,0.617,0.806,0.095,0.791,0.806,0.598,0.181,0.042,0.588,0.5,0.042,0.791,0.612,0.585,0.067,0.181,0.45,0.593,0.585,0.955,0.042,0.985,0.955,0.955,0.625,0.923,0.011,0.093,0.923,0.923,0.104,0.587,0.135,0.135,0.156,0.174,0.542,0.284,0.482,0.577,0.064,0.238,0.012,0.202,0.542,0.596,0.208,0.244,0.297,0.564,0.197,0.078,0.795,0.197,0.555,0.317,0.016,0.327,0.134,0.125,0.019,0.642,0.175,0.603,0.019,0.025,0.193,0.527,0.287,0.025,0.121,0.025,0.019,0.558,0.195,0.255,0.137,0.773,0.125,0.79,0.467,0.778,0.134,0.673,0.305,0.711,0.872,0.83,0.816,0.82,0.59,0.473,0.64
0.319,0.319,0.348,0.348,0.234,0.381,0.233,0.197,0.387,0.139,0.197,0.25,0.124,0.234,0.25,0.197,0.124,0.234,0.479,0.124,0.218,0.086,0.218,0.139,0.124,0.233,0.139,0.197,0.173,0.139,0.173,0.086,0.075,0.11,0.223,0.11,0.07,0.223,0.075,0.07,0.464,0.11,0.107,0.453,0.11,0.07,0.632,0.107,0.317,0.107,0.457,0.547,0.857,0.044,0.294,0.044,0.043,0.438,0.438,0.438,0.053,0.294,0.043,0.294,0.857,0.053,0.113,0.29,0.113,0.406,0.406,0.406,0.593,0.041,0.443,0.45,0.832,0.229,0.84,0.832,0.514,0.041,0.536,0.514,0.296,0.536,0.84,0.429,0.534,0.233,0.041,0.422,0.451,0.526,0.704,0.536,0.345,0.704,0.704,0.431,0.728,0.803,0.231,0.728,0.728,0.282,0.412,0.108,0.108,0.121,0.484,0.009,0.958,0.014,0.504,0.227,0.279,0.793,0.941,0.009,0.412,0.936,0.279,0.929,0.511,0.089,0.272,0.51,0.089,0.057,0.9,0.684,0.906,0.479,0.343,0.716,0.381,0.089,0.547,0.716,0.634,0.418,0.694,0.512,0.634,0.564,0.634,0.716,0.715,0.846,0.278,0.769,0.827,0.579,0.764,0.685,0.834,0.833,0.876,0.358,0.878,0.828,0.718,0.695,0.659,0.915,0.904,0.739
0.978,0.978,0.994,0.994,0.073,0.344,0.981,0.771,0.381,0.781,0.771,0.903,0.893,0.073,0.903,0.771,0.893,0.073,0.402,0.893,0.985,0.673,0.985,0.883,0.893,0.981,0.883,0.771,0.765,0.781,0.765,0.673,0.743,0.919,0.975,0.919,0.537,0.975,0.743,0.537,0.11,0.919,0.251,0.357,0.919,0.537,0.343,0.251,0.601,0.251,0.412,0.095,0.642,0.466,0.725,0.466,0.446,0.505,0.505,0.505,0.855,0.725,0.446,0.725,0.642,0.855,0.909,0.52,0.909,0.58,0.58,0.58,0.091,0.156,0.281,0.128,0.747,0.015,0.758,0.747,0.205,0.156,0.426,0.187,0.506,0.426,0.758,0.125,0.206,0.019,0.156,0.253,0.125,0.19,0.498,0.426,0.487,0.498,0.498,0.123,0.487,0.793,0.016,0.487,0.487,0.012,0.094,0.541,0.541,0.604,0.501,0.435,0.049,0.419,0.153,0.018,0.011,0.794,0.031,0.435,0.091,0.033,0.006,0.024,0.162,0.541,0.016,0.829,0.541,0.723,0.025,0.714,0.028,0.452,0.009,0.704,0.821,0.61,0.808,0.704,0.722,0.018,0.589,0.714,0.722,0.005,0.722,0.704,0.557,0.562,0.791,0.742,0.921,0.005,0.95,0.651,0.971,0.681,0.961,0.754,0.965,0.94,0.936,0.947,0.934,0.995,0.994,1.0
0.14,0.14,0.136,0.136,0.748,0.567,0.645,0.588,0.568,0.888,0.588,0.693,0.564,0.748,0.693,0.588,0.564,0.748,0.592,0.564,0.106,0.824,0.106,0.464,0.564,0.645,0.464,0.588,0.553,0.888,0.553,0.824,0.585,0.44,0.55,0.44,0.631,0.55,0.585,0.631,0.863,0.44,0.743,0.215,0.44,0.631,0.935,0.743,0.426,0.743,0.413,0.848,0.715,0.556,0.709,0.556,0.566,0.804,0.804,0.804,0.847,0.709,0.566,0.709,0.715,0.847,0.432,0.35,0.432,0.594,0.594,0.594,0.92,0.783,0.184,0.604,0.586,0.175,0.489,0.586,0.689,0.783,0.903,0.544,0.345,0.903,0.489,0.584,0.644,0.161,0.783,0.181,0.597,0.563,0.466,0.903,0.124,0.466,0.466,0.598,0.351,0.446,0.251,0.351,0.351,0.26,0.599,0.693,0.693,0.696,0.585,0.57,0.653,0.561,0.537,0.363,0.259,0.482,0.686,0.57,0.58,0.683,0.138,0.708,0.662,0.778,0.222,0.787,0.778,0.546,0.713,0.817,0.708,0.675,0.216,0.888,0.8,0.774,0.834,0.888,0.836,0.547,0.714,0.703,0.836,0.223,0.836,0.888,0.709,0.793,0.873,0.51,0.661,0.458,0.563,0.703,0.349,0.451,0.378,0.825,0.382,0.623,0.558,0.528,0.534,0.519,0.511,0.491
0.224,0.224,0.236,0.236,0.671,0.905,0.269,0.262,0.907,0.183,0.262,0.281,0.252,0.671,0.281,0.262,0.252,0.671,0.476,0.252,0.334,0.213,0.334,0.255,0.252,0.269,0.255,0.262,0.262,0.183,0.262,0.213,0.201,0.305,0.376,0.305,0.633,0.376,0.201,0.633,0.565,0.305,0.623,0.902,0.305,0.633,0.328,0.623,0.98,0.623,0.858,0.578,0.779,0.182,0.535,0.182,0.185,0.646,0.646,0.646,0.266,0.535,0.185,0.535,0.779,0.266,0.303,0.986,0.303,0.445,0.445,0.445,0.701,0.605,0.969,0.377,0.658,0.788,0.538,0.658,0.602,0.605,0.893,0.488,0.961,0.893,0.538,0.3,0.521,0.773,0.605,0.886,0.374,0.504,0.543,0.893,0.897,0.543,0.543,0.311,0.588,0.592,0.821,0.588,0.588,0.912,0.404,0.948,0.948,0.936,0.411,0.725,0.155,0.649,0.622,0.8,0.658,0.745,0.149,0.725,0.405,0.123,0.571,0.16,0.675,0.929,0.885,0.451,0.929,0.71,0.122,0.736,0.135,0.38,0.913,0.595,0.497,0.928,0.543,0.595,0.513,0.956,0.553,0.587,0.513,0.692,0.513,0.595,0.534,0.373,0.484,0.442,0.595,0.773,0.511,0.576,0.803,0.43,0.665,0.46,0.65,0.644,0.532,0.562,0.568,0.862,0.917,0.779
0.521,0.521,0.647,0.647,0.598,0.062,0.426,0.336,0.059,0.298,0.336,0.379,0.339,0.598,0.379,0.336,0.339,0.598,0.031,0.339,0.436,0.262,0.436,0.439,0.339,0.426,0.439,0.336,0.317,0.298,0.317,0.262,0.307,0.291,0.361,0.291,0.218,0.361,0.307,0.218,0.168,0.291,0.176,0.743,0.291,0.218,0.02,0.176,0.508,0.176,0.063,0.201,0.272,0.388,0.332,0.388,0.359,0.294,0.294,0.294,0.25,0.332,0.359,0.332,0.272,0.25,0.304,0.696,0.304,0.277,0.277,0.277,0.208,0.484,0.785,0.084,0.24,0.823,0.225,0.24,0.111,0.484,0.22,0.091,0.697,0.22,0.225,0.093,0.099,0.946,0.484,0.762,0.089,0.094,0.307,0.22,0.192,0.307,0.307,0.09,0.298,0.257,0.853,0.298,0.298,0.854,0.075,0.072,0.072,0.088,0.096,0.171,0.911,0.225,0.068,0.895,0.84,0.254,0.9,0.171,0.077,0.895,0.824,0.954,0.092,0.087,0.9,0.311,0.087,0.602,0.938,0.355,0.936,0.11,0.825,0.194,0.297,0.105,0.3,0.194,0.185,0.58,0.803,0.527,0.185,0.947,0.185,0.194,0.815,0.297,0.487,0.224,0.5,0.805,0.378,0.862,0.519,0.185,0.529,0.464,0.559,0.536,0.37,0.393,0.409,0.572,0.56,0.55
0.645,0.645,0.6,0.6,0.398,0.179,0.481,0.489,0.165,0.351,0.489,0.49,0.442,0.398,0.49,0.489,0.442,0.398,0.168,0.442,0.74,0.365,0.74,0.467,0.442,0.481,0.467,0.489,0.482,0.351,0.482,0.365,0.262,0.571,0.606,0.571,0.048,0.606,0.262,0.048,0.092,0.571,0.02,0.988,0.571,0.048,0.019,0.02,0.779,0.02,0.114,0.099,0.061,0.256,0.101,0.256,0.256,0.042,0.042,0.042,0.413,0.101,0.256,0.101,0.061,0.413,0.541,0.781,0.541,0.013,0.013,0.013,0.094,0.374,0.995,0.129,0.031,0.939,0.017,0.031,0.068,0.374,0.098,0.195,0.716,0.098,0.017,0.128,0.067,0.966,0.374,0.987,0.128,0.201,0.021,0.098,0.233,0.021,0.021,0.128,0.012,0.151,0.941,0.012,0.012,0.93,0.115,0.019,0.019,0.028,0.197,0.501,0.459,0.522,0.18,0.957,0.057,0.144,0.475,0.501,0.115,0.484,0.058,0.417,0.055,0.035,0.957,0.652,0.035,0.41,0.431,0.09,0.434,0.305,0.285,0.105,0.575,0.059,0.58,0.105,0.11,0.064,0.303,0.487,0.11,0.228,0.11,0.105,0.302,0.717,0.442,0.647,0.022,0.21,0.017,0.325,0.016,0.626,0.005,0.534,0.008,0.016,0.015,0.012,0.009,0.028,0.015,0.015
0.473,0.473,0.51,0.51,0.71,0.046,0.727,0.834,0.045,0.557,0.834,0.681,0.798,0.71,0.681,0.834,0.798,0.71,0.565,0.798,0.572,0.62,0.572,0.821,0.798,0.727,0.821,0.834,0.873,0.557,0.873,0.62,0.518,0.863,0.784,0.863,0.747,0.784,0.518,0.747,0.063,0.863,0.702,0.197,0.863,0.747,0.657,0.702,0.712,0.702,0.082,0.056,0.395,0.6,0.745,0.6,0.597,0.683,0.683,0.683,0.757,0.745,0.597,0.745,0.395,0.757,0.905,0.53,0.905,0.338,0.338,0.338,0.075,0.756,0.252,0.197,0.564,0.669,0.544,0.564,0.05,0.756,0.456,0.056,0.584,0.456,0.544,0.19,0.066,0.56,0.756,0.242,0.222,0.05,0.144,0.456,0.934,0.144,0.144,0.213,0.146,0.698,0.691,0.146,0.146,0.761,0.21,0.749,0.749,0.754,0.917,0.915,0.297,0.93,0.039,0.651,0.713,0.667,0.306,0.915,0.237,0.334,0.579,0.292,0.046,0.751,0.839,0.21,0.751,0.968,0.338,0.336,0.334,0.971,0.783,0.713,0.269,0.775,0.255,0.713,0.74,0.963,0.004,0.145,0.74,0.499,0.74,0.713,0.004,0.251,0.194,0.154,0.477,0.7,0.468,0.007,0.336,0.266,0.39,0.228,0.39,0.453,0.472,0.489,0.479,0.47,0.474,0.42
0.505,0.505,0.502,0.502,0.797,0.297,0.937,0.854,0.301,0.592,0.854,0.891,0.92,0.797,0.891,0.854,0.92,0.797,0.127,0.92,0.787,0.516,0.787,0.889,0.92,0.937,0.889,0.854,0.833,0.592,0.833,0.516,0.809,0.721,0.841,0.721,0.322,0.841,0.809,0.322,0.201,0.721,0.245,0.901,0.721,0.322,0.079,0.245,0.557,0.245,0.296,0.136,0.232,0.778,0.297,0.778,0.776,0.225,0.225,0.225,0.511,0.297,0.776,0.297,0.232,0.511,0.634,0.56,0.634,0.107,0.107,0.107,0.118,0.852,0.901,0.078,0.255,0.449,0.152,0.255,0.1,0.852,0.302,0.096,0.471,0.302,0.152,0.08,0.085,0.366,0.852,0.909,0.078,0.097,0.031,0.302,0.706,0.031,0.031,0.081,0.026,0.228,0.496,0.026,0.026,0.551,0.067,0.671,0.671,0.851,0.886,0.763,0.169,0.877,0.063,0.432,0.821,0.262,0.179,0.763,0.069,0.184,0.896,0.197,0.085,0.808,0.602,0.406,0.808,0.842,0.235,0.344,0.237,0.981,0.681,0.515,0.407,0.927,0.464,0.515,0.531,0.872,0.676,0.484,0.531,0.495,0.531,0.515,0.665,0.398,0.46,0.337,0.279,0.462,0.285,0.794,0.388,0.269,0.362,0.426,0.379,0.295,0.258,0.277,0.235,0.524,0.514,0.582
0.716,0.716,0.752,0.752,0.579,0.872,0.845,0.627,0.885,0.607,0.627,0.869,0.683,0.579,0.869,0.627,0.683,0.579,0.179,0.683,0.715,0.646,0.715,0.662,0.683,0.845,0.662,0.627,0.691,0.607,0.691,0.646,0.381,0.71,0.849,0.71,0.892,0.849,0.381,0.892,0.982,0.71,0.903,0.445,0.71,0.892,0.231,0.903,0.775,0.903,0.859,0.978,0.632,0.333,0.916,0.333,0.338,0.926,0.926,0.926,0.582,0.916,0.338,0.916,0.632,0.582,0.625,0.397,0.625,0.566,0.566,0.566,0.884,0.433,0.437,0.95,0.984,0.759,0.964,0.984,0.982,0.433,0.878,0.965,0.384,0.878,0.964,0.942,0.976,0.508,0.433,0.423,0.963,0.973,0.789,0.878,0.273,0.789,0.789,0.952,0.941,0.962,0.74,0.941,0.941,0.803,0.928,0.076,0.076,0.051,0.131,0.053,0.798,0.051,0.949,0.581,0.772,0.973,0.85,0.053,0.9,0.85,0.717,0.691,0.987,0.045,0.412,0.125,0.045,0.207,0.8,0.601,0.821,0.086,0.333,0.983,0.428,0.028,0.185,0.983,0.969,0.658,0.135,0.596,0.969,0.241,0.969,0.983,0.128,0.608,0.762,0.556,0.345,0.276,0.325,0.14,0.755,0.653,0.832,0.775,0.814,0.354,0.307,0.417,0.397,0.361,0.366,0.237
0.698,0.698,0.678,0.678,0.988,0.25,0.517,0.72,0.257,0.582,0.72,0.548,0.69,0.988,0.548,0.72,0.69,0.988,0.364,0.69,0.649,0.619,0.649,0.641,0.69,0.517,0.641,0.72,0.668,0.582,0.668,0.619,0.589,0.743,0.512,0.743,0.667,0.512,0.589,0.667,0.949,0.743,0.602,0.182,0.743,0.667,0.606,0.602,0.239,0.602,0.207,0.945,0.806,0.664,0.726,0.664,0.687,0.622,0.622,0.622,0.618,0.726,0.687,0.726,0.806,0.618,0.681,0.19,0.681,0.596,0.596,0.596,0.755,0.923,0.231,0.606,0.644,0.489,0.633,0.644,0.72,0.923,0.932,0.605,0.18,0.932,0.633,0.604,0.624,0.612,0.923,0.208,0.6,0.623,0.635,0.932,0.983,0.635,0.635,0.617,0.591,0.778,0.509,0.591,0.591,0.575,0.647,0.553,0.553,0.659,0.618,1.0,0.367,1.0,0.562,0.541,0.769,0.877,0.388,1.0,0.656,0.387,0.819,0.432,0.682,0.744,0.709,0.768,0.744,1.0,0.572,0.861,0.573,0.827,0.712,0.824,0.767,0.765,0.631,0.824,0.717,0.841,0.4,0.53,0.717,0.483,0.717,0.824,0.388,0.445,0.562,0.377,0.474,0.479,0.485,0.367,0.857,0.427,0.661,0.459,0.607,0.431,0.524,0.565,0.614,0.502,0.573,0.069
0.695,0.695,0.725,0.725,0.248,0.081,0.694,0.899,0.08,0.914,0.899,0.617,0.892,0.248,0.617,0.899,0.892,0.248,0.399,0.892,0.777,0.907,0.777,0.925,0.892,0.694,0.925,0.899,0.936,0.914,0.936,0.907,0.675,0.909,0.672,0.909,0.084,0.672,0.675,0.084,0.226,0.909,0.266,0.798,0.909,0.084,0.266,0.266,0.529,0.266,0.08,0.241,0.245,0.584,0.065,0.584,0.599,0.211,0.211,0.211,0.826,0.065,0.599,0.065,0.245,0.826,0.87,0.767,0.87,0.731,0.731,0.731,0.349,0.142,0.794,0.649,0.693,0.109,0.669,0.693,0.091,0.142,0.137,0.145,0.782,0.137,0.669,0.637,0.156,0.102,0.142,0.821,0.658,0.126,0.852,0.137,0.633,0.852,0.852,0.638,0.802,0.844,0.159,0.802,0.802,0.062,0.648,0.842,0.842,0.849,0.859,0.544,0.283,0.639,0.128,0.157,0.207,0.828,0.312,0.544,0.642,0.31,0.226,0.261,0.125,0.787,0.148,0.869,0.787,0.603,0.28,0.656,0.277,0.826,0.229,0.468,0.768,0.821,0.833,0.468,0.36,0.4,0.073,0.801,0.36,0.169,0.36,0.468,0.073,0.725,0.74,0.862,0.717,0.18,0.675,0.072,0.443,0.836,0.325,0.815,0.333,0.715,0.585,0.628,0.525,0.441,0.453,0.617
0.015,0.015,0.015,0.015,0.392,0.906,0.011,0.013,0.925,0.011,0.013,0.009,0.011,0.392,0.009,0.013,0.011,0.392,0.591,0.011,0.021,0.013,0.021,0.009,0.011,0.011,0.009,0.013,0.015,0.011,0.015,0.013,0.028,0.012,0.023,0.012,0.194,0.023,0.028,0.194,0.145,0.012,0.173,0.029,0.012,0.194,0.288,0.173,0.202,0.173,0.949,0.083,0.022,0.041,0.209,0.041,0.041,0.2,0.2,0.2,0.016,0.209,0.041,0.209,0.022,0.016,0.015,0.314,0.015,0.53,0.53,0.53,0.139,0.235,0.046,0.09,0.008,0.417,0.007,0.008,0.106,0.235,0.158,0.092,0.276,0.158,0.007,0.074,0.076,0.374,0.235,0.043,0.093,0.142,0.429,0.158,0.343,0.429,0.429,0.08,0.335,0.129,0.421,0.335,0.335,0.503,0.097,0.363,0.363,0.5,0.544,0.339,0.097,0.647,0.16,0.368,0.377,0.13,0.078,0.339,0.095,0.079,0.506,0.12,0.146,0.373,0.418,0.439,0.373,0.492,0.084,0.151,0.109,0.512,0.377,0.077,0.45,0.516,0.261,0.077,0.078,0.414,0.963,0.128,0.078,0.554,0.078,0.077,0.957,0.41,0.15,0.303,0.365,0.474,0.565,0.953,0.476,0.243,0.404,0.13,0.404,0.35,0.567,0.569,0.577,0.621,0.646,0.518
0.185,0.185,0.16,0.16,0.536,0.392,0.444,0.557,0.372,0.934,0.557,0.483,0.459,0.536,0.483,0.557,0.459,0.536,0.638,0.459,0.143,0.935,0.143,0.417,0.459,0.444,0.417,0.557,0.537,0.934,0.537,0.935,0.688,0.452,0.395,0.452,0.962,0.395,0.688,0.962,0.475,0.452,0.909,0.205,0.452,0.962,0.561,0.909,0.576,0.909,0.392,0.459,0.471,0.746,0.936,0.746,0.719,0.871,0.871,0.871,0.92,0.936,0.719,0.936,0.471,0.92,0.381,0.851,0.381,0.793,0.793,0.793,0.617,0.8,0.188,0.429,0.952,0.852,0.976,0.952,0.504,0.8,0.613,0.437,0.839,0.613,0.976,0.411,0.541,0.942,0.8,0.176,0.44,0.46,0.981,0.613,0.543,0.981,0.981,0.424,0.958,0.993,0.848,0.958,0.958,0.877,0.358,0.143,0.143,0.158,0.662,0.161,0.43,0.17,0.37,0.95,0.598,0.976,0.371,0.161,0.354,0.389,0.492,0.617,0.463,0.171,0.925,0.977,0.171,0.412,0.529,0.666,0.557,0.638,0.562,0.99,0.946,0.189,0.929,0.99,0.997,0.766,0.606,0.969,0.997,0.47,0.997,0.99,0.617,0.918,0.935,0.948,0.281,0.473,0.275,0.664,0.123,0.949,0.23,0.928,0.182,0.284,0.278,0.222,0.237,0.291,0.258,0.29
0.958,0.958,0.987,0.987,0.366,0.846,0.874,0.674,0.812,0.666,0.674,0.899,0.74,0.366,0.899,0.674,0.74,0.366,0.007,0.74,0.976,0.712,0.976,0.732,0.74,0.874,0.732,0.674,0.667,0.666,0.667,0.712,0.38,0.74,0.856,0.74,0.544,0.856,0.38,0.544,0.453,0.74,0.282,0.075,0.74,0.544,0.013,0.282,0.228,0.282,0.757,0.391,0.661,0.309,0.815,0.309,0.307,0.629,0.629,0.629,0.763,0.815,0.307,0.815,0.661,0.763,0.735,0.199,0.735,0.759,0.759,0.759,0.469,0.164,0.055,0.23,0.717,0.197,0.774,0.717,0.414,0.164,0.722,0.301,0.181,0.722,0.774,0.237,0.479,0.167,0.164,0.059,0.239,0.295,0.803,0.722,0.023,0.803,0.803,0.246,0.776,0.668,0.227,0.776,0.776,0.538,0.181,0.298,0.298,0.305,0.211,0.081,0.237,0.183,0.269,0.206,0.649,0.612,0.18,0.081,0.186,0.179,0.657,0.325,0.361,0.224,0.553,0.229,0.224,0.077,0.329,0.676,0.332,0.153,0.554,0.764,0.207,0.204,0.095,0.764,0.913,0.593,0.602,0.056,0.913,0.575,0.913,0.764,0.631,0.061,0.059,0.061,0.13,0.616,0.249,0.619,0.206,0.061,0.311,0.055,0.304,0.117,0.22,0.236,0.205,0.352,0.422,0.338
0.38,0.38,0.32,0.32,0.267,0.931,0.535,0.361,0.935,0.323,0.361,0.401,0.384,0.267,0.401,0.361,0.384,0.267,0.119,0.384,0.264,0.372,0.264,0.368,0.384,0.535,0.368,0.361,0.342,0.323,0.342,0.372,0.301,0.41,0.626,0.41,0.074,0.626,0.301,0.074,0.156,0.41,0.144,0.487,0.41,0.074,0.167,0.144,0.788,0.144,0.853,0.172,0.322,0.332,0.029,0.332,0.334,0.05,0.05,0.05,0.342,0.029,0.334,0.029,0.322,0.342,0.424,0.828,0.424,0.523,0.523,0.523,0.16,0.422,0.652,0.146,0.347,0.665,0.364,0.347,0.248,0.422,0.061,0.211,0.871,0.061,0.364,0.149,0.262,0.583,0.422,0.667,0.148,0.206,0.537,0.061,0.488,0.537,0.537,0.149,0.539,0.88,0.68,0.539,0.539,0.844,0.128,0.062,0.062,0.119,0.071,0.554,0.487,0.375,0.196,0.588,0.019,0.833,0.664,0.554,0.124,0.672,0.02,0.386,0.265,0.031,0.921,0.293,0.031,0.872,0.753,0.722,0.789,0.033,0.025,0.191,0.366,0.053,0.571,0.191,0.132,0.023,0.901,0.547,0.132,0.028,0.132,0.191,0.911,0.143,0.19,0.171,0.668,0.023,0.695,0.922,0.708,0.16,0.739,0.169,0.75,0.627,0.723,0.684,0.73,0.694,0.742,0.67
0.436,0.436,0.42,0.42,1.0,0.395,0.313,0.215,0.4,0.279,0.215,0.304,0.233,1.0,0.304,0.215,0.233,1.0,0.521,0.233,0.408,0.216,0.408,0.233,0.233,0.313,0.233,0.215,0.217,0.279,0.217,0.216,0.155,0.241,0.296,0.241,0.967,0.296,0.155,0.967,0.88,0.241,0.983,0.847,0.241,0.967,0.475,0.983,0.062,0.983,0.474,0.708,0.999,0.116,0.994,0.116,0.111,1.0,1.0,1.0,0.196,0.994,0.111,0.994,0.999,0.196,0.183,0.129,0.183,0.985,0.985,0.985,0.924,0.994,0.876,0.719,0.993,0.355,0.994,0.993,0.808,0.994,0.996,0.825,0.108,0.996,0.994,0.748,0.815,0.289,0.994,0.867,0.709,0.808,0.997,0.996,0.166,0.997,0.997,0.739,0.997,0.965,0.324,0.997,0.997,0.31,0.763,0.572,0.572,0.56,0.306,0.511,0.246,0.512,0.835,0.291,0.425,0.961,0.251,0.511,0.768,0.242,0.451,0.279,0.763,0.626,0.282,0.464,0.626,0.267,0.208,0.992,0.198,0.392,0.318,0.911,0.427,0.588,0.426,0.911,0.908,0.586,0.801,0.508,0.908,0.421,0.908,0.911,0.786,0.631,0.466,0.538,0.697,0.394,0.82,0.824,0.785,0.478,0.764,0.373,0.752,0.751,0.784,0.757,0.643,0.497,0.491,0.473
0.553,0.553,0.622,0.622,0.298,0.662,0.508,0.37,0.691,0.681,0.37,0.425,0.438,0.298,0.425,0.37,0.438,0.298,0.428,0.438,0.605,0.511,0.605,0.446,0.438,0.508,0.446,0.37,0.366,0.681,0.366,0.511,0.241,0.301,0.426,0.301,0.64,0.426,0.241,0.64,0.786,0.301,0.808,0.486,0.301,0.64,0.539,0.808,0.774,0.808,0.736,0.793,0.964,0.211,0.713,0.211,0.208,0.824,0.824,0.824,0.464,0.713,0.208,0.713,0.964,0.464,0.3,0.819,0.3,0.888,0.888,0.888,0.771,0.245,0.591,0.474,0.971,0.782,0.948,0.971,0.609,0.245,0.845,0.523,0.786,0.845,0.948,0.466,0.649,0.568,0.245,0.578,0.459,0.554,0.855,0.845,0.565,0.855,0.855,0.444,0.866,0.874,0.748,0.866,0.866,0.688,0.438,0.94,0.94,0.956,0.996,0.662,0.349,0.722,0.524,0.51,0.482,0.898,0.362,0.662,0.441,0.335,0.404,0.444,0.56,0.835,0.469,0.207,0.835,0.961,0.442,0.913,0.418,0.964,0.762,0.935,0.322,0.869,0.116,0.935,0.912,0.306,0.936,0.052,0.912,0.517,0.912,0.935,0.931,0.056,0.055,0.07,0.173,0.466,0.253,0.935,0.202,0.079,0.261,0.058,0.253,0.131,0.217,0.233,0.239,0.446,0.452,0.256
0.626,0.626,0.694,0.694,0.406,0.728,0.531,0.543,0.665,0.626,0.543,0.453,0.627,0.406,0.453,0.543,0.627,0.406,0.193,0.627,0.641,0.639,0.641,0.563,0.627,0.531,0.563,0.543,0.554,0.626,0.554,0.639,0.345,0.612,0.54,0.612,0.567,0.54,0.345,0.567,0.573,0.612,0.542,0.138,0.612,0.567,0.221,0.542,0.057,0.542,0.696,0.539,0.525,0.264,0.352,0.264,0.26,0.483,0.483,0.483,0.558,0.352,0.26,0.352,0.525,0.558,0.577,0.046,0.577,0.687,0.687,0.687,0.66,0.621,0.132,0.504,0.522,0.007,0.543,0.522,0.32,0.621,0.779,0.345,0.042,0.779,0.543,0.503,0.306,0.009,0.621,0.123,0.505,0.326,0.728,0.779,0.121,0.728,0.728,0.486,0.64,0.572,0.011,0.64,0.64,0.023,0.521,0.605,0.605,0.617,0.808,0.707,0.481,0.781,0.29,0.01,0.059,0.768,0.419,0.707,0.522,0.404,0.052,0.291,0.311,0.544,0.027,0.07,0.544,0.715,0.26,0.649,0.279,0.78,0.077,0.797,0.086,0.557,0.042,0.797,0.809,0.072,0.15,0.348,0.809,0.056,0.809,0.797,0.155,0.395,0.237,0.226,0.061,0.047,0.133,0.17,0.238,0.216,0.286,0.315,0.27,0.094,0.128,0.125,0.125,0.341,0.384,0.243
0.566,0.566,0.601,0.601,0.728,0.309,0.724,0.634,0.33,0.74,0.634,0.735,0.549,0.728,0.735,0.634,0.549,0.728,0.449,0.549,0.565,0.709,0.565,0.601,0.549,0.724,0.601,0.634,0.622,0.74,0.622,0.709,0.492,0.632,0.671,0.632,0.847,0.671,0.492,0.847,0.275,0.632,0.833,0.524,0.632,0.847,0.427,0.833,0.747,0.833,0.244,0.283,0.244,0.453,0.547,0.453,0.454,0.531,0.531,0.531,0.76,0.547,0.454,0.547,0.244,0.76,0.621,0.862,0.621,0.204,0.204,0.204,0.141,0.742,0.341,0.16,0.809,0.833,0.719,0.809,0.222,0.742,0.505,0.243,0.834,0.505,0.719,0.161,0.182,0.854,0.742,0.292,0.16,0.239,0.262,0.505,0.668,0.262,0.262,0.156,0.497,0.748,0.8,0.497,0.497,0.825,0.148,0.972,0.972,0.973,0.988,0.971,0.089,0.97,0.236,0.831,0.756,0.841,0.105,0.971,0.152,0.104,0.771,0.052,0.179,0.945,0.805,0.991,0.945,0.998,0.026,0.322,0.022,0.97,0.763,0.93,0.991,0.953,0.995,0.93,0.907,0.805,0.554,0.98,0.907,0.823,0.907,0.93,0.561,0.998,0.989,0.998,0.011,0.667,0.004,0.527,0.01,0.999,0.01,0.977,0.01,0.011,0.004,0.003,0.005,0.02,0.018,0.006
0.989,0.989,0.99,0.99,0.959,0.209,0.996,0.975,0.233,0.972,0.975,0.996,0.982,0.959,0.996,0.975,0.982,0.959,0.975,0.982,0.964,0.948,0.964,0.948,0.982,0.996,0.948,0.975,0.89,0.972,0.89,0.948,0.684,0.964,0.979,0.964,0.939,0.979,0.684,0.939,0.188,0.964,0.823,0.043,0.964,0.939,0.95,0.823,0.416,0.823,0.311,0.198,0.681,0.67,0.985,0.67,0.642,0.969,0.969,0.969,0.964,0.985,0.642,0.985,0.681,0.964,0.949,0.526,0.949,0.89,0.89,0.89,0.193,0.82,0.036,0.531,0.528,0.624,0.717,0.528,0.49,0.82,0.93,0.31,0.495,0.93,0.717,0.533,0.473,0.679,0.82,0.037,0.533,0.302,0.868,0.93,0.763,0.868,0.868,0.54,0.878,0.731,0.637,0.878,0.878,0.837,0.433,0.093,0.093,0.117,0.181,0.055,0.091,0.065,0.323,0.724,0.876,0.605,0.099,0.055,0.439,0.103,0.88,0.085,0.465,0.118,0.864,0.517,0.118,0.131,0.101,0.816,0.098,0.192,0.794,0.614,0.476,0.139,0.489,0.614,0.699,0.812,0.42,0.209,0.699,0.595,0.699,0.614,0.423,0.138,0.178,0.128,0.672,0.622,0.702,0.358,0.538,0.144,0.666,0.198,0.661,0.62,0.702,0.687,0.707,0.678,0.702,0.9
0.347,0.347,0.464,0.464,0.138,0.49,0.344,0.233,0.47,0.218,0.233,0.29,0.294,0.138,0.29,0.233,0.294,0.138,0.747,0.294,0.346,0.134,0.346,0.286,0.294,0.344,0.286,0.233,0.232,0.218,0.232,0.134,0.15,0.248,0.312,0.248,0.785,0.312,0.15,0.785,0.818,0.248,0.666,0.188,0.248,0.785,0.747,0.666,0.183,0.666,0.344,0.732,0.438,0.084,0.8,0.084,0.083,0.702,0.702,0.702,0.154,0.8,0.083,0.8,0.438,0.154,0.23,0.124,0.23,0.068,0.068,0.068,0.797,0.371,0.166,0.943,0.287,0.02,0.285,0.287,0.847,0.371,0.242,0.693,0.081,0.242,0.285,0.951,0.8,0.021,0.371,0.175,0.934,0.737,0.09,0.242,0.748,0.09,0.09,0.946,0.087,0.371,0.019,0.087,0.087,0.018,0.833,0.888,0.888,0.895,0.89,0.724,0.46,0.753,0.746,0.024,0.117,0.237,0.584,0.724,0.851,0.564,0.117,0.476,0.84,0.881,0.024,0.917,0.881,0.435,0.637,0.143,0.613,0.803,0.112,0.51,0.899,0.874,0.615,0.51,0.562,0.178,0.373,0.469,0.562,0.068,0.562,0.51,0.407,0.523,0.723,0.765,0.759,0.054,0.771,0.331,0.776,0.789,0.89,0.823,0.917,0.753,0.849,0.753,0.781,0.703,0.662,0.72
0.947,0.947,0.898,0.898,0.967,0.271,0.875,0.893,0.275,0.844,0.893,0.892,0.841,0.967,0.892,0.893,0.841,0.967,0.767,0.841,0.808,0.872,0.808,0.804,0.841,0.875,0.804,0.893,0.844,0.844,0.844,0.872,0.778,0.917,0.883,0.917,0.97,0.883,0.778,0.97,0.516,0.917,0.94,0.582,0.917,0.97,0.674,0.94,0.688,0.94,0.317,0.517,0.749,0.759,0.941,0.759,0.78,0.885,0.885,0.885,0.889,0.941,0.78,0.941,0.749,0.889,0.894,0.734,0.894,0.79,0.79,0.79,0.468,0.993,0.559,0.444,0.639,0.473,0.667,0.639,0.369,0.993,0.974,0.385,0.744,0.974,0.667,0.401,0.35,0.524,0.993,0.537,0.429,0.413,0.508,0.974,0.777,0.508,0.508,0.415,0.546,0.77,0.468,0.546,0.546,0.606,0.369,0.19,0.19,0.116,0.363,0.422,0.408,0.488,0.406,0.545,0.193,0.779,0.462,0.422,0.352,0.472,0.27,0.609,0.429,0.238,0.641,0.791,0.238,0.72,0.663,0.855,0.666,0.4,0.809,0.745,0.798,0.161,0.712,0.745,0.732,0.294,0.551,0.807,0.732,0.634,0.732,0.745,0.551,0.748,0.743,0.661,0.913,0.525,0.924,0.498,0.135,0.7,0.035,0.703,0.037,0.954,0.908,0.94,0.96,0.016,0.007,0.16
0.797,0.797,0.818,0.818,0.774,0.05,0.629,0.648,0.057,0.399,0.648,0.661,0.544,0.774,0.661,0.648,0.544,0.774,0.727,0.544,0.813,0.429,0.813,0.534,0.544,0.629,0.534,0.648,0.633,0.399,0.633,0.429,0.472,0.572,0.704,0.572,0.688,0.704,0.472,0.688,0.048,0.572,0.437,0.557,0.572,0.688,0.563,0.437,0.108,0.437,0.048,0.043,0.184,0.508,0.623,0.508,0.529,0.405,0.405,0.405,0.415,0.623,0.529,0.623,0.184,0.415,0.584,0.108,0.584,0.067,0.067,0.067,0.043,0.862,0.344,0.067,0.16,0.15,0.082,0.16,0.087,0.862,0.554,0.09,0.115,0.554,0.082,0.058,0.079,0.166,0.862,0.371,0.067,0.092,0.164,0.554,0.924,0.164,0.164,0.062,0.283,0.155,0.157,0.283,0.283,0.217,0.053,0.923,0.923,0.787,0.518,0.812,0.641,0.866,0.075,0.173,0.31,0.233,0.708,0.812,0.049,0.712,0.388,0.556,0.072,0.93,0.196,0.88,0.93,0.914,0.625,0.079,0.618,0.415,0.322,0.448,0.911,0.807,0.882,0.448,0.447,0.697,0.511,0.973,0.447,0.343,0.447,0.448,0.501,0.883,0.931,0.951,0.93,0.361,0.925,0.448,0.67,0.923,0.637,0.93,0.648,0.843,0.978,0.937,0.972,0.691,0.707,0.871
0.759,0.759,0.816,0.816,0.727,0.099,0.778,0.556,0.107,0.624,0.556,0.699,0.584,0.727,0.699,0.556,0.584,0.727,0.805,0.584,0.848,0.627,0.848,0.561,0.584,0.778,0.561,0.556,0.574,0.624,0.574,0.627,0.373,0.597,0.732,0.597,0.901,0.732,0.373,0.901,0.125,0.597,0.868,0.761,0.597,0.901,0.834,0.868,0.755,0.868,0.089,0.158,0.625,0.503,0.854,0.503,0.5,0.896,0.896,0.896,0.614,0.854,0.5,0.854,0.625,0.614,0.617,0.726,0.617,0.46,0.46,0.46,0.371,0.632,0.643,0.608,0.348,0.668,0.515,0.348,0.086,0.632,0.848,0.117,0.738,0.848,0.515,0.642,0.086,0.535,0.632,0.771,0.595,0.122,0.445,0.848,0.194,0.445,0.445,0.636,0.628,0.414,0.614,0.628,0.628,0.662,0.659,0.643,0.643,0.622,0.833,0.426,0.829,0.438,0.125,0.507,0.71,0.253,0.844,0.426,0.652,0.784,0.744,0.832,0.111,0.476,0.558,0.303,0.476,0.317,0.689,0.549,0.753,0.733,0.729,0.638,0.328,0.458,0.342,0.638,0.812,0.732,0.003,0.683,0.812,0.824,0.812,0.638,0.002,0.471,0.39,0.475,0.556,0.833,0.522,0.001,0.893,0.491,0.836,0.376,0.829,0.602,0.497,0.557,0.53,0.865,0.943,0.963
0.81,0.81,0.72,0.72,0.924,0.646,0.98,0.942,0.629,0.731,0.942,0.995,0.913,0.924,0.995,0.942,0.913,0.924,0.718,0.913,0.9,0.796,0.9,0.926,0.913,0.98,0.926,0.942,0.95,0.731,0.95,0.796,0.687,0.958,0.964,0.958,0.238,0.964,0.687,0.238,0.716,0.958,0.265,0.004,0.958,0.238,0.6,0.265,0.068,0.265,0.501,0.716,0.629,0.697,0.218,0.697,0.711,0.331,0.331,0.331,0.818,0.218,0.711,0.218,0.629,0.818,0.969,0.06,0.969,0.261,0.261,0.261,0.464,0.832,0.005,0.639,0.494,0.146,0.485,0.494,0.355,0.832,0.45,0.393,0.06,0.45,0.485,0.619,0.333,0.187,0.832,0.004,0.66,0.422,0.347,0.45,0.716,0.347,0.347,0.637,0.353,0.565,0.144,0.353,0.353,0.219,0.605,0.834,0.834,0.891,0.709,0.891,0.101,0.9,0.353,0.18,0.06,0.495,0.146,0.891,0.63,0.157,0.076,0.148,0.329,0.893,0.238,0.065,0.893,0.98,0.149,0.392,0.156,0.729,0.206,0.242,0.055,0.935,0.091,0.242,0.295,0.115,0.323,0.998,0.295,0.25,0.295,0.242,0.317,0.992,0.954,0.984,0.181,0.191,0.155,0.309,0.226,0.982,0.312,0.923,0.318,0.206,0.162,0.152,0.149,0.349,0.313,0.313
0.152,0.152,0.116,0.116,0.707,0.981,0.49,0.616,0.955,0.956,0.616,0.521,0.593,0.707,0.521,0.616,0.593,0.707,0.597,0.593,0.137,0.915,0.137,0.478,0.593,0.49,0.478,0.616,0.542,0.956,0.542,0.915,0.62,0.475,0.446,0.475,0.716,0.446,0.62,0.716,0.512,0.475,0.919,0.43,0.475,0.716,0.791,0.919,0.351,0.919,0.904,0.468,0.571,0.678,0.81,0.678,0.619,0.91,0.91,0.91,0.872,0.81,0.619,0.81,0.571,0.872,0.459,0.325,0.459,0.694,0.694,0.694,0.352,0.787,0.509,0.574,0.588,0.441,0.665,0.588,0.739,0.787,0.896,0.69,0.42,0.896,0.665,0.574,0.749,0.362,0.787,0.518,0.532,0.7,0.753,0.896,0.227,0.753,0.753,0.521,0.764,0.902,0.435,0.764,0.764,0.489,0.566,0.962,0.962,0.976,0.958,0.646,0.756,0.863,0.715,0.342,0.67,0.854,0.702,0.646,0.541,0.687,0.627,0.602,0.722,0.875,0.275,0.654,0.875,0.846,0.628,0.8,0.606,0.947,0.192,0.746,0.599,0.894,0.775,0.746,0.822,0.496,0.889,0.426,0.822,0.252,0.822,0.746,0.904,0.81,0.249,0.576,0.741,0.243,0.671,0.954,0.829,0.64,0.872,0.243,0.911,0.762,0.747,0.618,0.668,0.955,0.938,0.584
0.433,0.433,0.369,0.369,0.215,0.137,0.29,0.418,0.135,0.276,0.418,0.339,0.394,0.215,0.339,0.418,0.394,0.215,0.275,0.394,0.453,0.269,0.453,0.393,0.394,0.29,0.393,0.418,0.402,0.276,0.402,0.269,0.22,0.495,0.341,0.495,0.471,0.341,0.22,0.471,0.155,0.495,0.44,0.966,0.495,0.471,0.366,0.44,0.695,0.44,0.235,0.199,0.038,0.228,0.23,0.228,0.21,0.199,0.199,0.199,0.34,0.23,0.21,0.23,0.038,0.34,0.537,0.83,0.537,0.079,0.079,0.079,0.147,0.233,0.965,0.7,0.178,0.247,0.204,0.178,0.053,0.233,0.038,0.07,0.886,0.038,0.204,0.722,0.049,0.253,0.233,0.947,0.69,0.068,0.533,0.038,0.047,0.533,0.533,0.699,0.626,0.426,0.317,0.626,0.626,0.472,0.859,0.268,0.268,0.286,0.563,0.37,0.584,0.499,0.087,0.304,0.766,0.391,0.649,0.37,0.832,0.635,0.707,0.51,0.078,0.298,0.627,0.903,0.298,0.295,0.429,0.045,0.448,0.642,0.889,0.391,0.953,0.324,0.609,0.391,0.442,0.922,0.058,0.725,0.442,0.459,0.442,0.391,0.055,0.556,0.894,0.648,0.392,0.611,0.366,0.044,0.652,0.605,0.391,0.736,0.436,0.395,0.355,0.271,0.276,0.679,0.549,0.813
0.078,0.078,0.095,0.095,0.529,0.699,0.232,0.275,0.844,0.281,0.275,0.19,0.262,0.529,0.19,0.275,0.262,0.529,0.502,0.262,0.044,0.237,0.044,0.253,0.262,0.232,0.253,0.275,0.255,0.281,0.255,0.237,0.879,0.268,0.178,0.268,0.612,0.178,0.879,0.612,0.446,0.268,0.49,0.418,0.268,0.612,0.295,0.49,0.141,0.49,0.687,0.495,0.835,0.907,0.644,0.907,0.909,0.511,0.511,0.511,0.239,0.644,0.909,0.644,0.835,0.239,0.207,0.188,0.207,0.66,0.66,0.66,0.544,0.391,0.606,0.468,0.875,0.451,0.865,0.875,0.733,0.391,0.61,0.625,0.174,0.61,0.865,0.437,0.761,0.403,0.391,0.569,0.48,0.601,0.49,0.61,0.846,0.49,0.49,0.45,0.491,0.794,0.355,0.491,0.491,0.308,0.411,0.739,0.739,0.478,0.686,0.492,0.012,0.712,0.549,0.325,0.568,0.819,0.017,0.492,0.428,0.017,0.585,0.01,0.617,0.741,0.44,0.011,0.741,0.52,0.014,0.757,0.013,0.643,0.646,0.622,0.012,0.762,0.041,0.622,0.606,0.703,0.944,0.007,0.606,0.617,0.606,0.622,0.94,0.012,0.004,0.01,0.037,0.461,0.024,0.946,0.049,0.008,0.053,0.004,0.053,0.035,0.027,0.025,0.027,0.047,0.04,0.05
0.577,0.577,0.516,0.516,0.75,0.02,0.398,0.784,0.021,0.919,0.784,0.48,0.78,0.75,0.48,0.784,0.78,0.75,0.519,0.78,0.53,0.92,0.53,0.753,0.78,0.398,0.753,0.784,0.766,0.919,0.766,0.92,0.646,0.836,0.451,0.836,0.965,0.451,0.646,0.965,0.167,0.836,0.95,0.891,0.836,0.965,0.527,0.95,0.486,0.95,0.028,0.192,0.751,0.587,0.91,0.587,0.626,0.893,0.893,0.893,0.914,0.91,0.626,0.91,0.751,0.914,0.789,0.497,0.789,0.752,0.752,0.752,0.276,0.857,0.825,0.827,0.896,0.267,0.828,0.896,0.171,0.857,0.917,0.125,0.535,0.917,0.828,0.814,0.173,0.333,0.857,0.83,0.841,0.165,0.693,0.917,0.435,0.693,0.693,0.828,0.717,0.783,0.255,0.717,0.717,0.248,0.835,0.174,0.174,0.159,0.352,0.581,0.913,0.579,0.142,0.308,0.433,0.855,0.856,0.581,0.85,0.899,0.433,0.921,0.101,0.133,0.344,0.947,0.133,0.642,0.845,0.787,0.858,0.228,0.442,0.956,0.762,0.124,0.949,0.956,0.948,0.323,0.084,0.598,0.948,0.578,0.948,0.956,0.085,0.592,0.627,0.598,0.22,0.529,0.199,0.077,0.327,0.428,0.299,0.742,0.296,0.224,0.193,0.19,0.195,0.395,0.393,0.469
0.74,0.74,0.794,0.794,0.118,0.277,0.81,0.972,0.23,0.869,0.972,0.835,0.953,0.118,0.835,0.972,0.953,0.118,0.607,0.953,0.925,0.895,0.925,0.997,0.953,0.81,0.997,0.972,0.998,0.869,0.998,0.895,0.97,0.995,0.861,0.995,0.532,0.861,0.97,0.532,0.433,0.995,0.84,0.187,0.995,0.532,0.816,0.84,0.484,0.84,0.24,0.437,0.732,0.956,0.666,0.956,0.95,0.82,0.82,0.82,0.925,0.666,0.95,0.666,0.732,0.925,0.992,0.461,0.992,0.795,0.795,0.795,0.399,0.039,0.196,0.545,0.862,0.699,0.872,0.862,0.251,0.039,0.864,0.692,0.436,0.864,0.872,0.509,0.266,0.633,0.039,0.209,0.566,0.705,0.905,0.864,0.175,0.905,0.905,0.529,0.867,0.91,0.73,0.867,0.867,0.377,0.479,0.935,0.935,0.899,0.95,0.406,0.563,0.117,0.628,0.626,0.321,0.899,0.694,0.406,0.485,0.678,0.38,0.45,0.209,0.677,0.422,0.952,0.677,0.212,0.412,0.826,0.394,0.886,0.339,0.894,0.952,0.746,0.766,0.894,0.918,0.341,0.961,0.61,0.918,0.302,0.918,0.894,0.961,0.668,0.731,0.822,0.142,0.297,0.057,0.947,0.028,0.84,0.007,0.846,0.007,0.121,0.067,0.073,0.075,0.008,0.016,0.031
0.104,0.104,0.11,0.11,0.753,0.736,0.134,0.176,0.67,0.199,0.176,0.09,0.222,0.753,0.09,0.176,0.222,0.753,0.814,0.222,0.066,0.16,0.066,0.218,0.222,0.134,0.218,0.176,0.204,0.199,0.204,0.16,0.648,0.165,0.038,0.165,0.579,0.038,0.648,0.579,0.66,0.165,0.355,0.198,0.165,0.579,0.754,0.355,0.546,0.355,0.664,0.68,0.326,0.598,0.732,0.598,0.57,0.533,0.533,0.533,0.178,0.732,0.57,0.732,0.326,0.178,0.202,0.467,0.202,0.765,0.765,0.765,0.512,0.848,0.239,0.654,0.093,0.412,0.089,0.093,0.623,0.848,0.527,0.493,0.389,0.527,0.089,0.651,0.574,0.364,0.848,0.309,0.63,0.492,0.535,0.527,0.357,0.535,0.535,0.624,0.513,0.339,0.407,0.513,0.513,0.612,0.645,0.433,0.433,0.428,0.705,0.88,0.364,0.868,0.528,0.48,0.353,0.356,0.372,0.88,0.645,0.374,0.323,0.515,0.526,0.587,0.562,0.055,0.587,0.537,0.41,0.506,0.41,0.904,0.672,0.147,0.041,0.601,0.052,0.147,0.162,0.757,0.158,0.012,0.162,0.681,0.162,0.147,0.156,0.014,0.014,0.012,0.059,0.676,0.062,0.156,0.089,0.012,0.163,0.019,0.157,0.057,0.066,0.058,0.06,0.078,0.071,0.09
0.221,0.221,0.169,0.169,0.659,0.791,0.133,0.242,0.896,0.195,0.242,0.134,0.237,0.659,0.134,0.242,0.237,0.659,0.605,0.237,0.171,0.184,0.171,0.235,0.237,0.133,0.235,0.242,0.242,0.195,0.242,0.184,0.104,0.137,0.145,0.137,0.12,0.145,0.104,0.12,0.683,0.137,0.208,0.88,0.137,0.12,0.762,0.208,0.926,0.208,0.641,0.514,0.645,0.061,0.161,0.061,0.059,0.192,0.192,0.192,0.185,0.161,0.059,0.161,0.645,0.185,0.195,0.977,0.195,0.307,0.307,0.307,0.564,0.732,0.898,0.361,0.186,0.556,0.1,0.186,0.393,0.732,0.806,0.456,0.974,0.806,0.1,0.433,0.426,0.532,0.732,0.9,0.399,0.416,0.088,0.806,0.393,0.088,0.088,0.429,0.052,0.232,0.574,0.052,0.052,0.371,0.428,0.181,0.181,0.16,0.365,0.304,0.965,0.306,0.41,0.459,0.629,0.341,0.962,0.304,0.436,0.956,0.672,0.872,0.428,0.097,0.465,0.461,0.097,0.604,0.958,0.759,0.955,0.339,0.429,0.465,0.386,0.083,0.578,0.465,0.414,0.369,0.163,0.212,0.414,0.779,0.414,0.465,0.167,0.211,0.17,0.164,0.393,0.768,0.406,0.178,0.747,0.166,0.428,0.175,0.448,0.381,0.407,0.428,0.371,0.631,0.561,0.858
0.554,0.554,0.744,0.744,0.935,0.702,0.43,0.341,0.765,0.31,0.341,0.446,0.324,0.935,0.446,0.341,0.324,0.935,0.934,0.324,0.815,0.334,0.815,0.337,0.324,0.43,0.337,0.341,0.36,0.31,0.36,0.334,0.249,0.474,0.65,0.474,0.95,0.65,0.249,0.95,0.915,0.474,0.946,0.817,0.474,0.95,0.943,0.946,0.663,0.946,0.794,0.94,0.859,0.254,0.984,0.254,0.258,0.981,0.981,0.981,0.412,0.984,0.258,0.984,0.859,0.412,0.485,0.585,0.485,0.474,0.474,0.474,0.942,0.473,0.456,0.52,0.987,0.22,0.98,0.987,0.747,0.473,0.888,0.681,0.629,0.888,0.98,0.522,0.733,0.19,0.473,0.467,0.515,0.68,0.97,0.888,0.463,0.97,0.97,0.514,0.96,0.992,0.272,0.96,0.96,0.277,0.561,0.686,0.686,0.671,0.419,0.214,0.595,0.256,0.696,0.236,0.304,0.997,0.629,0.214,0.549,0.592,0.219,0.483,0.803,0.703,0.315,0.193,0.703,0.22,0.543,0.891,0.56,0.447,0.342,0.988,0.227,0.689,0.119,0.988,0.996,0.213,0.715,0.061,0.996,0.361,0.996,0.988,0.71,0.057,0.068,0.069,0.148,0.37,0.235,0.875,0.177,0.076,0.284,0.076,0.287,0.139,0.23,0.231,0.223,0.259,0.301,0.389
0.022,0.022,0.025,0.025,0.172,0.958,0.05,0.058,0.962,0.043,0.058,0.044,0.058,0.172,0.044,0.058,0.058,0.172,0.248,0.058,0.042,0.049,0.042,0.06,0.058,0.05,0.06,0.058,0.057,0.043,0.057,0.049,0.04,0.107,0.126,0.107,0.772,0.126,0.04,0.772,0.074,0.107,0.473,0.18,0.107,0.772,0.082,0.473,0.53,0.473,0.986,0.077,0.52,0.049,0.662,0.049,0.05,0.73,0.73,0.73,0.074,0.662,0.05,0.662,0.52,0.074,0.124,0.404,0.124,0.218,0.218,0.218,0.116,0.505,0.25,0.073,0.472,0.346,0.503,0.472,0.127,0.505,0.619,0.11,0.41,0.619,0.503,0.077,0.125,0.323,0.505,0.243,0.075,0.107,0.261,0.619,0.774,0.261,0.261,0.079,0.278,0.628,0.204,0.278,0.278,0.434,0.108,0.444,0.444,0.552,0.192,0.551,0.567,0.656,0.171,0.171,0.139,0.543,0.441,0.551,0.107,0.452,0.139,0.452,0.226,0.792,0.372,0.305,0.792,0.689,0.321,0.516,0.372,0.425,0.164,0.748,0.27,0.823,0.459,0.748,0.718,0.111,0.588,0.139,0.718,0.158,0.718,0.748,0.582,0.104,0.129,0.121,0.447,0.126,0.506,0.756,0.324,0.101,0.32,0.12,0.317,0.521,0.441,0.479,0.412,0.483,0.48,0.556
0.945,0.945,0.903,0.903,0.056,0.164,0.884,0.795,0.159,0.83,0.795,0.916,0.736,0.056,0.916,0.795,0.736,0.056,0.135,0.736,0.962,0.849,0.962,0.772,0.736,0.884,0.772,0.795,0.811,0.83,0.811,0.849,0.412,0.801,0.94,0.801,0.796,0.94,0.412,0.796,0.663,0.801,0.581,0.008,0.801,0.796,0.219,0.581,0.007,0.581,0.175,0.72,0.563,0.43,0.574,0.43,0.42,0.67,0.67,0.67,0.807,0.574,0.42,0.574,0.563,0.807,0.754,0.009,0.754,0.825,0.825,0.825,0.194,0.098,0.006,0.398,0.267,0.018,0.32,0.267,0.583,0.098,0.564,0.557,0.011,0.564,0.32,0.393,0.568,0.017,0.098,0.007,0.404,0.566,0.749,0.564,0.326,0.749,0.749,0.406,0.744,0.547,0.022,0.744,0.744,0.009,0.471,0.559,0.559,0.545,0.474,0.317,0.35,0.277,0.667,0.02,0.026,0.296,0.24,0.317,0.484,0.267,0.025,0.46,0.771,0.347,0.009,0.485,0.347,0.758,0.242,0.39,0.223,0.247,0.091,0.402,0.573,0.27,0.594,0.402,0.444,0.032,0.198,0.706,0.444,0.066,0.444,0.402,0.196,0.859,0.841,0.823,0.786,0.061,0.741,0.165,0.871,0.725,0.838,0.902,0.839,0.785,0.749,0.789,0.754,0.846,0.894,0.96
0.634,0.634,0.784,0.784,0.349,0.241,0.751,0.633,0.242,0.467,0.633,0.787,0.554,0.349,0.787,0.633,0.554,0.349,0.437,0.554,0.911,0.488,0.911,0.573,0.554,0.751,0.573,0.633,0.58,0.467,0.58,0.488,0.437,0.68,0.821,0.68,0.407,0.821,0.437,0.407,0.391,0.68,0.131,0.962,0.68,0.407,0.141,0.131,0.929,0.131,0.199,0.345,0.03,0.303,0.651,0.303,0.3,0.321,0.321,0.321,0.679,0.651,0.3,0.651,0.03,0.679,0.687,0.924,0.687,0.297,0.297,0.297,0.64,0.211,0.954,0.382,0.043,0.49,0.046,0.043,0.703,0.211,0.125,0.593,0.908,0.125,0.046,0.395,0.685,0.358,0.211,0.952,0.351,0.587,0.328,0.125,0.355,0.328,0.328,0.36,0.344,0.187,0.447,0.344,0.344,0.614,0.545,0.079,0.079,0.081,0.233,0.308,0.501,0.373,0.751,0.331,0.63,0.178,0.558,0.308,0.474,0.532,0.469,0.584,0.789,0.287,0.443,0.591,0.287,0.187,0.74,0.136,0.691,0.331,0.787,0.162,0.692,0.286,0.756,0.162,0.177,0.661,0.193,0.597,0.177,0.392,0.177,0.162,0.202,0.737,0.604,0.552,0.712,0.34,0.819,0.205,0.68,0.483,0.767,0.43,0.735,0.752,0.777,0.831,0.824,0.774,0.775,0.927
0.515,0.515,0.497,0.497,0.892,0.24,0.471,0.389,0.258,0.425,0.389,0.477,0.353,0.892,0.477,0.389,0.353,0.892,0.263,0.353,0.549,0.461,0.549,0.35,0.353,0.471,0.35,0.389,0.395,0.425,0.395,0.461,0.36,0.449,0.543,0.449,0.909,0.543,0.36,0.909,0.936,0.449,0.874,0.654,0.449,0.909,0.31,0.874,0.441,0.874,0.394,0.832,0.914,0.283,0.962,0.283,0.275,0.954,0.954,0.954,0.519,0.962,0.275,0.962,0.914,0.519,0.461,0.575,0.461,0.873,0.873,0.873,0.828,0.657,0.689,0.46,0.965,0.648,0.955,0.965,0.638,0.657,0.95,0.614,0.517,0.95,0.955,0.471,0.63,0.602,0.657,0.652,0.485,0.604,0.952,0.95,0.44,0.952,0.952,0.505,0.968,0.989,0.654,0.968,0.968,0.71,0.588,0.812,0.812,0.859,0.983,0.35,0.948,0.346,0.749,0.56,0.39,0.991,0.955,0.35,0.637,0.966,0.423,0.968,0.714,0.838,0.563,0.571,0.838,0.743,0.962,0.907,0.967,0.963,0.526,0.995,0.473,0.853,0.483,0.995,0.998,0.292,0.812,0.707,0.998,0.677,0.998,0.995,0.775,0.58,0.584,0.798,0.806,0.718,0.923,0.793,0.228,0.855,0.097,0.763,0.109,0.772,0.93,0.864,0.896,0.092,0.092,0.18
0.806,0.806,0.77,0.77,0.929,0.29,0.624,0.643,0.293,0.476,0.643,0.664,0.591,0.929,0.664,0.643,0.591,0.929,0.907,0.591,0.783,0.602,0.783,0.618,0.591,0.624,0.618,0.643,0.603,0.476,0.603,0.602,0.235,0.626,0.696,0.626,0.605,0.696,0.235,0.605,0.527,0.626,0.599,0.525,0.626,0.605,0.956,0.599,0.821,0.599,0.264,0.485,0.758,0.269,0.614,0.269,0.259,0.614,0.614,0.614,0.491,0.614,0.259,0.614,0.758,0.491,0.635,0.855,0.635,0.917,0.917,0.917,0.614,0.913,0.67,0.582,0.627,0.848,0.652,0.627,0.318,0.913,0.964,0.339,0.841,0.964,0.652,0.558,0.31,0.756,0.913,0.626,0.565,0.348,0.946,0.964,0.833,0.946,0.946,0.542,0.88,0.915,0.841,0.88,0.88,0.816,0.572,0.832,0.832,0.826,0.951,0.362,0.992,0.311,0.33,0.737,0.905,0.904,1.0,0.362,0.564,1.0,0.722,0.99,0.331,0.775,0.717,0.362,0.775,0.878,0.973,0.896,0.969,0.967,0.949,0.796,0.441,0.777,0.665,0.796,0.829,0.926,0.226,0.664,0.829,0.932,0.829,0.796,0.226,0.837,0.345,0.684,0.779,0.925,0.572,0.229,0.952,0.553,0.866,0.334,0.866,0.89,0.613,0.711,0.739,0.939,0.919,0.912
0.383,0.383,0.43,0.43,0.814,0.045,0.36,0.333,0.047,0.262,0.333,0.36,0.331,0.814,0.36,0.333,0.331,0.814,0.886,0.331,0.422,0.267,0.422,0.323,0.331,0.36,0.323,0.333,0.33,0.262,0.33,0.267,0.153,0.347,0.349,0.347,0.48,0.349,0.153,0.48,0.303,0.347,0.316,0.724,0.347,0.48,0.761,0.316,0.744,0.316,0.062,0.334,0.585,0.141,0.836,0.141,0.138,0.701,0.701,0.701,0.27,0.836,0.138,0.836,0.585,0.27,0.368,0.927,0.368,0.786,0.786,0.786,0.216,0.844,0.733,0.314,0.736,0.882,0.659,0.736,0.163,0.844,0.452,0.127,0.902,0.452,0.659,0.324,0.133,0.899,0.844,0.949,0.332,0.146,0.772,0.452,0.971,0.772,0.772,0.344,0.712,0.272,0.92,0.712,0.712,0.824,0.375,0.512,0.512,0.54,0.829,0.853,0.762,0.886,0.117,0.887,0.76,0.33,0.756,0.853,0.41,0.762,0.801,0.822,0.103,0.671,0.753,0.691,0.671,0.888,0.822,0.262,0.829,0.812,0.881,0.632,0.54,0.657,0.528,0.632,0.677,0.878,0.023,0.701,0.677,0.893,0.677,0.632,0.026,0.83,0.48,0.649,0.731,0.854,0.802,0.041,0.833,0.773,0.77,0.642,0.76,0.808,0.789,0.699,0.701,0.902,0.815,0.91
0.342,0.342,0.313,0.313,0.773,0.613,0.484,0.277,0.652,0.272,0.277,0.373,0.318,0.773,0.373,0.277,0.318,0.773,0.862,0.318,0.373,0.192,0.373,0.32,0.318,0.484,0.32,0.277,0.275,0.272,0.275,0.192,0.143,0.261,0.298,0.261,0.477,0.298,0.143,0.477,0.922,0.261,0.434,0.981,0.261,0.477,0.714,0.434,0.832,0.434,0.562,0.925,0.866,0.103,0.474,0.103,0.098,0.407,0.407,0.407,0.214,0.474,0.098,0.474,0.866,0.214,0.262,0.38,0.262,0.799,0.799,0.799,0.745,0.781,0.518,0.397,0.653,0.796,0.506,0.653,0.545,0.781,0.853,0.449,0.444,0.853,0.506,0.374,0.486,0.638,0.781,0.544,0.403,0.474,0.364,0.853,0.881,0.364,0.364,0.381,0.356,0.562,0.86,0.356,0.356,0.747,0.437,0.851,0.851,0.844,0.105,0.994,0.067,0.997,0.555,0.7,0.495,0.553,0.064,0.994,0.415,0.054,0.521,0.094,0.591,0.9,0.542,0.548,0.9,0.467,0.105,0.727,0.1,0.143,0.513,0.778,0.56,0.888,0.511,0.778,0.621,0.613,0.555,0.474,0.621,0.558,0.621,0.778,0.579,0.572,0.503,0.699,0.511,0.566,0.575,0.566,0.544,0.585,0.479,0.478,0.483,0.513,0.609,0.598,0.619,0.793,0.777,0.496
0.635,0.635,0.619,0.619,0.921,0.127,0.632,0.5,0.147,0.362,0.5,0.598,0.485,0.921,0.598,0.5,0.485,0.921,0.398,0.485,0.718,0.343,0.718,0.448,0.485,0.632,0.448,0.5,0.496,0.362,0.496,0.343,0.71,0.606,0.669,0.606,0.237,0.669,0.71,0.237,0.153,0.606,0.296,0.801,0.606,0.237,0.217,0.296,0.738,0.296,0.137,0.235,0.514,0.862,0.31,0.862,0.839,0.416,0.416,0.416,0.302,0.31,0.839,0.31,0.514,0.302,0.595,0.754,0.595,0.276,0.276,0.276,0.166,0.841,0.873,0.177,0.587,0.528,0.605,0.587,0.31,0.841,0.55,0.262,0.805,0.55,0.605,0.179,0.363,0.619,0.841,0.834,0.173,0.251,0.312,0.55,0.831,0.312,0.312,0.172,0.33,0.616,0.379,0.33,0.33,0.592,0.167,0.622,0.622,0.738,0.648,0.565,0.449,0.604,0.234,0.511,0.401,0.604,0.643,0.565,0.165,0.656,0.4,0.389,0.308,0.465,0.596,0.783,0.465,0.502,0.53,0.638,0.528,0.758,0.376,0.603,0.805,0.647,0.746,0.603,0.623,0.354,0.735,0.723,0.623,0.329,0.623,0.603,0.704,0.726,0.554,0.657,0.885,0.338,0.867,0.66,0.791,0.686,0.786,0.652,0.77,0.882,0.866,0.885,0.887,0.953,0.982,0.995
0.041,0.041,0.045,0.045,0.818,0.08,0.042,0.042,0.084,0.047,0.042,0.041,0.036,0.818,0.041,0.042,0.036,0.818,0.64,0.036,0.093,0.051,0.093,0.04,0.036,0.042,0.04,0.042,0.04,0.047,0.04,0.051,0.049,0.046,0.097,0.046,0.856,0.097,0.049,0.856,0.046,0.046,0.857,0.385,0.046,0.856,0.39,0.857,0.121,0.857,0.167,0.053,0.601,0.055,0.867,0.055,0.055,0.874,0.874,0.874,0.082,0.867,0.055,0.867,0.601,0.082,0.073,0.172,0.073,0.256,0.256,0.256,0.076,0.911,0.547,0.08,0.451,0.066,0.429,0.451,0.052,0.911,0.701,0.045,0.165,0.701,0.429,0.085,0.048,0.074,0.911,0.496,0.083,0.043,0.273,0.701,0.65,0.273,0.273,0.085,0.165,0.646,0.067,0.165,0.165,0.047,0.106,0.779,0.779,0.818,0.361,0.934,0.028,0.959,0.11,0.078,0.214,0.656,0.03,0.934,0.103,0.031,0.207,0.045,0.088,0.706,0.067,0.573,0.706,0.864,0.071,0.599,0.06,0.536,0.12,0.751,0.494,0.73,0.667,0.751,0.748,0.173,0.293,0.364,0.748,0.095,0.748,0.751,0.288,0.39,0.279,0.306,0.687,0.103,0.618,0.28,0.786,0.299,0.924,0.288,0.908,0.572,0.688,0.579,0.691,0.729,0.684,0.869
0.363,0.363,0.359,0.359,0.562,0.765,0.124,0.144,0.545,0.071,0.144,0.15,0.097,0.562,0.15,0.144,0.097,0.562,0.559,0.097,0.446,0.09,0.446,0.108,0.097,0.124,0.108,0.144,0.137,0.071,0.137,0.09,0.812,0.109,0.205,0.109,0.315,0.205,0.812,0.315,0.611,0.109,0.172,0.349,0.109,0.315,0.546,0.172,0.658,0.172,0.669,0.654,0.469,0.856,0.318,0.856,0.865,0.131,0.131,0.131,0.078,0.318,0.865,0.318,0.469,0.078,0.137,0.78,0.137,0.066,0.066,0.066,0.709,0.348,0.47,0.422,0.158,0.927,0.185,0.158,0.513,0.348,0.496,0.422,0.777,0.496,0.185,0.425,0.513,0.957,0.348,0.459,0.369,0.423,0.071,0.496,0.542,0.071,0.071,0.37,0.063,0.301,0.937,0.063,0.063,0.822,0.387,0.355,0.355,0.234,0.307,0.633,0.014,0.613,0.4,0.96,0.714,0.317,0.018,0.633,0.329,0.018,0.735,0.028,0.569,0.571,0.635,0.674,0.571,0.572,0.029,0.482,0.031,0.423,0.694,0.325,0.823,0.412,0.332,0.325,0.373,0.448,0.475,0.416,0.373,0.997,0.373,0.325,0.476,0.532,0.767,0.768,0.321,0.993,0.342,0.55,0.38,0.62,0.546,0.728,0.562,0.319,0.36,0.337,0.355,0.671,0.705,0.369
0.623,0.623,0.587,0.587,0.369,0.642,0.197,0.221,0.661,0.995,0.221,0.254,0.164,0.369,0.254,0.221,0.164,0.369,0.69,0.164,0.486,0.991,0.486,0.165,0.164,0.197,0.165,0.221,0.224,0.995,0.224,0.991,0.993,0.252,0.277,0.252,0.091,0.277,0.993,0.091,0.927,0.252,0.185,0.462,0.252,0.091,0.678,0.185,0.801,0.185,0.531,0.918,0.195,0.989,0.111,0.989,0.99,0.181,0.181,0.181,0.994,0.111,0.99,0.111,0.195,0.994,0.26,0.858,0.26,0.037,0.037,0.037,0.599,0.254,0.546,0.641,0.041,0.686,0.055,0.041,0.763,0.254,0.257,0.745,0.863,0.257,0.055,0.647,0.758,0.812,0.254,0.468,0.662,0.765,0.006,0.257,0.33,0.006,0.006,0.661,0.001,0.025,0.706,0.001,0.001,0.617,0.658,0.382,0.382,0.381,0.437,0.399,0.589,0.413,0.762,0.844,0.158,0.042,0.617,0.399,0.653,0.63,0.155,0.612,0.795,0.397,0.76,0.299,0.397,0.854,0.67,0.204,0.629,0.477,0.136,0.001,0.327,0.404,0.302,0.001,0.02,0.222,0.442,0.383,0.02,0.159,0.02,0.001,0.443,0.545,0.566,0.546,0.543,0.149,0.641,0.432,0.409,0.56,0.482,0.522,0.446,0.56,0.589,0.648,0.708,0.503,0.524,0.729
0.804,0.804,0.842,0.842,0.704,0.292,0.839,0.683,0.211,0.738,0.683,0.774,0.714,0.704,0.774,0.683,0.714,0.704,0.396,0.714,0.701,0.645,0.701,0.717,0.714,0.839,0.717,0.683,0.683,0.738,0.683,0.645,0.299,0.472,0.593,0.472,0.28,0.593,0.299,0.28,0.775,0.472,0.573,0.34,0.472,0.28,0.589,0.573,0.325,0.573,0.339,0.89,0.916,0.29,0.33,0.29,0.295,0.653,0.653,0.653,0.599,0.33,0.295,0.33,0.916,0.599,0.493,0.318,0.493,0.705,0.705,0.705,0.802,0.798,0.386,0.961,0.83,0.195,0.906,0.83,0.892,0.798,0.688,0.986,0.307,0.688,0.906,0.967,0.885,0.21,0.798,0.375,0.971,0.977,0.611,0.688,0.418,0.611,0.611,0.979,0.75,0.225,0.156,0.75,0.75,0.16,0.926,0.059,0.059,0.086,0.016,0.209,0.861,0.276,0.966,0.177,0.271,0.224,0.879,0.209,0.936,0.876,0.331,0.922,0.911,0.075,0.156,0.847,0.075,0.013,0.97,0.315,0.959,0.021,0.139,0.316,0.869,0.106,0.783,0.316,0.472,0.162,0.37,0.835,0.472,0.224,0.472,0.316,0.363,0.345,0.636,0.446,0.523,0.177,0.383,0.39,0.6,0.465,0.734,0.608,0.706,0.687,0.454,0.392,0.435,0.68,0.7,0.707
0.824,0.824,0.71,0.71,0.605,0.466,0.767,0.783,0.404,0.686,0.783,0.79,0.781,0.605,0.79,0.783,0.781,0.605,0.441,0.781,0.799,0.729,0.799,0.789,0.781,0.767,0.789,0.783,0.798,0.686,0.798,0.729,0.767,0.869,0.886,0.869,0.264,0.886,0.767,0.264,0.431,0.869,0.408,0.383,0.869,0.264,0.575,0.408,0.767,0.408,0.283,0.446,0.819,0.816,0.316,0.816,0.814,0.556,0.556,0.556,0.766,0.316,0.814,0.316,0.819,0.766,0.874,0.705,0.874,0.677,0.677,0.677,0.439,0.903,0.568,0.481,0.917,0.676,0.867,0.917,0.533,0.903,0.782,0.482,0.732,0.782,0.867,0.496,0.527,0.764,0.903,0.562,0.465,0.501,0.632,0.782,0.832,0.632,0.632,0.49,0.778,0.9,0.808,0.778,0.778,0.709,0.413,0.585,0.585,0.528,0.733,0.979,0.039,0.937,0.393,0.847,0.544,0.917,0.046,0.979,0.42,0.055,0.507,0.016,0.512,0.383,0.814,0.27,0.383,0.933,0.023,0.839,0.02,0.57,0.866,0.865,0.212,0.377,0.394,0.865,0.762,0.549,0.49,0.787,0.762,0.844,0.762,0.865,0.494,0.78,0.651,0.839,0.612,0.913,0.599,0.526,0.196,0.895,0.16,0.739,0.142,0.65,0.568,0.537,0.503,0.081,0.101,0.137
0.964,0.964,0.945,0.945,0.368,0.298,0.661,0.574,0.278,0.702,0.574,0.795,0.491,0.368,0.795,0.574,0.491,0.368,0.025,0.491,0.829,0.724,0.829,0.653,0.491,0.661,0.653,0.574,0.638,0.702,0.638,0.724,0.475,0.505,0.646,0.505,0.057,0.646,0.475,0.057,0.208,0.505,0.029,0.196,0.505,0.057,0.01,0.029,0.665,0.029,0.261,0.194,0.196,0.655,0.12,0.655,0.618,0.079,0.079,0.079,0.603,0.12,0.618,0.12,0.196,0.603,0.576,0.473,0.576,0.252,0.252,0.252,0.126,0.336,0.202,0.271,0.393,0.809,0.412,0.393,0.466,0.336,0.035,0.41,0.463,0.035,0.412,0.27,0.464,0.76,0.336,0.179,0.281,0.427,0.239,0.035,0.339,0.239,0.239,0.267,0.276,0.037,0.783,0.276,0.276,0.727,0.244,0.025,0.025,0.027,0.272,0.429,0.166,0.453,0.407,0.681,0.328,0.025,0.176,0.429,0.253,0.171,0.456,0.149,0.507,0.049,0.706,0.585,0.049,0.796,0.151,0.033,0.151,0.486,0.706,0.076,0.621,0.063,0.647,0.076,0.052,0.417,0.063,0.387,0.052,0.63,0.052,0.076,0.063,0.282,0.44,0.192,0.908,0.563,0.911,0.073,0.929,0.173,0.953,0.39,0.942,0.91,0.88,0.892,0.907,0.952,0.952,0.909
0.882,0.882,0.733,0.733,0.415,0.721,0.74,0.998,0.718,0.906,0.998,0.779,0.998,0.415,0.779,0.998,0.998,0.415,0.336,0.998,0.633,0.927,0.633,0.999,0.998,0.74,0.999,0.998,0.993,0.906,0.993,0.927,0.541,0.967,0.64,0.967,0.336,0.64,0.541,0.336,0.998,0.967,0.401,0.491,0.967,0.336,0.247,0.401,0.727,0.401,0.725,0.989,0.074,0.741,0.344,0.741,0.751,0.439,0.439,0.439,0.862,0.344,0.751,0.344,0.074,0.862,0.977,0.808,0.977,0.041,0.041,0.041,0.991,0.186,0.327,0.694,0.048,0.793,0.043,0.048,0.898,0.186,0.146,0.832,0.8,0.146,0.043,0.719,0.919,0.909,0.186,0.313,0.706,0.792,0.014,0.146,0.053,0.014,0.014,0.744,0.031,0.106,0.785,0.031,0.031,0.785,0.721,0.283,0.283,0.259,0.423,0.268,0.768,0.283,0.813,0.91,0.779,0.107,0.781,0.268,0.738,0.787,0.615,0.825,0.929,0.386,0.923,0.203,0.386,0.373,0.876,0.1,0.877,0.435,0.636,0.158,0.309,0.391,0.204,0.158,0.168,0.532,0.173,0.865,0.168,0.748,0.168,0.158,0.161,0.801,0.933,0.861,0.298,0.776,0.296,0.188,0.968,0.882,0.605,0.924,0.55,0.29,0.295,0.385,0.406,0.418,0.656,0.597
0.543,0.543,0.551,0.551,0.091,0.77,0.477,0.589,0.772,0.369,0.589,0.487,0.571,0.091,0.487,0.589,0.571,0.091,0.723,0.571,0.531,0.386,0.531,0.58,0.571,0.477,0.58,0.589,0.602,0.369,0.602,0.386,0.327,0.774,0.588,0.774,0.463,0.588,0.327,0.463,0.005,0.774,0.294,0.364,0.774,0.463,0.641,0.294,0.549,0.294,0.738,0.004,0.06,0.243,0.367,0.243,0.238,0.178,0.178,0.178,0.482,0.367,0.238,0.367,0.06,0.482,0.693,0.633,0.693,0.015,0.015,0.015,0.001,0.061,0.405,0.033,0.134,0.66,0.158,0.134,0.014,0.061,0.095,0.015,0.55,0.095,0.158,0.01,0.017,0.628,0.061,0.337,0.029,0.015,0.02,0.095,0.373,0.02,0.02,0.012,0.036,0.201,0.617,0.036,0.036,0.635,0.027,0.35,0.35,0.437,0.505,0.123,0.051,0.155,0.021,0.585,0.367,0.148,0.068,0.123,0.025,0.069,0.437,0.03,0.023,0.462,0.687,0.665,0.462,0.457,0.03,0.168,0.032,0.648,0.351,0.419,0.674,0.644,0.502,0.419,0.416,0.405,0.54,0.578,0.416,0.786,0.416,0.419,0.503,0.806,0.439,0.892,0.656,0.726,0.859,0.521,0.931,0.876,0.922,0.509,0.923,0.576,0.898,0.839,0.872,0.752,0.745,0.676
0.609,0.609,0.602,0.602,0.147,0.064,0.529,0.505,0.065,0.385,0.505,0.539,0.561,0.147,0.539,0.505,0.561,0.147,0.162,0.561,0.634,0.393,0.634,0.569,0.561,0.529,0.569,0.505,0.589,0.385,0.589,0.393,0.177,0.503,0.583,0.503,0.149,0.583,0.177,0.149,0.202,0.503,0.054,0.858,0.503,0.149,0.239,0.054,0.706,0.054,0.214,0.216,0.413,0.191,0.053,0.191,0.193,0.1,0.1,0.1,0.369,0.053,0.193,0.053,0.413,0.369,0.637,0.743,0.637,0.14,0.14,0.14,0.112,0.284,0.872,0.391,0.373,0.777,0.302,0.373,0.16,0.284,0.323,0.134,0.557,0.323,0.302,0.365,0.172,0.726,0.284,0.908,0.405,0.134,0.075,0.323,0.302,0.075,0.075,0.407,0.078,0.398,0.731,0.078,0.078,0.456,0.366,0.069,0.069,0.102,0.075,0.752,0.685,0.554,0.102,0.556,0.806,0.478,0.654,0.752,0.387,0.669,0.8,0.771,0.131,0.202,0.509,0.273,0.202,0.482,0.639,0.416,0.707,0.18,0.48,0.189,0.222,0.215,0.278,0.189,0.144,0.657,0.02,0.39,0.144,0.762,0.144,0.189,0.019,0.279,0.625,0.479,0.337,0.727,0.331,0.04,0.435,0.379,0.417,0.589,0.417,0.392,0.327,0.338,0.307,0.563,0.583,0.56
0.706,0.706,0.736,0.736,0.783,0.412,0.526,0.428,0.39,0.309,0.428,0.53,0.427,0.783,0.53,0.428,0.427,0.783,0.032,0.427,0.798,0.321,0.798,0.441,0.427,0.526,0.441,0.428,0.478,0.309,0.478,0.321,0.798,0.463,0.546,0.463,0.023,0.546,0.798,0.023,0.459,0.463,0.019,0.657,0.463,0.023,0.017,0.019,0.21,0.019,0.249,0.416,0.619,0.818,0.121,0.818,0.822,0.127,0.127,0.127,0.328,0.121,0.822,0.121,0.619,0.328,0.484,0.159,0.484,0.362,0.362,0.362,0.685,0.736,0.621,0.922,0.479,0.502,0.436,0.479,0.302,0.736,0.59,0.967,0.162,0.59,0.436,0.939,0.274,0.534,0.736,0.596,0.911,0.969,0.284,0.59,0.762,0.284,0.284,0.924,0.266,0.407,0.488,0.266,0.266,0.366,0.913,0.173,0.173,0.207,0.408,0.748,0.575,0.786,0.958,0.522,0.074,0.445,0.478,0.748,0.899,0.596,0.098,0.579,0.29,0.299,0.478,0.394,0.299,0.88,0.402,0.498,0.501,0.565,0.066,0.71,0.348,0.36,0.364,0.71,0.663,0.096,0.24,0.459,0.663,0.067,0.663,0.71,0.224,0.229,0.414,0.237,0.006,0.053,0.009,0.354,0.014,0.23,0.019,0.396,0.022,0.005,0.007,0.008,0.007,0.031,0.039,0.01
0.435,0.435,0.402,0.402,0.889,0.988,0.379,0.33,0.983,0.27,0.33,0.407,0.301,0.889,0.407,0.33,0.301,0.889,0.89,0.301,0.339,0.296,0.339,0.312,0.301,0.379,0.312,0.33,0.348,0.27,0.348,0.296,0.103,0.269,0.301,0.269,0.985,0.301,0.103,0.985,0.749,0.269,0.994,0.191,0.269,0.985,0.966,0.994,0.812,0.994,0.977,0.746,0.809,0.163,0.974,0.163,0.166,0.987,0.987,0.987,0.233,0.974,0.166,0.974,0.809,0.233,0.276,0.95,0.276,0.498,0.498,0.498,0.666,0.951,0.226,0.226,0.99,0.854,0.983,0.99,0.471,0.951,0.839,0.322,0.945,0.839,0.983,0.238,0.421,0.868,0.951,0.227,0.231,0.307,0.719,0.839,0.869,0.719,0.719,0.243,0.856,0.981,0.855,0.856,0.856,0.542,0.221,0.841,0.841,0.755,0.811,0.665,0.094,0.698,0.311,0.899,0.332,0.974,0.096,0.665,0.223,0.094,0.322,0.115,0.416,0.877,0.674,0.889,0.877,0.753,0.103,0.706,0.103,0.848,0.789,0.975,0.836,0.809,0.805,0.975,0.957,0.315,0.47,0.581,0.957,0.905,0.957,0.975,0.466,0.944,0.814,0.88,0.872,0.887,0.914,0.438,0.605,0.889,0.63,0.818,0.625,0.929,0.875,0.868,0.857,0.822,0.851,0.782
0.728,0.728,0.69,0.69,0.207,0.031,0.586,0.47,0.029,0.308,0.47,0.612,0.428,0.207,0.612,0.47,0.428,0.207,0.204,0.428,0.784,0.331,0.784,0.426,0.428,0.586,0.426,0.47,0.474,0.308,0.474,0.331,0.239,0.506,0.652,0.506,0.318,0.652,0.239,0.318,0.087,0.506,0.311,0.496,0.506,0.318,0.207,0.311,0.862,0.311,0.076,0.073,0.829,0.27,0.414,0.27,0.271,0.442,0.442,0.442,0.331,0.414,0.271,0.414,0.829,0.331,0.487,0.894,0.487,0.932,0.932,0.932,0.082,0.103,0.515,0.157,0.881,0.65,0.924,0.881,0.158,0.103,0.342,0.114,0.89,0.342,0.924,0.158,0.135,0.631,0.103,0.514,0.158,0.113,0.801,0.342,0.363,0.801,0.801,0.154,0.836,0.869,0.603,0.836,0.836,0.61,0.149,0.193,0.193,0.212,0.018,0.402,0.418,0.369,0.115,0.576,0.503,0.811,0.521,0.402,0.151,0.444,0.509,0.409,0.089,0.191,0.59,0.57,0.191,0.089,0.443,0.748,0.395,0.017,0.896,0.192,0.668,0.207,0.648,0.192,0.198,0.559,0.015,0.899,0.198,0.899,0.198,0.192,0.017,0.609,0.794,0.41,0.82,0.888,0.706,0.017,0.923,0.466,0.946,0.727,0.941,0.652,0.768,0.817,0.848,0.974,0.977,0.625
0.272,0.272,0.316,0.316,0.266,0.027,0.196,0.184,0.026,0.193,0.184,0.196,0.161,0.266,0.196,0.184,0.161,0.266,0.123,0.161,0.435,0.227,0.435,0.179,0.161,0.196,0.179,0.184,0.203,0.193,0.203,0.227,0.127,0.275,0.315,0.275,0.715,0.315,0.127,0.715,0.002,0.275,0.684,0.867,0.275,0.715,0.206,0.684,0.959,0.684,0.022,0.002,0.429,0.145,0.76,0.145,0.145,0.687,0.687,0.687,0.247,0.76,0.145,0.76,0.429,0.247,0.27,0.923,0.27,0.201,0.201,0.201,0.007,0.427,0.768,0.003,0.222,0.728,0.211,0.222,0.001,0.427,0.53,0.001,0.938,0.53,0.211,0.004,0.001,0.687,0.427,0.761,0.001,0.001,0.093,0.53,0.566,0.093,0.093,0.003,0.083,0.349,0.746,0.083,0.083,0.299,0.006,0.74,0.74,0.677,0.948,0.507,0.018,0.202,0.005,0.592,0.733,0.354,0.016,0.507,0.005,0.014,0.714,0.07,0.001,0.669,0.274,0.849,0.669,0.676,0.064,0.501,0.065,0.67,0.336,0.384,0.86,0.514,0.537,0.384,0.385,0.781,0.743,0.32,0.385,0.888,0.385,0.384,0.74,0.569,0.541,0.521,0.572,0.889,0.874,0.761,0.613,0.601,0.952,0.632,0.959,0.527,0.872,0.894,0.826,0.954,0.939,0.875
0.031,0.031,0.032,0.032,0.69,0.714,0.052,0.017,0.744,0.017,0.017,0.045,0.029,0.69,0.045,0.017,0.029,0.69,0.47,0.029,0.043,0.02,0.043,0.029,0.029,0.052,0.029,0.017,0.02,0.017,0.02,0.02,0.026,0.026,0.068,0.026,0.941,0.068,0.026,0.941,0.162,0.026,0.821,0.896,0.026,0.941,0.444,0.821,0.55,0.821,0.912,0.157,0.401,0.038,0.891,0.038,0.038,0.794,0.794,0.794,0.021,0.891,0.038,0.891,0.401,0.021,0.044,0.197,0.044,0.501,0.501,0.501,0.203,0.659,0.397,0.117,0.488,0.63,0.51,0.488,0.204,0.659,0.431,0.19,0.213,0.431,0.51,0.119,0.203,0.649,0.659,0.402,0.12,0.191,0.51,0.431,0.587,0.51,0.51,0.121,0.569,0.406,0.552,0.569,0.569,0.448,0.136,0.936,0.936,0.943,0.816,0.621,0.675,0.682,0.223,0.629,0.467,0.372,0.729,0.621,0.141,0.742,0.497,0.721,0.249,0.95,0.638,0.233,0.95,0.566,0.802,0.325,0.807,0.844,0.41,0.505,0.186,0.956,0.267,0.505,0.521,0.463,0.824,0.551,0.521,0.468,0.521,0.505,0.831,0.734,0.406,0.683,0.297,0.444,0.251,0.86,0.413,0.67,0.462,0.4,0.469,0.271,0.261,0.242,0.249,0.645,0.672,0.244
0.379,0.379,0.333,0.333,0.816,0.085,0.305,0.331,0.082,0.403,0.331,0.321,0.312,0.816,0.321,0.331,0.312,0.816,0.626,0.312,0.378,0.434,0.378,0.324,0.312,0.305,0.324,0.331,0.349,0.403,0.349,0.434,0.223,0.338,0.322,0.338,0.358,0.322,0.223,0.358,0.056,0.338,0.427,0.794,0.338,0.358,0.713,0.427,0.573,0.427,0.083,0.059,0.667,0.206,0.812,0.206,0.206,0.782,0.782,0.782,0.493,0.812,0.206,0.812,0.667,0.493,0.37,0.654,0.37,0.415,0.415,0.415,0.066,0.435,0.865,0.07,0.64,0.741,0.734,0.64,0.081,0.435,0.857,0.082,0.792,0.857,0.734,0.069,0.092,0.713,0.435,0.818,0.066,0.066,0.45,0.857,0.32,0.45,0.45,0.069,0.577,0.759,0.756,0.577,0.577,0.574,0.051,0.242,0.242,0.208,0.318,0.005,0.238,0.007,0.046,0.841,0.483,0.702,0.233,0.005,0.051,0.226,0.491,0.204,0.045,0.29,0.449,0.4,0.29,0.056,0.224,0.813,0.215,0.306,0.249,0.719,0.257,0.241,0.344,0.719,0.82,0.466,0.51,0.471,0.82,0.579,0.82,0.719,0.509,0.535,0.559,0.463,0.313,0.628,0.315,0.525,0.581,0.417,0.507,0.479,0.561,0.307,0.338,0.262,0.304,0.689,0.657,0.654
0.637,0.637,0.606,0.606,0.403,0.826,0.447,0.358,0.688,0.486,0.358,0.438,0.332,0.403,0.438,0.358,0.332,0.403,0.583,0.332,0.484,0.551,0.484,0.332,0.332,0.447,0.332,0.358,0.355,0.486,0.355,0.551,0.332,0.299,0.354,0.299,0.656,0.354,0.332,0.656,0.606,0.299,0.566,0.756,0.299,0.656,0.727,0.566,0.776,0.566,0.855,0.589,0.07,0.368,0.71,0.368,0.37,0.618,0.618,0.618,0.552,0.71,0.37,0.71,0.07,0.552,0.313,0.649,0.313,0.122,0.122,0.122,0.661,0.705,0.287,0.299,0.136,0.518,0.149,0.136,0.396,0.705,0.104,0.367,0.685,0.104,0.149,0.326,0.412,0.509,0.705,0.247,0.306,0.342,0.223,0.104,0.502,0.223,0.223,0.324,0.231,0.192,0.49,0.231,0.231,0.469,0.359,0.562,0.562,0.615,0.376,0.509,0.216,0.603,0.408,0.525,0.319,0.173,0.219,0.509,0.34,0.216,0.342,0.145,0.502,0.45,0.607,0.137,0.45,0.532,0.193,0.077,0.185,0.258,0.57,0.234,0.163,0.439,0.115,0.234,0.248,0.368,0.64,0.048,0.248,0.481,0.248,0.234,0.66,0.05,0.05,0.047,0.203,0.47,0.267,0.616,0.335,0.051,0.282,0.046,0.271,0.201,0.268,0.246,0.251,0.48,0.482,0.405
0.289,0.289,0.489,0.489,0.251,0.422,0.304,0.087,0.418,0.16,0.087,0.139,0.246,0.251,0.139,0.087,0.246,0.251,0.047,0.246,0.162,0.068,0.162,0.243,0.246,0.304,0.243,0.087,0.086,0.16,0.086,0.068,0.227,0.057,0.127,0.057,0.01,0.127,0.227,0.01,0.894,0.057,0.008,0.797,0.057,0.01,0.03,0.008,0.596,0.008,0.491,0.882,0.047,0.166,0.005,0.166,0.165,0.007,0.007,0.007,0.042,0.005,0.165,0.005,0.047,0.042,0.04,0.51,0.04,0.43,0.43,0.43,0.926,0.275,0.784,0.55,0.167,0.447,0.21,0.167,0.778,0.275,0.078,0.647,0.496,0.078,0.21,0.557,0.714,0.421,0.275,0.643,0.537,0.654,0.474,0.078,0.618,0.474,0.474,0.525,0.557,0.105,0.438,0.557,0.557,0.48,0.513,0.05,0.05,0.057,0.109,0.136,0.286,0.237,0.57,0.417,0.596,0.078,0.245,0.136,0.511,0.273,0.596,0.505,0.735,0.102,0.423,0.395,0.102,0.313,0.552,0.04,0.521,0.157,0.46,0.025,0.385,0.107,0.356,0.025,0.024,0.797,0.942,0.184,0.024,0.448,0.024,0.025,0.923,0.317,0.143,0.204,0.591,0.544,0.498,0.872,0.637,0.198,0.929,0.121,0.936,0.539,0.641,0.518,0.685,0.936,0.915,0.725
0.539,0.539,0.556,0.556,0.2,0.591,0.538,0.469,0.606,0.813,0.469,0.564,0.436,0.2,0.564,0.469,0.436,0.2,0.124,0.436,0.379,0.832,0.379,0.438,0.436,0.538,0.438,0.469,0.47,0.813,0.47,0.832,0.708,0.438,0.507,0.438,0.639,0.507,0.708,0.639,0.804,0.438,0.594,0.428,0.438,0.639,0.378,0.594,0.356,0.594,0.492,0.88,0.574,0.857,0.331,0.857,0.871,0.323,0.323,0.323,0.796,0.331,0.871,0.331,0.574,0.796,0.423,0.441,0.423,0.344,0.344,0.344,0.651,0.163,0.421,0.35,0.805,0.217,0.796,0.805,0.551,0.163,0.634,0.413,0.435,0.634,0.796,0.367,0.542,0.196,0.163,0.368,0.356,0.4,0.477,0.634,0.391,0.477,0.477,0.369,0.558,0.765,0.216,0.558,0.558,0.222,0.286,0.276,0.276,0.396,0.115,0.385,0.585,0.386,0.327,0.183,0.363,0.756,0.491,0.385,0.289,0.483,0.366,0.657,0.448,0.2,0.181,0.366,0.2,0.16,0.506,0.719,0.515,0.084,0.378,0.557,0.303,0.292,0.251,0.557,0.617,0.351,0.781,0.123,0.617,0.32,0.617,0.557,0.756,0.18,0.141,0.255,0.631,0.337,0.718,0.804,0.666,0.287,0.8,0.158,0.797,0.642,0.711,0.646,0.664,0.809,0.78,0.84
0.368,0.368,0.44,0.44,0.611,0.432,0.324,0.815,0.472,0.941,0.815,0.313,0.927,0.611,0.313,0.815,0.927,0.611,0.946,0.927,0.509,0.845,0.509,0.864,0.927,0.324,0.864,0.815,0.817,0.941,0.817,0.845,0.729,0.704,0.307,0.704,0.458,0.307,0.729,0.458,0.885,0.704,0.451,0.27,0.704,0.458,0.831,0.451,0.343,0.451,0.458,0.666,0.889,0.768,0.211,0.768,0.793,0.173,0.173,0.173,0.77,0.211,0.793,0.211,0.889,0.77,0.714,0.423,0.714,0.882,0.882,0.882,0.711,0.586,0.548,0.684,0.909,0.527,0.904,0.909,0.874,0.586,0.566,0.731,0.425,0.566,0.904,0.718,0.855,0.496,0.586,0.505,0.712,0.709,0.85,0.566,0.257,0.85,0.85,0.701,0.828,0.789,0.512,0.828,0.828,0.431,0.653,0.583,0.583,0.658,0.738,0.391,0.752,0.349,0.726,0.483,0.442,0.805,0.771,0.391,0.711,0.766,0.486,0.43,0.747,0.556,0.424,0.613,0.556,0.063,0.465,0.835,0.503,0.74,0.6,0.3,0.544,0.664,0.452,0.3,0.266,0.227,0.813,0.331,0.266,0.536,0.266,0.3,0.793,0.194,0.459,0.388,0.67,0.536,0.588,0.805,0.836,0.442,0.515,0.461,0.474,0.64,0.537,0.527,0.498,0.496,0.481,0.732
0.669,0.669,0.745,0.745,0.478,0.347,0.544,0.416,0.299,0.423,0.416,0.532,0.466,0.478,0.532,0.416,0.466,0.478,0.321,0.466,0.681,0.333,0.681,0.494,0.466,0.544,0.494,0.416,0.377,0.423,0.377,0.333,0.586,0.433,0.418,0.433,0.137,0.418,0.586,0.137,0.762,0.433,0.062,0.771,0.433,0.137,0.312,0.062,0.565,0.062,0.636,0.852,0.378,0.607,0.255,0.607,0.601,0.126,0.126,0.126,0.325,0.255,0.601,0.255,0.378,0.325,0.468,0.713,0.468,0.139,0.139,0.139,0.582,0.581,0.786,0.731,0.306,0.844,0.287,0.306,0.945,0.581,0.595,0.834,0.757,0.595,0.287,0.768,0.956,0.815,0.581,0.768,0.742,0.83,0.373,0.595,0.677,0.373,0.373,0.771,0.326,0.259,0.794,0.326,0.326,0.892,0.77,0.419,0.419,0.359,0.16,0.69,0.876,0.771,0.875,0.682,0.869,0.278,0.82,0.69,0.771,0.831,0.923,0.971,0.945,0.73,0.871,0.17,0.73,0.14,0.955,0.552,0.943,0.145,0.861,0.083,0.146,0.668,0.202,0.083,0.072,0.953,0.769,0.187,0.072,0.919,0.072,0.083,0.765,0.134,0.165,0.122,0.358,0.576,0.382,0.708,0.574,0.114,0.68,0.138,0.662,0.36,0.388,0.446,0.446,0.137,0.212,0.229
0.848,0.848,0.826,0.826,0.409,0.516,0.842,0.769,0.536,0.448,0.769,0.863,0.748,0.409,0.863,0.769,0.748,0.409,0.36,0.748,0.739,0.477,0.739,0.712,0.748,0.842,0.712,0.769,0.773,0.448,0.773,0.477,0.491,0.712,0.829,0.712,0.246,0.829,0.491,0.246,0.214,0.712,0.19,0.767,0.712,0.246,0.18,0.19,0.909,0.19,0.939,0.253,0.08,0.356,0.32,0.356,0.349,0.299,0.299,0.299,0.45,0.32,0.349,0.32,0.08,0.45,0.642,0.91,0.642,0.707,0.707,0.707,0.328,0.541,0.907,0.706,0.137,0.921,0.134,0.137,0.162,0.541,0.346,0.132,0.897,0.346,0.134,0.693,0.129,0.926,0.541,0.805,0.696,0.136,0.338,0.346,0.835,0.338,0.338,0.691,0.38,0.376,0.91,0.38,0.38,0.846,0.673,0.212,0.212,0.149,0.546,0.669,0.112,0.577,0.1,0.914,0.854,0.259,0.117,0.669,0.64,0.118,0.861,0.176,0.115,0.281,0.901,0.191,0.281,0.942,0.187,0.38,0.191,0.714,0.964,0.502,0.161,0.199,0.196,0.502,0.502,0.807,0.01,0.468,0.502,0.991,0.502,0.502,0.012,0.256,0.209,0.227,0.366,0.987,0.444,0.008,0.772,0.215,0.864,0.18,0.837,0.348,0.416,0.422,0.428,0.709,0.731,0.706
0.881,0.881,0.944,0.944,0.698,0.374,0.97,0.931,0.344,0.791,0.931,0.95,0.847,0.698,0.95,0.931,0.847,0.698,0.853,0.847,0.852,0.721,0.852,0.85,0.847,0.97,0.85,0.931,0.91,0.791,0.91,0.721,0.906,0.893,0.932,0.893,0.301,0.932,0.906,0.301,0.334,0.893,0.23,0.98,0.893,0.301,0.72,0.23,0.833,0.23,0.355,0.349,0.74,0.926,0.438,0.926,0.934,0.4,0.4,0.4,0.71,0.438,0.934,0.438,0.74,0.71,0.858,0.265,0.858,0.737,0.737,0.737,0.438,0.393,0.966,0.233,0.584,0.684,0.5,0.584,0.399,0.393,0.649,0.34,0.467,0.649,0.5,0.204,0.414,0.724,0.393,0.968,0.235,0.34,0.339,0.649,0.799,0.339,0.339,0.204,0.264,0.627,0.757,0.264,0.264,0.64,0.26,0.359,0.359,0.383,0.453,0.792,0.068,0.791,0.352,0.748,0.196,0.68,0.061,0.792,0.243,0.053,0.187,0.11,0.466,0.442,0.565,0.559,0.442,0.848,0.067,0.868,0.078,0.531,0.563,0.459,0.664,0.474,0.417,0.459,0.395,0.154,0.437,0.684,0.395,0.516,0.395,0.459,0.431,0.908,0.736,0.84,0.563,0.511,0.878,0.365,0.701,0.906,0.871,0.84,0.9,0.528,0.779,0.858,0.764,0.734,0.801,0.657
0.556,0.556,0.562,0.562,0.55,0.735,0.756,0.571,0.73,0.53,0.571,0.761,0.657,0.55,0.761,0.571,0.657,0.55,0.224,0.657,0.614,0.48,0.614,0.59,0.657,0.756,0.59,0.571,0.592,0.53,0.592,0.48,0.456,0.651,0.691,0.651,0.152,0.691,0.456,0.152,0.01,0.651,0.122,0.226,0.651,0.152,0.055,0.122,0.442,0.122,0.673,0.009,0.825,0.325,0.213,0.325,0.323,0.214,0.214,0.214,0.626,0.213,0.323,0.213,0.825,0.626,0.671,0.521,0.671,0.778,0.778,0.778,0.008,0.849,0.266,0.029,0.421,0.632,0.268,0.421,0.015,0.849,0.676,0.022,0.521,0.676,0.268,0.015,0.019,0.581,0.849,0.28,0.024,0.024,0.349,0.676,0.852,0.349,0.349,0.015,0.176,0.479,0.715,0.176,0.176,0.847,0.028,0.558,0.558,0.543,0.732,0.956,0.154,0.967,0.027,0.784,0.692,0.58,0.156,0.956,0.028,0.162,0.671,0.123,0.032,0.623,0.785,0.728,0.623,0.868,0.117,0.895,0.119,0.739,0.985,0.297,0.708,0.667,0.702,0.297,0.211,0.67,0.679,0.758,0.211,0.314,0.211,0.297,0.673,0.529,0.811,0.554,0.685,0.428,0.723,0.633,0.529,0.521,0.517,0.731,0.601,0.643,0.759,0.716,0.751,0.681,0.666,0.619
0.486,0.486,0.452,0.452,0.65,0.582,0.638,0.512,0.542,0.374,0.512,0.676,0.432,0.65,0.676,0.512,0.432,0.65,0.576,0.432,0.606,0.403,0.606,0.392,0.432,0.638,0.392,0.512,0.487,0.374,0.487,0.403,0.34,0.709,0.874,0.709,0.514,0.874,0.34,0.514,0.499,0.709,0.354,0.965,0.709,0.514,0.395,0.354,0.974,0.354,0.513,0.861,0.164,0.36,0.422,0.36,0.361,0.262,0.262,0.262,0.425,0.422,0.361,0.422,0.164,0.425,0.696,0.886,0.696,0.136,0.136,0.136,0.779,0.628,0.967,0.956,0.102,0.904,0.274,0.102,0.831,0.628,0.488,0.93,0.896,0.488,0.274,0.97,0.835,0.881,0.628,0.971,0.981,0.97,0.126,0.488,0.125,0.126,0.126,0.983,0.26,0.342,0.936,0.26,0.26,0.982,0.963,0.795,0.795,0.771,0.863,0.802,0.817,0.746,0.957,0.926,0.177,0.213,0.861,0.802,0.98,0.849,0.198,0.92,0.833,0.764,0.997,0.932,0.764,0.652,0.964,0.521,0.958,0.869,0.305,0.129,0.949,0.748,0.952,0.129,0.529,0.424,0.892,0.691,0.529,0.082,0.529,0.129,0.873,0.559,0.917,0.627,0.84,0.185,0.715,0.757,0.622,0.652,0.729,0.91,0.703,0.749,0.619,0.675,0.624,0.264,0.224,0.26
0.827,0.827,0.806,0.806,0.428,0.002,0.472,0.429,0.004,0.371,0.429,0.506,0.461,0.428,0.506,0.429,0.461,0.428,0.405,0.461,0.778,0.401,0.778,0.504,0.461,0.472,0.504,0.429,0.453,0.371,0.453,0.401,0.857,0.598,0.637,0.598,0.103,0.637,0.857,0.103,0.007,0.598,0.035,0.618,0.598,0.103,0.544,0.035,0.303,0.035,0.008,0.006,0.389,0.896,0.279,0.896,0.893,0.138,0.138,0.138,0.4,0.279,0.893,0.279,0.389,0.4,0.52,0.24,0.52,0.323,0.323,0.323,0.014,0.569,0.601,0.038,0.281,0.233,0.323,0.281,0.021,0.569,0.369,0.025,0.261,0.369,0.323,0.029,0.026,0.177,0.569,0.539,0.037,0.022,0.299,0.369,0.501,0.299,0.299,0.025,0.323,0.529,0.26,0.323,0.323,0.45,0.032,0.213,0.213,0.558,0.18,0.675,0.01,0.493,0.026,0.215,0.496,0.514,0.006,0.675,0.03,0.007,0.69,0.005,0.014,0.523,0.383,0.628,0.523,0.897,0.005,0.67,0.005,0.593,0.295,0.089,0.509,0.86,0.794,0.089,0.154,0.815,0.391,0.605,0.154,0.358,0.154,0.089,0.393,0.738,0.498,0.748,0.821,0.36,0.713,0.434,0.828,0.778,0.879,0.588,0.846,0.792,0.725,0.705,0.714,0.982,0.98,0.935
0.532,0.532,0.487,0.487,0.422,0.697,0.366,0.378,0.699,0.345,0.378,0.418,0.377,0.422,0.418,0.378,0.377,0.422,0.665,0.377,0.551,0.4,0.551,0.351,0.377,0.366,0.351,0.378,0.374,0.345,0.374,0.4,0.317,0.421,0.403,0.421,0.525,0.403,0.317,0.525,0.228,0.421,0.658,0.998,0.421,0.525,0.743,0.658,1.0,0.658,0.642,0.351,0.133,0.339,0.24,0.339,0.347,0.339,0.339,0.339,0.361,0.24,0.347,0.24,0.133,0.361,0.416,0.991,0.416,0.467,0.467,0.467,0.35,0.461,0.996,0.173,0.086,0.991,0.086,0.086,0.27,0.461,0.214,0.215,0.99,0.214,0.086,0.174,0.258,0.984,0.461,0.991,0.167,0.211,0.403,0.214,0.836,0.403,0.403,0.177,0.324,0.076,0.992,0.324,0.324,1.0,0.194,0.804,0.804,0.79,0.894,0.519,0.503,0.518,0.222,0.97,0.641,0.133,0.583,0.519,0.191,0.572,0.566,0.387,0.259,0.802,0.999,0.136,0.802,0.767,0.445,0.234,0.443,0.927,0.981,0.205,0.144,0.802,0.059,0.205,0.212,0.948,0.167,0.023,0.212,0.669,0.212,0.205,0.165,0.024,0.028,0.025,0.126,0.527,0.29,0.136,0.303,0.026,0.33,0.029,0.328,0.156,0.301,0.298,0.347,0.509,0.557,0.376
0.794,0.794,0.771,0.771,0.859,0.645,0.717,0.646,0.637,0.924,0.646,0.739,0.622,0.859,0.739,0.646,0.622,0.859,0.076,0.622,0.838,0.923,0.838,0.637,0.622,0.717,0.637,0.646,0.658,0.924,0.658,0.923,0.643,0.751,0.825,0.751,0.583,0.825,0.643,0.583,0.781,0.751,0.509,0.072,0.751,0.583,0.177,0.509,0.368,0.509,0.618,0.763,0.991,0.629,0.84,0.629,0.654,0.781,0.781,0.781,0.943,0.84,0.654,0.84,0.991,0.943,0.747,0.546,0.747,0.989,0.989,0.989,0.699,0.673,0.112,0.333,0.968,0.726,0.956,0.968,0.286,0.673,0.911,0.388,0.484,0.911,0.956,0.325,0.327,0.6,0.673,0.081,0.327,0.38,0.978,0.911,0.089,0.978,0.978,0.326,0.962,0.764,0.726,0.962,0.962,0.715,0.279,0.123,0.123,0.052,0.042,0.126,0.087,0.13,0.336,0.582,0.943,0.77,0.075,0.126,0.311,0.072,0.875,0.09,0.23,0.091,0.568,0.002,0.091,0.078,0.1,0.821,0.081,0.045,0.785,0.761,0.005,0.057,0.002,0.761,0.793,0.852,0.684,0.361,0.793,0.831,0.793,0.761,0.693,0.318,0.261,0.297,0.054,0.851,0.095,0.679,0.201,0.268,0.338,0.283,0.324,0.053,0.087,0.078,0.081,0.328,0.306,0.238
0.121,0.121,0.1,0.1,0.846,0.232,0.085,0.939,0.229,0.998,0.939,0.125,0.951,0.846,0.125,0.939,0.951,0.846,0.849,0.951,0.068,0.999,0.068,0.949,0.951,0.085,0.949,0.939,0.926,0.998,0.926,0.999,0.932,0.981,0.082,0.981,0.775,0.082,0.932,0.775,0.878,0.981,0.858,0.602,0.981,0.775,0.938,0.858,0.491,0.858,0.318,0.847,0.802,0.942,0.881,0.942,0.929,0.947,0.947,0.947,0.998,0.881,0.929,0.881,0.802,0.998,0.993,0.709,0.993,0.666,0.666,0.666,0.39,0.854,0.603,0.764,0.397,0.454,0.453,0.397,0.953,0.854,0.723,0.876,0.736,0.723,0.453,0.775,0.938,0.539,0.854,0.606,0.772,0.862,0.536,0.723,0.773,0.536,0.536,0.783,0.625,0.582,0.457,0.625,0.625,0.283,0.746,0.762,0.762,0.78,0.787,0.388,0.769,0.447,0.838,0.534,0.411,0.535,0.83,0.388,0.758,0.843,0.375,0.919,0.933,0.527,0.234,0.797,0.527,0.385,0.883,0.945,0.882,0.696,0.549,0.498,0.78,0.496,0.727,0.498,0.458,0.46,0.559,0.863,0.458,0.604,0.458,0.498,0.553,0.674,0.951,0.758,0.107,0.617,0.076,0.503,0.091,0.756,0.114,0.939,0.145,0.105,0.072,0.077,0.082,0.385,0.407,0.083
0.679,0.679,0.627,0.627,0.431,0.891,0.635,0.401,0.917,0.396,0.401,0.555,0.404,0.431,0.555,0.401,0.404,0.431,0.866,0.404,0.751,0.396,0.751,0.422,0.404,0.635,0.422,0.401,0.421,0.396,0.421,0.396,0.24,0.487,0.596,0.487,0.698,0.596,0.24,0.698,0.849,0.487,0.649,0.424,0.487,0.698,0.748,0.649,0.588,0.649,0.928,0.84,0.917,0.227,0.605,0.227,0.226,0.553,0.553,0.553,0.432,0.605,0.226,0.605,0.917,0.432,0.495,0.652,0.495,0.901,0.901,0.901,0.759,0.61,0.499,0.834,0.845,0.1,0.823,0.845,0.978,0.61,0.775,0.886,0.459,0.775,0.823,0.829,0.876,0.133,0.61,0.485,0.837,0.892,0.879,0.775,0.868,0.879,0.879,0.846,0.846,0.807,0.102,0.846,0.846,0.309,0.896,0.863,0.863,0.814,0.916,0.969,0.586,0.954,0.934,0.179,0.224,0.813,0.693,0.969,0.895,0.679,0.234,0.76,0.985,0.947,0.389,0.165,0.947,0.847,0.737,0.917,0.742,0.975,0.522,0.658,0.191,0.924,0.072,0.658,0.673,0.149,0.32,0.038,0.673,0.312,0.673,0.658,0.34,0.034,0.032,0.039,0.159,0.399,0.262,0.338,0.261,0.042,0.267,0.036,0.263,0.162,0.257,0.258,0.265,0.33,0.328,0.365
0.091,0.091,0.072,0.072,0.91,0.852,0.102,0.08,0.862,0.515,0.08,0.122,0.069,0.91,0.122,0.08,0.069,0.91,0.525,0.069,0.115,0.505,0.115,0.058,0.069,0.102,0.058,0.08,0.077,0.515,0.077,0.505,0.328,0.083,0.114,0.083,0.818,0.114,0.328,0.818,0.296,0.083,0.963,0.297,0.083,0.818,0.787,0.963,0.09,0.963,0.66,0.365,0.982,0.408,0.767,0.408,0.398,0.934,0.934,0.934,0.512,0.767,0.398,0.767,0.982,0.512,0.068,0.146,0.068,0.93,0.93,0.93,0.527,0.953,0.261,0.421,0.904,0.014,0.9,0.904,0.461,0.953,0.97,0.555,0.13,0.97,0.9,0.397,0.459,0.013,0.953,0.229,0.425,0.588,0.866,0.97,0.977,0.866,0.866,0.394,0.9,0.936,0.015,0.9,0.9,0.029,0.341,0.884,0.884,0.73,0.837,0.922,0.123,0.897,0.543,0.013,0.045,0.95,0.124,0.922,0.348,0.125,0.039,0.168,0.43,0.437,0.021,0.699,0.437,0.936,0.153,0.996,0.177,0.578,0.038,0.83,0.521,0.256,0.68,0.83,0.765,0.03,0.862,0.369,0.765,0.034,0.765,0.83,0.872,0.637,0.34,0.551,0.651,0.038,0.769,0.9,0.651,0.557,0.828,0.573,0.835,0.703,0.775,0.741,0.743,0.743,0.758,0.674
0.3,0.3,0.307,0.307,0.67,0.903,0.245,0.234,0.891,0.131,0.234,0.237,0.206,0.67,0.237,0.234,0.206,0.67,0.131,0.206,0.367,0.18,0.367,0.199,0.206,0.245,0.199,0.234,0.214,0.131,0.214,0.18,0.747,0.226,0.276,0.226,0.175,0.276,0.747,0.175,0.747,0.226,0.156,0.21,0.226,0.175,0.048,0.156,0.284,0.156,0.823,0.759,0.376,0.77,0.571,0.77,0.764,0.561,0.561,0.561,0.204,0.571,0.764,0.571,0.376,0.204,0.252,0.248,0.252,0.473,0.473,0.473,0.704,0.478,0.194,0.614,0.322,0.389,0.226,0.322,0.782,0.478,0.48,0.707,0.257,0.48,0.226,0.585,0.752,0.288,0.478,0.189,0.616,0.741,0.427,0.48,0.673,0.427,0.427,0.584,0.445,0.32,0.424,0.445,0.445,0.329,0.552,0.631,0.631,0.603,0.36,0.776,0.193,0.719,0.702,0.323,0.515,0.328,0.144,0.776,0.517,0.132,0.551,0.222,0.71,0.666,0.324,0.23,0.666,0.383,0.209,0.382,0.208,0.399,0.456,0.291,0.234,0.633,0.475,0.291,0.29,0.621,0.85,0.395,0.29,0.296,0.29,0.291,0.859,0.363,0.163,0.473,0.507,0.349,0.364,0.814,0.405,0.443,0.336,0.199,0.353,0.529,0.377,0.382,0.398,0.429,0.359,0.511
0.918,0.918,0.884,0.884,0.338,0.536,0.621,0.581,0.481,0.777,0.581,0.713,0.502,0.338,0.713,0.581,0.502,0.338,0.713,0.502,0.823,0.806,0.823,0.499,0.502,0.621,0.499,0.581,0.593,0.777,0.593,0.806,0.884,0.453,0.539,0.453,0.459,0.539,0.884,0.459,0.934,0.453,0.365,0.851,0.453,0.459,0.686,0.365,0.419,0.365,0.282,0.935,0.105,0.973,0.483,0.973,0.93,0.304,0.304,0.304,0.641,0.483,0.93,0.483,0.105,0.641,0.507,0.552,0.507,0.007,0.007,0.007,0.729,0.217,0.934,0.873,0.234,0.461,0.202,0.234,0.98,0.217,0.311,0.953,0.625,0.311,0.202,0.89,0.98,0.589,0.217,0.91,0.866,0.949,0.181,0.311,0.439,0.181,0.181,0.873,0.136,0.143,0.286,0.136,0.136,0.338,0.891,0.769,0.769,0.752,0.57,0.219,0.353,0.314,0.956,0.458,0.652,0.193,0.304,0.219,0.897,0.231,0.866,0.374,0.947,0.718,0.32,0.453,0.718,0.463,0.396,0.043,0.39,0.629,0.831,0.431,0.462,0.702,0.379,0.431,0.412,0.968,0.918,0.268,0.412,0.871,0.412,0.431,0.918,0.116,0.282,0.136,0.435,0.596,0.536,0.822,0.129,0.136,0.065,0.252,0.069,0.45,0.526,0.609,0.546,0.136,0.153,0.058
0.546,0.546,0.612,0.612,0.191,0.104,0.945,0.738,0.093,0.632,0.738,0.911,0.852,0.191,0.911,0.738,0.852,0.191,0.175,0.852,0.584,0.521,0.584,0.815,0.852,0.945,0.815,0.738,0.676,0.632,0.676,0.521,0.429,0.789,0.879,0.789,0.041,0.879,0.429,0.041,0.141,0.789,0.064,0.01,0.789,0.041,0.072,0.064,0.063,0.064,0.075,0.163,0.415,0.399,0.085,0.399,0.366,0.09,0.09,0.09,0.526,0.085,0.366,0.085,0.415,0.526,0.813,0.054,0.813,0.571,0.571,0.571,0.164,0.365,0.013,0.324,0.271,0.16,0.357,0.271,0.441,0.365,0.033,0.296,0.066,0.033,0.357,0.322,0.397,0.242,0.365,0.012,0.334,0.298,0.294,0.033,0.306,0.294,0.294,0.339,0.483,0.024,0.162,0.483,0.483,0.204,0.259,0.107,0.107,0.075,0.247,0.278,0.082,0.43,0.26,0.218,0.561,0.011,0.114,0.278,0.261,0.126,0.668,0.066,0.398,0.129,0.187,0.257,0.129,0.288,0.112,0.047,0.111,0.224,0.603,0.032,0.341,0.097,0.365,0.032,0.036,0.655,0.329,0.237,0.036,0.628,0.036,0.032,0.335,0.099,0.107,0.102,0.553,0.59,0.578,0.343,0.404,0.102,0.447,0.103,0.443,0.647,0.629,0.642,0.69,0.716,0.692,0.771
0.216,0.216,0.172,0.172,0.843,0.869,0.13,0.079,0.735,0.063,0.079,0.099,0.093,0.843,0.099,0.079,0.093,0.843,0.801,0.093,0.345,0.081,0.345,0.083,0.093,0.13,0.083,0.079,0.092,0.063,0.092,0.081,0.872,0.098,0.15,0.098,0.964,0.15,0.872,0.964,0.278,0.098,0.973,0.381,0.098,0.964,0.722,0.973,0.345,0.973,0.46,0.3,0.781,0.905,0.67,0.905,0.916,0.823,0.823,0.823,0.086,0.67,0.916,0.67,0.781,0.086,0.101,0.395,0.101,0.615,0.615,0.615,0.312,0.957,0.258,0.193,0.759,0.343,0.715,0.759,0.371,0.957,0.743,0.275,0.347,0.743,0.715,0.207,0.373,0.387,0.957,0.264,0.192,0.275,0.531,0.743,0.615,0.531,0.531,0.195,0.583,0.612,0.306,0.583,0.583,0.639,0.171,0.638,0.638,0.614,0.08,0.79,0.977,0.783,0.245,0.237,0.709,0.692,0.979,0.79,0.159,0.982,0.738,0.885,0.404,0.617,0.592,0.821,0.617,0.221,0.915,0.833,0.904,0.073,0.811,0.486,0.819,0.574,0.682,0.486,0.332,0.837,0.586,0.803,0.332,0.906,0.332,0.486,0.599,0.905,0.727,0.867,0.879,0.78,0.865,0.609,0.911,0.852,0.882,0.78,0.891,0.932,0.843,0.916,0.878,0.967,0.933,0.829
0.619,0.619,0.95,0.95,0.231,0.184,0.922,0.327,0.162,0.456,0.327,0.457,0.718,0.231,0.457,0.327,0.718,0.231,0.967,0.718,0.712,0.348,0.712,0.728,0.718,0.922,0.728,0.327,0.351,0.456,0.351,0.348,0.504,0.448,0.63,0.448,0.269,0.63,0.504,0.269,0.864,0.448,0.118,0.263,0.448,0.269,0.889,0.118,0.814,0.118,0.209,0.889,0.026,0.433,0.437,0.433,0.453,0.234,0.234,0.234,0.271,0.437,0.453,0.437,0.026,0.271,0.48,0.784,0.48,0.671,0.671,0.671,0.738,0.734,0.422,0.836,0.019,0.76,0.018,0.019,0.803,0.734,0.021,0.762,0.6,0.021,0.018,0.788,0.901,0.786,0.734,0.395,0.826,0.77,0.601,0.021,0.849,0.601,0.601,0.784,0.607,0.013,0.658,0.607,0.607,0.787,0.698,0.256,0.256,0.315,0.633,0.83,0.27,0.854,0.714,0.763,0.666,0.016,0.349,0.83,0.695,0.342,0.673,0.493,0.769,0.47,0.821,0.227,0.47,0.994,0.446,0.029,0.411,0.549,0.71,0.027,0.221,0.558,0.282,0.027,0.028,0.708,0.235,0.182,0.028,0.709,0.028,0.027,0.234,0.124,0.287,0.107,0.463,0.691,0.394,0.2,0.601,0.103,0.722,0.231,0.722,0.429,0.422,0.408,0.433,0.672,0.689,0.684
0.661,0.661,0.603,0.603,0.265,0.252,0.731,0.696,0.291,0.598,0.696,0.69,0.709,0.265,0.69,0.696,0.709,0.265,0.009,0.709,0.738,0.496,0.738,0.679,0.709,0.731,0.679,0.696,0.555,0.598,0.555,0.496,0.63,0.689,0.722,0.689,0.144,0.722,0.63,0.144,0.735,0.689,0.249,0.778,0.689,0.144,0.029,0.249,0.859,0.249,0.353,0.812,0.698,0.38,0.17,0.38,0.379,0.142,0.142,0.142,0.629,0.17,0.379,0.17,0.698,0.629,0.659,0.881,0.659,0.419,0.419,0.419,0.637,0.222,0.868,0.838,0.496,0.889,0.457,0.496,0.862,0.222,0.273,0.704,0.883,0.273,0.457,0.821,0.85,0.93,0.222,0.962,0.828,0.751,0.346,0.273,0.143,0.346,0.346,0.812,0.306,0.468,0.876,0.306,0.306,0.906,0.812,0.402,0.402,0.556,0.014,0.585,0.451,0.585,0.727,0.916,0.404,0.472,0.41,0.585,0.819,0.431,0.419,0.282,0.843,0.381,0.95,0.2,0.381,0.428,0.359,0.605,0.361,0.083,0.929,0.223,0.199,0.38,0.228,0.223,0.147,0.486,0.651,0.135,0.147,0.89,0.147,0.223,0.645,0.14,0.168,0.161,0.354,0.855,0.473,0.719,0.597,0.186,0.654,0.173,0.595,0.398,0.436,0.444,0.389,0.836,0.836,0.7
0.17,0.17,0.165,0.165,0.703,0.455,0.111,0.068,0.451,0.057,0.068,0.114,0.068,0.703,0.114,0.068,0.068,0.703,0.278,0.068,0.08,0.042,0.08,0.072,0.068,0.111,0.072,0.068,0.073,0.057,0.073,0.042,0.255,0.019,0.032,0.019,0.657,0.032,0.255,0.657,0.684,0.019,0.806,0.933,0.019,0.657,0.583,0.806,0.555,0.806,0.396,0.682,0.958,0.286,0.845,0.286,0.305,0.861,0.861,0.861,0.014,0.845,0.305,0.845,0.958,0.014,0.024,0.736,0.024,0.91,0.91,0.91,0.723,0.748,0.955,0.997,0.893,0.192,0.845,0.893,0.947,0.748,0.961,1.0,0.725,0.961,0.845,0.995,0.888,0.212,0.748,0.958,0.996,1.0,0.769,0.961,0.034,0.769,0.769,0.996,0.812,0.951,0.193,0.812,0.812,0.184,0.992,0.536,0.536,0.616,0.592,0.243,0.982,0.264,0.996,0.217,0.415,0.975,0.971,0.243,0.992,0.969,0.784,0.974,0.937,0.332,0.217,0.004,0.332,0.403,0.953,0.972,0.954,0.499,0.324,0.945,0.004,0.381,0.018,0.945,0.94,0.895,0.616,0.016,0.94,0.275,0.94,0.945,0.613,0.017,0.025,0.018,0.141,0.314,0.113,0.628,0.118,0.017,0.21,0.018,0.222,0.108,0.115,0.141,0.113,0.201,0.2,0.166
0.709,0.709,0.855,0.855,0.058,0.935,0.474,0.444,0.888,0.68,0.444,0.454,0.402,0.058,0.454,0.444,0.402,0.058,0.065,0.402,0.752,0.656,0.752,0.367,0.402,0.474,0.367,0.444,0.441,0.68,0.441,0.656,0.531,0.418,0.447,0.418,0.114,0.447,0.531,0.114,1.0,0.418,0.133,0.996,0.418,0.114,0.023,0.133,0.938,0.133,0.86,1.0,0.011,0.57,0.136,0.57,0.575,0.156,0.156,0.156,0.657,0.136,0.575,0.136,0.011,0.657,0.457,0.983,0.457,0.033,0.033,0.033,0.863,0.058,0.997,0.728,0.024,0.361,0.033,0.024,0.855,0.058,0.057,0.741,0.983,0.057,0.033,0.678,0.891,0.385,0.058,0.998,0.775,0.785,0.038,0.057,0.017,0.038,0.038,0.743,0.045,0.036,0.343,0.045,0.045,0.27,0.785,0.396,0.396,0.186,0.572,0.049,0.463,0.193,0.821,0.354,0.282,0.026,0.413,0.049,0.849,0.394,0.245,0.67,0.908,0.396,0.271,0.105,0.396,0.429,0.547,0.005,0.508,0.569,0.123,0.22,0.103,0.209,0.105,0.22,0.226,0.318,0.966,0.059,0.226,0.325,0.226,0.22,0.974,0.03,0.038,0.03,0.137,0.35,0.172,0.977,0.211,0.031,0.189,0.043,0.188,0.133,0.172,0.161,0.166,0.422,0.414,0.358
0.119,0.119,0.151,0.151,0.627,0.491,0.151,0.133,0.414,0.119,0.133,0.142,0.12,0.627,0.142,0.133,0.12,0.627,0.378,0.12,0.15,0.088,0.15,0.117,0.12,0.151,0.117,0.133,0.134,0.119,0.134,0.088,0.358,0.145,0.162,0.145,0.3,0.162,0.358,0.3,0.634,0.145,0.372,0.543,0.145,0.3,0.596,0.372,0.309,0.372,0.456,0.813,0.705,0.344,0.288,0.344,0.34,0.526,0.526,0.526,0.118,0.288,0.34,0.288,0.705,0.118,0.172,0.233,0.172,0.954,0.954,0.954,0.717,0.369,0.321,0.926,0.531,0.155,0.522,0.531,0.449,0.369,0.891,0.532,0.271,0.891,0.522,0.938,0.44,0.13,0.369,0.377,0.928,0.532,0.974,0.891,0.666,0.974,0.974,0.939,0.97,0.467,0.211,0.97,0.97,0.125,0.953,0.271,0.271,0.295,0.386,0.281,0.562,0.292,0.573,0.214,0.24,0.497,0.493,0.281,0.955,0.482,0.239,0.696,0.474,0.187,0.144,0.064,0.187,0.825,0.603,0.74,0.609,0.213,0.264,0.474,0.063,0.217,0.081,0.474,0.428,0.205,0.295,0.051,0.428,0.215,0.428,0.474,0.31,0.043,0.045,0.027,0.019,0.302,0.066,0.35,0.047,0.025,0.111,0.047,0.104,0.024,0.054,0.075,0.072,0.072,0.081,0.048
0.187,0.187,0.125,0.125,0.399,0.337,0.16,0.75,0.354,0.734,0.75,0.185,0.766,0.399,0.185,0.75,0.766,0.399,0.95,0.766,0.127,0.638,0.127,0.806,0.766,0.16,0.806,0.75,0.805,0.734,0.805,0.638,0.943,0.587,0.153,0.587,0.786,0.153,0.943,0.786,0.914,0.587,0.933,0.312,0.587,0.786,0.926,0.933,0.57,0.933,0.419,0.95,0.489,0.957,0.85,0.957,0.956,0.929,0.929,0.929,0.616,0.85,0.956,0.85,0.489,0.616,0.64,0.309,0.64,0.172,0.172,0.172,0.994,0.303,0.139,0.861,0.648,0.388,0.656,0.648,0.909,0.303,0.708,0.887,0.452,0.708,0.656,0.858,0.887,0.326,0.303,0.169,0.838,0.891,0.306,0.708,0.72,0.306,0.306,0.83,0.316,0.705,0.469,0.316,0.316,0.546,0.814,0.987,0.987,0.99,0.748,0.821,0.787,0.8,0.841,0.531,0.204,0.695,0.812,0.821,0.801,0.825,0.174,0.808,0.883,0.817,0.483,0.243,0.817,0.843,0.843,0.64,0.853,0.421,0.395,0.854,0.198,0.77,0.289,0.854,0.865,0.209,0.777,0.156,0.865,0.399,0.865,0.854,0.821,0.164,0.161,0.169,0.017,0.405,0.033,0.88,0.32,0.178,0.009,0.159,0.013,0.015,0.022,0.031,0.021,0.074,0.055,0.342
0.406,0.406,0.39,0.39,0.832,0.33,0.401,0.365,0.311,0.269,0.365,0.437,0.327,0.832,0.437,0.365,0.327,0.832,0.835,0.327,0.471,0.277,0.471,0.341,0.327,0.401,0.341,0.365,0.4,0.269,0.4,0.277,0.228,0.385,0.506,0.385,0.691,0.506,0.228,0.691,0.732,0.385,0.664,0.396,0.385,0.691,0.738,0.664,0.619,0.664,0.385,0.771,0.572,0.193,0.277,0.193,0.189,0.241,0.241,0.241,0.337,0.277,0.189,0.277,0.572,0.337,0.407,0.758,0.407,0.558,0.558,0.558,0.585,0.744,0.523,0.255,0.666,0.635,0.584,0.666,0.536,0.744,0.621,0.423,0.855,0.621,0.584,0.285,0.655,0.742,0.744,0.486,0.264,0.396,0.576,0.621,0.747,0.576,0.576,0.3,0.463,0.385,0.635,0.463,0.463,0.681,0.338,0.88,0.88,0.939,0.664,0.661,0.622,0.665,0.509,0.722,0.37,0.525,0.519,0.661,0.341,0.504,0.315,0.418,0.658,0.914,0.741,0.874,0.914,0.675,0.593,0.513,0.507,0.688,0.631,0.599,0.901,0.952,0.823,0.599,0.628,0.767,0.436,0.95,0.628,0.74,0.628,0.599,0.441,0.995,0.998,0.995,0.932,0.595,0.955,0.441,0.214,0.991,0.131,0.991,0.125,0.944,0.933,0.949,0.938,0.214,0.193,0.196
0.846,0.846,0.695,0.695,0.142,0.921,0.619,0.996,0.902,0.881,0.996,0.744,0.996,0.142,0.744,0.996,0.996,0.142,0.223,0.996,0.886,0.886,0.886,0.989,0.996,0.619,0.989,0.996,0.992,0.881,0.992,0.886,0.473,0.95,0.536,0.95,0.699,0.536,0.473,0.699,0.764,0.95,0.641,0.866,0.95,0.699,0.164,0.641,0.735,0.641,0.718,0.797,0.306,0.617,0.413,0.617,0.638,0.358,0.358,0.358,0.829,0.413,0.638,0.413,0.306,0.829,0.943,0.874,0.943,0.563,0.563,0.563,0.751,0.313,0.874,0.563,0.215,0.646,0.247,0.215,0.743,0.313,0.103,0.758,0.84,0.103,0.247,0.542,0.759,0.604,0.313,0.847,0.588,0.729,0.568,0.103,0.074,0.568,0.568,0.569,0.59,0.389,0.529,0.59,0.59,0.613,0.478,0.595,0.595,0.652,0.155,0.5,0.429,0.514,0.693,0.552,0.74,0.377,0.631,0.5,0.453,0.541,0.813,0.203,0.684,0.661,0.555,0.127,0.661,0.054,0.452,0.304,0.335,0.168,0.537,0.568,0.126,0.722,0.107,0.568,0.367,0.505,0.895,0.067,0.367,0.581,0.367,0.568,0.898,0.058,0.051,0.056,0.241,0.463,0.379,0.893,0.329,0.05,0.313,0.045,0.314,0.276,0.362,0.354,0.343,0.376,0.379,0.499
0.742,0.742,0.717,0.717,0.976,0.834,0.536,0.45,0.835,0.573,0.45,0.544,0.443,0.976,0.544,0.45,0.443,0.976,0.518,0.443,0.671,0.534,0.671,0.384,0.443,0.536,0.384,0.45,0.406,0.573,0.406,0.534,0.498,0.414,0.537,0.414,0.98,0.537,0.498,0.98,0.315,0.414,0.959,0.632,0.414,0.98,0.785,0.959,0.493,0.959,0.809,0.255,0.876,0.46,0.983,0.46,0.537,0.977,0.977,0.977,0.455,0.983,0.537,0.983,0.876,0.455,0.376,0.349,0.376,0.946,0.946,0.946,0.333,0.981,0.758,0.244,0.983,0.371,0.985,0.983,0.433,0.981,0.991,0.324,0.591,0.991,0.985,0.234,0.429,0.345,0.981,0.743,0.251,0.353,0.977,0.991,0.371,0.977,0.977,0.235,0.99,1.0,0.363,0.99,0.99,0.293,0.198,0.257,0.257,0.284,0.509,0.079,0.84,0.094,0.304,0.333,0.175,0.99,0.818,0.079,0.201,0.809,0.177,0.963,0.372,0.282,0.267,0.128,0.282,0.071,0.898,0.934,0.901,0.603,0.244,0.993,0.181,0.334,0.132,0.993,0.988,0.153,0.709,0.207,0.988,0.265,0.988,0.993,0.699,0.126,0.444,0.18,0.16,0.271,0.142,0.715,0.178,0.176,0.214,0.406,0.212,0.147,0.16,0.142,0.157,0.4,0.399,0.332
0.429,0.429,0.421,0.421,0.626,0.674,0.285,0.258,0.671,0.201,0.258,0.273,0.272,0.626,0.273,0.258,0.272,0.626,0.16,0.272,0.244,0.163,0.244,0.283,0.272,0.285,0.283,0.258,0.263,0.201,0.263,0.163,0.167,0.231,0.246,0.231,0.155,0.246,0.167,0.155,0.774,0.231,0.504,0.101,0.231,0.155,0.246,0.504,0.167,0.504,0.67,0.715,0.668,0.121,0.195,0.121,0.113,0.663,0.663,0.663,0.161,0.195,0.113,0.195,0.668,0.161,0.245,0.133,0.245,0.389,0.389,0.389,0.658,0.618,0.186,0.522,0.58,0.199,0.569,0.58,0.717,0.618,0.677,0.552,0.187,0.677,0.569,0.504,0.732,0.222,0.618,0.178,0.501,0.535,0.365,0.677,0.726,0.365,0.365,0.484,0.159,0.575,0.165,0.159,0.159,0.13,0.606,0.847,0.847,0.835,0.492,0.823,0.179,0.901,0.536,0.161,0.32,0.594,0.166,0.823,0.558,0.158,0.359,0.086,0.649,0.34,0.082,0.796,0.34,0.662,0.034,0.709,0.035,0.223,0.294,0.655,0.865,0.337,0.4,0.655,0.64,0.235,0.224,0.789,0.64,0.384,0.64,0.655,0.227,0.855,0.92,0.857,0.78,0.366,0.892,0.219,0.992,0.866,0.913,0.941,0.946,0.759,0.9,0.891,0.909,0.989,0.993,0.914
0.449,0.449,0.528,0.528,0.999,0.937,0.187,0.106,0.931,0.675,0.106,0.195,0.101,0.999,0.195,0.106,0.101,0.999,0.822,0.101,0.287,0.566,0.287,0.096,0.101,0.187,0.096,0.106,0.113,0.675,0.113,0.566,0.886,0.181,0.17,0.181,0.922,0.17,0.886,0.922,0.851,0.181,0.966,0.285,0.181,0.922,0.752,0.966,0.053,0.966,0.845,0.838,0.977,0.846,0.988,0.846,0.836,0.997,0.997,0.997,0.689,0.988,0.836,0.988,0.977,0.689,0.143,0.032,0.143,0.94,0.94,0.94,0.891,0.938,0.369,0.725,0.977,0.039,0.949,0.977,0.952,0.938,0.989,0.921,0.027,0.989,0.949,0.75,0.983,0.071,0.938,0.35,0.747,0.879,0.941,0.989,0.865,0.941,0.941,0.763,0.91,0.95,0.029,0.91,0.91,0.065,0.832,0.894,0.894,0.852,0.848,0.689,0.574,0.601,0.951,0.059,0.789,0.969,0.71,0.689,0.827,0.71,0.693,0.713,0.984,0.896,0.1,0.59,0.896,0.935,0.741,0.981,0.72,0.845,0.128,1.0,0.478,0.766,0.451,1.0,1.0,0.438,0.249,0.376,1.0,0.093,1.0,1.0,0.273,0.392,0.36,0.389,0.566,0.099,0.545,0.329,0.625,0.33,0.728,0.256,0.623,0.564,0.593,0.605,0.587,0.712,0.721,0.587
0.76,0.76,0.656,0.656,0.42,0.729,0.729,0.888,0.708,0.922,0.888,0.786,0.811,0.42,0.786,0.888,0.811,0.42,0.019,0.811,0.819,0.938,0.819,0.907,0.811,0.729,0.907,0.888,0.943,0.922,0.943,0.938,0.565,0.809,0.793,0.809,0.185,0.793,0.565,0.185,0.997,0.809,0.445,0.64,0.809,0.185,0.07,0.445,0.82,0.445,0.782,0.998,0.75,0.588,0.229,0.588,0.596,0.571,0.571,0.571,0.932,0.229,0.596,0.229,0.75,0.932,0.873,0.925,0.873,0.771,0.771,0.771,0.952,0.216,0.657,0.965,0.711,0.807,0.586,0.711,1.0,0.216,0.786,0.998,0.926,0.786,0.586,0.991,0.999,0.787,0.216,0.634,0.972,0.998,0.493,0.786,0.019,0.493,0.493,0.992,0.376,0.453,0.863,0.376,0.376,0.793,0.997,0.055,0.055,0.106,0.119,0.134,0.827,0.125,1.0,0.849,0.911,0.527,0.804,0.134,0.997,0.806,0.945,0.881,0.989,0.016,0.88,0.188,0.016,0.363,0.957,0.771,0.962,0.061,0.845,0.755,0.447,0.035,0.063,0.755,0.548,0.939,0.488,0.035,0.548,0.848,0.548,0.755,0.527,0.04,0.039,0.057,0.096,0.875,0.196,0.395,0.227,0.054,0.201,0.041,0.2,0.095,0.21,0.345,0.333,0.507,0.523,0.207
0.568,0.568,0.608,0.608,0.901,0.927,0.396,0.787,0.906,0.95,0.787,0.404,0.809,0.901,0.404,0.787,0.809,0.901,0.729,0.809,0.495,0.952,0.495,0.756,0.809,0.396,0.756,0.787,0.788,0.95,0.788,0.952,0.928,0.762,0.393,0.762,0.872,0.393,0.928,0.872,0.544,0.762,0.93,0.245,0.762,0.872,0.765,0.93,0.423,0.93,0.615,0.684,0.78,0.864,0.87,0.864,0.855,0.941,0.941,0.941,0.896,0.87,0.855,0.87,0.78,0.896,0.75,0.454,0.75,0.708,0.708,0.708,0.964,0.943,0.203,0.738,0.643,0.691,0.684,0.643,0.877,0.943,0.867,0.867,0.355,0.867,0.684,0.772,0.94,0.549,0.943,0.168,0.736,0.853,0.688,0.867,0.744,0.688,0.688,0.757,0.681,0.641,0.651,0.681,0.681,0.501,0.729,0.367,0.367,0.461,0.144,0.345,0.249,0.307,0.832,0.482,0.811,0.616,0.253,0.345,0.749,0.271,0.844,0.223,0.948,0.439,0.461,0.458,0.439,0.161,0.229,0.713,0.222,0.206,0.389,0.847,0.491,0.463,0.544,0.847,0.869,0.534,0.409,0.475,0.869,0.809,0.869,0.847,0.432,0.405,0.275,0.288,0.329,0.771,0.329,0.532,0.239,0.283,0.101,0.254,0.108,0.337,0.357,0.307,0.337,0.055,0.047,0.354
0.647,0.647,0.575,0.575,0.404,0.234,0.808,0.693,0.227,0.895,0.693,0.798,0.508,0.404,0.798,0.693,0.508,0.404,0.102,0.508,0.62,0.936,0.62,0.453,0.508,0.808,0.453,0.693,0.61,0.895,0.61,0.936,0.644,0.591,0.678,0.591,0.823,0.678,0.644,0.823,0.077,0.591,0.812,0.484,0.591,0.823,0.11,0.812,0.866,0.812,0.233,0.069,0.352,0.583,0.632,0.583,0.589,0.666,0.666,0.666,0.95,0.632,0.589,0.632,0.352,0.95,0.526,0.859,0.526,0.777,0.777,0.777,0.052,0.708,0.416,0.167,0.598,0.023,0.637,0.598,0.255,0.708,0.603,0.225,0.867,0.603,0.637,0.166,0.253,0.028,0.708,0.425,0.168,0.228,0.904,0.603,0.152,0.904,0.904,0.169,0.761,0.637,0.026,0.761,0.761,0.026,0.146,0.073,0.073,0.078,0.449,0.104,0.135,0.105,0.206,0.027,0.029,0.668,0.171,0.104,0.148,0.174,0.031,0.098,0.225,0.025,0.026,0.906,0.025,0.432,0.133,0.542,0.132,0.36,0.023,0.709,0.915,0.022,0.57,0.709,0.708,0.022,0.797,0.491,0.708,0.023,0.708,0.709,0.805,0.481,0.489,0.607,0.695,0.024,0.868,0.85,0.689,0.556,0.945,0.444,0.954,0.768,0.855,0.851,0.87,0.782,0.771,0.847
0.234,0.234,0.303,0.303,0.63,0.72,0.877,0.958,0.727,0.911,0.958,0.935,0.954,0.63,0.935,0.958,0.954,0.63,0.091,0.954,0.31,0.964,0.31,0.693,0.954,0.877,0.693,0.958,0.962,0.911,0.962,0.964,0.669,0.953,0.918,0.953,0.465,0.918,0.669,0.465,0.846,0.953,0.411,0.085,0.953,0.465,0.092,0.411,0.03,0.411,0.852,0.769,0.589,0.553,0.681,0.553,0.583,0.638,0.638,0.638,0.961,0.681,0.583,0.681,0.589,0.961,0.963,0.044,0.963,0.519,0.519,0.519,0.609,0.576,0.092,0.627,0.439,0.282,0.428,0.439,0.613,0.576,0.741,0.689,0.055,0.741,0.428,0.625,0.613,0.312,0.576,0.09,0.626,0.702,0.337,0.741,0.077,0.337,0.337,0.608,0.309,0.541,0.256,0.309,0.309,0.197,0.602,0.424,0.424,0.329,0.745,0.251,0.212,0.122,0.71,0.289,0.243,0.542,0.203,0.251,0.568,0.223,0.264,0.172,0.604,0.403,0.17,0.67,0.403,0.155,0.182,0.654,0.184,0.684,0.126,0.556,0.834,0.326,0.718,0.556,0.575,0.28,0.876,0.633,0.575,0.139,0.575,0.556,0.882,0.538,0.482,0.507,0.4,0.129,0.365,0.844,0.019,0.492,0.098,0.504,0.093,0.415,0.341,0.39,0.38,0.185,0.24,0.017
0.738,0.738,0.62,0.62,0.545,0.323,0.815,0.561,0.3,0.507,0.561,0.83,0.737,0.545,0.83,0.561,0.737,0.545,0.878,0.737,0.64,0.518,0.64,0.783,0.737,0.815,0.783,0.561,0.617,0.507,0.617,0.518,0.382,0.84,0.807,0.84,0.714,0.807,0.382,0.714,0.493,0.84,0.453,0.178,0.84,0.714,0.804,0.453,0.584,0.453,0.322,0.4,0.772,0.234,0.366,0.234,0.231,0.137,0.137,0.137,0.636,0.366,0.231,0.366,0.772,0.636,0.875,0.548,0.875,0.789,0.789,0.789,0.156,0.44,0.251,0.211,0.537,0.91,0.554,0.537,0.339,0.44,0.655,0.247,0.503,0.655,0.554,0.192,0.282,0.888,0.44,0.358,0.205,0.265,0.127,0.655,0.445,0.127,0.127,0.185,0.131,0.39,0.886,0.131,0.131,0.809,0.201,0.918,0.918,0.918,0.893,0.668,0.217,0.675,0.286,0.819,0.873,0.418,0.255,0.668,0.204,0.243,0.839,0.183,0.326,0.933,0.801,0.934,0.933,0.269,0.197,0.718,0.173,0.91,0.635,0.473,0.896,0.923,0.843,0.473,0.262,0.563,0.384,0.847,0.262,0.929,0.262,0.473,0.372,0.699,0.722,0.674,0.95,0.921,0.974,0.335,0.936,0.636,0.985,0.58,0.981,0.931,0.987,0.936,0.971,0.391,0.331,0.182
0.172,0.172,0.157,0.157,0.35,0.959,0.194,0.18,0.956,0.091,0.18,0.217,0.123,0.35,0.217,0.18,0.123,0.35,0.679,0.123,0.148,0.11,0.148,0.14,0.123,0.194,0.14,0.18,0.193,0.091,0.193,0.11,0.09,0.084,0.159,0.084,0.692,0.159,0.09,0.692,0.427,0.084,0.627,0.643,0.084,0.692,0.426,0.627,0.67,0.627,0.945,0.424,0.656,0.144,0.816,0.144,0.148,0.745,0.745,0.745,0.077,0.816,0.148,0.816,0.656,0.077,0.096,0.519,0.096,0.278,0.278,0.278,0.629,0.507,0.778,0.964,0.549,0.546,0.6,0.549,0.305,0.507,0.682,0.963,0.767,0.682,0.6,0.946,0.308,0.595,0.507,0.76,0.964,0.971,0.117,0.682,0.549,0.117,0.117,0.962,0.14,0.25,0.774,0.14,0.14,0.536,0.919,0.719,0.719,0.765,0.641,0.578,0.963,0.594,0.961,0.65,0.53,0.223,0.966,0.578,0.927,0.97,0.524,0.895,0.371,0.758,0.404,0.209,0.758,0.839,0.809,0.337,0.796,0.728,0.67,0.434,0.183,0.798,0.266,0.434,0.624,0.719,0.578,0.134,0.624,0.818,0.624,0.434,0.588,0.092,0.133,0.086,0.577,0.845,0.531,0.644,0.559,0.089,0.653,0.126,0.627,0.578,0.549,0.55,0.556,0.337,0.341,0.361
0.223,0.223,0.23,0.23,0.894,0.566,0.214,0.158,0.582,0.099,0.158,0.204,0.189,0.894,0.204,0.158,0.189,0.894,0.851,0.189,0.341,0.14,0.341,0.19,0.189,0.214,0.19,0.158,0.161,0.099,0.161,0.14,0.463,0.085,0.233,0.085,0.998,0.233,0.463,0.998,0.743,0.085,0.998,0.616,0.085,0.998,0.847,0.998,0.869,0.998,0.682,0.774,0.839,0.387,0.998,0.387,0.405,0.988,0.988,0.988,0.158,0.998,0.405,0.998,0.839,0.158,0.093,0.939,0.093,0.628,0.628,0.628,0.847,0.956,0.624,0.846,0.978,0.706,0.959,0.978,0.906,0.956,0.707,0.88,0.954,0.707,0.959,0.851,0.903,0.823,0.956,0.7,0.836,0.883,0.93,0.707,0.332,0.93,0.93,0.805,0.939,0.961,0.834,0.939,0.939,0.794,0.806,0.392,0.392,0.397,0.206,0.192,0.452,0.214,0.863,0.835,0.47,0.983,0.446,0.192,0.818,0.442,0.41,0.423,0.889,0.419,0.668,0.826,0.419,0.098,0.324,0.814,0.324,0.226,0.477,0.951,0.814,0.453,0.841,0.951,0.882,0.286,0.218,0.783,0.882,0.585,0.882,0.951,0.225,0.979,0.882,0.977,0.864,0.883,0.857,0.198,0.838,0.971,0.763,0.623,0.717,0.845,0.882,0.857,0.883,0.844,0.865,0.924
0.973,0.973,0.809,0.809,0.524,0.036,0.919,0.877,0.033,0.804,0.877,0.925,0.871,0.524,0.925,0.877,0.871,0.524,0.935,0.871,0.97,0.829,0.97,0.902,0.871,0.919,0.902,0.877,0.899,0.804,0.899,0.829,0.542,0.937,0.986,0.937,0.718,0.986,0.542,0.718,0.001,0.937,0.842,0.059,0.937,0.718,0.874,0.842,0.374,0.842,0.042,0.001,0.176,0.509,0.546,0.509,0.521,0.769,0.769,0.769,0.777,0.546,0.521,0.546,0.176,0.777,0.968,0.253,0.968,0.303,0.303,0.303,0.028,0.598,0.068,0.015,0.355,0.262,0.34,0.355,0.01,0.598,0.581,0.02,0.279,0.581,0.34,0.022,0.009,0.203,0.598,0.056,0.015,0.019,0.46,0.581,0.558,0.46,0.46,0.016,0.411,0.237,0.368,0.411,0.411,0.228,0.015,0.969,0.969,0.968,0.779,0.414,0.001,0.495,0.022,0.283,0.338,0.272,0.001,0.414,0.013,0.001,0.33,0.001,0.012,0.935,0.176,0.644,0.935,0.768,0.001,0.34,0.001,0.958,0.506,0.371,0.64,0.969,0.481,0.371,0.509,0.228,0.74,0.299,0.509,0.299,0.509,0.371,0.72,0.218,0.324,0.346,0.284,0.376,0.269,0.753,0.26,0.375,0.272,0.391,0.288,0.289,0.262,0.267,0.24,0.246,0.284,0.438
0.092,0.092,0.087,0.087,0.281,0.342,0.098,0.755,0.336,0.631,0.755,0.098,0.938,0.281,0.098,0.755,0.938,0.281,0.556,0.938,0.039,0.549,0.039,0.858,0.938,0.098,0.858,0.755,0.679,0.631,0.679,0.549,0.775,0.812,0.062,0.812,0.436,0.062,0.775,0.436,0.994,0.812,0.285,0.882,0.812,0.436,0.391,0.285,0.842,0.285,0.237,0.932,0.226,0.763,0.509,0.763,0.771,0.31,0.31,0.31,0.632,0.509,0.771,0.509,0.226,0.632,0.836,0.625,0.836,0.191,0.191,0.191,0.87,0.312,0.317,0.986,0.49,0.401,0.518,0.49,0.757,0.312,0.393,0.824,0.673,0.393,0.518,0.988,0.766,0.352,0.312,0.33,0.991,0.815,0.345,0.393,0.815,0.345,0.345,0.987,0.342,0.483,0.526,0.342,0.342,0.547,0.988,0.406,0.406,0.43,0.739,0.496,0.537,0.33,0.806,0.467,0.247,0.539,0.494,0.496,0.987,0.522,0.327,0.82,0.801,0.585,0.51,0.494,0.585,0.509,0.793,0.217,0.801,0.834,0.398,0.574,0.468,0.676,0.522,0.574,0.538,0.511,0.762,0.35,0.538,0.316,0.538,0.574,0.742,0.613,0.248,0.673,0.258,0.456,0.168,0.766,0.21,0.613,0.058,0.264,0.046,0.243,0.174,0.177,0.181,0.314,0.319,0.086
0.174,0.174,0.149,0.149,0.771,0.833,0.627,0.585,0.818,0.931,0.585,0.669,0.541,0.771,0.669,0.585,0.541,0.771,0.611,0.541,0.121,0.934,0.121,0.544,0.541,0.627,0.544,0.585,0.581,0.931,0.581,0.934,0.792,0.564,0.632,0.564,0.949,0.632,0.792,0.949,0.676,0.564,0.982,0.05,0.564,0.949,0.694,0.982,0.324,0.982,0.849,0.624,0.868,0.801,0.963,0.801,0.789,0.968,0.968,0.968,0.969,0.963,0.789,0.963,0.868,0.969,0.56,0.168,0.56,0.664,0.664,0.664,0.508,0.868,0.053,0.754,0.931,0.352,0.936,0.931,0.918,0.868,0.87,0.871,0.172,0.87,0.936,0.81,0.935,0.373,0.868,0.054,0.741,0.824,0.95,0.87,0.335,0.95,0.95,0.809,0.938,0.836,0.507,0.938,0.938,0.416,0.608,0.332,0.332,0.402,0.815,0.321,0.761,0.378,0.722,0.622,0.592,0.881,0.74,0.321,0.616,0.74,0.654,0.546,0.772,0.32,0.341,0.352,0.32,0.836,0.596,0.924,0.624,0.726,0.467,0.96,0.398,0.388,0.304,0.96,0.978,0.914,0.695,0.122,0.978,0.527,0.978,0.96,0.718,0.135,0.137,0.199,0.478,0.477,0.818,0.586,0.86,0.219,0.899,0.151,0.893,0.474,0.719,0.808,0.683,0.783,0.798,0.544
0.988,0.988,0.978,0.978,0.968,0.082,0.975,0.937,0.072,0.714,0.937,0.982,0.932,0.968,0.982,0.937,0.932,0.968,0.68,0.932,0.917,0.891,0.917,0.955,0.932,0.975,0.955,0.937,0.958,0.714,0.958,0.891,0.563,0.858,0.937,0.858,0.759,0.937,0.563,0.759,0.285,0.858,0.859,0.066,0.858,0.759,0.695,0.859,0.572,0.859,0.097,0.318,0.987,0.596,0.779,0.596,0.672,0.868,0.868,0.868,0.815,0.779,0.672,0.779,0.987,0.815,0.842,0.744,0.842,0.938,0.938,0.938,0.323,0.974,0.075,0.196,0.695,0.948,0.707,0.695,0.343,0.974,0.98,0.263,0.872,0.98,0.707,0.199,0.33,0.951,0.974,0.073,0.197,0.262,0.94,0.98,0.515,0.94,0.94,0.199,0.952,0.801,0.956,0.952,0.952,0.933,0.196,0.169,0.169,0.134,0.199,0.146,0.05,0.148,0.249,0.944,0.862,0.781,0.07,0.146,0.199,0.065,0.828,0.093,0.315,0.276,0.945,0.251,0.276,0.179,0.096,0.987,0.099,0.273,0.904,0.744,0.254,0.235,0.225,0.744,0.641,0.829,0.03,0.602,0.641,0.839,0.641,0.744,0.028,0.924,0.524,0.908,0.325,0.832,0.614,0.021,0.341,0.883,0.46,0.675,0.422,0.373,0.605,0.578,0.57,0.56,0.525,0.466
0.108,0.108,0.079,0.079,0.583,0.944,0.07,0.07,0.932,0.473,0.07,0.085,0.055,0.583,0.085,0.07,0.055,0.583,0.221,0.055,0.129,0.533,0.129,0.049,0.055,0.07,0.049,0.07,0.076,0.473,0.076,0.533,0.217,0.054,0.148,0.054,0.9,0.148,0.217,0.9,0.661,0.054,0.912,0.469,0.054,0.9,0.622,0.912,0.038,0.912,0.706,0.566,0.734,0.293,0.843,0.293,0.291,0.901,0.901,0.901,0.414,0.843,0.291,0.843,0.734,0.414,0.05,0.033,0.05,0.853,0.853,0.853,0.856,0.593,0.503,0.954,0.847,0.059,0.879,0.847,0.901,0.593,0.897,0.968,0.033,0.897,0.879,0.965,0.97,0.069,0.593,0.49,0.947,0.957,0.729,0.897,0.081,0.729,0.729,0.957,0.876,0.974,0.089,0.876,0.876,0.015,0.97,0.95,0.95,0.913,0.6,0.493,0.957,0.477,0.972,0.072,0.184,0.967,0.951,0.493,0.965,0.958,0.132,0.94,0.952,0.715,0.022,0.935,0.715,0.159,0.94,0.852,0.935,0.483,0.086,0.931,0.922,0.57,0.971,0.931,0.954,0.134,0.896,0.901,0.954,0.094,0.954,0.931,0.899,0.777,0.73,0.761,0.898,0.122,0.944,0.879,0.926,0.813,0.741,0.886,0.754,0.857,0.907,0.867,0.855,0.789,0.749,0.988
0.733,0.733,0.756,0.756,0.457,0.788,0.626,0.673,0.782,0.568,0.673,0.586,0.638,0.457,0.586,0.673,0.638,0.457,0.598,0.638,0.628,0.594,0.628,0.769,0.638,0.626,0.769,0.673,0.793,0.568,0.793,0.594,0.571,0.627,0.498,0.627,0.606,0.498,0.571,0.606,0.507,0.627,0.496,0.1,0.627,0.606,0.46,0.496,0.172,0.496,0.713,0.508,0.434,0.779,0.74,0.779,0.767,0.717,0.717,0.717,0.604,0.74,0.767,0.74,0.434,0.604,0.744,0.102,0.744,0.33,0.33,0.33,0.654,0.531,0.089,0.548,0.71,0.17,0.639,0.71,0.458,0.531,0.294,0.619,0.12,0.294,0.639,0.545,0.458,0.197,0.531,0.088,0.543,0.659,0.798,0.294,0.808,0.798,0.798,0.559,0.71,0.635,0.201,0.71,0.71,0.193,0.477,0.351,0.351,0.327,0.441,0.377,0.107,0.384,0.551,0.163,0.352,0.647,0.125,0.377,0.491,0.134,0.303,0.229,0.506,0.384,0.145,0.262,0.384,0.672,0.163,0.579,0.162,0.472,0.165,0.43,0.455,0.359,0.263,0.43,0.455,0.325,0.146,0.888,0.455,0.366,0.455,0.43,0.148,0.865,0.955,0.821,0.187,0.255,0.127,0.134,0.4,0.795,0.393,0.947,0.387,0.182,0.118,0.171,0.167,0.138,0.205,0.279
0.67,0.67,0.648,0.648,0.303,0.581,0.65,0.541,0.529,0.504,0.541,0.68,0.431,0.303,0.68,0.541,0.431,0.303,0.188,0.431,0.67,0.547,0.67,0.468,0.431,0.65,0.468,0.541,0.558,0.504,0.558,0.547,0.336,0.58,0.699,0.58,0.402,0.699,0.336,0.402,0.571,0.58,0.51,0.454,0.58,0.402,0.159,0.51,0.949,0.51,0.404,0.593,0.358,0.314,0.602,0.314,0.309,0.688,0.688,0.688,0.663,0.602,0.309,0.602,0.358,0.663,0.61,0.524,0.61,0.19,0.19,0.19,0.663,0.105,0.382,0.568,0.616,0.949,0.664,0.616,0.851,0.105,0.513,0.715,0.934,0.513,0.664,0.551,0.793,0.948,0.105,0.738,0.598,0.725,0.446,0.513,0.097,0.446,0.446,0.564,0.478,0.596,0.963,0.478,0.478,0.989,0.707,0.175,0.175,0.18,0.624,0.012,0.386,0.016,0.902,0.951,0.096,0.644,0.358,0.012,0.726,0.333,0.056,0.454,0.918,0.105,0.992,0.529,0.105,0.023,0.371,0.535,0.318,0.538,0.649,0.702,0.475,0.112,0.673,0.702,0.625,0.196,0.227,0.465,0.625,0.17,0.625,0.702,0.232,0.266,0.274,0.234,0.732,0.128,0.774,0.216,0.932,0.25,0.796,0.296,0.842,0.716,0.785,0.714,0.726,0.325,0.293,0.241
0.065,0.065,0.066,0.066,0.947,0.163,0.077,0.064,0.175,0.059,0.064,0.066,0.063,0.947,0.066,0.064,0.063,0.947,0.673,0.063,0.238,0.048,0.238,0.068,0.063,0.077,0.068,0.064,0.059,0.059,0.059,0.048,0.047,0.169,0.253,0.169,0.76,0.253,0.047,0.76,0.249,0.169,0.607,0.211,0.169,0.76,0.709,0.607,0.422,0.607,0.432,0.224,0.753,0.019,0.907,0.019,0.018,0.805,0.805,0.805,0.13,0.907,0.018,0.907,0.753,0.13,0.178,0.638,0.178,0.547,0.547,0.547,0.472,0.859,0.282,0.112,0.713,0.048,0.729,0.713,0.175,0.859,0.913,0.18,0.519,0.913,0.729,0.112,0.186,0.06,0.859,0.348,0.115,0.178,0.707,0.913,0.398,0.707,0.707,0.115,0.574,0.576,0.049,0.574,0.574,0.041,0.174,0.204,0.204,0.215,0.089,0.295,0.484,0.35,0.258,0.047,0.379,0.669,0.463,0.295,0.187,0.445,0.373,0.406,0.388,0.124,0.048,0.65,0.124,0.172,0.375,0.751,0.357,0.055,0.082,0.681,0.563,0.142,0.762,0.681,0.727,0.314,0.68,0.75,0.727,0.103,0.727,0.681,0.658,0.791,0.631,0.743,0.925,0.085,0.828,0.654,0.899,0.818,0.97,0.761,0.969,0.945,0.819,0.837,0.792,0.983,0.988,0.944
0.358,0.358,0.336,0.336,0.051,0.739,0.311,0.266,0.743,0.177,0.266,0.328,0.267,0.051,0.328,0.266,0.267,0.051,0.887,0.267,0.297,0.203,0.297,0.263,0.267,0.311,0.263,0.266,0.264,0.177,0.264,0.203,0.082,0.224,0.259,0.224,0.087,0.259,0.082,0.087,0.57,0.224,0.162,0.985,0.224,0.087,0.689,0.162,0.989,0.162,0.623,0.537,0.254,0.102,0.107,0.102,0.104,0.23,0.23,0.23,0.193,0.107,0.104,0.107,0.254,0.193,0.229,0.884,0.229,0.632,0.632,0.632,0.59,0.027,0.971,0.556,0.394,0.488,0.437,0.394,0.388,0.027,0.009,0.333,0.932,0.009,0.437,0.553,0.334,0.599,0.027,0.917,0.55,0.339,0.677,0.009,0.606,0.677,0.677,0.551,0.716,0.026,0.548,0.716,0.716,0.68,0.53,0.44,0.44,0.35,0.506,0.107,0.14,0.044,0.264,0.637,0.152,0.021,0.243,0.107,0.5,0.2,0.169,0.353,0.339,0.405,0.623,0.407,0.405,0.142,0.419,0.031,0.415,0.455,0.275,0.004,0.431,0.282,0.312,0.004,0.008,0.27,0.199,0.719,0.008,0.163,0.008,0.004,0.203,0.87,0.638,0.795,0.52,0.155,0.617,0.184,0.719,0.733,0.893,0.724,0.885,0.517,0.623,0.671,0.641,0.573,0.57,0.574
0.237,0.237,0.239,0.239,0.148,0.452,0.572,0.476,0.371,0.326,0.476,0.568,0.468,0.148,0.568,0.476,0.468,0.148,0.218,0.468,0.185,0.354,0.185,0.471,0.468,0.572,0.471,0.476,0.488,0.326,0.488,0.354,0.206,0.55,0.801,0.55,0.422,0.801,0.206,0.422,0.785,0.55,0.724,0.718,0.55,0.422,0.321,0.724,0.219,0.724,0.333,0.773,0.786,0.225,0.594,0.225,0.22,0.7,0.7,0.7,0.381,0.594,0.22,0.594,0.786,0.381,0.564,0.236,0.564,0.953,0.953,0.953,0.735,0.046,0.744,0.798,0.795,0.609,0.767,0.795,0.784,0.046,0.761,0.721,0.312,0.761,0.767,0.809,0.802,0.429,0.046,0.68,0.778,0.718,0.947,0.761,0.178,0.947,0.947,0.792,0.936,0.766,0.61,0.936,0.936,0.22,0.7,0.698,0.698,0.644,0.723,0.066,0.878,0.05,0.632,0.44,0.621,0.804,0.917,0.066,0.672,0.949,0.536,0.368,0.741,0.367,0.212,0.956,0.367,0.201,0.563,0.749,0.588,0.476,0.28,0.734,0.873,0.32,0.855,0.734,0.702,0.342,0.932,0.716,0.702,0.442,0.702,0.734,0.928,0.462,0.772,0.635,0.927,0.523,0.947,0.927,0.887,0.684,0.694,0.832,0.747,0.914,0.89,0.883,0.821,0.751,0.699,0.789
0.97,0.97,0.973,0.973,0.055,0.637,0.821,0.745,0.635,0.677,0.745,0.689,0.805,0.055,0.689,0.745,0.805,0.055,0.981,0.805,0.774,0.728,0.774,0.593,0.805,0.821,0.593,0.745,0.72,0.677,0.72,0.728,0.745,0.796,0.76,0.796,0.849,0.76,0.745,0.849,0.688,0.796,0.764,0.597,0.796,0.849,0.893,0.764,0.166,0.764,0.59,0.626,0.248,0.735,0.857,0.735,0.749,0.798,0.798,0.798,0.724,0.857,0.749,0.857,0.248,0.724,0.739,0.426,0.739,0.379,0.379,0.379,0.559,0.415,0.391,0.635,0.146,0.655,0.2,0.146,0.787,0.415,0.157,0.683,0.245,0.157,0.2,0.626,0.824,0.774,0.415,0.461,0.656,0.684,0.157,0.157,0.972,0.157,0.157,0.635,0.183,0.442,0.504,0.183,0.183,0.196,0.643,0.975,0.975,0.97,0.875,0.518,0.572,0.483,0.708,0.599,0.456,0.349,0.6,0.518,0.638,0.603,0.443,0.651,0.838,0.981,0.237,0.16,0.981,0.616,0.752,0.097,0.739,0.984,0.356,0.264,0.166,0.982,0.084,0.264,0.436,0.236,0.236,0.046,0.436,0.599,0.436,0.264,0.246,0.065,0.062,0.065,0.188,0.509,0.216,0.242,0.218,0.066,0.237,0.065,0.231,0.17,0.224,0.207,0.206,0.289,0.285,0.264
0.754,0.754,0.847,0.847,0.883,0.38,0.792,0.724,0.413,0.858,0.724,0.771,0.619,0.883,0.771,0.724,0.619,0.883,0.699,0.619,0.955,0.896,0.955,0.619,0.619,0.792,0.619,0.724,0.685,0.858,0.685,0.896,0.994,0.658,0.751,0.658,0.973,0.751,0.994,0.973,0.276,0.658,0.935,0.047,0.658,0.973,0.764,0.935,0.318,0.935,0.472,0.294,0.798,0.985,0.964,0.985,0.986,0.955,0.955,0.955,0.913,0.964,0.986,0.964,0.798,0.913,0.685,0.367,0.685,0.642,0.642,0.642,0.255,0.904,0.062,0.435,0.864,0.639,0.877,0.864,0.648,0.904,0.869,0.548,0.331,0.869,0.877,0.439,0.608,0.536,0.904,0.062,0.438,0.533,0.529,0.869,0.64,0.529,0.529,0.44,0.469,0.841,0.72,0.469,0.469,0.527,0.416,0.263,0.263,0.358,0.445,0.274,0.043,0.343,0.517,0.617,0.913,0.879,0.052,0.274,0.397,0.049,0.701,0.015,0.688,0.36,0.557,0.82,0.36,0.256,0.021,0.776,0.019,0.375,0.575,0.884,0.884,0.385,0.796,0.884,0.817,0.865,0.314,0.921,0.817,0.383,0.817,0.884,0.308,0.954,0.889,0.975,0.693,0.422,0.592,0.312,0.674,0.975,0.743,0.88,0.704,0.671,0.64,0.577,0.631,0.65,0.64,0.778
0.967,0.967,0.917,0.917,0.261,0.193,0.907,0.875,0.207,0.744,0.875,0.905,0.88,0.261,0.905,0.875,0.88,0.261,0.645,0.88,0.971,0.726,0.971,0.912,0.88,0.907,0.912,0.875,0.896,0.744,0.896,0.726,0.553,0.857,0.958,0.857,0.392,0.958,0.553,0.392,0.124,0.857,0.506,0.069,0.857,0.392,0.569,0.506,0.262,0.506,0.202,0.116,0.124,0.477,0.347,0.477,0.469,0.455,0.455,0.455,0.767,0.347,0.469,0.347,0.124,0.767,0.903,0.36,0.903,0.388,0.388,0.388,0.188,0.558,0.084,0.603,0.064,0.598,0.078,0.064,0.489,0.558,0.216,0.358,0.349,0.216,0.078,0.598,0.438,0.7,0.558,0.091,0.654,0.359,0.377,0.216,0.597,0.377,0.377,0.653,0.319,0.094,0.566,0.319,0.319,0.459,0.612,0.423,0.423,0.581,0.4,0.587,0.162,0.66,0.342,0.759,0.531,0.125,0.113,0.587,0.626,0.119,0.594,0.18,0.515,0.324,0.499,0.292,0.324,0.835,0.216,0.101,0.214,0.342,0.45,0.132,0.263,0.475,0.333,0.132,0.181,0.349,0.106,0.344,0.181,0.6,0.181,0.132,0.109,0.302,0.423,0.384,0.49,0.578,0.699,0.111,0.586,0.384,0.755,0.389,0.738,0.549,0.642,0.681,0.613,0.882,0.863,0.733
0.801,0.801,0.782,0.782,0.465,0.727,0.846,0.798,0.74,0.829,0.798,0.856,0.783,0.465,0.856,0.798,0.783,0.465,0.083,0.783,0.869,0.846,0.869,0.8,0.783,0.846,0.8,0.798,0.801,0.829,0.801,0.846,0.8,0.941,0.944,0.941,0.022,0.944,0.8,0.022,0.422,0.941,0.051,0.272,0.941,0.022,0.047,0.051,0.031,0.051,0.753,0.467,0.243,0.852,0.016,0.852,0.866,0.023,0.023,0.023,0.853,0.016,0.866,0.016,0.243,0.853,0.937,0.118,0.937,0.202,0.202,0.202,0.713,0.467,0.353,0.492,0.307,0.239,0.427,0.307,0.617,0.467,0.254,0.53,0.093,0.254,0.427,0.493,0.599,0.305,0.467,0.349,0.481,0.548,0.187,0.254,0.512,0.187,0.187,0.478,0.227,0.458,0.214,0.227,0.227,0.198,0.509,0.249,0.249,0.281,0.223,0.481,0.697,0.557,0.591,0.27,0.45,0.327,0.713,0.481,0.513,0.702,0.46,0.578,0.713,0.297,0.233,0.103,0.297,0.87,0.646,0.374,0.645,0.203,0.315,0.209,0.099,0.35,0.137,0.209,0.183,0.62,0.168,0.064,0.183,0.284,0.183,0.209,0.164,0.037,0.048,0.048,0.208,0.263,0.166,0.164,0.328,0.049,0.298,0.044,0.302,0.204,0.17,0.159,0.165,0.27,0.271,0.314
0.57,0.57,0.572,0.572,0.069,0.06,0.372,0.319,0.069,0.356,0.319,0.368,0.346,0.069,0.368,0.319,0.346,0.069,0.125,0.346,0.599,0.44,0.599,0.399,0.346,0.372,0.399,0.319,0.385,0.356,0.385,0.44,0.298,0.406,0.378,0.406,0.85,0.378,0.298,0.85,0.08,0.406,0.809,0.821,0.406,0.85,0.323,0.809,0.872,0.809,0.074,0.07,0.222,0.318,0.879,0.318,0.322,0.875,0.875,0.875,0.439,0.879,0.322,0.879,0.222,0.439,0.494,0.864,0.494,0.29,0.29,0.29,0.06,0.305,0.952,0.096,0.428,0.918,0.433,0.428,0.138,0.305,0.353,0.103,0.694,0.353,0.433,0.086,0.124,0.949,0.305,0.753,0.097,0.138,0.856,0.353,0.715,0.856,0.856,0.083,0.86,0.742,0.907,0.86,0.86,0.918,0.066,0.783,0.783,0.858,0.47,0.783,0.504,0.904,0.076,0.874,0.794,0.73,0.469,0.783,0.059,0.44,0.865,0.429,0.134,0.826,0.868,0.553,0.826,0.893,0.358,0.299,0.344,0.402,0.79,0.62,0.43,0.89,0.337,0.62,0.658,0.711,0.341,0.303,0.658,0.903,0.658,0.62,0.383,0.414,0.336,0.325,0.636,0.861,0.507,0.366,0.959,0.359,0.908,0.267,0.915,0.601,0.552,0.452,0.502,0.916,0.873,0.842
0.564,0.564,0.715,0.715,0.888,0.41,0.651,0.803,0.426,0.708,0.803,0.725,0.76,0.888,0.725,0.803,0.76,0.888,0.791,0.76,0.423,0.734,0.423,0.69,0.76,0.651,0.69,0.803,0.732,0.708,0.732,0.734,0.813,0.782,0.679,0.782,0.41,0.679,0.813,0.41,0.771,0.782,0.337,0.585,0.782,0.41,0.659,0.337,0.66,0.337,0.276,0.781,0.765,0.832,0.388,0.832,0.827,0.301,0.301,0.301,0.721,0.388,0.827,0.388,0.765,0.721,0.694,0.706,0.694,0.492,0.492,0.492,0.686,0.855,0.504,0.853,0.42,0.869,0.33,0.42,0.764,0.855,0.914,0.774,0.551,0.914,0.33,0.85,0.701,0.765,0.855,0.51,0.865,0.778,0.236,0.914,0.754,0.236,0.236,0.857,0.163,0.481,0.775,0.163,0.163,0.986,0.765,0.493,0.493,0.513,0.54,0.751,0.654,0.765,0.712,0.638,0.703,0.554,0.706,0.751,0.804,0.688,0.626,0.789,0.643,0.533,0.963,0.897,0.533,0.983,0.81,0.806,0.795,0.601,0.999,0.477,0.913,0.549,0.947,0.477,0.408,0.867,0.1,0.867,0.408,0.872,0.408,0.477,0.102,0.999,0.936,0.992,0.626,0.915,0.512,0.103,0.695,0.996,0.444,0.935,0.482,0.519,0.616,0.574,0.622,0.748,0.652,0.686
0.453,0.453,0.451,0.451,0.687,0.63,0.146,0.121,0.495,0.344,0.121,0.164,0.113,0.687,0.164,0.121,0.113,0.687,0.806,0.113,0.387,0.392,0.387,0.112,0.113,0.146,0.112,0.121,0.128,0.344,0.128,0.392,0.226,0.205,0.25,0.205,0.815,0.25,0.226,0.815,0.848,0.205,0.863,0.528,0.205,0.815,0.864,0.863,0.7,0.863,0.756,0.796,0.884,0.247,0.63,0.247,0.252,0.825,0.825,0.825,0.376,0.63,0.252,0.63,0.884,0.376,0.181,0.525,0.181,0.698,0.698,0.698,0.895,0.789,0.543,0.374,0.79,0.579,0.466,0.79,0.556,0.789,0.823,0.571,0.508,0.823,0.466,0.361,0.575,0.913,0.789,0.535,0.395,0.528,0.636,0.823,0.581,0.636,0.636,0.371,0.368,0.345,0.465,0.368,0.368,0.4,0.425,0.238,0.238,0.258,0.293,0.233,0.794,0.172,0.519,0.88,0.98,0.671,0.834,0.233,0.444,0.804,0.958,0.765,0.678,0.142,0.761,0.399,0.142,0.406,0.615,0.739,0.665,0.318,0.655,0.682,0.453,0.171,0.61,0.682,0.299,0.615,0.292,0.16,0.299,0.91,0.299,0.682,0.303,0.145,0.191,0.201,0.692,0.939,0.726,0.274,0.789,0.191,0.583,0.165,0.597,0.761,0.713,0.726,0.742,0.825,0.805,0.934
0.488,0.488,0.577,0.577,0.246,0.877,0.679,0.467,0.852,0.864,0.467,0.56,0.516,0.246,0.56,0.467,0.516,0.246,0.828,0.516,0.411,0.837,0.411,0.457,0.516,0.679,0.457,0.467,0.378,0.864,0.378,0.837,0.608,0.409,0.53,0.409,0.681,0.53,0.608,0.681,0.613,0.409,0.706,0.786,0.409,0.681,0.921,0.706,0.267,0.706,0.821,0.767,0.432,0.737,0.831,0.737,0.746,0.857,0.857,0.857,0.793,0.831,0.746,0.831,0.432,0.793,0.367,0.417,0.367,0.45,0.45,0.45,0.707,0.153,0.769,0.32,0.837,0.427,0.806,0.837,0.574,0.153,0.31,0.498,0.487,0.31,0.806,0.315,0.657,0.344,0.153,0.783,0.326,0.497,0.898,0.31,0.161,0.898,0.898,0.325,0.877,0.813,0.426,0.877,0.877,0.227,0.373,0.413,0.413,0.495,0.558,0.044,0.368,0.046,0.482,0.33,0.643,0.835,0.443,0.044,0.342,0.449,0.62,0.33,0.576,0.265,0.401,0.132,0.265,0.081,0.297,0.626,0.308,0.387,0.441,0.878,0.225,0.345,0.146,0.878,0.841,0.514,0.137,0.918,0.841,0.351,0.841,0.878,0.141,0.856,0.968,0.86,0.27,0.406,0.227,0.13,0.587,0.878,0.72,0.978,0.665,0.27,0.237,0.303,0.263,0.375,0.388,0.368
0.236,0.236,0.24,0.24,0.541,0.685,0.244,0.247,0.854,0.233,0.247,0.247,0.209,0.541,0.247,0.247,0.209,0.541,0.483,0.209,0.313,0.225,0.313,0.206,0.209,0.244,0.206,0.247,0.251,0.233,0.251,0.225,0.132,0.235,0.309,0.235,0.932,0.309,0.132,0.932,0.895,0.235,0.952,0.414,0.235,0.932,0.556,0.952,0.492,0.952,0.748,0.878,0.704,0.082,0.929,0.082,0.081,0.915,0.915,0.915,0.23,0.929,0.081,0.929,0.704,0.23,0.242,0.45,0.242,0.721,0.721,0.721,0.669,0.373,0.457,0.924,0.505,0.713,0.765,0.505,0.84,0.373,0.72,0.955,0.408,0.72,0.765,0.914,0.847,0.672,0.373,0.433,0.92,0.962,0.538,0.72,0.162,0.538,0.538,0.911,0.782,0.788,0.695,0.782,0.782,0.556,0.838,0.772,0.772,0.84,0.794,0.09,0.938,0.104,0.895,0.672,0.548,0.584,0.96,0.09,0.865,0.942,0.576,0.853,0.868,0.509,0.614,0.187,0.509,0.111,0.944,0.774,0.953,0.819,0.39,0.885,0.256,0.622,0.253,0.885,0.756,0.608,0.548,0.21,0.756,0.457,0.756,0.885,0.608,0.203,0.32,0.279,0.327,0.457,0.344,0.52,0.394,0.291,0.433,0.196,0.418,0.332,0.331,0.342,0.353,0.41,0.443,0.451
0.304,0.304,0.294,0.294,0.276,0.943,0.822,0.843,0.934,0.645,0.843,0.814,0.763,0.276,0.814,0.843,0.763,0.276,0.955,0.763,0.36,0.576,0.36,0.704,0.763,0.822,0.704,0.843,0.776,0.645,0.776,0.576,0.493,0.861,0.863,0.861,0.212,0.863,0.493,0.212,0.27,0.861,0.199,0.051,0.861,0.212,0.933,0.199,0.543,0.199,0.865,0.286,0.776,0.363,0.106,0.363,0.356,0.093,0.093,0.093,0.672,0.106,0.356,0.106,0.776,0.672,0.881,0.358,0.881,0.757,0.757,0.757,0.33,0.152,0.045,0.285,0.958,0.5,0.961,0.958,0.409,0.152,0.633,0.387,0.288,0.633,0.961,0.275,0.43,0.601,0.152,0.045,0.297,0.406,0.993,0.633,0.851,0.993,0.993,0.287,0.999,0.762,0.459,0.999,0.999,0.677,0.204,0.315,0.315,0.291,0.258,0.451,0.424,0.475,0.318,0.433,0.231,0.777,0.357,0.451,0.224,0.402,0.232,0.497,0.421,0.314,0.697,0.822,0.314,0.366,0.565,0.631,0.61,0.23,0.579,0.706,0.637,0.29,0.717,0.706,0.678,0.176,0.766,0.752,0.678,0.525,0.678,0.706,0.753,0.444,0.424,0.493,0.91,0.502,0.965,0.788,0.946,0.572,0.937,0.397,0.951,0.902,0.944,0.811,0.799,0.839,0.774,0.955
0.381,0.381,0.366,0.366,0.657,0.808,0.131,0.132,0.778,0.801,0.132,0.206,0.096,0.657,0.206,0.132,0.096,0.657,0.373,0.096,0.254,0.797,0.254,0.11,0.096,0.131,0.11,0.132,0.15,0.801,0.15,0.797,0.638,0.157,0.202,0.157,0.047,0.202,0.638,0.047,0.386,0.157,0.041,0.919,0.157,0.047,0.297,0.041,0.935,0.041,0.649,0.262,0.368,0.546,0.051,0.546,0.531,0.024,0.024,0.024,0.883,0.051,0.531,0.051,0.368,0.883,0.186,0.765,0.186,0.203,0.203,0.203,0.471,0.818,0.912,0.4,0.378,0.012,0.399,0.378,0.526,0.818,0.327,0.441,0.759,0.327,0.399,0.445,0.444,0.015,0.818,0.904,0.415,0.506,0.099,0.327,0.479,0.099,0.099,0.462,0.109,0.067,0.01,0.109,0.109,0.025,0.481,0.125,0.125,0.132,0.45,0.649,0.683,0.687,0.423,0.014,0.183,0.077,0.555,0.649,0.504,0.559,0.194,0.7,0.459,0.19,0.023,0.84,0.19,0.879,0.515,0.135,0.54,0.509,0.06,0.033,0.863,0.212,0.934,0.033,0.039,0.148,0.736,0.96,0.039,0.112,0.039,0.033,0.733,0.947,0.963,0.852,0.384,0.1,0.396,0.752,0.406,0.874,0.382,0.959,0.403,0.443,0.379,0.375,0.391,0.462,0.479,0.598
0.524,0.524,0.513,0.513,0.179,0.44,0.365,0.381,0.374,0.739,0.381,0.369,0.395,0.179,0.369,0.381,0.395,0.179,0.058,0.395,0.537,0.571,0.537,0.374,0.395,0.365,0.374,0.381,0.353,0.739,0.353,0.571,0.754,0.32,0.339,0.32,0.625,0.339,0.754,0.625,0.34,0.32,0.428,0.793,0.32,0.625,0.277,0.428,0.637,0.428,0.222,0.348,0.048,0.543,0.806,0.543,0.538,0.672,0.672,0.672,0.411,0.806,0.538,0.806,0.048,0.411,0.326,0.587,0.326,0.036,0.036,0.036,0.342,0.366,0.835,0.442,0.058,0.577,0.073,0.058,0.241,0.366,0.067,0.566,0.723,0.067,0.073,0.423,0.227,0.471,0.366,0.794,0.381,0.603,0.066,0.067,0.038,0.066,0.066,0.377,0.088,0.095,0.662,0.088,0.088,0.535,0.395,0.636,0.636,0.664,0.898,0.455,0.133,0.564,0.532,0.566,0.573,0.083,0.118,0.455,0.371,0.128,0.426,0.186,0.174,0.794,0.467,0.331,0.794,0.483,0.109,0.036,0.112,0.953,0.606,0.097,0.354,0.814,0.222,0.097,0.145,0.36,0.937,0.099,0.145,0.547,0.145,0.097,0.944,0.115,0.193,0.111,0.043,0.67,0.029,0.956,0.029,0.115,0.025,0.193,0.025,0.041,0.028,0.03,0.035,0.007,0.005,0.032
0.47,0.47,0.382,0.382,0.068,0.406,0.307,0.762,0.331,0.805,0.762,0.325,0.729,0.068,0.325,0.762,0.729,0.068,0.312,0.729,0.43,0.75,0.43,0.678,0.729,0.307,0.678,0.762,0.684,0.805,0.684,0.75,0.733,0.684,0.347,0.684,0.118,0.347,0.733,0.118,0.46,0.684,0.182,0.203,0.684,0.118,0.337,0.182,0.308,0.182,0.554,0.723,0.168,0.835,0.091,0.835,0.844,0.112,0.112,0.112,0.701,0.091,0.844,0.091,0.168,0.701,0.627,0.285,0.627,0.103,0.103,0.103,0.871,0.015,0.289,0.54,0.422,0.457,0.38,0.422,0.753,0.015,0.086,0.652,0.283,0.086,0.38,0.538,0.853,0.391,0.015,0.283,0.524,0.652,0.405,0.086,0.1,0.405,0.405,0.517,0.347,0.419,0.443,0.347,0.347,0.526,0.522,0.415,0.415,0.452,0.548,0.115,0.379,0.162,0.645,0.379,0.422,0.461,0.423,0.115,0.495,0.41,0.428,0.341,0.835,0.346,0.397,0.372,0.346,0.138,0.38,0.191,0.399,0.39,0.394,0.311,0.368,0.379,0.498,0.311,0.222,0.363,0.919,0.504,0.222,0.353,0.222,0.311,0.92,0.57,0.691,0.395,0.323,0.359,0.276,0.93,0.56,0.437,0.453,0.689,0.468,0.34,0.28,0.266,0.268,0.348,0.36,0.15
0.366,0.366,0.339,0.339,0.903,0.55,0.723,0.631,0.588,0.415,0.631,0.749,0.602,0.903,0.749,0.631,0.602,0.903,0.467,0.602,0.291,0.495,0.291,0.671,0.602,0.723,0.671,0.631,0.687,0.415,0.687,0.495,0.534,0.605,0.74,0.605,0.794,0.74,0.534,0.794,0.976,0.605,0.711,0.709,0.605,0.794,0.531,0.711,0.845,0.711,0.481,0.979,0.309,0.533,0.359,0.533,0.523,0.296,0.296,0.296,0.448,0.359,0.523,0.359,0.309,0.448,0.734,0.695,0.734,0.636,0.636,0.636,0.957,0.888,0.608,0.501,0.684,0.826,0.721,0.684,0.74,0.888,0.401,0.581,0.713,0.401,0.721,0.46,0.687,0.706,0.888,0.613,0.499,0.597,0.513,0.401,0.795,0.513,0.513,0.456,0.504,0.707,0.884,0.504,0.504,0.867,0.484,0.978,0.978,0.971,0.809,0.452,0.64,0.551,0.563,0.774,0.814,0.67,0.766,0.452,0.434,0.727,0.781,0.952,0.719,0.985,0.73,0.172,0.985,0.489,0.863,0.432,0.837,0.951,0.834,0.701,0.138,0.98,0.209,0.701,0.742,0.832,0.638,0.3,0.742,0.636,0.742,0.701,0.662,0.227,0.155,0.15,0.353,0.911,0.421,0.71,0.319,0.169,0.361,0.117,0.369,0.349,0.401,0.395,0.377,0.402,0.381,0.536
0.471,0.471,0.478,0.478,0.566,0.548,0.409,0.316,0.523,0.32,0.316,0.389,0.325,0.566,0.389,0.316,0.325,0.566,0.836,0.325,0.662,0.288,0.662,0.333,0.325,0.409,0.333,0.316,0.313,0.32,0.313,0.288,0.162,0.351,0.553,0.351,0.802,0.553,0.162,0.802,0.456,0.351,0.804,0.751,0.351,0.802,0.806,0.804,0.864,0.804,0.496,0.477,0.755,0.143,0.402,0.143,0.141,0.576,0.576,0.576,0.31,0.402,0.141,0.402,0.755,0.31,0.355,0.846,0.355,0.597,0.597,0.597,0.708,0.551,0.651,0.547,0.854,0.651,0.847,0.854,0.712,0.551,0.755,0.705,0.845,0.755,0.847,0.607,0.751,0.843,0.551,0.67,0.529,0.662,0.773,0.755,0.409,0.773,0.773,0.644,0.748,0.662,0.672,0.748,0.748,0.743,0.682,0.758,0.758,0.798,0.584,0.879,0.639,0.634,0.784,0.862,0.167,0.652,0.718,0.879,0.712,0.723,0.181,0.627,0.799,0.699,0.881,0.535,0.699,0.657,0.666,0.792,0.652,0.556,0.715,0.799,0.629,0.825,0.842,0.799,0.772,0.144,0.054,0.711,0.772,0.494,0.772,0.799,0.058,0.489,0.28,0.375,0.76,0.513,0.637,0.059,0.624,0.366,0.469,0.263,0.467,0.79,0.611,0.655,0.611,0.641,0.668,0.79
0.64,0.64,0.781,0.781,0.07,0.654,0.528,0.495,0.65,0.422,0.495,0.484,0.548,0.07,0.484,0.495,0.548,0.07,0.293,0.548,0.587,0.376,0.587,0.484,0.548,0.528,0.484,0.495,0.468,0.422,0.468,0.376,0.904,0.471,0.518,0.471,0.472,0.518,0.904,0.472,0.342,0.471,0.642,0.03,0.471,0.472,0.13,0.642,0.205,0.642,0.624,0.298,0.239,0.955,0.733,0.955,0.959,0.776,0.776,0.776,0.372,0.733,0.959,0.733,0.239,0.372,0.438,0.344,0.438,0.164,0.164,0.164,0.256,0.081,0.035,0.318,0.345,0.571,0.511,0.345,0.271,0.081,0.352,0.341,0.251,0.352,0.511,0.336,0.271,0.723,0.081,0.03,0.322,0.318,0.352,0.352,0.476,0.352,0.352,0.34,0.361,0.367,0.563,0.361,0.361,0.438,0.313,0.839,0.839,0.842,0.838,0.434,0.184,0.481,0.324,0.665,0.506,0.293,0.162,0.434,0.365,0.177,0.519,0.233,0.244,0.81,0.458,0.061,0.81,0.43,0.199,0.266,0.206,0.832,0.517,0.664,0.062,0.83,0.026,0.664,0.646,0.431,0.87,0.232,0.646,0.79,0.646,0.664,0.877,0.231,0.294,0.239,0.082,0.712,0.085,0.886,0.248,0.218,0.258,0.322,0.236,0.079,0.085,0.079,0.08,0.181,0.247,0.208
0.033,0.033,0.034,0.034,0.492,0.423,0.024,0.02,0.509,0.016,0.02,0.023,0.02,0.492,0.023,0.02,0.02,0.492,0.094,0.02,0.099,0.018,0.099,0.019,0.02,0.024,0.019,0.02,0.019,0.016,0.019,0.018,0.029,0.029,0.112,0.029,0.171,0.112,0.029,0.171,0.128,0.029,0.139,0.523,0.029,0.171,0.126,0.139,0.454,0.139,0.895,0.144,0.38,0.025,0.433,0.025,0.023,0.426,0.426,0.426,0.026,0.433,0.023,0.433,0.38,0.026,0.037,0.495,0.037,0.893,0.893,0.893,0.197,0.205,0.502,0.235,0.424,0.191,0.464,0.424,0.221,0.205,0.398,0.239,0.567,0.398,0.464,0.265,0.256,0.147,0.205,0.609,0.227,0.227,0.967,0.398,0.011,0.967,0.967,0.268,0.973,0.3,0.178,0.973,0.973,0.2,0.58,0.015,0.015,0.035,0.092,0.007,0.189,0.004,0.386,0.128,0.299,0.245,0.163,0.007,0.543,0.176,0.229,0.256,0.298,0.021,0.132,0.865,0.021,0.021,0.251,0.367,0.266,0.092,0.298,0.307,0.829,0.041,0.924,0.307,0.329,0.247,0.545,0.622,0.329,0.306,0.329,0.307,0.547,0.724,0.789,0.832,0.483,0.286,0.527,0.54,0.445,0.843,0.527,0.783,0.544,0.449,0.548,0.504,0.533,0.603,0.578,0.494
0.035,0.035,0.037,0.037,0.013,0.983,0.034,0.038,0.975,0.054,0.038,0.028,0.037,0.013,0.028,0.038,0.037,0.013,0.432,0.037,0.108,0.053,0.108,0.033,0.037,0.034,0.033,0.038,0.032,0.054,0.032,0.053,0.032,0.035,0.103,0.035,0.329,0.103,0.032,0.329,0.115,0.035,0.486,0.493,0.035,0.329,0.797,0.486,0.352,0.486,0.946,0.11,0.353,0.037,0.511,0.037,0.036,0.711,0.711,0.711,0.071,0.511,0.036,0.511,0.353,0.071,0.042,0.43,0.042,0.336,0.336,0.336,0.157,0.051,0.475,0.101,0.503,0.408,0.498,0.503,0.099,0.051,0.115,0.14,0.428,0.115,0.498,0.107,0.146,0.43,0.051,0.455,0.108,0.133,0.745,0.115,0.217,0.745,0.745,0.108,0.842,0.555,0.381,0.842,0.842,0.246,0.123,0.881,0.881,0.847,0.701,0.118,0.411,0.182,0.185,0.394,0.314,0.599,0.435,0.118,0.131,0.43,0.314,0.459,0.184,0.497,0.348,0.526,0.497,0.32,0.581,0.248,0.563,0.777,0.391,0.331,0.565,0.449,0.685,0.331,0.293,0.455,0.742,0.62,0.293,0.563,0.293,0.331,0.758,0.733,0.887,0.844,0.368,0.565,0.303,0.763,0.411,0.868,0.441,0.952,0.415,0.397,0.298,0.344,0.349,0.383,0.433,0.472
0.558,0.558,0.576,0.576,0.125,0.247,0.397,0.439,0.22,0.39,0.439,0.397,0.444,0.125,0.397,0.439,0.444,0.125,0.96,0.444,0.581,0.342,0.581,0.49,0.444,0.397,0.49,0.439,0.472,0.39,0.472,0.342,0.639,0.541,0.423,0.541,0.55,0.423,0.639,0.55,0.492,0.541,0.461,0.74,0.541,0.55,0.969,0.461,0.566,0.461,0.226,0.546,0.084,0.578,0.643,0.578,0.556,0.577,0.577,0.577,0.487,0.643,0.556,0.643,0.084,0.487,0.644,0.443,0.644,0.919,0.919,0.919,0.287,0.584,0.311,0.804,0.055,0.294,0.085,0.055,0.964,0.584,0.145,0.878,0.431,0.145,0.085,0.77,0.957,0.175,0.584,0.294,0.809,0.898,0.77,0.145,0.788,0.77,0.77,0.77,0.702,0.164,0.236,0.702,0.702,0.237,0.683,0.784,0.784,0.712,0.858,0.541,0.39,0.519,0.816,0.152,0.481,0.115,0.543,0.541,0.677,0.503,0.485,0.321,0.921,0.799,0.199,0.357,0.799,0.399,0.523,0.129,0.502,0.885,0.287,0.184,0.19,0.751,0.331,0.184,0.213,0.326,0.462,0.885,0.213,0.281,0.213,0.184,0.449,0.719,0.545,0.592,0.389,0.25,0.492,0.461,0.428,0.668,0.413,0.925,0.391,0.393,0.503,0.503,0.517,0.484,0.562,0.333
0.547,0.547,0.555,0.555,0.245,0.399,0.377,0.791,0.355,0.849,0.791,0.386,0.85,0.245,0.386,0.791,0.85,0.245,0.062,0.85,0.461,0.661,0.461,0.887,0.85,0.377,0.887,0.791,0.79,0.849,0.79,0.661,0.88,0.855,0.377,0.855,0.356,0.377,0.88,0.356,0.503,0.855,0.478,0.092,0.855,0.356,0.103,0.478,0.594,0.478,0.171,0.28,0.072,0.636,0.502,0.636,0.622,0.535,0.535,0.535,0.697,0.502,0.622,0.502,0.072,0.697,0.854,0.49,0.854,0.053,0.053,0.053,0.673,0.082,0.131,0.534,0.426,0.619,0.391,0.426,0.57,0.082,0.274,0.38,0.4,0.274,0.391,0.529,0.546,0.701,0.082,0.118,0.538,0.395,0.155,0.274,0.183,0.155,0.155,0.539,0.139,0.525,0.79,0.139,0.139,0.851,0.575,0.134,0.134,0.11,0.145,0.095,0.38,0.119,0.401,0.878,0.603,0.56,0.42,0.095,0.557,0.421,0.633,0.308,0.542,0.073,0.799,0.72,0.073,0.18,0.276,0.087,0.292,0.059,0.736,0.49,0.702,0.07,0.447,0.49,0.431,0.376,0.92,0.606,0.431,0.492,0.431,0.49,0.945,0.771,0.658,0.826,0.51,0.495,0.446,0.902,0.299,0.812,0.137,0.586,0.106,0.575,0.467,0.525,0.496,0.112,0.13,0.349
0.432,0.432,0.415,0.415,0.594,0.745,0.147,0.147,0.675,0.067,0.147,0.166,0.111,0.594,0.166,0.147,0.111,0.594,0.921,0.111,0.519,0.077,0.519,0.119,0.111,0.147,0.119,0.147,0.114,0.067,0.114,0.077,0.749,0.194,0.248,0.194,0.792,0.248,0.749,0.792,0.605,0.194,0.877,0.912,0.194,0.792,0.905,0.877,0.758,0.877,0.704,0.672,0.135,0.771,0.267,0.771,0.783,0.492,0.492,0.492,0.062,0.267,0.783,0.267,0.135,0.062,0.2,0.807,0.2,0.042,0.042,0.042,0.993,0.319,0.477,0.963,0.43,0.693,0.23,0.43,0.738,0.319,0.441,0.856,0.711,0.441,0.23,0.957,0.738,0.68,0.319,0.396,0.948,0.858,0.035,0.441,0.432,0.035,0.035,0.953,0.135,0.251,0.626,0.135,0.135,0.663,0.834,0.98,0.98,0.982,0.957,0.874,0.891,0.851,0.778,0.562,0.216,0.455,0.958,0.874,0.847,0.975,0.312,0.896,0.737,0.965,0.586,0.928,0.965,0.977,0.907,0.133,0.903,0.932,0.385,0.576,0.948,0.974,0.908,0.576,0.405,0.287,0.532,0.989,0.405,0.662,0.405,0.576,0.532,0.932,0.974,0.899,0.727,0.558,0.688,0.529,0.436,0.913,0.373,0.968,0.37,0.723,0.734,0.688,0.719,0.508,0.488,0.336
0.044,0.044,0.047,0.047,0.159,0.35,0.056,0.321,0.35,0.26,0.321,0.055,0.33,0.159,0.055,0.321,0.33,0.159,0.213,0.33,0.038,0.27,0.038,0.325,0.33,0.056,0.325,0.321,0.318,0.26,0.318,0.27,0.181,0.322,0.012,0.322,0.188,0.012,0.181,0.188,0.824,0.322,0.158,0.723,0.322,0.188,0.191,0.158,0.68,0.158,0.338,0.717,0.18,0.209,0.19,0.209,0.216,0.193,0.193,0.193,0.256,0.19,0.216,0.19,0.18,0.256,0.327,0.81,0.327,0.432,0.432,0.432,0.976,0.255,0.584,0.99,0.191,0.887,0.159,0.191,0.857,0.255,0.136,0.981,0.555,0.136,0.159,0.989,0.859,0.865,0.255,0.661,0.984,0.979,0.621,0.136,0.557,0.621,0.621,0.985,0.613,0.4,0.867,0.613,0.613,0.835,0.965,0.178,0.178,0.171,0.076,0.503,0.544,0.497,0.959,0.791,0.632,0.419,0.567,0.503,0.953,0.557,0.697,0.801,0.886,0.168,0.892,0.327,0.168,0.447,0.658,0.476,0.682,0.09,0.78,0.106,0.226,0.173,0.373,0.106,0.091,0.705,0.914,0.389,0.091,0.598,0.091,0.106,0.927,0.301,0.145,0.146,0.05,0.494,0.048,0.973,0.352,0.168,0.039,0.174,0.03,0.07,0.047,0.046,0.043,0.176,0.117,0.417
0.652,0.652,0.607,0.607,0.469,0.671,0.429,0.853,0.657,0.979,0.853,0.513,0.808,0.469,0.513,0.853,0.808,0.469,0.789,0.808,0.656,0.983,0.656,0.813,0.808,0.429,0.813,0.853,0.854,0.979,0.854,0.983,0.833,0.828,0.611,0.828,0.53,0.611,0.833,0.53,0.655,0.828,0.716,0.07,0.828,0.53,0.882,0.716,0.078,0.716,0.798,0.669,0.334,0.85,0.36,0.85,0.84,0.659,0.659,0.659,0.967,0.36,0.84,0.36,0.334,0.967,0.823,0.117,0.823,0.212,0.212,0.212,0.286,0.592,0.071,0.346,0.686,0.2,0.706,0.686,0.537,0.592,0.465,0.481,0.131,0.465,0.706,0.345,0.552,0.188,0.592,0.066,0.358,0.476,0.628,0.465,0.893,0.628,0.628,0.357,0.492,0.786,0.197,0.492,0.492,0.212,0.326,0.598,0.598,0.377,0.673,0.334,0.808,0.111,0.498,0.184,0.26,0.789,0.808,0.334,0.344,0.776,0.16,0.836,0.494,0.268,0.172,0.114,0.268,0.673,0.554,0.481,0.566,0.508,0.317,0.457,0.18,0.143,0.164,0.457,0.464,0.15,0.151,0.923,0.464,0.313,0.464,0.457,0.139,0.708,0.615,0.616,0.249,0.265,0.2,0.168,0.947,0.633,0.626,0.785,0.792,0.253,0.195,0.347,0.295,0.604,0.724,0.433
0.739,0.739,0.835,0.835,0.956,0.035,0.843,0.686,0.034,0.721,0.686,0.816,0.716,0.956,0.816,0.686,0.716,0.956,0.134,0.716,0.781,0.684,0.781,0.802,0.716,0.843,0.802,0.686,0.725,0.721,0.725,0.684,0.962,0.805,0.892,0.805,0.828,0.892,0.962,0.828,0.324,0.805,0.906,0.609,0.805,0.828,0.249,0.906,0.515,0.906,0.04,0.244,0.877,0.978,0.917,0.978,0.969,0.959,0.959,0.959,0.707,0.917,0.969,0.917,0.877,0.707,0.798,0.398,0.798,0.885,0.885,0.885,0.322,0.891,0.571,0.697,0.871,0.25,0.859,0.871,0.159,0.891,0.955,0.155,0.491,0.955,0.859,0.622,0.154,0.307,0.891,0.59,0.701,0.157,0.36,0.955,0.328,0.36,0.36,0.629,0.501,0.827,0.3,0.501,0.501,0.506,0.623,0.491,0.491,0.405,0.274,0.254,0.636,0.19,0.138,0.296,0.463,0.808,0.655,0.254,0.628,0.662,0.395,0.453,0.144,0.479,0.534,0.503,0.479,0.237,0.468,0.92,0.464,0.264,0.475,0.933,0.539,0.417,0.758,0.933,0.941,0.214,0.008,0.526,0.941,0.631,0.941,0.933,0.008,0.812,0.368,0.614,0.813,0.638,0.743,0.013,0.79,0.563,0.855,0.287,0.857,0.81,0.75,0.76,0.758,0.562,0.576,0.522
0.798,0.798,0.9,0.9,0.427,0.022,0.819,0.538,0.022,0.535,0.538,0.646,0.726,0.427,0.646,0.538,0.726,0.427,0.761,0.726,0.693,0.323,0.693,0.698,0.726,0.819,0.698,0.538,0.485,0.535,0.485,0.323,0.543,0.369,0.436,0.369,0.957,0.436,0.543,0.957,0.02,0.369,0.945,0.411,0.369,0.957,0.86,0.945,0.207,0.945,0.02,0.019,0.811,0.581,0.828,0.581,0.605,0.847,0.847,0.847,0.285,0.828,0.605,0.828,0.811,0.285,0.358,0.138,0.358,0.525,0.525,0.525,0.011,0.548,0.454,0.013,0.936,0.319,0.962,0.936,0.011,0.548,0.631,0.023,0.124,0.631,0.962,0.012,0.023,0.411,0.548,0.432,0.016,0.011,0.8,0.631,0.602,0.8,0.8,0.011,0.816,0.851,0.314,0.816,0.816,0.296,0.014,0.867,0.867,0.854,0.995,0.383,0.259,0.359,0.01,0.38,0.604,0.846,0.266,0.383,0.018,0.272,0.568,0.118,0.024,0.769,0.261,0.423,0.769,0.747,0.132,0.613,0.13,0.997,0.434,0.895,0.369,0.745,0.503,0.895,0.888,0.541,0.517,0.284,0.888,0.594,0.888,0.895,0.512,0.429,0.295,0.489,0.753,0.546,0.787,0.564,0.638,0.526,0.745,0.33,0.732,0.776,0.722,0.805,0.825,0.848,0.852,0.965
0.928,0.928,0.93,0.93,0.996,0.076,0.66,0.531,0.076,0.967,0.531,0.66,0.528,0.996,0.66,0.531,0.528,0.996,0.114,0.528,0.977,0.965,0.977,0.607,0.528,0.66,0.607,0.531,0.598,0.967,0.598,0.965,0.704,0.599,0.832,0.599,0.969,0.832,0.704,0.969,0.037,0.599,0.936,0.868,0.599,0.969,0.114,0.936,0.766,0.936,0.085,0.037,0.972,0.671,0.98,0.671,0.668,0.975,0.975,0.975,0.984,0.98,0.668,0.98,0.972,0.984,0.689,0.657,0.689,0.843,0.843,0.843,0.036,0.959,0.8,0.035,0.994,0.783,0.998,0.994,0.035,0.959,0.949,0.033,0.665,0.949,0.998,0.037,0.034,0.862,0.959,0.819,0.031,0.033,0.959,0.949,0.232,0.959,0.959,0.032,0.979,0.97,0.793,0.979,0.979,0.834,0.021,0.207,0.207,0.205,0.431,0.173,0.854,0.139,0.031,0.881,0.014,0.949,0.841,0.173,0.023,0.841,0.008,0.903,0.017,0.208,0.905,0.885,0.208,0.495,0.873,0.935,0.867,0.441,0.022,0.978,0.876,0.219,0.945,0.978,0.971,0.019,0.387,0.891,0.971,0.01,0.971,0.978,0.392,0.97,0.888,0.962,0.971,0.008,0.969,0.43,0.976,0.958,0.95,0.828,0.932,0.98,0.963,0.965,0.967,0.949,0.945,0.989
0.823,0.823,0.825,0.825,0.632,0.333,0.522,0.699,0.297,0.816,0.699,0.624,0.547,0.632,0.624,0.699,0.547,0.632,0.746,0.547,0.664,0.865,0.664,0.646,0.547,0.522,0.646,0.699,0.69,0.816,0.69,0.865,0.359,0.647,0.544,0.647,0.83,0.544,0.359,0.83,0.637,0.647,0.758,0.497,0.647,0.83,0.952,0.758,0.273,0.758,0.193,0.73,0.579,0.502,0.629,0.502,0.506,0.743,0.743,0.743,0.784,0.629,0.506,0.629,0.579,0.784,0.619,0.483,0.619,0.505,0.505,0.505,0.772,0.725,0.665,0.81,0.261,0.626,0.242,0.261,0.867,0.725,0.715,0.852,0.478,0.715,0.242,0.777,0.755,0.553,0.725,0.698,0.81,0.872,0.457,0.715,0.712,0.457,0.457,0.767,0.441,0.591,0.524,0.441,0.441,0.499,0.84,0.254,0.254,0.231,0.297,0.139,0.765,0.185,0.892,0.443,0.845,0.597,0.715,0.139,0.838,0.731,0.77,0.675,0.848,0.279,0.711,0.716,0.279,0.219,0.724,0.707,0.658,0.34,0.703,0.609,0.507,0.258,0.719,0.609,0.603,0.717,0.574,0.311,0.603,0.431,0.603,0.609,0.59,0.627,0.211,0.725,0.895,0.32,0.899,0.631,0.732,0.688,0.829,0.238,0.836,0.934,0.914,0.905,0.882,0.287,0.251,0.403
0.195,0.195,0.276,0.276,0.363,0.535,0.234,0.138,0.532,0.106,0.138,0.18,0.203,0.363,0.18,0.138,0.203,0.363,0.945,0.203,0.159,0.089,0.159,0.178,0.203,0.234,0.178,0.138,0.105,0.106,0.105,0.089,0.984,0.184,0.164,0.184,0.254,0.164,0.984,0.254,0.564,0.184,0.2,0.624,0.184,0.254,0.775,0.2,0.242,0.2,0.555,0.657,0.156,0.969,0.11,0.969,0.96,0.091,0.091,0.091,0.079,0.11,0.96,0.11,0.156,0.079,0.193,0.316,0.193,0.093,0.093,0.093,0.784,0.292,0.716,0.427,0.109,0.043,0.125,0.109,0.715,0.292,0.319,0.622,0.328,0.319,0.125,0.505,0.747,0.048,0.292,0.677,0.383,0.544,0.022,0.319,0.702,0.022,0.022,0.477,0.023,0.103,0.052,0.023,0.023,0.092,0.39,0.206,0.206,0.157,0.245,0.432,0.397,0.383,0.515,0.037,0.125,0.124,0.428,0.432,0.336,0.362,0.094,0.686,0.635,0.713,0.063,0.046,0.713,0.707,0.57,0.229,0.549,0.255,0.102,0.393,0.045,0.728,0.096,0.393,0.397,0.157,0.943,0.079,0.397,0.111,0.397,0.393,0.96,0.076,0.072,0.076,0.174,0.148,0.14,0.943,0.229,0.073,0.296,0.067,0.307,0.164,0.125,0.087,0.077,0.292,0.288,0.224
0.683,0.683,0.664,0.664,0.163,0.117,0.504,0.656,0.122,0.633,0.656,0.52,0.624,0.163,0.52,0.656,0.624,0.163,0.227,0.624,0.653,0.688,0.653,0.675,0.624,0.504,0.675,0.656,0.706,0.633,0.706,0.688,0.39,0.578,0.492,0.578,0.075,0.492,0.39,0.075,0.612,0.578,0.073,0.651,0.578,0.075,0.193,0.073,0.538,0.073,0.154,0.58,0.421,0.559,0.108,0.559,0.535,0.052,0.052,0.052,0.55,0.108,0.535,0.108,0.421,0.55,0.608,0.198,0.608,0.099,0.099,0.099,0.422,0.037,0.484,0.833,0.41,0.602,0.414,0.41,0.931,0.037,0.555,0.947,0.206,0.555,0.414,0.827,0.916,0.651,0.037,0.472,0.788,0.942,0.204,0.555,0.698,0.204,0.204,0.778,0.268,0.393,0.624,0.268,0.268,0.641,0.758,0.187,0.187,0.074,0.282,0.245,0.923,0.337,0.846,0.709,0.912,0.383,0.956,0.245,0.727,0.952,0.908,0.785,0.892,0.349,0.847,0.951,0.349,0.279,0.908,0.29,0.902,0.302,0.437,0.559,0.924,0.192,0.937,0.559,0.584,0.446,0.484,0.92,0.584,0.49,0.584,0.559,0.482,0.922,0.885,0.914,0.547,0.412,0.503,0.477,0.688,0.873,0.726,0.899,0.663,0.59,0.542,0.584,0.467,0.723,0.736,0.555
0.066,0.066,0.063,0.063,0.226,0.365,0.071,0.915,0.345,0.876,0.915,0.101,0.929,0.226,0.101,0.915,0.929,0.226,0.983,0.929,0.05,0.852,0.05,0.953,0.929,0.071,0.953,0.915,0.939,0.876,0.939,0.852,0.881,0.916,0.046,0.916,0.738,0.046,0.881,0.738,0.256,0.916,0.707,0.273,0.916,0.738,0.904,0.707,0.627,0.707,0.31,0.195,0.628,0.838,0.808,0.838,0.821,0.768,0.768,0.768,0.893,0.808,0.821,0.808,0.628,0.893,0.946,0.731,0.946,0.839,0.839,0.839,0.448,0.189,0.398,0.182,0.741,0.938,0.733,0.741,0.319,0.189,0.623,0.304,0.731,0.623,0.733,0.203,0.337,0.824,0.189,0.412,0.18,0.299,0.742,0.623,0.413,0.742,0.742,0.193,0.81,0.667,0.951,0.81,0.81,0.89,0.164,0.845,0.845,0.821,0.924,0.714,0.256,0.648,0.278,0.851,0.394,0.676,0.289,0.714,0.164,0.269,0.277,0.227,0.343,0.812,0.84,0.508,0.812,0.314,0.201,0.635,0.203,0.929,0.773,0.715,0.548,0.781,0.387,0.715,0.694,0.607,0.922,0.262,0.694,0.869,0.694,0.715,0.924,0.283,0.351,0.21,0.024,0.824,0.052,0.968,0.165,0.201,0.055,0.349,0.097,0.022,0.06,0.048,0.044,0.179,0.123,0.257
0.176,0.176,0.178,0.178,0.153,0.631,0.135,0.082,0.729,0.092,0.082,0.087,0.146,0.153,0.087,0.082,0.146,0.153,0.663,0.146,0.084,0.058,0.084,0.147,0.146,0.135,0.147,0.082,0.087,0.092,0.087,0.058,0.237,0.062,0.044,0.062,0.104,0.044,0.237,0.104,0.714,0.062,0.407,0.551,0.062,0.104,0.982,0.407,0.357,0.407,0.658,0.811,0.605,0.282,0.131,0.282,0.274,0.314,0.314,0.314,0.058,0.131,0.274,0.131,0.605,0.058,0.078,0.601,0.078,0.83,0.83,0.83,0.922,0.299,0.574,0.695,0.676,0.773,0.611,0.676,0.854,0.299,0.503,0.83,0.614,0.503,0.611,0.708,0.87,0.644,0.299,0.545,0.7,0.823,0.859,0.503,0.423,0.859,0.859,0.704,0.826,0.418,0.601,0.826,0.826,0.645,0.735,0.798,0.798,0.785,0.407,0.691,0.548,0.707,0.861,0.471,0.889,0.441,0.575,0.691,0.788,0.569,0.882,0.492,0.936,0.742,0.56,0.052,0.742,0.095,0.546,0.528,0.547,0.396,0.612,0.333,0.048,0.739,0.021,0.333,0.282,0.51,0.843,0.03,0.282,0.591,0.282,0.333,0.804,0.044,0.035,0.028,0.092,0.708,0.101,0.836,0.195,0.032,0.221,0.031,0.225,0.086,0.105,0.044,0.046,0.085,0.075,0.099
0.692,0.692,0.778,0.778,0.34,0.287,0.441,0.475,0.281,0.602,0.475,0.492,0.452,0.34,0.492,0.475,0.452,0.34,0.103,0.452,0.393,0.617,0.393,0.466,0.452,0.441,0.466,0.475,0.431,0.602,0.431,0.617,0.309,0.354,0.328,0.354,0.038,0.328,0.309,0.038,0.473,0.354,0.026,0.957,0.354,0.038,0.014,0.026,0.967,0.026,0.213,0.377,0.423,0.367,0.093,0.367,0.378,0.083,0.083,0.083,0.486,0.093,0.378,0.093,0.423,0.486,0.382,0.974,0.382,0.446,0.446,0.446,0.554,0.442,0.99,0.424,0.477,0.995,0.167,0.477,0.54,0.442,0.202,0.443,0.987,0.202,0.167,0.426,0.59,0.973,0.442,0.986,0.436,0.425,0.252,0.202,0.629,0.252,0.252,0.434,0.171,0.014,0.996,0.171,0.171,0.985,0.398,0.07,0.07,0.07,0.281,0.461,0.513,0.464,0.456,0.949,0.728,0.081,0.581,0.461,0.362,0.547,0.756,0.757,0.522,0.084,0.948,0.863,0.084,0.637,0.751,0.253,0.751,0.337,0.933,0.052,0.815,0.084,0.881,0.052,0.005,0.992,0.995,0.814,0.005,0.981,0.005,0.052,0.997,0.782,0.883,0.715,0.748,0.975,0.686,0.99,0.272,0.65,0.199,0.834,0.195,0.744,0.717,0.64,0.699,0.175,0.113,0.204
0.5,0.5,0.537,0.537,0.572,0.033,0.737,0.496,0.036,0.414,0.496,0.729,0.603,0.572,0.729,0.496,0.603,0.572,0.88,0.603,0.596,0.351,0.596,0.626,0.603,0.737,0.626,0.496,0.595,0.414,0.595,0.351,0.408,0.431,0.563,0.431,0.821,0.563,0.408,0.821,0.102,0.431,0.768,0.106,0.431,0.821,0.832,0.768,0.272,0.768,0.025,0.091,0.637,0.499,0.495,0.499,0.503,0.431,0.431,0.431,0.349,0.495,0.503,0.495,0.637,0.349,0.482,0.354,0.482,0.183,0.183,0.183,0.097,0.655,0.098,0.212,0.25,0.637,0.189,0.25,0.148,0.655,0.638,0.106,0.368,0.638,0.189,0.209,0.144,0.882,0.655,0.097,0.206,0.124,0.098,0.638,0.252,0.098,0.098,0.217,0.077,0.271,0.647,0.077,0.077,0.6,0.212,0.84,0.84,0.892,0.849,0.933,0.143,0.941,0.086,0.879,0.781,0.289,0.104,0.933,0.227,0.111,0.785,0.146,0.076,0.897,0.739,0.966,0.897,0.978,0.081,0.597,0.087,0.893,0.916,0.266,0.883,0.965,0.95,0.266,0.225,0.756,0.053,0.913,0.225,0.912,0.225,0.266,0.052,0.659,0.926,0.925,0.953,0.926,0.895,0.053,0.608,0.918,0.853,0.911,0.813,0.901,0.966,0.908,0.968,0.648,0.679,0.997
0.866,0.866,0.817,0.817,0.653,0.051,0.533,0.621,0.049,0.416,0.621,0.631,0.492,0.653,0.631,0.621,0.492,0.653,0.874,0.492,0.818,0.476,0.818,0.52,0.492,0.533,0.52,0.621,0.641,0.416,0.641,0.476,0.243,0.494,0.547,0.494,0.806,0.547,0.243,0.806,0.181,0.494,0.767,0.109,0.494,0.806,0.766,0.767,0.703,0.767,0.057,0.152,0.503,0.3,0.719,0.3,0.302,0.645,0.645,0.645,0.327,0.719,0.302,0.719,0.503,0.327,0.458,0.739,0.458,0.803,0.803,0.803,0.117,0.57,0.248,0.508,0.712,0.967,0.698,0.712,0.114,0.57,0.362,0.085,0.72,0.362,0.698,0.506,0.112,0.959,0.57,0.21,0.517,0.106,0.685,0.362,0.555,0.685,0.685,0.512,0.654,0.609,0.949,0.654,0.654,0.959,0.539,0.697,0.697,0.534,0.639,0.735,0.203,0.462,0.055,0.932,0.959,0.622,0.205,0.735,0.531,0.21,0.966,0.153,0.069,0.698,0.986,0.921,0.698,0.781,0.164,0.475,0.167,0.751,0.969,0.335,0.897,0.529,0.871,0.335,0.365,0.984,0.067,0.855,0.365,0.923,0.365,0.335,0.067,0.802,0.901,0.624,0.922,0.944,0.958,0.068,0.984,0.744,0.997,0.892,0.994,0.923,0.953,0.969,0.951,0.993,0.995,0.985
0.068,0.068,0.067,0.067,0.331,0.092,0.08,0.049,0.105,0.049,0.049,0.071,0.053,0.331,0.071,0.049,0.053,0.331,0.395,0.053,0.248,0.047,0.248,0.053,0.053,0.08,0.053,0.049,0.048,0.049,0.048,0.047,0.078,0.223,0.289,0.223,0.232,0.289,0.078,0.232,0.119,0.223,0.369,0.86,0.223,0.232,0.408,0.369,0.675,0.369,0.395,0.129,0.747,0.06,0.112,0.06,0.06,0.251,0.251,0.251,0.165,0.112,0.06,0.112,0.747,0.165,0.223,0.653,0.223,0.548,0.548,0.548,0.246,0.296,0.838,0.104,0.727,0.501,0.751,0.727,0.119,0.296,0.717,0.149,0.667,0.717,0.751,0.106,0.164,0.561,0.296,0.859,0.104,0.147,0.699,0.717,0.13,0.699,0.699,0.105,0.696,0.598,0.54,0.696,0.696,0.691,0.118,0.722,0.722,0.676,0.932,0.744,0.921,0.695,0.181,0.613,0.56,0.556,0.914,0.744,0.119,0.91,0.677,0.731,0.196,0.433,0.675,0.228,0.433,0.253,0.801,0.697,0.756,0.883,0.722,0.354,0.187,0.539,0.233,0.354,0.399,0.76,0.874,0.229,0.399,0.892,0.399,0.354,0.884,0.288,0.18,0.26,0.324,0.749,0.335,0.878,0.474,0.32,0.49,0.223,0.485,0.322,0.358,0.336,0.351,0.54,0.542,0.583
0.606,0.606,0.634,0.634,0.835,0.034,0.76,0.43,0.031,0.372,0.43,0.649,0.599,0.835,0.649,0.43,0.599,0.835,0.19,0.599,0.779,0.341,0.779,0.531,0.599,0.76,0.531,0.43,0.51,0.372,0.51,0.341,0.285,0.383,0.641,0.383,0.555,0.641,0.285,0.555,0.173,0.383,0.546,0.569,0.383,0.555,0.171,0.546,0.084,0.546,0.035,0.143,0.043,0.25,0.104,0.25,0.245,0.043,0.043,0.043,0.314,0.104,0.245,0.104,0.043,0.314,0.442,0.145,0.442,0.005,0.005,0.005,0.144,0.476,0.538,0.108,0.006,0.404,0.005,0.006,0.134,0.476,0.355,0.153,0.141,0.355,0.005,0.104,0.121,0.371,0.476,0.528,0.105,0.162,0.007,0.355,0.21,0.007,0.007,0.101,0.007,0.029,0.414,0.007,0.007,0.474,0.082,0.78,0.78,0.797,0.69,0.949,0.866,0.982,0.101,0.383,0.253,0.047,0.87,0.949,0.081,0.907,0.209,0.866,0.127,0.846,0.552,0.43,0.846,0.974,0.798,0.175,0.803,0.877,0.384,0.06,0.372,0.844,0.479,0.06,0.136,0.359,0.731,0.743,0.136,0.218,0.136,0.06,0.729,0.707,0.648,0.617,0.601,0.236,0.681,0.748,0.65,0.621,0.774,0.617,0.759,0.678,0.681,0.59,0.629,0.855,0.85,0.894
0.215,0.215,0.183,0.183,0.558,0.918,0.837,0.835,0.912,0.718,0.835,0.893,0.799,0.558,0.893,0.835,0.799,0.558,0.186,0.799,0.201,0.749,0.201,0.818,0.799,0.837,0.818,0.835,0.821,0.718,0.821,0.749,0.737,0.904,0.939,0.904,0.116,0.939,0.737,0.116,0.622,0.904,0.188,0.336,0.904,0.116,0.16,0.188,0.147,0.188,0.844,0.581,0.431,0.733,0.194,0.733,0.733,0.201,0.201,0.201,0.742,0.194,0.733,0.194,0.431,0.742,0.892,0.07,0.892,0.169,0.169,0.169,0.372,0.212,0.099,0.393,0.173,0.077,0.176,0.173,0.328,0.212,0.291,0.276,0.072,0.291,0.176,0.432,0.324,0.058,0.212,0.096,0.411,0.276,0.221,0.291,0.157,0.221,0.221,0.449,0.235,0.012,0.064,0.235,0.235,0.137,0.415,0.515,0.515,0.602,0.298,0.477,0.577,0.459,0.283,0.075,0.092,0.013,0.476,0.477,0.395,0.469,0.095,0.678,0.356,0.508,0.133,0.77,0.508,0.232,0.848,0.15,0.836,0.291,0.101,0.045,0.79,0.626,0.806,0.045,0.048,0.074,0.374,0.689,0.048,0.152,0.048,0.045,0.382,0.775,0.644,0.772,0.528,0.144,0.518,0.459,0.596,0.753,0.719,0.576,0.719,0.482,0.519,0.544,0.563,0.775,0.761,0.623
0.26,0.26,0.296,0.296,0.973,0.626,0.302,0.148,0.611,0.167,0.148,0.308,0.251,0.973,0.308,0.148,0.251,0.973,0.272,0.251,0.102,0.116,0.102,0.237,0.251,0.302,0.237,0.148,0.125,0.167,0.125,0.116,0.86,0.192,0.201,0.192,0.002,0.201,0.86,0.002,0.616,0.192,0.005,0.329,0.192,0.002,0.194,0.005,0.743,0.005,0.565,0.631,0.535,0.884,0.014,0.884,0.87,0.033,0.033,0.033,0.135,0.014,0.87,0.014,0.535,0.135,0.149,0.541,0.149,0.605,0.605,0.605,0.547,0.945,0.292,0.458,0.576,0.593,0.582,0.576,0.588,0.945,0.366,0.537,0.577,0.366,0.582,0.454,0.573,0.407,0.945,0.276,0.45,0.539,0.766,0.366,0.948,0.766,0.766,0.446,0.703,0.369,0.558,0.703,0.703,0.66,0.501,0.066,0.066,0.068,0.256,0.967,0.339,0.972,0.511,0.373,0.683,0.351,0.432,0.967,0.516,0.425,0.658,0.329,0.656,0.064,0.628,0.033,0.064,0.821,0.36,0.389,0.358,0.211,0.714,0.34,0.028,0.06,0.032,0.34,0.353,0.537,0.362,0.01,0.353,0.789,0.353,0.34,0.365,0.008,0.015,0.014,0.122,0.815,0.151,0.401,0.249,0.014,0.235,0.01,0.232,0.125,0.142,0.151,0.146,0.211,0.244,0.267
0.178,0.178,0.133,0.133,0.603,0.434,0.138,0.712,0.581,0.556,0.712,0.154,0.706,0.603,0.154,0.712,0.706,0.603,0.879,0.706,0.166,0.613,0.166,0.681,0.706,0.138,0.681,0.712,0.71,0.556,0.71,0.613,0.735,0.788,0.2,0.788,0.604,0.2,0.735,0.604,0.209,0.788,0.55,0.087,0.788,0.604,0.8,0.55,0.312,0.55,0.528,0.266,0.121,0.705,0.588,0.705,0.705,0.491,0.491,0.491,0.619,0.588,0.705,0.588,0.121,0.619,0.766,0.262,0.766,0.145,0.145,0.145,0.185,0.58,0.078,0.126,0.38,0.156,0.385,0.38,0.206,0.58,0.307,0.185,0.242,0.307,0.385,0.124,0.208,0.213,0.58,0.069,0.127,0.185,0.47,0.307,0.804,0.47,0.47,0.125,0.498,0.213,0.149,0.498,0.498,0.182,0.104,0.724,0.724,0.719,0.826,0.617,0.086,0.629,0.159,0.204,0.302,0.2,0.085,0.617,0.1,0.089,0.281,0.154,0.216,0.75,0.246,0.709,0.75,0.871,0.172,0.23,0.172,0.882,0.232,0.359,0.705,0.744,0.883,0.359,0.368,0.317,0.886,0.779,0.368,0.229,0.368,0.359,0.889,0.635,0.792,0.724,0.06,0.226,0.043,0.815,0.305,0.646,0.061,0.535,0.057,0.074,0.039,0.032,0.036,0.315,0.276,0.266
0.162,0.162,0.161,0.161,0.567,0.382,0.126,0.086,0.365,0.069,0.086,0.118,0.081,0.567,0.118,0.086,0.081,0.567,0.984,0.081,0.266,0.078,0.266,0.08,0.081,0.126,0.08,0.086,0.083,0.069,0.083,0.078,0.731,0.126,0.134,0.126,0.628,0.134,0.731,0.628,0.95,0.126,0.598,0.276,0.126,0.628,0.987,0.598,0.32,0.598,0.614,0.939,0.422,0.729,0.613,0.729,0.725,0.547,0.547,0.547,0.162,0.613,0.725,0.613,0.422,0.162,0.092,0.478,0.092,0.96,0.96,0.96,0.928,0.528,0.207,0.594,0.403,0.645,0.381,0.403,0.805,0.528,0.3,0.793,0.456,0.3,0.381,0.613,0.829,0.613,0.528,0.256,0.561,0.787,0.885,0.3,0.976,0.885,0.885,0.583,0.824,0.244,0.63,0.824,0.824,0.529,0.642,0.606,0.606,0.627,0.736,0.837,0.432,0.839,0.809,0.516,0.685,0.243,0.437,0.837,0.657,0.435,0.587,0.44,0.898,0.596,0.588,0.449,0.596,0.352,0.517,0.348,0.504,0.72,0.739,0.27,0.411,0.631,0.476,0.27,0.269,0.591,0.872,0.384,0.269,0.778,0.269,0.27,0.867,0.679,0.292,0.583,0.487,0.767,0.51,0.884,0.731,0.573,0.497,0.265,0.451,0.504,0.592,0.514,0.555,0.547,0.539,0.82
0.191,0.191,0.166,0.166,0.177,0.779,0.695,0.717,0.739,0.553,0.717,0.578,0.768,0.177,0.578,0.717,0.768,0.177,0.856,0.768,0.325,0.506,0.325,0.733,0.768,0.695,0.733,0.717,0.697,0.553,0.697,0.506,0.655,0.769,0.708,0.769,0.341,0.708,0.655,0.341,0.316,0.769,0.682,0.315,0.769,0.341,0.744,0.682,0.148,0.682,0.606,0.343,0.648,0.623,0.389,0.623,0.637,0.518,0.518,0.518,0.602,0.389,0.637,0.389,0.648,0.602,0.763,0.057,0.763,0.931,0.931,0.931,0.555,0.146,0.283,0.937,0.646,0.096,0.674,0.646,0.544,0.146,0.606,0.435,0.077,0.606,0.674,0.9,0.543,0.056,0.146,0.339,0.951,0.452,0.894,0.606,0.415,0.894,0.894,0.92,0.891,0.781,0.131,0.891,0.891,0.074,0.932,0.63,0.63,0.678,0.38,0.181,0.747,0.223,0.599,0.068,0.138,0.764,0.677,0.181,0.95,0.673,0.115,0.603,0.743,0.598,0.073,0.304,0.598,0.218,0.636,0.622,0.632,0.507,0.158,0.852,0.304,0.646,0.257,0.852,0.887,0.109,0.118,0.107,0.887,0.145,0.887,0.852,0.116,0.106,0.244,0.173,0.396,0.162,0.413,0.118,0.155,0.152,0.216,0.203,0.23,0.408,0.428,0.427,0.413,0.144,0.157,0.411
0.282,0.282,0.288,0.288,0.09,0.411,0.894,0.722,0.41,0.716,0.722,0.807,0.762,0.09,0.807,0.722,0.762,0.09,0.496,0.762,0.444,0.643,0.444,0.705,0.762,0.894,0.705,0.722,0.623,0.716,0.623,0.643,0.971,0.792,0.881,0.792,0.599,0.881,0.971,0.599,0.784,0.792,0.556,0.137,0.792,0.599,0.342,0.556,0.364,0.556,0.381,0.588,0.817,0.941,0.457,0.941,0.945,0.381,0.381,0.381,0.813,0.457,0.945,0.457,0.817,0.813,0.788,0.631,0.788,0.578,0.578,0.578,0.896,0.12,0.129,0.844,0.801,0.03,0.426,0.801,0.592,0.12,0.483,0.453,0.656,0.483,0.426,0.798,0.584,0.027,0.12,0.129,0.83,0.456,0.544,0.483,0.008,0.544,0.544,0.788,0.47,0.634,0.031,0.47,0.47,0.024,0.695,0.716,0.716,0.733,0.857,0.169,0.557,0.198,0.385,0.029,0.043,0.682,0.712,0.169,0.723,0.716,0.097,0.658,0.464,0.79,0.019,0.404,0.79,0.169,0.747,0.732,0.727,0.878,0.046,0.405,0.49,0.717,0.326,0.405,0.279,0.099,0.221,0.106,0.279,0.055,0.279,0.405,0.218,0.09,0.174,0.101,0.505,0.06,0.376,0.211,0.033,0.116,0.088,0.17,0.062,0.438,0.421,0.391,0.455,0.18,0.265,0.297
0.649,0.649,0.544,0.544,0.854,0.689,0.703,0.494,0.695,0.475,0.494,0.701,0.517,0.854,0.701,0.494,0.517,0.854,0.845,0.517,0.582,0.456,0.582,0.451,0.517,0.703,0.451,0.494,0.495,0.475,0.495,0.456,0.75,0.562,0.755,0.562,0.968,0.755,0.75,0.968,0.833,0.562,0.975,0.011,0.562,0.968,0.903,0.975,0.114,0.975,0.631,0.825,0.903,0.484,0.899,0.484,0.493,0.919,0.919,0.919,0.516,0.899,0.493,0.899,0.903,0.516,0.534,0.089,0.534,0.722,0.722,0.722,0.783,0.932,0.015,0.437,0.879,0.147,0.887,0.879,0.625,0.932,0.957,0.403,0.083,0.957,0.887,0.476,0.629,0.264,0.932,0.015,0.433,0.393,0.863,0.957,0.758,0.863,0.863,0.466,0.783,0.872,0.152,0.783,0.783,0.151,0.485,0.864,0.864,0.862,0.486,0.804,0.052,0.821,0.443,0.253,0.577,0.88,0.045,0.804,0.479,0.044,0.547,0.064,0.647,0.732,0.254,0.139,0.732,0.626,0.04,0.864,0.051,0.488,0.307,0.981,0.182,0.72,0.111,0.981,0.983,0.728,0.424,0.214,0.983,0.362,0.983,0.981,0.424,0.127,0.201,0.138,0.117,0.393,0.185,0.38,0.152,0.129,0.191,0.184,0.19,0.103,0.168,0.216,0.208,0.302,0.345,0.192
0.01,0.01,0.007,0.007,0.1,0.393,0.003,0.002,0.454,0.002,0.002,0.002,0.001,0.1,0.002,0.002,0.001,0.1,0.894,0.001,0.011,0.001,0.011,0.001,0.001,0.003,0.001,0.002,0.003,0.002,0.003,0.001,0.005,0.005,0.007,0.005,0.644,0.007,0.005,0.644,0.149,0.005,0.459,0.826,0.005,0.644,0.736,0.459,0.089,0.459,0.907,0.159,0.001,0.003,0.323,0.003,0.003,0.282,0.282,0.282,0.006,0.323,0.003,0.323,0.001,0.006,0.007,0.135,0.007,0.47,0.47,0.47,0.262,0.106,0.863,0.148,0.003,0.061,0.012,0.003,0.242,0.106,0.014,0.216,0.121,0.014,0.012,0.156,0.249,0.108,0.106,0.782,0.156,0.203,0.783,0.014,0.524,0.783,0.783,0.165,0.819,0.007,0.078,0.819,0.819,0.079,0.334,0.603,0.603,0.531,0.852,0.361,0.316,0.362,0.431,0.129,0.605,0.003,0.193,0.361,0.401,0.199,0.608,0.518,0.316,0.638,0.098,0.852,0.638,0.601,0.311,0.001,0.284,0.855,0.227,0.003,0.943,0.533,0.659,0.003,0.009,0.383,0.55,0.802,0.009,0.303,0.009,0.003,0.562,0.941,0.947,0.953,0.874,0.267,0.86,0.53,0.795,0.973,0.785,0.949,0.773,0.852,0.913,0.87,0.918,0.879,0.838,0.879
0.332,0.332,0.277,0.277,0.794,0.545,0.781,0.949,0.477,0.763,0.949,0.857,0.942,0.794,0.857,0.949,0.942,0.794,0.144,0.942,0.257,0.813,0.257,0.911,0.942,0.781,0.911,0.949,0.933,0.763,0.933,0.813,0.385,0.88,0.725,0.88,0.098,0.725,0.385,0.098,0.554,0.88,0.112,0.976,0.88,0.098,0.238,0.112,0.44,0.112,0.697,0.647,0.1,0.489,0.116,0.489,0.515,0.076,0.076,0.076,0.7,0.116,0.515,0.116,0.1,0.7,0.8,0.607,0.8,0.021,0.021,0.021,0.29,0.629,0.982,0.498,0.016,0.845,0.026,0.016,0.754,0.629,0.154,0.655,0.51,0.154,0.026,0.512,0.806,0.883,0.629,0.978,0.508,0.656,0.003,0.154,0.946,0.003,0.003,0.499,0.002,0.074,0.896,0.002,0.002,0.395,0.357,0.192,0.192,0.224,0.326,0.873,0.334,0.906,0.513,0.933,0.81,0.05,0.356,0.873,0.33,0.349,0.786,0.592,0.629,0.225,0.498,0.995,0.225,0.759,0.678,0.183,0.664,0.28,0.535,0.141,0.997,0.3,0.976,0.141,0.25,0.603,0.957,0.986,0.25,0.894,0.25,0.141,0.941,0.937,0.979,0.956,0.928,0.928,0.94,0.979,0.25,0.978,0.257,0.979,0.243,0.922,0.937,0.955,0.947,0.428,0.469,0.249
0.812,0.812,0.786,0.786,0.633,0.125,0.698,0.702,0.116,0.779,0.702,0.606,0.652,0.633,0.606,0.702,0.652,0.633,0.112,0.652,0.663,0.786,0.663,0.68,0.652,0.698,0.68,0.702,0.694,0.779,0.694,0.786,0.882,0.504,0.557,0.504,0.769,0.557,0.882,0.769,0.397,0.504,0.848,0.879,0.504,0.769,0.108,0.848,0.825,0.848,0.123,0.458,0.82,0.93,0.937,0.93,0.895,0.949,0.949,0.949,0.739,0.937,0.895,0.937,0.82,0.739,0.421,0.853,0.421,0.483,0.483,0.483,0.304,0.358,0.923,0.985,0.972,0.936,0.984,0.972,0.18,0.358,0.943,0.16,0.818,0.943,0.984,0.985,0.169,0.9,0.358,0.922,0.973,0.171,0.861,0.943,0.022,0.861,0.861,0.98,0.822,0.973,0.94,0.822,0.822,0.736,0.979,0.198,0.198,0.188,0.341,0.032,0.904,0.029,0.135,0.893,0.6,0.966,0.91,0.032,0.978,0.905,0.648,0.871,0.151,0.17,0.863,0.844,0.17,0.217,0.887,0.725,0.893,0.368,0.947,0.943,0.732,0.152,0.87,0.943,0.955,0.42,0.011,0.699,0.955,0.965,0.955,0.943,0.013,0.496,0.479,0.414,0.907,0.958,0.845,0.034,0.541,0.476,0.531,0.782,0.551,0.9,0.798,0.677,0.666,0.491,0.468,0.568
0.855,0.855,0.988,0.988,0.067,0.484,0.785,0.446,0.494,0.638,0.446,0.582,0.728,0.067,0.582,0.446,0.728,0.067,0.924,0.728,0.765,0.472,0.765,0.729,0.728,0.785,0.729,0.446,0.417,0.638,0.417,0.472,0.742,0.462,0.622,0.462,0.323,0.622,0.742,0.323,0.42,0.462,0.779,0.545,0.462,0.323,0.964,0.779,0.091,0.779,0.499,0.533,0.548,0.483,0.228,0.483,0.456,0.377,0.377,0.377,0.395,0.228,0.456,0.228,0.548,0.395,0.436,0.204,0.436,0.273,0.273,0.273,0.317,0.1,0.599,0.907,0.766,0.299,0.778,0.766,0.998,0.1,0.703,0.961,0.19,0.703,0.778,0.931,0.998,0.444,0.1,0.509,0.904,0.952,0.553,0.703,0.536,0.553,0.553,0.933,0.565,0.823,0.267,0.565,0.565,0.321,0.972,0.861,0.861,0.796,0.803,0.618,0.896,0.344,0.988,0.386,0.494,0.795,0.926,0.618,0.969,0.951,0.396,0.595,0.997,0.284,0.415,0.532,0.284,0.804,0.692,0.504,0.716,0.646,0.316,0.841,0.604,0.28,0.616,0.841,0.871,0.45,0.253,0.417,0.871,0.326,0.871,0.841,0.252,0.977,0.577,0.932,0.754,0.309,0.839,0.253,0.88,0.914,0.975,0.457,0.978,0.72,0.842,0.84,0.846,0.869,0.857,0.776
0.854,0.854,0.968,0.968,0.275,0.18,0.791,0.679,0.188,0.743,0.679,0.764,0.747,0.275,0.764,0.679,0.747,0.275,0.709,0.747,0.922,0.635,0.922,0.776,0.747,0.791,0.776,0.679,0.669,0.743,0.669,0.635,0.413,0.672,0.628,0.672,0.668,0.628,0.413,0.668,0.139,0.672,0.759,0.659,0.672,0.668,0.724,0.759,0.867,0.759,0.157,0.12,0.554,0.372,0.64,0.372,0.365,0.676,0.676,0.676,0.532,0.64,0.365,0.64,0.554,0.532,0.656,0.856,0.656,0.469,0.469,0.469,0.135,0.096,0.718,0.097,0.682,0.54,0.745,0.682,0.133,0.096,0.629,0.13,0.858,0.629,0.745,0.098,0.1,0.51,0.096,0.694,0.098,0.132,0.417,0.629,0.123,0.417,0.417,0.097,0.422,0.774,0.559,0.422,0.422,0.78,0.078,0.944,0.944,0.938,0.979,0.087,0.949,0.095,0.114,0.495,0.578,0.772,0.985,0.087,0.078,0.986,0.645,0.734,0.105,0.809,0.793,0.786,0.809,0.369,0.785,0.627,0.783,0.892,0.754,0.879,0.747,0.8,0.953,0.879,0.872,0.519,0.447,0.829,0.872,0.922,0.872,0.879,0.47,0.52,0.69,0.482,0.833,0.919,0.922,0.515,0.85,0.513,0.602,0.794,0.641,0.848,0.909,0.902,0.81,0.669,0.607,0.74
0.789,0.789,0.859,0.859,0.729,0.23,0.655,0.802,0.217,0.806,0.802,0.687,0.761,0.729,0.687,0.802,0.761,0.729,0.305,0.761,0.935,0.835,0.935,0.849,0.761,0.655,0.849,0.802,0.86,0.806,0.86,0.835,0.976,0.813,0.752,0.813,0.613,0.752,0.976,0.613,0.319,0.813,0.384,0.625,0.813,0.613,0.189,0.384,0.802,0.384,0.297,0.366,0.538,0.847,0.794,0.847,0.843,0.643,0.643,0.643,0.837,0.794,0.843,0.794,0.538,0.837,0.889,0.775,0.889,0.226,0.226,0.226,0.55,0.961,0.735,0.298,0.47,0.883,0.459,0.47,0.584,0.961,0.661,0.507,0.783,0.661,0.459,0.294,0.538,0.833,0.961,0.728,0.298,0.512,0.3,0.661,0.599,0.3,0.3,0.304,0.291,0.5,0.871,0.291,0.291,0.858,0.304,0.732,0.732,0.726,0.084,0.904,0.415,0.911,0.491,0.838,0.929,0.502,0.483,0.904,0.297,0.443,0.946,0.474,0.624,0.782,0.747,0.22,0.782,0.165,0.585,0.568,0.499,0.103,0.91,0.663,0.13,0.776,0.201,0.663,0.693,0.819,0.999,0.18,0.693,0.814,0.693,0.663,0.999,0.756,0.185,0.71,0.342,0.725,0.388,0.999,0.53,0.739,0.454,0.241,0.455,0.339,0.356,0.327,0.278,0.537,0.502,0.731
0.164,0.164,0.215,0.215,0.119,0.615,0.183,0.182,0.62,0.126,0.182,0.147,0.178,0.119,0.147,0.182,0.178,0.119,0.457,0.178,0.203,0.143,0.203,0.217,0.178,0.183,0.217,0.182,0.19,0.126,0.19,0.143,0.442,0.222,0.195,0.222,0.298,0.195,0.442,0.298,0.916,0.222,0.326,0.242,0.222,0.298,0.442,0.326,0.591,0.326,0.476,0.919,0.042,0.414,0.284,0.414,0.428,0.334,0.334,0.334,0.179,0.284,0.428,0.284,0.042,0.179,0.251,0.562,0.251,0.27,0.27,0.27,0.901,0.03,0.288,0.704,0.111,0.33,0.123,0.111,0.865,0.03,0.036,0.827,0.457,0.036,0.123,0.711,0.868,0.566,0.03,0.241,0.704,0.828,0.297,0.036,0.436,0.297,0.297,0.71,0.285,0.072,0.258,0.285,0.285,0.564,0.632,0.316,0.316,0.309,0.302,0.119,0.48,0.151,0.804,0.399,0.764,0.064,0.401,0.119,0.625,0.413,0.809,0.554,0.873,0.351,0.651,0.038,0.351,0.188,0.725,0.025,0.728,0.257,0.433,0.092,0.019,0.354,0.028,0.092,0.109,0.583,0.65,0.032,0.109,0.711,0.109,0.092,0.7,0.027,0.033,0.024,0.129,0.556,0.134,0.558,0.121,0.024,0.234,0.028,0.227,0.157,0.146,0.124,0.141,0.115,0.154,0.129
0.657,0.657,0.696,0.696,0.371,0.67,0.722,0.359,0.61,0.367,0.359,0.452,0.538,0.371,0.452,0.359,0.538,0.371,0.273,0.538,0.47,0.29,0.47,0.574,0.538,0.722,0.574,0.359,0.38,0.367,0.38,0.29,0.232,0.329,0.476,0.329,0.307,0.476,0.232,0.307,0.745,0.329,0.272,0.504,0.329,0.307,0.248,0.272,0.679,0.272,0.617,0.724,0.079,0.176,0.411,0.176,0.172,0.107,0.107,0.107,0.26,0.411,0.172,0.411,0.079,0.26,0.315,0.732,0.315,0.23,0.23,0.23,0.616,0.259,0.445,0.373,0.198,0.881,0.191,0.198,0.417,0.259,0.031,0.496,0.62,0.031,0.191,0.459,0.332,0.831,0.259,0.436,0.371,0.433,0.413,0.031,0.025,0.413,0.413,0.457,0.429,0.497,0.811,0.429,0.429,0.625,0.54,0.09,0.09,0.225,0.343,0.194,0.482,0.248,0.612,0.864,0.68,0.485,0.528,0.194,0.555,0.554,0.726,0.494,0.461,0.109,0.587,0.027,0.109,0.38,0.558,0.359,0.526,0.267,0.707,0.168,0.025,0.251,0.008,0.168,0.26,0.611,0.976,0.091,0.26,0.819,0.26,0.168,0.973,0.088,0.148,0.096,0.04,0.88,0.05,0.972,0.081,0.094,0.193,0.128,0.185,0.032,0.061,0.062,0.07,0.165,0.174,0.157
0.791,0.791,0.753,0.753,0.669,0.171,0.926,0.968,0.193,0.955,0.968,0.953,0.888,0.669,0.953,0.968,0.888,0.669,0.314,0.888,0.667,0.973,0.667,0.903,0.888,0.926,0.903,0.968,0.924,0.955,0.924,0.973,0.808,0.896,0.919,0.896,0.475,0.919,0.808,0.475,0.052,0.896,0.721,0.168,0.896,0.475,0.445,0.721,0.4,0.721,0.104,0.05,0.968,0.867,0.774,0.867,0.869,0.882,0.882,0.882,0.96,0.774,0.869,0.774,0.968,0.96,0.94,0.432,0.94,0.865,0.865,0.865,0.048,0.432,0.182,0.274,0.934,0.478,0.987,0.934,0.047,0.432,0.813,0.067,0.395,0.813,0.987,0.232,0.047,0.615,0.432,0.193,0.271,0.064,0.578,0.813,0.285,0.578,0.578,0.227,0.766,0.885,0.677,0.766,0.766,0.702,0.207,0.127,0.127,0.071,0.082,0.074,0.773,0.049,0.036,0.753,0.157,0.827,0.623,0.074,0.203,0.675,0.143,0.728,0.034,0.101,0.75,0.912,0.101,0.042,0.609,0.828,0.679,0.06,0.55,0.845,0.875,0.051,0.81,0.845,0.898,0.114,0.016,0.76,0.898,0.375,0.898,0.845,0.016,0.681,0.779,0.794,0.826,0.451,0.873,0.022,0.657,0.71,0.859,0.888,0.858,0.809,0.893,0.847,0.877,0.947,0.957,0.767
0.415,0.415,0.396,0.396,0.827,0.884,0.961,0.635,0.846,0.715,0.635,0.719,0.865,0.827,0.719,0.635,0.865,0.827,0.1,0.865,0.391,0.546,0.391,0.869,0.865,0.961,0.869,0.635,0.648,0.715,0.648,0.546,0.435,0.569,0.922,0.569,0.858,0.922,0.435,0.858,0.797,0.569,0.638,0.661,0.569,0.858,0.098,0.638,0.168,0.638,0.872,0.78,0.716,0.351,0.798,0.351,0.342,0.564,0.564,0.564,0.373,0.798,0.342,0.798,0.716,0.373,0.544,0.128,0.544,0.518,0.518,0.518,0.536,0.74,0.74,0.475,0.574,0.605,0.805,0.574,0.529,0.74,0.42,0.545,0.147,0.42,0.805,0.473,0.515,0.648,0.74,0.721,0.455,0.557,0.425,0.42,0.225,0.425,0.425,0.445,0.499,0.455,0.541,0.499,0.499,0.495,0.379,0.865,0.865,0.978,0.517,0.851,0.844,0.935,0.485,0.639,0.409,0.255,0.831,0.851,0.366,0.834,0.458,0.846,0.486,0.948,0.513,0.752,0.948,0.714,0.869,0.339,0.871,0.485,0.323,0.648,0.962,0.987,0.781,0.648,0.638,0.556,0.449,0.93,0.638,0.48,0.638,0.648,0.469,0.914,0.985,0.97,0.935,0.397,0.88,0.465,0.794,0.964,0.884,0.972,0.862,0.921,0.899,0.976,0.977,0.886,0.895,0.78
0.687,0.687,0.637,0.637,0.949,0.866,0.512,0.363,0.766,0.295,0.363,0.565,0.416,0.949,0.565,0.363,0.416,0.949,0.636,0.416,0.5,0.346,0.5,0.411,0.416,0.512,0.411,0.363,0.372,0.295,0.372,0.346,0.352,0.371,0.402,0.371,0.917,0.402,0.352,0.917,0.909,0.371,0.846,0.76,0.371,0.917,0.615,0.846,0.908,0.846,0.692,0.913,0.887,0.386,0.912,0.386,0.396,0.765,0.765,0.765,0.336,0.912,0.396,0.912,0.887,0.336,0.371,0.9,0.371,0.598,0.598,0.598,0.873,0.91,0.808,0.898,0.84,0.886,0.786,0.84,0.502,0.91,0.908,0.941,0.921,0.908,0.786,0.881,0.606,0.876,0.91,0.776,0.913,0.943,0.68,0.908,0.241,0.68,0.68,0.9,0.641,0.617,0.883,0.641,0.641,0.838,0.872,0.791,0.791,0.781,0.582,0.773,0.893,0.803,0.925,0.852,0.448,0.585,0.894,0.773,0.831,0.866,0.5,0.965,0.618,0.788,0.849,0.025,0.788,0.331,0.954,0.795,0.965,0.637,0.847,0.816,0.02,0.791,0.007,0.816,0.824,0.367,0.753,0.224,0.824,0.874,0.824,0.816,0.767,0.181,0.25,0.211,0.07,0.83,0.08,0.713,0.203,0.236,0.28,0.257,0.278,0.078,0.106,0.081,0.098,0.073,0.088,0.063
0.423,0.423,0.418,0.418,0.97,0.672,0.915,0.867,0.674,0.875,0.867,0.924,0.823,0.97,0.924,0.867,0.823,0.97,0.178,0.823,0.359,0.875,0.359,0.814,0.823,0.915,0.814,0.867,0.857,0.875,0.857,0.875,0.631,0.884,0.924,0.884,0.975,0.924,0.631,0.975,0.37,0.884,0.989,0.077,0.884,0.975,0.255,0.989,0.249,0.989,0.646,0.308,0.974,0.428,0.97,0.428,0.426,0.984,0.984,0.984,0.927,0.97,0.426,0.97,0.974,0.927,0.848,0.207,0.848,0.949,0.949,0.949,0.28,0.987,0.074,0.317,0.944,0.422,0.963,0.944,0.629,0.987,0.92,0.466,0.203,0.92,0.963,0.317,0.561,0.416,0.987,0.079,0.324,0.435,0.925,0.92,0.383,0.925,0.925,0.291,0.904,0.894,0.411,0.904,0.904,0.468,0.31,0.261,0.261,0.147,0.289,0.229,0.858,0.257,0.49,0.463,0.006,0.938,0.873,0.229,0.317,0.892,0.007,0.814,0.57,0.255,0.511,0.518,0.255,0.648,0.674,0.943,0.673,0.287,0.026,0.95,0.513,0.15,0.555,0.95,0.946,0.015,0.211,0.66,0.946,0.019,0.946,0.95,0.211,0.393,0.573,0.351,0.482,0.022,0.5,0.187,0.626,0.419,0.614,0.515,0.619,0.499,0.458,0.49,0.461,0.707,0.776,0.86
0.711,0.711,0.749,0.749,0.497,0.803,0.795,0.718,0.775,0.519,0.718,0.697,0.806,0.497,0.697,0.718,0.806,0.497,0.826,0.806,0.714,0.577,0.714,0.791,0.806,0.795,0.791,0.718,0.789,0.519,0.789,0.577,0.474,0.832,0.839,0.832,0.397,0.839,0.474,0.397,0.96,0.832,0.246,0.274,0.832,0.397,0.801,0.246,0.535,0.246,0.787,0.915,0.192,0.436,0.577,0.436,0.432,0.386,0.386,0.386,0.637,0.577,0.432,0.577,0.192,0.637,0.833,0.333,0.833,0.959,0.959,0.959,0.77,0.524,0.293,0.338,0.35,0.252,0.407,0.35,0.688,0.524,0.176,0.517,0.273,0.176,0.407,0.343,0.684,0.249,0.524,0.218,0.339,0.525,0.98,0.176,0.838,0.98,0.98,0.348,0.981,0.461,0.305,0.981,0.981,0.72,0.41,0.253,0.253,0.283,0.574,0.394,0.152,0.491,0.627,0.293,0.539,0.397,0.151,0.394,0.417,0.156,0.597,0.24,0.784,0.393,0.615,0.33,0.393,0.774,0.292,0.185,0.251,0.641,0.799,0.482,0.537,0.446,0.182,0.482,0.518,0.799,0.153,0.997,0.518,0.472,0.518,0.482,0.147,0.957,0.996,0.902,0.317,0.532,0.435,0.163,0.987,0.899,0.99,0.998,0.99,0.283,0.509,0.5,0.566,0.588,0.667,0.48
0.832,0.832,0.805,0.805,0.57,0.894,0.963,0.909,0.889,0.968,0.909,0.974,0.876,0.57,0.974,0.909,0.876,0.57,0.957,0.876,0.872,0.933,0.872,0.878,0.876,0.963,0.878,0.909,0.909,0.968,0.909,0.933,0.877,0.984,0.997,0.984,0.929,0.997,0.877,0.929,0.798,0.984,0.955,0.38,0.984,0.929,0.983,0.955,0.381,0.955,0.889,0.821,0.938,0.917,0.653,0.917,0.908,0.727,0.727,0.727,0.935,0.653,0.908,0.653,0.938,0.935,0.948,0.372,0.948,0.692,0.692,0.692,0.689,0.71,0.38,0.908,0.787,0.194,0.781,0.787,0.791,0.71,0.965,0.837,0.373,0.965,0.781,0.898,0.812,0.22,0.71,0.397,0.892,0.845,0.754,0.965,0.324,0.754,0.754,0.875,0.742,0.838,0.188,0.742,0.742,0.253,0.927,0.879,0.879,0.927,0.975,0.627,0.929,0.657,0.843,0.22,0.283,0.837,0.848,0.627,0.922,0.883,0.344,0.972,0.826,0.773,0.297,0.098,0.773,0.882,0.912,0.957,0.918,0.956,0.256,0.811,0.104,0.824,0.138,0.811,0.827,0.262,0.471,0.037,0.827,0.219,0.827,0.811,0.452,0.026,0.024,0.029,0.156,0.216,0.15,0.393,0.094,0.034,0.123,0.023,0.1,0.149,0.147,0.155,0.151,0.154,0.189,0.121
0.704,0.704,0.843,0.843,0.295,0.403,0.816,0.721,0.369,0.639,0.721,0.791,0.702,0.295,0.791,0.721,0.702,0.295,0.788,0.702,0.832,0.532,0.832,0.658,0.702,0.816,0.658,0.721,0.703,0.639,0.703,0.532,0.738,0.536,0.614,0.536,0.829,0.614,0.738,0.829,0.673,0.536,0.728,0.241,0.536,0.829,0.763,0.728,0.204,0.728,0.558,0.753,0.177,0.761,0.955,0.761,0.735,0.938,0.938,0.938,0.48,0.955,0.735,0.955,0.177,0.48,0.452,0.249,0.452,0.326,0.326,0.326,0.411,0.392,0.29,0.66,0.764,0.087,0.843,0.764,0.895,0.392,0.486,0.769,0.305,0.486,0.843,0.664,0.898,0.11,0.392,0.296,0.661,0.773,0.676,0.486,0.624,0.676,0.676,0.671,0.758,0.953,0.104,0.758,0.758,0.103,0.631,0.785,0.785,0.861,0.475,0.761,0.354,0.76,0.738,0.131,0.434,0.927,0.34,0.761,0.631,0.361,0.545,0.401,0.865,0.852,0.124,0.429,0.852,0.757,0.471,0.57,0.457,0.711,0.309,0.784,0.588,0.904,0.366,0.784,0.864,0.33,0.57,0.594,0.864,0.551,0.864,0.784,0.545,0.431,0.687,0.476,0.356,0.498,0.39,0.453,0.348,0.512,0.324,0.704,0.322,0.382,0.477,0.388,0.485,0.13,0.179,0.027
0.267,0.267,0.205,0.205,0.795,0.606,0.641,0.562,0.618,0.759,0.562,0.633,0.506,0.795,0.633,0.562,0.506,0.795,0.242,0.506,0.253,0.707,0.253,0.576,0.506,0.641,0.576,0.562,0.577,0.759,0.577,0.707,0.645,0.446,0.58,0.446,0.763,0.58,0.645,0.763,0.76,0.446,0.894,0.639,0.446,0.763,0.372,0.894,0.552,0.894,0.573,0.802,0.954,0.658,0.849,0.658,0.671,0.895,0.895,0.895,0.765,0.849,0.671,0.849,0.954,0.765,0.5,0.549,0.5,0.925,0.925,0.925,0.731,0.683,0.779,0.995,0.894,0.58,0.888,0.894,0.786,0.683,0.944,0.628,0.823,0.944,0.888,0.997,0.771,0.821,0.683,0.763,0.994,0.617,0.942,0.944,0.229,0.942,0.942,0.993,0.907,0.943,0.881,0.907,0.907,0.42,0.989,0.437,0.437,0.449,0.715,0.162,0.872,0.158,0.678,0.925,0.928,0.972,0.872,0.162,0.988,0.864,0.831,0.875,0.788,0.28,0.545,0.116,0.28,0.611,0.925,0.908,0.923,0.466,0.63,0.989,0.112,0.306,0.178,0.989,0.973,0.814,0.242,0.11,0.973,0.838,0.973,0.989,0.242,0.48,0.102,0.472,0.289,0.903,0.361,0.247,0.036,0.498,0.134,0.098,0.144,0.277,0.351,0.287,0.305,0.064,0.104,0.265
0.771,0.771,0.765,0.765,0.488,0.911,0.869,0.662,0.893,0.644,0.662,0.88,0.681,0.488,0.88,0.662,0.681,0.488,0.533,0.681,0.646,0.574,0.646,0.691,0.681,0.869,0.691,0.662,0.626,0.644,0.626,0.574,0.53,0.527,0.609,0.527,0.033,0.609,0.53,0.033,0.482,0.527,0.013,0.303,0.527,0.033,0.269,0.013,0.286,0.013,0.822,0.521,0.606,0.468,0.054,0.468,0.443,0.028,0.028,0.028,0.529,0.054,0.443,0.054,0.606,0.529,0.521,0.287,0.521,0.845,0.845,0.845,0.75,0.38,0.424,0.899,0.365,0.337,0.354,0.365,0.716,0.38,0.224,0.656,0.333,0.224,0.354,0.869,0.715,0.375,0.38,0.447,0.907,0.593,0.406,0.224,0.914,0.406,0.406,0.838,0.406,0.408,0.331,0.406,0.406,0.272,0.804,0.094,0.094,0.09,0.045,0.803,0.293,0.843,0.526,0.352,0.776,0.366,0.222,0.803,0.809,0.23,0.75,0.439,0.727,0.186,0.307,0.111,0.186,0.782,0.37,0.662,0.404,0.077,0.49,0.108,0.148,0.183,0.134,0.108,0.127,0.585,0.16,0.183,0.127,0.691,0.127,0.108,0.17,0.191,0.302,0.233,0.253,0.491,0.206,0.201,0.62,0.208,0.874,0.239,0.853,0.247,0.212,0.238,0.252,0.406,0.425,0.426
0.212,0.212,0.322,0.322,0.009,0.836,0.288,0.193,0.83,0.234,0.193,0.238,0.227,0.009,0.238,0.193,0.227,0.009,0.136,0.227,0.29,0.167,0.29,0.232,0.227,0.288,0.232,0.193,0.195,0.234,0.195,0.167,0.154,0.211,0.295,0.211,0.676,0.295,0.154,0.676,0.815,0.211,0.748,0.614,0.211,0.676,0.282,0.748,0.649,0.748,0.7,0.906,0.36,0.114,0.573,0.114,0.105,0.69,0.69,0.69,0.167,0.573,0.105,0.573,0.36,0.167,0.189,0.928,0.189,0.455,0.455,0.455,0.824,0.018,0.493,0.816,0.544,0.463,0.509,0.544,0.893,0.018,0.479,0.914,0.913,0.479,0.509,0.8,0.878,0.381,0.018,0.566,0.845,0.912,0.481,0.479,0.151,0.481,0.481,0.833,0.426,0.55,0.473,0.426,0.426,0.242,0.911,0.675,0.675,0.626,0.922,0.319,0.813,0.239,0.943,0.485,0.362,0.642,0.846,0.319,0.923,0.874,0.362,0.908,0.639,0.602,0.208,0.307,0.602,0.439,0.805,0.527,0.816,0.791,0.198,0.832,0.281,0.538,0.323,0.832,0.854,0.136,0.909,0.617,0.854,0.394,0.854,0.832,0.893,0.517,0.741,0.365,0.59,0.421,0.627,0.859,0.316,0.462,0.305,0.755,0.292,0.582,0.597,0.627,0.618,0.367,0.355,0.404
0.802,0.802,0.789,0.789,0.957,0.332,0.57,0.509,0.264,0.381,0.509,0.708,0.401,0.957,0.708,0.509,0.401,0.957,0.584,0.401,0.856,0.446,0.856,0.425,0.401,0.57,0.425,0.509,0.448,0.381,0.448,0.446,0.333,0.52,0.667,0.52,0.722,0.667,0.333,0.722,0.821,0.52,0.488,0.612,0.52,0.722,0.401,0.488,0.742,0.488,0.239,0.873,0.64,0.336,0.597,0.336,0.331,0.188,0.188,0.188,0.406,0.597,0.331,0.597,0.64,0.406,0.427,0.879,0.427,0.621,0.621,0.621,0.831,0.839,0.712,0.959,0.697,0.857,0.553,0.697,0.972,0.839,0.459,0.883,0.847,0.459,0.553,0.955,0.977,0.84,0.839,0.683,0.946,0.886,0.582,0.459,0.97,0.582,0.582,0.947,0.606,0.326,0.856,0.606,0.606,0.864,0.938,0.511,0.511,0.456,0.497,0.995,0.679,0.994,0.869,0.84,0.992,0.339,0.7,0.995,0.925,0.714,0.988,0.818,0.97,0.662,0.736,0.294,0.662,0.981,0.676,0.181,0.697,0.49,0.816,0.654,0.31,0.608,0.338,0.654,0.612,0.954,0.43,0.411,0.612,0.879,0.612,0.654,0.436,0.347,0.64,0.639,0.443,0.788,0.43,0.424,0.922,0.536,0.949,0.491,0.928,0.469,0.411,0.463,0.424,0.805,0.781,0.833
0.868,0.868,0.84,0.84,0.039,0.84,0.714,0.441,0.761,0.429,0.441,0.636,0.523,0.039,0.636,0.441,0.523,0.039,0.097,0.523,0.534,0.356,0.534,0.529,0.523,0.714,0.529,0.441,0.449,0.429,0.449,0.356,0.973,0.435,0.513,0.435,0.253,0.513,0.973,0.253,0.322,0.435,0.257,0.838,0.435,0.253,0.097,0.257,0.973,0.257,0.411,0.337,0.312,0.995,0.249,0.995,0.995,0.274,0.274,0.274,0.319,0.249,0.995,0.249,0.312,0.319,0.469,0.912,0.469,0.184,0.184,0.184,0.592,0.063,0.861,0.689,0.405,0.332,0.346,0.405,0.686,0.063,0.046,0.383,0.898,0.046,0.346,0.69,0.706,0.388,0.063,0.852,0.713,0.367,0.082,0.046,0.057,0.082,0.082,0.723,0.068,0.066,0.299,0.068,0.068,0.426,0.723,0.087,0.087,0.096,0.044,0.105,0.208,0.103,0.398,0.376,0.118,0.086,0.186,0.105,0.763,0.207,0.141,0.237,0.573,0.096,0.388,0.283,0.096,0.152,0.233,0.195,0.257,0.057,0.043,0.014,0.285,0.099,0.244,0.014,0.006,0.081,0.375,0.133,0.006,0.054,0.006,0.014,0.369,0.147,0.206,0.184,0.398,0.057,0.491,0.337,0.13,0.204,0.036,0.168,0.031,0.478,0.534,0.476,0.522,0.111,0.107,0.105
0.885,0.885,0.851,0.851,0.141,0.222,0.556,0.499,0.225,0.811,0.499,0.573,0.447,0.141,0.573,0.499,0.447,0.141,0.332,0.447,0.821,0.815,0.821,0.495,0.447,0.556,0.495,0.499,0.55,0.811,0.55,0.815,0.728,0.455,0.495,0.455,0.361,0.495,0.728,0.361,0.295,0.455,0.347,0.19,0.455,0.361,0.23,0.347,0.434,0.347,0.274,0.313,0.545,0.682,0.528,0.682,0.73,0.566,0.566,0.566,0.756,0.528,0.73,0.528,0.545,0.756,0.474,0.629,0.474,0.586,0.586,0.586,0.209,0.349,0.269,0.253,0.569,0.504,0.502,0.569,0.336,0.349,0.124,0.347,0.64,0.124,0.502,0.241,0.347,0.585,0.349,0.419,0.269,0.316,0.666,0.124,0.942,0.666,0.666,0.252,0.593,0.593,0.595,0.593,0.593,0.582,0.178,0.55,0.55,0.596,0.623,0.454,0.518,0.587,0.235,0.6,0.018,0.658,0.495,0.454,0.174,0.518,0.014,0.485,0.359,0.589,0.507,0.452,0.589,0.551,0.51,0.572,0.506,0.721,0.008,0.308,0.387,0.603,0.308,0.308,0.335,0.021,0.666,0.371,0.335,0.006,0.335,0.308,0.679,0.576,0.404,0.601,0.752,0.012,0.676,0.662,0.865,0.662,0.824,0.659,0.861,0.791,0.695,0.673,0.682,0.658,0.618,0.753
0.072,0.072,0.068,0.068,0.737,0.549,0.081,0.196,0.681,0.154,0.196,0.08,0.17,0.737,0.08,0.196,0.17,0.737,0.505,0.17,0.041,0.193,0.041,0.136,0.17,0.081,0.136,0.196,0.165,0.154,0.165,0.193,0.421,0.142,0.035,0.142,0.862,0.035,0.421,0.862,0.666,0.142,0.887,0.136,0.142,0.862,0.772,0.887,0.184,0.887,0.603,0.699,0.831,0.548,0.888,0.548,0.541,0.936,0.936,0.936,0.202,0.888,0.541,0.888,0.831,0.202,0.156,0.094,0.156,0.857,0.857,0.857,0.58,0.741,0.136,0.797,0.638,0.315,0.567,0.638,0.864,0.741,0.894,0.908,0.116,0.894,0.567,0.842,0.849,0.341,0.741,0.131,0.799,0.899,0.759,0.894,0.177,0.759,0.759,0.835,0.691,0.73,0.349,0.691,0.691,0.086,0.964,0.731,0.731,0.649,0.869,0.619,0.766,0.452,0.977,0.356,0.473,0.782,0.786,0.619,0.957,0.808,0.429,0.604,0.965,0.466,0.103,0.051,0.466,0.802,0.779,0.856,0.765,0.829,0.177,0.624,0.035,0.376,0.015,0.624,0.555,0.545,0.388,0.022,0.555,0.349,0.555,0.624,0.401,0.02,0.027,0.016,0.049,0.362,0.087,0.407,0.082,0.016,0.168,0.026,0.181,0.065,0.074,0.036,0.033,0.244,0.226,0.092
0.919,0.919,0.924,0.924,0.329,0.413,0.995,0.923,0.411,0.874,0.923,0.992,0.975,0.329,0.992,0.923,0.975,0.329,0.848,0.975,0.982,0.859,0.982,0.962,0.975,0.995,0.962,0.923,0.898,0.874,0.898,0.859,0.901,0.918,0.952,0.918,0.548,0.952,0.901,0.548,0.085,0.918,0.613,0.15,0.918,0.548,0.719,0.613,0.36,0.613,0.406,0.065,0.677,0.748,0.618,0.748,0.745,0.549,0.549,0.549,0.901,0.618,0.745,0.618,0.677,0.901,0.95,0.379,0.95,0.767,0.767,0.767,0.058,0.448,0.214,0.036,0.705,0.45,0.691,0.705,0.038,0.448,0.762,0.041,0.262,0.762,0.691,0.038,0.035,0.342,0.448,0.228,0.038,0.044,0.755,0.762,0.365,0.755,0.755,0.038,0.772,0.8,0.449,0.772,0.772,0.561,0.03,0.787,0.787,0.565,0.977,0.631,0.252,0.441,0.038,0.367,0.676,0.776,0.29,0.631,0.031,0.286,0.652,0.166,0.035,0.884,0.639,0.381,0.884,0.328,0.11,0.708,0.118,0.986,0.587,0.846,0.332,0.695,0.215,0.846,0.879,0.493,0.792,0.373,0.879,0.363,0.879,0.846,0.789,0.765,0.712,0.69,0.33,0.368,0.679,0.767,0.424,0.675,0.574,0.753,0.568,0.417,0.712,0.659,0.638,0.511,0.457,0.691
0.9,0.9,0.894,0.894,0.314,0.21,0.992,0.988,0.239,0.939,0.988,0.983,0.994,0.314,0.983,0.988,0.994,0.314,0.004,0.994,0.884,0.929,0.884,0.983,0.994,0.992,0.983,0.988,0.983,0.939,0.983,0.929,0.788,0.925,0.942,0.925,0.055,0.942,0.788,0.055,0.58,0.925,0.048,0.163,0.925,0.055,0.004,0.048,0.059,0.048,0.325,0.633,0.372,0.806,0.046,0.806,0.83,0.058,0.058,0.058,0.903,0.046,0.83,0.046,0.372,0.903,0.951,0.05,0.951,0.209,0.209,0.209,0.789,0.41,0.147,0.372,0.196,0.139,0.245,0.196,0.435,0.41,0.207,0.477,0.048,0.207,0.245,0.356,0.492,0.144,0.41,0.148,0.368,0.49,0.351,0.207,0.129,0.351,0.351,0.355,0.358,0.303,0.137,0.358,0.358,0.175,0.268,0.357,0.357,0.447,0.52,0.197,0.888,0.398,0.367,0.149,0.153,0.244,0.836,0.197,0.268,0.861,0.164,0.857,0.47,0.431,0.151,0.385,0.431,0.298,0.842,0.426,0.856,0.544,0.254,0.181,0.333,0.587,0.375,0.181,0.174,0.201,0.229,0.327,0.174,0.222,0.174,0.181,0.236,0.208,0.348,0.256,0.397,0.183,0.286,0.3,0.356,0.256,0.397,0.312,0.396,0.409,0.282,0.272,0.261,0.24,0.233,0.343
0.31,0.31,0.335,0.335,0.086,0.972,0.284,0.294,0.969,0.205,0.294,0.334,0.256,0.086,0.334,0.294,0.256,0.086,0.75,0.256,0.241,0.248,0.241,0.25,0.256,0.284,0.25,0.294,0.284,0.205,0.284,0.248,0.11,0.253,0.282,0.253,0.751,0.282,0.11,0.751,0.335,0.253,0.698,0.195,0.253,0.751,0.814,0.698,0.338,0.698,0.953,0.331,0.71,0.157,0.68,0.157,0.161,0.738,0.738,0.738,0.22,0.68,0.161,0.68,0.71,0.22,0.261,0.472,0.261,0.751,0.751,0.751,0.403,0.236,0.159,0.896,0.596,0.214,0.581,0.596,0.367,0.236,0.68,0.934,0.475,0.68,0.581,0.896,0.376,0.209,0.236,0.161,0.887,0.928,0.906,0.68,0.465,0.906,0.906,0.889,0.838,0.755,0.244,0.838,0.838,0.336,0.889,0.72,0.72,0.683,0.603,0.41,0.72,0.428,0.879,0.305,0.812,0.839,0.847,0.41,0.901,0.845,0.604,0.951,0.411,0.447,0.236,0.477,0.447,0.283,0.911,0.628,0.911,0.403,0.716,0.881,0.605,0.41,0.747,0.881,0.747,0.788,0.144,0.826,0.747,0.29,0.747,0.881,0.146,0.672,0.906,0.666,0.847,0.293,0.862,0.141,0.421,0.713,0.44,0.896,0.44,0.84,0.859,0.82,0.85,0.567,0.536,0.672
0.6,0.6,0.633,0.633,0.494,0.079,0.605,0.669,0.079,0.481,0.669,0.588,0.625,0.494,0.588,0.669,0.625,0.494,0.553,0.625,0.591,0.54,0.591,0.613,0.625,0.605,0.613,0.669,0.674,0.481,0.674,0.54,0.236,0.534,0.59,0.534,0.445,0.59,0.236,0.445,0.318,0.534,0.491,0.332,0.534,0.445,0.443,0.491,0.229,0.491,0.051,0.29,0.497,0.258,0.504,0.258,0.272,0.624,0.624,0.624,0.54,0.504,0.272,0.504,0.497,0.54,0.643,0.274,0.643,0.458,0.458,0.458,0.307,0.706,0.536,0.456,0.642,0.254,0.739,0.642,0.571,0.706,0.757,0.586,0.294,0.757,0.739,0.448,0.618,0.376,0.706,0.585,0.447,0.589,0.668,0.757,0.596,0.668,0.668,0.442,0.694,0.736,0.253,0.694,0.694,0.278,0.44,0.811,0.811,0.922,0.866,0.397,0.542,0.389,0.631,0.273,0.254,0.739,0.591,0.397,0.45,0.594,0.297,0.576,0.586,0.796,0.19,0.904,0.796,0.309,0.617,0.724,0.622,0.874,0.129,0.814,0.904,0.942,0.917,0.814,0.878,0.183,0.997,0.813,0.878,0.212,0.878,0.814,0.995,0.658,0.944,0.846,0.614,0.14,0.595,0.995,0.36,0.824,0.31,0.917,0.308,0.547,0.643,0.548,0.592,0.373,0.368,0.448
0.019,0.019,0.019,0.019,0.593,0.945,0.02,0.03,0.946,0.02,0.03,0.02,0.03,0.593,0.02,0.03,0.03,0.593,0.039,0.03,0.024,0.021,0.024,0.031,0.03,0.02,0.031,0.03,0.033,0.02,0.033,0.021,0.012,0.032,0.039,0.032,0.549,0.039,0.012,0.549,0.121,0.032,0.477,0.881,0.032,0.549,0.059,0.477,0.436,0.477,0.961,0.123,0.346,0.012,0.55,0.012,0.013,0.38,0.38,0.38,0.017,0.55,0.013,0.55,0.346,0.017,0.038,0.373,0.038,0.072,0.072,0.072,0.206,0.67,0.82,0.13,0.045,0.551,0.148,0.045,0.191,0.67,0.463,0.184,0.344,0.463,0.148,0.132,0.238,0.62,0.67,0.842,0.131,0.187,0.079,0.463,0.226,0.079,0.079,0.133,0.075,0.422,0.397,0.075,0.075,0.741,0.147,0.545,0.545,0.62,0.804,0.603,0.726,0.756,0.204,0.429,0.235,0.367,0.697,0.603,0.14,0.735,0.246,0.559,0.248,0.529,0.715,0.561,0.529,0.884,0.623,0.533,0.592,0.815,0.392,0.125,0.38,0.6,0.299,0.125,0.286,0.263,0.371,0.109,0.286,0.183,0.286,0.125,0.395,0.102,0.093,0.11,0.677,0.167,0.783,0.36,0.738,0.122,0.897,0.105,0.892,0.712,0.762,0.69,0.725,0.934,0.928,0.884
0.498,0.498,0.485,0.485,0.591,0.195,0.393,0.386,0.261,0.331,0.386,0.402,0.382,0.591,0.402,0.386,0.382,0.591,0.167,0.382,0.626,0.345,0.626,0.373,0.382,0.393,0.373,0.386,0.391,0.331,0.391,0.345,0.31,0.45,0.52,0.45,0.021,0.52,0.31,0.021,0.112,0.45,0.009,0.142,0.45,0.021,0.049,0.009,0.846,0.009,0.156,0.102,0.522,0.334,0.067,0.334,0.332,0.051,0.051,0.051,0.417,0.067,0.332,0.067,0.522,0.417,0.506,0.852,0.506,0.171,0.171,0.171,0.13,0.54,0.142,0.223,0.68,0.888,0.683,0.68,0.358,0.54,0.381,0.273,0.884,0.381,0.683,0.255,0.399,0.898,0.54,0.138,0.232,0.274,0.65,0.381,0.576,0.65,0.65,0.262,0.719,0.6,0.82,0.719,0.719,0.74,0.247,0.171,0.171,0.185,0.663,0.513,0.042,0.516,0.338,0.829,0.64,0.596,0.069,0.513,0.25,0.068,0.675,0.043,0.462,0.292,0.782,0.545,0.292,0.386,0.069,0.486,0.058,0.884,0.338,0.16,0.458,0.322,0.305,0.16,0.223,0.639,0.593,0.129,0.223,0.497,0.223,0.16,0.603,0.112,0.231,0.186,0.495,0.442,0.557,0.605,0.774,0.184,0.936,0.222,0.947,0.49,0.573,0.517,0.535,0.664,0.641,0.573
0.845,0.845,0.823,0.823,0.912,0.681,0.825,0.765,0.706,0.641,0.765,0.859,0.724,0.912,0.859,0.765,0.724,0.912,0.875,0.724,0.652,0.663,0.652,0.777,0.724,0.825,0.777,0.765,0.799,0.641,0.799,0.663,0.558,0.674,0.657,0.674,0.451,0.657,0.558,0.451,0.627,0.674,0.399,0.995,0.674,0.451,0.892,0.399,0.999,0.399,0.741,0.655,0.813,0.775,0.57,0.775,0.823,0.572,0.572,0.572,0.579,0.57,0.823,0.57,0.813,0.579,0.597,0.992,0.597,0.988,0.988,0.988,0.687,0.703,0.992,0.571,0.617,0.998,0.621,0.617,0.594,0.703,0.834,0.564,0.986,0.834,0.621,0.516,0.576,0.965,0.703,0.99,0.623,0.564,0.825,0.834,0.926,0.825,0.825,0.577,0.808,0.825,0.978,0.808,0.808,0.997,0.452,0.908,0.908,0.837,0.674,0.957,0.305,0.947,0.421,0.929,0.969,0.825,0.408,0.957,0.539,0.403,0.973,0.393,0.478,0.916,0.98,0.291,0.916,0.828,0.29,0.938,0.299,0.774,0.987,0.802,0.224,0.865,0.117,0.802,0.81,0.95,0.275,0.063,0.81,0.98,0.81,0.802,0.282,0.069,0.086,0.071,0.172,0.946,0.271,0.298,0.365,0.075,0.35,0.086,0.347,0.209,0.296,0.259,0.297,0.476,0.478,0.478
0.262,0.262,0.291,0.291,0.175,0.628,0.813,0.74,0.547,0.682,0.74,0.75,0.918,0.175,0.75,0.74,0.918,0.175,0.794,0.918,0.324,0.548,0.324,0.939,0.918,0.813,0.939,0.74,0.728,0.682,0.728,0.548,0.752,0.787,0.607,0.787,0.245,0.607,0.752,0.245,0.645,0.787,0.192,0.819,0.787,0.245,0.703,0.192,0.382,0.192,0.551,0.609,0.02,0.619,0.275,0.619,0.624,0.248,0.248,0.248,0.547,0.275,0.624,0.275,0.02,0.547,0.79,0.33,0.79,0.429,0.429,0.429,0.727,0.171,0.725,0.36,0.06,0.874,0.061,0.06,0.4,0.171,0.068,0.349,0.306,0.068,0.061,0.33,0.402,0.872,0.171,0.692,0.348,0.378,0.609,0.068,0.541,0.609,0.609,0.342,0.586,0.438,0.872,0.586,0.586,0.937,0.318,0.274,0.274,0.252,0.537,0.3,0.388,0.295,0.31,0.856,0.91,0.434,0.537,0.3,0.308,0.48,0.922,0.458,0.402,0.285,0.926,0.3,0.285,0.478,0.459,0.239,0.446,0.586,0.893,0.126,0.208,0.278,0.367,0.126,0.124,0.916,0.939,0.438,0.124,0.864,0.124,0.126,0.929,0.677,0.319,0.594,0.609,0.828,0.7,0.926,0.942,0.602,0.921,0.361,0.918,0.598,0.72,0.745,0.628,0.906,0.954,0.925
0.385,0.385,0.346,0.346,0.289,0.663,0.351,0.825,0.541,0.711,0.825,0.371,0.849,0.289,0.371,0.825,0.849,0.289,0.575,0.849,0.439,0.671,0.439,0.825,0.849,0.351,0.825,0.825,0.786,0.711,0.786,0.671,0.681,0.901,0.386,0.901,0.608,0.386,0.681,0.608,0.97,0.901,0.8,0.939,0.901,0.608,0.676,0.8,0.372,0.8,0.539,0.98,0.933,0.47,0.608,0.47,0.444,0.732,0.732,0.732,0.764,0.608,0.444,0.608,0.933,0.764,0.809,0.383,0.809,0.998,0.998,0.998,0.996,0.067,0.949,0.982,0.605,0.42,0.798,0.605,0.673,0.067,0.982,0.91,0.462,0.982,0.798,0.98,0.659,0.3,0.067,0.98,0.977,0.913,0.982,0.982,0.085,0.982,0.982,0.978,0.984,0.733,0.342,0.984,0.984,0.281,0.984,0.934,0.934,0.926,0.962,0.365,0.841,0.333,0.899,0.389,0.819,0.632,0.857,0.365,0.984,0.839,0.695,0.795,0.625,0.913,0.326,0.026,0.913,0.771,0.733,0.966,0.704,0.944,0.746,0.517,0.039,0.864,0.036,0.517,0.78,0.901,0.741,0.795,0.78,0.443,0.78,0.517,0.745,0.461,0.708,0.535,0.075,0.517,0.117,0.674,0.207,0.389,0.29,0.415,0.298,0.089,0.12,0.126,0.126,0.285,0.289,0.161
0.507,0.507,0.55,0.55,0.831,0.177,0.786,0.781,0.184,0.505,0.781,0.864,0.703,0.831,0.864,0.781,0.703,0.831,0.189,0.703,0.491,0.693,0.491,0.752,0.703,0.786,0.752,0.781,0.835,0.505,0.835,0.693,0.508,0.808,0.868,0.808,0.008,0.868,0.508,0.008,0.166,0.808,0.003,0.898,0.808,0.008,0.064,0.003,0.575,0.003,0.134,0.132,0.845,0.518,0.026,0.518,0.536,0.021,0.021,0.021,0.569,0.026,0.536,0.026,0.845,0.569,0.795,0.466,0.795,0.279,0.279,0.279,0.335,0.747,0.917,0.592,0.718,0.582,0.75,0.718,0.126,0.747,0.733,0.121,0.465,0.733,0.75,0.547,0.139,0.669,0.747,0.862,0.639,0.119,0.592,0.733,0.48,0.592,0.592,0.572,0.532,0.484,0.599,0.532,0.532,0.764,0.564,0.15,0.15,0.316,0.29,0.942,0.247,0.929,0.103,0.533,0.672,0.473,0.3,0.942,0.598,0.262,0.765,0.332,0.112,0.203,0.705,0.801,0.203,0.442,0.346,0.755,0.265,0.424,0.958,0.552,0.796,0.343,0.761,0.552,0.586,0.415,0.048,0.654,0.586,0.959,0.586,0.552,0.05,0.65,0.802,0.815,0.899,0.922,0.848,0.057,0.767,0.816,0.808,0.771,0.803,0.865,0.886,0.843,0.89,0.647,0.651,0.633
0.15,0.15,0.128,0.128,0.361,0.926,0.554,0.868,0.93,0.751,0.868,0.608,0.82,0.361,0.608,0.868,0.82,0.361,0.421,0.82,0.226,0.713,0.226,0.841,0.82,0.554,0.841,0.868,0.84,0.751,0.84,0.713,0.847,0.924,0.664,0.924,0.11,0.664,0.847,0.11,0.547,0.924,0.077,0.792,0.924,0.11,0.486,0.077,0.355,0.077,0.803,0.726,0.234,0.844,0.063,0.844,0.849,0.032,0.032,0.032,0.797,0.063,0.849,0.063,0.234,0.797,0.929,0.474,0.929,0.127,0.127,0.127,0.749,0.488,0.686,0.425,0.079,0.414,0.066,0.079,0.621,0.488,0.34,0.573,0.412,0.34,0.066,0.383,0.622,0.768,0.488,0.653,0.42,0.625,0.051,0.34,0.724,0.051,0.051,0.386,0.038,0.077,0.359,0.038,0.038,0.687,0.475,0.186,0.186,0.326,0.062,0.908,0.547,0.757,0.598,0.572,0.726,0.094,0.502,0.908,0.464,0.528,0.683,0.722,0.765,0.256,0.686,0.603,0.256,0.598,0.629,0.283,0.636,0.075,0.683,0.1,0.672,0.44,0.674,0.1,0.103,0.507,0.412,0.759,0.103,0.884,0.103,0.1,0.4,0.803,0.795,0.824,0.376,0.871,0.481,0.447,0.783,0.82,0.525,0.806,0.578,0.396,0.471,0.505,0.475,0.602,0.637,0.805
0.137,0.137,0.134,0.134,0.98,0.462,0.129,0.054,0.504,0.111,0.054,0.136,0.117,0.98,0.136,0.054,0.117,0.98,0.353,0.117,0.097,0.066,0.097,0.095,0.117,0.129,0.095,0.054,0.051,0.111,0.051,0.066,0.192,0.063,0.083,0.063,0.978,0.083,0.192,0.978,0.541,0.063,0.995,0.121,0.063,0.978,0.545,0.995,0.151,0.995,0.482,0.476,0.992,0.19,0.997,0.19,0.181,0.996,0.996,0.996,0.044,0.997,0.181,0.997,0.992,0.044,0.025,0.185,0.025,0.974,0.974,0.974,0.496,0.954,0.164,0.245,0.998,0.356,1.0,0.998,0.427,0.954,0.954,0.337,0.161,0.954,1.0,0.273,0.448,0.395,0.954,0.145,0.254,0.368,0.972,0.954,0.119,0.972,0.972,0.277,0.988,0.994,0.338,0.988,0.988,0.291,0.311,0.032,0.032,0.026,0.065,0.069,0.236,0.064,0.438,0.37,0.78,0.986,0.237,0.069,0.319,0.246,0.442,0.239,0.477,0.034,0.325,0.015,0.034,0.183,0.239,0.974,0.243,0.053,0.765,0.914,0.008,0.025,0.058,0.914,0.936,0.888,0.397,0.026,0.936,0.469,0.936,0.914,0.394,0.021,0.012,0.023,0.164,0.515,0.152,0.377,0.184,0.023,0.224,0.025,0.24,0.188,0.122,0.108,0.107,0.161,0.16,0.138
0.437,0.437,0.431,0.431,0.046,0.294,0.362,0.305,0.244,0.482,0.305,0.352,0.368,0.046,0.352,0.305,0.368,0.046,0.056,0.368,0.44,0.43,0.44,0.336,0.368,0.362,0.336,0.305,0.299,0.482,0.299,0.43,0.29,0.314,0.34,0.314,0.293,0.34,0.29,0.293,0.294,0.314,0.425,0.339,0.314,0.293,0.104,0.425,0.611,0.425,0.243,0.426,0.037,0.412,0.328,0.412,0.414,0.399,0.399,0.399,0.379,0.328,0.414,0.328,0.037,0.379,0.331,0.509,0.331,0.006,0.006,0.006,0.321,0.052,0.326,0.304,0.025,0.905,0.031,0.025,0.65,0.052,0.059,0.412,0.701,0.059,0.031,0.303,0.651,0.919,0.052,0.391,0.283,0.415,0.011,0.059,0.159,0.011,0.011,0.284,0.016,0.12,0.87,0.016,0.016,0.776,0.317,0.326,0.326,0.336,0.168,0.256,0.673,0.315,0.473,0.903,0.395,0.116,0.639,0.256,0.299,0.668,0.448,0.772,0.66,0.236,0.798,0.351,0.236,0.02,0.781,0.066,0.788,0.082,0.326,0.112,0.353,0.303,0.392,0.112,0.1,0.232,0.536,0.306,0.1,0.506,0.1,0.112,0.511,0.219,0.136,0.127,0.89,0.4,0.788,0.621,0.225,0.146,0.102,0.145,0.091,0.893,0.656,0.769,0.67,0.108,0.143,0.057
0.833,0.833,0.81,0.81,0.922,0.594,0.58,0.498,0.567,0.5,0.498,0.603,0.527,0.922,0.603,0.498,0.527,0.922,0.444,0.527,0.769,0.494,0.769,0.546,0.527,0.58,0.546,0.498,0.541,0.5,0.541,0.494,0.784,0.388,0.459,0.388,0.388,0.459,0.784,0.388,0.14,0.388,0.348,0.727,0.388,0.388,0.452,0.348,0.903,0.348,0.88,0.242,0.504,0.928,0.248,0.928,0.931,0.215,0.215,0.215,0.528,0.248,0.931,0.248,0.504,0.528,0.4,0.972,0.4,0.352,0.352,0.352,0.182,0.924,0.844,0.176,0.292,0.781,0.293,0.292,0.232,0.924,0.681,0.228,0.952,0.681,0.293,0.165,0.223,0.682,0.924,0.765,0.17,0.225,0.251,0.681,0.174,0.251,0.251,0.163,0.213,0.506,0.705,0.213,0.213,0.955,0.182,0.58,0.58,0.599,0.931,0.978,0.065,0.957,0.203,0.551,0.966,0.532,0.066,0.978,0.169,0.063,0.983,0.032,0.214,0.605,0.953,0.447,0.605,0.947,0.018,0.62,0.018,0.974,0.942,0.533,0.481,0.634,0.31,0.533,0.543,0.943,0.754,0.515,0.543,0.751,0.543,0.533,0.739,0.826,0.486,0.853,0.532,0.524,0.773,0.762,0.604,0.881,0.883,0.556,0.875,0.451,0.809,0.778,0.796,0.171,0.148,0.179
0.079,0.079,0.122,0.122,0.136,0.733,0.179,0.11,0.679,0.098,0.11,0.109,0.191,0.136,0.109,0.11,0.191,0.136,0.669,0.191,0.271,0.059,0.271,0.195,0.191,0.179,0.195,0.11,0.124,0.098,0.124,0.059,0.063,0.118,0.267,0.118,0.522,0.267,0.063,0.522,0.814,0.118,0.275,0.905,0.118,0.522,0.679,0.275,0.943,0.275,0.595,0.833,0.623,0.022,0.648,0.022,0.021,0.315,0.315,0.315,0.07,0.648,0.021,0.648,0.623,0.07,0.089,0.943,0.089,0.371,0.371,0.371,0.641,0.079,0.763,0.384,0.243,0.673,0.294,0.243,0.539,0.079,0.182,0.405,0.922,0.182,0.294,0.362,0.46,0.814,0.079,0.735,0.426,0.384,0.507,0.182,0.179,0.507,0.507,0.416,0.514,0.388,0.641,0.514,0.514,0.479,0.503,0.833,0.833,0.654,0.719,0.133,0.517,0.301,0.496,0.786,0.165,0.335,0.551,0.133,0.547,0.584,0.192,0.671,0.583,0.806,0.463,0.974,0.806,0.472,0.569,0.575,0.522,0.664,0.485,0.013,0.98,0.632,0.877,0.013,0.01,0.158,0.417,0.985,0.01,0.904,0.01,0.013,0.381,0.975,0.964,0.931,0.749,0.881,0.727,0.469,0.852,0.938,0.752,0.986,0.818,0.69,0.739,0.717,0.729,0.981,0.963,0.698
0.671,0.671,0.67,0.67,0.22,0.143,0.42,0.367,0.139,0.301,0.367,0.433,0.359,0.22,0.433,0.367,0.359,0.22,0.823,0.359,0.805,0.314,0.805,0.347,0.359,0.42,0.347,0.367,0.364,0.301,0.364,0.314,0.322,0.492,0.714,0.492,0.687,0.714,0.322,0.687,0.126,0.492,0.636,0.712,0.492,0.687,0.524,0.636,0.041,0.636,0.152,0.149,0.287,0.284,0.75,0.284,0.279,0.689,0.689,0.689,0.362,0.75,0.279,0.75,0.287,0.362,0.517,0.166,0.517,0.143,0.143,0.143,0.111,0.43,0.932,0.127,0.238,0.092,0.18,0.238,0.211,0.43,0.183,0.193,0.155,0.183,0.18,0.13,0.211,0.088,0.43,0.945,0.123,0.188,0.055,0.183,0.732,0.055,0.055,0.124,0.043,0.372,0.076,0.043,0.043,0.034,0.117,0.48,0.48,0.496,0.21,0.932,0.033,0.923,0.174,0.105,0.23,0.404,0.033,0.932,0.118,0.034,0.238,0.035,0.195,0.57,0.028,0.753,0.57,0.896,0.043,0.169,0.045,0.245,0.051,0.274,0.744,0.604,0.67,0.274,0.274,0.13,0.796,0.436,0.274,0.147,0.274,0.274,0.798,0.342,0.553,0.236,0.819,0.153,0.872,0.821,0.943,0.242,0.98,0.484,0.979,0.832,0.865,0.88,0.866,0.986,0.984,0.99
0.481,0.481,0.629,0.629,0.387,0.838,0.391,0.282,0.814,0.368,0.282,0.341,0.314,0.387,0.341,0.282,0.314,0.387,0.493,0.314,0.543,0.335,0.543,0.298,0.314,0.391,0.298,0.282,0.282,0.368,0.282,0.335,0.293,0.344,0.425,0.344,0.853,0.425,0.293,0.853,0.78,0.344,0.791,0.547,0.344,0.853,0.753,0.791,0.641,0.791,0.918,0.718,0.173,0.226,0.856,0.226,0.228,0.795,0.795,0.795,0.359,0.856,0.228,0.856,0.173,0.359,0.337,0.545,0.337,0.199,0.199,0.199,0.818,0.231,0.588,0.945,0.761,0.902,0.827,0.761,0.991,0.231,0.39,0.985,0.715,0.39,0.827,0.956,0.995,0.905,0.231,0.581,0.956,0.967,0.92,0.39,0.153,0.92,0.92,0.959,0.874,0.907,0.9,0.874,0.874,0.73,0.986,0.133,0.133,0.146,0.605,0.033,0.931,0.034,0.99,0.952,0.828,0.86,0.943,0.033,0.989,0.822,0.845,0.863,0.988,0.146,0.819,0.296,0.146,0.109,0.895,0.279,0.889,0.304,0.86,0.89,0.286,0.165,0.581,0.89,0.928,0.906,0.817,0.206,0.928,0.921,0.928,0.89,0.827,0.255,0.166,0.275,0.798,0.899,0.658,0.896,0.112,0.351,0.068,0.177,0.08,0.824,0.626,0.603,0.594,0.054,0.059,0.085
0.467,0.467,0.453,0.453,0.185,0.758,0.41,0.406,0.769,0.361,0.406,0.43,0.429,0.185,0.43,0.406,0.429,0.185,0.177,0.429,0.657,0.378,0.657,0.43,0.429,0.41,0.43,0.406,0.446,0.361,0.446,0.378,0.4,0.515,0.647,0.515,0.176,0.647,0.4,0.176,0.658,0.515,0.143,0.354,0.515,0.176,0.185,0.143,0.883,0.143,0.788,0.698,0.05,0.396,0.299,0.396,0.408,0.289,0.289,0.289,0.475,0.299,0.408,0.299,0.05,0.475,0.607,0.805,0.607,0.617,0.617,0.617,0.474,0.5,0.263,0.761,0.188,0.591,0.192,0.188,0.734,0.5,0.134,0.76,0.811,0.134,0.192,0.721,0.739,0.519,0.5,0.27,0.723,0.759,0.684,0.134,0.887,0.684,0.684,0.729,0.746,0.221,0.53,0.746,0.746,0.652,0.75,0.561,0.561,0.674,0.439,0.809,0.426,0.856,0.757,0.457,0.191,0.197,0.405,0.809,0.717,0.433,0.188,0.295,0.746,0.633,0.789,0.163,0.633,0.92,0.356,0.072,0.351,0.6,0.366,0.426,0.137,0.636,0.139,0.426,0.45,0.219,0.125,0.203,0.45,0.371,0.45,0.426,0.125,0.343,0.35,0.355,0.252,0.365,0.241,0.124,0.843,0.357,0.962,0.369,0.962,0.263,0.246,0.232,0.246,0.295,0.302,0.337
0.519,0.519,0.514,0.514,0.33,0.174,0.406,0.44,0.202,0.357,0.44,0.499,0.455,0.33,0.499,0.44,0.455,0.33,0.095,0.455,0.564,0.384,0.564,0.442,0.455,0.406,0.442,0.44,0.433,0.357,0.433,0.384,0.832,0.428,0.392,0.428,0.099,0.392,0.832,0.099,0.178,0.428,0.116,0.669,0.428,0.099,0.051,0.116,0.925,0.116,0.058,0.148,0.396,0.889,0.118,0.889,0.883,0.139,0.139,0.139,0.363,0.118,0.883,0.118,0.396,0.363,0.413,0.46,0.413,0.384,0.384,0.384,0.176,0.354,0.645,0.552,0.44,0.097,0.405,0.44,0.109,0.354,0.045,0.108,0.541,0.045,0.405,0.539,0.108,0.113,0.354,0.777,0.547,0.1,0.283,0.045,0.651,0.283,0.283,0.522,0.234,0.553,0.106,0.234,0.234,0.145,0.443,0.334,0.334,0.423,0.666,0.888,0.177,0.873,0.096,0.115,0.4,0.611,0.159,0.888,0.418,0.168,0.391,0.188,0.109,0.358,0.158,0.611,0.358,0.653,0.16,0.484,0.165,0.482,0.272,0.21,0.586,0.421,0.797,0.21,0.148,0.365,0.033,0.644,0.148,0.206,0.148,0.21,0.041,0.476,0.523,0.432,0.714,0.198,0.648,0.05,0.944,0.448,0.956,0.527,0.973,0.714,0.576,0.601,0.565,0.948,0.962,0.951
0.673,0.673,0.668,0.668,0.46,0.431,0.684,0.681,0.349,0.54,0.681,0.773,0.581,0.46,0.773,0.681,0.581,0.46,0.164,0.581,0.68,0.579,0.68,0.522,0.581,0.684,0.522,0.681,0.711,0.54,0.711,0.579,0.27,0.72,0.873,0.72,0.479,0.873,0.27,0.479,0.643,0.72,0.589,0.95,0.72,0.479,0.15,0.589,0.922,0.589,0.299,0.531,0.824,0.324,0.278,0.324,0.329,0.357,0.357,0.357,0.509,0.278,0.329,0.278,0.824,0.509,0.748,0.952,0.748,0.831,0.831,0.831,0.54,0.543,0.981,0.549,0.753,0.981,0.792,0.753,0.682,0.543,0.625,0.547,0.943,0.625,0.792,0.602,0.623,0.945,0.543,0.981,0.575,0.517,0.833,0.625,0.291,0.833,0.833,0.616,0.868,0.676,0.977,0.868,0.868,0.941,0.542,0.065,0.065,0.072,0.09,0.062,0.902,0.054,0.455,0.946,0.983,0.608,0.782,0.062,0.538,0.792,0.984,0.927,0.641,0.038,0.874,0.463,0.038,0.103,0.905,0.56,0.9,0.029,0.902,0.28,0.438,0.036,0.507,0.28,0.422,0.964,0.659,0.365,0.422,0.969,0.422,0.28,0.684,0.673,0.226,0.354,0.724,0.965,0.779,0.649,0.363,0.318,0.277,0.262,0.274,0.742,0.752,0.767,0.744,0.235,0.209,0.303
0.064,0.064,0.062,0.062,0.157,0.583,0.064,0.034,0.631,0.04,0.034,0.063,0.031,0.157,0.063,0.034,0.031,0.157,0.426,0.031,0.113,0.04,0.113,0.032,0.031,0.064,0.032,0.034,0.039,0.04,0.039,0.04,0.035,0.041,0.081,0.041,0.017,0.081,0.035,0.017,0.084,0.041,0.031,0.577,0.041,0.017,0.428,0.031,0.837,0.031,0.923,0.087,0.42,0.036,0.023,0.036,0.039,0.049,0.049,0.049,0.06,0.023,0.039,0.023,0.42,0.06,0.062,0.689,0.062,0.293,0.293,0.293,0.148,0.122,0.641,0.125,0.185,0.975,0.174,0.185,0.167,0.122,0.485,0.173,0.798,0.485,0.174,0.129,0.161,0.958,0.122,0.749,0.129,0.166,0.11,0.485,0.446,0.11,0.11,0.13,0.173,0.286,0.861,0.173,0.173,0.745,0.179,0.18,0.18,0.618,0.767,0.418,0.199,0.7,0.213,0.876,0.564,0.329,0.204,0.418,0.183,0.217,0.57,0.298,0.206,0.098,0.815,0.614,0.098,0.91,0.257,0.419,0.306,0.51,0.838,0.198,0.706,0.411,0.71,0.198,0.242,0.665,0.6,0.832,0.242,0.911,0.242,0.198,0.633,0.809,0.897,0.873,0.558,0.874,0.499,0.646,0.957,0.905,0.894,0.858,0.89,0.553,0.5,0.473,0.538,0.842,0.782,0.804
0.836,0.836,0.801,0.801,0.815,0.018,0.566,0.552,0.017,0.824,0.552,0.627,0.417,0.815,0.627,0.552,0.417,0.815,0.279,0.417,0.743,0.937,0.743,0.424,0.417,0.566,0.424,0.552,0.505,0.824,0.505,0.937,0.766,0.425,0.573,0.425,0.852,0.573,0.766,0.852,0.232,0.425,0.91,0.607,0.425,0.852,0.385,0.91,0.667,0.91,0.018,0.227,0.997,0.756,0.796,0.756,0.732,0.891,0.891,0.891,0.936,0.796,0.732,0.796,0.997,0.936,0.408,0.663,0.408,0.939,0.939,0.939,0.093,0.829,0.671,0.107,0.967,0.604,0.97,0.967,0.157,0.829,0.979,0.138,0.644,0.979,0.97,0.108,0.187,0.479,0.829,0.686,0.106,0.116,0.804,0.979,0.22,0.804,0.804,0.106,0.72,0.886,0.58,0.72,0.72,0.589,0.086,0.383,0.383,0.379,0.645,0.595,0.895,0.65,0.124,0.441,0.904,0.9,0.94,0.595,0.086,0.934,0.905,0.635,0.143,0.343,0.405,0.556,0.343,0.524,0.65,0.927,0.667,0.491,0.774,0.947,0.92,0.368,0.439,0.947,0.906,0.848,0.44,0.296,0.906,0.714,0.906,0.947,0.433,0.695,0.362,0.646,0.71,0.681,0.948,0.348,0.779,0.606,0.751,0.421,0.809,0.554,0.892,0.96,0.97,0.951,0.956,0.748
0.655,0.655,0.649,0.649,0.865,0.7,0.492,0.448,0.589,0.433,0.448,0.502,0.425,0.865,0.502,0.448,0.425,0.865,0.74,0.425,0.907,0.467,0.907,0.508,0.425,0.492,0.508,0.448,0.531,0.433,0.531,0.467,0.555,0.66,0.753,0.66,0.877,0.753,0.555,0.877,0.7,0.66,0.96,0.271,0.66,0.877,0.93,0.96,0.855,0.96,0.778,0.734,0.416,0.415,0.928,0.415,0.416,0.946,0.946,0.946,0.762,0.928,0.416,0.928,0.416,0.762,0.817,0.75,0.817,0.165,0.165,0.165,0.915,0.75,0.235,0.597,0.877,0.378,0.836,0.877,0.711,0.75,0.371,0.709,0.801,0.371,0.836,0.63,0.782,0.544,0.75,0.286,0.603,0.696,0.606,0.371,0.634,0.606,0.606,0.592,0.597,0.871,0.653,0.597,0.597,0.127,0.815,0.626,0.626,0.648,0.243,0.38,0.337,0.397,0.829,0.71,0.35,0.914,0.383,0.38,0.814,0.4,0.549,0.526,0.87,0.613,0.182,0.135,0.613,0.176,0.444,0.515,0.454,0.233,0.194,0.944,0.188,0.655,0.023,0.944,0.873,0.3,0.771,0.021,0.873,0.684,0.873,0.944,0.779,0.032,0.034,0.038,0.058,0.674,0.255,0.795,0.273,0.038,0.268,0.032,0.249,0.082,0.236,0.239,0.218,0.457,0.455,0.406
0.349,0.349,0.31,0.31,0.312,0.225,0.675,0.553,0.216,0.609,0.553,0.736,0.462,0.312,0.736,0.553,0.462,0.312,0.922,0.462,0.357,0.626,0.357,0.475,0.462,0.675,0.475,0.553,0.518,0.609,0.518,0.626,0.357,0.54,0.707,0.54,0.457,0.707,0.357,0.457,0.598,0.54,0.565,0.007,0.54,0.457,0.998,0.565,0.019,0.565,0.211,0.736,0.209,0.253,0.15,0.253,0.249,0.5,0.5,0.5,0.61,0.15,0.249,0.15,0.209,0.61,0.519,0.039,0.519,0.129,0.129,0.129,0.722,0.729,0.011,0.601,0.495,0.157,0.557,0.495,0.705,0.729,0.028,0.737,0.035,0.028,0.557,0.603,0.689,0.238,0.729,0.011,0.568,0.771,0.285,0.028,0.871,0.285,0.285,0.567,0.401,0.38,0.139,0.401,0.401,0.099,0.538,0.835,0.835,0.697,0.463,0.745,0.081,0.596,0.717,0.233,0.336,0.382,0.101,0.745,0.559,0.101,0.413,0.082,0.64,0.822,0.186,0.648,0.822,0.588,0.093,0.081,0.094,0.457,0.199,0.349,0.561,0.697,0.539,0.349,0.246,0.142,0.595,0.607,0.246,0.346,0.246,0.349,0.574,0.778,0.805,0.68,0.331,0.351,0.337,0.51,0.357,0.687,0.416,0.784,0.398,0.33,0.326,0.362,0.34,0.542,0.531,0.445
0.42,0.42,0.389,0.389,0.152,0.239,0.306,0.375,0.262,0.303,0.375,0.322,0.34,0.152,0.322,0.375,0.34,0.152,0.926,0.34,0.569,0.305,0.569,0.331,0.34,0.306,0.331,0.375,0.362,0.303,0.362,0.305,0.418,0.576,0.441,0.576,0.539,0.441,0.418,0.539,0.757,0.576,0.505,0.363,0.576,0.539,0.75,0.505,0.311,0.505,0.345,0.69,0.483,0.34,0.384,0.34,0.345,0.344,0.344,0.344,0.445,0.384,0.345,0.384,0.483,0.445,0.545,0.055,0.545,0.116,0.116,0.116,0.631,0.213,0.549,0.89,0.304,0.181,0.266,0.304,0.921,0.213,0.617,0.857,0.036,0.617,0.266,0.887,0.924,0.157,0.213,0.376,0.902,0.863,0.2,0.617,0.798,0.2,0.2,0.902,0.16,0.392,0.218,0.16,0.16,0.872,0.942,0.862,0.862,0.869,0.534,0.237,0.614,0.27,0.914,0.172,0.364,0.394,0.51,0.237,0.943,0.517,0.441,0.668,0.977,0.797,0.879,0.358,0.797,0.177,0.723,0.544,0.737,0.627,0.924,0.407,0.363,0.829,0.369,0.407,0.345,0.689,0.905,0.374,0.345,0.387,0.345,0.407,0.925,0.406,0.372,0.249,0.288,0.284,0.289,0.937,0.132,0.265,0.09,0.411,0.075,0.334,0.297,0.281,0.285,0.098,0.109,0.079
0.527,0.527,0.499,0.499,0.503,0.447,0.711,0.491,0.428,0.458,0.491,0.572,0.407,0.503,0.572,0.491,0.407,0.503,0.342,0.407,0.311,0.454,0.311,0.48,0.407,0.711,0.48,0.491,0.53,0.458,0.53,0.454,0.626,0.439,0.584,0.439,0.05,0.584,0.626,0.05,0.995,0.439,0.092,0.419,0.439,0.05,0.084,0.092,0.578,0.092,0.477,0.985,0.102,0.672,0.055,0.672,0.688,0.129,0.129,0.129,0.521,0.055,0.688,0.055,0.102,0.521,0.47,0.58,0.47,0.535,0.535,0.535,0.999,0.495,0.494,0.71,0.199,0.158,0.188,0.199,0.92,0.495,0.114,0.839,0.534,0.114,0.188,0.72,0.915,0.139,0.495,0.529,0.705,0.794,0.687,0.114,0.722,0.687,0.687,0.715,0.673,0.022,0.167,0.673,0.673,0.14,0.78,0.164,0.164,0.179,0.351,0.68,0.311,0.638,0.873,0.148,0.236,0.024,0.302,0.68,0.782,0.309,0.247,0.541,0.926,0.229,0.13,0.169,0.229,0.65,0.42,0.05,0.405,0.349,0.15,0.102,0.236,0.249,0.276,0.102,0.08,0.221,0.765,0.192,0.08,0.198,0.08,0.102,0.759,0.25,0.147,0.14,0.462,0.186,0.392,0.917,0.523,0.15,0.561,0.104,0.494,0.418,0.35,0.52,0.476,0.399,0.466,0.892
0.33,0.33,0.318,0.318,0.271,0.611,0.229,0.101,0.615,0.237,0.101,0.259,0.199,0.271,0.259,0.101,0.199,0.271,0.905,0.199,0.186,0.172,0.186,0.198,0.199,0.229,0.198,0.101,0.106,0.237,0.106,0.172,0.184,0.175,0.166,0.175,0.32,0.166,0.184,0.32,0.898,0.175,0.678,0.739,0.175,0.32,0.951,0.678,0.913,0.678,0.589,0.902,0.356,0.15,0.612,0.15,0.146,0.764,0.764,0.764,0.119,0.612,0.146,0.612,0.356,0.119,0.108,0.949,0.108,0.266,0.266,0.266,0.733,0.279,0.707,0.745,0.547,0.873,0.449,0.547,0.828,0.279,0.454,0.872,0.967,0.454,0.449,0.726,0.788,0.642,0.279,0.688,0.759,0.893,0.491,0.454,0.58,0.491,0.491,0.742,0.503,0.768,0.93,0.503,0.503,0.932,0.784,0.205,0.205,0.135,0.373,0.023,0.939,0.058,0.893,0.803,0.921,0.807,0.933,0.023,0.796,0.932,0.927,0.477,0.73,0.181,0.894,0.195,0.181,0.007,0.52,0.587,0.534,0.346,0.96,0.598,0.213,0.132,0.239,0.598,0.581,0.9,0.583,0.435,0.581,0.933,0.581,0.598,0.556,0.417,0.436,0.399,0.306,0.907,0.292,0.652,0.337,0.388,0.394,0.335,0.389,0.306,0.33,0.404,0.36,0.576,0.614,0.57
0.872,0.872,0.814,0.814,0.419,0.534,0.968,0.98,0.525,0.974,0.98,0.965,0.977,0.419,0.965,0.98,0.977,0.419,0.257,0.977,0.72,0.98,0.72,0.966,0.977,0.968,0.966,0.98,0.974,0.974,0.974,0.98,0.781,0.965,0.902,0.965,0.277,0.902,0.781,0.277,0.025,0.965,0.24,0.673,0.965,0.277,0.331,0.24,0.226,0.24,0.455,0.026,0.565,0.877,0.442,0.877,0.884,0.459,0.459,0.459,0.953,0.442,0.884,0.442,0.565,0.953,0.967,0.21,0.967,0.345,0.345,0.345,0.003,0.401,0.677,0.024,0.229,0.374,0.258,0.229,0.016,0.401,0.535,0.024,0.209,0.535,0.258,0.019,0.022,0.409,0.401,0.681,0.028,0.016,0.318,0.535,0.316,0.318,0.318,0.021,0.31,0.65,0.366,0.31,0.31,0.446,0.023,0.086,0.086,0.084,0.384,0.097,0.45,0.037,0.014,0.462,0.805,0.578,0.442,0.097,0.022,0.439,0.902,0.548,0.018,0.083,0.528,0.616,0.083,0.033,0.521,0.55,0.518,0.249,0.542,0.581,0.606,0.078,0.495,0.581,0.605,0.772,0.386,0.85,0.605,0.509,0.605,0.581,0.38,0.634,0.942,0.779,0.484,0.483,0.45,0.37,0.453,0.815,0.595,0.918,0.579,0.458,0.462,0.477,0.477,0.644,0.63,0.69
0.34,0.34,0.305,0.305,0.238,0.467,0.203,0.188,0.573,0.943,0.188,0.241,0.106,0.238,0.241,0.188,0.106,0.238,0.269,0.106,0.187,0.918,0.187,0.093,0.106,0.203,0.093,0.188,0.183,0.943,0.183,0.918,0.862,0.2,0.229,0.2,0.416,0.229,0.862,0.416,0.879,0.2,0.492,0.703,0.2,0.416,0.425,0.492,0.602,0.492,0.875,0.903,0.784,0.783,0.342,0.783,0.766,0.559,0.559,0.559,0.866,0.342,0.766,0.342,0.784,0.866,0.216,0.553,0.216,0.826,0.826,0.826,0.697,0.177,0.81,0.886,0.678,0.468,0.666,0.678,0.728,0.177,0.836,0.788,0.616,0.836,0.666,0.892,0.736,0.446,0.177,0.816,0.919,0.748,0.735,0.836,0.171,0.735,0.735,0.936,0.787,0.57,0.6,0.787,0.787,0.508,0.86,0.721,0.721,0.645,0.424,0.239,0.82,0.411,0.78,0.61,0.923,0.486,0.796,0.239,0.918,0.788,0.913,0.907,0.707,0.653,0.446,0.284,0.653,0.333,0.86,0.882,0.87,0.358,0.454,0.793,0.215,0.56,0.432,0.793,0.886,0.899,0.473,0.81,0.886,0.65,0.886,0.793,0.479,0.294,0.476,0.544,0.706,0.787,0.684,0.443,0.802,0.485,0.794,0.409,0.828,0.777,0.595,0.672,0.58,0.554,0.501,0.671
0.694,0.694,0.759,0.759,0.144,0.864,0.71,0.478,0.903,0.861,0.478,0.613,0.576,0.144,0.613,0.478,0.576,0.144,0.588,0.576,0.658,0.615,0.658,0.665,0.576,0.71,0.665,0.478,0.551,0.861,0.551,0.615,0.664,0.443,0.642,0.443,0.162,0.642,0.664,0.162,0.948,0.443,0.159,0.406,0.443,0.162,0.602,0.159,0.283,0.159,0.801,0.927,0.459,0.452,0.175,0.452,0.43,0.065,0.065,0.065,0.643,0.175,0.43,0.175,0.459,0.643,0.453,0.37,0.453,0.335,0.335,0.335,0.816,0.107,0.885,0.968,0.634,0.382,0.727,0.634,0.979,0.107,0.09,0.951,0.334,0.09,0.727,0.974,0.968,0.474,0.107,0.764,0.965,0.945,0.625,0.09,0.567,0.625,0.625,0.97,0.676,0.115,0.351,0.676,0.676,0.407,0.974,0.102,0.102,0.107,0.39,0.142,0.732,0.157,0.935,0.412,0.507,0.099,0.761,0.142,0.968,0.764,0.557,0.659,0.966,0.113,0.439,0.467,0.113,0.347,0.742,0.062,0.731,0.363,0.461,0.059,0.433,0.117,0.407,0.059,0.057,0.651,0.992,0.525,0.057,0.292,0.057,0.059,0.992,0.411,0.453,0.36,0.702,0.274,0.738,0.994,0.447,0.376,0.331,0.467,0.332,0.764,0.766,0.748,0.745,0.212,0.273,0.062
0.82,0.82,0.723,0.723,0.499,0.334,0.452,0.349,0.329,0.296,0.349,0.496,0.322,0.499,0.496,0.349,0.322,0.499,0.73,0.322,0.749,0.328,0.749,0.322,0.322,0.452,0.322,0.349,0.352,0.296,0.352,0.328,0.304,0.42,0.443,0.42,0.127,0.443,0.304,0.127,0.407,0.42,0.12,0.604,0.42,0.127,0.658,0.12,0.751,0.12,0.253,0.333,0.35,0.376,0.206,0.376,0.375,0.202,0.202,0.202,0.348,0.206,0.375,0.206,0.35,0.348,0.403,0.704,0.403,0.153,0.153,0.153,0.204,0.654,0.587,0.464,0.268,0.471,0.295,0.268,0.5,0.654,0.508,0.525,0.695,0.508,0.295,0.465,0.597,0.749,0.654,0.651,0.466,0.519,0.441,0.508,0.686,0.441,0.441,0.469,0.383,0.353,0.477,0.383,0.383,0.722,0.397,0.348,0.348,0.807,0.717,0.546,0.129,0.282,0.474,0.657,0.559,0.359,0.14,0.546,0.407,0.144,0.61,0.104,0.509,0.4,0.691,0.662,0.4,0.149,0.114,0.383,0.113,0.567,0.527,0.397,0.594,0.708,0.588,0.397,0.363,0.753,0.315,0.464,0.363,0.703,0.363,0.397,0.305,0.45,0.402,0.523,0.865,0.724,0.786,0.313,0.837,0.598,0.81,0.596,0.81,0.837,0.844,0.751,0.8,0.857,0.844,0.902
0.074,0.074,0.071,0.071,0.218,0.291,0.375,0.313,0.315,0.494,0.313,0.357,0.302,0.218,0.357,0.313,0.302,0.218,0.562,0.302,0.071,0.501,0.071,0.287,0.302,0.375,0.287,0.313,0.316,0.494,0.316,0.501,0.995,0.284,0.329,0.284,0.33,0.329,0.995,0.33,0.632,0.284,0.218,0.252,0.284,0.33,0.698,0.218,0.189,0.218,0.43,0.632,0.303,0.996,0.179,0.996,0.994,0.253,0.253,0.253,0.546,0.179,0.994,0.179,0.303,0.546,0.284,0.059,0.284,0.746,0.746,0.746,0.584,0.298,0.246,0.682,0.34,0.285,0.365,0.34,0.678,0.298,0.264,0.62,0.054,0.264,0.365,0.667,0.666,0.265,0.298,0.262,0.682,0.629,0.672,0.264,0.202,0.672,0.672,0.678,0.76,0.465,0.284,0.76,0.76,0.517,0.743,0.246,0.246,0.254,0.327,0.657,0.987,0.694,0.616,0.246,0.896,0.433,0.98,0.657,0.76,0.98,0.876,0.975,0.699,0.222,0.648,0.929,0.222,0.458,0.967,0.388,0.966,0.202,0.772,0.245,0.852,0.23,0.813,0.245,0.259,0.82,0.494,0.539,0.259,0.5,0.259,0.245,0.495,0.508,0.557,0.522,0.526,0.482,0.534,0.516,0.111,0.649,0.194,0.812,0.237,0.558,0.511,0.593,0.515,0.15,0.231,0.436
0.54,0.54,0.65,0.65,0.048,0.468,0.443,0.667,0.466,0.579,0.667,0.387,0.845,0.048,0.387,0.667,0.845,0.048,0.839,0.845,0.525,0.448,0.525,0.866,0.845,0.443,0.866,0.667,0.631,0.579,0.631,0.448,0.628,0.594,0.385,0.594,0.54,0.385,0.628,0.54,0.877,0.594,0.571,0.869,0.594,0.54,0.757,0.571,0.51,0.571,0.397,0.884,0.594,0.575,0.654,0.575,0.573,0.64,0.64,0.64,0.428,0.654,0.573,0.654,0.594,0.428,0.59,0.572,0.59,0.75,0.75,0.75,0.678,0.144,0.828,0.91,0.647,0.377,0.599,0.647,0.971,0.144,0.096,0.931,0.563,0.096,0.599,0.899,0.967,0.413,0.144,0.863,0.9,0.947,0.516,0.096,0.075,0.516,0.516,0.91,0.53,0.804,0.294,0.53,0.53,0.485,0.898,0.662,0.662,0.394,0.678,0.349,0.558,0.167,0.911,0.267,0.651,0.845,0.598,0.349,0.906,0.6,0.567,0.666,0.982,0.656,0.456,0.501,0.656,0.166,0.709,0.824,0.743,0.686,0.488,0.313,0.51,0.399,0.645,0.313,0.268,0.552,0.837,0.45,0.268,0.512,0.268,0.313,0.845,0.633,0.546,0.572,0.385,0.438,0.371,0.849,0.662,0.569,0.492,0.564,0.478,0.369,0.382,0.341,0.361,0.765,0.751,0.481
0.058,0.058,0.056,0.056,0.666,0.424,0.06,0.265,0.412,0.209,0.265,0.051,0.288,0.666,0.051,0.265,0.288,0.666,0.488,0.288,0.04,0.228,0.04,0.304,0.288,0.06,0.304,0.265,0.291,0.209,0.291,0.228,0.198,0.281,0.024,0.281,0.376,0.024,0.198,0.376,0.465,0.281,0.295,0.127,0.281,0.376,0.448,0.295,0.54,0.295,0.362,0.525,0.021,0.216,0.498,0.216,0.225,0.353,0.353,0.353,0.257,0.498,0.225,0.498,0.021,0.257,0.294,0.566,0.294,0.396,0.396,0.396,0.566,0.477,0.15,0.302,0.02,0.687,0.024,0.02,0.444,0.477,0.153,0.389,0.559,0.153,0.024,0.311,0.509,0.803,0.477,0.188,0.294,0.373,0.366,0.153,0.181,0.366,0.366,0.308,0.363,0.178,0.714,0.363,0.363,0.654,0.36,0.13,0.13,0.123,0.122,0.228,0.023,0.229,0.459,0.86,0.945,0.176,0.035,0.228,0.337,0.038,0.836,0.051,0.53,0.161,0.707,0.25,0.161,0.249,0.057,0.113,0.062,0.146,0.732,0.113,0.409,0.157,0.317,0.113,0.125,0.862,0.304,0.407,0.125,0.915,0.125,0.113,0.299,0.598,0.321,0.729,0.02,0.945,0.026,0.265,0.274,0.658,0.078,0.317,0.089,0.026,0.021,0.033,0.024,0.131,0.133,0.195
0.8,0.8,0.956,0.956,0.655,0.472,0.912,0.86,0.49,0.833,0.86,0.727,0.99,0.655,0.727,0.86,0.99,0.655,0.633,0.99,0.92,0.625,0.92,0.994,0.99,0.912,0.994,0.86,0.856,0.833,0.856,0.625,0.772,0.798,0.865,0.798,0.072,0.865,0.772,0.072,0.671,0.798,0.034,0.546,0.798,0.072,0.484,0.034,0.763,0.034,0.418,0.692,0.129,0.56,0.013,0.56,0.561,0.002,0.002,0.002,0.687,0.013,0.561,0.013,0.129,0.687,0.814,0.733,0.814,0.012,0.012,0.012,0.24,0.822,0.625,0.76,0.065,0.62,0.118,0.065,0.925,0.822,0.142,0.912,0.724,0.142,0.118,0.843,0.962,0.685,0.822,0.637,0.833,0.849,0.023,0.142,0.766,0.023,0.023,0.884,0.02,0.098,0.593,0.02,0.02,0.435,0.83,0.24,0.24,0.353,0.576,0.955,0.701,0.832,0.908,0.642,0.51,0.06,0.772,0.955,0.791,0.773,0.463,0.682,0.944,0.453,0.49,0.677,0.453,0.984,0.631,0.119,0.62,0.836,0.311,0.044,0.932,0.635,0.386,0.044,0.076,0.472,0.543,0.239,0.076,0.38,0.076,0.044,0.435,0.321,0.434,0.319,0.37,0.369,0.559,0.577,0.848,0.325,0.821,0.344,0.771,0.338,0.499,0.661,0.677,0.957,0.983,0.58
0.039,0.039,0.043,0.043,0.549,0.799,0.054,0.027,0.811,0.036,0.027,0.054,0.038,0.549,0.054,0.027,0.038,0.549,0.041,0.038,0.056,0.029,0.056,0.039,0.038,0.054,0.039,0.027,0.026,0.036,0.026,0.029,0.025,0.036,0.052,0.036,0.085,0.052,0.025,0.085,0.054,0.036,0.094,0.201,0.036,0.085,0.031,0.094,0.463,0.094,0.898,0.097,0.19,0.026,0.166,0.026,0.026,0.217,0.217,0.217,0.027,0.166,0.026,0.166,0.19,0.027,0.049,0.715,0.049,0.049,0.049,0.049,0.153,0.517,0.299,0.046,0.245,0.667,0.22,0.245,0.059,0.517,0.184,0.078,0.705,0.184,0.22,0.054,0.064,0.806,0.517,0.277,0.05,0.076,0.064,0.184,0.136,0.064,0.064,0.055,0.062,0.307,0.669,0.062,0.062,0.746,0.089,0.217,0.217,0.213,0.193,0.346,0.025,0.402,0.151,0.757,0.062,0.402,0.026,0.346,0.089,0.03,0.064,0.031,0.164,0.127,0.787,0.574,0.127,0.407,0.044,0.221,0.044,0.234,0.035,0.343,0.572,0.133,0.592,0.343,0.256,0.046,0.53,0.362,0.256,0.041,0.256,0.343,0.529,0.355,0.421,0.421,0.402,0.032,0.422,0.632,0.546,0.323,0.528,0.357,0.529,0.423,0.386,0.402,0.399,0.696,0.735,0.785
0.726,0.726,0.703,0.703,0.813,0.103,0.787,0.801,0.104,0.99,0.801,0.829,0.774,0.813,0.829,0.801,0.774,0.813,0.833,0.774,0.837,0.994,0.837,0.706,0.774,0.787,0.706,0.801,0.729,0.99,0.729,0.994,0.978,0.78,0.835,0.78,0.838,0.835,0.978,0.838,0.354,0.78,0.786,0.111,0.78,0.838,0.825,0.786,0.248,0.786,0.099,0.341,0.948,0.974,0.819,0.974,0.977,0.808,0.808,0.808,0.987,0.819,0.977,0.819,0.948,0.987,0.723,0.436,0.723,0.686,0.686,0.686,0.233,0.84,0.081,0.378,0.819,0.723,0.863,0.819,0.26,0.84,0.837,0.397,0.443,0.837,0.863,0.355,0.251,0.59,0.84,0.085,0.354,0.391,0.703,0.837,0.894,0.703,0.703,0.321,0.704,0.648,0.594,0.704,0.704,0.562,0.371,0.023,0.023,0.063,0.067,0.047,0.1,0.194,0.409,0.448,0.55,0.621,0.107,0.047,0.325,0.1,0.513,0.138,0.215,0.019,0.519,0.712,0.019,0.182,0.143,0.738,0.141,0.052,0.662,0.769,0.7,0.062,0.837,0.769,0.813,0.327,0.851,0.734,0.813,0.503,0.813,0.769,0.838,0.796,0.537,0.843,0.009,0.475,0.012,0.653,0.001,0.91,0.002,0.69,0.002,0.007,0.013,0.016,0.015,0.001,0.001,0.001
0.287,0.287,0.28,0.28,0.876,0.495,0.161,0.122,0.483,0.97,0.122,0.219,0.089,0.876,0.219,0.122,0.089,0.876,0.308,0.089,0.277,0.974,0.277,0.086,0.089,0.161,0.086,0.122,0.116,0.97,0.116,0.974,0.697,0.16,0.215,0.16,0.842,0.215,0.697,0.842,0.887,0.16,0.733,0.143,0.16,0.842,0.225,0.733,0.251,0.733,0.639,0.91,0.912,0.69,0.924,0.69,0.729,0.881,0.881,0.881,0.97,0.924,0.729,0.924,0.912,0.97,0.13,0.266,0.13,0.904,0.904,0.904,0.959,0.769,0.137,0.854,0.96,0.225,0.982,0.96,0.801,0.769,0.861,0.9,0.281,0.861,0.982,0.894,0.797,0.163,0.769,0.135,0.861,0.89,0.991,0.861,0.532,0.991,0.991,0.891,0.966,0.977,0.276,0.966,0.966,0.165,0.895,0.046,0.046,0.033,0.332,0.08,0.985,0.08,0.917,0.187,0.535,0.958,0.92,0.08,0.902,0.93,0.539,0.98,0.842,0.068,0.134,0.557,0.068,0.42,0.969,0.885,0.973,0.327,0.863,0.908,0.556,0.049,0.444,0.908,0.949,0.734,0.929,0.873,0.949,0.204,0.949,0.908,0.922,0.766,0.946,0.721,0.242,0.223,0.307,0.871,0.317,0.667,0.322,0.954,0.329,0.238,0.269,0.269,0.277,0.389,0.402,0.35
0.32,0.32,0.286,0.286,0.012,0.778,0.254,0.226,0.851,0.181,0.226,0.279,0.23,0.012,0.279,0.226,0.23,0.012,0.366,0.23,0.318,0.185,0.318,0.227,0.23,0.254,0.227,0.226,0.227,0.181,0.227,0.185,0.144,0.246,0.29,0.246,0.665,0.29,0.144,0.665,0.881,0.246,0.548,0.863,0.246,0.665,0.315,0.548,0.69,0.548,0.784,0.868,0.304,0.092,0.862,0.092,0.09,0.626,0.626,0.626,0.176,0.862,0.09,0.862,0.304,0.176,0.253,0.627,0.253,0.403,0.403,0.403,0.681,0.001,0.875,0.496,0.154,0.926,0.309,0.154,0.73,0.001,0.073,0.653,0.624,0.073,0.309,0.487,0.683,0.917,0.001,0.883,0.491,0.671,0.214,0.073,0.044,0.214,0.214,0.491,0.175,0.168,0.923,0.175,0.175,0.693,0.526,0.89,0.89,0.921,0.949,0.421,0.863,0.31,0.681,0.911,0.808,0.046,0.779,0.421,0.49,0.84,0.849,0.829,0.655,0.736,0.665,0.258,0.736,0.528,0.577,0.089,0.581,0.889,0.927,0.02,0.293,0.812,0.236,0.02,0.156,0.539,0.562,0.394,0.156,0.985,0.156,0.02,0.548,0.361,0.371,0.243,0.3,0.979,0.278,0.618,0.378,0.222,0.436,0.345,0.438,0.288,0.29,0.237,0.236,0.46,0.409,0.415
0.124,0.124,0.201,0.201,0.049,0.322,0.246,0.094,0.323,0.231,0.094,0.149,0.193,0.049,0.149,0.094,0.193,0.049,0.271,0.193,0.09,0.152,0.09,0.193,0.193,0.246,0.193,0.094,0.102,0.231,0.102,0.152,0.287,0.123,0.151,0.123,0.272,0.151,0.287,0.272,0.823,0.123,0.317,0.489,0.123,0.272,0.517,0.317,0.83,0.317,0.335,0.714,0.151,0.198,0.272,0.198,0.198,0.374,0.374,0.374,0.149,0.272,0.198,0.272,0.151,0.149,0.099,0.892,0.099,0.148,0.148,0.148,0.702,0.064,0.631,0.514,0.152,0.717,0.173,0.152,0.671,0.064,0.14,0.613,0.901,0.14,0.173,0.526,0.691,0.457,0.064,0.555,0.478,0.602,0.355,0.14,0.467,0.355,0.355,0.495,0.362,0.35,0.776,0.362,0.362,0.749,0.576,0.492,0.492,0.505,0.078,0.529,0.416,0.539,0.545,0.285,0.525,0.321,0.381,0.529,0.499,0.382,0.409,0.252,0.767,0.44,0.398,0.539,0.44,0.114,0.296,0.21,0.289,0.076,0.824,0.091,0.603,0.459,0.5,0.091,0.112,0.69,0.142,0.319,0.112,0.256,0.112,0.091,0.143,0.184,0.353,0.147,0.873,0.291,0.736,0.132,0.841,0.156,0.966,0.303,0.968,0.898,0.805,0.735,0.831,0.946,0.953,0.966
0.509,0.509,0.479,0.479,0.73,0.105,0.34,0.307,0.114,0.225,0.307,0.376,0.282,0.73,0.376,0.307,0.282,0.73,0.422,0.282,0.621,0.235,0.621,0.281,0.282,0.34,0.281,0.307,0.298,0.225,0.298,0.235,0.146,0.377,0.429,0.377,0.523,0.429,0.146,0.523,0.083,0.377,0.429,0.984,0.377,0.523,0.407,0.429,0.692,0.429,0.088,0.112,0.233,0.138,0.234,0.138,0.14,0.146,0.146,0.146,0.263,0.234,0.14,0.234,0.233,0.263,0.377,0.938,0.377,0.286,0.286,0.286,0.096,0.761,0.948,0.072,0.27,0.974,0.269,0.27,0.077,0.761,0.419,0.093,0.907,0.419,0.269,0.076,0.083,0.98,0.761,0.93,0.07,0.085,0.264,0.419,0.969,0.264,0.264,0.073,0.25,0.333,0.981,0.25,0.25,0.927,0.064,0.53,0.53,0.532,0.503,0.81,0.037,0.835,0.092,0.983,0.998,0.292,0.055,0.81,0.065,0.042,0.996,0.063,0.063,0.593,0.959,0.914,0.593,0.855,0.062,0.199,0.059,0.705,0.983,0.439,0.912,0.628,0.922,0.439,0.467,0.996,0.254,0.902,0.467,0.999,0.467,0.439,0.265,0.657,0.742,0.868,0.639,0.996,0.596,0.273,0.489,0.772,0.675,0.737,0.697,0.655,0.587,0.532,0.539,0.817,0.821,0.66
0.643,0.643,0.751,0.751,0.282,0.445,0.659,0.726,0.433,0.732,0.726,0.559,0.614,0.282,0.559,0.726,0.614,0.282,0.606,0.614,0.647,0.744,0.647,0.597,0.614,0.659,0.597,0.726,0.714,0.732,0.714,0.744,0.481,0.661,0.625,0.661,0.561,0.625,0.481,0.561,0.389,0.661,0.489,0.84,0.661,0.561,0.85,0.489,0.363,0.489,0.919,0.296,0.337,0.643,0.566,0.643,0.543,0.568,0.568,0.568,0.656,0.566,0.543,0.566,0.337,0.656,0.658,0.646,0.658,0.958,0.958,0.958,0.587,0.456,0.572,0.835,0.565,0.757,0.735,0.565,0.636,0.456,0.474,0.551,0.672,0.474,0.735,0.841,0.646,0.844,0.456,0.849,0.85,0.559,0.988,0.474,0.572,0.988,0.988,0.841,0.98,0.831,0.741,0.98,0.98,0.221,0.803,0.903,0.903,0.983,0.968,0.283,0.425,0.558,0.614,0.674,0.804,0.786,0.336,0.283,0.816,0.357,0.767,0.424,0.637,0.861,0.163,0.73,0.861,0.581,0.456,0.511,0.44,0.973,0.505,0.58,0.781,0.925,0.822,0.58,0.729,0.741,0.202,0.892,0.729,0.875,0.729,0.58,0.183,0.709,0.785,0.623,0.884,0.869,0.747,0.194,0.193,0.53,0.145,0.811,0.136,0.877,0.699,0.772,0.832,0.079,0.082,0.155
0.487,0.487,0.462,0.462,0.668,0.572,0.833,0.749,0.562,0.569,0.749,0.875,0.579,0.668,0.875,0.749,0.579,0.668,0.778,0.579,0.432,0.622,0.432,0.603,0.579,0.833,0.603,0.749,0.692,0.569,0.692,0.622,0.414,0.738,0.891,0.738,0.249,0.891,0.414,0.249,0.56,0.738,0.261,0.054,0.738,0.249,0.528,0.261,0.143,0.261,0.71,0.599,0.864,0.505,0.659,0.505,0.508,0.565,0.565,0.565,0.589,0.659,0.508,0.659,0.864,0.589,0.688,0.139,0.688,0.894,0.894,0.894,0.268,0.641,0.057,0.489,0.556,0.145,0.572,0.556,0.446,0.641,0.685,0.398,0.129,0.685,0.572,0.407,0.446,0.172,0.641,0.057,0.507,0.429,0.724,0.685,0.993,0.724,0.724,0.447,0.671,0.853,0.148,0.671,0.671,0.194,0.386,0.39,0.39,0.351,0.357,0.798,0.551,0.643,0.326,0.178,0.351,0.829,0.554,0.798,0.429,0.516,0.353,0.53,0.335,0.537,0.213,0.993,0.537,0.66,0.477,0.7,0.462,0.461,0.284,0.758,0.992,0.457,0.96,0.758,0.77,0.312,0.134,0.962,0.77,0.294,0.77,0.758,0.135,0.936,0.997,0.916,0.989,0.233,0.993,0.129,0.777,0.961,0.802,0.997,0.811,0.992,0.996,0.985,0.998,0.841,0.796,0.939
0.975,0.975,0.955,0.955,0.991,0.157,0.814,0.746,0.152,0.837,0.746,0.844,0.73,0.991,0.844,0.746,0.73,0.991,0.081,0.73,0.891,0.819,0.891,0.664,0.73,0.814,0.664,0.746,0.777,0.837,0.777,0.819,0.416,0.728,0.887,0.728,0.955,0.887,0.416,0.955,0.385,0.728,0.918,0.906,0.728,0.955,0.123,0.918,0.391,0.918,0.203,0.342,0.955,0.384,0.959,0.384,0.397,0.94,0.94,0.94,0.882,0.959,0.397,0.959,0.955,0.882,0.792,0.482,0.792,0.951,0.951,0.951,0.303,0.952,0.914,0.355,0.94,0.493,0.923,0.94,0.553,0.952,0.985,0.501,0.346,0.985,0.923,0.378,0.571,0.466,0.952,0.936,0.342,0.484,0.876,0.985,0.468,0.876,0.876,0.351,0.858,0.941,0.341,0.858,0.858,0.444,0.353,0.384,0.384,0.337,0.845,0.441,0.721,0.446,0.493,0.327,0.228,0.946,0.671,0.441,0.338,0.684,0.248,0.767,0.528,0.345,0.346,0.898,0.345,0.529,0.728,0.993,0.722,0.853,0.609,0.979,0.878,0.308,0.749,0.979,0.982,0.248,0.726,0.528,0.982,0.462,0.982,0.979,0.723,0.619,0.628,0.686,0.882,0.548,0.978,0.851,0.906,0.709,0.948,0.774,0.958,0.943,0.981,0.974,0.976,0.851,0.822,0.719
0.926,0.926,0.901,0.901,0.764,0.904,0.87,0.938,0.895,0.944,0.938,0.929,0.907,0.764,0.929,0.938,0.907,0.764,0.087,0.907,0.943,0.944,0.943,0.892,0.907,0.87,0.892,0.938,0.918,0.944,0.918,0.944,0.727,0.907,0.916,0.907,0.764,0.916,0.727,0.764,0.152,0.907,0.824,0.671,0.907,0.764,0.175,0.824,0.479,0.824,0.448,0.156,0.928,0.758,0.634,0.758,0.763,0.756,0.756,0.756,0.923,0.634,0.763,0.634,0.928,0.923,0.907,0.503,0.907,0.903,0.903,0.903,0.087,0.757,0.655,0.261,0.928,0.785,0.92,0.928,0.378,0.757,0.916,0.305,0.583,0.916,0.92,0.262,0.379,0.871,0.757,0.646,0.266,0.309,0.662,0.916,0.323,0.662,0.662,0.265,0.58,0.861,0.813,0.58,0.58,0.524,0.246,0.549,0.549,0.709,0.752,0.389,0.183,0.387,0.289,0.922,0.003,0.887,0.185,0.389,0.256,0.186,0.003,0.2,0.35,0.366,0.45,0.354,0.366,0.907,0.2,0.823,0.2,0.634,0.075,0.809,0.246,0.513,0.397,0.809,0.785,0.017,0.558,0.604,0.785,0.044,0.785,0.809,0.552,0.661,0.326,0.705,0.564,0.04,0.385,0.545,0.826,0.567,0.819,0.366,0.822,0.54,0.409,0.357,0.374,0.192,0.213,0.212
0.838,0.838,0.798,0.798,0.597,0.914,0.838,0.756,0.929,0.735,0.756,0.762,0.862,0.597,0.762,0.756,0.862,0.597,0.817,0.862,0.839,0.589,0.839,0.871,0.862,0.838,0.871,0.756,0.739,0.735,0.739,0.589,0.874,0.822,0.862,0.822,0.974,0.862,0.874,0.974,0.355,0.822,0.913,0.207,0.822,0.974,0.62,0.913,0.138,0.913,0.552,0.418,0.638,0.679,0.956,0.679,0.669,0.908,0.908,0.908,0.574,0.956,0.669,0.956,0.638,0.574,0.782,0.174,0.782,0.346,0.346,0.346,0.53,0.902,0.399,0.717,0.409,0.494,0.394,0.409,0.894,0.902,0.687,0.846,0.156,0.687,0.394,0.682,0.884,0.616,0.902,0.25,0.716,0.866,0.254,0.687,0.778,0.254,0.254,0.695,0.242,0.67,0.422,0.242,0.242,0.414,0.718,0.957,0.957,0.962,0.976,0.89,0.351,0.891,0.839,0.602,0.737,0.579,0.281,0.89,0.761,0.253,0.787,0.392,0.867,0.997,0.368,0.197,0.997,0.952,0.316,0.793,0.286,0.998,0.538,0.5,0.133,0.997,0.184,0.5,0.501,0.624,0.701,0.173,0.501,0.783,0.501,0.5,0.698,0.276,0.195,0.258,0.311,0.655,0.351,0.687,0.607,0.294,0.712,0.195,0.734,0.38,0.293,0.286,0.259,0.058,0.072,0.2
0.548,0.548,0.486,0.486,0.556,0.204,0.513,0.335,0.208,0.321,0.335,0.556,0.35,0.556,0.556,0.335,0.35,0.556,0.551,0.35,0.473,0.283,0.473,0.345,0.35,0.513,0.345,0.335,0.341,0.321,0.341,0.283,0.569,0.394,0.431,0.394,0.17,0.431,0.569,0.17,0.434,0.394,0.132,0.214,0.394,0.17,0.398,0.132,0.123,0.132,0.227,0.52,0.701,0.817,0.488,0.817,0.796,0.422,0.422,0.422,0.303,0.488,0.796,0.488,0.701,0.303,0.375,0.231,0.375,0.704,0.704,0.704,0.301,0.616,0.325,0.399,0.673,0.617,0.755,0.673,0.197,0.616,0.645,0.519,0.22,0.645,0.755,0.384,0.214,0.722,0.616,0.282,0.396,0.531,0.622,0.645,0.992,0.622,0.622,0.379,0.609,0.819,0.597,0.609,0.609,0.548,0.278,0.245,0.245,0.279,0.539,0.882,0.022,0.696,0.391,0.662,0.637,0.83,0.034,0.882,0.276,0.032,0.504,0.034,0.171,0.41,0.637,0.249,0.41,0.966,0.051,0.745,0.041,0.623,0.804,0.538,0.282,0.441,0.273,0.538,0.644,0.743,0.717,0.402,0.644,0.962,0.644,0.538,0.714,0.362,0.162,0.188,0.027,0.964,0.044,0.718,0.008,0.125,0.037,0.131,0.032,0.021,0.043,0.053,0.056,0.05,0.061,0.013
0.264,0.264,0.298,0.298,0.906,0.574,0.25,0.114,0.557,0.095,0.114,0.233,0.184,0.906,0.233,0.114,0.184,0.906,0.971,0.184,0.133,0.085,0.133,0.192,0.184,0.25,0.192,0.114,0.11,0.095,0.11,0.085,0.546,0.147,0.137,0.147,0.937,0.137,0.546,0.937,0.748,0.147,0.905,0.083,0.147,0.937,0.955,0.905,0.581,0.905,0.435,0.701,0.53,0.594,0.837,0.594,0.594,0.757,0.757,0.757,0.087,0.837,0.594,0.837,0.53,0.087,0.132,0.517,0.132,0.764,0.764,0.764,0.838,0.811,0.118,0.918,0.784,0.547,0.737,0.784,0.875,0.811,0.62,0.787,0.477,0.62,0.737,0.923,0.807,0.511,0.811,0.089,0.896,0.738,0.765,0.62,0.559,0.765,0.765,0.908,0.755,0.459,0.525,0.755,0.755,0.544,0.916,0.997,0.997,0.999,0.99,0.889,0.92,0.896,0.774,0.498,0.077,0.479,0.905,0.889,0.941,0.879,0.084,0.681,0.811,0.999,0.573,0.093,0.999,0.54,0.654,0.505,0.653,0.989,0.22,0.697,0.095,0.999,0.142,0.697,0.657,0.12,0.13,0.097,0.657,0.396,0.657,0.697,0.129,0.095,0.075,0.088,0.175,0.476,0.11,0.123,0.181,0.088,0.203,0.079,0.202,0.145,0.132,0.102,0.127,0.104,0.108,0.147
0.631,0.631,0.594,0.594,0.011,0.242,0.489,0.637,0.246,0.438,0.637,0.524,0.6,0.011,0.524,0.637,0.6,0.011,0.784,0.6,0.574,0.509,0.574,0.605,0.6,0.489,0.605,0.637,0.642,0.438,0.642,0.509,0.338,0.491,0.438,0.491,0.554,0.438,0.338,0.554,0.958,0.491,0.591,0.991,0.491,0.554,0.55,0.591,0.99,0.591,0.205,0.959,0.073,0.517,0.48,0.517,0.527,0.487,0.487,0.487,0.384,0.48,0.527,0.48,0.073,0.384,0.508,0.953,0.508,0.018,0.018,0.018,0.878,0.013,0.935,0.946,0.289,0.678,0.099,0.289,0.968,0.013,0.039,0.974,0.931,0.039,0.099,0.937,0.979,0.48,0.013,0.891,0.949,0.972,0.226,0.039,0.533,0.226,0.226,0.941,0.149,0.319,0.729,0.149,0.149,0.913,0.934,0.685,0.685,0.668,0.508,0.21,0.749,0.212,0.947,0.535,0.38,0.443,0.785,0.21,0.962,0.771,0.541,0.605,0.96,0.697,0.842,0.859,0.697,0.517,0.641,0.055,0.621,0.478,0.692,0.369,0.689,0.662,0.742,0.369,0.23,0.578,0.7,0.541,0.23,0.417,0.23,0.369,0.724,0.379,0.634,0.494,0.85,0.507,0.65,0.838,0.973,0.464,0.57,0.577,0.59,0.856,0.663,0.493,0.513,0.868,0.77,0.874
0.018,0.018,0.021,0.021,0.493,0.946,0.051,0.036,0.948,0.037,0.036,0.047,0.039,0.493,0.047,0.036,0.039,0.493,0.349,0.039,0.085,0.035,0.085,0.036,0.039,0.051,0.036,0.036,0.034,0.037,0.034,0.035,0.036,0.053,0.179,0.053,0.879,0.179,0.036,0.879,0.171,0.053,0.87,0.234,0.053,0.879,0.496,0.87,0.264,0.87,0.936,0.165,0.743,0.03,0.729,0.03,0.032,0.763,0.763,0.763,0.066,0.729,0.032,0.729,0.743,0.066,0.076,0.23,0.076,0.748,0.748,0.748,0.168,0.614,0.34,0.093,0.782,0.446,0.769,0.782,0.123,0.614,0.859,0.105,0.248,0.859,0.769,0.101,0.149,0.354,0.614,0.299,0.101,0.099,0.878,0.859,0.644,0.878,0.878,0.103,0.944,0.613,0.65,0.944,0.944,0.368,0.121,0.336,0.336,0.361,0.393,0.462,0.759,0.51,0.178,0.663,0.87,0.631,0.757,0.462,0.123,0.759,0.678,0.59,0.161,0.295,0.532,0.555,0.295,0.235,0.648,0.703,0.643,0.348,0.915,0.871,0.549,0.315,0.546,0.871,0.88,0.804,0.45,0.842,0.88,0.454,0.88,0.871,0.473,0.982,0.89,0.967,0.65,0.785,0.825,0.485,0.473,0.952,0.656,0.915,0.726,0.653,0.825,0.834,0.851,0.887,0.823,0.759
0.395,0.395,0.496,0.496,0.548,0.194,0.418,0.529,0.199,0.453,0.529,0.403,0.531,0.548,0.403,0.529,0.531,0.548,0.108,0.531,0.481,0.437,0.481,0.568,0.531,0.418,0.568,0.529,0.52,0.453,0.52,0.437,0.224,0.386,0.374,0.386,0.083,0.374,0.224,0.083,0.384,0.386,0.039,0.473,0.386,0.083,0.08,0.039,0.346,0.039,0.188,0.356,0.009,0.21,0.251,0.21,0.211,0.157,0.157,0.157,0.356,0.251,0.211,0.251,0.009,0.356,0.439,0.634,0.439,0.001,0.001,0.001,0.499,0.31,0.298,0.747,0.001,0.858,0.001,0.001,0.93,0.31,0.024,0.74,0.735,0.024,0.001,0.696,0.939,0.819,0.31,0.471,0.697,0.817,0.005,0.024,0.098,0.005,0.005,0.697,0.005,0.009,0.708,0.005,0.005,0.902,0.827,0.485,0.485,0.529,0.421,0.85,0.464,0.857,0.903,0.735,0.439,0.009,0.496,0.85,0.789,0.496,0.36,0.56,0.963,0.547,0.918,0.306,0.547,0.527,0.624,0.012,0.617,0.464,0.51,0.024,0.3,0.586,0.352,0.024,0.031,0.464,0.857,0.143,0.031,0.262,0.031,0.024,0.869,0.119,0.187,0.126,0.338,0.281,0.295,0.931,0.386,0.124,0.512,0.179,0.496,0.296,0.336,0.284,0.328,0.417,0.412,0.388
0.101,0.101,0.096,0.096,0.405,0.307,0.104,0.772,0.402,0.704,0.772,0.097,0.856,0.405,0.097,0.772,0.856,0.405,0.647,0.856,0.075,0.654,0.075,0.859,0.856,0.104,0.859,0.772,0.796,0.704,0.796,0.654,0.436,0.817,0.122,0.817,0.52,0.122,0.436,0.52,0.213,0.817,0.538,0.783,0.817,0.52,0.512,0.538,0.511,0.538,0.616,0.166,0.085,0.362,0.419,0.362,0.346,0.433,0.433,0.433,0.79,0.419,0.346,0.419,0.085,0.79,0.821,0.692,0.821,0.579,0.579,0.579,0.263,0.339,0.813,0.134,0.03,0.568,0.029,0.03,0.23,0.339,0.185,0.201,0.7,0.185,0.029,0.133,0.229,0.482,0.339,0.827,0.136,0.2,0.822,0.185,0.154,0.822,0.822,0.135,0.757,0.159,0.545,0.757,0.757,0.314,0.116,0.425,0.425,0.462,0.625,0.4,0.455,0.521,0.179,0.451,0.058,0.169,0.456,0.4,0.112,0.441,0.069,0.645,0.22,0.435,0.279,0.814,0.435,0.294,0.642,0.218,0.641,0.611,0.054,0.14,0.794,0.49,0.878,0.14,0.135,0.056,0.664,0.84,0.135,0.065,0.135,0.14,0.643,0.881,0.902,0.835,0.125,0.049,0.06,0.573,0.279,0.764,0.121,0.829,0.138,0.099,0.048,0.069,0.066,0.403,0.418,0.136
0.448,0.448,0.438,0.438,0.732,0.012,0.373,0.296,0.012,0.261,0.296,0.363,0.31,0.732,0.363,0.296,0.31,0.732,0.29,0.31,0.532,0.242,0.532,0.318,0.31,0.373,0.318,0.296,0.296,0.261,0.296,0.242,0.323,0.342,0.468,0.342,0.542,0.468,0.323,0.542,0.014,0.342,0.36,0.567,0.342,0.542,0.245,0.36,0.613,0.36,0.007,0.012,0.451,0.285,0.333,0.285,0.283,0.182,0.182,0.182,0.276,0.333,0.283,0.333,0.451,0.276,0.339,0.679,0.339,0.111,0.111,0.111,0.012,0.464,0.676,0.082,0.162,0.614,0.146,0.162,0.036,0.464,0.43,0.032,0.662,0.43,0.146,0.059,0.038,0.443,0.464,0.662,0.081,0.046,0.101,0.43,0.184,0.101,0.101,0.064,0.097,0.423,0.682,0.097,0.097,0.591,0.055,0.28,0.28,0.287,0.564,0.8,0.272,0.739,0.024,0.512,0.478,0.435,0.273,0.8,0.052,0.278,0.464,0.187,0.028,0.557,0.695,0.181,0.557,0.716,0.191,0.46,0.194,0.654,0.58,0.332,0.127,0.606,0.218,0.332,0.232,0.509,0.515,0.102,0.232,0.721,0.232,0.332,0.508,0.093,0.085,0.084,0.386,0.912,0.327,0.517,0.535,0.085,0.438,0.085,0.453,0.376,0.325,0.306,0.288,0.536,0.554,0.59
0.087,0.087,0.101,0.101,0.718,0.655,0.037,0.022,0.712,0.163,0.022,0.06,0.022,0.718,0.06,0.022,0.022,0.718,0.288,0.022,0.064,0.211,0.064,0.013,0.022,0.037,0.013,0.022,0.023,0.163,0.023,0.211,0.124,0.014,0.025,0.014,0.215,0.025,0.124,0.215,0.727,0.014,0.121,0.961,0.014,0.215,0.306,0.121,0.961,0.121,0.548,0.479,0.458,0.149,0.157,0.149,0.152,0.055,0.055,0.055,0.221,0.157,0.152,0.157,0.458,0.221,0.008,0.975,0.008,0.481,0.481,0.481,0.703,0.549,0.892,0.602,0.127,0.997,0.139,0.127,0.421,0.549,0.433,0.629,0.982,0.433,0.139,0.499,0.465,0.979,0.549,0.905,0.577,0.643,0.168,0.433,0.427,0.168,0.168,0.494,0.181,0.296,0.998,0.181,0.181,0.984,0.636,0.139,0.139,0.3,0.152,0.368,0.456,0.241,0.731,0.987,0.976,0.25,0.507,0.368,0.611,0.512,0.948,0.285,0.581,0.152,0.958,0.377,0.152,0.06,0.322,0.446,0.307,0.156,0.962,0.079,0.421,0.344,0.807,0.079,0.151,0.978,0.842,0.409,0.151,0.973,0.151,0.079,0.85,0.531,0.266,0.456,0.524,0.982,0.316,0.887,0.493,0.382,0.434,0.232,0.413,0.524,0.321,0.32,0.35,0.764,0.772,0.704
0.132,0.132,0.118,0.118,0.893,0.507,0.074,0.067,0.502,0.042,0.067,0.117,0.061,0.893,0.117,0.067,0.061,0.893,0.246,0.061,0.356,0.043,0.356,0.062,0.061,0.074,0.062,0.067,0.067,0.042,0.067,0.043,0.168,0.058,0.108,0.058,0.752,0.108,0.168,0.752,0.695,0.058,0.75,0.076,0.058,0.752,0.254,0.75,0.271,0.75,0.779,0.583,0.941,0.199,0.965,0.199,0.205,0.96,0.96,0.96,0.036,0.965,0.205,0.965,0.941,0.036,0.052,0.212,0.052,0.906,0.906,0.906,0.299,0.332,0.067,0.209,1.0,0.238,0.991,1.0,0.387,0.332,0.88,0.326,0.247,0.88,0.991,0.213,0.394,0.178,0.332,0.083,0.216,0.286,0.999,0.88,0.403,0.999,0.999,0.216,0.965,0.996,0.297,0.965,0.965,0.609,0.235,0.317,0.317,0.28,0.399,0.273,0.223,0.244,0.379,0.231,0.443,0.999,0.188,0.273,0.216,0.159,0.37,0.316,0.41,0.201,0.452,0.87,0.201,0.086,0.223,0.967,0.192,0.335,0.512,0.991,0.789,0.184,0.898,0.991,0.974,0.564,0.594,0.612,0.974,0.537,0.974,0.991,0.595,0.742,0.837,0.808,0.962,0.573,0.946,0.587,0.896,0.846,0.801,0.791,0.782,0.959,0.96,0.923,0.93,0.766,0.784,0.714
0.784,0.784,0.792,0.792,0.64,0.386,0.486,0.379,0.394,0.736,0.379,0.552,0.376,0.64,0.552,0.379,0.376,0.64,0.011,0.376,0.811,0.766,0.811,0.355,0.376,0.486,0.355,0.379,0.393,0.736,0.393,0.766,0.362,0.378,0.658,0.378,0.287,0.658,0.362,0.287,0.725,0.378,0.605,0.152,0.378,0.287,0.033,0.605,0.385,0.605,0.357,0.789,0.775,0.394,0.582,0.394,0.413,0.679,0.679,0.679,0.75,0.582,0.413,0.582,0.775,0.75,0.39,0.463,0.39,0.842,0.842,0.842,0.388,0.276,0.178,0.705,0.67,0.366,0.672,0.67,0.675,0.276,0.825,0.797,0.415,0.825,0.672,0.702,0.6,0.32,0.276,0.199,0.756,0.762,0.744,0.825,0.018,0.744,0.744,0.759,0.734,0.867,0.352,0.734,0.734,0.349,0.624,0.243,0.243,0.238,0.312,0.064,0.37,0.068,0.682,0.29,0.785,0.84,0.427,0.064,0.658,0.446,0.79,0.357,0.601,0.125,0.366,0.536,0.125,0.03,0.48,0.723,0.48,0.112,0.539,0.777,0.511,0.13,0.728,0.777,0.794,0.65,0.639,0.496,0.794,0.482,0.794,0.777,0.616,0.386,0.555,0.331,0.45,0.526,0.441,0.643,0.369,0.349,0.18,0.362,0.173,0.457,0.446,0.475,0.453,0.118,0.129,0.185
0.188,0.188,0.21,0.21,0.451,0.551,0.273,0.205,0.59,0.166,0.205,0.263,0.186,0.451,0.263,0.205,0.186,0.451,0.659,0.186,0.1,0.198,0.1,0.166,0.186,0.273,0.166,0.205,0.184,0.166,0.184,0.198,0.515,0.158,0.264,0.158,0.003,0.264,0.515,0.003,0.534,0.158,0.123,0.944,0.158,0.003,0.818,0.123,0.972,0.123,0.508,0.554,0.236,0.76,0.004,0.76,0.775,0.22,0.22,0.22,0.21,0.004,0.775,0.004,0.236,0.21,0.162,0.914,0.162,0.35,0.35,0.35,0.757,0.172,0.957,0.758,0.438,0.966,0.341,0.438,0.567,0.172,0.251,0.531,0.917,0.251,0.341,0.706,0.605,0.981,0.172,0.96,0.801,0.495,0.24,0.251,0.134,0.24,0.24,0.733,0.186,0.45,0.964,0.186,0.186,0.957,0.756,0.465,0.465,0.47,0.098,0.482,0.321,0.526,0.571,0.991,0.994,0.477,0.303,0.482,0.826,0.295,0.992,0.542,0.523,0.155,0.985,0.012,0.155,0.273,0.362,0.447,0.363,0.093,0.953,0.356,0.011,0.146,0.031,0.356,0.236,0.941,0.255,0.008,0.236,0.972,0.236,0.356,0.248,0.013,0.007,0.009,0.045,0.98,0.054,0.278,0.087,0.009,0.171,0.007,0.193,0.05,0.062,0.047,0.053,0.202,0.197,0.128
0.062,0.062,0.061,0.061,0.359,0.813,0.073,0.392,0.829,0.386,0.392,0.068,0.629,0.359,0.068,0.392,0.629,0.359,0.948,0.629,0.087,0.31,0.087,0.581,0.629,0.073,0.581,0.392,0.368,0.386,0.368,0.31,0.452,0.549,0.077,0.549,0.47,0.077,0.452,0.47,0.362,0.549,0.39,0.766,0.549,0.47,0.877,0.39,0.489,0.39,0.574,0.37,0.461,0.534,0.2,0.534,0.587,0.154,0.154,0.154,0.313,0.2,0.587,0.2,0.461,0.313,0.529,0.321,0.529,0.85,0.85,0.85,0.489,0.424,0.668,0.452,0.468,0.841,0.49,0.468,0.61,0.424,0.213,0.492,0.277,0.213,0.49,0.478,0.598,0.783,0.424,0.638,0.439,0.508,0.828,0.213,0.824,0.828,0.828,0.47,0.887,0.519,0.782,0.887,0.887,0.952,0.423,0.473,0.473,0.562,0.023,0.838,0.009,0.775,0.45,0.772,0.947,0.483,0.013,0.838,0.419,0.013,0.963,0.008,0.589,0.681,0.937,0.281,0.681,0.066,0.015,0.589,0.014,0.065,0.891,0.117,0.261,0.602,0.347,0.117,0.149,0.969,0.538,0.778,0.149,0.614,0.149,0.117,0.526,0.651,0.542,0.447,0.115,0.734,0.059,0.48,0.302,0.471,0.063,0.433,0.048,0.111,0.053,0.055,0.055,0.107,0.078,0.353
0.516,0.516,0.477,0.477,0.663,0.752,0.374,0.364,0.711,0.852,0.364,0.399,0.352,0.663,0.399,0.364,0.352,0.663,0.391,0.352,0.427,0.827,0.427,0.352,0.352,0.374,0.352,0.364,0.387,0.852,0.387,0.827,0.694,0.382,0.351,0.382,0.816,0.351,0.694,0.816,0.142,0.382,0.844,0.926,0.382,0.816,0.419,0.844,0.985,0.844,0.608,0.145,0.687,0.549,0.638,0.549,0.548,0.686,0.686,0.686,0.817,0.638,0.548,0.638,0.687,0.817,0.347,0.834,0.347,0.386,0.386,0.386,0.17,0.898,0.381,0.089,0.444,0.739,0.406,0.444,0.096,0.898,0.771,0.095,0.853,0.771,0.406,0.094,0.117,0.565,0.898,0.501,0.084,0.077,0.419,0.771,0.388,0.419,0.419,0.095,0.396,0.54,0.859,0.396,0.396,0.98,0.079,0.071,0.071,0.067,0.086,0.174,0.4,0.188,0.069,0.497,0.664,0.557,0.397,0.174,0.074,0.401,0.556,0.284,0.056,0.077,0.699,0.549,0.077,0.189,0.313,0.698,0.298,0.071,0.624,0.679,0.753,0.073,0.358,0.679,0.706,0.633,0.667,0.477,0.706,0.588,0.706,0.679,0.67,0.293,0.391,0.516,0.454,0.58,0.347,0.675,0.621,0.41,0.426,0.374,0.42,0.496,0.328,0.355,0.366,0.704,0.698,0.746
0.873,0.873,0.837,0.837,0.66,0.415,0.625,0.421,0.447,0.445,0.421,0.629,0.413,0.66,0.629,0.421,0.413,0.66,0.202,0.413,0.831,0.469,0.831,0.432,0.413,0.625,0.432,0.421,0.422,0.445,0.422,0.469,0.759,0.561,0.655,0.561,0.431,0.655,0.759,0.431,0.033,0.561,0.735,0.046,0.561,0.431,0.302,0.735,0.097,0.735,0.367,0.033,0.762,0.685,0.747,0.685,0.713,0.797,0.797,0.797,0.447,0.747,0.713,0.747,0.762,0.447,0.556,0.056,0.556,0.994,0.994,0.994,0.034,0.287,0.056,0.025,0.73,0.133,0.712,0.73,0.034,0.287,0.862,0.03,0.065,0.862,0.712,0.026,0.033,0.124,0.287,0.049,0.02,0.031,0.829,0.862,0.195,0.829,0.829,0.023,0.768,0.802,0.166,0.768,0.768,0.186,0.012,0.284,0.284,0.25,0.525,0.267,0.822,0.258,0.03,0.159,0.008,0.856,0.877,0.267,0.011,0.867,0.011,0.588,0.016,0.212,0.227,0.894,0.212,0.785,0.66,0.866,0.681,0.448,0.021,0.877,0.854,0.2,0.927,0.877,0.853,0.011,0.477,0.556,0.853,0.007,0.853,0.877,0.484,0.784,0.726,0.811,0.915,0.009,0.795,0.439,0.844,0.797,0.747,0.749,0.749,0.83,0.891,0.765,0.879,0.698,0.703,0.89
0.752,0.752,0.821,0.821,0.114,0.032,0.704,0.775,0.024,0.892,0.775,0.718,0.672,0.114,0.718,0.775,0.672,0.114,0.771,0.672,0.726,0.847,0.726,0.687,0.672,0.704,0.687,0.775,0.737,0.892,0.737,0.847,0.686,0.631,0.717,0.631,0.429,0.717,0.686,0.429,0.243,0.631,0.712,0.904,0.631,0.429,0.946,0.712,0.617,0.712,0.043,0.261,0.191,0.714,0.541,0.714,0.704,0.76,0.76,0.76,0.892,0.541,0.704,0.541,0.191,0.892,0.596,0.684,0.596,0.588,0.588,0.588,0.232,0.317,0.883,0.099,0.22,0.731,0.201,0.22,0.164,0.317,0.361,0.15,0.576,0.361,0.201,0.105,0.165,0.691,0.317,0.879,0.096,0.152,0.809,0.361,0.595,0.809,0.809,0.104,0.754,0.632,0.657,0.754,0.754,0.428,0.083,0.552,0.552,0.758,0.691,0.728,0.536,0.78,0.108,0.564,0.707,0.551,0.517,0.728,0.083,0.507,0.737,0.702,0.153,0.512,0.305,0.176,0.512,0.525,0.684,0.182,0.627,0.597,0.449,0.298,0.131,0.674,0.213,0.298,0.361,0.554,0.904,0.595,0.361,0.743,0.361,0.298,0.909,0.308,0.347,0.304,0.28,0.716,0.306,0.881,0.527,0.255,0.318,0.644,0.325,0.268,0.267,0.24,0.238,0.564,0.505,0.634
0.306,0.306,0.261,0.261,0.617,0.576,0.983,0.987,0.605,0.997,0.987,0.975,0.959,0.617,0.975,0.987,0.959,0.617,0.568,0.959,0.604,0.998,0.604,0.975,0.959,0.983,0.975,0.987,0.963,0.997,0.963,0.998,0.989,0.993,0.981,0.993,0.766,0.981,0.989,0.766,0.767,0.993,0.839,0.796,0.993,0.766,0.707,0.839,0.726,0.839,0.635,0.785,0.693,0.984,0.44,0.984,0.987,0.592,0.592,0.592,1.0,0.44,0.987,0.44,0.693,1.0,0.99,0.803,0.99,0.952,0.952,0.952,0.792,0.51,0.856,0.953,0.594,0.707,0.575,0.594,0.836,0.51,0.81,0.631,0.785,0.81,0.575,0.954,0.827,0.791,0.51,0.836,0.953,0.616,0.596,0.81,0.182,0.596,0.596,0.955,0.564,0.78,0.673,0.564,0.564,0.557,0.956,0.428,0.428,0.45,0.591,0.386,0.97,0.336,0.643,0.785,0.868,0.803,0.959,0.386,0.958,0.957,0.874,0.932,0.704,0.378,0.492,0.476,0.378,0.117,0.904,0.848,0.913,0.263,0.89,0.703,0.373,0.407,0.226,0.703,0.656,0.84,0.469,0.225,0.656,0.782,0.656,0.703,0.445,0.475,0.626,0.492,0.429,0.95,0.689,0.409,0.078,0.562,0.159,0.662,0.164,0.507,0.782,0.644,0.692,0.233,0.168,0.316
0.167,0.167,0.246,0.246,0.424,0.992,0.464,0.403,0.994,0.324,0.403,0.488,0.419,0.424,0.488,0.403,0.419,0.424,0.384,0.419,0.265,0.36,0.265,0.362,0.419,0.464,0.362,0.403,0.371,0.324,0.371,0.36,0.314,0.486,0.467,0.486,0.079,0.467,0.314,0.079,0.369,0.486,0.096,0.031,0.486,0.079,0.468,0.096,0.005,0.096,0.925,0.36,0.003,0.329,0.086,0.329,0.314,0.063,0.063,0.063,0.351,0.086,0.314,0.086,0.003,0.351,0.528,0.004,0.528,0.092,0.092,0.092,0.382,0.596,0.009,0.348,0.113,0.002,0.157,0.113,0.423,0.596,0.011,0.356,0.005,0.011,0.157,0.282,0.424,0.002,0.596,0.01,0.343,0.409,0.295,0.011,0.837,0.295,0.295,0.305,0.387,0.491,0.002,0.387,0.387,0.001,0.242,0.434,0.434,0.27,0.175,0.702,0.819,0.813,0.363,0.002,0.027,0.411,0.864,0.702,0.26,0.848,0.03,0.513,0.394,0.615,0.001,0.378,0.615,0.617,0.586,0.071,0.532,0.345,0.002,0.273,0.36,0.384,0.424,0.273,0.356,0.012,0.96,0.463,0.356,0.018,0.356,0.273,0.95,0.222,0.456,0.174,0.439,0.015,0.443,0.967,0.563,0.181,0.576,0.505,0.574,0.501,0.418,0.41,0.394,0.579,0.584,0.667
0.587,0.587,0.495,0.495,0.285,0.825,0.438,0.35,0.815,0.33,0.35,0.447,0.326,0.285,0.447,0.35,0.326,0.285,0.358,0.326,0.488,0.306,0.488,0.364,0.326,0.438,0.364,0.35,0.381,0.33,0.381,0.306,0.278,0.327,0.413,0.327,0.105,0.413,0.278,0.105,0.649,0.327,0.164,0.574,0.327,0.105,0.322,0.164,0.759,0.164,0.759,0.634,0.521,0.233,0.225,0.233,0.234,0.347,0.347,0.347,0.347,0.225,0.234,0.225,0.521,0.347,0.396,0.72,0.396,0.166,0.166,0.166,0.458,0.758,0.562,0.234,0.189,0.733,0.16,0.189,0.313,0.758,0.579,0.251,0.69,0.579,0.16,0.236,0.3,0.741,0.758,0.647,0.203,0.263,0.114,0.579,0.278,0.114,0.114,0.212,0.118,0.352,0.676,0.118,0.118,0.642,0.276,0.62,0.62,0.483,0.655,0.552,0.371,0.745,0.243,0.731,0.786,0.361,0.373,0.552,0.265,0.397,0.778,0.31,0.358,0.665,0.724,0.106,0.665,0.367,0.353,0.491,0.36,0.328,0.708,0.532,0.097,0.541,0.106,0.532,0.491,0.924,0.141,0.26,0.491,0.925,0.491,0.532,0.142,0.142,0.177,0.152,0.199,0.955,0.223,0.131,0.745,0.17,0.738,0.206,0.758,0.2,0.232,0.205,0.204,0.494,0.485,0.357
0.043,0.043,0.039,0.039,0.745,0.116,0.027,0.006,0.118,0.014,0.006,0.017,0.014,0.745,0.017,0.006,0.014,0.745,0.424,0.014,0.07,0.01,0.07,0.015,0.014,0.027,0.015,0.006,0.006,0.014,0.006,0.01,0.043,0.028,0.07,0.028,0.493,0.07,0.043,0.493,0.215,0.028,0.516,0.212,0.028,0.493,0.519,0.516,0.19,0.516,0.232,0.093,0.919,0.042,0.795,0.042,0.044,0.773,0.773,0.773,0.041,0.795,0.044,0.795,0.919,0.041,0.032,0.075,0.032,0.792,0.792,0.792,0.155,0.809,0.205,0.079,0.811,0.151,0.736,0.811,0.14,0.809,0.923,0.115,0.061,0.923,0.736,0.083,0.176,0.141,0.809,0.191,0.087,0.111,0.525,0.923,0.518,0.525,0.525,0.091,0.552,0.583,0.13,0.552,0.552,0.35,0.107,0.346,0.346,0.421,0.649,0.567,0.687,0.546,0.168,0.111,0.405,0.598,0.698,0.567,0.111,0.707,0.371,0.778,0.191,0.341,0.313,0.945,0.341,0.725,0.783,0.962,0.774,0.715,0.44,0.861,0.939,0.43,0.857,0.861,0.83,0.328,0.861,0.675,0.83,0.254,0.83,0.861,0.856,0.843,0.923,0.859,0.737,0.172,0.757,0.874,0.89,0.844,0.748,0.936,0.826,0.622,0.812,0.692,0.753,0.966,0.979,0.88
0.588,0.588,0.853,0.853,0.016,0.679,0.608,0.346,0.689,0.462,0.346,0.41,0.496,0.016,0.41,0.346,0.496,0.016,0.406,0.496,0.676,0.35,0.676,0.408,0.496,0.608,0.408,0.346,0.322,0.462,0.322,0.35,0.346,0.459,0.5,0.459,0.673,0.5,0.346,0.673,0.558,0.459,0.631,0.861,0.459,0.673,0.495,0.631,0.086,0.631,0.717,0.5,0.397,0.298,0.642,0.298,0.287,0.611,0.611,0.611,0.316,0.642,0.287,0.642,0.397,0.316,0.417,0.132,0.417,0.49,0.49,0.49,0.747,0.031,0.915,0.567,0.536,0.293,0.587,0.536,0.351,0.031,0.511,0.671,0.125,0.511,0.587,0.536,0.318,0.304,0.031,0.953,0.574,0.694,0.52,0.511,0.111,0.52,0.52,0.543,0.567,0.756,0.282,0.567,0.567,0.188,0.454,0.702,0.702,0.67,0.753,0.27,0.358,0.203,0.62,0.256,0.487,0.728,0.338,0.27,0.456,0.331,0.522,0.455,0.306,0.716,0.242,0.08,0.716,0.281,0.39,0.477,0.441,0.685,0.312,0.798,0.084,0.669,0.057,0.798,0.782,0.392,0.815,0.765,0.782,0.298,0.782,0.798,0.813,0.72,0.825,0.737,0.121,0.388,0.165,0.76,0.122,0.74,0.245,0.852,0.25,0.134,0.179,0.137,0.164,0.324,0.333,0.205
0.696,0.696,0.775,0.775,0.899,0.056,0.565,0.458,0.058,0.796,0.458,0.531,0.47,0.899,0.531,0.458,0.47,0.899,0.053,0.47,0.845,0.747,0.845,0.524,0.47,0.565,0.524,0.458,0.438,0.796,0.438,0.747,0.611,0.402,0.517,0.402,0.519,0.517,0.611,0.519,0.523,0.402,0.629,0.038,0.402,0.519,0.068,0.629,0.269,0.629,0.077,0.498,0.937,0.573,0.549,0.573,0.6,0.744,0.744,0.744,0.676,0.549,0.6,0.549,0.937,0.676,0.385,0.237,0.385,0.796,0.796,0.796,0.195,0.719,0.037,0.364,0.762,0.443,0.64,0.762,0.503,0.719,0.941,0.454,0.237,0.941,0.64,0.344,0.556,0.398,0.719,0.04,0.35,0.408,0.89,0.941,0.037,0.89,0.89,0.329,0.834,0.696,0.429,0.834,0.834,0.525,0.303,0.403,0.403,0.492,0.112,0.29,0.882,0.298,0.362,0.307,0.048,0.787,0.721,0.29,0.3,0.699,0.048,0.839,0.488,0.16,0.466,0.28,0.16,0.061,0.862,0.939,0.883,0.102,0.115,0.815,0.268,0.216,0.436,0.815,0.704,0.091,0.523,0.754,0.704,0.071,0.704,0.815,0.497,0.694,0.533,0.667,0.536,0.055,0.384,0.571,0.702,0.707,0.765,0.59,0.765,0.464,0.415,0.449,0.451,0.735,0.843,0.75
0.581,0.581,0.564,0.564,0.081,0.513,0.411,0.366,0.435,0.332,0.366,0.441,0.337,0.081,0.441,0.366,0.337,0.081,0.2,0.337,0.834,0.375,0.834,0.378,0.337,0.411,0.378,0.366,0.419,0.332,0.419,0.375,0.316,0.553,0.766,0.553,0.082,0.766,0.316,0.082,0.586,0.553,0.074,0.969,0.553,0.082,0.17,0.074,0.993,0.074,0.359,0.661,0.56,0.291,0.074,0.291,0.282,0.06,0.06,0.06,0.501,0.074,0.282,0.074,0.56,0.501,0.633,0.988,0.633,0.454,0.454,0.454,0.887,0.019,0.968,0.647,0.725,0.88,0.709,0.725,0.622,0.019,0.173,0.785,0.985,0.173,0.709,0.665,0.764,0.889,0.019,0.966,0.584,0.74,0.5,0.173,0.207,0.5,0.5,0.66,0.502,0.005,0.893,0.502,0.502,0.975,0.797,0.421,0.421,0.419,0.765,0.75,0.398,0.723,0.848,0.9,0.056,0.006,0.382,0.75,0.77,0.378,0.051,0.428,0.738,0.404,0.955,0.421,0.404,0.684,0.55,0.056,0.488,0.822,0.503,0.058,0.649,0.426,0.512,0.058,0.04,0.18,0.539,0.377,0.04,0.167,0.04,0.058,0.533,0.356,0.473,0.423,0.544,0.181,0.538,0.518,0.19,0.407,0.052,0.458,0.049,0.503,0.513,0.586,0.658,0.088,0.093,0.154
0.723,0.723,0.712,0.712,0.304,0.325,0.61,0.97,0.367,0.784,0.97,0.753,0.979,0.304,0.753,0.97,0.979,0.304,0.516,0.979,0.577,0.817,0.577,0.981,0.979,0.61,0.981,0.97,0.991,0.784,0.991,0.817,0.448,0.942,0.527,0.942,0.357,0.527,0.448,0.357,0.13,0.942,0.293,0.846,0.942,0.357,0.516,0.293,0.856,0.293,0.65,0.15,0.036,0.478,0.094,0.478,0.511,0.085,0.085,0.085,0.899,0.094,0.511,0.094,0.036,0.899,0.919,0.772,0.919,0.476,0.476,0.476,0.055,0.182,0.632,0.059,0.021,0.871,0.02,0.021,0.095,0.182,0.237,0.077,0.747,0.237,0.02,0.055,0.09,0.813,0.182,0.553,0.059,0.075,0.321,0.237,0.265,0.321,0.321,0.056,0.296,0.215,0.786,0.296,0.296,0.768,0.058,0.566,0.566,0.352,0.724,0.445,0.784,0.529,0.059,0.701,0.268,0.1,0.867,0.445,0.056,0.871,0.218,0.75,0.079,0.69,0.808,0.537,0.69,0.687,0.763,0.366,0.773,0.85,0.645,0.05,0.856,0.535,0.376,0.05,0.143,0.274,0.604,0.372,0.143,0.53,0.143,0.05,0.589,0.289,0.517,0.405,0.406,0.496,0.4,0.562,0.59,0.317,0.568,0.346,0.596,0.428,0.408,0.541,0.579,0.92,0.978,0.656
0.991,0.991,0.996,0.996,0.812,0.065,0.972,0.981,0.062,0.978,0.981,0.963,0.966,0.812,0.963,0.981,0.966,0.812,0.811,0.966,0.992,0.971,0.992,0.978,0.966,0.972,0.978,0.981,0.979,0.978,0.979,0.971,0.929,0.976,0.98,0.976,0.597,0.98,0.929,0.597,0.581,0.976,0.593,0.036,0.976,0.597,0.997,0.593,0.164,0.593,0.05,0.651,0.644,0.909,0.596,0.909,0.914,0.737,0.737,0.737,0.977,0.596,0.914,0.596,0.644,0.977,0.979,0.08,0.979,0.504,0.504,0.504,0.716,0.653,0.033,0.877,0.652,0.19,0.651,0.652,0.559,0.653,0.27,0.527,0.078,0.27,0.651,0.889,0.553,0.219,0.653,0.033,0.878,0.514,0.605,0.27,0.737,0.605,0.605,0.87,0.582,0.439,0.262,0.582,0.582,0.21,0.843,0.151,0.151,0.15,0.046,0.189,0.974,0.23,0.439,0.229,0.046,0.432,0.967,0.189,0.845,0.938,0.049,0.783,0.563,0.175,0.184,0.629,0.175,0.139,0.839,0.394,0.845,0.054,0.072,0.499,0.697,0.174,0.484,0.499,0.432,0.038,0.001,0.172,0.432,0.081,0.432,0.499,0.001,0.47,0.325,0.465,0.423,0.087,0.594,0.002,0.784,0.39,0.784,0.541,0.776,0.419,0.705,0.619,0.716,0.661,0.669,0.464
0.254,0.254,0.417,0.417,0.43,0.69,0.275,0.254,0.678,0.312,0.254,0.224,0.321,0.43,0.224,0.254,0.321,0.43,0.786,0.321,0.261,0.199,0.261,0.365,0.321,0.275,0.365,0.254,0.261,0.312,0.261,0.199,0.141,0.236,0.208,0.236,0.736,0.208,0.141,0.736,0.39,0.236,0.567,0.053,0.236,0.736,0.551,0.567,0.029,0.567,0.672,0.472,0.663,0.107,0.62,0.107,0.108,0.387,0.387,0.387,0.205,0.62,0.108,0.62,0.663,0.205,0.235,0.03,0.235,0.249,0.249,0.249,0.334,0.658,0.051,0.284,0.254,0.031,0.281,0.254,0.29,0.658,0.628,0.222,0.029,0.628,0.281,0.283,0.286,0.029,0.658,0.047,0.304,0.224,0.196,0.628,0.454,0.196,0.196,0.281,0.224,0.437,0.034,0.224,0.224,0.064,0.267,0.901,0.901,0.865,0.74,0.663,0.86,0.772,0.198,0.028,0.28,0.368,0.745,0.663,0.284,0.884,0.26,0.905,0.257,0.966,0.055,0.842,0.966,0.695,0.861,0.667,0.831,0.935,0.052,0.693,0.839,0.938,0.961,0.693,0.674,0.147,0.117,0.822,0.674,0.053,0.674,0.693,0.117,0.852,0.834,0.803,0.96,0.048,0.984,0.12,0.866,0.819,1.0,0.773,1.0,0.983,0.977,0.989,0.987,0.998,0.997,0.903
0.469,0.469,0.458,0.458,0.905,0.159,0.297,0.559,0.138,0.594,0.559,0.348,0.493,0.905,0.348,0.559,0.493,0.905,0.581,0.493,0.593,0.637,0.593,0.488,0.493,0.297,0.488,0.559,0.511,0.594,0.511,0.637,0.394,0.517,0.371,0.517,0.945,0.371,0.394,0.945,0.487,0.517,0.962,0.225,0.517,0.945,0.898,0.962,0.05,0.962,0.143,0.44,0.617,0.301,0.913,0.301,0.301,0.93,0.93,0.93,0.544,0.913,0.301,0.913,0.617,0.544,0.522,0.053,0.522,0.742,0.742,0.742,0.284,0.735,0.234,0.365,0.856,0.166,0.842,0.856,0.22,0.735,0.767,0.371,0.068,0.767,0.842,0.341,0.212,0.162,0.735,0.226,0.376,0.397,0.83,0.767,0.519,0.83,0.83,0.353,0.897,0.922,0.17,0.897,0.897,0.157,0.363,0.761,0.761,0.64,0.3,0.867,0.937,0.476,0.387,0.155,0.631,0.918,0.931,0.867,0.334,0.929,0.573,0.889,0.224,0.791,0.122,0.692,0.791,0.36,0.84,0.716,0.79,0.26,0.358,0.762,0.694,0.64,0.844,0.762,0.752,0.569,0.403,0.495,0.752,0.347,0.752,0.762,0.402,0.554,0.399,0.392,0.004,0.395,0.007,0.4,0.004,0.433,0.008,0.3,0.009,0.004,0.008,0.004,0.002,0.01,0.012,0.003
0.297,0.297,0.302,0.302,0.23,0.969,0.241,0.255,0.922,0.585,0.255,0.261,0.217,0.23,0.261,0.255,0.217,0.23,0.952,0.217,0.276,0.668,0.276,0.223,0.217,0.241,0.223,0.255,0.253,0.585,0.253,0.668,0.537,0.259,0.285,0.259,0.611,0.285,0.537,0.611,0.737,0.259,0.584,0.814,0.259,0.611,0.745,0.584,0.963,0.584,0.799,0.638,0.539,0.417,0.562,0.417,0.389,0.365,0.365,0.365,0.684,0.562,0.389,0.562,0.539,0.684,0.255,0.816,0.255,0.497,0.497,0.497,0.794,0.204,0.615,0.587,0.448,0.118,0.607,0.448,0.858,0.204,0.422,0.738,0.813,0.422,0.607,0.582,0.88,0.134,0.204,0.602,0.587,0.742,0.315,0.422,0.471,0.315,0.315,0.587,0.515,0.767,0.112,0.515,0.515,0.223,0.558,0.821,0.821,0.808,0.761,0.695,0.202,0.371,0.706,0.106,0.307,0.634,0.182,0.695,0.574,0.175,0.282,0.32,0.815,0.798,0.268,0.468,0.798,0.504,0.252,0.768,0.248,0.898,0.147,0.251,0.402,0.954,0.56,0.251,0.347,0.267,0.746,0.579,0.347,0.174,0.347,0.251,0.708,0.573,0.333,0.445,0.638,0.166,0.74,0.647,0.634,0.565,0.65,0.387,0.656,0.707,0.74,0.73,0.713,0.513,0.533,0.549
0.533,0.533,0.591,0.591,0.762,0.881,0.595,0.449,0.785,0.383,0.449,0.497,0.445,0.762,0.497,0.449,0.445,0.762,0.889,0.445,0.447,0.445,0.447,0.463,0.445,0.595,0.463,0.449,0.469,0.383,0.469,0.445,0.174,0.387,0.457,0.387,0.88,0.457,0.174,0.88,0.841,0.387,0.886,0.288,0.387,0.88,0.844,0.886,0.502,0.886,0.659,0.803,0.59,0.195,0.704,0.195,0.195,0.758,0.758,0.758,0.39,0.704,0.195,0.704,0.59,0.39,0.38,0.396,0.38,0.589,0.589,0.589,0.467,0.661,0.229,0.554,0.687,0.552,0.673,0.687,0.398,0.661,0.478,0.61,0.437,0.478,0.673,0.614,0.381,0.657,0.661,0.219,0.559,0.516,0.794,0.478,0.554,0.794,0.794,0.565,0.769,0.531,0.616,0.769,0.769,0.394,0.672,0.118,0.118,0.062,0.147,0.099,0.989,0.031,0.584,0.83,0.937,0.53,0.991,0.099,0.663,0.991,0.943,0.926,0.397,0.132,0.566,0.068,0.132,0.041,0.902,0.48,0.899,0.229,0.534,0.563,0.07,0.093,0.077,0.563,0.544,0.803,0.557,0.945,0.544,0.498,0.544,0.563,0.559,0.899,0.972,0.883,0.166,0.811,0.191,0.575,0.265,0.808,0.328,0.961,0.315,0.141,0.188,0.178,0.176,0.551,0.545,0.189
0.92,0.92,0.883,0.883,0.576,0.493,0.902,0.848,0.492,0.87,0.848,0.913,0.875,0.576,0.913,0.848,0.875,0.576,0.577,0.875,0.936,0.862,0.936,0.977,0.875,0.902,0.977,0.848,0.97,0.87,0.97,0.862,0.545,0.768,0.864,0.768,0.337,0.864,0.545,0.337,0.388,0.768,0.47,0.887,0.768,0.337,0.473,0.47,0.955,0.47,0.461,0.384,0.056,0.648,0.401,0.648,0.649,0.58,0.58,0.58,0.693,0.401,0.649,0.401,0.056,0.693,0.953,0.99,0.953,0.176,0.176,0.176,0.3,0.759,0.988,0.213,0.312,0.07,0.181,0.312,0.284,0.759,0.121,0.319,0.993,0.121,0.181,0.214,0.289,0.042,0.759,0.995,0.22,0.325,0.169,0.121,0.66,0.169,0.169,0.222,0.178,0.249,0.1,0.178,0.178,0.045,0.172,0.79,0.79,0.76,0.523,0.926,0.201,0.922,0.263,0.067,0.201,0.387,0.256,0.926,0.176,0.251,0.172,0.193,0.232,0.67,0.041,0.021,0.67,0.949,0.189,0.112,0.187,0.389,0.183,0.478,0.032,0.642,0.019,0.478,0.448,0.188,0.849,0.591,0.448,0.143,0.448,0.478,0.835,0.513,0.599,0.54,0.099,0.19,0.135,0.693,0.188,0.547,0.308,0.75,0.32,0.109,0.149,0.135,0.118,0.32,0.324,0.277
0.438,0.438,0.423,0.423,0.628,0.283,0.349,0.32,0.243,0.251,0.32,0.358,0.293,0.628,0.358,0.32,0.293,0.628,0.099,0.293,0.45,0.257,0.45,0.291,0.293,0.349,0.291,0.32,0.323,0.251,0.323,0.257,0.169,0.298,0.348,0.298,0.547,0.348,0.169,0.547,0.623,0.298,0.849,0.859,0.298,0.547,0.085,0.849,0.964,0.849,0.241,0.528,0.735,0.23,0.776,0.23,0.232,0.74,0.74,0.74,0.259,0.776,0.232,0.776,0.735,0.259,0.298,0.989,0.298,0.783,0.783,0.783,0.475,0.443,0.942,0.339,0.745,0.977,0.816,0.745,0.424,0.443,0.604,0.506,0.988,0.604,0.816,0.38,0.489,0.961,0.443,0.946,0.352,0.491,0.757,0.604,0.235,0.757,0.757,0.358,0.806,0.776,0.976,0.806,0.806,0.972,0.314,0.753,0.753,0.727,0.568,0.413,0.755,0.414,0.483,0.965,0.999,0.684,0.764,0.413,0.372,0.772,0.997,0.775,0.426,0.7,0.964,0.325,0.7,0.607,0.894,0.467,0.869,0.576,0.995,0.72,0.519,0.661,0.608,0.72,0.781,0.998,0.455,0.489,0.781,0.986,0.781,0.72,0.485,0.62,0.474,0.685,0.709,0.985,0.584,0.87,0.158,0.58,0.136,0.472,0.123,0.682,0.496,0.596,0.627,0.153,0.127,0.124
0.528,0.528,0.522,0.522,0.203,0.028,0.416,0.348,0.028,0.405,0.348,0.372,0.374,0.203,0.372,0.348,0.374,0.203,0.234,0.374,0.598,0.405,0.598,0.33,0.374,0.416,0.33,0.348,0.344,0.405,0.344,0.405,0.321,0.376,0.433,0.376,0.36,0.433,0.321,0.36,0.016,0.376,0.263,0.662,0.376,0.36,0.208,0.263,0.924,0.263,0.021,0.014,0.575,0.302,0.553,0.302,0.297,0.436,0.436,0.436,0.426,0.553,0.297,0.553,0.575,0.426,0.378,0.827,0.378,0.553,0.553,0.553,0.022,0.608,0.722,0.018,0.412,0.855,0.541,0.412,0.029,0.608,0.759,0.014,0.86,0.759,0.541,0.016,0.025,0.792,0.608,0.712,0.017,0.017,0.479,0.759,0.411,0.479,0.479,0.014,0.393,0.785,0.656,0.393,0.393,0.703,0.013,0.759,0.759,0.872,0.899,0.637,0.04,0.584,0.011,0.563,0.368,0.766,0.041,0.637,0.012,0.041,0.368,0.012,0.025,0.876,0.784,0.785,0.876,0.766,0.01,0.646,0.011,0.849,0.686,0.572,0.868,0.851,0.94,0.572,0.66,0.458,0.831,0.755,0.66,0.559,0.66,0.572,0.837,0.493,0.71,0.381,0.941,0.592,0.855,0.911,0.958,0.401,0.934,0.664,0.931,0.95,0.853,0.869,0.875,0.589,0.613,0.578
0.608,0.608,0.532,0.532,0.898,0.305,0.657,0.597,0.286,0.56,0.597,0.686,0.558,0.898,0.686,0.597,0.558,0.898,0.468,0.558,0.469,0.657,0.469,0.6,0.558,0.657,0.6,0.597,0.621,0.56,0.621,0.657,0.837,0.604,0.515,0.604,0.602,0.515,0.837,0.602,0.174,0.604,0.209,0.26,0.604,0.602,0.497,0.209,0.045,0.209,0.286,0.211,0.643,0.814,0.668,0.814,0.807,0.239,0.239,0.239,0.556,0.668,0.807,0.668,0.643,0.556,0.606,0.077,0.606,0.509,0.509,0.509,0.416,0.949,0.272,0.488,0.465,0.067,0.59,0.465,0.512,0.949,0.575,0.42,0.08,0.575,0.59,0.483,0.512,0.046,0.949,0.333,0.488,0.448,0.322,0.575,0.544,0.322,0.322,0.471,0.274,0.566,0.065,0.274,0.274,0.07,0.462,0.564,0.564,0.621,0.614,0.991,0.413,0.99,0.465,0.048,0.09,0.549,0.267,0.991,0.461,0.258,0.067,0.184,0.497,0.727,0.061,0.38,0.727,0.986,0.171,0.665,0.183,0.55,0.03,0.374,0.422,0.743,0.493,0.374,0.599,0.053,0.252,0.584,0.599,0.042,0.599,0.374,0.241,0.352,0.539,0.257,0.618,0.045,0.532,0.218,0.448,0.247,0.239,0.475,0.245,0.629,0.547,0.58,0.6,0.129,0.191,0.345
0.016,0.016,0.016,0.016,0.485,0.134,0.03,0.032,0.125,0.021,0.032,0.032,0.033,0.485,0.032,0.032,0.033,0.485,0.918,0.033,0.02,0.019,0.02,0.035,0.033,0.03,0.035,0.032,0.037,0.021,0.037,0.019,0.027,0.025,0.05,0.025,0.615,0.05,0.027,0.615,0.221,0.025,0.558,0.941,0.025,0.615,0.924,0.558,0.768,0.558,0.493,0.222,0.302,0.04,0.263,0.04,0.04,0.468,0.468,0.468,0.02,0.263,0.04,0.263,0.302,0.02,0.023,0.7,0.023,0.151,0.151,0.151,0.407,0.394,0.759,0.14,0.353,0.825,0.379,0.353,0.237,0.394,0.118,0.232,0.674,0.118,0.379,0.154,0.268,0.839,0.394,0.697,0.14,0.223,0.433,0.118,0.873,0.433,0.433,0.155,0.5,0.099,0.838,0.5,0.5,0.88,0.209,0.914,0.914,0.815,0.616,0.469,0.245,0.309,0.3,0.821,0.888,0.093,0.276,0.469,0.213,0.257,0.912,0.249,0.253,0.905,0.908,0.989,0.905,0.417,0.232,0.173,0.233,0.753,0.818,0.074,0.99,0.757,0.996,0.074,0.074,0.792,0.308,0.955,0.074,0.742,0.074,0.074,0.306,0.948,0.948,0.954,0.972,0.664,0.943,0.321,0.629,0.959,0.861,0.942,0.859,0.986,0.942,0.958,0.957,0.812,0.888,0.977
0.359,0.359,0.323,0.323,0.685,0.531,0.127,0.125,0.298,0.204,0.125,0.137,0.129,0.685,0.137,0.125,0.129,0.685,0.569,0.129,0.156,0.218,0.156,0.107,0.129,0.127,0.107,0.125,0.107,0.204,0.107,0.218,0.311,0.031,0.045,0.031,0.754,0.045,0.311,0.754,0.844,0.031,0.659,0.034,0.031,0.754,0.49,0.659,0.185,0.659,0.671,0.82,0.119,0.323,0.754,0.323,0.311,0.632,0.632,0.632,0.235,0.754,0.311,0.754,0.119,0.235,0.041,0.202,0.041,0.304,0.304,0.304,0.74,0.669,0.043,0.503,0.303,0.708,0.218,0.303,0.776,0.669,0.321,0.676,0.195,0.321,0.218,0.51,0.703,0.728,0.669,0.044,0.506,0.613,0.39,0.321,0.594,0.39,0.39,0.487,0.366,0.321,0.627,0.366,0.366,0.382,0.51,0.856,0.856,0.853,0.855,0.423,0.158,0.496,0.674,0.619,0.488,0.345,0.126,0.423,0.521,0.127,0.286,0.156,0.839,0.892,0.533,0.241,0.892,0.81,0.177,0.2,0.179,0.669,0.47,0.352,0.129,0.877,0.246,0.352,0.393,0.462,0.524,0.12,0.393,0.793,0.393,0.352,0.528,0.173,0.097,0.132,0.417,0.728,0.411,0.561,0.569,0.24,0.664,0.16,0.539,0.4,0.369,0.318,0.286,0.599,0.543,0.532
0.168,0.168,0.243,0.243,0.166,0.775,0.158,0.143,0.79,0.112,0.143,0.145,0.132,0.166,0.145,0.143,0.132,0.166,0.149,0.132,0.275,0.126,0.275,0.153,0.132,0.158,0.153,0.143,0.175,0.112,0.175,0.126,0.621,0.128,0.139,0.128,0.57,0.139,0.621,0.57,0.875,0.128,0.752,0.125,0.128,0.57,0.136,0.752,0.194,0.752,0.816,0.828,0.662,0.506,0.522,0.506,0.516,0.774,0.774,0.774,0.17,0.522,0.516,0.522,0.662,0.17,0.168,0.277,0.168,0.559,0.559,0.559,0.734,0.281,0.141,0.564,0.852,0.237,0.784,0.852,0.543,0.281,0.596,0.648,0.28,0.596,0.784,0.555,0.535,0.201,0.281,0.119,0.606,0.651,0.54,0.596,0.637,0.54,0.54,0.601,0.477,0.877,0.302,0.477,0.477,0.115,0.516,0.819,0.819,0.843,0.55,0.883,0.724,0.908,0.613,0.274,0.149,0.838,0.763,0.883,0.561,0.754,0.14,0.753,0.519,0.649,0.14,0.272,0.649,0.595,0.896,0.733,0.878,0.369,0.252,0.903,0.218,0.684,0.325,0.903,0.846,0.073,0.894,0.146,0.846,0.352,0.846,0.903,0.9,0.111,0.22,0.134,0.272,0.332,0.24,0.895,0.219,0.139,0.263,0.218,0.259,0.26,0.265,0.206,0.228,0.357,0.351,0.301
0.792,0.792,0.762,0.762,0.861,0.223,0.678,0.522,0.214,0.985,0.522,0.626,0.55,0.861,0.626,0.522,0.55,0.861,0.473,0.55,0.788,0.978,0.788,0.533,0.55,0.678,0.533,0.522,0.512,0.985,0.512,0.978,0.647,0.546,0.726,0.546,0.8,0.726,0.647,0.8,0.008,0.546,0.888,0.893,0.546,0.8,0.429,0.888,0.96,0.888,0.173,0.029,0.976,0.601,0.898,0.601,0.588,0.943,0.943,0.943,0.952,0.898,0.588,0.898,0.976,0.952,0.547,0.94,0.547,0.902,0.902,0.902,0.023,0.754,0.97,0.002,0.982,0.928,0.992,0.982,0.002,0.754,0.958,0.004,0.951,0.958,0.992,0.003,0.008,0.563,0.754,0.992,0.003,0.003,0.948,0.958,0.318,0.948,0.948,0.004,0.805,0.971,0.953,0.805,0.805,0.829,0.003,0.576,0.576,0.687,0.847,0.208,0.277,0.199,0.006,0.778,0.05,0.992,0.252,0.208,0.002,0.261,0.055,0.339,0.004,0.604,0.549,0.636,0.604,0.376,0.351,0.951,0.343,0.881,0.084,0.984,0.614,0.66,0.274,0.984,0.965,0.068,0.645,0.238,0.965,0.052,0.965,0.984,0.619,0.193,0.342,0.394,0.504,0.072,0.739,0.69,0.593,0.413,0.901,0.487,0.924,0.502,0.77,0.744,0.75,0.928,0.912,0.761
0.922,0.922,0.88,0.88,0.713,0.041,0.978,0.963,0.041,0.873,0.963,0.984,0.969,0.713,0.984,0.963,0.969,0.713,0.469,0.969,0.877,0.782,0.877,0.988,0.969,0.978,0.988,0.963,0.973,0.873,0.973,0.782,0.499,0.914,0.912,0.914,0.864,0.912,0.499,0.864,0.257,0.914,0.495,0.897,0.914,0.864,0.455,0.495,0.705,0.495,0.033,0.307,0.49,0.514,0.707,0.514,0.51,0.242,0.242,0.242,0.787,0.707,0.51,0.707,0.49,0.787,0.884,0.822,0.884,0.175,0.175,0.175,0.381,0.745,0.867,0.713,0.232,0.696,0.397,0.232,0.144,0.745,0.696,0.139,0.773,0.696,0.397,0.688,0.143,0.751,0.745,0.854,0.735,0.143,0.148,0.696,0.506,0.148,0.148,0.689,0.145,0.477,0.852,0.145,0.145,0.537,0.651,0.439,0.439,0.417,0.129,0.912,0.76,0.892,0.118,0.78,0.783,0.36,0.815,0.912,0.692,0.78,0.752,0.849,0.135,0.828,0.597,0.986,0.828,0.696,0.833,0.569,0.849,0.316,0.511,0.531,0.977,0.818,0.943,0.531,0.55,0.846,0.074,0.972,0.55,0.693,0.55,0.531,0.082,0.95,0.984,0.978,0.441,0.751,0.35,0.066,0.486,0.977,0.475,0.988,0.432,0.39,0.335,0.299,0.321,0.692,0.622,0.635
0.378,0.378,0.433,0.433,0.914,0.351,0.322,0.311,0.352,0.284,0.311,0.312,0.304,0.914,0.312,0.311,0.304,0.914,0.991,0.304,0.428,0.276,0.428,0.307,0.304,0.322,0.307,0.311,0.331,0.284,0.331,0.276,0.159,0.312,0.365,0.312,0.851,0.365,0.159,0.851,0.776,0.312,0.77,0.141,0.312,0.851,0.978,0.77,0.152,0.77,0.308,0.747,0.924,0.158,0.945,0.158,0.157,0.905,0.905,0.905,0.29,0.945,0.157,0.945,0.924,0.29,0.329,0.1,0.329,0.852,0.852,0.852,0.539,0.713,0.128,0.941,0.95,0.041,0.934,0.95,0.843,0.713,0.792,0.952,0.098,0.792,0.934,0.944,0.837,0.045,0.713,0.12,0.932,0.923,0.912,0.792,0.978,0.912,0.912,0.922,0.894,0.567,0.039,0.894,0.894,0.048,0.9,0.075,0.075,0.059,0.123,0.01,0.818,0.017,0.894,0.043,0.169,0.558,0.755,0.01,0.926,0.761,0.175,0.892,0.847,0.107,0.034,0.95,0.107,0.342,0.76,0.629,0.75,0.129,0.11,0.892,0.785,0.08,0.963,0.892,0.895,0.166,0.878,0.799,0.895,0.142,0.895,0.892,0.875,0.885,0.861,0.741,0.789,0.121,0.725,0.869,0.966,0.75,0.569,0.841,0.566,0.833,0.701,0.651,0.567,0.929,0.91,0.994
0.179,0.179,0.173,0.173,0.997,0.732,0.132,0.116,0.783,0.142,0.116,0.135,0.094,0.997,0.135,0.116,0.094,0.997,0.741,0.094,0.217,0.162,0.217,0.102,0.094,0.132,0.102,0.116,0.138,0.142,0.138,0.162,0.121,0.164,0.196,0.164,0.886,0.196,0.121,0.886,0.866,0.164,0.957,0.511,0.164,0.886,0.667,0.957,0.133,0.957,0.626,0.93,0.882,0.079,0.952,0.079,0.077,0.958,0.958,0.958,0.148,0.952,0.077,0.952,0.882,0.148,0.155,0.098,0.155,0.973,0.973,0.973,0.978,0.778,0.56,0.993,0.649,0.51,0.821,0.649,0.984,0.778,0.887,0.997,0.091,0.887,0.821,0.994,0.985,0.614,0.778,0.54,0.992,0.997,0.944,0.887,0.709,0.944,0.944,0.99,0.953,0.83,0.511,0.953,0.953,0.476,0.998,0.827,0.827,0.82,0.426,0.611,0.834,0.615,0.998,0.655,0.795,0.685,0.821,0.611,0.998,0.823,0.888,0.955,0.968,0.849,0.578,0.218,0.849,0.286,0.932,0.84,0.933,0.458,0.638,0.757,0.167,0.839,0.211,0.757,0.904,0.779,0.912,0.084,0.904,0.726,0.904,0.757,0.915,0.089,0.081,0.097,0.412,0.748,0.426,0.929,0.554,0.097,0.642,0.08,0.654,0.433,0.395,0.416,0.395,0.666,0.654,0.615
0.457,0.457,0.439,0.439,0.194,0.563,0.338,0.223,0.564,0.219,0.223,0.298,0.22,0.194,0.298,0.223,0.22,0.194,0.111,0.22,0.335,0.188,0.335,0.229,0.22,0.338,0.229,0.223,0.228,0.219,0.228,0.188,0.151,0.229,0.297,0.229,0.524,0.297,0.151,0.524,0.227,0.229,0.655,0.344,0.229,0.524,0.12,0.655,0.328,0.655,0.632,0.206,0.495,0.095,0.124,0.095,0.093,0.255,0.255,0.255,0.144,0.124,0.093,0.124,0.495,0.144,0.231,0.218,0.231,0.285,0.285,0.285,0.205,0.466,0.378,0.232,0.469,0.117,0.488,0.469,0.245,0.466,0.674,0.189,0.264,0.674,0.488,0.194,0.234,0.089,0.466,0.404,0.224,0.204,0.329,0.674,0.101,0.329,0.329,0.197,0.333,0.549,0.119,0.333,0.333,0.166,0.177,0.497,0.497,0.382,0.728,0.612,0.809,0.661,0.166,0.089,0.063,0.51,0.717,0.612,0.182,0.734,0.083,0.66,0.221,0.308,0.216,0.342,0.308,0.48,0.632,0.489,0.626,0.594,0.089,0.766,0.326,0.197,0.457,0.766,0.454,0.107,0.159,0.244,0.454,0.073,0.454,0.766,0.153,0.299,0.122,0.278,0.788,0.068,0.851,0.15,0.697,0.271,0.552,0.154,0.573,0.766,0.781,0.889,0.829,0.88,0.971,0.798
0.001,0.001,0.001,0.001,0.257,0.443,0.002,0.004,0.505,0.006,0.004,0.003,0.004,0.257,0.003,0.004,0.004,0.257,0.676,0.004,0.002,0.006,0.002,0.006,0.004,0.002,0.006,0.004,0.005,0.006,0.005,0.006,0.004,0.002,0.002,0.002,0.485,0.002,0.004,0.485,0.09,0.002,0.238,0.968,0.002,0.485,0.612,0.238,0.995,0.238,0.902,0.096,0.279,0.006,0.144,0.006,0.007,0.015,0.015,0.015,0.005,0.144,0.007,0.144,0.279,0.005,0.003,0.958,0.003,0.016,0.016,0.016,0.173,0.195,0.98,0.113,0.073,0.965,0.115,0.073,0.161,0.195,0.325,0.179,0.969,0.325,0.115,0.115,0.159,0.995,0.195,0.973,0.11,0.175,0.028,0.325,0.059,0.028,0.028,0.111,0.024,0.248,0.967,0.024,0.024,0.999,0.137,0.726,0.726,0.783,0.796,0.322,0.476,0.382,0.226,0.985,0.978,0.228,0.386,0.322,0.128,0.438,0.96,0.307,0.213,0.832,0.998,0.743,0.832,0.669,0.355,0.356,0.348,0.732,1.0,0.166,0.749,0.803,0.611,0.166,0.308,0.707,0.689,0.452,0.308,0.993,0.308,0.166,0.657,0.591,0.461,0.264,0.876,0.984,0.916,0.707,0.934,0.313,0.926,0.363,0.922,0.888,0.923,0.951,0.944,0.969,0.967,0.981
0.089,0.089,0.213,0.213,0.717,0.737,0.783,0.457,0.7,0.542,0.457,0.621,0.655,0.717,0.621,0.457,0.655,0.717,0.196,0.655,0.278,0.298,0.278,0.595,0.655,0.783,0.595,0.457,0.418,0.542,0.418,0.298,0.361,0.392,0.576,0.392,0.518,0.576,0.361,0.518,0.918,0.392,0.552,0.622,0.392,0.518,0.26,0.552,0.72,0.552,0.987,0.984,0.993,0.271,0.759,0.271,0.262,0.819,0.819,0.819,0.291,0.759,0.262,0.759,0.993,0.291,0.373,0.697,0.373,0.987,0.987,0.987,0.921,0.367,0.789,0.999,0.834,0.41,0.878,0.834,0.941,0.367,0.926,0.979,0.654,0.926,0.878,0.999,0.942,0.504,0.367,0.781,0.999,0.976,0.983,0.926,0.006,0.983,0.983,0.999,0.986,0.758,0.375,0.986,0.986,0.401,1.0,0.445,0.445,0.574,0.714,0.151,0.936,0.171,0.98,0.449,0.778,0.718,0.974,0.151,1.0,0.979,0.821,0.998,0.957,0.194,0.427,0.542,0.194,0.587,0.998,0.923,0.998,0.453,0.726,0.781,0.464,0.289,0.567,0.781,0.835,0.787,0.705,0.292,0.835,0.664,0.835,0.781,0.731,0.337,0.412,0.349,0.648,0.652,0.621,0.803,0.065,0.365,0.107,0.404,0.095,0.621,0.632,0.568,0.597,0.239,0.243,0.234
0.496,0.496,0.517,0.517,0.833,0.115,0.335,0.376,0.106,0.282,0.376,0.349,0.361,0.833,0.349,0.376,0.361,0.833,0.831,0.361,0.54,0.313,0.54,0.402,0.361,0.335,0.402,0.376,0.439,0.282,0.439,0.313,0.509,0.38,0.357,0.38,0.914,0.357,0.509,0.914,0.195,0.38,0.88,0.221,0.38,0.914,0.94,0.88,0.519,0.88,0.069,0.141,0.878,0.471,0.803,0.471,0.478,0.801,0.801,0.801,0.281,0.803,0.478,0.803,0.878,0.281,0.354,0.531,0.354,0.926,0.926,0.926,0.132,0.976,0.206,0.061,0.855,0.727,0.82,0.855,0.108,0.976,0.948,0.079,0.703,0.948,0.82,0.073,0.104,0.729,0.976,0.206,0.061,0.081,0.791,0.948,0.801,0.791,0.791,0.072,0.741,0.928,0.842,0.741,0.741,0.805,0.057,0.922,0.922,0.841,0.978,0.93,0.79,0.984,0.082,0.817,0.974,0.942,0.748,0.93,0.058,0.745,0.957,0.738,0.086,0.882,0.683,0.208,0.882,0.987,0.574,0.968,0.604,0.939,0.654,0.926,0.214,0.797,0.214,0.926,0.925,0.937,0.836,0.09,0.925,0.834,0.925,0.926,0.844,0.086,0.092,0.083,0.453,0.865,0.349,0.921,0.462,0.081,0.518,0.092,0.525,0.427,0.343,0.377,0.393,0.521,0.55,0.616
0.729,0.729,0.716,0.716,0.684,0.126,0.897,1.0,0.124,0.938,1.0,0.927,1.0,0.684,0.927,1.0,1.0,0.684,0.571,1.0,0.918,0.949,0.918,1.0,1.0,0.897,1.0,1.0,1.0,0.938,1.0,0.949,0.987,1.0,0.897,1.0,0.426,0.897,0.987,0.426,0.148,1.0,0.561,0.501,1.0,0.426,0.454,0.561,0.914,0.561,0.102,0.147,0.255,0.986,0.169,0.986,0.985,0.237,0.237,0.237,0.958,0.169,0.985,0.169,0.255,0.958,1.0,0.945,1.0,0.231,0.231,0.231,0.127,0.638,0.52,0.074,0.387,0.917,0.276,0.387,0.115,0.638,0.47,0.098,0.846,0.47,0.276,0.056,0.109,0.88,0.638,0.494,0.062,0.109,0.159,0.47,0.786,0.159,0.159,0.057,0.119,0.021,0.894,0.119,0.119,0.915,0.063,0.807,0.807,0.855,0.902,0.667,0.734,0.697,0.06,0.902,0.987,0.039,0.742,0.667,0.063,0.747,0.907,0.625,0.082,0.856,0.833,0.831,0.856,0.677,0.576,0.192,0.553,0.911,0.937,0.146,0.846,0.883,0.724,0.146,0.106,0.979,0.392,0.987,0.106,0.961,0.106,0.146,0.417,0.967,0.967,0.95,0.659,0.941,0.553,0.482,0.918,0.955,0.505,0.981,0.521,0.711,0.527,0.63,0.575,0.532,0.503,0.982
0.851,0.851,0.834,0.834,0.441,0.275,0.757,0.577,0.276,0.884,0.577,0.77,0.551,0.441,0.77,0.577,0.551,0.441,0.014,0.551,0.913,0.883,0.913,0.514,0.551,0.757,0.514,0.577,0.586,0.884,0.586,0.883,0.77,0.65,0.781,0.65,0.335,0.781,0.77,0.335,0.095,0.65,0.353,0.094,0.65,0.335,0.015,0.353,0.001,0.353,0.298,0.098,0.612,0.769,0.403,0.769,0.75,0.488,0.488,0.488,0.928,0.403,0.75,0.403,0.612,0.928,0.613,0.002,0.613,0.167,0.167,0.167,0.054,0.19,0.145,0.191,0.502,0.003,0.722,0.502,0.331,0.19,0.569,0.237,0.002,0.569,0.722,0.186,0.314,0.003,0.19,0.147,0.183,0.249,0.326,0.569,0.009,0.326,0.326,0.182,0.303,0.607,0.003,0.303,0.303,0.004,0.154,0.004,0.004,0.002,0.009,0.017,0.034,0.027,0.216,0.003,0.022,0.576,0.025,0.017,0.156,0.026,0.021,0.022,0.302,0.002,0.005,0.436,0.002,0.076,0.024,0.59,0.025,0.005,0.019,0.546,0.501,0.002,0.504,0.546,0.505,0.026,0.509,0.249,0.505,0.013,0.505,0.546,0.523,0.626,0.242,0.65,0.829,0.014,0.844,0.536,0.736,0.721,0.663,0.213,0.666,0.851,0.818,0.887,0.884,0.847,0.826,0.675
0.484,0.484,0.49,0.49,0.255,0.636,0.658,0.905,0.642,0.788,0.905,0.672,0.89,0.255,0.672,0.905,0.89,0.255,0.777,0.89,0.642,0.791,0.642,0.881,0.89,0.658,0.881,0.905,0.891,0.788,0.891,0.791,0.705,0.968,0.724,0.968,0.69,0.724,0.705,0.69,0.38,0.968,0.537,0.527,0.968,0.69,0.64,0.537,0.002,0.537,0.581,0.357,0.206,0.734,0.677,0.734,0.726,0.558,0.558,0.558,0.84,0.677,0.726,0.677,0.206,0.84,0.932,0.001,0.932,0.541,0.541,0.541,0.361,0.645,0.737,0.31,0.375,0.004,0.355,0.375,0.325,0.645,0.232,0.372,0.001,0.232,0.355,0.302,0.317,0.005,0.645,0.687,0.31,0.42,0.67,0.232,0.857,0.67,0.67,0.298,0.726,0.197,0.004,0.726,0.726,0.003,0.224,0.501,0.501,0.491,0.589,0.768,0.359,0.754,0.303,0.005,0.02,0.195,0.376,0.768,0.217,0.368,0.022,0.517,0.277,0.719,0.004,0.078,0.719,0.45,0.422,0.137,0.517,0.551,0.007,0.428,0.085,0.701,0.073,0.428,0.43,0.013,0.826,0.269,0.43,0.016,0.43,0.428,0.806,0.332,0.492,0.387,0.167,0.016,0.182,0.833,0.189,0.385,0.271,0.367,0.284,0.174,0.175,0.169,0.171,0.306,0.298,0.401
0.277,0.277,0.352,0.352,0.631,0.389,0.281,0.12,0.397,0.117,0.12,0.221,0.188,0.631,0.221,0.12,0.188,0.631,0.899,0.188,0.154,0.083,0.154,0.191,0.188,0.281,0.191,0.12,0.096,0.117,0.096,0.083,0.665,0.08,0.214,0.08,0.835,0.214,0.665,0.835,0.186,0.08,0.56,0.235,0.08,0.835,0.688,0.56,0.899,0.56,0.361,0.178,0.365,0.649,0.851,0.649,0.673,0.534,0.534,0.534,0.055,0.851,0.673,0.851,0.365,0.055,0.036,0.723,0.036,0.464,0.464,0.464,0.187,0.743,0.191,0.174,0.257,0.896,0.312,0.257,0.283,0.743,0.438,0.24,0.827,0.438,0.312,0.164,0.284,0.875,0.743,0.166,0.178,0.236,0.66,0.438,0.931,0.66,0.66,0.161,0.612,0.247,0.849,0.612,0.612,0.91,0.138,0.77,0.77,0.773,0.775,0.936,0.064,0.94,0.201,0.868,0.159,0.221,0.077,0.936,0.139,0.076,0.212,0.083,0.28,0.895,0.68,0.017,0.895,0.594,0.146,0.379,0.153,0.948,0.37,0.467,0.016,0.911,0.061,0.467,0.461,0.105,0.745,0.013,0.461,0.66,0.461,0.467,0.752,0.018,0.018,0.013,0.066,0.56,0.081,0.852,0.148,0.013,0.185,0.015,0.219,0.064,0.071,0.072,0.064,0.269,0.286,0.222
0.2,0.2,0.102,0.102,0.367,0.346,0.598,0.551,0.306,0.593,0.551,0.643,0.505,0.367,0.643,0.551,0.505,0.367,0.77,0.505,0.136,0.605,0.136,0.549,0.505,0.598,0.549,0.551,0.597,0.593,0.597,0.605,0.947,0.516,0.618,0.516,0.448,0.618,0.947,0.448,0.133,0.516,0.703,0.124,0.516,0.448,0.828,0.703,0.31,0.703,0.497,0.256,0.329,0.915,0.5,0.915,0.92,0.437,0.437,0.437,0.646,0.5,0.92,0.5,0.329,0.646,0.443,0.486,0.443,0.074,0.074,0.074,0.162,0.601,0.185,0.149,0.131,0.721,0.183,0.131,0.281,0.601,0.5,0.209,0.464,0.5,0.183,0.141,0.278,0.77,0.601,0.232,0.154,0.22,0.041,0.5,0.734,0.041,0.041,0.142,0.091,0.327,0.779,0.091,0.091,0.565,0.131,0.269,0.269,0.355,0.284,0.352,0.505,0.556,0.199,0.861,0.291,0.215,0.465,0.352,0.125,0.462,0.28,0.49,0.274,0.207,0.646,0.646,0.207,0.424,0.407,0.451,0.484,0.22,0.251,0.394,0.712,0.245,0.767,0.394,0.556,0.156,0.618,0.69,0.556,0.403,0.556,0.394,0.614,0.439,0.649,0.382,0.892,0.404,0.85,0.641,0.093,0.4,0.192,0.627,0.177,0.899,0.834,0.814,0.788,0.228,0.202,0.446
0.13,0.13,0.182,0.182,0.559,0.541,0.169,0.118,0.558,0.115,0.118,0.111,0.173,0.559,0.111,0.118,0.173,0.559,0.259,0.173,0.073,0.08,0.073,0.188,0.173,0.169,0.188,0.118,0.093,0.115,0.093,0.08,0.802,0.167,0.055,0.167,0.125,0.055,0.802,0.125,0.989,0.167,0.114,0.32,0.167,0.125,0.205,0.114,0.717,0.114,0.619,0.991,0.532,0.89,0.06,0.89,0.904,0.096,0.096,0.096,0.073,0.06,0.904,0.06,0.532,0.073,0.115,0.637,0.115,0.222,0.222,0.222,0.885,0.671,0.154,0.696,0.095,0.418,0.111,0.095,0.816,0.671,0.568,0.855,0.691,0.568,0.111,0.687,0.877,0.401,0.671,0.157,0.728,0.871,0.235,0.568,0.472,0.235,0.235,0.727,0.152,0.087,0.434,0.152,0.152,0.369,0.662,0.527,0.527,0.548,0.409,0.864,0.174,0.902,0.874,0.431,0.309,0.091,0.184,0.864,0.714,0.153,0.324,0.267,0.917,0.612,0.317,0.063,0.612,0.93,0.264,0.321,0.234,0.502,0.9,0.218,0.065,0.692,0.128,0.218,0.337,0.477,0.962,0.086,0.337,0.571,0.337,0.218,0.958,0.073,0.066,0.078,0.103,0.583,0.086,0.92,0.117,0.068,0.196,0.056,0.186,0.122,0.101,0.098,0.103,0.213,0.192,0.052
0.892,0.892,0.874,0.874,0.582,0.153,0.742,0.623,0.154,0.627,0.623,0.81,0.623,0.582,0.81,0.623,0.623,0.582,0.65,0.623,0.846,0.714,0.846,0.622,0.623,0.742,0.622,0.623,0.646,0.627,0.646,0.714,0.873,0.639,0.771,0.639,0.345,0.771,0.873,0.345,0.401,0.639,0.342,0.367,0.639,0.345,0.642,0.342,0.117,0.342,0.101,0.484,0.92,0.859,0.217,0.859,0.886,0.19,0.19,0.19,0.746,0.217,0.886,0.217,0.92,0.746,0.674,0.072,0.674,0.879,0.879,0.879,0.588,0.514,0.393,0.652,0.514,0.205,0.756,0.514,0.291,0.514,0.299,0.675,0.076,0.299,0.756,0.645,0.293,0.237,0.514,0.379,0.668,0.658,0.541,0.299,0.707,0.541,0.541,0.656,0.674,0.139,0.175,0.674,0.674,0.126,0.681,0.495,0.495,0.488,0.418,0.597,0.412,0.642,0.699,0.193,0.54,0.16,0.452,0.597,0.703,0.453,0.614,0.523,0.303,0.486,0.15,0.916,0.486,0.858,0.59,0.24,0.582,0.678,0.481,0.122,0.867,0.483,0.888,0.122,0.108,0.683,0.363,0.881,0.108,0.321,0.108,0.122,0.371,0.787,0.493,0.733,0.03,0.277,0.015,0.406,0.006,0.78,0.011,0.711,0.006,0.055,0.016,0.017,0.019,0.002,0.002,0.007
0.232,0.232,0.199,0.199,0.616,0.58,0.83,0.753,0.607,0.857,0.753,0.87,0.739,0.616,0.87,0.753,0.739,0.616,0.53,0.739,0.212,0.826,0.212,0.795,0.739,0.83,0.795,0.753,0.748,0.857,0.748,0.826,0.693,0.673,0.749,0.673,0.572,0.749,0.693,0.572,0.996,0.673,0.476,0.849,0.673,0.572,0.513,0.476,0.739,0.476,0.689,0.997,0.366,0.535,0.343,0.535,0.544,0.281,0.281,0.281,0.857,0.343,0.544,0.343,0.366,0.857,0.716,0.73,0.716,0.087,0.087,0.087,0.982,0.39,0.816,0.83,0.204,0.754,0.209,0.204,0.932,0.39,0.415,0.882,0.689,0.415,0.209,0.822,0.943,0.609,0.39,0.797,0.738,0.894,0.095,0.415,0.513,0.095,0.095,0.741,0.103,0.401,0.638,0.103,0.103,0.818,0.817,0.824,0.824,0.503,0.388,0.92,0.56,0.776,0.916,0.493,0.403,0.406,0.576,0.92,0.73,0.539,0.42,0.751,0.913,0.869,0.857,0.875,0.869,0.378,0.77,0.429,0.771,0.527,0.386,0.279,0.889,0.524,0.785,0.279,0.507,0.233,0.29,0.557,0.507,0.344,0.507,0.279,0.284,0.44,0.465,0.569,0.809,0.352,0.768,0.264,0.903,0.525,0.773,0.55,0.769,0.697,0.858,0.776,0.867,0.725,0.67,0.895
0.77,0.77,0.711,0.711,0.51,0.057,0.487,0.564,0.061,0.47,0.564,0.567,0.482,0.51,0.567,0.564,0.482,0.51,0.7,0.482,0.731,0.489,0.731,0.516,0.482,0.487,0.516,0.564,0.594,0.47,0.594,0.489,0.528,0.575,0.591,0.575,0.638,0.591,0.528,0.638,0.16,0.575,0.512,0.586,0.575,0.638,0.656,0.512,0.748,0.512,0.026,0.177,0.183,0.63,0.496,0.63,0.666,0.349,0.349,0.349,0.476,0.496,0.666,0.496,0.183,0.476,0.535,0.787,0.535,0.101,0.101,0.101,0.123,0.45,0.462,0.469,0.14,0.719,0.14,0.14,0.198,0.45,0.534,0.178,0.765,0.534,0.14,0.463,0.204,0.656,0.45,0.512,0.495,0.179,0.106,0.534,0.772,0.106,0.106,0.5,0.117,0.233,0.719,0.117,0.117,0.85,0.422,0.692,0.692,0.385,0.148,0.49,0.71,0.511,0.164,0.695,0.635,0.23,0.64,0.49,0.473,0.655,0.628,0.626,0.132,0.821,0.837,0.901,0.821,0.512,0.448,0.188,0.538,0.176,0.918,0.545,0.783,0.505,0.919,0.545,0.598,0.855,0.007,0.712,0.598,0.689,0.598,0.545,0.007,0.77,0.716,0.703,0.98,0.663,0.986,0.006,0.659,0.698,0.7,0.817,0.723,0.973,0.97,0.98,0.982,0.667,0.644,0.888
0.896,0.896,0.912,0.912,0.181,0.133,0.763,0.804,0.13,0.768,0.804,0.806,0.628,0.181,0.806,0.804,0.628,0.181,0.107,0.628,0.901,0.697,0.901,0.627,0.628,0.763,0.627,0.804,0.771,0.768,0.771,0.697,0.594,0.615,0.787,0.615,0.379,0.787,0.594,0.379,0.244,0.615,0.609,0.791,0.615,0.379,0.292,0.609,0.451,0.609,0.133,0.274,0.561,0.397,0.7,0.397,0.374,0.812,0.812,0.812,0.659,0.7,0.374,0.7,0.561,0.659,0.647,0.476,0.647,0.367,0.367,0.367,0.25,0.028,0.817,0.675,0.743,0.424,0.702,0.743,0.293,0.028,0.713,0.714,0.388,0.713,0.702,0.681,0.273,0.356,0.028,0.748,0.708,0.704,0.602,0.713,0.281,0.602,0.602,0.714,0.472,0.787,0.464,0.472,0.472,0.475,0.619,0.103,0.103,0.099,0.465,0.002,0.672,0.003,0.683,0.382,0.646,0.801,0.663,0.002,0.661,0.681,0.711,0.693,0.198,0.046,0.544,0.905,0.046,0.003,0.711,0.468,0.721,0.198,0.419,0.867,0.882,0.04,0.946,0.867,0.85,0.525,0.215,0.726,0.85,0.277,0.85,0.867,0.207,0.568,0.854,0.579,0.1,0.301,0.047,0.172,0.04,0.586,0.073,0.83,0.054,0.092,0.052,0.056,0.058,0.021,0.029,0.028
0.63,0.63,0.667,0.667,0.199,0.928,0.541,0.464,0.878,0.662,0.464,0.503,0.565,0.199,0.503,0.464,0.565,0.199,0.254,0.565,0.685,0.681,0.685,0.634,0.565,0.541,0.634,0.464,0.654,0.662,0.654,0.681,0.806,0.502,0.489,0.502,0.036,0.489,0.806,0.036,0.409,0.502,0.015,0.923,0.502,0.036,0.135,0.015,0.661,0.015,0.864,0.389,0.083,0.843,0.113,0.843,0.842,0.074,0.074,0.074,0.609,0.113,0.842,0.113,0.083,0.609,0.488,0.677,0.488,0.047,0.047,0.047,0.265,0.454,0.89,0.515,0.332,0.393,0.358,0.332,0.696,0.454,0.17,0.592,0.752,0.17,0.358,0.4,0.686,0.66,0.454,0.838,0.51,0.688,0.276,0.17,0.765,0.276,0.276,0.404,0.322,0.057,0.398,0.322,0.322,0.53,0.473,0.078,0.078,0.073,0.091,0.384,0.754,0.379,0.611,0.677,0.528,0.054,0.669,0.384,0.452,0.64,0.543,0.749,0.666,0.126,0.518,0.519,0.126,0.167,0.722,0.152,0.752,0.101,0.776,0.063,0.498,0.122,0.569,0.063,0.06,0.385,0.883,0.124,0.06,0.704,0.06,0.063,0.887,0.27,0.123,0.269,0.355,0.631,0.368,0.868,0.08,0.274,0.059,0.127,0.05,0.351,0.396,0.295,0.329,0.065,0.085,0.054
0.086,0.086,0.147,0.147,0.004,0.518,0.112,0.072,0.511,0.079,0.072,0.094,0.104,0.004,0.094,0.072,0.104,0.004,0.913,0.104,0.047,0.055,0.047,0.109,0.104,0.112,0.109,0.072,0.078,0.079,0.078,0.055,0.252,0.096,0.057,0.096,0.848,0.057,0.252,0.848,0.791,0.096,0.855,0.85,0.096,0.848,0.99,0.855,0.984,0.855,0.368,0.818,0.024,0.219,0.762,0.219,0.219,0.832,0.832,0.832,0.094,0.762,0.219,0.762,0.024,0.094,0.126,0.929,0.126,0.63,0.63,0.63,0.732,0.04,0.866,0.579,0.112,0.952,0.138,0.112,0.707,0.04,0.016,0.712,0.9,0.016,0.138,0.596,0.754,0.908,0.04,0.875,0.579,0.701,0.752,0.016,0.299,0.752,0.752,0.605,0.747,0.161,0.957,0.747,0.747,0.992,0.557,0.984,0.984,0.981,0.828,0.297,0.024,0.302,0.725,0.898,0.094,0.119,0.047,0.297,0.551,0.046,0.126,0.058,0.849,0.898,0.979,0.01,0.898,0.521,0.099,0.038,0.107,0.772,0.836,0.123,0.014,0.899,0.035,0.123,0.157,0.331,0.998,0.018,0.157,0.225,0.157,0.123,0.998,0.011,0.01,0.008,0.113,0.251,0.099,0.985,0.127,0.011,0.248,0.013,0.265,0.13,0.102,0.09,0.093,0.36,0.35,0.097
0.021,0.021,0.024,0.024,0.162,0.784,0.026,0.041,0.827,0.035,0.041,0.024,0.032,0.162,0.024,0.041,0.032,0.162,0.529,0.032,0.079,0.033,0.079,0.034,0.032,0.026,0.034,0.041,0.041,0.035,0.041,0.033,0.033,0.049,0.087,0.049,0.013,0.087,0.033,0.013,0.185,0.049,0.044,0.014,0.049,0.013,0.375,0.044,0.039,0.044,0.924,0.181,0.023,0.033,0.003,0.033,0.034,0.018,0.018,0.018,0.045,0.003,0.034,0.003,0.023,0.045,0.077,0.034,0.077,0.649,0.649,0.649,0.137,0.148,0.019,0.131,0.052,0.065,0.058,0.052,0.117,0.148,0.064,0.146,0.032,0.064,0.058,0.134,0.113,0.095,0.148,0.018,0.133,0.161,0.694,0.064,0.456,0.694,0.694,0.131,0.845,0.04,0.059,0.845,0.845,0.153,0.152,0.115,0.115,0.193,0.085,0.092,0.165,0.219,0.177,0.093,0.071,0.029,0.112,0.092,0.158,0.12,0.07,0.165,0.154,0.131,0.123,0.48,0.131,0.093,0.147,0.02,0.147,0.089,0.114,0.039,0.538,0.134,0.505,0.039,0.011,0.055,0.306,0.439,0.011,0.246,0.011,0.039,0.307,0.324,0.454,0.328,0.781,0.273,0.612,0.307,0.819,0.292,0.942,0.251,0.93,0.695,0.604,0.611,0.632,0.965,0.868,0.828
0.624,0.624,0.58,0.58,0.691,0.017,0.501,0.969,0.018,0.988,0.969,0.516,0.961,0.691,0.516,0.969,0.961,0.691,0.197,0.961,0.545,0.982,0.545,0.959,0.961,0.501,0.959,0.969,0.964,0.988,0.964,0.982,0.794,0.982,0.455,0.982,0.291,0.455,0.794,0.291,0.219,0.982,0.105,0.842,0.982,0.291,0.451,0.105,0.81,0.105,0.019,0.196,0.142,0.842,0.364,0.842,0.861,0.147,0.147,0.147,0.979,0.364,0.861,0.364,0.142,0.979,0.942,0.885,0.942,0.22,0.22,0.22,0.114,0.624,0.845,0.119,0.117,0.816,0.11,0.117,0.199,0.624,0.377,0.168,0.856,0.377,0.11,0.113,0.194,0.873,0.624,0.892,0.114,0.172,0.267,0.377,0.611,0.267,0.267,0.11,0.269,0.223,0.824,0.269,0.269,0.839,0.09,0.097,0.097,0.097,0.021,0.269,0.997,0.271,0.146,0.923,0.948,0.155,0.948,0.269,0.087,0.968,0.862,0.984,0.15,0.095,0.86,0.36,0.095,0.101,0.971,0.368,0.975,0.027,0.911,0.33,0.331,0.1,0.314,0.33,0.317,0.997,0.721,0.126,0.317,0.896,0.317,0.33,0.695,0.253,0.158,0.221,0.31,0.949,0.304,0.555,0.426,0.195,0.474,0.149,0.471,0.301,0.294,0.261,0.289,0.83,0.793,0.484
0.719,0.719,0.66,0.66,0.571,0.233,0.6,0.434,0.219,0.483,0.434,0.562,0.525,0.571,0.562,0.434,0.525,0.571,0.222,0.525,0.849,0.514,0.849,0.526,0.525,0.6,0.526,0.434,0.497,0.483,0.497,0.514,0.419,0.614,0.738,0.614,0.484,0.738,0.419,0.484,0.468,0.614,0.511,0.617,0.614,0.484,0.392,0.511,0.048,0.511,0.153,0.393,0.929,0.459,0.41,0.459,0.465,0.48,0.48,0.48,0.675,0.41,0.465,0.41,0.929,0.675,0.579,0.019,0.579,0.713,0.713,0.713,0.327,0.807,0.352,0.651,0.297,0.076,0.291,0.297,0.225,0.807,0.752,0.522,0.028,0.752,0.291,0.694,0.225,0.062,0.807,0.483,0.663,0.545,0.437,0.752,0.099,0.437,0.437,0.696,0.476,0.578,0.107,0.476,0.476,0.094,0.752,0.313,0.313,0.153,0.309,0.216,0.962,0.126,0.464,0.094,0.455,0.541,0.945,0.216,0.757,0.947,0.501,0.898,0.237,0.275,0.147,0.278,0.275,0.287,0.772,0.842,0.791,0.225,0.411,0.458,0.241,0.128,0.549,0.458,0.407,0.748,0.121,0.228,0.407,0.39,0.407,0.458,0.121,0.303,0.265,0.362,0.042,0.363,0.061,0.119,0.034,0.308,0.066,0.221,0.063,0.028,0.07,0.049,0.054,0.049,0.051,0.02
0.266,0.266,0.228,0.228,0.623,0.54,0.482,0.383,0.416,0.292,0.383,0.54,0.349,0.623,0.54,0.383,0.349,0.623,0.534,0.349,0.289,0.282,0.289,0.381,0.349,0.482,0.381,0.383,0.383,0.292,0.383,0.282,0.51,0.368,0.545,0.368,0.437,0.545,0.51,0.437,0.967,0.368,0.377,0.581,0.368,0.437,0.28,0.377,0.728,0.377,0.309,0.969,0.58,0.538,0.441,0.538,0.55,0.261,0.261,0.261,0.284,0.441,0.55,0.441,0.58,0.284,0.361,0.741,0.361,0.515,0.515,0.515,0.958,0.553,0.589,0.778,0.572,0.477,0.542,0.572,0.961,0.553,0.331,0.925,0.758,0.331,0.542,0.784,0.959,0.281,0.553,0.572,0.777,0.902,0.519,0.331,0.682,0.519,0.519,0.779,0.49,0.031,0.425,0.49,0.49,0.429,0.767,0.588,0.588,0.595,0.791,0.694,0.795,0.726,0.847,0.25,0.611,0.031,0.829,0.694,0.775,0.824,0.638,0.909,0.939,0.59,0.265,0.368,0.59,0.734,0.942,0.063,0.932,0.895,0.552,0.207,0.264,0.596,0.54,0.207,0.188,0.276,0.81,0.455,0.188,0.632,0.188,0.207,0.846,0.339,0.2,0.31,0.646,0.591,0.775,0.735,0.655,0.301,0.76,0.331,0.799,0.641,0.753,0.624,0.674,0.728,0.625,0.524
0.454,0.454,0.456,0.456,0.755,0.383,0.708,0.614,0.363,0.812,0.614,0.679,0.583,0.755,0.679,0.614,0.583,0.755,0.655,0.583,0.456,0.906,0.456,0.493,0.583,0.708,0.493,0.614,0.522,0.812,0.522,0.906,0.632,0.707,0.791,0.707,0.874,0.791,0.632,0.874,0.528,0.707,0.881,0.635,0.707,0.874,0.73,0.881,0.424,0.881,0.329,0.643,0.578,0.653,0.895,0.653,0.678,0.889,0.889,0.889,0.809,0.895,0.678,0.895,0.578,0.809,0.515,0.518,0.515,0.846,0.846,0.846,0.919,0.846,0.618,0.386,0.792,0.744,0.742,0.792,0.664,0.846,0.835,0.461,0.52,0.835,0.742,0.35,0.676,0.748,0.846,0.612,0.346,0.518,0.739,0.835,0.203,0.739,0.739,0.354,0.711,0.795,0.801,0.711,0.711,0.909,0.255,0.963,0.963,0.974,0.795,0.859,0.968,0.889,0.371,0.908,0.43,0.824,0.978,0.859,0.264,0.974,0.352,0.977,0.584,0.94,0.967,0.618,0.94,0.752,0.943,0.825,0.941,0.604,0.932,0.954,0.6,0.955,0.287,0.954,0.943,0.362,0.822,0.356,0.943,0.865,0.943,0.954,0.822,0.33,0.373,0.518,0.534,0.983,0.56,0.702,0.391,0.522,0.386,0.418,0.375,0.51,0.621,0.592,0.656,0.113,0.073,0.373
0.09,0.09,0.106,0.106,0.998,0.609,0.37,0.315,0.53,0.329,0.315,0.375,0.295,0.998,0.375,0.315,0.295,0.998,0.961,0.295,0.17,0.337,0.17,0.3,0.295,0.37,0.3,0.315,0.307,0.329,0.307,0.337,0.292,0.399,0.461,0.399,0.925,0.461,0.292,0.925,0.466,0.399,0.954,0.156,0.399,0.925,0.953,0.954,0.224,0.954,0.525,0.435,0.988,0.393,0.995,0.393,0.4,0.991,0.991,0.991,0.343,0.995,0.4,0.995,0.988,0.343,0.322,0.292,0.322,0.983,0.983,0.983,0.428,0.908,0.198,0.29,0.996,0.102,0.999,0.996,0.607,0.908,0.997,0.504,0.3,0.997,0.999,0.291,0.688,0.117,0.908,0.203,0.299,0.487,0.992,0.997,0.859,0.992,0.992,0.31,0.991,0.997,0.099,0.991,0.991,0.102,0.333,0.411,0.411,0.414,0.212,0.109,0.995,0.109,0.548,0.108,0.383,0.994,0.993,0.109,0.357,0.99,0.348,0.938,0.631,0.42,0.071,0.909,0.42,0.129,0.972,0.982,0.968,0.215,0.14,0.999,0.858,0.437,0.867,0.999,0.999,0.516,0.181,0.785,0.999,0.185,0.999,0.999,0.184,0.652,0.655,0.429,0.947,0.188,0.876,0.206,0.138,0.397,0.165,0.678,0.18,0.927,0.958,0.836,0.922,0.294,0.263,0.43
0.421,0.421,0.435,0.435,0.264,0.543,0.345,0.605,0.548,0.495,0.605,0.327,0.72,0.264,0.327,0.605,0.72,0.264,0.815,0.72,0.508,0.447,0.508,0.661,0.72,0.345,0.661,0.605,0.559,0.495,0.559,0.447,0.538,0.607,0.323,0.607,0.795,0.323,0.538,0.795,0.604,0.607,0.656,0.626,0.607,0.795,0.756,0.656,0.724,0.656,0.494,0.611,0.16,0.496,0.445,0.496,0.494,0.245,0.245,0.245,0.456,0.445,0.494,0.445,0.16,0.456,0.572,0.428,0.572,0.236,0.236,0.236,0.85,0.048,0.617,0.938,0.193,0.638,0.186,0.193,0.957,0.048,0.326,0.969,0.524,0.326,0.186,0.958,0.932,0.526,0.048,0.649,0.905,0.968,0.122,0.326,0.433,0.122,0.122,0.945,0.098,0.331,0.606,0.098,0.098,0.531,0.876,0.422,0.422,0.487,0.338,0.78,0.709,0.855,0.91,0.54,0.591,0.343,0.676,0.78,0.879,0.676,0.6,0.821,0.858,0.562,0.395,0.687,0.562,0.593,0.814,0.242,0.843,0.404,0.354,0.373,0.771,0.652,0.693,0.373,0.39,0.41,0.9,0.977,0.39,0.538,0.39,0.373,0.89,0.94,0.744,0.731,0.421,0.499,0.577,0.818,0.69,0.769,0.567,0.788,0.635,0.515,0.498,0.526,0.466,0.577,0.532,0.567
0.584,0.584,0.511,0.511,0.871,0.34,0.7,0.704,0.325,0.992,0.704,0.824,0.533,0.871,0.824,0.704,0.533,0.871,0.211,0.533,0.518,0.993,0.518,0.558,0.533,0.7,0.558,0.704,0.625,0.992,0.625,0.993,0.942,0.642,0.785,0.642,0.621,0.785,0.942,0.621,0.98,0.642,0.503,0.544,0.642,0.621,0.32,0.503,0.38,0.503,0.399,0.996,0.94,0.91,0.832,0.91,0.91,0.79,0.79,0.79,0.993,0.832,0.91,0.832,0.94,0.993,0.602,0.617,0.602,0.921,0.921,0.921,0.911,0.755,0.667,0.593,0.722,0.658,0.882,0.722,0.82,0.755,0.959,0.719,0.593,0.959,0.882,0.597,0.825,0.567,0.755,0.519,0.58,0.711,0.837,0.959,0.368,0.837,0.837,0.585,0.913,0.921,0.752,0.913,0.913,0.56,0.613,0.345,0.345,0.346,0.355,0.447,0.689,0.458,0.75,0.721,0.698,0.896,0.716,0.447,0.614,0.717,0.514,0.815,0.777,0.379,0.434,0.324,0.379,0.863,0.823,0.969,0.824,0.325,0.581,0.783,0.294,0.382,0.292,0.783,0.808,0.47,0.903,0.893,0.808,0.513,0.808,0.783,0.907,0.71,0.724,0.764,0.333,0.641,0.354,0.955,0.287,0.752,0.34,0.676,0.345,0.316,0.383,0.359,0.384,0.424,0.405,0.423
0.956,0.956,0.979,0.979,0.102,0.706,0.859,0.736,0.686,0.478,0.736,0.871,0.71,0.102,0.871,0.736,0.71,0.102,0.566,0.71,0.969,0.526,0.969,0.725,0.71,0.859,0.725,0.736,0.73,0.478,0.73,0.526,0.717,0.581,0.743,0.581,0.191,0.743,0.717,0.191,0.592,0.581,0.184,0.447,0.581,0.191,0.712,0.184,0.077,0.184,0.712,0.628,0.707,0.81,0.256,0.81,0.803,0.481,0.481,0.481,0.477,0.256,0.803,0.256,0.707,0.477,0.525,0.127,0.525,0.431,0.431,0.431,0.316,0.02,0.505,0.383,0.873,0.244,0.907,0.873,0.368,0.02,0.234,0.447,0.082,0.234,0.907,0.403,0.382,0.215,0.02,0.507,0.379,0.446,0.777,0.234,0.237,0.777,0.777,0.402,0.814,0.362,0.235,0.814,0.814,0.139,0.335,0.51,0.51,0.516,0.226,0.031,0.611,0.013,0.312,0.245,0.144,0.348,0.596,0.031,0.367,0.595,0.136,0.281,0.375,0.296,0.142,0.005,0.296,0.073,0.241,0.211,0.245,0.154,0.19,0.215,0.006,0.328,0.05,0.215,0.214,0.275,0.572,0.576,0.214,0.234,0.214,0.215,0.578,0.804,0.395,0.61,0.094,0.218,0.119,0.582,0.136,0.597,0.357,0.35,0.326,0.087,0.116,0.117,0.13,0.458,0.461,0.21
0.441,0.441,0.385,0.385,0.395,0.215,0.328,0.537,0.267,0.424,0.537,0.388,0.53,0.395,0.388,0.537,0.53,0.395,0.5,0.53,0.489,0.449,0.489,0.487,0.53,0.328,0.487,0.537,0.504,0.424,0.504,0.449,0.817,0.685,0.387,0.685,0.097,0.387,0.817,0.097,0.575,0.685,0.045,0.806,0.685,0.097,0.41,0.045,0.956,0.045,0.293,0.519,0.294,0.757,0.337,0.757,0.759,0.207,0.207,0.207,0.41,0.337,0.759,0.337,0.294,0.41,0.616,0.559,0.616,0.158,0.158,0.158,0.395,0.147,0.748,0.553,0.423,0.594,0.536,0.423,0.639,0.147,0.49,0.582,0.57,0.49,0.536,0.563,0.636,0.464,0.147,0.737,0.564,0.583,0.21,0.49,0.875,0.21,0.21,0.562,0.402,0.546,0.623,0.402,0.402,0.958,0.634,0.149,0.149,0.12,0.032,0.826,0.198,0.79,0.603,0.501,0.408,0.371,0.209,0.826,0.6,0.221,0.44,0.214,0.657,0.477,0.911,0.838,0.477,0.533,0.18,0.399,0.196,0.158,0.935,0.712,0.769,0.466,0.82,0.712,0.789,0.568,0.973,0.871,0.789,0.727,0.789,0.712,0.939,0.86,0.847,0.74,0.479,0.867,0.373,0.959,0.09,0.834,0.048,0.859,0.061,0.463,0.393,0.383,0.414,0.199,0.19,0.051
0.229,0.229,0.253,0.253,0.48,0.433,0.159,0.13,0.453,0.068,0.13,0.157,0.109,0.48,0.157,0.13,0.109,0.48,0.118,0.109,0.385,0.087,0.385,0.078,0.109,0.159,0.078,0.13,0.121,0.068,0.121,0.087,0.573,0.138,0.18,0.138,0.682,0.18,0.573,0.682,0.978,0.138,0.439,0.693,0.138,0.682,0.027,0.439,0.517,0.439,0.832,0.967,0.218,0.582,0.664,0.582,0.613,0.532,0.532,0.532,0.128,0.664,0.613,0.664,0.218,0.128,0.151,0.477,0.151,0.054,0.054,0.054,0.761,0.627,0.674,0.779,0.098,0.712,0.108,0.098,0.934,0.627,0.494,0.897,0.445,0.494,0.108,0.754,0.927,0.576,0.627,0.655,0.785,0.908,0.052,0.494,0.213,0.052,0.052,0.76,0.044,0.108,0.697,0.044,0.044,0.751,0.821,0.646,0.646,0.393,0.348,0.65,0.684,0.367,0.872,0.728,0.965,0.105,0.548,0.65,0.747,0.578,0.777,0.737,0.904,0.691,0.774,0.276,0.691,0.044,0.649,0.455,0.65,0.299,0.851,0.066,0.436,0.414,0.455,0.066,0.089,0.826,0.854,0.169,0.089,0.833,0.089,0.066,0.825,0.139,0.151,0.1,0.458,0.852,0.537,0.759,0.667,0.092,0.662,0.124,0.682,0.387,0.481,0.652,0.511,0.501,0.489,0.68
0.593,0.593,0.625,0.625,0.277,0.722,0.753,0.897,0.719,0.923,0.897,0.836,0.833,0.277,0.836,0.897,0.833,0.277,0.084,0.833,0.661,0.914,0.661,0.778,0.833,0.753,0.778,0.897,0.838,0.923,0.838,0.914,0.582,0.94,0.913,0.94,0.439,0.913,0.582,0.439,0.805,0.94,0.665,0.155,0.94,0.439,0.211,0.665,0.131,0.665,0.654,0.834,0.641,0.681,0.491,0.681,0.689,0.724,0.724,0.724,0.877,0.491,0.689,0.491,0.641,0.877,0.891,0.125,0.891,0.623,0.623,0.623,0.879,0.219,0.255,0.48,0.758,0.311,0.723,0.758,0.729,0.219,0.805,0.608,0.137,0.805,0.723,0.474,0.785,0.258,0.219,0.272,0.477,0.599,0.748,0.805,0.331,0.748,0.748,0.443,0.745,0.651,0.409,0.745,0.745,0.327,0.426,0.734,0.734,0.578,0.43,0.468,0.658,0.574,0.588,0.358,0.089,0.661,0.685,0.468,0.422,0.698,0.077,0.766,0.74,0.464,0.291,0.388,0.464,0.665,0.716,0.681,0.715,0.326,0.132,0.882,0.364,0.331,0.617,0.882,0.807,0.076,0.077,0.289,0.807,0.113,0.807,0.882,0.077,0.644,0.356,0.625,0.55,0.115,0.46,0.083,0.344,0.755,0.41,0.348,0.36,0.526,0.475,0.491,0.499,0.459,0.487,0.529
0.658,0.658,0.675,0.675,0.438,0.211,0.872,0.779,0.203,0.72,0.779,0.888,0.727,0.438,0.888,0.779,0.727,0.438,0.871,0.727,0.735,0.784,0.735,0.736,0.727,0.872,0.736,0.779,0.753,0.72,0.753,0.784,0.329,0.69,0.896,0.69,0.768,0.896,0.329,0.768,0.192,0.69,0.793,0.088,0.69,0.768,0.835,0.793,0.523,0.793,0.198,0.186,0.757,0.418,0.823,0.418,0.406,0.828,0.828,0.828,0.66,0.823,0.406,0.823,0.757,0.66,0.682,0.251,0.682,0.736,0.736,0.736,0.08,0.556,0.047,0.216,0.656,0.105,0.592,0.656,0.436,0.556,0.814,0.294,0.332,0.814,0.592,0.218,0.423,0.119,0.556,0.063,0.233,0.294,0.797,0.814,0.341,0.797,0.797,0.234,0.797,0.678,0.07,0.797,0.797,0.195,0.218,0.288,0.288,0.354,0.51,0.586,0.264,0.671,0.315,0.14,0.085,0.759,0.254,0.586,0.233,0.247,0.086,0.195,0.408,0.306,0.206,0.622,0.306,0.7,0.217,0.88,0.211,0.504,0.095,0.651,0.607,0.304,0.772,0.651,0.56,0.097,0.674,0.529,0.56,0.079,0.56,0.651,0.638,0.457,0.582,0.408,0.877,0.116,0.811,0.711,0.892,0.429,0.771,0.516,0.739,0.846,0.786,0.835,0.818,0.871,0.935,0.723
0.803,0.803,0.621,0.621,0.484,0.183,0.686,0.751,0.198,0.649,0.751,0.746,0.648,0.484,0.746,0.751,0.648,0.484,0.86,0.648,0.672,0.66,0.672,0.648,0.648,0.686,0.648,0.751,0.723,0.649,0.723,0.66,0.404,0.703,0.782,0.703,0.703,0.782,0.404,0.703,0.21,0.703,0.671,0.818,0.703,0.703,0.869,0.671,0.781,0.671,0.23,0.229,0.842,0.437,0.529,0.437,0.455,0.499,0.499,0.499,0.695,0.529,0.455,0.529,0.842,0.695,0.69,0.764,0.69,0.788,0.788,0.788,0.171,0.441,0.881,0.818,0.892,0.824,0.883,0.892,0.201,0.441,0.789,0.162,0.734,0.789,0.883,0.805,0.207,0.906,0.441,0.873,0.825,0.158,0.807,0.789,0.417,0.807,0.807,0.826,0.811,0.866,0.787,0.811,0.811,0.781,0.708,0.91,0.91,0.911,0.406,0.872,0.404,0.898,0.141,0.839,0.864,0.866,0.525,0.872,0.746,0.566,0.959,0.558,0.16,0.919,0.678,0.698,0.919,0.335,0.516,0.82,0.548,0.41,0.807,0.896,0.797,0.905,0.345,0.896,0.899,0.857,0.022,0.312,0.899,0.975,0.899,0.896,0.022,0.22,0.258,0.231,0.615,0.924,0.912,0.039,0.393,0.224,0.443,0.242,0.414,0.702,0.847,0.942,0.917,0.852,0.813,0.492
0.292,0.292,0.367,0.367,0.607,0.371,0.255,0.137,0.368,0.153,0.137,0.22,0.194,0.607,0.22,0.137,0.194,0.607,0.758,0.194,0.309,0.133,0.309,0.182,0.194,0.255,0.182,0.137,0.088,0.153,0.088,0.133,0.998,0.116,0.269,0.116,0.846,0.269,0.998,0.846,0.481,0.116,0.831,0.508,0.116,0.846,0.838,0.831,0.816,0.831,0.358,0.502,0.691,0.998,0.954,0.998,0.998,0.953,0.953,0.953,0.117,0.954,0.998,0.954,0.691,0.117,0.06,0.795,0.06,0.652,0.652,0.652,0.492,0.234,0.481,0.536,0.788,0.835,0.818,0.788,0.377,0.234,0.778,0.474,0.683,0.778,0.818,0.534,0.387,0.752,0.234,0.481,0.555,0.473,0.938,0.778,0.223,0.938,0.938,0.553,0.924,0.839,0.784,0.924,0.924,0.678,0.507,0.926,0.926,0.945,0.895,0.465,0.13,0.381,0.437,0.779,0.782,0.806,0.135,0.465,0.552,0.138,0.792,0.144,0.393,0.908,0.57,0.001,0.908,0.59,0.148,0.777,0.154,0.854,0.474,0.853,0.001,0.931,0.003,0.853,0.924,0.789,0.219,0.002,0.924,0.812,0.924,0.853,0.212,0.003,0.002,0.001,0.056,0.873,0.077,0.226,0.092,0.002,0.213,0.002,0.214,0.044,0.08,0.1,0.092,0.197,0.165,0.077
0.302,0.302,0.304,0.304,0.132,0.893,0.243,0.278,0.886,0.263,0.278,0.264,0.257,0.132,0.264,0.278,0.257,0.132,0.282,0.257,0.282,0.275,0.282,0.265,0.257,0.243,0.265,0.278,0.28,0.263,0.28,0.275,0.187,0.258,0.243,0.258,0.435,0.243,0.187,0.435,0.283,0.258,0.494,0.752,0.258,0.435,0.252,0.494,0.954,0.494,0.888,0.347,0.478,0.273,0.49,0.273,0.304,0.628,0.628,0.628,0.244,0.49,0.304,0.49,0.478,0.244,0.265,0.948,0.265,0.393,0.393,0.393,0.625,0.178,0.822,0.175,0.628,0.957,0.623,0.628,0.323,0.178,0.557,0.268,0.942,0.557,0.623,0.197,0.34,0.944,0.178,0.809,0.176,0.246,0.581,0.557,0.102,0.581,0.581,0.2,0.549,0.626,0.971,0.549,0.549,0.946,0.192,0.976,0.976,0.96,0.871,0.303,0.093,0.323,0.274,0.955,0.534,0.637,0.081,0.303,0.197,0.086,0.484,0.113,0.37,0.863,0.932,0.144,0.863,0.118,0.083,0.557,0.092,0.783,0.741,0.711,0.237,0.917,0.176,0.711,0.681,0.575,0.216,0.174,0.681,0.627,0.681,0.711,0.194,0.225,0.259,0.266,0.211,0.675,0.219,0.215,0.507,0.297,0.593,0.271,0.585,0.216,0.225,0.209,0.212,0.401,0.382,0.321
0.055,0.055,0.054,0.054,0.86,0.095,0.035,0.037,0.103,0.045,0.037,0.031,0.041,0.86,0.031,0.037,0.041,0.86,0.527,0.041,0.177,0.052,0.177,0.042,0.041,0.035,0.042,0.037,0.036,0.045,0.036,0.052,0.045,0.071,0.169,0.071,0.959,0.169,0.045,0.959,0.076,0.071,0.861,0.517,0.071,0.959,0.621,0.861,0.577,0.861,0.27,0.086,0.722,0.051,0.869,0.051,0.052,0.843,0.843,0.843,0.105,0.869,0.052,0.869,0.722,0.105,0.095,0.662,0.095,0.756,0.756,0.756,0.264,0.808,0.575,0.18,0.956,0.359,0.973,0.956,0.185,0.808,0.64,0.221,0.682,0.64,0.973,0.193,0.19,0.293,0.808,0.6,0.188,0.212,0.933,0.64,0.484,0.933,0.933,0.206,0.949,0.956,0.369,0.949,0.949,0.392,0.466,0.399,0.399,0.391,0.836,0.19,0.797,0.195,0.375,0.345,0.647,0.944,0.723,0.19,0.493,0.739,0.641,0.648,0.269,0.33,0.329,0.398,0.33,0.794,0.436,0.859,0.456,0.825,0.499,0.912,0.324,0.34,0.311,0.912,0.926,0.336,0.326,0.367,0.926,0.643,0.926,0.912,0.387,0.713,0.5,0.508,0.531,0.602,0.651,0.41,0.513,0.535,0.464,0.338,0.46,0.67,0.608,0.587,0.532,0.772,0.818,0.734
0.088,0.088,0.091,0.091,0.332,0.352,0.086,0.651,0.307,0.959,0.651,0.075,0.649,0.332,0.075,0.651,0.649,0.332,0.401,0.649,0.095,0.922,0.095,0.62,0.649,0.086,0.62,0.651,0.639,0.959,0.639,0.922,0.607,0.566,0.089,0.566,0.45,0.089,0.607,0.45,0.944,0.566,0.815,0.561,0.566,0.45,0.488,0.815,0.396,0.815,0.242,0.853,0.493,0.613,0.315,0.613,0.578,0.786,0.786,0.786,0.912,0.315,0.578,0.315,0.493,0.912,0.498,0.462,0.498,0.069,0.069,0.069,0.694,0.353,0.613,0.885,0.622,0.472,0.585,0.622,0.899,0.353,0.545,0.792,0.433,0.545,0.585,0.925,0.926,0.759,0.353,0.627,0.915,0.752,0.438,0.545,0.31,0.438,0.438,0.934,0.328,0.622,0.484,0.328,0.328,0.632,0.943,0.484,0.484,0.425,0.133,0.024,0.839,0.045,0.858,0.765,0.901,0.7,0.919,0.024,0.961,0.82,0.754,0.979,0.894,0.14,0.662,0.771,0.14,0.002,0.981,0.157,0.978,0.042,0.849,0.686,0.726,0.135,0.803,0.686,0.551,0.951,0.296,0.688,0.551,0.574,0.551,0.686,0.301,0.507,0.538,0.532,0.104,0.585,0.055,0.356,0.245,0.44,0.077,0.568,0.07,0.096,0.058,0.063,0.065,0.297,0.259,0.142
0.18,0.18,0.279,0.279,0.742,0.475,0.634,0.642,0.449,0.546,0.642,0.501,0.773,0.742,0.501,0.642,0.773,0.742,0.317,0.773,0.288,0.416,0.288,0.833,0.773,0.634,0.833,0.642,0.562,0.546,0.562,0.416,0.935,0.532,0.435,0.532,0.412,0.435,0.935,0.412,0.444,0.532,0.235,0.097,0.532,0.412,0.267,0.235,0.461,0.235,0.4,0.591,0.426,0.959,0.329,0.959,0.967,0.275,0.275,0.275,0.444,0.329,0.967,0.329,0.426,0.444,0.589,0.449,0.589,0.18,0.18,0.18,0.357,0.437,0.114,0.156,0.241,0.837,0.105,0.241,0.265,0.437,0.427,0.233,0.357,0.427,0.105,0.15,0.294,0.867,0.437,0.105,0.162,0.232,0.061,0.427,0.295,0.061,0.061,0.153,0.025,0.153,0.815,0.025,0.025,0.778,0.133,0.45,0.45,0.466,0.762,0.878,0.384,0.882,0.207,0.889,0.054,0.231,0.426,0.878,0.137,0.391,0.035,0.38,0.258,0.739,0.844,0.264,0.739,0.963,0.458,0.428,0.478,0.977,0.062,0.183,0.247,0.764,0.269,0.183,0.093,0.034,0.564,0.181,0.093,0.046,0.093,0.183,0.544,0.149,0.243,0.144,0.587,0.058,0.434,0.446,0.041,0.154,0.112,0.197,0.098,0.562,0.459,0.436,0.463,0.152,0.15,0.178
0.242,0.242,0.371,0.371,0.498,0.565,0.262,0.16,0.596,0.144,0.16,0.192,0.216,0.498,0.192,0.16,0.216,0.498,0.462,0.216,0.355,0.106,0.355,0.22,0.216,0.262,0.22,0.16,0.152,0.144,0.152,0.106,0.095,0.186,0.299,0.186,0.086,0.299,0.095,0.086,0.962,0.186,0.098,0.878,0.186,0.086,0.432,0.098,0.632,0.098,0.568,0.975,0.547,0.05,0.174,0.05,0.047,0.197,0.197,0.197,0.095,0.174,0.047,0.174,0.547,0.095,0.173,0.591,0.173,0.443,0.443,0.443,0.962,0.404,0.859,0.917,0.384,0.23,0.353,0.384,0.824,0.404,0.317,0.749,0.658,0.317,0.353,0.919,0.839,0.502,0.404,0.906,0.909,0.747,0.378,0.317,0.25,0.378,0.378,0.913,0.334,0.485,0.249,0.334,0.334,0.359,0.89,0.052,0.052,0.053,0.132,0.178,0.764,0.22,0.747,0.397,0.663,0.489,0.776,0.178,0.889,0.786,0.559,0.703,0.893,0.057,0.38,0.656,0.057,0.192,0.732,0.472,0.732,0.141,0.283,0.236,0.69,0.048,0.741,0.236,0.196,0.656,0.672,0.583,0.196,0.474,0.196,0.236,0.649,0.408,0.508,0.241,0.716,0.429,0.749,0.754,0.765,0.249,0.917,0.439,0.919,0.705,0.71,0.763,0.693,0.94,0.931,0.913
0.028,0.028,0.023,0.023,0.094,0.989,0.017,0.001,0.991,0.022,0.001,0.019,0.006,0.094,0.019,0.001,0.006,0.094,0.212,0.006,0.013,0.027,0.013,0.005,0.006,0.017,0.005,0.001,0.001,0.022,0.001,0.027,0.034,0.009,0.016,0.009,0.151,0.016,0.034,0.151,0.113,0.009,0.361,0.92,0.009,0.151,0.163,0.361,0.809,0.361,0.999,0.119,0.2,0.043,0.172,0.043,0.045,0.36,0.36,0.36,0.03,0.172,0.045,0.172,0.2,0.03,0.009,0.4,0.009,0.039,0.039,0.039,0.179,0.043,0.453,0.092,0.279,0.677,0.301,0.279,0.097,0.043,0.356,0.094,0.423,0.356,0.301,0.099,0.103,0.675,0.043,0.385,0.092,0.087,0.032,0.356,0.014,0.032,0.032,0.099,0.029,0.359,0.707,0.029,0.029,0.905,0.122,0.203,0.203,0.203,0.201,0.235,0.77,0.374,0.17,0.684,0.586,0.34,0.63,0.235,0.12,0.696,0.599,0.568,0.205,0.252,0.902,0.572,0.252,0.193,0.518,0.342,0.571,0.284,0.771,0.461,0.57,0.259,0.725,0.461,0.424,0.501,0.633,0.531,0.424,0.697,0.424,0.461,0.648,0.296,0.59,0.261,0.54,0.685,0.624,0.574,0.557,0.27,0.564,0.538,0.534,0.618,0.617,0.674,0.652,0.615,0.558,0.569
0.131,0.131,0.145,0.145,0.24,0.797,0.118,0.105,0.806,0.075,0.105,0.133,0.092,0.24,0.133,0.105,0.092,0.24,0.209,0.092,0.161,0.091,0.161,0.1,0.092,0.118,0.1,0.105,0.14,0.075,0.14,0.091,0.182,0.043,0.154,0.043,0.919,0.154,0.182,0.919,0.328,0.043,0.851,0.444,0.043,0.919,0.204,0.851,0.891,0.851,0.805,0.379,0.467,0.131,0.86,0.131,0.125,0.81,0.81,0.81,0.075,0.86,0.125,0.86,0.467,0.075,0.057,0.604,0.057,0.401,0.401,0.401,0.279,0.434,0.355,0.269,0.599,0.271,0.58,0.599,0.335,0.434,0.593,0.25,0.518,0.593,0.58,0.244,0.336,0.282,0.434,0.359,0.268,0.253,0.577,0.593,0.525,0.577,0.577,0.24,0.615,0.675,0.252,0.615,0.615,0.505,0.229,0.955,0.955,0.961,0.378,0.876,0.057,0.847,0.214,0.32,0.155,0.686,0.074,0.876,0.232,0.073,0.241,0.073,0.276,0.911,0.664,0.29,0.911,0.473,0.065,0.5,0.066,0.599,0.647,0.866,0.338,0.916,0.224,0.866,0.856,0.304,0.643,0.13,0.856,0.504,0.856,0.866,0.615,0.153,0.297,0.155,0.625,0.436,0.533,0.672,0.72,0.148,0.699,0.379,0.716,0.605,0.473,0.512,0.454,0.721,0.757,0.808
0.907,0.907,0.887,0.887,0.872,0.56,0.834,0.777,0.546,0.957,0.777,0.837,0.745,0.872,0.837,0.777,0.745,0.872,0.393,0.745,0.98,0.955,0.98,0.692,0.745,0.834,0.692,0.777,0.763,0.957,0.763,0.955,0.666,0.669,0.8,0.669,0.896,0.8,0.666,0.896,0.4,0.669,0.832,0.013,0.669,0.896,0.324,0.832,0.081,0.832,0.842,0.378,0.801,0.621,0.902,0.621,0.634,0.84,0.84,0.84,0.957,0.902,0.634,0.902,0.801,0.957,0.678,0.067,0.678,0.565,0.565,0.565,0.345,0.927,0.018,0.24,0.949,0.305,0.953,0.949,0.452,0.927,0.745,0.331,0.064,0.745,0.953,0.246,0.463,0.211,0.927,0.017,0.245,0.322,0.72,0.745,0.564,0.72,0.72,0.238,0.709,0.595,0.287,0.709,0.709,0.251,0.208,0.03,0.03,0.036,0.043,0.088,0.08,0.092,0.293,0.201,0.032,0.573,0.083,0.088,0.214,0.084,0.033,0.114,0.447,0.04,0.171,0.323,0.04,0.08,0.121,0.618,0.09,0.058,0.092,0.876,0.503,0.046,0.568,0.876,0.892,0.041,0.325,0.256,0.892,0.133,0.892,0.876,0.32,0.528,0.225,0.415,0.776,0.124,0.574,0.389,0.787,0.409,0.627,0.233,0.643,0.793,0.581,0.732,0.665,0.321,0.323,0.116
0.697,0.697,0.705,0.705,0.479,0.308,0.575,0.48,0.266,0.41,0.48,0.518,0.524,0.479,0.518,0.48,0.524,0.479,0.744,0.524,0.698,0.402,0.698,0.557,0.524,0.575,0.557,0.48,0.509,0.41,0.509,0.402,0.524,0.51,0.592,0.51,0.467,0.592,0.524,0.467,0.685,0.51,0.27,0.314,0.51,0.467,0.625,0.27,0.028,0.27,0.306,0.674,0.101,0.592,0.697,0.592,0.593,0.539,0.539,0.539,0.534,0.697,0.593,0.697,0.101,0.534,0.626,0.029,0.626,0.392,0.392,0.392,0.589,0.568,0.337,0.974,0.159,0.069,0.154,0.159,0.94,0.568,0.198,0.992,0.034,0.198,0.154,0.976,0.931,0.055,0.568,0.279,0.969,0.994,0.552,0.198,0.797,0.552,0.552,0.966,0.602,0.28,0.082,0.602,0.602,0.176,0.973,0.802,0.802,0.737,0.638,0.715,0.932,0.693,0.989,0.073,0.143,0.274,0.78,0.715,0.966,0.815,0.133,0.956,0.951,0.932,0.189,0.339,0.932,0.68,0.952,0.166,0.947,0.741,0.191,0.299,0.39,0.882,0.237,0.299,0.319,0.146,0.08,0.615,0.319,0.208,0.319,0.299,0.08,0.495,0.57,0.52,0.246,0.209,0.27,0.082,0.34,0.519,0.388,0.631,0.393,0.249,0.272,0.264,0.26,0.416,0.42,0.322
0.203,0.203,0.192,0.192,0.071,0.994,0.221,0.218,0.99,0.125,0.218,0.244,0.177,0.071,0.244,0.218,0.177,0.071,0.974,0.177,0.195,0.187,0.195,0.167,0.177,0.221,0.167,0.218,0.222,0.125,0.222,0.187,0.06,0.204,0.244,0.204,0.798,0.244,0.06,0.798,0.406,0.204,0.646,0.606,0.204,0.798,0.886,0.646,0.777,0.646,0.963,0.411,0.51,0.096,0.6,0.096,0.099,0.367,0.367,0.367,0.151,0.6,0.099,0.6,0.51,0.151,0.212,0.838,0.212,0.363,0.363,0.363,0.578,0.029,0.576,0.895,0.456,0.049,0.629,0.456,0.306,0.029,0.267,0.92,0.803,0.267,0.629,0.854,0.305,0.05,0.029,0.548,0.886,0.933,0.569,0.267,0.245,0.569,0.569,0.863,0.458,0.694,0.046,0.458,0.458,0.056,0.792,0.885,0.885,0.896,0.883,0.412,0.667,0.417,0.857,0.034,0.154,0.653,0.754,0.412,0.799,0.743,0.17,0.577,0.357,0.968,0.075,0.459,0.968,0.425,0.511,0.565,0.452,0.943,0.157,0.496,0.413,0.961,0.437,0.496,0.519,0.104,0.453,0.434,0.519,0.1,0.519,0.496,0.486,0.418,0.693,0.66,0.758,0.143,0.871,0.436,0.515,0.629,0.415,0.658,0.442,0.743,0.851,0.871,0.838,0.529,0.472,0.576
0.664,0.664,0.697,0.697,0.768,0.91,0.728,0.799,0.868,0.671,0.799,0.657,0.836,0.768,0.657,0.799,0.836,0.768,0.666,0.836,0.541,0.686,0.541,0.762,0.836,0.728,0.762,0.799,0.806,0.671,0.806,0.686,0.615,0.825,0.629,0.825,0.868,0.629,0.615,0.868,0.584,0.825,0.65,0.526,0.825,0.868,0.649,0.65,0.571,0.65,0.691,0.57,0.875,0.703,0.818,0.703,0.65,0.77,0.77,0.77,0.704,0.818,0.65,0.818,0.875,0.704,0.867,0.514,0.867,0.608,0.608,0.608,0.453,0.594,0.658,0.225,0.844,0.654,0.766,0.844,0.273,0.594,0.922,0.278,0.634,0.922,0.766,0.215,0.283,0.716,0.594,0.619,0.219,0.29,0.402,0.922,0.548,0.402,0.402,0.215,0.386,0.652,0.772,0.386,0.386,0.832,0.169,0.909,0.909,0.9,0.961,0.961,0.187,0.926,0.252,0.666,0.497,0.665,0.221,0.961,0.172,0.225,0.487,0.107,0.238,0.988,0.862,0.036,0.988,0.876,0.102,0.851,0.114,0.949,0.862,0.826,0.06,0.973,0.011,0.826,0.825,0.481,0.959,0.36,0.825,0.698,0.825,0.826,0.965,0.209,0.601,0.322,0.09,0.615,0.088,0.983,0.126,0.361,0.19,0.551,0.213,0.143,0.095,0.107,0.117,0.333,0.299,0.233
0.157,0.157,0.123,0.123,0.16,0.401,0.089,0.447,0.415,0.737,0.447,0.104,0.487,0.16,0.104,0.447,0.487,0.16,0.379,0.487,0.053,0.64,0.053,0.5,0.487,0.089,0.5,0.447,0.444,0.737,0.444,0.64,0.963,0.411,0.037,0.411,0.575,0.037,0.963,0.575,0.265,0.411,0.454,0.068,0.411,0.575,0.456,0.454,0.344,0.454,0.389,0.314,0.139,0.967,0.645,0.967,0.97,0.569,0.569,0.569,0.645,0.645,0.97,0.645,0.139,0.645,0.397,0.329,0.397,0.854,0.854,0.854,0.198,0.139,0.077,0.242,0.369,0.05,0.411,0.369,0.353,0.139,0.347,0.292,0.249,0.347,0.411,0.251,0.401,0.039,0.139,0.075,0.228,0.354,0.998,0.347,0.705,0.998,0.998,0.245,0.998,0.663,0.045,0.998,0.998,0.05,0.203,0.06,0.06,0.049,0.039,0.052,0.323,0.039,0.32,0.044,0.075,0.591,0.369,0.052,0.198,0.393,0.078,0.268,0.435,0.079,0.032,0.44,0.079,0.067,0.227,0.243,0.247,0.046,0.048,0.621,0.377,0.066,0.492,0.621,0.741,0.083,0.755,0.818,0.741,0.05,0.741,0.621,0.811,0.776,0.812,0.854,0.081,0.044,0.089,0.706,0.288,0.814,0.045,0.768,0.076,0.077,0.084,0.066,0.059,0.23,0.181,0.387
0.239,0.239,0.257,0.257,0.551,0.859,0.116,0.145,0.8,0.072,0.145,0.148,0.088,0.551,0.148,0.145,0.088,0.551,0.976,0.088,0.383,0.105,0.383,0.084,0.088,0.116,0.084,0.145,0.133,0.072,0.133,0.105,0.869,0.189,0.171,0.189,0.423,0.171,0.869,0.423,0.594,0.189,0.336,0.164,0.189,0.423,0.911,0.336,0.024,0.336,0.73,0.62,0.552,0.899,0.501,0.899,0.889,0.401,0.401,0.401,0.16,0.501,0.889,0.501,0.552,0.16,0.205,0.035,0.205,0.606,0.606,0.606,0.801,0.803,0.157,0.585,0.706,0.358,0.66,0.706,0.655,0.803,0.383,0.729,0.026,0.383,0.66,0.592,0.663,0.451,0.803,0.154,0.608,0.728,0.627,0.383,0.889,0.627,0.627,0.61,0.631,0.227,0.257,0.631,0.631,0.142,0.514,0.661,0.661,0.731,0.704,0.884,0.431,0.905,0.649,0.261,0.659,0.26,0.527,0.884,0.534,0.526,0.685,0.345,0.608,0.834,0.153,0.948,0.834,0.989,0.403,0.202,0.396,0.909,0.203,0.413,0.934,0.87,0.852,0.413,0.343,0.297,0.838,0.705,0.343,0.401,0.343,0.413,0.817,0.715,0.886,0.782,0.559,0.304,0.573,0.819,0.308,0.863,0.274,0.937,0.268,0.548,0.579,0.535,0.548,0.247,0.25,0.286
0.508,0.508,0.552,0.552,0.077,0.782,0.617,0.488,0.655,0.363,0.488,0.543,0.44,0.077,0.543,0.488,0.44,0.077,0.394,0.44,0.502,0.381,0.502,0.421,0.44,0.617,0.421,0.488,0.443,0.363,0.443,0.381,0.795,0.643,0.7,0.643,0.095,0.7,0.795,0.095,0.943,0.643,0.146,0.498,0.643,0.095,0.373,0.146,0.567,0.146,0.245,0.946,0.462,0.803,0.151,0.803,0.768,0.249,0.249,0.249,0.458,0.151,0.768,0.151,0.462,0.458,0.683,0.668,0.683,0.522,0.522,0.522,0.94,0.221,0.5,0.967,0.15,0.52,0.168,0.15,0.993,0.221,0.445,0.978,0.636,0.445,0.168,0.949,0.994,0.518,0.221,0.484,0.975,0.984,0.332,0.445,0.582,0.332,0.332,0.975,0.314,0.386,0.579,0.314,0.314,0.325,0.92,0.717,0.717,0.438,0.279,0.861,0.856,0.831,0.973,0.675,0.675,0.35,0.806,0.861,0.963,0.798,0.68,0.694,0.999,0.619,0.284,0.718,0.619,0.726,0.685,0.522,0.688,0.181,0.418,0.237,0.825,0.362,0.672,0.237,0.233,0.442,0.529,0.485,0.233,0.624,0.233,0.237,0.519,0.578,0.495,0.6,0.77,0.705,0.782,0.524,0.259,0.706,0.205,0.572,0.194,0.822,0.769,0.875,0.862,0.164,0.215,0.151
0.774,0.774,0.833,0.833,0.097,0.188,0.789,0.733,0.186,0.657,0.733,0.812,0.692,0.097,0.812,0.733,0.692,0.097,0.17,0.692,0.855,0.694,0.855,0.737,0.692,0.789,0.737,0.733,0.768,0.657,0.768,0.694,0.457,0.758,0.885,0.758,0.46,0.885,0.457,0.46,0.321,0.758,0.515,0.122,0.758,0.46,0.078,0.515,0.033,0.515,0.187,0.316,0.148,0.473,0.338,0.473,0.504,0.462,0.462,0.462,0.699,0.338,0.504,0.338,0.148,0.699,0.761,0.012,0.761,0.011,0.011,0.011,0.261,0.187,0.026,0.368,0.026,0.008,0.04,0.026,0.297,0.187,0.338,0.366,0.013,0.338,0.04,0.375,0.299,0.007,0.187,0.031,0.382,0.411,0.013,0.338,0.04,0.013,0.013,0.384,0.017,0.034,0.008,0.017,0.017,0.006,0.22,0.65,0.65,0.49,0.498,0.534,0.392,0.408,0.344,0.007,0.01,0.015,0.287,0.534,0.218,0.279,0.015,0.507,0.217,0.651,0.007,0.05,0.651,0.958,0.522,0.149,0.57,0.552,0.017,0.17,0.043,0.486,0.02,0.17,0.219,0.005,0.663,0.261,0.219,0.021,0.219,0.17,0.666,0.241,0.202,0.247,0.106,0.02,0.1,0.775,0.095,0.225,0.186,0.189,0.209,0.098,0.108,0.119,0.11,0.238,0.162,0.253
0.66,0.66,0.701,0.701,0.618,0.378,0.856,0.527,0.373,0.358,0.527,0.73,0.694,0.618,0.73,0.527,0.694,0.618,0.491,0.694,0.562,0.32,0.562,0.683,0.694,0.856,0.683,0.527,0.612,0.358,0.612,0.32,0.734,0.529,0.71,0.529,0.421,0.71,0.734,0.421,0.392,0.529,0.383,0.465,0.529,0.421,0.645,0.383,0.673,0.383,0.386,0.436,0.443,0.781,0.203,0.781,0.762,0.171,0.171,0.171,0.307,0.203,0.762,0.203,0.443,0.307,0.586,0.883,0.586,0.214,0.214,0.214,0.571,0.602,0.428,0.632,0.499,0.613,0.528,0.499,0.34,0.602,0.218,0.595,0.865,0.218,0.528,0.641,0.345,0.516,0.602,0.41,0.613,0.558,0.177,0.218,0.499,0.177,0.177,0.613,0.201,0.409,0.569,0.201,0.201,0.427,0.598,0.408,0.408,0.411,0.513,0.293,0.278,0.286,0.576,0.506,0.406,0.37,0.316,0.293,0.576,0.314,0.427,0.276,0.367,0.578,0.35,0.058,0.578,0.2,0.32,0.313,0.288,0.473,0.231,0.358,0.05,0.593,0.043,0.358,0.27,0.268,0.658,0.488,0.27,0.146,0.27,0.358,0.636,0.261,0.234,0.129,0.007,0.146,0.03,0.553,0.057,0.128,0.127,0.161,0.126,0.008,0.025,0.026,0.023,0.059,0.057,0.056
0.999,0.999,0.999,0.999,0.661,0.387,0.969,0.96,0.434,0.984,0.96,0.966,0.971,0.661,0.966,0.96,0.971,0.661,0.602,0.971,0.994,0.981,0.994,0.961,0.971,0.969,0.961,0.96,0.953,0.984,0.953,0.981,0.938,0.986,0.993,0.986,0.34,0.993,0.938,0.34,0.061,0.986,0.689,0.189,0.986,0.34,0.805,0.689,0.047,0.689,0.302,0.058,0.607,0.925,0.451,0.925,0.926,0.477,0.477,0.477,0.988,0.451,0.926,0.451,0.607,0.988,0.978,0.062,0.978,0.791,0.791,0.791,0.062,0.785,0.097,0.103,0.418,0.127,0.576,0.418,0.11,0.785,0.764,0.143,0.069,0.764,0.576,0.1,0.094,0.143,0.785,0.136,0.094,0.151,0.595,0.764,0.911,0.595,0.595,0.086,0.784,0.763,0.125,0.784,0.784,0.156,0.084,0.92,0.92,0.812,0.887,0.907,0.956,0.848,0.13,0.13,0.211,0.636,0.924,0.907,0.082,0.909,0.18,0.978,0.09,0.344,0.202,0.817,0.344,0.973,0.968,0.788,0.964,0.413,0.25,0.411,0.874,0.243,0.793,0.411,0.506,0.139,0.764,0.784,0.506,0.195,0.506,0.411,0.839,0.831,0.815,0.643,0.283,0.203,0.274,0.778,0.495,0.655,0.557,0.76,0.505,0.328,0.276,0.313,0.301,0.605,0.596,0.697
0.808,0.808,0.746,0.746,0.143,0.847,0.758,0.742,0.756,0.586,0.742,0.792,0.789,0.143,0.792,0.742,0.789,0.143,0.291,0.789,0.767,0.591,0.767,0.862,0.789,0.758,0.862,0.742,0.8,0.586,0.8,0.591,0.351,0.683,0.719,0.683,0.739,0.719,0.351,0.739,0.35,0.683,0.661,0.407,0.683,0.739,0.415,0.661,0.439,0.661,0.58,0.287,0.24,0.311,0.669,0.311,0.324,0.681,0.681,0.681,0.644,0.669,0.324,0.669,0.24,0.644,0.756,0.589,0.756,0.109,0.109,0.109,0.294,0.272,0.55,0.183,0.56,0.711,0.445,0.56,0.234,0.272,0.296,0.213,0.604,0.296,0.445,0.184,0.237,0.688,0.272,0.73,0.191,0.216,0.015,0.296,0.71,0.015,0.015,0.191,0.032,0.44,0.693,0.032,0.032,0.437,0.226,0.829,0.829,0.963,0.622,0.573,0.181,0.599,0.218,0.646,0.788,0.547,0.148,0.573,0.249,0.143,0.837,0.089,0.18,0.879,0.634,0.081,0.879,0.591,0.035,0.224,0.038,0.802,0.547,0.887,0.079,0.979,0.037,0.887,0.779,0.558,0.248,0.405,0.779,0.729,0.779,0.887,0.245,0.32,0.547,0.374,0.139,0.678,0.148,0.244,0.185,0.393,0.249,0.636,0.242,0.169,0.165,0.143,0.163,0.191,0.184,0.206
0.713,0.713,0.599,0.599,0.487,0.376,0.952,0.894,0.407,0.705,0.894,0.955,0.824,0.487,0.955,0.894,0.824,0.487,0.15,0.824,0.803,0.76,0.803,0.805,0.824,0.952,0.805,0.894,0.908,0.705,0.908,0.76,0.465,0.816,0.91,0.816,0.724,0.91,0.465,0.724,0.94,0.816,0.601,0.831,0.816,0.724,0.124,0.601,0.813,0.601,0.541,0.899,0.106,0.464,0.722,0.464,0.483,0.525,0.525,0.525,0.68,0.722,0.483,0.722,0.106,0.68,0.841,0.755,0.841,0.077,0.077,0.077,0.786,0.252,0.739,0.859,0.138,0.899,0.175,0.138,0.755,0.252,0.192,0.667,0.819,0.192,0.175,0.862,0.708,0.845,0.252,0.722,0.816,0.698,0.019,0.192,0.076,0.019,0.019,0.808,0.018,0.291,0.877,0.018,0.018,0.725,0.866,0.806,0.806,0.656,0.579,0.359,0.665,0.422,0.656,0.837,0.981,0.242,0.684,0.359,0.823,0.694,0.989,0.901,0.701,0.837,0.791,0.695,0.837,0.29,0.87,0.131,0.874,0.625,0.869,0.324,0.85,0.734,0.757,0.324,0.311,0.987,0.161,0.736,0.311,0.882,0.311,0.324,0.166,0.816,0.788,0.633,0.857,0.837,0.864,0.142,0.669,0.794,0.769,0.847,0.755,0.798,0.949,0.956,0.939,0.28,0.321,0.04
0.877,0.877,0.872,0.872,0.989,0.693,0.932,0.872,0.696,0.971,0.872,0.933,0.861,0.989,0.933,0.872,0.861,0.989,0.932,0.861,0.897,0.957,0.897,0.901,0.861,0.932,0.901,0.872,0.903,0.971,0.903,0.957,0.657,0.911,0.951,0.911,0.982,0.951,0.657,0.982,0.742,0.911,0.974,0.836,0.911,0.982,0.859,0.974,0.169,0.974,0.655,0.794,1.0,0.684,0.973,0.684,0.698,0.97,0.97,0.97,0.965,0.973,0.698,0.973,1.0,0.965,0.941,0.083,0.941,1.0,1.0,1.0,0.516,0.982,0.659,0.337,0.976,0.037,0.988,0.976,0.363,0.982,1.0,0.409,0.111,1.0,0.988,0.353,0.364,0.072,0.982,0.711,0.328,0.418,0.99,1.0,0.547,0.99,0.99,0.341,0.995,0.991,0.038,0.995,0.995,0.069,0.292,0.624,0.624,0.647,0.541,0.459,0.241,0.461,0.384,0.076,0.053,0.985,0.307,0.459,0.288,0.321,0.073,0.275,0.348,0.485,0.116,0.042,0.485,0.718,0.328,1.0,0.325,0.619,0.109,0.968,0.038,0.576,0.051,0.968,0.942,0.054,0.811,0.115,0.942,0.072,0.942,0.968,0.749,0.152,0.189,0.193,0.053,0.069,0.079,0.712,0.209,0.267,0.309,0.192,0.291,0.083,0.059,0.054,0.05,0.313,0.336,0.219
0.753,0.753,0.766,0.766,0.054,0.789,0.797,0.655,0.798,0.489,0.655,0.833,0.566,0.054,0.833,0.655,0.566,0.054,0.829,0.566,0.858,0.535,0.858,0.517,0.566,0.797,0.517,0.655,0.591,0.489,0.591,0.535,0.69,0.862,0.93,0.862,0.046,0.93,0.69,0.046,0.779,0.862,0.024,0.813,0.862,0.046,0.768,0.024,0.222,0.024,0.922,0.841,0.923,0.539,0.109,0.539,0.54,0.061,0.061,0.061,0.705,0.109,0.54,0.109,0.923,0.705,0.787,0.227,0.787,0.818,0.818,0.818,0.788,0.115,0.685,0.935,0.924,0.312,0.912,0.924,0.856,0.115,0.119,0.984,0.233,0.119,0.912,0.977,0.856,0.193,0.115,0.785,0.968,0.981,0.908,0.119,0.854,0.908,0.908,0.974,0.922,0.126,0.315,0.922,0.922,0.323,0.915,0.117,0.117,0.105,0.034,0.248,0.646,0.341,0.946,0.191,0.278,0.128,0.703,0.248,0.96,0.652,0.304,0.877,0.749,0.116,0.226,0.42,0.116,0.15,0.844,0.213,0.842,0.04,0.255,0.008,0.434,0.104,0.435,0.008,0.013,0.132,0.906,0.255,0.013,0.532,0.013,0.008,0.932,0.268,0.164,0.2,0.411,0.493,0.442,0.949,0.242,0.206,0.217,0.172,0.215,0.399,0.427,0.405,0.411,0.283,0.33,0.082
0.407,0.407,0.419,0.419,0.007,0.552,0.346,0.69,0.572,0.719,0.69,0.405,0.642,0.007,0.405,0.69,0.642,0.007,1.0,0.642,0.327,0.801,0.327,0.615,0.642,0.346,0.615,0.69,0.66,0.719,0.66,0.801,0.386,0.53,0.325,0.53,0.363,0.325,0.386,0.363,0.533,0.53,0.753,0.16,0.53,0.363,0.992,0.753,0.403,0.753,0.429,0.402,0.455,0.407,0.394,0.407,0.415,0.785,0.785,0.785,0.712,0.394,0.415,0.394,0.455,0.712,0.557,0.418,0.557,0.418,0.418,0.418,0.867,0.066,0.291,0.795,0.778,0.215,0.896,0.778,0.896,0.066,0.123,0.753,0.374,0.123,0.896,0.787,0.893,0.16,0.066,0.196,0.783,0.76,0.422,0.123,0.803,0.422,0.422,0.78,0.521,0.495,0.213,0.521,0.521,0.622,0.76,0.85,0.85,0.904,0.609,0.215,0.642,0.361,0.745,0.135,0.348,0.42,0.659,0.215,0.765,0.579,0.255,0.269,0.81,0.894,0.541,0.696,0.894,0.047,0.302,0.197,0.285,0.524,0.422,0.204,0.724,0.861,0.697,0.204,0.265,0.503,0.965,0.511,0.265,0.259,0.265,0.204,0.959,0.649,0.328,0.386,0.663,0.416,0.604,0.958,0.295,0.358,0.095,0.483,0.09,0.685,0.571,0.667,0.604,0.084,0.07,0.289
0.401,0.401,0.392,0.392,0.709,0.678,0.257,0.199,0.574,0.147,0.199,0.271,0.208,0.709,0.271,0.199,0.208,0.709,0.702,0.208,0.304,0.124,0.304,0.216,0.208,0.257,0.216,0.199,0.192,0.147,0.192,0.124,0.108,0.188,0.237,0.188,0.705,0.237,0.108,0.705,0.607,0.188,0.749,0.564,0.188,0.705,0.788,0.749,0.682,0.749,0.781,0.481,0.881,0.058,0.858,0.058,0.057,0.793,0.793,0.793,0.063,0.858,0.057,0.858,0.881,0.063,0.185,0.571,0.185,0.808,0.808,0.808,0.466,0.715,0.513,0.205,0.836,0.531,0.908,0.836,0.38,0.715,0.843,0.321,0.58,0.843,0.908,0.223,0.352,0.478,0.715,0.533,0.213,0.303,0.48,0.843,0.27,0.48,0.48,0.223,0.414,0.94,0.5,0.414,0.414,0.577,0.2,0.613,0.613,0.653,0.15,0.306,0.441,0.245,0.313,0.513,0.744,0.847,0.424,0.306,0.207,0.423,0.872,0.217,0.379,0.501,0.576,0.35,0.501,0.04,0.243,0.915,0.25,0.105,0.719,0.889,0.33,0.545,0.335,0.889,0.975,0.959,0.445,0.428,0.975,0.868,0.975,0.889,0.48,0.894,0.494,0.942,0.265,0.914,0.226,0.473,0.331,0.943,0.358,0.639,0.348,0.264,0.229,0.211,0.219,0.397,0.383,0.414
0.361,0.361,0.395,0.395,0.715,0.213,0.434,0.665,0.172,0.464,0.665,0.427,0.656,0.715,0.427,0.665,0.656,0.715,0.765,0.656,0.58,0.515,0.58,0.685,0.656,0.434,0.685,0.665,0.707,0.464,0.707,0.515,0.769,0.753,0.485,0.753,0.767,0.485,0.769,0.767,0.537,0.753,0.579,0.656,0.753,0.767,0.771,0.579,0.715,0.579,0.103,0.473,0.051,0.721,0.412,0.721,0.707,0.432,0.432,0.432,0.623,0.412,0.707,0.412,0.051,0.623,0.779,0.849,0.779,0.672,0.672,0.672,0.432,0.493,0.708,0.642,0.142,0.585,0.137,0.142,0.344,0.493,0.161,0.686,0.65,0.161,0.137,0.64,0.298,0.439,0.493,0.684,0.618,0.687,0.848,0.161,0.828,0.848,0.848,0.621,0.84,0.117,0.59,0.84,0.84,0.634,0.614,0.265,0.265,0.296,0.46,0.369,0.621,0.595,0.663,0.425,0.474,0.104,0.464,0.369,0.599,0.493,0.578,0.54,0.284,0.412,0.776,0.926,0.412,0.647,0.795,0.086,0.748,0.612,0.76,0.528,0.947,0.427,0.906,0.528,0.449,0.406,0.847,0.858,0.449,0.58,0.449,0.528,0.866,0.952,0.725,0.929,0.002,0.537,0.001,0.747,0.003,0.96,0.001,0.714,0.001,0.002,0.001,0.001,0.001,0.003,0.004,0.004
0.952,0.952,0.947,0.947,0.651,0.473,0.965,0.925,0.579,0.722,0.925,0.961,0.933,0.651,0.961,0.925,0.933,0.651,0.951,0.933,0.929,0.757,0.929,0.831,0.933,0.965,0.831,0.925,0.932,0.722,0.932,0.757,0.663,0.888,0.941,0.888,0.906,0.941,0.663,0.906,0.347,0.888,0.882,0.589,0.888,0.906,0.907,0.882,0.604,0.882,0.257,0.359,0.699,0.715,0.807,0.715,0.738,0.778,0.778,0.778,0.736,0.807,0.738,0.807,0.699,0.736,0.871,0.699,0.871,0.683,0.683,0.683,0.419,0.511,0.522,0.769,0.957,0.832,0.944,0.957,0.756,0.511,0.838,0.615,0.749,0.838,0.944,0.759,0.76,0.665,0.511,0.476,0.765,0.626,0.892,0.838,0.955,0.892,0.892,0.754,0.919,0.983,0.668,0.919,0.919,0.792,0.794,0.97,0.97,0.941,0.49,0.95,0.78,0.978,0.619,0.418,0.626,0.98,0.627,0.95,0.776,0.601,0.655,0.87,0.775,0.959,0.626,0.918,0.959,0.939,0.851,0.879,0.834,0.559,0.567,0.985,0.955,0.918,0.85,0.985,0.986,0.653,0.279,0.996,0.986,0.549,0.986,0.985,0.275,0.986,0.97,0.974,0.973,0.489,0.988,0.27,0.978,0.979,0.978,0.966,0.977,0.967,0.948,0.996,0.994,0.997,0.999,0.998
0.732,0.732,0.641,0.641,0.083,0.476,0.878,0.793,0.479,0.757,0.793,0.877,0.752,0.083,0.877,0.793,0.752,0.083,0.267,0.752,0.617,0.761,0.617,0.784,0.752,0.878,0.784,0.793,0.785,0.757,0.785,0.761,0.73,0.872,0.909,0.872,0.449,0.909,0.73,0.449,0.047,0.872,0.267,0.886,0.872,0.449,0.128,0.267,0.25,0.267,0.415,0.045,0.199,0.724,0.589,0.724,0.709,0.351,0.351,0.351,0.812,0.589,0.709,0.589,0.199,0.812,0.83,0.211,0.83,0.113,0.113,0.113,0.042,0.193,0.824,0.188,0.244,0.385,0.375,0.244,0.056,0.193,0.228,0.057,0.219,0.228,0.375,0.172,0.065,0.367,0.193,0.752,0.182,0.052,0.044,0.228,0.434,0.044,0.044,0.173,0.067,0.284,0.404,0.067,0.067,0.533,0.144,0.75,0.75,0.721,0.487,0.271,0.357,0.259,0.035,0.361,0.262,0.261,0.363,0.271,0.138,0.339,0.252,0.327,0.038,0.711,0.496,0.39,0.711,0.112,0.384,0.285,0.382,0.35,0.472,0.406,0.342,0.715,0.341,0.406,0.47,0.316,0.046,0.167,0.47,0.33,0.47,0.406,0.046,0.109,0.218,0.106,0.513,0.319,0.609,0.063,0.427,0.119,0.446,0.191,0.423,0.609,0.627,0.495,0.486,0.598,0.642,0.63
0.071,0.071,0.065,0.065,0.388,0.304,0.049,0.752,0.324,0.497,0.752,0.064,0.695,0.388,0.064,0.752,0.695,0.388,0.409,0.695,0.054,0.538,0.054,0.666,0.695,0.049,0.666,0.752,0.716,0.497,0.716,0.538,0.676,0.567,0.03,0.567,0.585,0.03,0.676,0.585,0.287,0.567,0.792,0.061,0.567,0.585,0.699,0.792,0.098,0.792,0.403,0.297,0.767,0.642,0.863,0.642,0.681,0.876,0.876,0.876,0.568,0.863,0.681,0.863,0.767,0.568,0.558,0.079,0.558,0.543,0.543,0.543,0.535,0.237,0.05,0.497,0.915,0.363,0.871,0.915,0.419,0.237,0.693,0.336,0.074,0.693,0.871,0.521,0.41,0.378,0.237,0.051,0.496,0.332,0.584,0.693,0.254,0.584,0.584,0.503,0.611,0.798,0.347,0.611,0.611,0.241,0.523,0.699,0.699,0.688,0.396,0.312,0.172,0.312,0.376,0.488,0.93,0.714,0.189,0.312,0.512,0.187,0.851,0.109,0.481,0.574,0.359,0.983,0.574,0.194,0.113,0.77,0.123,0.436,0.721,0.868,0.93,0.563,0.914,0.868,0.866,0.818,0.759,0.555,0.866,0.829,0.866,0.868,0.732,0.606,0.674,0.711,0.198,0.866,0.174,0.615,0.534,0.637,0.096,0.67,0.141,0.191,0.154,0.144,0.123,0.365,0.272,0.418
0.144,0.144,0.154,0.154,0.702,0.553,0.128,0.842,0.566,0.839,0.842,0.091,0.905,0.702,0.091,0.842,0.905,0.702,0.785,0.905,0.11,0.887,0.11,0.846,0.905,0.128,0.846,0.842,0.845,0.839,0.845,0.887,0.723,0.866,0.096,0.866,0.394,0.096,0.723,0.394,0.75,0.866,0.726,0.808,0.866,0.394,0.891,0.726,0.886,0.726,0.285,0.754,0.795,0.927,0.695,0.927,0.938,0.855,0.855,0.855,0.863,0.695,0.938,0.695,0.795,0.863,0.799,0.915,0.799,0.984,0.984,0.984,0.862,0.498,0.787,0.805,0.773,0.92,0.771,0.773,0.908,0.498,0.89,0.902,0.911,0.89,0.771,0.786,0.9,0.97,0.498,0.804,0.804,0.911,0.969,0.89,0.54,0.969,0.969,0.785,0.947,0.76,0.915,0.947,0.947,0.895,0.753,0.656,0.656,0.693,0.946,0.596,0.21,0.734,0.887,0.968,0.519,0.735,0.206,0.596,0.762,0.218,0.558,0.206,0.896,0.646,0.975,0.333,0.646,0.853,0.231,0.85,0.232,0.891,0.945,0.949,0.725,0.62,0.485,0.949,0.87,0.759,0.628,0.401,0.87,0.937,0.87,0.949,0.738,0.403,0.437,0.4,0.08,0.934,0.064,0.898,0.415,0.347,0.017,0.468,0.034,0.068,0.069,0.068,0.047,0.048,0.046,0.281
0.298,0.298,0.324,0.324,0.56,0.317,0.32,0.209,0.309,0.224,0.209,0.277,0.263,0.56,0.277,0.209,0.263,0.56,0.994,0.263,0.175,0.175,0.175,0.274,0.263,0.32,0.274,0.209,0.2,0.224,0.2,0.175,0.502,0.209,0.161,0.209,0.507,0.161,0.502,0.507,0.759,0.209,0.544,0.227,0.209,0.507,0.976,0.544,0.197,0.544,0.522,0.808,0.934,0.574,0.216,0.574,0.564,0.16,0.16,0.16,0.169,0.216,0.564,0.216,0.934,0.169,0.197,0.151,0.197,0.697,0.697,0.697,0.608,0.686,0.192,0.459,0.933,0.369,0.917,0.933,0.608,0.686,0.572,0.486,0.106,0.572,0.917,0.444,0.604,0.315,0.686,0.184,0.469,0.502,0.657,0.572,0.449,0.657,0.657,0.455,0.594,0.534,0.344,0.594,0.594,0.136,0.429,0.745,0.745,0.743,0.711,0.881,0.737,0.884,0.475,0.254,0.288,0.572,0.77,0.881,0.462,0.767,0.316,0.743,0.703,0.748,0.096,0.045,0.748,0.462,0.78,0.693,0.778,0.725,0.16,0.262,0.056,0.756,0.09,0.262,0.264,0.167,0.933,0.081,0.264,0.376,0.264,0.262,0.93,0.078,0.079,0.074,0.205,0.44,0.092,0.899,0.266,0.077,0.259,0.078,0.264,0.195,0.092,0.103,0.115,0.408,0.406,0.356
0.614,0.614,0.604,0.604,0.726,0.915,0.577,0.471,0.91,0.427,0.471,0.609,0.467,0.726,0.609,0.471,0.467,0.726,0.361,0.467,0.462,0.457,0.462,0.435,0.467,0.577,0.435,0.471,0.491,0.427,0.491,0.457,0.142,0.353,0.406,0.353,0.908,0.406,0.142,0.908,0.679,0.353,0.897,0.505,0.353,0.908,0.423,0.897,0.45,0.897,0.843,0.706,0.973,0.183,0.764,0.183,0.187,0.791,0.791,0.791,0.295,0.764,0.187,0.764,0.973,0.295,0.31,0.263,0.31,0.883,0.883,0.883,0.843,0.726,0.446,0.82,0.88,0.144,0.886,0.88,0.775,0.726,0.968,0.896,0.369,0.968,0.886,0.801,0.779,0.101,0.726,0.424,0.851,0.907,0.831,0.968,0.14,0.831,0.831,0.834,0.829,0.847,0.147,0.829,0.829,0.208,0.87,0.895,0.895,0.886,0.835,0.849,0.372,0.811,0.932,0.101,0.267,0.857,0.341,0.849,0.868,0.338,0.266,0.404,0.85,0.811,0.155,0.425,0.811,0.526,0.432,0.925,0.42,0.693,0.263,0.953,0.678,0.794,0.596,0.953,0.958,0.434,0.278,0.535,0.958,0.231,0.958,0.953,0.277,0.234,0.317,0.265,0.777,0.213,0.678,0.292,0.867,0.264,0.756,0.321,0.757,0.784,0.649,0.79,0.738,0.478,0.464,0.509
0.451,0.451,0.669,0.669,0.286,0.502,0.576,0.337,0.51,0.382,0.337,0.354,0.534,0.286,0.354,0.337,0.534,0.286,0.819,0.534,0.441,0.292,0.441,0.543,0.534,0.576,0.543,0.337,0.328,0.382,0.328,0.292,0.199,0.307,0.369,0.307,0.209,0.369,0.199,0.209,0.905,0.307,0.137,0.375,0.307,0.209,0.823,0.137,0.501,0.137,0.588,0.911,0.005,0.201,0.245,0.201,0.2,0.198,0.198,0.198,0.265,0.245,0.2,0.245,0.005,0.265,0.299,0.68,0.299,0.772,0.772,0.772,0.683,0.2,0.413,0.578,0.007,0.496,0.011,0.007,0.727,0.2,0.041,0.657,0.719,0.041,0.011,0.586,0.77,0.485,0.2,0.573,0.582,0.677,0.692,0.041,0.864,0.692,0.692,0.597,0.636,0.063,0.415,0.636,0.636,0.723,0.59,0.335,0.335,0.228,0.362,0.232,0.163,0.112,0.65,0.344,0.615,0.061,0.178,0.232,0.591,0.178,0.649,0.274,0.654,0.39,0.657,0.09,0.39,0.578,0.256,0.018,0.309,0.42,0.664,0.042,0.105,0.268,0.118,0.042,0.071,0.854,0.139,0.199,0.071,0.59,0.071,0.042,0.136,0.739,0.236,0.596,0.209,0.516,0.189,0.144,0.808,0.694,0.845,0.245,0.86,0.199,0.173,0.182,0.19,0.312,0.304,0.31
0.917,0.917,0.909,0.909,0.324,0.564,0.543,0.461,0.498,0.901,0.461,0.551,0.464,0.324,0.551,0.461,0.464,0.324,0.07,0.464,0.928,0.94,0.928,0.489,0.464,0.543,0.489,0.461,0.494,0.901,0.494,0.94,0.522,0.508,0.687,0.508,0.211,0.687,0.522,0.211,0.867,0.508,0.141,0.885,0.508,0.211,0.067,0.141,0.223,0.141,0.427,0.805,0.212,0.491,0.486,0.491,0.505,0.404,0.404,0.404,0.938,0.486,0.505,0.486,0.212,0.938,0.503,0.209,0.503,0.313,0.313,0.313,0.495,0.116,0.911,0.73,0.122,0.317,0.141,0.122,0.926,0.116,0.159,0.885,0.199,0.159,0.141,0.792,0.961,0.271,0.116,0.937,0.812,0.844,0.303,0.159,0.072,0.303,0.303,0.858,0.338,0.133,0.711,0.338,0.338,0.629,0.777,0.001,0.001,0.001,0.001,0.006,0.25,0.006,0.87,0.593,0.417,0.114,0.25,0.006,0.777,0.255,0.438,0.271,0.861,0.001,0.629,0.514,0.001,0.001,0.288,0.167,0.276,0.001,0.728,0.09,0.374,0.001,0.383,0.09,0.111,0.468,0.703,0.827,0.111,0.645,0.111,0.09,0.73,0.671,0.76,0.57,0.552,0.613,0.711,0.667,0.744,0.589,0.869,0.721,0.865,0.525,0.742,0.712,0.733,0.304,0.305,0.193
0.323,0.323,0.397,0.397,0.546,0.454,0.408,0.195,0.393,0.236,0.195,0.228,0.319,0.546,0.228,0.195,0.319,0.546,0.996,0.319,0.22,0.108,0.22,0.314,0.319,0.408,0.314,0.195,0.164,0.236,0.164,0.108,0.149,0.206,0.242,0.206,0.607,0.242,0.149,0.607,0.836,0.206,0.551,0.963,0.206,0.607,0.986,0.551,0.595,0.551,0.685,0.901,0.187,0.104,0.578,0.104,0.101,0.418,0.418,0.418,0.085,0.578,0.101,0.578,0.187,0.085,0.176,0.505,0.176,0.637,0.637,0.637,0.898,0.108,0.888,0.786,0.459,0.038,0.446,0.459,0.924,0.108,0.155,0.809,0.539,0.155,0.446,0.782,0.879,0.064,0.108,0.901,0.784,0.802,0.488,0.155,0.861,0.488,0.488,0.824,0.548,0.202,0.043,0.548,0.548,0.042,0.853,0.887,0.887,0.874,0.834,0.742,0.845,0.732,0.836,0.046,0.502,0.181,0.898,0.742,0.795,0.878,0.534,0.854,0.836,0.918,0.066,0.569,0.918,0.67,0.879,0.078,0.888,0.859,0.319,0.263,0.625,0.889,0.408,0.263,0.271,0.502,0.649,0.774,0.271,0.226,0.271,0.263,0.675,0.763,0.852,0.78,0.521,0.147,0.732,0.507,0.963,0.714,0.931,0.836,0.939,0.559,0.751,0.72,0.747,0.82,0.804,0.814
0.279,0.279,0.281,0.281,0.908,0.622,0.212,0.085,0.555,0.196,0.085,0.222,0.226,0.908,0.222,0.085,0.226,0.908,0.634,0.226,0.155,0.147,0.155,0.219,0.226,0.212,0.219,0.085,0.09,0.196,0.09,0.147,0.203,0.075,0.079,0.075,0.956,0.079,0.203,0.956,0.352,0.075,0.924,0.828,0.075,0.956,0.669,0.924,0.674,0.924,0.683,0.315,0.998,0.153,0.931,0.153,0.149,0.957,0.957,0.957,0.081,0.931,0.149,0.931,0.998,0.081,0.074,0.561,0.074,0.967,0.967,0.967,0.31,0.933,0.791,0.214,0.912,0.834,0.891,0.912,0.278,0.933,0.986,0.227,0.514,0.986,0.891,0.221,0.267,0.617,0.933,0.754,0.214,0.24,0.954,0.986,0.312,0.954,0.954,0.207,0.943,0.918,0.799,0.943,0.943,0.75,0.23,0.306,0.306,0.226,0.466,0.259,0.994,0.12,0.212,0.532,0.581,0.935,0.994,0.259,0.208,0.997,0.601,0.997,0.251,0.156,0.526,0.497,0.156,0.641,0.986,0.998,0.985,0.395,0.564,0.977,0.578,0.127,0.51,0.977,0.963,0.528,0.205,0.679,0.963,0.836,0.963,0.977,0.19,0.666,0.698,0.586,0.722,0.692,0.634,0.209,0.884,0.738,0.88,0.656,0.845,0.666,0.679,0.697,0.737,0.9,0.944,0.931
0.769,0.769,0.719,0.719,0.164,0.86,0.579,0.524,0.861,0.694,0.524,0.577,0.5,0.164,0.577,0.524,0.5,0.164,0.03,0.5,0.83,0.727,0.83,0.416,0.5,0.579,0.416,0.524,0.49,0.694,0.49,0.727,0.422,0.49,0.716,0.49,0.016,0.716,0.422,0.016,0.85,0.49,0.078,0.033,0.49,0.016,0.061,0.078,0.171,0.078,0.861,0.894,0.658,0.523,0.03,0.523,0.547,0.183,0.183,0.183,0.718,0.03,0.547,0.03,0.658,0.718,0.504,0.224,0.504,0.572,0.572,0.572,0.881,0.06,0.042,0.484,0.558,0.554,0.479,0.558,0.548,0.06,0.616,0.563,0.217,0.616,0.479,0.498,0.564,0.611,0.06,0.052,0.498,0.547,0.42,0.616,0.02,0.42,0.42,0.519,0.398,0.306,0.568,0.398,0.398,0.523,0.482,0.122,0.122,0.139,0.764,0.03,0.151,0.02,0.575,0.628,0.705,0.353,0.152,0.03,0.509,0.16,0.742,0.062,0.616,0.039,0.583,0.087,0.039,0.327,0.077,0.473,0.08,0.44,0.648,0.527,0.102,0.055,0.103,0.527,0.339,0.303,0.115,0.94,0.339,0.737,0.339,0.527,0.114,0.692,0.876,0.766,0.221,0.711,0.156,0.148,0.878,0.837,0.601,0.914,0.611,0.241,0.139,0.201,0.188,0.339,0.332,0.34
0.905,0.905,0.933,0.933,0.553,0.831,0.807,0.822,0.849,0.799,0.822,0.783,0.797,0.553,0.783,0.822,0.797,0.553,0.528,0.797,0.961,0.793,0.961,0.773,0.797,0.807,0.773,0.822,0.803,0.799,0.803,0.793,0.926,0.821,0.823,0.821,0.636,0.823,0.926,0.636,0.892,0.821,0.541,0.705,0.821,0.636,0.499,0.541,0.653,0.541,0.886,0.941,0.291,0.904,0.534,0.904,0.899,0.396,0.396,0.396,0.834,0.534,0.899,0.534,0.291,0.834,0.791,0.648,0.791,0.073,0.073,0.073,0.948,0.509,0.894,0.687,0.21,0.409,0.228,0.21,0.853,0.509,0.334,0.789,0.61,0.334,0.228,0.649,0.866,0.314,0.509,0.828,0.681,0.798,0.053,0.334,0.412,0.053,0.053,0.643,0.053,0.273,0.456,0.053,0.053,0.388,0.663,0.673,0.673,0.744,0.286,0.91,0.329,0.823,0.733,0.339,0.653,0.257,0.354,0.91,0.655,0.352,0.708,0.244,0.855,0.762,0.309,0.171,0.762,0.393,0.272,0.298,0.271,0.307,0.509,0.455,0.307,0.819,0.127,0.455,0.471,0.676,0.882,0.033,0.471,0.593,0.471,0.455,0.863,0.048,0.049,0.036,0.185,0.559,0.232,0.845,0.151,0.037,0.211,0.054,0.208,0.175,0.215,0.291,0.256,0.489,0.518,0.305
0.285,0.285,0.321,0.321,0.87,0.585,0.248,0.198,0.518,0.12,0.198,0.231,0.192,0.87,0.231,0.198,0.192,0.87,0.427,0.192,0.183,0.119,0.183,0.155,0.192,0.248,0.155,0.198,0.109,0.12,0.109,0.119,0.803,0.131,0.129,0.131,0.624,0.129,0.803,0.624,0.314,0.131,0.564,0.516,0.131,0.624,0.609,0.564,0.281,0.564,0.485,0.419,0.46,0.854,0.914,0.854,0.863,0.864,0.864,0.864,0.091,0.914,0.863,0.914,0.46,0.091,0.145,0.299,0.145,0.521,0.521,0.521,0.864,0.3,0.564,0.577,0.75,0.334,0.759,0.75,0.538,0.3,0.644,0.396,0.298,0.644,0.759,0.569,0.474,0.337,0.3,0.64,0.594,0.507,0.336,0.644,0.327,0.336,0.336,0.589,0.325,0.41,0.353,0.325,0.325,0.343,0.577,0.002,0.002,0.004,0.008,0.003,0.391,0.002,0.396,0.402,0.052,0.512,0.346,0.003,0.601,0.364,0.043,0.407,0.45,0.005,0.253,0.03,0.005,0.012,0.383,0.616,0.388,0.009,0.049,0.851,0.044,0.004,0.064,0.851,0.834,0.05,0.175,0.066,0.834,0.032,0.834,0.851,0.2,0.066,0.056,0.06,0.085,0.034,0.071,0.171,0.102,0.057,0.174,0.049,0.17,0.081,0.068,0.114,0.111,0.205,0.185,0.143
0.461,0.461,0.52,0.52,0.639,0.698,0.204,0.124,0.713,0.108,0.124,0.161,0.131,0.639,0.161,0.124,0.131,0.639,0.39,0.131,0.504,0.123,0.504,0.122,0.131,0.204,0.122,0.124,0.112,0.108,0.112,0.123,0.678,0.234,0.255,0.234,0.803,0.255,0.678,0.803,0.931,0.234,0.79,0.185,0.234,0.803,0.309,0.79,0.265,0.79,0.527,0.849,0.709,0.665,0.77,0.665,0.662,0.697,0.697,0.697,0.191,0.77,0.662,0.77,0.709,0.191,0.218,0.229,0.218,0.821,0.821,0.821,0.636,0.687,0.189,0.64,0.486,0.142,0.292,0.486,0.499,0.687,0.663,0.543,0.208,0.663,0.292,0.643,0.501,0.278,0.687,0.187,0.655,0.553,0.736,0.663,0.591,0.736,0.736,0.645,0.596,0.363,0.14,0.596,0.596,0.148,0.6,0.941,0.941,0.878,0.575,0.856,0.864,0.986,0.418,0.268,0.575,0.54,0.904,0.856,0.603,0.908,0.563,0.939,0.401,0.939,0.157,0.295,0.939,0.791,0.994,0.577,0.997,0.561,0.169,0.244,0.4,0.886,0.449,0.244,0.102,0.447,0.495,0.472,0.102,0.357,0.102,0.244,0.478,0.451,0.616,0.612,0.251,0.321,0.288,0.509,0.354,0.445,0.367,0.599,0.357,0.254,0.286,0.27,0.271,0.454,0.41,0.44
0.153,0.153,0.105,0.105,0.557,0.938,0.076,0.162,0.942,0.472,0.162,0.089,0.13,0.557,0.089,0.162,0.13,0.557,0.064,0.13,0.152,0.504,0.152,0.13,0.13,0.076,0.13,0.162,0.169,0.472,0.169,0.504,0.588,0.17,0.076,0.17,0.096,0.076,0.588,0.096,0.548,0.17,0.063,0.14,0.17,0.096,0.024,0.063,0.243,0.063,0.909,0.559,0.235,0.656,0.027,0.656,0.633,0.004,0.004,0.004,0.506,0.027,0.633,0.027,0.235,0.506,0.159,0.361,0.159,0.528,0.528,0.528,0.912,0.504,0.241,0.476,0.356,0.423,0.456,0.356,0.679,0.504,0.143,0.578,0.303,0.143,0.456,0.484,0.674,0.521,0.504,0.185,0.445,0.569,0.63,0.143,0.208,0.63,0.63,0.438,0.603,0.686,0.408,0.603,0.603,0.567,0.49,0.147,0.147,0.128,0.217,0.355,0.306,0.365,0.525,0.47,0.722,0.683,0.241,0.355,0.506,0.244,0.768,0.314,0.627,0.319,0.702,0.658,0.319,0.181,0.248,0.677,0.267,0.253,0.689,0.053,0.761,0.266,0.381,0.053,0.118,0.892,0.727,0.427,0.118,0.546,0.118,0.053,0.727,0.557,0.639,0.459,0.488,0.528,0.562,0.768,0.77,0.452,0.608,0.682,0.589,0.533,0.52,0.555,0.48,0.909,0.908,0.787
0.58,0.58,0.554,0.554,0.761,0.198,0.424,0.34,0.195,0.229,0.34,0.445,0.317,0.761,0.445,0.34,0.317,0.761,0.385,0.317,0.684,0.243,0.684,0.305,0.317,0.424,0.305,0.34,0.338,0.229,0.338,0.243,0.189,0.488,0.639,0.488,0.21,0.639,0.189,0.21,0.382,0.488,0.083,0.932,0.488,0.21,0.363,0.083,0.952,0.083,0.26,0.285,0.214,0.181,0.115,0.181,0.183,0.026,0.026,0.026,0.3,0.115,0.183,0.115,0.214,0.3,0.473,0.967,0.473,0.365,0.365,0.365,0.336,0.795,0.842,0.63,0.343,0.884,0.37,0.343,0.244,0.795,0.229,0.679,0.956,0.229,0.37,0.671,0.233,0.928,0.795,0.876,0.657,0.646,0.305,0.229,0.856,0.305,0.305,0.666,0.329,0.313,0.88,0.329,0.329,0.948,0.754,0.194,0.194,0.236,0.267,0.939,0.843,0.963,0.695,0.937,0.985,0.323,0.799,0.939,0.755,0.775,0.98,0.692,0.247,0.204,0.978,0.583,0.204,0.94,0.627,0.219,0.647,0.312,0.963,0.275,0.574,0.254,0.713,0.275,0.42,0.974,0.576,0.636,0.42,0.964,0.42,0.275,0.575,0.334,0.528,0.407,0.034,0.959,0.034,0.593,0.03,0.374,0.054,0.485,0.051,0.04,0.035,0.018,0.02,0.044,0.034,0.045
0.135,0.135,0.14,0.14,0.184,0.465,0.211,0.091,0.533,0.135,0.091,0.212,0.151,0.184,0.212,0.091,0.151,0.184,0.26,0.151,0.048,0.073,0.048,0.154,0.151,0.211,0.154,0.091,0.095,0.135,0.095,0.073,0.389,0.059,0.063,0.059,0.031,0.063,0.389,0.031,0.429,0.059,0.085,0.587,0.059,0.031,0.347,0.085,0.232,0.085,0.33,0.428,0.296,0.342,0.019,0.342,0.335,0.082,0.082,0.082,0.031,0.019,0.335,0.019,0.296,0.031,0.047,0.374,0.047,0.551,0.551,0.551,0.473,0.331,0.637,0.194,0.201,0.372,0.119,0.201,0.481,0.331,0.239,0.404,0.547,0.239,0.119,0.257,0.494,0.487,0.331,0.636,0.194,0.344,0.18,0.239,0.943,0.18,0.18,0.254,0.337,0.177,0.393,0.337,0.337,0.141,0.281,0.1,0.1,0.061,0.194,0.555,0.677,0.508,0.492,0.447,0.221,0.214,0.472,0.555,0.281,0.464,0.214,0.827,0.595,0.063,0.209,0.074,0.063,0.788,0.481,0.377,0.398,0.109,0.31,0.254,0.077,0.038,0.11,0.254,0.107,0.141,0.971,0.07,0.107,0.342,0.107,0.254,0.97,0.08,0.064,0.072,0.093,0.317,0.069,0.965,0.074,0.07,0.115,0.06,0.114,0.1,0.063,0.071,0.071,0.11,0.114,0.098
0.354,0.354,0.337,0.337,0.027,0.068,0.287,0.28,0.078,0.244,0.28,0.311,0.245,0.027,0.311,0.28,0.245,0.027,0.051,0.245,0.41,0.259,0.41,0.256,0.245,0.287,0.256,0.28,0.276,0.244,0.276,0.259,0.158,0.277,0.331,0.277,0.758,0.331,0.158,0.758,0.518,0.277,0.83,0.267,0.277,0.758,0.119,0.83,0.071,0.83,0.093,0.482,0.253,0.173,0.802,0.173,0.173,0.842,0.842,0.842,0.254,0.802,0.173,0.802,0.253,0.254,0.281,0.093,0.281,0.439,0.439,0.439,0.434,0.089,0.279,0.529,0.455,0.178,0.469,0.455,0.266,0.089,0.354,0.665,0.102,0.354,0.469,0.524,0.263,0.226,0.089,0.259,0.535,0.689,0.74,0.354,0.013,0.74,0.74,0.523,0.756,0.714,0.224,0.756,0.756,0.1,0.617,0.666,0.666,0.75,0.821,0.604,0.892,0.664,0.771,0.222,0.85,0.664,0.869,0.604,0.619,0.859,0.803,0.763,0.234,0.478,0.076,0.663,0.478,0.548,0.808,0.358,0.851,0.754,0.288,0.684,0.77,0.612,0.428,0.684,0.8,0.871,0.575,0.288,0.8,0.404,0.8,0.684,0.518,0.162,0.502,0.206,0.016,0.392,0.027,0.591,0.005,0.192,0.021,0.469,0.021,0.019,0.029,0.022,0.029,0.004,0.003,0.002
0.456,0.456,0.449,0.449,0.902,0.604,0.168,0.14,0.597,0.717,0.14,0.211,0.108,0.902,0.211,0.14,0.108,0.902,0.555,0.108,0.326,0.735,0.326,0.106,0.108,0.168,0.106,0.14,0.135,0.717,0.135,0.735,0.529,0.177,0.189,0.177,0.946,0.189,0.529,0.946,0.224,0.177,0.926,0.238,0.177,0.946,0.65,0.926,0.638,0.926,0.611,0.323,0.911,0.447,0.967,0.447,0.447,0.973,0.973,0.973,0.878,0.967,0.447,0.967,0.911,0.878,0.187,0.628,0.187,0.896,0.896,0.896,0.251,0.878,0.224,0.158,0.981,0.331,0.965,0.981,0.269,0.878,0.981,0.226,0.595,0.981,0.965,0.142,0.272,0.468,0.878,0.22,0.151,0.237,0.989,0.981,0.792,0.989,0.989,0.141,0.994,0.99,0.322,0.994,0.994,0.355,0.153,0.771,0.771,0.525,0.903,0.472,0.767,0.196,0.255,0.452,0.119,0.993,0.925,0.472,0.143,0.917,0.116,0.834,0.256,0.616,0.504,0.592,0.616,0.261,0.694,0.941,0.639,0.798,0.069,0.967,0.489,0.386,0.804,0.967,0.944,0.119,0.581,0.559,0.944,0.074,0.944,0.967,0.598,0.656,0.334,0.753,0.603,0.07,0.405,0.671,0.66,0.766,0.592,0.298,0.594,0.692,0.404,0.423,0.415,0.624,0.636,0.815
0.333,0.333,0.38,0.38,0.308,0.616,0.15,0.183,0.613,0.093,0.183,0.184,0.133,0.308,0.184,0.183,0.133,0.308,0.978,0.133,0.424,0.131,0.424,0.142,0.133,0.15,0.142,0.183,0.167,0.093,0.167,0.131,0.838,0.178,0.144,0.178,0.693,0.144,0.838,0.693,0.524,0.178,0.681,0.037,0.178,0.693,0.965,0.681,0.096,0.681,0.451,0.652,0.708,0.815,0.705,0.815,0.812,0.691,0.691,0.691,0.175,0.705,0.812,0.705,0.708,0.175,0.152,0.091,0.152,0.562,0.562,0.562,0.739,0.47,0.038,0.404,0.527,0.051,0.533,0.527,0.615,0.47,0.73,0.549,0.109,0.73,0.533,0.442,0.648,0.054,0.47,0.041,0.431,0.5,0.7,0.73,0.855,0.7,0.7,0.448,0.684,0.74,0.051,0.684,0.684,0.081,0.374,0.482,0.482,0.457,0.685,0.607,0.251,0.565,0.447,0.049,0.195,0.773,0.235,0.607,0.392,0.237,0.201,0.262,0.585,0.499,0.084,0.431,0.499,0.956,0.258,0.72,0.253,0.707,0.127,0.717,0.35,0.476,0.307,0.717,0.705,0.094,0.333,0.294,0.705,0.153,0.705,0.717,0.341,0.419,0.375,0.439,0.352,0.137,0.58,0.375,0.468,0.381,0.697,0.359,0.712,0.347,0.652,0.42,0.536,0.81,0.747,0.839
0.605,0.605,0.539,0.539,0.78,0.299,0.898,0.596,0.277,0.49,0.596,0.71,0.787,0.78,0.71,0.596,0.787,0.78,0.261,0.787,0.725,0.441,0.725,0.855,0.787,0.898,0.855,0.596,0.582,0.49,0.582,0.441,0.931,0.667,0.789,0.667,0.19,0.789,0.931,0.19,0.601,0.667,0.049,0.87,0.667,0.19,0.094,0.049,0.464,0.049,0.324,0.522,0.44,0.945,0.193,0.945,0.947,0.132,0.132,0.132,0.434,0.193,0.947,0.193,0.44,0.434,0.661,0.431,0.661,0.174,0.174,0.174,0.596,0.571,0.905,0.405,0.202,0.307,0.196,0.202,0.48,0.571,0.461,0.515,0.417,0.461,0.196,0.402,0.484,0.224,0.571,0.887,0.432,0.534,0.151,0.461,0.469,0.151,0.151,0.401,0.154,0.279,0.348,0.154,0.154,0.637,0.327,0.304,0.304,0.256,0.198,0.678,0.381,0.741,0.449,0.258,0.305,0.217,0.431,0.678,0.346,0.427,0.459,0.431,0.501,0.424,0.624,0.367,0.424,0.292,0.5,0.49,0.491,0.244,0.484,0.351,0.404,0.447,0.406,0.351,0.315,0.49,0.819,0.697,0.315,0.493,0.315,0.351,0.819,0.533,0.786,0.675,0.529,0.257,0.49,0.835,0.709,0.635,0.816,0.732,0.815,0.411,0.58,0.468,0.574,0.266,0.27,0.134
0.318,0.318,0.353,0.353,0.496,0.448,0.754,0.535,0.425,0.455,0.535,0.64,0.601,0.496,0.64,0.535,0.601,0.496,0.743,0.601,0.344,0.398,0.344,0.586,0.601,0.754,0.586,0.535,0.533,0.455,0.533,0.398,0.835,0.489,0.605,0.489,0.419,0.605,0.835,0.419,0.694,0.489,0.315,0.775,0.489,0.419,0.685,0.315,0.656,0.315,0.487,0.733,0.26,0.799,0.253,0.799,0.795,0.11,0.11,0.11,0.409,0.253,0.795,0.253,0.26,0.409,0.496,0.711,0.496,0.065,0.065,0.065,0.626,0.343,0.922,0.42,0.233,0.643,0.28,0.233,0.454,0.343,0.506,0.442,0.768,0.506,0.28,0.431,0.505,0.725,0.343,0.893,0.47,0.442,0.076,0.506,0.847,0.076,0.076,0.475,0.072,0.31,0.645,0.072,0.072,0.711,0.541,0.42,0.42,0.422,0.288,0.964,0.569,0.968,0.44,0.739,0.952,0.313,0.471,0.964,0.604,0.508,0.857,0.597,0.472,0.491,0.834,0.282,0.491,0.814,0.647,0.33,0.638,0.584,0.872,0.53,0.276,0.519,0.262,0.53,0.572,0.944,0.809,0.089,0.572,0.764,0.572,0.53,0.78,0.087,0.091,0.091,0.535,0.76,0.509,0.688,0.714,0.096,0.644,0.09,0.642,0.592,0.455,0.553,0.432,0.815,0.849,0.899
0.165,0.165,0.141,0.141,0.692,0.855,0.123,0.117,0.872,0.741,0.117,0.207,0.087,0.692,0.207,0.117,0.087,0.692,0.593,0.087,0.193,0.765,0.193,0.099,0.087,0.123,0.099,0.117,0.139,0.741,0.139,0.765,0.939,0.238,0.206,0.238,0.679,0.206,0.939,0.679,0.702,0.238,0.553,0.681,0.238,0.679,0.406,0.553,0.849,0.553,0.976,0.677,0.398,0.98,0.847,0.98,0.973,0.742,0.742,0.742,0.814,0.847,0.973,0.847,0.398,0.814,0.227,0.619,0.227,0.34,0.34,0.34,0.623,0.631,0.78,0.59,0.51,0.692,0.473,0.51,0.575,0.631,0.525,0.575,0.509,0.525,0.473,0.578,0.557,0.477,0.631,0.767,0.549,0.562,0.528,0.525,0.823,0.528,0.528,0.546,0.495,0.741,0.671,0.495,0.495,0.923,0.45,0.709,0.709,0.753,0.652,0.962,0.171,0.964,0.48,0.437,0.398,0.765,0.228,0.962,0.43,0.213,0.47,0.177,0.491,0.851,0.813,0.587,0.851,0.925,0.205,0.471,0.205,0.736,0.637,0.891,0.617,0.913,0.552,0.891,0.889,0.527,0.728,0.577,0.889,0.317,0.889,0.891,0.721,0.485,0.82,0.691,0.596,0.312,0.505,0.694,0.805,0.666,0.779,0.821,0.742,0.619,0.521,0.508,0.512,0.794,0.803,0.682
0.597,0.597,0.557,0.557,0.4,0.054,0.388,0.411,0.051,0.34,0.411,0.424,0.38,0.4,0.424,0.411,0.38,0.4,0.517,0.38,0.552,0.367,0.552,0.398,0.38,0.388,0.398,0.411,0.445,0.34,0.445,0.367,0.341,0.341,0.36,0.341,0.409,0.36,0.341,0.409,0.245,0.341,0.374,0.811,0.341,0.409,0.339,0.374,0.871,0.374,0.038,0.238,0.621,0.304,0.543,0.304,0.298,0.555,0.555,0.555,0.305,0.543,0.298,0.543,0.621,0.305,0.343,0.868,0.343,0.899,0.899,0.899,0.178,0.497,0.782,0.409,0.767,0.67,0.76,0.767,0.101,0.497,0.387,0.097,0.944,0.387,0.76,0.41,0.102,0.646,0.497,0.956,0.423,0.095,0.57,0.387,0.973,0.57,0.57,0.422,0.518,0.655,0.864,0.518,0.518,0.848,0.336,0.456,0.456,0.514,0.44,0.692,0.439,0.633,0.079,0.869,0.665,0.654,0.404,0.692,0.345,0.405,0.651,0.524,0.087,0.679,0.693,0.64,0.679,0.697,0.475,0.576,0.471,0.546,0.87,0.418,0.616,0.724,0.825,0.418,0.421,0.648,0.027,0.747,0.421,0.676,0.421,0.418,0.024,0.711,0.737,0.609,0.958,0.932,0.861,0.024,0.458,0.568,0.476,0.649,0.461,0.965,0.829,0.9,0.804,0.548,0.59,0.551
0.869,0.869,0.841,0.841,0.123,0.76,0.725,0.66,0.749,0.391,0.66,0.745,0.617,0.123,0.745,0.66,0.617,0.123,0.276,0.617,0.892,0.481,0.892,0.635,0.617,0.725,0.635,0.66,0.609,0.391,0.609,0.481,0.5,0.761,0.808,0.761,0.66,0.808,0.5,0.66,0.754,0.761,0.419,0.721,0.761,0.66,0.263,0.419,0.805,0.419,0.516,0.618,0.096,0.451,0.628,0.451,0.439,0.366,0.366,0.366,0.583,0.628,0.439,0.628,0.096,0.583,0.702,0.635,0.702,0.078,0.078,0.078,0.594,0.085,0.773,0.868,0.12,0.742,0.112,0.12,0.959,0.085,0.222,0.935,0.671,0.222,0.112,0.867,0.954,0.738,0.085,0.88,0.859,0.92,0.132,0.222,0.586,0.132,0.132,0.851,0.121,0.245,0.696,0.121,0.121,0.871,0.771,0.738,0.738,0.634,0.269,0.307,0.777,0.267,0.855,0.718,0.768,0.246,0.803,0.307,0.754,0.796,0.788,0.807,0.905,0.889,0.858,0.259,0.889,0.242,0.888,0.111,0.892,0.394,0.887,0.424,0.258,0.808,0.433,0.424,0.496,0.666,0.598,0.418,0.496,0.908,0.496,0.424,0.61,0.224,0.21,0.217,0.655,0.853,0.602,0.46,0.692,0.211,0.523,0.2,0.53,0.594,0.633,0.608,0.626,0.223,0.216,0.148
0.226,0.226,0.221,0.221,0.588,0.908,0.066,0.047,0.9,0.6,0.047,0.076,0.043,0.588,0.076,0.047,0.043,0.588,0.126,0.043,0.205,0.425,0.205,0.05,0.043,0.066,0.05,0.047,0.05,0.6,0.05,0.425,0.312,0.04,0.059,0.04,0.221,0.059,0.312,0.221,0.988,0.04,0.106,0.803,0.04,0.221,0.089,0.106,0.522,0.106,0.906,0.993,0.008,0.308,0.415,0.308,0.303,0.246,0.246,0.246,0.43,0.415,0.303,0.415,0.008,0.43,0.043,0.676,0.043,0.019,0.019,0.019,0.981,0.308,0.895,0.98,0.012,0.716,0.014,0.012,0.983,0.308,0.032,0.993,0.597,0.032,0.014,0.983,0.982,0.634,0.308,0.853,0.989,0.99,0.054,0.032,0.216,0.054,0.054,0.989,0.058,0.043,0.717,0.058,0.058,0.733,0.991,0.443,0.443,0.451,0.339,0.626,0.915,0.47,0.997,0.668,0.345,0.038,0.946,0.626,0.996,0.933,0.343,0.937,0.994,0.704,0.611,0.174,0.704,0.494,0.966,0.017,0.972,0.382,0.651,0.179,0.115,0.559,0.156,0.179,0.216,0.506,0.897,0.078,0.216,0.685,0.216,0.179,0.895,0.084,0.084,0.082,0.39,0.752,0.401,0.914,0.346,0.083,0.471,0.087,0.47,0.401,0.365,0.29,0.315,0.556,0.515,0.586
0.008,0.008,0.008,0.008,0.044,0.405,0.008,0.007,0.448,0.003,0.007,0.008,0.007,0.044,0.008,0.007,0.007,0.044,0.637,0.007,0.022,0.004,0.022,0.008,0.007,0.008,0.008,0.007,0.008,0.003,0.008,0.004,0.001,0.007,0.011,0.007,0.312,0.011,0.001,0.312,0.161,0.007,0.529,0.929,0.007,0.312,0.851,0.529,0.958,0.529,0.901,0.167,0.502,0.001,0.258,0.001,0.001,0.523,0.523,0.523,0.002,0.258,0.001,0.258,0.502,0.002,0.004,0.968,0.004,0.234,0.234,0.234,0.398,0.056,0.855,0.172,0.54,0.398,0.608,0.54,0.188,0.056,0.585,0.223,0.958,0.585,0.608,0.187,0.195,0.621,0.056,0.856,0.186,0.213,0.381,0.585,0.16,0.381,0.381,0.21,0.367,0.684,0.405,0.367,0.367,0.415,0.581,0.728,0.728,0.776,0.734,0.058,0.591,0.078,0.52,0.68,0.736,0.662,0.58,0.058,0.478,0.543,0.728,0.631,0.219,0.408,0.472,0.637,0.408,0.382,0.68,0.567,0.655,0.716,0.574,0.625,0.615,0.443,0.69,0.625,0.72,0.669,0.284,0.642,0.72,0.609,0.72,0.625,0.304,0.597,0.548,0.585,0.787,0.669,0.827,0.308,0.812,0.45,0.888,0.62,0.882,0.76,0.826,0.791,0.801,0.796,0.778,0.757
0.943,0.943,0.923,0.923,0.522,0.293,0.951,0.911,0.287,0.921,0.911,0.973,0.937,0.522,0.973,0.911,0.937,0.522,0.667,0.937,0.793,0.911,0.793,0.938,0.937,0.951,0.938,0.911,0.905,0.921,0.905,0.911,0.46,0.781,0.914,0.781,0.884,0.914,0.46,0.884,0.454,0.781,0.825,0.322,0.781,0.884,0.755,0.825,0.478,0.825,0.18,0.346,0.861,0.637,0.923,0.637,0.628,0.883,0.883,0.883,0.906,0.923,0.628,0.923,0.861,0.906,0.771,0.322,0.771,0.719,0.719,0.719,0.376,0.603,0.35,0.367,0.878,0.335,0.909,0.878,0.35,0.603,0.928,0.253,0.426,0.928,0.909,0.421,0.36,0.437,0.603,0.332,0.37,0.264,0.854,0.928,0.093,0.854,0.854,0.427,0.882,0.967,0.313,0.882,0.882,0.424,0.497,0.318,0.318,0.267,0.588,0.315,0.907,0.294,0.321,0.406,0.21,0.953,0.915,0.315,0.482,0.911,0.215,0.717,0.413,0.337,0.523,0.47,0.337,0.31,0.764,0.904,0.762,0.595,0.202,0.964,0.568,0.273,0.707,0.964,0.987,0.432,0.116,0.756,0.987,0.155,0.987,0.964,0.118,0.441,0.564,0.553,0.919,0.145,0.882,0.126,0.271,0.63,0.128,0.422,0.133,0.938,0.763,0.904,0.794,0.121,0.14,0.12
0.427,0.427,0.422,0.422,0.532,0.181,0.364,0.308,0.171,0.243,0.308,0.362,0.292,0.532,0.362,0.308,0.292,0.532,0.296,0.292,0.513,0.264,0.513,0.29,0.292,0.364,0.29,0.308,0.327,0.243,0.327,0.264,0.129,0.294,0.383,0.294,0.461,0.383,0.129,0.461,0.614,0.294,0.687,0.448,0.294,0.461,0.393,0.687,0.397,0.687,0.122,0.594,0.231,0.124,0.545,0.124,0.123,0.656,0.656,0.656,0.267,0.545,0.123,0.545,0.231,0.267,0.301,0.542,0.301,0.824,0.824,0.824,0.515,0.718,0.551,0.411,0.458,0.704,0.465,0.458,0.522,0.718,0.793,0.476,0.523,0.793,0.465,0.417,0.506,0.564,0.718,0.556,0.406,0.47,0.788,0.793,0.395,0.788,0.788,0.41,0.804,0.772,0.611,0.804,0.804,0.742,0.511,0.9,0.9,0.879,0.97,0.463,0.922,0.492,0.567,0.466,0.949,0.761,0.826,0.463,0.505,0.836,0.971,0.884,0.54,0.89,0.625,0.513,0.89,0.47,0.893,0.694,0.894,0.918,0.556,0.659,0.59,0.847,0.75,0.659,0.716,0.671,0.107,0.546,0.716,0.81,0.716,0.659,0.105,0.396,0.377,0.438,0.68,0.906,0.381,0.105,0.693,0.507,0.676,0.386,0.636,0.631,0.344,0.38,0.352,0.738,0.799,0.809
0.106,0.106,0.131,0.131,0.167,0.759,0.458,0.763,0.759,0.886,0.763,0.419,0.712,0.167,0.419,0.763,0.712,0.167,0.693,0.712,0.285,0.85,0.285,0.837,0.712,0.458,0.837,0.763,0.867,0.886,0.867,0.85,0.764,0.754,0.602,0.754,0.037,0.602,0.764,0.037,0.92,0.754,0.067,0.422,0.754,0.037,0.472,0.067,0.686,0.067,0.661,0.953,0.122,0.798,0.061,0.798,0.794,0.105,0.105,0.105,0.918,0.061,0.794,0.061,0.122,0.918,0.849,0.718,0.849,0.186,0.186,0.186,0.645,0.13,0.65,0.771,0.161,0.929,0.15,0.161,0.781,0.13,0.093,0.828,0.923,0.093,0.15,0.763,0.778,0.933,0.13,0.848,0.807,0.822,0.253,0.093,0.917,0.253,0.253,0.781,0.252,0.585,0.934,0.252,0.252,0.773,0.703,0.47,0.47,0.542,0.389,0.479,0.092,0.505,0.753,0.954,0.857,0.57,0.102,0.479,0.742,0.107,0.841,0.182,0.712,0.561,0.653,0.179,0.561,0.655,0.185,0.425,0.164,0.336,0.868,0.212,0.134,0.637,0.243,0.212,0.165,0.885,0.82,0.744,0.165,0.949,0.165,0.212,0.8,0.448,0.739,0.498,0.223,0.968,0.236,0.751,0.073,0.531,0.034,0.744,0.058,0.226,0.25,0.241,0.23,0.099,0.08,0.213
0.493,0.493,0.475,0.475,0.543,0.66,0.485,0.432,0.662,0.333,0.432,0.469,0.387,0.543,0.469,0.432,0.387,0.543,0.56,0.387,0.418,0.38,0.418,0.376,0.387,0.485,0.376,0.432,0.409,0.333,0.409,0.38,0.166,0.36,0.401,0.36,0.801,0.401,0.166,0.801,0.135,0.36,0.737,0.346,0.36,0.801,0.547,0.737,0.213,0.737,0.546,0.154,0.311,0.177,0.835,0.177,0.175,0.722,0.722,0.722,0.301,0.835,0.175,0.835,0.311,0.301,0.387,0.365,0.387,0.255,0.255,0.255,0.078,0.665,0.376,0.132,0.237,0.474,0.331,0.237,0.154,0.665,0.608,0.192,0.397,0.608,0.331,0.123,0.151,0.512,0.665,0.34,0.132,0.195,0.112,0.608,0.082,0.112,0.112,0.126,0.102,0.469,0.492,0.102,0.102,0.461,0.102,0.952,0.952,0.934,0.433,0.623,0.059,0.797,0.183,0.444,0.038,0.284,0.059,0.623,0.105,0.057,0.042,0.059,0.147,0.961,0.425,0.082,0.961,0.686,0.053,0.508,0.055,0.768,0.024,0.421,0.075,0.934,0.074,0.421,0.389,0.043,0.945,0.149,0.389,0.024,0.389,0.421,0.937,0.163,0.203,0.175,0.178,0.028,0.147,0.933,0.173,0.174,0.262,0.194,0.258,0.176,0.135,0.145,0.14,0.222,0.225,0.188
0.136,0.136,0.124,0.124,0.374,0.278,0.181,0.741,0.274,0.621,0.741,0.159,0.756,0.374,0.159,0.741,0.756,0.374,0.138,0.756,0.232,0.606,0.232,0.727,0.756,0.181,0.727,0.741,0.743,0.621,0.743,0.606,0.488,0.611,0.136,0.611,0.344,0.136,0.488,0.344,0.49,0.611,0.174,0.154,0.611,0.344,0.056,0.174,0.348,0.174,0.304,0.51,0.117,0.652,0.207,0.652,0.641,0.069,0.069,0.069,0.524,0.207,0.641,0.207,0.117,0.524,0.646,0.107,0.646,0.17,0.17,0.17,0.462,0.403,0.144,0.207,0.226,0.291,0.216,0.226,0.379,0.403,0.08,0.342,0.16,0.08,0.216,0.22,0.466,0.317,0.403,0.139,0.209,0.319,0.272,0.08,0.354,0.272,0.272,0.22,0.218,0.13,0.288,0.218,0.218,0.33,0.253,0.106,0.106,0.111,0.265,0.533,0.356,0.533,0.412,0.302,0.123,0.126,0.365,0.533,0.247,0.366,0.12,0.379,0.534,0.211,0.335,0.939,0.211,0.755,0.434,0.068,0.417,0.393,0.26,0.073,0.973,0.233,0.656,0.073,0.138,0.1,0.632,0.837,0.138,0.22,0.138,0.073,0.651,0.829,0.893,0.922,0.19,0.225,0.111,0.6,0.511,0.903,0.139,0.887,0.16,0.187,0.113,0.094,0.095,0.368,0.364,0.447
0.603,0.603,0.519,0.519,0.15,0.46,0.371,0.36,0.452,0.547,0.36,0.37,0.373,0.15,0.37,0.36,0.373,0.15,0.028,0.373,0.619,0.568,0.619,0.406,0.373,0.371,0.406,0.36,0.405,0.547,0.405,0.568,0.355,0.422,0.414,0.422,0.589,0.414,0.355,0.589,0.739,0.422,0.618,0.641,0.422,0.589,0.043,0.618,0.507,0.618,0.577,0.608,0.814,0.319,0.099,0.319,0.317,0.158,0.158,0.158,0.522,0.099,0.317,0.099,0.814,0.522,0.388,0.496,0.388,0.495,0.495,0.495,0.656,0.709,0.714,0.928,0.81,0.644,0.777,0.81,0.844,0.709,0.807,0.948,0.466,0.807,0.777,0.935,0.845,0.499,0.709,0.695,0.942,0.935,0.547,0.807,0.046,0.547,0.547,0.944,0.54,0.744,0.634,0.54,0.54,0.658,0.929,0.258,0.258,0.322,0.314,0.486,0.648,0.683,0.923,0.469,0.547,0.771,0.666,0.486,0.921,0.686,0.526,0.663,0.89,0.223,0.515,0.289,0.223,0.589,0.672,0.834,0.657,0.27,0.588,0.718,0.351,0.295,0.303,0.718,0.731,0.433,0.681,0.643,0.731,0.644,0.731,0.718,0.689,0.553,0.9,0.642,0.404,0.634,0.362,0.73,0.125,0.59,0.033,0.874,0.028,0.413,0.332,0.332,0.306,0.052,0.053,0.065
0.674,0.674,0.796,0.796,0.344,0.047,0.885,0.716,0.053,0.65,0.716,0.827,0.855,0.344,0.827,0.716,0.855,0.344,0.002,0.855,0.631,0.614,0.631,0.801,0.855,0.885,0.801,0.716,0.718,0.65,0.718,0.614,0.45,0.523,0.872,0.523,0.026,0.872,0.45,0.026,0.136,0.523,0.043,0.678,0.523,0.026,0.003,0.043,0.614,0.043,0.087,0.162,0.131,0.485,0.015,0.485,0.476,0.047,0.047,0.047,0.503,0.015,0.476,0.015,0.131,0.503,0.569,0.602,0.569,0.486,0.486,0.486,0.104,0.376,0.728,0.343,0.346,0.789,0.347,0.346,0.094,0.376,0.269,0.119,0.659,0.269,0.347,0.359,0.119,0.859,0.376,0.666,0.347,0.114,0.442,0.269,0.052,0.442,0.442,0.375,0.474,0.545,0.828,0.474,0.474,0.894,0.381,0.234,0.234,0.222,0.114,0.577,0.399,0.589,0.093,0.883,0.699,0.562,0.355,0.577,0.386,0.371,0.705,0.344,0.107,0.151,0.89,0.155,0.151,0.223,0.437,0.397,0.416,0.066,0.909,0.186,0.122,0.153,0.183,0.186,0.126,0.755,0.024,0.068,0.126,0.917,0.126,0.186,0.023,0.064,0.057,0.054,0.235,0.947,0.252,0.015,0.355,0.056,0.366,0.072,0.38,0.252,0.247,0.221,0.221,0.622,0.588,0.558
0.73,0.73,0.628,0.628,0.116,0.043,0.54,0.832,0.043,0.687,0.832,0.682,0.723,0.116,0.682,0.832,0.723,0.116,0.895,0.723,0.583,0.755,0.583,0.669,0.723,0.54,0.669,0.832,0.85,0.687,0.85,0.755,0.736,0.771,0.56,0.771,0.92,0.56,0.736,0.92,0.053,0.771,0.947,0.022,0.771,0.92,0.795,0.947,0.101,0.947,0.059,0.082,0.624,0.708,0.906,0.708,0.703,0.932,0.932,0.932,0.778,0.906,0.703,0.906,0.624,0.778,0.863,0.184,0.863,0.358,0.358,0.358,0.081,0.199,0.048,0.275,0.615,0.304,0.635,0.615,0.121,0.199,0.728,0.111,0.154,0.728,0.635,0.284,0.11,0.29,0.199,0.038,0.296,0.127,0.287,0.728,0.67,0.287,0.287,0.295,0.284,0.704,0.296,0.284,0.284,0.187,0.282,0.954,0.954,0.952,0.986,0.741,0.211,0.553,0.136,0.282,0.337,0.672,0.196,0.741,0.305,0.204,0.402,0.259,0.123,0.96,0.194,0.856,0.96,0.818,0.173,0.69,0.152,0.9,0.341,0.765,0.754,0.964,0.705,0.765,0.755,0.409,0.081,0.46,0.755,0.28,0.755,0.765,0.078,0.575,0.458,0.548,0.424,0.258,0.587,0.086,0.921,0.564,0.551,0.499,0.582,0.422,0.598,0.572,0.545,0.837,0.759,0.945
0.863,0.863,0.864,0.864,0.518,0.004,0.909,0.865,0.002,0.688,0.865,0.902,0.902,0.518,0.902,0.865,0.902,0.518,0.22,0.902,0.733,0.722,0.733,0.928,0.902,0.909,0.928,0.865,0.913,0.688,0.913,0.722,0.434,0.819,0.834,0.819,0.331,0.834,0.434,0.331,0.026,0.819,0.286,0.264,0.819,0.331,0.558,0.286,0.583,0.286,0.01,0.025,0.609,0.463,0.661,0.463,0.462,0.606,0.606,0.606,0.717,0.661,0.462,0.661,0.609,0.717,0.855,0.579,0.855,0.684,0.684,0.684,0.035,0.561,0.339,0.027,0.604,0.909,0.636,0.604,0.03,0.561,0.357,0.019,0.562,0.357,0.636,0.025,0.027,0.967,0.561,0.352,0.027,0.035,0.487,0.357,0.822,0.487,0.487,0.026,0.568,0.723,0.944,0.568,0.568,0.899,0.017,0.361,0.361,0.349,0.683,0.656,0.003,0.617,0.032,0.945,0.784,0.681,0.003,0.656,0.017,0.003,0.87,0.007,0.022,0.452,0.928,0.641,0.452,0.722,0.006,0.592,0.006,0.628,0.939,0.45,0.742,0.445,0.74,0.45,0.477,0.972,0.358,0.763,0.477,0.954,0.477,0.45,0.352,0.642,0.782,0.558,0.736,0.933,0.812,0.415,0.883,0.455,0.971,0.717,0.966,0.747,0.758,0.849,0.789,0.975,0.961,0.942
0.612,0.612,0.623,0.623,0.699,0.248,0.446,0.326,0.238,0.293,0.326,0.421,0.358,0.699,0.421,0.326,0.358,0.699,0.171,0.358,0.696,0.291,0.696,0.363,0.358,0.446,0.363,0.326,0.345,0.293,0.345,0.291,0.423,0.393,0.494,0.393,0.43,0.494,0.423,0.43,0.43,0.393,0.414,0.056,0.393,0.43,0.151,0.414,0.315,0.414,0.192,0.464,0.063,0.446,0.349,0.446,0.461,0.41,0.41,0.41,0.299,0.349,0.461,0.349,0.063,0.299,0.394,0.457,0.394,0.055,0.055,0.055,0.337,0.542,0.061,0.517,0.097,0.715,0.095,0.097,0.681,0.542,0.044,0.499,0.439,0.044,0.095,0.535,0.559,0.603,0.542,0.06,0.552,0.527,0.084,0.044,0.305,0.084,0.084,0.568,0.084,0.166,0.659,0.084,0.084,0.513,0.551,0.113,0.113,0.122,0.545,0.559,0.088,0.569,0.56,0.529,0.752,0.17,0.094,0.559,0.585,0.087,0.779,0.1,0.698,0.177,0.43,0.701,0.177,0.838,0.098,0.115,0.097,0.653,0.423,0.093,0.661,0.198,0.633,0.093,0.082,0.935,0.222,0.392,0.082,0.608,0.082,0.093,0.222,0.385,0.624,0.466,0.537,0.639,0.755,0.207,0.721,0.425,0.812,0.581,0.796,0.659,0.776,0.739,0.766,0.91,0.9,0.886
0.796,0.796,0.849,0.849,0.79,0.9,0.699,0.624,0.909,0.561,0.624,0.706,0.594,0.79,0.706,0.624,0.594,0.79,0.079,0.594,0.888,0.607,0.888,0.547,0.594,0.699,0.547,0.624,0.619,0.561,0.619,0.607,0.494,0.718,0.779,0.718,0.443,0.779,0.494,0.443,0.129,0.718,0.514,0.027,0.718,0.443,0.149,0.514,0.025,0.514,0.862,0.135,0.983,0.488,0.789,0.488,0.488,0.8,0.8,0.8,0.696,0.789,0.488,0.789,0.983,0.696,0.732,0.025,0.732,0.908,0.908,0.908,0.086,0.423,0.032,0.118,0.974,0.131,0.978,0.974,0.189,0.423,0.74,0.177,0.022,0.74,0.978,0.11,0.179,0.128,0.423,0.034,0.117,0.184,0.84,0.74,0.05,0.84,0.84,0.113,0.792,0.952,0.123,0.792,0.792,0.108,0.088,0.138,0.138,0.174,0.171,0.063,0.744,0.067,0.154,0.11,0.114,0.952,0.709,0.063,0.09,0.72,0.114,0.746,0.173,0.119,0.092,0.104,0.119,0.19,0.708,0.983,0.714,0.254,0.282,0.87,0.12,0.163,0.154,0.87,0.799,0.051,0.155,0.629,0.799,0.309,0.799,0.87,0.182,0.723,0.401,0.855,0.236,0.311,0.224,0.189,0.705,0.911,0.857,0.471,0.841,0.245,0.201,0.247,0.232,0.427,0.435,0.399
0.097,0.097,0.111,0.111,0.383,0.416,0.079,0.345,0.378,0.318,0.345,0.073,0.403,0.383,0.073,0.345,0.403,0.383,0.989,0.403,0.059,0.281,0.059,0.391,0.403,0.079,0.391,0.345,0.343,0.318,0.343,0.281,0.363,0.323,0.073,0.323,0.526,0.073,0.363,0.526,0.479,0.323,0.367,0.66,0.323,0.526,0.944,0.367,0.574,0.367,0.431,0.461,0.29,0.358,0.325,0.358,0.355,0.254,0.254,0.254,0.309,0.325,0.355,0.325,0.29,0.309,0.33,0.65,0.33,0.506,0.506,0.506,0.426,0.355,0.724,0.236,0.187,0.562,0.239,0.187,0.431,0.355,0.223,0.33,0.639,0.223,0.239,0.235,0.435,0.554,0.355,0.713,0.238,0.33,0.404,0.223,0.753,0.404,0.404,0.25,0.45,0.551,0.499,0.45,0.45,0.425,0.232,0.579,0.579,0.477,0.577,0.686,0.483,0.632,0.36,0.523,0.816,0.46,0.526,0.686,0.242,0.524,0.712,0.527,0.444,0.618,0.361,0.14,0.618,0.465,0.573,0.469,0.579,0.749,0.35,0.127,0.121,0.494,0.203,0.127,0.146,0.456,0.921,0.082,0.146,0.745,0.146,0.127,0.912,0.074,0.069,0.066,0.065,0.75,0.056,0.785,0.24,0.067,0.103,0.074,0.102,0.051,0.044,0.051,0.061,0.217,0.188,0.378
0.93,0.93,0.921,0.921,0.74,0.577,0.948,0.99,0.583,0.904,0.99,0.948,0.993,0.74,0.948,0.99,0.993,0.74,0.917,0.993,0.95,0.913,0.95,0.995,0.993,0.948,0.995,0.99,0.996,0.904,0.996,0.913,0.885,0.998,0.908,0.998,0.595,0.908,0.885,0.595,0.413,0.998,0.43,0.732,0.998,0.595,0.896,0.43,0.457,0.43,0.745,0.41,0.768,0.895,0.518,0.895,0.894,0.33,0.33,0.33,0.926,0.518,0.894,0.518,0.768,0.926,0.998,0.419,0.998,0.828,0.828,0.828,0.344,0.609,0.693,0.328,0.607,0.283,0.657,0.607,0.373,0.609,0.873,0.287,0.39,0.873,0.657,0.312,0.38,0.318,0.609,0.702,0.325,0.281,0.641,0.873,0.426,0.641,0.641,0.315,0.629,0.695,0.273,0.629,0.629,0.346,0.315,0.906,0.906,0.906,0.756,0.848,0.573,0.838,0.268,0.303,0.545,0.659,0.586,0.848,0.32,0.589,0.631,0.571,0.327,0.847,0.402,0.121,0.847,0.724,0.61,0.763,0.608,0.766,0.701,0.489,0.175,0.832,0.173,0.489,0.645,0.822,0.127,0.896,0.645,0.388,0.645,0.489,0.126,0.917,0.866,0.945,0.346,0.411,0.395,0.159,0.986,0.89,0.972,0.922,0.935,0.324,0.451,0.488,0.471,0.7,0.718,0.428
0.911,0.911,0.893,0.893,0.936,0.657,0.84,0.849,0.666,0.808,0.849,0.906,0.735,0.936,0.906,0.849,0.735,0.936,0.861,0.735,0.909,0.809,0.909,0.807,0.735,0.84,0.807,0.849,0.879,0.808,0.879,0.809,0.384,0.79,0.878,0.79,0.712,0.878,0.384,0.712,0.972,0.79,0.789,0.829,0.79,0.712,0.857,0.789,0.681,0.789,0.917,0.973,0.7,0.4,0.788,0.4,0.391,0.846,0.846,0.846,0.782,0.788,0.391,0.788,0.7,0.782,0.827,0.825,0.827,0.813,0.813,0.813,0.913,0.92,0.945,0.988,0.783,0.81,0.597,0.783,0.973,0.92,0.85,0.987,0.909,0.85,0.597,0.969,0.978,0.851,0.92,0.932,0.987,0.995,0.721,0.85,0.752,0.721,0.721,0.972,0.627,0.681,0.807,0.627,0.627,0.882,0.969,0.676,0.676,0.714,0.797,0.415,0.943,0.55,0.984,0.855,0.83,0.755,0.973,0.415,0.946,0.978,0.817,0.973,0.872,0.548,0.916,0.554,0.548,0.643,0.995,0.918,0.993,0.816,0.917,0.916,0.898,0.54,0.892,0.916,0.92,0.831,0.612,0.925,0.92,0.835,0.92,0.916,0.604,0.857,0.941,0.858,0.461,0.831,0.389,0.612,0.582,0.66,0.59,0.87,0.563,0.43,0.406,0.486,0.489,0.177,0.124,0.23
0.638,0.638,0.672,0.672,0.03,0.925,0.811,0.876,0.924,0.81,0.876,0.861,0.906,0.03,0.861,0.876,0.906,0.03,0.962,0.906,0.548,0.751,0.548,0.9,0.906,0.811,0.9,0.876,0.832,0.81,0.832,0.751,0.825,0.932,0.833,0.932,0.326,0.833,0.825,0.326,0.019,0.932,0.507,0.485,0.932,0.326,0.925,0.507,0.716,0.507,0.899,0.018,0.21,0.585,0.427,0.585,0.572,0.599,0.599,0.599,0.803,0.427,0.572,0.427,0.21,0.803,0.96,0.584,0.96,0.244,0.244,0.244,0.019,0.277,0.348,0.022,0.367,0.433,0.43,0.367,0.018,0.277,0.538,0.017,0.543,0.538,0.43,0.014,0.021,0.306,0.277,0.443,0.018,0.02,0.149,0.538,0.83,0.149,0.149,0.018,0.138,0.466,0.312,0.138,0.138,0.387,0.022,0.896,0.896,0.972,0.844,0.722,0.545,0.724,0.017,0.196,0.245,0.373,0.556,0.722,0.024,0.548,0.384,0.294,0.019,0.975,0.598,0.604,0.975,0.886,0.309,0.583,0.314,0.922,0.453,0.561,0.601,0.978,0.675,0.561,0.587,0.404,0.988,0.592,0.587,0.301,0.587,0.561,0.988,0.383,0.679,0.431,0.676,0.224,0.632,0.976,0.542,0.423,0.423,0.672,0.452,0.634,0.645,0.637,0.63,0.592,0.575,0.799
0.357,0.357,0.386,0.386,0.209,0.338,0.647,0.508,0.339,0.463,0.508,0.615,0.446,0.209,0.615,0.508,0.446,0.209,0.157,0.446,0.268,0.432,0.268,0.469,0.446,0.647,0.469,0.508,0.517,0.463,0.517,0.432,0.396,0.457,0.556,0.457,0.248,0.556,0.396,0.248,0.396,0.457,0.259,0.283,0.457,0.248,0.195,0.259,0.043,0.259,0.336,0.529,0.437,0.383,0.37,0.383,0.373,0.412,0.412,0.412,0.306,0.37,0.373,0.37,0.437,0.306,0.41,0.037,0.41,0.447,0.447,0.447,0.821,0.075,0.277,0.542,0.478,0.045,0.643,0.478,0.365,0.075,0.107,0.323,0.04,0.107,0.643,0.523,0.378,0.032,0.075,0.278,0.492,0.313,0.362,0.107,0.317,0.362,0.362,0.531,0.336,0.22,0.048,0.336,0.336,0.053,0.596,0.236,0.236,0.241,0.665,0.103,0.473,0.085,0.356,0.031,0.098,0.234,0.601,0.103,0.597,0.605,0.089,0.514,0.418,0.213,0.047,0.309,0.213,0.198,0.758,0.123,0.757,0.622,0.073,0.216,0.278,0.234,0.48,0.216,0.272,0.086,0.225,0.164,0.272,0.075,0.272,0.216,0.228,0.158,0.149,0.108,0.344,0.073,0.341,0.263,0.397,0.111,0.431,0.137,0.425,0.341,0.367,0.331,0.359,0.468,0.459,0.475
0.483,0.483,0.498,0.498,0.803,0.665,0.794,0.89,0.672,0.817,0.89,0.822,0.828,0.803,0.822,0.89,0.828,0.803,0.855,0.828,0.898,0.863,0.898,0.922,0.828,0.794,0.922,0.89,0.927,0.817,0.927,0.863,0.99,0.873,0.745,0.873,0.132,0.745,0.99,0.132,0.234,0.873,0.095,0.17,0.873,0.132,0.858,0.095,0.433,0.095,0.596,0.237,0.541,0.992,0.198,0.992,0.993,0.224,0.224,0.224,0.839,0.198,0.993,0.198,0.541,0.839,0.9,0.812,0.9,0.192,0.192,0.192,0.272,0.7,0.17,0.499,0.324,0.634,0.279,0.324,0.758,0.7,0.643,0.609,0.794,0.643,0.279,0.488,0.698,0.744,0.7,0.158,0.54,0.672,0.207,0.643,0.933,0.207,0.207,0.524,0.193,0.449,0.639,0.193,0.193,0.665,0.434,0.642,0.642,0.527,0.165,0.935,0.048,0.991,0.578,0.676,0.532,0.374,0.051,0.935,0.488,0.056,0.553,0.125,0.668,0.714,0.642,0.806,0.714,0.291,0.128,0.588,0.126,0.221,0.749,0.526,0.763,0.653,0.591,0.526,0.596,0.579,0.927,0.279,0.596,0.776,0.596,0.526,0.968,0.466,0.55,0.478,0.501,0.74,0.672,0.95,0.433,0.541,0.407,0.648,0.437,0.491,0.673,0.67,0.655,0.512,0.544,0.811
0.85,0.85,0.877,0.877,0.411,0.128,0.682,0.592,0.132,0.707,0.592,0.647,0.607,0.411,0.647,0.592,0.607,0.411,0.207,0.607,0.747,0.737,0.747,0.505,0.607,0.682,0.505,0.592,0.508,0.707,0.508,0.737,0.297,0.521,0.634,0.521,0.03,0.634,0.297,0.03,0.387,0.521,0.313,0.857,0.521,0.03,0.296,0.313,0.88,0.313,0.096,0.414,0.651,0.359,0.134,0.359,0.367,0.465,0.465,0.465,0.652,0.134,0.367,0.134,0.651,0.652,0.524,0.898,0.524,0.537,0.537,0.537,0.21,0.112,0.925,0.231,0.529,0.583,0.594,0.529,0.3,0.112,0.79,0.248,0.838,0.79,0.594,0.231,0.296,0.562,0.112,0.874,0.229,0.248,0.37,0.79,0.106,0.37,0.37,0.23,0.544,0.631,0.685,0.544,0.544,0.447,0.231,0.14,0.14,0.173,0.03,0.212,0.489,0.208,0.22,0.653,0.96,0.582,0.438,0.212,0.23,0.424,0.933,0.437,0.292,0.137,0.403,0.892,0.137,0.039,0.318,0.695,0.302,0.026,0.693,0.616,0.813,0.169,0.895,0.616,0.595,0.898,0.194,0.717,0.595,0.799,0.595,0.616,0.185,0.781,0.773,0.783,0.955,0.877,0.966,0.153,0.872,0.762,0.846,0.814,0.849,0.961,0.988,0.972,0.942,0.899,0.831,0.983
0.795,0.795,0.763,0.763,0.003,0.16,0.585,0.773,0.151,0.567,0.773,0.589,0.733,0.003,0.589,0.773,0.733,0.003,0.578,0.733,0.775,0.608,0.775,0.707,0.733,0.585,0.707,0.773,0.804,0.567,0.804,0.608,0.816,0.874,0.761,0.874,0.24,0.761,0.816,0.24,0.416,0.874,0.371,0.883,0.874,0.24,0.593,0.371,0.965,0.371,0.229,0.38,0.006,0.819,0.514,0.819,0.826,0.612,0.612,0.612,0.612,0.514,0.826,0.514,0.006,0.612,0.822,0.965,0.822,0.339,0.339,0.339,0.38,0.022,0.943,0.28,0.047,0.456,0.072,0.047,0.604,0.022,0.005,0.455,0.989,0.005,0.072,0.32,0.611,0.533,0.022,0.969,0.277,0.444,0.678,0.005,0.639,0.678,0.678,0.297,0.578,0.144,0.433,0.578,0.578,0.455,0.265,0.342,0.342,0.292,0.469,0.456,0.509,0.515,0.357,0.503,0.142,0.097,0.614,0.456,0.245,0.624,0.176,0.701,0.484,0.394,0.522,0.624,0.394,0.236,0.738,0.008,0.749,0.416,0.081,0.315,0.611,0.352,0.595,0.315,0.352,0.174,0.911,0.31,0.352,0.061,0.352,0.315,0.858,0.514,0.536,0.656,0.682,0.052,0.555,0.764,0.108,0.648,0.15,0.582,0.143,0.658,0.51,0.429,0.392,0.103,0.11,0.104
0.571,0.571,0.565,0.565,0.621,0.106,0.5,0.412,0.111,0.29,0.412,0.509,0.393,0.621,0.509,0.412,0.393,0.621,0.264,0.393,0.717,0.3,0.717,0.387,0.393,0.5,0.387,0.412,0.411,0.29,0.411,0.3,0.23,0.458,0.594,0.458,0.282,0.594,0.23,0.282,0.485,0.458,0.175,0.8,0.458,0.282,0.127,0.175,0.888,0.175,0.106,0.239,0.078,0.296,0.244,0.296,0.28,0.143,0.143,0.143,0.341,0.244,0.28,0.244,0.078,0.341,0.444,0.872,0.444,0.026,0.026,0.026,0.341,0.408,0.858,0.273,0.088,0.969,0.03,0.088,0.239,0.408,0.388,0.293,0.88,0.388,0.03,0.247,0.16,0.968,0.408,0.855,0.265,0.365,0.001,0.388,0.46,0.001,0.001,0.27,0.01,0.046,0.961,0.01,0.01,0.947,0.29,0.152,0.152,0.054,0.113,0.862,0.597,0.846,0.27,0.969,0.991,0.049,0.593,0.862,0.324,0.625,0.998,0.438,0.211,0.209,0.938,0.836,0.209,0.632,0.348,0.107,0.375,0.116,0.931,0.104,0.802,0.082,0.829,0.104,0.075,0.904,0.458,0.883,0.075,0.994,0.075,0.104,0.454,0.772,0.911,0.842,0.014,0.99,0.006,0.542,0.035,0.771,0.023,0.765,0.02,0.018,0.011,0.01,0.014,0.011,0.017,0.026
0.842,0.842,0.862,0.862,0.882,0.007,0.505,0.608,0.01,0.554,0.608,0.675,0.472,0.882,0.675,0.608,0.472,0.882,0.325,0.472,0.81,0.636,0.81,0.477,0.472,0.505,0.477,0.608,0.583,0.554,0.583,0.636,0.689,0.583,0.84,0.583,0.334,0.84,0.689,0.334,0.034,0.583,0.201,0.298,0.583,0.334,0.523,0.201,0.473,0.201,0.016,0.031,0.821,0.722,0.731,0.722,0.737,0.522,0.522,0.522,0.554,0.731,0.737,0.731,0.821,0.554,0.542,0.543,0.542,0.991,0.991,0.991,0.02,0.693,0.236,0.042,0.498,0.701,0.54,0.498,0.02,0.693,0.841,0.034,0.537,0.841,0.54,0.041,0.031,0.73,0.693,0.225,0.047,0.027,0.927,0.841,0.608,0.927,0.927,0.045,0.926,0.682,0.684,0.926,0.926,0.8,0.037,0.429,0.429,0.481,0.679,0.354,0.24,0.36,0.025,0.719,0.567,0.641,0.217,0.354,0.038,0.232,0.593,0.399,0.029,0.413,0.779,0.302,0.413,0.82,0.393,0.897,0.378,0.689,0.823,0.42,0.279,0.46,0.219,0.42,0.579,0.638,0.646,0.307,0.579,0.715,0.579,0.42,0.635,0.214,0.273,0.183,0.399,0.741,0.543,0.559,0.55,0.14,0.703,0.311,0.66,0.383,0.516,0.693,0.61,0.761,0.817,0.911
0.688,0.688,0.677,0.677,0.249,0.331,0.55,0.533,0.319,0.435,0.533,0.553,0.509,0.249,0.553,0.533,0.509,0.249,0.485,0.509,0.822,0.459,0.822,0.527,0.509,0.55,0.527,0.533,0.545,0.435,0.545,0.459,0.238,0.557,0.805,0.557,0.371,0.805,0.238,0.371,0.657,0.557,0.416,0.286,0.557,0.371,0.298,0.416,0.496,0.416,0.37,0.602,0.41,0.197,0.4,0.197,0.197,0.497,0.497,0.497,0.469,0.4,0.197,0.4,0.41,0.469,0.581,0.534,0.581,0.331,0.331,0.331,0.628,0.651,0.318,0.309,0.308,0.402,0.311,0.308,0.375,0.651,0.532,0.429,0.522,0.532,0.311,0.308,0.366,0.321,0.651,0.29,0.282,0.434,0.461,0.532,0.719,0.461,0.461,0.28,0.464,0.34,0.311,0.464,0.464,0.618,0.392,0.713,0.713,0.784,0.853,0.443,0.366,0.61,0.442,0.242,0.891,0.352,0.39,0.443,0.316,0.37,0.909,0.122,0.332,0.724,0.577,0.06,0.724,0.477,0.154,0.464,0.149,0.814,0.559,0.525,0.066,0.793,0.013,0.525,0.607,0.444,0.3,0.195,0.607,0.334,0.607,0.525,0.296,0.237,0.379,0.252,0.079,0.346,0.169,0.311,0.247,0.34,0.326,0.375,0.336,0.093,0.167,0.164,0.16,0.184,0.182,0.101
0.741,0.741,0.688,0.688,0.486,0.579,0.644,0.895,0.593,0.954,0.895,0.825,0.86,0.486,0.825,0.895,0.86,0.486,0.016,0.86,0.737,0.987,0.737,0.835,0.86,0.644,0.835,0.895,0.871,0.954,0.871,0.987,0.57,0.823,0.806,0.823,0.831,0.806,0.57,0.831,0.009,0.823,0.82,0.892,0.823,0.831,0.035,0.82,0.97,0.82,0.512,0.024,0.726,0.586,0.763,0.586,0.663,0.746,0.746,0.746,0.929,0.763,0.663,0.763,0.726,0.929,0.816,0.971,0.816,0.327,0.327,0.327,0.016,0.536,0.929,0.004,0.85,0.506,0.885,0.85,0.003,0.536,0.776,0.007,0.98,0.776,0.885,0.007,0.007,0.503,0.536,0.933,0.007,0.007,0.626,0.776,0.001,0.626,0.626,0.006,0.617,0.947,0.586,0.617,0.617,0.481,0.008,0.239,0.239,0.263,0.385,0.089,0.471,0.052,0.007,0.635,0.917,0.885,0.499,0.089,0.009,0.495,0.863,0.5,0.008,0.21,0.579,0.833,0.21,0.226,0.498,0.769,0.49,0.319,0.661,0.923,0.809,0.253,0.64,0.923,0.951,0.806,0.964,0.497,0.951,0.625,0.951,0.923,0.952,0.425,0.88,0.597,0.387,0.791,0.605,0.827,0.407,0.664,0.467,0.868,0.57,0.365,0.536,0.616,0.528,0.582,0.597,0.477
0.452,0.452,0.374,0.374,0.382,0.883,0.567,0.786,0.789,0.79,0.786,0.566,0.771,0.382,0.566,0.786,0.771,0.382,0.086,0.771,0.381,0.82,0.381,0.82,0.771,0.567,0.82,0.786,0.824,0.79,0.824,0.82,0.482,0.87,0.663,0.87,0.442,0.663,0.482,0.442,0.696,0.87,0.575,0.701,0.87,0.442,0.115,0.575,0.593,0.575,0.882,0.496,0.216,0.462,0.564,0.462,0.451,0.286,0.286,0.286,0.82,0.564,0.451,0.564,0.216,0.82,0.899,0.557,0.899,0.03,0.03,0.03,0.619,0.165,0.691,0.306,0.022,0.281,0.038,0.022,0.552,0.165,0.337,0.36,0.573,0.337,0.038,0.298,0.476,0.189,0.165,0.75,0.317,0.389,0.024,0.337,0.128,0.024,0.024,0.312,0.019,0.092,0.285,0.019,0.019,0.341,0.322,0.71,0.71,0.571,0.514,0.14,0.31,0.275,0.499,0.189,0.323,0.056,0.347,0.14,0.321,0.35,0.326,0.391,0.63,0.752,0.41,0.164,0.752,0.293,0.389,0.284,0.365,0.526,0.507,0.182,0.147,0.589,0.187,0.182,0.172,0.388,0.191,0.48,0.172,0.601,0.172,0.182,0.188,0.284,0.696,0.348,0.213,0.561,0.179,0.192,0.396,0.333,0.619,0.616,0.632,0.211,0.185,0.185,0.175,0.265,0.344,0.348
0.39,0.39,0.398,0.398,0.128,0.562,0.688,0.652,0.551,0.552,0.652,0.751,0.58,0.128,0.751,0.652,0.58,0.128,0.41,0.58,0.475,0.676,0.475,0.594,0.58,0.688,0.594,0.652,0.673,0.552,0.673,0.676,0.601,0.791,0.844,0.791,0.133,0.844,0.601,0.133,0.999,0.791,0.124,0.514,0.791,0.133,0.466,0.124,0.615,0.124,0.604,0.999,0.054,0.55,0.295,0.55,0.567,0.361,0.361,0.361,0.668,0.295,0.567,0.295,0.054,0.668,0.718,0.747,0.718,0.31,0.31,0.31,0.986,0.176,0.663,0.808,0.401,0.641,0.368,0.401,0.919,0.176,0.083,0.858,0.729,0.083,0.368,0.807,0.886,0.489,0.176,0.678,0.821,0.859,0.643,0.083,0.906,0.643,0.643,0.818,0.735,0.893,0.609,0.735,0.735,0.504,0.697,0.441,0.441,0.515,0.942,0.505,0.275,0.507,0.764,0.472,0.112,0.916,0.343,0.505,0.691,0.345,0.148,0.333,0.786,0.672,0.436,0.721,0.672,0.798,0.411,0.459,0.397,0.955,0.151,0.695,0.627,0.698,0.582,0.695,0.642,0.194,0.871,0.879,0.642,0.098,0.642,0.695,0.773,0.665,0.796,0.837,0.643,0.102,0.728,0.905,0.501,0.858,0.565,0.81,0.522,0.591,0.757,0.738,0.776,0.425,0.424,0.419
0.463,0.463,0.504,0.504,0.228,0.202,0.352,0.4,0.204,0.3,0.4,0.356,0.411,0.228,0.356,0.4,0.411,0.228,0.759,0.411,0.677,0.307,0.677,0.383,0.411,0.352,0.383,0.4,0.376,0.3,0.376,0.307,0.242,0.603,0.458,0.603,0.228,0.458,0.242,0.228,0.138,0.603,0.233,0.777,0.603,0.228,0.491,0.233,0.896,0.233,0.065,0.146,0.534,0.224,0.26,0.224,0.227,0.209,0.209,0.209,0.394,0.26,0.227,0.26,0.534,0.394,0.532,0.893,0.532,0.99,0.99,0.99,0.169,0.072,0.764,0.817,0.672,0.885,0.645,0.672,0.054,0.072,0.07,0.087,0.893,0.07,0.645,0.817,0.05,0.994,0.072,0.766,0.815,0.082,0.965,0.07,0.936,0.965,0.965,0.82,0.964,0.008,0.869,0.964,0.964,0.963,0.951,0.255,0.255,0.266,0.153,0.18,0.51,0.175,0.085,0.99,0.327,0.008,0.46,0.18,0.919,0.477,0.294,0.614,0.068,0.269,0.991,0.778,0.269,0.075,0.653,0.013,0.656,0.126,0.948,0.057,0.936,0.294,0.521,0.057,0.054,0.675,0.017,0.71,0.054,0.84,0.054,0.057,0.011,0.814,0.529,0.67,0.579,0.856,0.601,0.016,0.792,0.697,0.777,0.54,0.79,0.589,0.661,0.71,0.717,0.838,0.903,0.887
0.281,0.281,0.328,0.328,0.109,0.635,0.309,0.268,0.66,0.265,0.268,0.306,0.299,0.109,0.306,0.268,0.299,0.109,0.589,0.299,0.224,0.207,0.224,0.328,0.299,0.309,0.328,0.268,0.244,0.265,0.244,0.207,0.152,0.227,0.227,0.227,0.564,0.227,0.152,0.564,0.711,0.227,0.572,0.441,0.227,0.564,0.542,0.572,0.413,0.572,0.519,0.694,0.118,0.105,0.752,0.105,0.103,0.725,0.725,0.725,0.215,0.752,0.103,0.752,0.118,0.215,0.24,0.363,0.24,0.324,0.324,0.324,0.774,0.141,0.441,0.521,0.282,0.399,0.271,0.282,0.674,0.141,0.047,0.494,0.335,0.047,0.271,0.556,0.617,0.449,0.141,0.421,0.497,0.428,0.334,0.047,0.304,0.334,0.334,0.535,0.321,0.299,0.374,0.321,0.321,0.534,0.458,0.155,0.155,0.34,0.346,0.185,0.802,0.2,0.38,0.413,0.624,0.301,0.852,0.185,0.423,0.826,0.595,0.446,0.597,0.172,0.589,0.941,0.172,0.371,0.622,0.093,0.584,0.333,0.974,0.241,0.833,0.365,0.891,0.241,0.238,0.908,0.531,0.709,0.238,0.695,0.238,0.241,0.53,0.76,0.801,0.622,0.946,0.715,0.981,0.508,0.526,0.751,0.559,0.877,0.606,0.918,0.982,0.977,0.985,0.586,0.586,0.575
0.88,0.88,0.861,0.861,0.386,0.559,0.809,0.622,0.513,0.539,0.622,0.782,0.62,0.386,0.782,0.622,0.62,0.386,0.956,0.62,0.768,0.587,0.768,0.598,0.62,0.809,0.598,0.622,0.624,0.539,0.624,0.587,0.383,0.641,0.695,0.641,0.499,0.695,0.383,0.499,0.273,0.641,0.498,0.45,0.641,0.499,0.769,0.498,0.854,0.498,0.382,0.487,0.15,0.465,0.407,0.465,0.429,0.362,0.362,0.362,0.545,0.407,0.429,0.407,0.15,0.545,0.573,0.804,0.573,0.643,0.643,0.643,0.503,0.294,0.404,0.164,0.18,0.878,0.161,0.18,0.326,0.294,0.167,0.254,0.799,0.167,0.161,0.163,0.325,0.863,0.294,0.369,0.161,0.254,0.787,0.167,0.482,0.787,0.787,0.16,0.798,0.629,0.888,0.798,0.798,0.886,0.157,0.349,0.349,0.31,0.626,0.417,0.005,0.534,0.267,0.872,0.935,0.619,0.005,0.417,0.15,0.005,0.942,0.009,0.333,0.35,0.887,0.758,0.35,0.284,0.02,0.458,0.021,0.608,0.928,0.211,0.773,0.321,0.726,0.211,0.209,0.942,0.569,0.978,0.209,0.889,0.209,0.211,0.567,0.794,0.939,0.904,0.897,0.902,0.836,0.499,0.983,0.936,0.959,0.938,0.956,0.881,0.817,0.727,0.72,0.221,0.267,0.231
0.725,0.725,0.704,0.704,0.376,0.315,0.77,0.653,0.491,0.48,0.653,0.793,0.612,0.376,0.793,0.653,0.612,0.376,0.821,0.612,0.741,0.524,0.741,0.624,0.612,0.77,0.624,0.653,0.655,0.48,0.655,0.524,0.378,0.654,0.818,0.654,0.31,0.818,0.378,0.31,0.075,0.654,0.368,0.894,0.654,0.31,0.758,0.368,0.885,0.368,0.684,0.06,0.676,0.49,0.257,0.49,0.481,0.293,0.293,0.293,0.536,0.257,0.481,0.257,0.676,0.536,0.663,0.79,0.663,0.353,0.353,0.353,0.044,0.591,0.86,0.144,0.69,0.815,0.619,0.69,0.217,0.591,0.548,0.23,0.833,0.548,0.619,0.148,0.209,0.591,0.591,0.829,0.141,0.218,0.367,0.548,0.813,0.367,0.367,0.148,0.466,0.601,0.802,0.466,0.466,0.827,0.112,0.398,0.398,0.662,0.919,0.543,0.811,0.749,0.188,0.555,0.407,0.697,0.633,0.543,0.109,0.648,0.434,0.654,0.227,0.688,0.593,0.682,0.688,0.584,0.451,0.63,0.432,0.942,0.489,0.491,0.704,0.831,0.752,0.491,0.354,0.373,0.071,0.965,0.354,0.582,0.354,0.491,0.072,0.953,0.958,0.94,0.817,0.531,0.869,0.054,0.885,0.933,0.905,0.948,0.921,0.841,0.86,0.827,0.834,0.771,0.788,0.783
0.025,0.025,0.029,0.029,0.977,0.917,0.018,0.021,0.928,0.026,0.021,0.016,0.034,0.977,0.016,0.021,0.034,0.977,0.901,0.034,0.092,0.024,0.092,0.028,0.034,0.018,0.028,0.021,0.021,0.026,0.021,0.024,0.022,0.069,0.094,0.069,0.999,0.094,0.022,0.999,0.247,0.069,0.999,0.427,0.069,0.999,0.845,0.999,0.421,0.999,0.975,0.246,0.967,0.023,0.982,0.023,0.024,0.993,0.993,0.993,0.028,0.982,0.024,0.982,0.967,0.028,0.086,0.504,0.086,0.9,0.9,0.9,0.493,0.995,0.278,0.142,0.969,0.615,0.972,0.969,0.231,0.995,0.931,0.196,0.497,0.931,0.972,0.146,0.242,0.784,0.995,0.248,0.142,0.198,0.937,0.931,0.526,0.937,0.937,0.147,0.93,0.976,0.629,0.93,0.93,0.514,0.236,0.068,0.068,0.039,0.103,0.112,0.993,0.116,0.301,0.771,0.553,0.971,0.987,0.112,0.236,0.987,0.512,0.945,0.283,0.076,0.765,0.645,0.076,0.324,0.929,0.985,0.929,0.096,0.447,0.834,0.564,0.042,0.643,0.834,0.79,0.733,0.599,0.564,0.79,0.419,0.79,0.834,0.602,0.66,0.61,0.629,0.835,0.471,0.813,0.678,0.832,0.657,0.731,0.518,0.727,0.787,0.837,0.824,0.858,0.816,0.814,0.826
0.871,0.871,0.857,0.857,0.59,0.453,0.653,0.695,0.478,0.611,0.695,0.759,0.644,0.59,0.759,0.695,0.644,0.59,0.003,0.644,0.595,0.669,0.595,0.663,0.644,0.653,0.663,0.695,0.661,0.611,0.661,0.669,0.334,0.538,0.577,0.538,0.09,0.577,0.334,0.09,0.246,0.538,0.04,0.97,0.538,0.09,0.002,0.04,0.969,0.04,0.447,0.221,0.543,0.449,0.289,0.449,0.463,0.203,0.203,0.203,0.533,0.289,0.463,0.289,0.543,0.533,0.568,0.969,0.568,0.189,0.189,0.189,0.267,0.613,0.993,0.1,0.363,0.879,0.25,0.363,0.151,0.613,0.266,0.124,0.963,0.266,0.25,0.091,0.134,0.781,0.613,0.985,0.095,0.139,0.165,0.266,0.51,0.165,0.165,0.098,0.128,0.229,0.878,0.128,0.128,0.883,0.074,0.191,0.191,0.184,0.27,0.579,0.702,0.549,0.088,0.76,0.918,0.216,0.571,0.579,0.079,0.637,0.929,0.81,0.12,0.232,0.755,0.401,0.232,0.635,0.748,0.293,0.744,0.374,0.83,0.164,0.336,0.226,0.283,0.164,0.202,0.955,0.899,0.443,0.202,0.816,0.202,0.164,0.902,0.291,0.413,0.321,0.512,0.801,0.628,0.904,0.471,0.345,0.633,0.456,0.655,0.498,0.601,0.621,0.595,0.808,0.752,0.688
0.479,0.479,0.437,0.437,0.526,0.349,0.354,0.369,0.38,0.537,0.369,0.365,0.36,0.526,0.365,0.369,0.36,0.526,0.374,0.36,0.49,0.452,0.49,0.344,0.36,0.354,0.344,0.369,0.35,0.537,0.35,0.452,0.222,0.331,0.398,0.331,0.109,0.398,0.222,0.109,0.298,0.331,0.577,0.347,0.331,0.109,0.619,0.577,0.046,0.577,0.332,0.392,0.785,0.218,0.261,0.218,0.217,0.706,0.706,0.706,0.435,0.261,0.217,0.261,0.785,0.435,0.323,0.026,0.323,0.328,0.328,0.328,0.384,0.458,0.312,0.416,0.417,0.053,0.35,0.417,0.576,0.458,0.881,0.574,0.025,0.881,0.35,0.415,0.544,0.08,0.458,0.37,0.416,0.538,0.245,0.881,0.222,0.245,0.245,0.408,0.254,0.532,0.053,0.254,0.254,0.052,0.435,0.608,0.608,0.619,0.404,0.483,0.289,0.487,0.594,0.079,0.088,0.493,0.308,0.483,0.438,0.304,0.092,0.296,0.686,0.108,0.083,0.392,0.108,0.186,0.342,0.674,0.347,0.114,0.059,0.666,0.315,0.123,0.601,0.666,0.57,0.151,0.609,0.448,0.57,0.051,0.57,0.666,0.592,0.412,0.343,0.272,0.335,0.041,0.311,0.607,0.358,0.339,0.478,0.402,0.457,0.343,0.283,0.328,0.324,0.555,0.541,0.461
0.514,0.514,0.375,0.375,0.352,0.398,0.355,0.776,0.804,0.655,0.776,0.476,0.688,0.352,0.476,0.776,0.688,0.352,0.979,0.688,0.406,0.705,0.406,0.621,0.688,0.355,0.621,0.776,0.757,0.655,0.757,0.705,0.517,0.799,0.39,0.799,0.474,0.39,0.517,0.474,0.47,0.799,0.467,0.372,0.799,0.474,0.973,0.467,0.808,0.467,0.766,0.445,0.402,0.48,0.379,0.48,0.472,0.346,0.346,0.346,0.748,0.379,0.472,0.379,0.402,0.748,0.785,0.588,0.785,0.814,0.814,0.814,0.385,0.328,0.524,0.814,0.557,0.438,0.563,0.557,0.89,0.328,0.163,0.868,0.532,0.163,0.563,0.806,0.872,0.557,0.328,0.502,0.757,0.876,0.846,0.163,0.87,0.846,0.846,0.755,0.823,0.091,0.522,0.823,0.823,0.593,0.781,0.487,0.487,0.465,0.846,0.366,0.975,0.355,0.851,0.349,0.194,0.096,0.99,0.366,0.774,0.989,0.185,0.947,0.895,0.474,0.569,0.979,0.474,0.772,0.98,0.057,0.986,0.871,0.471,0.224,0.95,0.465,0.957,0.224,0.217,0.189,0.093,0.849,0.217,0.534,0.217,0.224,0.096,0.68,0.569,0.636,0.711,0.519,0.653,0.088,0.361,0.542,0.307,0.779,0.31,0.699,0.676,0.649,0.68,0.526,0.475,0.515
0.494,0.494,0.457,0.457,0.262,0.435,0.607,0.754,0.408,0.501,0.754,0.704,0.68,0.262,0.704,0.754,0.68,0.262,0.803,0.68,0.452,0.554,0.452,0.668,0.68,0.607,0.668,0.754,0.755,0.501,0.755,0.554,0.674,0.726,0.621,0.726,0.588,0.621,0.674,0.588,0.985,0.726,0.48,0.877,0.726,0.588,0.68,0.48,0.137,0.48,0.48,0.982,0.227,0.647,0.675,0.647,0.646,0.594,0.594,0.594,0.495,0.675,0.646,0.675,0.227,0.495,0.737,0.257,0.737,0.421,0.421,0.421,1.0,0.622,0.882,0.884,0.395,0.396,0.513,0.395,0.977,0.622,0.409,0.903,0.256,0.409,0.513,0.888,0.981,0.207,0.622,0.86,0.872,0.895,0.412,0.409,0.656,0.412,0.412,0.886,0.537,0.457,0.376,0.537,0.537,0.215,0.933,0.52,0.52,0.387,0.482,0.478,0.7,0.451,0.907,0.194,0.366,0.29,0.573,0.478,0.924,0.588,0.449,0.652,0.981,0.766,0.128,0.254,0.766,0.141,0.602,0.22,0.591,0.52,0.557,0.65,0.202,0.621,0.216,0.65,0.695,0.828,0.958,0.085,0.695,0.365,0.695,0.65,0.954,0.077,0.095,0.081,0.319,0.324,0.429,0.942,0.367,0.084,0.448,0.102,0.466,0.315,0.435,0.453,0.444,0.583,0.598,0.32
0.155,0.155,0.223,0.223,0.606,0.93,0.105,0.153,0.938,0.637,0.153,0.107,0.145,0.606,0.107,0.153,0.145,0.606,0.616,0.145,0.065,0.444,0.065,0.126,0.145,0.105,0.126,0.153,0.142,0.637,0.142,0.444,0.776,0.159,0.042,0.159,0.755,0.042,0.776,0.755,0.726,0.159,0.654,0.876,0.159,0.755,0.5,0.654,0.39,0.654,0.897,0.817,0.221,0.712,0.532,0.712,0.71,0.615,0.615,0.615,0.329,0.532,0.71,0.532,0.221,0.329,0.131,0.624,0.131,0.102,0.102,0.102,0.968,0.817,0.924,0.966,0.272,0.732,0.277,0.272,0.988,0.817,0.473,0.989,0.594,0.473,0.277,0.973,0.991,0.705,0.817,0.921,0.955,0.986,0.172,0.473,0.535,0.172,0.172,0.967,0.192,0.382,0.688,0.192,0.192,0.619,0.939,0.537,0.537,0.227,0.451,0.731,0.917,0.427,0.97,0.756,0.826,0.39,0.882,0.731,0.948,0.872,0.731,0.949,0.99,0.819,0.575,0.363,0.819,0.877,0.936,0.245,0.939,0.69,0.578,0.388,0.335,0.507,0.328,0.388,0.427,0.736,0.738,0.17,0.427,0.68,0.427,0.388,0.744,0.177,0.208,0.104,0.29,0.703,0.32,0.726,0.429,0.105,0.354,0.237,0.372,0.304,0.3,0.288,0.274,0.421,0.369,0.693
0.027,0.027,0.03,0.03,0.111,0.954,0.038,0.028,0.97,0.029,0.028,0.039,0.021,0.111,0.039,0.028,0.021,0.111,0.766,0.021,0.034,0.026,0.034,0.026,0.021,0.038,0.026,0.028,0.027,0.029,0.027,0.026,0.01,0.033,0.066,0.033,0.401,0.066,0.01,0.401,0.038,0.033,0.376,0.499,0.033,0.401,0.725,0.376,0.015,0.376,0.962,0.038,0.6,0.01,0.399,0.01,0.011,0.32,0.32,0.32,0.029,0.399,0.011,0.399,0.6,0.029,0.035,0.008,0.035,0.87,0.87,0.87,0.039,0.362,0.432,0.012,0.567,0.024,0.537,0.567,0.044,0.362,0.297,0.027,0.012,0.297,0.537,0.024,0.04,0.031,0.362,0.543,0.019,0.021,0.717,0.297,0.963,0.717,0.717,0.027,0.661,0.379,0.021,0.661,0.661,0.013,0.045,0.449,0.449,0.455,0.521,0.545,0.445,0.523,0.065,0.025,0.068,0.364,0.505,0.545,0.06,0.51,0.05,0.528,0.083,0.601,0.015,0.631,0.601,0.542,0.693,0.456,0.677,0.644,0.237,0.281,0.536,0.58,0.405,0.281,0.325,0.066,0.719,0.298,0.325,0.11,0.325,0.281,0.762,0.359,0.589,0.474,0.853,0.12,0.73,0.854,0.9,0.403,0.783,0.679,0.795,0.839,0.76,0.764,0.709,0.985,0.981,0.896
0.786,0.786,0.797,0.797,0.186,0.731,0.745,0.555,0.685,0.418,0.555,0.721,0.647,0.186,0.721,0.555,0.647,0.186,0.71,0.647,0.874,0.355,0.874,0.65,0.647,0.745,0.65,0.555,0.548,0.418,0.548,0.355,0.291,0.563,0.816,0.563,0.571,0.816,0.291,0.571,0.574,0.563,0.207,0.899,0.563,0.571,0.704,0.207,0.354,0.207,0.348,0.676,0.265,0.208,0.276,0.208,0.207,0.053,0.053,0.053,0.438,0.276,0.207,0.276,0.265,0.438,0.531,0.328,0.531,0.329,0.329,0.329,0.418,0.095,0.83,0.352,0.163,0.026,0.238,0.163,0.408,0.095,0.246,0.433,0.371,0.246,0.238,0.37,0.454,0.024,0.095,0.778,0.39,0.404,0.369,0.246,0.264,0.369,0.369,0.39,0.346,0.266,0.023,0.346,0.346,0.021,0.432,0.755,0.755,0.83,0.915,0.046,0.244,0.035,0.481,0.021,0.521,0.208,0.268,0.046,0.465,0.283,0.511,0.293,0.48,0.807,0.017,0.807,0.807,0.158,0.409,0.329,0.392,0.945,0.108,0.064,0.808,0.79,0.851,0.064,0.119,0.321,0.786,0.91,0.119,0.15,0.119,0.064,0.814,0.75,0.751,0.774,0.81,0.171,0.778,0.732,0.909,0.699,0.696,0.722,0.69,0.774,0.787,0.774,0.802,0.226,0.218,0.064
0.009,0.009,0.014,0.014,0.297,0.895,0.036,0.015,0.911,0.019,0.015,0.033,0.016,0.297,0.033,0.015,0.016,0.297,0.514,0.016,0.023,0.017,0.023,0.016,0.016,0.036,0.016,0.015,0.014,0.019,0.014,0.017,0.02,0.021,0.075,0.021,0.87,0.075,0.02,0.87,0.291,0.021,0.854,0.275,0.021,0.87,0.902,0.854,0.669,0.854,0.958,0.299,0.453,0.046,0.743,0.046,0.046,0.735,0.735,0.735,0.013,0.743,0.046,0.743,0.453,0.013,0.016,0.583,0.016,0.314,0.314,0.314,0.604,0.35,0.383,0.152,0.55,0.08,0.588,0.55,0.212,0.35,0.261,0.22,0.617,0.261,0.588,0.16,0.247,0.123,0.35,0.46,0.155,0.214,0.683,0.261,0.421,0.683,0.683,0.167,0.645,0.61,0.079,0.645,0.645,0.073,0.252,0.474,0.474,0.486,0.184,0.357,0.543,0.403,0.297,0.144,0.511,0.595,0.532,0.357,0.235,0.521,0.482,0.539,0.273,0.448,0.114,0.756,0.448,0.128,0.524,0.445,0.47,0.169,0.214,0.361,0.778,0.464,0.861,0.361,0.366,0.257,0.761,0.713,0.366,0.274,0.366,0.361,0.766,0.821,0.84,0.836,0.541,0.228,0.391,0.906,0.522,0.86,0.47,0.77,0.464,0.508,0.479,0.398,0.491,0.55,0.494,0.775
0.397,0.397,0.379,0.379,0.378,0.119,0.316,0.295,0.1,0.264,0.295,0.331,0.289,0.378,0.331,0.295,0.289,0.378,0.27,0.289,0.429,0.249,0.429,0.294,0.289,0.316,0.294,0.295,0.302,0.264,0.302,0.249,0.208,0.31,0.344,0.31,0.4,0.344,0.208,0.4,0.267,0.31,0.21,0.922,0.31,0.4,0.116,0.21,0.707,0.21,0.144,0.275,0.816,0.22,0.372,0.22,0.223,0.155,0.155,0.155,0.249,0.372,0.223,0.372,0.816,0.249,0.308,0.493,0.308,0.696,0.696,0.696,0.26,0.534,0.94,0.448,0.28,0.256,0.297,0.28,0.223,0.534,0.668,0.377,0.623,0.668,0.297,0.447,0.218,0.239,0.534,0.865,0.441,0.375,0.4,0.668,0.224,0.4,0.4,0.439,0.379,0.26,0.266,0.379,0.379,0.507,0.46,0.727,0.727,0.638,0.644,0.87,0.816,0.865,0.415,0.247,0.716,0.31,0.922,0.87,0.457,0.926,0.682,0.934,0.183,0.68,0.474,0.301,0.68,0.779,0.963,0.922,0.948,0.609,0.427,0.306,0.217,0.572,0.286,0.306,0.221,0.411,0.327,0.565,0.221,0.288,0.221,0.306,0.321,0.381,0.472,0.385,0.001,0.31,0.002,0.283,0.002,0.371,0.004,0.506,0.003,0.001,0.003,0.002,0.003,0.012,0.01,0.008
0.707,0.707,0.748,0.748,0.475,0.122,0.879,0.831,0.067,0.898,0.831,0.9,0.803,0.475,0.9,0.831,0.803,0.475,0.082,0.803,0.863,0.871,0.863,0.867,0.803,0.879,0.867,0.831,0.866,0.898,0.866,0.871,0.622,0.957,0.978,0.957,0.308,0.978,0.622,0.308,0.457,0.957,0.433,0.479,0.957,0.308,0.105,0.433,0.664,0.433,0.168,0.563,0.808,0.634,0.25,0.634,0.659,0.409,0.409,0.409,0.93,0.25,0.659,0.25,0.808,0.93,0.91,0.681,0.91,0.781,0.781,0.781,0.431,0.395,0.448,0.673,0.523,0.202,0.45,0.523,0.872,0.395,0.904,0.829,0.815,0.904,0.45,0.729,0.865,0.183,0.395,0.457,0.684,0.784,0.358,0.904,0.127,0.358,0.358,0.736,0.29,0.692,0.304,0.29,0.29,0.576,0.722,0.156,0.156,0.195,0.037,0.305,0.564,0.268,0.807,0.35,0.558,0.734,0.492,0.305,0.72,0.49,0.577,0.37,0.874,0.11,0.804,0.236,0.11,0.268,0.337,0.956,0.346,0.032,0.357,0.629,0.343,0.138,0.193,0.629,0.618,0.596,0.418,0.507,0.618,0.128,0.618,0.629,0.442,0.628,0.729,0.638,0.374,0.196,0.526,0.502,0.315,0.702,0.334,0.801,0.323,0.333,0.551,0.519,0.527,0.549,0.522,0.324
0.171,0.171,0.139,0.139,0.8,0.602,0.167,0.179,0.881,0.14,0.179,0.165,0.134,0.8,0.165,0.179,0.134,0.8,0.319,0.134,0.242,0.12,0.242,0.137,0.134,0.167,0.137,0.179,0.189,0.14,0.189,0.12,0.059,0.149,0.186,0.149,0.067,0.186,0.059,0.067,0.218,0.149,0.303,0.529,0.149,0.067,0.403,0.303,0.618,0.303,0.559,0.234,0.717,0.039,0.13,0.039,0.035,0.371,0.371,0.371,0.125,0.13,0.035,0.13,0.717,0.125,0.103,0.27,0.103,0.24,0.24,0.24,0.354,0.397,0.552,0.224,0.228,0.572,0.13,0.228,0.36,0.397,0.781,0.313,0.45,0.781,0.13,0.202,0.307,0.582,0.397,0.508,0.225,0.304,0.105,0.781,0.41,0.105,0.105,0.209,0.066,0.194,0.36,0.066,0.066,0.519,0.18,0.054,0.054,0.055,0.07,0.16,0.522,0.169,0.282,0.548,0.248,0.248,0.474,0.16,0.184,0.478,0.231,0.553,0.294,0.029,0.572,0.79,0.029,0.17,0.428,0.726,0.45,0.013,0.215,0.412,0.634,0.02,0.812,0.412,0.184,0.197,0.331,0.513,0.184,0.21,0.184,0.412,0.322,0.515,0.51,0.506,0.911,0.201,0.913,0.267,0.533,0.405,0.669,0.496,0.675,0.891,0.902,0.915,0.869,0.767,0.81,0.908
0.061,0.061,0.058,0.058,0.005,0.995,0.057,0.06,0.995,0.061,0.06,0.062,0.06,0.005,0.062,0.06,0.06,0.005,0.017,0.06,0.025,0.069,0.025,0.064,0.06,0.057,0.064,0.06,0.068,0.061,0.068,0.069,0.016,0.02,0.031,0.02,0.078,0.031,0.016,0.078,0.418,0.02,0.16,0.773,0.02,0.078,0.052,0.16,0.863,0.16,0.989,0.483,0.412,0.059,0.049,0.059,0.062,0.179,0.179,0.179,0.023,0.049,0.062,0.049,0.412,0.023,0.02,0.757,0.02,0.626,0.626,0.626,0.676,0.007,0.703,0.477,0.427,0.607,0.383,0.427,0.403,0.007,0.418,0.706,0.769,0.418,0.383,0.537,0.404,0.708,0.007,0.71,0.482,0.681,0.502,0.418,0.035,0.502,0.502,0.544,0.459,0.148,0.643,0.459,0.459,0.935,0.641,0.483,0.483,0.435,0.235,0.086,0.806,0.082,0.808,0.738,0.607,0.123,0.728,0.086,0.65,0.638,0.45,0.876,0.547,0.387,0.954,0.748,0.387,0.097,0.768,0.31,0.741,0.135,0.946,0.362,0.718,0.307,0.454,0.362,0.384,0.905,0.394,0.265,0.384,0.467,0.384,0.362,0.404,0.915,0.755,0.972,0.545,0.619,0.597,0.374,0.591,0.968,0.705,0.777,0.725,0.6,0.618,0.639,0.636,0.801,0.789,0.763
0.127,0.127,0.104,0.104,0.458,0.139,0.483,0.368,0.126,0.286,0.368,0.458,0.328,0.458,0.458,0.368,0.328,0.458,0.748,0.328,0.19,0.324,0.19,0.335,0.328,0.483,0.335,0.368,0.373,0.286,0.373,0.324,0.248,0.321,0.487,0.321,0.081,0.487,0.248,0.081,0.589,0.321,0.669,0.458,0.321,0.081,0.781,0.669,0.337,0.669,0.159,0.639,0.944,0.317,0.149,0.317,0.321,0.578,0.578,0.578,0.33,0.149,0.321,0.149,0.944,0.33,0.334,0.385,0.334,0.678,0.678,0.678,0.935,0.342,0.346,0.565,0.731,0.616,0.613,0.731,0.662,0.342,0.942,0.599,0.505,0.942,0.613,0.591,0.669,0.486,0.342,0.347,0.602,0.572,0.563,0.942,0.539,0.563,0.563,0.623,0.43,0.697,0.628,0.43,0.43,0.559,0.646,0.87,0.87,0.827,0.71,0.698,0.474,0.593,0.668,0.601,0.73,0.832,0.473,0.698,0.679,0.466,0.727,0.456,0.623,0.458,0.477,0.953,0.458,0.535,0.659,0.963,0.654,0.694,0.504,0.823,0.916,0.566,0.777,0.823,0.744,0.912,0.802,0.613,0.744,0.477,0.744,0.823,0.778,0.56,0.678,0.735,0.858,0.71,0.967,0.665,0.74,0.782,0.79,0.698,0.804,0.819,0.968,0.97,0.937,0.878,0.884,0.825
0.765,0.765,0.709,0.709,0.252,0.774,0.642,0.57,0.779,0.4,0.57,0.662,0.537,0.252,0.662,0.57,0.537,0.252,0.013,0.537,0.699,0.483,0.699,0.437,0.537,0.642,0.437,0.57,0.486,0.4,0.486,0.483,0.954,0.62,0.661,0.62,0.198,0.661,0.954,0.198,0.766,0.62,0.177,0.302,0.62,0.198,0.005,0.177,0.494,0.177,0.634,0.697,0.103,0.902,0.287,0.902,0.848,0.317,0.317,0.317,0.47,0.287,0.848,0.287,0.103,0.47,0.57,0.532,0.57,0.114,0.114,0.114,0.521,0.34,0.37,0.912,0.434,0.541,0.435,0.434,0.946,0.34,0.017,0.816,0.529,0.017,0.435,0.928,0.947,0.331,0.34,0.4,0.876,0.814,0.229,0.017,0.507,0.229,0.229,0.909,0.243,0.63,0.557,0.243,0.243,0.331,0.883,0.505,0.505,0.563,0.721,0.664,0.758,0.699,0.758,0.298,0.358,0.65,0.628,0.664,0.917,0.632,0.393,0.695,0.969,0.583,0.303,0.642,0.583,0.756,0.621,0.159,0.735,0.722,0.417,0.587,0.624,0.639,0.835,0.587,0.639,0.224,0.931,0.506,0.639,0.269,0.639,0.587,0.917,0.372,0.507,0.452,0.905,0.249,0.794,0.969,0.276,0.454,0.206,0.56,0.197,0.906,0.755,0.785,0.74,0.194,0.149,0.217
0.057,0.057,0.053,0.053,0.801,0.987,0.044,0.052,0.988,0.052,0.052,0.05,0.05,0.801,0.05,0.052,0.05,0.801,0.72,0.05,0.031,0.061,0.031,0.056,0.05,0.044,0.056,0.052,0.056,0.052,0.056,0.061,0.011,0.013,0.02,0.013,0.776,0.02,0.011,0.776,0.194,0.013,0.932,0.841,0.013,0.776,0.822,0.932,0.815,0.932,0.98,0.188,0.577,0.048,0.811,0.048,0.051,0.904,0.904,0.904,0.015,0.811,0.051,0.811,0.577,0.015,0.013,0.673,0.013,0.517,0.517,0.517,0.32,0.922,0.324,0.67,0.813,0.891,0.834,0.813,0.226,0.922,0.669,0.822,0.812,0.669,0.834,0.675,0.224,0.834,0.922,0.437,0.672,0.812,0.709,0.669,0.816,0.709,0.709,0.679,0.685,0.884,0.882,0.685,0.685,0.888,0.664,0.844,0.844,0.801,0.629,0.591,0.453,0.709,0.803,0.808,0.986,0.876,0.547,0.591,0.66,0.502,0.981,0.587,0.281,0.629,0.949,0.994,0.629,0.444,0.551,0.617,0.466,0.624,0.979,0.928,0.879,0.522,0.814,0.928,0.927,0.975,0.404,0.948,0.927,0.867,0.927,0.928,0.41,0.987,0.966,0.98,0.815,0.917,0.822,0.475,0.96,0.956,0.702,1.0,0.705,0.802,0.799,0.786,0.723,0.786,0.723,0.87
0.245,0.245,0.176,0.176,0.629,0.823,0.68,0.737,0.817,0.619,0.737,0.663,0.659,0.629,0.663,0.737,0.659,0.629,0.371,0.659,0.2,0.69,0.2,0.625,0.659,0.68,0.625,0.737,0.746,0.619,0.746,0.69,0.85,0.849,0.636,0.849,0.649,0.636,0.85,0.649,0.425,0.849,0.535,0.408,0.849,0.649,0.139,0.535,0.383,0.535,0.9,0.327,0.341,0.834,0.485,0.834,0.832,0.369,0.369,0.369,0.788,0.485,0.832,0.485,0.341,0.788,0.843,0.47,0.843,0.11,0.11,0.11,0.606,0.821,0.488,0.402,0.217,0.421,0.248,0.217,0.748,0.821,0.436,0.485,0.34,0.436,0.248,0.373,0.675,0.605,0.821,0.478,0.387,0.546,0.05,0.436,0.605,0.05,0.05,0.368,0.065,0.222,0.295,0.065,0.065,0.324,0.312,0.412,0.412,0.48,0.366,0.846,0.326,0.872,0.425,0.374,0.031,0.219,0.328,0.846,0.301,0.324,0.018,0.397,0.628,0.428,0.543,0.711,0.428,0.671,0.363,0.292,0.356,0.407,0.01,0.385,0.791,0.503,0.764,0.385,0.346,0.029,0.986,0.549,0.346,0.014,0.346,0.385,0.987,0.248,0.52,0.177,0.886,0.013,0.837,0.987,0.119,0.18,0.138,0.489,0.178,0.885,0.824,0.855,0.854,0.172,0.122,0.424
0.662,0.662,0.653,0.653,0.673,0.898,0.395,0.404,0.918,0.257,0.404,0.432,0.418,0.673,0.432,0.404,0.418,0.673,0.904,0.418,0.57,0.258,0.57,0.42,0.418,0.395,0.42,0.404,0.398,0.257,0.398,0.258,0.701,0.419,0.415,0.419,0.533,0.415,0.701,0.533,0.53,0.419,0.306,0.558,0.419,0.533,0.872,0.306,0.534,0.306,0.913,0.597,0.138,0.526,0.381,0.526,0.53,0.218,0.218,0.218,0.255,0.381,0.53,0.381,0.138,0.255,0.418,0.381,0.418,0.064,0.064,0.064,0.549,0.516,0.541,0.645,0.263,0.487,0.222,0.263,0.589,0.516,0.169,0.594,0.35,0.169,0.222,0.601,0.591,0.41,0.516,0.536,0.633,0.596,0.219,0.169,0.944,0.219,0.219,0.622,0.18,0.294,0.523,0.18,0.18,0.713,0.543,0.365,0.365,0.392,0.395,0.738,0.159,0.738,0.454,0.454,0.326,0.338,0.165,0.738,0.53,0.148,0.35,0.185,0.541,0.829,0.643,0.167,0.829,0.898,0.196,0.198,0.193,0.843,0.952,0.233,0.245,0.873,0.131,0.233,0.171,0.605,0.297,0.047,0.171,0.418,0.171,0.233,0.315,0.062,0.07,0.063,0.21,0.407,0.217,0.254,0.278,0.063,0.26,0.068,0.252,0.21,0.256,0.265,0.264,0.464,0.462,0.443
0.382,0.382,0.365,0.365,0.317,0.704,0.113,0.092,0.714,0.402,0.092,0.115,0.085,0.317,0.115,0.092,0.085,0.317,0.304,0.085,0.284,0.458,0.284,0.091,0.085,0.113,0.091,0.092,0.108,0.402,0.108,0.458,0.331,0.081,0.121,0.081,0.543,0.121,0.331,0.543,0.935,0.081,0.545,0.028,0.081,0.543,0.271,0.545,0.115,0.545,0.607,0.983,0.087,0.458,0.489,0.458,0.471,0.313,0.313,0.313,0.392,0.489,0.471,0.489,0.087,0.392,0.102,0.065,0.102,0.373,0.373,0.373,0.984,0.084,0.024,0.415,0.148,0.206,0.164,0.148,0.597,0.084,0.071,0.533,0.067,0.071,0.164,0.408,0.595,0.235,0.084,0.025,0.409,0.479,0.212,0.071,0.238,0.212,0.212,0.42,0.212,0.068,0.202,0.212,0.212,0.133,0.388,0.593,0.593,0.646,0.604,0.285,0.857,0.226,0.501,0.225,0.076,0.062,0.839,0.285,0.364,0.801,0.079,0.933,0.525,0.648,0.247,0.684,0.648,0.554,0.935,0.028,0.971,0.65,0.222,0.203,0.731,0.703,0.721,0.203,0.224,0.133,0.185,0.908,0.224,0.248,0.224,0.203,0.181,0.854,0.908,0.752,0.848,0.247,0.915,0.19,0.907,0.745,0.951,0.872,0.949,0.868,0.813,0.926,0.845,0.893,0.893,0.867
0.148,0.148,0.225,0.225,0.994,0.723,0.189,0.05,0.738,0.216,0.05,0.108,0.119,0.994,0.108,0.05,0.119,0.994,0.532,0.119,0.138,0.144,0.138,0.121,0.119,0.189,0.121,0.05,0.052,0.216,0.052,0.144,0.197,0.048,0.133,0.048,0.918,0.133,0.197,0.918,0.505,0.048,0.885,0.223,0.048,0.918,0.614,0.885,0.365,0.885,0.791,0.658,0.996,0.147,0.979,0.147,0.147,0.971,0.971,0.971,0.093,0.979,0.147,0.979,0.996,0.093,0.029,0.406,0.029,0.986,0.986,0.986,0.533,0.984,0.27,0.334,0.997,0.248,0.967,0.997,0.578,0.984,0.999,0.473,0.438,0.999,0.967,0.323,0.615,0.243,0.984,0.246,0.335,0.478,0.986,0.999,0.284,0.986,0.986,0.322,0.948,0.984,0.246,0.948,0.948,0.132,0.287,0.061,0.061,0.085,0.058,0.036,0.322,0.061,0.468,0.269,0.457,0.995,0.4,0.036,0.286,0.422,0.421,0.358,0.524,0.043,0.109,0.384,0.043,0.203,0.505,0.999,0.516,0.067,0.313,0.994,0.532,0.074,0.518,0.994,0.994,0.441,0.508,0.444,0.994,0.432,0.994,0.994,0.5,0.923,0.396,0.759,0.869,0.427,0.823,0.541,0.875,0.828,0.902,0.342,0.899,0.895,0.728,0.747,0.775,0.798,0.842,0.959
0.069,0.069,0.069,0.069,0.384,0.366,0.082,0.563,0.462,0.412,0.563,0.069,0.608,0.384,0.069,0.563,0.608,0.384,0.146,0.608,0.052,0.415,0.052,0.66,0.608,0.082,0.66,0.563,0.513,0.412,0.513,0.415,0.259,0.554,0.054,0.554,0.258,0.054,0.259,0.258,0.706,0.554,0.081,0.943,0.554,0.258,0.06,0.081,0.447,0.081,0.854,0.766,0.094,0.205,0.469,0.205,0.203,0.196,0.196,0.196,0.44,0.469,0.203,0.469,0.094,0.44,0.587,0.558,0.587,0.06,0.06,0.06,0.65,0.338,0.933,0.792,0.265,0.507,0.263,0.265,0.956,0.338,0.085,0.927,0.568,0.085,0.263,0.799,0.963,0.626,0.338,0.898,0.779,0.922,0.308,0.085,0.592,0.308,0.308,0.794,0.359,0.343,0.51,0.359,0.359,0.686,0.788,0.022,0.022,0.021,0.164,0.246,0.613,0.274,0.921,0.539,0.694,0.294,0.746,0.246,0.772,0.752,0.74,0.415,0.959,0.065,0.732,0.99,0.065,0.488,0.43,0.132,0.439,0.194,0.758,0.187,0.998,0.072,0.959,0.187,0.258,0.457,0.879,0.971,0.258,0.607,0.258,0.187,0.886,0.968,0.987,0.971,0.098,0.633,0.051,0.866,0.153,0.967,0.07,0.99,0.112,0.097,0.045,0.057,0.051,0.288,0.219,0.145
0.822,0.822,0.773,0.773,0.942,0.428,0.578,0.638,0.497,0.526,0.638,0.638,0.613,0.942,0.638,0.638,0.613,0.942,0.539,0.613,0.728,0.565,0.728,0.512,0.613,0.578,0.512,0.638,0.525,0.526,0.525,0.565,0.261,0.76,0.613,0.76,0.836,0.613,0.261,0.836,0.486,0.76,0.873,0.888,0.76,0.836,0.511,0.873,0.087,0.873,0.579,0.413,0.566,0.268,0.842,0.268,0.27,0.863,0.863,0.863,0.62,0.842,0.27,0.842,0.566,0.62,0.667,0.157,0.667,0.928,0.928,0.928,0.574,0.97,0.93,0.505,0.789,0.503,0.804,0.789,0.676,0.97,0.594,0.633,0.157,0.594,0.804,0.519,0.643,0.592,0.97,0.927,0.5,0.614,0.915,0.594,0.425,0.915,0.915,0.511,0.896,0.908,0.632,0.896,0.896,0.344,0.444,0.947,0.947,0.928,0.907,0.553,0.952,0.474,0.553,0.538,0.932,0.921,0.908,0.553,0.446,0.919,0.949,0.831,0.588,0.957,0.495,0.579,0.957,0.254,0.99,0.593,0.981,0.931,0.828,0.792,0.429,0.929,0.651,0.792,0.787,0.927,0.316,0.516,0.787,0.862,0.787,0.792,0.326,0.394,0.239,0.277,0.594,0.892,0.529,0.398,0.161,0.344,0.148,0.493,0.119,0.585,0.578,0.418,0.469,0.1,0.106,0.088
0.691,0.691,0.613,0.613,0.596,0.815,0.668,0.734,0.836,0.599,0.734,0.641,0.675,0.596,0.641,0.734,0.675,0.596,0.925,0.675,0.82,0.593,0.82,0.74,0.675,0.668,0.74,0.734,0.769,0.599,0.769,0.593,0.831,0.8,0.796,0.8,0.726,0.796,0.831,0.726,0.577,0.8,0.869,0.311,0.8,0.726,0.798,0.869,0.27,0.869,0.755,0.686,0.528,0.628,0.792,0.628,0.63,0.917,0.917,0.917,0.716,0.792,0.63,0.792,0.528,0.716,0.851,0.529,0.851,0.441,0.441,0.441,0.805,0.679,0.41,0.709,0.955,0.123,0.945,0.955,0.927,0.679,0.856,0.775,0.442,0.856,0.945,0.707,0.909,0.174,0.679,0.482,0.695,0.805,0.82,0.856,0.604,0.82,0.82,0.694,0.649,0.796,0.117,0.649,0.649,0.049,0.597,0.958,0.958,0.894,0.969,0.917,0.185,0.778,0.769,0.158,0.3,0.868,0.223,0.917,0.617,0.224,0.289,0.304,0.923,0.994,0.045,0.575,0.994,0.965,0.31,0.643,0.311,0.982,0.308,0.94,0.596,0.967,0.646,0.94,0.861,0.533,0.079,0.456,0.861,0.201,0.861,0.94,0.083,0.546,0.544,0.527,0.728,0.215,0.701,0.089,0.948,0.524,0.596,0.601,0.599,0.755,0.678,0.729,0.612,0.453,0.506,0.467
0.299,0.299,0.278,0.278,0.599,0.929,0.235,0.244,0.933,0.156,0.244,0.256,0.198,0.599,0.256,0.244,0.198,0.599,0.434,0.198,0.225,0.21,0.225,0.209,0.198,0.235,0.209,0.244,0.247,0.156,0.247,0.21,0.096,0.22,0.251,0.22,0.18,0.251,0.096,0.18,0.2,0.22,0.217,0.854,0.22,0.18,0.305,0.217,0.904,0.217,0.915,0.189,0.428,0.142,0.383,0.142,0.142,0.448,0.448,0.448,0.174,0.383,0.142,0.383,0.428,0.174,0.209,0.903,0.209,0.573,0.573,0.573,0.109,0.271,0.804,0.17,0.313,0.856,0.439,0.313,0.193,0.271,0.491,0.204,0.892,0.491,0.439,0.167,0.188,0.912,0.271,0.791,0.171,0.219,0.484,0.491,0.405,0.484,0.484,0.17,0.509,0.37,0.847,0.509,0.509,0.801,0.141,0.478,0.478,0.365,0.364,0.988,0.15,0.983,0.169,0.904,0.484,0.316,0.157,0.988,0.147,0.161,0.51,0.309,0.136,0.483,0.883,0.933,0.483,0.97,0.352,0.65,0.35,0.418,0.459,0.372,0.978,0.39,0.965,0.372,0.537,0.39,0.364,0.959,0.537,0.505,0.537,0.372,0.368,0.929,0.98,0.959,1.0,0.467,1.0,0.413,1.0,0.966,0.995,0.965,0.998,0.999,1.0,1.0,0.999,0.674,0.673,0.591
0.133,0.133,0.13,0.13,0.325,0.947,0.139,0.149,0.945,0.089,0.149,0.155,0.107,0.325,0.155,0.149,0.107,0.325,0.721,0.107,0.132,0.128,0.132,0.132,0.107,0.139,0.132,0.149,0.174,0.089,0.174,0.128,0.055,0.099,0.135,0.099,0.319,0.135,0.055,0.319,0.28,0.099,0.356,0.35,0.099,0.319,0.666,0.356,0.073,0.356,0.947,0.325,0.342,0.097,0.398,0.097,0.1,0.451,0.451,0.451,0.099,0.398,0.1,0.398,0.342,0.099,0.125,0.15,0.125,0.197,0.197,0.197,0.285,0.33,0.433,0.178,0.532,0.129,0.606,0.532,0.294,0.33,0.653,0.272,0.142,0.653,0.606,0.176,0.269,0.091,0.33,0.403,0.179,0.272,0.33,0.653,0.49,0.33,0.33,0.179,0.421,0.799,0.16,0.421,0.421,0.067,0.188,0.741,0.741,0.751,0.771,0.647,0.021,0.358,0.319,0.117,0.316,0.724,0.011,0.647,0.171,0.009,0.311,0.025,0.304,0.628,0.046,0.737,0.628,0.545,0.019,0.537,0.023,0.744,0.622,0.812,0.835,0.907,0.599,0.812,0.859,0.251,0.164,0.674,0.859,0.485,0.859,0.812,0.168,0.574,0.685,0.775,0.735,0.822,0.662,0.183,0.376,0.781,0.389,0.743,0.428,0.693,0.66,0.758,0.686,0.517,0.419,0.604
0.912,0.912,0.915,0.915,0.322,0.066,0.984,0.961,0.063,0.945,0.961,0.991,0.94,0.322,0.991,0.961,0.94,0.322,0.891,0.94,0.912,0.959,0.912,0.954,0.94,0.984,0.954,0.961,0.969,0.945,0.969,0.959,0.902,0.989,0.992,0.989,0.304,0.992,0.902,0.304,0.097,0.989,0.333,0.123,0.989,0.304,0.98,0.333,0.29,0.333,0.039,0.089,0.536,0.893,0.148,0.893,0.906,0.256,0.256,0.256,0.974,0.148,0.906,0.148,0.536,0.974,0.985,0.313,0.985,0.529,0.529,0.529,0.077,0.557,0.119,0.039,0.294,0.174,0.321,0.294,0.055,0.557,0.552,0.048,0.361,0.552,0.321,0.046,0.057,0.204,0.557,0.122,0.039,0.045,0.325,0.552,0.665,0.325,0.325,0.042,0.308,0.428,0.176,0.308,0.308,0.152,0.035,0.836,0.836,0.742,0.941,0.909,0.195,0.859,0.045,0.192,0.585,0.431,0.198,0.909,0.035,0.195,0.538,0.191,0.047,0.867,0.162,0.972,0.867,0.916,0.204,0.652,0.209,0.737,0.234,0.726,0.951,0.71,0.984,0.726,0.604,0.334,0.526,0.906,0.604,0.324,0.604,0.726,0.54,0.958,0.949,0.963,0.649,0.326,0.654,0.556,0.576,0.94,0.582,0.958,0.586,0.649,0.662,0.634,0.647,0.626,0.603,0.629
0.425,0.425,0.473,0.473,0.725,0.001,0.3,0.303,0.001,0.221,0.303,0.333,0.281,0.725,0.333,0.303,0.281,0.725,0.628,0.281,0.434,0.239,0.434,0.27,0.281,0.3,0.27,0.303,0.309,0.221,0.309,0.239,0.405,0.285,0.302,0.285,0.313,0.302,0.405,0.313,0.024,0.285,0.323,0.268,0.285,0.313,0.469,0.323,0.159,0.323,0.001,0.021,0.576,0.595,0.274,0.595,0.615,0.159,0.159,0.159,0.241,0.274,0.615,0.274,0.576,0.241,0.293,0.173,0.293,0.587,0.587,0.587,0.032,0.36,0.267,0.065,0.595,0.543,0.612,0.595,0.032,0.36,0.727,0.047,0.186,0.727,0.612,0.05,0.037,0.575,0.36,0.257,0.069,0.051,0.607,0.727,0.079,0.607,0.607,0.054,0.57,0.645,0.612,0.57,0.57,0.258,0.049,0.507,0.507,0.467,0.722,0.217,0.122,0.205,0.054,0.678,0.423,0.64,0.119,0.217,0.046,0.121,0.383,0.143,0.04,0.467,0.232,0.925,0.467,0.475,0.144,0.58,0.14,0.657,0.161,0.554,0.891,0.432,0.935,0.554,0.761,0.426,0.799,0.767,0.761,0.438,0.761,0.554,0.748,0.69,0.646,0.716,0.92,0.425,0.934,0.716,0.793,0.723,0.848,0.715,0.847,0.913,0.888,0.914,0.876,0.973,0.96,0.922
0.372,0.372,0.327,0.327,0.396,0.519,0.914,0.863,0.527,0.64,0.863,0.894,0.746,0.396,0.894,0.863,0.746,0.396,0.9,0.746,0.414,0.692,0.414,0.779,0.746,0.914,0.779,0.863,0.864,0.64,0.864,0.692,0.718,0.713,0.893,0.713,0.865,0.893,0.718,0.865,0.807,0.713,0.835,0.337,0.713,0.865,0.705,0.835,0.26,0.835,0.503,0.795,0.9,0.752,0.868,0.752,0.773,0.784,0.784,0.784,0.706,0.868,0.773,0.868,0.9,0.706,0.717,0.225,0.717,0.975,0.975,0.975,0.672,0.765,0.359,0.596,0.938,0.052,0.935,0.938,0.515,0.765,0.936,0.359,0.192,0.936,0.935,0.562,0.522,0.078,0.765,0.308,0.599,0.349,0.968,0.936,0.553,0.968,0.968,0.557,0.976,0.935,0.047,0.976,0.976,0.077,0.512,0.874,0.874,0.811,0.896,0.925,0.534,0.879,0.291,0.071,0.373,0.928,0.563,0.925,0.523,0.567,0.415,0.39,0.427,0.974,0.102,0.714,0.974,0.692,0.447,0.932,0.442,0.924,0.118,0.97,0.806,0.921,0.531,0.97,0.989,0.19,0.354,0.585,0.989,0.084,0.989,0.97,0.375,0.525,0.623,0.606,0.778,0.09,0.761,0.323,0.084,0.627,0.182,0.578,0.216,0.813,0.793,0.754,0.798,0.168,0.23,0.508
0.392,0.392,0.467,0.467,0.675,0.483,0.334,0.222,0.52,0.157,0.222,0.24,0.297,0.675,0.24,0.222,0.297,0.675,0.415,0.297,0.315,0.132,0.315,0.254,0.297,0.334,0.254,0.222,0.191,0.157,0.191,0.132,0.112,0.232,0.225,0.232,0.696,0.225,0.112,0.696,0.489,0.232,0.772,0.492,0.232,0.696,0.51,0.772,0.377,0.772,0.523,0.64,0.058,0.064,0.409,0.064,0.061,0.443,0.443,0.443,0.159,0.409,0.061,0.409,0.058,0.159,0.254,0.465,0.254,0.187,0.187,0.187,0.812,0.502,0.585,0.663,0.432,0.466,0.29,0.432,0.663,0.502,0.256,0.607,0.308,0.256,0.29,0.638,0.653,0.505,0.502,0.568,0.688,0.628,0.234,0.256,0.82,0.234,0.234,0.669,0.196,0.589,0.497,0.196,0.196,0.694,0.571,0.69,0.69,0.762,0.093,0.63,0.273,0.801,0.552,0.419,0.277,0.701,0.26,0.63,0.587,0.256,0.285,0.226,0.644,0.515,0.647,0.839,0.515,0.547,0.21,0.257,0.202,0.047,0.4,0.436,0.88,0.595,0.92,0.436,0.328,0.416,0.648,0.859,0.328,0.378,0.328,0.436,0.672,0.818,0.666,0.577,0.943,0.437,0.962,0.737,0.989,0.479,0.999,0.399,0.999,0.936,0.929,0.967,0.953,0.945,0.972,0.928
0.076,0.076,0.074,0.074,0.212,0.394,0.067,0.78,0.385,0.656,0.78,0.065,0.719,0.212,0.065,0.78,0.719,0.212,0.324,0.719,0.037,0.708,0.037,0.708,0.719,0.067,0.708,0.78,0.758,0.656,0.758,0.708,0.703,0.648,0.021,0.648,0.406,0.021,0.703,0.406,0.886,0.648,0.288,0.865,0.648,0.406,0.186,0.288,0.902,0.288,0.464,0.893,0.241,0.802,0.649,0.802,0.82,0.554,0.554,0.554,0.63,0.649,0.82,0.649,0.241,0.63,0.679,0.76,0.679,0.08,0.08,0.08,0.698,0.381,0.75,0.863,0.553,0.776,0.493,0.553,0.519,0.381,0.336,0.553,0.796,0.336,0.493,0.848,0.495,0.699,0.381,0.717,0.926,0.586,0.278,0.336,0.636,0.278,0.278,0.881,0.299,0.42,0.663,0.299,0.299,0.558,0.825,0.376,0.376,0.338,0.179,0.372,0.303,0.439,0.512,0.643,0.915,0.413,0.332,0.372,0.876,0.323,0.961,0.403,0.495,0.441,0.603,0.742,0.441,0.296,0.483,0.163,0.498,0.187,0.599,0.449,0.691,0.444,0.754,0.449,0.497,0.883,0.265,0.915,0.497,0.682,0.497,0.449,0.258,0.551,0.833,0.804,0.057,0.686,0.078,0.235,0.246,0.859,0.242,0.713,0.246,0.063,0.082,0.097,0.088,0.487,0.504,0.146
0.788,0.788,0.735,0.735,0.104,0.149,0.539,0.479,0.145,0.315,0.479,0.547,0.545,0.104,0.547,0.479,0.545,0.104,0.465,0.545,0.789,0.349,0.789,0.401,0.545,0.539,0.401,0.479,0.454,0.315,0.454,0.349,0.407,0.691,0.549,0.691,0.38,0.549,0.407,0.38,0.027,0.691,0.231,0.649,0.691,0.38,0.262,0.231,0.838,0.231,0.13,0.028,0.598,0.424,0.604,0.424,0.437,0.389,0.389,0.389,0.345,0.604,0.437,0.604,0.598,0.345,0.657,0.833,0.657,0.356,0.356,0.356,0.025,0.411,0.634,0.01,0.613,0.797,0.602,0.613,0.013,0.411,0.457,0.009,0.807,0.457,0.602,0.009,0.012,0.901,0.411,0.628,0.009,0.012,0.469,0.457,0.348,0.469,0.469,0.009,0.42,0.569,0.765,0.42,0.42,0.696,0.009,0.801,0.801,0.667,0.196,0.779,0.004,0.806,0.009,0.891,0.871,0.563,0.004,0.779,0.008,0.004,0.856,0.003,0.01,0.878,0.677,0.538,0.878,0.491,0.003,0.637,0.003,0.184,0.734,0.38,0.581,0.846,0.671,0.38,0.278,0.798,0.322,0.836,0.278,0.918,0.278,0.38,0.323,0.768,0.874,0.813,0.475,0.897,0.432,0.332,0.862,0.802,0.508,0.862,0.516,0.446,0.399,0.412,0.407,0.653,0.66,0.823
0.562,0.562,0.585,0.585,0.188,0.649,0.432,0.837,0.667,0.528,0.837,0.443,0.866,0.188,0.443,0.837,0.866,0.188,0.985,0.866,0.55,0.556,0.55,0.873,0.866,0.432,0.873,0.837,0.819,0.528,0.819,0.556,0.867,0.839,0.472,0.839,0.546,0.472,0.867,0.546,0.656,0.839,0.297,0.459,0.839,0.546,0.985,0.297,0.698,0.297,0.69,0.623,0.515,0.713,0.281,0.713,0.734,0.226,0.226,0.226,0.572,0.281,0.734,0.281,0.515,0.572,0.81,0.954,0.81,0.502,0.502,0.502,0.447,0.123,0.526,0.714,0.361,0.458,0.31,0.361,0.645,0.123,0.106,0.457,0.937,0.106,0.31,0.725,0.593,0.678,0.123,0.586,0.733,0.455,0.482,0.106,0.879,0.482,0.482,0.745,0.419,0.032,0.56,0.419,0.419,0.279,0.73,0.531,0.531,0.572,0.824,0.145,0.106,0.132,0.506,0.64,0.885,0.04,0.111,0.145,0.751,0.114,0.893,0.215,0.663,0.51,0.299,0.788,0.51,0.1,0.168,0.297,0.201,0.708,0.479,0.011,0.811,0.551,0.664,0.011,0.014,0.692,0.101,0.916,0.014,0.557,0.014,0.011,0.1,0.955,0.836,0.968,0.582,0.825,0.455,0.099,0.889,0.965,0.509,0.933,0.497,0.541,0.443,0.406,0.418,0.651,0.643,0.938
0.273,0.273,0.264,0.264,0.026,0.934,0.263,0.248,0.937,0.17,0.248,0.287,0.213,0.026,0.287,0.248,0.213,0.026,0.854,0.213,0.245,0.212,0.245,0.234,0.213,0.263,0.234,0.248,0.26,0.17,0.26,0.212,0.088,0.225,0.27,0.225,0.505,0.27,0.088,0.505,0.223,0.225,0.395,0.327,0.225,0.505,0.662,0.395,0.48,0.395,0.914,0.155,0.487,0.117,0.429,0.117,0.122,0.306,0.306,0.306,0.2,0.429,0.122,0.429,0.487,0.2,0.238,0.789,0.238,0.433,0.433,0.433,0.165,0.034,0.247,0.136,0.668,0.842,0.63,0.668,0.183,0.034,0.217,0.188,0.77,0.217,0.63,0.126,0.122,0.838,0.034,0.307,0.13,0.192,0.249,0.217,0.346,0.249,0.249,0.127,0.237,0.68,0.895,0.237,0.237,0.756,0.101,0.899,0.899,0.909,0.65,0.713,0.331,0.744,0.157,0.832,0.284,0.635,0.361,0.713,0.104,0.359,0.308,0.398,0.117,0.909,0.758,0.71,0.909,0.609,0.449,0.655,0.449,0.677,0.425,0.549,0.681,0.9,0.545,0.549,0.558,0.266,0.577,0.631,0.558,0.439,0.558,0.549,0.583,0.275,0.676,0.451,0.859,0.409,0.945,0.657,0.913,0.387,0.943,0.677,0.952,0.866,0.952,0.954,0.948,0.835,0.83,0.866
0.316,0.316,0.332,0.332,0.126,0.107,0.256,0.274,0.117,0.283,0.274,0.258,0.25,0.126,0.258,0.274,0.25,0.126,0.386,0.25,0.337,0.309,0.337,0.236,0.25,0.256,0.236,0.274,0.274,0.283,0.274,0.309,0.225,0.27,0.278,0.27,0.483,0.278,0.225,0.483,0.394,0.27,0.457,0.377,0.27,0.483,0.388,0.457,0.678,0.457,0.112,0.456,0.293,0.294,0.592,0.294,0.299,0.55,0.55,0.55,0.311,0.592,0.299,0.592,0.293,0.311,0.274,0.586,0.274,0.302,0.302,0.302,0.325,0.215,0.829,0.431,0.143,0.801,0.088,0.143,0.247,0.215,0.102,0.634,0.638,0.102,0.088,0.455,0.248,0.893,0.215,0.742,0.422,0.608,0.156,0.102,0.28,0.156,0.156,0.441,0.114,0.226,0.768,0.114,0.114,0.55,0.465,0.196,0.196,0.218,0.227,0.242,0.779,0.3,0.554,0.867,0.747,0.226,0.751,0.242,0.483,0.76,0.775,0.842,0.222,0.239,0.547,0.882,0.239,0.215,0.812,0.13,0.82,0.195,0.525,0.178,0.895,0.26,0.905,0.178,0.176,0.74,0.83,0.961,0.176,0.808,0.176,0.178,0.842,0.874,0.912,0.829,0.018,0.714,0.01,0.791,0.009,0.886,0.003,0.95,0.004,0.017,0.006,0.007,0.006,0.014,0.013,0.023
0.996,0.996,0.997,0.997,0.772,0.318,0.985,0.965,0.308,0.877,0.965,0.987,0.962,0.772,0.987,0.965,0.962,0.772,0.609,0.962,0.989,0.884,0.989,0.943,0.962,0.985,0.943,0.965,0.952,0.877,0.952,0.884,0.953,0.951,0.967,0.951,0.271,0.967,0.953,0.271,0.329,0.951,0.147,0.016,0.951,0.271,0.365,0.147,0.042,0.147,0.312,0.321,0.556,0.943,0.241,0.943,0.94,0.163,0.163,0.163,0.89,0.241,0.94,0.241,0.556,0.89,0.931,0.123,0.931,0.233,0.233,0.233,0.346,0.721,0.028,0.509,0.359,0.277,0.344,0.359,0.391,0.721,0.46,0.297,0.133,0.46,0.344,0.543,0.389,0.346,0.721,0.022,0.514,0.292,0.146,0.46,0.692,0.146,0.146,0.513,0.15,0.262,0.239,0.15,0.15,0.063,0.515,0.397,0.397,0.74,0.504,0.828,0.296,0.925,0.285,0.427,0.128,0.265,0.315,0.828,0.553,0.316,0.104,0.301,0.383,0.584,0.054,0.418,0.584,0.99,0.246,0.442,0.256,0.683,0.152,0.137,0.486,0.834,0.541,0.137,0.297,0.393,0.25,0.819,0.297,0.148,0.297,0.137,0.249,0.625,0.365,0.514,0.509,0.136,0.418,0.258,0.46,0.579,0.659,0.563,0.621,0.455,0.444,0.458,0.472,0.795,0.835,0.689
0.767,0.767,0.728,0.728,0.173,0.203,0.858,0.871,0.221,0.782,0.871,0.887,0.853,0.173,0.887,0.871,0.853,0.173,0.113,0.853,0.745,0.812,0.745,0.935,0.853,0.858,0.935,0.871,0.937,0.782,0.937,0.812,0.977,0.85,0.917,0.85,0.011,0.917,0.977,0.011,0.532,0.85,0.014,0.032,0.85,0.011,0.038,0.014,0.387,0.014,0.398,0.545,0.5,0.993,0.011,0.993,0.989,0.038,0.038,0.038,0.828,0.011,0.989,0.011,0.5,0.828,0.926,0.234,0.926,0.449,0.449,0.449,0.546,0.168,0.03,0.394,0.525,0.268,0.461,0.525,0.618,0.168,0.133,0.472,0.272,0.133,0.461,0.352,0.678,0.377,0.168,0.032,0.38,0.51,0.44,0.133,0.36,0.44,0.44,0.347,0.403,0.671,0.293,0.403,0.403,0.34,0.402,0.012,0.012,0.016,0.024,0.371,0.019,0.442,0.539,0.439,0.33,0.627,0.015,0.371,0.384,0.015,0.251,0.046,0.702,0.009,0.548,0.541,0.009,0.121,0.011,0.636,0.012,0.036,0.145,0.116,0.566,0.014,0.368,0.116,0.059,0.175,0.089,0.54,0.059,0.14,0.059,0.116,0.089,0.497,0.565,0.477,0.824,0.134,0.717,0.09,0.707,0.505,0.483,0.465,0.473,0.767,0.691,0.713,0.79,0.57,0.552,0.643
0.384,0.384,0.413,0.413,0.165,0.724,0.137,0.129,0.673,0.409,0.129,0.163,0.115,0.165,0.163,0.129,0.115,0.165,0.54,0.115,0.18,0.453,0.18,0.113,0.115,0.137,0.113,0.129,0.146,0.409,0.146,0.453,0.25,0.183,0.1,0.183,0.163,0.1,0.25,0.163,0.977,0.183,0.534,0.495,0.183,0.163,0.504,0.534,0.699,0.534,0.538,0.976,0.204,0.272,0.285,0.272,0.276,0.68,0.68,0.68,0.421,0.285,0.276,0.285,0.204,0.421,0.154,0.691,0.154,0.076,0.076,0.076,0.985,0.127,0.516,0.628,0.057,0.523,0.063,0.057,0.819,0.127,0.389,0.612,0.63,0.389,0.063,0.636,0.844,0.618,0.127,0.503,0.563,0.609,0.047,0.389,0.259,0.047,0.047,0.563,0.05,0.269,0.686,0.05,0.05,0.579,0.715,0.855,0.855,0.868,0.814,0.392,0.525,0.364,0.689,0.574,0.942,0.251,0.561,0.392,0.633,0.551,0.94,0.303,0.891,0.659,0.708,0.489,0.659,0.11,0.345,0.324,0.337,0.778,0.817,0.456,0.541,0.731,0.418,0.456,0.452,0.962,0.635,0.342,0.452,0.584,0.452,0.456,0.637,0.292,0.664,0.203,0.451,0.552,0.476,0.454,0.753,0.177,0.797,0.592,0.819,0.444,0.47,0.462,0.449,0.921,0.936,0.687
0.852,0.852,0.813,0.813,0.006,0.098,0.646,0.539,0.096,0.43,0.539,0.67,0.45,0.006,0.67,0.539,0.45,0.006,0.825,0.45,0.785,0.513,0.785,0.515,0.45,0.646,0.515,0.539,0.528,0.43,0.528,0.513,0.496,0.552,0.619,0.552,0.635,0.619,0.496,0.635,0.235,0.552,0.805,0.824,0.552,0.635,0.731,0.805,0.563,0.805,0.094,0.217,0.406,0.68,0.585,0.68,0.686,0.796,0.796,0.796,0.468,0.585,0.686,0.585,0.406,0.468,0.585,0.724,0.585,0.135,0.135,0.135,0.238,0.078,0.919,0.345,0.516,0.302,0.526,0.516,0.089,0.078,0.172,0.088,0.698,0.172,0.526,0.369,0.074,0.438,0.078,0.918,0.338,0.084,0.372,0.172,0.491,0.372,0.372,0.372,0.345,0.323,0.301,0.345,0.345,0.302,0.352,0.859,0.859,0.923,0.843,0.56,0.44,0.619,0.066,0.421,0.365,0.38,0.468,0.56,0.356,0.459,0.381,0.65,0.096,0.927,0.36,0.92,0.927,0.799,0.592,0.126,0.495,0.887,0.487,0.575,0.787,0.92,0.558,0.575,0.532,0.264,0.092,0.425,0.532,0.605,0.532,0.575,0.09,0.36,0.585,0.294,0.894,0.571,0.97,0.094,0.975,0.326,0.928,0.595,0.945,0.886,0.972,0.933,0.923,0.988,0.985,0.984
0.899,0.899,0.829,0.829,0.634,0.695,0.473,0.568,0.698,0.819,0.568,0.465,0.504,0.634,0.465,0.568,0.504,0.634,0.703,0.504,0.602,0.841,0.602,0.53,0.504,0.473,0.53,0.568,0.57,0.819,0.57,0.841,0.992,0.513,0.424,0.513,0.889,0.424,0.992,0.889,0.913,0.513,0.826,0.541,0.513,0.889,0.918,0.826,0.504,0.826,0.656,0.924,0.381,0.979,0.903,0.979,0.978,0.826,0.826,0.826,0.811,0.903,0.978,0.903,0.381,0.811,0.483,0.686,0.483,0.262,0.262,0.262,0.951,0.73,0.521,0.796,0.441,0.851,0.492,0.441,0.928,0.73,0.531,0.866,0.645,0.531,0.492,0.793,0.922,0.86,0.73,0.551,0.776,0.865,0.191,0.531,0.204,0.191,0.191,0.765,0.195,0.402,0.879,0.195,0.195,0.753,0.779,0.945,0.945,0.965,0.747,0.671,0.532,0.658,0.885,0.875,0.509,0.403,0.616,0.671,0.781,0.593,0.474,0.41,0.902,0.946,0.721,0.223,0.946,0.507,0.514,0.381,0.546,0.808,0.633,0.604,0.266,0.968,0.114,0.604,0.573,0.729,0.793,0.058,0.573,0.913,0.573,0.604,0.812,0.067,0.078,0.059,0.119,0.893,0.184,0.864,0.222,0.058,0.269,0.077,0.262,0.115,0.189,0.181,0.184,0.301,0.312,0.288
0.925,0.925,0.916,0.916,0.736,0.743,0.886,0.792,0.643,0.927,0.792,0.895,0.782,0.736,0.895,0.792,0.782,0.736,0.498,0.782,0.927,0.775,0.927,0.842,0.782,0.886,0.842,0.792,0.842,0.927,0.842,0.775,0.478,0.724,0.889,0.724,0.446,0.889,0.478,0.446,0.441,0.724,0.686,0.017,0.724,0.446,0.567,0.686,0.116,0.686,0.835,0.434,0.736,0.411,0.782,0.411,0.404,0.814,0.814,0.814,0.666,0.782,0.404,0.782,0.736,0.666,0.565,0.144,0.565,0.965,0.965,0.965,0.519,0.648,0.017,0.217,0.721,0.491,0.708,0.721,0.397,0.648,0.637,0.314,0.14,0.637,0.708,0.225,0.388,0.584,0.648,0.021,0.218,0.306,0.979,0.637,0.402,0.979,0.979,0.224,0.955,0.276,0.549,0.955,0.955,0.748,0.163,0.084,0.084,0.093,0.436,0.085,0.079,0.26,0.265,0.66,0.957,0.299,0.053,0.085,0.166,0.08,0.968,0.076,0.36,0.121,0.823,0.161,0.121,0.377,0.075,0.396,0.093,0.386,0.752,0.597,0.158,0.098,0.082,0.597,0.566,0.844,0.614,0.041,0.566,0.736,0.566,0.597,0.607,0.038,0.054,0.046,0.161,0.774,0.239,0.546,0.149,0.046,0.291,0.05,0.282,0.181,0.244,0.245,0.247,0.379,0.348,0.167
0.271,0.271,0.207,0.207,0.139,0.725,0.971,0.933,0.64,0.786,0.933,0.97,0.881,0.139,0.97,0.933,0.881,0.139,0.716,0.881,0.336,0.771,0.336,0.917,0.881,0.971,0.917,0.933,0.934,0.786,0.934,0.771,0.552,0.973,0.987,0.973,0.054,0.987,0.552,0.054,0.921,0.973,0.017,0.139,0.973,0.054,0.696,0.017,0.437,0.017,0.537,0.922,0.046,0.439,0.141,0.439,0.434,0.054,0.054,0.054,0.822,0.141,0.434,0.141,0.046,0.822,0.957,0.42,0.957,0.716,0.716,0.716,0.971,0.071,0.138,0.987,0.17,0.435,0.235,0.17,0.962,0.071,0.022,0.938,0.401,0.022,0.235,0.979,0.96,0.353,0.071,0.128,0.985,0.926,0.775,0.022,0.613,0.775,0.775,0.977,0.777,0.23,0.396,0.777,0.777,0.493,0.962,0.089,0.089,0.194,0.621,0.114,0.771,0.062,0.901,0.319,0.505,0.141,0.832,0.114,0.952,0.818,0.498,0.62,0.941,0.263,0.426,0.515,0.263,0.211,0.846,0.134,0.802,0.602,0.381,0.078,0.562,0.24,0.284,0.078,0.084,0.465,0.203,0.267,0.084,0.381,0.084,0.078,0.191,0.188,0.134,0.168,0.433,0.347,0.647,0.221,0.045,0.159,0.154,0.122,0.167,0.522,0.669,0.662,0.695,0.076,0.086,0.459
0.003,0.003,0.003,0.003,0.467,0.459,0.005,0.01,0.506,0.007,0.01,0.006,0.005,0.467,0.006,0.01,0.005,0.467,0.857,0.005,0.004,0.007,0.004,0.002,0.005,0.005,0.002,0.01,0.007,0.007,0.007,0.007,0.002,0.003,0.006,0.003,0.325,0.006,0.002,0.325,0.109,0.003,0.3,0.983,0.003,0.325,0.693,0.3,0.982,0.3,0.884,0.109,0.169,0.005,0.205,0.005,0.005,0.212,0.212,0.212,0.004,0.205,0.005,0.205,0.169,0.004,0.002,0.995,0.002,0.272,0.272,0.272,0.241,0.468,0.989,0.195,0.166,0.987,0.162,0.166,0.213,0.468,0.19,0.236,0.999,0.19,0.162,0.252,0.226,0.988,0.468,0.982,0.198,0.222,0.201,0.19,0.784,0.201,0.201,0.257,0.233,0.478,0.994,0.233,0.233,0.995,0.488,0.431,0.431,0.406,0.301,0.599,0.661,0.608,0.366,0.993,0.884,0.464,0.696,0.599,0.467,0.647,0.859,0.726,0.285,0.484,0.993,0.391,0.484,0.937,0.796,0.32,0.811,0.288,0.996,0.161,0.388,0.479,0.501,0.161,0.163,0.913,0.923,0.609,0.163,1.0,0.163,0.161,0.906,0.584,0.578,0.458,0.562,1.0,0.692,0.799,0.718,0.441,0.877,0.502,0.872,0.555,0.639,0.612,0.598,0.961,0.947,0.831
0.317,0.317,0.343,0.343,0.042,0.363,0.571,0.523,0.351,0.366,0.523,0.658,0.503,0.042,0.658,0.523,0.503,0.042,0.362,0.503,0.302,0.41,0.302,0.503,0.503,0.571,0.503,0.523,0.524,0.366,0.524,0.41,0.348,0.469,0.598,0.469,0.309,0.598,0.348,0.309,0.619,0.469,0.223,0.559,0.469,0.309,0.29,0.223,0.056,0.223,0.714,0.503,0.019,0.35,0.296,0.35,0.36,0.223,0.223,0.223,0.358,0.296,0.36,0.296,0.019,0.358,0.467,0.04,0.467,0.235,0.235,0.235,0.573,0.261,0.489,0.215,0.074,0.26,0.083,0.074,0.381,0.261,0.015,0.298,0.049,0.015,0.083,0.198,0.365,0.287,0.261,0.441,0.217,0.323,0.361,0.015,0.377,0.361,0.361,0.194,0.375,0.064,0.234,0.375,0.375,0.164,0.17,0.578,0.578,0.623,0.601,0.205,0.136,0.284,0.256,0.334,0.46,0.055,0.161,0.205,0.177,0.164,0.689,0.15,0.275,0.652,0.168,0.521,0.652,0.059,0.136,0.019,0.138,0.703,0.233,0.075,0.533,0.678,0.622,0.075,0.083,0.484,0.775,0.501,0.083,0.453,0.083,0.075,0.747,0.221,0.312,0.139,0.726,0.485,0.704,0.681,0.869,0.132,0.683,0.268,0.692,0.7,0.761,0.702,0.773,0.618,0.659,0.769
0.86,0.86,0.871,0.871,0.393,0.601,0.889,0.782,0.736,0.854,0.782,0.84,0.84,0.393,0.84,0.782,0.84,0.393,0.474,0.84,0.853,0.677,0.853,0.854,0.84,0.889,0.854,0.782,0.742,0.854,0.742,0.677,0.789,0.755,0.72,0.755,0.719,0.72,0.789,0.719,0.091,0.755,0.645,0.769,0.755,0.719,0.476,0.645,0.01,0.645,0.716,0.08,0.518,0.72,0.637,0.72,0.727,0.707,0.707,0.707,0.485,0.637,0.727,0.637,0.518,0.485,0.632,0.006,0.632,0.644,0.644,0.644,0.07,0.46,0.642,0.138,0.482,0.006,0.562,0.482,0.259,0.46,0.582,0.198,0.006,0.582,0.562,0.138,0.254,0.01,0.46,0.672,0.138,0.199,0.561,0.582,0.334,0.561,0.561,0.139,0.551,0.564,0.007,0.551,0.551,0.016,0.119,0.683,0.683,0.631,0.684,0.253,0.383,0.192,0.19,0.012,0.017,0.529,0.541,0.253,0.116,0.501,0.019,0.352,0.24,0.535,0.014,0.969,0.535,0.514,0.539,0.534,0.529,0.704,0.013,0.795,0.965,0.491,0.621,0.795,0.768,0.02,0.097,0.708,0.768,0.017,0.768,0.795,0.097,0.454,0.816,0.505,0.866,0.019,0.909,0.096,0.781,0.456,0.944,0.839,0.929,0.78,0.916,0.925,0.914,0.977,0.966,0.921
0.971,0.971,0.959,0.959,0.793,0.094,0.847,0.824,0.095,0.865,0.824,0.808,0.83,0.793,0.808,0.824,0.83,0.793,0.217,0.83,0.864,0.861,0.864,0.799,0.83,0.847,0.799,0.824,0.727,0.865,0.727,0.861,0.672,0.588,0.795,0.588,0.672,0.795,0.672,0.672,0.525,0.588,0.734,0.179,0.588,0.672,0.397,0.734,0.429,0.734,0.109,0.53,0.963,0.717,0.911,0.717,0.712,0.902,0.902,0.902,0.785,0.911,0.712,0.911,0.963,0.785,0.561,0.364,0.561,0.872,0.872,0.872,0.409,0.413,0.193,0.933,0.93,0.961,0.893,0.93,0.322,0.413,0.885,0.97,0.453,0.885,0.893,0.921,0.386,0.982,0.413,0.216,0.938,0.963,0.551,0.885,0.303,0.551,0.551,0.918,0.653,0.957,0.969,0.653,0.653,0.664,0.945,0.267,0.267,0.324,0.224,0.022,0.8,0.028,0.979,0.978,0.732,0.96,0.689,0.022,0.951,0.685,0.724,0.887,0.3,0.174,0.58,0.667,0.174,0.074,0.83,0.955,0.827,0.191,0.416,0.973,0.635,0.214,0.694,0.973,0.964,0.744,0.311,0.23,0.964,0.731,0.964,0.973,0.311,0.469,0.313,0.588,0.038,0.719,0.023,0.301,0.018,0.642,0.024,0.343,0.019,0.034,0.034,0.028,0.037,0.023,0.025,0.014
0.03,0.03,0.028,0.028,0.04,0.897,0.033,0.029,0.904,0.027,0.029,0.034,0.028,0.04,0.034,0.029,0.028,0.04,0.59,0.028,0.036,0.031,0.036,0.03,0.028,0.033,0.03,0.029,0.031,0.027,0.031,0.031,0.023,0.03,0.049,0.03,0.411,0.049,0.023,0.411,0.039,0.03,0.393,0.835,0.03,0.411,0.592,0.393,0.85,0.393,0.942,0.041,0.11,0.029,0.365,0.029,0.031,0.342,0.342,0.342,0.038,0.365,0.031,0.365,0.11,0.038,0.034,0.839,0.034,0.426,0.426,0.426,0.046,0.026,0.851,0.02,0.184,0.976,0.193,0.184,0.045,0.026,0.019,0.051,0.879,0.019,0.193,0.028,0.042,0.99,0.026,0.832,0.023,0.042,0.323,0.019,0.139,0.323,0.323,0.028,0.349,0.062,0.979,0.349,0.349,0.974,0.044,0.604,0.604,0.613,0.876,0.261,0.342,0.24,0.081,0.988,0.024,0.058,0.407,0.261,0.047,0.426,0.023,0.394,0.042,0.606,0.995,0.483,0.606,0.646,0.669,0.139,0.705,0.888,0.899,0.022,0.518,0.616,0.472,0.022,0.026,0.024,0.533,0.258,0.026,0.885,0.026,0.022,0.524,0.114,0.146,0.141,0.548,0.844,0.646,0.519,0.788,0.131,0.78,0.135,0.787,0.612,0.6,0.762,0.697,0.904,0.867,0.786
0.073,0.073,0.073,0.073,0.682,0.429,0.119,0.065,0.399,0.151,0.065,0.123,0.082,0.682,0.123,0.065,0.082,0.682,0.919,0.082,0.026,0.114,0.026,0.082,0.082,0.119,0.082,0.065,0.071,0.151,0.071,0.114,0.581,0.034,0.041,0.034,0.72,0.041,0.581,0.72,0.498,0.034,0.672,0.571,0.034,0.72,0.7,0.672,0.843,0.672,0.422,0.755,0.682,0.611,0.813,0.611,0.569,0.669,0.669,0.669,0.065,0.813,0.569,0.813,0.682,0.065,0.027,0.843,0.027,0.662,0.662,0.662,0.93,0.23,0.616,0.622,0.629,0.817,0.614,0.629,0.631,0.23,0.734,0.579,0.806,0.734,0.614,0.624,0.64,0.739,0.23,0.624,0.641,0.571,0.615,0.734,0.206,0.615,0.615,0.634,0.598,0.814,0.81,0.598,0.598,0.896,0.773,0.912,0.912,0.903,0.926,0.395,0.539,0.527,0.647,0.747,0.504,0.817,0.523,0.395,0.756,0.626,0.516,0.552,0.694,0.925,0.826,0.029,0.925,0.168,0.755,0.914,0.689,0.936,0.668,0.676,0.034,0.903,0.048,0.676,0.676,0.37,0.251,0.006,0.676,0.651,0.676,0.676,0.238,0.015,0.013,0.019,0.116,0.649,0.093,0.227,0.157,0.019,0.177,0.008,0.174,0.124,0.083,0.086,0.079,0.117,0.115,0.152
0.814,0.814,0.727,0.727,0.923,0.196,0.612,0.904,0.168,0.748,0.904,0.72,0.81,0.923,0.72,0.904,0.81,0.923,0.466,0.81,0.828,0.877,0.828,0.767,0.81,0.612,0.767,0.904,0.887,0.748,0.887,0.877,0.983,0.89,0.73,0.89,0.777,0.73,0.983,0.777,0.543,0.89,0.785,0.682,0.89,0.777,0.416,0.785,0.503,0.785,0.139,0.665,0.89,0.966,0.293,0.966,0.975,0.319,0.319,0.319,0.772,0.293,0.975,0.293,0.89,0.772,0.864,0.728,0.864,0.768,0.768,0.768,0.675,0.702,0.772,0.944,0.603,0.618,0.462,0.603,0.66,0.702,0.842,0.929,0.661,0.842,0.462,0.959,0.654,0.426,0.702,0.799,0.937,0.9,0.22,0.842,0.531,0.22,0.22,0.95,0.133,0.515,0.578,0.133,0.133,0.841,0.836,0.714,0.714,0.749,0.473,0.737,0.826,0.74,0.912,0.424,0.697,0.609,0.913,0.737,0.839,0.922,0.753,0.848,0.742,0.505,0.692,0.221,0.505,0.666,0.829,0.887,0.805,0.31,0.733,0.541,0.177,0.528,0.2,0.541,0.522,0.706,0.061,0.247,0.522,0.613,0.522,0.541,0.06,0.245,0.268,0.214,0.291,0.46,0.246,0.055,0.339,0.226,0.333,0.273,0.337,0.257,0.285,0.226,0.262,0.43,0.411,0.408
0.817,0.817,0.743,0.743,0.62,0.544,0.555,0.482,0.538,0.457,0.482,0.607,0.46,0.62,0.607,0.482,0.46,0.62,0.228,0.46,0.952,0.486,0.952,0.46,0.46,0.555,0.46,0.482,0.507,0.457,0.507,0.486,0.614,0.518,0.651,0.518,0.643,0.651,0.614,0.643,0.825,0.518,0.705,0.146,0.518,0.643,0.287,0.705,0.402,0.705,0.547,0.831,0.862,0.536,0.563,0.536,0.482,0.634,0.634,0.634,0.535,0.563,0.482,0.563,0.862,0.535,0.53,0.296,0.53,0.962,0.962,0.962,0.567,0.799,0.169,0.891,0.872,0.6,0.881,0.872,0.352,0.799,0.844,0.432,0.292,0.844,0.881,0.863,0.349,0.606,0.799,0.163,0.888,0.441,0.847,0.844,0.146,0.847,0.847,0.864,0.841,0.897,0.816,0.841,0.841,0.791,0.904,0.188,0.188,0.094,0.598,0.124,0.788,0.063,0.466,0.787,0.817,0.882,0.817,0.124,0.909,0.749,0.848,0.936,0.384,0.138,0.873,0.006,0.138,0.027,0.786,0.902,0.822,0.298,0.483,0.836,0.01,0.069,0.065,0.836,0.842,0.731,0.352,0.205,0.842,0.548,0.842,0.836,0.339,0.217,0.224,0.189,0.145,0.57,0.16,0.304,0.215,0.217,0.243,0.277,0.273,0.161,0.166,0.168,0.159,0.362,0.358,0.276
0.447,0.447,0.446,0.446,0.527,0.273,0.663,0.598,0.222,0.589,0.598,0.724,0.507,0.527,0.724,0.598,0.507,0.527,0.513,0.507,0.384,0.74,0.384,0.55,0.507,0.663,0.55,0.598,0.629,0.589,0.629,0.74,0.379,0.659,0.822,0.659,0.645,0.822,0.379,0.645,0.542,0.659,0.619,0.249,0.659,0.645,0.344,0.619,0.608,0.619,0.238,0.555,0.551,0.354,0.448,0.354,0.393,0.378,0.378,0.378,0.667,0.448,0.393,0.448,0.551,0.667,0.669,0.565,0.669,0.423,0.423,0.423,0.9,0.643,0.253,0.701,0.554,0.348,0.574,0.554,0.798,0.643,0.777,0.698,0.588,0.777,0.574,0.705,0.801,0.334,0.643,0.186,0.643,0.712,0.319,0.777,0.271,0.319,0.319,0.633,0.355,0.665,0.35,0.355,0.355,0.758,0.635,0.793,0.793,0.735,0.567,0.814,0.213,0.714,0.687,0.346,0.686,0.639,0.23,0.814,0.589,0.234,0.702,0.236,0.718,0.82,0.591,0.973,0.82,0.76,0.281,0.595,0.294,0.62,0.604,0.694,0.906,0.837,0.889,0.694,0.547,0.769,0.425,0.794,0.547,0.587,0.547,0.694,0.439,0.571,0.635,0.564,0.959,0.623,0.957,0.416,0.617,0.566,0.578,0.707,0.584,0.982,0.956,0.884,0.859,0.16,0.111,0.669
0.787,0.787,0.699,0.699,0.635,0.147,0.944,0.917,0.134,0.847,0.917,0.946,0.908,0.635,0.946,0.917,0.908,0.635,0.464,0.908,0.79,0.874,0.79,0.906,0.908,0.944,0.906,0.917,0.922,0.847,0.922,0.874,0.893,0.97,0.97,0.97,0.578,0.97,0.893,0.578,0.248,0.97,0.539,0.331,0.97,0.578,0.166,0.539,0.579,0.539,0.132,0.306,0.325,0.901,0.658,0.901,0.902,0.619,0.619,0.619,0.921,0.658,0.902,0.658,0.325,0.921,0.974,0.664,0.974,0.823,0.823,0.823,0.146,0.723,0.356,0.219,0.283,0.912,0.233,0.283,0.296,0.723,0.467,0.224,0.592,0.467,0.233,0.191,0.322,0.835,0.723,0.317,0.199,0.242,0.824,0.467,0.688,0.824,0.824,0.198,0.82,0.373,0.905,0.82,0.82,0.865,0.239,0.68,0.68,0.524,0.529,0.7,0.886,0.435,0.208,0.788,0.225,0.421,0.762,0.7,0.238,0.816,0.254,0.699,0.317,0.64,0.767,0.789,0.64,0.751,0.633,0.427,0.67,0.505,0.428,0.452,0.776,0.484,0.526,0.452,0.419,0.272,0.584,0.323,0.419,0.54,0.419,0.452,0.581,0.325,0.567,0.398,0.816,0.538,0.806,0.548,0.94,0.411,0.889,0.49,0.848,0.916,0.903,0.825,0.933,0.932,0.937,0.8
0.934,0.934,0.991,0.991,0.667,0.254,0.928,0.807,0.234,0.62,0.807,0.848,0.743,0.667,0.848,0.807,0.743,0.667,0.827,0.743,0.882,0.647,0.882,0.817,0.743,0.928,0.817,0.807,0.826,0.62,0.826,0.647,0.715,0.706,0.728,0.706,0.167,0.728,0.715,0.167,0.478,0.706,0.05,0.282,0.706,0.167,0.594,0.05,0.642,0.05,0.284,0.423,0.63,0.645,0.551,0.645,0.702,0.229,0.229,0.229,0.56,0.551,0.702,0.551,0.63,0.56,0.7,0.62,0.7,0.898,0.898,0.898,0.456,0.446,0.284,0.867,0.29,0.464,0.532,0.29,0.67,0.446,0.453,0.649,0.632,0.453,0.532,0.871,0.633,0.328,0.446,0.265,0.869,0.669,0.722,0.453,0.34,0.722,0.722,0.861,0.672,0.434,0.521,0.672,0.672,0.494,0.845,0.542,0.542,0.533,0.434,0.682,0.837,0.652,0.597,0.329,0.486,0.256,0.886,0.682,0.856,0.875,0.518,0.886,0.672,0.564,0.373,0.478,0.564,0.408,0.921,0.585,0.914,0.48,0.629,0.438,0.405,0.561,0.318,0.438,0.445,0.686,0.098,0.42,0.445,0.471,0.445,0.438,0.098,0.326,0.435,0.273,0.395,0.465,0.514,0.101,0.551,0.252,0.613,0.384,0.613,0.404,0.529,0.364,0.402,0.448,0.362,0.538
0.455,0.455,0.414,0.414,0.008,0.43,0.267,0.323,0.353,0.271,0.323,0.294,0.3,0.008,0.294,0.323,0.3,0.008,0.458,0.3,0.448,0.289,0.448,0.306,0.3,0.267,0.306,0.323,0.337,0.271,0.337,0.289,0.209,0.363,0.319,0.363,0.259,0.319,0.209,0.259,0.6,0.363,0.284,0.65,0.363,0.259,0.36,0.284,0.887,0.284,0.363,0.645,0.049,0.238,0.266,0.238,0.236,0.345,0.345,0.345,0.32,0.266,0.236,0.266,0.049,0.32,0.379,0.608,0.379,0.507,0.507,0.507,0.548,0.038,0.104,0.915,0.179,0.729,0.231,0.179,0.833,0.038,0.037,0.906,0.566,0.037,0.231,0.918,0.875,0.528,0.038,0.137,0.881,0.906,0.743,0.037,0.169,0.743,0.743,0.904,0.697,0.17,0.906,0.697,0.697,0.968,0.865,0.763,0.763,0.734,0.963,0.433,0.596,0.366,0.865,0.858,0.827,0.121,0.646,0.433,0.833,0.641,0.766,0.478,0.903,0.631,0.935,0.472,0.631,0.644,0.559,0.039,0.552,0.89,0.975,0.095,0.44,0.611,0.357,0.095,0.131,0.889,0.52,0.263,0.131,0.987,0.131,0.095,0.517,0.617,0.308,0.634,0.401,0.92,0.569,0.505,0.479,0.728,0.761,0.519,0.736,0.378,0.494,0.515,0.482,0.637,0.635,0.427
0.675,0.675,0.618,0.618,0.197,0.827,0.509,0.427,0.848,0.477,0.427,0.515,0.422,0.197,0.515,0.427,0.422,0.197,0.46,0.422,0.567,0.428,0.567,0.458,0.422,0.509,0.458,0.427,0.396,0.477,0.396,0.428,0.44,0.319,0.479,0.319,0.466,0.479,0.44,0.466,0.734,0.319,0.481,0.08,0.319,0.466,0.458,0.481,0.316,0.481,0.804,0.613,0.146,0.624,0.59,0.624,0.632,0.452,0.452,0.452,0.405,0.59,0.632,0.59,0.146,0.405,0.366,0.484,0.366,0.762,0.762,0.762,0.769,0.183,0.106,0.605,0.65,0.492,0.697,0.65,0.725,0.183,0.349,0.748,0.448,0.349,0.697,0.589,0.721,0.415,0.183,0.125,0.627,0.758,0.665,0.349,0.214,0.665,0.665,0.618,0.633,0.715,0.502,0.633,0.633,0.32,0.609,0.469,0.469,0.546,0.26,0.288,0.053,0.251,0.73,0.375,0.954,0.677,0.043,0.288,0.629,0.048,0.937,0.091,0.732,0.507,0.304,0.146,0.507,0.123,0.126,0.214,0.133,0.285,0.399,0.56,0.151,0.584,0.113,0.56,0.649,0.715,0.991,0.028,0.649,0.567,0.649,0.56,0.991,0.039,0.04,0.037,0.182,0.572,0.211,0.997,0.174,0.039,0.25,0.039,0.251,0.178,0.209,0.214,0.213,0.326,0.334,0.232
0.201,0.201,0.194,0.194,0.158,0.822,0.176,0.229,0.873,0.146,0.229,0.197,0.214,0.158,0.197,0.229,0.214,0.158,0.172,0.214,0.207,0.176,0.207,0.205,0.214,0.176,0.205,0.229,0.223,0.146,0.223,0.176,0.111,0.23,0.24,0.23,0.366,0.24,0.111,0.366,0.925,0.23,0.588,0.823,0.23,0.366,0.09,0.588,0.86,0.588,0.76,0.792,0.511,0.073,0.387,0.073,0.072,0.446,0.446,0.446,0.181,0.387,0.072,0.387,0.511,0.181,0.234,0.888,0.234,0.84,0.84,0.84,0.95,0.203,0.896,0.855,0.327,0.79,0.392,0.327,0.887,0.203,0.635,0.918,0.816,0.635,0.392,0.847,0.889,0.698,0.203,0.845,0.853,0.939,0.706,0.635,0.029,0.706,0.706,0.837,0.736,0.509,0.795,0.736,0.736,0.726,0.831,0.582,0.582,0.705,0.768,0.514,0.635,0.541,0.937,0.799,0.899,0.458,0.65,0.514,0.798,0.642,0.935,0.718,0.934,0.77,0.667,0.371,0.77,0.25,0.668,0.604,0.64,0.446,0.855,0.435,0.347,0.749,0.288,0.435,0.494,0.758,0.67,0.22,0.494,0.755,0.494,0.435,0.713,0.258,0.382,0.209,0.683,0.772,0.6,0.855,0.682,0.19,0.84,0.44,0.854,0.769,0.647,0.631,0.64,0.702,0.764,0.772
0.465,0.465,0.465,0.465,0.972,0.794,0.493,0.39,0.802,0.376,0.39,0.55,0.409,0.972,0.55,0.39,0.409,0.972,0.451,0.409,0.416,0.423,0.416,0.407,0.409,0.493,0.407,0.39,0.394,0.376,0.394,0.423,0.231,0.34,0.416,0.34,0.996,0.416,0.231,0.996,0.789,0.34,0.969,0.728,0.34,0.996,0.418,0.969,0.783,0.969,0.796,0.71,0.946,0.281,0.999,0.281,0.277,0.998,0.998,0.998,0.454,0.999,0.277,0.999,0.946,0.454,0.349,0.421,0.349,0.72,0.72,0.72,0.674,0.99,0.846,0.782,0.941,0.549,0.971,0.941,0.774,0.99,0.648,0.817,0.621,0.648,0.971,0.766,0.722,0.433,0.99,0.919,0.73,0.82,0.918,0.648,0.578,0.918,0.918,0.721,0.927,0.895,0.495,0.927,0.927,0.63,0.728,0.058,0.058,0.06,0.137,0.04,0.218,0.07,0.773,0.396,0.75,0.844,0.227,0.04,0.724,0.172,0.798,0.179,0.665,0.081,0.719,0.267,0.081,0.24,0.221,0.705,0.225,0.132,0.74,0.9,0.423,0.087,0.045,0.9,0.91,0.573,0.634,0.042,0.91,0.61,0.91,0.9,0.626,0.063,0.067,0.062,0.127,0.577,0.212,0.463,0.14,0.062,0.3,0.066,0.301,0.14,0.204,0.225,0.241,0.432,0.434,0.254
0.805,0.805,0.692,0.692,0.981,0.832,0.748,0.743,0.828,0.798,0.743,0.696,0.715,0.981,0.696,0.743,0.715,0.981,0.442,0.715,0.923,0.792,0.923,0.686,0.715,0.748,0.686,0.743,0.713,0.798,0.713,0.792,0.761,0.61,0.814,0.61,0.871,0.814,0.761,0.871,0.951,0.61,0.827,0.692,0.61,0.871,0.457,0.827,0.685,0.827,0.726,0.951,0.874,0.78,0.958,0.78,0.777,0.931,0.931,0.931,0.631,0.958,0.777,0.958,0.874,0.631,0.63,0.818,0.63,0.647,0.647,0.647,0.888,0.931,0.765,0.969,0.755,0.914,0.556,0.755,0.769,0.931,0.934,0.976,0.844,0.934,0.556,0.961,0.791,0.911,0.931,0.79,0.978,0.98,0.691,0.934,0.429,0.691,0.691,0.971,0.511,0.56,0.948,0.511,0.511,0.943,0.967,0.293,0.293,0.265,0.158,0.276,0.971,0.293,0.976,0.943,0.275,0.705,0.952,0.276,0.973,0.953,0.249,0.991,0.744,0.311,0.941,0.075,0.311,0.087,0.988,0.735,0.987,0.193,0.792,0.772,0.08,0.297,0.087,0.772,0.608,0.31,0.917,0.834,0.608,0.828,0.608,0.772,0.934,0.73,0.749,0.806,0.133,0.766,0.118,0.889,0.139,0.765,0.219,0.6,0.191,0.113,0.124,0.134,0.145,0.195,0.21,0.191
0.957,0.957,0.932,0.932,0.672,0.858,0.92,0.885,0.853,0.93,0.885,0.938,0.844,0.672,0.938,0.885,0.844,0.672,0.183,0.844,0.979,0.941,0.979,0.851,0.844,0.92,0.851,0.885,0.904,0.93,0.904,0.941,0.667,0.826,0.92,0.826,0.51,0.92,0.667,0.51,0.932,0.826,0.81,0.338,0.826,0.51,0.663,0.81,0.199,0.81,0.751,0.897,0.951,0.614,0.698,0.614,0.623,0.755,0.755,0.755,0.915,0.698,0.623,0.698,0.951,0.915,0.835,0.181,0.835,0.911,0.911,0.911,0.766,0.372,0.245,0.688,0.804,0.328,0.775,0.804,0.823,0.372,0.945,0.798,0.177,0.945,0.775,0.68,0.787,0.425,0.372,0.238,0.685,0.825,0.881,0.945,0.689,0.881,0.881,0.684,0.848,0.809,0.319,0.848,0.848,0.315,0.747,0.695,0.695,0.804,0.966,0.311,0.909,0.506,0.823,0.398,0.206,0.836,0.897,0.311,0.734,0.86,0.23,0.859,0.819,0.248,0.355,0.156,0.248,0.824,0.773,0.946,0.77,0.659,0.697,0.886,0.452,0.342,0.171,0.886,0.935,0.242,0.126,0.882,0.935,0.331,0.935,0.886,0.127,0.925,0.663,0.789,0.254,0.307,0.258,0.217,0.895,0.712,0.941,0.668,0.934,0.278,0.252,0.421,0.408,0.467,0.516,0.375
0.731,0.731,0.631,0.631,0.829,0.084,0.719,0.936,0.085,0.828,0.936,0.778,0.934,0.829,0.778,0.936,0.934,0.829,0.142,0.934,0.497,0.842,0.497,0.946,0.934,0.719,0.946,0.936,0.978,0.828,0.978,0.842,0.955,0.987,0.729,0.987,0.618,0.729,0.955,0.618,0.098,0.987,0.709,0.394,0.987,0.618,0.095,0.709,0.784,0.709,0.086,0.092,0.95,0.965,0.51,0.965,0.961,0.447,0.447,0.447,0.902,0.51,0.961,0.51,0.95,0.902,0.98,0.6,0.98,0.797,0.797,0.797,0.072,0.578,0.199,0.045,0.714,0.779,0.773,0.714,0.062,0.578,0.751,0.046,0.602,0.751,0.773,0.048,0.058,0.731,0.578,0.284,0.045,0.047,0.515,0.751,0.575,0.515,0.515,0.047,0.635,0.805,0.769,0.635,0.635,0.649,0.042,0.873,0.873,0.893,0.689,0.538,0.376,0.559,0.049,0.717,0.863,0.696,0.422,0.538,0.04,0.417,0.823,0.234,0.06,0.768,0.546,0.454,0.768,0.368,0.259,0.909,0.261,0.548,0.679,0.446,0.451,0.789,0.573,0.446,0.684,0.923,0.287,0.34,0.684,0.67,0.684,0.446,0.289,0.239,0.337,0.165,0.645,0.66,0.62,0.288,0.33,0.155,0.365,0.284,0.358,0.637,0.546,0.581,0.506,0.543,0.624,0.505
0.29,0.29,0.235,0.235,0.52,0.816,0.22,0.256,0.822,0.179,0.256,0.262,0.228,0.52,0.262,0.256,0.228,0.52,0.093,0.228,0.188,0.222,0.188,0.224,0.228,0.22,0.224,0.256,0.254,0.179,0.254,0.222,0.098,0.18,0.222,0.18,0.78,0.222,0.098,0.78,0.87,0.18,0.819,0.494,0.18,0.78,0.106,0.819,0.296,0.819,0.789,0.865,0.336,0.16,0.326,0.16,0.162,0.423,0.423,0.423,0.183,0.326,0.162,0.326,0.336,0.183,0.184,0.246,0.184,0.73,0.73,0.73,0.86,0.782,0.469,0.655,0.33,0.28,0.334,0.33,0.492,0.782,0.524,0.618,0.243,0.524,0.334,0.653,0.558,0.453,0.782,0.462,0.653,0.633,0.936,0.524,0.521,0.936,0.936,0.648,0.95,0.599,0.289,0.95,0.95,0.286,0.693,0.091,0.091,0.164,0.403,0.147,0.52,0.335,0.662,0.456,0.212,0.583,0.595,0.147,0.706,0.581,0.25,0.809,0.362,0.103,0.258,0.688,0.103,0.531,0.62,0.548,0.635,0.356,0.457,0.312,0.619,0.166,0.714,0.312,0.314,0.768,0.954,0.285,0.314,0.416,0.314,0.312,0.947,0.46,0.497,0.491,0.862,0.373,0.76,0.951,0.758,0.54,0.45,0.553,0.458,0.912,0.831,0.709,0.777,0.659,0.69,0.765
0.95,0.95,0.919,0.919,0.454,0.865,0.734,0.544,0.807,0.902,0.544,0.868,0.474,0.454,0.868,0.544,0.474,0.454,0.698,0.474,0.915,0.903,0.915,0.555,0.474,0.734,0.555,0.544,0.613,0.902,0.613,0.903,0.797,0.522,0.845,0.522,0.834,0.845,0.797,0.834,0.566,0.522,0.864,0.573,0.522,0.834,0.751,0.864,0.092,0.864,0.733,0.598,0.364,0.8,0.859,0.8,0.816,0.838,0.838,0.838,0.917,0.859,0.816,0.859,0.364,0.917,0.567,0.078,0.567,0.193,0.193,0.193,0.647,0.475,0.33,0.412,0.406,0.395,0.419,0.406,0.585,0.475,0.451,0.546,0.075,0.451,0.419,0.438,0.602,0.309,0.475,0.312,0.443,0.53,0.179,0.451,0.189,0.179,0.179,0.461,0.241,0.488,0.362,0.241,0.241,0.172,0.37,0.977,0.977,0.986,0.991,0.51,0.029,0.455,0.566,0.275,0.608,0.469,0.048,0.51,0.399,0.051,0.495,0.056,0.611,0.786,0.166,0.126,0.786,0.891,0.06,0.438,0.063,0.988,0.299,0.565,0.111,0.985,0.166,0.565,0.541,0.239,0.258,0.457,0.541,0.251,0.541,0.565,0.243,0.213,0.183,0.118,0.157,0.245,0.137,0.23,0.543,0.109,0.791,0.162,0.772,0.155,0.136,0.147,0.147,0.34,0.361,0.287
0.139,0.139,0.181,0.181,0.343,0.402,0.291,0.306,0.409,0.411,0.306,0.31,0.412,0.343,0.31,0.306,0.412,0.343,0.001,0.412,0.255,0.344,0.255,0.413,0.412,0.291,0.413,0.306,0.319,0.411,0.319,0.344,0.516,0.348,0.31,0.348,0.029,0.31,0.516,0.029,0.341,0.348,0.016,0.542,0.348,0.029,0.001,0.016,0.807,0.016,0.469,0.452,0.323,0.515,0.062,0.515,0.507,0.044,0.044,0.044,0.357,0.062,0.507,0.062,0.323,0.357,0.398,0.71,0.398,0.048,0.048,0.048,0.288,0.192,0.533,0.264,0.315,0.627,0.349,0.315,0.463,0.192,0.04,0.354,0.692,0.04,0.349,0.254,0.468,0.714,0.192,0.453,0.275,0.35,0.049,0.04,0.024,0.049,0.049,0.263,0.054,0.019,0.562,0.054,0.054,0.833,0.248,0.013,0.013,0.018,0.398,0.186,0.422,0.152,0.281,0.603,0.266,0.014,0.429,0.186,0.262,0.42,0.278,0.369,0.345,0.02,0.854,0.417,0.02,0.119,0.327,0.024,0.326,0.422,0.653,0.01,0.417,0.026,0.46,0.01,0.019,0.313,0.987,0.421,0.019,0.515,0.019,0.01,0.986,0.23,0.346,0.228,0.593,0.382,0.513,0.982,0.063,0.228,0.156,0.324,0.183,0.633,0.452,0.521,0.42,0.241,0.186,0.236
0.52,0.52,0.548,0.548,0.656,0.853,0.394,0.707,0.797,0.706,0.707,0.431,0.691,0.656,0.431,0.707,0.691,0.656,0.159,0.691,0.571,0.698,0.571,0.689,0.691,0.394,0.689,0.707,0.708,0.706,0.708,0.698,0.402,0.883,0.601,0.883,0.22,0.601,0.402,0.22,0.549,0.883,0.32,0.341,0.883,0.22,0.222,0.32,0.04,0.32,0.846,0.782,0.871,0.377,0.636,0.377,0.385,0.734,0.734,0.734,0.825,0.636,0.385,0.636,0.871,0.825,0.876,0.112,0.876,0.785,0.785,0.785,0.858,0.265,0.171,0.414,0.857,0.24,0.873,0.857,0.565,0.265,0.683,0.583,0.105,0.683,0.873,0.413,0.672,0.493,0.265,0.172,0.414,0.551,0.888,0.683,0.23,0.888,0.888,0.409,0.921,0.64,0.254,0.921,0.921,0.363,0.508,0.615,0.615,0.651,0.693,0.378,0.318,0.216,0.659,0.468,0.414,0.703,0.311,0.378,0.492,0.306,0.435,0.367,0.673,0.555,0.438,0.153,0.555,0.453,0.441,0.615,0.379,0.434,0.327,0.66,0.196,0.534,0.167,0.66,0.571,0.366,0.169,0.861,0.571,0.348,0.571,0.66,0.16,0.472,0.643,0.595,0.212,0.335,0.195,0.174,0.683,0.727,0.53,0.816,0.565,0.215,0.19,0.194,0.189,0.332,0.346,0.394
0.835,0.835,0.713,0.713,0.769,0.169,0.69,0.684,0.163,0.577,0.684,0.769,0.589,0.769,0.769,0.684,0.589,0.769,0.552,0.589,0.802,0.67,0.802,0.739,0.589,0.69,0.739,0.684,0.752,0.577,0.752,0.67,0.497,0.657,0.68,0.657,0.717,0.68,0.497,0.717,0.254,0.657,0.563,0.432,0.657,0.717,0.376,0.563,0.052,0.563,0.145,0.427,0.377,0.707,0.827,0.707,0.695,0.72,0.72,0.72,0.64,0.827,0.695,0.827,0.377,0.64,0.758,0.068,0.758,0.21,0.21,0.21,0.365,0.894,0.46,0.674,0.266,0.326,0.374,0.266,0.795,0.894,0.609,0.805,0.051,0.609,0.374,0.703,0.742,0.28,0.894,0.445,0.679,0.755,0.232,0.609,0.579,0.232,0.232,0.693,0.23,0.656,0.265,0.23,0.23,0.332,0.544,0.911,0.911,0.898,0.788,0.827,0.167,0.909,0.655,0.262,0.372,0.645,0.195,0.827,0.554,0.189,0.376,0.117,0.626,0.986,0.292,0.626,0.986,0.934,0.17,0.661,0.16,0.894,0.383,0.493,0.709,0.984,0.593,0.493,0.485,0.452,0.085,0.393,0.485,0.341,0.485,0.493,0.084,0.307,0.422,0.366,0.567,0.295,0.508,0.085,0.639,0.353,0.641,0.371,0.638,0.537,0.528,0.498,0.529,0.753,0.75,0.701
0.705,0.705,0.729,0.729,0.951,0.091,0.904,0.768,0.086,0.785,0.768,0.914,0.885,0.951,0.914,0.768,0.885,0.951,0.425,0.885,0.75,0.834,0.75,0.891,0.885,0.904,0.891,0.768,0.816,0.785,0.816,0.834,0.578,0.894,0.933,0.894,0.913,0.933,0.578,0.913,0.137,0.894,0.78,0.001,0.894,0.913,0.356,0.78,0.014,0.78,0.105,0.225,0.815,0.547,0.92,0.547,0.568,0.88,0.88,0.88,0.871,0.92,0.568,0.92,0.815,0.871,0.896,0.017,0.896,0.48,0.48,0.48,0.189,0.947,0.002,0.291,0.61,0.058,0.418,0.61,0.392,0.947,0.971,0.317,0.02,0.971,0.418,0.305,0.4,0.075,0.947,0.002,0.292,0.271,0.447,0.971,0.714,0.447,0.447,0.316,0.3,0.889,0.055,0.3,0.3,0.055,0.27,0.435,0.435,0.342,0.429,0.499,0.046,0.5,0.253,0.074,0.042,0.911,0.039,0.499,0.278,0.039,0.054,0.044,0.309,0.411,0.069,0.957,0.411,0.414,0.032,0.929,0.029,0.408,0.185,0.818,0.981,0.332,0.941,0.818,0.783,0.088,0.005,0.764,0.783,0.106,0.783,0.818,0.009,0.703,0.671,0.599,0.966,0.078,0.977,0.004,0.749,0.634,0.805,0.651,0.798,0.985,0.984,0.981,0.989,0.77,0.773,0.715
0.613,0.613,0.689,0.689,0.025,0.07,0.829,0.719,0.056,0.634,0.719,0.854,0.674,0.025,0.854,0.719,0.674,0.025,0.294,0.674,0.786,0.655,0.786,0.696,0.674,0.829,0.696,0.719,0.736,0.634,0.736,0.655,0.768,0.681,0.858,0.681,0.106,0.858,0.768,0.106,0.839,0.681,0.101,0.356,0.681,0.106,0.417,0.101,0.407,0.101,0.047,0.862,0.391,0.674,0.034,0.674,0.665,0.094,0.094,0.094,0.735,0.034,0.665,0.034,0.391,0.735,0.653,0.674,0.653,0.292,0.292,0.292,0.815,0.145,0.557,0.657,0.485,0.681,0.516,0.485,0.81,0.145,0.651,0.801,0.771,0.651,0.516,0.652,0.821,0.645,0.145,0.563,0.659,0.79,0.302,0.651,0.137,0.302,0.302,0.664,0.302,0.405,0.703,0.302,0.302,0.483,0.627,0.092,0.092,0.127,0.022,0.013,0.867,0.024,0.767,0.685,0.606,0.388,0.849,0.013,0.646,0.842,0.589,0.966,0.823,0.093,0.559,0.396,0.093,0.014,0.924,0.68,0.931,0.022,0.657,0.61,0.296,0.101,0.34,0.61,0.67,0.443,0.057,0.702,0.67,0.754,0.67,0.61,0.059,0.409,0.405,0.547,0.434,0.739,0.472,0.051,0.338,0.46,0.682,0.477,0.587,0.44,0.445,0.367,0.382,0.675,0.808,0.664
0.054,0.054,0.059,0.059,0.604,0.201,0.032,0.735,0.213,0.88,0.735,0.027,0.758,0.604,0.027,0.735,0.758,0.604,0.298,0.758,0.007,0.869,0.007,0.674,0.758,0.032,0.674,0.735,0.644,0.88,0.644,0.869,0.476,0.763,0.005,0.763,0.733,0.005,0.476,0.733,0.463,0.763,0.822,0.29,0.763,0.733,0.386,0.822,0.37,0.822,0.14,0.567,0.834,0.421,0.768,0.421,0.423,0.841,0.841,0.841,0.869,0.768,0.423,0.768,0.834,0.869,0.582,0.506,0.582,0.923,0.923,0.923,0.88,0.445,0.249,0.724,0.509,0.245,0.692,0.509,0.849,0.445,0.791,0.841,0.486,0.791,0.692,0.742,0.899,0.394,0.445,0.234,0.726,0.85,0.816,0.791,0.103,0.816,0.816,0.726,0.902,0.846,0.233,0.902,0.902,0.326,0.847,0.369,0.369,0.38,0.472,0.172,0.905,0.177,0.933,0.357,0.926,0.822,0.93,0.172,0.858,0.965,0.926,0.784,0.949,0.259,0.459,0.448,0.259,0.481,0.831,0.794,0.916,0.279,0.426,0.803,0.416,0.271,0.425,0.803,0.666,0.763,0.579,0.118,0.666,0.43,0.666,0.803,0.586,0.176,0.246,0.28,0.035,0.492,0.068,0.645,0.234,0.352,0.11,0.255,0.11,0.045,0.075,0.074,0.078,0.232,0.169,0.175
0.249,0.249,0.319,0.319,0.575,0.555,0.153,0.163,0.58,0.065,0.163,0.176,0.116,0.575,0.176,0.163,0.116,0.575,0.311,0.116,0.389,0.099,0.389,0.128,0.116,0.153,0.128,0.163,0.166,0.065,0.166,0.099,0.556,0.094,0.132,0.094,0.156,0.132,0.556,0.156,0.597,0.094,0.237,0.103,0.094,0.156,0.636,0.237,0.227,0.237,0.506,0.557,0.965,0.461,0.425,0.461,0.46,0.736,0.736,0.736,0.061,0.425,0.46,0.425,0.965,0.061,0.091,0.2,0.091,0.95,0.95,0.95,0.367,0.104,0.115,0.403,0.988,0.462,0.993,0.988,0.359,0.104,0.292,0.302,0.198,0.292,0.993,0.44,0.37,0.571,0.104,0.159,0.43,0.296,0.962,0.292,0.296,0.962,0.962,0.454,0.969,0.703,0.583,0.969,0.969,0.466,0.424,0.168,0.168,0.247,0.287,0.008,0.104,0.012,0.369,0.575,0.668,0.708,0.109,0.008,0.424,0.112,0.696,0.13,0.403,0.033,0.378,0.911,0.033,0.068,0.134,0.671,0.134,0.324,0.876,0.049,0.756,0.076,0.816,0.049,0.041,0.945,0.2,0.698,0.041,0.406,0.041,0.049,0.198,0.501,0.427,0.499,0.852,0.757,0.789,0.185,0.633,0.496,0.543,0.507,0.533,0.86,0.845,0.701,0.819,0.581,0.563,0.692
0.843,0.843,0.892,0.892,0.211,0.042,0.876,0.967,0.042,0.814,0.967,0.943,0.967,0.211,0.943,0.967,0.967,0.211,0.368,0.967,0.889,0.818,0.889,0.95,0.967,0.876,0.95,0.967,0.98,0.814,0.98,0.818,0.533,0.921,0.905,0.921,0.61,0.905,0.533,0.61,0.134,0.921,0.595,0.54,0.921,0.61,0.533,0.595,0.445,0.595,0.034,0.164,0.282,0.537,0.647,0.537,0.52,0.62,0.62,0.62,0.744,0.647,0.52,0.647,0.282,0.744,0.954,0.712,0.954,0.179,0.179,0.179,0.11,0.291,0.54,0.555,0.364,0.511,0.413,0.364,0.156,0.291,0.432,0.144,0.564,0.432,0.413,0.514,0.157,0.552,0.291,0.575,0.554,0.148,0.193,0.432,0.187,0.193,0.193,0.51,0.226,0.436,0.47,0.226,0.226,0.404,0.499,0.929,0.929,0.955,0.861,0.822,0.649,0.844,0.121,0.504,0.833,0.379,0.707,0.822,0.498,0.708,0.669,0.725,0.148,0.938,0.302,0.416,0.938,0.315,0.771,0.378,0.766,0.501,0.508,0.539,0.394,0.932,0.576,0.539,0.653,0.693,0.087,0.399,0.653,0.62,0.653,0.539,0.086,0.387,0.316,0.298,0.739,0.604,0.645,0.092,0.868,0.262,0.787,0.302,0.816,0.741,0.507,0.643,0.599,0.937,0.946,0.85
0.411,0.411,0.411,0.411,0.355,0.796,0.314,0.398,0.824,0.267,0.398,0.336,0.362,0.355,0.336,0.398,0.362,0.355,0.281,0.362,0.421,0.285,0.421,0.34,0.362,0.314,0.34,0.398,0.37,0.267,0.37,0.285,0.271,0.556,0.422,0.556,0.255,0.422,0.271,0.255,0.923,0.556,0.053,0.711,0.556,0.255,0.121,0.053,0.962,0.053,0.722,0.963,0.082,0.257,0.508,0.257,0.247,0.26,0.26,0.26,0.344,0.508,0.247,0.508,0.082,0.344,0.523,0.837,0.523,0.082,0.082,0.082,0.98,0.418,0.492,0.765,0.105,0.172,0.142,0.105,0.644,0.418,0.178,0.923,0.854,0.178,0.142,0.825,0.775,0.146,0.418,0.491,0.751,0.878,0.142,0.178,0.477,0.142,0.142,0.806,0.132,0.147,0.221,0.132,0.132,0.44,0.987,0.302,0.302,0.398,0.457,0.766,0.865,0.747,0.995,0.182,0.242,0.111,0.824,0.766,0.986,0.889,0.221,0.941,0.794,0.455,0.525,0.088,0.455,0.278,0.959,0.105,0.957,0.518,0.372,0.261,0.072,0.478,0.067,0.261,0.378,0.498,0.63,0.812,0.378,0.12,0.378,0.261,0.664,0.693,0.629,0.792,0.105,0.234,0.126,0.683,0.23,0.736,0.332,0.72,0.334,0.091,0.14,0.118,0.131,0.318,0.311,0.199
0.19,0.19,0.198,0.198,0.472,0.999,0.208,0.206,0.996,0.109,0.206,0.235,0.125,0.472,0.235,0.206,0.125,0.472,0.982,0.125,0.174,0.159,0.174,0.145,0.125,0.208,0.145,0.206,0.225,0.109,0.225,0.159,0.062,0.143,0.209,0.143,0.229,0.209,0.062,0.229,0.432,0.143,0.178,0.219,0.143,0.229,0.901,0.178,0.034,0.178,0.993,0.312,0.669,0.1,0.461,0.1,0.102,0.406,0.406,0.406,0.104,0.461,0.102,0.461,0.669,0.104,0.169,0.031,0.169,0.979,0.979,0.979,0.364,0.295,0.177,0.629,0.562,0.108,0.626,0.562,0.386,0.295,0.258,0.502,0.03,0.258,0.626,0.606,0.392,0.104,0.295,0.171,0.605,0.523,0.875,0.258,0.4,0.875,0.875,0.59,0.863,0.033,0.098,0.863,0.863,0.087,0.657,0.285,0.285,0.299,0.383,0.327,0.176,0.385,0.479,0.121,0.072,0.028,0.187,0.327,0.678,0.198,0.065,0.161,0.396,0.307,0.113,0.534,0.307,0.375,0.139,0.027,0.143,0.451,0.076,0.286,0.654,0.338,0.566,0.286,0.305,0.065,0.145,0.68,0.305,0.057,0.305,0.286,0.151,0.867,0.85,0.706,0.906,0.059,0.797,0.147,0.706,0.742,0.519,0.838,0.513,0.884,0.802,0.787,0.843,0.587,0.617,0.764
0.644,0.644,0.567,0.567,0.501,0.245,0.736,0.715,0.247,0.469,0.715,0.742,0.64,0.501,0.742,0.715,0.64,0.501,0.072,0.64,0.86,0.512,0.86,0.628,0.64,0.736,0.628,0.715,0.677,0.469,0.677,0.512,0.804,0.697,0.67,0.697,0.893,0.67,0.804,0.893,0.311,0.697,0.86,0.472,0.697,0.893,0.348,0.86,0.778,0.86,0.228,0.309,0.247,0.796,0.29,0.796,0.802,0.551,0.551,0.551,0.555,0.29,0.802,0.29,0.247,0.555,0.624,0.693,0.624,0.282,0.282,0.282,0.309,0.826,0.545,0.161,0.011,0.629,0.01,0.011,0.25,0.826,0.295,0.241,0.67,0.295,0.01,0.155,0.25,0.596,0.826,0.561,0.164,0.243,0.057,0.295,0.07,0.057,0.057,0.157,0.055,0.038,0.605,0.055,0.055,0.84,0.127,0.38,0.38,0.364,0.138,0.398,0.075,0.409,0.221,0.544,0.962,0.035,0.073,0.398,0.13,0.074,0.951,0.126,0.243,0.377,0.738,0.007,0.377,0.258,0.095,0.26,0.102,0.174,0.764,0.043,0.021,0.374,0.012,0.043,0.049,0.911,0.707,0.266,0.049,0.772,0.049,0.043,0.707,0.456,0.457,0.534,0.063,0.698,0.149,0.661,0.216,0.453,0.297,0.419,0.299,0.067,0.126,0.14,0.148,0.366,0.395,0.28
0.595,0.595,0.569,0.569,0.448,0.885,0.514,0.423,0.876,0.543,0.423,0.526,0.357,0.448,0.526,0.423,0.357,0.448,0.191,0.357,0.514,0.616,0.514,0.4,0.357,0.514,0.4,0.423,0.462,0.543,0.462,0.616,0.16,0.288,0.326,0.288,0.115,0.326,0.16,0.115,0.65,0.288,0.281,0.199,0.288,0.115,0.314,0.281,0.259,0.281,0.703,0.656,0.745,0.263,0.156,0.263,0.269,0.373,0.373,0.373,0.335,0.156,0.269,0.156,0.745,0.335,0.297,0.205,0.297,0.657,0.657,0.657,0.743,0.417,0.148,0.829,0.675,0.34,0.549,0.675,0.485,0.417,0.821,0.79,0.218,0.821,0.549,0.845,0.427,0.27,0.417,0.211,0.824,0.789,0.675,0.821,0.122,0.675,0.675,0.844,0.585,0.673,0.326,0.585,0.585,0.432,0.914,0.464,0.464,0.372,0.587,0.497,0.725,0.432,0.888,0.316,0.356,0.784,0.738,0.497,0.908,0.744,0.356,0.599,0.467,0.179,0.485,0.799,0.179,0.719,0.635,0.71,0.599,0.554,0.443,0.646,0.851,0.121,0.926,0.646,0.482,0.407,0.138,0.637,0.482,0.398,0.482,0.646,0.144,0.84,0.718,0.9,0.491,0.389,0.299,0.145,0.389,0.869,0.381,0.653,0.367,0.47,0.34,0.305,0.357,0.443,0.448,0.366
0.244,0.244,0.233,0.233,0.065,0.952,0.238,0.159,0.947,0.148,0.159,0.21,0.172,0.065,0.21,0.159,0.172,0.065,0.558,0.172,0.215,0.197,0.215,0.212,0.172,0.238,0.212,0.159,0.209,0.148,0.209,0.197,0.053,0.117,0.212,0.117,0.129,0.212,0.053,0.129,0.271,0.117,0.091,0.686,0.117,0.129,0.346,0.091,0.061,0.091,0.935,0.272,0.045,0.088,0.083,0.088,0.092,0.048,0.048,0.048,0.097,0.083,0.092,0.083,0.045,0.097,0.191,0.069,0.191,0.177,0.177,0.177,0.332,0.167,0.656,0.931,0.07,0.32,0.081,0.07,0.272,0.167,0.127,0.946,0.071,0.127,0.081,0.924,0.277,0.261,0.167,0.603,0.927,0.941,0.274,0.127,0.141,0.274,0.274,0.921,0.287,0.157,0.298,0.287,0.287,0.161,0.851,0.231,0.231,0.209,0.611,0.241,0.717,0.137,0.92,0.278,0.667,0.153,0.611,0.241,0.813,0.585,0.713,0.647,0.287,0.364,0.411,0.12,0.364,0.49,0.788,0.094,0.78,0.764,0.541,0.19,0.1,0.319,0.152,0.19,0.192,0.553,0.5,0.092,0.192,0.364,0.192,0.19,0.507,0.12,0.09,0.103,0.309,0.424,0.261,0.579,0.374,0.107,0.432,0.094,0.462,0.318,0.273,0.227,0.231,0.405,0.387,0.434
0.036,0.036,0.035,0.035,0.272,0.957,0.023,0.026,0.957,0.031,0.026,0.022,0.027,0.272,0.022,0.026,0.027,0.272,0.909,0.027,0.072,0.03,0.072,0.025,0.027,0.023,0.025,0.026,0.025,0.031,0.025,0.03,0.024,0.037,0.072,0.037,0.811,0.072,0.024,0.811,0.114,0.037,0.763,0.378,0.037,0.811,0.802,0.763,0.307,0.763,0.96,0.108,0.695,0.028,0.696,0.028,0.029,0.674,0.674,0.674,0.034,0.696,0.029,0.696,0.695,0.034,0.039,0.452,0.039,0.734,0.734,0.734,0.129,0.256,0.336,0.068,0.77,0.542,0.744,0.77,0.09,0.256,0.802,0.076,0.362,0.802,0.744,0.072,0.091,0.686,0.256,0.298,0.074,0.07,0.655,0.802,0.522,0.655,0.655,0.078,0.623,0.702,0.472,0.623,0.623,0.692,0.1,0.971,0.971,0.949,0.971,0.504,0.719,0.689,0.155,0.553,0.344,0.725,0.513,0.504,0.101,0.571,0.385,0.755,0.17,0.977,0.714,0.74,0.977,0.421,0.671,0.678,0.698,0.965,0.543,0.856,0.716,0.977,0.295,0.856,0.837,0.595,0.89,0.19,0.837,0.519,0.837,0.856,0.921,0.369,0.314,0.582,0.554,0.503,0.826,0.908,0.398,0.665,0.506,0.339,0.477,0.625,0.828,0.819,0.815,0.627,0.648,0.407
0.861,0.861,0.844,0.844,0.874,0.152,0.691,0.879,0.146,0.98,0.879,0.726,0.879,0.874,0.726,0.879,0.879,0.874,0.582,0.879,0.801,0.985,0.801,0.865,0.879,0.691,0.865,0.879,0.865,0.98,0.865,0.985,0.811,0.939,0.649,0.939,0.911,0.649,0.811,0.911,0.687,0.939,0.967,0.82,0.939,0.911,0.564,0.967,0.745,0.967,0.223,0.556,0.843,0.788,0.88,0.788,0.801,0.916,0.916,0.916,0.989,0.88,0.801,0.88,0.843,0.989,0.934,0.577,0.934,0.527,0.527,0.527,0.394,0.899,0.909,0.743,0.732,0.533,0.678,0.732,0.316,0.899,0.854,0.728,0.59,0.854,0.678,0.733,0.362,0.459,0.899,0.899,0.74,0.726,0.618,0.854,0.416,0.618,0.618,0.777,0.642,0.732,0.534,0.642,0.642,0.604,0.731,0.747,0.747,0.863,0.556,0.45,0.468,0.412,0.653,0.438,0.961,0.742,0.501,0.45,0.68,0.509,0.883,0.561,0.242,0.685,0.376,0.739,0.685,0.397,0.63,0.911,0.631,0.547,0.731,0.82,0.669,0.65,0.41,0.82,0.796,0.976,0.8,0.302,0.796,0.855,0.796,0.82,0.768,0.157,0.13,0.156,0.074,0.904,0.073,0.771,0.059,0.163,0.155,0.152,0.132,0.066,0.076,0.08,0.074,0.036,0.042,0.011
0.194,0.194,0.156,0.156,0.434,0.578,0.883,0.826,0.645,0.59,0.826,0.879,0.796,0.434,0.879,0.826,0.796,0.434,0.764,0.796,0.39,0.65,0.39,0.702,0.796,0.883,0.702,0.826,0.839,0.59,0.839,0.65,0.428,0.882,0.961,0.882,0.328,0.961,0.428,0.328,0.305,0.882,0.386,0.018,0.882,0.328,0.887,0.386,0.003,0.386,0.62,0.339,0.414,0.44,0.114,0.44,0.417,0.187,0.187,0.187,0.779,0.114,0.417,0.114,0.414,0.779,0.902,0.003,0.902,0.552,0.552,0.552,0.368,0.398,0.004,0.439,0.388,0.009,0.376,0.388,0.285,0.398,0.194,0.27,0.003,0.194,0.376,0.342,0.288,0.006,0.398,0.005,0.418,0.277,0.443,0.194,0.453,0.443,0.443,0.338,0.39,0.06,0.009,0.39,0.39,0.005,0.284,0.373,0.373,0.519,0.698,0.708,0.488,0.489,0.227,0.008,0.016,0.072,0.52,0.708,0.271,0.533,0.016,0.272,0.27,0.369,0.003,0.413,0.369,0.255,0.262,0.099,0.283,0.668,0.004,0.128,0.432,0.527,0.42,0.128,0.116,0.008,0.196,0.673,0.116,0.009,0.116,0.128,0.193,0.506,0.358,0.367,0.606,0.007,0.576,0.21,0.146,0.402,0.212,0.352,0.179,0.61,0.588,0.575,0.582,0.208,0.227,0.449
0.908,0.908,0.875,0.875,0.852,0.596,0.502,0.442,0.465,0.822,0.442,0.611,0.405,0.852,0.611,0.442,0.405,0.852,0.454,0.405,0.708,0.867,0.708,0.346,0.405,0.502,0.346,0.442,0.403,0.822,0.403,0.867,0.917,0.404,0.496,0.404,0.972,0.496,0.917,0.972,0.513,0.404,0.943,0.634,0.404,0.972,0.437,0.943,0.772,0.943,0.118,0.454,0.851,0.933,0.938,0.933,0.933,0.89,0.89,0.89,0.874,0.938,0.933,0.938,0.851,0.874,0.35,0.639,0.35,0.763,0.763,0.763,0.415,0.871,0.358,0.913,0.72,0.405,0.711,0.72,0.253,0.871,0.901,0.818,0.797,0.901,0.711,0.916,0.353,0.475,0.871,0.306,0.921,0.816,0.763,0.901,0.309,0.763,0.763,0.927,0.821,0.806,0.48,0.821,0.821,0.518,0.948,0.146,0.146,0.131,0.244,0.367,0.919,0.308,0.828,0.536,0.588,0.826,0.923,0.367,0.937,0.92,0.548,0.79,0.264,0.166,0.374,0.784,0.166,0.455,0.803,0.883,0.8,0.166,0.743,0.753,0.75,0.137,0.792,0.753,0.726,0.508,0.747,0.623,0.726,0.511,0.726,0.753,0.796,0.911,0.526,0.744,0.047,0.453,0.049,0.82,0.032,0.775,0.075,0.587,0.052,0.036,0.055,0.06,0.067,0.057,0.091,0.035
0.997,0.997,0.983,0.983,0.573,0.718,0.966,0.973,0.724,0.855,0.973,0.989,0.926,0.573,0.989,0.973,0.926,0.573,0.403,0.926,0.975,0.902,0.975,0.936,0.926,0.966,0.936,0.973,0.972,0.855,0.972,0.902,0.479,0.878,0.946,0.878,0.824,0.946,0.479,0.824,0.813,0.878,0.668,0.935,0.878,0.824,0.402,0.668,0.762,0.668,0.727,0.727,0.664,0.568,0.721,0.568,0.555,0.517,0.517,0.517,0.775,0.721,0.555,0.721,0.664,0.775,0.923,0.507,0.923,0.773,0.773,0.773,0.621,0.565,0.819,0.864,0.691,0.862,0.701,0.691,0.933,0.565,0.736,0.904,0.49,0.736,0.701,0.857,0.929,0.903,0.565,0.775,0.874,0.914,0.768,0.736,0.63,0.768,0.768,0.871,0.767,0.718,0.83,0.767,0.767,0.944,0.813,0.96,0.96,0.942,0.444,0.528,0.781,0.611,0.882,0.843,0.657,0.707,0.816,0.528,0.8,0.819,0.745,0.888,0.915,0.982,0.924,0.108,0.982,0.865,0.825,0.696,0.912,0.411,0.515,0.671,0.157,0.966,0.159,0.671,0.778,0.592,0.176,0.872,0.778,0.752,0.778,0.671,0.18,0.893,0.711,0.874,0.277,0.707,0.209,0.18,0.472,0.857,0.615,0.719,0.519,0.266,0.211,0.321,0.292,0.353,0.416,0.371
0.416,0.416,0.358,0.358,0.502,0.683,0.186,0.128,0.701,0.966,0.128,0.251,0.099,0.502,0.251,0.128,0.099,0.502,0.037,0.099,0.399,0.975,0.399,0.104,0.099,0.186,0.104,0.128,0.151,0.966,0.151,0.975,0.968,0.255,0.287,0.255,0.146,0.287,0.968,0.146,0.681,0.255,0.169,0.248,0.255,0.146,0.096,0.169,0.083,0.169,0.612,0.56,0.718,0.946,0.176,0.946,0.965,0.216,0.216,0.216,0.983,0.176,0.965,0.176,0.718,0.983,0.233,0.095,0.233,0.595,0.595,0.595,0.941,0.647,0.215,0.39,0.843,0.089,0.855,0.843,0.555,0.647,0.188,0.51,0.084,0.188,0.855,0.418,0.549,0.131,0.647,0.213,0.391,0.503,0.388,0.188,0.527,0.388,0.388,0.413,0.427,0.691,0.091,0.427,0.427,0.119,0.472,0.262,0.262,0.264,0.549,0.718,0.838,0.702,0.651,0.124,0.021,0.751,0.875,0.718,0.447,0.888,0.027,0.95,0.529,0.219,0.161,0.702,0.219,0.859,0.946,0.746,0.95,0.68,0.034,0.103,0.657,0.252,0.419,0.103,0.073,0.036,0.439,0.59,0.073,0.025,0.073,0.103,0.421,0.563,0.656,0.43,0.506,0.021,0.38,0.427,0.444,0.489,0.55,0.605,0.51,0.509,0.397,0.433,0.422,0.452,0.498,0.374
0.722,0.722,0.646,0.646,0.512,0.019,0.548,0.62,0.016,0.451,0.62,0.579,0.578,0.512,0.579,0.62,0.578,0.512,0.443,0.578,0.825,0.507,0.825,0.636,0.578,0.548,0.636,0.62,0.652,0.451,0.652,0.507,0.354,0.747,0.692,0.747,0.84,0.692,0.354,0.84,0.147,0.747,0.608,0.615,0.747,0.84,0.291,0.608,0.771,0.608,0.014,0.175,0.278,0.426,0.805,0.426,0.424,0.475,0.475,0.475,0.548,0.805,0.424,0.805,0.278,0.548,0.73,0.815,0.73,0.411,0.411,0.411,0.236,0.682,0.775,0.624,0.446,0.682,0.455,0.446,0.143,0.682,0.627,0.151,0.718,0.627,0.455,0.663,0.145,0.537,0.682,0.755,0.642,0.155,0.495,0.627,0.659,0.495,0.495,0.67,0.462,0.638,0.652,0.462,0.462,0.719,0.736,0.925,0.925,0.925,0.982,0.906,0.234,0.876,0.129,0.514,0.953,0.614,0.265,0.906,0.74,0.276,0.962,0.364,0.145,0.996,0.775,0.248,0.996,0.908,0.509,0.543,0.423,0.987,0.788,0.633,0.292,0.996,0.315,0.633,0.683,0.98,0.021,0.769,0.683,0.766,0.683,0.633,0.021,0.836,0.637,0.557,0.492,0.731,0.568,0.046,0.678,0.488,0.875,0.533,0.898,0.565,0.485,0.632,0.606,0.69,0.726,0.681
0.616,0.616,0.59,0.59,0.233,0.817,0.521,0.882,0.879,0.562,0.882,0.591,0.829,0.233,0.591,0.882,0.829,0.233,0.098,0.829,0.579,0.584,0.579,0.834,0.829,0.521,0.834,0.882,0.863,0.562,0.863,0.584,0.597,0.9,0.525,0.9,0.214,0.525,0.597,0.214,0.345,0.9,0.155,0.228,0.9,0.214,0.224,0.155,0.004,0.155,0.829,0.304,0.165,0.519,0.497,0.519,0.517,0.453,0.453,0.453,0.72,0.497,0.517,0.497,0.165,0.72,0.916,0.013,0.916,0.1,0.1,0.1,0.484,0.132,0.213,0.254,0.334,0.141,0.283,0.334,0.465,0.132,0.209,0.283,0.014,0.209,0.283,0.233,0.395,0.111,0.132,0.237,0.253,0.315,0.247,0.209,0.886,0.247,0.247,0.232,0.232,0.302,0.134,0.232,0.232,0.036,0.223,0.381,0.381,0.415,0.56,0.442,0.274,0.393,0.259,0.137,0.27,0.346,0.229,0.442,0.22,0.227,0.203,0.235,0.374,0.354,0.037,0.13,0.354,0.869,0.212,0.114,0.217,0.557,0.074,0.401,0.128,0.405,0.147,0.401,0.326,0.123,0.143,0.618,0.326,0.196,0.326,0.401,0.145,0.774,0.709,0.841,0.232,0.139,0.215,0.152,0.658,0.832,0.452,0.681,0.463,0.222,0.205,0.234,0.255,0.374,0.403,0.658
0.98,0.98,0.957,0.957,0.015,0.088,0.942,0.898,0.081,0.832,0.898,0.951,0.916,0.015,0.951,0.898,0.916,0.015,0.34,0.916,0.937,0.86,0.937,0.87,0.916,0.942,0.87,0.898,0.878,0.832,0.878,0.86,0.722,0.833,0.852,0.833,0.135,0.852,0.722,0.135,0.491,0.833,0.521,0.96,0.833,0.135,0.672,0.521,0.983,0.521,0.127,0.524,0.179,0.837,0.189,0.837,0.847,0.51,0.51,0.51,0.806,0.189,0.847,0.189,0.179,0.806,0.857,1.0,0.857,0.315,0.315,0.315,0.48,0.102,0.975,0.41,0.807,0.999,0.801,0.807,0.78,0.102,0.247,0.568,1.0,0.247,0.801,0.451,0.784,0.991,0.102,0.999,0.457,0.529,0.656,0.247,0.918,0.656,0.656,0.489,0.793,0.855,0.999,0.793,0.793,0.988,0.449,0.882,0.882,0.929,0.238,0.138,0.344,0.166,0.595,0.984,0.95,0.869,0.416,0.138,0.448,0.506,0.917,0.481,0.748,0.759,0.994,0.76,0.759,0.026,0.425,0.258,0.374,0.406,0.936,0.628,0.663,0.811,0.703,0.628,0.62,0.918,0.671,0.493,0.62,0.957,0.62,0.628,0.652,0.612,0.618,0.628,0.83,0.918,0.852,0.557,0.465,0.628,0.409,0.669,0.429,0.738,0.925,0.736,0.836,0.568,0.508,0.517
0.122,0.122,0.099,0.099,0.242,0.641,0.141,0.189,0.644,0.208,0.189,0.171,0.182,0.242,0.171,0.189,0.182,0.242,0.008,0.182,0.062,0.231,0.062,0.16,0.182,0.141,0.16,0.189,0.187,0.208,0.187,0.231,0.185,0.15,0.092,0.15,0.173,0.092,0.185,0.173,0.635,0.15,0.167,0.398,0.15,0.173,0.009,0.167,0.798,0.167,0.621,0.501,0.238,0.169,0.268,0.169,0.163,0.228,0.228,0.228,0.216,0.268,0.163,0.268,0.238,0.216,0.144,0.722,0.144,0.889,0.889,0.889,0.62,0.166,0.442,0.463,0.335,0.612,0.308,0.335,0.521,0.166,0.048,0.45,0.684,0.048,0.308,0.468,0.487,0.637,0.166,0.383,0.46,0.449,0.872,0.048,0.026,0.872,0.872,0.464,0.854,0.028,0.575,0.854,0.854,0.636,0.549,0.01,0.01,0.008,0.026,0.029,0.75,0.022,0.514,0.565,0.552,0.03,0.801,0.029,0.548,0.791,0.607,0.511,0.593,0.01,0.551,0.177,0.01,0.051,0.611,0.035,0.607,0.024,0.696,0.071,0.109,0.012,0.186,0.071,0.064,0.776,0.36,0.121,0.064,0.791,0.064,0.071,0.356,0.1,0.144,0.099,0.304,0.742,0.372,0.339,0.412,0.099,0.549,0.148,0.567,0.317,0.352,0.275,0.266,0.781,0.696,0.638
0.114,0.114,0.144,0.144,0.677,0.481,0.121,0.078,0.488,0.07,0.078,0.1,0.083,0.677,0.1,0.078,0.083,0.677,0.352,0.083,0.229,0.07,0.229,0.074,0.083,0.121,0.074,0.078,0.069,0.07,0.069,0.07,0.376,0.045,0.065,0.045,0.204,0.065,0.376,0.204,0.952,0.045,0.036,0.44,0.045,0.204,0.157,0.036,0.513,0.036,0.438,0.877,0.075,0.413,0.444,0.413,0.395,0.119,0.119,0.119,0.035,0.444,0.395,0.444,0.075,0.035,0.053,0.499,0.053,0.056,0.056,0.056,0.945,0.83,0.458,0.683,0.176,0.688,0.178,0.176,0.871,0.83,0.117,0.767,0.485,0.117,0.178,0.632,0.781,0.653,0.83,0.351,0.671,0.793,0.029,0.117,0.733,0.029,0.029,0.602,0.013,0.256,0.687,0.013,0.013,0.646,0.677,0.467,0.467,0.489,0.646,0.929,0.546,0.951,0.786,0.686,0.354,0.295,0.607,0.929,0.662,0.575,0.271,0.473,0.878,0.444,0.723,0.184,0.444,0.892,0.492,0.106,0.447,0.867,0.59,0.353,0.11,0.425,0.175,0.353,0.489,0.483,0.501,0.1,0.489,0.528,0.489,0.353,0.543,0.101,0.1,0.092,0.273,0.543,0.31,0.606,0.577,0.09,0.621,0.1,0.688,0.258,0.306,0.243,0.243,0.614,0.581,0.65
0.428,0.428,0.508,0.508,0.043,0.009,0.419,0.344,0.008,0.275,0.344,0.396,0.345,0.043,0.396,0.344,0.345,0.043,0.057,0.345,0.524,0.286,0.524,0.369,0.345,0.419,0.369,0.344,0.359,0.275,0.359,0.286,0.233,0.357,0.411,0.357,0.1,0.411,0.233,0.1,0.018,0.357,0.065,0.73,0.357,0.1,0.071,0.065,0.957,0.065,0.003,0.016,0.79,0.255,0.145,0.255,0.253,0.133,0.133,0.133,0.315,0.145,0.253,0.145,0.79,0.315,0.401,0.987,0.401,0.673,0.673,0.673,0.004,0.32,0.701,0.064,0.561,0.208,0.693,0.561,0.031,0.32,0.174,0.021,0.984,0.174,0.693,0.049,0.03,0.169,0.32,0.706,0.056,0.038,0.814,0.174,0.876,0.814,0.814,0.049,0.899,0.815,0.179,0.899,0.899,0.174,0.034,0.099,0.099,0.182,0.432,0.526,0.348,0.53,0.028,0.146,0.36,0.712,0.337,0.526,0.033,0.325,0.351,0.302,0.021,0.48,0.185,0.516,0.48,0.516,0.285,0.888,0.281,0.497,0.211,0.318,0.643,0.629,0.701,0.318,0.312,0.332,0.853,0.424,0.312,0.283,0.312,0.318,0.855,0.684,0.438,0.471,0.514,0.282,0.438,0.856,0.573,0.486,0.643,0.274,0.593,0.494,0.447,0.448,0.434,0.688,0.71,0.614
0.115,0.115,0.164,0.164,0.54,0.575,0.51,0.405,0.591,0.442,0.405,0.535,0.375,0.54,0.535,0.405,0.375,0.54,0.739,0.375,0.141,0.484,0.141,0.385,0.375,0.51,0.385,0.405,0.41,0.442,0.41,0.484,0.392,0.39,0.542,0.39,0.96,0.542,0.392,0.96,0.698,0.39,0.987,0.308,0.39,0.96,0.949,0.987,0.145,0.987,0.591,0.675,0.892,0.365,0.889,0.365,0.363,0.962,0.962,0.962,0.538,0.889,0.363,0.889,0.892,0.538,0.405,0.163,0.405,0.82,0.82,0.82,0.932,0.796,0.411,0.872,0.995,0.407,0.995,0.995,0.846,0.796,0.858,0.943,0.223,0.858,0.995,0.877,0.818,0.435,0.796,0.558,0.871,0.937,0.891,0.858,0.749,0.891,0.891,0.882,0.945,0.985,0.474,0.945,0.945,0.245,0.885,1.0,1.0,0.997,1.0,0.96,0.656,0.966,0.942,0.479,0.645,0.977,0.588,0.96,0.875,0.608,0.621,0.847,0.837,1.0,0.215,0.232,1.0,0.995,0.756,0.9,0.809,0.978,0.329,0.863,0.143,0.945,0.181,0.863,0.855,0.518,0.724,0.388,0.855,0.64,0.855,0.863,0.722,0.499,0.568,0.584,0.226,0.621,0.264,0.717,0.28,0.622,0.341,0.575,0.352,0.23,0.248,0.224,0.217,0.493,0.483,0.347
0.16,0.16,0.168,0.168,0.085,0.461,0.225,0.154,0.377,0.171,0.154,0.208,0.232,0.085,0.208,0.154,0.232,0.085,0.675,0.232,0.049,0.113,0.049,0.194,0.232,0.225,0.194,0.154,0.129,0.171,0.129,0.113,0.26,0.1,0.051,0.1,0.391,0.051,0.26,0.391,0.52,0.1,0.412,0.371,0.1,0.391,0.749,0.412,0.443,0.412,0.465,0.787,0.266,0.279,0.478,0.279,0.293,0.457,0.457,0.457,0.092,0.478,0.293,0.478,0.266,0.092,0.107,0.415,0.107,0.144,0.144,0.144,0.706,0.024,0.435,0.33,0.349,0.737,0.224,0.349,0.477,0.024,0.395,0.425,0.385,0.395,0.224,0.363,0.58,0.735,0.024,0.407,0.336,0.383,0.141,0.395,0.108,0.141,0.141,0.362,0.182,0.308,0.718,0.182,0.182,0.356,0.385,0.601,0.601,0.598,0.271,0.159,0.401,0.234,0.471,0.693,0.687,0.407,0.411,0.159,0.388,0.39,0.632,0.735,0.612,0.549,0.34,0.095,0.549,0.413,0.745,0.144,0.724,0.241,0.532,0.507,0.082,0.548,0.112,0.507,0.362,0.723,0.487,0.055,0.362,0.87,0.362,0.507,0.448,0.051,0.041,0.035,0.144,0.882,0.122,0.428,0.175,0.03,0.181,0.042,0.187,0.137,0.11,0.088,0.09,0.207,0.177,0.218
0.126,0.126,0.114,0.114,0.701,0.81,0.108,0.104,0.755,0.05,0.104,0.144,0.084,0.701,0.144,0.104,0.084,0.701,0.214,0.084,0.219,0.057,0.219,0.075,0.084,0.108,0.075,0.104,0.099,0.05,0.099,0.057,0.89,0.162,0.226,0.162,0.268,0.226,0.89,0.268,0.588,0.162,0.149,0.93,0.162,0.268,0.218,0.149,0.933,0.149,0.64,0.635,0.622,0.873,0.309,0.873,0.874,0.184,0.184,0.184,0.069,0.309,0.874,0.309,0.622,0.069,0.15,0.908,0.15,0.337,0.337,0.337,0.693,0.816,0.939,0.342,0.104,0.934,0.17,0.104,0.527,0.816,0.847,0.427,0.859,0.847,0.17,0.349,0.525,0.897,0.816,0.934,0.366,0.43,0.116,0.847,0.652,0.116,0.116,0.374,0.137,0.374,0.952,0.137,0.137,0.936,0.309,0.26,0.26,0.318,0.222,0.767,0.114,0.837,0.405,0.919,0.66,0.32,0.13,0.767,0.328,0.137,0.718,0.106,0.537,0.31,0.888,0.434,0.31,0.911,0.131,0.81,0.128,0.205,0.833,0.31,0.55,0.364,0.641,0.31,0.404,0.305,0.981,0.216,0.404,0.916,0.404,0.31,0.969,0.201,0.175,0.172,0.585,0.834,0.358,0.945,0.532,0.179,0.395,0.187,0.419,0.492,0.314,0.37,0.327,0.409,0.373,0.758
1.0,1.0,1.0,1.0,0.433,0.14,0.999,0.993,0.144,0.883,0.993,1.0,0.976,0.433,1.0,0.993,0.976,0.433,0.599,0.976,1.0,0.924,1.0,0.984,0.976,0.999,0.984,0.993,0.997,0.883,0.997,0.924,0.47,0.999,1.0,0.999,0.723,1.0,0.47,0.723,0.073,0.999,0.727,0.987,0.999,0.723,0.537,0.727,0.918,0.727,0.081,0.079,0.557,0.569,0.646,0.569,0.552,0.617,0.617,0.617,0.94,0.646,0.552,0.646,0.557,0.94,0.996,0.984,0.996,0.351,0.351,0.351,0.125,0.25,0.977,0.423,0.48,0.97,0.535,0.48,0.075,0.25,0.482,0.083,0.962,0.482,0.535,0.392,0.073,0.989,0.25,0.95,0.36,0.086,0.401,0.482,0.041,0.401,0.401,0.352,0.423,0.505,0.97,0.423,0.423,0.842,0.329,0.703,0.703,0.61,0.299,0.605,0.402,0.704,0.089,0.992,0.996,0.408,0.375,0.605,0.383,0.395,0.995,0.486,0.093,0.684,0.904,0.964,0.684,0.711,0.606,0.639,0.628,0.449,0.93,0.469,0.765,0.801,0.869,0.469,0.417,0.989,0.056,0.875,0.417,0.966,0.417,0.469,0.054,0.879,0.563,0.784,0.961,0.956,0.995,0.074,0.967,0.891,0.979,0.831,0.996,0.979,0.989,0.952,0.963,0.996,0.996,0.999
0.275,0.275,0.214,0.214,0.096,0.839,0.88,0.901,0.847,0.91,0.901,0.947,0.915,0.096,0.947,0.901,0.915,0.096,0.544,0.915,0.301,0.947,0.301,0.909,0.915,0.88,0.909,0.901,0.928,0.91,0.928,0.947,0.951,0.927,0.888,0.927,0.262,0.888,0.951,0.262,0.099,0.927,0.256,0.927,0.927,0.262,0.501,0.256,0.945,0.256,0.735,0.101,0.526,0.954,0.395,0.954,0.972,0.113,0.113,0.113,0.972,0.395,0.972,0.395,0.526,0.972,0.935,0.978,0.935,0.25,0.25,0.25,0.119,0.111,0.908,0.163,0.392,0.798,0.359,0.392,0.298,0.111,0.212,0.261,0.953,0.212,0.359,0.162,0.295,0.929,0.111,0.895,0.165,0.26,0.186,0.212,0.215,0.186,0.186,0.164,0.164,0.289,0.725,0.164,0.164,0.881,0.151,0.575,0.575,0.55,0.146,0.424,0.224,0.424,0.233,0.905,0.219,0.319,0.321,0.424,0.145,0.308,0.237,0.22,0.271,0.516,0.922,0.635,0.516,0.438,0.326,0.436,0.313,0.21,0.424,0.39,0.636,0.495,0.636,0.39,0.511,0.215,0.266,0.848,0.511,0.318,0.511,0.39,0.257,0.872,0.884,0.903,0.931,0.296,0.928,0.286,0.991,0.904,0.788,0.871,0.777,0.957,0.92,0.934,0.908,0.896,0.881,0.969
0.149,0.149,0.186,0.186,0.525,0.569,0.604,0.567,0.544,0.648,0.567,0.63,0.546,0.525,0.63,0.567,0.546,0.525,0.046,0.546,0.227,0.685,0.227,0.604,0.546,0.604,0.604,0.567,0.605,0.648,0.605,0.685,0.41,0.764,0.783,0.764,0.332,0.783,0.41,0.332,0.383,0.764,0.29,0.119,0.764,0.332,0.213,0.29,0.541,0.29,0.648,0.417,0.626,0.385,0.591,0.385,0.388,0.524,0.524,0.524,0.824,0.591,0.388,0.591,0.626,0.824,0.797,0.594,0.797,0.689,0.689,0.689,0.266,0.379,0.146,0.282,0.659,0.485,0.628,0.659,0.46,0.379,0.871,0.375,0.571,0.871,0.628,0.279,0.588,0.448,0.379,0.143,0.243,0.388,0.802,0.871,0.064,0.802,0.802,0.242,0.781,0.712,0.462,0.781,0.781,0.391,0.295,0.591,0.591,0.722,0.661,0.583,0.626,0.645,0.397,0.496,0.522,0.731,0.688,0.583,0.275,0.666,0.382,0.655,0.578,0.586,0.386,0.812,0.586,0.862,0.638,0.811,0.625,0.592,0.257,0.77,0.701,0.721,0.854,0.77,0.858,0.243,0.915,0.739,0.858,0.261,0.858,0.77,0.865,0.903,0.512,0.912,0.94,0.248,0.846,0.784,0.099,0.854,0.176,0.579,0.184,0.908,0.87,0.832,0.864,0.26,0.279,0.093
0.887,0.887,0.767,0.767,0.644,0.873,0.78,0.852,0.88,0.747,0.852,0.805,0.843,0.644,0.805,0.852,0.843,0.644,0.38,0.843,0.791,0.758,0.791,0.794,0.843,0.78,0.794,0.852,0.848,0.747,0.848,0.758,0.288,0.829,0.701,0.829,0.142,0.701,0.288,0.142,0.668,0.829,0.104,0.936,0.829,0.142,0.333,0.104,0.304,0.104,0.857,0.61,0.039,0.341,0.306,0.341,0.358,0.27,0.27,0.27,0.673,0.306,0.358,0.306,0.039,0.673,0.847,0.377,0.847,0.091,0.091,0.091,0.543,0.539,0.964,0.359,0.004,0.859,0.002,0.004,0.566,0.539,0.092,0.395,0.235,0.092,0.002,0.31,0.478,0.798,0.539,0.931,0.337,0.454,0.046,0.092,0.503,0.046,0.046,0.301,0.059,0.039,0.773,0.059,0.059,0.806,0.339,0.221,0.221,0.145,0.417,0.475,0.09,0.484,0.505,0.827,0.584,0.045,0.11,0.475,0.306,0.11,0.684,0.026,0.6,0.342,0.742,0.205,0.342,0.466,0.027,0.088,0.024,0.463,0.786,0.046,0.291,0.208,0.157,0.046,0.035,0.843,0.162,0.831,0.035,0.583,0.035,0.046,0.157,0.479,0.689,0.529,0.23,0.582,0.222,0.149,0.691,0.511,0.768,0.804,0.783,0.225,0.214,0.228,0.211,0.466,0.49,0.553
0.981,0.981,0.993,0.993,0.154,0.734,0.893,0.862,0.716,0.691,0.862,0.922,0.864,0.154,0.922,0.862,0.864,0.154,0.044,0.864,0.981,0.825,0.981,0.829,0.864,0.893,0.829,0.862,0.881,0.691,0.881,0.825,0.988,0.902,0.949,0.902,0.056,0.949,0.988,0.056,0.118,0.902,0.018,0.4,0.902,0.056,0.011,0.018,0.008,0.018,0.587,0.133,0.153,0.963,0.038,0.963,0.953,0.012,0.012,0.012,0.78,0.038,0.953,0.038,0.153,0.78,0.877,0.007,0.877,0.032,0.032,0.032,0.105,0.304,0.479,0.413,0.169,0.035,0.133,0.169,0.076,0.304,0.088,0.081,0.007,0.088,0.133,0.406,0.08,0.037,0.304,0.52,0.402,0.078,0.167,0.088,0.508,0.167,0.167,0.4,0.267,0.015,0.028,0.267,0.267,0.028,0.34,0.005,0.005,0.003,0.081,0.457,0.659,0.42,0.043,0.033,0.066,0.027,0.574,0.457,0.332,0.546,0.071,0.752,0.049,0.037,0.04,0.298,0.037,0.437,0.578,0.009,0.565,0.094,0.093,0.002,0.321,0.019,0.623,0.002,0.002,0.079,0.05,0.158,0.002,0.062,0.002,0.002,0.053,0.42,0.131,0.314,0.498,0.051,0.355,0.049,0.592,0.331,0.612,0.139,0.6,0.462,0.347,0.36,0.367,0.465,0.463,0.452
0.718,0.718,0.722,0.722,0.293,0.224,0.739,0.594,0.224,0.479,0.594,0.799,0.553,0.293,0.799,0.594,0.553,0.293,0.077,0.553,0.958,0.528,0.958,0.542,0.553,0.739,0.542,0.594,0.588,0.479,0.588,0.528,0.868,0.544,0.762,0.544,0.251,0.762,0.868,0.251,0.993,0.544,0.247,0.353,0.544,0.251,0.073,0.247,0.414,0.247,0.307,0.97,0.517,0.747,0.201,0.747,0.755,0.292,0.292,0.292,0.523,0.201,0.755,0.201,0.517,0.523,0.555,0.491,0.555,0.355,0.355,0.355,0.899,0.416,0.417,0.656,0.53,0.73,0.417,0.53,0.897,0.416,0.592,0.812,0.48,0.592,0.417,0.674,0.905,0.707,0.416,0.405,0.645,0.799,0.391,0.592,0.002,0.391,0.391,0.665,0.433,0.558,0.745,0.433,0.433,0.372,0.625,0.525,0.525,0.497,0.462,0.264,0.609,0.228,0.825,0.725,0.831,0.537,0.722,0.264,0.61,0.706,0.674,0.396,0.885,0.524,0.417,0.349,0.524,0.035,0.469,0.624,0.465,0.314,0.478,0.423,0.384,0.614,0.427,0.423,0.533,0.881,0.712,0.231,0.533,0.678,0.533,0.423,0.734,0.238,0.283,0.419,0.588,0.647,0.683,0.77,0.35,0.356,0.276,0.333,0.272,0.593,0.638,0.669,0.654,0.105,0.171,0.251
0.775,0.775,0.815,0.815,0.934,0.659,0.697,0.548,0.603,0.536,0.548,0.656,0.542,0.934,0.656,0.548,0.542,0.934,0.249,0.542,0.575,0.544,0.575,0.554,0.542,0.697,0.554,0.548,0.442,0.536,0.442,0.544,0.371,0.461,0.47,0.461,0.182,0.47,0.371,0.182,0.31,0.461,0.06,0.698,0.461,0.182,0.053,0.06,0.62,0.06,0.224,0.269,0.454,0.33,0.354,0.33,0.327,0.174,0.174,0.174,0.467,0.354,0.327,0.354,0.454,0.467,0.426,0.401,0.426,0.837,0.837,0.837,0.412,0.869,0.695,0.266,0.583,0.221,0.577,0.583,0.366,0.869,0.397,0.307,0.404,0.397,0.577,0.249,0.313,0.208,0.869,0.69,0.261,0.297,0.751,0.397,0.998,0.751,0.751,0.26,0.785,0.377,0.153,0.785,0.785,0.181,0.272,0.651,0.651,0.672,0.892,0.898,0.335,0.924,0.331,0.176,0.462,0.386,0.334,0.898,0.283,0.351,0.466,0.373,0.351,0.705,0.192,0.312,0.705,0.996,0.418,0.312,0.445,0.903,0.281,0.674,0.311,0.712,0.271,0.674,0.667,0.606,0.869,0.391,0.667,0.293,0.667,0.674,0.87,0.622,0.205,0.567,0.227,0.261,0.208,0.776,0.232,0.529,0.041,0.219,0.047,0.221,0.219,0.191,0.2,0.04,0.037,0.158
0.65,0.65,0.64,0.64,0.156,0.162,0.766,0.691,0.215,0.471,0.691,0.788,0.634,0.156,0.788,0.691,0.634,0.156,0.548,0.634,0.703,0.543,0.703,0.673,0.634,0.766,0.673,0.691,0.7,0.471,0.7,0.543,0.295,0.733,0.82,0.733,0.541,0.82,0.295,0.541,0.33,0.733,0.528,0.59,0.733,0.541,0.553,0.528,0.733,0.528,0.15,0.214,0.424,0.295,0.515,0.295,0.32,0.445,0.445,0.445,0.613,0.515,0.32,0.515,0.424,0.613,0.728,0.626,0.728,0.685,0.685,0.685,0.252,0.273,0.519,0.646,0.351,0.821,0.335,0.351,0.252,0.273,0.113,0.463,0.582,0.113,0.335,0.627,0.221,0.866,0.273,0.523,0.636,0.498,0.696,0.113,0.148,0.696,0.696,0.632,0.725,0.482,0.788,0.725,0.725,0.926,0.712,0.309,0.309,0.313,0.524,0.179,0.507,0.146,0.476,0.726,0.879,0.494,0.447,0.179,0.7,0.419,0.887,0.496,0.252,0.291,0.836,0.422,0.291,0.196,0.594,0.539,0.58,0.503,0.867,0.119,0.371,0.302,0.627,0.119,0.115,0.663,0.184,0.751,0.115,0.886,0.115,0.119,0.176,0.965,0.81,0.946,0.008,0.709,0.014,0.176,0.011,0.974,0.012,0.626,0.012,0.013,0.012,0.014,0.013,0.018,0.021,0.012
0.329,0.329,0.351,0.351,0.887,0.805,0.277,0.287,0.813,0.25,0.287,0.268,0.285,0.887,0.268,0.287,0.285,0.887,0.335,0.285,0.331,0.253,0.331,0.296,0.285,0.277,0.296,0.287,0.288,0.25,0.288,0.253,0.092,0.257,0.305,0.257,0.822,0.305,0.092,0.822,0.587,0.257,0.644,0.06,0.257,0.822,0.293,0.644,0.327,0.644,0.808,0.595,0.952,0.115,0.755,0.115,0.115,0.637,0.637,0.637,0.225,0.755,0.115,0.755,0.952,0.225,0.263,0.351,0.263,0.871,0.871,0.871,0.451,0.883,0.064,0.279,0.5,0.063,0.724,0.5,0.473,0.883,0.976,0.421,0.419,0.976,0.724,0.281,0.449,0.061,0.883,0.067,0.272,0.424,0.813,0.976,0.347,0.813,0.813,0.276,0.851,0.594,0.074,0.851,0.851,0.093,0.288,0.128,0.128,0.114,0.551,0.47,0.918,0.443,0.388,0.07,0.109,0.446,0.859,0.47,0.287,0.863,0.111,0.883,0.381,0.1,0.06,0.724,0.1,0.69,0.877,0.979,0.884,0.444,0.189,0.653,0.764,0.09,0.624,0.653,0.801,0.095,0.276,0.662,0.801,0.207,0.801,0.653,0.278,0.851,0.675,0.941,0.373,0.2,0.369,0.291,0.811,0.942,0.587,0.718,0.74,0.456,0.392,0.467,0.531,0.843,0.856,0.868
0.667,0.667,0.807,0.807,0.719,0.121,0.765,0.484,0.121,0.44,0.484,0.673,0.559,0.719,0.673,0.484,0.559,0.719,0.933,0.559,0.754,0.369,0.754,0.617,0.559,0.765,0.617,0.484,0.532,0.44,0.532,0.369,0.485,0.565,0.817,0.565,0.652,0.817,0.485,0.652,0.381,0.565,0.814,0.645,0.565,0.652,0.878,0.814,0.469,0.814,0.1,0.31,0.328,0.431,0.421,0.431,0.418,0.759,0.759,0.759,0.366,0.421,0.418,0.421,0.328,0.366,0.638,0.522,0.638,0.51,0.51,0.51,0.293,0.666,0.525,0.246,0.309,0.509,0.367,0.309,0.372,0.666,0.607,0.28,0.699,0.607,0.367,0.248,0.371,0.515,0.666,0.531,0.247,0.285,0.723,0.607,0.782,0.723,0.723,0.248,0.506,0.351,0.444,0.506,0.506,0.697,0.298,0.964,0.964,0.948,0.906,0.831,0.11,0.795,0.346,0.486,0.7,0.523,0.122,0.831,0.28,0.117,0.741,0.155,0.438,0.979,0.609,0.393,0.979,0.623,0.138,0.621,0.121,0.907,0.718,0.321,0.418,0.992,0.533,0.321,0.488,0.492,0.108,0.721,0.488,0.529,0.488,0.321,0.106,0.589,0.645,0.619,0.622,0.533,0.484,0.106,0.63,0.617,0.533,0.641,0.592,0.613,0.544,0.507,0.559,0.668,0.664,0.537
0.393,0.393,0.287,0.287,0.986,0.497,0.962,0.93,0.473,0.896,0.93,0.968,0.928,0.986,0.968,0.93,0.928,0.986,0.968,0.928,0.409,0.89,0.409,0.787,0.928,0.962,0.787,0.93,0.858,0.896,0.858,0.89,0.702,0.86,0.907,0.86,0.991,0.907,0.702,0.991,0.402,0.86,0.981,0.039,0.86,0.991,0.977,0.981,0.07,0.981,0.561,0.429,0.98,0.668,0.971,0.668,0.682,0.965,0.965,0.965,0.933,0.971,0.682,0.971,0.98,0.933,0.856,0.096,0.856,0.981,0.981,0.981,0.355,0.998,0.039,0.516,0.98,0.419,0.969,0.98,0.646,0.998,0.973,0.702,0.085,0.973,0.969,0.56,0.668,0.324,0.998,0.036,0.513,0.678,0.928,0.973,0.277,0.928,0.928,0.55,0.975,0.859,0.356,0.975,0.975,0.163,0.56,0.943,0.943,0.977,0.889,0.981,0.146,0.985,0.686,0.266,0.273,0.792,0.132,0.981,0.566,0.14,0.293,0.14,0.7,0.958,0.193,0.577,0.958,0.797,0.156,0.988,0.158,0.919,0.124,0.747,0.592,0.995,0.47,0.747,0.828,0.168,0.607,0.905,0.828,0.273,0.828,0.747,0.606,0.973,0.756,0.901,0.244,0.23,0.277,0.658,0.038,0.9,0.072,0.712,0.066,0.256,0.288,0.274,0.27,0.101,0.126,0.153
0.946,0.946,0.934,0.934,0.53,0.907,0.986,0.966,0.897,0.84,0.966,0.986,0.952,0.53,0.986,0.966,0.952,0.53,0.749,0.952,0.931,0.857,0.931,0.934,0.952,0.986,0.934,0.966,0.966,0.84,0.966,0.857,0.899,0.92,0.959,0.92,0.386,0.959,0.899,0.386,0.596,0.92,0.465,0.113,0.92,0.386,0.434,0.465,0.917,0.465,0.871,0.629,0.712,0.871,0.286,0.871,0.845,0.222,0.222,0.222,0.86,0.286,0.845,0.286,0.712,0.86,0.93,0.889,0.93,0.977,0.977,0.977,0.561,0.253,0.11,0.332,0.66,0.415,0.685,0.66,0.337,0.253,0.219,0.355,0.85,0.219,0.685,0.346,0.339,0.551,0.253,0.106,0.314,0.336,0.911,0.219,0.99,0.911,0.911,0.331,0.92,0.035,0.377,0.92,0.92,0.484,0.383,0.516,0.516,0.441,0.583,0.566,0.148,0.681,0.413,0.499,0.798,0.033,0.127,0.566,0.378,0.096,0.799,0.171,0.382,0.519,0.5,0.148,0.519,0.803,0.167,0.06,0.139,0.797,0.62,0.169,0.149,0.467,0.17,0.169,0.164,0.957,0.18,0.545,0.164,0.603,0.164,0.169,0.177,0.426,0.587,0.611,0.243,0.52,0.229,0.203,0.925,0.607,0.925,0.558,0.933,0.25,0.234,0.252,0.25,0.552,0.553,0.527
0.783,0.783,0.724,0.724,0.971,0.485,0.469,0.67,0.44,0.989,0.67,0.498,0.668,0.971,0.498,0.67,0.668,0.971,0.859,0.668,0.573,0.977,0.573,0.623,0.668,0.469,0.623,0.67,0.573,0.989,0.573,0.977,0.961,0.693,0.466,0.693,0.984,0.466,0.961,0.984,0.644,0.693,0.92,0.161,0.693,0.984,0.913,0.92,0.314,0.92,0.265,0.573,0.65,0.961,0.972,0.961,0.974,0.98,0.98,0.98,0.959,0.972,0.974,0.972,0.65,0.959,0.664,0.268,0.664,0.462,0.462,0.462,0.408,0.972,0.153,0.432,0.8,0.8,0.835,0.8,0.573,0.972,0.721,0.637,0.268,0.721,0.835,0.5,0.601,0.879,0.972,0.153,0.434,0.595,0.714,0.721,0.842,0.714,0.714,0.498,0.749,0.659,0.819,0.749,0.749,0.744,0.351,0.182,0.182,0.129,0.156,0.043,0.324,0.077,0.61,0.818,0.964,0.629,0.32,0.043,0.355,0.33,0.972,0.385,0.556,0.206,0.773,0.942,0.206,0.246,0.349,0.647,0.333,0.186,0.613,0.577,0.925,0.168,0.956,0.577,0.516,0.688,0.537,0.657,0.516,0.699,0.516,0.577,0.546,0.641,0.734,0.502,0.598,0.618,0.495,0.595,0.877,0.48,0.649,0.699,0.629,0.638,0.419,0.561,0.46,0.799,0.82,0.901
0.737,0.737,0.811,0.811,0.568,0.623,0.793,0.687,0.609,0.76,0.687,0.747,0.776,0.568,0.747,0.687,0.776,0.568,0.42,0.776,0.702,0.642,0.702,0.826,0.776,0.793,0.826,0.687,0.615,0.76,0.615,0.642,0.814,0.511,0.471,0.511,0.26,0.471,0.814,0.26,0.051,0.511,0.592,0.71,0.511,0.26,0.505,0.592,0.931,0.592,0.393,0.052,0.849,0.572,0.385,0.572,0.558,0.652,0.652,0.652,0.683,0.385,0.558,0.385,0.849,0.683,0.513,0.951,0.513,0.604,0.604,0.604,0.049,0.52,0.565,0.03,0.489,0.213,0.561,0.489,0.04,0.52,0.874,0.038,0.957,0.874,0.561,0.031,0.039,0.1,0.52,0.623,0.025,0.032,0.53,0.874,0.528,0.53,0.53,0.029,0.566,0.579,0.247,0.566,0.566,0.307,0.018,0.229,0.229,0.268,0.143,0.353,0.928,0.204,0.033,0.132,0.134,0.55,0.896,0.353,0.021,0.898,0.144,0.833,0.037,0.184,0.177,0.524,0.184,0.306,0.854,0.782,0.7,0.107,0.106,0.801,0.488,0.232,0.554,0.801,0.767,0.138,0.702,0.142,0.767,0.123,0.767,0.801,0.717,0.168,0.154,0.219,0.449,0.119,0.447,0.62,0.431,0.188,0.56,0.143,0.577,0.434,0.39,0.43,0.37,0.722,0.725,0.648
0.529,0.529,0.609,0.609,0.776,0.003,0.602,0.678,0.005,0.565,0.678,0.634,0.667,0.776,0.634,0.678,0.667,0.776,0.435,0.667,0.493,0.632,0.493,0.631,0.667,0.602,0.631,0.678,0.67,0.565,0.67,0.632,0.246,0.585,0.559,0.585,0.292,0.559,0.246,0.292,0.021,0.585,0.332,0.948,0.585,0.292,0.591,0.332,0.921,0.332,0.005,0.02,0.706,0.352,0.304,0.352,0.343,0.482,0.482,0.482,0.565,0.304,0.343,0.304,0.706,0.565,0.6,0.959,0.6,0.54,0.54,0.54,0.009,0.691,0.956,0.034,0.518,0.324,0.504,0.518,0.026,0.691,0.504,0.018,0.959,0.504,0.504,0.034,0.015,0.442,0.691,0.959,0.032,0.023,0.353,0.504,0.862,0.353,0.353,0.033,0.438,0.198,0.325,0.438,0.438,0.275,0.02,0.003,0.003,0.006,0.003,0.034,0.317,0.033,0.015,0.422,0.682,0.196,0.348,0.034,0.019,0.326,0.637,0.34,0.02,0.006,0.306,0.861,0.006,0.05,0.319,0.338,0.329,0.003,0.545,0.338,0.832,0.007,0.688,0.338,0.324,0.622,0.561,0.741,0.324,0.637,0.324,0.338,0.623,0.869,0.895,0.809,0.889,0.657,0.843,0.721,0.694,0.817,0.579,0.889,0.571,0.863,0.854,0.771,0.797,0.398,0.389,0.702
0.059,0.059,0.06,0.06,0.461,0.546,0.053,0.29,0.458,0.259,0.29,0.049,0.28,0.461,0.049,0.29,0.28,0.461,0.236,0.28,0.076,0.273,0.076,0.269,0.28,0.053,0.269,0.29,0.281,0.259,0.281,0.273,0.173,0.334,0.048,0.334,0.883,0.048,0.173,0.883,0.082,0.334,0.847,0.556,0.334,0.883,0.357,0.847,0.58,0.847,0.377,0.076,0.492,0.179,0.558,0.179,0.176,0.627,0.627,0.627,0.323,0.558,0.176,0.558,0.492,0.323,0.34,0.288,0.34,0.924,0.924,0.924,0.089,0.589,0.639,0.139,0.637,0.861,0.71,0.637,0.165,0.589,0.632,0.182,0.318,0.632,0.71,0.131,0.171,0.808,0.589,0.629,0.134,0.181,0.916,0.632,0.228,0.916,0.916,0.132,0.915,0.775,0.887,0.915,0.915,0.924,0.132,0.688,0.688,0.708,0.67,0.083,0.514,0.138,0.176,0.783,0.037,0.747,0.626,0.083,0.133,0.628,0.034,0.667,0.155,0.624,0.927,0.862,0.624,0.088,0.562,0.586,0.536,0.66,0.044,0.585,0.757,0.623,0.828,0.585,0.721,0.028,0.491,0.611,0.721,0.038,0.721,0.585,0.496,0.59,0.488,0.403,0.238,0.036,0.163,0.547,0.579,0.364,0.187,0.525,0.199,0.244,0.153,0.154,0.135,0.249,0.245,0.382
0.819,0.819,0.651,0.651,0.278,0.124,0.622,0.994,0.119,0.999,0.994,0.765,0.989,0.278,0.765,0.994,0.989,0.278,0.347,0.989,0.683,0.997,0.683,0.979,0.989,0.622,0.979,0.994,0.946,0.999,0.946,0.997,0.934,0.985,0.763,0.985,0.559,0.763,0.934,0.559,0.309,0.985,0.497,0.679,0.985,0.559,0.532,0.497,0.76,0.497,0.111,0.303,0.942,0.951,0.598,0.951,0.937,0.54,0.54,0.54,0.997,0.598,0.937,0.598,0.942,0.997,0.981,0.766,0.981,0.8,0.8,0.8,0.247,0.384,0.666,0.287,0.696,0.838,0.81,0.696,0.506,0.384,0.855,0.37,0.754,0.855,0.81,0.306,0.491,0.727,0.384,0.645,0.303,0.369,0.746,0.855,0.068,0.746,0.746,0.302,0.773,0.661,0.818,0.773,0.773,0.418,0.328,0.41,0.41,0.404,0.777,0.645,0.91,0.686,0.451,0.749,0.432,0.588,0.901,0.645,0.335,0.903,0.403,0.91,0.567,0.418,0.3,0.546,0.418,0.586,0.901,0.857,0.905,0.519,0.482,0.74,0.608,0.422,0.692,0.74,0.851,0.582,0.758,0.686,0.851,0.359,0.851,0.74,0.799,0.577,0.619,0.573,0.744,0.381,0.487,0.578,0.685,0.689,0.817,0.647,0.817,0.696,0.486,0.524,0.518,0.991,0.987,0.379
0.355,0.355,0.407,0.407,0.087,0.96,0.283,0.217,0.964,0.19,0.217,0.239,0.242,0.087,0.239,0.217,0.242,0.087,0.299,0.242,0.199,0.194,0.199,0.267,0.242,0.283,0.267,0.217,0.231,0.19,0.231,0.194,0.08,0.173,0.19,0.173,0.139,0.19,0.08,0.139,0.753,0.173,0.134,0.023,0.173,0.139,0.301,0.134,0.158,0.134,0.95,0.729,0.034,0.101,0.215,0.101,0.106,0.152,0.152,0.152,0.157,0.215,0.106,0.215,0.034,0.157,0.213,0.192,0.213,0.245,0.245,0.245,0.664,0.065,0.027,0.561,0.195,0.426,0.179,0.195,0.383,0.065,0.034,0.3,0.184,0.034,0.179,0.552,0.361,0.52,0.065,0.024,0.546,0.305,0.556,0.034,0.397,0.556,0.556,0.537,0.708,0.184,0.487,0.708,0.708,0.539,0.574,0.026,0.026,0.023,0.14,0.048,0.07,0.048,0.292,0.543,0.693,0.204,0.072,0.048,0.573,0.071,0.665,0.116,0.336,0.024,0.539,0.419,0.024,0.191,0.08,0.179,0.072,0.124,0.675,0.099,0.424,0.023,0.298,0.099,0.088,0.773,0.828,0.153,0.088,0.706,0.088,0.099,0.828,0.19,0.197,0.24,0.489,0.683,0.556,0.809,0.521,0.248,0.606,0.186,0.603,0.437,0.651,0.663,0.698,0.447,0.446,0.454
0.969,0.969,0.969,0.969,0.288,0.771,1.0,0.944,0.84,0.823,0.944,0.993,0.997,0.288,0.993,0.944,0.997,0.288,0.338,0.997,0.908,0.683,0.908,0.992,0.997,1.0,0.992,0.944,0.923,0.823,0.923,0.683,0.946,0.934,0.976,0.934,0.706,0.976,0.946,0.706,0.67,0.934,0.634,0.173,0.934,0.706,0.145,0.634,0.432,0.634,0.881,0.617,0.91,0.786,0.593,0.786,0.785,0.509,0.509,0.509,0.702,0.593,0.785,0.593,0.91,0.702,0.918,0.273,0.918,0.68,0.68,0.68,0.461,0.617,0.209,0.693,0.961,0.201,0.975,0.961,0.268,0.617,0.686,0.252,0.278,0.686,0.975,0.709,0.265,0.199,0.617,0.19,0.691,0.252,0.826,0.686,0.12,0.826,0.826,0.673,0.855,0.937,0.183,0.855,0.855,0.238,0.686,0.764,0.764,0.882,0.687,0.855,0.855,0.807,0.272,0.202,0.1,0.93,0.892,0.855,0.664,0.885,0.091,0.855,0.355,0.86,0.21,0.11,0.86,0.583,0.867,0.948,0.885,0.897,0.162,0.594,0.267,0.947,0.163,0.594,0.592,0.112,0.111,0.718,0.592,0.099,0.592,0.594,0.11,0.844,0.838,0.818,0.26,0.094,0.319,0.11,0.562,0.829,0.827,0.789,0.812,0.262,0.305,0.471,0.421,0.575,0.687,0.383
0.62,0.62,0.543,0.543,0.842,0.078,0.428,0.324,0.091,0.235,0.324,0.412,0.309,0.842,0.412,0.324,0.309,0.842,0.283,0.309,0.704,0.241,0.704,0.315,0.309,0.428,0.315,0.324,0.334,0.235,0.334,0.241,0.691,0.375,0.504,0.375,0.373,0.504,0.691,0.373,0.371,0.375,0.349,0.856,0.375,0.373,0.325,0.349,0.644,0.349,0.116,0.457,0.158,0.481,0.212,0.481,0.551,0.18,0.18,0.18,0.242,0.212,0.551,0.212,0.158,0.242,0.356,0.708,0.356,0.265,0.265,0.265,0.356,0.892,0.85,0.483,0.075,0.683,0.109,0.075,0.493,0.892,0.359,0.402,0.657,0.359,0.109,0.458,0.52,0.573,0.892,0.844,0.487,0.386,0.108,0.359,0.77,0.108,0.108,0.435,0.113,0.123,0.564,0.113,0.113,0.799,0.553,0.672,0.672,0.535,0.699,0.927,0.2,0.934,0.43,0.505,0.894,0.156,0.246,0.927,0.524,0.245,0.829,0.258,0.49,0.855,0.831,0.338,0.855,0.953,0.35,0.231,0.339,0.84,0.827,0.453,0.259,0.658,0.361,0.453,0.392,0.934,0.043,0.378,0.392,0.861,0.392,0.453,0.034,0.204,0.245,0.178,0.621,0.549,0.585,0.026,0.76,0.187,0.868,0.259,0.87,0.596,0.556,0.536,0.484,0.859,0.841,0.818
0.629,0.629,0.563,0.563,0.68,0.372,0.389,0.504,0.396,0.66,0.504,0.382,0.501,0.68,0.382,0.504,0.501,0.68,0.339,0.501,0.724,0.702,0.724,0.567,0.501,0.389,0.567,0.504,0.572,0.66,0.572,0.702,0.609,0.666,0.475,0.666,0.284,0.475,0.609,0.284,0.058,0.666,0.366,0.318,0.666,0.284,0.647,0.366,0.468,0.366,0.254,0.066,0.065,0.599,0.127,0.599,0.608,0.087,0.087,0.087,0.864,0.127,0.608,0.127,0.065,0.864,0.741,0.315,0.741,0.098,0.098,0.098,0.067,0.282,0.528,0.837,0.396,0.163,0.304,0.396,0.125,0.282,0.065,0.12,0.43,0.065,0.304,0.84,0.136,0.231,0.282,0.521,0.842,0.11,0.397,0.065,0.275,0.397,0.397,0.845,0.258,0.387,0.186,0.258,0.258,0.603,0.679,0.404,0.404,0.418,0.188,0.302,0.325,0.217,0.106,0.221,0.431,0.417,0.367,0.302,0.722,0.411,0.302,0.315,0.104,0.331,0.658,0.723,0.331,0.132,0.466,0.095,0.476,0.095,0.702,0.285,0.687,0.373,0.958,0.285,0.288,0.668,0.034,0.682,0.288,0.308,0.288,0.285,0.035,0.716,0.793,0.791,0.418,0.207,0.293,0.042,0.723,0.831,0.545,0.807,0.572,0.441,0.313,0.3,0.312,0.858,0.766,0.743
0.353,0.353,0.308,0.308,0.038,0.494,0.888,0.982,0.438,0.912,0.982,0.886,0.988,0.038,0.886,0.982,0.988,0.038,0.652,0.988,0.316,0.81,0.316,0.986,0.988,0.888,0.986,0.982,0.957,0.912,0.957,0.81,0.726,0.975,0.935,0.975,0.757,0.935,0.726,0.757,0.796,0.975,0.889,0.694,0.975,0.757,0.855,0.889,0.626,0.889,0.518,0.83,0.47,0.635,0.82,0.635,0.675,0.878,0.878,0.878,0.836,0.82,0.675,0.82,0.47,0.836,0.983,0.611,0.983,0.435,0.435,0.435,0.905,0.035,0.727,0.692,0.925,0.044,0.933,0.925,0.744,0.035,0.664,0.658,0.611,0.664,0.933,0.685,0.74,0.04,0.035,0.685,0.699,0.661,0.689,0.664,0.53,0.689,0.689,0.676,0.699,0.923,0.04,0.699,0.699,0.037,0.622,0.993,0.993,0.988,0.945,0.152,0.19,0.142,0.609,0.039,0.197,0.903,0.175,0.152,0.624,0.173,0.217,0.205,0.75,0.97,0.033,0.469,0.97,0.024,0.226,0.531,0.229,0.941,0.259,0.969,0.484,0.936,0.384,0.969,0.98,0.425,0.313,0.352,0.98,0.116,0.98,0.969,0.29,0.704,0.322,0.541,0.427,0.117,0.419,0.261,0.703,0.554,0.672,0.47,0.695,0.403,0.431,0.415,0.439,0.557,0.565,0.601
0.557,0.557,0.531,0.531,0.202,0.354,0.361,0.318,0.334,0.215,0.318,0.42,0.287,0.202,0.42,0.318,0.287,0.202,0.717,0.287,0.638,0.234,0.638,0.278,0.287,0.361,0.278,0.318,0.297,0.215,0.297,0.234,0.229,0.456,0.589,0.456,0.217,0.589,0.229,0.217,0.455,0.456,0.128,0.934,0.456,0.217,0.653,0.128,0.932,0.128,0.34,0.471,0.029,0.215,0.238,0.215,0.215,0.175,0.175,0.175,0.277,0.238,0.215,0.238,0.029,0.277,0.372,0.382,0.372,0.004,0.004,0.004,0.34,0.11,0.796,0.721,0.08,0.766,0.059,0.08,0.261,0.11,0.141,0.875,0.393,0.141,0.059,0.783,0.205,0.712,0.11,0.786,0.739,0.838,0.017,0.141,0.811,0.017,0.017,0.773,0.014,0.131,0.817,0.014,0.014,0.931,0.64,0.556,0.556,0.637,0.048,0.1,0.304,0.1,0.741,0.776,0.582,0.146,0.377,0.1,0.621,0.367,0.517,0.124,0.204,0.625,0.913,0.376,0.625,0.134,0.15,0.12,0.145,0.072,0.992,0.227,0.542,0.665,0.6,0.227,0.218,0.977,0.699,0.8,0.218,0.728,0.218,0.227,0.691,0.789,0.813,0.756,0.029,0.775,0.067,0.755,0.024,0.715,0.084,0.716,0.06,0.037,0.065,0.05,0.052,0.094,0.084,0.024
0.596,0.596,0.574,0.574,0.802,0.118,0.461,0.422,0.108,0.492,0.422,0.493,0.378,0.802,0.493,0.422,0.378,0.802,0.387,0.378,0.624,0.523,0.624,0.532,0.378,0.461,0.532,0.422,0.599,0.492,0.599,0.523,0.56,0.415,0.61,0.415,0.617,0.61,0.56,0.617,0.348,0.415,0.576,0.289,0.415,0.617,0.353,0.576,0.844,0.576,0.11,0.332,0.203,0.493,0.716,0.493,0.489,0.655,0.655,0.655,0.525,0.716,0.489,0.716,0.203,0.525,0.562,0.485,0.562,0.484,0.484,0.484,0.224,0.707,0.388,0.375,0.475,0.68,0.333,0.475,0.494,0.707,0.191,0.46,0.561,0.191,0.333,0.368,0.469,0.697,0.707,0.564,0.375,0.475,0.658,0.191,0.366,0.658,0.658,0.365,0.572,0.397,0.683,0.572,0.572,0.775,0.409,0.522,0.522,0.474,0.214,0.784,0.615,0.713,0.453,0.824,0.633,0.456,0.642,0.784,0.414,0.651,0.661,0.598,0.536,0.513,0.729,0.219,0.513,0.37,0.588,0.287,0.602,0.231,0.821,0.414,0.197,0.487,0.231,0.414,0.3,0.614,0.088,0.316,0.3,0.668,0.3,0.414,0.087,0.11,0.232,0.114,0.426,0.836,0.414,0.087,0.849,0.138,0.766,0.22,0.767,0.466,0.425,0.431,0.426,0.715,0.783,0.766
0.785,0.785,0.7,0.7,0.213,0.851,0.475,0.688,0.857,0.522,0.688,0.529,0.611,0.213,0.529,0.688,0.611,0.213,0.724,0.611,0.553,0.601,0.553,0.819,0.611,0.475,0.819,0.688,0.807,0.522,0.807,0.601,0.677,0.665,0.493,0.665,0.882,0.493,0.677,0.882,0.929,0.665,0.695,0.699,0.665,0.882,0.478,0.695,0.069,0.695,0.813,0.931,0.044,0.622,0.921,0.622,0.635,0.777,0.777,0.777,0.57,0.921,0.635,0.921,0.044,0.57,0.828,0.051,0.828,0.014,0.014,0.014,0.826,0.604,0.837,0.626,0.467,0.171,0.552,0.467,0.889,0.604,0.599,0.742,0.044,0.599,0.552,0.611,0.867,0.173,0.604,0.916,0.624,0.767,0.062,0.599,0.648,0.062,0.062,0.615,0.1,0.496,0.195,0.1,0.1,0.206,0.486,0.872,0.872,0.848,0.7,0.854,0.461,0.89,0.624,0.19,0.156,0.603,0.283,0.854,0.527,0.299,0.208,0.674,0.807,0.952,0.204,0.123,0.952,0.349,0.4,0.098,0.419,0.81,0.277,0.774,0.117,0.949,0.08,0.774,0.671,0.204,0.441,0.027,0.671,0.278,0.671,0.774,0.458,0.033,0.03,0.042,0.171,0.308,0.175,0.417,0.325,0.041,0.275,0.035,0.3,0.173,0.177,0.179,0.182,0.327,0.374,0.384
0.403,0.403,0.412,0.412,0.96,0.069,0.431,0.371,0.074,0.305,0.371,0.451,0.363,0.96,0.451,0.371,0.363,0.96,0.535,0.363,0.511,0.37,0.511,0.359,0.363,0.431,0.359,0.371,0.389,0.305,0.389,0.37,0.221,0.447,0.516,0.447,0.844,0.516,0.221,0.844,0.064,0.447,0.931,0.889,0.447,0.844,0.534,0.931,0.622,0.931,0.053,0.117,0.899,0.231,0.915,0.231,0.239,0.951,0.951,0.951,0.42,0.915,0.239,0.915,0.899,0.42,0.448,0.616,0.448,0.688,0.688,0.688,0.172,0.915,0.889,0.228,0.9,0.84,0.905,0.9,0.048,0.915,0.849,0.06,0.574,0.849,0.905,0.243,0.045,0.627,0.915,0.923,0.234,0.061,0.832,0.849,0.741,0.832,0.832,0.229,0.825,0.917,0.866,0.825,0.825,0.889,0.305,0.523,0.523,0.32,0.324,0.521,0.851,0.486,0.09,0.634,0.514,0.934,0.797,0.521,0.246,0.817,0.502,0.962,0.074,0.502,0.772,0.612,0.502,0.394,0.892,0.94,0.917,0.33,0.748,0.586,0.463,0.31,0.846,0.586,0.576,0.71,0.029,0.704,0.576,0.854,0.576,0.586,0.027,0.714,0.301,0.424,0.938,0.847,0.888,0.028,0.949,0.373,0.856,0.364,0.806,0.946,0.838,0.812,0.774,0.919,0.906,0.907
0.654,0.654,0.76,0.76,0.875,0.141,0.86,0.856,0.158,0.439,0.856,0.865,0.834,0.875,0.865,0.856,0.834,0.875,0.256,0.834,0.812,0.545,0.812,0.785,0.834,0.86,0.785,0.856,0.83,0.439,0.83,0.545,0.548,0.759,0.882,0.759,0.225,0.882,0.548,0.225,0.191,0.759,0.151,0.467,0.759,0.225,0.155,0.151,0.302,0.151,0.067,0.176,0.335,0.541,0.073,0.541,0.545,0.057,0.057,0.057,0.587,0.073,0.545,0.073,0.335,0.587,0.777,0.451,0.777,0.2,0.2,0.2,0.305,0.86,0.532,0.753,0.182,0.476,0.143,0.182,0.15,0.86,0.151,0.161,0.416,0.151,0.143,0.776,0.148,0.506,0.86,0.515,0.791,0.154,0.131,0.151,0.699,0.131,0.131,0.811,0.122,0.29,0.412,0.122,0.122,0.62,0.841,0.725,0.725,0.689,0.667,0.985,0.66,0.956,0.149,0.67,0.656,0.307,0.624,0.985,0.877,0.658,0.644,0.466,0.167,0.814,0.71,0.779,0.814,0.831,0.531,0.398,0.545,0.467,0.94,0.149,0.752,0.526,0.907,0.149,0.197,0.909,0.036,0.857,0.197,0.734,0.197,0.149,0.044,0.805,0.777,0.693,0.822,0.792,0.858,0.02,0.733,0.685,0.792,0.776,0.824,0.876,0.792,0.781,0.779,0.665,0.655,0.495
0.681,0.681,0.573,0.573,0.061,0.384,0.654,0.701,0.421,0.58,0.701,0.766,0.7,0.061,0.766,0.701,0.7,0.061,0.445,0.7,0.635,0.666,0.635,0.7,0.7,0.654,0.7,0.701,0.712,0.58,0.712,0.666,0.388,0.634,0.721,0.634,0.288,0.721,0.388,0.288,0.197,0.634,0.325,0.864,0.634,0.288,0.396,0.325,0.174,0.325,0.462,0.184,0.181,0.382,0.371,0.382,0.376,0.454,0.454,0.454,0.561,0.371,0.376,0.371,0.181,0.561,0.578,0.206,0.578,0.185,0.185,0.185,0.138,0.136,0.902,0.153,0.183,0.091,0.153,0.183,0.228,0.136,0.374,0.217,0.201,0.374,0.153,0.143,0.217,0.079,0.136,0.889,0.149,0.229,0.225,0.374,0.717,0.225,0.225,0.143,0.225,0.263,0.088,0.225,0.225,0.095,0.126,0.548,0.548,0.508,0.542,0.448,0.594,0.252,0.193,0.065,0.095,0.279,0.605,0.448,0.126,0.606,0.105,0.797,0.201,0.522,0.141,0.242,0.522,0.631,0.841,0.291,0.84,0.614,0.134,0.476,0.189,0.468,0.309,0.476,0.504,0.122,0.622,0.151,0.504,0.096,0.504,0.476,0.627,0.13,0.115,0.112,0.303,0.089,0.25,0.666,0.304,0.112,0.369,0.113,0.366,0.329,0.249,0.229,0.233,0.123,0.178,0.172
0.339,0.339,0.338,0.338,0.681,0.414,0.274,0.261,0.356,0.302,0.261,0.289,0.238,0.681,0.289,0.261,0.238,0.681,0.63,0.238,0.559,0.33,0.559,0.247,0.238,0.274,0.247,0.261,0.267,0.302,0.267,0.33,0.258,0.316,0.419,0.316,0.121,0.419,0.258,0.121,0.552,0.316,0.129,0.77,0.316,0.121,0.811,0.129,0.941,0.129,0.545,0.758,0.327,0.244,0.123,0.244,0.24,0.111,0.111,0.111,0.397,0.123,0.24,0.123,0.327,0.397,0.309,0.964,0.309,0.178,0.178,0.178,0.834,0.471,0.944,0.37,0.069,0.972,0.107,0.069,0.668,0.471,0.413,0.529,0.968,0.413,0.107,0.385,0.667,0.907,0.471,0.868,0.372,0.521,0.036,0.413,0.486,0.036,0.036,0.395,0.073,0.329,0.972,0.073,0.073,0.964,0.594,0.625,0.625,0.476,0.868,0.508,0.881,0.425,0.755,0.917,0.571,0.186,0.884,0.508,0.594,0.855,0.622,0.662,0.716,0.53,0.969,0.734,0.53,0.402,0.534,0.564,0.564,0.633,0.877,0.26,0.626,0.401,0.629,0.26,0.34,0.529,0.706,0.671,0.34,0.545,0.34,0.26,0.741,0.799,0.598,0.778,0.796,0.77,0.722,0.758,0.726,0.807,0.43,0.628,0.454,0.853,0.861,0.65,0.762,0.198,0.242,0.118
0.158,0.158,0.098,0.098,0.074,0.521,0.109,0.56,0.522,0.669,0.56,0.119,0.665,0.074,0.119,0.56,0.665,0.074,0.644,0.665,0.153,0.628,0.153,0.63,0.665,0.109,0.63,0.56,0.569,0.669,0.569,0.628,0.425,0.609,0.14,0.609,0.101,0.14,0.425,0.101,0.876,0.609,0.1,0.401,0.609,0.101,0.465,0.1,0.666,0.1,0.729,0.866,0.116,0.416,0.059,0.416,0.422,0.059,0.059,0.059,0.543,0.059,0.422,0.059,0.116,0.543,0.563,0.799,0.563,0.539,0.539,0.539,0.869,0.069,0.59,0.843,0.227,0.622,0.227,0.227,0.869,0.069,0.026,0.916,0.795,0.026,0.227,0.819,0.861,0.655,0.069,0.593,0.846,0.917,0.548,0.026,0.452,0.548,0.548,0.829,0.531,0.18,0.664,0.531,0.531,0.497,0.902,0.11,0.11,0.113,0.608,0.078,0.628,0.114,0.964,0.618,0.856,0.202,0.533,0.078,0.92,0.591,0.906,0.732,0.845,0.12,0.517,0.552,0.12,0.634,0.608,0.125,0.586,0.647,0.81,0.017,0.72,0.118,0.565,0.017,0.016,0.745,0.829,0.37,0.016,0.775,0.016,0.017,0.883,0.3,0.642,0.441,0.248,0.814,0.18,0.802,0.343,0.394,0.226,0.531,0.226,0.232,0.182,0.18,0.187,0.45,0.385,0.177
0.252,0.252,0.167,0.167,0.589,0.806,0.122,0.164,0.816,0.096,0.164,0.213,0.137,0.589,0.213,0.164,0.137,0.589,0.486,0.137,0.298,0.154,0.298,0.098,0.137,0.122,0.098,0.164,0.155,0.096,0.155,0.154,0.81,0.19,0.167,0.19,0.674,0.167,0.81,0.674,0.263,0.19,0.382,0.745,0.19,0.674,0.71,0.382,0.234,0.382,0.681,0.373,0.828,0.716,0.621,0.716,0.754,0.414,0.414,0.414,0.192,0.621,0.754,0.621,0.828,0.192,0.194,0.114,0.194,0.496,0.496,0.496,0.343,0.834,0.834,0.296,0.888,0.017,0.833,0.888,0.422,0.834,0.612,0.407,0.138,0.612,0.833,0.296,0.537,0.016,0.834,0.972,0.315,0.412,0.439,0.612,0.923,0.439,0.439,0.309,0.455,0.734,0.014,0.455,0.455,0.022,0.238,0.616,0.616,0.576,0.763,0.787,0.801,0.768,0.358,0.011,0.005,0.699,0.749,0.787,0.252,0.746,0.005,0.73,0.42,0.645,0.042,0.492,0.645,0.957,0.813,0.633,0.763,0.813,0.014,0.569,0.651,0.536,0.491,0.569,0.69,0.004,0.234,0.433,0.69,0.015,0.69,0.569,0.229,0.309,0.647,0.485,0.807,0.018,0.636,0.26,0.75,0.543,0.82,0.705,0.827,0.811,0.614,0.704,0.702,0.832,0.829,0.893
0.36,0.36,0.393,0.393,0.02,0.664,0.107,0.084,0.71,0.529,0.084,0.088,0.076,0.02,0.088,0.084,0.076,0.02,0.063,0.076,0.259,0.353,0.259,0.089,0.076,0.107,0.089,0.084,0.1,0.529,0.1,0.353,0.592,0.074,0.109,0.074,0.051,0.109,0.592,0.051,0.582,0.074,0.11,0.608,0.074,0.051,0.083,0.11,0.527,0.11,0.74,0.667,0.145,0.448,0.04,0.448,0.441,0.136,0.136,0.136,0.272,0.04,0.441,0.04,0.145,0.272,0.085,0.403,0.085,0.238,0.238,0.238,0.517,0.074,0.653,0.313,0.437,0.295,0.463,0.437,0.426,0.074,0.283,0.376,0.405,0.283,0.463,0.321,0.431,0.218,0.074,0.648,0.289,0.381,0.522,0.283,0.083,0.522,0.522,0.319,0.507,0.721,0.268,0.507,0.507,0.403,0.345,0.426,0.426,0.427,0.209,0.314,0.472,0.318,0.348,0.203,0.865,0.713,0.538,0.314,0.347,0.531,0.903,0.384,0.441,0.406,0.497,0.202,0.406,0.536,0.33,0.443,0.354,0.409,0.627,0.612,0.174,0.423,0.197,0.612,0.585,0.678,0.913,0.087,0.585,0.463,0.585,0.612,0.894,0.094,0.082,0.09,0.264,0.454,0.283,0.916,0.39,0.1,0.419,0.082,0.416,0.269,0.266,0.279,0.281,0.625,0.61,0.493
0.879,0.879,0.91,0.91,0.521,0.158,0.835,0.788,0.149,0.724,0.788,0.858,0.742,0.521,0.858,0.788,0.742,0.521,0.328,0.742,0.933,0.772,0.933,0.714,0.742,0.835,0.714,0.788,0.837,0.724,0.837,0.772,0.753,0.687,0.871,0.687,0.745,0.871,0.753,0.745,0.654,0.687,0.718,0.301,0.687,0.745,0.462,0.718,0.628,0.718,0.206,0.363,0.321,0.812,0.773,0.812,0.798,0.513,0.513,0.513,0.708,0.773,0.798,0.773,0.321,0.708,0.668,0.906,0.668,0.306,0.306,0.306,0.597,0.363,0.506,0.619,0.754,0.962,0.824,0.754,0.666,0.363,0.32,0.539,0.941,0.32,0.824,0.66,0.695,0.943,0.363,0.642,0.652,0.52,0.681,0.32,0.497,0.681,0.681,0.64,0.61,0.71,0.954,0.61,0.61,0.789,0.67,0.567,0.567,0.628,0.595,0.536,0.153,0.479,0.677,0.967,0.897,0.694,0.155,0.536,0.683,0.155,0.952,0.246,0.797,0.745,0.733,0.83,0.745,0.754,0.237,0.412,0.238,0.616,0.907,0.673,0.837,0.609,0.686,0.673,0.685,0.896,0.104,0.41,0.685,0.968,0.685,0.673,0.107,0.465,0.521,0.427,0.842,0.966,0.733,0.107,0.853,0.335,0.737,0.476,0.731,0.726,0.81,0.793,0.813,0.777,0.809,0.784
0.549,0.549,0.561,0.561,0.302,0.404,0.468,0.986,0.417,0.987,0.986,0.473,0.985,0.302,0.473,0.986,0.985,0.302,0.026,0.985,0.594,0.99,0.594,0.974,0.985,0.468,0.974,0.986,0.977,0.987,0.977,0.99,0.866,0.974,0.501,0.974,0.351,0.501,0.866,0.351,0.299,0.974,0.442,0.734,0.974,0.351,0.062,0.442,0.367,0.442,0.388,0.401,0.367,0.791,0.378,0.791,0.797,0.537,0.537,0.537,0.962,0.378,0.797,0.378,0.367,0.962,0.987,0.603,0.987,0.848,0.848,0.848,0.712,0.242,0.738,0.473,0.461,0.515,0.423,0.461,0.658,0.242,0.333,0.562,0.677,0.333,0.423,0.449,0.697,0.38,0.242,0.733,0.468,0.591,0.571,0.333,0.107,0.571,0.571,0.417,0.688,0.2,0.615,0.688,0.688,0.457,0.377,0.014,0.014,0.013,0.055,0.016,0.942,0.015,0.59,0.461,0.718,0.22,0.965,0.016,0.379,0.962,0.624,0.764,0.565,0.011,0.385,0.846,0.011,0.241,0.882,0.203,0.862,0.028,0.803,0.462,0.84,0.008,0.885,0.462,0.411,0.628,0.697,0.889,0.411,0.619,0.411,0.462,0.688,0.898,0.927,0.905,0.701,0.783,0.694,0.682,0.481,0.928,0.458,0.908,0.486,0.735,0.658,0.707,0.684,0.063,0.058,0.507
0.859,0.859,0.785,0.785,0.037,0.892,0.616,0.709,0.915,0.674,0.709,0.723,0.671,0.037,0.723,0.709,0.671,0.037,0.714,0.671,0.957,0.716,0.957,0.655,0.671,0.616,0.655,0.709,0.705,0.674,0.705,0.716,0.991,0.701,0.702,0.701,0.916,0.702,0.991,0.916,0.678,0.701,0.953,0.47,0.701,0.916,0.852,0.953,0.847,0.953,0.916,0.725,0.185,0.99,0.875,0.99,0.992,0.899,0.899,0.899,0.769,0.875,0.992,0.875,0.185,0.769,0.655,0.831,0.655,0.071,0.071,0.071,0.825,0.044,0.438,0.916,0.751,0.702,0.793,0.751,0.832,0.044,0.171,0.722,0.882,0.171,0.793,0.922,0.828,0.785,0.044,0.329,0.906,0.722,0.524,0.171,0.496,0.524,0.524,0.93,0.554,0.824,0.829,0.554,0.554,0.92,0.924,0.521,0.521,0.573,0.96,0.262,0.824,0.189,0.679,0.842,0.472,0.774,0.789,0.262,0.914,0.778,0.554,0.851,0.774,0.374,0.929,0.157,0.374,0.712,0.874,0.228,0.897,0.831,0.444,0.705,0.192,0.42,0.104,0.705,0.713,0.619,0.339,0.062,0.713,0.3,0.713,0.705,0.334,0.055,0.061,0.05,0.17,0.327,0.207,0.342,0.154,0.048,0.302,0.059,0.306,0.158,0.207,0.22,0.226,0.311,0.34,0.311
0.404,0.404,0.356,0.356,0.913,0.687,0.844,0.881,0.726,0.712,0.881,0.926,0.779,0.913,0.926,0.881,0.779,0.913,0.769,0.779,0.361,0.741,0.361,0.742,0.779,0.844,0.742,0.881,0.784,0.712,0.784,0.741,0.364,0.804,0.866,0.804,0.89,0.866,0.364,0.89,0.956,0.804,0.941,0.75,0.804,0.89,0.871,0.941,0.206,0.941,0.777,0.934,0.867,0.378,0.939,0.378,0.371,0.944,0.944,0.944,0.751,0.939,0.371,0.939,0.867,0.751,0.697,0.105,0.697,0.935,0.935,0.935,0.936,0.937,0.595,1.0,0.935,0.132,0.937,0.935,0.994,0.937,0.966,0.962,0.112,0.966,0.937,1.0,0.992,0.09,0.937,0.731,1.0,0.961,0.931,0.966,0.325,0.931,0.931,1.0,0.951,0.972,0.155,0.951,0.951,0.274,0.999,0.637,0.637,0.692,0.784,0.301,0.996,0.299,0.971,0.114,0.163,0.959,0.996,0.301,0.999,0.995,0.153,1.0,0.995,0.611,0.287,0.593,0.611,0.53,1.0,0.986,1.0,0.82,0.219,0.976,0.658,0.7,0.421,0.976,0.967,0.121,0.542,0.335,0.967,0.263,0.967,0.976,0.537,0.228,0.254,0.245,0.828,0.272,0.668,0.49,0.594,0.314,0.66,0.23,0.667,0.756,0.727,0.722,0.772,0.787,0.864,0.774
0.113,0.113,0.241,0.241,0.95,0.573,0.518,0.445,0.636,0.426,0.445,0.541,0.424,0.95,0.541,0.445,0.424,0.95,0.155,0.424,0.352,0.462,0.352,0.429,0.424,0.518,0.429,0.445,0.459,0.426,0.459,0.462,0.391,0.48,0.572,0.48,0.876,0.572,0.391,0.876,0.81,0.48,0.9,0.533,0.48,0.876,0.228,0.9,0.782,0.9,0.597,0.887,0.949,0.261,0.922,0.261,0.25,0.907,0.907,0.907,0.489,0.922,0.25,0.922,0.949,0.489,0.501,0.605,0.501,0.955,0.955,0.955,0.837,0.887,0.463,0.878,0.903,0.735,0.799,0.903,0.974,0.887,0.983,0.945,0.647,0.983,0.799,0.88,0.973,0.795,0.887,0.446,0.898,0.936,0.91,0.983,0.428,0.91,0.91,0.877,0.914,0.821,0.763,0.914,0.914,0.804,0.791,0.039,0.039,0.044,0.319,0.076,0.552,0.057,0.889,0.647,0.951,0.859,0.553,0.076,0.784,0.535,0.916,0.641,0.928,0.026,0.796,0.253,0.026,0.228,0.686,0.953,0.662,0.352,0.775,0.962,0.16,0.027,0.19,0.962,0.961,0.809,0.443,0.065,0.961,0.96,0.961,0.962,0.465,0.072,0.063,0.079,0.383,0.977,0.397,0.431,0.056,0.08,0.028,0.064,0.027,0.372,0.412,0.322,0.339,0.119,0.09,0.173
0.781,0.781,0.757,0.757,0.034,0.924,0.537,0.576,0.936,0.485,0.576,0.583,0.495,0.034,0.583,0.576,0.495,0.034,0.327,0.495,0.746,0.555,0.746,0.518,0.495,0.537,0.518,0.576,0.587,0.485,0.587,0.555,0.308,0.423,0.599,0.423,0.29,0.599,0.308,0.29,0.82,0.423,0.64,0.257,0.423,0.29,0.474,0.64,0.319,0.64,0.885,0.912,0.614,0.371,0.313,0.371,0.386,0.56,0.56,0.56,0.498,0.313,0.386,0.313,0.614,0.498,0.392,0.137,0.392,0.513,0.513,0.513,0.909,0.094,0.32,0.998,0.657,0.057,0.505,0.657,0.838,0.094,0.515,0.806,0.197,0.515,0.505,0.998,0.841,0.035,0.094,0.328,0.998,0.806,0.471,0.515,0.117,0.471,0.471,0.997,0.348,0.494,0.062,0.348,0.348,0.078,0.99,0.508,0.508,0.475,0.776,0.116,0.954,0.121,0.796,0.036,0.041,0.561,0.936,0.116,0.991,0.921,0.046,0.969,0.791,0.122,0.117,0.152,0.122,0.274,0.96,0.448,0.946,0.459,0.04,0.707,0.42,0.108,0.21,0.707,0.591,0.039,0.109,0.694,0.591,0.03,0.591,0.707,0.108,0.823,0.891,0.872,0.301,0.029,0.265,0.117,0.897,0.827,0.964,0.9,0.967,0.292,0.27,0.316,0.311,0.514,0.495,0.512
0.476,0.476,0.461,0.461,0.878,0.691,0.437,0.393,0.587,0.314,0.393,0.455,0.37,0.878,0.455,0.393,0.37,0.878,0.459,0.37,0.483,0.34,0.483,0.397,0.37,0.437,0.397,0.393,0.424,0.314,0.424,0.34,0.194,0.4,0.46,0.4,0.112,0.46,0.194,0.112,0.399,0.4,0.093,0.104,0.4,0.112,0.48,0.093,0.175,0.093,0.279,0.245,0.586,0.2,0.064,0.2,0.202,0.045,0.045,0.045,0.334,0.064,0.202,0.064,0.586,0.334,0.428,0.13,0.428,0.56,0.56,0.56,0.271,0.867,0.103,0.162,0.32,0.149,0.409,0.32,0.24,0.867,0.539,0.256,0.104,0.539,0.409,0.177,0.28,0.165,0.867,0.108,0.153,0.233,0.341,0.539,0.57,0.341,0.341,0.162,0.295,0.358,0.158,0.295,0.295,0.08,0.145,0.232,0.232,0.643,0.554,0.993,0.255,0.999,0.219,0.141,0.205,0.282,0.269,0.993,0.136,0.277,0.146,0.266,0.279,0.327,0.053,0.379,0.327,0.727,0.275,0.47,0.282,0.618,0.056,0.327,0.456,0.666,0.349,0.327,0.462,0.17,0.924,0.864,0.462,0.236,0.462,0.327,0.916,0.978,0.865,0.99,0.602,0.132,0.564,0.729,0.17,0.988,0.104,0.857,0.105,0.664,0.625,0.723,0.721,0.139,0.139,0.131
0.534,0.534,0.541,0.541,0.408,0.015,0.676,0.629,0.015,0.69,0.629,0.821,0.588,0.408,0.821,0.629,0.588,0.408,0.101,0.588,0.507,0.73,0.507,0.647,0.588,0.676,0.647,0.629,0.695,0.69,0.695,0.73,0.652,0.649,0.688,0.649,0.193,0.688,0.652,0.193,0.169,0.649,0.328,0.663,0.649,0.193,0.069,0.328,0.516,0.328,0.013,0.161,0.111,0.797,0.171,0.797,0.792,0.341,0.341,0.341,0.768,0.171,0.792,0.171,0.111,0.768,0.675,0.402,0.675,0.237,0.237,0.237,0.131,0.48,0.777,0.11,0.328,0.224,0.342,0.328,0.142,0.48,0.275,0.159,0.476,0.275,0.342,0.122,0.175,0.34,0.48,0.701,0.111,0.096,0.316,0.275,0.066,0.316,0.316,0.119,0.327,0.474,0.274,0.327,0.327,0.583,0.099,0.463,0.463,0.459,0.489,0.343,0.119,0.351,0.127,0.465,0.724,0.474,0.17,0.343,0.098,0.17,0.703,0.133,0.142,0.5,0.556,0.159,0.5,0.048,0.162,0.205,0.15,0.521,0.531,0.46,0.136,0.504,0.22,0.46,0.382,0.861,0.974,0.566,0.382,0.914,0.382,0.46,0.972,0.207,0.23,0.17,0.41,0.898,0.424,0.978,0.385,0.199,0.356,0.328,0.341,0.361,0.438,0.356,0.356,0.469,0.429,0.628
0.233,0.233,0.263,0.263,0.099,0.603,0.198,0.212,0.694,0.134,0.212,0.243,0.163,0.099,0.243,0.212,0.163,0.099,0.238,0.163,0.293,0.182,0.293,0.152,0.163,0.198,0.152,0.212,0.201,0.134,0.201,0.182,0.633,0.179,0.187,0.179,0.177,0.187,0.633,0.177,0.421,0.179,0.186,0.296,0.179,0.177,0.261,0.186,0.277,0.186,0.584,0.512,0.439,0.552,0.08,0.552,0.58,0.125,0.125,0.125,0.199,0.08,0.58,0.08,0.439,0.199,0.158,0.866,0.158,0.699,0.699,0.699,0.556,0.113,0.826,0.259,0.701,0.954,0.668,0.701,0.488,0.113,0.301,0.381,0.832,0.301,0.668,0.276,0.511,0.969,0.113,0.824,0.263,0.356,0.779,0.301,0.725,0.779,0.779,0.271,0.646,0.66,0.928,0.646,0.646,0.487,0.337,0.436,0.436,0.825,0.819,0.073,0.428,0.352,0.489,0.966,0.542,0.689,0.322,0.073,0.312,0.28,0.546,0.482,0.609,0.494,0.535,0.673,0.494,0.571,0.333,0.409,0.33,0.817,0.238,0.334,0.685,0.84,0.45,0.334,0.284,0.474,0.652,0.727,0.284,0.716,0.284,0.334,0.65,0.687,0.672,0.568,0.791,0.68,0.791,0.655,0.891,0.595,0.916,0.665,0.912,0.75,0.797,0.799,0.84,0.811,0.819,0.834
0.048,0.048,0.05,0.05,0.237,0.166,0.065,0.09,0.177,0.076,0.09,0.057,0.077,0.237,0.057,0.09,0.077,0.237,0.987,0.077,0.119,0.096,0.119,0.077,0.077,0.065,0.077,0.09,0.098,0.076,0.098,0.096,0.086,0.214,0.198,0.214,0.503,0.198,0.086,0.503,0.216,0.214,0.484,0.629,0.214,0.503,0.932,0.484,0.722,0.484,0.352,0.171,0.175,0.075,0.468,0.075,0.075,0.165,0.165,0.165,0.194,0.468,0.075,0.468,0.175,0.194,0.222,0.861,0.222,0.383,0.383,0.383,0.306,0.09,0.573,0.109,0.385,0.116,0.416,0.385,0.178,0.09,0.076,0.183,0.91,0.076,0.416,0.109,0.189,0.15,0.09,0.493,0.109,0.183,0.423,0.076,0.759,0.423,0.423,0.109,0.374,0.163,0.189,0.374,0.374,0.298,0.135,0.678,0.678,0.779,0.879,0.331,0.681,0.502,0.224,0.232,0.325,0.147,0.662,0.331,0.142,0.663,0.259,0.733,0.235,0.729,0.281,0.908,0.729,0.157,0.73,0.065,0.726,0.925,0.201,0.196,0.887,0.826,0.859,0.196,0.22,0.195,0.114,0.983,0.22,0.126,0.22,0.196,0.115,0.966,0.94,0.96,0.823,0.175,0.724,0.115,0.813,0.953,0.858,0.976,0.864,0.727,0.871,0.801,0.905,0.913,0.889,0.862
0.002,0.002,0.002,0.002,0.44,0.955,0.001,0.003,0.96,0.005,0.003,0.001,0.002,0.44,0.001,0.003,0.002,0.44,0.35,0.002,0.001,0.002,0.001,0.004,0.002,0.001,0.004,0.003,0.004,0.005,0.004,0.002,0.003,0.001,0.001,0.001,0.441,0.001,0.003,0.441,0.081,0.001,0.447,1.0,0.001,0.441,0.303,0.447,0.994,0.447,0.978,0.078,0.357,0.004,0.46,0.004,0.004,0.421,0.421,0.421,0.003,0.46,0.004,0.46,0.357,0.003,0.001,0.996,0.001,0.36,0.36,0.36,0.223,0.249,0.994,0.085,0.172,0.964,0.317,0.172,0.071,0.249,0.244,0.104,0.997,0.244,0.317,0.087,0.101,0.914,0.249,0.993,0.088,0.102,0.198,0.244,0.209,0.198,0.198,0.093,0.341,0.195,0.943,0.341,0.341,0.99,0.113,0.668,0.668,0.791,0.76,0.764,0.512,0.57,0.172,0.941,1.0,0.158,0.477,0.764,0.114,0.5,1.0,0.323,0.166,0.701,0.934,0.531,0.701,0.564,0.354,0.247,0.345,0.821,0.978,0.174,0.535,0.81,0.683,0.174,0.199,0.994,0.498,0.953,0.199,0.955,0.199,0.174,0.498,0.909,0.93,0.938,0.592,0.961,0.54,0.648,0.598,0.932,0.735,0.944,0.686,0.512,0.538,0.558,0.586,0.655,0.671,0.609
0.414,0.414,0.454,0.454,0.724,0.377,0.581,0.472,0.383,0.534,0.472,0.519,0.488,0.724,0.519,0.472,0.488,0.724,0.456,0.488,0.476,0.5,0.476,0.585,0.488,0.581,0.585,0.472,0.538,0.534,0.538,0.5,0.698,0.616,0.66,0.616,0.651,0.66,0.698,0.651,0.862,0.616,0.699,0.637,0.616,0.651,0.459,0.699,0.971,0.699,0.425,0.914,0.113,0.631,0.559,0.631,0.636,0.557,0.557,0.557,0.531,0.559,0.636,0.559,0.113,0.531,0.553,0.666,0.553,0.702,0.702,0.702,0.983,0.537,0.771,0.768,0.175,0.734,0.169,0.175,0.59,0.537,0.272,0.808,0.649,0.272,0.169,0.712,0.572,0.758,0.537,0.729,0.781,0.875,0.614,0.272,0.88,0.614,0.614,0.722,0.638,0.456,0.571,0.638,0.638,0.808,0.689,0.949,0.949,0.919,0.86,0.794,0.87,0.646,0.799,0.591,0.341,0.45,0.819,0.794,0.702,0.833,0.265,0.923,0.606,0.955,0.828,0.035,0.955,0.303,0.903,0.286,0.873,0.746,0.665,0.24,0.027,0.884,0.046,0.24,0.228,0.408,0.863,0.757,0.228,0.749,0.228,0.24,0.864,0.636,0.745,0.537,0.14,0.758,0.116,0.91,0.237,0.624,0.337,0.71,0.342,0.186,0.123,0.11,0.109,0.371,0.363,0.296
0.686,0.686,0.533,0.533,0.315,0.887,0.532,0.731,0.842,0.752,0.731,0.563,0.721,0.315,0.563,0.731,0.721,0.315,0.931,0.721,0.729,0.78,0.729,0.73,0.721,0.532,0.73,0.731,0.724,0.752,0.724,0.78,0.587,0.692,0.612,0.692,0.39,0.612,0.587,0.39,0.437,0.692,0.378,0.098,0.692,0.39,0.849,0.378,0.118,0.378,0.752,0.491,0.297,0.651,0.219,0.651,0.661,0.194,0.194,0.194,0.725,0.219,0.661,0.219,0.297,0.725,0.665,0.042,0.665,0.334,0.334,0.334,0.602,0.523,0.09,0.171,0.124,0.032,0.155,0.124,0.256,0.523,0.162,0.257,0.045,0.162,0.155,0.182,0.241,0.034,0.523,0.099,0.174,0.245,0.094,0.162,0.974,0.094,0.094,0.183,0.071,0.122,0.06,0.071,0.071,0.035,0.173,0.459,0.459,0.443,0.77,0.832,0.588,0.728,0.25,0.061,0.174,0.127,0.506,0.832,0.157,0.515,0.193,0.549,0.239,0.534,0.043,0.047,0.534,0.748,0.398,0.264,0.412,0.789,0.104,0.133,0.047,0.544,0.1,0.133,0.079,0.106,0.376,0.975,0.079,0.211,0.079,0.133,0.361,0.959,0.959,0.915,0.18,0.194,0.141,0.359,0.301,0.937,0.377,0.934,0.383,0.177,0.141,0.166,0.153,0.335,0.308,0.294
0.821,0.821,0.738,0.738,0.932,0.589,0.59,0.582,0.578,0.532,0.582,0.659,0.515,0.932,0.659,0.582,0.515,0.932,0.595,0.515,0.706,0.557,0.706,0.56,0.515,0.59,0.56,0.582,0.618,0.532,0.618,0.557,0.286,0.668,0.705,0.668,0.122,0.705,0.286,0.122,0.819,0.668,0.075,0.368,0.668,0.122,0.573,0.075,0.697,0.075,0.556,0.764,0.17,0.249,0.021,0.249,0.244,0.008,0.008,0.008,0.591,0.021,0.244,0.021,0.17,0.591,0.67,0.447,0.67,0.531,0.531,0.531,0.845,0.805,0.204,0.677,0.094,0.392,0.103,0.094,0.794,0.805,0.343,0.67,0.549,0.343,0.103,0.673,0.67,0.339,0.805,0.231,0.675,0.682,0.192,0.343,0.662,0.192,0.192,0.681,0.188,0.156,0.279,0.188,0.188,0.306,0.766,0.329,0.329,0.293,0.334,0.833,0.763,0.763,0.776,0.315,0.775,0.142,0.681,0.833,0.728,0.667,0.833,0.804,0.825,0.415,0.298,0.853,0.415,0.912,0.761,0.241,0.76,0.381,0.452,0.118,0.838,0.378,0.954,0.118,0.14,0.629,0.178,0.917,0.14,0.369,0.14,0.118,0.172,0.838,0.774,0.83,0.992,0.299,0.954,0.146,0.901,0.788,0.878,0.879,0.886,0.977,0.926,0.944,0.926,0.819,0.765,0.918
0.268,0.268,0.265,0.265,0.137,0.01,0.319,0.302,0.009,0.238,0.302,0.332,0.286,0.137,0.332,0.302,0.286,0.137,0.812,0.286,0.358,0.261,0.358,0.273,0.286,0.319,0.273,0.302,0.308,0.238,0.308,0.261,0.178,0.302,0.353,0.302,0.741,0.353,0.178,0.741,0.035,0.302,0.696,0.576,0.302,0.741,0.741,0.696,0.125,0.696,0.002,0.035,0.252,0.207,0.686,0.207,0.209,0.641,0.641,0.641,0.262,0.686,0.209,0.686,0.252,0.262,0.302,0.088,0.302,0.305,0.305,0.305,0.027,0.274,0.179,0.081,0.632,0.054,0.728,0.632,0.043,0.274,0.41,0.074,0.095,0.41,0.728,0.09,0.041,0.049,0.274,0.215,0.086,0.065,0.817,0.41,0.61,0.817,0.817,0.1,0.865,0.777,0.041,0.865,0.865,0.096,0.056,0.565,0.565,0.701,0.805,0.137,0.625,0.123,0.042,0.035,0.202,0.709,0.536,0.137,0.057,0.55,0.269,0.413,0.053,0.655,0.088,0.46,0.655,0.265,0.382,0.318,0.421,0.959,0.217,0.848,0.412,0.769,0.59,0.848,0.923,0.283,0.821,0.729,0.923,0.109,0.923,0.848,0.808,0.759,0.617,0.712,0.771,0.107,0.737,0.823,0.456,0.754,0.513,0.61,0.503,0.835,0.674,0.734,0.673,0.63,0.632,0.596
0.878,0.878,0.831,0.831,0.739,0.191,0.784,0.978,0.176,0.825,0.978,0.738,0.974,0.739,0.738,0.978,0.974,0.739,0.837,0.974,0.859,0.838,0.859,0.968,0.974,0.784,0.968,0.978,0.965,0.825,0.965,0.838,0.98,0.944,0.685,0.944,0.208,0.685,0.98,0.208,0.372,0.944,0.273,0.176,0.944,0.208,0.819,0.273,0.537,0.273,0.178,0.362,0.636,0.997,0.102,0.997,0.996,0.135,0.135,0.135,0.838,0.102,0.996,0.102,0.636,0.838,0.959,0.539,0.959,0.599,0.599,0.599,0.315,0.692,0.162,0.533,0.825,0.561,0.78,0.825,0.732,0.692,0.289,0.691,0.538,0.289,0.78,0.502,0.729,0.662,0.692,0.149,0.541,0.703,0.654,0.289,0.523,0.654,0.654,0.509,0.647,0.49,0.778,0.647,0.647,0.718,0.442,0.817,0.817,0.774,0.692,0.865,0.65,0.836,0.604,0.767,0.391,0.511,0.673,0.865,0.459,0.645,0.333,0.565,0.674,0.854,0.64,0.819,0.854,0.816,0.423,0.385,0.496,0.615,0.274,0.284,0.723,0.822,0.879,0.284,0.307,0.25,0.177,0.846,0.307,0.542,0.307,0.284,0.178,0.863,0.686,0.704,0.666,0.53,0.542,0.179,0.82,0.73,0.488,0.624,0.552,0.614,0.664,0.461,0.583,0.829,0.767,0.877
0.951,0.951,0.938,0.938,0.482,0.17,0.896,0.878,0.17,0.695,0.878,0.908,0.857,0.482,0.908,0.878,0.857,0.482,0.48,0.857,0.906,0.745,0.906,0.808,0.857,0.896,0.808,0.878,0.846,0.695,0.846,0.745,0.579,0.727,0.898,0.727,0.809,0.898,0.579,0.809,0.408,0.727,0.774,0.443,0.727,0.809,0.57,0.774,0.268,0.774,0.182,0.422,0.33,0.784,0.781,0.784,0.748,0.696,0.696,0.696,0.617,0.781,0.748,0.781,0.33,0.617,0.705,0.346,0.705,0.861,0.861,0.861,0.297,0.414,0.53,0.331,0.447,0.406,0.481,0.447,0.657,0.414,0.414,0.521,0.379,0.414,0.481,0.331,0.665,0.343,0.414,0.598,0.33,0.466,0.88,0.414,0.069,0.88,0.88,0.333,0.835,0.395,0.453,0.835,0.835,0.335,0.291,0.773,0.773,0.782,0.73,0.427,0.793,0.465,0.507,0.631,0.105,0.395,0.645,0.427,0.292,0.65,0.1,0.761,0.659,0.747,0.561,0.24,0.747,0.321,0.865,0.25,0.866,0.788,0.087,0.685,0.232,0.725,0.585,0.685,0.707,0.077,0.946,0.163,0.707,0.083,0.707,0.685,0.953,0.186,0.106,0.153,0.696,0.071,0.475,0.964,0.698,0.205,0.736,0.11,0.664,0.675,0.466,0.538,0.523,0.925,0.92,0.724
0.037,0.037,0.042,0.042,0.544,0.408,0.041,0.044,0.463,0.034,0.044,0.035,0.042,0.544,0.035,0.044,0.042,0.544,0.615,0.042,0.116,0.032,0.116,0.044,0.042,0.041,0.044,0.044,0.043,0.034,0.043,0.032,0.015,0.072,0.131,0.072,0.286,0.131,0.015,0.286,0.069,0.072,0.335,0.005,0.072,0.286,0.897,0.335,0.021,0.335,0.893,0.068,0.584,0.011,0.689,0.011,0.012,0.714,0.714,0.714,0.047,0.689,0.012,0.689,0.584,0.047,0.083,0.049,0.083,0.409,0.409,0.409,0.184,0.201,0.008,0.151,0.899,0.12,0.95,0.899,0.139,0.201,0.521,0.218,0.038,0.521,0.95,0.157,0.142,0.109,0.201,0.006,0.15,0.207,0.902,0.521,0.319,0.902,0.902,0.158,0.985,0.856,0.127,0.985,0.985,0.044,0.297,0.823,0.823,0.694,0.555,0.672,0.338,0.725,0.372,0.104,0.246,0.802,0.342,0.672,0.298,0.376,0.267,0.334,0.2,0.647,0.05,0.685,0.647,0.78,0.34,0.553,0.366,0.541,0.068,0.669,0.508,0.501,0.864,0.669,0.757,0.191,0.891,0.928,0.757,0.172,0.757,0.669,0.878,0.604,0.632,0.418,0.348,0.152,0.412,0.744,0.475,0.412,0.398,0.625,0.431,0.454,0.381,0.424,0.369,0.449,0.458,0.659
0.828,0.828,0.755,0.755,0.313,0.289,0.568,0.547,0.32,0.578,0.547,0.554,0.519,0.313,0.554,0.547,0.519,0.313,0.865,0.519,0.972,0.641,0.972,0.548,0.519,0.568,0.548,0.547,0.59,0.578,0.59,0.641,0.591,0.678,0.79,0.678,0.746,0.79,0.591,0.746,0.237,0.678,0.898,0.024,0.678,0.746,0.927,0.898,0.009,0.898,0.688,0.23,0.388,0.544,0.673,0.544,0.539,0.766,0.766,0.766,0.694,0.673,0.539,0.673,0.388,0.694,0.549,0.014,0.549,0.459,0.459,0.459,0.257,0.486,0.021,0.322,0.715,0.09,0.726,0.715,0.511,0.486,0.201,0.392,0.008,0.201,0.726,0.327,0.508,0.059,0.486,0.023,0.323,0.463,0.844,0.201,0.905,0.844,0.844,0.328,0.852,0.751,0.095,0.852,0.852,0.033,0.421,0.994,0.994,0.969,0.94,0.743,0.242,0.622,0.54,0.06,0.289,0.715,0.249,0.743,0.44,0.252,0.296,0.348,0.634,0.907,0.029,0.992,0.907,0.967,0.367,0.497,0.368,0.723,0.138,0.642,0.999,0.783,0.997,0.642,0.557,0.273,0.345,0.942,0.557,0.127,0.557,0.642,0.338,0.972,0.975,0.989,0.998,0.141,0.999,0.33,0.882,0.957,0.854,0.993,0.884,0.994,0.999,0.999,1.0,0.2,0.172,0.304
0.966,0.966,0.936,0.936,0.909,0.417,0.871,0.838,0.335,0.643,0.838,0.915,0.778,0.909,0.915,0.838,0.778,0.909,0.55,0.778,0.963,0.68,0.963,0.754,0.778,0.871,0.754,0.838,0.812,0.643,0.812,0.68,0.783,0.852,0.925,0.852,0.756,0.925,0.783,0.756,0.651,0.852,0.744,0.116,0.852,0.756,0.354,0.744,0.335,0.744,0.582,0.601,0.936,0.869,0.656,0.869,0.858,0.644,0.644,0.644,0.749,0.656,0.858,0.656,0.936,0.749,0.783,0.468,0.783,0.875,0.875,0.875,0.404,0.858,0.107,0.25,0.815,0.569,0.648,0.815,0.37,0.858,0.972,0.32,0.252,0.972,0.648,0.242,0.355,0.369,0.858,0.104,0.25,0.328,0.784,0.972,0.787,0.784,0.784,0.239,0.667,0.93,0.454,0.667,0.667,0.601,0.215,0.828,0.828,0.512,0.812,0.976,0.579,0.899,0.28,0.324,0.755,0.943,0.439,0.976,0.221,0.454,0.739,0.611,0.322,0.83,0.616,0.982,0.83,0.833,0.584,0.903,0.598,0.828,0.767,0.966,0.995,0.506,0.931,0.966,0.916,0.786,0.269,0.99,0.916,0.747,0.916,0.966,0.272,0.989,0.99,0.994,0.974,0.514,0.896,0.271,0.969,0.992,0.782,0.995,0.791,0.966,0.912,0.943,0.966,0.132,0.159,0.074
0.207,0.207,0.185,0.185,0.327,0.586,0.855,0.729,0.584,0.541,0.729,0.876,0.717,0.327,0.876,0.729,0.717,0.327,0.706,0.717,0.363,0.542,0.363,0.723,0.717,0.855,0.723,0.729,0.733,0.541,0.733,0.542,0.467,0.971,0.991,0.971,0.468,0.991,0.467,0.468,0.405,0.971,0.554,0.446,0.971,0.468,0.66,0.554,0.609,0.554,0.594,0.47,0.587,0.438,0.467,0.438,0.45,0.515,0.515,0.515,0.753,0.467,0.45,0.467,0.587,0.753,0.961,0.574,0.961,0.613,0.613,0.613,0.541,0.405,0.364,0.356,0.749,0.775,0.714,0.749,0.447,0.405,0.732,0.39,0.554,0.732,0.714,0.354,0.471,0.632,0.405,0.449,0.353,0.45,0.839,0.732,0.643,0.839,0.839,0.349,0.847,0.887,0.392,0.847,0.847,0.358,0.296,0.687,0.687,0.917,0.75,0.868,0.853,0.802,0.441,0.583,0.421,0.874,0.731,0.868,0.304,0.738,0.387,0.669,0.431,0.674,0.505,0.876,0.674,0.906,0.401,0.89,0.391,0.799,0.289,0.869,0.963,0.909,0.932,0.869,0.806,0.428,0.309,0.869,0.806,0.409,0.806,0.869,0.297,0.927,0.922,0.896,0.766,0.383,0.581,0.31,0.098,0.847,0.164,0.863,0.147,0.779,0.582,0.607,0.601,0.077,0.083,0.563
0.053,0.053,0.04,0.04,0.688,0.776,0.019,0.419,0.826,0.591,0.419,0.029,0.397,0.688,0.029,0.419,0.397,0.688,0.998,0.397,0.015,0.652,0.015,0.431,0.397,0.019,0.431,0.419,0.456,0.591,0.456,0.652,0.266,0.397,0.009,0.397,0.179,0.009,0.266,0.179,0.799,0.397,0.723,0.536,0.397,0.179,0.993,0.723,0.598,0.723,0.44,0.748,0.826,0.289,0.254,0.289,0.273,0.682,0.682,0.682,0.6,0.254,0.273,0.254,0.826,0.6,0.419,0.69,0.419,0.424,0.424,0.424,0.822,0.802,0.579,0.767,0.275,0.722,0.172,0.275,0.881,0.802,0.799,0.854,0.585,0.799,0.172,0.753,0.711,0.709,0.802,0.599,0.725,0.864,0.205,0.799,0.74,0.205,0.205,0.746,0.142,0.11,0.758,0.142,0.142,0.512,0.824,0.816,0.816,0.828,0.727,0.963,0.462,0.958,0.906,0.766,0.619,0.182,0.414,0.963,0.808,0.429,0.583,0.574,0.95,0.88,0.52,0.479,0.88,0.337,0.587,0.754,0.578,0.236,0.514,0.142,0.471,0.88,0.412,0.142,0.128,0.677,0.873,0.561,0.128,0.707,0.128,0.142,0.901,0.667,0.701,0.788,0.067,0.769,0.053,0.846,0.297,0.83,0.026,0.819,0.029,0.059,0.056,0.043,0.039,0.087,0.05,0.291
0.49,0.49,0.481,0.481,0.645,0.449,0.726,0.941,0.459,0.947,0.941,0.712,0.945,0.645,0.712,0.941,0.945,0.645,0.885,0.945,0.56,0.932,0.56,0.937,0.945,0.726,0.937,0.941,0.954,0.947,0.954,0.932,0.692,0.876,0.603,0.876,0.976,0.603,0.692,0.976,0.483,0.876,0.978,0.052,0.876,0.976,0.961,0.978,0.203,0.978,0.701,0.415,0.856,0.885,0.892,0.885,0.918,0.877,0.877,0.877,0.9,0.892,0.918,0.892,0.856,0.9,0.888,0.189,0.888,0.725,0.725,0.725,0.391,0.893,0.044,0.506,0.964,0.322,0.957,0.964,0.702,0.893,0.86,0.644,0.183,0.86,0.957,0.511,0.692,0.302,0.893,0.048,0.519,0.624,0.919,0.86,0.342,0.919,0.919,0.52,0.933,0.843,0.327,0.933,0.933,0.284,0.531,0.197,0.197,0.189,0.323,0.059,0.226,0.086,0.635,0.3,0.563,0.858,0.226,0.059,0.546,0.241,0.398,0.108,0.695,0.165,0.447,0.931,0.165,0.213,0.086,0.683,0.095,0.216,0.704,0.917,0.926,0.155,0.968,0.917,0.832,0.482,0.426,0.97,0.832,0.243,0.832,0.917,0.386,0.962,0.91,0.943,0.985,0.541,0.975,0.5,0.372,0.946,0.316,0.905,0.321,0.987,0.959,0.953,0.943,0.378,0.408,0.3
0.017,0.017,0.018,0.018,0.033,0.762,0.012,0.016,0.799,0.01,0.016,0.011,0.015,0.033,0.011,0.016,0.015,0.033,0.069,0.015,0.03,0.008,0.03,0.017,0.015,0.012,0.017,0.016,0.018,0.01,0.018,0.008,0.007,0.017,0.026,0.017,0.06,0.026,0.007,0.06,0.127,0.017,0.097,0.812,0.017,0.06,0.147,0.097,0.554,0.097,0.91,0.138,0.172,0.008,0.119,0.008,0.008,0.221,0.221,0.221,0.008,0.119,0.008,0.119,0.172,0.008,0.017,0.528,0.017,0.499,0.499,0.499,0.273,0.05,0.756,0.075,0.077,0.434,0.124,0.077,0.113,0.05,0.082,0.123,0.454,0.082,0.124,0.079,0.107,0.695,0.05,0.747,0.08,0.118,0.265,0.082,0.211,0.265,0.265,0.082,0.286,0.113,0.401,0.286,0.286,0.67,0.105,0.082,0.082,0.058,0.004,0.373,0.26,0.29,0.182,0.72,0.797,0.075,0.278,0.373,0.108,0.281,0.95,0.211,0.19,0.062,0.564,0.204,0.062,0.209,0.181,0.158,0.199,0.004,0.69,0.068,0.152,0.043,0.256,0.068,0.077,0.842,0.432,0.447,0.077,0.877,0.077,0.068,0.405,0.449,0.389,0.33,0.316,0.794,0.273,0.408,0.478,0.35,0.575,0.383,0.536,0.325,0.271,0.25,0.254,0.473,0.465,0.534
0.579,0.579,0.538,0.538,0.483,0.214,0.606,0.492,0.284,0.364,0.492,0.614,0.479,0.483,0.614,0.492,0.479,0.483,0.348,0.479,0.757,0.388,0.757,0.507,0.479,0.606,0.507,0.492,0.563,0.364,0.563,0.388,0.274,0.652,0.741,0.652,0.14,0.741,0.274,0.14,0.761,0.652,0.304,0.664,0.652,0.14,0.367,0.304,0.256,0.304,0.444,0.824,0.393,0.222,0.184,0.222,0.218,0.322,0.322,0.322,0.601,0.184,0.218,0.184,0.393,0.601,0.753,0.147,0.753,0.581,0.581,0.581,0.841,0.582,0.529,0.78,0.463,0.242,0.369,0.463,0.788,0.582,0.446,0.863,0.136,0.446,0.369,0.723,0.794,0.179,0.582,0.592,0.805,0.856,0.415,0.446,0.35,0.415,0.415,0.776,0.425,0.334,0.383,0.425,0.425,0.465,0.959,0.715,0.715,0.775,0.596,0.438,0.906,0.582,0.974,0.312,0.131,0.454,0.899,0.438,0.928,0.912,0.127,0.912,0.955,0.528,0.455,0.813,0.528,0.282,0.92,0.437,0.92,0.514,0.469,0.593,0.792,0.579,0.681,0.593,0.44,0.279,0.941,0.386,0.44,0.23,0.44,0.593,0.935,0.384,0.299,0.254,0.792,0.341,0.933,0.971,0.712,0.289,0.724,0.275,0.693,0.874,0.915,0.946,0.912,0.778,0.769,0.853
0.672,0.672,0.624,0.624,0.078,0.89,0.403,0.579,0.919,0.378,0.579,0.408,0.57,0.078,0.408,0.579,0.57,0.078,0.725,0.57,0.727,0.419,0.727,0.535,0.57,0.403,0.535,0.579,0.564,0.378,0.564,0.419,0.719,0.694,0.473,0.694,0.257,0.473,0.719,0.257,0.89,0.694,0.583,0.42,0.694,0.257,0.627,0.583,0.46,0.583,0.647,0.864,0.092,0.777,0.271,0.777,0.752,0.598,0.598,0.598,0.387,0.271,0.752,0.271,0.092,0.387,0.709,0.632,0.709,0.051,0.051,0.051,0.688,0.174,0.389,0.879,0.01,0.289,0.009,0.01,0.768,0.174,0.132,0.928,0.635,0.132,0.009,0.853,0.743,0.214,0.174,0.318,0.864,0.956,0.027,0.132,0.466,0.027,0.027,0.842,0.022,0.142,0.29,0.022,0.022,0.267,0.901,0.647,0.647,0.555,0.263,0.265,0.782,0.631,0.952,0.224,0.107,0.157,0.778,0.265,0.848,0.783,0.129,0.773,0.764,0.376,0.205,0.683,0.376,0.585,0.774,0.092,0.779,0.281,0.223,0.208,0.659,0.262,0.584,0.208,0.208,0.346,0.788,0.259,0.208,0.339,0.208,0.208,0.834,0.154,0.429,0.267,0.225,0.305,0.214,0.853,0.264,0.229,0.319,0.372,0.312,0.239,0.222,0.21,0.207,0.045,0.038,0.1
0.831,0.831,0.888,0.888,0.662,0.501,0.788,0.578,0.55,0.894,0.578,0.694,0.641,0.662,0.694,0.578,0.641,0.662,0.818,0.641,0.921,0.742,0.921,0.632,0.641,0.788,0.632,0.578,0.56,0.894,0.56,0.742,0.739,0.621,0.792,0.621,0.576,0.792,0.739,0.576,0.236,0.621,0.626,0.172,0.621,0.576,0.91,0.626,0.221,0.626,0.903,0.213,0.685,0.467,0.54,0.467,0.459,0.708,0.708,0.708,0.723,0.54,0.459,0.54,0.685,0.723,0.631,0.178,0.631,0.711,0.711,0.711,0.239,0.773,0.117,0.168,0.39,0.022,0.336,0.39,0.258,0.773,0.832,0.203,0.171,0.832,0.336,0.169,0.244,0.026,0.773,0.114,0.166,0.215,0.478,0.832,0.292,0.478,0.478,0.168,0.417,0.472,0.02,0.417,0.417,0.032,0.161,0.353,0.353,0.52,0.387,0.255,0.015,0.269,0.189,0.023,0.083,0.505,0.01,0.255,0.161,0.01,0.075,0.014,0.26,0.128,0.025,0.999,0.128,0.443,0.012,0.822,0.01,0.274,0.055,0.73,0.993,0.248,0.986,0.73,0.659,0.033,0.257,0.914,0.659,0.07,0.659,0.73,0.25,0.847,0.976,0.865,0.997,0.074,0.998,0.25,0.961,0.826,0.963,0.97,0.974,1.0,0.997,0.998,0.997,0.303,0.31,0.125
0.142,0.142,0.129,0.129,0.337,0.621,0.11,0.999,0.535,0.86,0.999,0.086,0.999,0.337,0.086,0.999,0.999,0.337,0.184,0.999,0.089,0.816,0.089,0.998,0.999,0.11,0.998,0.999,0.999,0.86,0.999,0.816,0.967,0.997,0.086,0.997,0.126,0.086,0.967,0.126,0.398,0.997,0.057,0.994,0.997,0.126,0.168,0.057,0.645,0.057,0.894,0.447,0.257,0.962,0.202,0.962,0.958,0.097,0.097,0.097,0.934,0.202,0.958,0.202,0.257,0.934,0.995,0.458,0.995,0.263,0.263,0.263,0.583,0.56,0.906,0.841,0.575,0.016,0.395,0.575,0.627,0.56,0.054,0.638,0.548,0.054,0.395,0.828,0.612,0.014,0.56,0.928,0.79,0.582,0.25,0.054,0.173,0.25,0.25,0.775,0.238,0.21,0.017,0.238,0.238,0.014,0.772,0.048,0.048,0.115,0.063,0.108,0.9,0.168,0.586,0.016,0.061,0.229,0.954,0.108,0.719,0.945,0.066,0.845,0.605,0.192,0.011,0.664,0.192,0.104,0.917,0.076,0.919,0.085,0.041,0.202,0.487,0.213,0.695,0.202,0.133,0.058,0.113,0.958,0.133,0.049,0.133,0.202,0.113,0.892,0.832,0.72,0.021,0.064,0.031,0.112,0.192,0.692,0.074,0.809,0.082,0.025,0.026,0.02,0.016,0.284,0.248,0.203
0.246,0.246,0.237,0.237,0.756,0.985,0.222,0.21,0.989,0.137,0.21,0.249,0.167,0.756,0.249,0.21,0.167,0.756,0.148,0.167,0.222,0.191,0.222,0.174,0.167,0.222,0.174,0.21,0.219,0.137,0.219,0.191,0.079,0.139,0.238,0.139,0.359,0.238,0.079,0.359,0.659,0.139,0.502,0.362,0.139,0.359,0.091,0.502,0.968,0.502,0.991,0.66,0.37,0.136,0.471,0.136,0.136,0.573,0.573,0.573,0.127,0.471,0.136,0.471,0.37,0.127,0.16,0.682,0.16,0.12,0.12,0.12,0.742,0.711,0.1,0.625,0.209,0.924,0.272,0.209,0.439,0.711,0.561,0.713,0.607,0.561,0.272,0.617,0.437,0.974,0.711,0.082,0.644,0.735,0.089,0.561,0.407,0.089,0.089,0.627,0.099,0.357,0.728,0.099,0.099,0.977,0.644,0.586,0.586,0.217,0.041,0.829,0.098,0.793,0.718,0.885,0.801,0.288,0.086,0.829,0.643,0.088,0.814,0.119,0.538,0.923,1.0,0.523,0.923,0.423,0.111,0.393,0.11,0.159,0.813,0.226,0.526,0.532,0.441,0.226,0.303,0.66,0.478,0.179,0.303,0.722,0.303,0.226,0.487,0.179,0.286,0.23,0.802,0.722,0.748,0.484,0.764,0.221,0.795,0.294,0.78,0.765,0.808,0.749,0.814,0.518,0.527,0.514
0.965,0.965,0.962,0.962,0.504,0.165,0.925,0.874,0.16,0.845,0.874,0.912,0.904,0.504,0.912,0.874,0.904,0.504,0.351,0.904,0.974,0.762,0.974,0.803,0.904,0.925,0.803,0.874,0.77,0.845,0.77,0.762,0.489,0.785,0.843,0.785,0.701,0.843,0.489,0.701,0.677,0.785,0.606,0.255,0.785,0.701,0.381,0.606,0.215,0.606,0.16,0.683,0.225,0.723,0.94,0.723,0.718,0.887,0.887,0.887,0.648,0.94,0.718,0.94,0.225,0.648,0.692,0.298,0.692,0.242,0.242,0.242,0.455,0.337,0.328,0.806,0.63,0.079,0.487,0.63,0.829,0.337,0.537,0.847,0.241,0.537,0.487,0.794,0.702,0.103,0.337,0.363,0.769,0.855,0.534,0.537,0.708,0.534,0.534,0.768,0.634,0.708,0.063,0.634,0.634,0.082,0.774,0.028,0.028,0.015,0.191,0.06,0.668,0.069,0.819,0.087,0.14,0.726,0.783,0.06,0.793,0.709,0.142,0.902,0.669,0.022,0.086,0.638,0.022,0.302,0.799,0.453,0.781,0.131,0.1,0.776,0.686,0.018,0.657,0.776,0.784,0.238,0.79,0.746,0.784,0.125,0.784,0.776,0.816,0.762,0.659,0.658,0.542,0.105,0.548,0.731,0.58,0.68,0.636,0.523,0.61,0.532,0.577,0.604,0.639,0.309,0.257,0.39
0.875,0.875,0.819,0.819,0.093,0.542,0.639,0.49,0.57,0.879,0.49,0.639,0.434,0.093,0.639,0.49,0.434,0.093,0.048,0.434,0.637,0.864,0.637,0.39,0.434,0.639,0.39,0.49,0.467,0.879,0.467,0.864,0.709,0.366,0.456,0.366,0.464,0.456,0.709,0.464,0.442,0.366,0.479,0.954,0.366,0.464,0.329,0.479,0.852,0.479,0.281,0.444,0.23,0.88,0.472,0.88,0.882,0.478,0.478,0.478,0.758,0.472,0.882,0.472,0.23,0.758,0.404,0.902,0.404,0.97,0.97,0.97,0.377,0.114,0.953,0.934,0.413,0.956,0.425,0.413,0.79,0.114,0.484,0.759,0.95,0.484,0.425,0.934,0.809,0.983,0.114,0.913,0.923,0.782,0.893,0.484,0.078,0.893,0.893,0.917,0.898,0.318,0.98,0.898,0.898,0.938,0.935,0.144,0.144,0.124,0.236,0.252,0.699,0.222,0.723,0.98,0.903,0.428,0.512,0.252,0.89,0.609,0.853,0.747,0.857,0.139,0.968,0.749,0.139,0.135,0.906,0.369,0.909,0.218,0.944,0.647,0.857,0.129,0.43,0.647,0.697,0.887,0.416,0.276,0.697,0.983,0.697,0.647,0.427,0.446,0.394,0.449,0.642,0.972,0.951,0.426,0.915,0.468,0.94,0.392,0.903,0.63,0.934,0.971,0.959,0.866,0.887,0.863
0.082,0.082,0.077,0.077,0.477,0.73,0.515,0.744,0.677,0.612,0.744,0.495,0.767,0.477,0.495,0.744,0.767,0.477,0.121,0.767,0.046,0.63,0.046,0.768,0.767,0.515,0.768,0.744,0.775,0.612,0.775,0.63,0.637,0.81,0.533,0.81,0.089,0.533,0.637,0.089,0.439,0.81,0.087,0.735,0.81,0.089,0.129,0.087,0.893,0.087,0.653,0.407,0.531,0.632,0.224,0.632,0.603,0.148,0.148,0.148,0.67,0.224,0.603,0.224,0.531,0.67,0.862,0.778,0.862,0.301,0.301,0.301,0.318,0.375,0.864,0.616,0.508,0.656,0.622,0.508,0.56,0.375,0.193,0.438,0.74,0.193,0.622,0.599,0.548,0.75,0.375,0.872,0.578,0.443,0.435,0.193,0.473,0.435,0.435,0.574,0.357,0.112,0.666,0.357,0.357,0.86,0.578,0.124,0.124,0.168,0.28,0.615,0.549,0.456,0.392,0.793,0.654,0.089,0.638,0.615,0.583,0.649,0.694,0.547,0.476,0.149,0.812,0.389,0.149,0.737,0.612,0.124,0.616,0.495,0.711,0.25,0.414,0.186,0.516,0.25,0.205,0.652,0.271,0.152,0.205,0.804,0.205,0.25,0.281,0.244,0.179,0.223,0.589,0.656,0.582,0.256,0.366,0.241,0.384,0.258,0.356,0.566,0.574,0.61,0.578,0.601,0.621,0.501
0.666,0.666,0.867,0.867,0.235,0.716,0.903,0.58,0.715,0.601,0.58,0.754,0.795,0.235,0.754,0.58,0.795,0.235,0.49,0.795,0.679,0.499,0.679,0.809,0.795,0.903,0.809,0.58,0.516,0.601,0.516,0.499,0.446,0.568,0.723,0.568,0.977,0.723,0.446,0.977,0.538,0.568,0.949,0.23,0.568,0.977,0.568,0.949,0.139,0.949,0.84,0.551,0.481,0.401,0.905,0.401,0.407,0.913,0.913,0.913,0.457,0.905,0.407,0.905,0.481,0.457,0.454,0.082,0.454,0.635,0.635,0.635,0.338,0.185,0.373,0.401,0.772,0.119,0.616,0.772,0.695,0.185,0.667,0.459,0.113,0.667,0.616,0.387,0.68,0.142,0.185,0.387,0.4,0.471,0.834,0.667,0.242,0.834,0.834,0.389,0.908,0.914,0.084,0.908,0.908,0.113,0.354,0.86,0.86,0.884,0.66,0.382,0.924,0.509,0.427,0.122,0.397,0.956,0.843,0.382,0.361,0.868,0.477,0.628,0.642,0.756,0.106,0.1,0.756,0.225,0.626,0.563,0.66,0.621,0.248,0.906,0.094,0.778,0.088,0.906,0.9,0.488,0.277,0.011,0.9,0.141,0.9,0.906,0.286,0.005,0.009,0.004,0.143,0.113,0.138,0.281,0.164,0.004,0.251,0.009,0.256,0.132,0.137,0.139,0.134,0.377,0.357,0.156
0.984,0.984,0.976,0.976,0.13,0.644,0.802,0.833,0.614,0.915,0.833,0.834,0.822,0.13,0.834,0.833,0.822,0.13,0.356,0.822,0.887,0.926,0.887,0.726,0.822,0.802,0.726,0.833,0.75,0.915,0.75,0.926,0.844,0.735,0.77,0.735,0.025,0.77,0.844,0.025,0.642,0.735,0.023,0.827,0.735,0.025,0.683,0.023,0.22,0.023,0.53,0.607,0.004,0.848,0.082,0.848,0.85,0.086,0.086,0.086,0.947,0.082,0.85,0.082,0.004,0.947,0.772,0.281,0.772,0.084,0.084,0.084,0.601,0.197,0.6,0.588,0.015,0.584,0.008,0.015,0.495,0.197,0.007,0.63,0.266,0.007,0.008,0.567,0.496,0.517,0.197,0.549,0.583,0.644,0.08,0.007,0.301,0.08,0.08,0.571,0.086,0.03,0.385,0.086,0.086,0.477,0.583,0.043,0.043,0.031,0.229,0.625,0.583,0.575,0.658,0.347,0.454,0.032,0.448,0.625,0.579,0.52,0.475,0.71,0.505,0.067,0.622,0.014,0.067,0.86,0.726,0.01,0.759,0.227,0.717,0.037,0.022,0.052,0.004,0.037,0.044,0.721,0.534,0.105,0.044,0.71,0.044,0.037,0.541,0.212,0.105,0.229,0.032,0.745,0.106,0.497,0.106,0.171,0.218,0.095,0.228,0.033,0.088,0.123,0.122,0.275,0.268,0.181
0.399,0.399,0.416,0.416,0.586,0.871,0.165,0.1,0.856,0.498,0.1,0.16,0.091,0.586,0.16,0.1,0.091,0.586,0.153,0.091,0.365,0.399,0.365,0.103,0.091,0.165,0.103,0.1,0.12,0.498,0.12,0.399,0.487,0.133,0.228,0.133,0.061,0.228,0.487,0.061,0.664,0.133,0.032,0.117,0.133,0.061,0.101,0.032,0.668,0.032,0.79,0.693,0.611,0.373,0.05,0.373,0.364,0.03,0.03,0.03,0.374,0.05,0.364,0.05,0.611,0.374,0.163,0.578,0.163,0.425,0.425,0.425,0.804,0.538,0.22,0.819,0.59,0.033,0.624,0.59,0.564,0.538,0.075,0.587,0.696,0.075,0.624,0.769,0.596,0.023,0.538,0.197,0.795,0.594,0.34,0.075,0.231,0.34,0.34,0.724,0.391,0.023,0.05,0.391,0.391,0.068,0.719,0.053,0.053,0.066,0.029,0.59,0.173,0.545,0.5,0.055,0.124,0.023,0.242,0.59,0.708,0.239,0.154,0.356,0.415,0.069,0.077,0.487,0.069,0.365,0.368,0.102,0.383,0.05,0.131,0.038,0.483,0.091,0.513,0.038,0.038,0.2,0.28,0.251,0.038,0.13,0.038,0.038,0.269,0.599,0.285,0.347,0.494,0.164,0.523,0.255,0.558,0.363,0.651,0.282,0.644,0.506,0.53,0.523,0.526,0.73,0.711,0.639
0.963,0.963,0.963,0.963,0.931,0.217,0.79,0.747,0.228,0.653,0.747,0.855,0.654,0.931,0.855,0.747,0.654,0.931,0.681,0.654,0.983,0.695,0.983,0.651,0.654,0.79,0.651,0.747,0.734,0.653,0.734,0.695,0.959,0.742,0.855,0.742,0.979,0.855,0.959,0.979,0.59,0.742,0.968,0.949,0.742,0.979,0.54,0.968,0.718,0.968,0.216,0.625,0.672,0.935,0.93,0.935,0.939,0.945,0.945,0.945,0.698,0.93,0.939,0.93,0.672,0.698,0.628,0.85,0.628,0.625,0.625,0.625,0.553,0.968,0.958,0.613,0.921,0.538,0.915,0.921,0.569,0.968,0.586,0.598,0.87,0.586,0.915,0.594,0.562,0.481,0.968,0.994,0.596,0.565,0.914,0.586,0.356,0.914,0.914,0.588,0.892,0.946,0.508,0.892,0.892,0.549,0.546,0.295,0.295,0.298,0.135,0.153,0.674,0.141,0.469,0.455,0.774,0.963,0.668,0.153,0.571,0.66,0.774,0.522,0.499,0.301,0.488,0.265,0.301,0.35,0.503,0.73,0.472,0.14,0.698,0.98,0.32,0.314,0.431,0.98,0.962,0.634,0.268,0.651,0.962,0.963,0.962,0.98,0.271,0.984,0.65,0.983,0.446,0.94,0.34,0.284,0.757,0.981,0.865,0.53,0.867,0.511,0.334,0.396,0.381,0.329,0.326,0.117
0.083,0.083,0.086,0.086,0.287,0.348,0.367,0.603,0.346,0.73,0.603,0.346,0.54,0.287,0.346,0.603,0.54,0.287,0.507,0.54,0.131,0.776,0.131,0.566,0.54,0.367,0.566,0.603,0.637,0.73,0.637,0.776,0.551,0.624,0.359,0.624,0.584,0.359,0.551,0.584,0.692,0.624,0.329,0.343,0.624,0.584,0.223,0.329,0.112,0.329,0.349,0.671,0.273,0.65,0.353,0.65,0.614,0.122,0.122,0.122,0.799,0.353,0.614,0.353,0.273,0.799,0.574,0.169,0.574,0.733,0.733,0.733,0.69,0.225,0.361,0.34,0.589,0.241,0.593,0.589,0.563,0.225,0.279,0.426,0.127,0.279,0.593,0.34,0.551,0.284,0.225,0.324,0.341,0.432,0.887,0.279,0.031,0.887,0.887,0.343,0.871,0.934,0.177,0.871,0.871,0.294,0.301,0.409,0.409,0.445,0.586,0.187,0.116,0.338,0.382,0.17,0.445,0.929,0.138,0.187,0.307,0.141,0.476,0.147,0.483,0.463,0.276,0.878,0.463,0.398,0.158,0.805,0.159,0.712,0.266,0.417,0.885,0.565,0.782,0.417,0.355,0.254,0.585,0.83,0.355,0.673,0.355,0.417,0.587,0.542,0.571,0.519,0.703,0.756,0.625,0.626,0.881,0.444,0.749,0.584,0.766,0.736,0.62,0.752,0.615,0.531,0.534,0.647
0.522,0.522,0.566,0.566,0.948,0.216,0.38,0.292,0.141,0.248,0.292,0.329,0.315,0.948,0.329,0.292,0.315,0.948,0.888,0.315,0.394,0.246,0.394,0.31,0.315,0.38,0.31,0.292,0.292,0.248,0.292,0.246,0.433,0.271,0.313,0.271,0.867,0.313,0.433,0.867,0.373,0.271,0.796,0.36,0.271,0.867,0.839,0.796,0.874,0.796,0.183,0.404,0.792,0.441,0.708,0.441,0.438,0.63,0.63,0.63,0.229,0.708,0.438,0.708,0.792,0.229,0.268,0.555,0.268,0.948,0.948,0.948,0.45,0.926,0.508,0.707,0.739,0.074,0.776,0.739,0.737,0.926,0.749,0.833,0.552,0.749,0.776,0.691,0.725,0.153,0.926,0.327,0.714,0.831,0.957,0.749,0.546,0.957,0.957,0.717,0.959,0.625,0.08,0.959,0.959,0.207,0.667,0.939,0.939,0.946,0.839,0.968,0.581,0.976,0.81,0.134,0.424,0.643,0.515,0.968,0.676,0.486,0.341,0.593,0.816,0.934,0.318,0.274,0.934,0.792,0.601,0.692,0.6,0.864,0.276,0.838,0.243,0.941,0.343,0.838,0.821,0.602,0.835,0.271,0.821,0.137,0.821,0.838,0.818,0.26,0.217,0.324,0.47,0.133,0.48,0.769,0.612,0.277,0.631,0.217,0.602,0.475,0.474,0.47,0.462,0.51,0.512,0.5
0.338,0.338,0.734,0.734,0.647,0.643,0.496,0.134,0.569,0.242,0.134,0.183,0.4,0.647,0.183,0.134,0.4,0.647,0.882,0.4,0.216,0.095,0.216,0.395,0.4,0.496,0.395,0.134,0.115,0.242,0.115,0.095,0.139,0.115,0.158,0.115,0.762,0.158,0.139,0.762,0.902,0.115,0.632,0.676,0.115,0.762,0.866,0.632,0.12,0.632,0.795,0.954,0.12,0.093,0.477,0.093,0.091,0.316,0.316,0.316,0.067,0.477,0.091,0.477,0.12,0.067,0.135,0.058,0.135,0.097,0.097,0.097,0.624,0.696,0.628,0.389,0.071,0.122,0.071,0.071,0.599,0.696,0.305,0.415,0.053,0.305,0.071,0.427,0.645,0.114,0.696,0.61,0.394,0.382,0.008,0.305,0.735,0.008,0.008,0.425,0.008,0.128,0.129,0.008,0.008,0.235,0.367,0.663,0.663,0.72,0.782,0.771,0.478,0.769,0.394,0.119,0.429,0.108,0.566,0.771,0.35,0.556,0.357,0.132,0.503,0.844,0.219,0.142,0.844,0.837,0.116,0.174,0.115,0.658,0.348,0.144,0.118,0.833,0.169,0.144,0.301,0.667,0.625,0.075,0.301,0.235,0.301,0.144,0.622,0.079,0.073,0.077,0.36,0.217,0.312,0.637,0.291,0.078,0.36,0.073,0.359,0.327,0.345,0.311,0.342,0.498,0.492,0.471
0.987,0.987,0.971,0.971,0.995,0.556,0.799,0.785,0.493,0.961,0.785,0.846,0.759,0.995,0.846,0.785,0.759,0.995,0.902,0.759,0.938,0.951,0.938,0.709,0.759,0.799,0.709,0.785,0.68,0.961,0.68,0.951,0.84,0.705,0.838,0.705,0.954,0.838,0.84,0.954,0.289,0.705,0.948,0.002,0.705,0.954,0.941,0.948,0.018,0.948,0.273,0.291,0.984,0.813,0.981,0.813,0.815,0.978,0.978,0.978,0.968,0.981,0.815,0.981,0.984,0.968,0.641,0.015,0.641,0.993,0.993,0.993,0.314,0.969,0.001,0.349,0.861,0.046,0.68,0.861,0.324,0.969,0.994,0.335,0.015,0.994,0.68,0.333,0.316,0.036,0.969,0.001,0.309,0.376,0.758,0.994,0.621,0.758,0.758,0.313,0.52,0.527,0.105,0.52,0.52,0.059,0.342,0.375,0.375,0.308,0.381,0.156,0.178,0.247,0.365,0.156,0.215,0.721,0.173,0.156,0.363,0.165,0.191,0.111,0.314,0.391,0.059,0.733,0.391,0.034,0.12,0.961,0.116,0.282,0.111,0.837,0.812,0.318,0.731,0.837,0.758,0.234,0.171,0.749,0.758,0.166,0.758,0.837,0.173,0.61,0.575,0.707,0.388,0.212,0.377,0.175,0.663,0.5,0.484,0.425,0.508,0.345,0.38,0.334,0.32,0.209,0.103,0.283
0.014,0.014,0.013,0.013,0.785,0.961,0.013,0.024,0.967,0.015,0.024,0.013,0.018,0.785,0.013,0.024,0.018,0.785,0.586,0.018,0.01,0.015,0.01,0.024,0.018,0.013,0.024,0.024,0.024,0.015,0.024,0.015,0.018,0.016,0.019,0.016,0.368,0.019,0.018,0.368,0.183,0.016,0.351,0.565,0.016,0.368,0.316,0.351,0.87,0.351,0.97,0.204,0.905,0.024,0.735,0.024,0.025,0.667,0.667,0.667,0.018,0.735,0.025,0.735,0.905,0.018,0.018,0.801,0.018,0.969,0.969,0.969,0.248,0.797,0.467,0.091,0.959,0.697,0.954,0.959,0.116,0.797,0.933,0.122,0.899,0.933,0.954,0.092,0.167,0.543,0.797,0.48,0.1,0.123,0.96,0.933,0.954,0.96,0.96,0.102,0.963,0.933,0.62,0.963,0.963,0.779,0.109,0.477,0.477,0.655,0.573,0.987,0.619,0.961,0.165,0.478,0.295,0.936,0.732,0.987,0.113,0.741,0.309,0.769,0.21,0.496,0.82,0.922,0.496,0.971,0.651,0.976,0.692,0.655,0.8,0.982,0.957,0.607,0.887,0.982,0.984,0.278,0.898,0.964,0.984,0.769,0.984,0.982,0.91,0.949,0.988,0.986,0.549,0.795,0.655,0.697,0.484,0.993,0.532,0.973,0.558,0.55,0.607,0.689,0.675,0.814,0.812,0.474
0.942,0.942,0.937,0.937,0.377,0.587,0.949,0.984,0.563,0.952,0.984,0.94,0.981,0.377,0.94,0.984,0.981,0.377,0.413,0.981,0.959,0.966,0.959,0.973,0.981,0.949,0.973,0.984,0.985,0.952,0.985,0.966,0.755,0.962,0.956,0.962,0.062,0.956,0.755,0.062,0.942,0.962,0.278,0.251,0.962,0.062,0.364,0.278,0.506,0.278,0.51,0.871,0.975,0.841,0.076,0.841,0.841,0.376,0.376,0.376,0.946,0.076,0.841,0.076,0.975,0.946,0.944,0.376,0.944,0.927,0.927,0.927,0.908,0.784,0.221,0.662,0.817,0.232,0.869,0.817,0.595,0.784,0.819,0.744,0.337,0.819,0.869,0.572,0.628,0.275,0.784,0.295,0.673,0.809,0.669,0.819,0.962,0.669,0.669,0.591,0.662,0.623,0.222,0.662,0.662,0.553,0.582,0.778,0.778,0.739,0.213,0.931,0.554,0.933,0.748,0.281,0.451,0.586,0.323,0.931,0.607,0.341,0.65,0.77,0.633,0.622,0.486,0.086,0.622,0.658,0.7,0.818,0.678,0.277,0.43,0.592,0.073,0.553,0.027,0.592,0.552,0.476,0.66,0.211,0.552,0.518,0.552,0.592,0.653,0.257,0.331,0.373,0.135,0.449,0.186,0.656,0.144,0.436,0.289,0.413,0.295,0.104,0.198,0.193,0.191,0.216,0.249,0.096
0.334,0.334,0.227,0.227,0.945,0.842,0.91,0.816,0.871,0.749,0.816,0.918,0.804,0.945,0.918,0.816,0.804,0.945,0.677,0.804,0.312,0.763,0.312,0.845,0.804,0.91,0.845,0.816,0.843,0.749,0.843,0.763,0.828,0.794,0.87,0.794,0.904,0.87,0.828,0.904,0.365,0.794,0.875,0.24,0.794,0.904,0.78,0.875,0.113,0.875,0.863,0.387,0.865,0.887,0.684,0.887,0.868,0.772,0.772,0.772,0.726,0.684,0.868,0.684,0.865,0.726,0.834,0.109,0.834,0.877,0.877,0.877,0.283,0.965,0.309,0.258,0.89,0.234,0.837,0.89,0.478,0.965,0.977,0.332,0.103,0.977,0.837,0.239,0.453,0.277,0.965,0.305,0.248,0.366,0.976,0.977,0.552,0.976,0.976,0.237,0.957,0.925,0.219,0.957,0.957,0.24,0.213,0.327,0.327,0.335,0.688,0.236,0.313,0.233,0.309,0.252,0.069,0.931,0.291,0.236,0.19,0.293,0.072,0.241,0.456,0.231,0.27,0.533,0.231,0.486,0.222,0.947,0.227,0.58,0.027,0.915,0.551,0.244,0.538,0.915,0.919,0.06,0.483,0.514,0.919,0.026,0.919,0.915,0.504,0.825,0.416,0.679,0.747,0.026,0.824,0.491,0.11,0.79,0.057,0.451,0.081,0.849,0.654,0.809,0.71,0.095,0.135,0.269
0.604,0.604,0.553,0.553,0.418,0.42,0.478,0.497,0.419,0.809,0.497,0.464,0.521,0.418,0.464,0.497,0.521,0.418,0.363,0.521,0.611,0.848,0.611,0.592,0.521,0.478,0.592,0.497,0.501,0.809,0.501,0.848,0.957,0.573,0.555,0.573,0.622,0.555,0.957,0.622,0.536,0.573,0.892,0.832,0.573,0.622,0.994,0.892,0.559,0.892,0.401,0.616,0.499,0.952,0.844,0.952,0.949,0.853,0.853,0.853,0.846,0.844,0.949,0.844,0.499,0.846,0.594,0.425,0.594,0.215,0.215,0.215,0.842,0.14,0.776,0.87,0.471,0.284,0.422,0.471,0.693,0.14,0.652,0.917,0.427,0.652,0.422,0.865,0.712,0.24,0.14,0.802,0.893,0.929,0.407,0.652,0.007,0.407,0.407,0.89,0.315,0.125,0.291,0.315,0.315,0.373,0.903,0.982,0.982,0.967,0.981,0.491,0.406,0.334,0.929,0.244,0.121,0.277,0.458,0.491,0.903,0.46,0.112,0.499,0.517,0.692,0.319,0.009,0.692,0.503,0.377,0.439,0.359,0.876,0.465,0.433,0.009,0.493,0.025,0.433,0.237,0.165,0.948,0.112,0.237,0.822,0.237,0.433,0.903,0.518,0.196,0.562,0.013,0.789,0.037,0.948,0.062,0.717,0.047,0.19,0.042,0.009,0.037,0.038,0.04,0.071,0.063,0.068
0.278,0.278,0.329,0.329,0.453,0.811,0.202,0.139,0.845,0.094,0.139,0.209,0.166,0.453,0.209,0.139,0.166,0.453,0.668,0.166,0.478,0.138,0.478,0.148,0.166,0.202,0.148,0.139,0.16,0.094,0.16,0.138,0.854,0.141,0.102,0.141,0.352,0.102,0.854,0.352,0.861,0.141,0.66,0.596,0.141,0.352,0.638,0.66,0.734,0.66,0.834,0.8,0.803,0.822,0.322,0.822,0.805,0.391,0.391,0.391,0.163,0.322,0.805,0.322,0.803,0.163,0.118,0.618,0.118,0.622,0.622,0.622,0.823,0.704,0.514,0.852,0.248,0.778,0.275,0.248,0.942,0.704,0.605,0.907,0.633,0.605,0.275,0.836,0.937,0.797,0.704,0.604,0.832,0.924,0.313,0.605,0.807,0.313,0.313,0.813,0.343,0.167,0.764,0.343,0.343,0.76,0.874,0.141,0.141,0.297,0.207,0.22,0.85,0.538,0.936,0.781,0.416,0.183,0.883,0.22,0.88,0.881,0.452,0.572,0.953,0.167,0.786,0.336,0.167,0.341,0.561,0.502,0.537,0.219,0.592,0.6,0.306,0.341,0.279,0.6,0.478,0.601,0.48,0.931,0.478,0.616,0.478,0.6,0.481,0.808,0.924,0.75,0.445,0.598,0.42,0.455,0.643,0.774,0.465,0.962,0.484,0.461,0.378,0.389,0.387,0.726,0.537,0.836
0.601,0.601,0.614,0.614,0.417,0.008,0.545,0.566,0.006,0.394,0.566,0.523,0.511,0.417,0.523,0.566,0.511,0.417,0.333,0.511,0.773,0.424,0.773,0.443,0.511,0.545,0.443,0.566,0.477,0.394,0.477,0.424,0.283,0.671,0.748,0.671,0.069,0.748,0.283,0.069,0.036,0.671,0.126,0.764,0.671,0.069,0.235,0.126,0.911,0.126,0.006,0.036,0.284,0.335,0.089,0.335,0.339,0.084,0.084,0.084,0.399,0.089,0.339,0.089,0.284,0.399,0.704,0.92,0.704,0.629,0.629,0.629,0.037,0.563,0.904,0.102,0.276,0.725,0.223,0.276,0.033,0.563,0.411,0.053,0.888,0.411,0.223,0.082,0.032,0.465,0.563,0.902,0.099,0.058,0.392,0.411,0.86,0.392,0.392,0.089,0.431,0.451,0.803,0.431,0.431,0.735,0.072,0.307,0.307,0.118,0.053,0.759,0.035,0.812,0.037,0.616,0.729,0.555,0.029,0.759,0.067,0.029,0.664,0.042,0.036,0.37,0.751,0.277,0.37,0.305,0.047,0.603,0.047,0.2,0.88,0.314,0.229,0.176,0.551,0.314,0.348,0.97,0.855,0.189,0.348,0.414,0.348,0.314,0.86,0.118,0.101,0.119,0.688,0.55,0.635,0.863,0.859,0.117,0.831,0.106,0.831,0.794,0.67,0.585,0.569,0.933,0.93,0.957
0.231,0.231,0.289,0.289,0.867,0.658,0.095,0.081,0.72,0.28,0.081,0.084,0.073,0.867,0.084,0.081,0.073,0.867,0.547,0.073,0.139,0.266,0.139,0.067,0.073,0.095,0.067,0.081,0.066,0.28,0.066,0.266,0.263,0.038,0.06,0.038,0.989,0.06,0.263,0.989,0.871,0.038,0.958,0.305,0.038,0.989,0.576,0.958,0.425,0.958,0.677,0.933,0.752,0.315,0.989,0.315,0.319,0.995,0.995,0.995,0.287,0.989,0.319,0.989,0.752,0.287,0.028,0.445,0.028,0.41,0.41,0.41,0.917,0.925,0.302,0.842,0.884,0.042,0.892,0.884,0.965,0.925,0.697,0.957,0.406,0.697,0.892,0.878,0.953,0.07,0.925,0.322,0.855,0.94,0.559,0.697,0.812,0.559,0.559,0.898,0.722,0.896,0.036,0.722,0.722,0.038,0.925,0.539,0.539,0.587,0.471,0.316,0.757,0.319,0.954,0.066,0.188,0.82,0.733,0.316,0.905,0.756,0.195,0.606,0.972,0.582,0.056,0.462,0.582,0.664,0.707,0.672,0.723,0.523,0.121,0.754,0.435,0.578,0.508,0.754,0.838,0.203,0.344,0.245,0.838,0.186,0.838,0.754,0.366,0.254,0.103,0.281,0.635,0.232,0.611,0.316,0.854,0.304,0.822,0.107,0.785,0.709,0.543,0.53,0.576,0.824,0.806,0.855
0.227,0.227,0.171,0.171,0.031,0.437,0.803,0.606,0.379,0.792,0.606,0.785,0.563,0.031,0.785,0.606,0.563,0.031,0.524,0.563,0.413,0.8,0.413,0.541,0.563,0.803,0.541,0.606,0.578,0.792,0.578,0.8,0.841,0.82,0.928,0.82,0.077,0.928,0.841,0.077,0.272,0.82,0.08,0.753,0.82,0.077,0.424,0.08,0.023,0.08,0.495,0.259,0.32,0.744,0.122,0.744,0.741,0.205,0.205,0.205,0.904,0.122,0.741,0.122,0.32,0.904,0.811,0.018,0.811,0.119,0.119,0.119,0.595,0.311,0.459,0.453,0.371,0.094,0.382,0.371,0.7,0.311,0.241,0.478,0.019,0.241,0.382,0.372,0.607,0.084,0.311,0.55,0.473,0.541,0.124,0.241,0.609,0.124,0.124,0.421,0.22,0.452,0.09,0.22,0.22,0.076,0.563,0.163,0.163,0.4,0.695,0.703,0.846,0.592,0.672,0.098,0.269,0.409,0.982,0.703,0.609,0.967,0.19,0.935,0.758,0.316,0.07,0.63,0.316,0.354,0.91,0.263,0.934,0.575,0.171,0.484,0.695,0.438,0.586,0.484,0.456,0.301,0.502,0.44,0.456,0.108,0.456,0.484,0.521,0.246,0.63,0.317,0.918,0.161,0.883,0.464,0.103,0.334,0.1,0.554,0.115,0.897,0.931,0.86,0.874,0.148,0.12,0.381
0.993,0.993,0.992,0.992,0.346,0.114,0.976,0.921,0.12,0.928,0.921,0.981,0.912,0.346,0.981,0.921,0.912,0.346,0.251,0.912,0.968,0.93,0.968,0.923,0.912,0.976,0.923,0.921,0.931,0.928,0.931,0.93,0.796,0.912,0.965,0.912,0.165,0.965,0.796,0.165,0.059,0.912,0.343,0.848,0.912,0.165,0.507,0.343,0.482,0.343,0.138,0.047,0.744,0.774,0.173,0.774,0.781,0.397,0.397,0.397,0.931,0.173,0.781,0.173,0.744,0.931,0.915,0.438,0.915,0.387,0.387,0.387,0.064,0.289,0.87,0.049,0.563,0.83,0.578,0.563,0.074,0.289,0.772,0.065,0.429,0.772,0.578,0.047,0.061,0.902,0.289,0.877,0.051,0.055,0.494,0.772,0.087,0.494,0.494,0.05,0.452,0.364,0.721,0.452,0.452,0.648,0.038,0.679,0.679,0.68,0.81,0.36,0.279,0.354,0.048,0.825,0.612,0.488,0.313,0.36,0.036,0.305,0.643,0.159,0.054,0.421,0.582,0.287,0.421,0.062,0.165,0.78,0.171,0.672,0.501,0.547,0.203,0.419,0.234,0.547,0.636,0.597,0.688,0.499,0.636,0.803,0.636,0.547,0.681,0.555,0.534,0.881,0.518,0.777,0.52,0.581,0.84,0.776,0.862,0.767,0.869,0.599,0.487,0.522,0.5,0.828,0.84,0.803
0.617,0.617,0.68,0.68,0.697,0.093,0.863,0.732,0.092,0.417,0.732,0.867,0.66,0.697,0.867,0.732,0.66,0.697,0.94,0.66,0.807,0.443,0.807,0.657,0.66,0.863,0.657,0.732,0.721,0.417,0.721,0.443,0.471,0.845,0.974,0.845,0.453,0.974,0.471,0.453,0.358,0.845,0.413,0.193,0.845,0.453,0.784,0.413,0.547,0.413,0.113,0.27,0.804,0.381,0.307,0.381,0.387,0.243,0.243,0.243,0.669,0.307,0.387,0.307,0.804,0.669,0.846,0.216,0.846,0.891,0.891,0.891,0.234,0.637,0.07,0.166,0.911,0.296,0.897,0.911,0.295,0.637,0.376,0.242,0.321,0.376,0.897,0.17,0.297,0.262,0.637,0.074,0.169,0.25,0.725,0.376,0.883,0.725,0.725,0.171,0.753,0.69,0.283,0.753,0.753,0.628,0.189,0.538,0.538,0.499,0.83,0.709,0.044,0.727,0.257,0.234,0.264,0.814,0.044,0.709,0.189,0.043,0.256,0.081,0.363,0.546,0.479,0.984,0.546,0.773,0.088,0.688,0.085,0.862,0.337,0.322,0.928,0.498,0.983,0.322,0.349,0.551,0.907,0.924,0.349,0.168,0.349,0.322,0.913,0.916,0.768,0.709,0.996,0.184,0.98,0.78,0.982,0.729,0.825,0.826,0.778,0.995,0.979,0.984,0.974,0.62,0.616,0.954
0.763,0.763,0.74,0.74,0.853,0.764,0.988,0.946,0.773,0.975,0.946,0.988,0.965,0.853,0.988,0.946,0.965,0.853,0.481,0.965,0.833,0.979,0.833,0.942,0.965,0.988,0.942,0.946,0.949,0.975,0.949,0.979,0.7,0.963,0.988,0.963,0.907,0.988,0.7,0.907,0.313,0.963,0.916,0.134,0.963,0.907,0.412,0.916,0.212,0.916,0.767,0.293,0.85,0.773,0.882,0.773,0.786,0.923,0.923,0.923,0.975,0.882,0.786,0.882,0.85,0.975,0.921,0.203,0.921,0.937,0.937,0.937,0.362,0.881,0.127,0.6,0.802,0.298,0.762,0.802,0.606,0.881,0.75,0.804,0.193,0.75,0.762,0.618,0.631,0.256,0.881,0.112,0.572,0.777,0.984,0.75,0.258,0.984,0.984,0.593,0.987,0.713,0.271,0.987,0.987,0.268,0.527,0.314,0.314,0.325,0.502,0.279,0.232,0.285,0.676,0.251,0.293,0.753,0.259,0.279,0.528,0.289,0.257,0.238,0.493,0.233,0.23,0.94,0.233,0.573,0.361,0.854,0.349,0.525,0.403,0.78,0.914,0.242,0.962,0.78,0.737,0.199,0.091,0.947,0.737,0.34,0.737,0.78,0.091,0.895,0.914,0.882,0.768,0.328,0.729,0.07,0.509,0.825,0.526,0.943,0.569,0.651,0.73,0.719,0.756,0.334,0.337,0.488
0.876,0.876,0.92,0.92,0.318,0.011,0.899,0.844,0.011,0.625,0.844,0.931,0.817,0.318,0.931,0.844,0.817,0.318,0.021,0.817,0.873,0.699,0.873,0.827,0.817,0.899,0.827,0.844,0.916,0.625,0.916,0.699,0.539,0.77,0.88,0.77,0.027,0.88,0.539,0.027,0.03,0.77,0.012,0.644,0.77,0.027,0.008,0.012,0.729,0.012,0.004,0.03,0.283,0.785,0.047,0.785,0.811,0.041,0.041,0.041,0.586,0.047,0.811,0.047,0.283,0.586,0.812,0.771,0.812,0.022,0.022,0.022,0.026,0.55,0.544,0.031,0.017,0.85,0.032,0.017,0.019,0.55,0.197,0.013,0.82,0.197,0.032,0.02,0.013,0.696,0.55,0.547,0.03,0.014,0.002,0.197,0.483,0.002,0.002,0.022,0.006,0.05,0.921,0.006,0.006,0.903,0.024,0.034,0.034,0.041,0.12,0.808,0.002,0.798,0.018,0.81,0.701,0.041,0.002,0.808,0.02,0.002,0.666,0.002,0.027,0.054,0.872,0.353,0.054,0.651,0.002,0.127,0.002,0.295,0.965,0.152,0.361,0.061,0.28,0.152,0.158,0.882,0.62,0.204,0.158,0.797,0.158,0.152,0.612,0.313,0.128,0.215,0.465,0.848,0.661,0.677,0.422,0.223,0.449,0.133,0.435,0.421,0.583,0.686,0.602,0.643,0.741,0.742
0.431,0.431,0.426,0.426,0.638,0.32,0.574,0.41,0.314,0.335,0.41,0.569,0.406,0.638,0.569,0.41,0.406,0.638,0.852,0.406,0.46,0.297,0.46,0.445,0.406,0.574,0.445,0.41,0.414,0.335,0.414,0.297,0.596,0.5,0.643,0.5,0.841,0.643,0.596,0.841,0.032,0.5,0.738,0.646,0.5,0.841,0.856,0.738,0.134,0.738,0.314,0.011,0.533,0.516,0.744,0.516,0.492,0.699,0.699,0.699,0.297,0.744,0.492,0.744,0.533,0.297,0.51,0.141,0.51,0.295,0.295,0.295,0.017,0.738,0.749,0.019,0.323,0.329,0.303,0.323,0.023,0.738,0.712,0.029,0.117,0.712,0.303,0.011,0.018,0.548,0.738,0.769,0.022,0.025,0.147,0.712,0.768,0.147,0.147,0.013,0.09,0.514,0.431,0.09,0.09,0.229,0.025,0.858,0.858,0.707,0.647,0.628,0.243,0.588,0.034,0.689,0.842,0.522,0.257,0.628,0.026,0.259,0.743,0.067,0.031,0.937,0.367,0.9,0.937,0.815,0.066,0.584,0.07,0.823,0.421,0.68,0.824,0.838,0.979,0.68,0.613,0.752,0.334,0.944,0.613,0.807,0.613,0.68,0.343,0.754,0.877,0.82,0.978,0.677,0.937,0.357,0.771,0.747,0.711,0.843,0.67,0.97,0.973,0.968,0.978,0.687,0.754,0.941
0.049,0.049,0.052,0.052,0.624,0.446,0.031,0.289,0.427,0.182,0.289,0.036,0.266,0.624,0.036,0.289,0.266,0.624,0.265,0.266,0.006,0.22,0.006,0.258,0.266,0.031,0.258,0.289,0.283,0.182,0.283,0.22,0.138,0.326,0.004,0.326,0.383,0.004,0.138,0.383,0.746,0.326,0.305,0.758,0.326,0.383,0.199,0.305,0.987,0.305,0.478,0.742,0.207,0.167,0.595,0.167,0.168,0.501,0.501,0.501,0.24,0.595,0.168,0.595,0.207,0.24,0.314,0.993,0.314,0.86,0.86,0.86,0.642,0.566,0.862,0.396,0.04,0.955,0.048,0.04,0.486,0.566,0.318,0.541,0.994,0.318,0.048,0.414,0.485,0.952,0.566,0.864,0.419,0.482,0.532,0.318,0.693,0.532,0.532,0.391,0.493,0.19,0.946,0.493,0.493,0.967,0.567,0.301,0.301,0.261,0.216,0.515,0.156,0.468,0.617,0.935,0.809,0.149,0.123,0.515,0.577,0.108,0.804,0.129,0.533,0.457,0.989,0.427,0.457,0.639,0.125,0.335,0.089,0.292,0.993,0.444,0.396,0.429,0.821,0.444,0.457,0.993,0.337,0.793,0.457,0.989,0.457,0.444,0.342,0.871,0.501,0.604,0.245,0.988,0.12,0.396,0.322,0.596,0.229,0.455,0.239,0.236,0.144,0.109,0.132,0.388,0.432,0.352
0.665,0.665,0.683,0.683,0.221,0.231,0.562,0.587,0.241,0.487,0.587,0.584,0.605,0.221,0.584,0.587,0.605,0.221,0.992,0.605,0.665,0.57,0.665,0.684,0.605,0.562,0.684,0.587,0.675,0.487,0.675,0.57,0.315,0.663,0.711,0.663,0.242,0.711,0.315,0.242,0.346,0.663,0.197,0.781,0.663,0.242,0.995,0.197,0.75,0.197,0.221,0.358,0.289,0.297,0.324,0.297,0.286,0.311,0.311,0.311,0.621,0.324,0.286,0.324,0.289,0.621,0.765,0.742,0.765,0.602,0.602,0.602,0.443,0.278,0.807,0.371,0.377,0.138,0.39,0.377,0.453,0.278,0.253,0.487,0.726,0.253,0.39,0.366,0.441,0.26,0.278,0.8,0.378,0.493,0.485,0.253,0.826,0.485,0.485,0.38,0.413,0.141,0.124,0.413,0.413,0.192,0.382,0.57,0.57,0.557,0.538,0.341,0.49,0.322,0.556,0.24,0.62,0.138,0.612,0.341,0.381,0.599,0.725,0.433,0.514,0.553,0.211,0.578,0.553,0.336,0.387,0.184,0.4,0.535,0.18,0.276,0.375,0.53,0.827,0.276,0.281,0.599,0.868,0.538,0.281,0.311,0.281,0.276,0.874,0.468,0.221,0.327,0.493,0.371,0.33,0.894,0.282,0.329,0.288,0.332,0.28,0.412,0.364,0.324,0.341,0.39,0.356,0.36
0.032,0.032,0.031,0.031,0.963,0.798,0.043,0.039,0.819,0.024,0.039,0.04,0.045,0.963,0.04,0.039,0.045,0.963,0.219,0.045,0.027,0.025,0.027,0.041,0.045,0.043,0.041,0.039,0.035,0.024,0.035,0.025,0.039,0.039,0.056,0.039,0.783,0.056,0.039,0.783,0.06,0.039,0.765,0.844,0.039,0.783,0.214,0.765,0.359,0.765,0.874,0.085,0.761,0.057,0.904,0.057,0.058,0.851,0.851,0.851,0.025,0.904,0.058,0.904,0.761,0.025,0.03,0.422,0.03,0.827,0.827,0.827,0.167,0.955,0.985,0.116,0.719,0.465,0.72,0.719,0.12,0.955,0.918,0.112,0.461,0.918,0.72,0.116,0.118,0.33,0.955,0.983,0.116,0.101,0.501,0.918,0.251,0.501,0.501,0.117,0.317,0.685,0.483,0.317,0.317,0.364,0.165,0.114,0.114,0.175,0.342,0.177,0.314,0.145,0.187,0.337,0.101,0.663,0.314,0.177,0.175,0.313,0.093,0.469,0.186,0.189,0.332,0.976,0.189,0.361,0.508,0.812,0.51,0.468,0.039,0.855,0.959,0.238,0.991,0.855,0.884,0.127,0.281,0.994,0.884,0.043,0.884,0.855,0.28,0.994,0.983,0.969,0.969,0.039,0.886,0.239,0.977,0.963,0.96,0.975,0.957,0.939,0.957,0.881,0.956,0.959,0.97,0.974
0.903,0.903,0.953,0.953,0.018,0.456,0.913,0.757,0.444,0.661,0.757,0.803,0.919,0.018,0.803,0.757,0.919,0.018,0.429,0.919,0.806,0.498,0.806,0.929,0.919,0.913,0.929,0.757,0.693,0.661,0.693,0.498,0.623,0.786,0.713,0.786,0.551,0.713,0.623,0.551,0.5,0.786,0.38,0.937,0.786,0.551,0.279,0.38,0.111,0.38,0.383,0.448,0.313,0.528,0.492,0.528,0.524,0.318,0.318,0.318,0.452,0.492,0.524,0.492,0.313,0.452,0.751,0.161,0.751,0.52,0.52,0.52,0.479,0.047,0.976,0.357,0.709,0.068,0.658,0.709,0.254,0.047,0.199,0.258,0.15,0.199,0.658,0.382,0.231,0.043,0.047,0.954,0.363,0.291,0.554,0.199,0.092,0.554,0.554,0.361,0.534,0.938,0.069,0.534,0.534,0.105,0.321,0.768,0.768,0.857,0.785,0.25,0.531,0.407,0.316,0.056,0.116,0.915,0.565,0.25,0.327,0.562,0.102,0.248,0.31,0.917,0.058,0.024,0.917,0.318,0.265,0.546,0.268,0.842,0.029,0.675,0.03,0.906,0.03,0.675,0.664,0.059,0.119,0.838,0.664,0.064,0.664,0.675,0.123,0.848,0.572,0.827,0.095,0.067,0.161,0.121,0.182,0.792,0.344,0.494,0.339,0.112,0.157,0.162,0.152,0.413,0.4,0.235
0.51,0.51,0.483,0.483,0.864,0.182,0.407,0.466,0.173,0.393,0.466,0.391,0.437,0.864,0.391,0.466,0.437,0.864,0.262,0.437,0.521,0.439,0.521,0.436,0.437,0.407,0.436,0.466,0.46,0.393,0.46,0.439,0.397,0.493,0.372,0.493,0.241,0.372,0.397,0.241,0.86,0.493,0.268,0.931,0.493,0.241,0.362,0.268,0.752,0.268,0.454,0.642,0.962,0.326,0.152,0.326,0.337,0.168,0.168,0.168,0.371,0.152,0.337,0.152,0.962,0.371,0.477,0.869,0.477,0.918,0.918,0.918,0.413,0.828,0.913,0.612,0.985,0.772,0.996,0.985,0.643,0.828,0.518,0.597,0.849,0.518,0.996,0.593,0.641,0.44,0.828,0.897,0.615,0.605,0.886,0.518,0.999,0.886,0.886,0.58,0.925,0.433,0.747,0.925,0.925,0.568,0.591,0.453,0.453,0.504,0.425,0.897,0.475,0.894,0.55,0.409,0.754,0.401,0.486,0.897,0.572,0.489,0.706,0.442,0.676,0.495,0.357,0.34,0.495,0.813,0.438,0.495,0.431,0.713,0.17,0.368,0.367,0.512,0.293,0.368,0.474,0.52,0.86,0.88,0.474,0.379,0.474,0.368,0.871,0.722,0.787,0.776,0.377,0.345,0.44,0.783,0.076,0.516,0.083,0.797,0.083,0.37,0.423,0.46,0.423,0.19,0.175,0.095
0.468,0.468,0.488,0.488,0.851,0.457,0.53,0.668,0.429,0.882,0.668,0.504,0.669,0.851,0.504,0.668,0.669,0.851,0.807,0.669,0.498,0.854,0.498,0.734,0.669,0.53,0.734,0.668,0.715,0.882,0.715,0.854,0.403,0.797,0.44,0.797,0.833,0.44,0.403,0.833,0.842,0.797,0.879,0.114,0.797,0.833,0.777,0.879,0.331,0.879,0.327,0.845,0.463,0.487,0.878,0.487,0.499,0.918,0.918,0.918,0.85,0.878,0.499,0.878,0.463,0.85,0.832,0.434,0.832,0.838,0.838,0.838,0.551,0.775,0.123,0.681,0.662,0.075,0.583,0.662,0.77,0.775,0.549,0.786,0.418,0.549,0.583,0.683,0.772,0.086,0.775,0.132,0.693,0.788,0.781,0.549,0.5,0.781,0.781,0.7,0.65,0.863,0.068,0.65,0.65,0.083,0.669,0.462,0.462,0.502,0.757,0.677,0.623,0.674,0.763,0.08,0.453,0.888,0.481,0.677,0.654,0.458,0.479,0.359,0.759,0.401,0.072,0.877,0.401,0.793,0.344,0.741,0.364,0.747,0.236,0.661,0.919,0.456,0.967,0.661,0.577,0.695,0.866,0.898,0.577,0.188,0.577,0.661,0.879,0.832,0.87,0.77,0.295,0.259,0.338,0.861,0.379,0.746,0.405,0.822,0.421,0.305,0.337,0.263,0.28,0.356,0.349,0.139
0.06,0.06,0.055,0.055,0.798,0.442,0.048,0.758,0.423,0.605,0.758,0.042,0.741,0.798,0.042,0.758,0.741,0.798,0.078,0.741,0.033,0.679,0.033,0.757,0.741,0.048,0.757,0.758,0.792,0.605,0.792,0.679,0.865,0.83,0.017,0.83,0.77,0.017,0.865,0.77,0.48,0.83,0.762,0.026,0.83,0.77,0.299,0.762,0.179,0.762,0.749,0.492,0.729,0.836,0.738,0.836,0.831,0.835,0.835,0.835,0.776,0.738,0.831,0.738,0.729,0.776,0.774,0.16,0.774,0.405,0.405,0.405,0.562,0.763,0.031,0.363,0.311,0.663,0.501,0.311,0.404,0.763,0.739,0.291,0.166,0.739,0.501,0.358,0.408,0.624,0.763,0.029,0.401,0.288,0.335,0.739,0.135,0.335,0.335,0.398,0.332,0.604,0.698,0.332,0.332,0.473,0.324,0.177,0.177,0.176,0.124,0.231,0.036,0.165,0.271,0.656,0.671,0.47,0.024,0.231,0.39,0.023,0.7,0.033,0.387,0.182,0.728,0.507,0.182,0.418,0.033,0.799,0.03,0.123,0.938,0.243,0.523,0.195,0.572,0.243,0.381,0.718,0.422,0.315,0.381,0.679,0.381,0.243,0.415,0.552,0.318,0.55,0.089,0.799,0.046,0.364,0.171,0.459,0.13,0.291,0.156,0.071,0.057,0.052,0.068,0.31,0.297,0.174
0.633,0.633,0.674,0.674,0.385,0.83,0.614,0.474,0.855,0.392,0.474,0.576,0.471,0.385,0.576,0.474,0.471,0.385,0.914,0.471,0.554,0.421,0.554,0.501,0.471,0.614,0.501,0.474,0.5,0.392,0.5,0.421,0.244,0.466,0.521,0.466,0.418,0.521,0.244,0.418,0.579,0.466,0.549,0.145,0.466,0.418,0.646,0.549,0.589,0.549,0.819,0.685,0.285,0.274,0.539,0.274,0.278,0.61,0.61,0.61,0.407,0.539,0.278,0.539,0.285,0.407,0.45,0.536,0.45,0.728,0.728,0.728,0.655,0.652,0.158,0.445,0.474,0.536,0.48,0.474,0.428,0.652,0.492,0.394,0.586,0.492,0.48,0.452,0.443,0.379,0.652,0.15,0.463,0.37,0.76,0.492,1.0,0.76,0.76,0.467,0.689,0.533,0.577,0.689,0.689,0.552,0.436,0.797,0.797,0.881,0.766,0.758,0.007,0.762,0.381,0.372,0.436,0.504,0.012,0.758,0.437,0.012,0.399,0.02,0.473,0.85,0.384,0.15,0.85,0.885,0.017,0.485,0.015,0.87,0.448,0.511,0.179,0.841,0.129,0.511,0.528,0.282,0.259,0.057,0.528,0.708,0.528,0.511,0.24,0.052,0.052,0.043,0.194,0.644,0.282,0.249,0.309,0.044,0.335,0.07,0.338,0.194,0.284,0.255,0.267,0.256,0.26,0.282
0.816,0.816,0.687,0.687,0.646,0.36,0.591,0.59,0.361,0.512,0.59,0.685,0.514,0.646,0.685,0.59,0.514,0.646,0.377,0.514,0.722,0.536,0.722,0.502,0.514,0.591,0.502,0.59,0.549,0.512,0.549,0.536,0.461,0.592,0.677,0.592,0.814,0.677,0.461,0.814,0.251,0.592,0.845,0.387,0.592,0.814,0.45,0.845,0.321,0.845,0.291,0.247,0.895,0.54,0.799,0.54,0.549,0.775,0.775,0.775,0.517,0.799,0.549,0.799,0.895,0.517,0.591,0.219,0.591,0.895,0.895,0.895,0.311,0.508,0.42,0.055,0.655,0.085,0.757,0.655,0.067,0.508,0.937,0.071,0.204,0.937,0.757,0.057,0.063,0.098,0.508,0.487,0.053,0.074,0.61,0.937,0.239,0.61,0.61,0.058,0.678,0.86,0.103,0.678,0.678,0.114,0.048,0.148,0.148,0.169,0.24,0.211,0.914,0.209,0.064,0.084,0.102,0.719,0.902,0.211,0.043,0.893,0.151,0.85,0.057,0.123,0.16,0.689,0.123,0.763,0.881,0.921,0.876,0.207,0.193,0.925,0.715,0.144,0.819,0.925,0.932,0.087,0.237,0.524,0.932,0.209,0.932,0.925,0.239,0.864,0.392,0.668,0.689,0.135,0.714,0.303,0.775,0.638,0.652,0.41,0.598,0.668,0.716,0.656,0.671,0.636,0.606,0.807
0.536,0.536,0.579,0.579,0.89,0.712,0.779,0.658,0.656,0.887,0.658,0.677,0.812,0.89,0.677,0.658,0.812,0.89,0.953,0.812,0.512,0.731,0.512,0.857,0.812,0.779,0.857,0.658,0.698,0.887,0.698,0.731,0.771,0.686,0.656,0.686,0.947,0.656,0.771,0.947,0.452,0.686,0.97,0.593,0.686,0.947,0.945,0.97,0.531,0.97,0.28,0.659,0.818,0.809,0.826,0.809,0.74,0.834,0.834,0.834,0.677,0.826,0.74,0.826,0.818,0.677,0.611,0.501,0.611,0.78,0.78,0.78,0.859,0.912,0.578,0.61,0.748,0.623,0.601,0.748,0.905,0.912,0.801,0.803,0.507,0.801,0.601,0.579,0.873,0.746,0.912,0.571,0.625,0.807,0.853,0.801,0.904,0.853,0.853,0.556,0.833,0.754,0.458,0.833,0.833,0.385,0.74,0.905,0.905,0.92,0.959,0.918,0.898,0.919,0.834,0.713,0.684,0.769,0.795,0.918,0.704,0.803,0.478,0.985,0.94,0.839,0.445,0.589,0.839,0.9,0.806,0.802,0.817,0.866,0.352,0.817,0.579,0.835,0.468,0.817,0.753,0.64,0.783,0.208,0.753,0.592,0.753,0.817,0.792,0.413,0.104,0.391,0.633,0.609,0.792,0.84,0.134,0.348,0.108,0.167,0.099,0.773,0.832,0.829,0.835,0.024,0.026,0.123
0.699,0.699,0.693,0.693,0.895,0.221,0.715,0.517,0.205,0.575,0.517,0.74,0.497,0.895,0.74,0.517,0.497,0.895,0.963,0.497,0.94,0.611,0.94,0.583,0.497,0.715,0.583,0.517,0.6,0.575,0.6,0.611,0.366,0.731,0.809,0.731,0.983,0.809,0.366,0.983,0.545,0.731,0.985,0.402,0.731,0.983,0.954,0.985,0.586,0.985,0.194,0.542,0.897,0.305,0.897,0.305,0.296,0.967,0.967,0.967,0.773,0.897,0.296,0.897,0.897,0.773,0.804,0.345,0.804,0.712,0.712,0.712,0.196,0.985,0.168,0.752,0.953,0.093,0.919,0.953,0.235,0.985,0.929,0.813,0.329,0.929,0.919,0.727,0.236,0.105,0.985,0.165,0.744,0.833,0.964,0.929,0.764,0.964,0.964,0.725,0.909,0.955,0.087,0.909,0.909,0.088,0.826,0.691,0.691,0.703,0.353,0.387,0.559,0.418,0.905,0.091,0.331,0.987,0.433,0.387,0.836,0.409,0.355,0.512,0.223,0.722,0.085,0.266,0.722,0.574,0.439,0.838,0.428,0.37,0.182,0.998,0.255,0.69,0.162,0.998,0.985,0.271,0.661,0.29,0.985,0.268,0.985,0.998,0.674,0.391,0.167,0.25,0.005,0.254,0.032,0.74,0.013,0.261,0.038,0.163,0.04,0.006,0.023,0.037,0.025,0.033,0.028,0.019
0.948,0.948,0.911,0.911,0.759,0.22,0.868,0.889,0.223,0.856,0.889,0.883,0.884,0.759,0.883,0.889,0.884,0.759,0.705,0.884,0.967,0.899,0.967,0.894,0.884,0.868,0.894,0.889,0.877,0.856,0.877,0.899,0.605,0.908,0.915,0.908,0.469,0.915,0.605,0.469,0.424,0.908,0.291,0.822,0.908,0.469,0.607,0.291,0.841,0.291,0.271,0.532,0.4,0.577,0.65,0.577,0.577,0.44,0.44,0.44,0.851,0.65,0.577,0.65,0.4,0.851,0.928,0.841,0.928,0.288,0.288,0.288,0.36,0.59,0.745,0.607,0.515,0.953,0.55,0.515,0.518,0.59,0.543,0.558,0.837,0.543,0.55,0.608,0.499,0.896,0.59,0.787,0.601,0.549,0.651,0.543,0.913,0.651,0.651,0.612,0.651,0.59,0.931,0.651,0.651,0.788,0.699,0.701,0.701,0.777,0.35,0.294,0.693,0.345,0.657,0.866,0.975,0.617,0.602,0.294,0.698,0.577,0.993,0.698,0.755,0.663,0.809,0.239,0.663,0.208,0.776,0.466,0.786,0.322,0.756,0.729,0.216,0.729,0.285,0.729,0.751,0.981,0.72,0.446,0.751,0.936,0.751,0.729,0.696,0.305,0.535,0.443,0.452,0.89,0.471,0.728,0.623,0.404,0.639,0.488,0.674,0.488,0.465,0.482,0.465,0.633,0.62,0.605
0.485,0.485,0.509,0.509,0.334,0.238,0.623,0.661,0.209,0.774,0.661,0.605,0.575,0.334,0.605,0.661,0.575,0.334,0.734,0.575,0.63,0.799,0.63,0.644,0.575,0.623,0.644,0.661,0.681,0.774,0.681,0.799,0.486,0.793,0.681,0.793,0.274,0.681,0.486,0.274,0.474,0.793,0.276,0.186,0.793,0.274,0.815,0.276,0.323,0.276,0.295,0.494,0.081,0.457,0.386,0.457,0.467,0.337,0.337,0.337,0.924,0.386,0.467,0.386,0.081,0.924,0.815,0.386,0.815,0.5,0.5,0.5,0.429,0.083,0.167,0.801,0.119,0.703,0.116,0.119,0.878,0.083,0.094,0.739,0.377,0.094,0.116,0.699,0.881,0.593,0.083,0.217,0.798,0.818,0.281,0.094,0.495,0.281,0.281,0.703,0.292,0.093,0.759,0.292,0.292,0.873,0.88,0.632,0.632,0.588,0.707,0.498,0.308,0.448,0.88,0.659,0.538,0.112,0.344,0.498,0.844,0.34,0.586,0.416,0.91,0.657,0.877,0.588,0.657,0.362,0.455,0.141,0.467,0.681,0.751,0.096,0.591,0.481,0.564,0.096,0.092,0.75,0.78,0.599,0.092,0.451,0.092,0.096,0.726,0.526,0.828,0.713,0.756,0.49,0.89,0.847,0.52,0.503,0.604,0.622,0.554,0.748,0.897,0.886,0.901,0.646,0.619,0.93
0.826,0.826,0.808,0.808,0.149,0.709,0.685,0.711,0.599,0.75,0.711,0.674,0.725,0.149,0.674,0.711,0.725,0.149,0.341,0.725,0.876,0.746,0.876,0.741,0.725,0.685,0.741,0.711,0.717,0.75,0.717,0.746,0.514,0.835,0.899,0.835,0.035,0.899,0.514,0.035,0.375,0.835,0.011,0.636,0.835,0.035,0.237,0.011,0.71,0.011,0.665,0.367,0.435,0.406,0.007,0.406,0.403,0.001,0.001,0.001,0.832,0.007,0.403,0.007,0.435,0.832,0.853,0.899,0.853,0.749,0.749,0.749,0.463,0.125,0.596,0.486,0.507,0.529,0.671,0.507,0.308,0.125,0.051,0.623,0.887,0.051,0.671,0.461,0.329,0.488,0.125,0.577,0.484,0.638,0.862,0.051,0.888,0.862,0.862,0.458,0.843,0.075,0.42,0.843,0.843,0.319,0.4,0.101,0.101,0.214,0.202,0.224,0.527,0.184,0.565,0.385,0.311,0.018,0.529,0.224,0.404,0.56,0.268,0.543,0.321,0.198,0.46,0.079,0.198,0.332,0.473,0.048,0.525,0.217,0.149,0.012,0.064,0.239,0.085,0.012,0.068,0.186,0.692,0.78,0.068,0.192,0.068,0.012,0.702,0.587,0.732,0.608,0.078,0.214,0.091,0.746,0.085,0.574,0.162,0.666,0.165,0.062,0.099,0.082,0.089,0.133,0.131,0.122
0.751,0.751,0.827,0.827,0.28,0.006,0.741,0.451,0.007,0.322,0.451,0.65,0.606,0.28,0.65,0.451,0.606,0.28,0.939,0.606,0.644,0.316,0.644,0.582,0.606,0.741,0.582,0.451,0.42,0.322,0.42,0.316,0.387,0.365,0.412,0.365,0.819,0.412,0.387,0.819,0.028,0.365,0.803,0.784,0.365,0.819,0.792,0.803,0.73,0.803,0.011,0.027,0.476,0.404,0.829,0.404,0.382,0.788,0.788,0.788,0.286,0.829,0.382,0.829,0.476,0.286,0.344,0.658,0.344,0.802,0.802,0.802,0.021,0.585,0.473,0.023,0.645,0.78,0.627,0.645,0.017,0.585,0.698,0.011,0.493,0.698,0.627,0.021,0.02,0.623,0.585,0.336,0.021,0.018,0.913,0.698,0.641,0.913,0.913,0.017,0.905,0.719,0.716,0.905,0.905,0.657,0.019,0.913,0.913,0.916,0.933,0.732,0.008,0.729,0.016,0.63,0.498,0.732,0.009,0.732,0.016,0.008,0.462,0.004,0.026,0.902,0.606,0.919,0.902,0.691,0.004,0.658,0.004,0.916,0.349,0.727,0.927,0.887,0.577,0.727,0.728,0.584,0.928,0.479,0.728,0.496,0.728,0.727,0.938,0.705,0.783,0.581,0.963,0.434,0.949,0.963,0.956,0.623,0.863,0.758,0.883,0.976,0.91,0.941,0.925,0.686,0.733,0.61
0.541,0.541,0.518,0.518,0.187,0.327,0.456,0.373,0.366,0.604,0.373,0.416,0.367,0.187,0.416,0.373,0.367,0.187,0.376,0.367,0.609,0.667,0.609,0.361,0.367,0.456,0.361,0.373,0.369,0.604,0.369,0.667,0.417,0.401,0.526,0.401,0.16,0.526,0.417,0.16,0.288,0.401,0.685,0.515,0.401,0.16,0.541,0.685,0.467,0.685,0.517,0.25,0.72,0.432,0.196,0.432,0.433,0.71,0.71,0.71,0.714,0.196,0.433,0.196,0.72,0.714,0.406,0.777,0.406,0.834,0.834,0.834,0.215,0.159,0.396,0.485,0.866,0.951,0.857,0.866,0.672,0.159,0.895,0.624,0.546,0.895,0.857,0.479,0.658,0.92,0.159,0.39,0.536,0.631,0.857,0.895,0.021,0.857,0.857,0.515,0.786,0.949,0.932,0.786,0.786,0.814,0.487,0.996,0.996,0.998,0.557,0.638,0.934,0.625,0.626,0.974,0.815,0.941,0.866,0.638,0.542,0.891,0.886,0.914,0.677,0.976,0.766,0.231,0.976,0.271,0.918,0.783,0.961,0.432,0.576,0.957,0.228,0.99,0.322,0.957,0.97,0.68,0.09,0.281,0.97,0.738,0.97,0.957,0.092,0.736,0.418,0.802,0.467,0.829,0.356,0.091,0.568,0.787,0.709,0.429,0.709,0.472,0.424,0.378,0.458,0.565,0.591,0.521
0.478,0.478,0.718,0.718,0.809,0.886,0.852,0.407,0.887,0.651,0.407,0.525,0.678,0.809,0.525,0.407,0.678,0.809,0.506,0.678,0.517,0.357,0.517,0.633,0.678,0.852,0.633,0.407,0.413,0.651,0.413,0.357,0.712,0.324,0.511,0.324,0.74,0.511,0.712,0.74,0.992,0.324,0.693,0.506,0.324,0.74,0.9,0.693,0.691,0.693,0.856,0.994,0.764,0.562,0.838,0.562,0.581,0.779,0.779,0.779,0.322,0.838,0.581,0.838,0.764,0.322,0.306,0.651,0.306,0.654,0.654,0.654,0.987,0.672,0.474,0.93,0.571,0.784,0.779,0.571,0.996,0.672,0.852,0.956,0.776,0.852,0.779,0.929,0.993,0.895,0.672,0.479,0.952,0.974,0.374,0.852,0.761,0.374,0.374,0.949,0.352,0.674,0.792,0.352,0.352,0.59,0.955,0.281,0.281,0.245,0.257,0.037,0.638,0.03,0.991,0.918,0.787,0.693,0.791,0.037,0.977,0.838,0.734,0.777,0.998,0.303,0.608,0.076,0.303,0.27,0.777,0.847,0.844,0.297,0.757,0.8,0.076,0.277,0.068,0.8,0.881,0.427,0.188,0.096,0.881,0.82,0.881,0.8,0.192,0.091,0.096,0.098,0.123,0.896,0.125,0.154,0.359,0.098,0.351,0.093,0.35,0.179,0.121,0.174,0.121,0.196,0.3,0.275
0.096,0.096,0.108,0.108,0.222,0.68,0.106,0.119,0.697,0.084,0.119,0.096,0.142,0.222,0.096,0.119,0.142,0.222,0.054,0.142,0.124,0.118,0.124,0.151,0.142,0.106,0.151,0.119,0.144,0.084,0.144,0.118,0.54,0.082,0.029,0.082,0.145,0.029,0.54,0.145,0.472,0.082,0.26,0.429,0.082,0.145,0.093,0.26,0.633,0.26,0.827,0.408,0.927,0.557,0.1,0.557,0.563,0.28,0.28,0.28,0.09,0.1,0.563,0.1,0.927,0.09,0.065,0.533,0.065,0.769,0.769,0.769,0.244,0.214,0.323,0.479,0.431,0.345,0.497,0.431,0.457,0.214,0.899,0.465,0.527,0.899,0.497,0.47,0.409,0.336,0.214,0.331,0.456,0.477,0.674,0.899,0.24,0.674,0.674,0.465,0.706,0.365,0.323,0.706,0.706,0.38,0.408,0.928,0.928,0.81,0.934,0.614,0.691,0.535,0.399,0.332,0.426,0.314,0.692,0.614,0.413,0.704,0.453,0.64,0.38,0.816,0.39,0.864,0.816,0.889,0.665,0.867,0.63,0.698,0.23,0.504,0.859,0.654,0.88,0.504,0.611,0.587,0.798,0.715,0.611,0.197,0.611,0.504,0.769,0.934,0.752,0.973,0.795,0.187,0.745,0.743,0.673,0.97,0.424,0.692,0.48,0.818,0.689,0.691,0.672,0.757,0.675,0.768
0.585,0.585,0.534,0.534,0.423,0.514,0.693,0.672,0.517,0.508,0.672,0.618,0.722,0.423,0.618,0.672,0.722,0.423,0.04,0.722,0.547,0.582,0.547,0.724,0.722,0.693,0.724,0.672,0.747,0.508,0.747,0.582,0.326,0.719,0.739,0.719,0.324,0.739,0.326,0.324,0.968,0.719,0.264,0.477,0.719,0.324,0.025,0.264,0.797,0.264,0.439,0.937,0.109,0.299,0.369,0.299,0.292,0.338,0.338,0.338,0.671,0.369,0.292,0.369,0.109,0.671,0.784,0.887,0.784,0.05,0.05,0.05,0.97,0.399,0.539,0.958,0.099,0.689,0.098,0.099,0.999,0.399,0.116,0.99,0.864,0.116,0.098,0.964,1.0,0.658,0.399,0.582,0.957,0.987,0.042,0.116,0.086,0.042,0.042,0.969,0.047,0.183,0.727,0.047,0.047,0.586,0.971,0.277,0.277,0.253,0.005,0.326,0.803,0.218,0.986,0.733,0.285,0.189,0.845,0.326,0.971,0.799,0.416,0.828,1.0,0.302,0.327,0.547,0.302,0.015,0.864,0.238,0.857,0.012,0.321,0.246,0.379,0.276,0.542,0.246,0.24,0.674,0.972,0.329,0.24,0.663,0.24,0.246,0.967,0.601,0.216,0.543,0.607,0.694,0.642,0.984,0.284,0.614,0.141,0.32,0.153,0.581,0.668,0.573,0.557,0.149,0.152,0.176
0.55,0.55,0.525,0.525,0.822,0.547,0.455,0.73,0.608,0.885,0.73,0.444,0.713,0.822,0.444,0.73,0.713,0.822,0.252,0.713,0.687,0.901,0.687,0.711,0.713,0.455,0.711,0.73,0.764,0.885,0.764,0.901,0.67,0.868,0.558,0.868,0.65,0.558,0.67,0.65,0.889,0.868,0.769,0.675,0.868,0.65,0.345,0.769,0.512,0.769,0.576,0.916,0.891,0.605,0.948,0.605,0.67,0.961,0.961,0.961,0.942,0.948,0.67,0.948,0.891,0.942,0.865,0.832,0.865,0.836,0.836,0.836,0.923,0.37,0.798,0.824,0.858,0.136,0.681,0.858,0.63,0.37,0.822,0.891,0.642,0.822,0.681,0.83,0.62,0.122,0.37,0.82,0.843,0.882,0.899,0.822,0.375,0.899,0.899,0.855,0.879,0.726,0.115,0.879,0.879,0.084,0.809,0.682,0.682,0.501,0.82,0.43,0.442,0.433,0.931,0.102,0.161,0.863,0.489,0.43,0.84,0.463,0.165,0.4,0.603,0.667,0.119,0.097,0.667,0.881,0.536,0.893,0.481,0.835,0.208,0.961,0.089,0.497,0.066,0.961,0.937,0.208,0.668,0.603,0.937,0.2,0.937,0.961,0.642,0.913,0.677,0.934,0.073,0.204,0.171,0.701,0.31,0.935,0.253,0.637,0.283,0.072,0.131,0.157,0.143,0.243,0.232,0.272
0.063,0.063,0.064,0.064,0.053,0.296,0.075,0.075,0.27,0.077,0.075,0.07,0.07,0.053,0.07,0.075,0.07,0.053,0.089,0.07,0.228,0.097,0.228,0.079,0.07,0.075,0.079,0.075,0.074,0.077,0.074,0.097,0.094,0.216,0.293,0.216,0.239,0.293,0.094,0.239,0.057,0.216,0.518,0.012,0.216,0.239,0.118,0.518,0.036,0.518,0.578,0.057,0.275,0.074,0.688,0.074,0.074,0.803,0.803,0.803,0.208,0.688,0.074,0.688,0.275,0.208,0.236,0.021,0.236,0.155,0.155,0.155,0.061,0.009,0.007,0.028,0.746,0.062,0.785,0.746,0.064,0.009,0.449,0.042,0.021,0.449,0.785,0.036,0.088,0.051,0.009,0.008,0.033,0.039,0.296,0.449,0.015,0.296,0.296,0.035,0.443,0.857,0.057,0.443,0.443,0.057,0.069,0.391,0.391,0.347,0.944,0.218,0.362,0.153,0.104,0.051,0.07,0.821,0.359,0.218,0.075,0.36,0.063,0.312,0.122,0.38,0.049,0.615,0.38,0.459,0.291,0.353,0.301,0.872,0.078,0.839,0.628,0.347,0.385,0.839,0.885,0.031,0.795,0.221,0.885,0.088,0.885,0.839,0.849,0.311,0.583,0.246,0.574,0.088,0.807,0.885,0.735,0.258,0.887,0.546,0.881,0.684,0.78,0.85,0.817,0.849,0.727,0.975
0.024,0.024,0.027,0.027,0.515,0.876,0.009,0.005,0.883,0.004,0.005,0.005,0.008,0.515,0.005,0.005,0.008,0.515,0.158,0.008,0.057,0.005,0.057,0.007,0.008,0.009,0.007,0.005,0.002,0.004,0.002,0.005,0.013,0.018,0.071,0.018,0.616,0.071,0.013,0.616,0.24,0.018,0.532,0.807,0.018,0.616,0.14,0.532,0.937,0.532,0.933,0.24,0.496,0.009,0.525,0.009,0.009,0.597,0.597,0.597,0.01,0.525,0.009,0.525,0.496,0.01,0.026,0.895,0.026,0.058,0.058,0.058,0.494,0.449,0.753,0.143,0.147,0.611,0.249,0.147,0.208,0.449,0.641,0.214,0.928,0.641,0.249,0.147,0.246,0.8,0.449,0.806,0.146,0.217,0.213,0.641,0.145,0.213,0.213,0.146,0.253,0.427,0.573,0.253,0.253,0.671,0.228,0.27,0.27,0.22,0.321,0.144,0.225,0.159,0.337,0.811,0.822,0.297,0.181,0.144,0.24,0.197,0.842,0.29,0.293,0.257,0.762,0.86,0.257,0.618,0.245,0.582,0.246,0.256,0.523,0.217,0.871,0.16,0.817,0.217,0.334,0.874,0.887,0.423,0.334,0.785,0.334,0.217,0.868,0.586,0.462,0.681,0.934,0.849,0.903,0.837,0.713,0.654,0.815,0.448,0.82,0.903,0.924,0.918,0.931,0.845,0.847,0.883
0.373,0.373,0.406,0.406,0.351,0.505,0.206,0.203,0.439,0.132,0.203,0.236,0.174,0.351,0.236,0.203,0.174,0.351,0.686,0.174,0.396,0.169,0.396,0.18,0.174,0.206,0.18,0.203,0.215,0.132,0.215,0.169,0.66,0.247,0.283,0.247,0.58,0.283,0.66,0.58,0.979,0.247,0.508,0.091,0.247,0.58,0.655,0.508,0.384,0.508,0.637,0.948,0.733,0.731,0.575,0.731,0.747,0.601,0.601,0.601,0.228,0.575,0.747,0.575,0.733,0.228,0.232,0.342,0.232,0.38,0.38,0.38,0.679,0.768,0.093,0.75,0.545,0.279,0.568,0.545,0.694,0.768,0.489,0.781,0.409,0.489,0.568,0.756,0.696,0.241,0.768,0.094,0.745,0.821,0.382,0.489,0.805,0.382,0.382,0.748,0.384,0.267,0.308,0.384,0.384,0.183,0.732,0.748,0.748,0.717,0.789,0.685,0.743,0.437,0.77,0.238,0.13,0.271,0.788,0.685,0.725,0.785,0.156,0.502,0.68,0.723,0.257,0.225,0.723,0.733,0.494,0.216,0.52,0.755,0.301,0.381,0.23,0.78,0.242,0.381,0.459,0.117,0.75,0.104,0.459,0.253,0.459,0.381,0.754,0.117,0.159,0.113,0.197,0.237,0.187,0.727,0.263,0.104,0.295,0.178,0.285,0.193,0.187,0.172,0.177,0.308,0.317,0.328
0.799,0.799,0.758,0.758,0.622,0.336,0.563,0.595,0.326,0.432,0.595,0.62,0.552,0.622,0.62,0.595,0.552,0.622,0.682,0.552,0.535,0.409,0.535,0.572,0.552,0.563,0.572,0.595,0.666,0.432,0.666,0.409,0.59,0.445,0.43,0.445,0.527,0.43,0.59,0.527,0.411,0.445,0.4,0.871,0.445,0.527,0.411,0.4,0.094,0.4,0.768,0.354,0.093,0.689,0.599,0.689,0.717,0.542,0.542,0.542,0.423,0.599,0.717,0.599,0.093,0.423,0.502,0.081,0.502,0.267,0.267,0.267,0.308,0.663,0.884,0.395,0.141,0.114,0.074,0.141,0.411,0.663,0.526,0.299,0.088,0.526,0.074,0.377,0.425,0.076,0.663,0.894,0.393,0.284,0.29,0.526,0.669,0.29,0.29,0.382,0.239,0.203,0.138,0.239,0.239,0.333,0.414,0.339,0.339,0.39,0.368,0.811,0.03,0.777,0.287,0.1,0.41,0.283,0.022,0.811,0.4,0.022,0.29,0.018,0.436,0.551,0.312,0.329,0.551,0.552,0.016,0.371,0.017,0.573,0.361,0.088,0.313,0.627,0.324,0.088,0.07,0.445,0.479,0.119,0.07,0.178,0.07,0.088,0.464,0.113,0.142,0.145,0.571,0.221,0.567,0.549,0.096,0.137,0.086,0.125,0.085,0.567,0.545,0.56,0.591,0.083,0.096,0.037
0.518,0.518,0.505,0.505,0.12,0.083,0.385,0.759,0.087,0.574,0.759,0.406,0.697,0.12,0.406,0.759,0.697,0.12,0.132,0.697,0.372,0.612,0.372,0.731,0.697,0.385,0.731,0.759,0.774,0.574,0.774,0.612,0.369,0.629,0.337,0.629,0.566,0.337,0.369,0.566,0.177,0.629,0.406,0.566,0.629,0.566,0.142,0.406,0.694,0.406,0.092,0.125,0.263,0.51,0.73,0.51,0.526,0.591,0.591,0.591,0.471,0.73,0.526,0.73,0.263,0.471,0.673,0.84,0.673,0.16,0.16,0.16,0.192,0.023,0.662,0.686,0.907,0.223,0.895,0.907,0.082,0.023,0.322,0.109,0.581,0.322,0.895,0.686,0.081,0.274,0.023,0.621,0.666,0.108,0.604,0.322,0.683,0.604,0.604,0.668,0.56,0.79,0.075,0.56,0.56,0.254,0.654,0.533,0.533,0.605,0.578,0.806,0.175,0.829,0.122,0.09,0.523,0.834,0.15,0.806,0.612,0.151,0.623,0.128,0.098,0.673,0.266,0.96,0.673,0.96,0.142,0.236,0.142,0.679,0.218,0.934,0.961,0.704,0.886,0.934,0.933,0.517,0.012,0.949,0.933,0.282,0.933,0.934,0.014,0.842,0.96,0.877,0.769,0.108,0.754,0.01,0.549,0.87,0.385,0.953,0.405,0.763,0.756,0.755,0.76,0.634,0.526,0.626
0.602,0.602,0.638,0.638,0.839,0.112,0.499,0.391,0.112,0.291,0.391,0.471,0.421,0.839,0.471,0.391,0.421,0.839,0.154,0.421,0.674,0.28,0.674,0.404,0.421,0.499,0.404,0.391,0.367,0.291,0.367,0.28,0.897,0.364,0.448,0.364,0.664,0.448,0.897,0.664,0.535,0.364,0.69,0.269,0.364,0.664,0.44,0.69,0.625,0.69,0.107,0.681,0.385,0.923,0.538,0.923,0.935,0.543,0.543,0.543,0.253,0.538,0.935,0.538,0.385,0.253,0.364,0.498,0.364,0.536,0.536,0.536,0.781,0.847,0.211,0.92,0.457,0.475,0.44,0.457,0.886,0.847,0.405,0.823,0.473,0.405,0.44,0.936,0.914,0.754,0.847,0.204,0.917,0.854,0.761,0.405,0.947,0.761,0.761,0.938,0.675,0.489,0.419,0.675,0.675,0.464,0.854,0.517,0.517,0.235,0.818,0.816,0.405,0.779,0.801,0.654,0.388,0.498,0.421,0.816,0.842,0.448,0.618,0.531,0.88,0.597,0.581,0.506,0.597,0.931,0.415,0.43,0.425,0.796,0.92,0.392,0.612,0.274,0.676,0.392,0.336,0.654,0.361,0.979,0.336,0.741,0.336,0.392,0.349,0.988,0.999,0.997,0.794,0.697,0.691,0.285,0.442,0.997,0.472,0.999,0.476,0.77,0.68,0.806,0.763,0.693,0.708,0.642
0.439,0.439,0.492,0.492,0.247,0.909,0.312,0.322,0.894,0.232,0.322,0.32,0.305,0.247,0.32,0.322,0.305,0.247,0.005,0.305,0.539,0.24,0.539,0.297,0.305,0.312,0.297,0.322,0.314,0.232,0.314,0.24,0.196,0.315,0.358,0.315,0.076,0.358,0.196,0.076,0.279,0.315,0.203,0.895,0.315,0.076,0.006,0.203,0.948,0.203,0.908,0.236,0.281,0.192,0.105,0.192,0.186,0.379,0.379,0.379,0.273,0.105,0.186,0.105,0.281,0.273,0.32,0.93,0.32,0.038,0.038,0.038,0.243,0.639,0.926,0.154,0.13,0.992,0.08,0.13,0.288,0.639,0.345,0.21,0.96,0.345,0.08,0.144,0.24,1.0,0.639,0.926,0.159,0.244,0.091,0.345,0.033,0.091,0.091,0.14,0.107,0.255,0.993,0.107,0.107,0.991,0.159,0.609,0.609,0.695,0.1,0.778,0.161,0.825,0.266,1.0,0.334,0.312,0.167,0.778,0.163,0.191,0.347,0.167,0.307,0.398,0.988,0.113,0.398,0.567,0.306,0.319,0.295,0.29,0.998,0.173,0.235,0.499,0.165,0.173,0.087,0.716,0.136,0.295,0.087,0.99,0.087,0.173,0.138,0.15,0.428,0.259,0.282,0.991,0.234,0.127,0.945,0.194,0.9,0.416,0.888,0.282,0.216,0.425,0.401,0.533,0.683,0.442
0.714,0.714,0.592,0.592,0.145,0.875,0.347,0.417,0.892,0.531,0.417,0.475,0.29,0.145,0.475,0.417,0.29,0.145,0.309,0.29,0.59,0.58,0.59,0.311,0.29,0.347,0.311,0.417,0.416,0.531,0.416,0.58,0.923,0.308,0.379,0.308,0.348,0.379,0.923,0.348,0.955,0.308,0.525,0.742,0.308,0.348,0.359,0.525,0.951,0.525,0.891,0.958,0.647,0.92,0.53,0.92,0.919,0.66,0.66,0.66,0.537,0.53,0.919,0.53,0.647,0.537,0.342,0.979,0.342,0.195,0.195,0.195,0.808,0.314,0.869,0.871,0.591,0.877,0.677,0.591,0.789,0.314,0.659,0.865,0.97,0.659,0.677,0.846,0.717,0.804,0.314,0.851,0.873,0.896,0.266,0.659,0.234,0.266,0.266,0.866,0.301,0.605,0.826,0.301,0.301,0.729,0.848,0.389,0.389,0.434,0.921,0.582,0.831,0.542,0.898,0.732,0.712,0.651,0.86,0.582,0.834,0.853,0.662,0.538,0.78,0.321,0.632,0.178,0.321,0.596,0.597,0.594,0.593,0.879,0.685,0.782,0.283,0.398,0.143,0.782,0.826,0.986,0.21,0.368,0.826,0.907,0.826,0.782,0.209,0.4,0.289,0.35,0.189,0.885,0.194,0.167,0.294,0.315,0.339,0.319,0.34,0.192,0.199,0.213,0.225,0.351,0.391,0.202
0.093,0.093,0.084,0.084,0.437,0.653,0.72,0.676,0.648,0.835,0.676,0.752,0.631,0.437,0.752,0.676,0.631,0.437,0.733,0.631,0.157,0.919,0.157,0.688,0.631,0.72,0.688,0.676,0.74,0.835,0.74,0.919,0.875,0.814,0.884,0.814,0.199,0.884,0.875,0.199,0.196,0.814,0.135,0.307,0.814,0.199,0.526,0.135,0.173,0.135,0.442,0.2,0.599,0.87,0.317,0.87,0.859,0.276,0.276,0.276,0.887,0.317,0.859,0.317,0.599,0.887,0.764,0.182,0.764,0.646,0.646,0.646,0.095,0.814,0.303,0.155,0.808,0.48,0.676,0.808,0.249,0.814,0.263,0.199,0.168,0.263,0.676,0.152,0.255,0.53,0.814,0.288,0.157,0.202,0.572,0.263,0.89,0.572,0.572,0.152,0.527,0.089,0.479,0.527,0.527,0.488,0.13,0.201,0.201,0.262,0.291,0.66,0.063,0.751,0.184,0.518,0.306,0.159,0.06,0.66,0.134,0.066,0.339,0.05,0.207,0.288,0.524,0.895,0.288,0.769,0.048,0.19,0.052,0.359,0.463,0.156,0.816,0.375,0.896,0.156,0.061,0.277,0.263,0.886,0.061,0.642,0.061,0.156,0.26,0.945,0.878,0.921,0.924,0.645,0.919,0.266,0.951,0.934,0.965,0.85,0.961,0.951,0.901,0.888,0.88,0.984,0.974,0.979
0.388,0.388,0.41,0.41,0.788,0.132,0.325,0.314,0.128,0.514,0.314,0.316,0.296,0.788,0.316,0.314,0.296,0.788,0.033,0.296,0.426,0.55,0.426,0.277,0.296,0.325,0.277,0.314,0.311,0.514,0.311,0.55,0.964,0.361,0.37,0.361,0.164,0.37,0.964,0.164,0.22,0.361,0.042,0.035,0.361,0.164,0.012,0.042,0.155,0.042,0.128,0.207,0.213,0.988,0.418,0.988,0.983,0.162,0.162,0.162,0.665,0.418,0.983,0.418,0.213,0.665,0.357,0.156,0.357,0.124,0.124,0.124,0.249,0.694,0.041,0.185,0.317,0.323,0.404,0.317,0.376,0.694,0.056,0.274,0.151,0.056,0.404,0.188,0.372,0.259,0.694,0.039,0.189,0.267,0.119,0.056,0.818,0.119,0.119,0.187,0.217,0.09,0.399,0.217,0.217,0.584,0.24,0.43,0.43,0.454,0.552,0.76,0.026,0.808,0.355,0.381,0.765,0.101,0.02,0.76,0.258,0.021,0.869,0.027,0.468,0.414,0.53,0.987,0.414,0.522,0.022,0.015,0.027,0.574,0.84,0.513,0.989,0.452,0.988,0.513,0.484,0.875,0.086,0.993,0.484,0.596,0.484,0.513,0.088,0.93,0.992,0.961,0.977,0.846,0.987,0.076,0.939,0.95,0.989,0.989,0.986,0.974,0.969,0.987,0.973,0.894,0.879,0.837
0.653,0.653,0.595,0.595,0.569,0.09,0.615,0.453,0.094,0.419,0.453,0.549,0.448,0.569,0.549,0.453,0.448,0.569,0.754,0.448,0.76,0.45,0.76,0.474,0.448,0.615,0.474,0.453,0.479,0.419,0.479,0.45,0.424,0.7,0.758,0.7,0.256,0.758,0.424,0.256,0.359,0.7,0.673,0.261,0.7,0.256,0.861,0.673,0.163,0.673,0.073,0.644,0.157,0.425,0.192,0.425,0.421,0.749,0.749,0.749,0.52,0.192,0.421,0.192,0.157,0.52,0.662,0.201,0.662,0.161,0.161,0.161,0.487,0.919,0.174,0.772,0.085,0.55,0.039,0.085,0.852,0.919,0.65,0.815,0.295,0.65,0.039,0.762,0.846,0.301,0.919,0.173,0.761,0.813,0.025,0.65,0.919,0.025,0.025,0.752,0.028,0.212,0.516,0.028,0.028,0.439,0.674,0.937,0.937,0.902,0.658,0.986,0.916,0.992,0.794,0.257,0.731,0.304,0.927,0.986,0.647,0.928,0.751,0.891,0.876,0.608,0.228,0.474,0.608,0.827,0.88,0.454,0.875,0.804,0.187,0.18,0.295,0.815,0.401,0.18,0.113,0.515,0.673,0.168,0.113,0.385,0.113,0.18,0.661,0.349,0.386,0.574,0.624,0.26,0.517,0.601,0.752,0.604,0.891,0.565,0.88,0.467,0.696,0.361,0.516,0.49,0.423,0.435
0.891,0.891,0.882,0.882,0.974,0.379,0.454,0.465,0.343,0.388,0.465,0.478,0.465,0.974,0.478,0.465,0.465,0.974,0.501,0.465,0.826,0.438,0.826,0.473,0.465,0.454,0.473,0.465,0.48,0.388,0.48,0.438,0.577,0.479,0.538,0.479,0.958,0.538,0.577,0.958,0.708,0.479,0.922,0.872,0.479,0.958,0.562,0.922,0.789,0.922,0.786,0.711,0.978,0.654,0.996,0.654,0.62,0.99,0.99,0.99,0.437,0.996,0.62,0.996,0.978,0.437,0.449,0.612,0.449,0.947,0.947,0.947,0.523,0.941,0.878,0.851,0.989,0.339,0.981,0.989,0.809,0.941,0.969,0.642,0.622,0.969,0.981,0.883,0.756,0.297,0.941,0.837,0.858,0.67,0.966,0.969,0.164,0.966,0.966,0.883,0.972,0.92,0.332,0.972,0.972,0.402,0.858,0.312,0.312,0.278,0.268,0.32,0.33,0.253,0.66,0.276,0.145,0.939,0.339,0.32,0.86,0.337,0.145,0.354,0.77,0.317,0.379,0.741,0.317,0.251,0.372,0.933,0.37,0.261,0.408,0.929,0.804,0.293,0.901,0.929,0.911,0.298,0.497,0.927,0.911,0.289,0.911,0.929,0.488,0.841,0.857,0.807,0.914,0.316,0.756,0.488,0.156,0.803,0.122,0.634,0.131,0.937,0.724,0.797,0.761,0.162,0.203,0.009
0.22,0.22,0.152,0.152,0.708,0.489,0.569,0.431,0.464,0.444,0.431,0.5,0.48,0.708,0.5,0.431,0.48,0.708,0.618,0.48,0.294,0.383,0.294,0.509,0.48,0.569,0.509,0.431,0.455,0.444,0.455,0.383,0.969,0.514,0.769,0.514,0.434,0.769,0.969,0.434,0.519,0.514,0.587,0.391,0.514,0.434,0.702,0.587,0.652,0.587,0.437,0.451,0.731,0.977,0.481,0.977,0.966,0.593,0.593,0.593,0.377,0.481,0.966,0.481,0.731,0.377,0.552,0.59,0.552,0.534,0.534,0.534,0.612,0.503,0.726,0.433,0.568,0.483,0.448,0.568,0.698,0.503,0.737,0.535,0.668,0.737,0.448,0.446,0.57,0.286,0.503,0.734,0.449,0.56,0.612,0.737,0.361,0.612,0.612,0.43,0.471,0.643,0.543,0.471,0.471,0.81,0.476,0.735,0.735,0.887,0.992,0.428,0.789,0.612,0.53,0.326,0.832,0.748,0.794,0.428,0.463,0.79,0.9,0.715,0.558,0.609,0.621,0.344,0.609,0.777,0.731,0.609,0.747,0.994,0.591,0.736,0.312,0.772,0.27,0.736,0.626,0.81,0.935,0.113,0.626,0.521,0.626,0.736,0.933,0.17,0.153,0.179,0.274,0.439,0.28,0.962,0.204,0.238,0.255,0.185,0.275,0.274,0.275,0.276,0.273,0.17,0.164,0.45
0.776,0.776,0.838,0.838,0.961,0.358,0.656,0.519,0.436,0.373,0.519,0.684,0.494,0.961,0.684,0.519,0.494,0.961,0.208,0.494,0.603,0.336,0.603,0.452,0.494,0.656,0.452,0.519,0.428,0.373,0.428,0.336,0.444,0.295,0.364,0.295,0.684,0.364,0.444,0.684,0.072,0.295,0.775,0.647,0.295,0.684,0.257,0.775,0.126,0.775,0.715,0.074,0.995,0.287,0.951,0.287,0.285,0.963,0.963,0.963,0.289,0.951,0.285,0.951,0.995,0.289,0.296,0.043,0.296,0.978,0.978,0.978,0.065,0.921,0.512,0.047,0.951,0.137,0.93,0.951,0.079,0.921,0.898,0.064,0.046,0.898,0.93,0.06,0.097,0.185,0.921,0.584,0.043,0.054,0.702,0.898,0.104,0.702,0.702,0.052,0.561,0.924,0.146,0.561,0.561,0.244,0.054,0.362,0.362,0.323,0.185,0.127,0.696,0.09,0.057,0.198,0.239,0.948,0.632,0.127,0.048,0.646,0.211,0.495,0.084,0.353,0.256,0.335,0.353,0.146,0.427,0.997,0.413,0.179,0.174,0.922,0.305,0.312,0.353,0.922,0.86,0.623,0.875,0.419,0.86,0.076,0.86,0.922,0.847,0.404,0.296,0.615,0.431,0.075,0.345,0.798,0.799,0.615,0.555,0.31,0.557,0.484,0.368,0.308,0.348,0.578,0.572,0.665
0.745,0.745,0.824,0.824,0.676,0.57,0.46,0.343,0.528,0.355,0.343,0.511,0.347,0.676,0.511,0.343,0.347,0.676,0.285,0.347,0.592,0.315,0.592,0.356,0.347,0.46,0.356,0.343,0.363,0.355,0.363,0.315,0.212,0.337,0.464,0.337,0.933,0.464,0.212,0.933,0.79,0.337,0.939,0.107,0.337,0.933,0.294,0.939,0.195,0.939,0.711,0.826,0.823,0.18,0.95,0.18,0.174,0.939,0.939,0.939,0.346,0.95,0.174,0.95,0.823,0.346,0.316,0.162,0.316,0.862,0.862,0.862,0.809,0.863,0.125,0.789,0.851,0.249,0.898,0.851,0.561,0.863,0.783,0.881,0.144,0.783,0.898,0.791,0.566,0.194,0.863,0.115,0.792,0.88,0.951,0.783,0.18,0.951,0.951,0.796,0.971,0.959,0.248,0.971,0.971,0.738,0.877,0.594,0.594,0.601,0.454,0.676,0.899,0.684,0.939,0.264,0.691,0.951,0.976,0.676,0.886,0.959,0.582,0.897,0.552,0.454,0.725,0.057,0.454,0.728,0.95,0.93,0.944,0.275,0.54,0.974,0.057,0.454,0.056,0.974,0.979,0.641,0.189,0.483,0.979,0.539,0.979,0.974,0.195,0.582,0.846,0.816,0.152,0.542,0.154,0.186,0.101,0.845,0.233,0.805,0.221,0.15,0.134,0.148,0.136,0.262,0.236,0.162
0.336,0.336,0.267,0.267,0.705,0.61,0.891,0.708,0.624,0.727,0.708,0.866,0.732,0.705,0.866,0.708,0.732,0.705,0.832,0.732,0.368,0.759,0.368,0.822,0.732,0.891,0.822,0.708,0.782,0.727,0.782,0.759,0.532,0.757,0.747,0.757,0.462,0.747,0.532,0.462,0.323,0.757,0.226,0.326,0.757,0.462,0.782,0.226,0.136,0.226,0.49,0.385,0.361,0.646,0.376,0.646,0.574,0.195,0.195,0.195,0.761,0.376,0.574,0.376,0.361,0.761,0.768,0.177,0.768,0.801,0.801,0.801,0.529,0.619,0.357,0.268,0.09,0.135,0.131,0.09,0.416,0.619,0.522,0.29,0.179,0.522,0.131,0.228,0.375,0.127,0.619,0.341,0.273,0.379,0.727,0.522,0.62,0.727,0.727,0.241,0.707,0.234,0.135,0.707,0.707,0.178,0.285,0.563,0.563,0.666,0.273,0.755,0.618,0.826,0.416,0.127,0.055,0.152,0.531,0.755,0.29,0.475,0.08,0.835,0.489,0.785,0.164,0.607,0.785,0.832,0.421,0.641,0.422,0.606,0.031,0.375,0.445,0.799,0.723,0.375,0.318,0.113,0.76,0.38,0.318,0.027,0.318,0.375,0.76,0.798,0.341,0.814,0.805,0.033,0.902,0.742,0.067,0.757,0.167,0.453,0.154,0.795,0.878,0.903,0.868,0.268,0.253,0.252
0.283,0.283,0.283,0.283,0.476,0.608,0.252,0.213,0.663,0.21,0.213,0.27,0.181,0.476,0.27,0.213,0.181,0.476,0.537,0.181,0.231,0.178,0.231,0.186,0.181,0.252,0.186,0.213,0.218,0.21,0.218,0.178,0.133,0.196,0.197,0.196,0.675,0.197,0.133,0.675,0.945,0.196,0.841,0.457,0.196,0.675,0.717,0.841,0.178,0.841,0.598,0.955,0.879,0.086,0.771,0.086,0.085,0.753,0.753,0.753,0.131,0.771,0.085,0.771,0.879,0.131,0.138,0.324,0.138,0.577,0.577,0.577,0.726,0.321,0.486,0.906,0.785,0.71,0.764,0.785,0.914,0.321,0.662,0.873,0.336,0.662,0.764,0.915,0.908,0.822,0.321,0.497,0.908,0.848,0.521,0.662,0.142,0.521,0.521,0.926,0.484,0.818,0.689,0.484,0.484,0.214,0.846,0.36,0.36,0.371,0.304,0.125,0.58,0.124,0.856,0.795,0.973,0.816,0.597,0.125,0.863,0.615,0.975,0.395,0.897,0.221,0.191,0.857,0.221,0.243,0.364,0.889,0.353,0.155,0.846,0.808,0.729,0.237,0.748,0.808,0.786,0.839,0.34,0.824,0.786,0.866,0.786,0.808,0.358,0.593,0.633,0.565,0.783,0.86,0.821,0.456,0.539,0.558,0.501,0.536,0.502,0.729,0.79,0.81,0.741,0.6,0.605,0.53
0.717,0.717,0.828,0.828,0.456,0.044,0.832,0.924,0.044,0.962,0.924,0.838,0.968,0.456,0.838,0.924,0.968,0.456,0.83,0.968,0.675,0.943,0.675,0.957,0.968,0.832,0.957,0.924,0.917,0.962,0.917,0.943,0.997,0.983,0.853,0.983,0.23,0.853,0.997,0.23,0.222,0.983,0.562,0.534,0.983,0.23,0.746,0.562,0.64,0.562,0.064,0.223,0.097,0.994,0.208,0.994,0.997,0.394,0.394,0.394,0.981,0.208,0.997,0.208,0.097,0.981,0.984,0.323,0.984,0.561,0.561,0.561,0.245,0.269,0.305,0.094,0.123,0.196,0.127,0.123,0.136,0.269,0.144,0.107,0.324,0.144,0.127,0.095,0.132,0.14,0.269,0.3,0.09,0.115,0.408,0.144,0.877,0.408,0.408,0.088,0.451,0.048,0.207,0.451,0.451,0.454,0.068,0.568,0.568,0.585,0.593,0.416,0.121,0.434,0.07,0.147,0.792,0.053,0.147,0.416,0.062,0.139,0.794,0.23,0.073,0.567,0.62,0.745,0.567,0.124,0.228,0.052,0.218,0.63,0.548,0.201,0.714,0.619,0.874,0.201,0.152,0.691,0.776,0.748,0.152,0.333,0.152,0.201,0.794,0.731,0.603,0.698,0.948,0.488,0.746,0.782,0.51,0.705,0.542,0.548,0.647,0.926,0.867,0.8,0.886,0.923,0.859,0.506
0.793,0.793,0.788,0.788,0.716,0.326,0.594,0.55,0.31,0.699,0.55,0.592,0.535,0.716,0.592,0.55,0.535,0.716,0.78,0.535,0.709,0.767,0.709,0.479,0.535,0.594,0.479,0.55,0.552,0.699,0.552,0.767,0.629,0.525,0.575,0.525,0.452,0.575,0.629,0.452,0.065,0.525,0.729,0.572,0.525,0.452,0.651,0.729,0.647,0.729,0.231,0.081,0.449,0.738,0.291,0.738,0.722,0.479,0.479,0.479,0.627,0.291,0.722,0.291,0.449,0.627,0.566,0.806,0.566,0.247,0.247,0.247,0.071,0.599,0.717,0.077,0.132,0.46,0.135,0.132,0.107,0.599,0.365,0.084,0.793,0.365,0.135,0.078,0.095,0.461,0.599,0.522,0.073,0.088,0.256,0.365,0.935,0.256,0.256,0.071,0.214,0.196,0.514,0.214,0.214,0.322,0.07,0.843,0.843,0.824,0.597,0.847,0.553,0.814,0.083,0.401,0.749,0.19,0.511,0.847,0.068,0.519,0.676,0.805,0.077,0.843,0.433,0.679,0.843,0.325,0.784,0.405,0.792,0.583,0.5,0.255,0.68,0.827,0.506,0.255,0.253,0.632,0.91,0.51,0.253,0.51,0.253,0.255,0.914,0.833,0.551,0.79,0.527,0.445,0.607,0.811,0.553,0.823,0.618,0.526,0.612,0.52,0.671,0.62,0.681,0.649,0.661,0.599
0.962,0.962,0.948,0.948,0.92,0.439,0.866,0.829,0.437,0.871,0.829,0.898,0.764,0.92,0.898,0.829,0.764,0.92,0.066,0.764,0.954,0.87,0.954,0.836,0.764,0.866,0.836,0.829,0.795,0.871,0.795,0.87,0.986,0.715,0.857,0.715,0.382,0.857,0.986,0.382,0.8,0.715,0.362,0.217,0.715,0.382,0.146,0.362,0.119,0.362,0.42,0.788,0.61,0.971,0.27,0.971,0.971,0.24,0.24,0.24,0.897,0.27,0.971,0.27,0.61,0.897,0.78,0.305,0.78,0.208,0.208,0.208,0.763,0.935,0.741,0.865,0.399,0.597,0.338,0.399,0.709,0.935,0.285,0.936,0.239,0.285,0.338,0.855,0.727,0.574,0.935,0.693,0.895,0.959,0.154,0.285,0.984,0.154,0.154,0.852,0.124,0.413,0.52,0.124,0.124,0.367,0.801,0.664,0.664,0.795,0.249,0.999,0.671,0.932,0.945,0.52,0.799,0.5,0.608,0.999,0.846,0.665,0.954,0.665,0.61,0.726,0.409,0.034,0.726,0.988,0.714,0.406,0.719,0.138,0.493,0.672,0.037,0.737,0.024,0.672,0.627,0.89,0.858,0.851,0.627,0.568,0.627,0.672,0.851,0.779,0.622,0.719,0.162,0.39,0.082,0.832,0.086,0.743,0.208,0.688,0.204,0.148,0.093,0.085,0.086,0.124,0.125,0.073
0.735,0.735,0.642,0.642,0.333,0.236,0.412,0.645,0.25,0.818,0.645,0.426,0.609,0.333,0.426,0.645,0.609,0.333,0.433,0.609,0.526,0.802,0.526,0.589,0.609,0.412,0.589,0.645,0.579,0.818,0.579,0.802,0.744,0.577,0.463,0.577,0.511,0.463,0.744,0.511,0.193,0.577,0.443,0.082,0.577,0.511,0.409,0.443,0.129,0.443,0.148,0.185,0.016,0.753,0.601,0.753,0.761,0.503,0.503,0.503,0.858,0.601,0.761,0.601,0.016,0.858,0.592,0.195,0.592,0.034,0.034,0.034,0.183,0.444,0.082,0.044,0.044,0.301,0.042,0.044,0.085,0.444,0.233,0.037,0.175,0.233,0.042,0.042,0.084,0.542,0.444,0.08,0.04,0.041,0.123,0.233,0.205,0.123,0.123,0.039,0.106,0.124,0.391,0.106,0.106,0.571,0.047,0.854,0.854,0.889,0.974,0.706,0.197,0.805,0.052,0.627,0.437,0.162,0.194,0.706,0.055,0.203,0.54,0.157,0.065,0.864,0.701,0.442,0.864,0.629,0.283,0.259,0.264,0.972,0.959,0.11,0.446,0.885,0.677,0.11,0.105,0.929,0.848,0.341,0.105,0.452,0.105,0.11,0.797,0.137,0.204,0.157,0.623,0.64,0.502,0.787,0.8,0.143,0.629,0.171,0.626,0.673,0.402,0.455,0.429,0.881,0.833,0.906
0.992,0.992,0.97,0.97,0.131,0.175,0.93,0.886,0.187,0.572,0.886,0.949,0.815,0.131,0.949,0.886,0.815,0.131,0.241,0.815,0.984,0.662,0.984,0.735,0.815,0.93,0.735,0.886,0.829,0.572,0.829,0.662,0.871,0.811,0.906,0.811,0.843,0.906,0.871,0.843,0.044,0.811,0.761,0.388,0.811,0.843,0.227,0.761,0.044,0.761,0.166,0.046,0.107,0.881,0.657,0.881,0.876,0.57,0.57,0.57,0.592,0.657,0.876,0.657,0.107,0.592,0.805,0.036,0.805,0.017,0.017,0.017,0.053,0.158,0.423,0.048,0.2,0.274,0.214,0.2,0.051,0.158,0.149,0.049,0.037,0.149,0.214,0.045,0.051,0.223,0.158,0.399,0.052,0.053,0.06,0.149,0.191,0.06,0.06,0.051,0.051,0.311,0.263,0.051,0.051,0.255,0.05,0.639,0.639,0.702,0.729,0.393,0.006,0.457,0.061,0.219,0.382,0.399,0.008,0.393,0.045,0.011,0.525,0.006,0.051,0.827,0.29,0.286,0.827,0.519,0.008,0.109,0.008,0.702,0.709,0.443,0.173,0.863,0.351,0.443,0.492,0.491,0.421,0.339,0.492,0.787,0.492,0.443,0.416,0.271,0.376,0.3,0.576,0.753,0.474,0.479,0.499,0.253,0.495,0.309,0.506,0.518,0.453,0.487,0.419,0.477,0.454,0.432
0.749,0.749,0.671,0.671,0.38,0.146,0.805,0.974,0.14,0.745,0.974,0.841,0.941,0.38,0.841,0.974,0.941,0.38,0.522,0.941,0.613,0.779,0.613,0.914,0.941,0.805,0.914,0.974,0.951,0.745,0.951,0.779,0.519,0.856,0.683,0.856,0.63,0.683,0.519,0.63,0.277,0.856,0.574,0.736,0.856,0.63,0.351,0.574,0.927,0.574,0.172,0.243,0.907,0.739,0.639,0.739,0.743,0.562,0.562,0.562,0.633,0.639,0.743,0.639,0.907,0.633,0.839,0.918,0.839,0.804,0.804,0.804,0.289,0.184,0.649,0.323,0.943,0.916,0.929,0.943,0.227,0.184,0.475,0.348,0.895,0.475,0.929,0.301,0.239,0.934,0.184,0.641,0.305,0.355,0.939,0.475,0.489,0.939,0.939,0.29,0.875,0.865,0.913,0.875,0.875,0.942,0.364,0.64,0.64,0.471,0.275,0.332,0.566,0.44,0.368,0.93,0.919,0.895,0.485,0.332,0.358,0.456,0.92,0.61,0.192,0.735,0.943,0.854,0.735,0.523,0.604,0.843,0.615,0.378,0.957,0.601,0.827,0.564,0.913,0.601,0.59,0.87,0.654,0.876,0.59,0.927,0.59,0.601,0.646,0.985,0.881,0.991,0.01,0.93,0.013,0.659,0.017,0.987,0.018,0.864,0.023,0.012,0.01,0.006,0.008,0.013,0.014,0.022
0.141,0.141,0.138,0.138,0.652,0.986,0.155,0.166,0.984,0.083,0.166,0.167,0.118,0.652,0.167,0.166,0.118,0.652,0.3,0.118,0.118,0.129,0.118,0.133,0.118,0.155,0.133,0.166,0.171,0.083,0.171,0.129,0.068,0.114,0.157,0.114,0.447,0.157,0.068,0.447,0.067,0.114,0.232,0.759,0.114,0.447,0.274,0.232,0.876,0.232,0.988,0.061,0.267,0.108,0.737,0.108,0.11,0.516,0.516,0.516,0.076,0.737,0.11,0.737,0.267,0.076,0.127,0.782,0.127,0.063,0.063,0.063,0.05,0.597,0.635,0.3,0.11,0.649,0.104,0.11,0.17,0.597,0.344,0.352,0.778,0.344,0.104,0.28,0.166,0.61,0.597,0.657,0.316,0.358,0.067,0.344,0.379,0.067,0.067,0.275,0.06,0.191,0.633,0.06,0.06,0.845,0.191,0.358,0.358,0.482,0.63,0.548,0.377,0.525,0.261,0.579,0.001,0.192,0.262,0.548,0.181,0.294,0.001,0.448,0.129,0.621,0.85,0.522,0.621,0.844,0.461,0.289,0.535,0.806,0.117,0.272,0.528,0.648,0.666,0.272,0.283,0.001,0.739,0.568,0.283,0.101,0.283,0.272,0.743,0.483,0.543,0.589,0.457,0.101,0.549,0.781,0.459,0.575,0.655,0.503,0.657,0.583,0.482,0.549,0.487,0.3,0.296,0.308
0.218,0.218,0.249,0.249,0.511,0.648,0.117,0.066,0.604,0.173,0.066,0.105,0.065,0.511,0.105,0.066,0.065,0.511,0.916,0.065,0.211,0.208,0.211,0.066,0.065,0.117,0.066,0.066,0.064,0.173,0.064,0.208,0.13,0.101,0.125,0.101,0.623,0.125,0.13,0.623,0.639,0.101,0.616,0.992,0.101,0.623,0.888,0.616,0.998,0.616,0.93,0.606,0.524,0.118,0.362,0.118,0.116,0.34,0.34,0.34,0.248,0.362,0.116,0.362,0.524,0.248,0.111,0.916,0.111,0.922,0.922,0.922,0.611,0.325,0.644,0.97,0.573,0.982,0.631,0.573,0.412,0.325,0.443,0.572,0.948,0.443,0.631,0.975,0.422,0.916,0.325,0.654,0.967,0.57,0.889,0.443,0.504,0.889,0.889,0.968,0.885,0.502,0.99,0.885,0.885,0.994,0.941,0.689,0.689,0.685,0.744,0.48,0.859,0.504,0.542,0.928,0.989,0.506,0.891,0.48,0.944,0.877,0.999,0.869,0.475,0.683,0.966,0.981,0.683,0.77,0.93,0.496,0.938,0.757,0.925,0.235,0.985,0.67,0.97,0.235,0.31,0.946,0.307,0.903,0.31,0.951,0.31,0.235,0.309,0.755,0.929,0.799,0.987,0.969,0.991,0.319,0.998,0.784,0.998,0.931,0.997,0.99,0.991,0.975,0.983,1.0,1.0,0.971
0.314,0.314,0.2,0.2,0.841,0.538,0.207,0.228,0.501,0.188,0.228,0.274,0.162,0.841,0.274,0.228,0.162,0.841,0.923,0.162,0.395,0.179,0.395,0.172,0.162,0.207,0.172,0.228,0.229,0.188,0.229,0.179,0.119,0.242,0.311,0.242,0.487,0.311,0.119,0.487,0.756,0.242,0.719,0.057,0.242,0.487,0.922,0.719,0.144,0.719,0.851,0.741,0.807,0.069,0.691,0.069,0.066,0.75,0.75,0.75,0.171,0.691,0.066,0.691,0.807,0.171,0.199,0.086,0.199,0.491,0.491,0.491,0.632,0.875,0.072,0.826,0.473,0.184,0.313,0.473,0.936,0.875,0.946,0.939,0.097,0.946,0.313,0.833,0.933,0.206,0.875,0.064,0.82,0.934,0.31,0.946,0.584,0.31,0.31,0.815,0.189,0.193,0.126,0.189,0.189,0.276,0.782,0.458,0.458,0.517,0.182,0.564,0.972,0.524,0.924,0.195,0.386,0.318,0.964,0.564,0.778,0.944,0.328,0.776,0.924,0.312,0.245,0.601,0.312,0.8,0.736,0.853,0.734,0.098,0.21,0.518,0.571,0.346,0.735,0.518,0.675,0.35,0.247,0.687,0.675,0.171,0.675,0.518,0.283,0.53,0.477,0.462,0.849,0.205,0.663,0.259,0.822,0.475,0.623,0.524,0.545,0.806,0.738,0.638,0.712,0.891,0.86,0.916
0.724,0.724,0.75,0.75,0.939,0.498,0.631,0.554,0.595,0.503,0.554,0.635,0.522,0.939,0.635,0.554,0.522,0.939,0.944,0.522,0.795,0.552,0.795,0.528,0.522,0.631,0.528,0.554,0.576,0.503,0.576,0.552,0.821,0.625,0.587,0.625,0.903,0.587,0.821,0.903,0.551,0.625,0.908,0.206,0.625,0.903,0.967,0.908,0.217,0.908,0.571,0.549,0.523,0.894,0.556,0.894,0.917,0.587,0.587,0.587,0.564,0.556,0.917,0.556,0.523,0.564,0.684,0.244,0.684,0.397,0.397,0.397,0.348,0.884,0.208,0.276,0.581,0.264,0.565,0.581,0.508,0.884,0.529,0.4,0.225,0.529,0.565,0.278,0.504,0.316,0.884,0.126,0.286,0.405,0.497,0.529,0.98,0.497,0.497,0.285,0.538,0.354,0.225,0.538,0.538,0.334,0.306,0.946,0.946,0.947,0.653,0.736,0.723,0.701,0.435,0.228,0.359,0.332,0.634,0.736,0.315,0.674,0.361,0.525,0.412,0.989,0.391,0.955,0.989,0.323,0.557,0.386,0.562,0.807,0.363,0.579,0.968,0.988,0.99,0.579,0.583,0.217,0.749,0.974,0.583,0.501,0.583,0.579,0.763,0.983,0.899,0.947,0.684,0.353,0.591,0.817,0.318,0.939,0.414,0.882,0.371,0.788,0.615,0.613,0.635,0.166,0.155,0.005
0.974,0.974,0.986,0.986,0.99,0.024,0.979,0.935,0.027,0.993,0.935,0.976,0.948,0.99,0.976,0.935,0.948,0.99,0.25,0.948,0.999,0.996,0.999,0.941,0.948,0.979,0.941,0.935,0.93,0.993,0.93,0.996,0.911,0.996,0.994,0.996,0.915,0.994,0.911,0.915,0.312,0.996,0.907,0.702,0.996,0.915,0.209,0.907,0.485,0.907,0.03,0.268,0.932,0.876,0.927,0.876,0.885,0.924,0.924,0.924,0.996,0.927,0.885,0.927,0.932,0.996,0.971,0.399,0.971,0.782,0.782,0.782,0.298,0.964,0.731,0.726,0.908,0.263,0.938,0.908,0.104,0.964,0.76,0.113,0.402,0.76,0.938,0.747,0.096,0.195,0.964,0.714,0.729,0.12,0.849,0.76,0.638,0.849,0.849,0.747,0.853,0.711,0.278,0.853,0.853,0.528,0.85,0.024,0.024,0.047,0.006,0.056,0.978,0.025,0.109,0.199,0.127,0.63,0.947,0.056,0.862,0.939,0.135,0.981,0.094,0.03,0.381,0.285,0.03,0.019,0.974,0.653,0.96,0.006,0.105,0.791,0.242,0.039,0.487,0.791,0.843,0.116,0.025,0.781,0.843,0.085,0.843,0.791,0.025,0.323,0.54,0.436,0.473,0.081,0.453,0.018,0.455,0.55,0.499,0.786,0.499,0.505,0.434,0.483,0.448,0.561,0.513,0.543
0.206,0.206,0.208,0.208,0.474,0.993,0.193,0.211,0.993,0.138,0.211,0.218,0.169,0.474,0.218,0.211,0.169,0.474,0.947,0.169,0.202,0.196,0.202,0.197,0.169,0.193,0.197,0.211,0.237,0.138,0.237,0.196,0.07,0.13,0.141,0.13,0.779,0.141,0.07,0.779,0.317,0.13,0.722,0.404,0.13,0.779,0.906,0.722,0.289,0.722,0.99,0.322,0.66,0.11,0.925,0.11,0.12,0.87,0.87,0.87,0.164,0.925,0.12,0.925,0.66,0.164,0.188,0.481,0.188,0.675,0.675,0.675,0.41,0.425,0.333,0.305,0.534,0.481,0.491,0.534,0.292,0.425,0.615,0.464,0.313,0.615,0.491,0.289,0.252,0.507,0.425,0.304,0.302,0.488,0.645,0.615,0.908,0.645,0.645,0.286,0.655,0.381,0.427,0.655,0.655,0.347,0.257,0.953,0.953,0.951,0.295,0.819,0.423,0.822,0.359,0.423,0.452,0.412,0.47,0.819,0.248,0.485,0.425,0.535,0.291,0.949,0.345,0.841,0.949,0.259,0.499,0.532,0.576,0.417,0.431,0.437,0.653,0.944,0.689,0.437,0.426,0.561,0.902,0.533,0.426,0.247,0.426,0.437,0.891,0.807,0.558,0.763,0.425,0.219,0.486,0.925,0.796,0.872,0.704,0.802,0.685,0.414,0.492,0.439,0.447,0.445,0.428,0.548
0.28,0.28,0.306,0.306,0.436,0.13,0.259,0.225,0.102,0.127,0.225,0.246,0.207,0.436,0.246,0.225,0.207,0.436,0.694,0.207,0.417,0.177,0.417,0.204,0.207,0.259,0.204,0.225,0.235,0.127,0.235,0.177,0.107,0.266,0.32,0.266,0.243,0.32,0.107,0.243,0.379,0.266,0.196,0.53,0.266,0.243,0.479,0.196,0.616,0.196,0.066,0.376,0.375,0.126,0.235,0.126,0.127,0.213,0.213,0.213,0.217,0.235,0.127,0.235,0.375,0.217,0.266,0.592,0.266,0.434,0.434,0.434,0.254,0.577,0.507,0.559,0.452,0.14,0.525,0.452,0.216,0.577,0.314,0.732,0.613,0.314,0.525,0.548,0.2,0.12,0.577,0.58,0.638,0.724,0.638,0.314,0.796,0.638,0.638,0.609,0.669,0.51,0.11,0.669,0.669,0.453,0.676,0.551,0.551,0.547,0.877,0.588,0.382,0.48,0.765,0.077,0.529,0.463,0.436,0.588,0.701,0.418,0.401,0.414,0.182,0.594,0.392,0.747,0.594,0.745,0.406,0.333,0.43,0.841,0.791,0.355,0.746,0.477,0.514,0.355,0.466,0.903,0.808,0.305,0.466,0.213,0.466,0.355,0.803,0.424,0.378,0.47,0.071,0.195,0.019,0.807,0.023,0.549,0.006,0.498,0.005,0.061,0.017,0.021,0.022,0.009,0.011,0.025
0.591,0.591,0.732,0.732,0.642,0.251,0.399,0.31,0.282,0.258,0.31,0.413,0.311,0.642,0.413,0.31,0.311,0.642,0.641,0.311,0.771,0.247,0.771,0.301,0.311,0.399,0.301,0.31,0.303,0.258,0.303,0.247,0.641,0.311,0.428,0.311,0.049,0.428,0.641,0.049,0.827,0.311,0.033,0.321,0.311,0.049,0.578,0.033,0.94,0.033,0.22,0.765,0.573,0.61,0.039,0.61,0.609,0.036,0.036,0.036,0.236,0.039,0.609,0.039,0.573,0.236,0.305,0.564,0.305,0.422,0.422,0.422,0.502,0.547,0.377,0.759,0.326,0.559,0.289,0.326,0.276,0.547,0.501,0.768,0.643,0.501,0.289,0.749,0.291,0.578,0.547,0.297,0.707,0.768,0.218,0.501,0.957,0.218,0.218,0.709,0.198,0.109,0.551,0.198,0.198,0.922,0.716,0.184,0.184,0.307,0.22,0.73,0.085,0.736,0.752,0.598,0.549,0.145,0.091,0.73,0.699,0.092,0.529,0.102,0.208,0.261,0.825,0.543,0.261,0.105,0.129,0.351,0.124,0.32,0.882,0.138,0.585,0.397,0.438,0.138,0.096,0.816,0.343,0.264,0.096,0.825,0.096,0.138,0.337,0.192,0.252,0.151,0.046,0.891,0.04,0.44,0.025,0.147,0.042,0.229,0.044,0.031,0.036,0.045,0.048,0.029,0.022,0.03
0.391,0.391,0.344,0.344,0.08,0.692,0.171,0.111,0.693,0.085,0.111,0.113,0.144,0.08,0.113,0.111,0.144,0.08,0.226,0.144,0.388,0.15,0.388,0.131,0.144,0.171,0.131,0.111,0.126,0.085,0.126,0.15,0.451,0.091,0.123,0.091,0.799,0.123,0.451,0.799,0.835,0.091,0.557,0.945,0.091,0.799,0.268,0.557,0.907,0.557,0.707,0.843,0.863,0.702,0.239,0.702,0.701,0.46,0.46,0.46,0.136,0.239,0.701,0.239,0.863,0.136,0.051,0.876,0.051,0.732,0.732,0.732,0.798,0.483,0.9,0.775,0.91,0.822,0.925,0.91,0.939,0.483,0.803,0.86,0.881,0.803,0.925,0.76,0.923,0.932,0.483,0.925,0.773,0.874,0.796,0.803,0.065,0.796,0.796,0.762,0.78,0.858,0.832,0.78,0.78,0.878,0.711,0.792,0.792,0.748,0.832,0.634,0.998,0.627,0.818,0.92,0.893,0.848,0.995,0.634,0.731,0.996,0.897,0.996,0.877,0.481,0.886,0.809,0.481,0.485,0.993,0.673,0.996,0.474,0.795,0.724,0.91,0.451,0.799,0.724,0.746,0.737,0.641,0.627,0.746,0.805,0.746,0.724,0.605,0.669,0.699,0.613,0.53,0.781,0.613,0.501,0.92,0.625,0.61,0.594,0.698,0.611,0.575,0.623,0.621,0.71,0.871,0.735
0.422,0.422,0.405,0.405,0.9,0.19,0.331,0.286,0.166,0.18,0.286,0.345,0.27,0.9,0.345,0.286,0.27,0.9,0.104,0.27,0.412,0.223,0.412,0.272,0.27,0.331,0.272,0.286,0.286,0.18,0.286,0.223,0.175,0.282,0.332,0.282,0.508,0.332,0.175,0.508,0.337,0.282,0.5,0.167,0.282,0.508,0.087,0.5,0.568,0.5,0.161,0.405,0.633,0.194,0.523,0.194,0.194,0.486,0.486,0.486,0.222,0.523,0.194,0.523,0.633,0.222,0.282,0.598,0.282,0.7,0.7,0.7,0.291,0.861,0.334,0.715,0.671,0.365,0.609,0.671,0.661,0.861,0.666,0.794,0.675,0.666,0.609,0.734,0.652,0.431,0.861,0.268,0.72,0.769,0.431,0.666,0.545,0.431,0.431,0.75,0.44,0.53,0.361,0.44,0.44,0.588,0.554,0.868,0.868,0.657,0.725,0.835,0.873,0.915,0.636,0.415,0.58,0.545,0.938,0.835,0.537,0.931,0.488,0.86,0.559,0.873,0.6,0.58,0.873,0.932,0.982,0.538,0.982,0.792,0.742,0.732,0.522,0.742,0.716,0.732,0.711,0.285,0.099,0.542,0.711,0.566,0.711,0.732,0.099,0.484,0.408,0.378,0.851,0.599,0.856,0.104,0.886,0.386,0.758,0.398,0.728,0.883,0.796,0.821,0.759,0.642,0.631,0.728
0.051,0.051,0.057,0.057,0.26,0.932,0.061,0.057,0.941,0.053,0.057,0.061,0.062,0.26,0.061,0.057,0.062,0.26,0.245,0.062,0.111,0.05,0.111,0.065,0.062,0.061,0.065,0.057,0.054,0.053,0.054,0.05,0.019,0.068,0.118,0.068,0.107,0.118,0.019,0.107,0.106,0.068,0.076,0.232,0.068,0.107,0.188,0.076,0.865,0.076,0.972,0.064,0.127,0.017,0.031,0.017,0.017,0.01,0.01,0.01,0.057,0.031,0.017,0.031,0.127,0.057,0.094,0.882,0.094,0.538,0.538,0.538,0.154,0.15,0.331,0.054,0.061,0.327,0.056,0.061,0.112,0.15,0.129,0.129,0.876,0.129,0.056,0.062,0.123,0.332,0.15,0.43,0.057,0.128,0.19,0.129,0.279,0.19,0.19,0.065,0.19,0.083,0.364,0.19,0.19,0.65,0.096,0.237,0.237,0.216,0.2,0.143,0.448,0.133,0.15,0.294,0.602,0.095,0.559,0.143,0.093,0.549,0.56,0.498,0.165,0.23,0.636,0.212,0.23,0.12,0.589,0.223,0.601,0.201,0.573,0.041,0.25,0.224,0.238,0.041,0.033,0.727,0.217,0.141,0.033,0.465,0.033,0.041,0.219,0.166,0.26,0.12,0.613,0.435,0.374,0.223,0.512,0.165,0.646,0.155,0.616,0.657,0.405,0.426,0.474,0.711,0.753,0.711
0.042,0.042,0.041,0.041,0.354,0.154,0.046,0.046,0.157,0.055,0.046,0.046,0.046,0.354,0.046,0.046,0.046,0.354,0.323,0.046,0.086,0.054,0.086,0.051,0.046,0.046,0.051,0.046,0.049,0.055,0.049,0.054,0.054,0.087,0.111,0.087,0.771,0.111,0.054,0.771,0.079,0.087,0.694,0.598,0.087,0.771,0.076,0.694,0.757,0.694,0.365,0.107,0.194,0.045,0.784,0.045,0.042,0.639,0.639,0.639,0.134,0.784,0.042,0.784,0.194,0.134,0.105,0.835,0.105,0.268,0.268,0.268,0.296,0.293,0.73,0.066,0.259,0.922,0.438,0.259,0.118,0.293,0.573,0.101,0.861,0.573,0.438,0.068,0.114,0.921,0.293,0.727,0.063,0.098,0.182,0.573,0.703,0.182,0.182,0.066,0.247,0.513,0.939,0.247,0.247,0.731,0.092,0.323,0.323,0.367,0.328,0.756,0.848,0.784,0.173,0.947,0.982,0.424,0.833,0.756,0.092,0.857,0.994,0.711,0.168,0.56,0.817,0.412,0.56,0.811,0.72,0.536,0.69,0.366,0.903,0.37,0.738,0.618,0.359,0.37,0.564,0.762,0.336,0.351,0.564,0.978,0.564,0.37,0.331,0.233,0.594,0.353,0.583,0.974,0.516,0.333,0.746,0.298,0.775,0.337,0.786,0.608,0.561,0.737,0.793,0.889,0.976,0.793
0.492,0.492,0.466,0.466,0.299,0.187,0.415,0.399,0.182,0.288,0.399,0.417,0.381,0.299,0.417,0.399,0.381,0.299,0.508,0.381,0.612,0.317,0.612,0.349,0.381,0.415,0.349,0.399,0.384,0.288,0.384,0.317,0.188,0.485,0.574,0.485,0.186,0.574,0.188,0.186,0.006,0.485,0.136,0.979,0.485,0.186,0.259,0.136,0.996,0.136,0.129,0.007,0.007,0.189,0.259,0.189,0.188,0.116,0.116,0.116,0.37,0.259,0.188,0.259,0.007,0.37,0.456,0.966,0.456,0.26,0.26,0.26,0.018,0.188,0.92,0.007,0.005,0.937,0.006,0.005,0.004,0.188,0.058,0.005,0.935,0.058,0.006,0.001,0.004,0.978,0.188,0.929,0.005,0.006,0.426,0.058,0.583,0.426,0.426,0.002,0.68,0.118,0.935,0.68,0.68,0.965,0.007,0.166,0.166,0.142,0.077,0.183,0.132,0.281,0.004,0.979,0.223,0.118,0.095,0.183,0.006,0.106,0.205,0.04,0.009,0.195,0.971,0.355,0.195,0.272,0.046,0.053,0.046,0.164,0.994,0.085,0.253,0.275,0.33,0.085,0.09,0.459,0.768,0.114,0.09,0.984,0.09,0.085,0.802,0.165,0.139,0.323,0.834,0.994,0.742,0.882,0.664,0.193,0.671,0.123,0.707,0.739,0.731,0.647,0.661,0.706,0.658,0.889
0.166,0.166,0.245,0.245,0.904,0.458,0.854,0.663,0.45,0.889,0.663,0.734,0.738,0.904,0.734,0.663,0.738,0.904,0.503,0.738,0.21,0.629,0.21,0.67,0.738,0.854,0.67,0.663,0.611,0.889,0.611,0.629,0.695,0.543,0.78,0.543,0.943,0.78,0.695,0.943,0.752,0.543,0.984,0.715,0.543,0.943,0.919,0.984,0.49,0.984,0.479,0.565,0.766,0.512,0.932,0.512,0.491,0.964,0.964,0.964,0.628,0.932,0.491,0.932,0.766,0.628,0.475,0.412,0.475,0.886,0.886,0.886,0.795,0.962,0.723,0.615,0.913,0.397,0.894,0.913,0.641,0.962,0.71,0.505,0.392,0.71,0.894,0.508,0.603,0.498,0.962,0.696,0.604,0.576,0.917,0.71,0.298,0.917,0.917,0.508,0.911,0.899,0.378,0.911,0.911,0.49,0.489,0.599,0.599,0.624,0.359,0.762,0.852,0.782,0.535,0.481,0.734,0.884,0.885,0.762,0.48,0.882,0.789,0.917,0.577,0.644,0.594,0.891,0.644,0.563,0.977,0.926,0.988,0.462,0.641,0.571,0.972,0.683,0.849,0.571,0.703,0.616,0.556,0.982,0.703,0.541,0.703,0.571,0.568,0.91,0.892,0.886,0.713,0.586,0.616,0.635,0.2,0.871,0.27,0.893,0.257,0.771,0.622,0.78,0.791,0.178,0.198,0.525
0.145,0.145,0.117,0.117,0.217,0.532,0.068,0.051,0.554,0.028,0.051,0.077,0.049,0.217,0.077,0.051,0.049,0.217,0.022,0.049,0.329,0.037,0.329,0.047,0.049,0.068,0.047,0.051,0.053,0.028,0.053,0.037,0.195,0.129,0.119,0.129,0.102,0.119,0.195,0.102,0.633,0.129,0.125,0.955,0.129,0.102,0.233,0.125,0.723,0.125,0.662,0.65,0.114,0.187,0.138,0.187,0.179,0.149,0.149,0.149,0.05,0.138,0.179,0.138,0.114,0.05,0.11,0.214,0.11,0.182,0.182,0.182,0.427,0.474,0.938,0.794,0.256,0.761,0.234,0.256,0.568,0.474,0.469,0.602,0.325,0.469,0.234,0.811,0.56,0.719,0.474,0.903,0.789,0.64,0.199,0.469,0.718,0.199,0.199,0.807,0.129,0.285,0.844,0.129,0.129,0.954,0.761,0.228,0.228,0.237,0.095,0.453,0.36,0.406,0.582,0.822,0.844,0.287,0.37,0.453,0.733,0.363,0.835,0.533,0.544,0.082,0.946,0.913,0.082,0.636,0.435,0.332,0.438,0.039,0.984,0.35,0.918,0.094,0.765,0.35,0.372,0.985,0.665,0.79,0.372,0.813,0.372,0.35,0.667,0.824,0.938,0.777,0.954,0.923,0.935,0.639,0.965,0.799,0.982,0.955,0.98,0.972,0.964,0.899,0.965,0.776,0.649,0.948
0.085,0.085,0.076,0.076,0.938,0.353,0.136,0.063,0.386,0.121,0.063,0.153,0.15,0.938,0.153,0.063,0.15,0.938,0.074,0.15,0.029,0.072,0.029,0.114,0.15,0.136,0.114,0.063,0.047,0.121,0.047,0.072,0.269,0.06,0.036,0.06,0.614,0.036,0.269,0.614,0.609,0.06,0.766,0.295,0.06,0.614,0.244,0.766,0.648,0.766,0.433,0.386,0.759,0.248,0.766,0.248,0.242,0.856,0.856,0.856,0.049,0.766,0.242,0.766,0.759,0.049,0.046,0.464,0.046,0.76,0.76,0.76,0.721,0.936,0.242,0.376,0.975,0.4,0.96,0.975,0.464,0.936,0.962,0.434,0.479,0.962,0.96,0.48,0.502,0.432,0.936,0.386,0.388,0.352,0.924,0.962,0.315,0.924,0.924,0.459,0.929,0.964,0.439,0.929,0.929,0.351,0.616,0.587,0.587,0.541,0.615,0.401,0.436,0.34,0.494,0.49,0.258,0.965,0.484,0.401,0.578,0.505,0.276,0.427,0.52,0.362,0.407,0.049,0.362,0.905,0.478,0.884,0.461,0.321,0.133,0.91,0.033,0.335,0.097,0.91,0.902,0.223,0.415,0.034,0.902,0.156,0.902,0.91,0.413,0.025,0.026,0.021,0.109,0.138,0.098,0.379,0.07,0.021,0.118,0.027,0.139,0.126,0.079,0.093,0.076,0.128,0.112,0.216
0.544,0.544,0.536,0.536,0.523,0.496,0.435,0.352,0.484,0.35,0.352,0.439,0.341,0.523,0.439,0.352,0.341,0.523,0.782,0.341,0.586,0.358,0.586,0.334,0.341,0.435,0.334,0.352,0.346,0.35,0.346,0.358,0.273,0.497,0.662,0.497,0.669,0.662,0.273,0.669,0.699,0.497,0.731,0.194,0.497,0.669,0.894,0.731,0.392,0.731,0.443,0.648,0.411,0.292,0.852,0.292,0.294,0.816,0.816,0.816,0.508,0.852,0.294,0.852,0.411,0.508,0.511,0.304,0.511,0.61,0.61,0.61,0.575,0.238,0.183,0.53,0.376,0.753,0.484,0.376,0.384,0.238,0.647,0.672,0.341,0.647,0.484,0.58,0.368,0.667,0.238,0.177,0.531,0.648,0.545,0.647,0.478,0.545,0.545,0.549,0.686,0.58,0.762,0.686,0.686,0.478,0.537,0.781,0.781,0.746,0.675,0.202,0.194,0.186,0.692,0.661,0.458,0.43,0.183,0.202,0.54,0.182,0.432,0.242,0.471,0.702,0.464,0.037,0.702,0.222,0.211,0.341,0.22,0.581,0.432,0.488,0.029,0.656,0.055,0.488,0.629,0.302,0.696,0.648,0.629,0.763,0.629,0.488,0.687,0.861,0.719,0.825,0.11,0.759,0.158,0.624,0.191,0.838,0.306,0.706,0.309,0.151,0.161,0.156,0.155,0.317,0.314,0.319
0.689,0.689,0.61,0.61,0.83,0.27,0.582,0.813,0.263,0.689,0.813,0.667,0.765,0.83,0.667,0.813,0.765,0.83,0.87,0.765,0.669,0.811,0.669,0.79,0.765,0.582,0.79,0.813,0.825,0.689,0.825,0.811,0.76,0.841,0.689,0.841,0.902,0.689,0.76,0.902,0.638,0.841,0.915,0.755,0.841,0.902,0.803,0.915,0.06,0.915,0.219,0.75,0.926,0.659,0.876,0.659,0.647,0.854,0.854,0.854,0.859,0.876,0.647,0.876,0.926,0.859,0.844,0.092,0.844,0.878,0.878,0.878,0.442,0.916,0.799,0.925,0.492,0.159,0.478,0.492,0.685,0.916,0.967,0.49,0.092,0.967,0.478,0.917,0.699,0.094,0.916,0.871,0.933,0.499,0.819,0.967,0.866,0.819,0.819,0.929,0.794,0.669,0.172,0.794,0.794,0.11,0.862,0.752,0.752,0.729,0.708,0.681,0.999,0.678,0.487,0.097,0.106,0.69,0.999,0.681,0.882,0.999,0.101,0.942,0.621,0.707,0.074,0.725,0.707,0.801,0.992,0.954,0.995,0.667,0.058,0.875,0.567,0.675,0.778,0.875,0.84,0.164,0.378,0.808,0.84,0.102,0.84,0.875,0.376,0.683,0.592,0.45,0.508,0.106,0.541,0.414,0.81,0.42,0.634,0.733,0.694,0.58,0.624,0.399,0.41,0.807,0.795,0.812
0.598,0.598,0.663,0.663,0.31,0.199,0.433,0.385,0.189,0.407,0.385,0.409,0.383,0.31,0.409,0.385,0.383,0.31,0.055,0.383,0.69,0.352,0.69,0.366,0.383,0.433,0.366,0.385,0.332,0.407,0.332,0.352,0.559,0.358,0.404,0.358,0.413,0.404,0.559,0.413,0.211,0.358,0.628,0.021,0.358,0.413,0.184,0.628,0.297,0.628,0.181,0.276,0.739,0.531,0.164,0.531,0.528,0.428,0.428,0.428,0.422,0.164,0.528,0.164,0.739,0.422,0.338,0.286,0.338,0.833,0.833,0.833,0.151,0.341,0.022,0.315,0.454,0.519,0.432,0.454,0.579,0.341,0.542,0.444,0.27,0.542,0.432,0.318,0.563,0.721,0.341,0.02,0.312,0.453,0.695,0.542,0.063,0.695,0.695,0.317,0.666,0.293,0.489,0.666,0.666,0.379,0.289,0.045,0.045,0.038,0.002,0.026,0.011,0.026,0.414,0.708,0.493,0.305,0.007,0.026,0.293,0.006,0.422,0.011,0.527,0.015,0.617,0.119,0.015,0.008,0.007,0.4,0.007,0.002,0.491,0.172,0.119,0.009,0.192,0.172,0.18,0.684,0.573,0.201,0.18,0.611,0.18,0.172,0.55,0.202,0.229,0.207,0.267,0.6,0.225,0.65,0.627,0.22,0.456,0.27,0.489,0.293,0.226,0.256,0.253,0.676,0.701,0.589
0.736,0.736,0.73,0.73,0.837,0.88,0.589,0.945,0.731,0.836,0.945,0.585,0.946,0.837,0.585,0.945,0.946,0.837,0.198,0.946,0.65,0.894,0.65,0.956,0.946,0.589,0.956,0.945,0.956,0.836,0.956,0.894,0.91,0.935,0.666,0.935,0.226,0.666,0.91,0.226,0.559,0.935,0.464,0.655,0.935,0.226,0.169,0.464,0.629,0.464,0.728,0.536,0.509,0.766,0.155,0.766,0.787,0.297,0.297,0.297,0.894,0.155,0.787,0.155,0.509,0.894,0.962,0.348,0.962,0.341,0.341,0.341,0.63,0.872,0.594,0.903,0.331,0.513,0.324,0.331,0.415,0.872,0.429,0.567,0.365,0.429,0.324,0.882,0.413,0.349,0.872,0.632,0.875,0.54,0.38,0.429,0.78,0.38,0.38,0.894,0.369,0.137,0.476,0.369,0.369,0.396,0.778,0.765,0.765,0.608,0.636,0.974,0.73,0.928,0.417,0.297,0.492,0.137,0.768,0.974,0.705,0.765,0.473,0.88,0.392,0.763,0.241,0.083,0.763,0.962,0.885,0.196,0.908,0.691,0.297,0.229,0.092,0.592,0.121,0.229,0.201,0.397,0.342,0.951,0.201,0.435,0.201,0.229,0.359,0.933,0.957,0.949,0.206,0.415,0.146,0.385,0.244,0.927,0.327,0.906,0.316,0.189,0.18,0.146,0.169,0.273,0.266,0.071
0.004,0.004,0.004,0.004,0.239,0.948,0.014,0.008,0.951,0.012,0.008,0.015,0.009,0.239,0.015,0.008,0.009,0.239,0.752,0.009,0.003,0.011,0.003,0.011,0.009,0.014,0.011,0.008,0.012,0.012,0.012,0.011,0.008,0.008,0.015,0.008,0.316,0.015,0.008,0.316,0.04,0.008,0.28,0.342,0.008,0.316,0.873,0.28,0.076,0.28,0.984,0.044,0.711,0.007,0.624,0.007,0.006,0.575,0.575,0.575,0.009,0.624,0.006,0.624,0.711,0.009,0.01,0.063,0.01,0.413,0.413,0.413,0.047,0.054,0.228,0.021,0.919,0.029,0.927,0.919,0.039,0.054,0.122,0.036,0.07,0.122,0.927,0.027,0.053,0.025,0.054,0.271,0.026,0.034,0.705,0.122,0.378,0.705,0.705,0.031,0.693,0.335,0.03,0.693,0.693,0.027,0.043,0.489,0.489,0.453,0.533,0.258,0.74,0.235,0.056,0.026,0.028,0.3,0.828,0.258,0.05,0.777,0.029,0.838,0.058,0.422,0.02,0.707,0.422,0.164,0.871,0.314,0.835,0.46,0.047,0.072,0.652,0.394,0.811,0.072,0.099,0.04,0.419,0.47,0.099,0.033,0.099,0.072,0.406,0.401,0.478,0.457,0.723,0.031,0.667,0.299,0.722,0.528,0.759,0.514,0.784,0.732,0.594,0.559,0.585,0.96,0.95,0.76
0.345,0.345,0.285,0.285,0.978,0.966,0.253,0.251,0.971,0.192,0.251,0.28,0.211,0.978,0.28,0.251,0.211,0.978,0.523,0.211,0.198,0.217,0.198,0.213,0.211,0.253,0.213,0.251,0.245,0.192,0.245,0.217,0.117,0.187,0.232,0.187,0.99,0.232,0.117,0.99,0.585,0.187,1.0,0.456,0.187,0.99,0.759,1.0,0.562,1.0,0.952,0.585,0.896,0.171,0.966,0.171,0.18,0.994,0.994,0.994,0.201,0.966,0.18,0.966,0.896,0.201,0.196,0.488,0.196,0.881,0.881,0.881,0.773,0.997,0.414,0.783,0.937,0.336,0.939,0.937,0.517,0.997,0.939,0.851,0.474,0.939,0.939,0.735,0.517,0.447,0.997,0.417,0.763,0.861,0.935,0.939,0.819,0.935,0.935,0.735,0.94,0.999,0.337,0.94,0.94,0.383,0.734,0.338,0.338,0.369,0.128,0.485,0.651,0.52,0.877,0.45,0.371,0.998,0.895,0.485,0.741,0.904,0.372,0.906,0.646,0.339,0.529,0.151,0.339,0.154,0.934,0.975,0.937,0.115,0.597,0.946,0.116,0.367,0.155,0.946,0.852,0.423,0.262,0.072,0.852,0.445,0.852,0.946,0.268,0.07,0.076,0.067,0.275,0.459,0.36,0.302,0.37,0.065,0.625,0.075,0.677,0.302,0.318,0.368,0.319,0.472,0.467,0.564
0.46,0.46,0.559,0.559,0.82,0.922,0.82,0.778,0.927,0.728,0.778,0.832,0.708,0.82,0.832,0.778,0.708,0.82,0.472,0.708,0.364,0.748,0.364,0.722,0.708,0.82,0.722,0.778,0.802,0.728,0.802,0.748,0.17,0.407,0.469,0.407,0.832,0.469,0.17,0.832,0.51,0.407,0.667,0.284,0.407,0.832,0.644,0.667,0.417,0.667,0.839,0.527,0.931,0.31,0.723,0.31,0.325,0.673,0.673,0.673,0.403,0.723,0.325,0.723,0.931,0.403,0.455,0.61,0.455,0.754,0.754,0.754,0.441,0.909,0.275,0.573,0.827,0.532,0.914,0.827,0.699,0.909,0.953,0.561,0.648,0.953,0.914,0.568,0.627,0.419,0.909,0.303,0.557,0.561,0.624,0.953,0.401,0.624,0.624,0.552,0.63,0.876,0.547,0.63,0.63,0.683,0.525,0.706,0.706,0.711,0.943,0.635,0.219,0.659,0.546,0.404,0.958,0.867,0.248,0.635,0.519,0.254,0.965,0.141,0.545,0.592,0.431,0.766,0.592,0.823,0.161,0.901,0.161,0.905,0.812,0.898,0.793,0.594,0.884,0.898,0.95,0.847,0.401,0.853,0.95,0.821,0.95,0.898,0.409,0.969,0.835,0.955,0.967,0.81,0.885,0.422,0.506,0.947,0.544,0.845,0.509,0.956,0.874,0.939,0.86,0.617,0.627,0.747
0.364,0.364,0.384,0.384,0.491,0.295,0.476,0.503,0.362,0.67,0.503,0.468,0.458,0.491,0.468,0.503,0.458,0.491,0.231,0.458,0.618,0.703,0.618,0.562,0.458,0.476,0.562,0.503,0.606,0.67,0.606,0.703,0.999,0.442,0.481,0.442,0.501,0.481,0.999,0.501,0.801,0.442,0.524,0.519,0.442,0.501,0.181,0.524,0.404,0.524,0.41,0.815,0.441,0.999,0.526,0.999,0.999,0.49,0.49,0.49,0.593,0.526,0.999,0.526,0.441,0.593,0.543,0.8,0.543,0.3,0.3,0.3,0.956,0.333,0.527,0.537,0.207,0.606,0.451,0.207,0.721,0.333,0.208,0.635,0.73,0.208,0.451,0.501,0.734,0.351,0.333,0.511,0.504,0.697,0.175,0.208,0.016,0.175,0.175,0.504,0.216,0.287,0.735,0.216,0.216,0.651,0.506,0.618,0.618,0.642,0.495,0.574,0.269,0.623,0.666,0.515,0.79,0.163,0.286,0.574,0.526,0.291,0.826,0.471,0.798,0.632,0.61,0.726,0.632,0.561,0.27,0.503,0.319,0.579,0.644,0.176,0.818,0.659,0.768,0.176,0.16,0.55,0.789,0.737,0.16,0.666,0.16,0.176,0.77,0.423,0.697,0.46,0.8,0.733,0.805,0.695,0.128,0.518,0.152,0.511,0.116,0.706,0.822,0.696,0.757,0.169,0.146,0.519
0.426,0.426,0.388,0.388,0.301,0.777,0.298,0.273,0.808,0.353,0.273,0.324,0.268,0.301,0.324,0.273,0.268,0.301,0.958,0.268,0.561,0.332,0.561,0.246,0.268,0.298,0.246,0.273,0.273,0.353,0.273,0.332,0.43,0.35,0.409,0.35,0.791,0.409,0.43,0.791,0.626,0.35,0.662,0.938,0.35,0.791,0.793,0.662,0.431,0.662,0.806,0.603,0.399,0.442,0.896,0.442,0.431,0.751,0.751,0.751,0.49,0.896,0.431,0.896,0.399,0.49,0.328,0.793,0.328,0.257,0.257,0.257,0.778,0.79,0.927,0.321,0.31,0.958,0.314,0.31,0.505,0.79,0.399,0.484,0.857,0.399,0.314,0.335,0.523,0.971,0.79,0.951,0.333,0.464,0.282,0.399,0.364,0.282,0.282,0.345,0.228,0.475,0.983,0.228,0.228,0.754,0.407,0.612,0.612,0.673,0.737,0.77,0.111,0.764,0.589,0.995,0.252,0.459,0.133,0.77,0.373,0.131,0.253,0.136,0.553,0.696,0.795,0.096,0.696,0.741,0.152,0.41,0.155,0.775,0.956,0.623,0.096,0.758,0.083,0.623,0.429,0.429,0.955,0.019,0.429,0.976,0.429,0.623,0.946,0.031,0.023,0.031,0.169,0.992,0.109,0.98,0.243,0.028,0.285,0.022,0.281,0.18,0.1,0.113,0.116,0.229,0.238,0.214
0.125,0.125,0.155,0.155,0.799,0.874,0.278,0.283,0.867,0.207,0.283,0.278,0.275,0.799,0.278,0.283,0.275,0.799,0.973,0.275,0.164,0.233,0.164,0.285,0.275,0.278,0.285,0.283,0.285,0.207,0.285,0.233,0.2,0.359,0.366,0.359,0.921,0.366,0.2,0.921,0.682,0.359,0.89,0.978,0.359,0.921,0.912,0.89,0.936,0.89,0.879,0.707,0.392,0.188,0.791,0.188,0.19,0.703,0.703,0.703,0.261,0.791,0.19,0.791,0.392,0.261,0.369,0.962,0.369,0.511,0.511,0.511,0.775,0.812,0.947,0.65,0.481,0.9,0.471,0.481,0.772,0.812,0.67,0.727,0.949,0.67,0.471,0.668,0.805,0.78,0.812,0.938,0.664,0.717,0.56,0.67,0.789,0.56,0.56,0.685,0.571,0.688,0.902,0.571,0.571,0.908,0.737,0.992,0.992,0.993,0.908,0.639,0.214,0.605,0.793,0.768,0.168,0.678,0.212,0.639,0.716,0.219,0.118,0.254,0.856,0.992,0.746,0.466,0.992,0.55,0.269,0.623,0.269,0.966,0.61,0.591,0.395,0.994,0.348,0.591,0.622,0.454,0.605,0.567,0.622,0.56,0.622,0.591,0.618,0.757,0.781,0.708,0.259,0.581,0.281,0.634,0.44,0.673,0.374,0.844,0.377,0.248,0.292,0.253,0.257,0.516,0.47,0.593
0.103,0.103,0.097,0.097,0.585,0.982,0.097,0.135,0.981,0.09,0.135,0.129,0.102,0.585,0.129,0.135,0.102,0.585,0.536,0.102,0.083,0.122,0.083,0.116,0.102,0.097,0.116,0.135,0.157,0.09,0.157,0.122,0.041,0.065,0.098,0.065,0.774,0.098,0.041,0.774,0.531,0.065,0.899,0.605,0.065,0.774,0.863,0.899,0.103,0.899,0.985,0.534,0.822,0.076,0.866,0.076,0.078,0.914,0.914,0.914,0.084,0.866,0.078,0.866,0.822,0.084,0.081,0.097,0.081,0.735,0.735,0.735,0.552,0.544,0.517,0.788,0.962,0.209,0.968,0.962,0.42,0.544,0.9,0.8,0.227,0.9,0.968,0.79,0.419,0.176,0.544,0.516,0.768,0.764,0.782,0.9,0.461,0.782,0.782,0.787,0.832,0.969,0.217,0.832,0.832,0.118,0.871,0.966,0.966,0.966,0.999,0.131,0.602,0.191,0.775,0.175,0.286,0.988,0.618,0.131,0.866,0.623,0.292,0.608,0.454,0.903,0.091,0.968,0.903,0.262,0.698,0.865,0.672,0.968,0.113,0.932,0.886,0.879,0.964,0.932,0.945,0.249,0.197,0.74,0.945,0.304,0.945,0.932,0.199,0.583,0.845,0.689,0.968,0.325,0.921,0.24,0.7,0.691,0.64,0.927,0.575,0.953,0.943,0.911,0.915,0.941,0.927,0.678
0.047,0.047,0.044,0.044,0.032,0.101,0.047,0.055,0.109,0.058,0.055,0.048,0.056,0.032,0.048,0.055,0.056,0.032,0.145,0.056,0.096,0.065,0.096,0.055,0.056,0.047,0.055,0.055,0.062,0.058,0.062,0.065,0.076,0.112,0.116,0.112,0.134,0.116,0.076,0.134,0.144,0.112,0.142,0.067,0.112,0.134,0.134,0.142,0.245,0.142,0.323,0.131,0.166,0.065,0.036,0.065,0.065,0.029,0.029,0.029,0.142,0.036,0.065,0.036,0.166,0.142,0.142,0.317,0.142,0.023,0.023,0.023,0.152,0.068,0.101,0.088,0.014,0.762,0.013,0.014,0.152,0.068,0.139,0.169,0.411,0.139,0.013,0.089,0.105,0.763,0.068,0.109,0.082,0.144,0.012,0.139,0.062,0.012,0.012,0.084,0.011,0.096,0.743,0.011,0.011,0.287,0.111,0.183,0.183,0.289,0.25,0.106,0.186,0.047,0.186,0.699,0.297,0.143,0.16,0.106,0.106,0.167,0.329,0.189,0.189,0.193,0.229,0.432,0.193,0.233,0.179,0.278,0.181,0.286,0.116,0.015,0.506,0.333,0.32,0.015,0.003,0.187,0.567,0.5,0.003,0.239,0.003,0.015,0.538,0.605,0.806,0.696,0.428,0.199,0.558,0.523,0.392,0.583,0.674,0.537,0.658,0.493,0.501,0.533,0.505,0.426,0.44,0.367
0.982,0.982,0.985,0.985,0.873,0.176,0.989,0.964,0.178,0.834,0.964,0.985,0.956,0.873,0.985,0.964,0.956,0.873,0.567,0.956,0.987,0.752,0.987,0.944,0.956,0.989,0.944,0.964,0.893,0.834,0.893,0.752,0.782,0.96,0.977,0.96,0.052,0.977,0.782,0.052,0.003,0.96,0.046,0.58,0.96,0.052,0.368,0.046,0.016,0.046,0.177,0.003,0.69,0.663,0.143,0.663,0.648,0.144,0.144,0.144,0.794,0.143,0.648,0.143,0.69,0.794,0.927,0.02,0.927,0.349,0.349,0.349,0.013,0.836,0.51,0.017,0.194,0.083,0.163,0.194,0.008,0.836,0.738,0.012,0.018,0.738,0.163,0.03,0.006,0.073,0.836,0.47,0.012,0.01,0.121,0.738,0.907,0.121,0.121,0.034,0.148,0.278,0.072,0.148,0.148,0.085,0.026,0.142,0.142,0.388,0.42,0.842,0.22,0.758,0.012,0.058,0.12,0.24,0.225,0.842,0.027,0.212,0.186,0.19,0.007,0.178,0.167,0.456,0.178,0.795,0.198,0.657,0.19,0.496,0.176,0.548,0.459,0.436,0.698,0.548,0.588,0.135,0.485,0.505,0.588,0.161,0.588,0.548,0.49,0.527,0.66,0.467,0.416,0.182,0.462,0.552,0.402,0.493,0.48,0.661,0.444,0.384,0.353,0.456,0.345,0.596,0.582,0.455
0.702,0.702,0.795,0.795,0.648,0.828,0.916,0.95,0.831,0.958,0.95,0.923,0.96,0.648,0.923,0.95,0.96,0.648,0.799,0.96,0.764,0.916,0.764,0.94,0.96,0.916,0.94,0.95,0.885,0.958,0.885,0.916,0.653,0.93,0.927,0.93,0.62,0.927,0.653,0.62,0.494,0.93,0.547,0.795,0.93,0.62,0.821,0.547,0.47,0.547,0.762,0.582,0.674,0.64,0.426,0.64,0.64,0.498,0.498,0.498,0.908,0.426,0.64,0.426,0.674,0.908,0.914,0.556,0.914,0.472,0.472,0.472,0.358,0.668,0.581,0.283,0.62,0.266,0.625,0.62,0.303,0.668,0.735,0.343,0.709,0.735,0.625,0.269,0.303,0.202,0.668,0.888,0.267,0.341,0.444,0.735,0.903,0.444,0.444,0.256,0.457,0.571,0.292,0.457,0.457,0.262,0.237,0.235,0.235,0.141,0.057,0.155,0.281,0.423,0.314,0.241,0.562,0.52,0.293,0.155,0.21,0.292,0.496,0.363,0.301,0.228,0.197,0.099,0.228,0.353,0.385,0.488,0.384,0.064,0.353,0.691,0.091,0.158,0.135,0.691,0.719,0.48,0.513,0.053,0.719,0.36,0.719,0.691,0.51,0.035,0.043,0.033,0.214,0.358,0.177,0.45,0.16,0.029,0.252,0.038,0.254,0.213,0.169,0.167,0.161,0.258,0.278,0.184
0.067,0.067,0.082,0.082,0.089,0.517,0.088,0.739,0.577,0.668,0.739,0.059,0.868,0.089,0.059,0.739,0.868,0.089,0.642,0.868,0.101,0.517,0.101,0.811,0.868,0.088,0.811,0.739,0.636,0.668,0.636,0.517,0.525,0.675,0.067,0.675,0.866,0.067,0.525,0.866,0.461,0.675,0.871,0.112,0.675,0.866,0.701,0.871,0.162,0.871,0.892,0.465,0.618,0.501,0.778,0.501,0.497,0.829,0.829,0.829,0.515,0.778,0.497,0.778,0.618,0.515,0.598,0.099,0.598,0.648,0.648,0.648,0.211,0.097,0.111,0.589,0.886,0.367,0.822,0.886,0.462,0.097,0.684,0.406,0.126,0.684,0.822,0.54,0.455,0.357,0.097,0.11,0.581,0.398,0.599,0.684,0.255,0.599,0.599,0.575,0.505,0.826,0.416,0.505,0.505,0.185,0.592,0.319,0.319,0.344,0.741,0.376,0.298,0.41,0.395,0.366,0.11,0.852,0.244,0.376,0.639,0.238,0.088,0.219,0.44,0.267,0.25,0.252,0.267,0.456,0.155,0.525,0.157,0.376,0.061,0.937,0.209,0.283,0.37,0.937,0.93,0.155,0.328,0.816,0.93,0.157,0.93,0.937,0.327,0.698,0.919,0.771,0.086,0.131,0.02,0.341,0.208,0.645,0.124,0.932,0.135,0.073,0.03,0.027,0.034,0.274,0.256,0.115
0.985,0.985,0.981,0.981,0.516,0.192,0.831,0.817,0.196,0.726,0.817,0.919,0.744,0.516,0.919,0.817,0.744,0.516,0.91,0.744,0.995,0.719,0.995,0.78,0.744,0.831,0.78,0.817,0.815,0.726,0.815,0.719,0.965,0.633,0.756,0.633,0.343,0.756,0.965,0.343,0.713,0.633,0.165,0.483,0.633,0.343,0.774,0.165,0.803,0.165,0.146,0.568,0.271,0.934,0.232,0.934,0.927,0.089,0.089,0.089,0.728,0.232,0.927,0.232,0.271,0.728,0.68,0.891,0.68,0.811,0.811,0.811,0.796,0.62,0.496,0.973,0.253,0.745,0.441,0.253,0.88,0.62,0.152,0.87,0.866,0.152,0.441,0.971,0.894,0.828,0.62,0.442,0.97,0.868,0.726,0.152,0.767,0.726,0.726,0.976,0.547,0.056,0.7,0.547,0.547,0.605,0.966,0.333,0.333,0.311,0.672,0.594,0.458,0.703,0.9,0.877,0.753,0.017,0.434,0.594,0.975,0.476,0.782,0.676,0.812,0.531,0.744,0.512,0.531,0.557,0.607,0.069,0.649,0.692,0.878,0.051,0.632,0.511,0.66,0.051,0.195,0.694,0.335,0.473,0.195,0.719,0.195,0.051,0.328,0.287,0.43,0.371,0.361,0.754,0.291,0.347,0.168,0.311,0.04,0.378,0.033,0.377,0.291,0.257,0.269,0.015,0.009,0.081
0.708,0.708,0.685,0.685,0.05,0.097,0.892,0.896,0.097,0.77,0.896,0.889,0.896,0.05,0.889,0.896,0.896,0.05,0.143,0.896,0.836,0.787,0.836,0.888,0.896,0.892,0.888,0.896,0.868,0.77,0.868,0.787,0.843,0.961,0.938,0.961,0.02,0.938,0.843,0.02,0.259,0.961,0.086,0.973,0.961,0.02,0.018,0.086,0.306,0.086,0.061,0.233,0.22,0.825,0.018,0.825,0.824,0.071,0.071,0.071,0.802,0.018,0.824,0.018,0.22,0.802,0.904,0.28,0.904,0.228,0.228,0.228,0.174,0.175,0.704,0.799,0.702,0.685,0.495,0.702,0.179,0.175,0.077,0.137,0.216,0.077,0.495,0.824,0.168,0.501,0.175,0.675,0.806,0.14,0.344,0.077,0.661,0.344,0.344,0.793,0.508,0.404,0.544,0.508,0.508,0.689,0.725,0.291,0.291,0.42,0.344,0.64,0.29,0.616,0.116,0.306,0.597,0.606,0.275,0.64,0.737,0.26,0.63,0.208,0.138,0.543,0.605,0.397,0.543,0.744,0.308,0.153,0.3,0.651,0.387,0.303,0.399,0.517,0.354,0.303,0.175,0.308,0.072,0.461,0.175,0.612,0.175,0.303,0.071,0.6,0.707,0.602,0.408,0.508,0.623,0.078,0.618,0.677,0.588,0.729,0.63,0.425,0.569,0.539,0.478,0.541,0.529,0.49
0.251,0.251,0.187,0.187,0.254,0.451,0.201,0.19,0.43,0.746,0.19,0.299,0.14,0.254,0.299,0.19,0.14,0.254,0.728,0.14,0.258,0.789,0.258,0.143,0.14,0.201,0.143,0.19,0.194,0.746,0.194,0.789,0.606,0.25,0.245,0.25,0.626,0.245,0.606,0.626,0.496,0.25,0.519,0.61,0.25,0.626,0.47,0.519,0.156,0.519,0.426,0.562,0.596,0.641,0.667,0.641,0.645,0.608,0.608,0.608,0.727,0.667,0.645,0.667,0.596,0.727,0.246,0.301,0.246,0.682,0.682,0.682,0.943,0.482,0.609,0.8,0.891,0.183,0.86,0.891,0.626,0.482,0.231,0.384,0.289,0.231,0.86,0.771,0.589,0.225,0.482,0.679,0.76,0.436,0.616,0.231,0.794,0.616,0.616,0.731,0.604,0.325,0.128,0.604,0.604,0.066,0.8,0.438,0.438,0.399,0.308,0.563,0.196,0.548,0.349,0.16,0.079,0.308,0.2,0.563,0.78,0.185,0.082,0.277,0.437,0.607,0.127,0.715,0.607,0.202,0.298,0.244,0.27,0.384,0.018,0.494,0.722,0.555,0.466,0.494,0.465,0.062,0.285,0.257,0.465,0.039,0.465,0.494,0.279,0.492,0.661,0.539,0.74,0.03,0.956,0.277,0.649,0.477,0.977,0.691,0.971,0.689,0.904,0.948,0.903,0.93,0.913,0.773
0.572,0.572,0.545,0.545,0.098,0.074,0.466,0.51,0.073,0.365,0.51,0.474,0.435,0.098,0.474,0.51,0.435,0.098,0.287,0.435,0.52,0.391,0.52,0.444,0.435,0.466,0.444,0.51,0.475,0.365,0.475,0.391,0.344,0.555,0.502,0.555,0.276,0.502,0.344,0.276,0.078,0.555,0.625,0.403,0.555,0.276,0.947,0.625,0.14,0.625,0.055,0.094,0.684,0.267,0.351,0.267,0.261,0.712,0.712,0.712,0.488,0.351,0.261,0.351,0.684,0.488,0.551,0.39,0.551,0.516,0.516,0.516,0.18,0.129,0.472,0.923,0.552,0.892,0.603,0.552,0.203,0.129,0.818,0.176,0.572,0.818,0.603,0.909,0.174,0.922,0.129,0.429,0.889,0.176,0.455,0.818,0.344,0.455,0.455,0.907,0.494,0.597,0.806,0.494,0.494,0.442,0.921,0.981,0.981,0.985,0.937,0.446,0.67,0.395,0.158,0.801,0.255,0.564,0.811,0.446,0.915,0.793,0.565,0.811,0.187,0.385,0.537,0.527,0.385,0.702,0.849,0.75,0.855,0.921,0.473,0.828,0.517,0.543,0.653,0.828,0.686,0.538,0.039,0.321,0.686,0.411,0.686,0.828,0.033,0.447,0.485,0.333,0.584,0.174,0.535,0.037,0.615,0.354,0.685,0.435,0.684,0.628,0.535,0.516,0.519,0.525,0.5,0.485
0.169,0.169,0.158,0.158,0.108,0.975,0.19,0.202,0.986,0.116,0.202,0.214,0.157,0.108,0.214,0.202,0.157,0.108,0.035,0.157,0.146,0.165,0.146,0.171,0.157,0.19,0.171,0.202,0.212,0.116,0.212,0.165,0.052,0.156,0.192,0.156,0.491,0.192,0.052,0.491,0.448,0.156,0.253,0.555,0.156,0.491,0.04,0.253,0.684,0.253,0.974,0.395,0.098,0.078,0.663,0.078,0.079,0.519,0.519,0.519,0.138,0.663,0.079,0.663,0.098,0.138,0.182,0.717,0.182,0.046,0.046,0.046,0.51,0.209,0.577,0.461,0.051,0.872,0.051,0.051,0.329,0.209,0.128,0.526,0.71,0.128,0.051,0.42,0.321,0.832,0.209,0.56,0.385,0.574,0.043,0.128,0.03,0.043,0.043,0.356,0.042,0.175,0.739,0.042,0.042,0.897,0.38,0.105,0.105,0.083,0.239,0.101,0.02,0.088,0.516,0.77,0.318,0.167,0.021,0.101,0.323,0.02,0.379,0.036,0.354,0.136,0.91,0.484,0.136,0.038,0.028,0.194,0.026,0.204,0.898,0.101,0.555,0.114,0.467,0.101,0.161,0.722,0.413,0.619,0.161,0.876,0.161,0.101,0.429,0.675,0.586,0.632,0.7,0.826,0.833,0.528,0.908,0.616,0.691,0.512,0.652,0.722,0.803,0.848,0.841,0.538,0.547,0.668
0.034,0.034,0.036,0.036,0.712,0.142,0.028,0.035,0.15,0.078,0.035,0.026,0.035,0.712,0.026,0.035,0.035,0.712,0.128,0.035,0.063,0.102,0.063,0.043,0.035,0.028,0.043,0.035,0.042,0.078,0.042,0.102,0.071,0.066,0.09,0.066,0.859,0.09,0.071,0.859,0.103,0.066,0.468,0.239,0.066,0.859,0.176,0.468,0.612,0.468,0.376,0.106,0.787,0.067,0.783,0.067,0.064,0.424,0.424,0.424,0.18,0.783,0.064,0.783,0.787,0.18,0.069,0.57,0.069,0.738,0.738,0.738,0.14,0.695,0.259,0.056,0.865,0.698,0.817,0.865,0.13,0.695,0.817,0.131,0.545,0.817,0.817,0.065,0.106,0.558,0.695,0.233,0.065,0.129,0.652,0.817,0.517,0.652,0.652,0.07,0.579,0.779,0.64,0.579,0.579,0.695,0.091,0.938,0.938,0.706,0.481,0.996,0.479,0.995,0.163,0.568,0.745,0.843,0.604,0.996,0.096,0.613,0.805,0.551,0.188,0.887,0.649,0.719,0.887,0.569,0.591,0.687,0.623,0.429,0.68,0.899,0.734,0.575,0.704,0.899,0.922,0.746,0.207,0.558,0.922,0.577,0.922,0.899,0.213,0.304,0.67,0.566,0.86,0.481,0.863,0.238,0.806,0.581,0.969,0.532,0.95,0.844,0.877,0.879,0.895,0.943,0.918,0.932
0.537,0.537,0.445,0.445,0.243,0.362,0.705,0.65,0.392,0.8,0.65,0.784,0.562,0.243,0.784,0.65,0.562,0.243,0.893,0.562,0.482,0.808,0.482,0.545,0.562,0.705,0.545,0.65,0.645,0.8,0.645,0.808,0.94,0.548,0.718,0.548,0.808,0.718,0.94,0.808,0.686,0.548,0.417,0.3,0.548,0.808,0.665,0.417,0.851,0.417,0.452,0.526,0.147,0.931,0.886,0.931,0.928,0.694,0.694,0.694,0.876,0.886,0.928,0.886,0.147,0.876,0.593,0.791,0.593,0.157,0.157,0.157,0.454,0.746,0.66,0.718,0.723,0.963,0.814,0.723,0.907,0.746,0.44,0.84,0.717,0.44,0.814,0.743,0.895,0.972,0.746,0.658,0.718,0.847,0.567,0.44,0.746,0.567,0.567,0.753,0.632,0.724,0.96,0.632,0.632,0.96,0.601,0.831,0.831,0.817,0.769,0.959,0.263,0.942,0.756,0.962,0.777,0.71,0.351,0.959,0.623,0.353,0.802,0.366,0.9,0.924,0.973,0.632,0.924,0.817,0.369,0.306,0.386,0.962,0.498,0.607,0.675,0.915,0.626,0.607,0.701,0.32,0.596,0.562,0.701,0.456,0.701,0.607,0.585,0.539,0.669,0.213,0.837,0.419,0.854,0.585,0.759,0.202,0.571,0.591,0.581,0.807,0.791,0.853,0.828,0.346,0.342,0.102
0.642,0.642,0.714,0.714,0.943,0.761,0.592,0.675,0.682,0.684,0.675,0.527,0.785,0.943,0.527,0.675,0.785,0.943,0.369,0.785,0.809,0.581,0.809,0.764,0.785,0.592,0.764,0.675,0.659,0.684,0.659,0.581,0.393,0.729,0.532,0.729,0.634,0.532,0.393,0.634,0.306,0.729,0.777,0.065,0.729,0.634,0.582,0.777,0.298,0.777,0.553,0.302,0.777,0.338,0.703,0.338,0.326,0.817,0.817,0.817,0.605,0.703,0.326,0.703,0.777,0.605,0.652,0.243,0.652,0.703,0.703,0.703,0.226,0.801,0.065,0.202,0.685,0.084,0.632,0.685,0.257,0.801,0.83,0.325,0.191,0.83,0.632,0.208,0.259,0.112,0.801,0.068,0.2,0.32,0.456,0.83,0.654,0.456,0.456,0.203,0.456,0.757,0.094,0.456,0.456,0.098,0.162,0.54,0.54,0.345,0.947,0.286,0.239,0.287,0.262,0.123,0.002,0.8,0.231,0.286,0.167,0.249,0.002,0.224,0.262,0.289,0.09,0.066,0.289,0.776,0.234,0.815,0.242,0.838,0.037,0.662,0.051,0.17,0.04,0.662,0.615,0.002,0.763,0.136,0.615,0.04,0.615,0.662,0.783,0.144,0.257,0.368,0.069,0.046,0.132,0.786,0.251,0.237,0.207,0.183,0.201,0.101,0.138,0.132,0.137,0.263,0.255,0.329
0.173,0.173,0.119,0.119,0.911,0.755,0.323,0.293,0.723,0.24,0.293,0.338,0.278,0.911,0.338,0.293,0.278,0.911,0.579,0.278,0.16,0.251,0.16,0.288,0.278,0.323,0.288,0.293,0.304,0.24,0.304,0.251,0.145,0.306,0.368,0.306,0.517,0.368,0.145,0.517,0.417,0.306,0.404,0.058,0.306,0.517,0.543,0.404,0.246,0.404,0.927,0.646,0.359,0.135,0.393,0.135,0.132,0.269,0.269,0.269,0.264,0.393,0.132,0.393,0.359,0.264,0.312,0.554,0.312,0.147,0.147,0.147,0.397,0.905,0.052,0.325,0.344,0.818,0.362,0.344,0.612,0.905,0.519,0.576,0.542,0.519,0.362,0.436,0.647,0.811,0.905,0.05,0.357,0.459,0.222,0.519,0.307,0.222,0.222,0.433,0.21,0.526,0.78,0.21,0.21,0.911,0.495,0.503,0.503,0.526,0.402,0.945,0.145,0.949,0.633,0.75,0.906,0.513,0.164,0.945,0.471,0.163,0.938,0.137,0.693,0.664,0.962,0.949,0.664,0.544,0.094,0.372,0.091,0.372,0.844,0.365,0.853,0.686,0.91,0.365,0.402,0.838,0.757,0.823,0.402,0.856,0.402,0.365,0.757,0.54,0.776,0.533,0.99,0.858,0.976,0.64,0.072,0.504,0.157,0.655,0.12,0.989,0.985,0.986,0.99,0.252,0.303,0.089
0.276,0.276,0.273,0.273,0.06,0.632,0.27,0.204,0.633,0.123,0.204,0.252,0.224,0.06,0.252,0.204,0.224,0.06,0.712,0.224,0.173,0.1,0.173,0.189,0.224,0.27,0.189,0.204,0.154,0.123,0.154,0.1,0.966,0.135,0.263,0.135,0.034,0.263,0.966,0.034,0.964,0.135,0.021,0.095,0.135,0.034,0.355,0.021,0.085,0.021,0.535,0.965,0.276,0.929,0.02,0.929,0.936,0.013,0.013,0.013,0.083,0.02,0.936,0.02,0.276,0.083,0.175,0.282,0.175,0.583,0.583,0.583,0.916,0.228,0.121,0.634,0.694,0.589,0.7,0.694,0.9,0.228,0.008,0.77,0.173,0.008,0.7,0.639,0.911,0.674,0.228,0.127,0.649,0.774,0.731,0.008,0.938,0.731,0.731,0.663,0.732,0.069,0.37,0.732,0.732,0.285,0.685,0.272,0.272,0.229,0.141,0.249,0.268,0.25,0.789,0.46,0.674,0.07,0.258,0.249,0.666,0.265,0.55,0.55,0.875,0.329,0.538,0.016,0.329,0.381,0.549,0.023,0.541,0.163,0.616,0.018,0.026,0.291,0.017,0.018,0.021,0.339,0.993,0.009,0.021,0.895,0.021,0.018,0.993,0.006,0.011,0.007,0.062,0.603,0.114,0.993,0.133,0.007,0.14,0.012,0.159,0.049,0.112,0.106,0.112,0.163,0.161,0.11
0.825,0.825,0.868,0.868,0.775,0.364,0.696,0.426,0.395,0.583,0.426,0.637,0.557,0.775,0.637,0.426,0.557,0.775,0.629,0.557,0.776,0.493,0.776,0.482,0.557,0.696,0.482,0.426,0.429,0.583,0.429,0.493,0.72,0.332,0.595,0.332,0.495,0.595,0.72,0.495,0.904,0.332,0.379,0.754,0.332,0.495,0.358,0.379,0.819,0.379,0.416,0.779,0.201,0.551,0.687,0.551,0.606,0.581,0.581,0.581,0.385,0.687,0.606,0.687,0.201,0.385,0.325,0.788,0.325,0.347,0.347,0.347,0.785,0.72,0.71,0.849,0.206,0.44,0.194,0.206,0.966,0.72,0.226,0.913,0.781,0.226,0.194,0.852,0.955,0.46,0.72,0.705,0.856,0.909,0.314,0.226,0.721,0.314,0.314,0.859,0.293,0.254,0.428,0.293,0.293,0.728,0.789,0.857,0.857,0.87,0.842,0.914,0.55,0.914,0.849,0.39,0.892,0.239,0.651,0.914,0.783,0.661,0.877,0.639,0.901,0.964,0.788,0.528,0.964,0.992,0.695,0.232,0.695,0.934,0.892,0.282,0.73,0.962,0.739,0.282,0.313,0.933,0.096,0.49,0.313,0.883,0.313,0.282,0.095,0.375,0.58,0.262,0.729,0.843,0.804,0.095,0.635,0.233,0.554,0.449,0.527,0.745,0.65,0.877,0.768,0.827,0.88,0.652
0.472,0.472,0.474,0.474,0.358,0.219,0.425,0.396,0.252,0.38,0.396,0.44,0.379,0.358,0.44,0.396,0.379,0.358,0.84,0.379,0.601,0.426,0.601,0.371,0.379,0.425,0.371,0.396,0.401,0.38,0.401,0.426,0.277,0.412,0.482,0.412,0.267,0.482,0.277,0.267,0.368,0.412,0.307,0.852,0.412,0.267,0.876,0.307,0.947,0.307,0.262,0.397,0.354,0.246,0.16,0.246,0.264,0.258,0.258,0.258,0.472,0.16,0.264,0.16,0.354,0.472,0.412,0.878,0.412,0.232,0.232,0.232,0.762,0.545,0.848,0.281,0.6,0.968,0.634,0.6,0.425,0.545,0.368,0.288,0.903,0.368,0.634,0.293,0.39,0.964,0.545,0.943,0.259,0.28,0.354,0.368,0.628,0.354,0.354,0.272,0.377,0.298,0.974,0.377,0.377,0.979,0.463,0.064,0.064,0.056,0.079,0.292,0.884,0.246,0.436,0.976,0.995,0.28,0.874,0.292,0.396,0.856,0.979,0.865,0.571,0.066,0.951,0.605,0.066,0.344,0.717,0.415,0.696,0.063,0.988,0.485,0.631,0.056,0.662,0.485,0.524,0.995,0.298,0.811,0.524,0.94,0.524,0.485,0.294,0.834,0.694,0.726,0.825,0.973,0.703,0.297,0.253,0.726,0.08,0.638,0.087,0.805,0.726,0.721,0.736,0.061,0.065,0.17
0.79,0.79,0.78,0.78,0.855,0.086,0.559,0.698,0.089,0.994,0.698,0.508,0.696,0.855,0.508,0.698,0.696,0.855,0.781,0.696,0.688,0.989,0.688,0.71,0.696,0.559,0.71,0.698,0.709,0.994,0.709,0.989,0.9,0.818,0.508,0.818,0.986,0.508,0.9,0.986,0.495,0.818,0.964,0.395,0.818,0.986,0.915,0.964,0.342,0.964,0.068,0.523,0.898,0.861,0.976,0.861,0.873,0.982,0.982,0.982,0.995,0.976,0.873,0.976,0.898,0.995,0.746,0.371,0.746,0.944,0.944,0.944,0.425,0.948,0.455,0.901,0.914,0.587,0.901,0.914,0.922,0.948,0.924,0.95,0.311,0.924,0.901,0.902,0.934,0.64,0.948,0.489,0.897,0.946,0.884,0.924,0.263,0.884,0.884,0.897,0.87,0.929,0.527,0.87,0.87,0.624,0.907,0.157,0.157,0.136,0.31,0.17,0.941,0.179,0.948,0.614,0.556,0.933,0.963,0.17,0.893,0.961,0.58,0.96,0.971,0.173,0.704,0.326,0.173,0.153,0.978,0.881,0.979,0.238,0.652,0.971,0.391,0.154,0.414,0.971,0.959,0.57,0.274,0.217,0.959,0.656,0.959,0.971,0.254,0.365,0.214,0.361,0.312,0.659,0.415,0.191,0.457,0.343,0.522,0.212,0.517,0.357,0.43,0.372,0.385,0.834,0.834,0.54
0.573,0.573,0.691,0.691,0.345,0.135,0.553,0.858,0.143,0.769,0.858,0.533,0.837,0.345,0.533,0.858,0.837,0.345,0.843,0.837,0.689,0.785,0.689,0.895,0.837,0.553,0.895,0.858,0.9,0.769,0.9,0.785,0.64,0.905,0.477,0.905,0.131,0.477,0.64,0.131,0.17,0.905,0.047,0.335,0.905,0.131,0.711,0.047,0.288,0.047,0.218,0.113,0.794,0.603,0.222,0.603,0.643,0.092,0.092,0.092,0.879,0.222,0.643,0.222,0.794,0.879,0.879,0.167,0.879,0.868,0.868,0.868,0.229,0.262,0.273,0.621,0.744,0.165,0.8,0.744,0.105,0.262,0.29,0.1,0.163,0.29,0.8,0.646,0.098,0.276,0.262,0.266,0.64,0.104,0.9,0.29,0.696,0.9,0.9,0.657,0.917,0.084,0.18,0.917,0.917,0.216,0.675,0.308,0.308,0.331,0.374,0.602,0.253,0.537,0.08,0.223,0.719,0.076,0.277,0.602,0.659,0.275,0.73,0.181,0.075,0.49,0.316,0.634,0.49,0.338,0.218,0.026,0.221,0.585,0.494,0.069,0.759,0.537,0.443,0.069,0.056,0.437,0.018,0.458,0.056,0.479,0.056,0.069,0.018,0.182,0.307,0.312,0.38,0.423,0.297,0.023,0.564,0.362,0.455,0.365,0.459,0.363,0.319,0.325,0.365,0.874,0.897,0.531
0.105,0.105,0.126,0.126,0.146,0.639,0.094,0.059,0.684,0.517,0.059,0.093,0.051,0.146,0.093,0.059,0.051,0.146,0.147,0.051,0.149,0.559,0.149,0.057,0.051,0.094,0.057,0.059,0.065,0.517,0.065,0.559,0.268,0.05,0.107,0.05,0.619,0.107,0.268,0.619,0.593,0.05,0.622,0.765,0.05,0.619,0.243,0.622,0.405,0.622,0.956,0.574,0.355,0.327,0.521,0.327,0.333,0.649,0.649,0.649,0.553,0.521,0.333,0.521,0.355,0.553,0.063,0.375,0.063,0.269,0.269,0.269,0.511,0.29,0.887,0.927,0.293,0.516,0.424,0.293,0.692,0.29,0.642,0.842,0.516,0.642,0.424,0.932,0.673,0.643,0.29,0.907,0.918,0.829,0.411,0.642,0.147,0.411,0.411,0.923,0.475,0.403,0.646,0.475,0.475,0.563,0.909,0.162,0.162,0.244,0.491,0.061,0.988,0.134,0.815,0.755,0.435,0.311,0.988,0.061,0.891,0.992,0.444,0.994,0.622,0.169,0.655,0.759,0.169,0.082,0.989,0.547,0.99,0.454,0.406,0.7,0.849,0.222,0.84,0.7,0.567,0.38,0.472,0.663,0.567,0.444,0.567,0.7,0.475,0.585,0.47,0.641,0.763,0.401,0.84,0.444,0.91,0.672,0.933,0.462,0.926,0.847,0.815,0.913,0.898,0.935,0.924,0.844
0.151,0.151,0.121,0.121,0.507,0.787,0.143,0.94,0.833,0.951,0.94,0.169,0.978,0.507,0.169,0.94,0.978,0.507,0.029,0.978,0.077,0.876,0.077,0.991,0.978,0.143,0.991,0.94,0.968,0.951,0.968,0.876,0.823,0.815,0.155,0.815,0.019,0.155,0.823,0.019,0.852,0.815,0.007,0.51,0.815,0.019,0.036,0.007,0.848,0.007,0.521,0.928,0.198,0.878,0.042,0.878,0.864,0.037,0.037,0.037,0.798,0.042,0.864,0.042,0.198,0.798,0.818,0.656,0.818,0.221,0.221,0.221,0.883,0.345,0.197,0.777,0.223,0.525,0.229,0.223,0.963,0.345,0.025,0.843,0.681,0.025,0.229,0.73,0.958,0.497,0.345,0.167,0.762,0.86,0.271,0.025,0.138,0.271,0.271,0.716,0.271,0.061,0.536,0.271,0.271,0.772,0.696,0.027,0.027,0.022,0.139,0.207,0.812,0.213,0.805,0.473,0.217,0.067,0.805,0.207,0.651,0.812,0.225,0.84,0.927,0.036,0.737,0.26,0.036,0.34,0.939,0.082,0.93,0.185,0.561,0.03,0.273,0.032,0.207,0.03,0.03,0.289,0.744,0.235,0.03,0.42,0.03,0.03,0.685,0.122,0.357,0.166,0.087,0.385,0.072,0.625,0.223,0.183,0.051,0.261,0.073,0.084,0.091,0.084,0.102,0.066,0.079,0.33
0.098,0.098,0.135,0.135,0.189,0.829,0.342,0.342,0.787,0.342,0.342,0.415,0.291,0.189,0.415,0.342,0.291,0.189,0.052,0.291,0.449,0.362,0.449,0.299,0.291,0.342,0.299,0.342,0.333,0.342,0.333,0.362,0.342,0.451,0.491,0.451,0.007,0.491,0.342,0.007,0.939,0.451,0.055,0.579,0.451,0.007,0.074,0.055,0.408,0.055,0.68,0.987,0.099,0.316,0.041,0.316,0.306,0.35,0.35,0.35,0.443,0.041,0.306,0.041,0.099,0.443,0.431,0.444,0.431,0.284,0.284,0.284,0.99,0.045,0.426,0.787,0.096,0.107,0.097,0.096,0.879,0.045,0.05,0.889,0.407,0.05,0.097,0.82,0.913,0.077,0.045,0.513,0.797,0.873,0.311,0.05,0.212,0.311,0.311,0.831,0.305,0.016,0.054,0.305,0.305,0.15,0.918,0.377,0.377,0.257,0.203,0.154,0.95,0.084,0.941,0.041,0.164,0.02,0.802,0.154,0.94,0.869,0.157,0.83,0.879,0.363,0.188,0.776,0.363,0.147,0.837,0.022,0.846,0.208,0.466,0.061,0.929,0.21,0.574,0.061,0.051,0.44,0.782,0.632,0.051,0.203,0.051,0.061,0.774,0.614,0.738,0.501,0.88,0.287,0.898,0.792,0.077,0.481,0.225,0.7,0.22,0.909,0.883,0.961,0.964,0.253,0.29,0.402
0.684,0.684,0.661,0.661,0.356,0.281,0.494,0.851,0.341,0.667,0.851,0.534,0.827,0.356,0.534,0.851,0.827,0.356,0.12,0.827,0.499,0.783,0.499,0.868,0.827,0.494,0.868,0.851,0.874,0.667,0.874,0.783,0.945,0.867,0.524,0.867,0.727,0.524,0.945,0.727,0.792,0.867,0.657,0.621,0.867,0.727,0.05,0.657,0.89,0.657,0.294,0.637,0.615,0.939,0.506,0.939,0.943,0.496,0.496,0.496,0.734,0.506,0.943,0.506,0.615,0.734,0.897,0.896,0.897,0.258,0.258,0.258,0.866,0.24,0.648,0.839,0.517,0.482,0.524,0.517,0.944,0.24,0.584,0.932,0.92,0.584,0.524,0.835,0.966,0.393,0.24,0.715,0.857,0.915,0.449,0.584,0.626,0.449,0.449,0.86,0.428,0.552,0.452,0.428,0.428,0.445,0.867,0.838,0.838,0.935,0.973,0.858,0.592,0.852,0.93,0.395,0.292,0.452,0.587,0.858,0.894,0.627,0.317,0.564,0.954,0.886,0.451,0.653,0.886,0.783,0.525,0.51,0.556,0.969,0.593,0.508,0.622,0.95,0.413,0.508,0.633,0.473,0.078,0.196,0.633,0.405,0.633,0.508,0.081,0.169,0.181,0.167,0.305,0.391,0.284,0.084,0.381,0.161,0.408,0.164,0.406,0.3,0.241,0.293,0.248,0.404,0.442,0.487
0.72,0.72,0.547,0.547,0.443,0.593,0.718,0.613,0.6,0.389,0.613,0.743,0.586,0.443,0.743,0.613,0.586,0.443,0.986,0.586,0.695,0.442,0.695,0.606,0.586,0.718,0.606,0.613,0.628,0.389,0.628,0.442,0.318,0.699,0.786,0.699,0.813,0.786,0.318,0.813,0.261,0.699,0.754,0.72,0.699,0.813,0.972,0.754,0.839,0.754,0.342,0.289,0.714,0.276,0.363,0.276,0.29,0.272,0.272,0.272,0.514,0.363,0.29,0.363,0.714,0.514,0.71,0.821,0.71,0.612,0.612,0.612,0.235,0.406,0.833,0.145,0.774,0.993,0.754,0.774,0.195,0.406,0.673,0.208,0.817,0.673,0.754,0.137,0.193,0.986,0.406,0.841,0.143,0.21,0.812,0.673,0.653,0.812,0.812,0.137,0.788,0.507,0.995,0.788,0.788,0.885,0.125,0.924,0.924,0.989,0.994,0.772,0.874,0.827,0.194,0.982,0.093,0.536,0.868,0.772,0.121,0.89,0.096,0.719,0.178,0.987,0.944,0.054,0.987,0.972,0.762,0.591,0.769,0.996,0.292,0.536,0.046,1.0,0.053,0.536,0.495,0.11,0.888,0.976,0.495,0.345,0.495,0.536,0.892,0.976,0.981,0.988,0.128,0.342,0.13,0.808,0.169,0.99,0.228,0.983,0.229,0.127,0.13,0.129,0.129,0.143,0.166,0.258
0.648,0.648,0.632,0.632,0.649,0.257,0.674,0.705,0.273,0.775,0.705,0.683,0.693,0.649,0.683,0.705,0.693,0.649,0.388,0.693,0.485,0.61,0.485,0.749,0.693,0.674,0.749,0.705,0.756,0.775,0.756,0.61,0.32,0.676,0.631,0.676,0.93,0.631,0.32,0.93,0.522,0.676,0.937,0.464,0.676,0.93,0.675,0.937,0.765,0.937,0.459,0.586,0.901,0.395,0.775,0.395,0.401,0.872,0.872,0.872,0.567,0.775,0.401,0.775,0.901,0.567,0.721,0.63,0.721,0.816,0.816,0.816,0.436,0.94,0.385,0.354,0.947,0.452,0.913,0.947,0.591,0.94,0.694,0.508,0.702,0.694,0.913,0.381,0.635,0.434,0.94,0.431,0.355,0.469,0.793,0.694,0.585,0.793,0.793,0.396,0.789,0.854,0.582,0.789,0.789,0.256,0.356,0.76,0.76,0.778,0.259,0.791,0.352,0.794,0.502,0.636,0.413,0.873,0.345,0.791,0.385,0.346,0.274,0.422,0.496,0.55,0.248,0.411,0.55,0.612,0.376,0.837,0.376,0.13,0.247,0.512,0.496,0.591,0.604,0.512,0.536,0.299,0.806,0.57,0.536,0.257,0.536,0.512,0.781,0.273,0.264,0.251,0.764,0.29,0.698,0.676,0.645,0.309,0.667,0.432,0.64,0.8,0.655,0.725,0.704,0.21,0.229,0.08
0.96,0.96,0.952,0.952,0.941,0.313,0.818,0.71,0.312,0.949,0.71,0.842,0.673,0.941,0.842,0.71,0.673,0.941,0.28,0.673,0.945,0.976,0.945,0.694,0.673,0.818,0.694,0.71,0.735,0.949,0.735,0.976,0.787,0.736,0.827,0.736,0.364,0.827,0.787,0.364,0.282,0.736,0.327,0.958,0.736,0.364,0.216,0.327,0.075,0.327,0.255,0.282,0.909,0.839,0.804,0.839,0.857,0.792,0.792,0.792,0.976,0.804,0.857,0.804,0.909,0.976,0.738,0.076,0.738,0.609,0.609,0.609,0.124,0.739,0.931,0.326,0.821,0.347,0.88,0.821,0.263,0.739,0.82,0.231,0.094,0.82,0.88,0.286,0.26,0.154,0.739,0.942,0.301,0.258,0.546,0.82,0.221,0.546,0.546,0.289,0.705,0.879,0.346,0.705,0.705,0.342,0.245,0.468,0.468,0.412,0.107,0.091,0.524,0.097,0.205,0.166,0.025,0.842,0.613,0.091,0.234,0.612,0.026,0.581,0.212,0.436,0.093,0.943,0.436,0.173,0.58,0.878,0.574,0.136,0.005,0.699,0.894,0.396,0.939,0.699,0.723,0.016,0.544,0.641,0.723,0.003,0.723,0.699,0.549,0.706,0.432,0.697,0.586,0.004,0.657,0.56,0.696,0.701,0.607,0.555,0.617,0.561,0.563,0.654,0.593,0.444,0.441,0.479
0.586,0.586,0.593,0.593,0.992,0.388,0.618,0.601,0.401,0.559,0.601,0.623,0.577,0.992,0.623,0.601,0.577,0.992,0.868,0.577,0.686,0.597,0.686,0.611,0.577,0.618,0.611,0.601,0.62,0.559,0.62,0.597,0.568,0.64,0.703,0.64,0.787,0.703,0.568,0.787,0.669,0.64,0.896,0.37,0.64,0.787,0.799,0.896,0.082,0.896,0.445,0.678,0.81,0.693,0.861,0.693,0.693,0.92,0.92,0.92,0.635,0.861,0.693,0.861,0.81,0.635,0.649,0.14,0.649,0.59,0.59,0.59,0.646,0.963,0.367,0.905,0.82,0.428,0.713,0.82,0.97,0.963,0.907,0.94,0.185,0.907,0.713,0.895,0.965,0.412,0.963,0.342,0.884,0.951,0.631,0.907,0.844,0.631,0.631,0.906,0.553,0.873,0.418,0.553,0.553,0.261,0.975,0.592,0.592,0.594,0.276,0.381,0.825,0.436,0.992,0.411,0.281,0.926,0.854,0.381,0.974,0.854,0.307,0.837,0.983,0.559,0.243,0.565,0.559,0.329,0.767,0.91,0.777,0.268,0.435,0.919,0.597,0.663,0.655,0.919,0.805,0.347,0.239,0.56,0.805,0.461,0.805,0.919,0.256,0.286,0.281,0.274,0.844,0.42,0.78,0.344,0.641,0.239,0.585,0.266,0.583,0.817,0.804,0.773,0.803,0.495,0.521,0.806
0.953,0.953,0.951,0.951,0.063,0.427,0.947,0.907,0.443,0.761,0.907,0.944,0.897,0.063,0.944,0.907,0.897,0.063,0.561,0.897,0.991,0.833,0.991,0.947,0.897,0.947,0.947,0.907,0.971,0.761,0.971,0.833,0.658,0.955,0.971,0.955,0.244,0.971,0.658,0.244,0.15,0.955,0.09,0.151,0.955,0.244,0.336,0.09,0.027,0.09,0.453,0.114,0.035,0.711,0.043,0.711,0.677,0.072,0.072,0.072,0.835,0.043,0.677,0.043,0.035,0.835,0.97,0.01,0.97,0.035,0.035,0.035,0.107,0.169,0.175,0.21,0.063,0.01,0.064,0.063,0.238,0.169,0.13,0.205,0.009,0.13,0.064,0.226,0.215,0.008,0.169,0.239,0.212,0.209,0.073,0.13,0.632,0.073,0.073,0.228,0.115,0.165,0.006,0.115,0.115,0.007,0.16,0.241,0.241,0.24,0.391,0.886,0.791,0.705,0.161,0.006,0.03,0.103,0.683,0.886,0.16,0.701,0.028,0.563,0.181,0.141,0.008,0.827,0.141,0.834,0.545,0.207,0.596,0.353,0.015,0.07,0.935,0.149,0.873,0.07,0.155,0.025,0.289,0.621,0.155,0.02,0.155,0.07,0.292,0.541,0.7,0.481,0.679,0.017,0.731,0.251,0.498,0.439,0.435,0.585,0.441,0.639,0.693,0.796,0.669,0.613,0.615,0.595
0.081,0.081,0.341,0.341,0.124,0.471,0.271,0.077,0.455,0.161,0.077,0.102,0.221,0.124,0.102,0.077,0.221,0.124,0.736,0.221,0.221,0.064,0.221,0.222,0.221,0.271,0.222,0.077,0.084,0.161,0.084,0.064,0.061,0.047,0.149,0.047,0.654,0.149,0.061,0.654,0.733,0.047,0.701,0.412,0.047,0.654,0.829,0.701,0.545,0.701,0.337,0.926,0.657,0.035,0.753,0.035,0.033,0.602,0.602,0.602,0.024,0.753,0.033,0.753,0.657,0.024,0.031,0.489,0.031,0.448,0.448,0.448,0.662,0.208,0.409,0.755,0.763,0.027,0.931,0.763,0.802,0.208,0.602,0.73,0.575,0.602,0.931,0.757,0.783,0.041,0.208,0.411,0.764,0.716,0.664,0.602,0.268,0.664,0.664,0.772,0.903,0.883,0.081,0.903,0.903,0.046,0.714,0.995,0.995,0.991,0.913,0.489,0.742,0.759,0.669,0.095,0.233,0.752,0.636,0.489,0.707,0.621,0.24,0.573,0.723,0.91,0.052,0.443,0.91,0.628,0.537,0.612,0.551,0.674,0.065,0.789,0.406,0.951,0.524,0.789,0.89,0.125,0.552,0.213,0.89,0.162,0.89,0.789,0.611,0.611,0.335,0.746,0.669,0.163,0.436,0.709,0.368,0.735,0.487,0.299,0.445,0.635,0.491,0.497,0.547,0.612,0.566,0.528
0.08,0.08,0.103,0.103,0.412,0.339,0.247,0.126,0.338,0.211,0.126,0.179,0.204,0.412,0.179,0.126,0.204,0.412,0.664,0.204,0.069,0.141,0.069,0.215,0.204,0.247,0.215,0.126,0.103,0.211,0.103,0.141,0.349,0.089,0.152,0.089,0.227,0.152,0.349,0.227,0.484,0.089,0.381,0.539,0.089,0.227,0.59,0.381,0.448,0.381,0.29,0.515,0.339,0.312,0.346,0.312,0.315,0.278,0.278,0.278,0.124,0.346,0.315,0.346,0.339,0.124,0.087,0.615,0.087,0.219,0.219,0.219,0.481,0.733,0.812,0.292,0.372,0.69,0.372,0.372,0.418,0.733,0.211,0.338,0.605,0.211,0.372,0.261,0.348,0.684,0.733,0.857,0.274,0.357,0.27,0.211,0.617,0.27,0.27,0.258,0.282,0.107,0.675,0.282,0.282,0.638,0.365,0.589,0.589,0.303,0.865,0.711,0.295,0.907,0.463,0.649,0.489,0.106,0.274,0.711,0.318,0.311,0.625,0.343,0.455,0.65,0.633,0.044,0.65,0.944,0.323,0.103,0.321,0.837,0.912,0.206,0.071,0.413,0.12,0.206,0.05,0.85,0.637,0.074,0.05,0.897,0.05,0.206,0.639,0.075,0.037,0.075,0.091,0.562,0.094,0.638,0.212,0.069,0.22,0.03,0.218,0.088,0.096,0.091,0.096,0.125,0.132,0.159
0.192,0.192,0.204,0.204,0.426,0.504,0.465,0.353,0.601,0.278,0.353,0.459,0.348,0.426,0.459,0.353,0.348,0.426,0.161,0.348,0.314,0.294,0.314,0.338,0.348,0.465,0.338,0.353,0.357,0.278,0.357,0.294,0.147,0.367,0.444,0.367,0.455,0.444,0.147,0.455,0.689,0.367,0.359,0.583,0.367,0.455,0.066,0.359,0.528,0.359,0.743,0.702,0.123,0.159,0.572,0.159,0.156,0.476,0.476,0.476,0.278,0.572,0.156,0.572,0.123,0.278,0.393,0.362,0.393,0.173,0.173,0.173,0.4,0.806,0.682,0.2,0.165,0.313,0.092,0.165,0.484,0.806,0.278,0.328,0.309,0.278,0.092,0.21,0.477,0.292,0.806,0.668,0.201,0.317,0.228,0.278,0.29,0.228,0.228,0.214,0.143,0.205,0.437,0.143,0.143,0.423,0.222,0.202,0.202,0.076,0.074,0.941,0.663,0.735,0.307,0.403,0.499,0.252,0.726,0.941,0.212,0.722,0.43,0.684,0.407,0.469,0.435,0.586,0.469,0.693,0.688,0.148,0.68,0.391,0.583,0.288,0.552,0.316,0.652,0.288,0.123,0.576,0.985,0.346,0.123,0.338,0.123,0.288,0.989,0.281,0.369,0.413,0.942,0.484,0.887,0.975,0.142,0.416,0.197,0.437,0.207,0.911,0.895,0.854,0.811,0.187,0.208,0.482
0.265,0.265,0.345,0.345,0.481,0.478,0.901,0.948,0.586,0.913,0.948,0.91,0.931,0.481,0.91,0.948,0.931,0.481,0.898,0.931,0.321,0.904,0.321,0.908,0.931,0.901,0.908,0.948,0.929,0.913,0.929,0.904,0.979,0.926,0.799,0.926,0.247,0.799,0.979,0.247,0.55,0.926,0.194,0.522,0.926,0.247,0.661,0.194,0.458,0.194,0.468,0.425,0.529,0.964,0.159,0.964,0.955,0.117,0.117,0.117,0.911,0.159,0.955,0.159,0.529,0.911,0.956,0.769,0.956,0.567,0.567,0.567,0.643,0.421,0.556,0.49,0.521,0.321,0.514,0.521,0.402,0.421,0.312,0.512,0.743,0.312,0.514,0.497,0.383,0.452,0.421,0.534,0.503,0.542,0.527,0.312,0.738,0.527,0.527,0.506,0.51,0.516,0.264,0.51,0.51,0.179,0.459,0.617,0.617,0.589,0.262,0.726,0.57,0.767,0.521,0.301,0.322,0.518,0.653,0.726,0.425,0.598,0.32,0.803,0.366,0.733,0.152,0.761,0.733,0.6,0.824,0.554,0.799,0.364,0.261,0.157,0.788,0.714,0.795,0.157,0.141,0.377,0.629,0.768,0.141,0.37,0.141,0.157,0.634,0.964,0.904,0.993,0.546,0.354,0.57,0.603,0.046,0.989,0.05,0.919,0.059,0.584,0.59,0.622,0.653,0.051,0.062,0.194
0.409,0.409,0.355,0.355,0.414,0.976,0.329,0.297,0.978,0.245,0.297,0.355,0.279,0.414,0.355,0.297,0.279,0.414,0.163,0.279,0.375,0.25,0.375,0.28,0.279,0.329,0.28,0.297,0.294,0.245,0.294,0.25,0.134,0.273,0.317,0.273,0.653,0.317,0.134,0.653,0.3,0.273,0.58,0.352,0.273,0.653,0.143,0.58,0.65,0.58,0.982,0.486,0.013,0.235,0.674,0.235,0.243,0.402,0.402,0.402,0.219,0.674,0.243,0.674,0.013,0.219,0.271,0.544,0.271,0.206,0.206,0.206,0.572,0.244,0.566,0.418,0.155,0.786,0.165,0.155,0.357,0.244,0.043,0.43,0.512,0.043,0.165,0.389,0.457,0.848,0.244,0.452,0.377,0.451,0.395,0.043,0.286,0.395,0.395,0.363,0.512,0.158,0.589,0.512,0.512,0.784,0.389,0.718,0.718,0.713,0.802,0.223,0.266,0.221,0.426,0.69,0.767,0.136,0.239,0.223,0.302,0.233,0.873,0.061,0.346,0.871,0.824,0.93,0.871,0.055,0.068,0.011,0.069,0.93,0.77,0.344,0.917,0.862,0.89,0.344,0.388,0.859,0.204,0.946,0.388,0.909,0.388,0.344,0.208,0.993,0.982,0.987,0.991,0.802,0.968,0.196,0.938,0.984,0.742,0.98,0.701,0.988,0.95,0.964,0.95,0.58,0.585,0.622
0.867,0.867,0.865,0.865,0.283,0.368,0.964,0.836,0.384,0.821,0.836,0.874,0.883,0.283,0.874,0.836,0.883,0.283,0.182,0.883,0.756,0.723,0.756,0.945,0.883,0.964,0.945,0.836,0.882,0.821,0.882,0.723,0.602,0.746,0.85,0.746,0.234,0.85,0.602,0.234,0.253,0.746,0.229,0.247,0.746,0.234,0.242,0.229,0.23,0.229,0.387,0.205,0.588,0.542,0.443,0.542,0.559,0.382,0.382,0.382,0.651,0.443,0.559,0.443,0.588,0.651,0.691,0.429,0.691,0.739,0.739,0.739,0.222,0.318,0.16,0.347,0.636,0.379,0.738,0.636,0.405,0.318,0.614,0.419,0.483,0.614,0.738,0.337,0.326,0.55,0.318,0.17,0.344,0.48,0.648,0.614,0.384,0.648,0.648,0.332,0.7,0.761,0.318,0.7,0.7,0.289,0.294,0.394,0.394,0.498,0.372,0.616,0.204,0.67,0.39,0.477,0.355,0.688,0.199,0.616,0.282,0.202,0.417,0.251,0.395,0.427,0.259,0.414,0.427,0.633,0.247,0.558,0.249,0.401,0.242,0.683,0.349,0.508,0.55,0.683,0.734,0.26,0.983,0.197,0.734,0.44,0.734,0.683,0.981,0.123,0.238,0.142,0.341,0.364,0.318,0.97,0.463,0.127,0.425,0.26,0.41,0.326,0.315,0.314,0.317,0.359,0.372,0.393
0.159,0.159,0.254,0.254,0.918,0.486,0.199,0.112,0.515,0.081,0.112,0.151,0.105,0.918,0.151,0.112,0.105,0.918,0.943,0.105,0.104,0.101,0.104,0.124,0.105,0.199,0.124,0.112,0.132,0.081,0.132,0.101,0.819,0.168,0.188,0.168,0.948,0.188,0.819,0.948,0.77,0.168,0.988,0.451,0.168,0.948,0.963,0.988,0.361,0.988,0.35,0.814,0.908,0.83,0.865,0.83,0.828,0.906,0.906,0.906,0.1,0.865,0.828,0.865,0.908,0.1,0.161,0.334,0.161,0.65,0.65,0.65,0.966,0.991,0.401,0.708,0.724,0.573,0.832,0.724,0.929,0.991,0.753,0.838,0.446,0.753,0.832,0.74,0.93,0.569,0.991,0.38,0.703,0.819,0.585,0.753,0.743,0.585,0.585,0.74,0.643,0.849,0.753,0.643,0.643,0.353,0.768,0.451,0.451,0.538,0.565,0.329,0.99,0.416,0.86,0.559,0.924,0.791,0.989,0.329,0.767,0.993,0.932,0.958,0.888,0.163,0.24,0.428,0.163,0.698,0.984,0.916,0.977,0.265,0.359,0.32,0.365,0.387,0.751,0.32,0.327,0.281,0.737,0.966,0.327,0.88,0.327,0.32,0.735,0.912,0.953,0.93,0.372,0.838,0.404,0.604,0.516,0.931,0.541,0.969,0.56,0.375,0.398,0.384,0.39,0.854,0.861,0.819
0.538,0.538,0.655,0.655,0.807,0.314,0.479,0.334,0.347,0.446,0.334,0.395,0.369,0.807,0.395,0.334,0.369,0.807,0.412,0.369,0.622,0.385,0.622,0.342,0.369,0.479,0.342,0.334,0.32,0.446,0.32,0.385,0.466,0.373,0.488,0.373,0.854,0.488,0.466,0.854,0.829,0.373,0.843,0.019,0.373,0.854,0.276,0.843,0.135,0.843,0.301,0.561,0.688,0.392,0.724,0.392,0.383,0.799,0.799,0.799,0.408,0.724,0.383,0.724,0.688,0.408,0.333,0.213,0.333,0.156,0.156,0.156,0.918,0.88,0.023,0.525,0.453,0.265,0.363,0.453,0.807,0.88,0.589,0.673,0.232,0.589,0.363,0.528,0.822,0.294,0.88,0.026,0.522,0.663,0.343,0.589,0.385,0.343,0.343,0.53,0.273,0.538,0.28,0.273,0.273,0.408,0.547,0.085,0.085,0.112,0.234,0.113,0.138,0.089,0.721,0.288,0.427,0.61,0.145,0.113,0.563,0.15,0.374,0.087,0.808,0.111,0.351,0.713,0.111,0.23,0.072,0.608,0.076,0.246,0.382,0.842,0.707,0.145,0.875,0.842,0.754,0.335,0.774,0.732,0.754,0.356,0.754,0.842,0.772,0.548,0.525,0.345,0.718,0.403,0.751,0.883,0.311,0.332,0.126,0.481,0.13,0.782,0.764,0.779,0.77,0.09,0.095,0.273
0.413,0.413,0.403,0.403,0.294,0.584,0.997,0.992,0.526,0.942,0.992,0.999,0.983,0.294,0.999,0.992,0.983,0.294,0.059,0.983,0.362,0.972,0.362,0.96,0.983,0.997,0.96,0.992,0.986,0.942,0.986,0.972,0.682,0.929,0.969,0.929,0.609,0.969,0.682,0.609,0.506,0.929,0.68,0.599,0.929,0.609,0.088,0.68,0.785,0.68,0.742,0.54,0.738,0.561,0.83,0.561,0.585,0.811,0.811,0.811,0.945,0.83,0.585,0.83,0.738,0.945,0.887,0.599,0.887,0.874,0.874,0.874,0.359,0.086,0.483,0.472,0.841,0.752,0.718,0.841,0.542,0.086,0.744,0.469,0.652,0.744,0.718,0.477,0.567,0.788,0.086,0.448,0.479,0.467,0.838,0.744,0.012,0.838,0.838,0.496,0.888,0.832,0.749,0.888,0.888,0.674,0.532,0.112,0.112,0.13,0.248,0.272,0.722,0.266,0.522,0.816,0.595,0.862,0.667,0.272,0.556,0.703,0.598,0.594,0.648,0.085,0.672,0.332,0.085,0.277,0.541,0.764,0.511,0.148,0.805,0.827,0.344,0.111,0.247,0.827,0.774,0.631,0.427,0.349,0.774,0.712,0.774,0.827,0.43,0.312,0.848,0.495,0.405,0.879,0.666,0.418,0.454,0.551,0.799,0.873,0.821,0.432,0.648,0.625,0.553,0.875,0.848,0.641
0.396,0.396,0.368,0.368,0.022,1.0,0.292,0.284,1.0,0.22,0.284,0.34,0.259,0.022,0.34,0.284,0.259,0.022,0.678,0.259,0.343,0.245,0.343,0.282,0.259,0.292,0.282,0.284,0.3,0.22,0.3,0.245,0.105,0.265,0.303,0.265,0.113,0.303,0.105,0.113,0.744,0.265,0.108,0.716,0.265,0.113,0.634,0.108,0.553,0.108,0.995,0.783,0.012,0.155,0.165,0.155,0.155,0.114,0.114,0.114,0.226,0.165,0.155,0.165,0.012,0.226,0.275,0.471,0.275,0.593,0.593,0.593,0.652,0.012,0.69,0.88,0.028,0.746,0.034,0.028,0.596,0.012,0.002,0.894,0.372,0.002,0.034,0.874,0.532,0.818,0.012,0.663,0.879,0.901,0.566,0.002,0.534,0.566,0.566,0.874,0.648,0.004,0.631,0.648,0.648,0.849,0.899,0.083,0.083,0.069,0.066,0.077,0.315,0.066,0.926,0.745,0.634,0.004,0.389,0.077,0.885,0.344,0.663,0.536,0.696,0.104,0.771,0.805,0.104,0.009,0.485,0.003,0.485,0.117,0.642,0.007,0.848,0.092,0.916,0.007,0.015,0.612,0.431,0.625,0.015,0.623,0.015,0.007,0.438,0.512,0.607,0.428,0.976,0.589,0.927,0.489,0.548,0.499,0.689,0.685,0.718,0.948,0.951,0.874,0.924,0.813,0.858,0.489
0.744,0.744,0.779,0.779,0.884,0.262,0.982,0.902,0.255,0.766,0.902,0.954,0.894,0.884,0.954,0.902,0.894,0.884,0.073,0.894,0.88,0.781,0.88,0.863,0.894,0.982,0.863,0.902,0.872,0.766,0.872,0.781,0.845,0.913,0.99,0.913,0.161,0.99,0.845,0.161,0.284,0.913,0.211,0.41,0.913,0.161,0.154,0.211,0.34,0.211,0.204,0.258,0.559,0.829,0.226,0.829,0.81,0.395,0.395,0.395,0.823,0.226,0.81,0.226,0.559,0.823,0.895,0.408,0.895,0.377,0.377,0.377,0.101,0.642,0.26,0.252,0.597,0.679,0.675,0.597,0.207,0.642,0.57,0.235,0.339,0.57,0.675,0.253,0.178,0.555,0.642,0.183,0.256,0.261,0.558,0.57,0.941,0.558,0.558,0.253,0.618,0.378,0.71,0.618,0.618,0.679,0.219,0.476,0.476,0.575,0.773,0.839,0.041,0.834,0.217,0.584,0.867,0.375,0.062,0.839,0.222,0.037,0.944,0.084,0.169,0.595,0.679,0.584,0.595,0.721,0.09,0.435,0.088,0.412,0.777,0.403,0.609,0.685,0.606,0.403,0.463,0.802,0.752,0.132,0.463,0.774,0.463,0.403,0.737,0.269,0.222,0.302,0.033,0.793,0.022,0.722,0.015,0.257,0.015,0.211,0.015,0.027,0.031,0.039,0.042,0.025,0.035,0.018
0.045,0.045,0.046,0.046,0.821,0.942,0.045,0.048,0.944,0.032,0.048,0.043,0.048,0.821,0.043,0.048,0.048,0.821,0.542,0.048,0.114,0.034,0.114,0.045,0.048,0.045,0.045,0.048,0.045,0.032,0.045,0.034,0.044,0.103,0.156,0.103,0.79,0.156,0.044,0.79,0.043,0.103,0.76,0.946,0.103,0.79,0.673,0.76,0.261,0.76,0.979,0.04,0.961,0.047,0.864,0.047,0.049,0.783,0.783,0.783,0.052,0.864,0.049,0.864,0.961,0.052,0.122,0.164,0.122,0.524,0.524,0.524,0.059,0.792,0.921,0.037,0.661,0.403,0.928,0.661,0.041,0.792,0.963,0.04,0.182,0.963,0.928,0.039,0.044,0.5,0.792,0.939,0.036,0.04,0.767,0.963,0.126,0.767,0.767,0.041,0.862,0.852,0.373,0.862,0.862,0.496,0.061,0.883,0.883,0.924,0.954,0.325,0.877,0.347,0.078,0.474,0.2,0.675,0.823,0.325,0.066,0.821,0.228,0.819,0.062,0.845,0.473,0.437,0.845,0.452,0.656,0.844,0.612,0.952,0.245,0.921,0.419,0.875,0.499,0.921,0.977,0.184,0.467,0.2,0.977,0.279,0.977,0.921,0.46,0.427,0.169,0.39,0.575,0.315,0.478,0.423,0.761,0.399,0.713,0.147,0.681,0.617,0.439,0.492,0.443,0.903,0.907,0.824
0.551,0.551,0.635,0.635,0.754,0.263,0.488,0.317,0.337,0.581,0.317,0.361,0.351,0.754,0.361,0.317,0.351,0.754,0.689,0.351,0.905,0.51,0.905,0.354,0.351,0.488,0.354,0.317,0.321,0.581,0.321,0.51,0.864,0.362,0.417,0.362,0.732,0.417,0.864,0.732,0.187,0.362,0.652,0.416,0.362,0.732,0.687,0.652,0.449,0.652,0.185,0.193,0.904,0.792,0.714,0.792,0.791,0.684,0.684,0.684,0.53,0.714,0.791,0.714,0.904,0.53,0.345,0.335,0.345,0.761,0.761,0.761,0.2,0.649,0.439,0.911,0.635,0.257,0.615,0.635,0.128,0.649,0.756,0.102,0.316,0.756,0.615,0.905,0.12,0.42,0.649,0.406,0.899,0.105,0.514,0.756,0.785,0.514,0.514,0.892,0.446,0.588,0.513,0.446,0.446,0.449,0.908,0.529,0.529,0.506,0.219,0.655,0.706,0.63,0.119,0.549,0.65,0.602,0.672,0.655,0.854,0.692,0.301,0.705,0.137,0.542,0.448,0.216,0.542,0.387,0.746,0.791,0.74,0.188,0.533,0.269,0.176,0.521,0.515,0.269,0.298,0.77,0.019,0.127,0.298,0.423,0.298,0.269,0.02,0.103,0.087,0.133,0.662,0.72,0.393,0.014,0.514,0.141,0.584,0.088,0.481,0.556,0.461,0.349,0.404,0.522,0.609,0.796
0.937,0.937,0.895,0.895,0.429,0.367,0.935,0.926,0.359,0.963,0.926,0.936,0.93,0.429,0.936,0.926,0.93,0.429,0.495,0.93,0.89,0.953,0.89,0.969,0.93,0.935,0.969,0.926,0.967,0.963,0.967,0.953,0.853,0.881,0.943,0.881,0.637,0.943,0.853,0.637,0.199,0.881,0.817,0.768,0.881,0.637,0.521,0.817,0.247,0.817,0.305,0.209,0.513,0.84,0.887,0.84,0.853,0.927,0.927,0.927,0.966,0.887,0.853,0.887,0.513,0.966,0.936,0.18,0.936,0.391,0.391,0.391,0.128,0.138,0.72,0.902,0.781,0.204,0.695,0.781,0.817,0.138,0.563,0.901,0.169,0.563,0.695,0.901,0.75,0.159,0.138,0.726,0.91,0.888,0.637,0.563,0.266,0.637,0.637,0.887,0.608,0.837,0.184,0.608,0.608,0.202,0.878,0.176,0.176,0.163,0.246,0.019,0.991,0.019,0.845,0.174,0.44,0.87,0.968,0.019,0.896,0.971,0.532,0.995,0.687,0.176,0.207,0.318,0.176,0.018,0.991,0.551,0.992,0.183,0.438,0.79,0.299,0.172,0.208,0.79,0.736,0.402,0.302,0.243,0.736,0.533,0.736,0.79,0.291,0.338,0.251,0.555,0.261,0.431,0.237,0.245,0.334,0.555,0.429,0.29,0.402,0.275,0.24,0.218,0.229,0.486,0.509,0.444
0.858,0.858,0.802,0.802,0.735,0.276,0.836,0.748,0.279,0.692,0.748,0.878,0.676,0.735,0.878,0.748,0.676,0.735,0.797,0.676,0.861,0.687,0.861,0.695,0.676,0.836,0.695,0.748,0.772,0.692,0.772,0.687,0.671,0.752,0.837,0.752,0.473,0.837,0.671,0.473,0.238,0.752,0.475,0.237,0.752,0.473,0.76,0.475,0.066,0.475,0.184,0.226,0.855,0.728,0.633,0.728,0.739,0.621,0.621,0.621,0.738,0.633,0.739,0.633,0.855,0.738,0.778,0.074,0.778,0.817,0.817,0.817,0.326,0.897,0.294,0.876,0.882,0.186,0.844,0.882,0.124,0.897,0.523,0.141,0.047,0.523,0.844,0.879,0.116,0.192,0.897,0.261,0.894,0.145,0.594,0.523,0.755,0.594,0.594,0.895,0.543,0.314,0.151,0.543,0.543,0.203,0.906,0.915,0.915,0.931,0.493,0.836,0.427,0.85,0.134,0.162,0.72,0.302,0.449,0.836,0.911,0.447,0.806,0.484,0.124,0.915,0.221,0.961,0.915,0.678,0.476,0.271,0.453,0.589,0.632,0.67,0.945,0.922,0.801,0.67,0.593,0.774,0.041,0.912,0.593,0.687,0.593,0.67,0.038,0.795,0.977,0.819,0.939,0.687,0.982,0.043,0.99,0.88,0.991,0.974,0.989,0.935,0.971,0.963,0.961,0.756,0.756,0.827
0.263,0.263,0.247,0.247,0.693,0.913,0.156,0.071,0.916,0.63,0.071,0.124,0.064,0.693,0.124,0.071,0.064,0.693,0.531,0.064,0.214,0.665,0.214,0.071,0.064,0.156,0.071,0.071,0.08,0.63,0.08,0.665,0.859,0.12,0.181,0.12,0.305,0.181,0.859,0.305,0.54,0.12,0.392,0.074,0.12,0.305,0.338,0.392,0.095,0.392,0.867,0.564,0.793,0.892,0.356,0.892,0.891,0.364,0.364,0.364,0.686,0.356,0.891,0.356,0.793,0.686,0.1,0.104,0.1,0.6,0.6,0.6,0.907,0.625,0.073,0.523,0.618,0.168,0.421,0.618,0.813,0.625,0.598,0.695,0.087,0.598,0.421,0.532,0.804,0.257,0.625,0.072,0.545,0.71,0.128,0.598,0.791,0.128,0.128,0.547,0.2,0.581,0.141,0.2,0.2,0.231,0.498,0.401,0.401,0.44,0.311,0.875,0.182,0.869,0.615,0.209,0.229,0.729,0.232,0.875,0.501,0.193,0.224,0.228,0.664,0.355,0.26,0.7,0.355,0.875,0.273,0.789,0.226,0.266,0.142,0.524,0.721,0.403,0.589,0.524,0.302,0.108,0.678,0.486,0.302,0.199,0.302,0.524,0.697,0.232,0.262,0.232,0.845,0.08,0.815,0.773,0.47,0.28,0.684,0.318,0.668,0.88,0.807,0.783,0.787,0.861,0.832,0.677
0.293,0.293,0.217,0.217,0.915,0.268,0.895,0.952,0.269,0.908,0.952,0.897,0.873,0.915,0.897,0.952,0.873,0.915,0.284,0.873,0.323,0.921,0.323,0.91,0.873,0.895,0.91,0.952,0.921,0.908,0.921,0.921,0.762,0.906,0.876,0.906,0.888,0.876,0.762,0.888,0.926,0.906,0.917,0.148,0.906,0.888,0.332,0.917,0.208,0.917,0.414,0.957,0.836,0.849,0.926,0.849,0.838,0.921,0.921,0.921,0.951,0.926,0.838,0.926,0.836,0.951,0.922,0.171,0.922,0.55,0.55,0.55,0.724,0.918,0.102,0.897,0.728,0.636,0.699,0.728,0.741,0.918,0.892,0.933,0.176,0.892,0.699,0.908,0.735,0.492,0.918,0.1,0.87,0.919,0.503,0.892,0.193,0.503,0.503,0.88,0.488,0.739,0.588,0.488,0.488,0.209,0.799,0.104,0.104,0.077,0.519,0.072,0.96,0.079,0.812,0.414,0.189,0.778,0.986,0.072,0.815,0.988,0.2,0.683,0.731,0.112,0.169,0.835,0.112,0.257,0.677,0.79,0.761,0.543,0.137,0.905,0.862,0.079,0.7,0.905,0.903,0.14,0.272,0.678,0.903,0.191,0.903,0.905,0.253,0.792,0.819,0.864,0.286,0.179,0.313,0.246,0.044,0.848,0.076,0.854,0.068,0.297,0.299,0.302,0.293,0.276,0.282,0.047
0.134,0.134,0.175,0.175,0.731,0.707,0.177,0.109,0.758,0.168,0.109,0.132,0.156,0.731,0.132,0.109,0.156,0.731,0.499,0.156,0.058,0.127,0.058,0.146,0.156,0.177,0.146,0.109,0.111,0.168,0.111,0.127,0.894,0.106,0.074,0.106,0.683,0.074,0.894,0.683,0.83,0.106,0.466,0.562,0.106,0.683,0.487,0.466,0.853,0.466,0.61,0.844,0.457,0.828,0.627,0.828,0.804,0.429,0.429,0.429,0.145,0.627,0.804,0.627,0.457,0.145,0.071,0.647,0.071,0.693,0.693,0.693,0.814,0.615,0.495,0.748,0.107,0.898,0.062,0.107,0.859,0.615,0.516,0.718,0.693,0.516,0.062,0.755,0.86,0.809,0.615,0.456,0.677,0.734,0.712,0.516,0.756,0.712,0.712,0.686,0.701,0.104,0.897,0.701,0.701,0.966,0.748,0.723,0.723,0.6,0.442,0.899,0.736,0.841,0.703,0.802,0.695,0.179,0.8,0.899,0.729,0.807,0.723,0.806,0.781,0.753,0.914,0.039,0.753,0.661,0.664,0.494,0.683,0.539,0.973,0.348,0.052,0.63,0.089,0.348,0.323,0.891,0.675,0.077,0.323,0.946,0.323,0.348,0.647,0.071,0.071,0.08,0.192,0.954,0.084,0.627,0.217,0.074,0.183,0.051,0.134,0.19,0.086,0.096,0.087,0.167,0.173,0.225
0.627,0.627,0.673,0.673,0.27,0.807,0.873,0.913,0.843,0.929,0.913,0.86,0.917,0.27,0.86,0.913,0.917,0.27,0.85,0.917,0.678,0.946,0.678,0.99,0.917,0.873,0.99,0.913,0.99,0.929,0.99,0.946,0.925,0.923,0.936,0.923,0.695,0.936,0.925,0.695,0.869,0.923,0.308,0.376,0.923,0.695,0.88,0.308,0.704,0.308,0.887,0.857,0.161,0.853,0.749,0.853,0.888,0.589,0.589,0.589,0.941,0.749,0.888,0.749,0.161,0.941,0.994,0.636,0.994,0.4,0.4,0.4,0.889,0.633,0.434,0.742,0.118,0.787,0.106,0.118,0.749,0.633,0.284,0.591,0.556,0.284,0.106,0.738,0.753,0.775,0.633,0.382,0.746,0.592,0.211,0.284,0.896,0.211,0.211,0.734,0.197,0.16,0.761,0.197,0.197,0.876,0.894,0.379,0.379,0.395,0.446,0.201,0.421,0.573,0.641,0.775,0.825,0.194,0.409,0.201,0.855,0.384,0.83,0.638,0.756,0.761,0.898,0.117,0.761,0.326,0.373,0.261,0.367,0.469,0.608,0.188,0.135,0.615,0.13,0.188,0.186,0.886,0.466,0.043,0.186,0.473,0.186,0.188,0.462,0.054,0.029,0.051,0.15,0.464,0.203,0.403,0.176,0.052,0.266,0.033,0.277,0.129,0.208,0.217,0.215,0.411,0.396,0.247
0.959,0.959,0.966,0.966,0.933,0.809,0.906,0.697,0.793,0.935,0.697,0.845,0.895,0.933,0.845,0.697,0.895,0.933,0.195,0.895,0.744,0.674,0.744,0.904,0.895,0.906,0.904,0.697,0.686,0.935,0.686,0.674,0.941,0.756,0.798,0.756,0.993,0.798,0.941,0.993,0.631,0.756,0.99,0.924,0.756,0.993,0.192,0.99,0.15,0.99,0.734,0.619,0.694,0.782,0.987,0.782,0.769,0.972,0.972,0.972,0.608,0.987,0.769,0.987,0.694,0.608,0.677,0.242,0.677,0.487,0.487,0.487,0.542,0.978,0.984,0.751,0.848,0.088,0.829,0.848,0.459,0.978,0.831,0.849,0.285,0.831,0.829,0.765,0.452,0.106,0.978,0.989,0.786,0.842,0.496,0.831,0.431,0.496,0.496,0.802,0.526,0.848,0.086,0.526,0.526,0.02,0.775,0.385,0.385,0.269,0.054,0.148,0.523,0.128,0.85,0.116,0.399,0.81,0.637,0.148,0.797,0.654,0.431,0.462,0.414,0.388,0.031,0.031,0.388,0.065,0.527,0.66,0.527,0.056,0.224,0.924,0.036,0.272,0.038,0.924,0.897,0.439,0.839,0.492,0.897,0.193,0.897,0.924,0.809,0.458,0.269,0.483,0.165,0.192,0.159,0.736,0.199,0.49,0.278,0.249,0.279,0.138,0.152,0.138,0.138,0.225,0.158,0.248
0.7,0.7,0.927,0.927,0.678,0.772,0.911,0.477,0.767,0.665,0.477,0.545,0.769,0.678,0.545,0.477,0.769,0.678,0.546,0.769,0.742,0.373,0.742,0.828,0.769,0.911,0.828,0.477,0.519,0.665,0.519,0.373,0.786,0.432,0.569,0.432,0.384,0.569,0.786,0.384,0.903,0.432,0.692,0.78,0.432,0.384,0.631,0.692,0.662,0.692,0.838,0.943,0.844,0.615,0.479,0.615,0.61,0.728,0.728,0.728,0.352,0.479,0.61,0.479,0.844,0.352,0.441,0.427,0.441,0.847,0.847,0.847,0.835,0.635,0.757,0.84,0.839,0.659,0.783,0.839,0.835,0.635,0.915,0.807,0.364,0.915,0.783,0.875,0.817,0.639,0.635,0.757,0.852,0.827,0.574,0.915,0.711,0.574,0.574,0.865,0.453,0.689,0.461,0.453,0.453,0.817,0.823,0.766,0.766,0.593,0.901,0.815,0.502,0.944,0.759,0.546,0.662,0.763,0.552,0.815,0.785,0.542,0.667,0.634,0.806,0.459,0.656,0.059,0.459,0.903,0.705,0.832,0.693,0.748,0.797,0.858,0.088,0.327,0.033,0.858,0.815,0.877,0.147,0.093,0.815,0.733,0.815,0.858,0.15,0.344,0.089,0.358,0.084,0.696,0.112,0.143,0.351,0.421,0.347,0.091,0.365,0.06,0.117,0.127,0.144,0.255,0.264,0.198
0.535,0.535,0.469,0.469,0.198,0.15,0.413,0.703,0.148,0.773,0.703,0.414,0.705,0.198,0.414,0.703,0.705,0.198,0.504,0.705,0.694,0.715,0.694,0.638,0.705,0.413,0.638,0.703,0.651,0.773,0.651,0.715,0.919,0.783,0.483,0.783,0.454,0.483,0.919,0.454,0.189,0.783,0.423,0.672,0.783,0.454,0.489,0.423,0.794,0.423,0.289,0.212,0.174,0.936,0.187,0.936,0.946,0.13,0.13,0.13,0.703,0.187,0.946,0.187,0.174,0.703,0.755,0.749,0.755,0.003,0.003,0.003,0.069,0.307,0.627,0.72,0.036,0.537,0.054,0.036,0.066,0.307,0.165,0.086,0.746,0.165,0.054,0.713,0.071,0.635,0.307,0.616,0.737,0.079,0.016,0.165,0.308,0.016,0.016,0.702,0.021,0.065,0.865,0.021,0.021,0.828,0.565,0.494,0.494,0.592,0.79,0.684,0.288,0.824,0.073,0.859,0.599,0.037,0.295,0.684,0.52,0.288,0.635,0.273,0.064,0.642,0.712,0.275,0.642,0.909,0.286,0.155,0.287,0.73,0.779,0.165,0.457,0.779,0.461,0.165,0.122,0.512,0.042,0.481,0.122,0.648,0.122,0.165,0.037,0.442,0.344,0.469,0.293,0.63,0.328,0.03,0.425,0.523,0.376,0.347,0.407,0.298,0.316,0.34,0.314,0.482,0.484,0.462
0.325,0.325,0.354,0.354,0.466,0.391,0.293,0.156,0.391,0.206,0.156,0.284,0.248,0.466,0.284,0.156,0.248,0.466,0.295,0.248,0.251,0.168,0.251,0.26,0.248,0.293,0.26,0.156,0.182,0.206,0.182,0.168,0.163,0.218,0.23,0.218,0.729,0.23,0.163,0.729,0.308,0.218,0.675,0.02,0.218,0.729,0.153,0.675,0.074,0.675,0.449,0.34,0.062,0.146,0.531,0.146,0.143,0.411,0.411,0.411,0.133,0.531,0.143,0.531,0.062,0.133,0.177,0.041,0.177,0.28,0.28,0.28,0.214,0.334,0.02,0.303,0.251,0.072,0.261,0.251,0.382,0.334,0.21,0.286,0.043,0.21,0.261,0.307,0.396,0.052,0.334,0.019,0.3,0.27,0.386,0.21,0.394,0.386,0.386,0.292,0.399,0.528,0.061,0.399,0.399,0.111,0.307,0.417,0.417,0.386,0.41,0.436,0.799,0.607,0.34,0.05,0.141,0.503,0.75,0.436,0.303,0.753,0.179,0.643,0.4,0.402,0.135,0.896,0.402,0.739,0.655,0.246,0.646,0.385,0.355,0.378,0.958,0.408,0.955,0.378,0.398,0.216,0.19,0.954,0.398,0.138,0.398,0.378,0.187,0.862,0.809,0.805,0.994,0.109,0.989,0.241,0.754,0.708,0.693,0.735,0.7,0.997,0.986,0.994,0.996,0.714,0.686,0.81
0.682,0.682,0.676,0.676,0.375,0.12,0.665,0.586,0.167,0.679,0.586,0.587,0.626,0.375,0.587,0.586,0.626,0.375,0.881,0.626,0.464,0.561,0.464,0.539,0.626,0.665,0.539,0.586,0.492,0.679,0.492,0.561,0.427,0.391,0.41,0.391,0.374,0.41,0.427,0.374,0.803,0.391,0.431,0.942,0.391,0.374,0.959,0.431,0.923,0.431,0.124,0.768,0.45,0.743,0.269,0.743,0.758,0.352,0.352,0.352,0.451,0.269,0.758,0.269,0.45,0.451,0.389,0.98,0.389,0.727,0.727,0.727,0.649,0.409,0.983,0.757,0.236,0.979,0.243,0.236,0.792,0.409,0.567,0.819,0.991,0.567,0.243,0.764,0.852,0.956,0.409,0.97,0.753,0.783,0.608,0.567,0.176,0.608,0.608,0.774,0.364,0.445,0.987,0.364,0.364,0.887,0.816,0.25,0.25,0.246,0.806,0.068,0.69,0.087,0.814,0.977,0.855,0.533,0.62,0.068,0.829,0.639,0.773,0.812,0.805,0.216,0.917,0.985,0.216,0.125,0.797,0.761,0.793,0.727,0.856,0.472,0.986,0.227,0.987,0.472,0.41,0.86,0.493,0.991,0.41,0.86,0.41,0.472,0.491,0.938,1.0,0.944,0.984,0.905,0.963,0.511,0.953,0.944,0.911,0.996,0.91,0.975,0.993,0.957,0.986,0.89,0.885,0.856
0.075,0.075,0.093,0.093,0.205,0.286,0.083,0.764,0.304,0.468,0.764,0.081,0.832,0.205,0.081,0.764,0.832,0.205,0.651,0.832,0.145,0.417,0.145,0.766,0.832,0.083,0.766,0.764,0.682,0.468,0.682,0.417,0.267,0.717,0.199,0.717,0.582,0.199,0.267,0.582,0.941,0.717,0.289,0.749,0.717,0.582,0.482,0.289,0.749,0.289,0.268,0.745,0.134,0.204,0.298,0.204,0.204,0.075,0.075,0.075,0.492,0.298,0.204,0.298,0.134,0.492,0.707,0.597,0.707,0.477,0.477,0.477,0.522,0.155,0.476,0.664,0.091,0.453,0.19,0.091,0.667,0.155,0.166,0.763,0.748,0.166,0.19,0.65,0.81,0.607,0.155,0.438,0.67,0.803,0.617,0.166,0.577,0.617,0.617,0.647,0.763,0.611,0.604,0.763,0.763,0.763,0.618,0.694,0.694,0.518,0.696,0.464,0.299,0.178,0.719,0.761,0.77,0.566,0.298,0.464,0.606,0.268,0.904,0.382,0.715,0.777,0.827,0.493,0.777,0.479,0.336,0.642,0.317,0.742,0.897,0.228,0.593,0.625,0.561,0.228,0.261,0.724,0.357,0.934,0.261,0.891,0.261,0.228,0.362,0.653,0.918,0.801,0.051,0.894,0.036,0.381,0.186,0.76,0.12,0.883,0.121,0.038,0.024,0.04,0.031,0.392,0.367,0.112
0.183,0.183,0.203,0.203,0.095,0.964,0.242,0.231,0.961,0.143,0.231,0.253,0.212,0.095,0.253,0.231,0.212,0.095,0.115,0.212,0.147,0.19,0.147,0.181,0.212,0.242,0.181,0.231,0.233,0.143,0.233,0.19,0.072,0.148,0.183,0.148,0.265,0.183,0.072,0.265,0.508,0.148,0.157,0.595,0.148,0.265,0.054,0.157,0.127,0.157,0.937,0.518,0.224,0.12,0.167,0.12,0.121,0.134,0.134,0.134,0.123,0.167,0.121,0.167,0.224,0.123,0.204,0.148,0.204,0.105,0.105,0.105,0.457,0.131,0.806,0.882,0.171,0.29,0.145,0.171,0.315,0.131,0.101,0.7,0.145,0.101,0.145,0.815,0.342,0.198,0.131,0.823,0.891,0.695,0.087,0.101,0.155,0.087,0.087,0.832,0.076,0.111,0.441,0.076,0.076,0.352,0.793,0.324,0.324,0.302,0.379,0.571,0.608,0.59,0.6,0.311,0.613,0.134,0.678,0.571,0.792,0.682,0.494,0.472,0.272,0.443,0.462,0.643,0.443,0.89,0.47,0.156,0.475,0.323,0.38,0.252,0.595,0.416,0.696,0.252,0.215,0.523,0.446,0.593,0.215,0.205,0.215,0.252,0.447,0.388,0.602,0.487,0.573,0.285,0.608,0.496,0.589,0.467,0.451,0.619,0.433,0.604,0.572,0.617,0.581,0.504,0.499,0.497
0.491,0.491,0.54,0.54,0.082,0.109,0.405,0.397,0.127,0.304,0.397,0.434,0.323,0.082,0.434,0.397,0.323,0.082,0.075,0.323,0.479,0.361,0.479,0.313,0.323,0.405,0.313,0.397,0.382,0.304,0.382,0.361,0.207,0.313,0.356,0.313,0.427,0.356,0.207,0.427,0.086,0.313,0.441,0.171,0.313,0.427,0.111,0.441,0.5,0.441,0.09,0.055,0.583,0.241,0.475,0.241,0.241,0.65,0.65,0.65,0.292,0.475,0.241,0.475,0.583,0.292,0.321,0.683,0.321,0.585,0.585,0.585,0.099,0.087,0.43,0.766,0.524,0.539,0.809,0.524,0.102,0.087,0.447,0.133,0.686,0.447,0.809,0.78,0.089,0.418,0.087,0.373,0.802,0.137,0.845,0.447,0.058,0.845,0.845,0.816,0.77,0.683,0.546,0.77,0.77,0.239,0.805,0.195,0.195,0.2,0.116,0.071,0.511,0.115,0.12,0.43,0.459,0.381,0.585,0.071,0.821,0.576,0.468,0.487,0.13,0.08,0.201,0.738,0.08,0.064,0.501,0.357,0.544,0.07,0.837,0.376,0.638,0.086,0.663,0.376,0.724,0.699,0.031,0.324,0.724,0.46,0.724,0.376,0.032,0.436,0.366,0.49,0.611,0.5,0.693,0.038,0.817,0.559,0.867,0.436,0.874,0.615,0.606,0.583,0.504,0.719,0.732,0.73
0.217,0.217,0.153,0.153,0.537,0.835,0.761,0.797,0.81,0.85,0.797,0.756,0.816,0.537,0.756,0.797,0.816,0.537,0.192,0.816,0.23,0.868,0.23,0.759,0.816,0.761,0.759,0.797,0.767,0.85,0.767,0.868,0.613,0.698,0.676,0.698,0.207,0.676,0.613,0.207,0.395,0.698,0.312,0.062,0.698,0.207,0.399,0.312,0.225,0.312,0.699,0.281,0.314,0.694,0.186,0.694,0.653,0.444,0.444,0.444,0.821,0.186,0.653,0.186,0.314,0.821,0.699,0.356,0.699,0.512,0.512,0.512,0.313,0.583,0.069,0.189,0.205,0.576,0.237,0.205,0.354,0.583,0.493,0.289,0.367,0.493,0.237,0.185,0.374,0.694,0.583,0.07,0.193,0.333,0.523,0.493,0.646,0.523,0.523,0.188,0.545,0.412,0.585,0.545,0.545,0.595,0.186,0.442,0.442,0.363,0.382,0.52,0.294,0.426,0.288,0.74,0.704,0.324,0.28,0.52,0.195,0.285,0.634,0.17,0.353,0.26,0.722,0.224,0.26,0.468,0.174,0.518,0.174,0.706,0.7,0.151,0.154,0.211,0.229,0.151,0.207,0.78,0.953,0.791,0.207,0.629,0.207,0.151,0.943,0.596,0.761,0.652,0.448,0.662,0.493,0.939,0.595,0.682,0.556,0.803,0.618,0.5,0.489,0.401,0.379,0.724,0.65,0.843
0.013,0.013,0.012,0.012,0.442,0.067,0.007,0.025,0.088,0.023,0.025,0.012,0.023,0.442,0.012,0.025,0.023,0.442,0.969,0.023,0.017,0.023,0.017,0.027,0.023,0.007,0.027,0.025,0.029,0.023,0.029,0.023,0.021,0.027,0.028,0.027,0.709,0.028,0.021,0.709,0.117,0.027,0.52,0.512,0.027,0.709,0.909,0.52,0.411,0.52,0.343,0.118,0.724,0.021,0.583,0.021,0.022,0.528,0.528,0.528,0.032,0.583,0.022,0.583,0.724,0.032,0.033,0.746,0.033,0.619,0.619,0.619,0.158,0.439,0.597,0.12,0.97,0.839,0.99,0.97,0.169,0.439,0.826,0.181,0.733,0.826,0.99,0.118,0.17,0.887,0.439,0.576,0.121,0.18,0.896,0.826,0.892,0.896,0.896,0.122,0.934,0.905,0.751,0.934,0.934,0.602,0.156,0.648,0.648,0.591,0.706,0.488,0.496,0.626,0.23,0.813,0.839,0.894,0.5,0.488,0.168,0.499,0.871,0.412,0.278,0.836,0.584,0.32,0.836,0.845,0.347,0.869,0.355,0.719,0.258,0.831,0.317,0.805,0.235,0.831,0.831,0.544,0.69,0.672,0.831,0.412,0.831,0.831,0.69,0.663,0.684,0.664,0.302,0.379,0.359,0.594,0.647,0.693,0.535,0.654,0.524,0.312,0.323,0.376,0.323,0.747,0.734,0.621
0.676,0.676,0.658,0.658,0.342,0.528,0.527,0.347,0.486,0.408,0.347,0.377,0.386,0.342,0.377,0.347,0.386,0.342,0.307,0.386,0.608,0.379,0.608,0.329,0.386,0.527,0.329,0.347,0.325,0.408,0.325,0.379,0.462,0.417,0.452,0.417,0.283,0.452,0.462,0.283,0.965,0.417,0.318,0.393,0.417,0.283,0.289,0.318,0.714,0.318,0.542,0.96,0.519,0.52,0.586,0.52,0.534,0.546,0.546,0.546,0.433,0.586,0.534,0.586,0.519,0.433,0.409,0.694,0.409,0.478,0.478,0.478,0.71,0.26,0.487,0.809,0.559,0.512,0.741,0.559,0.587,0.26,0.309,0.845,0.714,0.309,0.741,0.834,0.744,0.427,0.26,0.504,0.743,0.832,0.509,0.309,0.574,0.509,0.509,0.801,0.66,0.835,0.561,0.66,0.66,0.569,0.786,0.584,0.584,0.607,0.88,0.439,0.222,0.644,0.824,0.558,0.594,0.809,0.247,0.439,0.71,0.264,0.679,0.232,0.546,0.6,0.421,0.071,0.6,0.484,0.284,0.433,0.28,0.908,0.468,0.442,0.067,0.599,0.039,0.442,0.418,0.495,0.938,0.58,0.418,0.553,0.418,0.442,0.942,0.488,0.532,0.396,0.124,0.706,0.104,0.96,0.172,0.377,0.241,0.48,0.238,0.107,0.111,0.101,0.108,0.127,0.141,0.113
0.434,0.434,0.429,0.429,0.881,0.571,0.163,0.168,0.456,0.663,0.168,0.162,0.103,0.881,0.162,0.168,0.103,0.881,0.697,0.103,0.354,0.558,0.354,0.097,0.103,0.163,0.097,0.168,0.163,0.663,0.163,0.558,0.696,0.134,0.218,0.134,0.924,0.218,0.696,0.924,0.652,0.134,0.872,0.417,0.134,0.924,0.89,0.872,0.051,0.872,0.593,0.552,0.943,0.554,0.953,0.554,0.582,0.925,0.925,0.925,0.541,0.953,0.582,0.953,0.943,0.541,0.104,0.071,0.104,0.715,0.715,0.715,0.848,0.877,0.412,0.455,0.902,0.179,0.889,0.902,0.501,0.877,0.828,0.362,0.057,0.828,0.889,0.469,0.49,0.303,0.877,0.398,0.462,0.417,0.808,0.828,0.776,0.808,0.808,0.476,0.779,0.46,0.171,0.779,0.779,0.171,0.391,0.33,0.33,0.348,0.183,0.494,0.055,0.494,0.341,0.287,0.111,0.484,0.036,0.494,0.416,0.035,0.119,0.038,0.433,0.333,0.294,0.424,0.333,0.266,0.042,0.668,0.037,0.177,0.064,0.859,0.667,0.356,0.661,0.859,0.818,0.143,0.17,0.635,0.818,0.08,0.818,0.859,0.174,0.646,0.608,0.655,0.839,0.077,0.71,0.213,0.972,0.527,0.909,0.607,0.904,0.778,0.744,0.746,0.861,0.873,0.94,0.95
0.853,0.853,0.772,0.772,0.32,0.053,0.812,0.573,0.052,0.502,0.573,0.722,0.604,0.32,0.722,0.573,0.604,0.32,0.042,0.604,0.566,0.529,0.566,0.656,0.604,0.812,0.656,0.573,0.627,0.502,0.627,0.529,0.447,0.656,0.812,0.656,0.018,0.812,0.447,0.018,0.101,0.656,0.071,0.779,0.656,0.018,0.2,0.071,0.882,0.071,0.052,0.115,0.788,0.492,0.028,0.492,0.496,0.166,0.166,0.166,0.466,0.028,0.496,0.028,0.788,0.466,0.725,0.661,0.725,0.582,0.582,0.582,0.122,0.573,0.841,0.494,0.786,0.535,0.688,0.786,0.098,0.573,0.654,0.118,0.707,0.654,0.688,0.495,0.093,0.45,0.573,0.812,0.489,0.121,0.667,0.654,0.537,0.667,0.667,0.497,0.489,0.584,0.722,0.489,0.489,0.82,0.555,0.074,0.074,0.1,0.415,0.807,0.497,0.88,0.123,0.595,0.517,0.711,0.753,0.807,0.55,0.763,0.537,0.748,0.119,0.044,0.74,0.347,0.044,0.674,0.891,0.704,0.896,0.355,0.596,0.501,0.323,0.065,0.264,0.501,0.321,0.782,0.094,0.234,0.321,0.395,0.321,0.501,0.093,0.378,0.223,0.284,0.419,0.85,0.457,0.093,0.632,0.319,0.695,0.278,0.741,0.445,0.42,0.373,0.376,0.831,0.787,0.708
0.369,0.369,0.363,0.363,0.743,0.751,0.459,0.236,0.575,0.246,0.236,0.266,0.42,0.743,0.266,0.236,0.42,0.743,0.965,0.42,0.295,0.136,0.295,0.38,0.42,0.459,0.38,0.236,0.221,0.246,0.221,0.136,0.156,0.267,0.304,0.267,0.761,0.304,0.156,0.761,0.809,0.267,0.73,0.413,0.267,0.761,0.937,0.73,0.18,0.73,0.628,0.786,0.956,0.128,0.576,0.128,0.124,0.473,0.473,0.473,0.12,0.576,0.124,0.576,0.956,0.12,0.237,0.508,0.237,0.956,0.956,0.956,0.927,0.697,0.429,0.451,0.979,0.875,0.974,0.979,0.826,0.697,0.487,0.664,0.498,0.487,0.974,0.462,0.826,0.95,0.697,0.415,0.454,0.657,0.923,0.487,0.958,0.923,0.923,0.463,0.931,0.737,0.843,0.931,0.931,0.376,0.445,0.813,0.813,0.86,0.562,0.642,0.705,0.796,0.574,0.896,0.739,0.744,0.514,0.642,0.411,0.527,0.852,0.712,0.711,0.801,0.353,0.334,0.801,0.627,0.739,0.675,0.712,0.555,0.464,0.564,0.355,0.867,0.291,0.564,0.565,0.836,0.779,0.804,0.565,0.781,0.565,0.564,0.764,0.858,0.766,0.909,0.539,0.699,0.554,0.749,0.437,0.917,0.715,0.766,0.751,0.534,0.565,0.501,0.509,0.8,0.79,0.716
0.924,0.924,0.889,0.889,0.674,0.077,0.564,0.521,0.077,0.937,0.521,0.542,0.454,0.674,0.542,0.521,0.454,0.674,0.068,0.454,0.792,0.956,0.792,0.434,0.454,0.564,0.434,0.521,0.503,0.937,0.503,0.956,0.746,0.75,0.69,0.75,0.748,0.69,0.746,0.748,0.031,0.75,0.801,0.713,0.75,0.748,0.112,0.801,0.592,0.801,0.095,0.032,0.746,0.662,0.908,0.662,0.652,0.894,0.894,0.894,0.91,0.908,0.652,0.908,0.746,0.91,0.603,0.271,0.603,0.701,0.701,0.701,0.029,0.753,0.729,0.032,0.803,0.222,0.838,0.803,0.028,0.753,0.795,0.039,0.434,0.795,0.838,0.032,0.028,0.2,0.753,0.674,0.035,0.036,0.467,0.795,0.043,0.467,0.467,0.03,0.589,0.875,0.423,0.589,0.589,0.443,0.033,0.504,0.504,0.553,0.478,0.31,0.257,0.356,0.04,0.484,0.244,0.851,0.261,0.31,0.032,0.263,0.171,0.27,0.044,0.395,0.508,0.374,0.395,0.26,0.282,0.775,0.278,0.529,0.476,0.901,0.408,0.428,0.607,0.901,0.934,0.381,0.571,0.398,0.934,0.26,0.934,0.901,0.584,0.822,0.349,0.787,0.803,0.486,0.889,0.512,0.861,0.758,0.881,0.235,0.871,0.82,0.879,0.852,0.856,0.99,0.991,0.933
0.889,0.889,0.902,0.902,0.106,0.667,0.931,0.883,0.747,0.678,0.883,0.939,0.887,0.106,0.939,0.883,0.887,0.106,0.438,0.887,0.902,0.678,0.902,0.879,0.887,0.931,0.879,0.883,0.87,0.678,0.87,0.678,0.513,0.954,0.973,0.954,0.488,0.973,0.513,0.488,0.414,0.954,0.334,0.631,0.954,0.488,0.264,0.334,0.709,0.334,0.405,0.231,0.295,0.444,0.579,0.444,0.466,0.398,0.398,0.398,0.741,0.579,0.466,0.579,0.295,0.741,0.913,0.714,0.913,0.088,0.088,0.088,0.353,0.515,0.678,0.366,0.128,0.901,0.241,0.128,0.525,0.515,0.468,0.357,0.68,0.468,0.241,0.347,0.497,0.94,0.515,0.719,0.331,0.385,0.129,0.468,0.358,0.129,0.129,0.323,0.261,0.366,0.66,0.261,0.261,0.914,0.331,0.597,0.597,0.792,0.358,0.474,0.616,0.388,0.354,0.752,0.908,0.334,0.459,0.474,0.294,0.47,0.969,0.287,0.532,0.865,0.919,0.568,0.865,0.307,0.169,0.276,0.166,0.662,0.95,0.608,0.679,0.91,0.477,0.608,0.637,0.971,0.318,0.309,0.637,0.971,0.637,0.608,0.313,0.133,0.332,0.19,0.644,0.809,0.809,0.34,0.955,0.21,0.938,0.329,0.927,0.733,0.783,0.833,0.808,0.14,0.207,0.246
0.743,0.743,0.787,0.787,0.734,0.055,0.713,0.619,0.054,0.652,0.619,0.705,0.582,0.734,0.705,0.619,0.582,0.734,0.497,0.582,0.71,0.71,0.71,0.454,0.582,0.713,0.454,0.619,0.649,0.652,0.649,0.71,0.599,0.444,0.509,0.444,0.192,0.509,0.599,0.192,0.108,0.444,0.145,0.763,0.444,0.192,0.572,0.145,0.861,0.145,0.046,0.139,0.54,0.666,0.391,0.666,0.644,0.363,0.363,0.363,0.655,0.391,0.644,0.391,0.54,0.655,0.411,0.867,0.411,0.321,0.321,0.321,0.421,0.699,0.774,0.387,0.084,0.664,0.087,0.084,0.146,0.699,0.66,0.157,0.851,0.66,0.087,0.391,0.138,0.661,0.699,0.732,0.386,0.164,0.137,0.66,0.994,0.137,0.137,0.385,0.158,0.052,0.754,0.158,0.158,0.717,0.348,0.161,0.161,0.148,0.162,0.688,0.206,0.621,0.144,0.73,0.655,0.057,0.215,0.688,0.353,0.228,0.686,0.231,0.156,0.15,0.676,0.907,0.15,0.299,0.195,0.201,0.204,0.209,0.682,0.135,0.881,0.148,0.903,0.135,0.085,0.682,0.065,0.782,0.085,0.75,0.085,0.135,0.066,0.876,0.909,0.906,0.578,0.701,0.482,0.08,0.671,0.909,0.706,0.898,0.645,0.523,0.505,0.434,0.481,0.727,0.719,0.727
0.209,0.209,0.272,0.272,0.779,0.998,0.231,0.263,0.997,0.178,0.263,0.203,0.231,0.779,0.203,0.263,0.231,0.779,0.085,0.231,0.213,0.229,0.213,0.238,0.231,0.231,0.238,0.263,0.265,0.178,0.265,0.229,0.057,0.202,0.221,0.202,0.355,0.221,0.057,0.355,0.366,0.202,0.463,0.975,0.202,0.355,0.438,0.463,0.79,0.463,0.994,0.372,0.307,0.094,0.38,0.094,0.097,0.514,0.514,0.514,0.198,0.38,0.097,0.38,0.307,0.198,0.215,0.773,0.215,0.296,0.296,0.296,0.526,0.824,0.978,0.308,0.144,0.383,0.212,0.144,0.332,0.824,0.271,0.411,0.774,0.271,0.212,0.304,0.331,0.269,0.824,0.977,0.287,0.419,0.233,0.271,0.071,0.233,0.233,0.278,0.313,0.199,0.625,0.313,0.313,0.666,0.251,0.472,0.472,0.368,0.242,0.46,0.733,0.377,0.351,0.805,0.082,0.191,0.487,0.46,0.27,0.568,0.061,0.774,0.299,0.286,0.72,0.41,0.286,0.205,0.513,0.255,0.493,0.222,0.446,0.309,0.53,0.181,0.562,0.309,0.52,0.098,0.299,0.482,0.52,0.06,0.52,0.309,0.298,0.647,0.263,0.56,0.775,0.313,0.589,0.326,0.675,0.631,0.473,0.394,0.546,0.719,0.57,0.602,0.607,0.461,0.451,0.943
0.084,0.084,0.088,0.088,0.062,0.912,0.063,0.043,0.908,0.254,0.043,0.079,0.047,0.062,0.079,0.043,0.047,0.062,0.972,0.047,0.178,0.268,0.178,0.038,0.047,0.063,0.038,0.043,0.044,0.254,0.044,0.268,0.176,0.052,0.143,0.052,0.873,0.143,0.176,0.873,0.769,0.052,0.784,0.911,0.052,0.873,0.895,0.784,0.981,0.784,0.876,0.757,0.727,0.168,0.919,0.168,0.17,0.733,0.733,0.733,0.321,0.919,0.17,0.919,0.727,0.321,0.055,0.963,0.055,0.745,0.745,0.745,0.793,0.264,0.792,0.631,0.76,0.986,0.797,0.76,0.677,0.264,0.671,0.776,0.955,0.671,0.797,0.661,0.694,0.998,0.264,0.808,0.631,0.733,0.679,0.671,0.821,0.679,0.679,0.65,0.713,0.773,0.991,0.713,0.713,0.981,0.62,0.979,0.979,0.98,0.993,0.407,0.444,0.279,0.766,0.999,0.984,0.754,0.457,0.407,0.622,0.467,0.987,0.347,0.8,0.978,0.996,0.365,0.978,0.645,0.46,0.711,0.407,0.995,0.991,0.543,0.393,0.983,0.669,0.543,0.58,0.973,0.979,0.442,0.58,0.996,0.58,0.543,0.982,0.416,0.228,0.329,0.72,0.998,0.598,0.992,0.408,0.26,0.427,0.207,0.439,0.656,0.612,0.641,0.676,0.566,0.602,0.606
0.056,0.056,0.107,0.107,0.364,0.396,0.078,0.388,0.398,0.287,0.388,0.056,0.389,0.364,0.056,0.388,0.389,0.364,0.624,0.389,0.067,0.263,0.067,0.382,0.389,0.078,0.382,0.388,0.392,0.287,0.392,0.263,0.164,0.325,0.043,0.325,0.647,0.043,0.164,0.647,0.701,0.325,0.471,0.737,0.325,0.647,0.35,0.471,0.192,0.471,0.328,0.543,0.298,0.161,0.635,0.161,0.16,0.45,0.45,0.45,0.275,0.635,0.16,0.635,0.298,0.275,0.307,0.247,0.307,0.299,0.299,0.299,0.444,0.388,0.721,0.576,0.381,0.544,0.499,0.381,0.654,0.388,0.156,0.55,0.228,0.156,0.499,0.573,0.66,0.424,0.388,0.709,0.59,0.524,0.393,0.156,0.199,0.393,0.393,0.586,0.424,0.315,0.466,0.424,0.424,0.399,0.461,0.627,0.627,0.439,0.84,0.522,0.074,0.317,0.533,0.362,0.343,0.258,0.089,0.522,0.472,0.091,0.411,0.068,0.557,0.823,0.337,0.811,0.823,0.44,0.091,0.187,0.084,0.937,0.345,0.23,0.872,0.681,0.897,0.23,0.275,0.352,0.393,0.792,0.275,0.377,0.275,0.23,0.398,0.732,0.826,0.81,0.114,0.38,0.021,0.324,0.395,0.731,0.144,0.798,0.155,0.102,0.02,0.024,0.026,0.22,0.206,0.284
0.196,0.196,0.146,0.146,0.341,0.638,0.099,0.102,0.628,0.06,0.102,0.131,0.075,0.341,0.131,0.102,0.075,0.341,0.672,0.075,0.42,0.071,0.42,0.076,0.075,0.099,0.076,0.102,0.097,0.06,0.097,0.071,0.411,0.197,0.26,0.197,0.788,0.26,0.411,0.788,0.974,0.197,0.717,0.592,0.197,0.788,0.697,0.717,0.154,0.717,0.509,0.961,0.501,0.476,0.933,0.476,0.487,0.839,0.839,0.839,0.096,0.933,0.487,0.933,0.501,0.096,0.21,0.183,0.21,0.42,0.42,0.42,0.833,0.491,0.62,0.869,0.614,0.849,0.61,0.614,0.83,0.491,0.576,0.966,0.189,0.576,0.61,0.864,0.831,0.82,0.491,0.608,0.88,0.958,0.549,0.576,0.863,0.549,0.549,0.856,0.562,0.48,0.766,0.562,0.562,0.211,0.57,0.902,0.902,0.802,0.938,0.843,0.393,0.849,0.783,0.823,0.759,0.442,0.387,0.843,0.592,0.385,0.791,0.457,0.829,0.973,0.323,0.337,0.973,0.919,0.838,0.507,0.804,0.992,0.331,0.643,0.356,0.891,0.411,0.643,0.71,0.681,0.38,0.148,0.71,0.796,0.71,0.643,0.379,0.108,0.124,0.105,0.691,0.812,0.638,0.394,0.797,0.106,0.912,0.116,0.902,0.679,0.706,0.636,0.687,0.942,0.941,0.915
0.857,0.857,0.839,0.839,0.664,0.049,0.701,0.644,0.05,0.946,0.644,0.768,0.651,0.664,0.768,0.644,0.651,0.664,0.792,0.651,0.655,0.969,0.655,0.578,0.651,0.701,0.578,0.644,0.647,0.946,0.647,0.969,0.83,0.766,0.764,0.766,0.927,0.764,0.83,0.927,0.093,0.766,0.853,0.684,0.766,0.927,0.958,0.853,0.84,0.853,0.098,0.151,0.921,0.82,0.961,0.82,0.8,0.922,0.922,0.922,0.949,0.961,0.8,0.961,0.921,0.949,0.736,0.721,0.736,0.907,0.907,0.907,0.092,0.678,0.702,0.262,0.868,0.467,0.866,0.868,0.084,0.678,0.921,0.175,0.728,0.921,0.866,0.266,0.13,0.647,0.678,0.669,0.249,0.167,0.895,0.921,0.414,0.895,0.895,0.259,0.881,0.932,0.44,0.881,0.881,0.543,0.264,0.214,0.214,0.221,0.117,0.275,0.966,0.261,0.137,0.609,0.872,0.908,0.942,0.275,0.259,0.948,0.919,0.953,0.061,0.27,0.645,0.505,0.27,0.036,0.926,0.959,0.952,0.108,0.75,0.92,0.298,0.296,0.399,0.92,0.862,0.791,0.04,0.385,0.862,0.732,0.862,0.92,0.04,0.813,0.576,0.718,0.581,0.69,0.673,0.047,0.434,0.719,0.466,0.561,0.537,0.624,0.63,0.582,0.558,0.908,0.878,0.566
0.116,0.116,0.115,0.115,0.5,0.39,0.404,0.692,0.382,0.395,0.692,0.436,0.731,0.5,0.436,0.692,0.731,0.5,0.732,0.731,0.167,0.366,0.167,0.699,0.731,0.404,0.699,0.692,0.662,0.395,0.662,0.366,0.799,0.644,0.381,0.644,0.408,0.381,0.799,0.408,0.868,0.644,0.364,0.425,0.644,0.408,0.639,0.364,0.539,0.364,0.384,0.872,0.25,0.742,0.463,0.742,0.716,0.415,0.415,0.415,0.505,0.463,0.716,0.463,0.25,0.505,0.614,0.814,0.614,0.784,0.784,0.784,0.827,0.535,0.531,0.948,0.285,0.931,0.306,0.285,0.986,0.535,0.12,0.942,0.83,0.12,0.306,0.913,0.986,0.924,0.535,0.542,0.931,0.95,0.778,0.12,0.474,0.778,0.778,0.876,0.775,0.059,0.922,0.775,0.775,0.866,0.888,0.279,0.279,0.566,0.743,0.71,0.637,0.58,0.927,0.892,0.963,0.068,0.695,0.71,0.888,0.607,0.867,0.504,0.958,0.709,0.807,0.124,0.709,0.84,0.544,0.044,0.473,0.79,0.656,0.048,0.124,0.582,0.179,0.048,0.037,0.644,0.677,0.111,0.037,0.938,0.037,0.048,0.711,0.327,0.094,0.335,0.308,0.978,0.19,0.801,0.048,0.285,0.056,0.096,0.041,0.308,0.194,0.204,0.201,0.035,0.049,0.351
0.555,0.555,0.48,0.48,0.445,0.45,0.4,0.285,0.327,0.347,0.285,0.35,0.273,0.445,0.35,0.285,0.273,0.445,0.326,0.273,0.515,0.359,0.515,0.284,0.273,0.4,0.284,0.285,0.29,0.347,0.29,0.359,0.256,0.336,0.439,0.336,0.294,0.439,0.256,0.294,0.578,0.336,0.161,0.105,0.336,0.294,0.414,0.161,0.376,0.161,0.201,0.604,0.754,0.245,0.821,0.245,0.255,0.723,0.723,0.723,0.465,0.821,0.255,0.821,0.754,0.465,0.362,0.254,0.362,0.856,0.856,0.856,0.446,0.049,0.116,0.527,0.906,0.297,0.943,0.906,0.497,0.049,0.587,0.378,0.254,0.587,0.943,0.527,0.451,0.247,0.049,0.111,0.56,0.394,0.701,0.587,0.56,0.701,0.701,0.561,0.743,0.909,0.387,0.743,0.743,0.511,0.603,0.081,0.081,0.048,0.056,0.011,0.374,0.009,0.364,0.351,0.479,0.886,0.333,0.011,0.615,0.347,0.493,0.377,0.516,0.061,0.493,0.85,0.061,0.025,0.56,0.645,0.555,0.031,0.458,0.76,0.774,0.029,0.556,0.76,0.816,0.288,0.231,0.745,0.816,0.606,0.816,0.76,0.233,0.815,0.753,0.722,0.785,0.732,0.907,0.222,0.306,0.761,0.184,0.738,0.211,0.823,0.927,0.906,0.919,0.062,0.066,0.245
0.589,0.589,0.652,0.652,0.178,0.206,0.503,0.382,0.201,0.294,0.382,0.512,0.366,0.178,0.512,0.382,0.366,0.178,0.139,0.366,0.707,0.299,0.707,0.321,0.366,0.503,0.321,0.382,0.34,0.294,0.34,0.299,0.28,0.467,0.668,0.467,0.749,0.668,0.28,0.749,0.435,0.467,0.802,0.977,0.467,0.749,0.422,0.802,0.95,0.802,0.19,0.778,0.666,0.322,0.655,0.322,0.318,0.752,0.752,0.752,0.365,0.655,0.318,0.655,0.666,0.365,0.462,0.973,0.462,0.557,0.557,0.557,0.844,0.485,0.991,0.491,0.846,0.973,0.662,0.846,0.746,0.485,0.797,0.661,0.965,0.797,0.662,0.525,0.737,0.962,0.485,0.935,0.494,0.647,0.183,0.797,0.927,0.183,0.183,0.528,0.155,0.888,0.965,0.155,0.155,0.983,0.71,0.742,0.742,0.805,0.349,0.558,0.704,0.56,0.797,0.956,0.922,0.893,0.67,0.558,0.69,0.69,0.921,0.637,0.813,0.461,0.982,0.481,0.461,0.731,0.759,0.841,0.758,0.144,0.98,0.904,0.467,0.431,0.35,0.904,0.893,0.894,0.405,0.33,0.893,0.952,0.893,0.904,0.418,0.189,0.227,0.159,0.66,0.97,0.459,0.539,0.606,0.167,0.75,0.234,0.73,0.557,0.557,0.445,0.551,0.35,0.38,0.215
0.758,0.758,0.616,0.616,0.782,0.316,0.44,0.8,0.296,0.778,0.8,0.448,0.877,0.782,0.448,0.8,0.877,0.782,0.722,0.877,0.673,0.754,0.673,0.677,0.877,0.44,0.677,0.8,0.818,0.778,0.818,0.754,0.367,0.646,0.597,0.646,0.994,0.597,0.367,0.994,0.738,0.646,0.996,0.316,0.646,0.994,0.81,0.996,0.13,0.996,0.267,0.737,0.93,0.357,0.942,0.357,0.368,0.933,0.933,0.933,0.781,0.942,0.368,0.942,0.93,0.781,0.666,0.142,0.666,0.851,0.851,0.851,0.803,0.882,0.354,0.807,0.922,0.436,0.94,0.922,0.58,0.882,0.96,0.503,0.134,0.96,0.94,0.774,0.514,0.402,0.882,0.361,0.808,0.556,0.909,0.96,0.352,0.909,0.909,0.789,0.815,0.986,0.448,0.815,0.815,0.3,0.744,0.526,0.526,0.606,0.448,0.844,0.832,0.804,0.547,0.517,0.841,0.97,0.827,0.844,0.745,0.827,0.838,0.957,0.422,0.382,0.382,0.978,0.382,0.887,0.937,0.97,0.891,0.276,0.65,0.992,0.974,0.45,0.866,0.992,0.99,0.777,0.438,0.87,0.99,0.847,0.99,0.992,0.44,0.735,0.863,0.889,0.207,0.625,0.205,0.493,0.371,0.875,0.089,0.855,0.084,0.183,0.221,0.197,0.21,0.034,0.023,0.239
0.594,0.594,0.636,0.636,0.528,0.87,0.689,0.54,0.82,0.506,0.54,0.714,0.518,0.528,0.714,0.54,0.518,0.528,0.804,0.518,0.666,0.578,0.666,0.538,0.518,0.689,0.538,0.54,0.547,0.506,0.547,0.578,0.914,0.547,0.734,0.547,0.396,0.734,0.914,0.396,0.912,0.547,0.422,0.513,0.547,0.396,0.879,0.422,0.386,0.422,0.817,0.921,0.542,0.937,0.423,0.937,0.925,0.484,0.484,0.484,0.549,0.423,0.925,0.423,0.542,0.549,0.546,0.502,0.546,0.995,0.995,0.995,0.965,0.525,0.766,0.9,0.368,0.709,0.343,0.368,0.937,0.525,0.695,0.869,0.481,0.695,0.343,0.91,0.928,0.801,0.525,0.639,0.885,0.877,0.958,0.695,0.294,0.958,0.958,0.896,0.956,0.633,0.678,0.956,0.956,0.706,0.922,0.305,0.305,0.282,0.458,0.495,0.728,0.501,0.866,0.773,0.791,0.62,0.813,0.495,0.91,0.811,0.758,0.697,0.909,0.305,0.689,0.143,0.305,0.092,0.889,0.785,0.852,0.443,0.558,0.589,0.145,0.284,0.101,0.589,0.654,0.542,0.565,0.039,0.654,0.626,0.654,0.589,0.56,0.036,0.042,0.045,0.163,0.626,0.157,0.563,0.233,0.045,0.279,0.04,0.267,0.153,0.151,0.17,0.17,0.281,0.292,0.306
0.839,0.839,0.881,0.881,0.365,0.284,0.666,0.604,0.292,0.518,0.604,0.692,0.596,0.365,0.692,0.604,0.596,0.365,0.411,0.596,0.932,0.604,0.932,0.564,0.596,0.666,0.564,0.604,0.585,0.518,0.585,0.604,0.439,0.481,0.737,0.481,0.86,0.737,0.439,0.86,0.724,0.481,0.85,0.09,0.481,0.86,0.436,0.85,0.214,0.85,0.272,0.854,0.484,0.529,0.853,0.529,0.576,0.845,0.845,0.845,0.584,0.853,0.576,0.853,0.484,0.584,0.491,0.308,0.491,0.575,0.575,0.575,0.79,0.099,0.088,0.96,0.926,0.161,0.921,0.926,0.804,0.099,0.7,0.636,0.319,0.7,0.921,0.968,0.814,0.135,0.099,0.095,0.959,0.611,0.771,0.7,0.042,0.771,0.771,0.965,0.791,0.916,0.199,0.791,0.791,0.201,0.976,0.154,0.154,0.091,0.033,0.075,0.964,0.101,0.648,0.143,0.04,0.912,0.972,0.075,0.976,0.973,0.041,0.967,0.818,0.13,0.251,0.855,0.13,0.174,0.987,0.526,0.983,0.03,0.325,0.963,0.799,0.077,0.972,0.963,0.972,0.035,0.244,0.776,0.972,0.217,0.972,0.963,0.264,0.901,0.853,0.89,0.995,0.227,0.972,0.252,0.98,0.885,0.955,0.876,0.953,0.996,0.961,0.959,0.952,0.979,0.959,0.996
0.663,0.663,0.666,0.666,0.706,0.748,0.776,0.565,0.757,0.803,0.565,0.728,0.585,0.706,0.728,0.565,0.585,0.706,0.484,0.585,0.555,0.821,0.555,0.642,0.585,0.776,0.642,0.565,0.643,0.803,0.643,0.821,0.78,0.57,0.659,0.57,0.166,0.659,0.78,0.166,0.364,0.57,0.193,0.63,0.57,0.166,0.352,0.193,0.587,0.193,0.599,0.478,0.305,0.845,0.262,0.845,0.833,0.332,0.332,0.332,0.774,0.262,0.833,0.262,0.305,0.774,0.609,0.191,0.609,0.108,0.108,0.108,0.67,0.879,0.761,0.495,0.218,0.21,0.208,0.218,0.656,0.879,0.611,0.678,0.375,0.611,0.208,0.507,0.671,0.145,0.879,0.89,0.528,0.66,0.174,0.611,0.751,0.174,0.174,0.541,0.202,0.425,0.241,0.202,0.202,0.598,0.42,0.366,0.366,0.339,0.335,0.973,0.233,0.975,0.568,0.168,0.162,0.422,0.207,0.973,0.432,0.215,0.137,0.371,0.582,0.372,0.764,0.697,0.372,0.856,0.331,0.524,0.328,0.419,0.24,0.519,0.558,0.357,0.488,0.519,0.437,0.499,0.465,0.25,0.437,0.164,0.437,0.519,0.446,0.206,0.591,0.315,0.555,0.22,0.579,0.352,0.57,0.272,0.727,0.629,0.672,0.542,0.667,0.48,0.564,0.093,0.105,0.385
0.181,0.181,0.191,0.191,0.107,0.592,0.149,0.959,0.561,0.867,0.959,0.12,0.922,0.107,0.12,0.959,0.922,0.107,0.993,0.922,0.192,0.879,0.192,0.927,0.922,0.149,0.927,0.959,0.941,0.867,0.941,0.879,0.972,0.969,0.184,0.969,0.648,0.184,0.972,0.648,0.563,0.969,0.59,0.482,0.969,0.648,0.974,0.59,0.564,0.59,0.811,0.571,0.602,0.972,0.741,0.972,0.981,0.721,0.721,0.721,0.875,0.741,0.981,0.741,0.602,0.875,0.955,0.774,0.955,0.669,0.669,0.669,0.476,0.109,0.605,0.739,0.775,0.774,0.794,0.775,0.949,0.109,0.243,0.853,0.687,0.243,0.794,0.724,0.949,0.855,0.109,0.526,0.732,0.852,0.711,0.243,0.687,0.711,0.711,0.73,0.739,0.7,0.738,0.739,0.739,0.771,0.671,0.853,0.853,0.912,0.93,0.175,0.718,0.14,0.852,0.833,0.939,0.648,0.69,0.175,0.687,0.695,0.898,0.532,0.962,0.841,0.816,0.426,0.841,0.053,0.605,0.444,0.55,0.913,0.802,0.425,0.527,0.897,0.474,0.425,0.413,0.876,0.881,0.907,0.413,0.842,0.413,0.425,0.857,0.752,0.758,0.513,0.068,0.823,0.042,0.867,0.162,0.434,0.179,0.701,0.169,0.056,0.051,0.065,0.073,0.203,0.239,0.07
0.994,0.994,0.995,0.995,0.513,0.508,0.801,0.76,0.5,0.866,0.76,0.873,0.701,0.513,0.873,0.76,0.701,0.513,0.903,0.701,0.941,0.873,0.941,0.72,0.701,0.801,0.72,0.76,0.719,0.866,0.719,0.873,0.855,0.617,0.802,0.617,0.742,0.802,0.855,0.742,0.891,0.617,0.72,0.502,0.617,0.742,0.884,0.72,0.761,0.72,0.498,0.875,0.292,0.858,0.58,0.858,0.854,0.574,0.574,0.574,0.805,0.58,0.854,0.58,0.292,0.805,0.701,0.836,0.701,0.653,0.653,0.653,0.81,0.351,0.329,0.47,0.115,0.592,0.117,0.115,0.491,0.351,0.245,0.554,0.829,0.245,0.117,0.485,0.47,0.598,0.351,0.326,0.453,0.537,0.811,0.245,0.438,0.811,0.811,0.473,0.83,0.174,0.607,0.83,0.83,0.777,0.417,0.61,0.61,0.577,0.526,0.338,0.694,0.324,0.602,0.615,0.065,0.164,0.61,0.338,0.398,0.616,0.045,0.618,0.521,0.599,0.841,0.092,0.599,0.297,0.69,0.254,0.685,0.534,0.011,0.345,0.09,0.562,0.079,0.345,0.374,0.037,0.582,0.353,0.374,0.012,0.374,0.345,0.564,0.382,0.417,0.356,0.131,0.01,0.183,0.602,0.254,0.328,0.346,0.368,0.355,0.114,0.158,0.163,0.168,0.381,0.347,0.295
0.615,0.615,0.662,0.662,0.19,0.261,0.552,0.956,0.265,0.642,0.956,0.616,0.964,0.19,0.616,0.956,0.964,0.19,0.892,0.964,0.842,0.649,0.842,0.965,0.964,0.552,0.965,0.956,0.938,0.642,0.938,0.649,0.903,0.875,0.635,0.875,0.662,0.635,0.903,0.662,0.011,0.875,0.62,0.04,0.875,0.662,0.728,0.62,0.278,0.62,0.234,0.008,0.403,0.863,0.79,0.863,0.86,0.709,0.709,0.709,0.638,0.79,0.86,0.79,0.403,0.638,0.825,0.269,0.825,0.217,0.217,0.217,0.002,0.032,0.034,0.008,0.818,0.243,0.85,0.818,0.006,0.032,0.476,0.003,0.238,0.476,0.85,0.008,0.003,0.216,0.032,0.035,0.008,0.004,0.586,0.476,0.443,0.586,0.586,0.008,0.657,0.792,0.23,0.657,0.657,0.295,0.002,0.917,0.917,0.871,0.885,0.919,0.013,0.708,0.001,0.21,0.108,0.797,0.014,0.919,0.003,0.016,0.128,0.013,0.002,0.969,0.293,0.91,0.969,0.786,0.009,0.509,0.009,0.946,0.393,0.667,0.905,0.959,0.982,0.667,0.769,0.089,0.22,0.845,0.769,0.389,0.769,0.667,0.22,0.79,0.934,0.888,0.694,0.357,0.674,0.231,0.679,0.888,0.617,0.92,0.659,0.688,0.683,0.682,0.688,0.638,0.629,0.817
0.301,0.301,0.177,0.177,0.565,0.487,0.386,0.328,0.474,0.375,0.328,0.392,0.308,0.565,0.392,0.328,0.308,0.565,0.255,0.308,0.3,0.371,0.3,0.308,0.308,0.386,0.308,0.328,0.329,0.375,0.329,0.371,0.512,0.335,0.399,0.335,0.694,0.399,0.512,0.694,0.344,0.335,0.578,0.62,0.335,0.694,0.265,0.578,0.072,0.578,0.532,0.338,0.635,0.475,0.78,0.475,0.47,0.658,0.658,0.658,0.494,0.78,0.47,0.78,0.635,0.494,0.346,0.09,0.346,0.822,0.822,0.822,0.449,0.675,0.832,0.184,0.37,0.479,0.494,0.37,0.362,0.675,0.78,0.255,0.089,0.78,0.494,0.18,0.369,0.392,0.675,0.811,0.175,0.259,0.462,0.78,0.094,0.462,0.462,0.174,0.622,0.501,0.417,0.622,0.622,0.243,0.155,0.506,0.506,0.66,0.356,0.789,0.142,0.743,0.237,0.416,0.609,0.437,0.106,0.789,0.155,0.102,0.365,0.101,0.324,0.588,0.375,0.201,0.588,0.608,0.052,0.685,0.05,0.456,0.518,0.475,0.204,0.671,0.172,0.475,0.61,0.522,0.372,0.08,0.61,0.458,0.61,0.475,0.36,0.098,0.099,0.123,0.294,0.65,0.363,0.404,0.058,0.126,0.188,0.097,0.161,0.323,0.372,0.371,0.427,0.056,0.094,0.327
0.04,0.04,0.033,0.033,0.535,0.949,0.039,0.023,0.952,0.03,0.023,0.053,0.017,0.535,0.053,0.023,0.017,0.535,0.354,0.017,0.045,0.039,0.045,0.02,0.017,0.039,0.02,0.023,0.022,0.03,0.022,0.039,0.051,0.024,0.04,0.024,0.629,0.04,0.051,0.629,0.068,0.024,0.674,0.131,0.024,0.629,0.716,0.674,0.064,0.674,0.981,0.063,0.324,0.062,0.701,0.062,0.063,0.685,0.685,0.685,0.043,0.701,0.063,0.701,0.324,0.043,0.022,0.223,0.022,0.316,0.316,0.316,0.098,0.6,0.313,0.026,0.665,0.187,0.555,0.665,0.08,0.6,0.424,0.059,0.207,0.424,0.555,0.033,0.072,0.125,0.6,0.36,0.034,0.06,0.331,0.424,0.73,0.331,0.331,0.037,0.307,0.587,0.181,0.307,0.307,0.191,0.062,0.794,0.794,0.736,0.703,0.651,0.835,0.662,0.126,0.125,0.034,0.559,0.835,0.651,0.071,0.901,0.032,0.534,0.159,0.776,0.262,0.97,0.776,0.58,0.533,0.479,0.633,0.577,0.207,0.733,0.954,0.711,0.951,0.733,0.73,0.045,0.503,0.815,0.73,0.214,0.73,0.733,0.52,0.942,0.913,0.907,0.519,0.235,0.55,0.554,0.716,0.92,0.718,0.956,0.753,0.531,0.591,0.633,0.65,0.994,0.973,0.859
0.998,0.998,0.998,0.998,0.694,0.824,0.732,0.628,0.87,0.733,0.628,0.809,0.587,0.694,0.809,0.628,0.587,0.694,0.355,0.587,0.997,0.794,0.997,0.521,0.587,0.732,0.521,0.628,0.556,0.733,0.556,0.794,0.95,0.579,0.686,0.579,0.686,0.686,0.95,0.686,0.802,0.579,0.287,0.361,0.579,0.686,0.21,0.287,0.505,0.287,0.818,0.804,0.728,0.953,0.56,0.953,0.952,0.603,0.603,0.603,0.844,0.56,0.952,0.56,0.728,0.844,0.548,0.847,0.548,0.744,0.744,0.744,0.634,0.728,0.831,0.392,0.352,0.908,0.326,0.352,0.554,0.728,0.559,0.54,0.843,0.559,0.326,0.394,0.545,0.827,0.728,0.699,0.41,0.568,0.17,0.559,0.713,0.17,0.17,0.405,0.166,0.045,0.873,0.166,0.166,0.893,0.33,0.446,0.446,0.408,0.111,0.951,0.072,0.979,0.478,0.764,0.574,0.059,0.076,0.951,0.374,0.075,0.619,0.131,0.46,0.708,0.781,0.196,0.708,0.761,0.137,0.281,0.131,0.383,0.529,0.471,0.275,0.845,0.174,0.471,0.508,0.589,0.174,0.413,0.508,0.555,0.508,0.471,0.175,0.315,0.662,0.461,0.256,0.521,0.279,0.181,0.851,0.461,0.681,0.73,0.762,0.246,0.26,0.285,0.299,0.296,0.37,0.346
0.815,0.815,0.89,0.89,0.001,0.844,0.584,0.525,0.794,0.454,0.525,0.648,0.441,0.001,0.648,0.525,0.441,0.001,0.587,0.441,0.736,0.411,0.736,0.553,0.441,0.584,0.553,0.525,0.484,0.454,0.484,0.411,0.576,0.345,0.427,0.345,0.068,0.427,0.576,0.068,0.412,0.345,0.604,0.434,0.345,0.068,0.989,0.604,0.643,0.604,0.321,0.35,0.077,0.826,0.079,0.826,0.834,0.635,0.635,0.635,0.312,0.079,0.834,0.079,0.077,0.312,0.391,0.725,0.391,0.028,0.028,0.028,0.485,0.005,0.554,0.385,0.578,0.915,0.475,0.578,0.611,0.005,0.079,0.516,0.756,0.079,0.475,0.405,0.65,0.985,0.005,0.625,0.397,0.509,0.289,0.079,0.39,0.289,0.289,0.418,0.275,0.47,0.933,0.275,0.275,0.9,0.43,0.916,0.916,0.822,0.656,0.051,0.078,0.262,0.587,0.981,0.837,0.581,0.054,0.051,0.433,0.058,0.91,0.08,0.689,0.445,0.884,0.315,0.445,0.045,0.054,0.172,0.068,0.379,0.966,0.544,0.308,0.353,0.319,0.544,0.469,0.988,0.977,0.397,0.469,0.992,0.469,0.544,0.978,0.377,0.62,0.296,0.665,0.989,0.593,0.918,0.307,0.275,0.169,0.569,0.168,0.569,0.631,0.545,0.537,0.096,0.134,0.186
0.914,0.914,0.906,0.906,0.462,0.5,0.771,0.903,0.499,0.916,0.903,0.817,0.777,0.462,0.817,0.903,0.777,0.462,0.942,0.777,0.827,0.909,0.827,0.786,0.777,0.771,0.786,0.903,0.849,0.916,0.849,0.909,0.711,0.824,0.706,0.824,0.538,0.706,0.711,0.538,0.736,0.824,0.569,0.093,0.824,0.538,0.82,0.569,0.28,0.569,0.471,0.688,0.264,0.687,0.513,0.687,0.674,0.47,0.47,0.47,0.88,0.513,0.674,0.513,0.264,0.88,0.776,0.194,0.776,0.37,0.37,0.37,0.483,0.429,0.08,0.26,0.029,0.275,0.023,0.029,0.267,0.429,0.379,0.344,0.188,0.379,0.023,0.271,0.279,0.355,0.429,0.076,0.26,0.308,0.078,0.379,0.314,0.078,0.078,0.269,0.074,0.051,0.245,0.074,0.074,0.316,0.271,0.777,0.777,0.794,0.925,0.717,0.617,0.64,0.322,0.318,0.263,0.044,0.648,0.717,0.267,0.634,0.227,0.621,0.337,0.772,0.322,0.085,0.772,0.873,0.71,0.37,0.709,0.938,0.374,0.055,0.078,0.792,0.093,0.055,0.047,0.246,0.611,0.396,0.047,0.441,0.047,0.055,0.6,0.487,0.614,0.653,0.186,0.43,0.193,0.583,0.275,0.577,0.353,0.495,0.351,0.197,0.192,0.195,0.185,0.419,0.397,0.318
0.35,0.35,0.33,0.33,0.241,0.073,0.339,0.3,0.07,0.239,0.3,0.347,0.271,0.241,0.347,0.3,0.271,0.241,0.165,0.271,0.401,0.274,0.401,0.275,0.271,0.339,0.275,0.3,0.306,0.239,0.306,0.274,0.165,0.296,0.363,0.296,0.75,0.363,0.165,0.75,0.165,0.296,0.597,0.325,0.296,0.75,0.161,0.597,0.582,0.597,0.071,0.134,0.477,0.217,0.615,0.217,0.221,0.521,0.521,0.521,0.252,0.615,0.221,0.615,0.477,0.252,0.295,0.761,0.295,0.916,0.916,0.916,0.12,0.386,0.244,0.063,0.619,0.87,0.694,0.619,0.065,0.386,0.391,0.069,0.742,0.391,0.694,0.067,0.068,0.864,0.386,0.24,0.055,0.067,0.971,0.391,0.032,0.971,0.971,0.06,0.974,0.486,0.885,0.974,0.974,0.904,0.059,0.049,0.049,0.046,0.483,0.039,0.3,0.021,0.077,0.82,0.375,0.426,0.33,0.039,0.054,0.327,0.313,0.212,0.081,0.051,0.848,0.997,0.051,0.178,0.287,0.413,0.29,0.515,0.677,0.408,0.984,0.045,0.944,0.408,0.582,0.436,0.846,0.828,0.582,0.639,0.582,0.408,0.824,0.886,0.872,0.897,0.949,0.679,0.996,0.75,0.864,0.898,0.968,0.903,0.955,0.933,0.99,0.991,0.984,0.978,0.986,0.838
0.932,0.932,0.935,0.935,0.857,0.773,0.9,0.87,0.776,0.755,0.87,0.934,0.842,0.857,0.934,0.87,0.842,0.857,0.492,0.842,0.944,0.753,0.944,0.838,0.842,0.9,0.838,0.87,0.797,0.755,0.797,0.753,0.554,0.848,0.945,0.848,0.574,0.945,0.554,0.574,0.458,0.848,0.41,0.816,0.848,0.574,0.404,0.41,0.128,0.41,0.446,0.449,0.444,0.469,0.473,0.469,0.484,0.308,0.308,0.308,0.752,0.473,0.484,0.473,0.444,0.752,0.845,0.12,0.845,0.832,0.832,0.832,0.497,0.843,0.91,0.434,0.608,0.034,0.579,0.608,0.364,0.843,0.56,0.56,0.1,0.56,0.579,0.435,0.411,0.03,0.843,0.896,0.427,0.552,0.836,0.56,0.701,0.836,0.836,0.419,0.803,0.559,0.035,0.803,0.803,0.051,0.362,0.744,0.744,0.59,0.218,0.733,0.102,0.875,0.561,0.032,0.181,0.534,0.115,0.733,0.375,0.115,0.106,0.121,0.417,0.825,0.051,0.069,0.825,0.762,0.159,0.519,0.163,0.239,0.09,0.723,0.061,0.716,0.06,0.723,0.76,0.185,0.547,0.52,0.76,0.078,0.76,0.723,0.576,0.547,0.597,0.496,0.112,0.093,0.181,0.673,0.097,0.632,0.281,0.571,0.29,0.106,0.181,0.15,0.142,0.298,0.287,0.133
0.844,0.844,0.885,0.885,0.161,0.269,0.941,0.869,0.28,0.614,0.869,0.96,0.851,0.161,0.96,0.869,0.851,0.161,0.301,0.851,0.878,0.623,0.878,0.898,0.851,0.941,0.898,0.869,0.897,0.614,0.897,0.623,0.598,0.947,0.995,0.947,0.266,0.995,0.598,0.266,0.013,0.947,0.216,0.873,0.947,0.266,0.284,0.216,0.915,0.216,0.2,0.017,0.316,0.701,0.21,0.701,0.69,0.185,0.185,0.185,0.745,0.21,0.69,0.21,0.316,0.745,0.966,0.877,0.966,0.584,0.584,0.584,0.005,0.135,0.788,0.009,0.506,0.799,0.53,0.506,0.024,0.135,0.341,0.01,0.889,0.341,0.53,0.013,0.014,0.762,0.135,0.846,0.01,0.009,0.805,0.341,0.244,0.805,0.805,0.01,0.8,0.543,0.771,0.8,0.8,0.875,0.016,0.659,0.659,0.679,0.617,0.896,0.582,0.885,0.013,0.743,0.882,0.508,0.55,0.896,0.015,0.586,0.974,0.544,0.011,0.728,0.845,0.279,0.728,0.736,0.681,0.375,0.674,0.784,0.951,0.742,0.22,0.773,0.275,0.742,0.68,0.94,0.59,0.478,0.68,0.92,0.68,0.742,0.601,0.331,0.596,0.542,0.271,0.803,0.257,0.686,0.314,0.515,0.315,0.466,0.313,0.265,0.251,0.294,0.279,0.384,0.436,0.526
0.703,0.703,0.8,0.8,0.326,0.131,0.702,0.957,0.142,0.936,0.957,0.767,0.949,0.326,0.767,0.957,0.949,0.326,0.071,0.949,0.643,0.961,0.643,0.971,0.949,0.702,0.971,0.957,0.975,0.936,0.975,0.961,0.891,0.966,0.803,0.966,0.063,0.803,0.891,0.063,0.111,0.966,0.072,0.202,0.966,0.063,0.022,0.072,0.339,0.072,0.091,0.121,0.143,0.821,0.033,0.821,0.819,0.02,0.02,0.02,0.978,0.033,0.819,0.033,0.143,0.978,0.986,0.306,0.986,0.592,0.592,0.592,0.207,0.451,0.233,0.249,0.239,0.384,0.299,0.239,0.072,0.451,0.259,0.055,0.221,0.259,0.299,0.272,0.052,0.39,0.451,0.222,0.262,0.063,0.409,0.259,0.878,0.409,0.409,0.283,0.496,0.606,0.386,0.496,0.496,0.361,0.256,0.226,0.226,0.23,0.261,0.524,0.599,0.571,0.067,0.391,0.033,0.592,0.57,0.524,0.251,0.574,0.037,0.467,0.071,0.43,0.442,0.321,0.43,0.501,0.397,0.483,0.402,0.357,0.379,0.171,0.284,0.402,0.395,0.171,0.15,0.042,0.076,0.241,0.15,0.305,0.15,0.171,0.074,0.544,0.172,0.301,0.437,0.288,0.696,0.079,0.83,0.288,0.597,0.166,0.631,0.459,0.653,0.566,0.54,0.732,0.791,0.98
0.489,0.489,0.476,0.476,0.781,0.03,0.383,0.487,0.035,0.527,0.487,0.383,0.477,0.781,0.383,0.487,0.477,0.781,0.176,0.477,0.506,0.563,0.506,0.537,0.477,0.383,0.537,0.487,0.534,0.527,0.534,0.563,0.443,0.679,0.391,0.679,0.024,0.391,0.443,0.024,0.062,0.679,0.059,0.118,0.679,0.024,0.081,0.059,0.254,0.059,0.041,0.051,0.805,0.486,0.128,0.486,0.486,0.236,0.236,0.236,0.596,0.128,0.486,0.128,0.805,0.596,0.724,0.221,0.724,0.835,0.835,0.835,0.056,0.335,0.134,0.052,0.52,0.459,0.52,0.52,0.07,0.335,0.773,0.068,0.214,0.773,0.52,0.052,0.054,0.428,0.335,0.121,0.054,0.08,0.43,0.773,0.457,0.43,0.43,0.053,0.312,0.52,0.38,0.312,0.312,0.23,0.041,0.457,0.457,0.551,0.953,0.654,0.434,0.668,0.058,0.365,0.296,0.567,0.549,0.654,0.041,0.494,0.367,0.615,0.059,0.375,0.263,0.319,0.375,0.713,0.634,0.836,0.634,0.923,0.602,0.248,0.239,0.455,0.329,0.248,0.203,0.337,0.844,0.191,0.203,0.415,0.203,0.248,0.829,0.645,0.173,0.755,0.296,0.375,0.263,0.839,0.466,0.8,0.42,0.246,0.412,0.279,0.287,0.268,0.29,0.505,0.555,0.535
0.189,0.189,0.209,0.209,0.296,0.607,0.195,0.097,0.687,0.133,0.097,0.17,0.141,0.296,0.17,0.097,0.141,0.296,0.873,0.141,0.112,0.109,0.112,0.125,0.141,0.195,0.125,0.097,0.082,0.133,0.082,0.109,0.673,0.095,0.104,0.095,0.428,0.104,0.673,0.428,0.426,0.095,0.339,0.825,0.095,0.428,0.836,0.339,0.514,0.339,0.54,0.432,0.344,0.494,0.223,0.494,0.498,0.15,0.15,0.15,0.182,0.223,0.498,0.223,0.344,0.182,0.088,0.456,0.088,0.138,0.138,0.138,0.393,0.247,0.801,0.22,0.382,0.865,0.393,0.382,0.437,0.247,0.458,0.334,0.37,0.458,0.393,0.219,0.418,0.681,0.247,0.78,0.226,0.331,0.072,0.458,0.884,0.072,0.072,0.225,0.126,0.537,0.914,0.126,0.126,0.541,0.269,0.73,0.73,0.663,0.61,0.532,0.23,0.547,0.433,0.826,0.796,0.516,0.169,0.532,0.263,0.192,0.832,0.289,0.554,0.813,0.444,0.043,0.813,0.568,0.175,0.401,0.213,0.701,0.744,0.59,0.054,0.785,0.099,0.59,0.616,0.735,0.716,0.076,0.616,0.928,0.616,0.59,0.725,0.082,0.077,0.073,0.183,0.813,0.123,0.689,0.231,0.071,0.264,0.069,0.269,0.171,0.089,0.12,0.101,0.322,0.316,0.309
0.175,0.175,0.202,0.202,0.052,0.647,0.387,0.481,0.639,0.413,0.481,0.378,0.475,0.052,0.378,0.481,0.475,0.052,0.671,0.475,0.404,0.413,0.404,0.455,0.475,0.387,0.455,0.481,0.529,0.413,0.529,0.413,0.619,0.454,0.367,0.454,0.515,0.367,0.619,0.515,0.888,0.454,0.421,0.254,0.454,0.515,0.618,0.421,0.16,0.421,0.63,0.904,0.277,0.616,0.519,0.616,0.627,0.356,0.356,0.356,0.401,0.519,0.627,0.519,0.277,0.401,0.478,0.267,0.478,0.457,0.457,0.457,0.882,0.016,0.349,0.832,0.3,0.121,0.325,0.3,0.653,0.016,0.084,0.626,0.274,0.084,0.325,0.813,0.661,0.149,0.016,0.254,0.847,0.635,0.357,0.084,0.529,0.357,0.357,0.836,0.389,0.042,0.122,0.389,0.389,0.061,0.745,0.574,0.574,0.759,0.98,0.176,0.494,0.376,0.558,0.139,0.256,0.036,0.578,0.176,0.753,0.597,0.263,0.619,0.602,0.731,0.095,0.475,0.731,0.883,0.679,0.073,0.671,0.734,0.146,0.153,0.318,0.571,0.416,0.153,0.139,0.461,0.444,0.422,0.139,0.173,0.139,0.153,0.459,0.226,0.31,0.291,0.268,0.165,0.322,0.481,0.068,0.295,0.069,0.434,0.078,0.286,0.303,0.317,0.3,0.075,0.074,0.293
0.927,0.927,0.907,0.907,0.25,0.005,0.908,0.887,0.003,0.899,0.887,0.921,0.867,0.25,0.921,0.887,0.867,0.25,0.735,0.867,0.965,0.905,0.965,0.88,0.867,0.908,0.88,0.887,0.914,0.899,0.914,0.905,0.58,0.854,0.903,0.854,0.545,0.903,0.58,0.545,0.017,0.854,0.456,0.568,0.854,0.545,0.681,0.456,0.753,0.456,0.009,0.015,0.002,0.593,0.446,0.593,0.604,0.191,0.191,0.191,0.841,0.446,0.604,0.446,0.002,0.841,0.859,0.685,0.859,0.378,0.378,0.378,0.033,0.27,0.461,0.051,0.087,0.125,0.187,0.087,0.027,0.27,0.004,0.026,0.637,0.004,0.187,0.04,0.016,0.148,0.27,0.384,0.044,0.03,0.786,0.004,0.858,0.786,0.786,0.043,0.837,0.1,0.136,0.837,0.837,0.259,0.029,0.774,0.774,0.641,0.936,0.683,0.164,0.536,0.023,0.151,0.222,0.09,0.084,0.683,0.029,0.081,0.213,0.134,0.033,0.795,0.273,0.551,0.795,0.656,0.14,0.014,0.137,0.95,0.273,0.367,0.648,0.688,0.453,0.367,0.4,0.244,0.506,0.236,0.4,0.175,0.4,0.367,0.513,0.34,0.384,0.406,0.73,0.202,0.72,0.535,0.654,0.396,0.657,0.306,0.634,0.669,0.709,0.698,0.782,0.804,0.854,0.83
0.052,0.052,0.051,0.051,0.658,0.255,0.103,0.107,0.272,0.074,0.107,0.095,0.095,0.658,0.095,0.107,0.095,0.658,0.949,0.095,0.126,0.094,0.126,0.092,0.095,0.103,0.092,0.107,0.104,0.074,0.104,0.094,0.1,0.233,0.234,0.233,0.961,0.234,0.1,0.961,0.05,0.233,0.991,0.351,0.233,0.961,0.988,0.991,0.889,0.991,0.529,0.039,0.468,0.087,0.884,0.087,0.087,0.942,0.942,0.942,0.197,0.884,0.087,0.884,0.468,0.197,0.243,0.926,0.243,0.361,0.361,0.361,0.063,0.766,0.3,0.04,0.883,0.755,0.918,0.883,0.049,0.766,0.726,0.054,0.939,0.726,0.918,0.043,0.046,0.842,0.766,0.319,0.046,0.056,0.661,0.726,0.498,0.661,0.661,0.044,0.752,0.968,0.734,0.752,0.752,0.795,0.08,0.931,0.931,0.94,0.851,0.336,0.192,0.372,0.133,0.85,0.036,0.955,0.177,0.336,0.085,0.18,0.04,0.079,0.11,0.862,0.822,0.55,0.862,0.622,0.049,0.487,0.04,0.818,0.107,0.864,0.41,0.849,0.628,0.864,0.848,0.047,0.686,0.766,0.848,0.091,0.848,0.864,0.686,0.839,0.905,0.692,0.767,0.097,0.83,0.608,0.681,0.669,0.701,0.913,0.72,0.801,0.814,0.759,0.724,0.821,0.837,0.956
0.412,0.412,0.408,0.408,0.534,0.303,0.421,0.351,0.285,0.339,0.351,0.428,0.334,0.534,0.428,0.351,0.334,0.534,0.61,0.334,0.542,0.347,0.542,0.377,0.334,0.421,0.377,0.351,0.347,0.339,0.347,0.347,0.214,0.483,0.552,0.483,0.513,0.552,0.214,0.513,0.763,0.483,0.746,0.466,0.483,0.513,0.885,0.746,0.41,0.746,0.163,0.489,0.508,0.17,0.685,0.17,0.169,0.671,0.671,0.671,0.463,0.685,0.169,0.685,0.508,0.463,0.466,0.405,0.466,0.223,0.223,0.223,0.7,0.526,0.407,0.541,0.541,0.64,0.596,0.541,0.243,0.526,0.583,0.659,0.359,0.583,0.596,0.517,0.201,0.776,0.526,0.366,0.553,0.686,0.333,0.583,0.458,0.333,0.333,0.518,0.34,0.511,0.648,0.34,0.34,0.599,0.706,0.654,0.654,0.625,0.159,0.466,0.821,0.469,0.785,0.587,0.17,0.507,0.727,0.466,0.736,0.73,0.161,0.787,0.267,0.636,0.763,0.491,0.636,0.175,0.878,0.407,0.854,0.139,0.286,0.708,0.48,0.585,0.442,0.708,0.632,0.361,0.379,0.334,0.632,0.136,0.632,0.708,0.411,0.374,0.433,0.308,0.083,0.159,0.038,0.471,0.021,0.321,0.022,0.42,0.017,0.076,0.038,0.041,0.038,0.006,0.008,0.016
0.89,0.89,0.941,0.941,0.121,0.812,0.953,0.796,0.841,0.703,0.796,0.901,0.848,0.121,0.901,0.796,0.848,0.121,0.477,0.848,0.885,0.733,0.885,0.608,0.848,0.953,0.608,0.796,0.76,0.703,0.76,0.733,0.33,0.6,0.842,0.6,0.263,0.842,0.33,0.263,0.954,0.6,0.241,0.374,0.6,0.263,0.506,0.241,0.823,0.241,0.708,0.964,0.345,0.375,0.199,0.375,0.409,0.268,0.268,0.268,0.594,0.199,0.409,0.199,0.345,0.594,0.612,0.644,0.612,0.07,0.07,0.07,0.89,0.118,0.452,0.802,0.321,0.863,0.307,0.321,0.785,0.118,0.481,0.893,0.789,0.481,0.307,0.816,0.78,0.87,0.118,0.475,0.839,0.881,0.189,0.481,0.464,0.189,0.189,0.847,0.206,0.309,0.917,0.206,0.206,0.807,0.795,0.036,0.036,0.05,0.134,0.206,0.772,0.328,0.896,0.913,0.861,0.333,0.777,0.206,0.872,0.769,0.815,0.782,0.831,0.032,0.726,0.173,0.032,0.388,0.749,0.331,0.736,0.118,0.618,0.328,0.29,0.047,0.148,0.328,0.316,0.866,0.711,0.069,0.316,0.852,0.316,0.328,0.678,0.06,0.074,0.064,0.202,0.864,0.145,0.724,0.22,0.064,0.265,0.071,0.266,0.203,0.148,0.189,0.196,0.415,0.477,0.263
0.768,0.768,0.866,0.866,0.244,0.3,0.826,0.473,0.303,0.616,0.473,0.6,0.67,0.244,0.6,0.473,0.67,0.244,0.067,0.67,0.627,0.47,0.627,0.654,0.67,0.826,0.654,0.473,0.435,0.616,0.435,0.47,0.441,0.37,0.6,0.37,0.398,0.6,0.441,0.398,0.349,0.37,0.582,0.89,0.37,0.398,0.178,0.582,0.02,0.582,0.486,0.336,0.48,0.337,0.139,0.337,0.328,0.252,0.252,0.252,0.497,0.139,0.328,0.139,0.48,0.497,0.365,0.028,0.365,0.254,0.254,0.254,0.181,0.489,0.946,0.294,0.325,0.06,0.345,0.325,0.401,0.489,0.348,0.277,0.052,0.348,0.345,0.227,0.403,0.082,0.489,0.944,0.308,0.343,0.107,0.348,0.004,0.107,0.107,0.236,0.144,0.246,0.083,0.144,0.144,0.089,0.206,0.224,0.224,0.233,0.912,0.041,0.137,0.06,0.273,0.083,0.009,0.232,0.172,0.041,0.228,0.166,0.012,0.095,0.364,0.183,0.081,0.525,0.183,0.126,0.23,0.404,0.224,0.863,0.006,0.109,0.442,0.196,0.52,0.109,0.104,0.009,0.88,0.202,0.104,0.004,0.104,0.109,0.908,0.407,0.511,0.453,0.751,0.002,0.716,0.858,0.815,0.484,0.823,0.482,0.833,0.734,0.686,0.668,0.634,0.892,0.909,0.849
0.995,0.995,0.958,0.958,0.613,0.675,0.974,0.979,0.668,0.925,0.979,0.979,0.992,0.613,0.979,0.979,0.992,0.613,0.541,0.992,0.866,0.931,0.866,0.985,0.992,0.974,0.985,0.979,0.981,0.925,0.981,0.931,0.958,0.978,0.968,0.978,0.897,0.968,0.958,0.897,0.378,0.978,0.836,0.475,0.978,0.897,0.515,0.836,0.683,0.836,0.737,0.292,0.465,0.949,0.9,0.949,0.962,0.813,0.813,0.813,0.948,0.9,0.962,0.9,0.465,0.948,0.988,0.763,0.988,0.031,0.031,0.031,0.161,0.689,0.636,0.159,0.435,0.246,0.284,0.435,0.277,0.689,0.546,0.234,0.81,0.546,0.284,0.159,0.281,0.251,0.689,0.601,0.152,0.231,0.135,0.546,0.481,0.135,0.135,0.159,0.162,0.432,0.242,0.162,0.162,0.162,0.129,0.808,0.808,0.914,0.965,0.54,0.466,0.86,0.202,0.26,0.012,0.531,0.539,0.54,0.129,0.563,0.013,0.509,0.229,0.866,0.173,0.115,0.866,0.746,0.414,0.574,0.427,0.98,0.001,0.605,0.125,0.94,0.125,0.605,0.433,0.003,0.833,0.036,0.433,0.001,0.433,0.605,0.832,0.046,0.031,0.041,0.153,0.001,0.188,0.812,0.256,0.04,0.247,0.034,0.241,0.146,0.186,0.184,0.178,0.347,0.325,0.298
0.291,0.291,0.326,0.326,0.641,0.899,0.164,0.191,0.875,0.101,0.191,0.172,0.158,0.641,0.172,0.191,0.158,0.641,0.027,0.158,0.37,0.155,0.37,0.173,0.158,0.164,0.173,0.191,0.202,0.101,0.202,0.155,0.763,0.245,0.274,0.245,0.658,0.274,0.763,0.658,0.477,0.245,0.816,0.089,0.245,0.658,0.042,0.816,0.471,0.816,0.694,0.488,0.723,0.73,0.28,0.73,0.724,0.607,0.607,0.607,0.177,0.28,0.724,0.28,0.723,0.177,0.257,0.621,0.257,0.601,0.601,0.601,0.695,0.777,0.087,0.467,0.742,0.134,0.558,0.742,0.562,0.777,0.827,0.556,0.53,0.827,0.558,0.399,0.554,0.168,0.777,0.086,0.458,0.621,0.593,0.827,0.091,0.593,0.593,0.436,0.449,0.463,0.133,0.449,0.449,0.149,0.406,0.111,0.111,0.103,0.11,0.342,0.312,0.39,0.572,0.165,0.312,0.618,0.35,0.342,0.431,0.377,0.349,0.361,0.562,0.058,0.154,0.31,0.058,0.559,0.312,0.721,0.303,0.087,0.173,0.639,0.223,0.054,0.445,0.639,0.486,0.159,0.885,0.161,0.486,0.291,0.486,0.639,0.897,0.178,0.11,0.115,0.371,0.28,0.408,0.919,0.267,0.121,0.283,0.119,0.276,0.359,0.426,0.351,0.386,0.344,0.329,0.326
0.011,0.011,0.01,0.01,0.602,0.94,0.006,0.009,0.943,0.008,0.009,0.007,0.01,0.602,0.007,0.009,0.01,0.602,0.554,0.01,0.018,0.009,0.018,0.01,0.01,0.006,0.01,0.009,0.011,0.008,0.011,0.009,0.017,0.011,0.018,0.011,0.08,0.018,0.017,0.08,0.172,0.011,0.138,0.757,0.011,0.08,0.708,0.138,0.912,0.138,0.983,0.169,0.261,0.018,0.01,0.018,0.019,0.039,0.039,0.039,0.011,0.01,0.019,0.01,0.261,0.011,0.012,0.913,0.012,0.227,0.227,0.227,0.23,0.194,0.747,0.098,0.566,0.74,0.443,0.566,0.186,0.194,0.364,0.142,0.918,0.364,0.443,0.103,0.196,0.659,0.194,0.746,0.107,0.135,0.301,0.364,0.93,0.301,0.301,0.107,0.257,0.504,0.709,0.257,0.257,0.821,0.114,0.4,0.4,0.187,0.888,0.796,0.528,0.597,0.175,0.608,0.5,0.6,0.49,0.796,0.122,0.487,0.528,0.636,0.202,0.293,0.777,0.606,0.293,0.943,0.613,0.387,0.531,0.852,0.619,0.514,0.587,0.14,0.658,0.514,0.409,0.451,0.395,0.337,0.409,0.654,0.409,0.514,0.378,0.524,0.579,0.42,0.923,0.569,0.8,0.336,0.725,0.424,0.547,0.566,0.54,0.924,0.767,0.75,0.718,0.528,0.564,0.546
0.41,0.41,0.459,0.459,0.952,0.968,0.216,0.216,0.973,0.615,0.216,0.293,0.155,0.952,0.293,0.216,0.155,0.952,0.455,0.155,0.382,0.609,0.382,0.156,0.155,0.216,0.156,0.216,0.206,0.615,0.206,0.609,0.732,0.201,0.239,0.201,0.988,0.239,0.732,0.988,0.987,0.201,0.972,0.359,0.201,0.988,0.384,0.972,0.835,0.972,0.911,0.986,0.925,0.919,0.992,0.919,0.907,0.986,0.986,0.986,0.518,0.992,0.907,0.992,0.925,0.518,0.192,0.759,0.192,0.829,0.829,0.829,0.937,0.885,0.368,0.962,0.999,0.767,0.986,0.999,0.995,0.885,0.984,0.977,0.753,0.984,0.986,0.96,0.99,0.817,0.885,0.343,0.962,0.983,0.987,0.984,0.563,0.987,0.987,0.963,0.996,0.998,0.75,0.996,0.996,0.786,0.961,0.387,0.387,0.362,0.435,0.221,0.981,0.174,0.968,0.809,0.813,1.0,0.981,0.221,0.947,0.977,0.846,0.928,0.991,0.417,0.79,0.938,0.417,0.518,0.933,0.87,0.928,0.475,0.819,0.997,0.937,0.406,0.975,0.997,0.992,0.825,0.518,0.904,0.992,0.93,0.992,0.997,0.565,0.85,0.956,0.866,0.881,0.938,0.744,0.534,0.993,0.811,0.725,0.901,0.768,0.87,0.644,0.792,0.633,0.79,0.779,0.953
0.248,0.248,0.27,0.27,0.965,0.841,0.303,0.27,0.864,0.349,0.27,0.309,0.253,0.965,0.309,0.27,0.253,0.965,0.966,0.253,0.398,0.322,0.398,0.248,0.253,0.303,0.248,0.27,0.252,0.349,0.252,0.322,0.276,0.293,0.345,0.293,0.812,0.345,0.276,0.812,0.773,0.293,0.891,0.986,0.293,0.812,0.931,0.891,0.233,0.891,0.837,0.822,0.713,0.28,0.839,0.28,0.284,0.9,0.9,0.9,0.402,0.839,0.284,0.839,0.713,0.402,0.29,0.052,0.29,0.655,0.655,0.655,0.904,0.975,0.839,0.979,0.631,0.207,0.661,0.631,0.904,0.975,0.925,0.971,0.079,0.925,0.661,0.984,0.936,0.17,0.975,0.979,0.979,0.938,0.575,0.925,0.922,0.575,0.575,0.982,0.556,0.966,0.198,0.556,0.556,0.389,0.993,0.368,0.368,0.321,0.477,0.333,0.955,0.391,0.975,0.186,0.19,0.906,0.88,0.333,0.994,0.906,0.168,0.992,0.932,0.356,0.352,0.145,0.356,0.599,0.922,0.804,0.963,0.54,0.33,0.835,0.184,0.221,0.141,0.835,0.847,0.307,0.165,0.333,0.847,0.149,0.847,0.835,0.163,0.216,0.156,0.176,0.247,0.208,0.309,0.173,0.827,0.189,0.892,0.407,0.889,0.251,0.312,0.35,0.336,0.585,0.6,0.486
0.02,0.02,0.02,0.02,0.744,0.769,0.029,0.045,0.791,0.044,0.045,0.03,0.044,0.744,0.03,0.045,0.044,0.744,0.654,0.044,0.035,0.046,0.035,0.046,0.044,0.029,0.046,0.045,0.046,0.044,0.046,0.046,0.042,0.056,0.064,0.056,0.573,0.064,0.042,0.573,0.042,0.056,0.375,0.135,0.056,0.573,0.737,0.375,0.093,0.375,0.896,0.075,0.333,0.054,0.42,0.054,0.053,0.277,0.277,0.277,0.064,0.42,0.053,0.42,0.333,0.064,0.061,0.111,0.061,0.776,0.776,0.776,0.083,0.676,0.156,0.058,0.493,0.019,0.452,0.493,0.042,0.676,0.462,0.043,0.101,0.462,0.452,0.066,0.075,0.02,0.676,0.151,0.064,0.037,0.715,0.462,0.991,0.715,0.715,0.068,0.723,0.07,0.018,0.723,0.723,0.01,0.093,0.757,0.757,0.728,0.401,0.797,0.605,0.785,0.113,0.017,0.039,0.074,0.658,0.797,0.094,0.664,0.047,0.421,0.095,0.831,0.01,0.669,0.831,0.356,0.394,0.059,0.393,0.45,0.083,0.409,0.646,0.866,0.654,0.409,0.342,0.048,0.187,1.0,0.342,0.058,0.342,0.409,0.186,0.99,0.994,0.985,0.357,0.056,0.398,0.193,0.661,0.98,0.481,0.971,0.427,0.344,0.366,0.419,0.372,0.471,0.496,0.632
0.286,0.286,0.262,0.262,0.117,0.436,0.26,0.232,0.559,0.172,0.232,0.191,0.235,0.117,0.191,0.232,0.235,0.117,0.205,0.235,0.103,0.111,0.103,0.211,0.235,0.26,0.211,0.232,0.186,0.172,0.186,0.111,0.801,0.122,0.093,0.122,0.138,0.093,0.801,0.138,0.281,0.122,0.45,0.149,0.122,0.138,0.623,0.45,0.218,0.45,0.544,0.382,0.913,0.811,0.452,0.811,0.825,0.625,0.625,0.625,0.126,0.452,0.825,0.452,0.913,0.126,0.123,0.312,0.123,0.663,0.663,0.663,0.363,0.036,0.181,0.169,0.939,0.177,0.942,0.939,0.264,0.036,0.528,0.246,0.381,0.528,0.942,0.171,0.27,0.115,0.036,0.195,0.172,0.234,0.877,0.528,0.17,0.877,0.877,0.176,0.886,0.535,0.174,0.886,0.886,0.106,0.143,0.815,0.815,0.834,0.884,0.132,0.06,0.187,0.215,0.113,0.08,0.548,0.065,0.132,0.144,0.062,0.087,0.039,0.263,0.3,0.057,0.056,0.3,0.614,0.056,0.523,0.054,0.682,0.067,0.52,0.049,0.383,0.005,0.52,0.523,0.078,0.461,0.004,0.523,0.069,0.523,0.52,0.451,0.009,0.005,0.011,0.072,0.066,0.107,0.598,0.107,0.01,0.146,0.005,0.146,0.069,0.109,0.115,0.119,0.155,0.18,0.114
0.111,0.111,0.109,0.109,0.088,0.97,0.166,0.17,0.966,0.1,0.17,0.173,0.122,0.088,0.173,0.17,0.122,0.088,0.643,0.122,0.082,0.142,0.082,0.135,0.122,0.166,0.135,0.17,0.188,0.1,0.188,0.142,0.046,0.113,0.168,0.113,0.04,0.168,0.046,0.04,0.502,0.113,0.066,0.584,0.113,0.04,0.735,0.066,0.623,0.066,0.954,0.509,0.115,0.071,0.075,0.071,0.073,0.121,0.121,0.121,0.098,0.075,0.073,0.075,0.115,0.098,0.141,0.455,0.141,0.545,0.545,0.545,0.811,0.011,0.347,0.785,0.056,0.695,0.06,0.056,0.448,0.011,0.265,0.844,0.47,0.265,0.06,0.831,0.456,0.71,0.011,0.427,0.755,0.84,0.526,0.265,0.353,0.526,0.526,0.821,0.48,0.101,0.619,0.48,0.48,0.51,0.849,0.165,0.165,0.211,0.049,0.021,0.435,0.038,0.83,0.673,0.329,0.109,0.368,0.021,0.803,0.354,0.305,0.475,0.596,0.134,0.536,0.61,0.134,0.052,0.497,0.121,0.479,0.041,0.368,0.221,0.71,0.156,0.404,0.221,0.239,0.252,0.246,0.252,0.239,0.464,0.239,0.221,0.251,0.197,0.339,0.182,0.551,0.377,0.649,0.287,0.87,0.209,0.844,0.308,0.84,0.476,0.698,0.657,0.711,0.506,0.493,0.542
0.935,0.935,0.929,0.929,0.328,0.634,0.823,0.83,0.632,0.827,0.83,0.775,0.911,0.328,0.775,0.83,0.911,0.328,0.773,0.911,0.7,0.828,0.7,0.877,0.911,0.823,0.877,0.83,0.809,0.827,0.809,0.828,0.635,0.772,0.645,0.772,0.535,0.645,0.635,0.535,0.893,0.772,0.483,0.903,0.772,0.535,0.742,0.483,0.676,0.483,0.57,0.908,0.343,0.558,0.396,0.558,0.553,0.329,0.329,0.329,0.737,0.396,0.553,0.396,0.343,0.737,0.775,0.642,0.775,0.489,0.489,0.489,0.868,0.226,0.897,0.243,0.535,0.128,0.512,0.535,0.395,0.226,0.225,0.351,0.599,0.225,0.512,0.24,0.385,0.129,0.226,0.884,0.252,0.329,0.384,0.225,0.114,0.384,0.384,0.249,0.371,0.563,0.154,0.371,0.371,0.169,0.217,0.665,0.665,0.629,0.443,0.895,0.265,0.887,0.296,0.154,0.198,0.575,0.197,0.895,0.219,0.209,0.202,0.335,0.341,0.721,0.174,0.084,0.721,0.436,0.225,0.744,0.231,0.426,0.033,0.323,0.087,0.691,0.108,0.323,0.304,0.057,0.283,0.968,0.304,0.031,0.304,0.323,0.285,0.746,0.839,0.834,0.193,0.035,0.128,0.306,0.187,0.798,0.304,0.865,0.289,0.159,0.178,0.133,0.174,0.218,0.237,0.285
0.109,0.109,0.083,0.083,0.58,0.197,0.1,0.728,0.194,0.698,0.728,0.128,0.664,0.58,0.128,0.728,0.664,0.58,0.841,0.664,0.091,0.72,0.091,0.721,0.664,0.1,0.721,0.728,0.754,0.698,0.754,0.72,0.827,0.695,0.106,0.695,0.528,0.106,0.827,0.528,0.526,0.695,0.455,0.507,0.695,0.528,0.92,0.455,0.597,0.455,0.208,0.572,0.064,0.795,0.581,0.795,0.778,0.493,0.493,0.493,0.804,0.581,0.778,0.581,0.064,0.804,0.759,0.976,0.759,0.162,0.162,0.162,0.8,0.202,0.669,0.441,0.442,0.38,0.408,0.442,0.45,0.202,0.099,0.451,0.981,0.099,0.408,0.464,0.5,0.405,0.202,0.631,0.467,0.399,0.07,0.099,0.678,0.07,0.07,0.485,0.153,0.522,0.394,0.153,0.153,0.154,0.491,0.776,0.776,0.767,0.515,0.195,0.235,0.211,0.402,0.435,0.099,0.457,0.279,0.195,0.508,0.297,0.109,0.372,0.482,0.749,0.138,0.328,0.749,0.738,0.399,0.138,0.409,0.811,0.045,0.649,0.262,0.747,0.598,0.649,0.651,0.067,0.969,0.242,0.651,0.092,0.651,0.649,0.975,0.174,0.182,0.198,0.195,0.096,0.136,0.974,0.494,0.234,0.109,0.227,0.113,0.212,0.156,0.128,0.139,0.277,0.221,0.421
0.225,0.225,0.188,0.188,0.214,0.719,0.101,0.269,0.774,0.709,0.269,0.14,0.264,0.214,0.14,0.269,0.264,0.214,0.564,0.264,0.144,0.704,0.144,0.264,0.264,0.101,0.264,0.269,0.271,0.709,0.271,0.704,0.279,0.283,0.069,0.283,0.168,0.069,0.279,0.168,0.217,0.283,0.153,0.128,0.283,0.168,0.535,0.153,0.236,0.153,0.644,0.219,0.076,0.307,0.008,0.307,0.308,0.003,0.003,0.003,0.615,0.008,0.308,0.008,0.076,0.615,0.277,0.469,0.277,0.01,0.01,0.01,0.82,0.258,0.155,0.201,0.049,0.959,0.049,0.049,0.341,0.258,0.074,0.26,0.432,0.074,0.049,0.211,0.357,0.963,0.258,0.16,0.187,0.255,0.037,0.074,0.658,0.037,0.037,0.186,0.046,0.071,0.968,0.046,0.046,0.393,0.258,0.21,0.21,0.201,0.173,0.624,0.285,0.635,0.305,0.973,0.972,0.063,0.326,0.624,0.225,0.318,0.97,0.139,0.405,0.235,0.343,0.433,0.235,0.263,0.166,0.07,0.168,0.296,0.598,0.087,0.461,0.229,0.548,0.087,0.098,0.99,0.563,0.297,0.098,0.953,0.098,0.087,0.555,0.156,0.27,0.191,0.442,0.962,0.314,0.544,0.508,0.175,0.502,0.224,0.507,0.426,0.385,0.358,0.354,0.535,0.592,0.612
0.578,0.578,0.56,0.56,0.723,0.479,0.934,0.922,0.469,0.765,0.922,0.958,0.882,0.723,0.958,0.922,0.882,0.723,0.557,0.882,0.585,0.84,0.585,0.844,0.882,0.934,0.844,0.922,0.901,0.765,0.901,0.84,0.87,0.936,0.962,0.936,0.789,0.962,0.87,0.789,0.906,0.936,0.778,0.48,0.936,0.789,0.548,0.778,0.818,0.778,0.938,0.936,0.527,0.872,0.416,0.872,0.852,0.427,0.427,0.427,0.827,0.416,0.852,0.416,0.527,0.827,0.92,0.824,0.92,0.912,0.912,0.912,0.633,0.611,0.449,0.79,0.513,0.375,0.573,0.513,0.863,0.611,0.748,0.864,0.822,0.748,0.573,0.781,0.907,0.363,0.611,0.416,0.767,0.897,0.821,0.748,0.396,0.821,0.821,0.764,0.849,0.912,0.367,0.849,0.849,0.433,0.798,0.633,0.633,0.675,0.825,0.98,0.664,0.913,0.883,0.353,0.771,0.883,0.656,0.98,0.794,0.67,0.85,0.689,0.86,0.563,0.408,0.237,0.563,0.694,0.701,0.894,0.706,0.687,0.815,0.689,0.164,0.624,0.198,0.689,0.709,0.958,0.787,0.358,0.709,0.659,0.709,0.689,0.807,0.534,0.407,0.524,0.262,0.665,0.332,0.572,0.321,0.578,0.403,0.442,0.399,0.255,0.348,0.329,0.335,0.433,0.39,0.075
0.099,0.099,0.174,0.174,0.134,0.708,0.154,0.062,0.737,0.102,0.062,0.078,0.147,0.134,0.078,0.062,0.147,0.134,0.816,0.147,0.13,0.044,0.13,0.15,0.147,0.154,0.15,0.062,0.061,0.102,0.061,0.044,0.048,0.061,0.117,0.061,0.489,0.117,0.048,0.489,0.741,0.061,0.458,0.956,0.061,0.489,0.549,0.458,0.966,0.458,0.78,0.909,0.39,0.013,0.625,0.013,0.01,0.616,0.616,0.616,0.048,0.625,0.01,0.625,0.39,0.048,0.066,0.956,0.066,0.364,0.364,0.364,0.947,0.246,0.959,0.672,0.231,0.946,0.298,0.231,0.868,0.246,0.466,0.795,0.978,0.466,0.298,0.71,0.769,0.954,0.246,0.955,0.686,0.756,0.298,0.466,0.657,0.298,0.298,0.692,0.277,0.542,0.966,0.277,0.277,0.97,0.79,0.641,0.641,0.789,0.642,0.517,0.467,0.206,0.826,0.963,0.92,0.546,0.497,0.517,0.806,0.497,0.89,0.589,0.854,0.637,0.984,0.767,0.637,0.33,0.703,0.391,0.699,0.743,0.99,0.497,0.713,0.787,0.791,0.497,0.483,0.965,0.729,0.543,0.483,0.998,0.483,0.497,0.706,0.402,0.481,0.416,0.867,0.995,0.881,0.83,0.928,0.372,0.834,0.447,0.83,0.905,0.876,0.861,0.816,0.883,0.911,0.993
0.11,0.11,0.132,0.132,0.643,0.763,0.21,0.174,0.795,0.118,0.174,0.189,0.175,0.643,0.189,0.174,0.175,0.643,0.4,0.175,0.06,0.112,0.06,0.168,0.175,0.21,0.168,0.174,0.153,0.118,0.153,0.112,0.37,0.185,0.191,0.185,0.159,0.191,0.37,0.159,0.69,0.185,0.212,0.236,0.185,0.159,0.165,0.212,0.3,0.212,0.52,0.596,0.202,0.266,0.182,0.266,0.268,0.271,0.271,0.271,0.195,0.182,0.268,0.182,0.202,0.195,0.201,0.369,0.201,0.154,0.154,0.154,0.799,0.76,0.152,0.678,0.621,0.316,0.545,0.621,0.873,0.76,0.236,0.756,0.342,0.236,0.545,0.672,0.89,0.386,0.76,0.152,0.669,0.804,0.208,0.236,0.867,0.208,0.208,0.677,0.157,0.518,0.365,0.157,0.157,0.716,0.704,0.534,0.534,0.274,0.599,0.824,0.643,0.641,0.768,0.336,0.638,0.601,0.675,0.824,0.693,0.689,0.76,0.383,0.882,0.506,0.843,0.023,0.506,0.487,0.392,0.36,0.401,0.793,0.747,0.503,0.013,0.323,0.047,0.503,0.48,0.795,0.984,0.02,0.48,0.569,0.48,0.503,0.983,0.028,0.017,0.02,0.108,0.408,0.074,0.989,0.066,0.02,0.222,0.016,0.166,0.11,0.073,0.07,0.069,0.227,0.223,0.106
0.622,0.622,0.804,0.804,0.168,0.488,0.597,0.861,0.445,0.635,0.861,0.536,0.891,0.168,0.536,0.861,0.891,0.168,0.614,0.891,0.759,0.648,0.759,0.885,0.891,0.597,0.885,0.861,0.822,0.635,0.822,0.648,0.706,0.853,0.644,0.853,0.432,0.644,0.706,0.432,0.132,0.853,0.452,0.369,0.853,0.432,0.555,0.452,0.409,0.452,0.407,0.142,0.915,0.675,0.302,0.675,0.655,0.324,0.324,0.324,0.713,0.302,0.655,0.302,0.915,0.713,0.85,0.391,0.85,0.794,0.794,0.794,0.19,0.126,0.363,0.06,0.829,0.813,0.772,0.829,0.073,0.126,0.6,0.061,0.396,0.6,0.772,0.061,0.07,0.384,0.126,0.311,0.06,0.069,0.458,0.6,0.376,0.458,0.458,0.061,0.525,0.677,0.823,0.525,0.525,0.752,0.046,0.46,0.46,0.374,0.369,0.687,0.032,0.818,0.053,0.371,0.146,0.767,0.056,0.687,0.044,0.04,0.15,0.019,0.048,0.446,0.362,0.755,0.446,0.95,0.063,0.936,0.043,0.516,0.079,0.596,0.766,0.369,0.732,0.596,0.545,0.09,0.282,0.544,0.545,0.114,0.545,0.596,0.274,0.873,0.75,0.976,0.831,0.118,0.847,0.268,0.937,0.986,0.923,0.643,0.916,0.831,0.835,0.844,0.839,0.927,0.923,0.857
0.322,0.322,0.312,0.312,0.834,0.444,0.264,0.185,0.424,0.186,0.185,0.282,0.201,0.834,0.282,0.185,0.201,0.834,0.763,0.201,0.281,0.164,0.281,0.177,0.201,0.264,0.177,0.185,0.172,0.186,0.172,0.164,0.933,0.191,0.247,0.191,0.899,0.247,0.933,0.899,0.901,0.191,0.956,0.455,0.191,0.899,0.979,0.956,0.773,0.956,0.466,0.92,0.796,0.912,0.935,0.912,0.912,0.95,0.95,0.95,0.188,0.935,0.912,0.935,0.796,0.188,0.106,0.817,0.106,0.807,0.807,0.807,0.684,0.779,0.436,0.875,0.771,0.575,0.831,0.771,0.752,0.779,0.378,0.641,0.826,0.378,0.831,0.897,0.757,0.743,0.779,0.408,0.882,0.627,0.926,0.378,0.112,0.926,0.926,0.893,0.946,0.797,0.553,0.946,0.946,0.675,0.864,0.486,0.486,0.413,0.716,0.374,0.894,0.357,0.579,0.729,0.909,0.727,0.865,0.374,0.874,0.83,0.72,0.873,0.555,0.492,0.803,0.003,0.492,0.471,0.909,0.545,0.915,0.626,0.923,0.29,0.002,0.442,0.001,0.29,0.333,0.982,0.353,0.003,0.333,0.851,0.333,0.29,0.345,0.002,0.001,0.003,0.015,0.927,0.105,0.334,0.088,0.003,0.254,0.003,0.261,0.014,0.081,0.122,0.114,0.338,0.261,0.091
0.161,0.161,0.137,0.137,0.984,0.677,0.31,0.433,0.704,0.404,0.433,0.33,0.423,0.984,0.33,0.433,0.423,0.984,0.51,0.423,0.151,0.435,0.151,0.459,0.423,0.31,0.459,0.433,0.471,0.404,0.471,0.435,0.282,0.501,0.327,0.501,0.923,0.327,0.282,0.923,0.63,0.501,0.828,0.13,0.501,0.923,0.361,0.828,0.525,0.828,0.866,0.592,0.894,0.237,0.977,0.237,0.23,0.956,0.956,0.956,0.585,0.977,0.23,0.977,0.894,0.585,0.571,0.453,0.571,0.92,0.92,0.92,0.854,1.0,0.173,0.711,0.519,0.601,0.486,0.519,0.605,1.0,0.951,0.687,0.46,0.951,0.486,0.715,0.705,0.531,1.0,0.192,0.68,0.668,0.843,0.951,0.685,0.843,0.843,0.682,0.813,0.654,0.592,0.813,0.813,0.7,0.856,0.136,0.136,0.197,0.126,0.28,0.63,0.342,0.853,0.578,0.569,0.691,0.544,0.28,0.787,0.558,0.591,0.786,0.667,0.164,0.802,0.996,0.164,0.094,0.754,0.98,0.784,0.17,0.451,0.813,0.996,0.231,0.993,0.813,0.803,0.59,0.516,0.957,0.803,0.476,0.803,0.813,0.514,0.96,0.986,0.893,0.318,0.446,0.333,0.531,0.163,0.908,0.173,0.985,0.21,0.267,0.329,0.282,0.296,0.279,0.116,0.41
0.24,0.24,0.222,0.222,0.849,0.753,0.236,0.239,0.745,0.162,0.239,0.267,0.2,0.849,0.267,0.239,0.2,0.849,0.31,0.2,0.158,0.214,0.158,0.2,0.2,0.236,0.2,0.239,0.246,0.162,0.246,0.214,0.067,0.171,0.217,0.171,0.753,0.217,0.067,0.753,0.777,0.171,0.856,0.293,0.171,0.753,0.318,0.856,0.61,0.856,0.785,0.837,0.87,0.109,0.706,0.109,0.112,0.822,0.822,0.822,0.173,0.706,0.112,0.706,0.87,0.173,0.198,0.811,0.198,0.493,0.493,0.493,0.877,0.886,0.296,0.379,0.798,0.586,0.861,0.798,0.665,0.886,0.877,0.497,0.874,0.877,0.861,0.396,0.54,0.677,0.886,0.289,0.373,0.505,0.486,0.877,0.172,0.486,0.486,0.388,0.687,0.811,0.839,0.687,0.687,0.699,0.384,0.809,0.809,0.838,0.874,0.298,0.526,0.353,0.51,0.697,0.419,0.717,0.392,0.298,0.408,0.386,0.481,0.213,0.568,0.712,0.661,0.511,0.712,0.541,0.183,0.872,0.18,0.861,0.643,0.843,0.515,0.854,0.706,0.843,0.939,0.378,0.201,0.608,0.939,0.845,0.939,0.843,0.201,0.648,0.549,0.631,0.856,0.796,0.817,0.214,0.954,0.61,0.86,0.549,0.879,0.861,0.82,0.823,0.795,0.826,0.892,0.835
0.636,0.636,0.684,0.684,0.047,0.503,0.549,0.995,0.534,0.953,0.995,0.449,0.995,0.047,0.449,0.995,0.995,0.047,0.322,0.995,0.645,0.912,0.645,0.993,0.995,0.549,0.993,0.995,0.989,0.953,0.989,0.912,0.617,0.991,0.519,0.991,0.252,0.519,0.617,0.252,0.204,0.991,0.242,0.7,0.991,0.252,0.234,0.242,0.274,0.242,0.258,0.21,0.149,0.725,0.181,0.725,0.664,0.068,0.068,0.068,0.891,0.181,0.664,0.181,0.149,0.891,0.989,0.291,0.989,0.909,0.909,0.909,0.281,0.025,0.684,0.952,0.125,0.828,0.182,0.125,0.783,0.025,0.01,0.735,0.287,0.01,0.182,0.952,0.789,0.836,0.025,0.587,0.944,0.753,0.815,0.01,0.392,0.815,0.815,0.942,0.759,0.003,0.822,0.759,0.759,0.739,0.93,0.371,0.371,0.341,0.296,0.166,0.833,0.161,0.688,0.848,0.232,0.005,0.582,0.166,0.931,0.62,0.216,0.93,0.779,0.392,0.754,0.818,0.392,0.085,0.914,0.002,0.91,0.262,0.858,0.036,0.782,0.372,0.76,0.036,0.018,0.399,0.383,0.86,0.018,0.802,0.018,0.036,0.384,0.751,0.827,0.8,0.224,0.79,0.201,0.405,0.342,0.768,0.301,0.853,0.303,0.229,0.2,0.186,0.192,0.387,0.376,0.412
0.525,0.525,0.535,0.535,0.495,0.089,0.511,0.572,0.083,0.436,0.572,0.479,0.646,0.495,0.479,0.572,0.646,0.495,0.392,0.646,0.721,0.397,0.721,0.639,0.646,0.511,0.639,0.572,0.566,0.436,0.566,0.397,0.846,0.602,0.568,0.602,0.562,0.568,0.846,0.562,0.436,0.602,0.474,0.319,0.602,0.562,0.483,0.474,0.257,0.474,0.162,0.497,0.73,0.805,0.619,0.805,0.818,0.507,0.507,0.507,0.419,0.619,0.818,0.619,0.73,0.419,0.618,0.294,0.618,0.134,0.134,0.134,0.275,0.69,0.332,0.535,0.504,0.344,0.663,0.504,0.214,0.69,0.815,0.684,0.302,0.815,0.663,0.494,0.213,0.311,0.69,0.316,0.518,0.719,0.217,0.815,0.625,0.217,0.217,0.482,0.279,0.693,0.321,0.279,0.279,0.269,0.494,0.619,0.619,0.63,0.792,0.937,0.869,0.92,0.654,0.286,0.418,0.613,0.932,0.937,0.503,0.95,0.49,0.913,0.172,0.767,0.321,0.962,0.767,0.709,0.927,0.607,0.925,0.782,0.516,0.804,0.967,0.768,0.925,0.804,0.868,0.469,0.657,0.988,0.868,0.655,0.868,0.804,0.655,0.971,0.993,0.982,0.176,0.574,0.097,0.72,0.022,0.985,0.016,0.992,0.016,0.184,0.104,0.089,0.099,0.027,0.024,0.036
0.023,0.023,0.017,0.017,0.225,0.977,0.04,0.018,0.982,0.025,0.018,0.038,0.024,0.225,0.038,0.018,0.024,0.225,0.292,0.024,0.019,0.022,0.019,0.021,0.024,0.04,0.021,0.018,0.017,0.025,0.017,0.022,0.03,0.051,0.085,0.051,0.148,0.085,0.03,0.148,0.23,0.051,0.22,0.262,0.051,0.148,0.453,0.22,0.459,0.22,0.997,0.248,0.832,0.027,0.204,0.027,0.027,0.325,0.325,0.325,0.039,0.204,0.027,0.204,0.832,0.039,0.059,0.327,0.059,0.576,0.576,0.576,0.331,0.191,0.238,0.124,0.624,0.288,0.618,0.624,0.202,0.191,0.719,0.191,0.322,0.719,0.618,0.127,0.22,0.296,0.191,0.244,0.124,0.186,0.663,0.719,0.105,0.663,0.663,0.129,0.683,0.498,0.275,0.683,0.683,0.155,0.243,0.016,0.016,0.005,0.027,0.015,0.332,0.008,0.343,0.265,0.466,0.491,0.327,0.015,0.244,0.317,0.489,0.36,0.318,0.007,0.129,0.348,0.007,0.031,0.388,0.701,0.389,0.011,0.2,0.583,0.512,0.003,0.632,0.583,0.526,0.487,0.592,0.347,0.526,0.245,0.526,0.583,0.571,0.549,0.277,0.682,0.436,0.24,0.37,0.57,0.656,0.69,0.73,0.226,0.733,0.42,0.317,0.513,0.378,0.888,0.905,0.645
0.208,0.208,0.17,0.17,0.721,0.793,0.12,0.146,0.725,0.088,0.146,0.156,0.112,0.721,0.156,0.146,0.112,0.721,0.707,0.112,0.338,0.145,0.338,0.094,0.112,0.12,0.094,0.146,0.143,0.088,0.143,0.145,0.218,0.174,0.142,0.174,0.6,0.142,0.218,0.6,0.151,0.174,0.446,0.805,0.174,0.6,0.584,0.446,0.828,0.446,0.583,0.168,0.696,0.212,0.487,0.212,0.212,0.298,0.298,0.298,0.109,0.487,0.212,0.487,0.696,0.109,0.121,0.77,0.121,0.641,0.641,0.641,0.133,0.762,0.877,0.141,0.838,0.439,0.876,0.838,0.218,0.762,0.705,0.212,0.739,0.705,0.876,0.145,0.232,0.559,0.762,0.843,0.145,0.208,0.673,0.705,0.282,0.673,0.673,0.144,0.656,0.82,0.389,0.656,0.656,0.422,0.124,0.877,0.877,0.883,0.657,0.975,0.533,0.98,0.211,0.487,0.023,0.785,0.606,0.975,0.127,0.604,0.024,0.451,0.246,0.92,0.501,0.967,0.92,0.851,0.556,0.742,0.523,0.779,0.012,0.825,0.979,0.919,0.992,0.825,0.849,0.027,0.818,0.77,0.849,0.008,0.849,0.825,0.833,0.89,0.916,0.917,0.715,0.006,0.752,0.825,0.742,0.922,0.835,0.867,0.823,0.717,0.733,0.802,0.786,0.856,0.899,0.878
0.326,0.326,0.309,0.309,0.413,0.595,0.175,0.151,0.602,0.066,0.151,0.152,0.139,0.413,0.152,0.151,0.139,0.413,0.169,0.139,0.342,0.084,0.342,0.127,0.139,0.175,0.127,0.151,0.149,0.066,0.149,0.084,0.634,0.154,0.12,0.154,0.399,0.12,0.634,0.399,0.718,0.154,0.219,0.243,0.154,0.399,0.099,0.219,0.011,0.219,0.543,0.679,0.017,0.661,0.66,0.661,0.657,0.485,0.485,0.485,0.129,0.66,0.657,0.66,0.017,0.129,0.179,0.016,0.179,0.243,0.243,0.243,0.671,0.579,0.308,0.599,0.106,0.04,0.128,0.106,0.498,0.579,0.087,0.369,0.016,0.087,0.128,0.595,0.472,0.038,0.579,0.281,0.612,0.364,0.257,0.087,0.485,0.257,0.257,0.611,0.249,0.24,0.044,0.249,0.249,0.04,0.533,0.649,0.649,0.665,0.654,0.523,0.149,0.586,0.299,0.042,0.044,0.21,0.22,0.523,0.545,0.194,0.09,0.221,0.406,0.771,0.036,0.609,0.771,0.929,0.266,0.049,0.316,0.8,0.053,0.199,0.81,0.754,0.497,0.199,0.229,0.093,0.129,0.534,0.229,0.063,0.229,0.199,0.131,0.558,0.695,0.676,0.79,0.065,0.801,0.151,0.912,0.603,0.976,0.684,0.976,0.867,0.704,0.828,0.748,0.897,0.862,0.788
0.05,0.05,0.048,0.048,0.023,0.151,0.059,0.04,0.155,0.041,0.04,0.058,0.04,0.023,0.058,0.04,0.04,0.023,0.11,0.04,0.055,0.041,0.055,0.037,0.04,0.059,0.037,0.04,0.038,0.041,0.038,0.041,0.038,0.088,0.11,0.088,0.064,0.11,0.038,0.064,0.258,0.088,0.14,0.2,0.088,0.064,0.258,0.14,0.153,0.14,0.351,0.263,0.068,0.02,0.071,0.02,0.02,0.287,0.287,0.287,0.107,0.071,0.02,0.071,0.068,0.107,0.117,0.143,0.117,0.196,0.196,0.196,0.369,0.438,0.163,0.121,0.135,0.353,0.057,0.135,0.177,0.438,0.2,0.174,0.211,0.2,0.057,0.12,0.202,0.54,0.438,0.31,0.118,0.174,0.178,0.2,0.589,0.178,0.178,0.116,0.12,0.102,0.445,0.12,0.12,0.365,0.158,0.607,0.607,0.65,0.831,0.502,0.144,0.531,0.232,0.607,0.642,0.177,0.191,0.502,0.153,0.181,0.772,0.162,0.295,0.304,0.358,0.402,0.304,0.705,0.279,0.249,0.241,0.47,0.634,0.4,0.425,0.371,0.212,0.4,0.344,0.849,0.916,0.095,0.344,0.671,0.344,0.4,0.919,0.129,0.111,0.149,0.255,0.512,0.245,0.923,0.439,0.158,0.401,0.129,0.4,0.281,0.279,0.278,0.294,0.558,0.633,0.498
0.102,0.102,0.12,0.12,0.584,0.588,0.114,0.073,0.63,0.056,0.073,0.092,0.074,0.584,0.092,0.073,0.074,0.584,0.757,0.074,0.135,0.067,0.135,0.07,0.074,0.114,0.07,0.073,0.058,0.056,0.058,0.067,0.186,0.092,0.115,0.092,0.553,0.115,0.186,0.553,0.595,0.092,0.25,0.518,0.092,0.553,0.837,0.25,0.42,0.25,0.776,0.735,0.182,0.196,0.397,0.196,0.199,0.128,0.128,0.128,0.059,0.397,0.199,0.397,0.182,0.059,0.084,0.332,0.084,0.059,0.059,0.059,0.914,0.494,0.555,0.637,0.076,0.495,0.122,0.076,0.619,0.494,0.204,0.751,0.338,0.204,0.122,0.629,0.61,0.541,0.494,0.524,0.592,0.766,0.065,0.204,0.975,0.065,0.065,0.579,0.081,0.135,0.482,0.081,0.081,0.482,0.528,0.705,0.705,0.36,0.571,0.97,0.355,0.971,0.709,0.526,0.485,0.088,0.395,0.97,0.487,0.396,0.392,0.319,0.652,0.857,0.531,0.963,0.857,0.991,0.378,0.252,0.377,0.875,0.369,0.479,0.94,0.733,0.966,0.479,0.423,0.43,0.807,0.967,0.423,0.374,0.423,0.479,0.782,0.935,0.971,0.91,0.964,0.414,0.936,0.89,0.756,0.919,0.904,0.967,0.895,0.952,0.911,0.893,0.881,0.607,0.571,0.898
0.482,0.482,0.472,0.472,0.823,0.848,0.315,0.413,0.809,0.571,0.413,0.323,0.451,0.823,0.323,0.413,0.451,0.823,0.216,0.451,0.431,0.592,0.431,0.486,0.451,0.315,0.486,0.413,0.44,0.571,0.44,0.592,0.549,0.424,0.33,0.424,0.433,0.33,0.549,0.433,0.872,0.424,0.391,0.244,0.424,0.433,0.405,0.391,0.293,0.391,0.878,0.886,0.957,0.504,0.893,0.504,0.514,0.849,0.849,0.849,0.607,0.893,0.514,0.893,0.957,0.607,0.446,0.255,0.446,0.864,0.864,0.864,0.992,0.479,0.286,0.936,0.793,0.164,0.768,0.793,0.99,0.479,0.975,0.954,0.236,0.975,0.768,0.933,0.989,0.152,0.479,0.267,0.925,0.954,0.907,0.975,0.06,0.907,0.907,0.925,0.861,0.891,0.164,0.861,0.861,0.218,0.95,0.145,0.145,0.178,0.036,0.234,0.885,0.242,0.962,0.136,0.572,0.923,0.907,0.234,0.934,0.87,0.584,0.841,0.996,0.148,0.178,0.101,0.148,0.427,0.89,0.977,0.89,0.025,0.097,0.902,0.098,0.191,0.123,0.902,0.905,0.295,0.691,0.024,0.905,0.087,0.905,0.902,0.669,0.016,0.022,0.026,0.076,0.083,0.115,0.622,0.213,0.027,0.198,0.024,0.198,0.085,0.094,0.116,0.094,0.261,0.274,0.271
0.243,0.243,0.401,0.401,0.381,0.26,0.337,0.136,0.26,0.203,0.136,0.201,0.26,0.381,0.201,0.136,0.26,0.381,0.049,0.26,0.274,0.104,0.274,0.261,0.26,0.337,0.261,0.136,0.159,0.203,0.159,0.104,0.179,0.163,0.268,0.163,0.558,0.268,0.179,0.558,0.572,0.163,0.357,0.521,0.163,0.558,0.044,0.357,0.631,0.357,0.259,0.972,0.373,0.152,0.464,0.152,0.151,0.264,0.264,0.264,0.08,0.464,0.151,0.464,0.373,0.08,0.136,0.678,0.136,0.248,0.248,0.248,0.568,0.17,0.623,0.68,0.242,0.514,0.24,0.242,0.634,0.17,0.448,0.754,0.653,0.448,0.24,0.698,0.609,0.458,0.17,0.618,0.665,0.721,0.242,0.448,0.084,0.242,0.242,0.658,0.24,0.337,0.539,0.24,0.24,0.386,0.733,0.208,0.208,0.196,0.163,0.527,0.644,0.578,0.884,0.475,0.226,0.365,0.725,0.527,0.682,0.725,0.236,0.596,0.651,0.185,0.339,0.509,0.185,0.493,0.706,0.411,0.733,0.147,0.405,0.247,0.553,0.178,0.63,0.247,0.159,0.171,0.451,0.155,0.159,0.433,0.159,0.247,0.419,0.155,0.132,0.13,0.415,0.384,0.336,0.378,0.446,0.123,0.4,0.134,0.394,0.452,0.363,0.326,0.331,0.559,0.559,0.577
0.256,0.256,0.234,0.234,0.155,0.539,0.558,0.593,0.543,0.398,0.593,0.698,0.476,0.155,0.698,0.593,0.476,0.155,0.674,0.476,0.386,0.433,0.386,0.405,0.476,0.558,0.405,0.593,0.567,0.398,0.567,0.433,0.876,0.509,0.757,0.509,0.143,0.757,0.876,0.143,0.723,0.509,0.198,0.233,0.509,0.143,0.626,0.198,0.369,0.198,0.341,0.888,0.55,0.879,0.098,0.879,0.879,0.3,0.3,0.3,0.449,0.098,0.879,0.098,0.55,0.449,0.497,0.343,0.497,0.376,0.376,0.376,0.852,0.412,0.218,0.685,0.258,0.524,0.171,0.258,0.731,0.412,0.565,0.697,0.33,0.565,0.171,0.714,0.719,0.523,0.412,0.334,0.667,0.637,0.102,0.565,0.336,0.102,0.102,0.667,0.07,0.243,0.572,0.07,0.07,0.626,0.755,0.12,0.12,0.165,0.094,0.158,0.88,0.331,0.646,0.606,0.543,0.393,0.774,0.158,0.732,0.789,0.363,0.862,0.733,0.072,0.599,0.78,0.072,0.115,0.836,0.659,0.828,0.1,0.404,0.558,0.779,0.109,0.93,0.558,0.37,0.353,0.784,0.825,0.37,0.328,0.37,0.558,0.777,0.618,0.665,0.677,0.9,0.398,0.901,0.698,0.824,0.683,0.772,0.621,0.774,0.984,0.772,0.919,0.78,0.876,0.883,0.762
0.006,0.006,0.009,0.009,0.953,0.879,0.022,0.031,0.898,0.009,0.031,0.018,0.026,0.953,0.018,0.031,0.026,0.953,0.639,0.026,0.009,0.014,0.009,0.023,0.026,0.022,0.023,0.031,0.028,0.009,0.028,0.014,0.037,0.015,0.013,0.015,0.353,0.013,0.037,0.353,0.122,0.015,0.262,0.916,0.015,0.353,0.307,0.262,0.165,0.262,0.932,0.067,0.922,0.066,0.631,0.066,0.071,0.633,0.633,0.633,0.007,0.631,0.071,0.631,0.922,0.007,0.014,0.134,0.014,0.945,0.945,0.945,0.231,0.853,0.638,0.087,0.905,0.099,0.89,0.905,0.132,0.853,0.952,0.171,0.152,0.952,0.89,0.088,0.177,0.099,0.853,0.788,0.085,0.17,0.865,0.952,0.96,0.865,0.865,0.092,0.895,0.911,0.097,0.895,0.895,0.101,0.11,0.471,0.471,0.464,0.329,0.977,0.666,0.973,0.191,0.099,0.438,0.861,0.691,0.977,0.11,0.697,0.572,0.736,0.197,0.569,0.089,0.893,0.569,0.954,0.712,0.942,0.71,0.334,0.246,0.893,0.976,0.554,0.969,0.893,0.931,0.34,0.402,0.735,0.931,0.176,0.931,0.893,0.397,0.853,0.763,0.767,0.983,0.239,0.992,0.372,0.766,0.791,0.886,0.74,0.852,0.978,0.995,0.983,0.992,0.898,0.949,0.92
0.757,0.757,0.777,0.777,0.919,0.849,0.973,0.991,0.837,0.933,0.991,0.997,0.986,0.919,0.997,0.991,0.986,0.919,0.76,0.986,0.914,0.96,0.914,0.98,0.986,0.973,0.98,0.991,0.994,0.933,0.994,0.96,0.793,0.992,0.998,0.992,0.206,0.998,0.793,0.206,0.07,0.992,0.252,0.691,0.992,0.206,0.776,0.252,0.191,0.252,0.765,0.062,0.966,0.793,0.117,0.793,0.736,0.14,0.14,0.14,0.895,0.117,0.736,0.117,0.966,0.895,0.975,0.165,0.975,0.992,0.992,0.992,0.079,0.928,0.465,0.062,0.812,0.103,0.748,0.812,0.06,0.928,0.884,0.062,0.159,0.884,0.748,0.063,0.055,0.096,0.928,0.488,0.058,0.072,0.956,0.884,0.959,0.956,0.956,0.059,0.906,0.901,0.12,0.906,0.906,0.071,0.052,0.461,0.461,0.389,0.681,0.887,0.662,0.888,0.074,0.092,0.758,0.925,0.54,0.887,0.053,0.538,0.581,0.57,0.052,0.416,0.064,0.596,0.416,0.928,0.519,0.989,0.524,0.64,0.144,0.84,0.547,0.329,0.415,0.84,0.689,0.679,0.884,0.628,0.689,0.238,0.689,0.84,0.881,0.433,0.463,0.316,0.471,0.241,0.615,0.857,0.825,0.336,0.803,0.443,0.807,0.587,0.599,0.567,0.541,0.485,0.476,0.439
0.526,0.526,0.512,0.512,0.758,0.1,0.369,0.312,0.101,0.277,0.312,0.39,0.298,0.758,0.39,0.312,0.298,0.758,0.141,0.298,0.632,0.308,0.632,0.303,0.298,0.369,0.303,0.312,0.31,0.277,0.31,0.308,0.19,0.396,0.548,0.396,0.362,0.548,0.19,0.362,0.268,0.396,0.57,0.799,0.396,0.362,0.278,0.57,0.895,0.57,0.115,0.26,0.986,0.174,0.434,0.174,0.171,0.713,0.713,0.713,0.333,0.434,0.171,0.434,0.986,0.333,0.422,0.944,0.422,0.934,0.934,0.934,0.302,0.764,0.755,0.199,0.651,0.925,0.531,0.651,0.349,0.764,0.94,0.279,0.94,0.94,0.531,0.206,0.32,0.953,0.764,0.815,0.211,0.278,0.542,0.94,0.045,0.542,0.542,0.208,0.454,0.443,0.947,0.454,0.454,0.961,0.273,0.448,0.448,0.493,0.566,0.363,0.933,0.38,0.347,0.971,0.895,0.509,0.912,0.363,0.296,0.914,0.825,0.894,0.334,0.234,0.931,0.793,0.234,0.312,0.817,0.96,0.847,0.347,0.961,0.741,0.89,0.267,0.644,0.741,0.688,0.96,0.069,0.773,0.688,0.988,0.688,0.741,0.065,0.758,0.754,0.845,0.855,0.999,0.759,0.075,0.994,0.835,0.996,0.849,0.992,0.821,0.794,0.761,0.734,0.98,0.99,0.986
0.607,0.607,0.582,0.582,0.578,0.65,0.573,0.908,0.594,0.843,0.908,0.546,0.903,0.578,0.546,0.908,0.903,0.578,0.489,0.903,0.443,0.866,0.443,0.876,0.903,0.573,0.876,0.908,0.888,0.843,0.888,0.866,0.625,0.91,0.528,0.91,0.516,0.528,0.625,0.516,0.765,0.91,0.523,0.855,0.91,0.516,0.503,0.523,0.711,0.523,0.369,0.772,0.137,0.677,0.584,0.677,0.658,0.544,0.544,0.544,0.8,0.584,0.658,0.584,0.137,0.8,0.89,0.933,0.89,0.309,0.309,0.309,0.894,0.626,0.903,0.949,0.274,0.864,0.253,0.274,0.997,0.626,0.36,0.972,0.891,0.36,0.253,0.95,0.997,0.858,0.626,0.941,0.929,0.966,0.171,0.36,0.26,0.171,0.171,0.935,0.199,0.492,0.845,0.199,0.199,0.856,0.917,0.571,0.571,0.539,0.073,0.629,0.593,0.572,0.938,0.794,0.914,0.462,0.577,0.629,0.878,0.511,0.914,0.78,0.993,0.61,0.876,0.235,0.61,0.416,0.821,0.61,0.808,0.119,0.884,0.329,0.155,0.672,0.321,0.329,0.391,0.967,0.41,0.101,0.391,0.926,0.391,0.329,0.412,0.146,0.121,0.185,0.299,0.916,0.346,0.466,0.801,0.142,0.463,0.141,0.487,0.311,0.277,0.339,0.258,0.08,0.056,0.24
0.204,0.204,0.18,0.18,0.77,0.738,0.191,0.192,0.753,0.105,0.192,0.23,0.127,0.77,0.23,0.192,0.127,0.77,0.01,0.127,0.184,0.153,0.184,0.141,0.127,0.191,0.141,0.192,0.208,0.105,0.208,0.153,0.081,0.104,0.216,0.104,0.183,0.216,0.081,0.183,0.501,0.104,0.113,0.11,0.104,0.183,0.016,0.113,0.255,0.113,0.746,0.506,0.249,0.13,0.524,0.13,0.134,0.417,0.417,0.417,0.112,0.524,0.134,0.524,0.249,0.112,0.12,0.388,0.12,0.146,0.146,0.146,0.653,0.737,0.161,0.221,0.302,0.923,0.286,0.302,0.345,0.737,0.509,0.318,0.455,0.509,0.286,0.216,0.341,0.937,0.737,0.18,0.221,0.334,0.259,0.509,0.419,0.259,0.259,0.221,0.255,0.556,0.911,0.255,0.255,0.863,0.187,0.137,0.137,0.167,0.161,0.531,0.912,0.651,0.298,0.901,0.051,0.544,0.918,0.531,0.185,0.918,0.036,0.843,0.261,0.227,0.869,0.496,0.227,0.409,0.778,0.403,0.775,0.272,0.402,0.445,0.474,0.255,0.553,0.445,0.475,0.08,0.662,0.431,0.475,0.408,0.475,0.445,0.659,0.333,0.42,0.16,0.812,0.396,0.838,0.696,0.451,0.13,0.461,0.336,0.472,0.834,0.795,0.841,0.837,0.364,0.371,0.562
0.259,0.259,0.196,0.196,0.925,0.511,0.353,0.671,0.482,0.545,0.671,0.394,0.543,0.925,0.394,0.671,0.543,0.925,0.658,0.543,0.168,0.575,0.168,0.584,0.543,0.353,0.584,0.671,0.663,0.545,0.663,0.575,0.289,0.559,0.405,0.559,0.895,0.405,0.289,0.895,0.164,0.559,0.756,0.279,0.559,0.895,0.536,0.756,0.099,0.756,0.802,0.153,0.858,0.321,0.943,0.321,0.312,0.892,0.892,0.892,0.58,0.943,0.312,0.943,0.858,0.58,0.538,0.149,0.538,0.897,0.897,0.897,0.084,0.873,0.257,0.267,0.823,0.001,0.874,0.823,0.224,0.873,0.882,0.249,0.128,0.882,0.874,0.267,0.228,0.001,0.873,0.258,0.279,0.235,0.864,0.882,0.283,0.864,0.864,0.274,0.916,0.882,0.001,0.916,0.916,0.002,0.197,0.354,0.354,0.301,0.17,0.39,0.561,0.339,0.195,0.001,0.013,0.823,0.504,0.39,0.205,0.465,0.01,0.613,0.185,0.407,0.002,0.666,0.407,0.185,0.582,0.858,0.619,0.167,0.003,0.874,0.613,0.366,0.79,0.874,0.896,0.01,0.601,0.28,0.896,0.002,0.896,0.874,0.593,0.7,0.215,0.663,0.362,0.003,0.367,0.611,0.646,0.661,0.418,0.205,0.411,0.402,0.308,0.366,0.308,0.76,0.763,0.865
0.375,0.375,0.463,0.463,0.216,0.896,0.308,0.167,0.882,0.214,0.167,0.283,0.218,0.216,0.283,0.167,0.218,0.216,0.635,0.218,0.333,0.157,0.333,0.24,0.218,0.308,0.24,0.167,0.198,0.214,0.198,0.157,0.137,0.193,0.284,0.193,0.181,0.284,0.137,0.181,0.928,0.193,0.109,0.804,0.193,0.181,0.585,0.109,0.266,0.109,0.763,0.938,0.014,0.089,0.14,0.089,0.088,0.066,0.066,0.066,0.147,0.14,0.088,0.14,0.014,0.147,0.129,0.32,0.129,0.044,0.044,0.044,0.753,0.091,0.886,0.942,0.018,0.57,0.021,0.018,0.954,0.091,0.097,0.874,0.323,0.097,0.021,0.941,0.948,0.365,0.091,0.885,0.936,0.869,0.506,0.097,0.399,0.506,0.506,0.937,0.575,0.171,0.498,0.575,0.575,0.502,0.958,0.158,0.158,0.181,0.317,0.167,0.492,0.135,0.84,0.322,0.15,0.166,0.454,0.167,0.956,0.461,0.147,0.624,0.92,0.244,0.296,0.441,0.244,0.248,0.598,0.235,0.594,0.344,0.186,0.009,0.444,0.264,0.469,0.009,0.012,0.211,0.459,0.157,0.012,0.227,0.012,0.009,0.455,0.198,0.327,0.336,0.533,0.269,0.47,0.345,0.628,0.322,0.622,0.307,0.615,0.48,0.515,0.472,0.521,0.606,0.587,0.751
0.365,0.365,0.372,0.372,0.223,0.754,0.296,0.243,0.923,0.191,0.243,0.291,0.225,0.223,0.291,0.243,0.225,0.223,0.81,0.225,0.445,0.161,0.445,0.214,0.225,0.296,0.214,0.243,0.239,0.191,0.239,0.161,0.12,0.272,0.324,0.272,0.49,0.324,0.12,0.49,0.707,0.272,0.648,0.594,0.272,0.49,0.629,0.648,0.792,0.648,0.721,0.511,0.675,0.07,0.45,0.07,0.07,0.698,0.698,0.698,0.203,0.45,0.07,0.45,0.675,0.203,0.256,0.751,0.256,0.357,0.357,0.357,0.569,0.644,0.537,0.187,0.669,0.497,0.551,0.669,0.289,0.644,0.574,0.259,0.831,0.574,0.551,0.173,0.323,0.469,0.644,0.538,0.177,0.247,0.716,0.574,0.622,0.716,0.716,0.178,0.619,0.209,0.485,0.619,0.619,0.616,0.199,0.871,0.871,0.716,0.801,0.924,0.491,0.867,0.254,0.36,0.593,0.266,0.503,0.924,0.202,0.611,0.561,0.566,0.297,0.941,0.454,0.455,0.941,0.938,0.479,0.323,0.487,0.851,0.439,0.357,0.302,0.816,0.306,0.357,0.289,0.419,0.61,0.441,0.289,0.739,0.289,0.357,0.625,0.521,0.611,0.422,0.414,0.501,0.497,0.797,0.536,0.463,0.648,0.68,0.743,0.367,0.514,0.379,0.396,0.66,0.611,0.781
0.715,0.715,0.707,0.707,0.219,0.244,0.611,0.841,0.441,0.596,0.841,0.755,0.821,0.219,0.755,0.841,0.821,0.219,0.601,0.821,0.589,0.659,0.589,0.761,0.821,0.611,0.761,0.841,0.78,0.596,0.78,0.659,0.431,0.846,0.794,0.846,0.028,0.794,0.431,0.028,0.376,0.846,0.002,0.909,0.846,0.028,0.313,0.002,0.731,0.002,0.524,0.406,0.088,0.443,0.092,0.443,0.445,0.019,0.019,0.019,0.658,0.092,0.445,0.092,0.088,0.658,0.793,0.792,0.793,0.554,0.554,0.554,0.452,0.101,0.999,0.716,0.092,0.756,0.015,0.092,0.885,0.101,0.053,0.85,0.764,0.053,0.015,0.695,0.896,0.588,0.101,0.961,0.727,0.826,0.258,0.053,0.806,0.258,0.258,0.706,0.168,0.027,0.57,0.168,0.168,0.769,0.687,0.077,0.077,0.101,0.127,0.182,0.633,0.255,0.782,0.392,0.851,0.034,0.594,0.182,0.681,0.555,0.847,0.569,0.914,0.09,0.792,0.599,0.09,0.426,0.555,0.305,0.542,0.173,0.895,0.035,0.577,0.116,0.618,0.035,0.001,0.8,0.052,0.308,0.001,0.806,0.001,0.035,0.047,0.151,0.355,0.282,0.476,0.746,0.352,0.025,0.648,0.232,0.658,0.204,0.679,0.416,0.342,0.343,0.363,0.755,0.665,0.756
0.07,0.07,0.07,0.07,0.059,0.28,0.062,0.918,0.268,0.917,0.918,0.074,0.947,0.059,0.074,0.918,0.947,0.059,0.632,0.947,0.032,0.958,0.032,0.905,0.947,0.062,0.905,0.918,0.861,0.917,0.861,0.958,0.535,0.979,0.027,0.979,0.641,0.027,0.535,0.641,0.476,0.979,0.536,0.328,0.979,0.641,0.668,0.536,0.181,0.536,0.379,0.463,0.382,0.456,0.587,0.456,0.452,0.662,0.662,0.662,0.971,0.587,0.452,0.587,0.382,0.971,0.908,0.121,0.908,0.488,0.488,0.488,0.445,0.161,0.431,0.307,0.126,0.621,0.205,0.126,0.361,0.161,0.558,0.368,0.118,0.558,0.205,0.314,0.377,0.538,0.161,0.414,0.258,0.361,0.505,0.558,0.095,0.505,0.505,0.264,0.621,0.238,0.515,0.621,0.621,0.492,0.275,0.514,0.514,0.523,0.581,0.33,0.565,0.321,0.35,0.571,0.557,0.185,0.403,0.33,0.285,0.383,0.461,0.488,0.419,0.58,0.331,0.341,0.58,0.308,0.44,0.462,0.424,0.532,0.396,0.159,0.466,0.552,0.456,0.159,0.251,0.348,0.233,0.253,0.251,0.792,0.251,0.159,0.262,0.272,0.288,0.271,0.154,0.717,0.045,0.22,0.419,0.293,0.044,0.181,0.039,0.144,0.05,0.059,0.063,0.068,0.076,0.608
0.462,0.462,0.46,0.46,0.993,0.102,0.709,0.455,0.133,0.46,0.455,0.61,0.574,0.993,0.61,0.455,0.574,0.993,0.877,0.574,0.487,0.412,0.487,0.559,0.574,0.709,0.559,0.455,0.427,0.46,0.427,0.412,0.458,0.484,0.582,0.484,0.981,0.582,0.458,0.981,0.176,0.484,0.977,0.294,0.484,0.981,0.854,0.977,0.295,0.977,0.12,0.122,0.989,0.683,0.978,0.683,0.651,0.974,0.974,0.974,0.416,0.978,0.651,0.978,0.989,0.416,0.43,0.252,0.43,0.98,0.98,0.98,0.175,0.986,0.415,0.272,0.963,0.442,0.977,0.963,0.346,0.986,0.998,0.265,0.263,0.998,0.977,0.277,0.344,0.322,0.986,0.434,0.28,0.273,0.973,0.998,0.75,0.973,0.973,0.279,0.989,0.987,0.463,0.989,0.989,0.311,0.325,0.455,0.455,0.251,0.108,0.15,0.587,0.136,0.251,0.343,0.508,0.984,0.572,0.15,0.351,0.57,0.499,0.419,0.386,0.451,0.225,0.647,0.451,0.151,0.374,0.995,0.381,0.099,0.528,0.972,0.495,0.265,0.715,0.972,0.976,0.357,0.456,0.658,0.976,0.367,0.976,0.972,0.422,0.827,0.272,0.727,0.793,0.374,0.799,0.483,0.874,0.841,0.847,0.513,0.877,0.812,0.771,0.768,0.728,0.971,0.932,0.968
0.241,0.241,0.266,0.266,0.93,0.59,0.301,0.171,0.658,0.189,0.171,0.194,0.243,0.93,0.194,0.171,0.243,0.93,0.52,0.243,0.26,0.151,0.26,0.244,0.243,0.301,0.244,0.171,0.185,0.189,0.185,0.151,0.213,0.215,0.271,0.215,0.094,0.271,0.213,0.094,0.451,0.215,0.061,0.83,0.215,0.094,0.605,0.061,0.953,0.061,0.526,0.462,0.229,0.185,0.078,0.185,0.184,0.04,0.04,0.04,0.102,0.078,0.184,0.078,0.229,0.102,0.22,0.946,0.22,0.207,0.207,0.207,0.347,0.929,0.821,0.239,0.224,0.269,0.4,0.224,0.432,0.929,0.168,0.35,0.933,0.168,0.4,0.245,0.434,0.361,0.929,0.739,0.23,0.363,0.224,0.168,0.671,0.224,0.224,0.231,0.207,0.305,0.243,0.207,0.207,0.257,0.3,0.49,0.49,0.71,0.13,0.984,0.28,0.987,0.42,0.243,0.601,0.44,0.208,0.984,0.295,0.229,0.64,0.326,0.391,0.565,0.255,0.704,0.565,0.511,0.22,0.328,0.24,0.104,0.172,0.143,0.641,0.735,0.818,0.143,0.255,0.206,0.619,0.379,0.255,0.249,0.255,0.143,0.63,0.367,0.409,0.464,0.263,0.229,0.221,0.642,0.362,0.609,0.321,0.36,0.368,0.272,0.238,0.187,0.193,0.331,0.32,0.391
0.446,0.446,0.529,0.529,0.749,0.523,0.381,0.272,0.503,0.273,0.272,0.343,0.274,0.749,0.343,0.272,0.274,0.749,0.453,0.274,0.366,0.204,0.366,0.268,0.274,0.381,0.268,0.272,0.258,0.273,0.258,0.204,0.125,0.256,0.318,0.256,0.157,0.318,0.125,0.157,0.636,0.256,0.152,0.078,0.256,0.157,0.256,0.152,0.285,0.152,0.38,0.442,0.562,0.083,0.246,0.083,0.084,0.295,0.295,0.295,0.206,0.246,0.084,0.246,0.562,0.206,0.25,0.302,0.25,0.398,0.398,0.398,0.839,0.77,0.091,0.569,0.548,0.251,0.517,0.548,0.793,0.77,0.287,0.725,0.301,0.287,0.517,0.565,0.799,0.268,0.77,0.087,0.586,0.736,0.173,0.287,0.921,0.173,0.173,0.606,0.172,0.268,0.209,0.172,0.172,0.233,0.524,0.098,0.098,0.152,0.118,0.425,0.077,0.568,0.7,0.185,0.126,0.325,0.082,0.425,0.581,0.082,0.284,0.099,0.728,0.114,0.277,0.881,0.114,0.703,0.106,0.273,0.106,0.133,0.314,0.347,0.817,0.164,0.936,0.347,0.285,0.311,0.994,0.574,0.285,0.184,0.285,0.347,0.994,0.503,0.519,0.702,0.407,0.16,0.375,1.0,0.477,0.695,0.387,0.611,0.426,0.447,0.373,0.353,0.364,0.553,0.46,0.71
0.026,0.026,0.026,0.026,0.615,0.936,0.016,0.019,0.949,0.018,0.019,0.014,0.025,0.615,0.014,0.019,0.025,0.615,0.768,0.025,0.028,0.016,0.028,0.022,0.025,0.016,0.022,0.019,0.016,0.018,0.016,0.016,0.05,0.023,0.022,0.023,0.734,0.022,0.05,0.734,0.123,0.023,0.742,0.208,0.023,0.734,0.773,0.742,0.495,0.742,0.968,0.126,0.679,0.063,0.814,0.063,0.067,0.821,0.821,0.821,0.033,0.814,0.067,0.814,0.679,0.033,0.019,0.573,0.019,0.774,0.774,0.774,0.145,0.546,0.212,0.115,0.863,0.86,0.856,0.863,0.155,0.546,0.507,0.165,0.598,0.507,0.856,0.114,0.198,0.689,0.546,0.214,0.119,0.163,0.79,0.507,0.274,0.79,0.79,0.118,0.718,0.898,0.875,0.718,0.718,0.655,0.142,0.199,0.199,0.183,0.532,0.247,0.969,0.231,0.21,0.723,0.721,0.957,0.97,0.247,0.154,0.94,0.776,0.816,0.218,0.196,0.333,0.816,0.196,0.252,0.866,0.877,0.825,0.489,0.546,0.909,0.748,0.188,0.774,0.909,0.867,0.738,0.816,0.695,0.867,0.773,0.867,0.909,0.83,0.921,0.818,0.935,0.57,0.779,0.546,0.843,0.616,0.93,0.521,0.79,0.588,0.563,0.539,0.54,0.524,0.924,0.929,0.547
0.915,0.915,0.886,0.886,0.268,0.156,0.938,0.962,0.153,0.92,0.962,0.93,0.963,0.268,0.93,0.962,0.963,0.268,0.181,0.963,0.875,0.939,0.875,0.996,0.963,0.938,0.996,0.962,0.995,0.92,0.995,0.939,0.572,0.972,0.953,0.972,0.058,0.953,0.572,0.058,0.015,0.972,0.07,0.277,0.972,0.058,0.158,0.07,0.736,0.07,0.136,0.013,0.108,0.696,0.037,0.696,0.7,0.078,0.078,0.078,0.919,0.037,0.7,0.037,0.108,0.919,0.997,0.796,0.997,0.095,0.095,0.095,0.015,0.154,0.403,0.005,0.033,0.994,0.053,0.033,0.009,0.154,0.105,0.008,0.75,0.105,0.053,0.005,0.01,0.987,0.154,0.44,0.006,0.008,0.01,0.105,0.156,0.01,0.01,0.007,0.015,0.264,0.989,0.015,0.015,0.951,0.005,0.247,0.247,0.166,0.467,0.222,0.109,0.107,0.008,0.994,0.858,0.263,0.139,0.222,0.007,0.13,0.878,0.202,0.006,0.262,0.97,0.359,0.262,0.649,0.157,0.274,0.144,0.199,0.699,0.131,0.439,0.18,0.523,0.131,0.134,0.701,0.481,0.408,0.134,0.859,0.134,0.131,0.499,0.314,0.291,0.393,0.568,0.816,0.719,0.476,0.672,0.383,0.814,0.304,0.805,0.698,0.586,0.733,0.596,0.911,0.896,0.749
0.811,0.811,0.891,0.891,0.983,0.235,0.744,0.526,0.235,0.584,0.526,0.651,0.686,0.983,0.651,0.526,0.686,0.983,0.617,0.686,0.557,0.541,0.557,0.672,0.686,0.744,0.672,0.526,0.523,0.584,0.523,0.541,0.618,0.372,0.551,0.372,0.881,0.551,0.618,0.881,0.793,0.372,0.904,0.834,0.372,0.881,0.826,0.904,0.898,0.904,0.169,0.851,0.971,0.567,0.809,0.567,0.542,0.865,0.865,0.865,0.364,0.809,0.542,0.809,0.971,0.364,0.36,0.955,0.36,0.942,0.942,0.942,0.657,0.98,0.781,0.992,0.443,0.945,0.458,0.443,0.531,0.98,0.993,0.995,0.966,0.993,0.458,0.996,0.55,0.91,0.98,0.736,0.99,0.993,0.396,0.993,0.516,0.396,0.396,0.991,0.447,0.722,0.955,0.447,0.447,0.978,0.996,0.364,0.364,0.333,0.422,0.196,0.973,0.207,0.994,0.942,0.977,0.722,0.984,0.196,0.993,0.984,0.964,0.964,0.377,0.218,0.952,0.576,0.218,0.577,0.941,0.984,0.945,0.361,0.753,0.635,0.569,0.261,0.634,0.635,0.619,0.687,0.823,0.325,0.619,0.8,0.619,0.635,0.826,0.364,0.445,0.637,0.041,0.743,0.025,0.765,0.026,0.608,0.079,0.412,0.065,0.054,0.033,0.034,0.032,0.026,0.043,0.034
0.531,0.531,0.503,0.503,0.665,0.686,0.35,0.301,0.646,0.202,0.301,0.366,0.269,0.665,0.366,0.301,0.269,0.665,0.977,0.269,0.463,0.232,0.463,0.262,0.269,0.35,0.262,0.301,0.293,0.202,0.293,0.232,0.324,0.287,0.335,0.287,0.839,0.335,0.324,0.839,0.653,0.287,0.617,0.49,0.287,0.839,0.936,0.617,0.879,0.617,0.45,0.499,0.549,0.347,0.874,0.347,0.348,0.623,0.623,0.623,0.232,0.874,0.348,0.874,0.549,0.232,0.283,0.941,0.283,0.618,0.618,0.618,0.752,0.481,0.602,0.58,0.916,0.895,0.91,0.916,0.779,0.481,0.69,0.773,0.93,0.69,0.91,0.656,0.796,0.885,0.481,0.595,0.614,0.707,0.738,0.69,0.674,0.738,0.738,0.649,0.679,0.939,0.892,0.679,0.679,0.862,0.52,0.786,0.786,0.915,0.955,0.42,0.188,0.467,0.68,0.863,0.834,0.932,0.234,0.42,0.489,0.214,0.691,0.199,0.724,0.944,0.87,0.563,0.944,0.927,0.213,0.606,0.23,0.991,0.72,0.939,0.504,0.993,0.529,0.939,0.953,0.834,0.669,0.649,0.953,0.621,0.953,0.939,0.676,0.453,0.581,0.563,0.742,0.684,0.832,0.725,0.29,0.539,0.091,0.557,0.094,0.775,0.729,0.784,0.706,0.157,0.144,0.364
0.693,0.693,0.657,0.657,0.531,0.407,0.73,0.657,0.442,0.421,0.657,0.82,0.632,0.531,0.82,0.657,0.632,0.531,0.478,0.632,0.763,0.451,0.763,0.588,0.632,0.73,0.588,0.657,0.614,0.421,0.614,0.451,0.842,0.708,0.83,0.708,0.124,0.83,0.842,0.124,0.198,0.708,0.119,0.815,0.708,0.124,0.574,0.119,0.63,0.119,0.256,0.208,0.702,0.808,0.087,0.808,0.813,0.073,0.073,0.073,0.446,0.087,0.813,0.087,0.702,0.446,0.719,0.568,0.719,0.676,0.676,0.676,0.121,0.428,0.673,0.56,0.546,0.115,0.819,0.546,0.445,0.428,0.304,0.327,0.544,0.304,0.819,0.564,0.415,0.121,0.428,0.779,0.567,0.327,0.732,0.304,0.995,0.732,0.732,0.573,0.67,0.219,0.111,0.67,0.67,0.159,0.604,0.479,0.479,0.442,0.697,0.72,0.228,0.62,0.275,0.118,0.449,0.171,0.143,0.72,0.618,0.169,0.465,0.169,0.338,0.482,0.175,0.851,0.482,0.638,0.119,0.154,0.136,0.709,0.197,0.342,0.975,0.471,0.928,0.342,0.434,0.489,0.369,0.453,0.434,0.129,0.434,0.342,0.37,0.629,0.455,0.64,0.965,0.123,0.884,0.382,0.769,0.641,0.717,0.417,0.715,0.96,0.863,0.973,0.941,0.914,0.869,0.947
0.324,0.324,0.347,0.347,0.29,0.477,0.824,0.612,0.389,0.538,0.612,0.847,0.59,0.29,0.847,0.612,0.59,0.29,0.274,0.59,0.458,0.468,0.458,0.61,0.59,0.824,0.61,0.612,0.584,0.538,0.584,0.468,0.757,0.723,0.813,0.723,0.123,0.813,0.757,0.123,0.722,0.723,0.398,0.389,0.723,0.123,0.197,0.398,0.122,0.398,0.698,0.7,0.308,0.686,0.146,0.686,0.679,0.403,0.403,0.403,0.473,0.146,0.679,0.146,0.308,0.473,0.715,0.158,0.715,0.348,0.348,0.348,0.715,0.463,0.444,0.566,0.314,0.309,0.366,0.314,0.659,0.463,0.332,0.682,0.143,0.332,0.366,0.59,0.594,0.329,0.463,0.426,0.569,0.667,0.202,0.332,0.839,0.202,0.202,0.603,0.221,0.709,0.203,0.221,0.221,0.409,0.55,0.557,0.557,0.554,0.702,0.765,0.454,0.748,0.664,0.259,0.42,0.626,0.44,0.765,0.533,0.436,0.533,0.779,0.574,0.532,0.54,0.255,0.532,0.558,0.721,0.634,0.642,0.781,0.571,0.506,0.219,0.523,0.297,0.506,0.568,0.664,0.84,0.226,0.568,0.565,0.568,0.506,0.852,0.889,0.329,0.7,0.292,0.518,0.26,0.842,0.137,0.651,0.133,0.248,0.151,0.273,0.254,0.248,0.244,0.186,0.246,0.14
0.315,0.315,0.25,0.25,0.926,0.956,0.174,0.177,0.958,0.097,0.177,0.215,0.135,0.926,0.215,0.177,0.135,0.926,0.927,0.135,0.123,0.137,0.123,0.123,0.135,0.174,0.123,0.177,0.199,0.097,0.199,0.137,0.106,0.07,0.13,0.07,0.721,0.13,0.106,0.721,0.709,0.07,0.773,0.928,0.07,0.721,0.601,0.773,0.659,0.773,0.959,0.439,0.88,0.184,0.61,0.184,0.191,0.648,0.648,0.648,0.068,0.61,0.191,0.61,0.88,0.068,0.08,0.737,0.08,0.844,0.844,0.844,0.665,0.914,0.63,0.351,0.704,0.565,0.802,0.704,0.541,0.914,0.716,0.479,0.825,0.716,0.802,0.348,0.384,0.622,0.914,0.81,0.367,0.472,0.463,0.716,0.967,0.463,0.463,0.366,0.616,0.43,0.494,0.616,0.616,0.714,0.332,0.866,0.866,0.876,0.511,0.972,0.333,0.974,0.422,0.524,0.476,0.449,0.305,0.972,0.38,0.312,0.588,0.388,0.349,0.853,0.768,0.958,0.853,0.497,0.413,0.45,0.433,0.53,0.344,0.722,0.942,0.871,0.977,0.722,0.714,0.646,0.512,0.911,0.714,0.354,0.714,0.722,0.522,0.888,0.907,0.936,0.629,0.3,0.479,0.589,0.599,0.929,0.611,0.881,0.676,0.53,0.484,0.499,0.56,0.5,0.51,0.545
0.294,0.294,0.315,0.315,0.45,0.321,0.276,0.15,0.313,0.145,0.15,0.275,0.183,0.45,0.275,0.15,0.183,0.45,0.365,0.183,0.204,0.121,0.204,0.187,0.183,0.276,0.187,0.15,0.145,0.145,0.145,0.121,0.922,0.127,0.207,0.127,0.342,0.207,0.922,0.342,0.207,0.127,0.302,0.216,0.127,0.342,0.326,0.302,0.177,0.302,0.275,0.203,0.742,0.968,0.52,0.968,0.979,0.354,0.354,0.354,0.121,0.52,0.979,0.52,0.742,0.121,0.058,0.276,0.058,0.914,0.914,0.914,0.278,0.407,0.264,0.381,0.768,0.18,0.761,0.768,0.413,0.407,0.205,0.374,0.258,0.205,0.761,0.386,0.416,0.272,0.407,0.245,0.392,0.362,0.741,0.205,0.424,0.741,0.741,0.403,0.796,0.608,0.173,0.796,0.796,0.297,0.47,0.282,0.282,0.288,0.031,0.26,0.395,0.363,0.403,0.249,0.384,0.607,0.394,0.26,0.481,0.412,0.283,0.288,0.443,0.313,0.364,0.019,0.313,0.069,0.293,0.611,0.293,0.037,0.296,0.167,0.023,0.336,0.009,0.167,0.178,0.379,0.349,0.017,0.178,0.266,0.178,0.167,0.346,0.023,0.021,0.015,0.039,0.27,0.124,0.362,0.18,0.015,0.231,0.017,0.233,0.023,0.133,0.111,0.1,0.135,0.138,0.163
0.779,0.779,0.626,0.626,0.733,0.625,0.596,0.855,0.627,0.723,0.855,0.671,0.869,0.733,0.671,0.855,0.869,0.733,0.911,0.869,0.639,0.711,0.639,0.84,0.869,0.596,0.84,0.855,0.886,0.723,0.886,0.711,0.52,0.619,0.51,0.619,0.94,0.51,0.52,0.94,0.907,0.619,0.914,0.452,0.619,0.94,0.881,0.914,0.635,0.914,0.56,0.905,0.848,0.402,0.969,0.402,0.377,0.912,0.912,0.912,0.611,0.969,0.377,0.969,0.848,0.611,0.623,0.563,0.623,0.755,0.755,0.755,0.849,0.383,0.49,0.667,0.869,0.705,0.852,0.869,0.704,0.383,0.812,0.589,0.413,0.812,0.852,0.655,0.614,0.629,0.383,0.435,0.676,0.63,0.448,0.812,0.061,0.448,0.448,0.672,0.448,0.544,0.598,0.448,0.448,0.79,0.584,0.932,0.932,0.95,0.712,0.613,0.796,0.819,0.527,0.509,0.971,0.528,0.793,0.613,0.588,0.795,0.953,0.672,0.62,0.963,0.806,0.185,0.963,0.441,0.691,0.614,0.687,0.676,0.921,0.759,0.251,0.948,0.102,0.759,0.712,0.851,0.317,0.029,0.712,0.887,0.712,0.759,0.319,0.045,0.06,0.053,0.217,0.818,0.301,0.315,0.277,0.055,0.345,0.057,0.33,0.22,0.31,0.346,0.316,0.574,0.579,0.4
0.611,0.611,0.581,0.581,0.879,0.599,0.683,0.766,0.512,0.461,0.766,0.802,0.666,0.879,0.802,0.766,0.666,0.879,0.417,0.666,0.835,0.471,0.835,0.649,0.666,0.683,0.649,0.766,0.741,0.461,0.741,0.471,0.319,0.737,0.733,0.737,0.004,0.733,0.319,0.004,0.471,0.737,0.006,0.46,0.737,0.004,0.317,0.006,0.428,0.006,0.557,0.433,0.649,0.26,0.006,0.26,0.246,0.009,0.009,0.009,0.581,0.006,0.246,0.006,0.649,0.581,0.72,0.241,0.72,0.317,0.317,0.317,0.253,0.934,0.427,0.466,0.046,0.112,0.041,0.046,0.429,0.934,0.502,0.509,0.246,0.502,0.041,0.379,0.417,0.184,0.934,0.321,0.442,0.581,0.083,0.502,0.679,0.083,0.083,0.364,0.08,0.02,0.163,0.08,0.08,0.232,0.48,0.009,0.009,0.01,0.01,0.892,0.227,0.95,0.644,0.153,0.251,0.022,0.264,0.892,0.449,0.296,0.335,0.52,0.409,0.008,0.179,0.048,0.008,0.227,0.416,0.541,0.468,0.019,0.235,0.006,0.058,0.015,0.044,0.006,0.007,0.21,0.546,0.856,0.007,0.286,0.007,0.006,0.536,0.438,0.527,0.235,0.101,0.193,0.131,0.433,0.198,0.244,0.238,0.542,0.244,0.12,0.129,0.121,0.124,0.145,0.142,0.127
0.184,0.184,0.238,0.238,0.473,0.618,0.773,0.516,0.676,0.511,0.516,0.7,0.615,0.473,0.7,0.516,0.615,0.473,0.045,0.615,0.403,0.478,0.403,0.45,0.615,0.773,0.45,0.516,0.388,0.511,0.388,0.478,0.575,0.427,0.523,0.427,0.327,0.523,0.575,0.327,0.84,0.427,0.234,0.048,0.427,0.327,0.075,0.234,0.149,0.234,0.883,0.807,0.595,0.576,0.341,0.576,0.579,0.263,0.263,0.263,0.5,0.341,0.579,0.341,0.595,0.5,0.445,0.116,0.445,0.963,0.963,0.963,0.718,0.492,0.063,0.581,0.429,0.286,0.474,0.429,0.827,0.492,0.407,0.711,0.114,0.407,0.474,0.577,0.871,0.246,0.492,0.061,0.576,0.739,0.883,0.407,0.11,0.883,0.883,0.578,0.89,0.391,0.333,0.89,0.89,0.339,0.585,0.021,0.021,0.012,0.232,0.191,0.099,0.059,0.698,0.284,0.361,0.416,0.098,0.191,0.582,0.099,0.261,0.105,0.751,0.018,0.347,0.602,0.018,0.229,0.104,0.452,0.105,0.137,0.293,0.521,0.5,0.011,0.36,0.521,0.499,0.389,0.521,0.188,0.499,0.393,0.499,0.521,0.516,0.278,0.303,0.425,0.56,0.278,0.772,0.596,0.043,0.501,0.082,0.354,0.074,0.586,0.737,0.798,0.755,0.106,0.119,0.049
0.888,0.888,0.878,0.878,0.468,0.71,0.865,0.821,0.777,0.846,0.821,0.881,0.8,0.468,0.881,0.821,0.8,0.468,0.824,0.8,0.895,0.739,0.895,0.848,0.8,0.865,0.848,0.821,0.852,0.846,0.852,0.739,0.895,0.834,0.859,0.834,0.2,0.859,0.895,0.2,0.981,0.834,0.171,0.788,0.834,0.2,0.789,0.171,0.336,0.171,0.613,0.981,0.86,0.807,0.066,0.807,0.817,0.035,0.035,0.035,0.801,0.066,0.817,0.066,0.86,0.801,0.861,0.355,0.861,0.714,0.714,0.714,0.977,0.347,0.752,0.86,0.796,0.499,0.79,0.796,0.723,0.347,0.425,0.861,0.282,0.425,0.79,0.87,0.713,0.298,0.347,0.744,0.868,0.857,0.734,0.425,0.968,0.734,0.734,0.879,0.6,0.687,0.371,0.6,0.6,0.264,0.869,0.225,0.225,0.199,0.285,0.266,0.81,0.273,0.871,0.188,0.18,0.733,0.825,0.266,0.864,0.862,0.222,0.677,0.776,0.245,0.115,0.134,0.245,0.461,0.816,0.728,0.776,0.294,0.153,0.389,0.165,0.205,0.161,0.389,0.396,0.212,0.154,0.728,0.396,0.386,0.396,0.389,0.159,0.702,0.8,0.739,0.222,0.355,0.244,0.161,0.332,0.732,0.348,0.769,0.349,0.24,0.231,0.23,0.227,0.188,0.187,0.227
0.68,0.68,0.741,0.741,0.339,0.026,0.649,0.591,0.025,0.603,0.591,0.599,0.636,0.339,0.599,0.591,0.636,0.339,0.538,0.636,0.651,0.653,0.651,0.609,0.636,0.649,0.609,0.591,0.539,0.603,0.539,0.653,0.374,0.531,0.534,0.531,0.302,0.534,0.374,0.302,0.233,0.531,0.228,0.738,0.531,0.302,0.493,0.228,0.977,0.228,0.029,0.254,0.778,0.435,0.609,0.435,0.448,0.604,0.604,0.604,0.551,0.609,0.448,0.609,0.778,0.551,0.471,0.957,0.471,0.766,0.766,0.766,0.237,0.436,0.814,0.676,0.842,0.988,0.884,0.842,0.166,0.436,0.177,0.152,0.964,0.177,0.884,0.633,0.14,0.976,0.436,0.77,0.607,0.15,0.785,0.177,0.297,0.785,0.785,0.595,0.795,0.127,0.973,0.795,0.795,0.953,0.562,0.216,0.216,0.202,0.405,0.396,0.407,0.348,0.111,0.927,0.968,0.135,0.415,0.396,0.518,0.432,0.925,0.441,0.139,0.264,0.915,0.659,0.264,0.244,0.454,0.08,0.482,0.433,0.857,0.296,0.671,0.246,0.527,0.296,0.309,0.952,0.006,0.55,0.309,0.873,0.309,0.296,0.005,0.654,0.829,0.455,0.69,0.863,0.829,0.005,0.575,0.447,0.524,0.827,0.556,0.781,0.884,0.863,0.91,0.784,0.855,0.745
0.1,0.1,0.09,0.09,0.176,0.821,0.092,0.095,0.825,0.046,0.095,0.082,0.067,0.176,0.082,0.095,0.067,0.176,0.864,0.067,0.197,0.06,0.197,0.061,0.067,0.092,0.061,0.095,0.081,0.046,0.081,0.06,0.544,0.108,0.101,0.108,0.928,0.101,0.544,0.928,0.911,0.108,0.884,0.258,0.108,0.928,0.813,0.884,0.606,0.884,0.783,0.816,0.498,0.405,0.947,0.405,0.399,0.903,0.903,0.903,0.051,0.947,0.399,0.947,0.498,0.051,0.098,0.672,0.098,0.395,0.395,0.395,0.874,0.055,0.31,0.665,0.859,0.911,0.83,0.859,0.811,0.055,0.512,0.782,0.646,0.512,0.83,0.689,0.863,0.878,0.055,0.301,0.622,0.757,0.647,0.512,0.338,0.647,0.647,0.707,0.698,0.375,0.909,0.698,0.698,0.907,0.66,0.893,0.893,0.845,0.813,0.128,0.959,0.108,0.736,0.845,0.86,0.392,0.953,0.128,0.648,0.96,0.854,0.664,0.762,0.883,0.852,0.66,0.883,0.216,0.495,0.296,0.603,0.776,0.768,0.829,0.645,0.817,0.597,0.829,0.819,0.761,0.767,0.652,0.819,0.902,0.819,0.829,0.801,0.602,0.79,0.694,0.799,0.986,0.92,0.891,0.556,0.809,0.762,0.878,0.789,0.786,0.827,0.897,0.809,0.86,0.824,0.663
0.377,0.377,0.357,0.357,0.075,0.306,0.266,0.26,0.289,0.175,0.26,0.3,0.265,0.075,0.3,0.26,0.265,0.075,0.695,0.265,0.303,0.226,0.303,0.245,0.265,0.266,0.245,0.26,0.272,0.175,0.272,0.226,0.109,0.263,0.281,0.263,0.504,0.281,0.109,0.504,0.647,0.263,0.426,0.99,0.263,0.504,0.635,0.426,0.976,0.426,0.135,0.431,0.089,0.129,0.617,0.129,0.13,0.563,0.563,0.563,0.218,0.617,0.13,0.617,0.089,0.218,0.278,0.985,0.278,0.322,0.322,0.322,0.603,0.229,0.998,0.524,0.139,0.498,0.144,0.139,0.633,0.229,0.138,0.716,0.973,0.138,0.144,0.609,0.731,0.664,0.229,1.0,0.516,0.65,0.389,0.138,0.42,0.389,0.389,0.614,0.397,0.188,0.471,0.397,0.397,0.384,0.638,0.696,0.696,0.633,0.251,0.506,0.328,0.45,0.761,0.632,0.677,0.18,0.282,0.506,0.634,0.266,0.698,0.349,0.734,0.76,0.604,0.567,0.76,0.043,0.289,0.064,0.323,0.271,0.806,0.277,0.415,0.705,0.494,0.277,0.306,0.868,0.785,0.462,0.306,0.69,0.306,0.277,0.823,0.415,0.367,0.338,0.637,0.689,0.697,0.739,0.286,0.296,0.142,0.543,0.149,0.662,0.703,0.718,0.705,0.219,0.183,0.278
0.762,0.762,0.742,0.742,0.577,0.253,0.583,0.459,0.283,0.348,0.459,0.602,0.408,0.577,0.602,0.459,0.408,0.577,0.174,0.408,0.796,0.339,0.796,0.37,0.408,0.583,0.37,0.459,0.452,0.348,0.452,0.339,0.296,0.398,0.499,0.398,0.73,0.499,0.296,0.73,0.568,0.398,0.46,0.313,0.398,0.73,0.046,0.46,0.176,0.46,0.371,0.614,0.486,0.328,0.692,0.328,0.33,0.548,0.548,0.548,0.317,0.692,0.33,0.692,0.486,0.317,0.414,0.186,0.414,0.408,0.408,0.408,0.401,0.455,0.394,0.698,0.433,0.376,0.548,0.433,0.726,0.455,0.646,0.559,0.21,0.646,0.548,0.676,0.745,0.348,0.455,0.345,0.692,0.641,0.376,0.646,0.054,0.376,0.376,0.718,0.372,0.568,0.41,0.372,0.372,0.857,0.666,0.67,0.67,0.669,0.392,0.693,0.947,0.676,0.684,0.42,0.218,0.574,0.911,0.693,0.694,0.985,0.3,0.858,0.745,0.803,0.956,0.902,0.803,0.663,0.919,0.778,0.921,0.756,0.832,0.495,0.931,0.855,0.847,0.495,0.546,0.6,0.131,0.887,0.546,0.272,0.546,0.495,0.133,0.662,0.851,0.714,0.957,0.252,0.942,0.133,0.997,0.588,0.993,0.793,0.993,0.904,0.983,0.921,0.958,0.976,0.955,0.97
0.517,0.517,0.45,0.45,0.115,0.071,0.358,0.602,0.066,0.525,0.602,0.374,0.555,0.115,0.374,0.602,0.555,0.115,0.928,0.555,0.492,0.599,0.492,0.645,0.555,0.358,0.645,0.602,0.678,0.525,0.678,0.599,0.305,0.636,0.343,0.636,0.296,0.343,0.305,0.296,0.157,0.636,0.224,0.785,0.636,0.296,0.842,0.224,0.253,0.224,0.131,0.182,0.237,0.361,0.432,0.361,0.369,0.384,0.384,0.384,0.588,0.432,0.369,0.432,0.237,0.588,0.733,0.439,0.733,0.094,0.094,0.094,0.186,0.322,0.746,0.919,0.1,0.633,0.084,0.1,0.137,0.322,0.384,0.158,0.391,0.384,0.084,0.927,0.153,0.608,0.322,0.741,0.941,0.149,0.048,0.384,0.91,0.048,0.048,0.943,0.04,0.136,0.622,0.04,0.04,0.451,0.875,0.799,0.799,0.77,0.909,0.296,0.541,0.463,0.145,0.59,0.339,0.188,0.59,0.296,0.841,0.58,0.34,0.575,0.157,0.754,0.428,0.672,0.754,0.735,0.868,0.302,0.879,0.906,0.154,0.136,0.662,0.741,0.496,0.136,0.137,0.225,0.038,0.317,0.137,0.107,0.137,0.136,0.039,0.51,0.469,0.404,0.378,0.086,0.427,0.031,0.858,0.473,0.355,0.313,0.346,0.439,0.456,0.474,0.4,0.456,0.456,0.958
0.659,0.659,0.822,0.822,0.538,0.863,0.967,0.64,0.874,0.831,0.64,0.862,0.886,0.538,0.862,0.64,0.886,0.538,0.334,0.886,0.716,0.689,0.716,0.916,0.886,0.967,0.916,0.64,0.704,0.831,0.704,0.689,0.848,0.716,0.776,0.716,0.297,0.776,0.848,0.297,0.937,0.716,0.501,0.748,0.716,0.297,0.387,0.501,0.542,0.501,0.828,0.876,0.347,0.639,0.327,0.639,0.621,0.52,0.52,0.52,0.678,0.327,0.621,0.327,0.347,0.678,0.749,0.797,0.749,0.729,0.729,0.729,0.967,0.623,0.743,0.881,0.538,0.812,0.547,0.538,0.821,0.623,0.8,0.694,0.788,0.8,0.547,0.868,0.777,0.69,0.623,0.784,0.848,0.715,0.823,0.8,0.52,0.823,0.823,0.827,0.872,0.864,0.755,0.872,0.872,0.732,0.807,0.82,0.82,0.761,0.905,0.704,0.5,0.543,0.623,0.597,0.447,0.864,0.479,0.704,0.828,0.471,0.503,0.461,0.725,0.804,0.631,0.131,0.804,0.866,0.487,0.786,0.451,0.899,0.755,0.819,0.477,0.786,0.153,0.819,0.833,0.531,0.128,0.43,0.833,0.713,0.833,0.819,0.13,0.519,0.388,0.578,0.25,0.682,0.272,0.114,0.677,0.546,0.591,0.377,0.651,0.234,0.259,0.554,0.572,0.407,0.639,0.363
0.138,0.138,0.127,0.127,0.41,0.878,0.142,0.142,0.884,0.247,0.142,0.138,0.126,0.41,0.138,0.142,0.126,0.41,0.756,0.126,0.105,0.256,0.105,0.118,0.126,0.142,0.118,0.142,0.147,0.247,0.147,0.256,0.912,0.086,0.124,0.086,0.689,0.124,0.912,0.689,0.984,0.086,0.771,0.433,0.086,0.689,0.613,0.771,0.544,0.771,0.868,0.966,0.582,0.924,0.786,0.924,0.942,0.836,0.836,0.836,0.243,0.786,0.942,0.786,0.582,0.243,0.067,0.516,0.067,0.966,0.966,0.966,0.969,0.522,0.622,0.914,0.735,0.445,0.752,0.735,0.985,0.522,0.846,0.919,0.489,0.846,0.752,0.893,0.971,0.668,0.522,0.605,0.924,0.932,0.953,0.846,0.809,0.953,0.953,0.899,0.937,0.903,0.491,0.937,0.937,0.819,0.94,0.99,0.99,0.987,0.682,0.484,0.703,0.473,0.928,0.703,0.835,0.919,0.704,0.484,0.933,0.711,0.84,0.9,0.98,0.891,0.856,0.316,0.891,0.51,0.872,0.964,0.868,0.439,0.687,0.88,0.231,0.872,0.301,0.88,0.891,0.864,0.867,0.322,0.891,0.556,0.891,0.88,0.843,0.205,0.276,0.208,0.391,0.608,0.428,0.828,0.566,0.2,0.624,0.276,0.609,0.477,0.469,0.481,0.47,0.739,0.76,0.726
0.756,0.756,0.698,0.698,0.891,0.605,0.414,0.415,0.54,0.566,0.415,0.466,0.335,0.891,0.466,0.415,0.335,0.891,0.345,0.335,0.753,0.497,0.753,0.343,0.335,0.414,0.343,0.415,0.354,0.566,0.354,0.497,0.368,0.346,0.407,0.346,0.938,0.407,0.368,0.938,0.621,0.346,0.928,0.079,0.346,0.938,0.525,0.928,0.378,0.928,0.467,0.548,0.671,0.345,0.968,0.345,0.35,0.966,0.966,0.966,0.483,0.968,0.35,0.968,0.671,0.483,0.351,0.26,0.351,0.887,0.887,0.887,0.424,0.874,0.085,0.406,0.797,0.073,0.807,0.797,0.593,0.874,0.91,0.495,0.317,0.91,0.807,0.412,0.579,0.047,0.874,0.078,0.408,0.496,0.867,0.91,0.201,0.867,0.867,0.373,0.839,0.906,0.071,0.839,0.839,0.128,0.378,0.172,0.172,0.108,0.017,0.13,0.792,0.093,0.461,0.053,0.129,0.891,0.798,0.13,0.36,0.797,0.125,0.823,0.619,0.157,0.094,0.772,0.157,0.011,0.827,0.871,0.832,0.015,0.148,0.987,0.67,0.103,0.788,0.987,0.995,0.177,0.587,0.454,0.995,0.131,0.995,0.987,0.569,0.358,0.41,0.238,0.891,0.15,0.917,0.567,0.902,0.245,0.927,0.388,0.914,0.917,0.887,0.927,0.892,0.193,0.194,0.339
0.444,0.444,0.455,0.455,0.3,0.525,0.343,0.219,0.592,0.158,0.219,0.326,0.255,0.3,0.326,0.219,0.255,0.3,0.397,0.255,0.419,0.13,0.419,0.257,0.255,0.343,0.257,0.219,0.179,0.158,0.179,0.13,0.126,0.24,0.273,0.24,0.154,0.273,0.126,0.154,0.855,0.24,0.166,0.959,0.24,0.154,0.283,0.166,0.696,0.166,0.709,0.673,0.041,0.077,0.068,0.077,0.076,0.064,0.064,0.064,0.14,0.068,0.076,0.068,0.041,0.14,0.221,0.779,0.221,0.089,0.089,0.089,0.705,0.327,0.891,0.894,0.464,0.064,0.527,0.464,0.719,0.327,0.16,0.922,0.761,0.16,0.527,0.884,0.795,0.053,0.327,0.87,0.912,0.93,0.28,0.16,0.825,0.28,0.28,0.905,0.479,0.487,0.056,0.479,0.479,0.058,0.811,0.388,0.388,0.272,0.755,0.62,0.774,0.583,0.878,0.054,0.469,0.467,0.76,0.62,0.822,0.75,0.515,0.864,0.778,0.429,0.039,0.873,0.429,0.955,0.682,0.067,0.833,0.83,0.225,0.626,0.801,0.349,0.759,0.626,0.692,0.198,0.232,0.761,0.692,0.18,0.692,0.626,0.231,0.691,0.692,0.849,0.561,0.339,0.61,0.243,0.585,0.783,0.603,0.544,0.633,0.574,0.603,0.546,0.589,0.64,0.663,0.661
0.569,0.569,0.501,0.501,0.182,0.515,0.672,0.536,0.531,0.548,0.536,0.707,0.532,0.182,0.707,0.536,0.532,0.182,0.297,0.532,0.51,0.537,0.51,0.506,0.532,0.672,0.506,0.536,0.506,0.548,0.506,0.537,0.503,0.645,0.673,0.645,0.708,0.673,0.503,0.708,0.624,0.645,0.799,0.696,0.645,0.708,0.132,0.799,0.444,0.799,0.47,0.621,0.04,0.41,0.761,0.41,0.44,0.741,0.741,0.741,0.661,0.761,0.44,0.761,0.04,0.661,0.66,0.547,0.66,0.081,0.081,0.081,0.72,0.329,0.972,0.991,0.103,0.338,0.12,0.103,0.989,0.329,0.276,0.996,0.504,0.276,0.12,0.99,0.988,0.597,0.329,0.914,0.993,0.996,0.063,0.276,0.655,0.063,0.063,0.994,0.089,0.411,0.382,0.089,0.089,0.47,0.994,0.989,0.989,0.996,0.677,0.894,0.828,0.874,0.993,0.567,0.385,0.398,0.814,0.894,0.99,0.828,0.364,0.874,0.975,0.956,0.659,0.261,0.956,0.379,0.897,0.326,0.895,0.718,0.436,0.238,0.248,0.96,0.221,0.238,0.257,0.269,0.062,0.328,0.257,0.402,0.257,0.238,0.064,0.185,0.518,0.318,0.496,0.41,0.561,0.065,0.42,0.276,0.383,0.612,0.395,0.442,0.602,0.571,0.623,0.545,0.535,0.539
0.938,0.938,0.918,0.918,0.072,0.624,0.936,0.859,0.612,0.762,0.859,0.928,0.801,0.072,0.928,0.859,0.801,0.072,0.461,0.801,0.934,0.843,0.934,0.824,0.801,0.936,0.824,0.859,0.892,0.762,0.892,0.843,0.748,0.948,0.957,0.948,0.174,0.957,0.748,0.174,0.728,0.948,0.183,0.431,0.948,0.174,0.471,0.183,0.349,0.183,0.563,0.799,0.154,0.597,0.178,0.597,0.631,0.172,0.172,0.172,0.819,0.178,0.631,0.178,0.154,0.819,0.925,0.409,0.925,0.542,0.542,0.542,0.765,0.006,0.345,0.38,0.059,0.674,0.221,0.059,0.314,0.006,0.018,0.303,0.398,0.018,0.221,0.422,0.292,0.777,0.006,0.346,0.362,0.311,0.387,0.018,0.067,0.387,0.387,0.393,0.486,0.01,0.667,0.486,0.486,0.594,0.35,0.218,0.218,0.162,0.553,0.038,0.678,0.076,0.277,0.741,0.035,0.01,0.657,0.038,0.333,0.68,0.038,0.793,0.289,0.243,0.735,0.072,0.243,0.171,0.727,0.021,0.73,0.537,0.071,0.016,0.074,0.187,0.07,0.016,0.017,0.069,0.522,0.639,0.017,0.059,0.017,0.016,0.535,0.769,0.748,0.773,0.147,0.062,0.178,0.494,0.159,0.81,0.314,0.609,0.311,0.167,0.176,0.202,0.197,0.345,0.353,0.149
0.936,0.936,0.928,0.928,0.954,0.529,0.991,0.971,0.552,0.969,0.971,0.994,0.973,0.954,0.994,0.971,0.973,0.954,0.372,0.973,0.973,0.962,0.973,0.933,0.973,0.991,0.933,0.971,0.961,0.969,0.961,0.962,0.65,0.988,0.996,0.988,0.891,0.996,0.65,0.891,0.539,0.988,0.944,0.421,0.988,0.891,0.677,0.944,0.186,0.944,0.505,0.687,0.84,0.736,0.699,0.736,0.742,0.807,0.807,0.807,0.973,0.699,0.742,0.699,0.84,0.973,0.982,0.119,0.982,0.514,0.514,0.514,0.433,0.988,0.307,0.746,0.551,0.113,0.682,0.551,0.394,0.988,0.868,0.399,0.122,0.868,0.682,0.746,0.436,0.118,0.988,0.374,0.754,0.372,0.597,0.868,0.729,0.597,0.597,0.737,0.724,0.862,0.116,0.724,0.724,0.116,0.842,0.159,0.159,0.198,0.447,0.082,0.519,0.091,0.361,0.12,0.669,0.799,0.406,0.082,0.861,0.415,0.704,0.754,0.33,0.147,0.125,0.794,0.147,0.343,0.614,0.931,0.605,0.175,0.409,0.386,0.784,0.185,0.826,0.386,0.476,0.796,0.105,0.572,0.476,0.422,0.476,0.386,0.104,0.749,0.588,0.645,0.62,0.386,0.53,0.102,0.41,0.711,0.402,0.63,0.397,0.616,0.56,0.615,0.645,0.619,0.623,0.516
0.897,0.897,0.913,0.913,0.224,0.669,0.861,0.977,0.653,0.909,0.977,0.884,0.972,0.224,0.884,0.977,0.972,0.224,0.838,0.972,0.881,0.9,0.881,0.958,0.972,0.861,0.958,0.977,0.955,0.909,0.955,0.9,0.851,0.943,0.875,0.943,0.826,0.875,0.851,0.826,0.832,0.943,0.747,0.789,0.943,0.826,0.739,0.747,0.756,0.747,0.693,0.819,0.466,0.875,0.822,0.875,0.872,0.767,0.767,0.767,0.868,0.822,0.872,0.822,0.466,0.868,0.945,0.88,0.945,0.564,0.564,0.564,0.538,0.513,0.732,0.989,0.374,0.867,0.356,0.374,0.777,0.513,0.373,0.784,0.708,0.373,0.356,0.987,0.773,0.837,0.513,0.65,0.986,0.811,0.244,0.373,0.775,0.244,0.244,0.984,0.205,0.162,0.899,0.205,0.205,0.891,0.957,0.927,0.927,0.93,0.772,0.877,0.94,0.883,0.859,0.894,0.294,0.207,0.961,0.877,0.954,0.954,0.223,0.946,0.852,0.901,0.778,0.141,0.901,0.941,0.985,0.414,0.984,0.839,0.589,0.44,0.14,0.896,0.188,0.44,0.364,0.421,0.049,0.877,0.364,0.753,0.364,0.44,0.048,0.991,0.858,0.979,0.287,0.729,0.242,0.056,0.387,0.994,0.477,0.929,0.511,0.294,0.255,0.292,0.31,0.746,0.695,0.592
0.552,0.552,0.471,0.471,0.316,0.161,0.392,0.493,0.19,0.595,0.493,0.429,0.478,0.316,0.429,0.493,0.478,0.316,0.318,0.478,0.425,0.539,0.425,0.472,0.478,0.392,0.472,0.493,0.502,0.595,0.502,0.539,0.713,0.524,0.375,0.524,0.817,0.375,0.713,0.817,0.517,0.524,0.865,0.159,0.524,0.817,0.571,0.865,0.398,0.865,0.196,0.493,0.756,0.667,0.751,0.667,0.684,0.831,0.831,0.831,0.649,0.751,0.684,0.751,0.756,0.649,0.499,0.442,0.499,0.849,0.849,0.849,0.532,0.472,0.222,0.369,0.476,0.341,0.644,0.476,0.535,0.472,0.551,0.417,0.54,0.551,0.644,0.371,0.528,0.232,0.472,0.205,0.364,0.426,0.733,0.551,0.462,0.733,0.733,0.367,0.751,0.89,0.475,0.751,0.751,0.52,0.405,0.481,0.481,0.479,0.91,0.141,0.607,0.023,0.503,0.321,0.818,0.89,0.619,0.141,0.406,0.618,0.699,0.616,0.579,0.315,0.356,0.322,0.315,0.301,0.599,0.801,0.597,0.77,0.362,0.788,0.252,0.311,0.362,0.788,0.839,0.858,0.791,0.248,0.839,0.426,0.839,0.788,0.785,0.249,0.38,0.339,0.314,0.469,0.305,0.873,0.345,0.415,0.03,0.403,0.038,0.31,0.304,0.244,0.242,0.038,0.032,0.362
0.255,0.255,0.295,0.295,0.885,0.682,0.89,0.805,0.664,0.772,0.805,0.896,0.784,0.885,0.896,0.805,0.784,0.885,0.941,0.784,0.292,0.769,0.292,0.81,0.784,0.89,0.81,0.805,0.853,0.772,0.853,0.769,0.449,0.842,0.947,0.842,0.35,0.947,0.449,0.35,0.721,0.842,0.615,0.674,0.842,0.35,0.971,0.615,0.012,0.615,0.667,0.704,0.473,0.434,0.482,0.434,0.464,0.552,0.552,0.552,0.852,0.482,0.464,0.482,0.473,0.852,0.882,0.027,0.882,0.634,0.634,0.634,0.83,0.767,0.61,0.971,0.318,0.025,0.213,0.318,0.523,0.767,0.766,0.646,0.031,0.766,0.213,0.947,0.586,0.022,0.767,0.588,0.976,0.618,0.286,0.766,0.311,0.286,0.286,0.931,0.434,0.62,0.024,0.434,0.434,0.017,0.861,0.32,0.32,0.334,0.208,0.164,0.606,0.232,0.608,0.022,0.148,0.465,0.739,0.164,0.904,0.718,0.107,0.506,0.539,0.338,0.013,0.268,0.338,0.032,0.652,0.83,0.595,0.212,0.032,0.63,0.24,0.355,0.393,0.63,0.527,0.052,0.261,0.177,0.527,0.036,0.527,0.63,0.261,0.376,0.207,0.497,0.525,0.037,0.402,0.248,0.505,0.449,0.553,0.202,0.547,0.436,0.457,0.443,0.488,0.684,0.691,0.876
0.632,0.632,0.644,0.644,0.292,0.205,0.506,0.438,0.2,0.434,0.438,0.494,0.483,0.292,0.494,0.438,0.483,0.292,0.203,0.483,0.719,0.387,0.719,0.485,0.483,0.506,0.485,0.438,0.43,0.434,0.43,0.387,0.306,0.384,0.434,0.384,0.15,0.434,0.306,0.15,0.326,0.384,0.163,0.071,0.384,0.15,0.286,0.163,0.231,0.163,0.084,0.421,0.189,0.275,0.242,0.275,0.281,0.284,0.284,0.284,0.296,0.242,0.281,0.242,0.189,0.296,0.335,0.353,0.335,0.442,0.442,0.442,0.258,0.16,0.079,0.362,0.445,0.771,0.41,0.445,0.176,0.16,0.385,0.315,0.353,0.385,0.41,0.351,0.181,0.794,0.16,0.084,0.365,0.283,0.432,0.385,0.663,0.432,0.432,0.35,0.339,0.523,0.76,0.339,0.339,0.463,0.372,0.347,0.347,0.433,0.634,0.437,0.108,0.415,0.279,0.834,0.616,0.41,0.131,0.437,0.389,0.129,0.457,0.158,0.176,0.434,0.7,0.657,0.434,0.582,0.178,0.441,0.17,0.596,0.883,0.553,0.58,0.502,0.853,0.553,0.655,0.725,0.956,0.772,0.655,0.735,0.655,0.553,0.951,0.906,0.574,0.895,0.052,0.778,0.018,0.941,0.037,0.887,0.067,0.615,0.055,0.043,0.018,0.019,0.017,0.042,0.041,0.046
0.327,0.327,0.34,0.34,0.844,0.385,0.946,0.943,0.358,0.767,0.943,0.957,0.923,0.844,0.957,0.943,0.923,0.844,0.404,0.923,0.402,0.878,0.402,0.918,0.923,0.946,0.918,0.943,0.948,0.767,0.948,0.878,0.562,0.864,0.934,0.864,0.59,0.934,0.562,0.59,0.41,0.864,0.736,0.997,0.864,0.59,0.42,0.736,0.979,0.736,0.679,0.409,0.262,0.764,0.557,0.764,0.784,0.704,0.704,0.704,0.759,0.557,0.784,0.557,0.262,0.759,0.893,0.994,0.893,0.312,0.312,0.312,0.668,0.837,1.0,0.293,0.336,0.548,0.322,0.336,0.467,0.837,0.281,0.439,0.995,0.281,0.322,0.332,0.493,0.594,0.837,0.997,0.291,0.392,0.399,0.281,0.664,0.399,0.399,0.327,0.407,0.471,0.503,0.407,0.407,0.318,0.347,0.822,0.822,0.864,0.956,0.893,0.336,0.893,0.488,0.58,0.967,0.451,0.324,0.893,0.369,0.332,0.978,0.355,0.592,0.818,0.387,0.998,0.818,0.975,0.381,0.334,0.387,0.96,0.497,0.562,0.994,0.828,0.998,0.562,0.569,0.835,0.31,0.992,0.569,0.768,0.569,0.562,0.3,0.981,0.978,0.952,0.999,0.713,0.997,0.305,0.105,0.983,0.209,0.987,0.192,0.998,0.998,0.992,0.993,0.251,0.294,0.168
0.955,0.955,0.939,0.939,0.791,0.052,0.994,0.997,0.055,0.807,0.997,0.99,0.991,0.791,0.99,0.997,0.991,0.791,0.988,0.991,0.986,0.839,0.986,0.976,0.991,0.994,0.976,0.997,0.976,0.807,0.976,0.839,0.92,0.99,0.985,0.99,0.536,0.985,0.92,0.536,0.242,0.99,0.517,0.5,0.99,0.536,0.981,0.517,0.858,0.517,0.045,0.257,0.159,0.897,0.142,0.897,0.88,0.095,0.095,0.095,0.885,0.142,0.88,0.142,0.159,0.885,0.972,0.802,0.972,0.452,0.452,0.452,0.202,0.636,0.466,0.105,0.042,0.903,0.05,0.042,0.153,0.636,0.23,0.148,0.828,0.23,0.05,0.097,0.152,0.939,0.636,0.454,0.103,0.153,0.238,0.23,0.667,0.238,0.238,0.087,0.223,0.154,0.898,0.223,0.223,0.95,0.085,0.81,0.81,0.832,0.461,0.712,0.748,0.71,0.132,0.934,0.661,0.129,0.767,0.712,0.084,0.782,0.796,0.567,0.128,0.872,0.965,0.5,0.872,0.75,0.782,0.233,0.764,0.405,0.967,0.239,0.828,0.895,0.248,0.239,0.247,0.793,0.528,0.375,0.247,0.931,0.247,0.239,0.515,0.354,0.448,0.276,0.375,0.935,0.66,0.537,0.856,0.273,0.714,0.297,0.673,0.371,0.657,0.928,0.921,0.818,0.914,0.897
0.25,0.25,0.259,0.259,0.452,0.619,0.227,0.161,0.56,0.13,0.161,0.226,0.159,0.452,0.226,0.161,0.159,0.452,0.526,0.159,0.249,0.093,0.249,0.163,0.159,0.227,0.163,0.161,0.176,0.13,0.176,0.093,0.083,0.111,0.249,0.111,0.68,0.249,0.083,0.68,0.873,0.111,0.635,0.366,0.111,0.68,0.628,0.635,0.857,0.635,0.567,0.775,0.8,0.031,0.494,0.031,0.028,0.512,0.512,0.512,0.106,0.494,0.028,0.494,0.8,0.106,0.134,0.66,0.134,0.44,0.44,0.44,0.938,0.685,0.319,0.532,0.235,0.455,0.262,0.235,0.714,0.685,0.796,0.666,0.804,0.796,0.262,0.559,0.767,0.396,0.685,0.338,0.486,0.632,0.136,0.796,0.387,0.136,0.136,0.507,0.169,0.429,0.681,0.169,0.169,0.919,0.879,0.356,0.356,0.357,0.151,0.644,0.847,0.667,0.919,0.698,0.261,0.414,0.84,0.644,0.79,0.837,0.085,0.944,0.919,0.361,0.907,0.386,0.361,0.391,0.948,0.756,0.924,0.151,0.36,0.346,0.378,0.4,0.471,0.346,0.46,0.609,0.97,0.895,0.46,0.047,0.46,0.346,0.966,0.565,0.824,0.571,0.608,0.098,0.425,0.915,0.773,0.552,0.813,0.673,0.729,0.704,0.483,0.437,0.494,0.833,0.891,0.937
0.038,0.038,0.038,0.038,0.897,0.207,0.055,0.056,0.21,0.051,0.056,0.052,0.059,0.897,0.052,0.056,0.059,0.897,0.915,0.059,0.078,0.056,0.078,0.063,0.059,0.055,0.063,0.056,0.06,0.051,0.06,0.056,0.093,0.119,0.138,0.119,0.592,0.138,0.093,0.592,0.045,0.119,0.788,0.231,0.119,0.592,0.883,0.788,0.291,0.788,0.475,0.049,0.655,0.08,0.462,0.08,0.082,0.613,0.613,0.613,0.143,0.462,0.082,0.462,0.655,0.143,0.164,0.289,0.164,0.283,0.283,0.283,0.041,0.85,0.165,0.011,0.288,0.342,0.184,0.288,0.037,0.85,0.704,0.035,0.253,0.704,0.184,0.018,0.036,0.4,0.85,0.146,0.013,0.029,0.13,0.704,0.951,0.13,0.13,0.02,0.101,0.235,0.354,0.101,0.101,0.362,0.031,0.919,0.919,0.958,0.72,0.948,0.632,0.969,0.05,0.377,0.644,0.236,0.705,0.948,0.034,0.653,0.653,0.68,0.039,0.833,0.37,0.566,0.833,0.899,0.769,0.682,0.745,0.856,0.445,0.377,0.514,0.908,0.482,0.377,0.338,0.413,0.507,0.304,0.338,0.562,0.338,0.377,0.471,0.31,0.364,0.313,0.811,0.535,0.877,0.474,0.717,0.306,0.93,0.316,0.925,0.636,0.852,0.909,0.865,0.895,0.874,0.961
0.621,0.621,0.589,0.589,0.459,0.218,0.442,0.414,0.212,0.313,0.414,0.507,0.385,0.459,0.507,0.414,0.385,0.459,0.313,0.385,0.711,0.408,0.711,0.41,0.385,0.442,0.41,0.414,0.447,0.313,0.447,0.408,0.593,0.339,0.321,0.339,0.059,0.321,0.593,0.059,0.029,0.339,0.037,0.009,0.339,0.059,0.077,0.037,0.109,0.037,0.164,0.034,0.057,0.688,0.022,0.688,0.656,0.006,0.006,0.006,0.324,0.022,0.656,0.022,0.057,0.324,0.336,0.11,0.336,0.366,0.366,0.366,0.031,0.521,0.012,0.014,0.225,0.555,0.255,0.225,0.022,0.521,0.03,0.031,0.107,0.03,0.255,0.023,0.024,0.423,0.521,0.013,0.011,0.028,0.375,0.03,0.841,0.375,0.375,0.024,0.381,0.441,0.732,0.381,0.381,0.566,0.011,0.244,0.244,0.314,0.204,0.701,0.126,0.672,0.019,0.604,0.735,0.447,0.158,0.701,0.014,0.146,0.755,0.163,0.015,0.473,0.516,0.564,0.473,0.729,0.194,0.206,0.189,0.338,0.778,0.04,0.534,0.473,0.614,0.04,0.069,0.754,0.356,0.27,0.069,0.45,0.069,0.04,0.35,0.277,0.284,0.248,0.604,0.564,0.709,0.373,0.687,0.133,0.496,0.214,0.535,0.538,0.745,0.666,0.609,0.705,0.704,0.709
0.43,0.43,0.342,0.342,0.066,0.861,0.929,0.912,0.821,0.776,0.912,0.978,0.772,0.066,0.978,0.912,0.772,0.066,0.631,0.772,0.347,0.889,0.347,0.832,0.772,0.929,0.832,0.912,0.92,0.776,0.92,0.889,0.791,0.859,0.982,0.859,0.7,0.982,0.791,0.7,0.705,0.859,0.781,0.628,0.859,0.7,0.794,0.781,0.603,0.781,0.732,0.691,0.581,0.794,0.682,0.794,0.77,0.636,0.636,0.636,0.783,0.682,0.77,0.682,0.581,0.783,0.911,0.595,0.911,0.546,0.546,0.546,0.509,0.01,0.553,0.735,0.667,0.545,0.732,0.667,0.876,0.01,0.639,0.747,0.569,0.639,0.732,0.684,0.945,0.747,0.01,0.525,0.731,0.754,0.473,0.639,0.269,0.473,0.473,0.688,0.523,0.717,0.519,0.523,0.523,0.724,0.68,0.891,0.891,0.88,0.929,0.225,0.345,0.265,0.76,0.727,0.25,0.716,0.391,0.225,0.674,0.388,0.272,0.519,0.851,0.904,0.835,0.382,0.904,0.419,0.49,0.573,0.543,0.873,0.829,0.81,0.618,0.859,0.534,0.81,0.771,0.355,0.505,0.503,0.771,0.757,0.771,0.81,0.492,0.615,0.516,0.644,0.836,0.73,0.763,0.452,0.894,0.678,0.804,0.521,0.794,0.878,0.774,0.929,0.899,0.785,0.828,0.649
0.747,0.747,0.706,0.706,0.028,0.785,0.449,0.325,0.788,0.338,0.325,0.422,0.354,0.028,0.422,0.325,0.354,0.028,0.883,0.354,0.794,0.338,0.794,0.348,0.354,0.449,0.348,0.325,0.335,0.338,0.335,0.338,0.521,0.379,0.449,0.379,0.931,0.449,0.521,0.931,0.971,0.379,0.834,0.334,0.379,0.931,0.812,0.834,0.333,0.834,0.815,0.944,0.433,0.555,0.957,0.555,0.557,0.802,0.802,0.802,0.424,0.957,0.557,0.957,0.433,0.424,0.352,0.387,0.352,0.121,0.121,0.121,0.691,0.08,0.365,0.669,0.284,0.557,0.352,0.284,0.745,0.08,0.406,0.783,0.394,0.406,0.352,0.644,0.765,0.372,0.08,0.418,0.646,0.801,0.085,0.406,0.771,0.085,0.085,0.62,0.127,0.347,0.809,0.127,0.127,0.545,0.518,0.959,0.959,0.953,0.967,0.652,0.319,0.663,0.685,0.715,0.762,0.249,0.325,0.652,0.525,0.322,0.793,0.21,0.817,0.99,0.527,0.133,0.99,0.901,0.253,0.265,0.252,1.0,0.835,0.253,0.211,0.991,0.076,0.253,0.287,0.713,0.952,0.088,0.287,0.427,0.287,0.253,0.971,0.083,0.112,0.093,0.118,0.804,0.247,0.938,0.252,0.093,0.294,0.132,0.297,0.123,0.223,0.254,0.283,0.386,0.45,0.292
0.313,0.313,0.211,0.211,0.547,0.617,0.115,0.175,0.556,0.549,0.175,0.127,0.114,0.547,0.127,0.175,0.114,0.547,0.408,0.114,0.234,0.651,0.234,0.111,0.114,0.115,0.111,0.175,0.18,0.549,0.18,0.651,0.74,0.208,0.163,0.208,0.827,0.163,0.74,0.827,0.567,0.208,0.976,0.908,0.208,0.827,0.865,0.976,0.651,0.976,0.364,0.709,0.374,0.762,0.873,0.762,0.765,0.928,0.928,0.928,0.634,0.873,0.765,0.873,0.374,0.634,0.165,0.67,0.165,0.404,0.404,0.404,0.995,0.587,0.916,0.978,0.954,0.333,0.951,0.954,0.948,0.587,0.709,0.975,0.669,0.709,0.951,0.981,0.946,0.383,0.587,0.912,0.988,0.975,0.949,0.709,0.247,0.949,0.949,0.988,0.978,0.995,0.303,0.978,0.978,0.271,0.977,0.294,0.294,0.304,0.468,0.157,0.953,0.147,0.967,0.34,0.537,0.996,0.95,0.157,0.983,0.943,0.542,0.948,0.935,0.162,0.308,0.598,0.162,0.311,0.997,0.53,0.994,0.431,0.607,0.996,0.359,0.151,0.579,0.996,0.991,0.521,0.597,0.626,0.991,0.646,0.991,0.996,0.62,0.764,0.426,0.687,0.63,0.632,0.539,0.779,0.821,0.77,0.468,0.734,0.434,0.577,0.525,0.563,0.442,0.488,0.449,0.685
0.186,0.186,0.232,0.232,0.105,0.901,0.2,0.165,0.905,0.555,0.165,0.223,0.138,0.105,0.223,0.165,0.138,0.105,0.646,0.138,0.179,0.474,0.179,0.12,0.138,0.2,0.12,0.165,0.162,0.555,0.162,0.474,0.683,0.219,0.257,0.219,0.295,0.257,0.683,0.295,0.343,0.219,0.299,0.081,0.219,0.295,0.595,0.299,0.275,0.299,0.8,0.355,0.371,0.706,0.3,0.706,0.685,0.359,0.359,0.359,0.513,0.3,0.685,0.3,0.371,0.513,0.203,0.275,0.203,0.775,0.775,0.775,0.902,0.263,0.066,0.251,0.383,0.675,0.377,0.383,0.482,0.263,0.286,0.391,0.25,0.286,0.377,0.313,0.447,0.85,0.263,0.065,0.246,0.31,0.69,0.286,0.915,0.69,0.69,0.293,0.695,0.186,0.661,0.695,0.695,0.647,0.262,0.292,0.292,0.232,0.48,0.584,0.53,0.503,0.317,0.807,0.078,0.199,0.56,0.584,0.254,0.553,0.053,0.582,0.425,0.251,0.718,0.308,0.251,0.39,0.618,0.277,0.611,0.492,0.188,0.317,0.346,0.203,0.382,0.317,0.294,0.044,0.398,0.805,0.294,0.264,0.294,0.317,0.389,0.623,0.72,0.672,0.605,0.279,0.501,0.388,0.488,0.703,0.581,0.895,0.542,0.667,0.518,0.502,0.542,0.708,0.713,0.631
0.75,0.75,0.665,0.665,0.533,0.355,0.882,0.68,0.36,0.758,0.68,0.89,0.682,0.533,0.89,0.68,0.682,0.533,0.315,0.682,0.762,0.774,0.762,0.751,0.682,0.882,0.751,0.68,0.749,0.758,0.749,0.774,0.506,0.677,0.759,0.677,0.936,0.759,0.506,0.936,0.778,0.677,0.929,0.688,0.677,0.936,0.481,0.929,0.35,0.929,0.32,0.74,0.205,0.482,0.901,0.482,0.457,0.911,0.911,0.911,0.691,0.901,0.457,0.901,0.205,0.691,0.757,0.416,0.757,0.132,0.132,0.132,0.955,0.53,0.899,0.812,0.436,0.349,0.477,0.436,0.839,0.53,0.556,0.821,0.414,0.556,0.477,0.796,0.858,0.283,0.53,0.861,0.814,0.841,0.348,0.556,0.874,0.348,0.348,0.798,0.404,0.72,0.372,0.404,0.404,0.29,0.783,0.983,0.983,0.944,0.416,0.727,0.571,0.567,0.792,0.369,0.513,0.666,0.482,0.727,0.802,0.437,0.394,0.741,0.821,0.954,0.489,0.403,0.954,0.276,0.744,0.42,0.754,0.465,0.544,0.775,0.357,0.752,0.733,0.775,0.802,0.479,0.396,0.254,0.802,0.255,0.802,0.775,0.396,0.486,0.247,0.369,0.883,0.275,0.906,0.391,0.528,0.47,0.69,0.295,0.687,0.889,0.8,0.838,0.784,0.534,0.551,0.973
0.129,0.129,0.142,0.142,0.869,0.974,0.917,0.864,0.976,0.753,0.864,0.917,0.858,0.869,0.917,0.864,0.858,0.869,0.795,0.858,0.109,0.743,0.109,0.884,0.858,0.917,0.884,0.864,0.883,0.753,0.883,0.743,0.716,0.775,0.869,0.775,0.685,0.869,0.716,0.685,0.795,0.775,0.63,0.33,0.775,0.685,0.652,0.63,0.532,0.63,0.934,0.756,0.613,0.754,0.565,0.754,0.799,0.53,0.53,0.53,0.789,0.565,0.799,0.565,0.613,0.789,0.806,0.494,0.806,0.658,0.658,0.658,0.563,0.866,0.274,0.407,0.491,0.508,0.689,0.491,0.71,0.866,0.765,0.603,0.587,0.765,0.689,0.434,0.748,0.327,0.866,0.389,0.407,0.55,0.188,0.765,0.562,0.188,0.188,0.426,0.141,0.649,0.493,0.141,0.141,0.676,0.441,0.737,0.737,0.691,0.186,0.989,0.815,0.993,0.606,0.299,0.527,0.704,0.747,0.989,0.426,0.768,0.52,0.882,0.691,0.74,0.363,0.703,0.74,0.454,0.789,0.669,0.798,0.259,0.865,0.725,0.877,0.699,0.519,0.725,0.735,0.572,0.627,0.291,0.735,0.653,0.735,0.725,0.629,0.187,0.452,0.197,0.801,0.764,0.81,0.79,0.619,0.196,0.645,0.382,0.62,0.718,0.896,0.93,0.92,0.652,0.792,0.936
0.424,0.424,0.515,0.515,0.587,0.228,0.356,0.394,0.232,0.306,0.394,0.319,0.371,0.587,0.319,0.394,0.371,0.587,0.691,0.371,0.472,0.304,0.472,0.396,0.371,0.356,0.396,0.394,0.397,0.306,0.397,0.304,0.251,0.413,0.334,0.413,0.333,0.334,0.251,0.333,0.307,0.413,0.13,0.162,0.413,0.333,0.467,0.13,0.43,0.13,0.251,0.249,0.646,0.236,0.428,0.236,0.235,0.161,0.161,0.161,0.382,0.428,0.235,0.428,0.646,0.382,0.44,0.394,0.44,0.456,0.456,0.456,0.15,0.681,0.126,0.773,0.203,0.39,0.113,0.203,0.706,0.681,0.442,0.924,0.424,0.442,0.113,0.752,0.704,0.65,0.681,0.155,0.721,0.927,0.134,0.442,0.929,0.134,0.134,0.713,0.048,0.053,0.436,0.048,0.048,0.378,0.615,0.56,0.56,0.373,0.325,0.785,0.365,0.871,0.831,0.705,0.848,0.117,0.418,0.785,0.569,0.408,0.763,0.479,0.67,0.521,0.644,0.189,0.521,0.682,0.568,0.602,0.559,0.656,0.401,0.067,0.139,0.694,0.24,0.067,0.042,0.643,0.949,0.138,0.042,0.661,0.042,0.067,0.977,0.329,0.14,0.222,0.257,0.762,0.248,0.952,0.417,0.29,0.412,0.114,0.384,0.223,0.281,0.26,0.313,0.442,0.445,0.396
0.909,0.909,0.897,0.897,0.539,0.227,0.775,0.7,0.218,0.672,0.7,0.797,0.658,0.539,0.797,0.7,0.658,0.539,0.98,0.658,0.87,0.738,0.87,0.743,0.658,0.775,0.743,0.7,0.787,0.672,0.787,0.738,0.805,0.622,0.744,0.622,0.285,0.744,0.805,0.285,0.143,0.622,0.215,0.373,0.622,0.285,0.991,0.215,0.741,0.215,0.191,0.124,0.872,0.911,0.311,0.911,0.911,0.25,0.25,0.25,0.722,0.311,0.911,0.311,0.872,0.722,0.745,0.74,0.745,0.798,0.798,0.798,0.108,0.457,0.351,0.086,0.816,0.628,0.787,0.816,0.129,0.457,0.26,0.116,0.626,0.26,0.787,0.081,0.128,0.683,0.457,0.357,0.077,0.112,0.799,0.26,0.695,0.799,0.799,0.076,0.73,0.044,0.565,0.73,0.73,0.627,0.071,0.286,0.286,0.29,0.781,0.653,0.34,0.669,0.107,0.569,0.587,0.043,0.385,0.653,0.072,0.392,0.527,0.434,0.1,0.277,0.696,0.763,0.277,0.464,0.303,0.051,0.342,0.652,0.673,0.148,0.758,0.305,0.773,0.148,0.142,0.581,0.389,0.569,0.142,0.686,0.142,0.148,0.374,0.397,0.293,0.372,0.705,0.695,0.707,0.397,0.54,0.749,0.698,0.593,0.653,0.691,0.677,0.708,0.722,0.744,0.678,0.696
0.118,0.118,0.075,0.075,0.439,0.47,0.423,0.502,0.475,0.285,0.502,0.46,0.481,0.439,0.46,0.502,0.481,0.439,0.813,0.481,0.14,0.301,0.14,0.461,0.481,0.423,0.461,0.502,0.499,0.285,0.499,0.301,0.275,0.67,0.765,0.67,0.405,0.765,0.275,0.405,0.252,0.67,0.405,0.999,0.67,0.405,0.461,0.405,0.997,0.405,0.585,0.267,0.873,0.232,0.154,0.232,0.233,0.12,0.12,0.12,0.442,0.154,0.233,0.154,0.873,0.442,0.622,0.999,0.622,0.806,0.806,0.806,0.37,0.344,0.987,0.15,0.927,0.827,0.966,0.927,0.282,0.344,0.601,0.229,0.996,0.601,0.966,0.151,0.264,0.816,0.344,0.984,0.147,0.226,0.869,0.601,0.949,0.869,0.869,0.15,0.928,0.769,0.797,0.928,0.928,0.608,0.15,0.629,0.629,0.636,0.632,0.739,0.105,0.817,0.229,0.782,0.151,0.674,0.128,0.739,0.149,0.145,0.149,0.209,0.296,0.576,0.654,0.886,0.576,0.515,0.19,0.625,0.188,0.663,0.141,0.268,0.847,0.597,0.942,0.268,0.386,0.245,0.756,0.844,0.386,0.132,0.386,0.268,0.771,0.594,0.928,0.87,0.808,0.127,0.735,0.741,0.525,0.893,0.442,0.909,0.475,0.757,0.732,0.742,0.765,0.907,0.87,0.52
0.48,0.48,0.482,0.482,0.432,0.357,0.463,0.408,0.422,0.343,0.408,0.472,0.356,0.432,0.472,0.408,0.356,0.432,0.549,0.356,0.563,0.394,0.563,0.375,0.356,0.463,0.375,0.408,0.399,0.343,0.399,0.394,0.313,0.476,0.57,0.476,0.731,0.57,0.313,0.731,0.504,0.476,0.639,0.733,0.476,0.731,0.552,0.639,0.827,0.639,0.772,0.374,0.242,0.343,0.455,0.343,0.352,0.372,0.372,0.372,0.396,0.455,0.352,0.455,0.242,0.396,0.479,0.823,0.479,0.318,0.318,0.318,0.228,0.646,0.491,0.301,0.291,0.526,0.256,0.291,0.451,0.646,0.547,0.428,0.762,0.547,0.256,0.299,0.432,0.586,0.646,0.469,0.329,0.431,0.096,0.547,0.494,0.096,0.096,0.335,0.105,0.508,0.537,0.105,0.105,0.831,0.403,0.837,0.837,0.833,0.315,0.817,0.493,0.82,0.593,0.612,0.933,0.487,0.43,0.817,0.451,0.451,0.899,0.656,0.508,0.906,0.865,0.608,0.906,0.345,0.463,0.365,0.512,0.373,0.905,0.619,0.61,0.901,0.729,0.619,0.561,0.917,0.732,0.854,0.561,0.858,0.561,0.619,0.75,0.753,0.903,0.749,0.369,0.878,0.339,0.684,0.257,0.748,0.116,0.8,0.111,0.41,0.361,0.369,0.358,0.07,0.052,0.103
0.154,0.154,0.229,0.229,0.808,0.267,0.096,0.089,0.471,0.064,0.089,0.112,0.071,0.808,0.112,0.089,0.071,0.808,0.619,0.071,0.246,0.075,0.246,0.069,0.071,0.096,0.069,0.089,0.085,0.064,0.085,0.075,0.254,0.073,0.088,0.073,0.784,0.088,0.254,0.784,0.9,0.073,0.838,0.324,0.073,0.784,0.633,0.838,0.393,0.838,0.334,0.858,0.703,0.203,0.769,0.203,0.196,0.85,0.85,0.85,0.054,0.769,0.196,0.769,0.703,0.054,0.056,0.347,0.056,0.866,0.866,0.866,0.931,0.942,0.371,0.658,0.625,0.672,0.686,0.625,0.842,0.942,0.927,0.734,0.356,0.927,0.686,0.605,0.803,0.81,0.942,0.464,0.687,0.761,0.73,0.927,0.451,0.73,0.73,0.631,0.731,0.87,0.908,0.731,0.731,0.406,0.692,0.581,0.581,0.57,0.668,0.458,0.645,0.485,0.779,0.921,0.88,0.907,0.68,0.458,0.759,0.619,0.892,0.562,0.916,0.538,0.393,0.676,0.538,0.809,0.528,0.86,0.53,0.313,0.577,0.786,0.655,0.509,0.409,0.786,0.791,0.747,0.778,0.293,0.791,0.798,0.791,0.786,0.776,0.199,0.198,0.295,0.628,0.929,0.841,0.848,0.809,0.303,0.914,0.292,0.894,0.686,0.841,0.777,0.769,0.95,0.934,0.946
0.475,0.475,0.468,0.468,0.489,0.345,0.796,0.625,0.342,0.622,0.625,0.776,0.645,0.489,0.776,0.625,0.645,0.489,0.876,0.645,0.477,0.691,0.477,0.616,0.645,0.796,0.616,0.625,0.63,0.622,0.63,0.691,0.649,0.734,0.847,0.734,0.066,0.847,0.649,0.066,0.691,0.734,0.18,0.509,0.734,0.066,0.726,0.18,0.9,0.18,0.374,0.712,0.634,0.745,0.097,0.745,0.756,0.305,0.305,0.305,0.733,0.097,0.756,0.097,0.634,0.733,0.762,0.745,0.762,0.674,0.674,0.674,0.639,0.426,0.447,0.584,0.849,0.098,0.687,0.849,0.33,0.426,0.404,0.723,0.821,0.404,0.687,0.583,0.351,0.092,0.426,0.465,0.573,0.731,0.659,0.404,0.619,0.659,0.659,0.576,0.262,0.421,0.118,0.262,0.262,0.107,0.709,0.897,0.897,0.897,0.543,0.419,0.361,0.449,0.833,0.103,0.524,0.538,0.396,0.419,0.721,0.358,0.569,0.313,0.319,0.488,0.104,0.077,0.488,0.405,0.325,0.434,0.322,0.517,0.178,0.464,0.081,0.488,0.069,0.464,0.487,0.604,0.312,0.326,0.487,0.177,0.487,0.464,0.312,0.437,0.654,0.665,0.168,0.266,0.143,0.346,0.064,0.696,0.178,0.671,0.171,0.163,0.145,0.16,0.156,0.215,0.211,0.066
0.782,0.782,0.754,0.754,0.826,0.373,0.782,0.664,0.375,0.9,0.664,0.804,0.616,0.826,0.804,0.664,0.616,0.826,0.232,0.616,0.713,0.885,0.713,0.551,0.616,0.782,0.551,0.664,0.65,0.9,0.65,0.885,0.974,0.596,0.768,0.596,0.039,0.768,0.974,0.039,0.963,0.596,0.111,0.333,0.596,0.039,0.518,0.111,0.897,0.111,0.39,0.917,0.67,0.982,0.025,0.982,0.984,0.108,0.108,0.108,0.884,0.025,0.984,0.025,0.67,0.884,0.599,0.96,0.599,0.603,0.603,0.603,0.979,0.89,0.268,0.727,0.794,0.98,0.641,0.794,0.557,0.89,0.876,0.52,0.936,0.876,0.641,0.716,0.565,0.941,0.89,0.235,0.717,0.489,0.555,0.876,0.988,0.555,0.555,0.711,0.528,0.85,0.982,0.528,0.528,0.934,0.637,0.179,0.179,0.223,0.635,0.916,0.783,0.921,0.429,0.975,0.708,0.889,0.769,0.916,0.689,0.779,0.721,0.724,0.518,0.117,0.897,0.445,0.117,0.807,0.826,0.747,0.865,0.438,0.735,0.805,0.443,0.126,0.446,0.805,0.691,0.73,0.355,0.65,0.691,0.771,0.691,0.805,0.348,0.92,0.56,0.894,0.515,0.819,0.458,0.361,0.545,0.924,0.707,0.603,0.696,0.571,0.564,0.552,0.573,0.272,0.283,0.355
0.99,0.99,0.989,0.989,0.805,0.343,0.933,0.819,0.461,0.71,0.819,0.92,0.826,0.805,0.92,0.819,0.826,0.805,0.266,0.826,0.926,0.736,0.926,0.781,0.826,0.933,0.781,0.819,0.859,0.71,0.859,0.736,0.679,0.795,0.851,0.795,0.591,0.851,0.679,0.591,0.865,0.795,0.444,0.884,0.795,0.591,0.137,0.444,0.481,0.444,0.511,0.896,0.893,0.789,0.466,0.789,0.809,0.504,0.504,0.504,0.719,0.466,0.809,0.466,0.893,0.719,0.781,0.414,0.781,0.718,0.718,0.718,0.47,0.656,0.79,0.507,0.733,0.036,0.74,0.733,0.751,0.656,0.774,0.772,0.513,0.774,0.74,0.657,0.848,0.068,0.656,0.817,0.53,0.642,0.421,0.774,0.372,0.421,0.421,0.655,0.388,0.729,0.033,0.388,0.388,0.039,0.611,0.628,0.628,0.569,0.101,0.947,0.261,0.91,0.739,0.057,0.347,0.737,0.21,0.947,0.627,0.196,0.447,0.263,0.834,0.525,0.035,0.194,0.525,0.496,0.254,0.875,0.216,0.068,0.094,0.481,0.271,0.448,0.259,0.481,0.425,0.375,0.359,0.165,0.425,0.097,0.425,0.481,0.353,0.5,0.12,0.196,0.64,0.082,0.466,0.383,0.676,0.214,0.516,0.115,0.493,0.674,0.387,0.576,0.497,0.245,0.318,0.13
0.214,0.214,0.231,0.231,0.036,0.978,0.213,0.246,0.979,0.212,0.246,0.242,0.205,0.036,0.242,0.246,0.205,0.036,0.93,0.205,0.273,0.238,0.273,0.231,0.205,0.213,0.231,0.246,0.266,0.212,0.266,0.238,0.115,0.195,0.211,0.195,0.053,0.211,0.115,0.053,0.445,0.195,0.277,0.809,0.195,0.053,0.984,0.277,0.2,0.277,0.967,0.443,0.223,0.172,0.135,0.172,0.182,0.471,0.471,0.471,0.213,0.135,0.182,0.135,0.223,0.213,0.225,0.261,0.225,0.374,0.374,0.374,0.545,0.004,0.802,0.803,0.466,0.391,0.387,0.466,0.348,0.004,0.066,0.752,0.363,0.066,0.387,0.804,0.354,0.399,0.004,0.822,0.813,0.791,0.518,0.066,0.313,0.518,0.518,0.81,0.533,0.224,0.442,0.533,0.533,0.312,0.769,0.635,0.635,0.69,0.694,0.102,0.373,0.083,0.729,0.586,0.465,0.206,0.53,0.102,0.764,0.529,0.467,0.375,0.453,0.253,0.42,0.924,0.253,0.231,0.486,0.061,0.509,0.522,0.226,0.336,0.696,0.288,0.8,0.336,0.376,0.265,0.243,0.381,0.376,0.258,0.376,0.336,0.244,0.37,0.354,0.437,0.814,0.322,0.926,0.262,0.888,0.431,0.647,0.446,0.746,0.854,0.94,0.912,0.83,0.731,0.58,0.962
0.574,0.574,0.558,0.558,0.449,0.375,0.557,0.52,0.508,0.452,0.52,0.574,0.484,0.449,0.574,0.52,0.484,0.449,0.99,0.484,0.61,0.531,0.61,0.427,0.484,0.557,0.427,0.52,0.493,0.452,0.493,0.531,0.35,0.551,0.638,0.551,0.478,0.638,0.35,0.478,0.356,0.551,0.462,0.68,0.551,0.478,0.962,0.462,0.599,0.462,0.622,0.279,0.405,0.427,0.233,0.427,0.394,0.204,0.204,0.204,0.51,0.233,0.394,0.233,0.405,0.51,0.536,0.492,0.536,0.758,0.758,0.758,0.531,0.326,0.598,0.286,0.777,0.078,0.753,0.777,0.601,0.326,0.434,0.458,0.458,0.434,0.753,0.357,0.445,0.085,0.326,0.617,0.295,0.371,0.985,0.434,0.937,0.985,0.985,0.359,0.982,0.701,0.042,0.982,0.982,0.129,0.32,0.614,0.614,0.564,0.726,0.641,0.692,0.721,0.569,0.052,0.317,0.698,0.735,0.641,0.391,0.724,0.258,0.318,0.607,0.591,0.149,0.617,0.591,0.348,0.277,0.734,0.26,0.752,0.184,0.613,0.525,0.546,0.465,0.613,0.594,0.229,0.321,0.667,0.594,0.122,0.594,0.613,0.325,0.877,0.879,0.887,0.538,0.092,0.765,0.386,0.863,0.879,0.947,0.848,0.96,0.551,0.754,0.794,0.778,0.803,0.802,0.594
0.748,0.748,0.87,0.87,0.868,0.369,0.862,0.641,0.403,0.647,0.641,0.711,0.944,0.868,0.711,0.641,0.944,0.868,0.863,0.944,0.871,0.422,0.871,0.931,0.944,0.862,0.931,0.641,0.665,0.647,0.665,0.422,0.896,0.638,0.735,0.638,0.365,0.735,0.896,0.365,0.838,0.638,0.269,0.91,0.638,0.365,0.786,0.269,0.435,0.269,0.366,0.842,0.379,0.938,0.162,0.938,0.932,0.101,0.101,0.101,0.398,0.162,0.932,0.162,0.379,0.398,0.713,0.331,0.713,0.205,0.205,0.205,0.767,0.842,0.961,0.784,0.7,0.218,0.62,0.7,0.902,0.842,0.316,0.796,0.326,0.316,0.62,0.778,0.902,0.171,0.842,0.92,0.811,0.796,0.383,0.316,0.982,0.383,0.383,0.799,0.394,0.586,0.215,0.394,0.394,0.28,0.738,0.499,0.499,0.635,0.438,0.953,0.42,0.96,0.735,0.133,0.208,0.657,0.467,0.953,0.769,0.473,0.158,0.336,0.869,0.868,0.198,0.288,0.868,0.704,0.386,0.27,0.385,0.717,0.228,0.752,0.272,0.881,0.38,0.752,0.696,0.29,0.381,0.175,0.696,0.182,0.696,0.752,0.414,0.175,0.114,0.181,0.485,0.264,0.452,0.421,0.555,0.12,0.54,0.109,0.564,0.486,0.437,0.432,0.416,0.853,0.8,0.646
0.341,0.341,0.242,0.242,0.307,0.186,0.762,0.575,0.192,0.52,0.575,0.678,0.698,0.307,0.678,0.575,0.698,0.307,0.594,0.698,0.28,0.527,0.28,0.792,0.698,0.762,0.792,0.575,0.778,0.52,0.778,0.527,0.603,0.73,0.736,0.73,0.482,0.736,0.603,0.482,0.44,0.73,0.35,0.133,0.73,0.482,0.508,0.35,0.24,0.35,0.246,0.295,0.558,0.633,0.728,0.633,0.591,0.647,0.647,0.647,0.664,0.728,0.591,0.728,0.558,0.664,0.807,0.256,0.807,0.64,0.64,0.64,0.638,0.786,0.094,0.329,0.483,0.189,0.327,0.483,0.342,0.786,0.731,0.414,0.265,0.731,0.327,0.334,0.343,0.254,0.786,0.098,0.307,0.421,0.579,0.731,0.814,0.579,0.579,0.314,0.524,0.431,0.232,0.524,0.524,0.112,0.323,0.942,0.942,0.957,0.827,0.539,0.017,0.591,0.457,0.335,0.172,0.577,0.019,0.539,0.31,0.019,0.173,0.029,0.378,0.983,0.136,0.621,0.983,0.316,0.036,0.6,0.033,0.865,0.302,0.634,0.454,0.986,0.434,0.634,0.648,0.218,0.734,0.445,0.648,0.35,0.648,0.634,0.716,0.348,0.552,0.48,0.307,0.372,0.445,0.841,0.031,0.544,0.062,0.674,0.079,0.299,0.391,0.365,0.33,0.06,0.067,0.141
0.308,0.308,0.22,0.22,0.195,0.537,0.072,0.069,0.539,0.274,0.069,0.13,0.066,0.195,0.13,0.069,0.066,0.195,0.704,0.066,0.269,0.287,0.269,0.052,0.066,0.072,0.052,0.069,0.072,0.274,0.072,0.287,0.401,0.078,0.084,0.078,0.13,0.084,0.401,0.13,0.975,0.078,0.691,0.653,0.078,0.13,0.767,0.691,0.446,0.691,0.423,0.942,0.854,0.53,0.163,0.53,0.512,0.748,0.748,0.748,0.304,0.163,0.512,0.163,0.854,0.304,0.082,0.551,0.082,0.74,0.74,0.74,0.998,0.239,0.626,0.702,0.929,0.505,0.849,0.929,0.761,0.239,0.886,0.75,0.631,0.886,0.849,0.745,0.823,0.49,0.239,0.611,0.722,0.727,0.792,0.886,0.437,0.792,0.792,0.756,0.639,0.84,0.501,0.639,0.639,0.462,0.937,0.956,0.956,0.89,0.78,0.263,0.631,0.404,0.89,0.573,0.566,0.91,0.562,0.263,0.945,0.536,0.605,0.586,0.862,0.639,0.476,0.562,0.639,0.116,0.307,0.899,0.31,0.513,0.626,0.942,0.531,0.485,0.396,0.942,0.917,0.856,0.856,0.314,0.917,0.428,0.917,0.942,0.88,0.443,0.467,0.352,0.58,0.51,0.631,0.876,0.441,0.37,0.632,0.441,0.628,0.497,0.692,0.653,0.694,0.611,0.653,0.737
0.331,0.331,0.3,0.3,0.079,0.629,0.223,0.214,0.647,0.114,0.214,0.188,0.223,0.079,0.188,0.214,0.223,0.079,0.436,0.223,0.24,0.092,0.24,0.226,0.223,0.223,0.226,0.214,0.122,0.114,0.122,0.092,0.087,0.221,0.185,0.221,0.403,0.185,0.087,0.403,0.917,0.221,0.424,0.623,0.221,0.403,0.138,0.424,0.868,0.424,0.719,0.829,0.479,0.052,0.183,0.052,0.048,0.206,0.206,0.206,0.139,0.183,0.048,0.183,0.479,0.139,0.206,0.863,0.206,0.607,0.607,0.607,0.644,0.088,0.561,0.791,0.57,0.843,0.442,0.57,0.883,0.088,0.52,0.895,0.787,0.52,0.442,0.797,0.869,0.841,0.088,0.552,0.794,0.885,0.653,0.52,0.697,0.653,0.653,0.797,0.652,0.892,0.89,0.652,0.652,0.813,0.656,0.814,0.814,0.698,0.742,0.705,0.209,0.87,0.795,0.873,0.902,0.901,0.214,0.705,0.669,0.22,0.67,0.103,0.859,0.859,0.882,0.639,0.859,0.64,0.186,0.846,0.182,0.738,0.784,0.644,0.755,0.856,0.535,0.644,0.759,0.983,0.733,0.194,0.759,0.811,0.759,0.644,0.755,0.172,0.361,0.283,0.765,0.8,0.639,0.733,0.469,0.213,0.485,0.25,0.479,0.783,0.628,0.7,0.679,0.437,0.486,0.741
0.503,0.503,0.442,0.442,0.084,0.499,0.417,0.38,0.487,0.289,0.38,0.435,0.343,0.084,0.435,0.38,0.343,0.084,0.731,0.343,0.659,0.295,0.659,0.319,0.343,0.417,0.319,0.38,0.339,0.289,0.339,0.295,0.302,0.589,0.571,0.589,0.202,0.571,0.302,0.202,0.262,0.589,0.084,0.989,0.589,0.202,0.435,0.084,0.939,0.084,0.372,0.412,0.069,0.265,0.221,0.265,0.266,0.118,0.118,0.118,0.436,0.221,0.266,0.221,0.069,0.436,0.514,0.931,0.514,0.043,0.043,0.043,0.498,0.218,0.974,0.319,0.035,0.983,0.101,0.035,0.528,0.218,0.308,0.511,0.947,0.308,0.101,0.376,0.555,0.997,0.218,0.976,0.311,0.439,0.045,0.308,0.45,0.045,0.045,0.378,0.11,0.152,0.975,0.11,0.11,0.976,0.393,0.132,0.132,0.137,0.028,0.487,0.031,0.478,0.518,0.998,0.315,0.098,0.028,0.487,0.368,0.027,0.196,0.017,0.587,0.258,0.99,0.558,0.258,0.683,0.013,0.193,0.016,0.051,0.986,0.267,0.502,0.257,0.29,0.267,0.322,0.485,0.804,0.548,0.322,0.97,0.322,0.267,0.787,0.422,0.441,0.309,0.503,0.976,0.449,0.826,0.399,0.312,0.422,0.408,0.424,0.435,0.495,0.409,0.473,0.499,0.517,0.557
0.949,0.949,0.967,0.967,0.81,0.696,0.959,0.873,0.732,0.996,0.873,0.937,0.935,0.81,0.937,0.873,0.935,0.81,0.97,0.935,0.988,0.995,0.988,0.924,0.935,0.959,0.924,0.873,0.894,0.996,0.894,0.995,0.898,0.889,0.95,0.889,0.987,0.95,0.898,0.987,0.882,0.889,0.986,0.382,0.889,0.987,0.999,0.986,0.146,0.986,0.848,0.891,0.678,0.9,0.975,0.9,0.903,0.976,0.976,0.976,0.99,0.975,0.903,0.975,0.678,0.99,0.906,0.175,0.906,0.815,0.815,0.815,0.886,0.771,0.366,0.471,0.973,0.27,0.979,0.973,0.684,0.771,0.785,0.596,0.178,0.785,0.979,0.486,0.71,0.36,0.771,0.344,0.474,0.575,0.975,0.785,0.704,0.975,0.975,0.483,0.977,0.988,0.31,0.977,0.977,0.292,0.419,0.988,0.988,0.979,0.507,0.946,0.124,0.945,0.581,0.405,0.757,0.989,0.134,0.946,0.421,0.122,0.827,0.135,0.614,0.912,0.441,0.102,0.912,0.576,0.123,0.944,0.125,0.498,0.462,0.955,0.106,0.902,0.062,0.955,0.956,0.642,0.423,0.06,0.956,0.372,0.956,0.955,0.408,0.042,0.065,0.058,0.088,0.402,0.162,0.322,0.281,0.06,0.246,0.063,0.235,0.08,0.171,0.2,0.183,0.394,0.401,0.335
0.931,0.931,0.931,0.931,0.01,0.426,0.957,0.983,0.457,0.693,0.983,0.971,0.98,0.01,0.971,0.983,0.98,0.01,0.872,0.98,0.993,0.768,0.993,0.951,0.98,0.957,0.951,0.983,0.942,0.693,0.942,0.768,0.956,0.959,0.96,0.959,0.71,0.96,0.956,0.71,0.772,0.959,0.647,0.552,0.959,0.71,0.715,0.647,0.196,0.647,0.292,0.839,0.384,0.94,0.678,0.94,0.957,0.495,0.495,0.495,0.848,0.678,0.957,0.678,0.384,0.848,0.964,0.073,0.964,0.112,0.112,0.112,0.897,0.003,0.534,0.781,0.153,0.448,0.102,0.153,0.799,0.003,0.062,0.677,0.062,0.062,0.102,0.779,0.82,0.406,0.003,0.517,0.823,0.69,0.058,0.062,0.15,0.058,0.058,0.766,0.039,0.08,0.478,0.039,0.039,0.345,0.751,0.898,0.898,0.907,0.59,0.014,0.68,0.01,0.661,0.378,0.886,0.132,0.752,0.014,0.811,0.751,0.884,0.758,0.753,0.922,0.252,0.56,0.922,0.113,0.818,0.395,0.812,0.61,0.291,0.056,0.576,0.914,0.708,0.056,0.067,0.513,0.408,0.738,0.067,0.424,0.067,0.056,0.377,0.655,0.808,0.732,0.761,0.441,0.496,0.318,0.842,0.722,0.753,0.762,0.756,0.68,0.554,0.594,0.608,0.779,0.845,0.919
0.56,0.56,0.659,0.659,0.394,0.208,0.56,0.514,0.197,0.352,0.514,0.642,0.486,0.394,0.642,0.514,0.486,0.394,0.343,0.486,0.91,0.382,0.91,0.481,0.486,0.56,0.481,0.514,0.465,0.352,0.465,0.382,0.395,0.482,0.562,0.482,0.677,0.562,0.395,0.677,0.583,0.482,0.67,0.548,0.482,0.677,0.086,0.67,0.276,0.67,0.269,0.584,0.725,0.379,0.702,0.379,0.384,0.705,0.705,0.705,0.354,0.702,0.384,0.702,0.725,0.354,0.437,0.513,0.437,0.416,0.416,0.416,0.576,0.506,0.654,0.353,0.601,0.608,0.598,0.601,0.524,0.506,0.678,0.431,0.488,0.678,0.598,0.328,0.518,0.771,0.506,0.579,0.349,0.403,0.451,0.678,0.475,0.451,0.451,0.337,0.432,0.735,0.451,0.432,0.432,0.491,0.394,0.83,0.83,0.609,0.345,0.697,0.715,0.326,0.446,0.688,0.491,0.74,0.887,0.697,0.402,0.887,0.39,0.911,0.531,0.8,0.521,0.168,0.8,0.539,0.949,0.644,0.951,0.649,0.663,0.636,0.156,0.643,0.339,0.636,0.63,0.319,0.951,0.116,0.63,0.552,0.63,0.636,0.955,0.215,0.199,0.218,0.502,0.62,0.586,0.991,0.269,0.263,0.166,0.216,0.163,0.495,0.48,0.551,0.441,0.206,0.217,0.261
0.701,0.701,0.643,0.643,0.741,0.096,0.453,0.384,0.09,0.307,0.384,0.461,0.365,0.741,0.461,0.384,0.365,0.741,0.482,0.365,0.732,0.329,0.732,0.388,0.365,0.453,0.388,0.384,0.407,0.307,0.407,0.329,0.219,0.389,0.522,0.389,0.563,0.522,0.219,0.563,0.782,0.389,0.596,0.972,0.389,0.563,0.52,0.596,0.884,0.596,0.044,0.738,0.771,0.277,0.848,0.277,0.288,0.747,0.747,0.747,0.298,0.848,0.288,0.848,0.771,0.298,0.399,0.97,0.399,0.787,0.787,0.787,0.514,0.232,0.962,0.734,0.87,0.941,0.875,0.87,0.834,0.232,0.714,0.879,0.919,0.714,0.875,0.803,0.836,0.894,0.232,0.963,0.734,0.905,0.934,0.714,0.249,0.934,0.934,0.782,0.901,0.979,0.916,0.901,0.901,0.971,0.749,0.08,0.08,0.092,0.088,0.018,0.976,0.011,0.876,0.792,0.576,0.954,0.975,0.018,0.779,0.976,0.636,0.856,0.814,0.115,0.972,0.975,0.115,0.016,0.775,0.845,0.782,0.113,0.977,0.611,0.938,0.131,0.98,0.611,0.669,0.617,0.636,0.929,0.669,0.939,0.669,0.611,0.656,0.797,0.831,0.688,0.979,0.908,0.979,0.636,0.985,0.785,0.981,0.875,0.982,0.964,0.974,0.979,0.975,0.867,0.785,0.841
0.419,0.419,0.391,0.391,0.041,0.694,0.96,0.891,0.616,0.783,0.891,0.972,0.898,0.041,0.972,0.891,0.898,0.041,0.708,0.898,0.353,0.79,0.353,0.915,0.898,0.96,0.915,0.891,0.907,0.783,0.907,0.79,0.887,0.903,0.948,0.903,0.661,0.948,0.887,0.661,0.511,0.903,0.614,0.096,0.903,0.661,0.492,0.614,0.313,0.614,0.723,0.504,0.57,0.855,0.493,0.855,0.835,0.413,0.413,0.413,0.792,0.493,0.835,0.493,0.57,0.792,0.938,0.293,0.938,0.627,0.627,0.627,0.613,0.077,0.108,0.203,0.602,0.36,0.642,0.602,0.321,0.077,0.181,0.267,0.299,0.181,0.642,0.201,0.301,0.495,0.077,0.103,0.21,0.269,0.591,0.181,0.132,0.591,0.591,0.201,0.442,0.782,0.345,0.442,0.442,0.405,0.185,0.736,0.736,0.715,0.928,0.569,0.056,0.598,0.24,0.446,0.727,0.762,0.037,0.569,0.17,0.06,0.719,0.088,0.325,0.757,0.571,0.364,0.757,0.918,0.039,0.561,0.061,0.94,0.594,0.387,0.34,0.736,0.252,0.387,0.371,0.412,0.95,0.432,0.371,0.83,0.371,0.387,0.949,0.744,0.53,0.863,0.469,0.827,0.68,0.957,0.3,0.853,0.37,0.492,0.361,0.468,0.687,0.635,0.657,0.438,0.413,0.465
0.202,0.202,0.189,0.189,0.323,0.95,0.192,0.207,0.95,0.136,0.207,0.216,0.165,0.323,0.216,0.207,0.165,0.323,0.247,0.165,0.194,0.189,0.194,0.169,0.165,0.192,0.169,0.207,0.211,0.136,0.211,0.189,0.069,0.155,0.203,0.155,0.273,0.203,0.069,0.273,0.203,0.155,0.213,0.299,0.155,0.273,0.236,0.213,0.022,0.213,0.951,0.191,0.215,0.119,0.374,0.119,0.129,0.247,0.247,0.247,0.152,0.374,0.129,0.374,0.215,0.152,0.167,0.024,0.167,0.061,0.061,0.061,0.219,0.162,0.223,0.815,0.038,0.047,0.036,0.038,0.219,0.162,0.072,0.645,0.023,0.072,0.036,0.802,0.219,0.033,0.162,0.252,0.834,0.62,0.009,0.072,0.333,0.009,0.009,0.825,0.009,0.006,0.032,0.009,0.009,0.147,0.665,0.524,0.524,0.522,0.561,0.841,0.745,0.752,0.601,0.03,0.049,0.007,0.787,0.841,0.673,0.781,0.057,0.781,0.236,0.503,0.131,0.705,0.503,0.808,0.804,0.034,0.797,0.71,0.179,0.082,0.711,0.718,0.745,0.082,0.066,0.126,0.122,0.843,0.066,0.048,0.066,0.082,0.12,0.712,0.688,0.669,0.762,0.063,0.762,0.128,0.988,0.643,0.986,0.65,0.987,0.814,0.746,0.775,0.731,0.42,0.421,0.458
0.376,0.376,0.427,0.427,0.863,0.742,0.357,0.291,0.576,0.253,0.291,0.307,0.364,0.863,0.307,0.291,0.364,0.863,0.572,0.364,0.351,0.205,0.351,0.456,0.364,0.357,0.456,0.291,0.277,0.253,0.277,0.205,0.131,0.279,0.28,0.279,0.506,0.28,0.131,0.506,0.717,0.279,0.482,0.192,0.279,0.506,0.311,0.482,0.032,0.482,0.605,0.791,0.331,0.081,0.503,0.081,0.08,0.335,0.335,0.335,0.211,0.503,0.08,0.503,0.331,0.211,0.28,0.023,0.28,0.117,0.117,0.117,0.746,0.772,0.301,0.699,0.555,0.021,0.571,0.555,0.6,0.772,0.329,0.601,0.024,0.329,0.571,0.7,0.619,0.018,0.772,0.263,0.711,0.555,0.279,0.329,0.79,0.279,0.279,0.705,0.256,0.619,0.025,0.256,0.256,0.072,0.457,0.528,0.528,0.544,0.195,0.944,0.419,0.946,0.424,0.019,0.086,0.624,0.451,0.944,0.442,0.481,0.121,0.449,0.452,0.668,0.065,0.868,0.668,0.764,0.6,0.493,0.589,0.332,0.063,0.573,0.842,0.679,0.848,0.573,0.387,0.07,0.209,0.984,0.387,0.045,0.387,0.573,0.21,0.891,0.769,0.926,0.912,0.042,0.964,0.197,0.962,0.951,0.958,0.89,0.948,0.947,0.945,0.962,0.935,0.962,0.965,0.964
0.834,0.834,0.846,0.846,0.506,0.025,0.749,0.569,0.032,0.636,0.569,0.688,0.65,0.506,0.688,0.569,0.65,0.506,0.613,0.65,0.505,0.598,0.505,0.703,0.65,0.749,0.703,0.569,0.632,0.636,0.632,0.598,0.445,0.46,0.541,0.46,0.934,0.541,0.445,0.934,0.18,0.46,0.925,0.967,0.46,0.934,0.624,0.925,0.946,0.925,0.036,0.17,0.553,0.765,0.748,0.765,0.744,0.771,0.771,0.771,0.478,0.748,0.744,0.748,0.553,0.478,0.464,0.936,0.464,0.479,0.479,0.479,0.274,0.469,0.963,0.289,0.526,0.984,0.47,0.526,0.131,0.469,0.665,0.126,0.927,0.665,0.47,0.29,0.115,0.955,0.469,0.974,0.29,0.117,0.489,0.665,0.288,0.489,0.489,0.303,0.437,0.548,0.988,0.437,0.437,0.993,0.234,0.743,0.743,0.769,0.637,0.473,0.262,0.421,0.112,0.964,0.941,0.593,0.294,0.473,0.231,0.248,0.941,0.305,0.108,0.368,0.977,0.69,0.368,0.667,0.295,0.632,0.297,0.572,0.97,0.75,0.633,0.393,0.856,0.75,0.743,0.827,0.051,0.797,0.743,0.95,0.743,0.75,0.049,0.946,0.78,0.964,0.944,0.963,0.961,0.064,0.981,0.976,0.984,0.747,0.985,0.968,0.955,0.95,0.946,0.987,0.989,0.991
0.445,0.445,0.441,0.441,0.982,0.474,0.359,0.486,0.476,0.406,0.486,0.384,0.463,0.982,0.384,0.486,0.463,0.982,0.117,0.463,0.496,0.473,0.496,0.394,0.463,0.359,0.394,0.486,0.489,0.406,0.489,0.473,0.245,0.601,0.437,0.601,0.997,0.437,0.245,0.997,0.556,0.601,0.98,0.974,0.601,0.997,0.131,0.98,0.992,0.98,0.441,0.535,0.748,0.239,1.0,0.239,0.251,0.999,0.999,0.999,0.539,1.0,0.251,1.0,0.748,0.539,0.601,0.911,0.601,0.555,0.555,0.555,0.813,0.95,0.937,0.511,0.986,0.913,0.997,0.986,0.642,0.95,0.38,0.606,0.972,0.38,0.997,0.544,0.679,0.408,0.95,0.988,0.521,0.59,1.0,0.38,0.374,1.0,1.0,0.548,1.0,0.954,0.929,1.0,1.0,0.987,0.661,0.189,0.189,0.143,0.215,0.042,0.746,0.036,0.734,0.408,0.773,0.913,0.724,0.042,0.684,0.587,0.762,0.791,0.705,0.18,0.682,0.435,0.18,0.046,0.834,0.529,0.83,0.24,0.839,0.849,0.426,0.147,0.532,0.849,0.875,0.949,0.082,0.498,0.875,0.535,0.875,0.849,0.076,0.522,0.605,0.59,0.336,0.539,0.324,0.081,0.751,0.576,0.71,0.51,0.71,0.331,0.333,0.319,0.322,0.72,0.739,0.6
0.146,0.146,0.143,0.143,0.84,0.953,0.172,0.172,0.954,0.107,0.172,0.187,0.121,0.84,0.187,0.172,0.121,0.84,0.152,0.121,0.122,0.156,0.122,0.134,0.121,0.172,0.134,0.172,0.177,0.107,0.177,0.156,0.066,0.102,0.174,0.102,0.009,0.174,0.066,0.009,0.546,0.102,0.01,0.874,0.102,0.009,0.22,0.01,0.055,0.01,0.943,0.553,0.27,0.127,0.024,0.127,0.131,0.031,0.031,0.031,0.089,0.024,0.131,0.024,0.27,0.089,0.109,0.047,0.109,0.152,0.152,0.152,0.764,0.588,0.928,0.756,0.197,0.31,0.203,0.197,0.333,0.588,0.029,0.708,0.058,0.029,0.203,0.795,0.367,0.263,0.588,0.94,0.771,0.679,0.215,0.029,0.979,0.215,0.215,0.803,0.211,0.088,0.228,0.211,0.211,0.317,0.787,0.063,0.063,0.104,0.613,0.471,0.291,0.544,0.711,0.2,0.446,0.066,0.285,0.471,0.817,0.282,0.446,0.337,0.442,0.088,0.239,0.837,0.088,0.948,0.335,0.054,0.34,0.558,0.414,0.034,0.923,0.136,0.989,0.034,0.046,0.374,0.429,0.897,0.046,0.337,0.046,0.034,0.437,0.884,0.714,0.851,0.988,0.298,0.875,0.451,0.418,0.864,0.539,0.696,0.523,0.991,0.881,0.931,0.929,0.451,0.507,0.613
0.913,0.913,0.845,0.845,0.171,0.048,0.769,0.767,0.046,0.664,0.767,0.8,0.704,0.171,0.8,0.767,0.704,0.171,0.494,0.704,0.865,0.706,0.865,0.77,0.704,0.769,0.77,0.767,0.81,0.664,0.81,0.706,0.822,0.545,0.773,0.545,0.014,0.773,0.822,0.014,0.012,0.545,0.027,0.12,0.545,0.014,0.684,0.027,0.415,0.027,0.049,0.01,0.418,0.86,0.017,0.86,0.851,0.017,0.017,0.017,0.688,0.017,0.851,0.017,0.418,0.688,0.639,0.155,0.639,0.461,0.461,0.461,0.03,0.698,0.06,0.016,0.054,0.836,0.019,0.054,0.012,0.698,0.658,0.016,0.196,0.658,0.019,0.017,0.011,0.853,0.698,0.071,0.014,0.013,0.248,0.658,0.573,0.248,0.248,0.019,0.245,0.275,0.862,0.245,0.245,0.57,0.01,0.219,0.219,0.277,0.476,0.592,0.16,0.685,0.02,0.89,0.738,0.347,0.088,0.592,0.01,0.077,0.769,0.192,0.013,0.24,0.484,0.717,0.24,0.615,0.118,0.767,0.127,0.301,0.551,0.065,0.719,0.33,0.787,0.065,0.029,0.823,0.73,0.359,0.029,0.832,0.029,0.065,0.705,0.262,0.464,0.263,0.619,0.84,0.643,0.623,0.492,0.231,0.439,0.497,0.45,0.606,0.596,0.509,0.59,0.463,0.43,0.624
0.78,0.78,0.682,0.682,0.206,0.016,0.664,0.53,0.019,0.397,0.53,0.597,0.52,0.206,0.597,0.53,0.52,0.206,0.657,0.52,0.705,0.436,0.705,0.498,0.52,0.664,0.498,0.53,0.514,0.397,0.514,0.436,0.339,0.499,0.709,0.499,0.314,0.709,0.339,0.314,0.023,0.499,0.244,0.256,0.499,0.314,0.968,0.244,0.472,0.244,0.017,0.023,0.604,0.37,0.308,0.37,0.38,0.238,0.238,0.238,0.391,0.308,0.38,0.308,0.604,0.391,0.527,0.338,0.527,0.624,0.624,0.624,0.01,0.248,0.232,0.001,0.74,0.7,0.703,0.74,0.007,0.248,0.15,0.002,0.515,0.15,0.703,0.002,0.002,0.625,0.248,0.202,0.002,0.002,0.851,0.15,0.779,0.851,0.851,0.001,0.807,0.14,0.77,0.807,0.807,0.656,0.001,0.7,0.7,0.582,0.911,0.643,0.327,0.498,0.002,0.691,0.047,0.151,0.331,0.643,0.001,0.3,0.044,0.225,0.003,0.493,0.514,0.782,0.493,0.775,0.304,0.147,0.296,0.763,0.042,0.214,0.727,0.651,0.536,0.214,0.191,0.049,0.33,0.552,0.191,0.035,0.191,0.214,0.33,0.817,0.867,0.797,0.887,0.05,0.941,0.317,0.846,0.793,0.939,0.894,0.97,0.826,0.967,0.859,0.904,0.964,0.948,0.792
0.864,0.864,0.836,0.836,0.85,0.266,0.755,0.694,0.256,0.45,0.694,0.741,0.699,0.85,0.741,0.694,0.699,0.85,0.621,0.699,0.857,0.485,0.857,0.774,0.699,0.755,0.774,0.694,0.759,0.45,0.759,0.485,0.6,0.879,0.75,0.879,0.82,0.75,0.6,0.82,0.428,0.879,0.751,0.265,0.879,0.82,0.485,0.751,0.371,0.751,0.149,0.453,0.43,0.454,0.348,0.454,0.449,0.326,0.326,0.326,0.662,0.348,0.449,0.348,0.43,0.662,0.869,0.448,0.869,0.468,0.468,0.468,0.591,0.838,0.39,0.679,0.264,0.647,0.217,0.264,0.274,0.838,0.541,0.859,0.382,0.541,0.217,0.669,0.275,0.514,0.838,0.353,0.648,0.87,0.424,0.541,0.163,0.424,0.424,0.639,0.415,0.258,0.602,0.415,0.415,0.757,0.668,0.547,0.547,0.521,0.669,0.716,0.477,0.733,0.82,0.589,0.706,0.281,0.509,0.716,0.671,0.513,0.681,0.489,0.282,0.46,0.745,0.651,0.46,0.224,0.462,0.361,0.463,0.566,0.671,0.396,0.639,0.433,0.668,0.396,0.435,0.577,0.877,0.677,0.435,0.437,0.435,0.396,0.876,0.67,0.652,0.847,0.028,0.568,0.008,0.831,0.053,0.741,0.031,0.528,0.035,0.029,0.009,0.013,0.011,0.019,0.02,0.041
0.288,0.288,0.271,0.271,0.917,0.997,0.272,0.257,0.998,0.187,0.257,0.297,0.229,0.917,0.297,0.257,0.229,0.917,0.753,0.229,0.236,0.23,0.236,0.242,0.229,0.272,0.242,0.257,0.27,0.187,0.27,0.23,0.102,0.228,0.275,0.228,0.279,0.275,0.102,0.279,0.557,0.228,0.33,0.157,0.228,0.279,0.538,0.33,0.764,0.33,0.998,0.558,0.791,0.151,0.237,0.151,0.154,0.283,0.283,0.283,0.209,0.237,0.154,0.237,0.791,0.209,0.244,0.901,0.244,0.57,0.57,0.57,0.586,0.9,0.135,0.551,0.543,0.919,0.566,0.543,0.39,0.9,0.875,0.765,0.904,0.875,0.566,0.616,0.398,0.915,0.9,0.124,0.562,0.674,0.288,0.875,0.827,0.288,0.288,0.626,0.318,0.618,0.918,0.318,0.318,0.928,0.607,0.645,0.645,0.724,0.862,0.769,0.714,0.75,0.724,0.912,0.878,0.59,0.807,0.769,0.59,0.802,0.843,0.491,0.5,0.573,0.939,0.633,0.573,0.924,0.538,0.827,0.474,0.901,0.934,0.615,0.546,0.687,0.687,0.615,0.661,0.873,0.499,0.553,0.661,0.658,0.661,0.615,0.505,0.875,0.443,0.871,0.878,0.654,0.853,0.568,0.711,0.894,0.85,0.414,0.832,0.879,0.85,0.826,0.812,0.685,0.694,0.429
0.91,0.91,0.942,0.942,0.601,0.145,0.918,0.951,0.131,0.94,0.951,0.941,0.921,0.601,0.941,0.951,0.921,0.601,0.92,0.921,0.896,0.95,0.896,0.852,0.921,0.918,0.852,0.951,0.884,0.94,0.884,0.95,0.907,0.847,0.854,0.847,0.187,0.854,0.907,0.187,0.367,0.847,0.818,0.591,0.847,0.187,0.917,0.818,0.509,0.818,0.17,0.375,0.652,0.888,0.335,0.888,0.878,0.729,0.729,0.729,0.937,0.335,0.878,0.335,0.652,0.937,0.808,0.567,0.808,0.724,0.724,0.724,0.259,0.368,0.58,0.572,0.449,0.381,0.371,0.449,0.479,0.368,0.768,0.416,0.499,0.768,0.371,0.575,0.481,0.483,0.368,0.554,0.526,0.407,0.682,0.768,0.631,0.682,0.682,0.527,0.467,0.727,0.309,0.467,0.467,0.653,0.468,0.546,0.546,0.579,0.53,0.213,0.903,0.243,0.335,0.384,0.881,0.775,0.89,0.213,0.477,0.852,0.924,0.824,0.449,0.581,0.77,0.927,0.581,0.389,0.819,0.737,0.815,0.568,0.843,0.522,0.96,0.613,0.845,0.522,0.473,0.88,0.228,0.89,0.473,0.55,0.473,0.522,0.221,0.697,0.869,0.723,0.863,0.448,0.814,0.228,0.933,0.679,0.954,0.799,0.944,0.74,0.885,0.807,0.911,0.697,0.74,0.797
0.651,0.651,0.542,0.542,0.595,0.144,0.677,0.812,0.161,0.838,0.812,0.691,0.792,0.595,0.691,0.812,0.792,0.595,0.37,0.792,0.93,0.855,0.93,0.713,0.792,0.677,0.713,0.812,0.738,0.838,0.738,0.855,0.908,0.892,0.684,0.892,0.627,0.684,0.908,0.627,0.419,0.892,0.612,0.744,0.892,0.627,0.4,0.612,0.693,0.612,0.147,0.396,0.782,0.883,0.484,0.883,0.901,0.605,0.605,0.605,0.831,0.484,0.901,0.484,0.782,0.831,0.819,0.776,0.819,0.717,0.717,0.717,0.375,0.552,0.854,0.888,0.633,0.802,0.589,0.633,0.236,0.552,0.787,0.528,0.763,0.787,0.589,0.885,0.235,0.904,0.552,0.85,0.89,0.483,0.55,0.787,0.55,0.55,0.55,0.888,0.581,0.435,0.804,0.581,0.581,0.685,0.96,0.006,0.006,0.007,0.097,0.067,0.986,0.074,0.458,0.906,0.9,0.468,0.969,0.067,0.938,0.963,0.868,0.868,0.241,0.003,0.688,0.781,0.003,0.351,0.794,0.717,0.772,0.062,0.941,0.584,0.739,0.005,0.619,0.584,0.542,0.915,0.245,0.382,0.542,0.974,0.542,0.584,0.247,0.267,0.556,0.311,0.077,0.953,0.041,0.236,0.05,0.316,0.092,0.508,0.096,0.075,0.049,0.042,0.045,0.032,0.031,0.042
0.625,0.625,0.639,0.639,0.208,0.148,0.601,0.436,0.136,0.346,0.436,0.595,0.43,0.208,0.595,0.436,0.43,0.208,0.024,0.43,0.597,0.363,0.597,0.44,0.43,0.601,0.44,0.436,0.451,0.346,0.451,0.363,0.216,0.429,0.585,0.429,0.424,0.585,0.216,0.424,0.266,0.429,0.436,0.747,0.429,0.424,0.045,0.436,0.793,0.436,0.119,0.271,0.789,0.24,0.243,0.24,0.237,0.265,0.265,0.265,0.339,0.243,0.237,0.243,0.789,0.339,0.415,0.794,0.415,0.639,0.639,0.639,0.374,0.137,0.734,0.984,0.707,0.657,0.725,0.707,0.192,0.137,0.577,0.136,0.779,0.577,0.725,0.982,0.163,0.692,0.137,0.718,0.983,0.141,0.747,0.577,0.039,0.747,0.747,0.981,0.738,0.749,0.642,0.738,0.738,0.643,0.983,0.109,0.109,0.138,0.02,0.149,0.927,0.129,0.139,0.645,0.853,0.758,0.944,0.149,0.985,0.964,0.729,0.961,0.099,0.042,0.652,0.732,0.042,0.037,0.956,0.886,0.949,0.016,0.859,0.339,0.74,0.068,0.911,0.339,0.291,0.897,0.045,0.922,0.291,0.849,0.291,0.339,0.042,0.63,0.746,0.528,0.46,0.842,0.343,0.058,0.416,0.474,0.364,0.645,0.363,0.514,0.354,0.333,0.325,0.414,0.431,0.503
0.677,0.677,0.769,0.769,0.21,0.136,0.587,0.387,0.179,0.673,0.387,0.481,0.449,0.21,0.481,0.387,0.449,0.21,0.344,0.449,0.623,0.479,0.623,0.491,0.449,0.587,0.491,0.387,0.415,0.673,0.415,0.479,0.756,0.468,0.453,0.468,0.119,0.453,0.756,0.119,0.231,0.468,0.082,0.183,0.468,0.119,0.599,0.082,0.017,0.082,0.248,0.305,0.027,0.627,0.168,0.627,0.617,0.124,0.124,0.124,0.38,0.168,0.617,0.168,0.027,0.38,0.46,0.022,0.46,0.009,0.009,0.009,0.177,0.257,0.2,0.204,0.211,0.231,0.198,0.211,0.456,0.257,0.186,0.284,0.017,0.186,0.198,0.2,0.462,0.445,0.257,0.156,0.207,0.312,0.092,0.186,0.556,0.092,0.092,0.196,0.085,0.399,0.281,0.085,0.085,0.168,0.202,0.543,0.543,0.559,0.375,0.55,0.276,0.532,0.306,0.491,0.618,0.235,0.318,0.55,0.193,0.315,0.602,0.299,0.457,0.71,0.286,0.313,0.71,0.508,0.315,0.117,0.305,0.545,0.375,0.139,0.376,0.726,0.223,0.139,0.189,0.647,0.832,0.185,0.189,0.526,0.189,0.139,0.853,0.132,0.152,0.095,0.413,0.497,0.619,0.877,0.452,0.095,0.457,0.136,0.449,0.481,0.553,0.679,0.616,0.431,0.444,0.561
0.639,0.639,0.53,0.53,0.722,0.418,0.462,0.528,0.328,0.431,0.528,0.489,0.453,0.722,0.489,0.528,0.453,0.722,0.229,0.453,0.556,0.503,0.556,0.465,0.453,0.462,0.465,0.528,0.521,0.431,0.521,0.503,0.303,0.582,0.484,0.582,0.557,0.484,0.303,0.557,0.293,0.582,0.7,0.719,0.582,0.557,0.335,0.7,0.401,0.7,0.417,0.32,0.178,0.348,0.715,0.348,0.353,0.806,0.806,0.806,0.499,0.715,0.353,0.715,0.178,0.499,0.605,0.3,0.605,0.743,0.743,0.743,0.478,0.42,0.558,0.736,0.415,0.154,0.386,0.415,0.603,0.42,0.4,0.627,0.304,0.4,0.386,0.731,0.625,0.245,0.42,0.393,0.77,0.636,0.634,0.4,0.253,0.634,0.634,0.758,0.541,0.328,0.15,0.541,0.541,0.18,0.855,0.033,0.033,0.04,0.035,0.2,0.786,0.15,0.671,0.28,0.203,0.337,0.737,0.2,0.898,0.732,0.21,0.679,0.679,0.012,0.18,0.502,0.012,0.214,0.583,0.303,0.59,0.035,0.279,0.657,0.482,0.016,0.789,0.657,0.715,0.169,0.12,0.614,0.715,0.267,0.715,0.657,0.122,0.773,0.363,0.747,0.721,0.256,0.437,0.116,0.114,0.718,0.071,0.247,0.072,0.681,0.389,0.413,0.368,0.053,0.054,0.067
0.197,0.197,0.252,0.252,0.113,0.288,0.747,0.806,0.318,0.932,0.806,0.632,0.872,0.113,0.632,0.806,0.872,0.113,0.897,0.872,0.283,0.888,0.283,0.823,0.872,0.747,0.823,0.806,0.761,0.932,0.761,0.888,0.807,0.807,0.698,0.807,0.42,0.698,0.807,0.42,0.374,0.807,0.388,0.633,0.807,0.42,0.97,0.388,0.33,0.388,0.315,0.39,0.219,0.625,0.252,0.625,0.607,0.285,0.285,0.285,0.888,0.252,0.607,0.252,0.219,0.888,0.82,0.326,0.82,0.163,0.163,0.163,0.378,0.243,0.563,0.222,0.411,0.714,0.415,0.411,0.307,0.243,0.28,0.245,0.32,0.28,0.415,0.222,0.304,0.556,0.243,0.583,0.202,0.238,0.359,0.28,0.85,0.359,0.359,0.211,0.408,0.176,0.712,0.408,0.408,0.672,0.195,0.121,0.121,0.08,0.068,0.163,0.515,0.118,0.228,0.55,0.137,0.168,0.455,0.163,0.226,0.455,0.122,0.521,0.312,0.145,0.48,0.735,0.145,0.099,0.504,0.16,0.5,0.078,0.85,0.304,0.682,0.102,0.839,0.304,0.341,0.128,0.208,0.616,0.341,0.652,0.341,0.304,0.214,0.639,0.514,0.618,0.774,0.702,0.776,0.212,0.166,0.647,0.161,0.474,0.175,0.731,0.806,0.743,0.783,0.293,0.252,0.431
0.986,0.986,0.982,0.982,0.738,0.172,0.956,0.947,0.174,0.597,0.947,0.956,0.936,0.738,0.956,0.947,0.936,0.738,0.215,0.936,0.99,0.572,0.99,0.913,0.936,0.956,0.913,0.947,0.925,0.597,0.925,0.572,0.815,0.899,0.954,0.899,0.381,0.954,0.815,0.381,0.175,0.899,0.527,0.115,0.899,0.381,0.3,0.527,0.477,0.527,0.165,0.137,0.14,0.823,0.373,0.823,0.808,0.368,0.368,0.368,0.597,0.373,0.808,0.373,0.14,0.597,0.868,0.366,0.868,0.289,0.289,0.289,0.113,0.845,0.12,0.083,0.391,0.564,0.447,0.391,0.092,0.845,0.203,0.08,0.348,0.203,0.447,0.084,0.077,0.529,0.845,0.113,0.079,0.091,0.539,0.203,0.928,0.539,0.539,0.077,0.461,0.503,0.533,0.461,0.461,0.615,0.073,0.788,0.788,0.813,0.87,0.99,0.147,0.989,0.062,0.476,0.468,0.436,0.087,0.99,0.07,0.09,0.455,0.198,0.08,0.874,0.494,0.769,0.874,0.922,0.219,0.227,0.176,0.92,0.705,0.631,0.735,0.893,0.838,0.631,0.662,0.571,0.623,0.571,0.662,0.573,0.662,0.631,0.609,0.616,0.849,0.757,0.468,0.666,0.644,0.59,0.537,0.822,0.67,0.796,0.68,0.485,0.61,0.496,0.492,0.963,0.876,0.552
0.199,0.199,0.184,0.184,0.792,0.482,0.215,0.113,0.549,0.087,0.113,0.168,0.149,0.792,0.168,0.113,0.149,0.792,0.66,0.149,0.098,0.082,0.098,0.159,0.149,0.215,0.159,0.113,0.119,0.087,0.119,0.082,0.234,0.151,0.177,0.151,0.737,0.177,0.234,0.737,0.62,0.151,0.745,0.729,0.151,0.737,0.565,0.745,0.817,0.745,0.473,0.577,0.665,0.229,0.797,0.229,0.229,0.719,0.719,0.719,0.132,0.797,0.229,0.797,0.665,0.132,0.139,0.581,0.139,0.246,0.246,0.246,0.682,0.496,0.783,0.74,0.379,0.111,0.564,0.379,0.616,0.496,0.562,0.524,0.579,0.562,0.564,0.789,0.516,0.065,0.496,0.756,0.758,0.606,0.269,0.562,0.118,0.269,0.269,0.8,0.229,0.521,0.113,0.229,0.229,0.167,0.759,0.818,0.818,0.85,0.547,0.609,0.465,0.618,0.47,0.063,0.276,0.444,0.379,0.609,0.766,0.375,0.345,0.365,0.469,0.805,0.121,0.013,0.805,0.156,0.261,0.461,0.263,0.635,0.168,0.535,0.003,0.85,0.006,0.535,0.672,0.386,0.428,0.025,0.672,0.115,0.672,0.535,0.453,0.019,0.016,0.022,0.064,0.112,0.083,0.429,0.124,0.022,0.292,0.014,0.286,0.058,0.077,0.083,0.085,0.257,0.254,0.201
0.371,0.371,0.424,0.424,0.402,0.185,0.457,0.354,0.18,0.328,0.354,0.456,0.372,0.402,0.456,0.354,0.372,0.402,0.726,0.372,0.467,0.318,0.467,0.36,0.372,0.457,0.36,0.354,0.336,0.328,0.336,0.318,0.204,0.477,0.564,0.477,0.556,0.564,0.204,0.556,0.205,0.477,0.797,0.915,0.477,0.556,0.957,0.797,0.928,0.797,0.125,0.278,0.447,0.186,0.693,0.186,0.192,0.852,0.852,0.852,0.388,0.693,0.192,0.693,0.447,0.388,0.447,0.89,0.447,0.638,0.638,0.638,0.282,0.419,0.77,0.277,0.708,0.985,0.653,0.708,0.194,0.419,0.597,0.424,0.894,0.597,0.653,0.288,0.192,0.993,0.419,0.789,0.278,0.387,0.698,0.597,0.509,0.698,0.698,0.294,0.663,0.75,0.985,0.663,0.663,0.962,0.316,0.973,0.973,0.959,0.394,0.749,0.027,0.766,0.452,0.989,0.82,0.723,0.023,0.749,0.313,0.028,0.818,0.023,0.199,0.815,0.981,0.627,0.815,0.122,0.041,0.686,0.034,0.598,0.968,0.566,0.623,0.976,0.605,0.566,0.549,0.921,0.978,0.449,0.549,0.942,0.549,0.566,0.98,0.996,0.515,0.996,0.055,0.951,0.016,0.981,0.054,0.995,0.046,0.5,0.045,0.039,0.019,0.015,0.018,0.037,0.036,0.06
0.809,0.809,0.863,0.863,0.017,0.168,0.853,0.443,0.183,0.516,0.443,0.715,0.635,0.017,0.715,0.443,0.635,0.017,0.109,0.635,0.758,0.49,0.758,0.577,0.635,0.853,0.577,0.443,0.458,0.516,0.458,0.49,0.905,0.405,0.486,0.405,0.655,0.486,0.905,0.655,0.269,0.405,0.472,0.725,0.405,0.655,0.1,0.472,0.655,0.472,0.421,0.273,0.564,0.922,0.665,0.922,0.923,0.466,0.466,0.466,0.459,0.665,0.923,0.665,0.564,0.459,0.425,0.798,0.425,0.225,0.225,0.225,0.242,0.07,0.736,0.426,0.497,0.198,0.559,0.497,0.697,0.07,0.11,0.471,0.814,0.11,0.559,0.441,0.693,0.255,0.07,0.72,0.412,0.461,0.492,0.11,0.256,0.492,0.492,0.423,0.559,0.615,0.192,0.559,0.559,0.143,0.343,0.921,0.921,0.875,0.841,0.757,0.716,0.54,0.46,0.211,0.301,0.589,0.73,0.757,0.331,0.728,0.318,0.685,0.632,0.967,0.126,0.499,0.967,0.894,0.858,0.514,0.85,0.954,0.205,0.197,0.403,0.958,0.784,0.197,0.254,0.161,0.068,0.601,0.254,0.24,0.254,0.197,0.075,0.478,0.306,0.426,0.725,0.211,0.519,0.071,0.686,0.398,0.754,0.385,0.764,0.71,0.666,0.511,0.662,0.884,0.866,0.848
0.213,0.213,0.206,0.206,0.608,0.973,0.182,0.186,0.974,0.122,0.186,0.202,0.143,0.608,0.202,0.186,0.143,0.608,0.268,0.143,0.223,0.173,0.223,0.17,0.143,0.182,0.17,0.186,0.213,0.122,0.213,0.173,0.056,0.144,0.219,0.144,0.496,0.219,0.056,0.496,0.357,0.144,0.487,0.132,0.144,0.496,0.162,0.487,0.279,0.487,0.965,0.45,0.274,0.09,0.265,0.09,0.096,0.176,0.176,0.176,0.137,0.265,0.096,0.265,0.274,0.137,0.19,0.279,0.19,0.475,0.475,0.475,0.534,0.688,0.122,0.749,0.273,0.013,0.26,0.273,0.279,0.688,0.109,0.452,0.267,0.109,0.26,0.761,0.276,0.011,0.688,0.117,0.817,0.445,0.26,0.109,0.834,0.26,0.26,0.822,0.288,0.261,0.012,0.288,0.288,0.008,0.688,0.222,0.222,0.21,0.427,0.747,0.347,0.789,0.377,0.009,0.192,0.273,0.31,0.747,0.713,0.32,0.287,0.351,0.32,0.254,0.006,0.866,0.254,0.579,0.267,0.222,0.255,0.398,0.028,0.301,0.844,0.247,0.923,0.301,0.263,0.179,0.26,0.933,0.263,0.029,0.263,0.301,0.259,0.88,0.868,0.891,0.675,0.027,0.708,0.257,0.383,0.896,0.38,0.856,0.374,0.654,0.708,0.706,0.703,0.393,0.354,0.416
0.474,0.474,0.506,0.506,0.619,0.6,0.667,0.639,0.623,0.742,0.639,0.644,0.687,0.619,0.644,0.639,0.687,0.619,0.625,0.687,0.433,0.586,0.433,0.701,0.687,0.667,0.701,0.639,0.672,0.742,0.672,0.586,0.751,0.526,0.497,0.526,0.093,0.497,0.751,0.093,0.933,0.526,0.42,0.126,0.526,0.093,0.79,0.42,0.292,0.42,0.572,0.9,0.737,0.726,0.132,0.726,0.714,0.664,0.664,0.664,0.624,0.132,0.714,0.132,0.737,0.624,0.539,0.258,0.539,0.841,0.841,0.841,0.929,0.749,0.187,0.653,0.822,0.642,0.749,0.822,0.55,0.749,0.725,0.755,0.358,0.725,0.749,0.67,0.539,0.67,0.749,0.287,0.698,0.746,0.385,0.725,0.952,0.385,0.385,0.719,0.194,0.602,0.874,0.194,0.194,0.58,0.559,0.889,0.889,0.885,0.935,0.723,0.207,0.68,0.707,0.865,0.746,0.673,0.309,0.723,0.608,0.307,0.692,0.255,0.485,0.517,0.574,0.073,0.517,0.659,0.395,0.648,0.369,0.794,0.659,0.737,0.068,0.482,0.049,0.737,0.6,0.398,0.975,0.154,0.6,0.794,0.6,0.737,0.976,0.141,0.256,0.116,0.146,0.87,0.09,0.988,0.075,0.118,0.105,0.253,0.086,0.136,0.103,0.099,0.106,0.086,0.1,0.187
0.901,0.901,0.905,0.905,0.321,0.79,0.939,0.932,0.69,0.891,0.932,0.964,0.9,0.321,0.964,0.932,0.9,0.321,0.509,0.9,0.841,0.893,0.841,0.886,0.9,0.939,0.886,0.932,0.895,0.891,0.895,0.893,0.55,0.877,0.955,0.877,0.404,0.955,0.55,0.404,0.808,0.877,0.324,0.169,0.877,0.404,0.34,0.324,0.406,0.324,0.5,0.749,0.152,0.644,0.231,0.644,0.667,0.164,0.164,0.164,0.861,0.231,0.667,0.231,0.152,0.861,0.872,0.623,0.872,0.149,0.149,0.149,0.696,0.324,0.19,0.638,0.181,0.907,0.207,0.181,0.742,0.324,0.306,0.733,0.618,0.306,0.207,0.662,0.724,0.852,0.324,0.164,0.632,0.714,0.263,0.306,0.593,0.263,0.263,0.659,0.259,0.181,0.903,0.259,0.259,0.623,0.573,0.509,0.509,0.473,0.531,0.356,0.071,0.296,0.652,0.777,0.793,0.227,0.049,0.356,0.514,0.07,0.891,0.077,0.708,0.687,0.619,0.803,0.687,0.144,0.079,0.122,0.079,0.563,0.585,0.257,0.855,0.641,0.815,0.257,0.194,0.662,0.166,0.909,0.194,0.72,0.194,0.257,0.169,0.745,0.706,0.85,0.875,0.648,0.983,0.182,0.285,0.805,0.195,0.861,0.189,0.928,0.975,0.978,0.981,0.189,0.214,0.171
0.295,0.295,0.275,0.275,0.259,0.979,0.249,0.252,0.977,0.197,0.252,0.248,0.249,0.259,0.248,0.252,0.249,0.259,0.938,0.249,0.243,0.221,0.243,0.251,0.249,0.249,0.251,0.252,0.249,0.197,0.249,0.221,0.091,0.249,0.231,0.249,0.438,0.231,0.091,0.438,0.831,0.249,0.418,0.348,0.249,0.438,0.929,0.418,0.919,0.418,0.971,0.835,0.211,0.111,0.392,0.111,0.117,0.336,0.336,0.336,0.207,0.392,0.117,0.392,0.211,0.207,0.249,0.875,0.249,0.381,0.381,0.381,0.944,0.173,0.295,0.722,0.338,0.769,0.329,0.338,0.669,0.173,0.089,0.814,0.906,0.089,0.329,0.728,0.664,0.72,0.173,0.274,0.71,0.81,0.483,0.089,0.246,0.483,0.483,0.72,0.416,0.554,0.831,0.416,0.416,0.826,0.741,0.532,0.532,0.484,0.822,0.431,0.627,0.472,0.867,0.789,0.471,0.569,0.661,0.431,0.752,0.729,0.508,0.661,0.69,0.568,0.783,0.879,0.568,0.789,0.832,0.54,0.848,0.724,0.875,0.12,0.907,0.515,0.909,0.12,0.129,0.401,0.346,0.661,0.129,0.815,0.129,0.12,0.344,0.676,0.844,0.549,0.926,0.868,0.932,0.351,0.999,0.592,0.988,0.869,0.984,0.942,0.962,0.932,0.955,0.901,0.882,0.905
0.45,0.45,0.578,0.578,0.847,0.52,0.422,0.238,0.519,0.241,0.238,0.303,0.399,0.847,0.303,0.238,0.399,0.847,0.793,0.399,0.306,0.158,0.306,0.412,0.399,0.422,0.412,0.238,0.21,0.241,0.21,0.158,0.128,0.251,0.286,0.251,0.666,0.286,0.128,0.666,0.497,0.251,0.603,0.442,0.251,0.666,0.817,0.603,0.326,0.603,0.533,0.466,0.259,0.091,0.39,0.091,0.089,0.208,0.208,0.208,0.11,0.39,0.089,0.39,0.259,0.11,0.228,0.64,0.228,0.142,0.142,0.142,0.351,0.819,0.586,0.575,0.078,0.765,0.09,0.078,0.516,0.819,0.417,0.58,0.565,0.417,0.09,0.57,0.507,0.861,0.819,0.499,0.551,0.579,0.034,0.417,0.848,0.034,0.034,0.555,0.041,0.145,0.649,0.041,0.041,0.853,0.593,0.502,0.502,0.611,0.676,0.913,0.375,0.916,0.544,0.853,0.287,0.102,0.398,0.913,0.593,0.399,0.336,0.378,0.535,0.554,0.734,0.848,0.554,0.605,0.405,0.347,0.406,0.591,0.713,0.175,0.903,0.677,0.933,0.175,0.167,0.256,0.434,0.817,0.167,0.948,0.167,0.175,0.456,0.74,0.775,0.486,0.945,0.909,0.929,0.402,0.873,0.438,0.907,0.562,0.901,0.971,0.918,0.917,0.916,0.759,0.72,0.972
0.884,0.884,0.908,0.908,0.309,0.226,0.881,0.846,0.236,0.754,0.846,0.932,0.846,0.309,0.932,0.846,0.846,0.309,0.884,0.846,0.996,0.778,0.996,0.847,0.846,0.881,0.847,0.846,0.847,0.754,0.847,0.778,0.616,0.838,0.848,0.838,0.512,0.848,0.616,0.512,0.297,0.838,0.543,0.476,0.838,0.512,0.833,0.543,0.238,0.543,0.331,0.277,0.409,0.626,0.339,0.626,0.595,0.312,0.312,0.312,0.755,0.339,0.595,0.339,0.409,0.755,0.838,0.187,0.838,0.216,0.216,0.216,0.277,0.285,0.451,0.341,0.484,0.13,0.496,0.484,0.2,0.285,0.544,0.448,0.215,0.544,0.496,0.319,0.185,0.137,0.285,0.506,0.359,0.465,0.414,0.544,0.885,0.414,0.414,0.307,0.485,0.672,0.132,0.485,0.485,0.135,0.283,0.789,0.789,0.766,0.612,0.679,0.205,0.692,0.411,0.112,0.501,0.66,0.19,0.679,0.322,0.188,0.472,0.25,0.149,0.755,0.107,0.936,0.755,0.469,0.203,0.474,0.207,0.484,0.181,0.738,0.893,0.755,0.559,0.738,0.764,0.192,0.615,0.866,0.764,0.307,0.764,0.738,0.572,0.866,0.961,0.875,0.023,0.348,0.028,0.522,0.02,0.862,0.043,0.951,0.043,0.047,0.041,0.029,0.041,0.043,0.044,0.029
0.542,0.542,0.443,0.443,0.347,0.087,0.332,0.617,0.099,0.459,0.617,0.367,0.679,0.347,0.367,0.617,0.679,0.347,0.847,0.679,0.625,0.427,0.625,0.697,0.679,0.332,0.697,0.617,0.731,0.459,0.731,0.427,0.399,0.702,0.355,0.702,0.773,0.355,0.399,0.773,0.131,0.702,0.331,0.291,0.702,0.773,0.824,0.331,0.17,0.331,0.072,0.215,0.162,0.398,0.34,0.398,0.411,0.102,0.102,0.102,0.496,0.34,0.411,0.34,0.162,0.496,0.722,0.352,0.722,0.333,0.333,0.333,0.227,0.134,0.338,0.862,0.009,0.517,0.027,0.009,0.122,0.134,0.313,0.156,0.383,0.313,0.027,0.86,0.126,0.772,0.134,0.314,0.867,0.13,0.166,0.313,0.262,0.166,0.166,0.867,0.248,0.241,0.518,0.248,0.248,0.398,0.868,0.577,0.577,0.639,0.854,0.404,0.698,0.445,0.099,0.751,0.374,0.165,0.743,0.404,0.869,0.748,0.397,0.557,0.106,0.936,0.482,0.668,0.936,0.619,0.619,0.449,0.614,0.983,0.894,0.134,0.683,0.93,0.736,0.134,0.243,0.5,0.014,0.517,0.243,0.449,0.243,0.134,0.01,0.505,0.506,0.503,0.34,0.417,0.407,0.027,0.571,0.369,0.573,0.45,0.518,0.309,0.374,0.348,0.346,0.546,0.569,0.513
0.12,0.12,0.081,0.081,0.824,0.312,0.069,0.546,0.29,0.973,0.546,0.067,0.49,0.824,0.067,0.546,0.49,0.824,0.574,0.49,0.094,0.967,0.094,0.447,0.49,0.069,0.447,0.546,0.437,0.973,0.437,0.967,0.624,0.496,0.033,0.496,0.375,0.033,0.624,0.375,0.423,0.496,0.396,0.355,0.496,0.375,0.557,0.396,0.252,0.396,0.504,0.475,0.369,0.609,0.611,0.609,0.676,0.661,0.661,0.661,0.985,0.611,0.676,0.611,0.369,0.985,0.451,0.389,0.451,0.753,0.753,0.753,0.607,0.793,0.314,0.417,0.389,0.227,0.401,0.389,0.356,0.793,0.711,0.329,0.422,0.711,0.401,0.428,0.346,0.347,0.793,0.323,0.444,0.321,0.756,0.711,0.455,0.756,0.756,0.452,0.668,0.577,0.206,0.668,0.668,0.075,0.418,0.051,0.051,0.065,0.136,0.238,0.385,0.224,0.295,0.355,0.073,0.638,0.292,0.238,0.445,0.329,0.059,0.243,0.399,0.06,0.087,0.671,0.06,0.319,0.274,0.663,0.259,0.317,0.036,0.509,0.736,0.075,0.678,0.509,0.479,0.063,0.213,0.502,0.479,0.105,0.479,0.509,0.206,0.743,0.817,0.838,0.204,0.11,0.129,0.224,0.603,0.786,0.135,0.695,0.152,0.207,0.119,0.13,0.12,0.299,0.295,0.453
0.727,0.727,0.79,0.79,0.014,0.324,0.652,0.884,0.288,0.982,0.884,0.772,0.794,0.014,0.772,0.884,0.794,0.014,0.383,0.794,0.616,0.986,0.616,0.797,0.794,0.652,0.797,0.884,0.862,0.982,0.862,0.986,0.889,0.945,0.674,0.945,0.184,0.674,0.889,0.184,0.704,0.945,0.206,0.166,0.945,0.184,0.441,0.206,0.497,0.206,0.263,0.744,0.269,0.866,0.096,0.866,0.862,0.231,0.231,0.231,0.992,0.096,0.862,0.096,0.269,0.992,0.885,0.357,0.885,0.251,0.251,0.251,0.423,0.033,0.151,0.446,0.164,0.625,0.136,0.164,0.68,0.033,0.402,0.577,0.421,0.402,0.136,0.472,0.621,0.47,0.033,0.14,0.421,0.577,0.111,0.402,0.386,0.111,0.111,0.451,0.094,0.324,0.621,0.094,0.094,0.644,0.376,0.223,0.223,0.098,0.528,0.648,0.951,0.215,0.529,0.492,0.335,0.357,0.949,0.648,0.403,0.941,0.288,0.729,0.543,0.188,0.502,0.373,0.188,0.861,0.853,0.363,0.881,0.16,0.584,0.292,0.339,0.071,0.249,0.292,0.277,0.344,0.367,0.681,0.277,0.233,0.277,0.292,0.391,0.718,0.778,0.662,0.394,0.253,0.308,0.533,0.517,0.663,0.686,0.683,0.678,0.386,0.309,0.304,0.287,0.396,0.338,0.061
0.941,0.941,0.96,0.96,0.291,0.212,0.867,0.63,0.226,0.466,0.63,0.885,0.786,0.291,0.885,0.63,0.786,0.291,0.959,0.786,0.883,0.418,0.883,0.796,0.786,0.867,0.796,0.63,0.604,0.466,0.604,0.418,0.779,0.739,0.754,0.739,0.117,0.754,0.779,0.117,0.665,0.739,0.181,0.259,0.739,0.117,0.914,0.181,0.521,0.181,0.21,0.575,0.34,0.618,0.045,0.618,0.616,0.08,0.08,0.08,0.378,0.045,0.616,0.045,0.34,0.378,0.726,0.535,0.726,0.859,0.859,0.859,0.414,0.431,0.21,0.671,0.425,0.432,0.305,0.425,0.766,0.431,0.298,0.66,0.525,0.298,0.305,0.737,0.728,0.31,0.431,0.212,0.678,0.673,0.644,0.298,0.898,0.644,0.644,0.712,0.659,0.214,0.39,0.659,0.659,0.659,0.705,0.407,0.407,0.161,0.228,0.589,0.6,0.399,0.629,0.272,0.392,0.264,0.579,0.589,0.735,0.573,0.445,0.346,0.683,0.389,0.468,0.405,0.389,0.575,0.244,0.512,0.32,0.3,0.688,0.302,0.401,0.167,0.377,0.302,0.394,0.395,0.192,0.277,0.394,0.487,0.394,0.302,0.189,0.55,0.509,0.695,0.671,0.447,0.835,0.195,0.313,0.594,0.125,0.473,0.129,0.721,0.833,0.895,0.9,0.182,0.199,0.312
0.83,0.83,0.799,0.799,0.614,0.319,0.547,0.507,0.317,0.316,0.507,0.58,0.457,0.614,0.58,0.507,0.457,0.614,0.243,0.457,0.998,0.325,0.998,0.423,0.457,0.547,0.423,0.507,0.457,0.316,0.457,0.325,0.921,0.608,0.846,0.608,0.275,0.846,0.921,0.275,0.816,0.608,0.309,0.802,0.608,0.275,0.27,0.309,0.487,0.309,0.356,0.79,0.799,0.882,0.214,0.882,0.881,0.273,0.273,0.273,0.46,0.214,0.881,0.214,0.799,0.46,0.588,0.25,0.588,0.372,0.372,0.372,0.872,0.574,0.696,0.831,0.487,0.219,0.398,0.487,0.95,0.574,0.829,0.944,0.2,0.829,0.398,0.839,0.918,0.227,0.574,0.559,0.84,0.953,0.145,0.829,0.59,0.145,0.145,0.85,0.125,0.252,0.185,0.125,0.125,0.721,0.822,0.708,0.708,0.681,0.172,0.938,0.498,0.931,0.915,0.248,0.444,0.331,0.488,0.938,0.81,0.491,0.858,0.623,0.922,0.774,0.666,0.706,0.774,0.597,0.661,0.679,0.648,0.178,0.614,0.735,0.728,0.75,0.65,0.735,0.643,0.853,0.083,0.659,0.643,0.475,0.643,0.735,0.079,0.516,0.475,0.363,0.699,0.17,0.784,0.067,0.642,0.534,0.842,0.547,0.844,0.579,0.848,0.795,0.844,0.699,0.714,0.644
0.865,0.865,0.899,0.899,0.273,0.666,0.752,0.649,0.734,0.872,0.649,0.777,0.684,0.273,0.777,0.649,0.684,0.273,0.414,0.684,0.924,0.853,0.924,0.745,0.684,0.752,0.745,0.649,0.726,0.872,0.726,0.853,0.453,0.662,0.665,0.662,0.845,0.665,0.453,0.845,0.787,0.662,0.813,0.175,0.662,0.845,0.431,0.813,0.237,0.813,0.643,0.798,0.797,0.498,0.334,0.498,0.525,0.458,0.458,0.458,0.849,0.334,0.525,0.334,0.797,0.849,0.74,0.303,0.74,0.471,0.471,0.471,0.46,0.396,0.216,0.512,0.593,0.143,0.655,0.593,0.558,0.396,0.872,0.491,0.293,0.872,0.655,0.541,0.578,0.126,0.396,0.236,0.512,0.486,0.454,0.872,0.3,0.454,0.454,0.533,0.519,0.881,0.168,0.519,0.519,0.138,0.469,0.933,0.933,0.933,0.751,0.575,0.612,0.528,0.541,0.138,0.441,0.872,0.609,0.575,0.46,0.614,0.48,0.788,0.615,0.943,0.111,0.162,0.943,0.358,0.787,0.807,0.794,0.786,0.262,0.918,0.153,0.933,0.109,0.918,0.938,0.72,0.448,0.045,0.938,0.202,0.938,0.918,0.444,0.047,0.058,0.044,0.179,0.222,0.266,0.442,0.15,0.043,0.2,0.052,0.203,0.168,0.239,0.301,0.275,0.363,0.427,0.228
0.61,0.61,0.679,0.679,0.057,0.359,0.525,0.857,0.332,0.802,0.857,0.604,0.838,0.057,0.604,0.857,0.838,0.057,0.061,0.838,0.615,0.823,0.615,0.816,0.838,0.525,0.816,0.857,0.851,0.802,0.851,0.823,0.612,0.931,0.627,0.931,0.045,0.627,0.612,0.045,0.561,0.931,0.056,0.006,0.931,0.045,0.304,0.056,0.08,0.056,0.428,0.455,0.217,0.718,0.077,0.718,0.72,0.081,0.081,0.081,0.81,0.077,0.72,0.077,0.217,0.81,0.933,0.136,0.933,0.141,0.141,0.141,0.537,0.014,0.01,0.528,0.277,0.182,0.296,0.277,0.724,0.014,0.335,0.72,0.139,0.335,0.296,0.53,0.677,0.228,0.014,0.009,0.558,0.73,0.158,0.335,0.261,0.158,0.158,0.56,0.184,0.464,0.205,0.184,0.184,0.301,0.595,0.259,0.259,0.249,0.512,0.094,0.12,0.098,0.737,0.279,0.979,0.429,0.121,0.094,0.57,0.113,0.956,0.142,0.72,0.135,0.371,0.246,0.135,0.474,0.108,0.384,0.104,0.362,0.793,0.341,0.168,0.228,0.227,0.341,0.468,0.801,0.482,0.14,0.468,0.717,0.468,0.341,0.477,0.196,0.135,0.34,0.215,0.747,0.17,0.478,0.283,0.38,0.273,0.15,0.26,0.227,0.159,0.165,0.158,0.354,0.339,0.398
0.261,0.261,0.163,0.163,0.311,0.726,0.321,0.501,0.625,0.443,0.501,0.364,0.433,0.311,0.364,0.501,0.433,0.311,0.896,0.433,0.117,0.482,0.117,0.428,0.433,0.321,0.428,0.501,0.483,0.443,0.483,0.482,0.398,0.776,0.388,0.776,0.497,0.388,0.398,0.497,0.562,0.776,0.448,0.79,0.776,0.497,0.875,0.448,0.799,0.448,0.436,0.59,0.141,0.391,0.382,0.391,0.392,0.39,0.39,0.39,0.606,0.382,0.392,0.382,0.141,0.606,0.654,0.829,0.654,0.741,0.741,0.741,0.622,0.518,0.857,0.661,0.133,0.932,0.151,0.133,0.866,0.518,0.35,0.771,0.868,0.35,0.151,0.634,0.883,0.938,0.518,0.866,0.629,0.779,0.818,0.35,0.945,0.818,0.818,0.63,0.809,0.33,0.945,0.809,0.809,0.898,0.621,0.273,0.273,0.416,0.516,0.347,0.967,0.653,0.787,0.961,0.113,0.285,0.939,0.347,0.641,0.935,0.113,0.931,0.846,0.272,0.889,0.54,0.272,0.543,0.928,0.288,0.922,0.493,0.628,0.432,0.673,0.418,0.831,0.432,0.446,0.103,0.332,0.692,0.446,0.73,0.446,0.432,0.329,0.689,0.621,0.812,0.632,0.735,0.494,0.272,0.636,0.779,0.598,0.667,0.671,0.713,0.442,0.506,0.438,0.788,0.825,0.637
0.582,0.582,0.583,0.583,0.817,0.038,0.402,0.357,0.038,0.268,0.357,0.505,0.396,0.817,0.505,0.357,0.396,0.817,0.23,0.396,0.516,0.278,0.516,0.389,0.396,0.402,0.389,0.357,0.375,0.268,0.375,0.278,0.377,0.395,0.397,0.395,0.425,0.397,0.377,0.425,0.163,0.395,0.409,0.731,0.395,0.425,0.198,0.409,0.518,0.409,0.056,0.16,0.095,0.355,0.188,0.355,0.357,0.153,0.153,0.153,0.283,0.188,0.357,0.188,0.095,0.283,0.383,0.512,0.383,0.417,0.417,0.417,0.143,0.717,0.612,0.122,0.037,0.866,0.037,0.037,0.181,0.717,0.437,0.166,0.502,0.437,0.037,0.121,0.191,0.918,0.717,0.622,0.122,0.169,0.293,0.437,0.218,0.293,0.293,0.12,0.32,0.265,0.857,0.32,0.32,0.811,0.103,0.535,0.535,0.568,0.32,0.818,0.069,0.833,0.147,0.897,0.877,0.269,0.097,0.818,0.099,0.097,0.894,0.037,0.175,0.63,0.846,0.774,0.63,0.895,0.038,0.272,0.049,0.311,0.997,0.155,0.751,0.638,0.776,0.155,0.182,0.966,0.77,0.798,0.182,0.863,0.182,0.155,0.761,0.767,0.859,0.504,0.681,0.862,0.781,0.772,0.964,0.446,0.873,0.748,0.873,0.626,0.84,0.756,0.827,0.972,0.968,0.978
0.968,0.968,0.974,0.974,0.444,0.013,0.687,0.611,0.013,0.428,0.611,0.781,0.618,0.444,0.781,0.611,0.618,0.444,0.237,0.618,0.956,0.463,0.956,0.602,0.618,0.687,0.602,0.611,0.596,0.428,0.596,0.463,0.936,0.711,0.824,0.711,0.476,0.824,0.936,0.476,0.449,0.711,0.499,0.697,0.711,0.476,0.203,0.499,0.804,0.499,0.015,0.513,0.268,0.874,0.377,0.874,0.875,0.541,0.541,0.541,0.527,0.377,0.875,0.377,0.268,0.527,0.731,0.768,0.731,0.15,0.15,0.15,0.383,0.301,0.633,0.774,0.156,0.749,0.252,0.156,0.187,0.301,0.069,0.167,0.722,0.069,0.252,0.767,0.158,0.769,0.301,0.633,0.8,0.173,0.125,0.069,0.005,0.125,0.125,0.791,0.134,0.041,0.84,0.134,0.134,0.734,0.713,0.405,0.405,0.276,0.377,0.408,0.739,0.316,0.148,0.815,0.715,0.065,0.641,0.408,0.696,0.644,0.764,0.802,0.163,0.423,0.756,0.49,0.423,0.549,0.82,0.075,0.813,0.377,0.555,0.081,0.472,0.309,0.429,0.081,0.062,0.626,0.064,0.63,0.062,0.784,0.062,0.081,0.068,0.638,0.612,0.38,0.616,0.643,0.665,0.069,0.504,0.52,0.5,0.567,0.491,0.645,0.635,0.676,0.644,0.53,0.528,0.523
0.656,0.656,0.702,0.702,0.683,0.781,0.599,0.847,0.86,0.78,0.847,0.596,0.914,0.683,0.596,0.847,0.914,0.683,0.937,0.914,0.772,0.595,0.772,0.896,0.914,0.599,0.896,0.847,0.808,0.78,0.808,0.595,0.834,0.778,0.604,0.778,0.646,0.604,0.834,0.646,0.837,0.778,0.522,0.554,0.778,0.646,0.84,0.522,0.796,0.522,0.941,0.777,0.631,0.751,0.712,0.751,0.753,0.6,0.6,0.6,0.562,0.712,0.753,0.712,0.631,0.562,0.77,0.783,0.77,0.485,0.485,0.485,0.855,0.575,0.485,0.957,0.734,0.661,0.483,0.734,0.992,0.575,0.794,0.96,0.688,0.794,0.483,0.978,0.996,0.829,0.575,0.591,0.96,0.955,0.309,0.794,0.981,0.309,0.309,0.96,0.373,0.573,0.618,0.373,0.373,0.782,0.954,0.677,0.677,0.718,0.499,0.61,0.601,0.606,0.953,0.736,0.874,0.706,0.461,0.61,0.93,0.407,0.879,0.706,0.992,0.686,0.974,0.792,0.686,0.822,0.64,0.743,0.651,0.588,0.955,0.771,0.982,0.68,0.638,0.771,0.773,0.845,0.457,0.852,0.773,0.675,0.773,0.771,0.463,0.845,0.843,0.876,0.382,0.646,0.463,0.437,0.503,0.867,0.486,0.835,0.526,0.388,0.413,0.531,0.501,0.134,0.136,0.325
0.177,0.177,0.193,0.193,0.103,0.868,0.144,0.108,0.877,0.255,0.108,0.141,0.11,0.103,0.141,0.108,0.11,0.103,0.67,0.11,0.169,0.279,0.169,0.087,0.11,0.144,0.087,0.108,0.101,0.255,0.101,0.279,0.148,0.172,0.21,0.172,0.596,0.21,0.148,0.596,0.304,0.172,0.493,0.174,0.172,0.596,0.67,0.493,0.358,0.493,0.761,0.344,0.132,0.162,0.855,0.162,0.159,0.761,0.761,0.761,0.269,0.855,0.159,0.855,0.132,0.269,0.133,0.193,0.133,0.096,0.096,0.096,0.42,0.092,0.225,0.192,0.298,0.387,0.267,0.298,0.246,0.092,0.235,0.244,0.202,0.235,0.267,0.181,0.245,0.279,0.092,0.224,0.184,0.241,0.113,0.235,0.614,0.113,0.113,0.181,0.112,0.344,0.24,0.112,0.112,0.43,0.205,0.93,0.93,0.932,0.316,0.203,0.084,0.21,0.244,0.164,0.185,0.342,0.093,0.203,0.196,0.095,0.199,0.041,0.255,0.942,0.377,0.883,0.942,0.005,0.037,0.268,0.048,0.351,0.397,0.278,0.65,0.937,0.938,0.278,0.234,0.22,0.989,0.72,0.234,0.447,0.234,0.278,0.985,0.664,0.593,0.559,0.269,0.443,0.23,0.944,0.293,0.538,0.329,0.813,0.335,0.259,0.245,0.196,0.214,0.436,0.404,0.47
0.592,0.592,0.654,0.654,0.858,0.229,0.743,0.828,0.231,0.725,0.828,0.757,0.79,0.858,0.757,0.828,0.79,0.858,0.798,0.79,0.8,0.756,0.8,0.775,0.79,0.743,0.775,0.828,0.82,0.725,0.82,0.756,0.347,0.745,0.804,0.745,0.952,0.804,0.347,0.952,0.225,0.745,0.992,0.918,0.745,0.952,0.948,0.992,0.91,0.992,0.409,0.19,0.902,0.429,0.89,0.429,0.436,0.935,0.935,0.935,0.709,0.89,0.436,0.89,0.902,0.709,0.711,0.961,0.711,0.681,0.681,0.681,0.136,0.946,0.918,0.85,0.945,0.805,0.899,0.945,0.147,0.946,0.912,0.099,0.977,0.912,0.899,0.812,0.137,0.782,0.946,0.924,0.844,0.103,0.961,0.912,0.442,0.961,0.961,0.795,0.884,0.926,0.791,0.884,0.884,0.621,0.818,0.846,0.846,0.8,0.897,0.289,0.887,0.327,0.097,0.804,0.823,0.968,0.758,0.289,0.835,0.726,0.733,0.601,0.121,0.784,0.694,0.888,0.784,0.592,0.542,0.731,0.583,0.88,0.901,0.948,0.956,0.738,0.613,0.948,0.921,0.91,0.026,0.522,0.921,0.934,0.921,0.948,0.03,0.701,0.799,0.831,0.75,0.943,0.918,0.033,0.768,0.842,0.798,0.824,0.781,0.746,0.856,0.938,0.902,0.958,0.958,0.929
0.408,0.408,0.394,0.394,0.975,0.285,0.28,0.23,0.248,0.256,0.23,0.318,0.215,0.975,0.318,0.23,0.215,0.975,0.448,0.215,0.459,0.272,0.459,0.221,0.215,0.28,0.221,0.23,0.236,0.256,0.236,0.272,0.284,0.297,0.342,0.297,0.966,0.342,0.284,0.966,0.116,0.297,0.911,0.204,0.297,0.966,0.371,0.911,0.524,0.911,0.215,0.104,0.838,0.288,0.993,0.288,0.289,0.983,0.983,0.983,0.279,0.993,0.289,0.993,0.838,0.279,0.285,0.719,0.285,0.867,0.867,0.867,0.191,0.901,0.095,0.137,0.86,0.736,0.841,0.86,0.215,0.901,0.919,0.202,0.772,0.919,0.841,0.14,0.261,0.718,0.901,0.194,0.139,0.193,0.921,0.919,0.68,0.921,0.921,0.145,0.893,0.945,0.701,0.893,0.893,0.77,0.14,0.674,0.674,0.536,0.569,0.379,0.139,0.16,0.2,0.696,0.763,0.922,0.136,0.379,0.146,0.147,0.749,0.174,0.233,0.793,0.794,0.98,0.793,0.668,0.107,0.874,0.117,0.59,0.864,0.959,0.987,0.682,0.985,0.959,0.968,0.938,0.713,0.952,0.968,0.702,0.968,0.959,0.701,0.868,0.937,0.793,0.993,0.693,0.985,0.629,0.292,0.599,0.17,0.926,0.176,0.993,0.976,0.988,0.98,0.204,0.228,0.221
0.883,0.883,0.869,0.869,0.88,0.756,0.828,0.814,0.707,0.991,0.814,0.831,0.755,0.88,0.831,0.814,0.755,0.88,0.543,0.755,0.916,0.992,0.916,0.744,0.755,0.828,0.744,0.814,0.794,0.991,0.794,0.992,0.909,0.837,0.894,0.837,0.887,0.894,0.909,0.887,0.404,0.837,0.862,0.084,0.837,0.887,0.502,0.862,0.157,0.862,0.847,0.441,0.96,0.891,0.824,0.891,0.892,0.837,0.837,0.837,0.991,0.824,0.892,0.824,0.96,0.991,0.796,0.245,0.796,0.968,0.968,0.968,0.501,0.971,0.076,0.733,0.814,0.216,0.705,0.814,0.882,0.971,0.956,0.746,0.222,0.956,0.705,0.739,0.838,0.252,0.971,0.077,0.752,0.749,0.835,0.956,0.623,0.835,0.835,0.751,0.737,0.927,0.212,0.737,0.737,0.12,0.701,0.655,0.655,0.686,0.754,0.537,0.814,0.555,0.743,0.207,0.132,0.905,0.809,0.537,0.739,0.805,0.134,0.723,0.787,0.536,0.105,0.6,0.536,0.904,0.743,0.912,0.694,0.76,0.221,0.86,0.602,0.583,0.575,0.86,0.909,0.145,0.631,0.786,0.909,0.232,0.909,0.86,0.632,0.811,0.771,0.885,0.782,0.206,0.879,0.614,0.45,0.884,0.688,0.746,0.604,0.827,0.846,0.865,0.842,0.319,0.327,0.044
0.668,0.668,0.764,0.764,0.269,0.037,0.495,0.355,0.037,0.334,0.355,0.514,0.355,0.269,0.514,0.355,0.355,0.269,0.751,0.355,0.85,0.302,0.85,0.372,0.355,0.495,0.372,0.355,0.356,0.334,0.356,0.302,0.944,0.374,0.465,0.374,0.032,0.465,0.944,0.032,0.239,0.374,0.127,0.722,0.374,0.032,0.477,0.127,0.59,0.127,0.027,0.202,0.567,0.913,0.052,0.913,0.897,0.099,0.099,0.099,0.293,0.052,0.897,0.052,0.567,0.293,0.359,0.582,0.359,0.67,0.67,0.67,0.217,0.21,0.699,0.883,0.824,0.431,0.815,0.824,0.168,0.21,0.221,0.154,0.511,0.221,0.815,0.891,0.162,0.273,0.21,0.74,0.863,0.159,0.718,0.221,0.964,0.718,0.718,0.869,0.721,0.462,0.406,0.721,0.721,0.611,0.802,0.227,0.227,0.312,0.305,0.658,0.634,0.654,0.131,0.255,0.57,0.425,0.876,0.658,0.825,0.896,0.454,0.915,0.152,0.153,0.396,0.488,0.153,0.57,0.923,0.307,0.94,0.315,0.586,0.114,0.516,0.202,0.371,0.114,0.114,0.742,0.047,0.222,0.114,0.524,0.114,0.114,0.051,0.223,0.219,0.135,0.674,0.553,0.603,0.06,0.552,0.135,0.679,0.209,0.649,0.672,0.707,0.66,0.735,0.608,0.677,0.752
0.94,0.94,0.946,0.946,0.133,0.11,0.637,0.689,0.113,0.676,0.689,0.709,0.595,0.133,0.709,0.689,0.595,0.133,0.166,0.595,0.953,0.718,0.953,0.599,0.595,0.637,0.599,0.689,0.653,0.676,0.653,0.718,0.818,0.56,0.586,0.56,0.108,0.586,0.818,0.108,0.154,0.56,0.363,0.964,0.56,0.108,0.33,0.363,0.049,0.363,0.121,0.218,0.427,0.787,0.361,0.787,0.772,0.502,0.502,0.502,0.74,0.361,0.772,0.361,0.427,0.74,0.575,0.045,0.575,0.354,0.354,0.354,0.103,0.062,0.936,0.095,0.539,0.162,0.348,0.539,0.135,0.062,0.293,0.135,0.05,0.293,0.348,0.102,0.141,0.164,0.062,0.965,0.091,0.125,0.197,0.293,0.236,0.197,0.197,0.096,0.263,0.346,0.161,0.263,0.263,0.173,0.076,0.297,0.297,0.242,0.278,0.165,0.556,0.102,0.105,0.169,0.389,0.519,0.557,0.165,0.076,0.552,0.408,0.516,0.113,0.274,0.165,0.815,0.274,0.275,0.526,0.424,0.513,0.243,0.204,0.429,0.733,0.22,0.86,0.429,0.438,0.284,0.385,0.668,0.438,0.287,0.438,0.429,0.373,0.904,0.504,0.937,0.755,0.336,0.677,0.355,0.814,0.962,0.809,0.559,0.788,0.803,0.697,0.678,0.7,0.741,0.716,0.882
0.856,0.856,0.856,0.856,0.752,0.058,0.851,0.927,0.048,0.617,0.927,0.828,0.878,0.752,0.828,0.927,0.878,0.752,0.389,0.878,0.844,0.644,0.844,0.92,0.878,0.851,0.92,0.927,0.959,0.617,0.959,0.644,0.651,0.844,0.831,0.844,0.415,0.831,0.651,0.415,0.104,0.844,0.435,0.575,0.844,0.415,0.374,0.435,0.388,0.435,0.054,0.105,0.136,0.75,0.072,0.75,0.76,0.062,0.062,0.062,0.577,0.072,0.76,0.072,0.136,0.577,0.86,0.435,0.86,0.057,0.057,0.057,0.051,0.731,0.497,0.257,0.027,0.694,0.025,0.027,0.141,0.731,0.24,0.163,0.468,0.24,0.025,0.259,0.147,0.663,0.731,0.474,0.285,0.177,0.068,0.24,0.37,0.068,0.068,0.282,0.069,0.15,0.674,0.069,0.069,0.419,0.254,0.669,0.669,0.809,0.631,0.788,0.849,0.636,0.14,0.671,0.412,0.187,0.719,0.788,0.279,0.758,0.414,0.707,0.102,0.654,0.399,0.694,0.654,0.805,0.718,0.295,0.718,0.665,0.524,0.098,0.62,0.796,0.743,0.098,0.065,0.324,0.009,0.956,0.065,0.857,0.065,0.098,0.006,0.819,0.86,0.879,0.936,0.761,0.866,0.012,0.916,0.849,0.935,0.82,0.937,0.93,0.862,0.873,0.847,0.956,0.89,0.851
0.53,0.53,0.5,0.5,0.856,0.04,0.561,0.928,0.039,0.795,0.928,0.619,0.889,0.856,0.619,0.928,0.889,0.856,0.809,0.889,0.546,0.831,0.546,0.897,0.889,0.561,0.897,0.928,0.912,0.795,0.912,0.831,0.484,0.915,0.62,0.915,0.569,0.62,0.484,0.569,0.055,0.915,0.533,0.538,0.915,0.569,0.671,0.533,0.216,0.533,0.031,0.054,0.452,0.455,0.499,0.455,0.473,0.419,0.419,0.419,0.881,0.499,0.473,0.499,0.452,0.881,0.878,0.239,0.878,0.382,0.382,0.382,0.045,0.833,0.593,0.043,0.512,0.368,0.539,0.512,0.046,0.833,0.435,0.052,0.226,0.435,0.539,0.044,0.043,0.467,0.833,0.63,0.041,0.048,0.371,0.435,0.997,0.371,0.371,0.04,0.409,0.447,0.43,0.409,0.409,0.868,0.039,0.876,0.876,0.888,0.536,0.982,0.058,0.988,0.047,0.527,0.689,0.427,0.05,0.982,0.039,0.045,0.639,0.054,0.041,0.928,0.866,0.871,0.928,0.553,0.061,0.418,0.057,0.571,0.822,0.55,0.892,0.912,0.876,0.55,0.563,0.778,0.377,0.809,0.563,0.523,0.563,0.55,0.364,0.82,0.875,0.869,0.599,0.557,0.461,0.369,0.384,0.856,0.538,0.759,0.591,0.595,0.463,0.454,0.456,0.872,0.901,0.504
0.506,0.506,0.597,0.597,0.435,0.526,0.341,0.25,0.537,0.198,0.25,0.26,0.307,0.435,0.26,0.25,0.307,0.435,0.18,0.307,0.272,0.139,0.272,0.302,0.307,0.341,0.302,0.25,0.24,0.198,0.24,0.139,0.135,0.237,0.213,0.237,0.601,0.213,0.135,0.601,0.946,0.237,0.683,0.213,0.237,0.601,0.156,0.683,0.201,0.683,0.566,0.968,0.186,0.099,0.476,0.099,0.095,0.467,0.467,0.467,0.15,0.476,0.095,0.476,0.186,0.15,0.248,0.176,0.248,0.188,0.188,0.188,0.876,0.128,0.271,0.546,0.354,0.259,0.3,0.354,0.814,0.128,0.147,0.663,0.167,0.147,0.3,0.55,0.819,0.291,0.128,0.26,0.542,0.665,0.081,0.147,0.144,0.081,0.081,0.545,0.064,0.341,0.194,0.064,0.064,0.134,0.63,0.746,0.746,0.747,0.731,0.348,0.394,0.28,0.754,0.205,0.097,0.385,0.38,0.348,0.665,0.381,0.099,0.35,0.804,0.725,0.143,0.798,0.725,0.787,0.424,0.237,0.437,0.833,0.103,0.523,0.969,0.732,0.872,0.523,0.53,0.084,0.682,0.655,0.53,0.181,0.53,0.523,0.663,0.543,0.864,0.751,0.647,0.178,0.583,0.61,0.401,0.777,0.6,0.86,0.541,0.648,0.559,0.626,0.603,0.654,0.628,0.463
0.563,0.563,0.549,0.549,0.612,0.767,0.636,0.77,0.781,0.55,0.77,0.625,0.839,0.612,0.625,0.77,0.839,0.612,0.201,0.839,0.568,0.624,0.568,0.839,0.839,0.636,0.839,0.77,0.791,0.55,0.791,0.624,0.523,0.741,0.617,0.741,0.593,0.617,0.523,0.593,0.648,0.741,0.254,0.953,0.741,0.593,0.19,0.254,0.986,0.254,0.575,0.579,0.505,0.409,0.512,0.409,0.442,0.169,0.169,0.169,0.639,0.512,0.442,0.512,0.505,0.639,0.729,0.5,0.729,0.508,0.508,0.508,0.557,0.677,0.843,0.388,0.703,0.411,0.649,0.703,0.442,0.677,0.747,0.538,0.469,0.747,0.649,0.398,0.406,0.522,0.677,0.724,0.398,0.522,0.459,0.747,0.248,0.459,0.459,0.411,0.468,0.728,0.357,0.468,0.468,0.973,0.399,0.707,0.707,0.816,0.015,0.983,0.066,0.981,0.592,0.393,0.678,0.72,0.038,0.983,0.349,0.036,0.855,0.078,0.347,0.888,0.96,0.02,0.888,0.234,0.05,0.772,0.039,0.02,0.582,0.542,0.018,0.876,0.014,0.542,0.51,0.562,0.794,0.147,0.51,0.327,0.51,0.542,0.784,0.107,0.088,0.094,0.026,0.246,0.063,0.806,0.042,0.091,0.085,0.084,0.071,0.046,0.046,0.067,0.057,0.046,0.045,0.033
0.933,0.933,0.86,0.86,0.045,0.867,0.712,0.839,0.866,0.696,0.839,0.78,0.753,0.045,0.78,0.839,0.753,0.045,0.08,0.753,0.851,0.664,0.851,0.75,0.753,0.712,0.75,0.839,0.836,0.696,0.836,0.664,0.765,0.827,0.811,0.827,0.043,0.811,0.765,0.043,0.403,0.827,0.025,0.25,0.827,0.043,0.032,0.025,0.474,0.025,0.316,0.284,0.126,0.749,0.133,0.749,0.728,0.109,0.109,0.109,0.791,0.133,0.728,0.133,0.126,0.791,0.802,0.232,0.802,0.075,0.075,0.075,0.324,0.529,0.195,0.457,0.129,0.303,0.126,0.129,0.532,0.529,0.262,0.468,0.255,0.262,0.126,0.39,0.483,0.236,0.529,0.207,0.461,0.513,0.143,0.262,0.188,0.143,0.143,0.428,0.177,0.058,0.339,0.177,0.177,0.471,0.492,0.035,0.035,0.024,0.607,0.666,0.535,0.737,0.531,0.239,0.115,0.052,0.542,0.666,0.443,0.525,0.131,0.644,0.498,0.07,0.33,0.708,0.07,0.874,0.662,0.116,0.585,0.695,0.241,0.265,0.644,0.058,0.734,0.265,0.358,0.152,0.504,0.762,0.358,0.216,0.358,0.265,0.502,0.473,0.641,0.29,0.349,0.176,0.423,0.487,0.347,0.307,0.349,0.602,0.354,0.362,0.384,0.397,0.388,0.041,0.033,0.087
0.513,0.513,0.494,0.494,0.944,0.843,0.716,0.706,0.839,0.447,0.706,0.763,0.661,0.944,0.763,0.706,0.661,0.944,0.018,0.661,0.723,0.487,0.723,0.652,0.661,0.716,0.652,0.706,0.701,0.447,0.701,0.487,0.438,0.871,0.926,0.871,0.385,0.926,0.438,0.385,0.812,0.871,0.585,0.044,0.871,0.385,0.028,0.585,0.375,0.585,0.836,0.801,0.568,0.419,0.319,0.419,0.412,0.579,0.579,0.579,0.682,0.319,0.412,0.319,0.568,0.682,0.831,0.115,0.831,0.809,0.809,0.809,0.84,0.93,0.014,0.449,0.585,0.444,0.591,0.585,0.546,0.93,0.386,0.534,0.148,0.386,0.591,0.475,0.577,0.285,0.93,0.014,0.464,0.536,0.646,0.386,0.966,0.646,0.646,0.502,0.605,0.424,0.467,0.605,0.605,0.783,0.536,0.5,0.5,0.699,0.166,0.958,0.254,0.955,0.618,0.4,0.461,0.492,0.224,0.958,0.586,0.205,0.406,0.28,0.671,0.371,0.743,0.091,0.371,0.917,0.271,0.52,0.235,0.122,0.782,0.688,0.162,0.5,0.144,0.688,0.682,0.704,0.183,0.412,0.682,0.531,0.682,0.688,0.217,0.467,0.411,0.58,0.229,0.505,0.228,0.202,0.48,0.591,0.577,0.37,0.531,0.218,0.206,0.381,0.375,0.434,0.568,0.554
0.095,0.095,0.085,0.085,0.946,0.711,0.14,0.088,0.741,0.08,0.088,0.146,0.09,0.946,0.146,0.088,0.09,0.946,0.742,0.09,0.279,0.076,0.279,0.09,0.09,0.14,0.09,0.088,0.089,0.08,0.089,0.076,0.084,0.203,0.204,0.203,0.704,0.204,0.084,0.704,0.947,0.203,0.866,0.94,0.203,0.704,0.783,0.866,0.873,0.866,0.705,0.784,0.837,0.034,0.765,0.034,0.03,0.884,0.884,0.884,0.146,0.765,0.03,0.765,0.837,0.146,0.153,0.904,0.153,0.863,0.863,0.863,0.934,0.96,0.986,0.454,0.874,0.258,0.825,0.874,0.635,0.96,0.902,0.651,0.946,0.902,0.825,0.492,0.682,0.248,0.96,0.996,0.435,0.584,0.903,0.902,0.953,0.903,0.903,0.479,0.883,0.919,0.223,0.883,0.883,0.555,0.589,0.985,0.985,0.992,0.989,0.952,0.807,0.977,0.705,0.208,0.199,0.947,0.592,0.952,0.584,0.659,0.275,0.714,0.783,0.951,0.554,0.199,0.951,0.946,0.472,0.958,0.497,0.985,0.519,0.936,0.193,0.972,0.363,0.936,0.914,0.543,0.859,0.272,0.914,0.285,0.914,0.936,0.854,0.2,0.138,0.268,0.499,0.413,0.451,0.816,0.729,0.327,0.668,0.156,0.744,0.545,0.464,0.435,0.459,0.663,0.634,0.795
0.303,0.303,0.26,0.26,0.425,0.2,0.218,0.468,0.181,0.341,0.468,0.296,0.439,0.425,0.296,0.468,0.439,0.425,0.964,0.439,0.307,0.368,0.307,0.433,0.439,0.218,0.433,0.468,0.481,0.341,0.481,0.368,0.215,0.498,0.292,0.498,0.781,0.292,0.215,0.781,0.292,0.498,0.757,0.39,0.498,0.781,0.843,0.757,0.654,0.757,0.179,0.317,0.112,0.259,0.69,0.259,0.257,0.631,0.631,0.631,0.404,0.69,0.257,0.69,0.112,0.404,0.509,0.576,0.509,0.667,0.667,0.667,0.319,0.346,0.124,0.237,0.121,0.357,0.121,0.121,0.476,0.346,0.189,0.386,0.494,0.189,0.121,0.297,0.529,0.494,0.346,0.116,0.244,0.351,0.874,0.189,0.723,0.874,0.874,0.318,0.85,0.172,0.328,0.85,0.85,0.39,0.28,0.352,0.352,0.507,0.414,0.344,0.047,0.401,0.523,0.554,0.627,0.172,0.04,0.344,0.291,0.052,0.748,0.075,0.692,0.334,0.618,1.0,0.334,0.357,0.089,0.091,0.096,0.371,0.566,0.305,1.0,0.492,1.0,0.305,0.33,0.696,0.07,0.995,0.33,0.413,0.33,0.305,0.069,0.997,0.991,0.999,0.975,0.455,0.897,0.062,0.97,0.998,0.983,0.982,0.983,0.955,0.917,0.91,0.932,0.87,0.877,0.738
0.128,0.128,0.112,0.112,0.021,0.64,0.173,0.208,0.651,0.149,0.208,0.2,0.16,0.021,0.2,0.208,0.16,0.021,0.745,0.16,0.061,0.17,0.061,0.157,0.16,0.173,0.157,0.208,0.205,0.149,0.205,0.17,0.161,0.207,0.176,0.207,0.354,0.176,0.161,0.354,0.521,0.207,0.314,0.358,0.207,0.354,0.692,0.314,0.901,0.314,0.651,0.474,0.171,0.112,0.555,0.112,0.107,0.609,0.609,0.609,0.189,0.555,0.107,0.555,0.171,0.189,0.208,0.905,0.208,0.453,0.453,0.453,0.758,0.385,0.464,0.482,0.108,0.944,0.091,0.108,0.85,0.385,0.249,0.643,0.929,0.249,0.091,0.49,0.874,0.931,0.385,0.594,0.483,0.634,0.629,0.249,0.76,0.629,0.629,0.532,0.473,0.207,0.919,0.473,0.473,0.917,0.568,0.466,0.466,0.58,0.872,0.318,0.258,0.471,0.701,0.915,0.925,0.218,0.213,0.318,0.575,0.235,0.901,0.311,0.832,0.54,0.896,0.314,0.54,0.505,0.202,0.189,0.212,0.915,0.625,0.364,0.301,0.709,0.334,0.364,0.377,0.936,0.805,0.343,0.377,0.837,0.377,0.364,0.795,0.21,0.176,0.225,0.634,0.82,0.521,0.774,0.741,0.212,0.733,0.201,0.714,0.663,0.54,0.564,0.552,0.67,0.638,0.777
0.343,0.343,0.325,0.325,0.024,0.328,0.125,0.103,0.37,0.815,0.103,0.182,0.078,0.024,0.182,0.103,0.078,0.024,0.346,0.078,0.322,0.804,0.322,0.085,0.078,0.125,0.085,0.103,0.117,0.815,0.117,0.804,0.82,0.121,0.172,0.121,0.001,0.172,0.82,0.001,0.826,0.121,0.001,0.707,0.121,0.001,0.421,0.001,0.1,0.001,0.375,0.689,0.167,0.804,0.009,0.804,0.837,0.005,0.005,0.005,0.842,0.009,0.837,0.009,0.167,0.842,0.114,0.226,0.114,0.229,0.229,0.229,0.78,0.752,0.751,0.297,0.002,0.235,0.004,0.002,0.487,0.752,0.339,0.311,0.146,0.339,0.004,0.268,0.442,0.25,0.752,0.773,0.293,0.335,0.16,0.339,0.939,0.16,0.16,0.273,0.209,0.018,0.261,0.209,0.209,0.054,0.302,0.017,0.017,0.02,0.149,0.82,0.038,0.81,0.328,0.314,0.176,0.019,0.027,0.82,0.272,0.025,0.163,0.047,0.352,0.047,0.068,0.754,0.047,0.985,0.059,0.164,0.067,0.162,0.057,0.029,0.677,0.05,0.809,0.029,0.043,0.102,0.39,0.82,0.043,0.189,0.043,0.029,0.39,0.509,0.491,0.603,0.738,0.244,0.626,0.419,0.78,0.57,0.757,0.613,0.745,0.754,0.541,0.534,0.51,0.632,0.599,0.744
0.495,0.495,0.432,0.432,0.256,0.329,0.467,0.81,0.295,0.794,0.81,0.517,0.711,0.256,0.517,0.81,0.711,0.256,0.692,0.711,0.451,0.803,0.451,0.76,0.711,0.467,0.76,0.81,0.823,0.794,0.823,0.803,0.777,0.897,0.565,0.897,0.169,0.565,0.777,0.169,0.719,0.897,0.079,0.971,0.897,0.169,0.729,0.079,0.77,0.079,0.197,0.703,0.015,0.824,0.088,0.824,0.79,0.088,0.088,0.088,0.905,0.088,0.79,0.088,0.015,0.905,0.84,0.716,0.84,0.027,0.027,0.027,0.648,0.356,0.96,0.62,0.032,0.469,0.022,0.032,0.771,0.356,0.013,0.696,0.628,0.013,0.022,0.623,0.73,0.577,0.356,0.882,0.62,0.699,0.12,0.013,0.783,0.12,0.12,0.619,0.156,0.049,0.506,0.156,0.156,0.532,0.626,0.386,0.386,0.376,0.718,0.673,0.738,0.717,0.673,0.704,0.61,0.08,0.711,0.673,0.595,0.736,0.617,0.591,0.76,0.734,0.503,0.746,0.734,0.3,0.616,0.006,0.668,0.699,0.723,0.15,0.841,0.719,0.83,0.15,0.187,0.56,0.406,0.696,0.187,0.635,0.187,0.15,0.385,0.603,0.398,0.468,0.854,0.721,0.766,0.327,0.487,0.497,0.421,0.351,0.392,0.855,0.735,0.766,0.746,0.623,0.647,0.699
0.143,0.143,0.148,0.148,0.554,0.237,0.497,0.339,0.206,0.319,0.339,0.47,0.388,0.554,0.47,0.339,0.388,0.554,0.622,0.388,0.267,0.319,0.267,0.386,0.388,0.497,0.386,0.339,0.365,0.319,0.365,0.319,0.202,0.426,0.653,0.426,0.389,0.653,0.202,0.389,0.68,0.426,0.37,0.222,0.426,0.389,0.637,0.37,0.894,0.37,0.319,0.605,0.338,0.202,0.554,0.202,0.201,0.538,0.538,0.538,0.35,0.554,0.201,0.554,0.338,0.35,0.489,0.606,0.489,0.463,0.463,0.463,0.973,0.78,0.219,0.618,0.19,0.553,0.166,0.19,0.713,0.78,0.571,0.777,0.482,0.571,0.166,0.635,0.776,0.654,0.78,0.182,0.634,0.78,0.428,0.571,0.95,0.428,0.428,0.642,0.392,0.368,0.481,0.392,0.392,0.884,0.726,0.684,0.684,0.732,0.099,0.954,0.499,0.952,0.817,0.537,0.428,0.423,0.516,0.954,0.743,0.514,0.544,0.642,0.899,0.693,0.829,0.887,0.693,0.46,0.687,0.555,0.675,0.149,0.725,0.36,0.656,0.767,0.912,0.36,0.331,0.475,0.468,0.665,0.331,0.694,0.331,0.36,0.457,0.511,0.397,0.593,0.916,0.575,0.767,0.435,0.12,0.494,0.132,0.606,0.128,0.864,0.868,0.542,0.696,0.116,0.098,0.791
0.389,0.389,0.47,0.47,0.447,0.845,0.188,0.098,0.858,0.104,0.098,0.181,0.152,0.447,0.181,0.098,0.152,0.447,0.375,0.152,0.527,0.149,0.527,0.144,0.152,0.188,0.144,0.098,0.131,0.104,0.131,0.149,0.536,0.079,0.173,0.079,0.894,0.173,0.536,0.894,0.883,0.079,0.942,0.253,0.079,0.894,0.464,0.942,0.456,0.942,0.826,0.827,0.591,0.522,0.785,0.522,0.502,0.867,0.867,0.867,0.141,0.785,0.502,0.785,0.591,0.141,0.09,0.311,0.09,0.369,0.369,0.369,0.768,0.701,0.237,0.428,0.698,0.228,0.604,0.698,0.683,0.701,0.672,0.483,0.286,0.672,0.604,0.388,0.707,0.234,0.701,0.23,0.424,0.511,0.59,0.672,0.088,0.59,0.59,0.383,0.536,0.791,0.535,0.536,0.536,0.573,0.401,0.119,0.119,0.125,0.62,0.24,0.805,0.289,0.477,0.5,0.313,0.85,0.851,0.24,0.382,0.858,0.262,0.943,0.598,0.078,0.416,0.473,0.078,0.538,0.884,0.803,0.887,0.278,0.306,0.696,0.52,0.095,0.525,0.696,0.614,0.137,0.687,0.286,0.614,0.434,0.614,0.696,0.728,0.477,0.305,0.411,0.733,0.551,0.622,0.723,0.547,0.469,0.445,0.325,0.465,0.804,0.533,0.68,0.584,0.673,0.693,0.602
0.69,0.69,0.523,0.523,0.279,0.441,0.448,0.456,0.446,0.384,0.456,0.528,0.41,0.279,0.528,0.456,0.41,0.279,0.187,0.41,0.692,0.42,0.692,0.403,0.41,0.448,0.403,0.456,0.463,0.384,0.463,0.42,0.253,0.528,0.462,0.528,0.201,0.462,0.253,0.201,0.467,0.528,0.088,0.845,0.528,0.201,0.109,0.088,0.006,0.088,0.489,0.364,0.442,0.262,0.177,0.262,0.265,0.167,0.167,0.167,0.418,0.177,0.265,0.177,0.442,0.418,0.54,0.005,0.54,0.359,0.359,0.359,0.396,0.22,0.852,0.165,0.45,0.056,0.388,0.45,0.262,0.22,0.055,0.281,0.004,0.055,0.388,0.168,0.243,0.066,0.22,0.807,0.163,0.282,0.138,0.055,0.6,0.138,0.138,0.166,0.17,0.121,0.058,0.17,0.17,0.043,0.183,0.047,0.047,0.032,0.025,0.323,0.568,0.176,0.334,0.045,0.103,0.122,0.589,0.323,0.179,0.583,0.124,0.537,0.254,0.053,0.044,0.028,0.053,0.245,0.491,0.17,0.458,0.023,0.07,0.021,0.04,0.037,0.029,0.021,0.023,0.071,0.772,0.532,0.023,0.09,0.023,0.021,0.751,0.319,0.531,0.285,0.12,0.095,0.096,0.714,0.235,0.281,0.236,0.486,0.205,0.118,0.107,0.112,0.104,0.369,0.335,0.315
0.894,0.894,0.854,0.854,0.471,0.598,0.857,0.954,0.692,0.878,0.954,0.853,0.943,0.471,0.853,0.954,0.943,0.471,0.755,0.943,0.78,0.881,0.78,0.93,0.943,0.857,0.93,0.954,0.935,0.878,0.935,0.881,0.61,0.802,0.836,0.802,0.804,0.836,0.61,0.804,0.206,0.802,0.829,0.177,0.802,0.804,0.83,0.829,0.294,0.829,0.424,0.183,0.491,0.566,0.841,0.566,0.522,0.848,0.848,0.848,0.743,0.841,0.522,0.841,0.491,0.743,0.824,0.433,0.824,0.569,0.569,0.569,0.163,0.606,0.176,0.316,0.606,0.59,0.617,0.606,0.334,0.606,0.724,0.363,0.38,0.724,0.617,0.329,0.338,0.693,0.606,0.174,0.318,0.347,0.598,0.724,0.793,0.598,0.598,0.334,0.664,0.829,0.528,0.664,0.664,0.516,0.344,0.711,0.711,0.829,0.535,0.549,0.127,0.576,0.373,0.669,0.147,0.788,0.154,0.549,0.339,0.152,0.159,0.097,0.342,0.641,0.613,0.802,0.641,0.982,0.115,0.758,0.108,0.582,0.167,0.821,0.703,0.782,0.832,0.821,0.795,0.241,0.947,0.274,0.795,0.135,0.795,0.821,0.962,0.298,0.309,0.402,0.497,0.151,0.464,0.961,0.61,0.644,0.558,0.57,0.538,0.552,0.432,0.44,0.403,0.091,0.087,0.25
0.685,0.685,0.645,0.645,0.232,0.264,0.498,0.714,0.253,0.685,0.714,0.645,0.685,0.232,0.645,0.714,0.685,0.232,0.846,0.685,0.558,0.725,0.558,0.758,0.685,0.498,0.758,0.714,0.779,0.685,0.779,0.725,0.948,0.696,0.445,0.696,0.189,0.445,0.948,0.189,0.301,0.696,0.168,0.704,0.696,0.189,0.916,0.168,0.687,0.168,0.326,0.22,0.683,0.865,0.09,0.865,0.877,0.056,0.056,0.056,0.73,0.09,0.877,0.09,0.683,0.73,0.773,0.667,0.773,0.805,0.805,0.805,0.142,0.196,0.646,0.229,0.78,0.596,0.813,0.78,0.304,0.196,0.108,0.285,0.651,0.108,0.813,0.224,0.359,0.733,0.196,0.664,0.241,0.293,0.686,0.108,0.781,0.686,0.686,0.233,0.658,0.079,0.584,0.658,0.658,0.581,0.176,0.289,0.289,0.384,0.412,0.561,0.307,0.454,0.248,0.711,0.533,0.082,0.335,0.561,0.188,0.302,0.575,0.468,0.344,0.318,0.748,0.498,0.318,0.13,0.45,0.11,0.429,0.289,0.521,0.031,0.554,0.424,0.398,0.031,0.034,0.449,0.704,0.518,0.034,0.502,0.034,0.031,0.694,0.432,0.383,0.326,0.565,0.468,0.416,0.829,0.905,0.495,0.491,0.38,0.512,0.568,0.4,0.451,0.43,0.802,0.626,0.694
0.583,0.583,0.571,0.571,0.819,0.302,0.671,0.647,0.305,0.701,0.647,0.695,0.539,0.819,0.695,0.647,0.539,0.819,0.808,0.539,0.578,0.631,0.578,0.57,0.539,0.671,0.57,0.647,0.601,0.701,0.601,0.631,0.785,0.653,0.682,0.653,0.378,0.682,0.785,0.378,0.1,0.653,0.708,0.611,0.653,0.378,0.809,0.708,0.787,0.708,0.287,0.111,0.616,0.571,0.305,0.571,0.546,0.731,0.731,0.731,0.642,0.305,0.546,0.305,0.616,0.642,0.672,0.865,0.672,0.368,0.368,0.368,0.073,0.823,0.44,0.071,0.081,0.804,0.035,0.081,0.088,0.823,0.758,0.072,0.905,0.758,0.035,0.071,0.078,0.37,0.823,0.498,0.068,0.083,0.14,0.758,0.607,0.14,0.14,0.063,0.057,0.114,0.812,0.057,0.057,0.712,0.065,0.2,0.2,0.172,0.456,0.122,0.753,0.173,0.071,0.359,0.673,0.201,0.744,0.122,0.064,0.691,0.505,0.759,0.07,0.205,0.369,0.884,0.205,0.162,0.807,0.517,0.806,0.506,0.415,0.222,0.902,0.162,0.894,0.222,0.17,0.961,0.368,0.9,0.17,0.27,0.17,0.222,0.357,0.931,0.945,0.92,0.516,0.262,0.547,0.445,0.668,0.921,0.818,0.912,0.8,0.588,0.555,0.478,0.554,0.657,0.612,0.673
0.893,0.893,0.965,0.965,0.274,0.527,0.987,0.61,0.521,0.629,0.61,0.904,0.91,0.274,0.904,0.61,0.91,0.274,0.244,0.91,0.816,0.508,0.816,0.89,0.91,0.987,0.89,0.61,0.634,0.629,0.634,0.508,0.774,0.655,0.828,0.655,0.805,0.828,0.774,0.805,0.331,0.655,0.621,0.478,0.655,0.805,0.285,0.621,0.347,0.621,0.792,0.353,0.592,0.74,0.603,0.74,0.731,0.529,0.529,0.529,0.431,0.603,0.731,0.603,0.592,0.431,0.651,0.437,0.651,0.659,0.659,0.659,0.406,0.533,0.419,0.44,0.407,0.522,0.378,0.407,0.53,0.533,0.498,0.379,0.387,0.498,0.378,0.404,0.536,0.476,0.533,0.401,0.452,0.438,0.452,0.498,0.149,0.452,0.452,0.414,0.436,0.716,0.542,0.436,0.436,0.668,0.447,0.6,0.6,0.583,0.253,0.793,0.343,0.816,0.434,0.489,0.551,0.738,0.36,0.793,0.435,0.365,0.592,0.555,0.51,0.572,0.63,0.263,0.572,0.625,0.567,0.779,0.568,0.232,0.553,0.652,0.238,0.547,0.403,0.652,0.601,0.504,0.71,0.219,0.601,0.561,0.601,0.652,0.719,0.351,0.381,0.287,0.364,0.642,0.409,0.8,0.079,0.259,0.029,0.244,0.026,0.353,0.417,0.374,0.383,0.082,0.06,0.072
0.398,0.398,0.37,0.37,0.966,0.971,0.286,0.281,0.972,0.223,0.281,0.314,0.254,0.966,0.314,0.281,0.254,0.966,0.796,0.254,0.34,0.244,0.34,0.271,0.254,0.286,0.271,0.281,0.289,0.223,0.289,0.244,0.113,0.264,0.288,0.264,0.855,0.288,0.113,0.855,0.469,0.264,0.782,0.642,0.264,0.855,0.53,0.782,0.182,0.782,0.969,0.46,0.448,0.164,0.536,0.164,0.164,0.527,0.527,0.527,0.223,0.536,0.164,0.536,0.448,0.223,0.269,0.154,0.269,0.399,0.399,0.399,0.528,0.944,0.567,0.732,0.511,0.203,0.521,0.511,0.287,0.944,0.689,0.877,0.158,0.689,0.521,0.736,0.287,0.181,0.944,0.597,0.748,0.867,0.41,0.689,0.829,0.41,0.41,0.738,0.41,0.539,0.196,0.41,0.41,0.122,0.652,0.852,0.852,0.836,0.92,0.997,0.731,0.998,0.788,0.181,0.617,0.521,0.759,0.997,0.635,0.757,0.642,0.653,0.286,0.842,0.146,0.415,0.842,0.997,0.735,0.478,0.729,0.976,0.253,0.529,0.493,0.813,0.509,0.529,0.535,0.546,0.454,0.963,0.535,0.486,0.535,0.529,0.461,0.907,0.925,0.911,0.667,0.433,0.798,0.425,0.609,0.915,0.967,0.946,0.964,0.73,0.788,0.846,0.785,0.593,0.589,0.359
0.545,0.545,0.63,0.63,0.421,0.361,0.62,0.953,0.316,0.977,0.953,0.622,0.957,0.421,0.622,0.953,0.957,0.421,0.842,0.957,0.847,0.917,0.847,0.893,0.957,0.62,0.893,0.953,0.944,0.977,0.944,0.917,0.824,0.898,0.715,0.898,0.395,0.715,0.824,0.395,0.514,0.898,0.725,0.129,0.898,0.395,0.908,0.725,0.244,0.725,0.236,0.381,0.654,0.699,0.505,0.699,0.691,0.494,0.494,0.494,0.916,0.505,0.691,0.505,0.654,0.916,0.898,0.446,0.898,0.556,0.556,0.556,0.5,0.499,0.172,0.598,0.414,0.086,0.467,0.414,0.76,0.499,0.699,0.65,0.403,0.699,0.467,0.587,0.762,0.063,0.499,0.162,0.609,0.655,0.476,0.699,0.769,0.476,0.476,0.599,0.444,0.666,0.092,0.444,0.444,0.097,0.556,0.967,0.967,0.908,0.904,0.734,0.282,0.706,0.642,0.062,0.512,0.517,0.284,0.734,0.567,0.29,0.332,0.283,0.685,0.779,0.062,0.693,0.779,0.826,0.268,0.619,0.275,0.868,0.08,0.447,0.684,0.713,0.72,0.447,0.559,0.625,0.23,0.429,0.559,0.089,0.559,0.447,0.23,0.561,0.667,0.728,0.48,0.091,0.659,0.237,0.743,0.716,0.589,0.694,0.515,0.406,0.715,0.599,0.649,0.126,0.064,0.331
0.59,0.59,0.526,0.526,0.36,0.111,0.628,0.607,0.11,0.437,0.607,0.716,0.556,0.36,0.716,0.607,0.556,0.36,0.43,0.556,0.528,0.464,0.528,0.476,0.556,0.628,0.476,0.607,0.635,0.437,0.635,0.464,0.858,0.664,0.788,0.664,0.278,0.788,0.858,0.278,0.25,0.664,0.214,0.471,0.664,0.278,0.369,0.214,0.476,0.214,0.117,0.288,0.059,0.918,0.43,0.918,0.913,0.385,0.385,0.385,0.429,0.43,0.913,0.43,0.059,0.429,0.712,0.645,0.712,0.002,0.002,0.002,0.218,0.567,0.285,0.557,0.072,0.278,0.065,0.072,0.647,0.567,0.091,0.617,0.531,0.091,0.065,0.561,0.638,0.462,0.567,0.285,0.571,0.645,0.004,0.091,0.369,0.004,0.004,0.57,0.004,0.27,0.2,0.004,0.004,0.36,0.456,0.37,0.37,0.275,0.452,0.813,0.447,0.792,0.621,0.436,0.48,0.322,0.466,0.813,0.458,0.479,0.291,0.58,0.645,0.456,0.419,0.619,0.456,0.945,0.579,0.096,0.577,0.494,0.621,0.492,0.665,0.363,0.744,0.492,0.514,0.296,0.591,0.645,0.514,0.373,0.514,0.492,0.591,0.295,0.673,0.342,0.902,0.545,0.87,0.551,0.879,0.324,0.915,0.604,0.92,0.92,0.873,0.896,0.885,0.97,0.975,0.967
0.766,0.766,0.708,0.708,0.964,0.265,0.954,0.892,0.271,0.948,0.892,0.952,0.863,0.964,0.952,0.892,0.863,0.964,0.997,0.863,0.766,0.968,0.766,0.853,0.863,0.954,0.853,0.892,0.875,0.948,0.875,0.968,0.636,0.928,0.972,0.928,0.863,0.972,0.636,0.863,0.094,0.928,0.921,0.488,0.928,0.863,0.996,0.921,0.795,0.921,0.212,0.1,0.935,0.698,0.877,0.698,0.706,0.948,0.948,0.948,0.982,0.877,0.706,0.877,0.935,0.982,0.924,0.848,0.924,0.972,0.972,0.972,0.085,0.977,0.408,0.43,0.688,0.005,0.638,0.688,0.299,0.977,0.702,0.266,0.835,0.702,0.638,0.419,0.311,0.004,0.977,0.413,0.413,0.257,0.75,0.702,0.986,0.75,0.75,0.392,0.799,0.931,0.005,0.799,0.799,0.011,0.299,0.447,0.447,0.294,0.178,0.753,0.555,0.73,0.225,0.004,0.004,0.92,0.524,0.753,0.314,0.544,0.004,0.583,0.25,0.489,0.012,0.867,0.489,0.445,0.644,0.95,0.575,0.197,0.02,0.763,0.941,0.313,0.73,0.763,0.763,0.014,0.102,0.646,0.763,0.011,0.763,0.763,0.101,0.9,0.855,0.884,0.746,0.011,0.785,0.1,0.71,0.892,0.903,0.891,0.913,0.829,0.816,0.878,0.906,0.968,0.964,0.821
0.499,0.499,0.399,0.399,0.379,0.512,0.299,0.542,0.496,0.587,0.542,0.344,0.473,0.379,0.344,0.542,0.473,0.379,0.331,0.473,0.371,0.634,0.371,0.54,0.473,0.299,0.54,0.542,0.543,0.587,0.543,0.634,0.93,0.618,0.306,0.618,0.321,0.306,0.93,0.321,0.004,0.618,0.236,0.042,0.618,0.321,0.212,0.236,0.209,0.236,0.373,0.005,0.251,0.868,0.671,0.868,0.856,0.59,0.59,0.59,0.747,0.671,0.856,0.671,0.251,0.747,0.742,0.103,0.742,0.402,0.402,0.402,0.006,0.402,0.029,0.006,0.23,0.211,0.219,0.23,0.005,0.402,0.303,0.006,0.086,0.303,0.219,0.006,0.005,0.191,0.402,0.028,0.004,0.005,0.292,0.303,0.895,0.292,0.292,0.005,0.27,0.082,0.22,0.27,0.27,0.109,0.004,0.573,0.573,0.332,0.154,0.411,0.128,0.396,0.003,0.216,0.898,0.079,0.103,0.411,0.004,0.105,0.81,0.071,0.005,0.511,0.112,0.686,0.511,0.028,0.07,0.146,0.073,0.165,0.486,0.395,0.66,0.298,0.254,0.395,0.403,0.784,0.99,0.233,0.403,0.41,0.403,0.395,0.99,0.341,0.253,0.412,0.466,0.45,0.454,0.986,0.611,0.435,0.616,0.301,0.543,0.473,0.468,0.394,0.417,0.84,0.853,0.653
0.348,0.348,0.387,0.387,0.227,0.668,0.363,0.259,0.669,0.327,0.259,0.285,0.276,0.227,0.285,0.259,0.276,0.227,0.05,0.276,0.209,0.206,0.209,0.276,0.276,0.363,0.276,0.259,0.257,0.327,0.257,0.206,0.18,0.254,0.279,0.254,0.006,0.279,0.18,0.006,0.983,0.254,0.028,0.853,0.254,0.006,0.039,0.028,0.11,0.028,0.586,0.974,0.128,0.125,0.002,0.125,0.119,0.011,0.011,0.011,0.212,0.002,0.119,0.002,0.128,0.212,0.239,0.126,0.239,0.343,0.343,0.343,0.972,0.268,0.836,0.994,0.305,0.176,0.332,0.305,0.913,0.268,0.238,0.994,0.132,0.238,0.332,0.992,0.892,0.217,0.268,0.813,0.997,0.992,0.15,0.238,0.276,0.15,0.15,0.998,0.174,0.557,0.19,0.174,0.174,0.25,0.978,0.322,0.322,0.206,0.354,0.44,0.925,0.394,0.981,0.226,0.579,0.571,0.878,0.44,0.981,0.916,0.555,0.796,0.925,0.266,0.214,0.182,0.266,0.562,0.859,0.309,0.841,0.388,0.278,0.121,0.195,0.177,0.265,0.121,0.053,0.548,0.841,0.218,0.053,0.271,0.053,0.121,0.862,0.242,0.126,0.162,0.32,0.283,0.268,0.932,0.312,0.182,0.343,0.176,0.343,0.313,0.274,0.235,0.224,0.423,0.438,0.386
0.235,0.235,0.224,0.224,0.519,0.98,0.279,0.245,0.985,0.152,0.245,0.301,0.234,0.519,0.301,0.245,0.234,0.519,0.359,0.234,0.189,0.2,0.189,0.228,0.234,0.279,0.228,0.245,0.25,0.152,0.25,0.2,0.099,0.213,0.254,0.213,0.261,0.254,0.099,0.261,0.36,0.213,0.274,0.57,0.213,0.261,0.172,0.274,0.104,0.274,0.964,0.403,0.315,0.148,0.069,0.148,0.15,0.106,0.106,0.106,0.187,0.069,0.15,0.069,0.315,0.187,0.226,0.179,0.226,0.281,0.281,0.281,0.405,0.527,0.583,0.712,0.683,0.272,0.534,0.683,0.301,0.527,0.131,0.436,0.119,0.131,0.534,0.666,0.315,0.266,0.527,0.57,0.694,0.414,0.104,0.131,0.69,0.104,0.104,0.652,0.104,0.218,0.277,0.104,0.104,0.266,0.65,0.414,0.414,0.586,0.527,0.6,0.669,0.581,0.383,0.263,0.883,0.344,0.699,0.6,0.605,0.671,0.931,0.687,0.266,0.504,0.223,0.834,0.504,0.679,0.683,0.269,0.702,0.56,0.678,0.258,0.845,0.556,0.779,0.258,0.153,0.598,0.206,0.406,0.153,0.767,0.153,0.258,0.215,0.421,0.721,0.591,0.904,0.765,0.831,0.169,0.807,0.545,0.837,0.795,0.838,0.842,0.922,0.815,0.853,0.806,0.794,0.891
0.443,0.443,0.527,0.527,0.563,0.48,0.546,0.241,0.46,0.217,0.241,0.265,0.338,0.563,0.265,0.241,0.338,0.563,0.419,0.338,0.349,0.125,0.349,0.339,0.338,0.546,0.339,0.241,0.216,0.217,0.216,0.125,0.171,0.274,0.308,0.274,0.071,0.308,0.171,0.071,0.553,0.274,0.038,0.666,0.274,0.071,0.183,0.038,0.124,0.038,0.354,0.538,0.697,0.122,0.282,0.122,0.114,0.21,0.21,0.21,0.113,0.282,0.114,0.282,0.697,0.113,0.247,0.087,0.247,0.706,0.706,0.706,0.386,0.198,0.687,0.179,0.269,0.101,0.27,0.269,0.309,0.198,0.412,0.269,0.073,0.412,0.27,0.229,0.335,0.087,0.198,0.671,0.19,0.268,0.468,0.412,0.932,0.468,0.468,0.202,0.412,0.647,0.096,0.412,0.412,0.091,0.19,0.17,0.17,0.144,0.237,0.358,0.576,0.332,0.231,0.082,0.136,0.625,0.635,0.358,0.194,0.631,0.11,0.545,0.305,0.323,0.08,0.625,0.323,0.699,0.365,0.651,0.477,0.354,0.163,0.427,0.437,0.287,0.389,0.427,0.451,0.085,0.324,0.345,0.451,0.165,0.451,0.427,0.324,0.389,0.374,0.444,0.367,0.158,0.357,0.293,0.353,0.432,0.514,0.353,0.501,0.358,0.359,0.315,0.298,0.609,0.593,0.559
0.123,0.123,0.089,0.089,0.907,0.661,0.087,0.916,0.702,0.608,0.916,0.116,0.924,0.907,0.116,0.916,0.924,0.907,0.446,0.924,0.051,0.7,0.051,0.874,0.924,0.087,0.874,0.916,0.906,0.608,0.906,0.7,0.49,0.946,0.061,0.946,0.223,0.061,0.49,0.223,0.641,0.946,0.283,0.782,0.946,0.223,0.446,0.283,0.769,0.283,0.724,0.612,0.869,0.66,0.057,0.66,0.586,0.123,0.123,0.123,0.622,0.057,0.586,0.057,0.869,0.622,0.939,0.909,0.939,0.88,0.88,0.88,0.43,0.889,0.711,0.57,0.699,0.794,0.546,0.699,0.582,0.889,0.499,0.59,0.824,0.499,0.546,0.581,0.592,0.63,0.889,0.716,0.57,0.61,0.86,0.499,0.996,0.86,0.86,0.582,0.714,0.242,0.796,0.714,0.714,0.874,0.629,0.325,0.325,0.436,0.793,0.94,0.695,0.953,0.559,0.641,0.723,0.275,0.714,0.94,0.602,0.721,0.759,0.607,0.513,0.765,0.878,0.408,0.765,0.812,0.553,0.327,0.561,0.805,0.926,0.193,0.448,0.784,0.49,0.193,0.094,0.751,0.301,0.894,0.094,0.826,0.094,0.193,0.295,0.878,0.77,0.754,0.031,0.555,0.035,0.294,0.131,0.734,0.081,0.725,0.088,0.03,0.032,0.035,0.028,0.089,0.069,0.094
0.117,0.117,0.251,0.251,0.37,0.597,0.184,0.096,0.621,0.086,0.096,0.126,0.179,0.37,0.126,0.096,0.179,0.37,0.57,0.179,0.27,0.045,0.27,0.175,0.179,0.184,0.175,0.096,0.091,0.086,0.091,0.045,0.058,0.105,0.236,0.105,0.531,0.236,0.058,0.531,0.64,0.105,0.611,0.993,0.105,0.531,0.379,0.611,0.988,0.611,0.841,0.696,0.689,0.015,0.405,0.015,0.015,0.456,0.456,0.456,0.046,0.405,0.015,0.405,0.689,0.046,0.116,0.982,0.116,0.661,0.661,0.661,0.892,0.465,0.973,0.502,0.626,0.996,0.46,0.626,0.637,0.465,0.477,0.639,0.979,0.477,0.46,0.482,0.637,0.992,0.465,0.975,0.502,0.685,0.511,0.477,0.642,0.511,0.511,0.493,0.378,0.274,0.997,0.378,0.378,0.998,0.517,0.775,0.775,0.745,0.371,0.754,0.054,0.773,0.637,0.986,0.99,0.471,0.08,0.754,0.494,0.078,0.99,0.049,0.752,0.783,0.983,0.736,0.783,0.63,0.082,0.559,0.071,0.528,0.971,0.551,0.741,0.763,0.448,0.551,0.553,0.991,0.291,0.332,0.553,0.935,0.553,0.551,0.293,0.35,0.415,0.587,0.6,0.931,0.682,0.279,0.798,0.533,0.723,0.327,0.721,0.516,0.672,0.685,0.66,0.885,0.886,0.885
0.561,0.561,0.568,0.568,0.122,0.715,0.47,0.362,0.728,0.449,0.362,0.463,0.342,0.122,0.463,0.362,0.342,0.122,0.382,0.342,0.523,0.502,0.523,0.379,0.342,0.47,0.379,0.362,0.404,0.449,0.404,0.502,0.483,0.328,0.4,0.328,0.671,0.4,0.483,0.671,0.71,0.328,0.298,0.875,0.328,0.671,0.182,0.298,0.811,0.298,0.507,0.668,0.546,0.525,0.739,0.525,0.495,0.42,0.42,0.42,0.566,0.739,0.495,0.739,0.546,0.566,0.318,0.854,0.318,0.287,0.287,0.287,0.857,0.459,0.88,0.921,0.216,0.567,0.132,0.216,0.496,0.459,0.282,0.764,0.869,0.282,0.132,0.943,0.547,0.734,0.459,0.803,0.939,0.772,0.176,0.282,0.493,0.176,0.176,0.915,0.092,0.085,0.608,0.092,0.092,0.46,0.808,0.767,0.767,0.444,0.266,0.516,0.836,0.154,0.691,0.734,0.887,0.12,0.921,0.516,0.824,0.902,0.647,0.861,0.487,0.78,0.278,0.032,0.78,0.28,0.951,0.177,0.942,0.847,0.808,0.084,0.059,0.759,0.075,0.084,0.045,0.821,0.486,0.301,0.045,0.76,0.045,0.084,0.483,0.247,0.29,0.253,0.177,0.668,0.202,0.47,0.258,0.246,0.368,0.279,0.364,0.185,0.203,0.183,0.186,0.37,0.365,0.262
0.972,0.972,0.964,0.964,0.112,0.138,0.524,0.549,0.129,0.82,0.549,0.557,0.512,0.112,0.557,0.549,0.512,0.112,0.929,0.512,0.951,0.858,0.951,0.525,0.512,0.524,0.525,0.549,0.561,0.82,0.561,0.858,0.564,0.473,0.474,0.473,0.486,0.474,0.564,0.486,0.107,0.473,0.432,0.627,0.473,0.486,0.928,0.432,0.132,0.432,0.141,0.13,0.01,0.608,0.404,0.608,0.611,0.309,0.309,0.309,0.873,0.404,0.611,0.404,0.01,0.873,0.463,0.131,0.463,0.695,0.695,0.695,0.088,0.149,0.614,0.493,0.013,0.308,0.016,0.013,0.149,0.149,0.049,0.147,0.123,0.049,0.016,0.489,0.15,0.244,0.149,0.53,0.493,0.131,0.932,0.049,0.965,0.932,0.932,0.501,0.932,0.312,0.229,0.932,0.932,0.247,0.504,0.518,0.518,0.549,0.594,0.188,0.083,0.263,0.094,0.295,0.22,0.286,0.071,0.188,0.496,0.061,0.358,0.072,0.116,0.545,0.2,0.808,0.545,0.359,0.076,0.084,0.077,0.673,0.27,0.111,0.584,0.568,0.862,0.111,0.121,0.435,0.035,0.821,0.121,0.297,0.121,0.111,0.036,0.747,0.759,0.878,0.952,0.294,0.953,0.029,0.996,0.851,0.987,0.904,0.991,0.958,0.954,0.845,0.849,0.931,0.921,0.976
0.906,0.906,0.922,0.922,0.183,0.356,0.774,0.513,0.321,0.513,0.513,0.655,0.526,0.183,0.655,0.513,0.526,0.183,0.656,0.526,0.697,0.431,0.697,0.523,0.526,0.774,0.523,0.513,0.432,0.513,0.432,0.431,0.952,0.381,0.48,0.381,0.219,0.48,0.952,0.219,0.618,0.381,0.221,0.474,0.381,0.219,0.617,0.221,0.621,0.221,0.277,0.731,0.603,0.981,0.424,0.981,0.964,0.29,0.29,0.29,0.481,0.424,0.964,0.424,0.603,0.481,0.402,0.857,0.402,0.62,0.62,0.62,0.57,0.266,0.715,0.858,0.641,0.748,0.704,0.641,0.28,0.266,0.277,0.884,0.852,0.277,0.704,0.872,0.285,0.826,0.266,0.707,0.854,0.884,0.587,0.277,0.691,0.587,0.587,0.862,0.576,0.047,0.702,0.576,0.576,0.397,0.828,0.554,0.554,0.463,0.367,0.562,0.508,0.072,0.918,0.744,0.955,0.051,0.522,0.562,0.843,0.523,0.947,0.63,0.268,0.52,0.342,0.198,0.52,0.058,0.643,0.042,0.644,0.428,0.52,0.154,0.185,0.489,0.149,0.154,0.245,0.709,0.908,0.071,0.245,0.817,0.245,0.154,0.896,0.068,0.08,0.068,0.012,0.895,0.005,0.912,0.007,0.072,0.013,0.081,0.011,0.01,0.005,0.009,0.01,0.005,0.006,0.021
0.222,0.222,0.179,0.179,0.372,0.554,0.084,0.053,0.634,0.558,0.053,0.121,0.054,0.372,0.121,0.053,0.054,0.372,0.653,0.054,0.165,0.588,0.165,0.054,0.054,0.084,0.054,0.053,0.055,0.558,0.055,0.588,0.372,0.042,0.053,0.042,0.587,0.053,0.372,0.587,0.788,0.042,0.531,0.683,0.042,0.587,0.598,0.531,0.829,0.531,0.569,0.77,0.482,0.353,0.787,0.353,0.336,0.716,0.716,0.716,0.692,0.787,0.336,0.787,0.482,0.692,0.045,0.87,0.045,0.104,0.104,0.104,0.893,0.4,0.672,0.539,0.145,0.82,0.129,0.145,0.837,0.4,0.324,0.662,0.916,0.324,0.129,0.531,0.834,0.793,0.4,0.915,0.527,0.676,0.097,0.324,0.675,0.097,0.097,0.516,0.093,0.277,0.836,0.093,0.093,0.667,0.519,0.704,0.704,0.763,0.5,0.885,0.486,0.842,0.638,0.797,0.274,0.4,0.534,0.885,0.502,0.53,0.319,0.436,0.792,0.789,0.684,0.45,0.789,0.841,0.496,0.275,0.486,0.607,0.826,0.463,0.543,0.836,0.374,0.463,0.406,0.637,0.708,0.357,0.406,0.846,0.406,0.463,0.703,0.38,0.393,0.364,0.673,0.737,0.712,0.691,0.95,0.367,0.973,0.552,0.975,0.683,0.682,0.803,0.727,0.863,0.902,0.822
0.37,0.37,0.349,0.349,0.877,0.768,0.534,0.452,0.805,0.7,0.452,0.462,0.529,0.877,0.462,0.452,0.529,0.877,0.737,0.529,0.4,0.603,0.4,0.591,0.529,0.534,0.591,0.452,0.498,0.7,0.498,0.603,0.337,0.408,0.45,0.408,0.586,0.45,0.337,0.586,0.853,0.408,0.651,0.345,0.408,0.586,0.862,0.651,0.035,0.651,0.675,0.823,0.994,0.369,0.544,0.369,0.362,0.678,0.678,0.678,0.427,0.544,0.362,0.544,0.994,0.427,0.384,0.066,0.384,0.884,0.884,0.884,0.73,0.896,0.322,0.544,0.752,0.253,0.746,0.752,0.815,0.896,0.992,0.757,0.059,0.992,0.746,0.554,0.813,0.23,0.896,0.315,0.556,0.776,0.62,0.992,0.287,0.62,0.62,0.566,0.62,0.771,0.269,0.62,0.62,0.273,0.628,0.875,0.875,0.867,0.997,0.928,0.598,0.938,0.777,0.313,0.94,0.76,0.615,0.928,0.644,0.61,0.928,0.688,0.768,0.717,0.288,0.154,0.717,0.913,0.667,0.991,0.663,0.993,0.268,0.787,0.319,0.771,0.145,0.787,0.792,0.824,0.14,0.15,0.792,0.407,0.792,0.787,0.14,0.252,0.184,0.212,0.149,0.452,0.21,0.138,0.644,0.251,0.778,0.236,0.763,0.142,0.218,0.203,0.203,0.455,0.417,0.397
0.344,0.344,0.255,0.255,0.574,0.744,0.261,0.235,0.742,0.194,0.235,0.295,0.195,0.574,0.295,0.235,0.195,0.574,0.381,0.195,0.332,0.202,0.332,0.202,0.195,0.261,0.202,0.235,0.234,0.194,0.234,0.202,0.211,0.244,0.316,0.244,0.56,0.316,0.211,0.56,0.783,0.244,0.301,0.503,0.244,0.56,0.281,0.301,0.533,0.301,0.744,0.641,0.555,0.134,0.606,0.134,0.128,0.343,0.343,0.343,0.224,0.606,0.128,0.606,0.555,0.224,0.241,0.655,0.241,0.194,0.194,0.194,0.806,0.825,0.849,0.611,0.337,0.763,0.339,0.337,0.841,0.825,0.636,0.724,0.78,0.636,0.339,0.62,0.842,0.802,0.825,0.911,0.619,0.723,0.139,0.636,0.219,0.139,0.139,0.628,0.187,0.417,0.704,0.187,0.187,0.441,0.72,0.251,0.251,0.403,0.303,0.576,0.624,0.711,0.811,0.702,0.589,0.355,0.736,0.576,0.632,0.719,0.603,0.633,0.853,0.526,0.365,0.118,0.526,0.624,0.575,0.578,0.587,0.397,0.766,0.54,0.101,0.693,0.151,0.54,0.554,0.524,0.864,0.131,0.554,0.744,0.554,0.54,0.841,0.096,0.108,0.085,0.231,0.636,0.231,0.669,0.323,0.086,0.363,0.118,0.378,0.237,0.228,0.176,0.18,0.539,0.437,0.441
0.466,0.466,0.491,0.491,0.076,0.766,0.228,0.155,0.75,0.683,0.155,0.198,0.148,0.076,0.198,0.155,0.148,0.076,0.596,0.148,0.33,0.553,0.33,0.149,0.148,0.228,0.149,0.155,0.158,0.683,0.158,0.553,0.852,0.217,0.22,0.217,0.632,0.22,0.852,0.632,0.959,0.217,0.61,0.317,0.217,0.632,0.721,0.61,0.452,0.61,0.754,0.962,0.436,0.831,0.561,0.831,0.829,0.668,0.668,0.668,0.479,0.561,0.829,0.561,0.436,0.479,0.219,0.54,0.219,0.271,0.271,0.271,0.949,0.073,0.698,0.744,0.654,0.081,0.679,0.654,0.888,0.073,0.367,0.779,0.492,0.367,0.679,0.744,0.808,0.097,0.073,0.635,0.724,0.797,0.327,0.367,0.408,0.327,0.327,0.732,0.35,0.499,0.066,0.35,0.35,0.06,0.724,0.129,0.129,0.133,0.142,0.02,0.521,0.018,0.802,0.085,0.173,0.496,0.444,0.02,0.715,0.434,0.162,0.26,0.827,0.071,0.079,0.356,0.071,0.07,0.25,0.364,0.239,0.121,0.096,0.617,0.345,0.085,0.391,0.617,0.54,0.202,0.603,0.414,0.54,0.119,0.54,0.617,0.597,0.459,0.37,0.44,0.409,0.111,0.431,0.592,0.298,0.457,0.293,0.34,0.293,0.394,0.448,0.407,0.44,0.316,0.315,0.334
0.761,0.761,0.739,0.739,0.201,0.933,0.707,0.609,0.926,0.37,0.609,0.748,0.621,0.201,0.748,0.609,0.621,0.201,0.012,0.621,0.648,0.395,0.648,0.614,0.621,0.707,0.614,0.609,0.535,0.37,0.535,0.395,0.654,0.584,0.675,0.584,0.197,0.675,0.654,0.197,0.625,0.584,0.239,0.685,0.584,0.197,0.037,0.239,0.187,0.239,0.663,0.49,0.417,0.545,0.336,0.545,0.509,0.489,0.489,0.489,0.386,0.336,0.509,0.336,0.417,0.386,0.686,0.101,0.686,0.125,0.125,0.125,0.49,0.157,0.68,0.543,0.333,0.055,0.431,0.333,0.818,0.157,0.416,0.688,0.153,0.416,0.431,0.513,0.816,0.057,0.157,0.703,0.544,0.732,0.133,0.416,0.43,0.133,0.133,0.534,0.147,0.231,0.037,0.147,0.147,0.031,0.453,0.652,0.652,0.684,0.786,0.111,0.506,0.156,0.634,0.04,0.166,0.222,0.546,0.111,0.454,0.537,0.204,0.426,0.796,0.614,0.03,0.824,0.614,0.384,0.502,0.212,0.494,0.761,0.099,0.451,0.807,0.649,0.755,0.451,0.517,0.124,0.968,0.519,0.517,0.144,0.517,0.451,0.964,0.366,0.471,0.512,0.909,0.13,0.952,0.966,0.927,0.514,0.932,0.574,0.938,0.949,0.938,0.935,0.927,0.305,0.269,0.259
0.921,0.921,0.926,0.926,0.636,0.279,0.721,0.599,0.302,0.509,0.599,0.737,0.677,0.636,0.737,0.599,0.677,0.636,0.129,0.677,0.904,0.52,0.904,0.667,0.677,0.721,0.667,0.599,0.565,0.509,0.565,0.52,0.725,0.773,0.826,0.773,0.306,0.826,0.725,0.306,0.843,0.773,0.389,0.668,0.773,0.306,0.107,0.389,0.824,0.389,0.638,0.855,0.246,0.727,0.449,0.727,0.723,0.588,0.588,0.588,0.557,0.449,0.723,0.449,0.246,0.557,0.698,0.932,0.698,0.275,0.275,0.275,0.787,0.774,0.64,0.447,0.316,0.99,0.315,0.316,0.549,0.774,0.372,0.467,0.925,0.372,0.315,0.416,0.533,0.977,0.774,0.704,0.417,0.401,0.203,0.372,0.635,0.203,0.203,0.376,0.151,0.322,0.986,0.151,0.151,0.698,0.431,0.22,0.22,0.378,0.121,0.795,0.707,0.861,0.467,0.958,0.931,0.405,0.644,0.795,0.455,0.54,0.934,0.501,0.636,0.738,0.731,0.244,0.738,0.61,0.417,0.316,0.403,0.587,0.874,0.487,0.171,0.74,0.327,0.487,0.515,0.869,0.305,0.178,0.515,0.979,0.515,0.487,0.318,0.783,0.118,0.515,0.403,0.967,0.489,0.269,0.734,0.6,0.781,0.108,0.775,0.379,0.376,0.411,0.334,0.271,0.22,0.109
0.257,0.257,0.244,0.244,0.555,0.951,0.239,0.227,0.953,0.141,0.227,0.269,0.19,0.555,0.269,0.227,0.19,0.555,0.44,0.19,0.237,0.195,0.237,0.201,0.19,0.239,0.201,0.227,0.238,0.141,0.238,0.195,0.077,0.198,0.261,0.198,0.577,0.261,0.077,0.577,0.768,0.198,0.344,0.55,0.198,0.577,0.37,0.344,0.282,0.344,0.94,0.846,0.719,0.106,0.417,0.106,0.109,0.233,0.233,0.233,0.186,0.417,0.109,0.417,0.719,0.186,0.217,0.217,0.217,0.412,0.412,0.412,0.6,0.286,0.694,0.408,0.212,0.273,0.265,0.212,0.385,0.286,0.763,0.401,0.212,0.763,0.265,0.409,0.498,0.205,0.286,0.557,0.448,0.345,0.304,0.763,0.598,0.304,0.304,0.453,0.331,0.624,0.237,0.331,0.331,0.452,0.493,0.215,0.215,0.509,0.939,0.74,0.59,0.853,0.378,0.23,0.308,0.526,0.564,0.74,0.536,0.561,0.325,0.69,0.328,0.438,0.4,0.923,0.438,0.926,0.571,0.773,0.514,0.902,0.371,0.698,0.933,0.804,0.639,0.698,0.589,0.364,0.156,0.647,0.589,0.332,0.589,0.698,0.158,0.961,0.702,0.927,0.654,0.318,0.64,0.162,0.561,0.912,0.721,0.808,0.708,0.646,0.69,0.664,0.689,0.569,0.556,0.541
0.599,0.599,0.588,0.588,0.135,0.802,0.23,0.24,0.784,0.787,0.24,0.272,0.187,0.135,0.272,0.24,0.187,0.135,0.573,0.187,0.544,0.807,0.544,0.184,0.187,0.23,0.184,0.24,0.243,0.787,0.243,0.807,0.839,0.239,0.266,0.239,0.735,0.266,0.839,0.735,0.99,0.239,0.74,0.56,0.239,0.735,0.498,0.74,0.786,0.74,0.797,0.988,0.363,0.833,0.436,0.833,0.806,0.327,0.327,0.327,0.867,0.436,0.806,0.436,0.363,0.867,0.259,0.659,0.259,0.438,0.438,0.438,0.954,0.124,0.482,0.887,0.611,0.947,0.434,0.611,0.958,0.124,0.51,0.898,0.704,0.51,0.434,0.903,0.941,0.892,0.124,0.473,0.916,0.921,0.398,0.51,0.603,0.398,0.398,0.914,0.614,0.816,0.942,0.614,0.614,0.823,0.884,0.826,0.826,0.756,0.58,0.568,0.396,0.666,0.909,0.909,0.742,0.909,0.425,0.568,0.916,0.428,0.736,0.503,0.906,0.931,0.875,0.52,0.931,0.765,0.532,0.762,0.539,0.671,0.906,0.907,0.582,0.892,0.462,0.907,0.863,0.764,0.256,0.753,0.863,0.945,0.863,0.907,0.263,0.727,0.915,0.817,0.652,0.952,0.652,0.232,0.763,0.796,0.708,0.866,0.646,0.597,0.522,0.614,0.544,0.792,0.744,0.736
0.902,0.902,0.876,0.876,0.18,0.8,0.798,0.9,0.803,0.853,0.9,0.843,0.901,0.18,0.843,0.9,0.901,0.18,0.776,0.901,0.804,0.836,0.804,0.921,0.901,0.798,0.921,0.9,0.919,0.853,0.919,0.836,0.507,0.885,0.772,0.885,0.744,0.772,0.507,0.744,0.603,0.885,0.715,0.218,0.885,0.744,0.779,0.715,0.301,0.715,0.739,0.662,0.317,0.579,0.734,0.579,0.56,0.654,0.654,0.654,0.845,0.734,0.56,0.734,0.317,0.845,0.883,0.407,0.883,0.13,0.13,0.13,0.577,0.059,0.243,0.344,0.674,0.743,0.654,0.674,0.438,0.059,0.288,0.462,0.386,0.288,0.654,0.339,0.428,0.636,0.059,0.223,0.34,0.458,0.291,0.288,0.571,0.291,0.291,0.336,0.418,0.448,0.67,0.418,0.418,0.774,0.261,0.596,0.596,0.567,0.602,0.11,0.862,0.201,0.419,0.508,0.829,0.481,0.889,0.11,0.255,0.924,0.889,0.405,0.458,0.518,0.855,0.215,0.518,0.448,0.488,0.118,0.533,0.613,0.684,0.677,0.28,0.51,0.098,0.677,0.635,0.557,0.693,0.044,0.635,0.718,0.635,0.677,0.746,0.049,0.053,0.052,0.2,0.763,0.256,0.924,0.147,0.053,0.303,0.062,0.305,0.205,0.253,0.289,0.282,0.224,0.201,0.108
0.307,0.307,0.274,0.274,0.258,0.919,0.943,0.985,0.92,0.863,0.985,0.967,0.97,0.258,0.967,0.985,0.97,0.258,0.512,0.97,0.296,0.88,0.296,0.982,0.97,0.943,0.982,0.985,0.987,0.863,0.987,0.88,0.583,0.938,0.966,0.938,0.195,0.966,0.583,0.195,0.286,0.938,0.243,0.774,0.938,0.195,0.494,0.243,0.702,0.243,0.873,0.252,0.025,0.589,0.236,0.589,0.565,0.307,0.307,0.307,0.909,0.236,0.565,0.236,0.025,0.909,0.991,0.687,0.991,0.436,0.436,0.436,0.379,0.283,0.713,0.248,0.062,0.534,0.069,0.062,0.475,0.283,0.081,0.382,0.755,0.081,0.069,0.23,0.467,0.753,0.283,0.607,0.242,0.39,0.434,0.081,0.684,0.434,0.434,0.226,0.439,0.383,0.531,0.439,0.439,0.54,0.249,0.372,0.372,0.239,0.464,0.277,0.433,0.49,0.329,0.746,0.376,0.369,0.402,0.277,0.241,0.398,0.483,0.265,0.385,0.575,0.612,0.595,0.575,0.431,0.236,0.294,0.236,0.5,0.873,0.213,0.47,0.434,0.423,0.213,0.252,0.672,0.98,0.186,0.252,0.701,0.252,0.213,0.979,0.128,0.352,0.244,0.686,0.817,0.777,0.897,0.602,0.203,0.692,0.431,0.637,0.728,0.778,0.74,0.752,0.639,0.682,0.713
0.829,0.829,0.803,0.803,0.896,0.258,0.746,0.914,0.254,0.983,0.914,0.819,0.859,0.896,0.819,0.914,0.859,0.896,0.239,0.859,0.84,0.988,0.84,0.843,0.859,0.746,0.843,0.914,0.889,0.983,0.889,0.988,0.888,0.891,0.746,0.891,0.782,0.746,0.888,0.782,0.361,0.891,0.679,0.309,0.891,0.782,0.215,0.679,0.305,0.679,0.252,0.383,0.299,0.976,0.885,0.976,0.976,0.858,0.858,0.858,0.956,0.885,0.976,0.885,0.299,0.956,0.88,0.196,0.88,0.651,0.651,0.651,0.598,0.572,0.343,0.951,0.066,0.071,0.044,0.066,0.861,0.572,0.471,0.973,0.23,0.471,0.044,0.948,0.864,0.083,0.572,0.335,0.958,0.982,0.363,0.471,0.167,0.363,0.363,0.973,0.311,0.081,0.077,0.311,0.311,0.158,0.905,0.011,0.011,0.009,0.011,0.05,0.775,0.042,0.955,0.086,0.34,0.092,0.853,0.05,0.959,0.88,0.354,0.989,0.93,0.013,0.137,0.387,0.013,0.029,0.975,0.346,0.976,0.008,0.159,0.337,0.352,0.013,0.355,0.337,0.357,0.371,0.608,0.638,0.357,0.323,0.357,0.337,0.554,0.579,0.446,0.701,0.216,0.303,0.167,0.588,0.262,0.737,0.256,0.423,0.255,0.208,0.184,0.173,0.179,0.342,0.378,0.377
0.886,0.886,0.896,0.896,0.796,0.189,0.764,0.46,0.185,0.756,0.46,0.593,0.572,0.796,0.593,0.46,0.572,0.796,0.452,0.572,0.879,0.583,0.879,0.629,0.572,0.764,0.629,0.46,0.473,0.756,0.473,0.583,0.495,0.464,0.567,0.464,0.912,0.567,0.495,0.912,0.599,0.464,0.883,0.776,0.464,0.912,0.734,0.883,0.556,0.883,0.158,0.6,0.979,0.511,0.846,0.511,0.513,0.859,0.859,0.859,0.504,0.846,0.513,0.846,0.979,0.504,0.429,0.459,0.429,0.905,0.905,0.905,0.525,0.864,0.797,0.741,0.92,0.362,0.903,0.92,0.884,0.864,0.987,0.802,0.351,0.987,0.903,0.701,0.862,0.436,0.864,0.858,0.749,0.837,0.901,0.987,0.113,0.901,0.901,0.698,0.859,0.944,0.432,0.859,0.859,0.522,0.684,0.886,0.886,0.905,0.799,0.67,0.409,0.673,0.822,0.519,0.346,0.937,0.508,0.67,0.697,0.474,0.369,0.201,0.866,0.858,0.453,0.206,0.858,0.498,0.206,0.919,0.195,0.562,0.347,0.952,0.172,0.857,0.232,0.952,0.96,0.384,0.06,0.215,0.96,0.368,0.96,0.952,0.057,0.171,0.298,0.22,0.444,0.367,0.528,0.032,0.483,0.164,0.678,0.286,0.699,0.391,0.49,0.403,0.457,0.584,0.54,0.476
0.23,0.23,0.216,0.216,0.786,0.99,0.219,0.237,0.992,0.11,0.237,0.257,0.176,0.786,0.257,0.237,0.176,0.786,0.608,0.176,0.196,0.183,0.196,0.164,0.176,0.219,0.164,0.237,0.23,0.11,0.23,0.183,0.074,0.124,0.194,0.124,0.663,0.194,0.074,0.663,0.828,0.124,0.6,0.423,0.124,0.663,0.588,0.6,0.605,0.6,0.992,0.836,0.783,0.133,0.607,0.133,0.135,0.582,0.582,0.582,0.088,0.607,0.135,0.607,0.783,0.088,0.147,0.643,0.147,0.574,0.574,0.574,0.865,0.939,0.315,0.972,0.296,0.581,0.246,0.296,0.64,0.939,0.804,0.988,0.641,0.804,0.246,0.972,0.642,0.702,0.939,0.477,0.95,0.991,0.237,0.804,0.681,0.237,0.237,0.951,0.244,0.317,0.55,0.244,0.244,0.303,0.982,0.088,0.088,0.087,0.336,0.193,0.686,0.163,0.982,0.658,0.536,0.358,0.674,0.193,0.972,0.693,0.424,0.924,0.757,0.086,0.334,0.675,0.086,0.145,0.847,0.809,0.872,0.248,0.265,0.768,0.737,0.088,0.786,0.768,0.814,0.338,0.365,0.874,0.814,0.522,0.814,0.768,0.367,0.728,0.821,0.621,0.597,0.597,0.41,0.353,0.583,0.593,0.411,0.751,0.408,0.543,0.517,0.438,0.55,0.358,0.375,0.565
0.386,0.386,0.484,0.484,0.7,0.129,0.376,0.271,0.137,0.2,0.271,0.317,0.306,0.7,0.317,0.271,0.306,0.7,0.563,0.306,0.38,0.224,0.38,0.295,0.306,0.376,0.295,0.271,0.269,0.2,0.269,0.224,0.356,0.292,0.338,0.292,0.534,0.338,0.356,0.534,0.672,0.292,0.54,0.69,0.292,0.534,0.529,0.54,0.483,0.54,0.189,0.761,0.28,0.423,0.247,0.423,0.425,0.37,0.37,0.37,0.245,0.247,0.425,0.247,0.28,0.245,0.291,0.479,0.291,0.437,0.437,0.437,0.61,0.68,0.823,0.358,0.149,0.416,0.094,0.149,0.389,0.68,0.588,0.312,0.536,0.588,0.094,0.364,0.391,0.417,0.68,0.839,0.389,0.3,0.379,0.588,0.616,0.379,0.379,0.399,0.281,0.281,0.395,0.281,0.281,0.707,0.446,0.849,0.849,0.793,0.277,0.992,0.682,0.965,0.374,0.426,0.614,0.363,0.741,0.992,0.515,0.755,0.59,0.585,0.439,0.781,0.769,0.213,0.781,0.778,0.645,0.596,0.637,0.269,0.745,0.13,0.178,0.868,0.346,0.13,0.095,0.79,0.032,0.125,0.095,0.674,0.095,0.13,0.029,0.121,0.109,0.117,0.641,0.506,0.656,0.009,0.423,0.11,0.503,0.111,0.498,0.57,0.584,0.629,0.571,0.74,0.755,0.77
0.193,0.193,0.15,0.15,0.002,0.561,0.384,0.304,0.585,0.729,0.304,0.38,0.313,0.002,0.38,0.304,0.313,0.002,0.779,0.313,0.134,0.585,0.134,0.316,0.313,0.384,0.316,0.304,0.295,0.729,0.295,0.585,0.406,0.318,0.35,0.318,0.67,0.35,0.406,0.67,0.488,0.318,0.732,0.601,0.318,0.67,0.723,0.732,0.881,0.732,0.463,0.516,0.067,0.32,0.817,0.32,0.316,0.818,0.818,0.818,0.578,0.817,0.316,0.817,0.067,0.578,0.348,0.907,0.348,0.008,0.008,0.008,0.392,0.002,0.607,0.256,0.295,0.768,0.079,0.295,0.41,0.002,0.02,0.353,0.878,0.02,0.079,0.258,0.42,0.737,0.002,0.644,0.24,0.374,0.069,0.02,0.321,0.069,0.069,0.244,0.035,0.216,0.737,0.035,0.035,0.755,0.25,0.892,0.892,0.901,0.8,0.121,0.076,0.143,0.325,0.611,0.852,0.309,0.09,0.121,0.257,0.085,0.864,0.048,0.389,0.694,0.891,0.765,0.694,0.247,0.045,0.03,0.036,0.857,0.623,0.283,0.717,0.788,0.563,0.283,0.193,0.83,0.698,0.634,0.193,0.466,0.193,0.283,0.682,0.567,0.804,0.575,0.861,0.334,0.939,0.738,0.061,0.611,0.129,0.778,0.148,0.873,0.935,0.92,0.897,0.267,0.204,0.169
0.44,0.44,0.425,0.425,0.763,0.688,0.289,0.178,0.709,0.176,0.178,0.315,0.21,0.763,0.315,0.178,0.21,0.763,0.253,0.21,0.252,0.148,0.252,0.183,0.21,0.289,0.183,0.178,0.141,0.176,0.141,0.148,0.79,0.166,0.175,0.166,0.971,0.175,0.79,0.971,0.966,0.166,0.934,0.667,0.166,0.971,0.319,0.934,0.102,0.934,0.6,0.907,0.77,0.906,0.986,0.906,0.867,0.979,0.979,0.979,0.122,0.986,0.867,0.986,0.77,0.122,0.097,0.122,0.097,0.855,0.855,0.855,0.946,0.856,0.719,0.975,0.897,0.578,0.87,0.897,0.987,0.856,0.879,0.983,0.099,0.879,0.87,0.966,0.987,0.484,0.856,0.708,0.961,0.985,0.882,0.879,0.329,0.882,0.882,0.948,0.912,0.978,0.46,0.912,0.912,0.288,0.968,0.418,0.418,0.429,0.264,0.198,0.961,0.4,0.985,0.407,0.843,0.964,0.935,0.198,0.967,0.937,0.918,0.988,0.986,0.399,0.249,0.008,0.399,0.534,0.961,0.898,0.989,0.235,0.303,0.897,0.007,0.461,0.022,0.897,0.952,0.771,0.655,0.001,0.952,0.641,0.952,0.897,0.671,0.001,0.003,0.002,0.111,0.688,0.07,0.705,0.179,0.001,0.215,0.001,0.217,0.135,0.042,0.076,0.049,0.141,0.137,0.302
0.983,0.983,0.954,0.954,0.035,0.62,0.998,0.989,0.641,0.903,0.989,0.998,0.987,0.035,0.998,0.989,0.987,0.035,0.206,0.987,0.948,0.908,0.948,0.972,0.987,0.998,0.972,0.989,0.984,0.903,0.984,0.908,0.916,0.98,0.999,0.98,0.367,0.999,0.916,0.367,0.179,0.98,0.513,0.22,0.98,0.367,0.251,0.513,0.235,0.513,0.666,0.173,0.319,0.898,0.292,0.898,0.915,0.393,0.393,0.393,0.865,0.292,0.915,0.292,0.319,0.865,0.973,0.272,0.973,0.298,0.298,0.298,0.201,0.008,0.478,0.198,0.791,0.167,0.716,0.791,0.229,0.008,0.18,0.194,0.244,0.18,0.716,0.196,0.222,0.158,0.008,0.466,0.196,0.196,0.573,0.18,0.185,0.573,0.573,0.19,0.592,0.699,0.169,0.592,0.592,0.123,0.225,0.681,0.681,0.764,0.64,0.129,0.016,0.164,0.162,0.15,0.084,0.798,0.058,0.129,0.215,0.047,0.074,0.021,0.193,0.487,0.139,0.149,0.487,0.09,0.055,0.408,0.056,0.631,0.13,0.678,0.142,0.577,0.136,0.678,0.441,0.082,0.133,0.05,0.441,0.118,0.441,0.678,0.134,0.053,0.047,0.055,0.184,0.114,0.218,0.125,0.27,0.059,0.244,0.048,0.247,0.172,0.202,0.208,0.202,0.412,0.394,0.425
0.356,0.356,0.314,0.314,0.765,0.108,0.294,0.811,0.098,0.862,0.811,0.305,0.788,0.765,0.305,0.811,0.788,0.765,0.511,0.788,0.348,0.795,0.348,0.83,0.788,0.294,0.83,0.811,0.827,0.862,0.827,0.795,0.511,0.613,0.3,0.613,0.581,0.3,0.511,0.581,0.755,0.613,0.633,0.665,0.613,0.581,0.449,0.633,0.754,0.633,0.151,0.721,0.394,0.732,0.321,0.732,0.696,0.279,0.279,0.279,0.681,0.321,0.696,0.321,0.394,0.681,0.676,0.55,0.676,0.168,0.168,0.168,0.635,0.364,0.28,0.51,0.246,0.185,0.195,0.246,0.8,0.364,0.428,0.654,0.619,0.428,0.195,0.571,0.833,0.156,0.364,0.291,0.475,0.639,0.056,0.428,0.243,0.056,0.056,0.538,0.056,0.185,0.182,0.056,0.056,0.224,0.633,0.634,0.634,0.786,0.867,0.834,0.446,0.809,0.791,0.167,0.696,0.15,0.417,0.834,0.636,0.414,0.656,0.328,0.844,0.577,0.244,0.825,0.577,0.506,0.263,0.3,0.273,0.767,0.367,0.363,0.795,0.795,0.868,0.363,0.503,0.207,0.028,0.742,0.503,0.649,0.503,0.363,0.043,0.632,0.842,0.526,0.557,0.593,0.433,0.019,0.631,0.561,0.534,0.837,0.553,0.573,0.429,0.459,0.45,0.635,0.676,0.703
0.898,0.898,0.925,0.925,0.39,0.741,0.94,0.84,0.76,0.848,0.84,0.909,0.818,0.39,0.909,0.84,0.818,0.39,0.185,0.818,0.946,0.822,0.946,0.856,0.818,0.94,0.856,0.84,0.841,0.848,0.841,0.822,0.661,0.831,0.904,0.831,0.81,0.904,0.661,0.81,0.957,0.831,0.776,0.184,0.831,0.81,0.122,0.776,0.105,0.776,0.77,0.992,0.76,0.71,0.717,0.71,0.757,0.665,0.665,0.665,0.808,0.717,0.757,0.717,0.76,0.808,0.866,0.22,0.866,0.616,0.616,0.616,0.988,0.447,0.23,0.848,0.833,0.394,0.812,0.833,0.91,0.447,0.798,0.848,0.284,0.798,0.812,0.866,0.917,0.547,0.447,0.221,0.827,0.839,0.649,0.798,0.196,0.649,0.649,0.849,0.665,0.746,0.384,0.665,0.665,0.213,0.91,0.611,0.611,0.53,0.891,0.337,0.713,0.325,0.854,0.542,0.565,0.79,0.792,0.337,0.892,0.81,0.53,0.798,0.976,0.643,0.295,0.19,0.643,0.85,0.765,0.765,0.768,0.896,0.3,0.883,0.26,0.55,0.122,0.883,0.845,0.291,0.124,0.227,0.845,0.725,0.845,0.883,0.119,0.368,0.338,0.305,0.201,0.808,0.254,0.135,0.482,0.368,0.732,0.401,0.724,0.196,0.263,0.309,0.272,0.382,0.377,0.209
0.459,0.459,0.493,0.493,0.389,0.614,0.445,0.6,0.617,0.588,0.6,0.423,0.663,0.389,0.423,0.6,0.663,0.389,0.303,0.663,0.454,0.59,0.454,0.587,0.663,0.445,0.587,0.6,0.546,0.588,0.546,0.59,0.409,0.437,0.346,0.437,0.281,0.346,0.409,0.281,0.255,0.437,0.227,0.921,0.437,0.281,0.463,0.227,0.916,0.227,0.609,0.319,0.208,0.495,0.058,0.495,0.48,0.025,0.025,0.025,0.563,0.058,0.48,0.058,0.208,0.563,0.476,0.919,0.476,0.532,0.532,0.532,0.27,0.288,0.879,0.133,0.358,0.89,0.454,0.358,0.209,0.288,0.164,0.206,0.873,0.164,0.454,0.139,0.257,0.874,0.288,0.869,0.135,0.194,0.6,0.164,0.649,0.6,0.6,0.138,0.587,0.297,0.868,0.587,0.587,0.861,0.12,0.3,0.3,0.446,0.749,0.699,0.302,0.679,0.197,0.87,0.064,0.268,0.238,0.699,0.117,0.25,0.068,0.278,0.231,0.449,0.861,0.183,0.449,0.681,0.299,0.176,0.312,0.735,0.195,0.163,0.132,0.573,0.124,0.163,0.235,0.075,0.718,0.04,0.235,0.19,0.235,0.163,0.712,0.029,0.046,0.034,0.191,0.173,0.238,0.734,0.326,0.036,0.342,0.061,0.344,0.198,0.243,0.215,0.22,0.435,0.426,0.341
0.977,0.977,0.98,0.98,0.592,0.684,0.958,0.919,0.77,0.986,0.919,0.959,0.925,0.592,0.959,0.919,0.925,0.592,0.306,0.925,0.939,0.97,0.939,0.882,0.925,0.958,0.882,0.919,0.876,0.986,0.876,0.97,0.927,0.887,0.929,0.887,0.521,0.929,0.927,0.521,0.884,0.887,0.394,0.287,0.887,0.521,0.43,0.394,0.366,0.394,0.629,0.885,0.833,0.921,0.757,0.921,0.921,0.726,0.726,0.726,0.944,0.757,0.921,0.757,0.833,0.944,0.852,0.359,0.852,0.311,0.311,0.311,0.819,0.359,0.392,0.939,0.867,0.386,0.952,0.867,0.624,0.359,0.816,0.98,0.29,0.816,0.952,0.953,0.681,0.359,0.359,0.439,0.94,0.978,0.841,0.816,0.056,0.841,0.841,0.958,0.942,0.96,0.699,0.942,0.942,0.669,0.98,0.211,0.211,0.343,0.225,0.065,0.944,0.081,0.978,0.683,0.541,0.945,0.863,0.065,0.979,0.847,0.535,0.986,0.824,0.159,0.673,0.089,0.159,0.106,0.931,0.798,0.927,0.172,0.919,0.844,0.083,0.263,0.078,0.844,0.915,0.685,0.435,0.366,0.915,0.4,0.915,0.844,0.425,0.741,0.807,0.62,0.151,0.587,0.102,0.468,0.1,0.656,0.113,0.741,0.118,0.166,0.097,0.104,0.091,0.159,0.167,0.078
0.807,0.807,0.747,0.747,0.6,0.524,0.542,0.485,0.524,0.336,0.485,0.538,0.489,0.6,0.538,0.485,0.489,0.6,0.995,0.489,0.814,0.311,0.814,0.492,0.489,0.542,0.492,0.485,0.476,0.336,0.476,0.311,1.0,0.558,0.616,0.558,0.875,0.616,1.0,0.875,0.858,0.558,0.852,0.839,0.558,0.875,0.934,0.852,0.6,0.852,0.87,0.719,0.104,1.0,0.527,1.0,1.0,0.463,0.463,0.463,0.318,0.527,1.0,0.527,0.104,0.318,0.481,0.762,0.481,0.086,0.086,0.086,0.486,0.389,0.679,0.586,0.765,0.876,0.747,0.765,0.472,0.389,0.126,0.373,0.741,0.126,0.747,0.546,0.439,0.807,0.389,0.676,0.589,0.41,0.465,0.126,0.901,0.465,0.465,0.554,0.692,0.517,0.835,0.692,0.692,0.572,0.427,0.991,0.991,0.995,0.998,0.557,0.712,0.368,0.246,0.754,0.838,0.515,0.79,0.557,0.427,0.794,0.834,0.649,0.369,0.993,0.67,0.345,0.993,0.289,0.704,0.058,0.819,0.999,0.565,0.85,0.274,0.989,0.388,0.85,0.874,0.673,0.195,0.476,0.874,0.724,0.874,0.85,0.197,0.537,0.419,0.53,0.61,0.629,0.477,0.233,0.684,0.517,0.851,0.454,0.868,0.607,0.508,0.442,0.445,0.242,0.176,0.223
0.012,0.012,0.011,0.011,0.455,0.882,0.01,0.014,0.901,0.001,0.014,0.01,0.013,0.455,0.01,0.014,0.013,0.455,0.418,0.013,0.008,0.003,0.008,0.014,0.013,0.01,0.014,0.014,0.009,0.001,0.009,0.003,0.009,0.004,0.01,0.004,0.951,0.01,0.009,0.951,0.182,0.004,0.676,0.81,0.004,0.951,0.433,0.676,0.93,0.676,0.931,0.18,0.066,0.032,0.944,0.032,0.037,0.83,0.83,0.83,0.001,0.944,0.037,0.944,0.066,0.001,0.006,0.947,0.006,0.126,0.126,0.126,0.292,0.776,0.871,0.114,0.4,0.989,0.519,0.4,0.196,0.776,0.421,0.17,0.914,0.421,0.519,0.111,0.199,0.999,0.776,0.759,0.112,0.168,0.216,0.421,0.322,0.216,0.216,0.112,0.246,0.658,0.984,0.246,0.246,0.94,0.139,0.965,0.965,0.984,0.914,0.863,0.688,0.878,0.209,0.997,0.875,0.587,0.838,0.863,0.135,0.813,0.895,0.918,0.228,0.998,0.976,0.504,0.998,0.979,0.855,0.215,0.823,0.979,0.976,0.441,0.529,0.998,0.587,0.441,0.453,0.931,0.56,0.166,0.453,0.995,0.453,0.441,0.624,0.236,0.16,0.344,0.734,0.997,0.552,0.462,0.876,0.342,0.843,0.153,0.808,0.789,0.659,0.589,0.642,0.905,0.898,0.952
0.678,0.678,0.596,0.596,0.61,0.409,0.439,0.725,0.467,0.544,0.725,0.482,0.775,0.61,0.482,0.725,0.775,0.61,0.687,0.775,0.607,0.573,0.607,0.718,0.775,0.439,0.718,0.725,0.699,0.544,0.699,0.573,0.741,0.748,0.529,0.748,0.213,0.529,0.741,0.213,0.73,0.748,0.03,0.658,0.748,0.213,0.706,0.03,0.701,0.03,0.488,0.85,0.383,0.755,0.465,0.755,0.846,0.098,0.098,0.098,0.575,0.465,0.846,0.465,0.383,0.575,0.706,0.538,0.706,0.213,0.213,0.213,0.581,0.555,0.629,0.644,0.157,0.868,0.389,0.157,0.87,0.555,0.351,0.726,0.596,0.351,0.389,0.61,0.857,0.886,0.555,0.689,0.635,0.763,0.557,0.351,0.817,0.557,0.557,0.594,0.774,0.253,0.665,0.774,0.774,0.879,0.61,0.008,0.008,0.011,0.047,0.774,0.47,0.761,0.744,0.679,0.907,0.113,0.45,0.774,0.565,0.457,0.915,0.253,0.871,0.144,0.93,0.158,0.144,0.556,0.249,0.345,0.262,0.308,0.871,0.115,0.123,0.159,0.15,0.115,0.28,0.808,0.748,0.098,0.28,0.758,0.28,0.115,0.692,0.148,0.113,0.125,0.239,0.821,0.287,0.834,0.364,0.145,0.489,0.112,0.456,0.228,0.322,0.273,0.302,0.52,0.497,0.323
0.163,0.163,0.162,0.162,0.825,0.854,0.841,0.618,0.869,0.976,0.618,0.703,0.637,0.825,0.703,0.618,0.637,0.825,0.277,0.637,0.181,0.942,0.181,0.682,0.637,0.841,0.682,0.618,0.689,0.976,0.689,0.942,0.975,0.623,0.731,0.623,0.953,0.731,0.975,0.953,0.72,0.623,0.867,0.246,0.623,0.953,0.691,0.867,0.822,0.867,0.81,0.705,0.506,0.948,0.946,0.948,0.963,0.952,0.952,0.952,0.955,0.946,0.963,0.946,0.506,0.955,0.559,0.341,0.559,0.568,0.568,0.568,0.402,0.81,0.362,0.904,0.609,0.212,0.57,0.609,0.773,0.81,0.497,0.68,0.378,0.497,0.57,0.907,0.746,0.18,0.81,0.355,0.935,0.675,0.504,0.497,0.727,0.504,0.504,0.932,0.555,0.473,0.21,0.555,0.555,0.458,0.923,0.311,0.311,0.306,0.102,0.057,0.823,0.055,0.64,0.197,0.849,0.475,0.888,0.057,0.929,0.886,0.562,0.959,0.706,0.322,0.491,0.843,0.322,0.364,0.945,0.362,0.956,0.097,0.495,0.578,0.647,0.325,0.863,0.578,0.525,0.394,0.496,0.586,0.525,0.436,0.525,0.578,0.506,0.24,0.447,0.195,0.903,0.672,0.93,0.458,0.816,0.197,0.885,0.427,0.897,0.894,0.921,0.876,0.888,0.758,0.697,0.846
0.309,0.309,0.282,0.282,0.373,0.747,0.378,0.377,0.768,0.297,0.377,0.4,0.344,0.373,0.4,0.377,0.344,0.373,0.439,0.344,0.319,0.326,0.319,0.357,0.344,0.378,0.357,0.377,0.379,0.297,0.379,0.326,0.264,0.441,0.394,0.441,0.088,0.394,0.264,0.088,0.569,0.441,0.069,0.392,0.441,0.088,0.273,0.069,0.341,0.069,0.812,0.399,0.028,0.331,0.345,0.331,0.351,0.291,0.291,0.291,0.338,0.345,0.351,0.345,0.028,0.338,0.433,0.238,0.433,0.679,0.679,0.679,0.719,0.133,0.316,0.208,0.053,0.314,0.045,0.053,0.474,0.133,0.112,0.295,0.275,0.112,0.045,0.217,0.461,0.295,0.133,0.372,0.208,0.289,0.517,0.112,0.382,0.517,0.517,0.218,0.465,0.217,0.34,0.465,0.465,0.199,0.319,0.067,0.067,0.155,0.177,0.098,0.341,0.249,0.445,0.348,0.241,0.27,0.319,0.098,0.326,0.336,0.243,0.338,0.717,0.092,0.264,0.175,0.092,0.396,0.357,0.209,0.38,0.189,0.119,0.177,0.17,0.182,0.14,0.177,0.169,0.163,0.179,0.521,0.169,0.221,0.169,0.177,0.179,0.434,0.505,0.561,0.228,0.268,0.197,0.155,0.449,0.509,0.396,0.52,0.401,0.214,0.213,0.198,0.209,0.25,0.28,0.307
0.305,0.305,0.297,0.297,0.514,0.703,0.205,0.093,0.717,0.103,0.093,0.158,0.196,0.514,0.158,0.093,0.196,0.514,0.783,0.196,0.12,0.062,0.12,0.207,0.196,0.205,0.207,0.093,0.094,0.103,0.094,0.062,0.14,0.097,0.078,0.097,0.926,0.078,0.14,0.926,0.938,0.097,0.893,0.405,0.097,0.926,0.74,0.893,0.427,0.893,0.825,0.923,0.569,0.085,0.825,0.085,0.086,0.762,0.762,0.762,0.056,0.825,0.086,0.825,0.569,0.056,0.119,0.424,0.119,0.414,0.414,0.414,0.91,0.382,0.604,0.828,0.419,0.028,0.396,0.419,0.917,0.382,0.691,0.909,0.399,0.691,0.396,0.832,0.925,0.044,0.382,0.614,0.819,0.903,0.317,0.691,0.198,0.317,0.317,0.854,0.294,0.384,0.027,0.294,0.294,0.03,0.863,0.986,0.986,0.91,0.984,0.869,0.363,0.716,0.913,0.038,0.257,0.415,0.329,0.869,0.884,0.328,0.273,0.411,0.942,0.995,0.038,0.937,0.995,0.654,0.408,0.566,0.436,0.99,0.088,0.567,0.944,0.971,0.918,0.567,0.578,0.259,0.93,0.862,0.578,0.086,0.578,0.567,0.905,0.974,0.822,0.966,0.459,0.079,0.456,0.789,0.565,0.954,0.599,0.597,0.532,0.46,0.403,0.469,0.425,0.791,0.839,0.603
0.764,0.764,0.791,0.791,0.505,0.063,0.735,0.518,0.068,0.499,0.518,0.665,0.56,0.505,0.665,0.518,0.56,0.505,0.906,0.56,0.66,0.562,0.66,0.513,0.56,0.735,0.513,0.518,0.515,0.499,0.515,0.562,0.265,0.539,0.615,0.539,0.707,0.615,0.265,0.707,0.041,0.539,0.895,0.055,0.539,0.707,0.899,0.895,0.106,0.895,0.108,0.042,0.597,0.252,0.758,0.252,0.267,0.809,0.809,0.809,0.559,0.758,0.267,0.758,0.597,0.559,0.533,0.064,0.533,0.466,0.466,0.466,0.038,0.684,0.054,0.05,0.737,0.37,0.848,0.737,0.058,0.684,0.553,0.05,0.063,0.553,0.848,0.051,0.056,0.35,0.684,0.053,0.048,0.057,0.472,0.553,0.745,0.472,0.472,0.046,0.599,0.753,0.33,0.599,0.599,0.348,0.04,0.341,0.341,0.37,0.23,0.405,0.292,0.405,0.044,0.338,0.104,0.749,0.297,0.405,0.037,0.303,0.108,0.342,0.066,0.365,0.28,0.649,0.365,0.433,0.24,0.664,0.254,0.365,0.196,0.739,0.557,0.395,0.711,0.739,0.725,0.129,0.294,0.338,0.725,0.187,0.725,0.739,0.287,0.588,0.3,0.488,0.698,0.189,0.669,0.289,0.653,0.487,0.83,0.289,0.802,0.725,0.714,0.715,0.749,0.797,0.816,0.662
0.029,0.029,0.022,0.022,0.151,0.984,0.015,0.012,0.987,0.033,0.012,0.037,0.003,0.151,0.037,0.012,0.003,0.151,0.092,0.003,0.005,0.028,0.005,0.003,0.003,0.015,0.003,0.012,0.01,0.033,0.01,0.028,0.031,0.006,0.008,0.006,0.196,0.008,0.031,0.196,0.089,0.006,0.222,0.833,0.006,0.196,0.125,0.222,0.78,0.222,1.0,0.088,0.351,0.053,0.129,0.053,0.054,0.103,0.103,0.103,0.022,0.129,0.054,0.129,0.351,0.022,0.005,0.752,0.005,0.591,0.591,0.591,0.159,0.053,0.742,0.057,0.286,0.747,0.251,0.286,0.057,0.053,0.363,0.075,0.721,0.363,0.251,0.064,0.062,0.711,0.053,0.825,0.071,0.073,0.564,0.363,0.133,0.564,0.564,0.075,0.535,0.355,0.827,0.535,0.535,0.467,0.095,0.393,0.393,0.432,0.428,0.096,0.897,0.073,0.152,0.667,0.648,0.376,0.929,0.096,0.102,0.925,0.688,0.756,0.158,0.246,0.283,0.544,0.246,0.022,0.729,0.376,0.738,0.251,0.669,0.294,0.505,0.301,0.635,0.294,0.276,0.928,0.827,0.354,0.276,0.901,0.276,0.294,0.84,0.491,0.267,0.37,0.784,0.9,0.891,0.913,0.578,0.337,0.806,0.272,0.779,0.701,0.932,0.882,0.913,0.745,0.762,0.618
0.923,0.923,0.914,0.914,0.787,0.113,0.777,0.677,0.123,0.465,0.677,0.794,0.639,0.787,0.794,0.677,0.639,0.787,0.447,0.639,0.978,0.491,0.978,0.659,0.639,0.777,0.659,0.677,0.745,0.465,0.745,0.491,0.454,0.777,0.911,0.777,0.603,0.911,0.454,0.603,0.212,0.777,0.71,0.638,0.777,0.603,0.389,0.71,0.198,0.71,0.126,0.174,0.055,0.497,0.736,0.497,0.49,0.677,0.677,0.677,0.502,0.736,0.49,0.736,0.055,0.502,0.826,0.215,0.826,0.264,0.264,0.264,0.106,0.452,0.498,0.265,0.26,0.173,0.257,0.26,0.233,0.452,0.227,0.271,0.229,0.227,0.257,0.274,0.216,0.368,0.452,0.5,0.284,0.266,0.356,0.227,0.672,0.356,0.356,0.296,0.354,0.288,0.208,0.354,0.354,0.234,0.355,0.825,0.825,0.873,0.606,0.923,0.061,0.912,0.302,0.388,0.381,0.267,0.067,0.923,0.37,0.067,0.412,0.06,0.203,0.972,0.289,0.899,0.972,0.83,0.087,0.142,0.083,0.773,0.271,0.582,0.826,0.981,0.999,0.582,0.631,0.16,0.267,0.932,0.631,0.335,0.631,0.582,0.255,0.951,0.735,0.848,0.048,0.344,0.011,0.29,0.027,0.85,0.02,0.723,0.018,0.052,0.014,0.011,0.012,0.03,0.027,0.038
0.247,0.247,0.268,0.268,0.695,0.819,0.738,0.685,0.801,0.488,0.685,0.76,0.653,0.695,0.76,0.685,0.653,0.695,0.337,0.653,0.262,0.525,0.262,0.643,0.653,0.738,0.643,0.685,0.671,0.488,0.671,0.525,0.335,0.722,0.778,0.722,0.203,0.778,0.335,0.203,0.332,0.722,0.248,0.015,0.722,0.203,0.275,0.248,0.142,0.248,0.72,0.311,0.031,0.422,0.035,0.422,0.419,0.067,0.067,0.067,0.507,0.035,0.419,0.035,0.031,0.507,0.703,0.153,0.703,0.062,0.062,0.062,0.199,0.64,0.016,0.19,0.089,0.35,0.052,0.089,0.275,0.64,0.063,0.264,0.149,0.063,0.052,0.195,0.29,0.456,0.64,0.016,0.195,0.256,0.195,0.063,0.601,0.195,0.195,0.192,0.215,0.086,0.334,0.215,0.215,0.852,0.168,0.264,0.264,0.204,0.221,0.601,0.073,0.845,0.238,0.464,0.52,0.087,0.042,0.601,0.162,0.05,0.609,0.055,0.34,0.249,0.903,0.75,0.249,0.449,0.074,0.041,0.064,0.341,0.842,0.219,0.693,0.193,0.858,0.219,0.13,0.698,0.399,0.451,0.13,0.843,0.13,0.219,0.403,0.494,0.653,0.376,0.804,0.841,0.75,0.368,0.737,0.571,0.628,0.545,0.639,0.796,0.741,0.804,0.767,0.475,0.546,0.422
0.895,0.895,0.904,0.904,0.174,0.335,0.99,0.92,0.333,0.851,0.92,0.962,0.939,0.174,0.962,0.92,0.939,0.174,0.302,0.939,0.867,0.856,0.867,0.97,0.939,0.99,0.97,0.92,0.982,0.851,0.982,0.856,0.861,0.949,0.963,0.949,0.387,0.963,0.861,0.387,0.847,0.949,0.713,0.532,0.949,0.387,0.383,0.713,0.657,0.713,0.36,0.649,0.83,0.719,0.47,0.719,0.708,0.718,0.718,0.718,0.816,0.47,0.708,0.47,0.83,0.816,0.976,0.378,0.976,0.385,0.385,0.385,0.677,0.151,0.372,0.729,0.898,0.226,0.853,0.898,0.86,0.151,0.811,0.836,0.44,0.811,0.853,0.732,0.84,0.422,0.151,0.42,0.715,0.846,0.436,0.811,0.2,0.436,0.436,0.728,0.4,0.828,0.336,0.4,0.4,0.661,0.691,0.751,0.751,0.823,0.985,0.721,0.248,0.788,0.8,0.652,0.378,0.897,0.301,0.721,0.675,0.301,0.436,0.264,0.761,0.579,0.506,0.343,0.579,0.829,0.301,0.808,0.291,0.926,0.759,0.927,0.37,0.707,0.206,0.927,0.883,0.343,0.095,0.554,0.883,0.638,0.883,0.927,0.094,0.685,0.717,0.531,0.339,0.554,0.571,0.097,0.919,0.587,0.833,0.756,0.856,0.321,0.512,0.595,0.732,0.683,0.548,0.705
