scan_000,scan_001,scan_002,scan_003,scan_004,scan_005,scan_006,scan_007,scan_008,scan_009,scan_010,scan_011,scan_012,scan_013,scan_014,scan_015,scan_016,scan_017,scan_018,scan_019,scan_020,scan_021,scan_022,scan_023,scan_024,scan_025,scan_026,scan_027,scan_028,scan_029,scan_030,scan_031,scan_032,scan_033,scan_034,scan_035,scan_036,scan_037,scan_038,scan_039,scan_040,scan_041,scan_042,scan_043,scan_044,scan_045,scan_046,scan_047,scan_048,scan_049,scan_050,scan_051,scan_052,scan_053,scan_054,scan_055,scan_056,scan_057,scan_058,scan_059,scan_060,scan_061,scan_062,scan_063,scan_064,scan_065,scan_066,scan_067,scan_068,scan_069,scan_070,scan_071,scan_072,scan_073,scan_074,scan_075,scan_076,scan_077,scan_078,scan_079,scan_080,scan_081,scan_082,scan_083,scan_084,scan_085,scan_086,scan_087,scan_088,scan_089,scan_090,scan_091,scan_092,scan_093,scan_094,scan_095,scan_096,scan_097,scan_098,scan_099,scan_100,scan_101,scan_102,scan_103,scan_104,scan_105,scan_106,scan_107,scan_108,scan_109,scan_110,scan_111,scan_112,scan_113,scan_114,scan_115,scan_116,scan_117,scan_118,scan_119,scan_120,scan_121,scan_122,scan_123,scan_124,scan_125,scan_126,scan_127,scan_128,scan_129,scan_130,scan_131,scan_132,scan_133,scan_134,scan_135,scan_136,scan_137,scan_138,scan_139,scan_140,scan_141,scan_142,scan_143,scan_144,scan_145,scan_146,scan_147,scan_148,scan_149,scan_150,scan_151,scan_152,scan_153,scan_154,scan_155,scan_156,scan_157,scan_158,scan_159,scan_160,scan_161,scan_162,scan_163,scan_164,scan_165,scan_166,scan_167
0.245,0.245,0.385,0.385,0.69,0.12,0.42,0.405,0.13,0.405,0.405,0.225,0.43,0.69,0.225,0.405,0.43,0.69,0.1,0.43,0.5,0.38,0.5,0.335,0.43,0.42,0.335,0.405,0.355,0.405,0.355,0.38,0.21,0.37,0.31,0.37,0.595,0.31,0.21,0.595,0.635,0.37,0.585,0.38,0.37,0.595,0.11,0.585,0.61,0.585,0.14,0.53,0.73,0.105,0.58,0.105,0.095,0.585,0.585,0.585,0.39,0.58,0.095,0.58,0.73,0.39,0.39,0.71,0.39,0.795,0.795,0.795,0.48,0.745,0.55,0.975,0.66,0.735,0.72,0.66,0.46,0.745,0.71,0.99,0.75,0.71,0.72,0.965,0.43,0.82,0.745,0.735,0.965,0.995,0.785,0.71,0.15,0.785,0.785,0.94,0.795,0.715,0.77,0.795,0.795,0.665,0.95,0.225,0.225,0.265,0.5,0.55,0.995,0.475,0.975,0.82,0.94,0.695,1.0,0.55,0.95,1.0,0.81,1.0,0.355,0.23,0.87,0.845,0.23,0.925,1.0,0.72,1.0,0.495,0.965,0.425,0.8,0.24,0.9,0.425,0.405,0.75,0.945,0.62,0.405,0.865,0.405,0.425,0.92,0.495,0.44,0.465,0.005,0.85,0.005,0.83,0.01,0.465,0.01,0.45,0.01,0.005,0.005,0.005,0.005,0.005,0.005,0.005
0.3,0.3,0.35,0.35,0.275,0.585,0.2,0.735,0.555,0.63,0.735,0.38,0.705,0.275,0.38,0.735,0.705,0.275,0.94,0.705,0.34,0.735,0.34,0.845,0.705,0.2,0.845,0.735,0.82,0.63,0.82,0.735,0.655,0.795,0.36,0.795,0.475,0.36,0.655,0.475,0.805,0.795,0.445,0.1,0.795,0.475,0.915,0.445,0.28,0.445,0.6,0.88,0.355,0.685,0.46,0.685,0.705,0.37,0.37,0.37,0.66,0.46,0.705,0.46,0.355,0.66,0.89,0.275,0.89,0.325,0.325,0.325,0.755,0.27,0.11,0.755,0.235,0.255,0.3,0.235,0.51,0.27,0.23,0.62,0.26,0.23,0.3,0.775,0.595,0.105,0.27,0.11,0.685,0.6,0.31,0.23,0.67,0.31,0.31,0.725,0.295,0.39,0.195,0.295,0.295,0.18,0.8,0.4,0.4,0.46,0.695,0.455,0.64,0.465,0.56,0.105,0.44,0.275,0.685,0.455,0.805,0.685,0.455,0.74,0.545,0.435,0.15,0.06,0.435,0.65,0.75,0.34,0.745,0.715,0.2,0.265,0.095,0.46,0.105,0.265,0.3,0.345,0.085,0.46,0.3,0.155,0.3,0.265,0.085,0.33,0.405,0.415,0.06,0.145,0.04,0.045,0.285,0.395,0.105,0.415,0.135,0.065,0.05,0.05,0.05,0.07,0.065,0.14
0.24,0.24,0.215,0.215,0.74,0.51,0.18,0.12,0.5,0.07,0.12,0.17,0.105,0.74,0.17,0.12,0.105,0.74,0.825,0.105,0.415,0.1,0.415,0.1,0.105,0.18,0.1,0.12,0.105,0.07,0.105,0.1,0.195,0.22,0.315,0.22,0.915,0.315,0.195,0.915,0.175,0.22,0.915,0.27,0.22,0.915,0.89,0.915,0.295,0.915,0.325,0.205,0.79,0.215,0.91,0.215,0.21,0.915,0.915,0.915,0.155,0.91,0.21,0.91,0.79,0.155,0.22,0.32,0.22,0.71,0.71,0.71,0.165,0.635,0.545,0.145,0.86,0.315,0.875,0.86,0.17,0.635,0.785,0.135,0.29,0.785,0.875,0.145,0.155,0.245,0.635,0.4,0.185,0.125,0.835,0.785,0.455,0.835,0.835,0.145,0.88,0.825,0.3,0.88,0.88,0.33,0.14,0.945,0.945,0.94,0.26,0.87,0.39,0.85,0.14,0.38,0.595,0.835,0.375,0.87,0.145,0.375,0.49,0.325,0.145,0.96,0.64,0.245,0.96,0.17,0.315,0.73,0.305,0.22,0.56,0.915,0.225,0.945,0.31,0.915,0.91,0.665,0.12,0.605,0.91,0.33,0.91,0.915,0.125,0.48,0.695,0.525,0.445,0.415,0.59,0.085,0.83,0.555,0.875,0.685,0.88,0.505,0.545,0.465,0.42,0.7,0.62,0.675
0.87,0.87,0.835,0.835,0.135,0.8,0.955,0.94,0.725,0.715,0.94,0.95,0.92,0.135,0.95,0.94,0.92,0.135,0.055,0.92,0.845,0.805,0.845,0.915,0.92,0.955,0.915,0.94,0.945,0.715,0.945,0.805,0.66,0.855,0.885,0.855,0.285,0.885,0.66,0.285,0.885,0.855,0.21,0.55,0.855,0.285,0.045,0.21,0.695,0.21,0.775,0.845,0.62,0.745,0.09,0.745,0.745,0.075,0.075,0.075,0.65,0.09,0.745,0.09,0.62,0.65,0.835,0.775,0.835,0.48,0.48,0.48,0.93,0.12,0.685,0.925,0.635,0.305,0.63,0.635,0.855,0.12,0.765,0.9,0.86,0.765,0.63,0.97,0.9,0.175,0.12,0.685,0.905,0.83,0.465,0.765,0.04,0.465,0.465,0.96,0.44,0.625,0.285,0.44,0.44,0.23,0.975,0.085,0.085,0.09,0.28,0.36,0.925,0.35,0.895,0.175,0.55,0.595,0.885,0.36,0.94,0.885,0.6,0.845,0.84,0.11,0.195,0.1,0.11,0.345,0.795,0.59,0.81,0.28,0.3,0.73,0.08,0.11,0.145,0.73,0.685,0.485,0.07,0.965,0.685,0.215,0.685,0.73,0.06,0.945,0.95,0.92,0.315,0.22,0.16,0.1,0.435,0.925,0.36,0.935,0.395,0.275,0.17,0.14,0.16,0.285,0.26,0.4
0.37,0.37,0.235,0.235,0.995,0.505,0.185,0.17,0.48,0.08,0.17,0.285,0.12,0.995,0.285,0.17,0.12,0.995,0.945,0.12,0.425,0.105,0.425,0.11,0.12,0.185,0.11,0.17,0.14,0.08,0.14,0.105,0.105,0.205,0.215,0.205,0.715,0.215,0.105,0.715,0.37,0.205,0.795,0.395,0.205,0.715,0.93,0.795,0.095,0.795,0.36,0.425,0.85,0.17,0.745,0.17,0.17,0.81,0.81,0.81,0.09,0.745,0.17,0.745,0.85,0.09,0.145,0.295,0.145,0.865,0.865,0.865,0.465,1.0,0.23,0.49,0.815,0.165,0.805,0.815,0.245,1.0,0.99,0.225,0.245,0.99,0.805,0.5,0.265,0.12,1.0,0.21,0.495,0.2,0.91,0.99,0.98,0.91,0.91,0.52,0.895,0.88,0.155,0.895,0.895,0.08,0.545,0.97,0.97,0.95,0.975,0.98,0.81,0.975,0.21,0.11,0.145,0.89,0.835,0.98,0.545,0.83,0.12,0.895,0.275,0.98,0.035,0.915,0.98,0.995,0.89,0.905,0.9,0.96,0.085,0.705,0.81,0.97,0.845,0.705,0.64,0.055,0.38,0.695,0.64,0.185,0.64,0.705,0.37,0.725,0.575,0.755,0.83,0.155,0.75,0.4,0.685,0.775,0.675,0.62,0.68,0.835,0.7,0.775,0.755,0.895,0.875,0.37
0.555,0.555,0.535,0.535,0.87,0.44,0.54,0.515,0.43,0.375,0.515,0.59,0.51,0.87,0.59,0.515,0.51,0.87,0.68,0.51,0.56,0.35,0.56,0.42,0.51,0.54,0.42,0.515,0.445,0.375,0.445,0.35,0.215,0.51,0.65,0.51,0.72,0.65,0.215,0.72,0.335,0.51,0.735,0.53,0.51,0.72,0.715,0.735,0.27,0.735,0.47,0.385,0.595,0.205,0.815,0.205,0.215,0.79,0.79,0.79,0.475,0.815,0.215,0.815,0.595,0.475,0.46,0.195,0.46,0.235,0.235,0.235,0.41,0.855,0.57,0.355,0.65,0.515,0.645,0.65,0.275,0.855,0.7,0.265,0.215,0.7,0.645,0.37,0.235,0.665,0.855,0.535,0.365,0.265,0.625,0.7,0.535,0.625,0.625,0.345,0.635,0.585,0.51,0.635,0.635,0.44,0.31,0.905,0.905,0.9,0.51,0.545,0.205,0.625,0.225,0.645,0.835,0.585,0.205,0.545,0.335,0.21,0.855,0.2,0.235,0.92,0.705,0.155,0.92,0.59,0.21,0.635,0.21,0.575,0.755,0.76,0.14,0.9,0.11,0.76,0.805,0.835,0.255,0.055,0.805,0.71,0.805,0.76,0.265,0.545,0.055,0.485,0.275,0.65,0.365,0.285,0.19,0.55,0.4,0.06,0.405,0.28,0.335,0.23,0.225,0.375,0.455,0.355
0.83,0.83,0.8,0.8,0.345,0.57,0.68,0.7,0.58,0.395,0.7,0.815,0.675,0.345,0.815,0.7,0.675,0.345,0.3,0.675,0.925,0.495,0.925,0.625,0.675,0.68,0.625,0.7,0.66,0.395,0.66,0.495,0.85,0.685,0.615,0.685,0.33,0.615,0.85,0.33,0.585,0.685,0.275,0.99,0.685,0.33,0.28,0.275,1.0,0.275,0.55,0.54,0.41,0.92,0.375,0.92,0.925,0.33,0.33,0.33,0.505,0.375,0.925,0.375,0.41,0.505,0.67,1.0,0.67,0.32,0.32,0.32,0.515,0.39,0.965,0.45,0.62,0.96,0.485,0.62,0.59,0.39,0.675,0.51,1.0,0.675,0.485,0.445,0.515,0.87,0.39,0.96,0.455,0.545,0.46,0.675,0.29,0.46,0.46,0.455,0.455,0.63,0.95,0.455,0.455,0.89,0.46,0.335,0.335,0.3,0.475,0.71,0.55,0.77,0.575,0.885,0.46,0.76,0.55,0.71,0.455,0.555,0.475,0.6,0.525,0.385,0.745,0.225,0.385,0.765,0.63,0.58,0.63,0.485,0.695,0.635,0.295,0.355,0.16,0.635,0.55,0.5,0.285,0.975,0.55,0.75,0.55,0.635,0.29,0.91,0.915,0.72,0.28,0.76,0.29,0.275,0.995,0.715,0.995,0.915,0.995,0.335,0.245,0.29,0.275,0.685,0.625,0.67
0.005,0.005,0.005,0.005,0.63,0.22,0.445,0.345,0.21,0.445,0.345,0.44,0.355,0.63,0.44,0.345,0.355,0.63,0.645,0.355,0.015,0.37,0.015,0.315,0.355,0.445,0.315,0.345,0.295,0.445,0.295,0.37,0.805,0.27,0.325,0.27,0.51,0.325,0.805,0.51,0.29,0.27,0.515,0.345,0.27,0.51,0.84,0.515,0.445,0.515,0.3,0.335,0.505,0.815,0.5,0.815,0.835,0.52,0.52,0.52,0.385,0.5,0.835,0.5,0.505,0.385,0.195,0.435,0.195,0.545,0.545,0.545,0.27,0.62,0.175,0.225,0.58,0.65,0.595,0.58,0.29,0.62,0.45,0.295,0.43,0.45,0.595,0.265,0.35,0.7,0.62,0.195,0.22,0.275,0.555,0.45,0.48,0.555,0.555,0.27,0.59,0.34,0.72,0.59,0.59,0.62,0.265,0.635,0.635,0.715,0.92,0.865,0.295,0.91,0.25,0.73,0.33,0.33,0.26,0.865,0.265,0.26,0.38,0.335,0.265,0.66,0.675,0.215,0.66,0.975,0.28,0.42,0.275,0.845,0.72,0.45,0.23,0.74,0.24,0.45,0.445,0.46,0.975,0.195,0.445,0.735,0.445,0.45,0.98,0.185,0.21,0.205,0.33,0.72,0.275,0.96,0.05,0.205,0.07,0.2,0.065,0.32,0.255,0.25,0.25,0.04,0.085,0.105
0.1,0.1,0.075,0.075,0.405,0.35,0.04,0.06,0.355,0.03,0.06,0.08,0.03,0.405,0.08,0.06,0.03,0.405,0.455,0.03,0.06,0.035,0.06,0.035,0.03,0.04,0.035,0.06,0.055,0.03,0.055,0.035,0.005,0.035,0.035,0.035,0.615,0.035,0.005,0.615,0.69,0.035,0.665,0.805,0.035,0.615,0.59,0.665,0.815,0.665,0.425,0.7,0.46,0.005,0.665,0.005,0.005,0.715,0.715,0.715,0.02,0.665,0.005,0.665,0.46,0.02,0.02,0.825,0.02,0.64,0.64,0.64,0.58,0.48,0.775,0.945,0.505,0.95,0.475,0.505,0.735,0.48,0.31,0.945,0.805,0.31,0.475,0.925,0.745,0.875,0.48,0.795,0.945,0.945,0.78,0.31,0.195,0.78,0.78,0.935,0.745,0.79,0.945,0.745,0.745,0.865,0.895,0.75,0.75,0.735,0.38,0.815,0.845,0.82,0.945,0.905,0.82,0.82,0.815,0.815,0.965,0.81,0.8,0.94,0.76,0.745,0.75,0.655,0.745,0.425,0.97,0.845,0.97,0.335,0.81,0.395,0.64,0.745,0.75,0.395,0.385,0.705,0.785,0.435,0.385,0.89,0.385,0.395,0.785,0.32,0.4,0.28,0.865,0.89,0.845,0.85,0.635,0.32,0.62,0.42,0.585,0.87,0.82,0.87,0.805,0.52,0.49,0.45
0.645,0.645,0.555,0.555,0.305,0.695,0.73,0.83,0.755,0.645,0.83,0.75,0.825,0.305,0.75,0.83,0.825,0.305,0.325,0.825,0.78,0.79,0.78,0.825,0.825,0.73,0.825,0.83,0.81,0.645,0.81,0.79,0.285,0.845,0.835,0.845,0.375,0.835,0.285,0.375,0.525,0.845,0.405,0.635,0.845,0.375,0.225,0.405,0.51,0.405,0.57,0.555,0.215,0.43,0.455,0.43,0.425,0.49,0.49,0.49,0.765,0.455,0.425,0.455,0.215,0.765,0.865,0.585,0.865,0.475,0.475,0.475,0.92,0.35,0.615,0.805,0.43,0.81,0.49,0.43,0.61,0.35,0.285,0.56,0.595,0.285,0.49,0.805,0.605,0.795,0.35,0.625,0.785,0.565,0.66,0.285,0.49,0.66,0.66,0.78,0.75,0.605,0.75,0.75,0.75,0.54,0.81,0.425,0.425,0.42,0.72,0.29,0.945,0.315,0.495,0.755,0.53,0.64,0.925,0.29,0.79,0.93,0.54,0.8,0.73,0.43,0.7,0.84,0.43,0.71,0.79,0.365,0.78,0.735,0.82,0.715,0.815,0.415,0.84,0.715,0.74,0.695,0.25,0.71,0.74,0.805,0.74,0.715,0.23,0.54,0.565,0.37,0.755,0.745,0.795,0.23,0.845,0.375,0.76,0.575,0.78,0.76,0.755,0.745,0.715,0.855,0.83,0.96
1.0,1.0,1.0,1.0,0.705,0.475,0.99,0.99,0.47,1.0,0.99,0.995,0.99,0.705,0.995,0.99,0.99,0.705,0.215,0.99,0.985,0.995,0.985,0.995,0.99,0.99,0.995,0.99,0.99,1.0,0.99,0.995,0.915,1.0,1.0,1.0,0.345,1.0,0.915,0.345,0.85,1.0,0.245,0.075,1.0,0.345,0.22,0.245,0.22,0.245,0.44,0.835,0.5,0.945,0.38,0.945,0.945,0.515,0.515,0.515,0.99,0.38,0.945,0.38,0.5,0.99,1.0,0.315,1.0,0.265,0.265,0.265,0.74,0.24,0.09,0.84,0.22,0.42,0.21,0.22,0.8,0.24,0.65,0.73,0.295,0.65,0.21,0.83,0.825,0.51,0.24,0.095,0.88,0.74,0.305,0.65,0.14,0.305,0.305,0.88,0.29,0.27,0.385,0.29,0.29,0.455,0.805,0.49,0.49,0.535,0.875,0.74,0.825,0.785,0.705,0.5,0.69,0.26,0.875,0.74,0.84,0.865,0.72,0.685,0.795,0.4,0.85,0.96,0.4,0.78,0.645,0.545,0.65,0.855,0.795,0.405,0.92,0.51,0.945,0.405,0.49,0.88,0.355,0.74,0.49,0.515,0.49,0.405,0.355,0.72,0.83,0.715,0.955,0.485,0.955,0.375,0.885,0.78,0.865,0.82,0.865,0.95,0.95,0.935,0.935,0.835,0.82,0.555
0.585,0.585,0.475,0.475,0.325,0.66,0.43,0.315,0.645,0.67,0.315,0.475,0.26,0.325,0.475,0.315,0.26,0.325,0.11,0.26,0.64,0.69,0.64,0.415,0.26,0.43,0.415,0.315,0.48,0.67,0.48,0.69,0.665,0.315,0.425,0.315,0.325,0.425,0.665,0.325,0.48,0.315,0.335,0.645,0.315,0.325,0.115,0.335,0.125,0.335,0.925,0.495,0.31,0.57,0.33,0.57,0.56,0.365,0.365,0.365,0.655,0.33,0.56,0.33,0.31,0.655,0.585,0.2,0.585,0.15,0.15,0.15,0.44,0.37,0.79,0.61,0.255,0.355,0.23,0.255,0.36,0.37,0.395,0.675,0.22,0.395,0.23,0.62,0.31,0.21,0.37,0.615,0.585,0.675,0.16,0.395,0.175,0.16,0.16,0.585,0.17,0.25,0.365,0.17,0.17,0.195,0.505,0.235,0.235,0.255,0.1,0.33,0.595,0.335,0.635,0.205,0.335,0.27,0.58,0.33,0.52,0.59,0.35,0.71,0.34,0.245,0.105,0.6,0.245,0.14,0.555,0.255,0.555,0.12,0.11,0.24,0.61,0.245,0.47,0.24,0.215,0.2,0.37,0.25,0.215,0.25,0.215,0.24,0.34,0.245,0.365,0.175,0.16,0.23,0.135,0.28,0.145,0.185,0.16,0.305,0.155,0.13,0.14,0.135,0.15,0.14,0.155,0.135
0.68,0.68,0.685,0.685,0.395,0.68,0.745,0.795,0.65,0.875,0.795,0.8,0.8,0.395,0.8,0.795,0.8,0.395,0.575,0.8,0.595,0.865,0.595,0.985,0.8,0.745,0.985,0.795,0.97,0.875,0.97,0.865,0.875,0.755,0.8,0.755,0.69,0.8,0.875,0.69,0.615,0.755,0.68,0.275,0.755,0.69,0.63,0.68,0.24,0.68,0.625,0.63,0.17,0.86,0.645,0.86,0.88,0.675,0.675,0.675,0.86,0.645,0.88,0.645,0.17,0.86,0.94,0.205,0.94,0.16,0.16,0.16,0.655,0.49,0.225,0.545,0.4,0.545,0.315,0.4,0.49,0.49,0.165,0.55,0.185,0.165,0.315,0.525,0.55,0.125,0.49,0.225,0.55,0.525,0.145,0.165,0.53,0.145,0.145,0.56,0.185,0.245,0.42,0.185,0.185,0.41,0.42,0.405,0.405,0.29,0.31,0.075,0.5,0.13,0.41,0.15,0.54,0.28,0.555,0.075,0.45,0.55,0.405,0.4,0.55,0.375,0.065,0.94,0.375,0.12,0.51,0.2,0.49,0.31,0.1,0.43,0.925,0.2,0.965,0.43,0.36,0.355,0.135,0.94,0.36,0.205,0.36,0.43,0.16,0.74,0.945,0.685,0.915,0.235,0.945,0.165,0.935,0.675,0.935,0.93,0.92,0.93,0.94,0.93,0.925,1.0,1.0,1.0
0.81,0.81,0.84,0.84,0.875,0.615,0.92,0.865,0.585,0.69,0.865,0.935,0.845,0.875,0.935,0.865,0.845,0.875,0.4,0.845,0.885,0.835,0.885,0.83,0.845,0.92,0.83,0.865,0.87,0.69,0.87,0.835,0.62,0.915,0.96,0.915,0.73,0.96,0.62,0.73,0.945,0.915,0.76,0.19,0.915,0.73,0.545,0.76,0.79,0.76,0.645,0.94,0.765,0.6,0.705,0.6,0.665,0.72,0.72,0.72,0.845,0.705,0.665,0.705,0.765,0.845,0.915,0.65,0.915,0.92,0.92,0.92,0.895,0.925,0.315,0.85,0.965,0.71,0.965,0.965,0.86,0.925,0.745,0.825,0.525,0.745,0.965,0.855,0.685,0.78,0.925,0.25,0.86,0.905,0.96,0.745,0.945,0.96,0.96,0.85,0.935,0.905,0.605,0.935,0.935,0.63,0.855,0.925,0.925,0.93,0.465,0.93,0.83,0.96,0.91,0.735,0.88,0.88,0.76,0.93,0.845,0.75,0.89,0.62,0.88,0.935,0.76,0.28,0.935,0.72,0.695,0.795,0.72,0.47,0.835,0.895,0.3,0.8,0.155,0.895,0.92,0.925,0.21,0.515,0.92,0.84,0.92,0.895,0.22,0.45,0.52,0.54,0.19,0.845,0.52,0.26,0.165,0.52,0.43,0.56,0.335,0.25,0.445,0.585,0.545,0.27,0.27,0.215
0.26,0.26,0.36,0.36,0.62,0.31,0.41,0.205,0.32,0.245,0.205,0.24,0.395,0.62,0.24,0.205,0.395,0.62,0.595,0.395,0.255,0.15,0.255,0.33,0.395,0.41,0.33,0.205,0.205,0.245,0.205,0.15,0.485,0.325,0.295,0.325,0.84,0.295,0.485,0.84,0.55,0.325,0.845,0.08,0.325,0.84,0.62,0.845,0.4,0.845,0.345,0.66,0.785,0.575,0.885,0.575,0.58,0.865,0.865,0.865,0.265,0.885,0.58,0.885,0.785,0.265,0.305,0.26,0.305,0.86,0.86,0.86,0.585,0.405,0.045,0.465,0.8,0.555,0.825,0.8,0.675,0.405,0.95,0.54,0.27,0.95,0.825,0.53,0.62,0.18,0.405,0.05,0.465,0.53,0.97,0.95,0.325,0.97,0.97,0.525,0.975,0.955,0.565,0.975,0.975,0.64,0.51,0.935,0.935,0.92,0.42,0.65,0.78,0.67,0.61,0.18,0.735,0.96,0.735,0.65,0.515,0.725,0.485,0.47,0.755,0.9,0.27,0.315,0.9,0.4,0.41,0.95,0.425,0.435,0.445,0.875,0.335,0.885,0.315,0.875,0.95,0.73,0.675,0.595,0.95,0.085,0.95,0.875,0.7,0.675,0.675,0.585,0.495,0.285,0.58,0.705,0.385,0.61,0.305,0.635,0.33,0.47,0.56,0.535,0.5,0.35,0.405,0.42
0.015,0.015,0.015,0.015,0.505,0.19,0.23,0.4,0.195,0.25,0.4,0.275,0.33,0.505,0.275,0.4,0.33,0.505,0.9,0.33,0.02,0.265,0.02,0.365,0.33,0.23,0.365,0.4,0.46,0.25,0.46,0.265,0.2,0.425,0.365,0.425,0.62,0.365,0.2,0.62,0.12,0.425,0.56,0.63,0.425,0.62,0.895,0.56,0.23,0.56,0.275,0.11,0.36,0.185,0.61,0.185,0.185,0.58,0.58,0.58,0.32,0.61,0.185,0.61,0.36,0.32,0.41,0.19,0.41,0.31,0.31,0.31,0.12,0.53,0.645,0.17,0.41,0.035,0.405,0.41,0.185,0.53,0.55,0.13,0.18,0.55,0.405,0.11,0.16,0.025,0.53,0.65,0.16,0.17,0.27,0.55,0.835,0.27,0.27,0.12,0.25,0.325,0.03,0.25,0.25,0.05,0.17,0.74,0.74,0.77,0.88,0.42,0.28,0.425,0.175,0.025,0.04,0.35,0.295,0.42,0.165,0.3,0.035,0.32,0.205,0.785,0.075,0.14,0.785,0.67,0.24,0.375,0.265,0.875,0.06,0.5,0.135,0.775,0.13,0.5,0.505,0.035,0.555,0.325,0.505,0.03,0.505,0.5,0.58,0.78,0.43,0.855,0.26,0.025,0.22,0.55,0.205,0.855,0.28,0.435,0.285,0.235,0.2,0.265,0.215,0.365,0.36,0.2
0.75,0.75,0.76,0.76,0.2,0.675,0.685,0.57,0.655,0.385,0.57,0.625,0.61,0.2,0.625,0.57,0.61,0.2,0.43,0.61,0.515,0.385,0.515,0.605,0.61,0.685,0.605,0.57,0.605,0.385,0.605,0.385,0.19,0.375,0.5,0.375,0.54,0.5,0.19,0.54,0.95,0.375,0.325,0.405,0.375,0.54,0.315,0.325,0.73,0.325,0.68,0.965,0.25,0.24,0.345,0.24,0.255,0.29,0.29,0.29,0.2,0.345,0.255,0.345,0.25,0.2,0.34,0.675,0.34,0.275,0.275,0.275,0.995,0.145,0.345,0.985,0.32,0.74,0.335,0.32,0.965,0.145,0.295,0.98,0.67,0.295,0.335,0.99,0.955,0.815,0.145,0.325,0.99,0.985,0.385,0.295,0.155,0.385,0.385,0.99,0.37,0.36,0.775,0.37,0.37,0.875,0.995,0.415,0.415,0.435,0.395,0.475,0.93,0.46,0.96,0.815,0.79,0.37,0.97,0.475,0.995,0.96,0.795,0.99,0.985,0.475,0.86,0.37,0.475,0.39,0.98,0.32,0.985,0.4,0.85,0.415,0.375,0.505,0.45,0.415,0.42,0.905,0.625,0.15,0.42,0.925,0.42,0.415,0.625,0.11,0.125,0.085,0.625,0.945,0.49,0.57,0.595,0.095,0.7,0.145,0.725,0.62,0.615,0.455,0.645,0.775,0.73,0.835
0.45,0.45,0.565,0.565,0.895,0.01,0.435,0.835,0.01,0.72,0.835,0.405,0.915,0.895,0.405,0.835,0.915,0.895,0.535,0.915,0.55,0.605,0.55,0.885,0.915,0.435,0.885,0.835,0.845,0.72,0.845,0.605,0.38,0.825,0.41,0.825,0.9,0.41,0.38,0.9,0.015,0.825,0.89,0.725,0.825,0.9,0.435,0.89,0.465,0.89,0.02,0.01,0.81,0.395,0.84,0.395,0.415,0.815,0.815,0.815,0.58,0.84,0.415,0.84,0.81,0.58,0.775,0.41,0.775,0.815,0.815,0.815,0.01,0.905,0.745,0.01,0.785,0.435,0.835,0.785,0.005,0.905,0.84,0.005,0.41,0.84,0.835,0.01,0.005,0.745,0.905,0.79,0.01,0.005,0.725,0.84,0.625,0.725,0.725,0.01,0.725,0.77,0.4,0.725,0.725,0.565,0.01,0.5,0.5,0.595,0.22,0.335,0.01,0.29,0.005,0.695,0.74,0.725,0.01,0.335,0.01,0.01,0.845,0.01,0.005,0.485,0.665,0.7,0.485,0.165,0.01,0.815,0.01,0.23,0.565,0.735,0.635,0.62,0.63,0.735,0.765,0.625,0.455,0.765,0.765,0.755,0.765,0.735,0.49,0.615,0.735,0.6,0.455,0.725,0.46,0.465,0.745,0.58,0.34,0.7,0.32,0.455,0.455,0.385,0.4,0.385,0.29,0.65
0.52,0.52,0.485,0.485,0.71,0.48,0.63,0.635,0.53,0.43,0.635,0.675,0.56,0.71,0.675,0.635,0.56,0.71,0.28,0.56,0.57,0.535,0.57,0.67,0.56,0.63,0.67,0.635,0.7,0.43,0.7,0.535,0.625,0.64,0.75,0.64,0.405,0.75,0.625,0.405,0.495,0.64,0.52,0.8,0.64,0.405,0.34,0.52,0.37,0.52,0.465,0.41,0.835,0.635,0.41,0.635,0.635,0.485,0.485,0.485,0.59,0.41,0.635,0.41,0.835,0.59,0.765,0.46,0.765,0.79,0.79,0.79,0.4,0.64,0.76,0.2,0.88,0.115,0.85,0.88,0.35,0.64,0.81,0.255,0.44,0.81,0.85,0.22,0.315,0.06,0.64,0.785,0.205,0.245,0.82,0.81,0.385,0.82,0.82,0.23,0.815,0.735,0.085,0.815,0.815,0.075,0.185,0.69,0.69,0.455,0.205,0.945,0.115,0.93,0.265,0.06,0.03,0.745,0.125,0.945,0.18,0.12,0.04,0.1,0.24,0.655,0.045,0.53,0.655,0.265,0.125,0.745,0.12,0.175,0.03,0.67,0.47,0.47,0.44,0.67,0.56,0.08,0.485,0.87,0.56,0.045,0.56,0.67,0.51,0.87,0.955,0.85,0.61,0.04,0.785,0.44,0.465,0.825,0.5,0.85,0.51,0.615,0.74,0.82,0.79,0.57,0.59,0.63
0.56,0.56,0.405,0.405,0.61,0.64,0.835,0.755,0.66,0.725,0.755,0.84,0.76,0.61,0.84,0.755,0.76,0.61,0.315,0.76,0.73,0.715,0.73,0.835,0.76,0.835,0.835,0.755,0.805,0.725,0.805,0.715,0.32,0.76,0.935,0.76,0.45,0.935,0.32,0.45,0.21,0.76,0.425,0.36,0.76,0.45,0.41,0.425,0.11,0.425,0.725,0.18,0.305,0.385,0.36,0.385,0.355,0.355,0.355,0.355,0.685,0.36,0.355,0.36,0.305,0.685,0.77,0.08,0.77,0.42,0.42,0.42,0.16,0.755,0.375,0.3,0.3,0.075,0.28,0.3,0.28,0.755,0.465,0.305,0.07,0.465,0.28,0.3,0.255,0.135,0.755,0.385,0.28,0.295,0.405,0.465,0.505,0.405,0.405,0.295,0.435,0.315,0.125,0.435,0.435,0.145,0.22,0.87,0.87,0.87,0.945,0.83,0.62,0.87,0.22,0.23,0.375,0.335,0.645,0.83,0.215,0.65,0.37,0.64,0.215,0.735,0.2,0.77,0.735,0.93,0.67,0.335,0.67,0.945,0.265,0.36,0.75,0.815,0.825,0.36,0.37,0.43,0.815,0.845,0.37,0.17,0.37,0.36,0.81,0.68,0.815,0.69,0.355,0.25,0.395,0.77,0.2,0.695,0.295,0.825,0.3,0.295,0.42,0.31,0.415,0.245,0.2,0.325
0.77,0.77,0.7,0.7,0.215,0.26,0.695,0.66,0.25,0.66,0.66,0.715,0.495,0.215,0.715,0.66,0.495,0.215,0.56,0.495,0.745,0.785,0.745,0.48,0.495,0.695,0.48,0.66,0.635,0.66,0.635,0.785,0.33,0.62,0.675,0.62,0.255,0.675,0.33,0.255,0.075,0.62,0.285,0.67,0.62,0.255,0.51,0.285,0.36,0.285,0.095,0.125,0.15,0.485,0.235,0.485,0.495,0.24,0.24,0.24,0.6,0.235,0.495,0.235,0.15,0.6,0.56,0.53,0.56,0.155,0.155,0.155,0.115,0.34,0.805,0.28,0.145,0.14,0.14,0.145,0.295,0.34,0.17,0.26,0.445,0.17,0.14,0.21,0.295,0.19,0.34,0.675,0.27,0.31,0.13,0.17,0.465,0.13,0.13,0.215,0.14,0.165,0.105,0.14,0.14,0.12,0.23,0.185,0.185,0.19,0.275,0.085,0.13,0.08,0.305,0.13,0.115,0.155,0.155,0.085,0.26,0.18,0.11,0.11,0.25,0.14,0.155,0.73,0.14,0.18,0.12,0.17,0.135,0.265,0.14,0.17,0.645,0.16,0.7,0.17,0.16,0.095,0.575,0.56,0.16,0.19,0.16,0.17,0.535,0.395,0.63,0.375,0.85,0.15,0.8,0.655,0.86,0.425,0.89,0.615,0.885,0.78,0.84,0.64,0.825,0.135,0.145,0.1
0.29,0.29,0.275,0.275,0.7,0.875,0.245,0.16,0.86,0.145,0.16,0.155,0.17,0.7,0.155,0.16,0.17,0.7,0.35,0.17,0.22,0.16,0.22,0.155,0.17,0.245,0.155,0.16,0.135,0.145,0.135,0.16,0.08,0.17,0.16,0.17,0.355,0.16,0.08,0.355,0.28,0.17,0.355,0.85,0.17,0.355,0.39,0.355,0.915,0.355,0.88,0.29,0.69,0.22,0.385,0.22,0.225,0.375,0.375,0.375,0.125,0.385,0.225,0.385,0.69,0.125,0.165,0.785,0.165,0.49,0.49,0.49,0.445,0.6,0.755,0.245,0.695,0.8,0.62,0.695,0.21,0.6,0.48,0.245,0.82,0.48,0.62,0.29,0.26,0.785,0.6,0.805,0.275,0.225,0.45,0.48,0.89,0.45,0.45,0.29,0.425,0.71,0.8,0.425,0.425,0.85,0.25,0.08,0.08,0.085,0.18,0.23,0.32,0.215,0.28,0.81,0.84,0.72,0.345,0.23,0.28,0.345,0.84,0.24,0.26,0.06,0.79,0.67,0.06,0.395,0.275,0.725,0.25,0.14,0.845,0.35,0.73,0.08,0.595,0.35,0.375,0.92,0.125,0.37,0.375,0.875,0.375,0.35,0.11,0.81,0.395,0.82,0.785,0.885,0.805,0.2,0.95,0.795,0.975,0.38,0.98,0.85,0.775,0.885,0.835,0.89,0.92,0.905
0.66,0.66,0.68,0.68,0.815,0.095,0.77,0.525,0.095,0.52,0.525,0.72,0.685,0.815,0.72,0.525,0.685,0.815,0.265,0.685,0.535,0.45,0.535,0.615,0.685,0.77,0.615,0.525,0.515,0.52,0.515,0.45,0.53,0.565,0.72,0.565,0.63,0.72,0.53,0.63,0.51,0.565,0.55,0.49,0.565,0.63,0.16,0.55,0.7,0.55,0.105,0.565,0.815,0.595,0.78,0.595,0.6,0.745,0.745,0.745,0.485,0.78,0.6,0.78,0.815,0.485,0.5,0.925,0.5,0.825,0.825,0.825,0.425,0.99,0.62,0.935,0.935,0.965,0.945,0.935,0.87,0.99,0.86,0.785,0.88,0.86,0.945,0.93,0.845,0.435,0.99,0.62,0.925,0.765,0.89,0.86,0.44,0.89,0.89,0.92,0.885,0.97,0.94,0.885,0.885,0.975,0.91,0.29,0.29,0.335,0.185,0.675,0.725,0.725,0.745,0.43,0.4,0.965,0.775,0.675,0.915,0.795,0.48,0.86,0.805,0.34,0.475,0.31,0.34,0.25,0.85,0.835,0.865,0.185,0.555,0.97,0.26,0.41,0.23,0.97,0.975,0.48,0.28,0.2,0.975,0.505,0.975,0.97,0.285,0.18,0.195,0.215,0.255,0.48,0.26,0.335,0.43,0.235,0.555,0.205,0.615,0.31,0.285,0.225,0.28,0.67,0.645,0.595
0.385,0.385,0.575,0.575,0.55,0.61,0.915,0.69,0.595,0.45,0.69,0.78,0.77,0.55,0.78,0.69,0.77,0.55,0.675,0.77,0.335,0.455,0.335,0.71,0.77,0.915,0.71,0.69,0.6,0.45,0.6,0.455,0.985,0.68,0.74,0.68,0.455,0.74,0.985,0.455,0.87,0.68,0.615,0.73,0.68,0.455,0.76,0.615,0.175,0.615,0.5,0.83,0.245,0.96,0.31,0.96,0.97,0.385,0.385,0.385,0.435,0.31,0.97,0.31,0.245,0.435,0.655,0.22,0.655,0.455,0.455,0.455,0.85,0.74,0.765,0.78,0.44,0.455,0.45,0.44,0.945,0.74,0.265,0.87,0.24,0.265,0.45,0.815,0.96,0.585,0.74,0.76,0.805,0.815,0.67,0.265,0.915,0.67,0.67,0.815,0.69,0.385,0.445,0.69,0.69,0.24,0.73,0.605,0.605,0.71,0.36,0.78,0.495,0.73,0.755,0.52,0.19,0.355,0.515,0.78,0.78,0.52,0.195,0.565,0.945,0.5,0.33,0.095,0.5,0.415,0.56,0.325,0.56,0.37,0.83,0.32,0.125,0.695,0.285,0.32,0.29,0.565,0.58,0.155,0.29,0.435,0.29,0.32,0.605,0.115,0.16,0.115,0.115,0.27,0.095,0.56,0.115,0.075,0.1,0.105,0.09,0.095,0.1,0.095,0.105,0.145,0.18,0.245
0.215,0.215,0.195,0.195,0.94,0.54,0.14,0.085,0.535,0.17,0.085,0.125,0.055,0.94,0.125,0.085,0.055,0.94,0.82,0.055,0.315,0.24,0.315,0.22,0.055,0.14,0.22,0.085,0.335,0.17,0.335,0.24,0.14,0.06,0.19,0.06,0.93,0.19,0.14,0.93,0.505,0.06,0.96,0.535,0.06,0.93,0.805,0.96,0.385,0.96,0.51,0.505,0.92,0.05,0.915,0.05,0.055,0.925,0.925,0.925,0.44,0.915,0.055,0.915,0.92,0.44,0.62,0.52,0.62,0.935,0.935,0.935,0.6,0.985,0.475,0.6,0.875,0.79,0.9,0.875,0.615,0.985,0.945,0.665,0.585,0.945,0.9,0.625,0.61,0.55,0.985,0.505,0.605,0.635,0.79,0.945,0.78,0.79,0.79,0.63,0.79,0.895,0.805,0.79,0.79,0.73,0.64,0.985,0.985,0.985,0.98,1.0,0.645,0.985,0.7,0.665,0.12,0.895,0.67,1.0,0.63,0.675,0.1,0.665,0.7,0.99,0.69,0.925,0.99,0.97,0.565,0.995,0.565,0.99,0.71,0.865,0.84,0.99,0.925,0.865,0.9,0.21,0.705,0.86,0.9,0.67,0.9,0.865,0.665,0.86,0.96,0.88,0.94,0.675,0.895,0.595,0.825,0.935,0.84,0.945,0.855,0.92,0.88,0.85,0.84,0.875,0.855,0.985
0.25,0.25,0.295,0.295,0.635,0.59,0.235,0.195,0.605,0.13,0.195,0.255,0.14,0.635,0.255,0.195,0.14,0.635,0.875,0.14,0.235,0.145,0.235,0.19,0.14,0.235,0.19,0.195,0.195,0.13,0.195,0.145,0.315,0.15,0.22,0.15,0.955,0.22,0.315,0.955,0.765,0.15,0.925,0.96,0.15,0.955,0.92,0.925,0.605,0.925,0.585,0.82,0.53,0.615,0.73,0.615,0.63,0.785,0.785,0.785,0.08,0.73,0.63,0.73,0.53,0.08,0.115,0.89,0.115,0.35,0.35,0.35,0.865,0.605,0.995,0.905,0.68,0.675,0.69,0.68,0.955,0.605,0.74,0.955,0.9,0.74,0.69,0.9,0.935,0.58,0.605,0.99,0.935,0.955,0.475,0.74,0.585,0.475,0.475,0.93,0.43,0.8,0.66,0.43,0.43,0.9,0.9,0.875,0.875,0.98,0.415,0.7,0.79,0.62,0.95,0.525,0.7,0.685,0.805,0.7,0.9,0.79,0.755,0.835,0.93,0.8,0.78,0.995,0.8,0.85,0.885,0.495,0.88,0.45,0.865,0.765,1.0,0.985,0.975,0.765,0.71,0.85,0.56,0.785,0.71,0.61,0.71,0.765,0.6,0.715,0.91,0.775,0.995,0.59,0.995,0.62,0.98,0.805,1.0,0.94,0.99,0.99,1.0,0.99,1.0,0.71,0.69,0.8
0.36,0.36,0.41,0.41,0.45,0.045,0.855,0.56,0.05,0.65,0.56,0.555,0.9,0.45,0.555,0.56,0.9,0.45,0.23,0.9,0.355,0.305,0.355,0.635,0.9,0.855,0.635,0.56,0.39,0.65,0.39,0.305,0.39,0.285,0.305,0.285,0.3,0.305,0.39,0.3,0.08,0.285,0.255,0.135,0.285,0.3,0.205,0.255,0.17,0.255,0.05,0.075,0.735,0.405,0.295,0.405,0.4,0.25,0.25,0.25,0.345,0.295,0.4,0.295,0.735,0.345,0.24,0.21,0.24,0.615,0.615,0.615,0.07,0.45,0.18,0.175,0.77,0.35,0.785,0.77,0.19,0.45,0.64,0.185,0.21,0.64,0.785,0.18,0.19,0.39,0.45,0.145,0.155,0.18,0.775,0.64,0.39,0.775,0.775,0.165,0.84,0.485,0.35,0.84,0.84,0.125,0.155,0.15,0.15,0.1,0.085,0.1,0.07,0.075,0.17,0.415,0.385,0.475,0.075,0.1,0.155,0.07,0.46,0.08,0.21,0.105,0.175,0.605,0.105,0.135,0.085,0.515,0.08,0.08,0.235,0.595,0.585,0.075,0.715,0.595,0.62,0.305,0.31,0.44,0.62,0.385,0.62,0.595,0.32,0.595,0.445,0.61,0.45,0.42,0.455,0.515,0.245,0.615,0.2,0.43,0.215,0.48,0.44,0.44,0.41,0.225,0.24,0.175
0.865,0.865,0.88,0.88,0.735,0.1,0.755,0.75,0.1,0.83,0.75,0.825,0.795,0.735,0.825,0.75,0.795,0.735,0.41,0.795,0.815,0.72,0.815,0.75,0.795,0.755,0.75,0.75,0.665,0.83,0.665,0.72,0.675,0.735,0.71,0.735,0.43,0.71,0.675,0.43,0.435,0.735,0.485,0.385,0.735,0.43,0.455,0.485,0.35,0.485,0.11,0.395,0.495,0.62,0.39,0.62,0.64,0.455,0.455,0.455,0.81,0.39,0.64,0.39,0.495,0.81,0.725,0.455,0.725,0.62,0.62,0.62,0.57,0.76,0.36,0.505,0.405,0.765,0.31,0.405,0.71,0.76,0.715,0.625,0.42,0.715,0.31,0.505,0.715,0.24,0.76,0.375,0.535,0.605,0.54,0.715,0.495,0.54,0.54,0.465,0.445,0.62,0.675,0.445,0.445,0.815,0.55,0.47,0.47,0.475,0.815,0.795,0.475,0.81,0.65,0.255,0.78,0.665,0.46,0.795,0.535,0.47,0.715,0.515,0.71,0.425,0.235,0.445,0.425,0.605,0.475,0.76,0.495,0.665,0.425,0.455,0.495,0.42,0.49,0.455,0.38,0.675,0.32,0.28,0.38,0.3,0.38,0.455,0.345,0.145,0.26,0.145,0.47,0.385,0.53,0.41,0.61,0.165,0.515,0.25,0.515,0.465,0.535,0.545,0.52,0.17,0.125,0.075
0.465,0.465,0.755,0.755,0.175,0.945,0.8,0.455,0.975,0.315,0.455,0.5,0.625,0.175,0.5,0.455,0.625,0.175,0.895,0.625,0.665,0.21,0.665,0.54,0.625,0.8,0.54,0.455,0.32,0.315,0.32,0.21,0.175,0.44,0.68,0.44,0.655,0.68,0.175,0.655,0.7,0.44,0.625,0.41,0.44,0.655,0.88,0.625,0.155,0.625,0.965,0.685,0.095,0.15,0.63,0.15,0.135,0.61,0.61,0.61,0.31,0.63,0.135,0.63,0.095,0.31,0.375,0.175,0.375,0.24,0.24,0.24,0.75,0.26,0.525,0.64,0.49,0.29,0.48,0.49,0.62,0.26,0.155,0.555,0.19,0.155,0.48,0.65,0.57,0.35,0.26,0.55,0.6,0.585,0.25,0.155,0.97,0.25,0.25,0.58,0.26,0.49,0.37,0.26,0.26,0.335,0.565,0.455,0.455,0.39,0.21,0.115,0.38,0.125,0.475,0.465,0.765,0.5,0.455,0.115,0.565,0.455,0.425,0.495,0.48,0.42,0.445,0.9,0.42,0.075,0.54,0.13,0.55,0.155,0.325,0.65,0.895,0.34,0.76,0.65,0.665,0.635,0.18,0.59,0.665,0.26,0.665,0.65,0.175,0.53,0.655,0.605,0.92,0.325,0.94,0.17,0.68,0.635,0.905,0.71,0.91,0.925,0.89,0.915,0.915,0.48,0.44,0.77
0.085,0.085,0.085,0.085,0.155,0.835,0.09,0.045,0.845,0.045,0.045,0.085,0.065,0.155,0.085,0.045,0.065,0.155,0.29,0.065,0.105,0.04,0.105,0.05,0.065,0.09,0.05,0.045,0.035,0.045,0.035,0.04,0.09,0.07,0.095,0.07,0.67,0.095,0.09,0.67,0.35,0.07,0.535,0.685,0.07,0.67,0.35,0.535,0.59,0.535,0.825,0.39,0.13,0.175,0.42,0.175,0.22,0.315,0.315,0.315,0.045,0.42,0.22,0.42,0.13,0.045,0.055,0.545,0.055,0.845,0.845,0.845,0.375,0.185,0.68,0.16,0.275,0.76,0.265,0.275,0.26,0.185,0.125,0.235,0.55,0.125,0.265,0.17,0.29,0.83,0.185,0.655,0.15,0.23,0.895,0.125,0.24,0.895,0.895,0.16,0.9,0.275,0.745,0.9,0.9,0.78,0.215,0.625,0.625,0.73,0.885,0.425,0.885,0.415,0.27,0.795,0.725,0.23,0.95,0.425,0.21,0.945,0.805,0.98,0.36,0.835,0.825,0.92,0.835,0.83,0.955,0.135,0.96,1.0,0.815,0.27,0.865,0.83,0.92,0.27,0.305,0.86,0.9,0.93,0.305,0.835,0.305,0.27,0.91,0.895,0.81,0.89,0.985,0.91,0.985,0.915,0.985,0.88,0.97,0.815,0.965,0.995,0.99,0.985,0.985,0.935,0.985,0.92
0.725,0.725,0.715,0.715,0.84,0.7,0.795,0.885,0.67,0.965,0.885,0.86,0.88,0.84,0.86,0.885,0.88,0.84,0.62,0.88,0.68,0.985,0.68,0.815,0.88,0.795,0.815,0.885,0.86,0.965,0.86,0.985,0.57,0.9,0.84,0.9,0.785,0.84,0.57,0.785,0.735,0.9,0.81,0.94,0.9,0.785,0.645,0.81,0.895,0.81,0.835,0.705,0.89,0.665,0.695,0.665,0.595,0.75,0.75,0.75,0.925,0.695,0.595,0.695,0.89,0.925,0.83,0.895,0.83,0.9,0.9,0.9,0.79,0.895,0.92,0.73,0.55,0.895,0.47,0.55,0.805,0.895,0.91,0.78,0.905,0.91,0.47,0.745,0.795,0.985,0.895,0.92,0.74,0.775,0.51,0.91,0.51,0.51,0.51,0.735,0.555,0.525,0.9,0.555,0.555,0.895,0.775,0.56,0.56,0.555,0.735,0.715,0.77,0.705,0.785,0.99,0.945,0.52,0.795,0.715,0.7,0.775,0.95,0.76,0.785,0.54,0.925,0.87,0.54,0.95,0.76,0.875,0.755,0.755,0.995,0.745,0.83,0.545,0.85,0.745,0.68,0.94,0.78,0.535,0.68,1.0,0.68,0.745,0.78,0.83,0.625,0.79,0.88,1.0,0.925,0.725,0.94,0.8,0.81,0.63,0.79,0.89,0.935,0.895,0.885,0.94,0.94,0.99
0.905,0.905,0.9,0.9,0.235,0.11,0.86,0.845,0.11,0.745,0.845,0.885,0.805,0.235,0.885,0.845,0.805,0.235,0.14,0.805,0.835,0.78,0.835,0.81,0.805,0.86,0.81,0.845,0.835,0.745,0.835,0.78,0.56,0.885,0.915,0.885,0.265,0.915,0.56,0.265,0.275,0.885,0.25,0.26,0.885,0.265,0.12,0.25,0.48,0.25,0.115,0.375,0.9,0.63,0.265,0.63,0.67,0.26,0.26,0.26,0.73,0.265,0.67,0.265,0.9,0.73,0.9,0.59,0.9,0.95,0.95,0.95,0.555,0.19,0.305,0.48,0.79,0.82,0.745,0.79,0.665,0.19,0.605,0.545,0.605,0.605,0.745,0.535,0.705,0.845,0.19,0.31,0.48,0.55,0.94,0.605,0.165,0.94,0.94,0.535,0.94,0.855,0.83,0.94,0.94,0.82,0.48,0.62,0.62,0.685,0.58,0.52,0.75,0.595,0.53,0.845,0.86,0.865,0.785,0.52,0.485,0.78,0.86,0.87,0.685,0.67,0.805,0.69,0.67,0.64,0.855,0.79,0.86,0.59,0.65,0.645,0.89,0.72,0.675,0.645,0.605,0.875,0.95,0.465,0.605,0.74,0.605,0.645,0.955,0.255,0.45,0.255,0.715,0.75,0.82,0.81,0.81,0.27,0.69,0.505,0.7,0.71,0.685,0.835,0.8,0.055,0.05,0.07
0.93,0.93,0.95,0.95,0.885,0.96,0.995,1.0,0.94,0.945,1.0,1.0,1.0,0.885,1.0,1.0,1.0,0.885,0.83,1.0,0.9,0.945,0.9,1.0,1.0,0.995,1.0,1.0,1.0,0.945,1.0,0.945,0.605,0.985,0.975,0.985,0.935,0.975,0.605,0.935,0.22,0.985,0.905,0.215,0.985,0.935,0.515,0.905,0.04,0.905,0.975,0.185,0.8,0.68,0.925,0.68,0.685,0.895,0.895,0.895,0.905,0.925,0.685,0.925,0.8,0.905,0.985,0.045,0.985,0.69,0.69,0.69,0.145,0.915,0.215,0.095,0.78,0.07,0.81,0.78,0.135,0.915,0.815,0.11,0.035,0.815,0.81,0.095,0.13,0.065,0.915,0.215,0.095,0.12,0.71,0.815,0.895,0.71,0.71,0.09,0.755,0.83,0.075,0.755,0.755,0.09,0.075,0.71,0.71,0.67,0.225,0.66,0.055,0.695,0.095,0.055,0.155,0.795,0.06,0.66,0.075,0.06,0.145,0.065,0.105,0.72,0.07,0.57,0.72,0.28,0.075,0.765,0.075,0.24,0.105,0.88,0.955,0.69,0.485,0.88,0.89,0.14,0.395,0.79,0.89,0.09,0.89,0.88,0.365,0.835,0.765,0.84,0.74,0.12,0.745,0.42,0.835,0.845,0.83,0.745,0.82,0.72,0.69,0.995,0.99,0.86,0.98,0.82
0.11,0.11,0.12,0.12,0.185,0.91,0.05,0.165,0.92,0.8,0.165,0.04,0.225,0.185,0.04,0.165,0.225,0.185,0.405,0.225,0.175,0.745,0.175,0.205,0.225,0.05,0.205,0.165,0.2,0.8,0.2,0.745,0.775,0.165,0.07,0.165,0.105,0.07,0.775,0.105,0.855,0.165,0.085,0.56,0.165,0.105,0.42,0.085,0.255,0.085,0.93,0.79,0.145,0.74,0.14,0.74,0.72,0.125,0.125,0.125,0.83,0.14,0.72,0.14,0.145,0.83,0.19,0.255,0.19,0.095,0.095,0.095,0.875,0.335,0.44,0.675,0.14,0.275,0.095,0.14,0.79,0.335,0.085,0.765,0.235,0.085,0.095,0.665,0.82,0.265,0.335,0.455,0.675,0.77,0.07,0.085,0.795,0.07,0.07,0.66,0.07,0.13,0.21,0.07,0.07,0.34,0.695,0.165,0.165,0.17,0.2,0.54,0.755,0.56,0.805,0.21,0.72,0.15,0.72,0.54,0.71,0.72,0.725,0.795,0.885,0.215,0.375,0.8,0.215,0.41,0.805,0.165,0.8,0.29,0.61,0.14,0.935,0.235,0.5,0.14,0.155,0.745,0.88,0.5,0.155,0.595,0.155,0.14,0.865,0.49,0.475,0.53,0.5,0.595,0.45,0.87,0.63,0.525,0.355,0.47,0.35,0.495,0.48,0.66,0.68,0.68,0.74,0.73
0.145,0.145,0.15,0.15,0.35,0.005,0.15,0.095,0.005,0.065,0.095,0.115,0.085,0.35,0.115,0.095,0.085,0.35,0.78,0.085,0.185,0.05,0.185,0.085,0.085,0.15,0.085,0.095,0.06,0.065,0.06,0.05,0.135,0.1,0.155,0.1,0.305,0.155,0.135,0.305,0.005,0.1,0.32,0.305,0.1,0.305,0.69,0.32,0.595,0.32,0.005,0.005,0.525,0.2,0.35,0.2,0.19,0.36,0.36,0.36,0.06,0.35,0.19,0.35,0.525,0.06,0.095,0.7,0.095,0.54,0.54,0.54,0.005,0.305,0.385,0.015,0.525,0.705,0.465,0.525,0.01,0.305,0.42,0.02,0.675,0.42,0.465,0.02,0.01,0.47,0.305,0.39,0.02,0.015,0.525,0.42,0.64,0.525,0.525,0.02,0.52,0.42,0.695,0.52,0.52,0.715,0.02,0.22,0.22,0.24,0.37,0.13,0.065,0.12,0.015,0.4,0.59,0.46,0.055,0.13,0.02,0.055,0.61,0.075,0.015,0.21,0.43,0.09,0.21,0.225,0.07,0.61,0.065,0.33,0.455,0.435,0.1,0.215,0.09,0.435,0.4,0.51,0.59,0.1,0.4,0.475,0.4,0.435,0.57,0.085,0.145,0.09,0.13,0.475,0.11,0.545,0.31,0.105,0.31,0.13,0.305,0.22,0.12,0.175,0.18,0.205,0.35,0.29
0.64,0.64,0.585,0.585,0.38,1.0,0.59,0.48,1.0,0.29,0.48,0.535,0.58,0.38,0.535,0.48,0.58,0.38,0.715,0.58,0.485,0.215,0.485,0.525,0.58,0.59,0.525,0.48,0.4,0.29,0.4,0.215,0.405,0.53,0.51,0.53,0.88,0.51,0.405,0.88,0.875,0.53,0.755,0.34,0.53,0.88,0.495,0.755,0.71,0.755,1.0,0.935,0.235,0.315,0.85,0.315,0.32,0.67,0.67,0.67,0.185,0.85,0.32,0.85,0.235,0.185,0.475,0.605,0.475,0.2,0.2,0.2,0.975,0.545,0.295,0.97,0.265,0.73,0.42,0.265,0.835,0.545,0.325,0.995,0.6,0.325,0.42,0.975,0.855,0.565,0.545,0.34,0.96,0.99,0.595,0.325,0.22,0.595,0.595,0.975,0.265,0.495,0.725,0.265,0.265,0.645,0.945,0.815,0.815,0.88,1.0,0.48,0.865,0.365,0.985,0.54,0.895,0.365,0.825,0.48,0.935,0.85,0.85,0.925,0.815,0.875,0.455,0.4,0.875,0.785,0.915,0.345,0.915,0.98,0.435,0.61,0.385,0.84,0.4,0.61,0.735,0.63,0.76,0.35,0.735,0.605,0.735,0.61,0.67,0.26,0.32,0.245,0.17,0.58,0.18,0.785,0.15,0.23,0.195,0.31,0.18,0.195,0.175,0.17,0.17,0.33,0.3,0.255
0.835,0.835,0.92,0.92,0.99,0.365,0.81,0.81,0.365,0.62,0.81,0.83,0.81,0.99,0.83,0.81,0.81,0.99,0.7,0.81,0.8,0.65,0.8,0.755,0.81,0.81,0.755,0.81,0.795,0.62,0.795,0.65,0.355,0.765,0.805,0.765,0.95,0.805,0.355,0.95,0.63,0.765,0.94,0.765,0.765,0.95,0.7,0.94,0.285,0.94,0.38,0.745,0.925,0.345,0.965,0.345,0.36,0.92,0.92,0.92,0.69,0.965,0.36,0.965,0.925,0.69,0.79,0.33,0.79,1.0,1.0,1.0,0.665,0.98,0.675,0.41,0.97,0.345,0.96,0.97,0.6,0.98,0.965,0.47,0.285,0.965,0.96,0.4,0.585,0.26,0.98,0.645,0.38,0.495,1.0,0.965,0.96,1.0,1.0,0.38,1.0,1.0,0.485,1.0,1.0,0.365,0.315,0.665,0.665,0.45,0.75,0.81,0.46,0.48,0.435,0.36,0.465,0.995,0.445,0.81,0.305,0.435,0.41,0.105,0.51,0.665,0.315,0.12,0.665,0.54,0.08,0.93,0.105,0.535,0.36,0.99,0.11,0.495,0.115,0.99,0.98,0.38,0.775,0.165,0.98,0.325,0.98,0.99,0.795,0.655,0.135,0.735,0.155,0.405,0.2,0.91,0.25,0.73,0.29,0.155,0.295,0.155,0.19,0.185,0.19,0.415,0.41,0.315
0.85,0.85,0.83,0.83,0.67,0.41,0.65,0.685,0.41,0.605,0.685,0.66,0.7,0.67,0.66,0.685,0.7,0.67,0.57,0.7,0.705,0.57,0.705,0.68,0.7,0.65,0.68,0.685,0.655,0.605,0.655,0.57,0.46,0.72,0.735,0.72,0.335,0.735,0.46,0.335,0.395,0.72,0.39,0.01,0.72,0.335,0.625,0.39,0.03,0.39,0.39,0.42,0.55,0.445,0.4,0.445,0.44,0.395,0.395,0.395,0.535,0.4,0.44,0.4,0.55,0.535,0.68,0.03,0.68,0.705,0.705,0.705,0.45,0.54,0.01,0.795,0.605,0.02,0.675,0.605,0.875,0.54,0.665,0.855,0.03,0.665,0.675,0.785,0.86,0.03,0.54,0.01,0.78,0.84,0.76,0.665,0.77,0.76,0.76,0.79,0.685,0.745,0.02,0.685,0.685,0.02,0.665,0.325,0.325,0.37,0.515,0.965,0.45,0.965,0.75,0.03,0.13,0.7,0.435,0.965,0.62,0.445,0.115,0.54,0.82,0.41,0.03,0.78,0.41,0.99,0.535,0.615,0.535,0.525,0.05,0.3,0.765,0.44,0.895,0.3,0.41,0.12,0.345,0.82,0.41,0.04,0.41,0.3,0.44,0.62,0.53,0.48,0.95,0.045,0.825,0.485,0.99,0.56,0.965,0.6,0.97,0.9,0.915,0.8,0.87,0.98,0.96,0.965
0.41,0.41,0.39,0.39,0.9,0.38,0.105,0.105,0.385,0.19,0.105,0.135,0.06,0.9,0.135,0.105,0.06,0.9,0.47,0.06,0.44,0.185,0.44,0.055,0.06,0.105,0.055,0.105,0.085,0.19,0.085,0.185,0.125,0.145,0.28,0.145,0.8,0.28,0.125,0.8,0.095,0.145,0.72,0.89,0.145,0.8,0.375,0.72,0.89,0.72,0.37,0.195,0.855,0.085,0.835,0.085,0.085,0.77,0.77,0.77,0.325,0.835,0.085,0.835,0.855,0.325,0.175,0.95,0.175,0.735,0.735,0.735,0.325,0.91,0.9,0.195,0.655,0.77,0.665,0.655,0.155,0.91,0.93,0.215,0.94,0.93,0.665,0.195,0.205,0.615,0.91,0.885,0.19,0.205,0.495,0.93,0.695,0.495,0.495,0.2,0.51,0.695,0.81,0.51,0.51,0.885,0.245,0.82,0.82,0.25,0.425,0.885,0.225,0.455,0.255,0.63,0.415,0.655,0.235,0.885,0.24,0.235,0.435,0.18,0.385,0.81,0.715,1.0,0.81,0.36,0.225,0.84,0.22,0.39,0.715,0.74,0.98,0.36,0.95,0.74,0.75,0.545,0.75,0.895,0.75,0.745,0.75,0.74,0.74,0.94,0.94,0.94,0.87,0.775,0.875,0.835,0.82,0.955,0.825,0.985,0.83,0.885,0.85,0.815,0.775,0.74,0.695,0.785
0.275,0.275,0.26,0.26,0.365,0.98,0.285,0.605,0.985,0.46,0.605,0.215,0.6,0.365,0.215,0.605,0.6,0.365,0.465,0.6,0.21,0.44,0.21,0.78,0.6,0.285,0.78,0.605,0.69,0.46,0.69,0.44,0.395,0.575,0.2,0.575,0.91,0.2,0.395,0.91,0.825,0.575,0.815,0.755,0.575,0.91,0.48,0.815,0.3,0.815,0.92,0.9,0.57,0.54,0.825,0.54,0.485,0.755,0.755,0.755,0.49,0.825,0.485,0.825,0.57,0.49,0.605,0.18,0.605,0.8,0.8,0.8,0.7,0.355,0.815,0.65,0.825,0.445,0.77,0.825,0.83,0.355,0.505,0.655,0.16,0.505,0.77,0.6,0.8,0.59,0.355,0.85,0.645,0.72,0.8,0.505,0.125,0.8,0.8,0.605,0.76,0.86,0.375,0.76,0.76,0.42,0.585,0.96,0.96,0.935,0.955,0.35,0.325,0.445,0.66,0.55,0.64,0.855,0.315,0.35,0.585,0.32,0.68,0.36,0.75,0.975,0.545,0.45,0.975,0.47,0.37,0.67,0.36,0.965,0.735,0.565,0.4,0.98,0.22,0.565,0.58,0.54,0.6,0.36,0.58,0.685,0.58,0.565,0.585,0.195,0.355,0.265,0.18,0.695,0.24,0.605,0.33,0.28,0.155,0.32,0.175,0.19,0.225,0.205,0.195,0.43,0.325,0.38
0.505,0.505,0.48,0.48,0.465,0.305,0.32,0.29,0.28,0.15,0.29,0.39,0.21,0.465,0.39,0.29,0.21,0.465,0.71,0.21,0.525,0.22,0.525,0.195,0.21,0.32,0.195,0.29,0.285,0.15,0.285,0.22,0.165,0.32,0.455,0.32,0.39,0.455,0.165,0.39,0.88,0.32,0.385,0.9,0.32,0.39,0.765,0.385,0.925,0.385,0.27,0.805,0.44,0.26,0.56,0.26,0.27,0.6,0.6,0.6,0.15,0.56,0.27,0.56,0.44,0.15,0.275,0.915,0.275,0.51,0.51,0.51,0.915,0.375,0.65,0.71,0.48,0.9,0.445,0.48,0.65,0.375,0.51,0.615,0.955,0.51,0.445,0.7,0.7,0.99,0.375,0.75,0.66,0.62,0.575,0.51,0.83,0.575,0.575,0.665,0.56,0.475,0.91,0.56,0.56,0.88,0.795,0.725,0.725,0.755,0.05,0.485,0.245,0.485,0.845,0.98,0.875,0.49,0.23,0.485,0.76,0.255,0.93,0.395,0.86,0.64,0.935,0.675,0.64,0.125,0.395,0.53,0.395,0.055,0.975,0.31,0.66,0.68,0.635,0.31,0.295,0.96,0.08,0.52,0.295,0.985,0.295,0.31,0.08,0.67,0.56,0.665,0.79,0.98,0.74,0.04,0.815,0.655,0.795,0.52,0.835,0.785,0.765,0.735,0.75,0.705,0.655,0.645
0.74,0.74,0.795,0.795,0.04,0.725,0.52,0.475,0.635,0.55,0.475,0.54,0.42,0.04,0.54,0.475,0.42,0.04,0.58,0.42,0.6,0.64,0.6,0.395,0.42,0.52,0.395,0.475,0.44,0.55,0.44,0.64,0.86,0.235,0.445,0.235,0.04,0.445,0.86,0.04,0.675,0.235,0.045,0.33,0.235,0.04,0.725,0.045,0.395,0.045,0.745,0.655,0.03,0.91,0.04,0.91,0.9,0.04,0.04,0.04,0.63,0.04,0.9,0.04,0.03,0.63,0.235,0.415,0.235,0.03,0.03,0.03,0.59,0.04,0.335,0.4,0.03,0.595,0.03,0.03,0.575,0.04,0.025,0.5,0.395,0.025,0.03,0.49,0.59,0.62,0.04,0.345,0.39,0.44,0.075,0.025,0.655,0.075,0.075,0.48,0.075,0.03,0.555,0.075,0.075,0.43,0.415,0.055,0.055,0.055,0.055,0.035,0.14,0.03,0.46,0.61,0.585,0.03,0.115,0.035,0.41,0.145,0.565,0.21,0.47,0.055,0.415,0.91,0.055,0.05,0.17,0.03,0.175,0.05,0.31,0.03,0.795,0.055,0.855,0.03,0.025,0.29,0.225,0.635,0.025,0.47,0.025,0.03,0.225,0.575,0.775,0.58,0.935,0.455,0.99,0.21,0.8,0.6,0.565,0.74,0.535,0.975,0.98,0.975,0.98,0.605,0.575,0.725
0.22,0.22,0.22,0.22,0.115,0.425,0.665,0.595,0.44,0.885,0.595,0.705,0.585,0.115,0.705,0.595,0.585,0.115,0.49,0.585,0.295,0.755,0.295,0.58,0.585,0.665,0.58,0.595,0.575,0.885,0.575,0.755,0.8,0.495,0.595,0.495,0.245,0.595,0.8,0.245,0.3,0.495,0.24,0.64,0.495,0.245,0.47,0.24,0.865,0.24,0.46,0.265,0.065,0.7,0.195,0.7,0.69,0.195,0.195,0.195,0.725,0.195,0.69,0.195,0.065,0.725,0.485,0.79,0.485,0.385,0.385,0.385,0.25,0.31,0.51,0.575,0.15,0.92,0.13,0.15,0.375,0.31,0.05,0.315,0.835,0.05,0.13,0.455,0.365,0.33,0.31,0.525,0.52,0.395,0.4,0.05,0.7,0.4,0.4,0.45,0.385,0.1,0.99,0.385,0.385,0.87,0.465,0.32,0.32,0.365,0.43,0.375,0.53,0.36,0.36,0.33,0.245,0.105,0.585,0.375,0.435,0.545,0.205,0.625,0.37,0.32,0.325,0.465,0.32,0.43,0.655,0.06,0.6,0.43,0.19,0.085,0.445,0.35,0.42,0.085,0.07,0.31,0.04,0.19,0.07,0.125,0.07,0.085,0.04,0.56,0.23,0.62,0.4,0.135,0.55,0.035,0.11,0.64,0.075,0.215,0.095,0.46,0.55,0.5,0.475,0.2,0.185,0.13
0.19,0.19,0.165,0.165,0.52,0.3,0.08,0.07,0.27,0.175,0.07,0.065,0.115,0.52,0.065,0.07,0.115,0.52,0.365,0.115,0.13,0.165,0.13,0.115,0.115,0.08,0.115,0.07,0.11,0.175,0.11,0.165,0.28,0.11,0.09,0.11,0.48,0.09,0.28,0.48,0.24,0.11,0.31,0.785,0.11,0.48,0.295,0.31,0.14,0.31,0.225,0.24,0.72,0.285,0.525,0.285,0.285,0.345,0.345,0.345,0.34,0.525,0.285,0.525,0.72,0.34,0.25,0.165,0.25,0.595,0.595,0.595,0.185,0.735,0.71,0.255,0.83,0.45,0.78,0.83,0.485,0.735,0.79,0.37,0.195,0.79,0.78,0.235,0.385,0.525,0.735,0.78,0.255,0.355,0.62,0.79,0.515,0.62,0.62,0.225,0.615,0.635,0.44,0.615,0.615,0.38,0.28,0.67,0.67,0.65,0.46,0.935,0.1,0.95,0.335,0.475,0.545,0.68,0.085,0.935,0.27,0.085,0.44,0.135,0.33,0.885,0.355,0.01,0.885,0.79,0.15,0.775,0.14,0.565,0.415,0.665,0.01,0.875,0.005,0.665,0.8,0.515,0.895,0.005,0.8,0.6,0.8,0.665,0.895,0.1,0.005,0.08,0.025,0.6,0.035,0.795,0.03,0.1,0.035,0.005,0.035,0.025,0.025,0.035,0.04,0.065,0.055,0.03
0.525,0.525,0.515,0.515,0.955,0.895,0.625,0.55,0.885,0.345,0.55,0.65,0.52,0.955,0.65,0.55,0.52,0.955,0.305,0.52,0.615,0.375,0.615,0.51,0.52,0.625,0.51,0.55,0.545,0.345,0.545,0.375,0.205,0.67,0.795,0.67,0.81,0.795,0.205,0.81,0.445,0.67,0.83,0.78,0.67,0.81,0.485,0.83,0.97,0.83,0.71,0.46,0.985,0.16,0.935,0.16,0.15,0.93,0.93,0.93,0.52,0.935,0.15,0.935,0.985,0.52,0.66,0.91,0.66,0.99,0.99,0.99,0.415,0.83,0.705,0.25,0.93,0.94,0.925,0.93,0.355,0.83,0.98,0.345,0.935,0.98,0.925,0.25,0.355,0.905,0.83,0.67,0.285,0.32,0.9,0.98,0.27,0.9,0.9,0.3,0.83,0.92,0.97,0.83,0.83,0.99,0.24,0.52,0.52,0.625,0.86,0.495,0.19,0.45,0.3,0.93,0.71,0.925,0.185,0.495,0.285,0.215,0.71,0.17,0.31,0.44,0.98,0.565,0.44,0.655,0.19,0.97,0.165,0.65,0.945,0.93,0.54,0.52,0.56,0.93,0.935,0.78,0.755,0.335,0.935,0.915,0.935,0.93,0.775,0.5,0.265,0.535,0.7,0.93,0.81,0.79,0.785,0.54,0.855,0.27,0.85,0.67,0.735,0.81,0.71,0.695,0.68,0.545
0.915,0.915,0.87,0.87,0.08,0.995,0.87,0.82,0.995,0.515,0.82,0.855,0.63,0.08,0.855,0.82,0.63,0.08,0.06,0.63,0.915,0.575,0.915,0.655,0.63,0.87,0.655,0.82,0.71,0.515,0.71,0.575,0.71,0.81,0.845,0.81,0.07,0.845,0.71,0.07,0.86,0.81,0.11,0.865,0.81,0.07,0.05,0.11,0.475,0.11,0.985,0.81,0.14,0.785,0.08,0.785,0.84,0.11,0.11,0.11,0.57,0.08,0.84,0.08,0.14,0.57,0.675,0.44,0.675,0.14,0.14,0.14,0.785,0.085,0.825,0.835,0.125,0.395,0.115,0.125,0.9,0.085,0.225,0.875,0.435,0.225,0.115,0.81,0.91,0.5,0.085,0.81,0.865,0.87,0.08,0.225,0.045,0.08,0.08,0.875,0.08,0.08,0.525,0.08,0.08,0.505,0.84,0.095,0.095,0.14,0.105,0.25,0.57,0.285,0.875,0.655,0.855,0.095,0.565,0.25,0.825,0.58,0.82,0.65,0.905,0.08,0.655,0.525,0.08,0.08,0.65,0.18,0.69,0.1,0.78,0.15,0.58,0.115,0.74,0.15,0.15,0.985,0.205,0.375,0.15,0.62,0.15,0.15,0.21,0.19,0.375,0.11,0.835,0.735,0.775,0.25,0.725,0.125,0.665,0.355,0.69,0.775,0.805,0.77,0.795,0.765,0.725,0.755
0.5,0.5,0.63,0.63,0.18,0.46,0.395,0.51,0.46,0.305,0.51,0.43,0.435,0.18,0.43,0.51,0.435,0.18,0.77,0.435,0.655,0.36,0.655,0.49,0.435,0.395,0.49,0.51,0.63,0.305,0.63,0.36,0.225,0.585,0.505,0.585,0.14,0.505,0.225,0.14,0.295,0.585,0.185,0.76,0.585,0.14,0.785,0.185,0.92,0.185,0.43,0.28,0.12,0.23,0.215,0.23,0.235,0.205,0.205,0.205,0.335,0.215,0.235,0.215,0.12,0.335,0.54,0.88,0.54,0.055,0.055,0.055,0.3,0.155,0.715,0.135,0.06,0.91,0.07,0.06,0.16,0.155,0.15,0.15,0.89,0.15,0.07,0.12,0.17,0.88,0.155,0.725,0.13,0.175,0.035,0.15,0.54,0.035,0.035,0.105,0.025,0.06,0.915,0.025,0.025,0.8,0.135,0.14,0.14,0.125,0.3,0.155,0.3,0.155,0.16,0.88,0.805,0.07,0.32,0.155,0.115,0.31,0.785,0.37,0.19,0.13,0.82,0.985,0.13,0.3,0.325,0.125,0.335,0.385,0.665,0.09,0.995,0.125,0.985,0.09,0.085,0.71,0.495,0.91,0.085,0.785,0.085,0.09,0.525,0.92,0.905,0.93,1.0,0.82,1.0,0.71,1.0,0.915,0.99,0.925,1.0,1.0,0.995,1.0,0.995,0.995,0.995,0.98
0.67,0.67,0.615,0.615,0.975,0.95,0.655,0.695,0.955,0.425,0.695,0.71,0.635,0.975,0.71,0.695,0.635,0.975,0.31,0.635,0.62,0.505,0.62,0.59,0.635,0.655,0.59,0.695,0.73,0.425,0.73,0.505,0.26,0.55,0.63,0.55,0.645,0.63,0.26,0.645,0.96,0.55,0.71,0.77,0.55,0.645,0.31,0.71,0.785,0.71,0.95,0.975,0.86,0.48,0.75,0.48,0.51,0.83,0.83,0.83,0.27,0.75,0.51,0.75,0.86,0.27,0.575,0.725,0.575,0.905,0.905,0.905,1.0,0.93,0.69,0.9,0.95,0.635,0.92,0.95,0.93,0.93,0.885,0.965,0.76,0.885,0.92,0.92,0.875,0.735,0.93,0.705,0.9,0.97,0.95,0.885,0.41,0.95,0.95,0.915,0.945,0.94,0.63,0.945,0.945,0.685,0.915,0.895,0.895,0.905,0.64,0.985,0.835,0.995,0.965,0.715,0.56,0.95,0.765,0.985,0.91,0.755,0.59,0.585,0.92,0.84,0.74,0.645,0.84,0.585,0.665,0.895,0.62,0.72,0.7,0.83,0.675,0.87,0.385,0.83,0.85,0.555,0.445,0.685,0.85,0.69,0.85,0.83,0.445,0.51,0.59,0.495,0.71,0.685,0.765,0.415,0.755,0.535,0.71,0.59,0.73,0.74,0.72,0.89,0.845,0.83,0.885,0.795
0.635,0.635,0.625,0.625,0.58,0.295,0.47,0.255,0.34,0.51,0.255,0.26,0.46,0.58,0.26,0.255,0.46,0.58,0.905,0.46,0.385,0.465,0.385,0.545,0.46,0.47,0.545,0.255,0.325,0.51,0.325,0.465,0.745,0.245,0.195,0.245,0.635,0.195,0.745,0.635,0.16,0.245,0.57,0.15,0.245,0.635,0.9,0.57,0.29,0.57,0.365,0.17,0.555,0.585,0.535,0.585,0.585,0.47,0.47,0.47,0.295,0.535,0.585,0.535,0.555,0.295,0.31,0.155,0.31,0.36,0.36,0.36,0.175,0.57,0.155,0.29,0.31,0.39,0.24,0.31,0.385,0.57,0.535,0.34,0.155,0.535,0.24,0.26,0.42,0.455,0.57,0.16,0.3,0.335,0.355,0.535,0.56,0.355,0.355,0.275,0.315,0.28,0.32,0.315,0.315,0.355,0.32,0.565,0.565,0.635,0.65,0.75,0.195,0.76,0.35,0.39,0.345,0.285,0.195,0.75,0.315,0.19,0.315,0.155,0.49,0.57,0.395,0.07,0.57,0.61,0.145,0.535,0.145,0.675,0.39,0.295,0.09,0.655,0.05,0.295,0.34,0.245,0.15,0.51,0.34,0.42,0.34,0.295,0.135,0.37,0.465,0.325,0.11,0.335,0.115,0.175,0.52,0.33,0.255,0.525,0.255,0.115,0.11,0.155,0.12,0.1,0.1,0.23
0.495,0.495,0.33,0.33,0.65,0.555,0.49,0.38,0.56,0.365,0.38,0.635,0.385,0.65,0.635,0.38,0.385,0.65,0.425,0.385,0.46,0.34,0.46,0.32,0.385,0.49,0.32,0.38,0.37,0.365,0.37,0.34,0.17,0.515,0.61,0.515,0.52,0.61,0.17,0.52,0.235,0.515,0.555,0.93,0.515,0.52,0.395,0.555,0.275,0.555,0.54,0.345,0.38,0.155,0.69,0.155,0.145,0.78,0.78,0.78,0.445,0.69,0.145,0.69,0.38,0.445,0.555,0.225,0.555,0.23,0.23,0.23,0.28,0.385,0.785,0.24,0.42,0.54,0.4,0.42,0.195,0.385,0.525,0.2,0.205,0.525,0.4,0.23,0.245,0.64,0.385,0.77,0.245,0.235,0.155,0.525,0.25,0.155,0.155,0.22,0.165,0.465,0.52,0.165,0.165,0.555,0.365,0.715,0.715,0.6,0.96,0.825,0.795,0.83,0.38,0.595,0.9,0.495,0.78,0.825,0.37,0.785,0.895,0.7,0.35,0.585,0.615,0.85,0.585,0.965,0.6,0.44,0.61,0.935,0.62,0.675,0.835,0.49,0.86,0.675,0.645,0.95,0.195,0.67,0.645,0.78,0.645,0.675,0.195,0.535,0.69,0.455,0.905,0.77,0.92,0.225,0.88,0.42,0.95,0.68,0.93,0.915,0.895,0.92,0.93,0.96,0.965,0.87
0.04,0.04,0.02,0.02,0.265,0.15,0.51,0.365,0.12,0.47,0.365,0.515,0.32,0.265,0.515,0.365,0.32,0.265,0.205,0.32,0.29,0.55,0.29,0.265,0.32,0.51,0.265,0.365,0.305,0.47,0.305,0.55,0.6,0.36,0.405,0.36,0.525,0.405,0.6,0.525,0.18,0.36,0.4,0.195,0.36,0.525,0.415,0.4,0.145,0.4,0.315,0.305,0.585,0.66,0.595,0.66,0.66,0.66,0.66,0.66,0.5,0.595,0.66,0.595,0.585,0.5,0.35,0.14,0.35,0.525,0.525,0.525,0.34,0.615,0.19,0.23,0.745,0.03,0.715,0.745,0.305,0.615,0.66,0.275,0.135,0.66,0.715,0.255,0.335,0.035,0.615,0.185,0.215,0.27,0.42,0.66,0.2,0.42,0.42,0.255,0.42,0.685,0.035,0.42,0.42,0.04,0.255,0.705,0.705,0.725,0.85,0.735,0.215,0.745,0.285,0.04,0.07,0.6,0.215,0.735,0.195,0.185,0.075,0.265,0.305,0.89,0.05,0.29,0.89,0.89,0.255,0.645,0.24,0.955,0.055,0.68,0.275,0.905,0.32,0.68,0.66,0.04,0.935,0.185,0.66,0.025,0.66,0.68,0.94,0.365,0.18,0.36,0.525,0.03,0.36,0.93,0.045,0.3,0.03,0.18,0.03,0.525,0.37,0.435,0.46,0.05,0.07,0.145
0.38,0.38,0.355,0.355,0.89,0.545,0.295,0.235,0.55,0.915,0.235,0.31,0.25,0.89,0.31,0.235,0.25,0.89,0.725,0.25,0.3,0.925,0.3,0.165,0.25,0.295,0.165,0.235,0.21,0.915,0.21,0.925,0.925,0.155,0.175,0.155,0.13,0.175,0.925,0.13,0.36,0.155,0.14,0.285,0.155,0.13,0.81,0.14,0.685,0.14,0.605,0.475,0.97,0.955,0.88,0.955,0.955,0.9,0.9,0.9,0.895,0.88,0.955,0.88,0.97,0.895,0.26,0.935,0.26,0.83,0.83,0.83,0.535,0.095,0.735,0.585,0.905,0.625,0.89,0.905,0.45,0.095,0.805,0.46,0.855,0.805,0.89,0.645,0.525,0.835,0.095,0.59,0.555,0.375,0.81,0.805,0.4,0.81,0.81,0.645,0.825,0.95,0.645,0.825,0.825,0.425,0.58,0.475,0.475,0.54,0.545,0.135,0.765,0.14,0.415,0.84,0.91,0.93,0.73,0.135,0.605,0.765,0.915,0.775,0.455,0.47,0.565,0.885,0.47,0.275,0.745,0.955,0.79,0.545,0.725,0.78,0.885,0.475,0.915,0.78,0.78,0.93,0.36,0.855,0.78,0.91,0.78,0.78,0.335,0.69,0.855,0.64,0.675,0.9,0.755,0.425,0.865,0.585,0.86,0.84,0.86,0.77,0.665,0.75,0.625,0.805,0.87,0.86
0.58,0.58,0.56,0.56,0.985,0.67,0.55,0.535,0.7,0.355,0.535,0.6,0.485,0.985,0.6,0.535,0.485,0.985,0.72,0.485,0.72,0.46,0.72,0.505,0.485,0.55,0.505,0.535,0.535,0.355,0.535,0.46,0.235,0.65,0.78,0.65,0.815,0.78,0.235,0.815,0.055,0.65,0.84,0.045,0.65,0.815,0.67,0.84,0.005,0.84,0.63,0.05,0.965,0.29,0.94,0.29,0.295,0.955,0.955,0.955,0.54,0.94,0.295,0.94,0.965,0.54,0.65,0.005,0.65,0.89,0.89,0.89,0.045,0.9,0.04,0.13,0.975,0.005,0.99,0.975,0.085,0.9,0.975,0.17,0.005,0.975,0.99,0.14,0.075,0.005,0.9,0.04,0.12,0.185,0.92,0.975,0.8,0.92,0.92,0.135,0.89,0.975,0.005,0.89,0.89,0.005,0.09,0.63,0.63,0.495,0.095,0.22,0.15,0.21,0.12,0.005,0.015,0.955,0.14,0.22,0.1,0.135,0.015,0.165,0.08,0.6,0.005,0.83,0.6,0.065,0.22,0.985,0.23,0.085,0.005,0.965,0.85,0.435,0.775,0.965,0.965,0.005,0.29,0.675,0.965,0.005,0.965,0.965,0.3,0.765,0.76,0.76,0.895,0.005,0.93,0.31,0.97,0.745,0.9,0.755,0.905,0.895,0.91,0.96,0.97,0.79,0.78,0.745
0.685,0.685,0.65,0.65,0.255,0.125,0.91,0.945,0.125,0.98,0.945,0.96,0.965,0.255,0.96,0.945,0.965,0.255,0.84,0.965,0.91,0.96,0.91,0.955,0.965,0.91,0.955,0.945,0.95,0.98,0.95,0.96,0.895,0.995,0.965,0.995,0.74,0.965,0.895,0.74,0.05,0.995,0.65,0.125,0.995,0.74,0.825,0.65,0.115,0.65,0.12,0.035,0.515,0.895,0.555,0.895,0.895,0.35,0.35,0.35,1.0,0.555,0.895,0.555,0.515,1.0,0.995,0.11,0.995,0.495,0.495,0.495,0.095,0.16,0.105,0.045,0.5,0.145,0.575,0.5,0.05,0.16,0.49,0.04,0.115,0.49,0.575,0.045,0.035,0.01,0.16,0.1,0.045,0.04,0.53,0.49,0.17,0.53,0.53,0.045,0.54,0.425,0.13,0.54,0.54,0.185,0.045,0.655,0.655,0.61,0.585,0.465,0.155,0.505,0.045,0.01,0.02,0.4,0.15,0.465,0.045,0.15,0.025,0.025,0.04,0.715,0.01,0.895,0.715,0.52,0.025,0.46,0.025,0.7,0.01,0.485,0.97,0.725,0.87,0.485,0.53,0.01,0.045,0.805,0.53,0.01,0.53,0.485,0.045,0.63,0.825,0.68,0.86,0.01,0.87,0.06,0.495,0.69,0.61,0.805,0.55,0.865,0.855,0.945,0.9,0.505,0.58,0.915
0.13,0.13,0.105,0.105,0.745,0.81,0.135,0.18,0.825,0.16,0.18,0.15,0.145,0.745,0.15,0.18,0.145,0.745,0.12,0.145,0.1,0.19,0.1,0.145,0.145,0.135,0.145,0.18,0.175,0.16,0.175,0.19,0.245,0.215,0.105,0.215,0.795,0.105,0.245,0.795,0.565,0.215,0.74,0.815,0.215,0.795,0.125,0.74,0.415,0.74,0.8,0.5,0.68,0.195,0.71,0.195,0.195,0.685,0.685,0.685,0.255,0.71,0.195,0.71,0.68,0.255,0.205,0.395,0.205,0.66,0.66,0.66,0.5,0.68,0.845,0.595,0.725,0.61,0.615,0.725,0.66,0.68,0.69,0.695,0.36,0.69,0.615,0.59,0.635,0.63,0.68,0.84,0.61,0.655,0.74,0.69,0.145,0.74,0.74,0.59,0.65,0.61,0.56,0.65,0.65,0.55,0.555,0.86,0.86,0.805,0.895,0.9,0.73,0.885,0.62,0.66,0.63,0.66,0.725,0.9,0.54,0.735,0.73,0.78,0.645,0.94,0.605,0.195,0.94,0.91,0.78,0.655,0.765,0.93,0.675,0.75,0.17,0.91,0.28,0.75,0.725,0.77,0.79,0.22,0.725,0.705,0.725,0.75,0.845,0.38,0.185,0.435,0.2,0.625,0.215,0.855,0.345,0.43,0.375,0.19,0.385,0.165,0.21,0.21,0.23,0.325,0.305,0.34
0.775,0.775,0.775,0.775,0.675,0.415,0.98,0.93,0.415,0.93,0.93,0.97,0.95,0.675,0.97,0.93,0.95,0.675,0.155,0.95,0.71,0.92,0.71,0.925,0.95,0.98,0.925,0.93,0.935,0.93,0.935,0.92,0.945,0.955,0.98,0.955,0.885,0.98,0.945,0.885,0.285,0.955,0.935,0.83,0.955,0.885,0.175,0.935,0.945,0.935,0.41,0.27,0.83,0.87,0.87,0.87,0.82,0.91,0.91,0.91,0.975,0.87,0.82,0.87,0.83,0.975,0.945,0.99,0.945,0.73,0.73,0.73,0.435,0.705,0.985,0.415,0.885,0.955,0.87,0.885,0.495,0.705,0.92,0.495,0.99,0.92,0.87,0.435,0.505,0.92,0.705,0.955,0.41,0.47,0.845,0.92,0.76,0.845,0.845,0.475,0.805,0.89,0.935,0.805,0.805,0.91,0.345,0.885,0.885,0.66,0.755,0.385,0.67,0.525,0.405,0.915,0.715,0.935,0.69,0.385,0.36,0.695,0.74,0.575,0.5,0.755,0.92,0.835,0.755,0.92,0.605,0.87,0.615,0.765,0.775,0.945,0.76,0.58,0.905,0.945,0.94,0.7,0.8,0.77,0.94,0.77,0.94,0.945,0.8,0.555,0.755,0.575,0.97,0.83,0.9,0.745,0.925,0.595,0.945,0.79,0.94,0.91,0.92,0.875,0.89,0.91,0.9,0.78
0.97,0.97,0.96,0.96,0.225,0.735,0.965,0.9,0.74,0.805,0.9,0.965,0.865,0.225,0.965,0.9,0.865,0.225,0.885,0.865,0.875,0.83,0.875,0.875,0.865,0.965,0.875,0.9,0.9,0.805,0.9,0.83,0.58,0.945,0.97,0.945,0.295,0.97,0.58,0.295,0.745,0.945,0.3,0.59,0.945,0.295,0.91,0.3,0.52,0.3,0.755,0.67,0.255,0.625,0.305,0.625,0.625,0.295,0.295,0.295,0.785,0.305,0.625,0.305,0.255,0.785,0.95,0.54,0.95,0.6,0.6,0.6,0.815,0.2,0.66,0.885,0.21,0.4,0.195,0.21,0.685,0.2,0.22,0.925,0.545,0.22,0.195,0.895,0.67,0.425,0.2,0.515,0.85,0.94,0.565,0.22,0.805,0.565,0.565,0.805,0.57,0.265,0.425,0.57,0.57,0.385,0.83,0.485,0.485,0.485,0.485,0.445,0.465,0.42,0.9,0.435,0.135,0.255,0.425,0.445,0.675,0.44,0.235,0.505,0.65,0.49,0.435,0.62,0.49,0.48,0.685,0.285,0.665,0.475,0.315,0.235,0.605,0.5,0.555,0.235,0.25,0.16,0.81,0.455,0.25,0.34,0.25,0.235,0.88,0.825,0.505,0.865,0.22,0.32,0.235,0.94,0.405,0.86,0.41,0.515,0.46,0.15,0.295,0.245,0.235,0.355,0.34,0.405
0.15,0.15,0.345,0.345,0.82,0.805,0.82,0.33,0.83,0.475,0.33,0.69,0.655,0.82,0.69,0.33,0.655,0.82,0.15,0.655,0.225,0.285,0.225,0.72,0.655,0.82,0.72,0.33,0.38,0.475,0.38,0.285,0.47,0.42,0.625,0.42,0.565,0.625,0.47,0.565,0.54,0.42,0.62,0.575,0.42,0.565,0.165,0.62,0.565,0.62,0.9,0.585,0.42,0.51,0.845,0.51,0.53,0.845,0.845,0.845,0.18,0.845,0.53,0.845,0.42,0.18,0.42,0.535,0.42,0.335,0.335,0.335,0.395,0.7,0.56,0.42,0.335,0.585,0.295,0.335,0.595,0.7,0.545,0.48,0.57,0.545,0.295,0.38,0.58,0.635,0.7,0.605,0.425,0.465,0.185,0.545,0.19,0.185,0.185,0.4,0.175,0.31,0.57,0.175,0.175,0.595,0.395,0.855,0.855,0.82,0.93,0.24,0.285,0.33,0.505,0.605,0.525,0.32,0.27,0.24,0.395,0.295,0.57,0.38,0.555,0.815,0.62,0.295,0.815,0.485,0.35,0.455,0.34,0.895,0.18,0.59,0.22,0.805,0.165,0.59,0.6,0.37,0.805,0.4,0.6,0.39,0.6,0.59,0.79,0.22,0.37,0.195,0.395,0.34,0.535,0.895,0.125,0.19,0.23,0.36,0.225,0.41,0.495,0.47,0.435,0.24,0.28,0.435
0.295,0.295,0.375,0.375,0.065,0.795,0.24,0.1,0.795,0.125,0.1,0.23,0.11,0.065,0.23,0.1,0.11,0.065,0.03,0.11,0.245,0.09,0.245,0.095,0.11,0.24,0.095,0.1,0.07,0.125,0.07,0.09,0.085,0.12,0.245,0.12,0.09,0.245,0.085,0.09,0.185,0.12,0.1,0.415,0.12,0.09,0.04,0.1,0.13,0.1,0.855,0.35,0.055,0.115,0.055,0.115,0.155,0.06,0.06,0.06,0.1,0.055,0.155,0.055,0.055,0.1,0.08,0.17,0.08,0.21,0.21,0.21,0.545,0.06,0.37,0.51,0.08,0.245,0.075,0.08,0.345,0.06,0.25,0.465,0.17,0.25,0.075,0.55,0.445,0.17,0.06,0.415,0.59,0.475,0.265,0.25,0.05,0.265,0.265,0.6,0.245,0.3,0.205,0.245,0.245,0.395,0.635,0.205,0.205,0.225,0.62,0.185,0.42,0.235,0.55,0.135,0.24,0.295,0.405,0.185,0.645,0.415,0.26,0.445,0.345,0.165,0.335,0.08,0.165,0.33,0.42,0.37,0.41,0.61,0.37,0.12,0.085,0.205,0.06,0.12,0.13,0.405,0.515,0.06,0.13,0.27,0.13,0.12,0.555,0.04,0.07,0.015,0.055,0.26,0.1,0.51,0.06,0.015,0.095,0.07,0.11,0.06,0.095,0.09,0.08,0.15,0.205,0.125
0.65,0.65,0.655,0.655,0.485,0.5,0.205,0.155,0.51,0.77,0.155,0.22,0.155,0.485,0.22,0.155,0.155,0.485,0.76,0.155,0.475,0.75,0.475,0.565,0.155,0.205,0.565,0.155,0.625,0.77,0.625,0.75,1.0,0.16,0.285,0.16,0.4,0.285,1.0,0.4,0.975,0.16,0.46,0.235,0.16,0.4,0.78,0.46,0.335,0.46,0.52,0.98,0.23,0.995,0.415,0.995,0.995,0.42,0.42,0.42,0.75,0.415,0.995,0.415,0.23,0.75,0.61,0.4,0.61,0.225,0.225,0.225,0.94,0.445,0.265,0.745,0.175,0.385,0.16,0.175,0.925,0.445,0.315,0.795,0.375,0.315,0.16,0.715,0.895,0.43,0.445,0.3,0.775,0.8,0.22,0.315,0.59,0.22,0.22,0.765,0.22,0.15,0.54,0.22,0.22,0.52,0.85,0.6,0.6,0.63,0.16,0.53,0.96,0.535,0.905,0.58,0.81,0.145,0.88,0.53,0.795,0.915,0.79,0.57,0.965,0.565,0.495,0.36,0.565,0.1,0.59,0.26,0.575,0.165,0.245,0.23,0.35,0.59,0.2,0.23,0.22,0.72,0.915,0.125,0.22,0.21,0.22,0.23,0.905,0.075,0.175,0.06,0.575,0.295,0.685,0.875,0.7,0.06,0.53,0.175,0.54,0.63,0.605,0.665,0.555,0.825,0.825,0.775
0.89,0.89,0.885,0.885,0.27,0.975,0.74,0.715,0.97,0.665,0.715,0.81,0.73,0.27,0.81,0.715,0.73,0.27,0.16,0.73,0.65,0.68,0.65,0.645,0.73,0.74,0.645,0.715,0.65,0.665,0.65,0.68,0.495,0.595,0.56,0.595,0.28,0.56,0.495,0.28,0.995,0.595,0.28,0.925,0.595,0.28,0.155,0.28,0.67,0.28,0.995,0.995,0.21,0.3,0.405,0.3,0.345,0.39,0.39,0.39,0.635,0.405,0.345,0.405,0.21,0.635,0.565,0.665,0.565,0.1,0.1,0.1,0.96,0.345,0.945,0.995,0.2,0.925,0.185,0.2,0.985,0.345,0.19,1.0,0.66,0.19,0.185,0.995,0.99,0.935,0.345,0.94,1.0,1.0,0.215,0.19,0.235,0.215,0.215,0.995,0.195,0.185,0.85,0.195,0.195,0.755,0.98,0.275,0.275,0.26,0.215,0.405,0.97,0.305,1.0,0.92,0.825,0.21,0.99,0.405,0.985,0.99,0.865,0.91,0.935,0.255,0.72,0.5,0.255,0.295,0.935,0.11,0.935,0.205,0.69,0.285,0.49,0.225,0.665,0.285,0.235,0.84,0.695,0.485,0.235,0.92,0.235,0.285,0.695,0.39,0.435,0.355,0.505,0.905,0.255,0.73,0.37,0.35,0.445,0.375,0.44,0.42,0.27,0.28,0.265,0.51,0.61,0.48
0.765,0.765,0.675,0.675,0.195,0.94,0.6,0.445,0.935,0.295,0.445,0.735,0.5,0.195,0.735,0.445,0.5,0.195,0.805,0.5,0.805,0.295,0.805,0.53,0.5,0.6,0.53,0.445,0.425,0.295,0.425,0.295,0.94,0.46,0.725,0.46,0.145,0.725,0.94,0.145,0.895,0.46,0.18,0.905,0.46,0.145,0.595,0.18,0.77,0.18,0.94,0.895,0.085,0.925,0.17,0.925,0.935,0.175,0.175,0.175,0.25,0.17,0.935,0.17,0.085,0.25,0.44,0.76,0.44,0.045,0.045,0.045,0.97,0.23,0.975,0.615,0.085,0.2,0.09,0.085,0.85,0.23,0.095,0.76,0.825,0.095,0.09,0.67,0.87,0.31,0.23,0.965,0.62,0.665,0.065,0.095,0.615,0.065,0.065,0.655,0.065,0.05,0.15,0.065,0.065,0.16,0.67,0.31,0.31,0.34,0.15,0.415,0.54,0.34,0.78,0.25,0.365,0.085,0.525,0.415,0.65,0.525,0.28,0.535,0.915,0.345,0.25,0.52,0.345,0.155,0.445,0.085,0.47,0.21,0.21,0.095,0.39,0.38,0.355,0.095,0.11,0.27,0.27,0.285,0.11,0.29,0.11,0.095,0.245,0.59,0.245,0.51,0.31,0.18,0.33,0.3,0.53,0.5,0.585,0.26,0.635,0.33,0.325,0.305,0.315,0.53,0.5,0.505
0.305,0.305,0.335,0.335,0.515,0.79,0.21,0.23,0.79,0.2,0.23,0.2,0.22,0.515,0.2,0.23,0.22,0.515,0.385,0.22,0.25,0.18,0.25,0.215,0.22,0.21,0.215,0.23,0.19,0.2,0.19,0.18,0.27,0.2,0.23,0.2,0.125,0.23,0.27,0.125,0.66,0.2,0.19,0.445,0.2,0.125,0.33,0.19,0.555,0.19,0.77,0.605,0.77,0.27,0.115,0.27,0.23,0.135,0.135,0.135,0.14,0.115,0.23,0.115,0.77,0.14,0.135,0.485,0.135,0.775,0.775,0.775,0.65,0.46,0.435,0.53,0.575,0.7,0.555,0.575,0.52,0.46,0.59,0.53,0.53,0.59,0.555,0.44,0.54,0.76,0.46,0.52,0.47,0.54,0.61,0.59,0.575,0.61,0.61,0.415,0.595,0.445,0.705,0.595,0.595,0.71,0.35,0.585,0.585,0.545,0.66,0.565,0.4,0.565,0.385,0.775,0.83,0.45,0.45,0.565,0.345,0.405,0.835,0.255,0.535,0.61,0.765,0.38,0.61,0.805,0.29,0.77,0.29,0.695,0.73,0.365,0.525,0.63,0.38,0.365,0.32,0.87,0.52,0.255,0.32,0.76,0.32,0.365,0.475,0.41,0.255,0.4,0.405,0.755,0.385,0.68,0.695,0.4,0.73,0.29,0.71,0.365,0.43,0.475,0.525,0.77,0.84,0.59
0.91,0.91,0.89,0.89,0.86,0.105,0.865,0.8,0.105,0.975,0.8,0.875,0.79,0.86,0.875,0.8,0.79,0.86,0.175,0.79,0.94,0.955,0.94,0.97,0.79,0.865,0.97,0.8,0.965,0.975,0.965,0.955,0.92,0.935,0.955,0.935,0.86,0.955,0.92,0.86,0.34,0.935,0.885,0.155,0.935,0.86,0.21,0.885,0.075,0.885,0.13,0.52,0.76,0.94,0.875,0.94,0.95,0.885,0.885,0.885,0.95,0.875,0.95,0.875,0.76,0.95,0.975,0.065,0.975,0.655,0.655,0.655,0.625,0.96,0.15,0.305,0.685,0.09,0.73,0.685,0.315,0.96,0.85,0.435,0.06,0.85,0.73,0.33,0.325,0.14,0.96,0.165,0.305,0.425,0.635,0.85,0.475,0.635,0.635,0.31,0.645,0.795,0.09,0.645,0.645,0.205,0.36,0.83,0.83,0.96,0.845,0.835,0.815,0.915,0.39,0.16,0.41,0.81,0.82,0.835,0.34,0.855,0.39,0.83,0.315,0.775,0.24,0.785,0.775,0.955,0.81,0.74,0.815,0.86,0.33,0.89,0.825,0.94,0.815,0.89,0.88,0.335,0.165,0.715,0.88,0.2,0.88,0.89,0.17,0.585,0.72,0.565,0.59,0.195,0.415,0.205,0.535,0.59,0.55,0.715,0.565,0.545,0.4,0.41,0.43,0.405,0.42,0.36
0.79,0.79,0.895,0.895,0.655,0.885,0.825,0.545,0.88,0.585,0.545,0.79,0.725,0.655,0.79,0.545,0.725,0.655,0.81,0.725,0.675,0.485,0.675,0.61,0.725,0.825,0.61,0.545,0.485,0.585,0.485,0.485,0.455,0.555,0.635,0.555,0.79,0.635,0.455,0.79,0.99,0.555,0.73,0.935,0.555,0.79,0.705,0.73,0.91,0.73,0.73,0.97,0.98,0.28,0.855,0.28,0.28,0.73,0.73,0.73,0.46,0.855,0.28,0.855,0.98,0.46,0.455,0.72,0.455,0.955,0.955,0.955,0.87,0.785,0.855,0.82,0.87,0.56,0.885,0.87,0.935,0.785,0.89,0.86,0.72,0.89,0.885,0.87,0.94,0.72,0.785,0.91,0.82,0.86,0.93,0.89,0.315,0.93,0.93,0.87,0.92,0.93,0.545,0.92,0.92,0.855,0.845,0.795,0.795,0.835,0.645,0.91,0.975,0.935,0.865,0.705,0.57,0.94,0.985,0.91,0.85,0.985,0.585,0.67,0.895,0.825,0.88,0.855,0.825,0.615,0.575,0.925,0.585,0.73,0.895,0.845,0.725,0.865,0.69,0.845,0.73,0.825,0.385,0.55,0.73,0.665,0.73,0.845,0.375,0.65,0.485,0.645,0.89,0.64,0.665,0.235,0.855,0.68,0.85,0.81,0.84,0.795,0.865,0.49,0.855,0.755,0.835,0.865
0.785,0.785,0.815,0.815,0.605,0.56,0.705,0.74,0.6,0.57,0.74,0.67,0.78,0.605,0.67,0.74,0.78,0.605,0.975,0.78,0.81,0.52,0.81,0.775,0.78,0.705,0.775,0.74,0.715,0.57,0.715,0.52,0.73,0.625,0.695,0.625,0.89,0.695,0.73,0.89,0.665,0.625,0.875,0.455,0.625,0.89,0.96,0.875,0.515,0.875,0.58,0.645,0.6,0.5,0.92,0.5,0.49,0.945,0.945,0.945,0.51,0.92,0.49,0.92,0.6,0.51,0.6,0.345,0.6,0.345,0.345,0.345,0.675,0.805,0.48,0.44,0.64,0.335,0.76,0.64,0.415,0.805,0.475,0.57,0.38,0.475,0.76,0.51,0.405,0.49,0.805,0.355,0.58,0.5,0.375,0.475,0.975,0.375,0.375,0.615,0.45,0.59,0.315,0.45,0.45,0.68,0.43,0.77,0.77,0.815,0.19,0.67,0.35,0.66,0.48,0.47,0.61,0.575,0.35,0.67,0.55,0.35,0.615,0.295,0.405,0.75,0.71,0.715,0.75,0.23,0.305,0.45,0.295,0.195,0.8,0.835,0.665,0.82,0.71,0.835,0.82,0.76,0.615,0.545,0.82,0.535,0.82,0.835,0.545,0.405,0.54,0.41,0.345,0.5,0.27,0.565,0.42,0.435,0.44,0.54,0.465,0.34,0.23,0.27,0.245,0.555,0.525,0.31
0.045,0.045,0.095,0.095,0.625,0.855,0.28,0.245,0.85,0.105,0.245,0.16,0.255,0.625,0.16,0.245,0.255,0.625,0.59,0.255,0.085,0.085,0.085,0.25,0.255,0.28,0.25,0.245,0.16,0.105,0.16,0.085,0.615,0.185,0.12,0.185,0.095,0.12,0.615,0.095,0.43,0.185,0.095,0.225,0.185,0.095,0.53,0.095,0.135,0.095,0.79,0.485,0.875,0.695,0.57,0.695,0.695,0.5,0.5,0.5,0.13,0.57,0.695,0.57,0.875,0.13,0.17,0.135,0.17,0.765,0.765,0.765,0.21,0.09,0.205,0.385,0.85,0.055,0.86,0.85,0.4,0.09,0.795,0.395,0.165,0.795,0.86,0.375,0.435,0.08,0.09,0.22,0.395,0.405,0.755,0.795,0.485,0.755,0.755,0.42,0.77,0.45,0.055,0.77,0.77,0.025,0.37,0.21,0.21,0.195,0.335,0.79,0.275,0.805,0.355,0.08,0.23,0.465,0.305,0.79,0.39,0.305,0.225,0.27,0.415,0.2,0.06,0.26,0.2,0.775,0.25,0.475,0.26,0.32,0.065,0.72,0.27,0.21,0.225,0.72,0.61,0.165,0.995,0.115,0.61,0.075,0.61,0.72,0.995,0.205,0.12,0.22,0.515,0.08,0.405,1.0,0.16,0.24,0.15,0.14,0.115,0.45,0.395,0.38,0.395,0.165,0.265,0.195
0.455,0.455,0.59,0.59,0.665,0.63,0.76,0.505,0.68,0.505,0.505,0.645,0.62,0.665,0.645,0.505,0.62,0.665,0.74,0.62,0.405,0.4,0.405,0.675,0.62,0.76,0.675,0.505,0.55,0.505,0.55,0.4,0.345,0.465,0.69,0.465,0.68,0.69,0.345,0.68,0.59,0.465,0.655,0.47,0.465,0.68,0.675,0.655,0.81,0.655,0.67,0.68,0.58,0.19,0.55,0.19,0.18,0.535,0.535,0.535,0.285,0.55,0.18,0.55,0.58,0.285,0.49,0.835,0.49,0.38,0.38,0.38,0.55,0.55,0.5,0.47,0.385,0.905,0.385,0.385,0.465,0.55,0.58,0.515,0.84,0.58,0.385,0.555,0.53,0.85,0.55,0.485,0.445,0.45,0.205,0.58,0.82,0.205,0.205,0.51,0.28,0.37,0.895,0.28,0.28,0.955,0.495,0.745,0.745,0.7,0.665,0.88,0.335,0.835,0.44,0.85,0.565,0.345,0.355,0.88,0.49,0.355,0.635,0.34,0.495,0.625,0.93,0.765,0.625,0.84,0.355,0.62,0.345,0.71,0.745,0.575,0.74,0.55,0.685,0.575,0.625,0.295,0.665,0.97,0.625,0.765,0.625,0.575,0.65,0.93,0.995,0.965,0.925,0.765,0.965,0.675,0.915,0.96,0.92,0.995,0.95,0.96,0.965,0.91,0.92,0.93,0.925,0.975
0.575,0.575,0.57,0.57,0.57,0.385,0.11,0.115,0.445,0.39,0.115,0.235,0.08,0.57,0.235,0.115,0.08,0.57,0.93,0.08,0.33,0.47,0.33,0.06,0.08,0.11,0.06,0.115,0.1,0.39,0.1,0.47,0.44,0.09,0.115,0.09,0.905,0.115,0.44,0.905,0.165,0.09,0.98,0.055,0.09,0.905,0.97,0.98,0.18,0.98,0.15,0.155,0.82,0.73,0.905,0.73,0.755,0.96,0.96,0.96,0.355,0.905,0.755,0.905,0.82,0.355,0.085,0.16,0.085,0.725,0.725,0.725,0.205,0.565,0.06,0.66,0.995,0.08,0.97,0.995,0.555,0.565,0.88,0.475,0.145,0.88,0.97,0.565,0.485,0.11,0.565,0.045,0.625,0.51,0.995,0.88,0.635,0.995,0.995,0.565,0.99,0.985,0.07,0.99,0.99,0.06,0.54,0.25,0.25,0.235,0.13,0.065,0.27,0.07,0.455,0.095,0.06,0.99,0.34,0.065,0.505,0.335,0.06,0.3,0.475,0.135,0.09,0.98,0.135,0.11,0.39,0.805,0.38,0.115,0.07,1.0,0.985,0.135,0.97,1.0,0.995,0.03,0.09,0.795,0.995,0.11,0.995,1.0,0.095,0.735,0.845,0.78,0.885,0.085,0.88,0.12,0.91,0.785,0.955,0.89,0.955,0.845,0.925,0.86,0.88,0.09,0.08,0.095
0.155,0.155,0.17,0.17,0.035,0.645,0.025,0.08,0.72,0.615,0.08,0.025,0.09,0.035,0.025,0.08,0.09,0.035,0.015,0.09,0.09,0.61,0.09,0.09,0.09,0.025,0.09,0.08,0.08,0.615,0.08,0.61,0.885,0.08,0.055,0.08,0.025,0.055,0.885,0.025,0.15,0.08,0.03,0.495,0.08,0.025,0.015,0.03,0.485,0.03,0.515,0.07,0.22,0.93,0.03,0.93,0.92,0.035,0.035,0.035,0.555,0.03,0.92,0.03,0.22,0.555,0.06,0.375,0.06,0.175,0.175,0.175,0.15,0.065,0.445,0.21,0.25,0.175,0.245,0.25,0.125,0.065,0.3,0.125,0.49,0.3,0.245,0.215,0.115,0.405,0.065,0.435,0.21,0.13,0.19,0.3,0.06,0.19,0.19,0.19,0.19,0.29,0.18,0.19,0.19,0.135,0.145,0.005,0.005,0.005,0.03,0.015,0.085,0.015,0.105,0.42,0.16,0.315,0.12,0.015,0.135,0.125,0.155,0.09,0.11,0.005,0.185,0.115,0.005,0.02,0.135,0.235,0.15,0.025,0.225,0.325,0.075,0.005,0.07,0.325,0.265,0.195,0.22,0.05,0.265,0.295,0.265,0.325,0.215,0.005,0.06,0.005,0.105,0.265,0.155,0.22,0.08,0.005,0.145,0.065,0.1,0.1,0.165,0.165,0.165,0.13,0.12,0.055
0.075,0.075,0.06,0.06,0.6,0.315,0.035,0.03,0.33,0.035,0.03,0.06,0.035,0.6,0.06,0.03,0.035,0.6,0.545,0.035,0.11,0.045,0.11,0.045,0.035,0.035,0.045,0.03,0.04,0.035,0.04,0.045,0.025,0.055,0.085,0.055,0.41,0.085,0.025,0.41,0.31,0.055,0.38,0.79,0.055,0.41,0.575,0.38,0.755,0.38,0.29,0.16,0.295,0.015,0.25,0.015,0.015,0.255,0.255,0.255,0.065,0.25,0.015,0.25,0.295,0.065,0.05,0.715,0.05,0.17,0.17,0.17,0.67,0.78,0.96,0.36,0.18,0.72,0.175,0.18,0.38,0.78,0.37,0.325,0.715,0.37,0.175,0.425,0.305,0.765,0.78,0.925,0.36,0.35,0.085,0.37,0.68,0.085,0.085,0.405,0.09,0.2,0.74,0.09,0.09,0.835,0.605,0.785,0.785,0.81,0.89,0.655,0.51,0.665,0.5,0.78,0.39,0.2,0.51,0.655,0.6,0.51,0.445,0.5,0.435,0.73,0.845,0.585,0.73,0.795,0.47,0.27,0.46,0.9,0.785,0.315,0.575,0.78,0.525,0.315,0.345,0.385,0.5,0.295,0.345,0.66,0.345,0.315,0.41,0.44,0.39,0.56,0.595,0.705,0.63,0.635,0.255,0.49,0.425,0.385,0.38,0.645,0.635,0.565,0.505,0.28,0.285,0.7
0.065,0.065,0.045,0.045,1.0,0.78,0.145,0.175,0.765,0.095,0.175,0.13,0.165,1.0,0.13,0.175,0.165,1.0,0.54,0.165,0.025,0.14,0.025,0.16,0.165,0.145,0.16,0.175,0.165,0.095,0.165,0.14,0.24,0.105,0.06,0.105,0.805,0.06,0.24,0.805,0.595,0.105,0.745,0.92,0.105,0.805,0.45,0.745,0.325,0.745,0.795,0.59,0.99,0.295,0.995,0.295,0.29,1.0,1.0,1.0,0.175,0.995,0.29,0.995,0.99,0.175,0.12,0.43,0.12,0.995,0.995,0.995,0.475,0.515,0.94,0.765,0.985,0.135,0.975,0.985,0.73,0.515,1.0,0.685,0.51,1.0,0.975,0.77,0.755,0.325,0.515,0.915,0.765,0.735,0.955,1.0,0.345,0.955,0.955,0.745,0.96,0.885,0.145,0.96,0.96,0.21,0.725,0.58,0.58,0.575,0.63,0.61,0.525,0.65,0.625,0.385,0.105,0.9,0.545,0.61,0.725,0.54,0.14,0.59,0.735,0.605,0.22,0.455,0.605,0.75,0.66,0.89,0.655,0.645,0.27,0.975,0.34,0.615,0.325,0.975,0.97,0.085,0.51,0.395,0.97,0.375,0.97,0.975,0.515,0.295,0.33,0.3,0.335,0.395,0.28,0.505,0.14,0.29,0.12,0.3,0.14,0.35,0.305,0.3,0.285,0.295,0.195,0.375
0.895,0.895,0.845,0.845,0.415,0.9,0.775,0.73,0.87,0.89,0.73,0.77,0.67,0.415,0.77,0.73,0.67,0.415,0.2,0.67,0.83,0.87,0.83,0.805,0.67,0.775,0.805,0.73,0.85,0.89,0.85,0.87,0.81,0.705,0.785,0.705,0.44,0.785,0.81,0.44,0.345,0.705,0.455,0.745,0.705,0.44,0.19,0.455,0.6,0.455,0.865,0.275,0.3,0.765,0.43,0.765,0.805,0.45,0.45,0.45,0.815,0.43,0.805,0.43,0.3,0.815,0.85,0.385,0.85,0.29,0.29,0.29,0.26,0.495,0.625,0.18,0.305,0.58,0.32,0.305,0.175,0.495,0.34,0.165,0.425,0.34,0.32,0.175,0.175,0.54,0.495,0.7,0.165,0.155,0.175,0.34,0.32,0.175,0.175,0.17,0.18,0.345,0.595,0.18,0.18,0.515,0.2,0.43,0.43,0.43,0.285,0.505,0.09,0.57,0.185,0.53,0.31,0.34,0.095,0.505,0.19,0.1,0.29,0.095,0.2,0.39,0.555,0.27,0.39,0.37,0.095,0.305,0.095,0.25,0.585,0.39,0.265,0.375,0.35,0.39,0.35,0.36,0.415,0.445,0.35,0.55,0.35,0.39,0.4,0.305,0.48,0.35,0.32,0.55,0.3,0.475,0.485,0.34,0.715,0.455,0.715,0.315,0.28,0.24,0.24,0.72,0.745,0.425
0.55,0.55,0.67,0.67,0.79,0.845,0.675,0.305,0.775,0.42,0.305,0.58,0.29,0.79,0.58,0.305,0.29,0.79,0.73,0.29,0.555,0.345,0.555,0.255,0.29,0.675,0.255,0.305,0.27,0.42,0.27,0.345,0.89,0.365,0.57,0.365,0.83,0.57,0.89,0.83,0.795,0.365,0.835,0.315,0.365,0.83,0.755,0.835,0.845,0.835,0.66,0.84,0.56,0.905,0.83,0.905,0.905,0.84,0.84,0.84,0.225,0.83,0.905,0.83,0.56,0.225,0.285,0.83,0.285,0.58,0.58,0.58,0.78,0.86,0.32,0.67,0.56,0.33,0.53,0.56,0.89,0.86,0.695,0.8,0.845,0.695,0.53,0.69,0.905,0.485,0.86,0.335,0.67,0.79,0.64,0.695,0.55,0.64,0.64,0.69,0.62,0.54,0.33,0.62,0.62,0.225,0.65,0.78,0.78,0.78,0.25,0.43,0.635,0.4,0.735,0.515,0.75,0.54,0.625,0.43,0.665,0.62,0.625,0.63,0.85,0.78,0.41,0.125,0.78,0.145,0.62,0.63,0.595,0.285,0.395,0.71,0.13,0.75,0.1,0.71,0.67,0.715,0.82,0.09,0.67,0.48,0.67,0.71,0.835,0.135,0.105,0.135,0.195,0.52,0.295,0.865,0.28,0.135,0.415,0.1,0.415,0.21,0.275,0.295,0.29,0.435,0.465,0.33
0.705,0.705,0.72,0.72,0.245,0.395,0.615,0.85,0.42,0.73,0.85,0.615,0.815,0.245,0.615,0.85,0.815,0.245,0.92,0.815,0.61,0.795,0.61,0.84,0.815,0.615,0.84,0.85,0.815,0.73,0.815,0.795,0.4,0.88,0.67,0.88,0.77,0.67,0.4,0.77,0.555,0.88,0.725,0.61,0.88,0.77,0.845,0.725,0.055,0.725,0.455,0.58,0.29,0.46,0.675,0.46,0.46,0.625,0.625,0.625,0.735,0.675,0.46,0.675,0.29,0.735,0.745,0.035,0.745,0.22,0.22,0.22,0.43,0.315,0.655,0.56,0.46,0.025,0.515,0.46,0.22,0.315,0.375,0.25,0.045,0.375,0.515,0.515,0.275,0.04,0.315,0.665,0.545,0.19,0.195,0.375,0.69,0.195,0.195,0.515,0.235,0.46,0.025,0.235,0.235,0.055,0.56,0.675,0.675,0.825,0.825,0.315,0.365,0.345,0.165,0.035,0.235,0.57,0.325,0.315,0.56,0.325,0.19,0.415,0.225,0.91,0.085,0.875,0.91,0.74,0.415,0.35,0.39,0.95,0.08,0.605,0.86,0.92,0.875,0.605,0.675,0.235,0.33,0.885,0.675,0.065,0.675,0.605,0.325,0.935,0.885,0.95,0.655,0.075,0.66,0.255,0.87,0.9,0.735,0.98,0.76,0.695,0.61,0.61,0.6,0.95,0.905,0.875
0.06,0.06,0.05,0.05,0.72,0.865,0.07,0.09,0.865,0.05,0.09,0.07,0.045,0.72,0.07,0.09,0.045,0.72,0.935,0.045,0.055,0.06,0.055,0.03,0.045,0.07,0.03,0.09,0.045,0.05,0.045,0.06,0.05,0.045,0.045,0.045,0.895,0.045,0.05,0.895,0.64,0.045,0.855,0.095,0.045,0.895,0.885,0.855,0.085,0.855,0.805,0.65,0.415,0.11,0.68,0.11,0.125,0.665,0.665,0.665,0.055,0.68,0.125,0.68,0.415,0.055,0.045,0.07,0.045,0.67,0.67,0.67,0.63,0.75,0.05,0.875,0.425,0.21,0.46,0.425,0.745,0.75,0.575,0.92,0.05,0.575,0.46,0.905,0.75,0.345,0.75,0.06,0.885,0.91,0.69,0.575,0.825,0.69,0.69,0.905,0.735,0.53,0.265,0.735,0.735,0.49,0.925,0.89,0.89,0.745,0.7,0.44,0.675,0.72,0.93,0.315,0.665,0.53,0.655,0.44,0.89,0.64,0.63,0.765,0.705,0.905,0.635,0.61,0.905,0.5,0.825,0.435,0.855,0.79,0.705,0.6,0.6,0.715,0.805,0.6,0.695,0.735,0.985,0.775,0.695,0.35,0.695,0.6,0.99,0.685,0.615,0.595,0.765,0.44,0.77,0.965,0.72,0.645,0.63,0.565,0.705,0.82,0.76,0.715,0.635,0.905,0.89,0.815
0.01,0.01,0.01,0.01,0.26,0.13,0.005,0.225,0.14,0.14,0.225,0.005,0.2,0.26,0.005,0.225,0.2,0.26,0.485,0.2,0.005,0.12,0.005,0.185,0.2,0.005,0.185,0.225,0.225,0.14,0.225,0.12,0.98,0.19,0.005,0.19,0.31,0.005,0.98,0.31,0.23,0.19,0.29,0.795,0.19,0.31,0.4,0.29,0.25,0.29,0.1,0.215,0.66,0.98,0.325,0.98,0.98,0.305,0.305,0.305,0.135,0.325,0.98,0.325,0.66,0.135,0.14,0.39,0.14,0.39,0.39,0.39,0.24,0.25,0.87,0.375,0.53,0.495,0.525,0.53,0.32,0.25,0.215,0.32,0.385,0.215,0.525,0.365,0.33,0.4,0.25,0.845,0.37,0.315,0.38,0.215,0.42,0.38,0.38,0.37,0.41,0.175,0.47,0.41,0.41,0.305,0.515,0.59,0.59,0.675,0.55,0.57,0.605,0.58,0.425,0.37,0.35,0.18,0.6,0.57,0.48,0.57,0.355,0.745,0.4,0.68,0.44,0.13,0.68,0.515,0.705,0.195,0.675,0.64,0.23,0.225,0.105,0.73,0.265,0.225,0.21,0.42,0.855,0.135,0.21,0.235,0.21,0.225,0.805,0.225,0.095,0.18,0.03,0.19,0.03,0.765,0.155,0.18,0.025,0.12,0.025,0.035,0.035,0.025,0.025,0.095,0.075,0.06
0.35,0.35,0.27,0.27,0.575,0.45,0.355,0.285,0.395,0.21,0.285,0.33,0.36,0.575,0.33,0.285,0.36,0.575,0.815,0.36,0.325,0.235,0.325,0.31,0.36,0.355,0.31,0.285,0.275,0.21,0.275,0.235,0.36,0.485,0.48,0.485,0.605,0.48,0.36,0.605,0.56,0.485,0.595,0.39,0.485,0.605,0.79,0.595,0.42,0.595,0.485,0.415,0.28,0.36,0.7,0.36,0.385,0.71,0.71,0.71,0.19,0.7,0.385,0.7,0.28,0.19,0.395,0.645,0.395,0.47,0.47,0.47,0.645,0.645,0.415,0.43,0.37,0.66,0.33,0.37,0.54,0.645,0.5,0.45,0.63,0.5,0.33,0.42,0.545,0.685,0.645,0.37,0.4,0.485,0.35,0.5,0.745,0.35,0.35,0.395,0.345,0.35,0.685,0.345,0.345,0.575,0.4,0.865,0.865,0.665,0.355,0.69,0.68,0.47,0.485,0.69,0.915,0.375,0.7,0.69,0.375,0.71,0.925,0.645,0.585,0.765,0.465,0.285,0.765,0.235,0.755,0.41,0.735,0.325,0.74,0.535,0.24,0.625,0.215,0.535,0.545,0.9,0.235,0.31,0.545,0.73,0.545,0.535,0.255,0.215,0.305,0.185,0.39,0.74,0.465,0.355,0.39,0.195,0.51,0.39,0.595,0.355,0.475,0.485,0.365,0.65,0.505,0.585
0.095,0.095,0.08,0.08,0.435,0.035,0.35,0.27,0.035,0.215,0.27,0.345,0.305,0.435,0.345,0.27,0.305,0.435,0.65,0.305,0.17,0.175,0.17,0.26,0.305,0.35,0.26,0.27,0.24,0.215,0.24,0.175,0.52,0.39,0.645,0.39,0.64,0.645,0.52,0.64,0.575,0.39,0.575,0.185,0.39,0.64,0.535,0.575,0.32,0.575,0.035,0.595,0.945,0.45,0.365,0.45,0.465,0.325,0.325,0.325,0.275,0.365,0.465,0.365,0.945,0.275,0.325,0.355,0.325,0.91,0.91,0.91,0.35,0.505,0.16,0.845,0.91,0.49,0.915,0.91,0.3,0.505,0.97,0.915,0.31,0.97,0.915,0.86,0.3,0.465,0.505,0.175,0.87,0.9,0.935,0.97,0.63,0.935,0.935,0.885,0.925,0.835,0.58,0.925,0.925,0.605,0.89,0.735,0.735,0.615,0.41,0.8,0.76,0.78,0.925,0.625,0.675,0.86,0.66,0.8,0.92,0.68,0.685,0.855,0.29,0.86,0.645,0.505,0.86,0.76,0.87,0.865,0.87,0.445,0.495,0.925,0.52,0.735,0.615,0.925,0.925,0.795,0.63,0.39,0.925,0.405,0.925,0.925,0.62,0.355,0.42,0.32,0.01,0.525,0.01,0.72,0.005,0.325,0.005,0.405,0.005,0.01,0.01,0.01,0.01,0.01,0.01,0.01
0.175,0.175,0.14,0.14,0.07,0.73,0.165,0.265,0.81,0.24,0.265,0.19,0.175,0.07,0.19,0.265,0.175,0.07,0.075,0.175,0.28,0.275,0.28,0.17,0.175,0.165,0.17,0.265,0.145,0.24,0.145,0.275,0.115,0.24,0.205,0.24,0.055,0.205,0.115,0.055,0.085,0.24,0.09,0.6,0.24,0.055,0.08,0.09,0.68,0.09,0.89,0.1,0.675,0.08,0.06,0.08,0.075,0.095,0.095,0.095,0.245,0.06,0.075,0.06,0.675,0.245,0.215,0.57,0.215,0.87,0.87,0.87,0.11,0.075,0.43,0.085,0.72,0.27,0.7,0.72,0.105,0.075,0.24,0.08,0.68,0.24,0.7,0.075,0.105,0.195,0.075,0.58,0.085,0.095,0.84,0.24,0.095,0.84,0.84,0.08,0.85,0.055,0.275,0.85,0.85,0.295,0.105,0.04,0.04,0.045,0.045,0.03,0.175,0.035,0.145,0.2,0.265,0.05,0.16,0.03,0.11,0.16,0.2,0.23,0.14,0.04,0.305,0.66,0.04,0.04,0.215,0.065,0.225,0.045,0.195,0.185,0.625,0.035,0.705,0.185,0.18,0.315,0.19,0.625,0.18,0.245,0.18,0.185,0.205,0.625,0.605,0.615,0.825,0.205,0.86,0.18,0.705,0.605,0.78,0.69,0.805,0.805,0.83,0.79,0.81,0.955,0.93,0.9
0.235,0.235,0.265,0.265,0.13,0.445,0.335,0.87,0.435,0.755,0.87,0.3,0.945,0.13,0.3,0.87,0.945,0.13,0.53,0.945,0.455,0.665,0.455,0.935,0.945,0.335,0.935,0.87,0.83,0.755,0.83,0.665,0.975,0.85,0.335,0.85,0.2,0.335,0.975,0.2,0.405,0.85,0.12,0.005,0.85,0.2,0.475,0.12,0.02,0.12,0.525,0.47,0.06,0.705,0.24,0.705,0.71,0.185,0.185,0.185,0.665,0.24,0.71,0.24,0.06,0.665,0.755,0.025,0.755,0.08,0.08,0.08,0.42,0.135,0.005,0.485,0.1,0.06,0.135,0.1,0.455,0.135,0.065,0.525,0.025,0.065,0.135,0.485,0.465,0.075,0.135,0.005,0.53,0.515,0.1,0.065,0.47,0.1,0.1,0.49,0.085,0.125,0.06,0.085,0.085,0.07,0.455,0.075,0.075,0.075,0.23,0.07,0.445,0.065,0.52,0.07,0.125,0.075,0.505,0.07,0.495,0.45,0.13,0.51,0.44,0.09,0.08,0.55,0.09,0.215,0.55,0.07,0.545,0.295,0.09,0.065,0.535,0.065,0.745,0.065,0.095,0.11,0.62,0.42,0.095,0.1,0.095,0.065,0.63,0.325,0.325,0.335,0.6,0.095,0.34,0.61,0.44,0.355,0.615,0.33,0.56,0.705,0.35,0.37,0.355,0.61,0.585,0.495
0.675,0.675,0.735,0.735,0.805,0.955,0.64,0.6,0.95,0.4,0.6,0.685,0.555,0.805,0.685,0.6,0.555,0.805,0.95,0.555,0.82,0.475,0.82,0.55,0.555,0.64,0.55,0.6,0.595,0.4,0.595,0.475,0.835,0.615,0.73,0.615,0.495,0.73,0.835,0.495,0.315,0.615,0.5,0.665,0.615,0.495,0.965,0.5,0.065,0.5,0.98,0.31,0.645,0.72,0.655,0.72,0.77,0.575,0.575,0.575,0.465,0.655,0.77,0.655,0.645,0.465,0.515,0.05,0.515,0.485,0.485,0.485,0.31,0.59,0.46,0.26,0.45,0.12,0.51,0.45,0.27,0.59,0.68,0.19,0.065,0.68,0.51,0.2,0.27,0.155,0.59,0.48,0.26,0.25,0.335,0.68,0.685,0.335,0.335,0.21,0.39,0.575,0.11,0.39,0.39,0.155,0.225,0.495,0.495,0.47,0.67,0.955,0.305,0.94,0.195,0.19,0.32,0.525,0.31,0.955,0.235,0.315,0.265,0.185,0.18,0.59,0.19,0.205,0.59,0.935,0.18,0.605,0.205,0.775,0.215,0.475,0.235,0.585,0.3,0.475,0.655,0.26,0.865,0.16,0.655,0.18,0.655,0.475,0.915,0.375,0.115,0.345,0.49,0.225,0.25,0.95,0.235,0.315,0.24,0.075,0.235,0.485,0.29,0.35,0.37,0.32,0.395,0.305
0.34,0.34,0.31,0.31,0.015,0.4,0.26,0.19,0.4,0.28,0.19,0.315,0.15,0.015,0.315,0.19,0.15,0.015,0.475,0.15,0.19,0.33,0.19,0.125,0.15,0.26,0.125,0.19,0.155,0.28,0.155,0.33,0.95,0.14,0.24,0.14,0.015,0.24,0.95,0.015,0.545,0.14,0.015,0.915,0.14,0.015,0.43,0.015,0.855,0.015,0.375,0.535,0.015,0.9,0.015,0.9,0.89,0.015,0.015,0.015,0.455,0.015,0.89,0.015,0.015,0.455,0.1,0.84,0.1,0.04,0.04,0.04,0.53,0.02,0.885,0.785,0.015,1.0,0.015,0.015,0.37,0.02,0.015,0.425,0.815,0.015,0.015,0.765,0.395,0.995,0.02,0.935,0.79,0.43,0.06,0.015,0.34,0.06,0.06,0.785,0.055,0.015,1.0,0.055,0.055,1.0,0.82,0.01,0.01,0.01,0.025,0.02,0.36,0.02,0.43,0.995,0.745,0.015,0.475,0.02,0.81,0.48,0.735,0.49,0.41,0.01,0.9,0.085,0.01,0.025,0.48,0.02,0.475,0.03,0.505,0.01,0.05,0.01,0.085,0.01,0.01,0.605,0.35,0.03,0.01,0.63,0.01,0.01,0.36,0.01,0.035,0.035,0.12,0.61,0.14,0.33,0.12,0.04,0.115,0.05,0.13,0.12,0.125,0.145,0.135,0.185,0.175,0.18
0.6,0.6,0.505,0.505,0.765,0.255,0.67,0.675,0.23,0.695,0.675,0.74,0.68,0.765,0.74,0.675,0.68,0.765,0.995,0.68,0.585,0.675,0.585,0.82,0.68,0.67,0.82,0.675,0.78,0.695,0.78,0.675,0.82,0.61,0.62,0.61,0.625,0.62,0.82,0.625,0.705,0.61,0.635,0.91,0.61,0.625,0.98,0.635,0.775,0.635,0.34,0.725,0.47,0.82,0.475,0.82,0.81,0.43,0.43,0.43,0.8,0.475,0.81,0.475,0.47,0.8,0.895,0.805,0.895,0.605,0.605,0.605,0.685,0.865,0.89,0.5,0.33,0.97,0.325,0.33,0.74,0.865,0.655,0.64,0.8,0.655,0.325,0.495,0.74,0.965,0.865,0.88,0.5,0.7,0.545,0.655,1.0,0.545,0.545,0.5,0.53,0.375,0.965,0.53,0.53,0.95,0.44,0.695,0.695,0.74,0.54,0.635,0.265,0.63,0.515,0.97,0.905,0.39,0.24,0.635,0.425,0.23,0.905,0.28,0.665,0.705,0.97,0.42,0.705,0.88,0.525,0.55,0.465,0.55,0.955,0.37,0.425,0.785,0.46,0.37,0.39,0.845,0.185,0.78,0.39,0.97,0.39,0.37,0.185,0.98,0.8,0.98,0.62,0.965,0.735,0.215,0.905,0.975,0.915,0.77,0.915,0.475,0.625,0.74,0.61,0.915,0.895,0.935
0.565,0.565,0.61,0.61,0.96,0.175,0.555,0.86,0.265,0.765,0.86,0.485,0.905,0.96,0.485,0.86,0.905,0.96,0.555,0.905,0.58,0.655,0.58,0.865,0.905,0.555,0.865,0.86,0.88,0.765,0.88,0.655,0.31,0.92,0.605,0.92,0.515,0.605,0.31,0.515,0.475,0.92,0.675,0.625,0.92,0.515,0.425,0.675,0.69,0.675,0.295,0.455,0.91,0.38,0.715,0.38,0.35,0.86,0.86,0.86,0.675,0.715,0.35,0.715,0.91,0.675,0.88,0.755,0.88,0.745,0.745,0.745,0.39,0.835,0.61,0.275,0.705,0.815,0.655,0.705,0.445,0.835,0.9,0.4,0.745,0.9,0.655,0.39,0.46,0.885,0.835,0.64,0.265,0.325,0.52,0.9,0.36,0.52,0.52,0.35,0.505,0.615,0.825,0.505,0.505,0.75,0.3,0.645,0.645,0.72,0.995,0.97,0.99,0.945,0.295,0.91,0.925,0.615,0.965,0.97,0.3,0.955,0.92,0.455,0.445,0.52,0.815,0.95,0.52,1.0,0.44,0.9,0.485,0.975,0.9,0.86,0.9,0.61,0.99,0.86,0.76,0.935,0.905,0.815,0.76,0.905,0.76,0.86,0.89,0.71,0.725,0.7,0.725,0.92,0.67,0.84,0.945,0.705,0.545,0.92,0.52,0.745,0.65,0.645,0.58,0.455,0.535,0.945
0.99,0.99,0.98,0.98,0.085,0.72,0.96,0.955,0.69,0.675,0.955,0.955,0.96,0.085,0.955,0.955,0.96,0.085,0.065,0.96,0.99,0.7,0.99,0.93,0.96,0.96,0.93,0.955,0.875,0.675,0.875,0.7,0.34,0.875,0.83,0.875,0.085,0.83,0.34,0.085,0.715,0.875,0.065,0.24,0.875,0.085,0.065,0.065,0.375,0.065,0.74,0.73,0.04,0.33,0.13,0.33,0.33,0.115,0.115,0.115,0.775,0.13,0.33,0.13,0.04,0.775,0.91,0.55,0.91,0.035,0.035,0.035,0.715,0.08,0.33,0.62,0.035,0.59,0.04,0.035,0.725,0.08,0.04,0.68,0.565,0.04,0.04,0.635,0.73,0.655,0.08,0.28,0.76,0.67,0.04,0.04,0.065,0.04,0.04,0.76,0.045,0.075,0.6,0.045,0.045,0.57,0.615,0.155,0.155,0.2,0.565,0.21,0.555,0.2,0.655,0.64,0.845,0.055,0.535,0.21,0.755,0.56,0.83,0.555,0.715,0.24,0.66,0.56,0.24,0.51,0.64,0.055,0.635,0.53,0.655,0.08,0.37,0.305,0.565,0.08,0.065,0.855,0.825,0.17,0.065,0.82,0.065,0.08,0.86,0.08,0.155,0.055,0.735,0.84,0.61,0.75,0.295,0.055,0.25,0.16,0.245,0.58,0.745,0.46,0.65,0.3,0.22,0.41
0.12,0.12,0.115,0.115,0.44,0.53,0.12,0.495,0.545,0.5,0.495,0.11,0.45,0.44,0.11,0.495,0.45,0.44,0.145,0.45,0.135,0.525,0.135,0.425,0.45,0.12,0.425,0.495,0.475,0.5,0.475,0.525,0.35,0.445,0.14,0.445,0.35,0.14,0.35,0.35,0.225,0.445,0.41,0.945,0.445,0.35,0.14,0.41,0.975,0.41,0.62,0.22,0.19,0.415,0.34,0.415,0.34,0.38,0.38,0.38,0.41,0.34,0.34,0.34,0.19,0.41,0.4,0.985,0.4,0.365,0.365,0.365,0.09,0.43,0.91,0.235,0.28,0.99,0.275,0.28,0.23,0.43,0.175,0.24,0.98,0.175,0.275,0.24,0.225,1.0,0.43,0.895,0.25,0.255,0.33,0.175,0.23,0.33,0.33,0.265,0.335,0.48,0.98,0.335,0.335,0.96,0.21,0.68,0.68,0.68,0.835,0.76,0.185,0.6,0.18,1.0,0.395,0.485,0.2,0.76,0.22,0.195,0.375,0.25,0.17,0.805,0.955,0.39,0.805,0.725,0.265,0.24,0.27,0.68,0.98,0.685,0.45,0.76,0.435,0.685,0.435,0.22,0.4,0.27,0.435,0.98,0.435,0.685,0.39,0.065,0.25,0.155,0.21,0.975,0.19,0.36,0.315,0.14,0.19,0.255,0.275,0.18,0.195,0.18,0.185,0.465,0.32,0.44
0.345,0.345,0.445,0.445,0.93,0.37,0.48,0.375,0.375,0.49,0.375,0.415,0.41,0.93,0.415,0.375,0.41,0.93,0.835,0.41,0.26,0.5,0.26,0.29,0.41,0.48,0.29,0.375,0.42,0.49,0.42,0.5,0.275,0.29,0.43,0.29,0.855,0.43,0.275,0.855,0.03,0.29,0.77,0.025,0.29,0.855,0.855,0.77,0.01,0.77,0.355,0.03,0.795,0.225,0.65,0.225,0.205,0.69,0.69,0.69,0.43,0.65,0.205,0.65,0.795,0.43,0.245,0.01,0.245,0.75,0.75,0.75,0.03,0.89,0.03,0.03,0.51,0.04,0.57,0.51,0.03,0.89,0.8,0.03,0.015,0.8,0.57,0.03,0.03,0.045,0.89,0.03,0.035,0.03,0.395,0.8,0.9,0.395,0.395,0.03,0.36,0.6,0.04,0.36,0.36,0.03,0.03,0.915,0.915,0.915,0.635,0.96,0.06,0.98,0.03,0.045,0.01,0.62,0.065,0.96,0.035,0.065,0.01,0.045,0.03,0.95,0.04,0.51,0.95,0.535,0.05,0.8,0.055,0.57,0.035,0.695,0.505,0.925,0.54,0.695,0.69,0.025,0.305,1.0,0.69,0.05,0.69,0.695,0.27,0.975,1.0,0.97,0.64,0.035,0.73,0.16,0.51,0.98,0.535,1.0,0.555,0.665,0.67,0.695,0.63,0.625,0.55,0.85
0.185,0.185,0.185,0.185,0.645,0.345,0.275,0.415,0.345,0.255,0.415,0.305,0.425,0.645,0.305,0.415,0.425,0.645,0.765,0.425,0.285,0.26,0.285,0.345,0.425,0.275,0.345,0.415,0.375,0.255,0.375,0.26,0.305,0.58,0.37,0.58,0.845,0.37,0.305,0.845,0.515,0.58,0.895,0.05,0.58,0.845,0.73,0.895,0.05,0.895,0.32,0.615,0.335,0.305,0.81,0.305,0.3,0.875,0.875,0.875,0.395,0.81,0.3,0.81,0.335,0.395,0.495,0.075,0.495,0.56,0.56,0.56,0.46,0.77,0.055,0.37,0.535,0.15,0.425,0.535,0.48,0.77,0.52,0.485,0.095,0.52,0.425,0.245,0.495,0.215,0.77,0.055,0.35,0.455,0.65,0.52,0.88,0.65,0.65,0.205,0.585,0.52,0.255,0.585,0.585,0.1,0.305,0.26,0.26,0.27,0.01,0.095,0.075,0.105,0.345,0.28,0.05,0.65,0.09,0.095,0.29,0.095,0.085,0.215,0.335,0.275,0.145,0.63,0.275,0.015,0.115,0.565,0.115,0.015,0.165,0.63,0.59,0.265,0.535,0.63,0.525,0.075,0.025,0.89,0.525,0.24,0.525,0.63,0.025,0.855,0.865,0.845,0.645,0.24,0.725,0.02,0.76,0.81,0.625,0.865,0.605,0.725,0.71,0.67,0.67,0.29,0.255,0.49
0.69,0.69,0.74,0.74,0.81,0.485,0.475,0.42,0.515,0.735,0.42,0.545,0.235,0.81,0.545,0.42,0.235,0.81,0.695,0.235,0.79,0.76,0.79,0.38,0.235,0.475,0.38,0.42,0.555,0.735,0.555,0.76,0.63,0.35,0.58,0.35,0.59,0.58,0.63,0.59,0.645,0.35,0.69,0.995,0.35,0.59,0.695,0.69,0.95,0.69,0.765,0.62,0.49,0.59,0.765,0.59,0.61,0.85,0.85,0.85,0.875,0.765,0.61,0.765,0.49,0.875,0.58,0.94,0.58,0.305,0.305,0.305,0.62,0.72,0.99,0.395,0.71,0.935,0.64,0.71,0.43,0.72,0.585,0.445,0.895,0.585,0.64,0.47,0.48,0.79,0.72,0.995,0.405,0.435,0.585,0.585,0.845,0.585,0.585,0.505,0.695,0.72,0.89,0.695,0.695,0.98,0.475,0.195,0.195,0.23,0.35,0.165,0.26,0.185,0.42,0.805,0.87,0.77,0.275,0.165,0.46,0.27,0.88,0.285,0.515,0.36,0.73,0.685,0.36,0.375,0.3,0.49,0.3,0.34,0.765,0.815,0.705,0.385,0.72,0.815,0.81,0.865,0.14,0.505,0.81,0.795,0.81,0.815,0.15,0.475,0.645,0.555,0.615,0.81,0.43,0.19,0.55,0.495,0.64,0.585,0.6,0.6,0.53,0.53,0.55,0.49,0.595,0.66
0.745,0.745,0.73,0.73,0.825,0.24,0.535,0.52,0.255,0.925,0.52,0.63,0.38,0.825,0.63,0.52,0.38,0.825,1.0,0.38,0.795,0.91,0.795,0.355,0.38,0.535,0.355,0.52,0.455,0.925,0.455,0.91,0.75,0.43,0.525,0.43,0.75,0.525,0.75,0.75,0.07,0.43,0.785,0.255,0.43,0.75,1.0,0.785,0.45,0.785,0.305,0.095,0.74,0.69,0.82,0.69,0.7,0.8,0.8,0.8,0.84,0.82,0.7,0.82,0.74,0.84,0.345,0.48,0.345,0.78,0.78,0.78,0.17,0.81,0.24,0.09,0.75,0.48,0.74,0.75,0.08,0.81,0.72,0.105,0.4,0.72,0.74,0.09,0.095,0.605,0.81,0.305,0.09,0.105,0.925,0.72,0.935,0.925,0.925,0.085,0.915,0.75,0.415,0.915,0.915,0.59,0.1,0.88,0.88,0.89,0.73,0.875,0.145,0.875,0.135,0.49,0.215,0.8,0.08,0.875,0.09,0.075,0.285,0.14,0.095,0.83,0.685,0.625,0.83,0.865,0.1,0.7,0.1,0.815,0.52,0.81,0.595,0.85,0.53,0.81,0.83,0.185,0.24,0.755,0.83,0.445,0.83,0.81,0.24,0.785,0.785,0.805,0.535,0.375,0.62,0.245,0.74,0.755,0.66,0.765,0.62,0.55,0.64,0.6,0.59,0.615,0.665,0.88
0.28,0.28,0.24,0.24,0.835,0.075,0.175,0.145,0.075,0.075,0.145,0.18,0.125,0.835,0.18,0.145,0.125,0.835,0.605,0.125,0.31,0.095,0.31,0.12,0.125,0.175,0.12,0.145,0.15,0.075,0.15,0.095,0.04,0.18,0.21,0.18,0.97,0.21,0.04,0.97,0.26,0.18,0.955,0.515,0.18,0.97,0.68,0.955,0.98,0.955,0.085,0.26,0.775,0.055,0.97,0.055,0.06,0.935,0.935,0.935,0.075,0.97,0.06,0.97,0.775,0.075,0.16,0.945,0.16,0.925,0.925,0.925,0.345,0.92,0.565,0.295,0.84,0.53,0.84,0.84,0.365,0.92,0.845,0.365,0.975,0.845,0.84,0.335,0.36,0.23,0.92,0.635,0.32,0.415,0.855,0.845,0.555,0.855,0.855,0.325,0.91,0.815,0.495,0.91,0.91,0.635,0.385,0.85,0.85,0.775,0.94,0.755,0.785,0.815,0.45,0.215,0.5,0.765,0.84,0.755,0.4,0.825,0.55,0.79,0.43,0.77,0.5,0.21,0.77,0.825,0.8,0.82,0.82,0.97,0.48,0.92,0.19,0.7,0.255,0.92,0.865,0.535,0.77,0.58,0.865,0.305,0.865,0.92,0.76,0.465,0.705,0.395,0.415,0.275,0.44,0.735,0.085,0.405,0.05,0.72,0.055,0.385,0.46,0.42,0.425,0.025,0.03,0.065
0.365,0.365,0.38,0.38,0.31,0.6,0.345,0.24,0.565,0.18,0.24,0.41,0.265,0.31,0.41,0.24,0.265,0.31,0.705,0.265,0.345,0.2,0.345,0.21,0.265,0.345,0.21,0.24,0.255,0.18,0.255,0.2,0.23,0.23,0.29,0.23,0.57,0.29,0.23,0.57,0.835,0.23,0.59,0.465,0.23,0.57,0.74,0.59,0.74,0.59,0.75,0.85,0.33,0.275,0.465,0.275,0.275,0.64,0.64,0.64,0.21,0.465,0.275,0.465,0.33,0.21,0.185,0.655,0.185,0.41,0.41,0.41,0.725,0.33,0.495,0.74,0.34,0.805,0.34,0.34,0.655,0.33,0.4,0.6,0.61,0.4,0.34,0.61,0.65,0.825,0.33,0.465,0.715,0.595,0.345,0.4,0.74,0.345,0.345,0.625,0.35,0.455,0.785,0.35,0.35,0.675,0.645,0.73,0.73,0.765,0.71,0.355,0.47,0.325,0.565,0.765,0.89,0.435,0.52,0.355,0.625,0.49,0.9,0.525,0.62,0.695,0.855,0.105,0.695,0.32,0.545,0.47,0.54,0.725,0.875,0.49,0.12,0.765,0.08,0.49,0.57,0.91,0.275,0.065,0.57,0.83,0.57,0.49,0.28,0.13,0.065,0.13,0.205,0.8,0.245,0.24,0.215,0.12,0.33,0.055,0.325,0.14,0.24,0.235,0.27,0.47,0.435,0.265
0.17,0.17,0.125,0.125,0.95,0.015,0.17,0.28,0.015,0.185,0.28,0.12,0.27,0.95,0.12,0.28,0.27,0.95,0.86,0.27,0.18,0.205,0.18,0.24,0.27,0.17,0.24,0.28,0.265,0.185,0.265,0.205,0.095,0.505,0.145,0.505,0.96,0.145,0.095,0.96,0.02,0.505,0.975,0.12,0.505,0.96,0.86,0.975,0.56,0.975,0.01,0.02,0.955,0.04,1.0,0.04,0.035,0.995,0.995,0.995,0.26,1.0,0.035,1.0,0.955,0.26,0.445,0.465,0.445,0.965,0.965,0.965,0.015,0.765,0.13,0.02,0.98,0.645,0.985,0.98,0.02,0.765,0.985,0.015,0.535,0.985,0.985,0.015,0.02,0.535,0.765,0.135,0.015,0.02,0.975,0.985,0.545,0.975,0.975,0.015,0.955,0.98,0.64,0.955,0.955,0.66,0.015,0.99,0.99,0.995,0.925,0.895,0.015,0.855,0.02,0.545,0.1,0.975,0.015,0.895,0.015,0.015,0.09,0.015,0.02,0.985,0.48,0.89,0.985,0.885,0.015,0.945,0.015,0.92,0.68,0.995,0.88,0.975,0.81,0.995,0.99,0.105,0.505,0.835,0.99,0.425,0.99,0.995,0.485,0.795,0.87,0.81,0.775,0.51,0.84,0.525,0.64,0.82,0.52,0.86,0.48,0.825,0.81,0.795,0.76,0.345,0.335,0.71
0.63,0.63,0.64,0.64,0.335,0.08,0.885,0.855,0.08,0.845,0.855,0.915,0.835,0.335,0.915,0.855,0.835,0.335,0.25,0.835,0.75,0.815,0.75,0.785,0.835,0.885,0.785,0.855,0.785,0.845,0.785,0.815,0.69,0.87,0.905,0.87,0.395,0.905,0.69,0.395,0.655,0.87,0.37,0.13,0.87,0.395,0.235,0.37,0.535,0.37,0.09,0.635,0.26,0.605,0.435,0.605,0.605,0.41,0.41,0.41,0.79,0.435,0.605,0.435,0.26,0.79,0.805,0.5,0.805,0.25,0.25,0.25,0.56,0.275,0.125,0.75,0.295,0.86,0.305,0.295,0.82,0.275,0.28,0.79,0.54,0.28,0.305,0.755,0.85,0.395,0.275,0.13,0.745,0.78,0.23,0.28,0.16,0.23,0.23,0.75,0.21,0.32,0.92,0.21,0.21,0.79,0.7,0.595,0.595,0.605,0.385,0.665,0.48,0.685,0.725,0.405,0.475,0.3,0.43,0.665,0.715,0.43,0.52,0.52,0.8,0.545,0.425,0.22,0.545,0.325,0.485,0.265,0.5,0.355,0.645,0.335,0.205,0.56,0.205,0.335,0.33,0.74,0.565,0.105,0.33,0.53,0.33,0.335,0.56,0.17,0.11,0.235,0.54,0.435,0.675,0.69,0.525,0.21,0.685,0.115,0.67,0.56,0.63,0.675,0.595,0.81,0.785,0.655
0.535,0.535,0.525,0.525,0.865,0.285,0.3,0.31,0.3,0.155,0.31,0.335,0.295,0.865,0.335,0.31,0.295,0.865,0.97,0.295,0.47,0.195,0.47,0.28,0.295,0.3,0.28,0.31,0.315,0.155,0.315,0.195,0.29,0.33,0.33,0.33,0.965,0.33,0.29,0.965,0.45,0.33,0.965,0.62,0.33,0.965,0.94,0.965,0.5,0.965,0.28,0.45,0.93,0.245,0.895,0.245,0.24,0.88,0.88,0.88,0.165,0.895,0.24,0.895,0.93,0.165,0.32,0.61,0.32,0.875,0.875,0.875,0.575,0.87,0.52,0.215,0.9,0.565,0.91,0.9,0.31,0.87,0.915,0.23,0.58,0.915,0.91,0.205,0.34,0.695,0.87,0.46,0.235,0.22,0.805,0.915,0.705,0.805,0.805,0.24,0.785,0.925,0.39,0.785,0.785,0.39,0.235,0.91,0.91,0.865,0.905,0.86,0.125,0.865,0.23,0.485,0.76,0.885,0.11,0.86,0.255,0.105,0.78,0.205,0.325,0.895,0.585,0.025,0.895,0.68,0.165,0.975,0.18,0.835,0.465,0.95,0.025,0.86,0.02,0.95,0.955,0.585,0.635,0.015,0.955,0.58,0.955,0.95,0.635,0.6,0.015,0.625,0.04,0.535,0.045,0.53,0.04,0.62,0.055,0.015,0.05,0.05,0.04,0.045,0.045,0.06,0.045,0.04
0.035,0.035,0.025,0.025,0.91,0.465,0.015,0.02,0.455,0.06,0.02,0.02,0.025,0.91,0.02,0.02,0.025,0.91,0.865,0.025,0.04,0.07,0.04,0.08,0.025,0.015,0.08,0.02,0.115,0.06,0.115,0.07,0.015,0.02,0.03,0.02,0.865,0.03,0.015,0.865,0.62,0.02,0.86,0.5,0.02,0.865,0.83,0.86,0.75,0.86,0.49,0.61,0.94,0.03,0.86,0.03,0.04,0.835,0.835,0.835,0.05,0.86,0.04,0.86,0.94,0.05,0.065,0.735,0.065,0.93,0.93,0.93,0.385,0.935,0.425,0.38,0.915,0.235,0.895,0.915,0.42,0.935,0.955,0.39,0.64,0.955,0.895,0.325,0.375,0.36,0.935,0.47,0.31,0.46,0.915,0.955,0.87,0.915,0.915,0.335,0.855,0.96,0.175,0.855,0.855,0.35,0.335,0.81,0.81,0.885,0.795,0.995,0.37,0.99,0.4,0.3,0.43,0.98,0.38,0.995,0.33,0.385,0.395,0.235,0.3,0.955,0.405,0.965,0.955,0.98,0.36,0.98,0.35,0.87,0.405,0.955,0.915,0.965,0.88,0.955,0.945,0.39,0.605,0.76,0.945,0.335,0.945,0.955,0.55,0.955,0.665,0.925,0.98,0.31,0.98,0.59,0.975,0.945,0.985,0.665,0.975,0.985,0.985,0.98,0.975,0.945,0.955,0.84
0.4,0.4,0.37,0.37,0.005,0.76,0.325,0.46,0.73,0.225,0.46,0.37,0.375,0.005,0.37,0.46,0.375,0.005,0.01,0.375,0.465,0.245,0.465,0.295,0.375,0.325,0.295,0.46,0.34,0.225,0.34,0.245,0.65,0.28,0.395,0.28,0.005,0.395,0.65,0.005,0.865,0.28,0.005,0.25,0.28,0.005,0.01,0.005,0.31,0.005,0.665,0.875,0.005,0.755,0.005,0.755,0.75,0.005,0.005,0.005,0.195,0.005,0.75,0.005,0.005,0.195,0.335,0.3,0.335,0.01,0.01,0.01,0.81,0.005,0.26,0.55,0.01,0.485,0.01,0.01,0.715,0.005,0.005,0.59,0.325,0.005,0.01,0.56,0.725,0.56,0.005,0.285,0.525,0.58,0.01,0.005,0.01,0.01,0.01,0.545,0.015,0.005,0.61,0.015,0.015,0.465,0.61,0.02,0.02,0.025,0.06,0.025,0.385,0.025,0.68,0.725,0.815,0.005,0.385,0.025,0.57,0.38,0.65,0.465,0.775,0.02,0.55,0.045,0.02,0.035,0.52,0.005,0.525,0.06,0.615,0.005,0.07,0.025,0.065,0.005,0.005,0.79,0.955,0.04,0.005,0.5,0.005,0.005,0.96,0.035,0.03,0.03,0.125,0.7,0.125,0.98,0.17,0.03,0.125,0.03,0.125,0.135,0.145,0.13,0.13,0.085,0.105,0.08
0.445,0.445,0.49,0.49,0.01,0.685,0.455,0.2,0.685,0.135,0.2,0.35,0.47,0.01,0.35,0.2,0.47,0.01,0.005,0.47,0.12,0.075,0.12,0.47,0.47,0.455,0.47,0.2,0.215,0.135,0.215,0.075,0.865,0.095,0.15,0.095,0.01,0.15,0.865,0.01,0.65,0.095,0.01,0.97,0.095,0.01,0.005,0.01,0.84,0.01,0.7,0.625,0.01,0.935,0.01,0.935,0.915,0.01,0.01,0.01,0.095,0.01,0.915,0.01,0.01,0.095,0.09,0.78,0.09,0.005,0.005,0.005,0.605,0.01,0.98,0.495,0.005,0.85,0.005,0.005,0.72,0.01,0.01,0.535,0.77,0.01,0.005,0.45,0.66,0.75,0.01,0.97,0.475,0.56,0.005,0.01,0.005,0.005,0.005,0.43,0.005,0.01,0.86,0.005,0.005,0.97,0.5,0.035,0.035,0.04,0.12,0.055,0.395,0.05,0.54,0.76,0.52,0.01,0.36,0.055,0.43,0.36,0.555,0.46,0.64,0.03,0.905,0.075,0.03,0.095,0.4,0.01,0.4,0.13,0.46,0.015,0.065,0.045,0.12,0.015,0.015,0.785,0.84,0.07,0.015,0.315,0.015,0.015,0.815,0.02,0.045,0.025,0.265,0.33,0.165,0.88,0.21,0.02,0.165,0.04,0.195,0.24,0.185,0.15,0.14,0.255,0.19,0.24
0.485,0.485,0.78,0.78,0.22,0.92,0.815,0.62,0.89,0.555,0.62,0.605,0.75,0.22,0.605,0.62,0.75,0.22,0.035,0.75,0.52,0.54,0.52,0.74,0.75,0.815,0.74,0.62,0.64,0.555,0.64,0.54,0.48,0.475,0.585,0.475,0.22,0.585,0.48,0.22,0.9,0.475,0.375,0.57,0.475,0.22,0.06,0.375,0.8,0.375,0.505,0.715,0.78,0.525,0.26,0.525,0.5,0.4,0.4,0.4,0.48,0.26,0.5,0.26,0.78,0.48,0.425,0.815,0.425,0.665,0.665,0.665,0.89,0.175,0.575,0.94,0.775,0.51,0.66,0.775,0.995,0.175,0.73,0.975,0.74,0.73,0.66,0.95,0.995,0.295,0.175,0.57,0.94,0.975,0.415,0.73,0.025,0.415,0.415,0.95,0.405,0.725,0.435,0.405,0.405,0.53,0.965,0.7,0.7,0.76,0.6,0.32,0.88,0.5,0.98,0.27,0.275,0.75,0.895,0.32,0.96,0.875,0.31,0.965,0.99,0.495,0.36,0.535,0.495,0.55,0.96,0.715,0.955,0.58,0.38,0.79,0.405,0.635,0.195,0.79,0.845,0.225,0.875,0.21,0.845,0.635,0.845,0.79,0.875,0.455,0.315,0.44,0.235,0.67,0.565,0.9,0.27,0.455,0.485,0.34,0.5,0.245,0.57,0.575,0.575,0.735,0.67,0.5
0.71,0.71,0.82,0.82,0.425,0.275,0.565,0.41,0.29,0.82,0.41,0.505,0.445,0.425,0.505,0.41,0.445,0.425,0.88,0.445,0.855,0.81,0.855,0.37,0.445,0.565,0.37,0.41,0.395,0.82,0.395,0.81,0.855,0.49,0.59,0.49,0.705,0.59,0.855,0.705,0.385,0.49,0.75,0.505,0.49,0.705,0.935,0.75,0.41,0.75,0.255,0.325,0.375,0.67,0.585,0.67,0.65,0.605,0.605,0.605,0.885,0.585,0.65,0.585,0.375,0.885,0.45,0.75,0.45,0.76,0.76,0.76,0.285,0.555,0.64,0.165,0.24,0.825,0.215,0.24,0.145,0.555,0.32,0.14,0.755,0.32,0.215,0.15,0.15,0.84,0.555,0.63,0.145,0.145,0.605,0.32,0.815,0.605,0.605,0.14,0.485,0.255,0.815,0.485,0.485,0.48,0.19,0.845,0.845,0.85,0.07,0.855,0.355,0.84,0.205,0.825,0.775,0.265,0.265,0.855,0.225,0.265,0.75,0.545,0.175,0.865,0.59,0.865,0.865,0.085,0.405,0.4,0.42,0.075,0.59,0.44,0.855,0.895,0.98,0.44,0.415,0.615,0.065,0.88,0.415,0.88,0.415,0.44,0.075,0.89,0.93,0.87,0.58,0.855,0.515,0.105,0.425,0.895,0.495,0.91,0.49,0.49,0.555,0.51,0.535,0.275,0.375,0.51
0.9,0.9,0.925,0.925,0.29,0.77,0.85,0.76,0.78,0.855,0.76,0.835,0.66,0.29,0.835,0.76,0.66,0.29,0.295,0.66,0.89,0.89,0.89,0.665,0.66,0.85,0.665,0.76,0.76,0.855,0.76,0.89,0.54,0.69,0.755,0.69,0.195,0.755,0.54,0.195,0.76,0.69,0.175,0.175,0.69,0.195,0.27,0.175,0.265,0.175,0.81,0.775,0.165,0.44,0.225,0.44,0.455,0.2,0.2,0.2,0.92,0.225,0.455,0.225,0.165,0.92,0.72,0.29,0.72,0.515,0.515,0.515,0.525,0.29,0.2,0.735,0.23,0.23,0.235,0.23,0.795,0.29,0.16,0.805,0.3,0.16,0.235,0.74,0.835,0.285,0.29,0.19,0.725,0.845,0.435,0.16,0.395,0.435,0.435,0.72,0.475,0.145,0.26,0.475,0.475,0.29,0.715,0.175,0.175,0.205,0.455,0.58,0.505,0.59,0.77,0.31,0.47,0.135,0.485,0.58,0.73,0.465,0.45,0.55,0.765,0.205,0.385,0.49,0.205,0.525,0.585,0.175,0.58,0.49,0.49,0.125,0.5,0.23,0.545,0.125,0.14,0.415,0.98,0.385,0.14,0.395,0.14,0.125,0.975,0.24,0.3,0.225,0.815,0.445,0.68,0.935,0.275,0.225,0.275,0.295,0.24,0.755,0.705,0.655,0.69,0.38,0.4,0.395
0.965,0.965,0.995,0.995,0.42,0.07,0.975,0.95,0.07,0.71,0.95,0.975,0.91,0.42,0.975,0.95,0.91,0.42,0.48,0.91,0.93,0.66,0.93,0.86,0.91,0.975,0.86,0.95,0.93,0.71,0.93,0.66,0.735,0.805,0.875,0.805,0.5,0.875,0.735,0.5,0.365,0.805,0.51,0.86,0.805,0.5,0.505,0.51,0.985,0.51,0.08,0.465,0.535,0.77,0.52,0.77,0.765,0.545,0.545,0.545,0.705,0.52,0.765,0.52,0.535,0.705,0.78,0.98,0.78,0.555,0.555,0.555,0.22,0.3,0.85,0.83,0.54,0.975,0.585,0.54,0.905,0.3,0.46,0.895,0.95,0.46,0.585,0.825,0.93,0.95,0.3,0.855,0.84,0.875,0.55,0.46,0.595,0.55,0.55,0.86,0.605,0.43,0.96,0.605,0.605,0.945,0.785,0.65,0.65,0.695,0.69,0.37,0.74,0.41,0.85,0.95,1.0,0.425,0.77,0.37,0.815,0.76,1.0,0.635,0.83,0.62,0.965,0.725,0.62,0.355,0.675,0.385,0.685,0.305,0.95,0.42,0.65,0.685,0.645,0.42,0.51,0.97,0.965,0.305,0.51,0.96,0.51,0.42,0.965,0.275,0.385,0.25,0.845,0.95,0.905,0.97,0.58,0.255,0.885,0.315,0.895,0.88,0.93,0.905,0.91,0.92,0.915,0.955
0.285,0.285,0.285,0.285,0.46,0.225,0.505,0.44,0.225,0.3,0.44,0.48,0.37,0.46,0.48,0.44,0.37,0.46,0.515,0.37,0.37,0.415,0.37,0.465,0.37,0.505,0.465,0.44,0.53,0.3,0.53,0.415,0.18,0.535,0.55,0.535,0.385,0.55,0.18,0.385,0.155,0.535,0.365,0.02,0.535,0.385,0.46,0.365,0.08,0.365,0.215,0.105,0.545,0.145,0.245,0.145,0.13,0.245,0.245,0.245,0.425,0.245,0.13,0.245,0.545,0.425,0.59,0.06,0.59,0.425,0.425,0.425,0.065,0.58,0.02,0.065,0.475,0.38,0.455,0.475,0.075,0.58,0.63,0.055,0.085,0.63,0.455,0.05,0.07,0.41,0.58,0.02,0.07,0.065,0.47,0.63,0.275,0.47,0.47,0.06,0.48,0.515,0.405,0.48,0.48,0.165,0.07,0.48,0.48,0.5,0.34,0.39,0.415,0.575,0.08,0.45,0.6,0.51,0.395,0.39,0.055,0.395,0.58,0.33,0.075,0.48,0.21,0.11,0.48,0.15,0.335,0.54,0.325,0.26,0.275,0.56,0.115,0.515,0.095,0.56,0.565,0.265,0.05,0.865,0.565,0.49,0.565,0.56,0.065,0.665,0.795,0.675,0.135,0.53,0.175,0.075,0.875,0.67,0.845,0.795,0.845,0.225,0.13,0.2,0.175,0.195,0.16,0.25
0.09,0.09,0.11,0.11,0.83,0.93,0.095,0.185,0.945,0.23,0.185,0.055,0.275,0.83,0.055,0.185,0.275,0.83,0.19,0.275,0.065,0.155,0.065,0.225,0.275,0.095,0.225,0.185,0.17,0.23,0.17,0.155,0.065,0.125,0.075,0.125,0.47,0.075,0.065,0.47,0.5,0.125,0.48,0.07,0.125,0.47,0.185,0.48,0.195,0.48,0.895,0.665,0.865,0.1,0.735,0.1,0.1,0.765,0.765,0.765,0.11,0.735,0.1,0.735,0.865,0.11,0.105,0.12,0.105,0.77,0.77,0.77,0.735,0.525,0.085,0.565,0.82,0.19,0.845,0.82,0.505,0.525,0.77,0.49,0.125,0.77,0.845,0.54,0.575,0.235,0.525,0.08,0.49,0.59,0.7,0.77,0.225,0.7,0.7,0.485,0.7,0.805,0.29,0.7,0.7,0.345,0.575,0.535,0.535,0.44,0.8,0.62,0.58,0.51,0.675,0.275,0.25,0.825,0.56,0.62,0.555,0.635,0.185,0.77,0.59,0.58,0.52,0.275,0.58,0.8,0.73,0.885,0.715,0.795,0.545,0.57,0.245,0.485,0.33,0.57,0.46,0.275,0.53,0.225,0.46,0.285,0.46,0.57,0.46,0.16,0.205,0.165,0.23,0.29,0.15,0.45,0.32,0.17,0.235,0.185,0.28,0.23,0.16,0.12,0.125,0.37,0.345,0.47
0.795,0.795,0.81,0.81,0.32,0.43,0.78,0.59,0.49,0.455,0.59,0.785,0.605,0.32,0.785,0.59,0.605,0.32,0.495,0.605,0.51,0.51,0.51,0.7,0.605,0.78,0.7,0.59,0.565,0.455,0.565,0.51,0.645,0.5,0.535,0.5,0.235,0.535,0.645,0.235,0.58,0.5,0.235,0.825,0.5,0.235,0.54,0.235,0.85,0.235,0.495,0.545,0.225,0.64,0.275,0.64,0.655,0.275,0.275,0.275,0.45,0.275,0.655,0.275,0.225,0.45,0.525,0.81,0.525,0.12,0.12,0.12,0.64,0.265,0.865,0.705,0.115,0.69,0.145,0.115,0.77,0.265,0.245,0.75,0.83,0.245,0.145,0.735,0.775,0.69,0.265,0.865,0.72,0.745,0.105,0.245,0.3,0.105,0.105,0.73,0.13,0.135,0.715,0.13,0.13,0.805,0.745,0.17,0.17,0.18,0.315,0.195,0.95,0.195,0.74,0.685,0.42,0.13,0.94,0.195,0.705,0.97,0.465,0.75,0.825,0.16,0.595,0.185,0.16,0.365,0.765,0.145,0.76,0.345,0.5,0.19,0.2,0.17,0.26,0.19,0.205,0.445,0.72,0.34,0.205,0.64,0.205,0.19,0.725,0.315,0.425,0.33,0.42,0.66,0.57,0.78,0.505,0.36,0.655,0.425,0.66,0.415,0.505,0.57,0.51,0.5,0.515,0.565
0.355,0.355,0.16,0.16,0.965,0.03,0.575,0.625,0.03,0.35,0.625,0.745,0.535,0.965,0.745,0.625,0.535,0.965,0.99,0.535,0.365,0.41,0.365,0.495,0.535,0.575,0.495,0.625,0.57,0.35,0.57,0.41,0.585,0.71,0.815,0.71,0.995,0.815,0.585,0.995,0.125,0.71,0.995,0.04,0.71,0.995,0.995,0.995,0.06,0.995,0.025,0.12,0.935,0.565,0.985,0.565,0.57,0.985,0.985,0.985,0.495,0.985,0.57,0.985,0.935,0.495,0.685,0.1,0.685,0.85,0.85,0.85,0.1,0.995,0.075,0.055,0.96,0.295,0.95,0.96,0.065,0.995,0.935,0.075,0.09,0.935,0.95,0.06,0.055,0.45,0.995,0.07,0.05,0.07,0.86,0.935,0.965,0.86,0.86,0.07,0.845,0.875,0.27,0.845,0.845,0.235,0.06,1.0,1.0,1.0,0.45,0.99,0.025,1.0,0.07,0.395,0.66,0.92,0.025,0.99,0.07,0.025,0.745,0.03,0.085,0.995,0.29,0.595,0.995,0.815,0.03,0.825,0.03,0.75,0.42,0.96,0.67,0.995,0.755,0.96,0.96,0.395,0.48,0.925,0.96,0.525,0.96,0.96,0.435,0.7,0.85,0.705,0.8,0.465,0.54,0.43,0.93,0.7,0.745,0.9,0.685,0.815,0.58,0.68,0.665,0.305,0.295,0.74
0.53,0.53,0.435,0.435,0.385,0.965,0.57,0.89,0.96,0.785,0.89,0.565,0.93,0.385,0.565,0.89,0.93,0.385,0.33,0.93,0.35,0.825,0.35,0.94,0.93,0.57,0.94,0.89,0.91,0.785,0.91,0.825,0.385,0.95,0.54,0.95,0.435,0.54,0.385,0.435,0.985,0.95,0.415,0.965,0.95,0.435,0.215,0.415,0.46,0.415,0.97,0.96,0.35,0.365,0.29,0.365,0.395,0.445,0.445,0.445,0.78,0.29,0.395,0.29,0.35,0.78,0.845,0.49,0.845,0.205,0.205,0.205,0.955,0.47,0.88,0.88,0.225,0.6,0.22,0.225,0.895,0.47,0.195,0.89,0.47,0.195,0.22,0.875,0.89,0.675,0.47,0.8,0.835,0.885,0.18,0.195,0.355,0.18,0.18,0.83,0.205,0.18,0.67,0.205,0.205,0.74,0.88,0.28,0.28,0.285,0.595,0.41,0.895,0.375,0.87,0.71,0.95,0.175,0.91,0.41,0.87,0.9,0.965,0.935,0.925,0.31,0.775,0.735,0.31,0.57,0.95,0.31,0.94,0.63,0.635,0.175,0.715,0.325,0.78,0.175,0.175,0.6,0.795,0.475,0.175,0.625,0.175,0.175,0.77,0.58,0.47,0.695,0.185,0.605,0.13,0.74,0.59,0.685,0.13,0.555,0.165,0.175,0.135,0.125,0.115,0.18,0.135,0.68
0.205,0.205,0.145,0.145,0.105,0.18,0.33,0.32,0.175,0.265,0.32,0.4,0.205,0.105,0.4,0.32,0.205,0.105,0.165,0.205,0.145,0.32,0.145,0.2,0.205,0.33,0.2,0.32,0.235,0.265,0.235,0.32,0.91,0.25,0.32,0.25,0.38,0.32,0.91,0.38,0.83,0.25,0.42,0.45,0.25,0.38,0.275,0.42,0.53,0.42,0.165,0.815,0.605,0.865,0.37,0.865,0.91,0.415,0.415,0.415,0.215,0.37,0.91,0.37,0.605,0.215,0.2,0.69,0.2,0.33,0.33,0.33,0.905,0.15,0.58,0.46,0.76,0.795,0.765,0.76,0.565,0.15,0.425,0.52,0.725,0.425,0.765,0.46,0.555,0.71,0.15,0.6,0.43,0.535,0.57,0.425,0.135,0.57,0.57,0.425,0.565,0.68,0.835,0.565,0.565,0.81,0.435,0.305,0.305,0.305,0.77,0.295,0.22,0.31,0.57,0.72,0.77,0.63,0.22,0.295,0.365,0.22,0.825,0.31,0.52,0.305,0.8,0.005,0.305,0.705,0.31,0.51,0.31,0.78,0.805,0.66,0.005,0.33,0.01,0.66,0.7,0.49,0.89,0.01,0.7,0.825,0.7,0.66,0.855,0.14,0.01,0.15,0.035,0.825,0.055,0.775,0.035,0.155,0.04,0.01,0.045,0.03,0.045,0.04,0.035,0.035,0.025,0.05
0.605,0.605,0.69,0.69,0.445,0.75,0.515,0.125,0.71,0.435,0.125,0.425,0.215,0.445,0.425,0.125,0.215,0.445,0.22,0.215,0.605,0.335,0.605,0.41,0.215,0.515,0.41,0.125,0.26,0.435,0.26,0.335,0.595,0.265,0.485,0.265,0.19,0.485,0.595,0.19,0.19,0.265,0.205,0.7,0.265,0.19,0.2,0.205,0.57,0.205,0.875,0.165,0.565,0.53,0.23,0.53,0.54,0.225,0.225,0.225,0.375,0.23,0.54,0.23,0.565,0.375,0.505,0.37,0.505,0.585,0.585,0.585,0.195,0.36,0.45,0.35,0.6,0.195,0.635,0.6,0.425,0.36,0.445,0.375,0.39,0.445,0.635,0.295,0.39,0.32,0.36,0.555,0.345,0.4,0.715,0.445,0.425,0.715,0.715,0.28,0.705,0.845,0.23,0.705,0.705,0.27,0.33,0.34,0.34,0.325,0.74,0.345,0.92,0.32,0.375,0.265,0.26,0.815,0.93,0.345,0.32,0.935,0.24,0.95,0.39,0.335,0.34,0.415,0.335,0.82,0.9,0.705,0.905,0.785,0.135,0.46,0.41,0.315,0.585,0.46,0.45,0.17,0.54,0.665,0.45,0.13,0.45,0.46,0.565,0.415,0.62,0.425,0.635,0.1,0.575,0.555,0.4,0.365,0.325,0.66,0.355,0.655,0.59,0.58,0.53,0.535,0.605,0.35
0.415,0.415,0.34,0.34,0.8,0.02,0.785,0.725,0.02,0.68,0.725,0.795,0.695,0.8,0.795,0.725,0.695,0.8,0.69,0.695,0.495,0.695,0.495,0.73,0.695,0.785,0.73,0.725,0.765,0.68,0.765,0.695,0.415,0.835,0.86,0.835,0.825,0.86,0.415,0.825,0.01,0.835,0.87,0.205,0.835,0.825,0.655,0.87,0.545,0.87,0.015,0.015,0.905,0.455,0.775,0.455,0.45,0.825,0.825,0.825,0.72,0.775,0.45,0.775,0.905,0.72,0.75,0.325,0.75,0.835,0.835,0.835,0.02,0.84,0.12,0.005,0.895,0.475,0.905,0.895,0.015,0.84,0.87,0.01,0.315,0.87,0.905,0.005,0.015,0.445,0.84,0.115,0.005,0.01,0.87,0.87,0.735,0.87,0.87,0.005,0.865,0.82,0.455,0.865,0.865,0.725,0.005,0.265,0.265,0.33,0.155,0.16,0.005,0.15,0.01,0.41,0.51,0.85,0.005,0.16,0.005,0.005,0.535,0.005,0.01,0.26,0.505,0.68,0.26,0.22,0.005,0.785,0.005,0.19,0.53,0.825,0.685,0.255,0.82,0.825,0.825,0.435,0.26,0.725,0.825,0.46,0.825,0.825,0.275,0.485,0.79,0.45,0.81,0.41,0.855,0.34,0.395,0.45,0.315,0.78,0.315,0.875,0.815,0.84,0.78,0.485,0.54,0.465
0.94,0.94,0.91,0.91,0.11,0.47,0.925,0.84,0.485,0.88,0.84,0.905,0.84,0.11,0.905,0.84,0.84,0.11,0.05,0.84,0.92,0.875,0.92,0.92,0.84,0.925,0.92,0.84,0.885,0.88,0.885,0.875,0.84,0.89,0.91,0.89,0.205,0.91,0.84,0.205,0.42,0.89,0.165,0.715,0.89,0.205,0.03,0.165,0.44,0.165,0.555,0.43,0.075,0.795,0.095,0.795,0.815,0.1,0.1,0.1,0.88,0.095,0.815,0.095,0.075,0.88,0.87,0.505,0.87,0.085,0.085,0.085,0.36,0.105,0.635,0.34,0.12,0.5,0.12,0.12,0.265,0.105,0.06,0.22,0.5,0.06,0.12,0.34,0.2,0.65,0.105,0.69,0.33,0.24,0.095,0.06,0.08,0.095,0.095,0.33,0.095,0.115,0.48,0.095,0.095,0.745,0.325,0.125,0.125,0.13,0.265,0.205,0.6,0.205,0.245,0.57,0.18,0.12,0.495,0.205,0.415,0.515,0.255,0.595,0.23,0.195,0.785,0.16,0.195,0.26,0.49,0.075,0.51,0.235,0.87,0.11,0.175,0.185,0.135,0.11,0.09,0.19,0.425,0.095,0.09,0.72,0.09,0.11,0.425,0.07,0.08,0.07,0.25,0.63,0.285,0.49,0.26,0.065,0.265,0.08,0.27,0.255,0.3,0.325,0.305,0.675,0.755,0.475
0.61,0.61,0.495,0.495,0.775,0.155,0.44,0.88,0.16,0.9,0.88,0.46,0.85,0.775,0.46,0.88,0.85,0.775,0.525,0.85,0.575,0.9,0.575,0.87,0.85,0.44,0.87,0.88,0.92,0.9,0.92,0.9,0.935,0.94,0.3,0.94,0.725,0.3,0.935,0.725,0.425,0.94,0.715,0.565,0.94,0.725,0.5,0.715,0.835,0.715,0.185,0.405,0.695,0.85,0.755,0.85,0.855,0.695,0.695,0.695,0.97,0.755,0.855,0.755,0.695,0.97,0.925,0.85,0.925,0.5,0.5,0.5,0.355,0.8,0.585,0.115,0.61,0.095,0.67,0.61,0.15,0.8,0.6,0.095,0.875,0.6,0.67,0.155,0.135,0.185,0.8,0.61,0.115,0.08,0.485,0.6,0.415,0.485,0.485,0.155,0.545,0.655,0.1,0.545,0.545,0.065,0.16,0.64,0.64,0.58,0.855,0.68,0.955,0.7,0.115,0.17,0.09,0.61,0.98,0.68,0.14,0.98,0.17,0.29,0.13,0.635,0.11,0.475,0.635,0.875,0.245,0.69,0.285,0.83,0.125,0.495,0.455,0.565,0.425,0.495,0.485,0.44,0.01,0.57,0.485,0.225,0.485,0.495,0.01,0.57,0.5,0.55,0.365,0.21,0.335,0.01,0.445,0.515,0.39,0.46,0.41,0.39,0.36,0.405,0.36,0.55,0.57,0.27
0.855,0.855,0.955,0.955,0.795,0.2,0.905,0.68,0.185,0.75,0.68,0.85,0.765,0.795,0.85,0.68,0.765,0.795,0.345,0.765,0.935,0.63,0.935,0.77,0.765,0.905,0.77,0.68,0.72,0.75,0.72,0.63,0.67,0.655,0.81,0.655,0.765,0.81,0.67,0.765,0.71,0.655,0.88,0.595,0.655,0.765,0.3,0.88,0.65,0.88,0.21,0.72,0.84,0.495,0.805,0.495,0.48,0.855,0.855,0.855,0.605,0.805,0.48,0.805,0.84,0.605,0.7,0.765,0.7,0.72,0.72,0.72,0.83,0.795,0.665,0.535,0.715,0.875,0.75,0.715,0.865,0.795,0.825,0.71,0.62,0.825,0.75,0.48,0.78,0.96,0.795,0.66,0.485,0.73,0.48,0.825,0.31,0.48,0.48,0.44,0.32,0.58,0.845,0.32,0.32,0.435,0.625,0.375,0.375,0.51,0.02,0.5,0.21,0.645,0.69,0.94,0.985,0.69,0.19,0.5,0.59,0.2,0.975,0.26,0.78,0.27,0.39,0.825,0.27,0.055,0.27,0.735,0.255,0.02,0.76,0.805,0.78,0.31,0.77,0.805,0.785,0.915,0.215,0.61,0.785,0.855,0.785,0.805,0.2,0.515,0.78,0.59,0.545,0.815,0.525,0.095,0.615,0.63,0.645,0.76,0.63,0.59,0.47,0.495,0.455,0.725,0.7,0.75
0.2,0.2,0.25,0.25,0.475,0.235,0.03,0.015,0.215,0.015,0.015,0.03,0.015,0.475,0.03,0.015,0.015,0.475,0.225,0.015,0.275,0.015,0.275,0.015,0.015,0.03,0.015,0.015,0.015,0.015,0.015,0.015,0.5,0.015,0.02,0.015,0.78,0.02,0.5,0.78,0.755,0.015,0.85,0.65,0.015,0.78,0.25,0.85,0.82,0.85,0.33,0.76,0.52,0.52,0.625,0.52,0.535,0.705,0.705,0.705,0.015,0.625,0.535,0.625,0.52,0.015,0.015,0.745,0.015,0.28,0.28,0.28,0.66,0.63,0.59,0.77,0.7,0.89,0.695,0.7,0.695,0.63,0.415,0.83,0.765,0.415,0.695,0.75,0.84,0.9,0.63,0.595,0.68,0.785,0.24,0.415,0.855,0.24,0.24,0.74,0.31,0.545,0.875,0.31,0.31,0.86,0.765,0.465,0.465,0.41,0.83,0.72,0.66,0.735,0.8,0.925,0.935,0.58,0.68,0.72,0.775,0.665,0.96,0.805,0.855,0.575,0.99,0.515,0.575,0.905,0.83,0.39,0.805,0.85,0.885,0.51,0.42,0.53,0.415,0.51,0.54,0.945,0.92,0.9,0.54,0.945,0.54,0.51,0.925,0.79,0.86,0.77,0.605,0.925,0.835,0.955,0.56,0.765,0.725,0.88,0.695,0.625,0.835,0.76,0.745,0.54,0.495,0.69
0.47,0.47,0.465,0.465,0.47,0.815,0.585,0.65,0.895,0.32,0.65,0.64,0.545,0.47,0.64,0.65,0.545,0.47,0.39,0.545,0.545,0.445,0.545,0.475,0.545,0.585,0.475,0.65,0.5,0.32,0.5,0.445,0.13,0.395,0.685,0.395,0.12,0.685,0.13,0.12,0.355,0.395,0.135,0.475,0.395,0.12,0.355,0.135,0.21,0.135,0.655,0.37,0.07,0.125,0.145,0.125,0.11,0.16,0.16,0.16,0.37,0.145,0.11,0.145,0.07,0.37,0.435,0.285,0.435,0.465,0.465,0.465,0.295,0.455,0.605,0.68,0.055,0.17,0.06,0.055,0.645,0.455,0.275,0.635,0.175,0.275,0.06,0.705,0.655,0.205,0.455,0.53,0.665,0.66,0.36,0.275,0.715,0.36,0.36,0.695,0.46,0.4,0.16,0.46,0.46,0.13,0.71,0.105,0.105,0.115,0.48,0.38,0.43,0.37,0.64,0.185,0.37,0.42,0.415,0.38,0.66,0.425,0.51,0.41,0.58,0.115,0.17,0.15,0.115,0.42,0.45,0.43,0.45,0.51,0.25,0.135,0.145,0.13,0.185,0.135,0.115,0.365,0.99,0.08,0.115,0.555,0.115,0.135,0.985,0.35,0.075,0.405,0.245,0.47,0.195,0.985,0.355,0.41,0.205,0.085,0.22,0.205,0.215,0.19,0.22,0.22,0.215,0.46
0.49,0.49,0.45,0.45,0.695,0.575,0.415,0.295,0.59,0.1,0.295,0.465,0.315,0.695,0.465,0.295,0.315,0.695,0.87,0.315,0.505,0.08,0.505,0.285,0.315,0.415,0.285,0.295,0.29,0.1,0.29,0.08,0.06,0.295,0.38,0.295,0.53,0.38,0.06,0.53,0.33,0.295,0.645,0.365,0.295,0.53,0.905,0.645,0.19,0.645,0.53,0.34,0.45,0.07,0.395,0.07,0.08,0.435,0.435,0.435,0.07,0.395,0.08,0.395,0.45,0.07,0.23,0.235,0.23,0.315,0.315,0.315,0.275,0.775,0.485,0.425,0.35,0.065,0.355,0.35,0.335,0.775,0.705,0.41,0.225,0.705,0.355,0.35,0.185,0.1,0.775,0.43,0.435,0.49,0.41,0.705,0.865,0.41,0.41,0.39,0.465,0.44,0.065,0.465,0.465,0.17,0.38,0.8,0.8,0.895,0.345,0.925,0.235,0.895,0.445,0.115,0.17,0.44,0.3,0.925,0.31,0.29,0.135,0.19,0.27,0.645,0.16,0.47,0.645,0.56,0.2,0.48,0.185,0.375,0.095,0.4,0.57,0.825,0.48,0.4,0.43,0.18,0.745,0.72,0.43,0.035,0.43,0.4,0.72,0.9,0.71,0.86,0.15,0.05,0.145,0.815,0.135,0.865,0.17,0.695,0.2,0.125,0.115,0.11,0.1,0.215,0.23,0.155
0.31,0.31,0.32,0.32,0.21,0.715,0.16,0.665,0.695,0.285,0.665,0.195,0.645,0.21,0.195,0.665,0.645,0.21,0.735,0.645,0.2,0.365,0.2,0.6,0.645,0.16,0.6,0.665,0.59,0.285,0.59,0.365,0.83,0.525,0.125,0.525,0.27,0.125,0.83,0.27,0.605,0.525,0.225,0.29,0.525,0.27,0.75,0.225,0.665,0.225,0.675,0.4,0.155,0.78,0.32,0.78,0.78,0.215,0.215,0.215,0.38,0.32,0.78,0.32,0.155,0.38,0.51,0.66,0.51,0.135,0.135,0.135,0.485,0.205,0.34,0.63,0.195,0.22,0.39,0.195,0.405,0.205,0.145,0.705,0.71,0.145,0.39,0.64,0.455,0.305,0.205,0.33,0.63,0.695,0.17,0.145,0.85,0.17,0.17,0.635,0.2,0.33,0.24,0.2,0.2,0.325,0.6,0.135,0.135,0.135,0.375,0.2,0.41,0.175,0.645,0.295,0.28,0.235,0.4,0.2,0.595,0.42,0.32,0.385,0.365,0.145,0.265,0.485,0.145,0.305,0.43,0.21,0.43,0.365,0.44,0.16,0.36,0.145,0.605,0.16,0.275,0.62,0.71,0.495,0.275,0.455,0.275,0.16,0.745,0.885,0.6,0.895,0.065,0.43,0.05,0.625,0.09,0.875,0.045,0.625,0.04,0.045,0.06,0.055,0.06,0.045,0.035,0.115
0.27,0.27,0.225,0.225,0.285,0.69,0.315,0.385,0.64,0.325,0.385,0.365,0.35,0.285,0.365,0.385,0.35,0.285,0.615,0.35,0.395,0.39,0.395,0.34,0.35,0.315,0.34,0.385,0.41,0.325,0.41,0.39,0.12,0.415,0.49,0.415,0.535,0.49,0.12,0.535,0.11,0.415,0.505,0.54,0.415,0.535,0.57,0.505,0.15,0.505,0.405,0.09,0.37,0.165,0.45,0.165,0.165,0.405,0.405,0.405,0.36,0.45,0.165,0.45,0.37,0.36,0.295,0.245,0.295,0.355,0.355,0.355,0.04,0.295,0.49,0.11,0.38,0.105,0.365,0.38,0.09,0.295,0.38,0.085,0.34,0.38,0.365,0.125,0.08,0.145,0.295,0.5,0.2,0.1,0.285,0.38,0.445,0.285,0.285,0.185,0.33,0.395,0.095,0.33,0.33,0.095,0.125,0.515,0.515,0.525,0.08,0.31,0.18,0.295,0.085,0.125,0.08,0.405,0.175,0.31,0.16,0.175,0.07,0.13,0.06,0.535,0.12,0.805,0.535,0.19,0.16,0.425,0.155,0.065,0.175,0.41,0.785,0.575,0.8,0.41,0.47,0.07,0.34,0.8,0.47,0.135,0.47,0.41,0.33,0.82,0.77,0.875,0.73,0.14,0.695,0.32,0.78,0.905,0.77,0.67,0.795,0.79,0.675,0.71,0.72,0.84,0.81,0.95
0.955,0.955,0.905,0.905,0.375,0.23,0.93,0.875,0.245,0.78,0.875,0.88,0.94,0.375,0.88,0.875,0.94,0.375,0.125,0.94,0.965,0.74,0.965,0.89,0.94,0.93,0.89,0.875,0.825,0.78,0.825,0.74,0.74,0.84,0.945,0.84,0.85,0.945,0.74,0.85,0.81,0.84,0.82,1.0,0.84,0.85,0.265,0.82,0.86,0.82,0.22,0.8,0.275,0.76,0.76,0.76,0.725,0.735,0.735,0.735,0.715,0.76,0.725,0.76,0.275,0.715,0.825,0.905,0.825,0.295,0.295,0.295,0.795,0.67,1.0,0.335,0.465,0.78,0.375,0.465,0.515,0.67,0.27,0.33,0.92,0.27,0.375,0.31,0.475,0.89,0.67,1.0,0.335,0.34,0.515,0.27,0.46,0.515,0.515,0.32,0.34,0.505,0.78,0.34,0.34,0.77,0.205,0.37,0.37,0.295,0.52,0.17,0.105,0.18,0.24,0.87,0.965,0.505,0.13,0.17,0.205,0.115,0.945,0.115,0.505,0.395,0.895,0.03,0.395,0.475,0.13,0.28,0.13,0.405,0.855,0.585,0.03,0.3,0.035,0.585,0.595,0.955,0.465,0.02,0.595,0.885,0.595,0.585,0.43,0.52,0.02,0.445,0.08,0.88,0.08,0.455,0.07,0.475,0.085,0.02,0.08,0.105,0.07,0.075,0.065,0.075,0.06,0.09
0.51,0.51,0.5,0.5,0.17,0.755,0.265,0.21,0.75,0.31,0.21,0.27,0.245,0.17,0.27,0.21,0.245,0.17,0.275,0.245,0.48,0.255,0.48,0.245,0.245,0.265,0.245,0.21,0.245,0.31,0.245,0.255,0.155,0.34,0.4,0.34,0.215,0.4,0.155,0.215,0.8,0.34,0.195,0.3,0.34,0.215,0.365,0.195,0.495,0.195,0.86,0.71,0.115,0.13,0.285,0.13,0.115,0.235,0.235,0.235,0.23,0.285,0.115,0.285,0.115,0.23,0.3,0.45,0.3,0.165,0.165,0.165,0.775,0.165,0.285,0.445,0.205,0.46,0.26,0.205,0.535,0.165,0.14,0.505,0.615,0.14,0.26,0.36,0.425,0.52,0.165,0.27,0.42,0.52,0.28,0.14,0.285,0.28,0.28,0.34,0.365,0.355,0.465,0.365,0.365,0.415,0.39,0.18,0.18,0.16,0.115,0.08,0.17,0.09,0.465,0.565,0.67,0.25,0.165,0.08,0.405,0.155,0.505,0.16,0.425,0.22,0.51,0.35,0.22,0.13,0.175,0.16,0.16,0.11,0.515,0.22,0.29,0.195,0.25,0.22,0.24,0.45,0.47,0.66,0.24,0.495,0.24,0.22,0.47,0.425,0.49,0.305,0.27,0.565,0.425,0.37,0.62,0.295,0.595,0.535,0.57,0.26,0.39,0.365,0.32,0.545,0.63,0.79
0.32,0.32,0.315,0.315,0.66,0.99,0.305,0.335,0.99,0.44,0.335,0.295,0.335,0.66,0.295,0.335,0.335,0.66,0.63,0.335,0.195,0.49,0.195,0.455,0.335,0.305,0.455,0.335,0.505,0.44,0.505,0.49,0.145,0.335,0.39,0.335,0.975,0.39,0.145,0.975,0.39,0.335,0.93,0.835,0.335,0.975,0.64,0.93,0.955,0.93,0.955,0.33,0.465,0.095,0.945,0.095,0.105,0.905,0.905,0.905,0.525,0.945,0.105,0.945,0.465,0.525,0.365,0.97,0.365,0.52,0.52,0.52,0.505,0.73,0.83,0.525,0.47,0.18,0.54,0.47,0.325,0.73,0.54,0.36,0.945,0.54,0.54,0.43,0.345,0.255,0.73,0.835,0.565,0.41,0.49,0.54,0.58,0.49,0.49,0.46,0.49,0.84,0.185,0.49,0.49,0.175,0.485,0.525,0.525,0.49,0.91,0.285,0.98,0.28,0.37,0.26,0.535,0.705,0.945,0.285,0.53,0.94,0.56,0.955,0.395,0.71,0.31,0.935,0.71,0.595,0.88,0.52,0.875,0.905,0.345,0.855,0.94,0.705,0.91,0.855,0.915,0.47,0.55,0.915,0.915,0.365,0.915,0.855,0.595,0.985,0.92,0.985,0.93,0.355,0.91,0.695,0.325,0.985,0.38,0.87,0.36,0.935,0.9,0.9,0.94,0.335,0.355,0.91
0.78,0.78,0.725,0.725,0.25,0.905,0.66,0.705,0.91,0.565,0.705,0.7,0.82,0.25,0.7,0.705,0.82,0.25,0.67,0.82,0.88,0.515,0.88,0.79,0.82,0.66,0.79,0.705,0.705,0.565,0.705,0.515,0.265,0.83,0.765,0.83,0.135,0.765,0.265,0.135,0.84,0.83,0.145,0.51,0.83,0.135,0.77,0.145,0.715,0.145,0.87,0.765,0.105,0.21,0.11,0.21,0.2,0.12,0.12,0.12,0.545,0.11,0.2,0.11,0.105,0.545,0.795,0.795,0.795,0.06,0.06,0.06,0.945,0.235,0.54,0.825,0.045,0.855,0.045,0.045,0.825,0.235,0.08,0.755,0.775,0.08,0.045,0.82,0.79,0.955,0.235,0.49,0.825,0.82,0.025,0.08,0.785,0.025,0.025,0.81,0.04,0.12,0.855,0.04,0.04,0.84,0.69,0.245,0.245,0.21,0.255,0.615,0.8,0.55,0.73,0.965,0.865,0.11,0.8,0.615,0.685,0.8,0.875,0.715,0.79,0.285,0.89,0.72,0.285,0.495,0.74,0.09,0.775,0.275,0.88,0.045,0.755,0.25,0.55,0.045,0.055,0.8,0.155,0.575,0.055,0.94,0.055,0.045,0.14,0.61,0.58,0.635,0.665,0.935,0.545,0.11,0.665,0.625,0.575,0.55,0.61,0.445,0.795,0.605,0.85,0.565,0.64,0.58
0.515,0.515,0.51,0.51,0.73,0.09,0.4,0.39,0.09,0.575,0.39,0.42,0.345,0.73,0.42,0.39,0.345,0.73,0.955,0.345,0.725,0.635,0.725,0.4,0.345,0.4,0.4,0.39,0.465,0.575,0.465,0.635,0.375,0.59,0.53,0.59,0.775,0.53,0.375,0.775,0.04,0.59,0.825,0.655,0.59,0.775,0.865,0.825,0.345,0.825,0.06,0.045,0.61,0.375,0.865,0.375,0.375,0.805,0.805,0.805,0.645,0.865,0.375,0.865,0.61,0.645,0.63,0.38,0.63,0.44,0.44,0.44,0.035,0.725,0.67,0.695,0.585,0.11,0.56,0.585,0.18,0.725,0.635,0.735,0.33,0.635,0.56,0.68,0.21,0.16,0.725,0.68,0.71,0.755,0.365,0.635,0.925,0.365,0.365,0.7,0.325,0.705,0.12,0.325,0.325,0.105,0.66,0.95,0.95,0.945,0.675,0.6,0.61,0.615,0.79,0.195,0.175,0.715,0.575,0.6,0.64,0.605,0.15,0.69,0.195,0.965,0.13,0.88,0.965,0.575,0.595,0.585,0.645,0.6,0.145,0.87,0.96,0.955,0.94,0.87,0.895,0.175,0.245,0.96,0.895,0.145,0.895,0.87,0.235,0.915,0.97,0.935,0.015,0.175,0.015,0.445,0.015,0.94,0.02,0.96,0.02,0.02,0.015,0.015,0.015,0.02,0.015,0.015
0.425,0.425,0.42,0.42,0.33,0.36,0.38,0.61,0.37,0.36,0.61,0.34,0.525,0.33,0.34,0.61,0.525,0.33,0.335,0.525,0.635,0.405,0.635,0.445,0.525,0.38,0.445,0.61,0.56,0.36,0.56,0.405,0.16,0.675,0.52,0.675,0.29,0.52,0.16,0.29,0.77,0.675,0.47,0.695,0.675,0.29,0.405,0.47,0.94,0.47,0.385,0.865,0.7,0.12,0.205,0.12,0.12,0.335,0.335,0.335,0.47,0.205,0.12,0.205,0.7,0.47,0.595,0.9,0.595,0.685,0.685,0.685,0.825,0.435,0.595,0.625,0.865,0.47,0.8,0.865,0.78,0.435,0.53,0.69,0.93,0.53,0.8,0.63,0.735,0.505,0.435,0.585,0.595,0.705,0.705,0.53,0.205,0.705,0.705,0.595,0.64,0.775,0.53,0.64,0.64,0.655,0.735,0.575,0.575,0.585,0.525,0.525,0.7,0.54,0.81,0.535,0.425,0.84,0.71,0.525,0.735,0.69,0.345,0.84,0.74,0.505,0.695,0.365,0.505,0.49,0.82,0.78,0.795,0.455,0.575,0.25,0.395,0.54,0.21,0.25,0.23,0.67,0.535,0.405,0.23,0.4,0.23,0.25,0.52,0.435,0.31,0.49,0.555,0.49,0.38,0.65,0.38,0.485,0.42,0.35,0.42,0.515,0.485,0.525,0.605,0.6,0.565,0.605
0.975,0.975,0.975,0.975,0.925,0.065,1.0,0.975,0.065,0.86,0.975,0.98,0.985,0.925,0.98,0.975,0.985,0.925,0.685,0.985,0.995,0.85,0.995,0.98,0.985,1.0,0.98,0.975,0.98,0.86,0.98,0.85,0.76,0.975,0.985,0.975,0.98,0.985,0.76,0.98,0.14,0.975,0.97,0.555,0.975,0.98,0.685,0.97,0.315,0.97,0.075,0.145,0.805,0.805,0.955,0.805,0.8,0.97,0.97,0.97,0.87,0.955,0.8,0.955,0.805,0.87,0.97,0.36,0.97,0.945,0.945,0.945,0.105,0.94,0.63,0.04,0.835,0.615,0.83,0.835,0.07,0.94,0.83,0.045,0.365,0.83,0.83,0.04,0.085,0.67,0.94,0.54,0.03,0.055,0.945,0.83,0.72,0.945,0.945,0.035,0.93,0.9,0.65,0.93,0.93,0.695,0.04,0.015,0.015,0.015,0.015,0.005,0.05,0.005,0.055,0.68,0.315,0.875,0.05,0.005,0.04,0.05,0.27,0.05,0.07,0.015,0.725,0.65,0.015,0.01,0.055,0.86,0.05,0.01,0.41,0.85,0.565,0.015,0.765,0.85,0.84,0.475,0.015,0.525,0.84,0.345,0.84,0.85,0.015,0.77,0.545,0.785,0.76,0.36,0.64,0.015,0.71,0.77,0.8,0.545,0.81,0.73,0.785,0.63,0.725,0.82,0.8,0.72
0.945,0.945,0.93,0.93,0.545,0.215,0.895,0.97,0.205,0.815,0.97,0.9,0.935,0.545,0.9,0.97,0.935,0.545,0.27,0.935,0.905,0.82,0.905,0.91,0.935,0.895,0.91,0.97,0.925,0.815,0.925,0.82,0.845,0.965,0.95,0.965,0.675,0.95,0.845,0.675,0.75,0.965,0.67,0.775,0.965,0.675,0.325,0.67,0.64,0.67,0.175,0.795,0.365,0.88,0.62,0.88,0.885,0.595,0.595,0.595,0.855,0.62,0.885,0.62,0.365,0.855,0.93,0.635,0.93,0.695,0.695,0.695,0.82,0.695,0.81,0.725,0.485,0.575,0.52,0.485,0.58,0.695,0.435,0.745,0.655,0.435,0.52,0.71,0.6,0.415,0.695,0.82,0.705,0.64,0.685,0.435,0.84,0.685,0.685,0.67,0.68,0.41,0.585,0.68,0.68,0.61,0.685,0.825,0.825,0.84,0.17,0.82,0.52,0.775,0.58,0.425,0.405,0.415,0.5,0.82,0.655,0.5,0.43,0.39,0.61,0.79,0.46,0.035,0.79,0.335,0.425,0.38,0.415,0.15,0.4,0.7,0.04,0.795,0.025,0.7,0.63,0.3,0.03,0.47,0.63,0.41,0.63,0.7,0.03,0.42,0.41,0.43,0.07,0.4,0.09,0.03,0.475,0.44,0.65,0.41,0.64,0.07,0.065,0.1,0.09,0.25,0.315,0.28
0.695,0.695,0.6,0.6,0.615,0.115,0.635,0.63,0.115,0.95,0.63,0.695,0.55,0.615,0.695,0.63,0.55,0.615,0.845,0.55,0.765,0.95,0.765,0.57,0.55,0.635,0.57,0.63,0.645,0.95,0.645,0.95,0.825,0.605,0.705,0.605,0.485,0.705,0.825,0.485,0.09,0.605,0.44,0.81,0.605,0.485,0.615,0.44,0.93,0.44,0.16,0.085,0.285,0.825,0.64,0.825,0.865,0.63,0.63,0.63,0.96,0.64,0.865,0.64,0.285,0.96,0.635,0.865,0.635,0.27,0.27,0.27,0.08,0.585,0.72,0.365,0.365,0.695,0.38,0.365,0.165,0.585,0.515,0.175,0.91,0.515,0.38,0.27,0.165,0.755,0.585,0.745,0.34,0.195,0.315,0.515,0.95,0.315,0.315,0.305,0.305,0.435,0.76,0.305,0.305,0.83,0.175,0.38,0.38,0.4,0.605,0.56,0.455,0.515,0.1,0.8,0.255,0.445,0.42,0.56,0.175,0.4,0.25,0.475,0.115,0.415,0.95,0.905,0.415,0.645,0.495,0.355,0.455,0.625,0.96,0.305,0.93,0.39,0.995,0.305,0.31,0.41,0.475,0.85,0.31,0.81,0.31,0.305,0.505,0.775,0.925,0.83,0.975,0.86,0.89,0.48,0.765,0.83,0.925,0.905,0.925,0.905,0.945,0.925,0.95,0.34,0.365,0.035
0.475,0.475,0.44,0.44,0.14,0.775,0.29,0.645,0.785,0.955,0.645,0.32,0.575,0.14,0.32,0.645,0.575,0.14,0.235,0.575,0.565,0.97,0.565,0.65,0.575,0.29,0.65,0.645,0.685,0.955,0.685,0.97,0.99,0.74,0.555,0.74,0.24,0.555,0.99,0.24,0.925,0.74,0.265,0.42,0.74,0.24,0.285,0.265,0.54,0.265,0.65,0.91,0.175,0.99,0.12,0.99,0.99,0.17,0.17,0.17,0.995,0.12,0.99,0.12,0.175,0.995,0.815,0.56,0.815,0.075,0.075,0.075,0.77,0.215,0.395,0.865,0.095,0.655,0.05,0.095,0.76,0.215,0.185,0.88,0.575,0.185,0.05,0.84,0.675,0.66,0.215,0.405,0.855,0.89,0.05,0.185,0.305,0.05,0.05,0.835,0.01,0.09,0.655,0.01,0.01,0.775,0.86,0.16,0.16,0.155,0.59,0.235,0.665,0.23,0.88,0.65,0.515,0.125,0.665,0.235,0.855,0.67,0.47,0.615,0.835,0.17,0.96,0.775,0.17,0.685,0.71,0.155,0.7,0.635,0.97,0.205,0.99,0.175,0.725,0.205,0.145,0.81,0.295,0.83,0.145,0.815,0.145,0.205,0.295,0.845,0.73,0.815,0.44,0.865,0.645,0.27,0.73,0.815,0.79,0.725,0.785,0.4,0.66,0.725,0.735,0.8,0.76,0.365
0.025,0.025,0.04,0.04,0.565,0.185,0.01,0.005,0.17,0.005,0.005,0.01,0.005,0.565,0.01,0.005,0.005,0.565,0.75,0.005,0.05,0.01,0.05,0.005,0.005,0.01,0.005,0.005,0.01,0.005,0.01,0.01,0.15,0.005,0.01,0.005,0.835,0.01,0.15,0.835,0.44,0.005,0.8,0.145,0.005,0.835,0.56,0.8,0.525,0.8,0.245,0.515,0.845,0.075,0.8,0.075,0.07,0.7,0.7,0.7,0.01,0.8,0.07,0.8,0.845,0.01,0.01,0.47,0.01,0.94,0.94,0.94,0.49,0.69,0.135,0.555,0.645,0.16,0.68,0.645,0.5,0.69,0.645,0.31,0.455,0.645,0.68,0.575,0.38,0.15,0.69,0.125,0.56,0.37,0.72,0.645,0.26,0.72,0.72,0.57,0.78,0.73,0.165,0.78,0.78,0.14,0.445,0.975,0.975,0.91,0.745,0.63,0.49,0.71,0.29,0.145,0.695,0.755,0.48,0.63,0.44,0.505,0.66,0.35,0.45,0.855,0.225,0.81,0.855,0.35,0.38,0.94,0.405,0.54,0.26,0.38,0.77,0.6,0.885,0.38,0.365,0.55,0.16,0.745,0.365,0.23,0.365,0.38,0.165,0.84,0.67,0.66,0.745,0.2,0.595,0.15,0.79,0.665,0.695,0.655,0.655,0.735,0.585,0.685,0.655,0.815,0.805,0.995
0.43,0.43,0.46,0.46,0.76,0.565,0.5,0.435,0.615,0.935,0.435,0.595,0.39,0.76,0.595,0.435,0.39,0.76,0.55,0.39,0.45,0.905,0.45,0.39,0.39,0.5,0.39,0.435,0.51,0.935,0.51,0.905,0.9,0.45,0.66,0.45,0.42,0.66,0.9,0.42,0.965,0.45,0.345,0.485,0.45,0.42,0.585,0.345,0.455,0.345,0.705,0.99,0.745,0.885,0.355,0.885,0.86,0.32,0.32,0.32,0.955,0.355,0.86,0.355,0.745,0.955,0.465,0.515,0.465,0.61,0.61,0.61,0.965,0.425,0.535,0.87,0.81,0.665,0.82,0.81,0.96,0.425,0.61,0.865,0.46,0.61,0.82,0.845,0.965,0.57,0.425,0.565,0.875,0.92,0.445,0.61,0.775,0.445,0.445,0.84,0.63,0.365,0.68,0.63,0.63,0.525,0.865,0.835,0.835,0.875,0.57,0.775,0.715,0.79,0.89,0.575,0.795,0.385,0.74,0.775,0.865,0.715,0.815,0.82,0.95,0.82,0.56,0.3,0.82,0.715,0.865,0.36,0.85,0.52,0.63,0.54,0.63,0.855,0.41,0.54,0.65,0.885,0.405,0.955,0.65,0.68,0.65,0.54,0.45,0.99,0.965,0.99,0.3,0.715,0.47,0.385,0.89,0.99,0.815,0.975,0.815,0.29,0.405,0.415,0.39,0.515,0.52,0.235
0.165,0.165,0.19,0.19,0.43,0.82,0.055,0.035,0.82,0.025,0.035,0.045,0.05,0.43,0.045,0.035,0.05,0.43,0.17,0.05,0.095,0.025,0.095,0.04,0.05,0.055,0.04,0.035,0.025,0.025,0.025,0.025,0.03,0.03,0.04,0.03,0.61,0.04,0.03,0.61,0.4,0.03,0.475,0.335,0.03,0.61,0.18,0.475,0.66,0.475,0.885,0.38,0.34,0.045,0.545,0.045,0.045,0.505,0.505,0.505,0.04,0.545,0.045,0.545,0.34,0.04,0.03,0.625,0.03,0.285,0.285,0.285,0.47,0.625,0.355,0.265,0.17,0.13,0.15,0.17,0.285,0.625,0.39,0.29,0.645,0.39,0.15,0.28,0.28,0.095,0.625,0.35,0.225,0.3,0.135,0.39,0.43,0.135,0.135,0.235,0.145,0.205,0.135,0.145,0.145,0.11,0.285,0.55,0.55,0.645,0.82,0.59,0.86,0.585,0.325,0.12,0.38,0.22,0.855,0.59,0.25,0.845,0.36,0.92,0.38,0.65,0.165,0.165,0.65,0.665,0.925,0.315,0.93,0.84,0.295,0.355,0.165,0.65,0.245,0.355,0.44,0.425,0.925,0.11,0.44,0.15,0.44,0.355,0.935,0.06,0.15,0.095,0.385,0.255,0.345,0.945,0.35,0.08,0.225,0.135,0.25,0.36,0.34,0.355,0.345,0.265,0.25,0.285
0.815,0.815,0.915,0.915,0.585,0.04,0.545,0.43,0.04,0.79,0.43,0.45,0.515,0.585,0.45,0.43,0.515,0.585,0.51,0.515,0.645,0.595,0.645,0.485,0.515,0.545,0.485,0.43,0.43,0.79,0.43,0.595,0.795,0.38,0.46,0.38,0.32,0.46,0.795,0.32,0.035,0.38,0.27,0.245,0.38,0.32,0.555,0.27,0.625,0.27,0.045,0.04,0.435,0.83,0.47,0.83,0.845,0.425,0.425,0.425,0.64,0.47,0.845,0.47,0.435,0.64,0.315,0.68,0.315,0.375,0.375,0.375,0.055,0.38,0.3,0.035,0.625,0.83,0.605,0.625,0.035,0.38,0.33,0.035,0.56,0.33,0.605,0.035,0.04,0.865,0.38,0.205,0.04,0.035,0.58,0.33,0.955,0.58,0.58,0.04,0.66,0.675,0.795,0.66,0.66,0.72,0.035,0.36,0.36,0.375,0.76,0.4,0.03,0.385,0.035,0.835,0.96,0.625,0.03,0.4,0.03,0.03,0.94,0.035,0.035,0.46,0.77,0.265,0.46,0.77,0.035,0.555,0.035,0.705,0.91,0.47,0.25,0.45,0.29,0.47,0.425,0.82,0.93,0.38,0.425,0.86,0.425,0.47,0.945,0.23,0.285,0.24,0.41,0.805,0.325,0.925,0.455,0.25,0.505,0.285,0.495,0.425,0.45,0.22,0.38,0.39,0.385,0.385
0.42,0.42,0.365,0.365,0.4,0.32,0.22,0.77,0.335,0.96,0.77,0.25,0.59,0.4,0.25,0.77,0.59,0.4,0.6,0.59,0.23,0.965,0.23,0.535,0.59,0.22,0.535,0.77,0.675,0.96,0.675,0.965,0.72,0.695,0.25,0.695,0.505,0.25,0.72,0.505,0.61,0.695,0.465,0.69,0.695,0.505,0.445,0.465,0.63,0.465,0.575,0.695,0.715,0.845,0.53,0.845,0.715,0.46,0.46,0.46,0.98,0.53,0.715,0.53,0.715,0.98,0.625,0.62,0.625,0.74,0.74,0.74,0.76,0.675,0.75,0.76,0.69,0.745,0.685,0.69,0.915,0.675,0.82,0.84,0.635,0.82,0.685,0.76,0.925,0.715,0.675,0.74,0.755,0.855,0.68,0.82,0.62,0.68,0.68,0.755,0.665,0.78,0.735,0.665,0.665,0.7,0.79,0.295,0.295,0.175,0.505,0.64,0.615,0.605,0.86,0.745,0.495,0.78,0.635,0.64,0.8,0.625,0.5,0.735,0.9,0.18,0.67,0.355,0.18,0.545,0.725,0.85,0.75,0.67,0.285,0.8,0.62,0.105,0.15,0.8,0.835,0.57,0.68,0.175,0.835,0.36,0.835,0.8,0.675,0.155,0.215,0.14,0.145,0.35,0.185,0.52,0.195,0.145,0.365,0.23,0.375,0.2,0.18,0.255,0.21,0.645,0.66,0.16
0.735,0.735,0.785,0.785,0.125,0.33,0.37,0.3,0.31,0.99,0.3,0.395,0.28,0.125,0.395,0.3,0.28,0.125,0.8,0.28,0.86,0.98,0.86,0.27,0.28,0.37,0.27,0.3,0.28,0.99,0.28,0.98,0.965,0.52,0.64,0.52,0.165,0.64,0.965,0.165,0.625,0.52,0.13,0.09,0.52,0.165,0.795,0.13,0.225,0.13,0.31,0.56,0.09,0.975,0.185,0.975,0.975,0.14,0.14,0.14,0.94,0.185,0.975,0.185,0.09,0.94,0.48,0.25,0.48,0.18,0.18,0.18,0.84,0.125,0.145,0.8,0.185,0.425,0.205,0.185,0.7,0.125,0.07,0.455,0.265,0.07,0.205,0.795,0.695,0.515,0.125,0.15,0.73,0.48,0.34,0.07,0.985,0.34,0.34,0.71,0.395,0.195,0.49,0.395,0.395,0.3,0.825,0.115,0.115,0.11,0.135,0.34,0.63,0.355,0.595,0.59,0.285,0.185,0.615,0.34,0.82,0.61,0.3,0.655,0.66,0.155,0.295,0.76,0.155,0.255,0.615,0.12,0.625,0.16,0.34,0.155,0.745,0.155,0.735,0.155,0.185,0.24,0.265,0.65,0.185,0.565,0.185,0.155,0.26,0.605,0.64,0.5,0.78,0.665,0.76,0.195,0.92,0.565,0.775,0.645,0.765,0.675,0.86,0.78,0.865,0.76,0.815,0.83
0.57,0.57,0.55,0.55,0.595,0.625,0.365,0.965,0.61,0.91,0.965,0.52,0.97,0.595,0.52,0.965,0.97,0.595,0.91,0.97,0.435,0.935,0.435,0.95,0.97,0.365,0.95,0.965,0.955,0.91,0.955,0.935,0.815,0.96,0.495,0.96,0.34,0.495,0.815,0.34,0.695,0.96,0.36,0.675,0.96,0.34,0.87,0.36,0.76,0.36,0.69,0.75,0.665,0.8,0.445,0.8,0.795,0.495,0.495,0.495,0.935,0.445,0.795,0.445,0.665,0.935,0.96,0.8,0.96,0.59,0.59,0.59,0.595,0.51,0.835,0.59,0.27,0.93,0.17,0.27,0.67,0.51,0.615,0.7,0.78,0.615,0.17,0.57,0.63,0.94,0.51,0.86,0.57,0.68,0.225,0.615,0.94,0.225,0.225,0.53,0.125,0.235,0.905,0.125,0.125,0.935,0.525,0.39,0.39,0.405,0.165,0.125,0.485,0.1,0.605,0.935,0.555,0.325,0.465,0.125,0.465,0.475,0.495,0.53,0.595,0.295,0.94,0.135,0.295,0.105,0.5,0.755,0.505,0.135,0.6,0.28,0.155,0.28,0.175,0.28,0.255,0.495,0.39,0.145,0.255,0.675,0.255,0.28,0.395,0.095,0.17,0.12,0.1,0.68,0.07,0.46,0.24,0.115,0.21,0.165,0.17,0.09,0.085,0.065,0.085,0.315,0.275,0.32
0.055,0.055,0.07,0.07,0.75,0.195,0.085,0.065,0.2,0.055,0.065,0.09,0.075,0.75,0.09,0.065,0.075,0.75,0.36,0.075,0.155,0.065,0.155,0.065,0.075,0.085,0.065,0.065,0.075,0.055,0.075,0.065,0.035,0.085,0.1,0.085,0.735,0.1,0.035,0.735,0.305,0.085,0.78,0.955,0.085,0.735,0.465,0.78,0.39,0.78,0.23,0.285,0.48,0.035,0.795,0.035,0.03,0.82,0.82,0.82,0.085,0.795,0.03,0.795,0.48,0.085,0.075,0.27,0.075,0.855,0.855,0.855,0.29,0.79,0.95,0.14,0.675,0.405,0.625,0.675,0.205,0.79,0.555,0.205,0.305,0.555,0.625,0.16,0.23,0.475,0.79,0.985,0.14,0.16,0.88,0.555,0.75,0.88,0.88,0.15,0.875,0.57,0.43,0.875,0.875,0.405,0.195,0.79,0.79,0.79,0.145,0.975,0.255,0.955,0.235,0.495,0.755,0.56,0.255,0.975,0.2,0.25,0.695,0.345,0.295,0.7,0.49,0.385,0.7,0.205,0.26,0.525,0.235,0.17,0.485,0.555,0.44,0.675,0.655,0.555,0.515,0.595,0.175,0.99,0.515,0.52,0.515,0.555,0.18,0.85,0.875,0.795,0.695,0.515,0.495,0.13,0.605,0.84,0.49,0.895,0.43,0.68,0.52,0.625,0.66,0.395,0.445,0.52
0.625,0.625,0.605,0.605,0.295,0.28,0.56,0.565,0.285,0.37,0.565,0.61,0.505,0.295,0.61,0.565,0.505,0.295,0.505,0.505,0.63,0.48,0.63,0.46,0.505,0.56,0.46,0.565,0.52,0.37,0.52,0.48,0.185,0.54,0.575,0.54,0.445,0.575,0.185,0.445,0.915,0.54,0.61,0.16,0.54,0.445,0.605,0.61,0.16,0.61,0.26,0.87,0.705,0.255,0.495,0.255,0.26,0.565,0.565,0.565,0.415,0.495,0.26,0.495,0.705,0.415,0.47,0.28,0.47,0.575,0.575,0.575,0.615,0.4,0.17,1.0,0.67,0.41,0.775,0.67,0.64,0.4,0.75,0.77,0.28,0.75,0.775,1.0,0.645,0.34,0.4,0.14,0.995,0.76,0.645,0.75,0.38,0.645,0.645,1.0,0.625,0.81,0.41,0.625,0.625,0.32,0.99,0.755,0.755,0.86,0.97,0.845,1.0,0.8,0.72,0.35,0.34,0.73,0.995,0.845,0.99,0.995,0.34,0.975,0.72,0.76,0.26,0.175,0.76,0.96,0.995,0.665,0.995,0.91,0.29,0.82,0.515,0.81,0.14,0.82,0.87,0.255,0.145,0.81,0.87,0.265,0.87,0.82,0.145,0.73,0.935,0.725,0.14,0.28,0.225,0.08,0.415,0.72,0.26,0.875,0.21,0.185,0.235,0.335,0.33,0.115,0.245,0.165
0.46,0.46,0.53,0.53,0.05,0.765,0.405,0.325,0.8,0.33,0.325,0.28,0.465,0.05,0.28,0.325,0.465,0.05,0.04,0.465,0.445,0.28,0.445,0.43,0.465,0.405,0.43,0.325,0.33,0.33,0.33,0.28,0.435,0.405,0.345,0.405,0.045,0.345,0.435,0.045,0.74,0.405,0.07,0.48,0.405,0.045,0.055,0.07,0.655,0.07,0.785,0.78,0.395,0.49,0.05,0.49,0.505,0.085,0.085,0.085,0.315,0.05,0.505,0.05,0.395,0.315,0.405,0.575,0.405,0.395,0.395,0.395,0.745,0.035,0.47,0.79,0.455,0.37,0.43,0.455,0.56,0.035,0.205,0.61,0.555,0.205,0.43,0.78,0.69,0.07,0.035,0.38,0.8,0.615,0.425,0.205,0.035,0.425,0.425,0.795,0.4,0.095,0.335,0.4,0.4,0.535,0.76,0.12,0.12,0.12,0.365,0.14,0.91,0.16,0.545,0.065,0.11,0.09,0.915,0.14,0.74,0.89,0.105,0.875,0.67,0.1,0.095,0.065,0.1,0.405,0.86,0.08,0.84,0.255,0.12,0.255,0.06,0.09,0.075,0.255,0.19,0.115,0.11,0.12,0.19,0.08,0.19,0.255,0.105,0.05,0.165,0.045,0.165,0.07,0.12,0.125,0.22,0.05,0.27,0.17,0.26,0.145,0.15,0.115,0.145,0.21,0.21,0.22
0.665,0.665,0.645,0.645,0.205,0.97,0.72,0.67,0.965,0.905,0.67,0.725,0.665,0.205,0.725,0.67,0.665,0.205,0.085,0.665,0.66,0.885,0.66,0.76,0.665,0.72,0.76,0.67,0.775,0.905,0.775,0.885,0.77,0.63,0.77,0.63,0.11,0.77,0.77,0.11,0.73,0.63,0.08,0.06,0.63,0.11,0.07,0.08,0.09,0.08,0.99,0.69,0.125,0.71,0.1,0.71,0.76,0.08,0.08,0.08,0.89,0.1,0.76,0.1,0.125,0.89,0.76,0.09,0.76,0.13,0.13,0.13,0.635,0.18,0.08,0.81,0.11,0.3,0.18,0.11,0.81,0.18,0.115,0.885,0.105,0.115,0.18,0.835,0.805,0.29,0.18,0.075,0.81,0.835,0.11,0.115,0.105,0.11,0.11,0.845,0.15,0.23,0.345,0.15,0.15,0.445,0.815,0.355,0.355,0.31,0.33,0.395,0.775,0.395,0.855,0.355,0.625,0.16,0.79,0.395,0.835,0.77,0.575,0.9,0.77,0.29,0.6,0.395,0.29,0.845,0.895,0.15,0.895,0.425,0.525,0.1,0.475,0.285,0.495,0.1,0.135,0.465,0.095,0.33,0.135,0.585,0.135,0.1,0.09,0.15,0.36,0.2,0.29,0.73,0.23,0.145,0.225,0.175,0.435,0.4,0.4,0.265,0.22,0.215,0.255,0.525,0.475,0.275
0.62,0.62,0.54,0.54,0.68,0.435,0.45,0.53,0.39,0.705,0.53,0.575,0.415,0.68,0.575,0.53,0.415,0.68,0.985,0.415,0.38,0.725,0.38,0.435,0.415,0.45,0.435,0.53,0.525,0.705,0.525,0.725,0.87,0.385,0.42,0.385,0.87,0.42,0.87,0.87,0.775,0.385,0.865,0.735,0.385,0.87,0.95,0.865,0.885,0.865,0.335,0.915,0.43,0.84,0.74,0.84,0.85,0.74,0.74,0.74,0.7,0.74,0.85,0.74,0.43,0.7,0.415,0.995,0.415,0.245,0.245,0.245,0.91,0.825,0.795,0.655,0.345,0.865,0.435,0.345,0.84,0.825,0.495,0.715,0.995,0.495,0.435,0.66,0.885,0.915,0.825,0.83,0.83,0.725,0.29,0.495,0.905,0.29,0.29,0.8,0.285,0.51,0.885,0.285,0.285,0.825,0.78,0.98,0.98,0.955,0.49,0.905,0.87,0.88,0.84,0.9,0.65,0.515,0.86,0.905,0.83,0.87,0.665,0.945,0.91,0.97,0.835,0.79,0.97,0.34,0.94,0.415,0.945,0.465,0.825,0.615,0.875,0.96,0.73,0.615,0.715,0.575,0.595,0.6,0.715,0.775,0.715,0.615,0.615,0.43,0.535,0.505,0.75,0.79,0.83,0.345,0.795,0.545,0.785,0.53,0.755,0.765,0.825,0.845,0.82,0.655,0.71,0.855
0.16,0.16,0.52,0.52,0.85,0.21,0.61,0.425,0.22,0.525,0.425,0.51,0.65,0.85,0.51,0.425,0.65,0.85,0.665,0.65,0.24,0.425,0.24,0.685,0.65,0.61,0.685,0.425,0.405,0.525,0.405,0.425,0.68,0.41,0.27,0.41,0.56,0.27,0.68,0.56,0.47,0.41,0.58,0.23,0.41,0.56,0.775,0.58,0.585,0.58,0.235,0.49,0.825,0.31,0.485,0.31,0.315,0.555,0.555,0.555,0.3,0.485,0.315,0.485,0.825,0.3,0.53,0.58,0.53,0.84,0.84,0.84,0.335,0.88,0.31,0.93,0.74,0.84,0.71,0.74,0.705,0.88,0.735,0.65,0.625,0.735,0.71,0.885,0.665,0.895,0.88,0.315,0.93,0.685,0.83,0.735,0.875,0.83,0.83,0.895,0.82,0.765,0.88,0.82,0.82,0.785,0.875,0.765,0.765,0.795,0.87,0.575,0.89,0.69,0.67,0.89,0.605,0.79,0.89,0.575,0.875,0.905,0.7,0.905,0.635,0.74,0.91,0.345,0.74,0.755,0.93,0.855,0.925,0.865,0.89,0.53,0.415,0.77,0.37,0.53,0.535,0.53,0.585,0.95,0.535,0.93,0.535,0.53,0.575,1.0,0.975,1.0,0.55,0.895,0.7,0.575,0.02,1.0,0.015,0.95,0.015,0.585,0.655,0.65,0.62,0.015,0.02,0.025
0.02,0.02,0.035,0.035,0.685,0.135,0.02,0.01,0.145,0.01,0.01,0.015,0.01,0.685,0.015,0.01,0.01,0.685,0.785,0.01,0.01,0.005,0.01,0.01,0.01,0.02,0.01,0.01,0.005,0.01,0.005,0.005,0.45,0.01,0.015,0.01,0.925,0.015,0.45,0.925,0.045,0.01,0.91,0.03,0.01,0.925,0.925,0.91,0.035,0.91,0.19,0.065,0.95,0.475,0.93,0.475,0.445,0.87,0.87,0.87,0.005,0.93,0.445,0.93,0.95,0.005,0.005,0.04,0.005,0.975,0.975,0.975,0.13,0.655,0.025,0.125,0.845,0.085,0.865,0.845,0.2,0.655,0.78,0.16,0.04,0.78,0.865,0.135,0.18,0.09,0.655,0.025,0.11,0.14,0.99,0.78,0.65,0.99,0.99,0.115,0.995,0.935,0.08,0.995,0.995,0.085,0.13,0.965,0.965,0.965,0.99,0.73,0.165,0.825,0.15,0.09,0.025,0.91,0.21,0.73,0.13,0.205,0.03,0.145,0.155,0.88,0.1,0.02,0.88,0.81,0.14,0.935,0.125,0.985,0.15,0.625,0.015,0.915,0.015,0.625,0.705,0.02,0.735,0.045,0.705,0.175,0.705,0.625,0.765,0.025,0.05,0.01,0.05,0.16,0.06,0.8,0.075,0.01,0.14,0.045,0.15,0.055,0.055,0.06,0.055,0.125,0.13,0.15
0.98,0.98,0.99,0.99,0.54,0.265,0.95,0.915,0.26,0.76,0.915,0.925,0.895,0.54,0.925,0.915,0.895,0.54,0.395,0.895,0.98,0.77,0.98,0.88,0.895,0.95,0.88,0.915,0.89,0.76,0.89,0.77,0.79,0.78,0.865,0.78,0.26,0.865,0.79,0.26,0.06,0.78,0.33,0.015,0.78,0.26,0.52,0.33,0.045,0.33,0.205,0.06,0.75,0.965,0.19,0.965,0.96,0.19,0.19,0.19,0.71,0.19,0.96,0.19,0.75,0.71,0.82,0.055,0.82,0.675,0.675,0.675,0.075,0.65,0.015,0.075,0.765,0.285,0.725,0.765,0.06,0.65,0.62,0.1,0.055,0.62,0.725,0.08,0.06,0.13,0.65,0.015,0.075,0.11,0.73,0.62,0.215,0.73,0.73,0.055,0.72,0.56,0.22,0.72,0.72,0.25,0.055,0.53,0.53,0.57,0.985,0.805,0.12,0.795,0.075,0.1,0.295,0.555,0.17,0.805,0.065,0.165,0.305,0.15,0.055,0.595,0.14,0.975,0.595,0.985,0.195,0.65,0.19,0.995,0.17,0.62,0.975,0.64,1.0,0.62,0.585,0.28,0.66,0.945,0.585,0.16,0.585,0.62,0.655,0.815,0.88,0.825,0.91,0.105,0.95,0.685,0.46,0.79,0.47,0.885,0.475,0.945,0.905,0.95,0.895,0.745,0.775,0.61
0.255,0.255,0.18,0.18,0.23,0.985,0.125,0.35,0.98,0.54,0.35,0.145,0.31,0.23,0.145,0.35,0.31,0.23,0.5,0.31,0.27,0.6,0.27,0.52,0.31,0.125,0.52,0.35,0.585,0.54,0.585,0.6,0.255,0.545,0.165,0.545,0.685,0.165,0.255,0.685,0.815,0.545,0.54,0.165,0.545,0.685,0.525,0.54,0.615,0.54,0.96,0.92,0.54,0.235,0.635,0.235,0.25,0.465,0.465,0.465,0.625,0.635,0.25,0.635,0.54,0.625,0.645,0.405,0.645,0.3,0.3,0.3,0.9,0.28,0.095,0.72,0.94,0.605,0.955,0.94,0.545,0.28,0.35,0.725,0.405,0.35,0.955,0.725,0.565,0.6,0.28,0.09,0.695,0.71,0.885,0.35,0.675,0.885,0.885,0.705,0.985,0.785,0.575,0.985,0.985,0.6,0.675,0.72,0.72,0.75,0.405,0.515,0.565,0.53,0.665,0.48,0.685,0.805,0.59,0.515,0.695,0.565,0.64,0.695,0.575,0.845,0.68,0.425,0.845,0.445,0.775,0.245,0.74,0.38,0.685,0.725,0.32,0.88,0.36,0.725,0.72,0.56,0.035,0.265,0.72,0.57,0.72,0.725,0.035,0.31,0.335,0.34,0.285,0.635,0.375,0.05,0.65,0.335,0.48,0.325,0.505,0.325,0.38,0.285,0.31,0.56,0.53,0.39
0.105,0.105,0.09,0.09,0.53,0.525,0.27,0.465,0.54,0.625,0.465,0.29,0.405,0.53,0.29,0.465,0.405,0.53,0.64,0.405,0.075,0.585,0.075,0.5,0.405,0.27,0.5,0.465,0.495,0.625,0.495,0.585,0.425,0.345,0.18,0.345,0.55,0.18,0.425,0.55,0.52,0.345,0.53,0.21,0.345,0.55,0.745,0.53,0.2,0.53,0.535,0.365,0.485,0.39,0.515,0.39,0.37,0.525,0.525,0.525,0.62,0.515,0.37,0.515,0.485,0.62,0.43,0.15,0.43,0.645,0.645,0.645,0.38,0.535,0.235,0.475,0.755,0.215,0.755,0.755,0.63,0.535,0.41,0.43,0.2,0.41,0.755,0.465,0.47,0.37,0.535,0.45,0.505,0.39,0.795,0.41,0.66,0.795,0.795,0.47,0.8,0.47,0.28,0.8,0.8,0.36,0.59,0.685,0.685,0.655,0.32,0.89,0.85,0.9,0.51,0.505,0.45,0.47,0.845,0.89,0.575,0.835,0.675,0.72,0.605,0.69,0.54,0.545,0.69,0.24,0.72,0.405,0.71,0.35,0.535,0.48,0.51,0.66,0.625,0.48,0.465,0.64,0.46,0.41,0.465,0.44,0.465,0.48,0.495,0.385,0.35,0.39,0.37,0.505,0.355,0.395,0.41,0.38,0.3,0.365,0.29,0.38,0.355,0.34,0.335,0.69,0.675,0.485
0.59,0.59,0.58,0.58,0.855,0.055,0.62,0.585,0.055,0.7,0.585,0.62,0.57,0.855,0.62,0.585,0.57,0.855,0.795,0.57,0.76,0.8,0.76,0.595,0.57,0.62,0.595,0.585,0.61,0.7,0.61,0.8,0.42,0.785,0.87,0.785,0.585,0.87,0.42,0.585,0.145,0.785,0.605,0.58,0.785,0.585,0.85,0.605,0.765,0.605,0.055,0.14,0.405,0.435,0.575,0.435,0.43,0.59,0.59,0.59,0.76,0.575,0.43,0.575,0.405,0.76,0.705,0.35,0.705,0.43,0.43,0.43,0.085,0.95,0.505,0.07,0.415,0.525,0.395,0.415,0.1,0.95,0.595,0.07,0.35,0.595,0.395,0.07,0.09,0.555,0.95,0.51,0.065,0.09,0.325,0.595,0.92,0.325,0.325,0.065,0.38,0.565,0.535,0.38,0.38,0.69,0.065,0.61,0.61,0.69,0.705,0.92,0.04,0.92,0.04,0.51,0.68,0.55,0.045,0.92,0.06,0.035,0.705,0.06,0.12,0.725,0.735,0.75,0.725,0.945,0.04,0.66,0.04,0.605,0.86,0.52,0.71,0.755,0.67,0.52,0.59,0.775,0.85,0.48,0.59,0.645,0.59,0.52,0.82,0.335,0.55,0.47,0.82,0.555,0.885,0.825,0.895,0.46,0.895,0.51,0.89,0.83,0.845,0.855,0.83,0.985,0.975,0.925
0.21,0.21,0.205,0.205,0.92,0.595,0.31,0.26,0.62,0.835,0.26,0.355,0.195,0.92,0.355,0.26,0.195,0.92,0.21,0.195,0.16,0.845,0.16,0.235,0.195,0.31,0.235,0.26,0.3,0.835,0.3,0.845,0.765,0.195,0.26,0.195,0.49,0.26,0.765,0.49,0.53,0.195,0.525,0.72,0.195,0.49,0.23,0.525,0.99,0.525,0.72,0.51,0.725,0.835,0.315,0.835,0.825,0.28,0.28,0.28,0.82,0.315,0.825,0.315,0.725,0.82,0.255,0.955,0.255,0.715,0.715,0.715,0.405,0.665,0.73,0.86,0.595,0.915,0.61,0.595,0.815,0.665,0.685,0.845,0.97,0.685,0.61,0.88,0.815,0.925,0.665,0.715,0.815,0.865,0.75,0.685,0.185,0.75,0.75,0.855,0.765,0.66,0.865,0.765,0.765,0.92,0.77,0.345,0.345,0.35,0.81,0.28,0.82,0.38,0.76,0.875,0.505,0.645,0.865,0.28,0.765,0.86,0.53,0.725,0.68,0.33,0.945,0.82,0.33,0.63,0.815,0.71,0.83,0.8,0.625,0.505,0.79,0.345,0.835,0.505,0.52,0.455,0.49,0.98,0.52,0.695,0.52,0.505,0.53,0.97,0.985,0.975,0.99,0.615,0.96,0.58,0.955,0.97,0.93,0.97,0.945,0.97,0.97,0.955,0.96,0.925,0.91,0.895
0.96,0.96,0.965,0.965,0.1,0.06,0.97,0.98,0.06,0.895,0.98,0.985,0.975,0.1,0.985,0.98,0.975,0.1,0.38,0.975,0.865,0.895,0.865,0.975,0.975,0.97,0.975,0.98,0.985,0.895,0.985,0.895,0.55,0.97,0.99,0.97,0.17,0.99,0.55,0.17,0.255,0.97,0.125,0.265,0.97,0.17,0.245,0.125,0.34,0.125,0.04,0.315,0.205,0.65,0.175,0.65,0.62,0.13,0.13,0.13,0.91,0.175,0.62,0.175,0.205,0.91,0.965,0.34,0.965,0.145,0.145,0.145,0.23,0.1,0.25,0.54,0.16,0.26,0.19,0.16,0.75,0.1,0.11,0.67,0.32,0.11,0.19,0.58,0.785,0.225,0.1,0.24,0.54,0.63,0.275,0.11,0.33,0.275,0.275,0.555,0.225,0.215,0.235,0.225,0.225,0.245,0.49,0.3,0.3,0.245,0.555,0.49,0.34,0.44,0.59,0.24,0.27,0.165,0.37,0.49,0.475,0.37,0.275,0.365,0.69,0.355,0.205,0.435,0.355,0.895,0.385,0.105,0.385,0.76,0.22,0.07,0.545,0.37,0.62,0.07,0.075,0.215,0.83,0.45,0.075,0.275,0.075,0.07,0.83,0.3,0.275,0.365,0.685,0.245,0.615,0.89,0.6,0.37,0.68,0.28,0.65,0.715,0.565,0.73,0.64,0.78,0.79,0.57
0.405,0.405,0.425,0.425,0.59,0.86,0.58,0.58,0.805,0.335,0.58,0.57,0.48,0.59,0.57,0.58,0.48,0.59,0.18,0.48,0.53,0.42,0.53,0.45,0.48,0.58,0.45,0.58,0.58,0.335,0.58,0.42,0.715,0.6,0.45,0.6,0.745,0.45,0.715,0.745,0.465,0.6,0.765,0.68,0.6,0.745,0.135,0.765,0.355,0.765,0.905,0.525,0.655,0.725,0.77,0.725,0.68,0.76,0.76,0.76,0.35,0.77,0.68,0.77,0.655,0.35,0.57,0.525,0.57,0.57,0.57,0.57,0.61,0.52,0.78,0.685,0.665,0.535,0.705,0.665,0.41,0.52,0.565,0.405,0.485,0.565,0.705,0.73,0.44,0.575,0.52,0.755,0.655,0.385,0.665,0.565,0.11,0.665,0.665,0.675,0.71,0.74,0.31,0.71,0.71,0.19,0.705,0.555,0.555,0.62,0.305,0.51,0.59,0.545,0.365,0.375,0.225,0.74,0.62,0.51,0.67,0.585,0.245,0.43,0.42,0.525,0.28,0.34,0.525,0.315,0.46,0.675,0.48,0.315,0.305,0.77,0.48,0.605,0.575,0.77,0.815,0.32,0.105,0.275,0.815,0.51,0.815,0.77,0.115,0.105,0.2,0.1,0.36,0.365,0.305,0.135,0.45,0.13,0.465,0.235,0.485,0.345,0.26,0.32,0.26,0.785,0.715,0.6
0.325,0.325,0.29,0.29,0.075,0.39,0.465,0.5,0.405,0.59,0.5,0.525,0.44,0.075,0.525,0.5,0.44,0.075,0.435,0.44,0.42,0.58,0.42,0.385,0.44,0.465,0.385,0.5,0.435,0.59,0.435,0.58,0.575,0.455,0.6,0.455,0.175,0.6,0.575,0.175,0.205,0.455,0.17,0.525,0.455,0.175,0.38,0.17,0.795,0.17,0.415,0.23,0.05,0.715,0.155,0.715,0.74,0.15,0.15,0.15,0.615,0.155,0.74,0.155,0.05,0.615,0.385,0.855,0.385,0.09,0.09,0.09,0.215,0.07,0.53,0.455,0.09,0.25,0.11,0.09,0.53,0.07,0.055,0.575,0.79,0.055,0.11,0.475,0.56,0.42,0.07,0.545,0.45,0.505,0.115,0.055,0.365,0.115,0.115,0.445,0.11,0.105,0.19,0.11,0.11,0.285,0.47,0.27,0.27,0.275,0.39,0.105,0.685,0.095,0.555,0.365,0.305,0.1,0.65,0.105,0.5,0.655,0.415,0.755,0.57,0.265,0.4,0.615,0.265,0.31,0.715,0.05,0.725,0.36,0.335,0.115,0.7,0.26,0.475,0.115,0.12,0.375,0.435,0.205,0.12,0.415,0.12,0.115,0.415,0.165,0.38,0.275,0.56,0.3,0.4,0.35,0.67,0.26,0.54,0.335,0.59,0.595,0.375,0.43,0.44,0.66,0.635,0.715
0.88,0.88,0.855,0.855,0.48,0.245,0.84,0.925,0.235,0.61,0.925,0.895,0.89,0.48,0.895,0.925,0.89,0.48,0.245,0.89,0.825,0.555,0.825,0.795,0.89,0.84,0.795,0.925,0.84,0.61,0.84,0.555,0.555,0.82,0.82,0.82,0.25,0.82,0.555,0.25,0.93,0.82,0.315,0.855,0.82,0.25,0.24,0.315,0.875,0.315,0.265,0.885,0.915,0.55,0.22,0.55,0.555,0.23,0.23,0.23,0.61,0.22,0.555,0.22,0.915,0.61,0.715,0.965,0.715,0.885,0.885,0.885,0.855,0.41,0.97,0.96,0.92,0.98,0.94,0.92,0.69,0.41,0.345,0.96,0.965,0.345,0.94,0.945,0.83,0.97,0.41,0.98,0.97,0.965,0.825,0.345,0.725,0.825,0.825,0.945,0.86,0.64,0.985,0.86,0.86,0.765,0.94,0.255,0.255,0.36,0.535,0.275,0.71,0.27,0.99,0.985,0.975,0.635,0.695,0.275,0.955,0.745,0.98,0.885,0.81,0.19,0.795,0.015,0.19,0.465,0.875,0.68,0.91,0.46,0.84,0.195,0.02,0.27,0.03,0.195,0.195,0.965,0.65,0.235,0.195,0.975,0.195,0.195,0.69,0.29,0.235,0.27,0.045,0.985,0.025,0.755,0.055,0.275,0.06,0.225,0.07,0.04,0.03,0.02,0.03,0.08,0.09,0.045
0.14,0.14,0.1,0.1,0.37,0.165,0.045,0.025,0.155,0.02,0.025,0.035,0.02,0.37,0.035,0.025,0.02,0.37,0.655,0.02,0.215,0.02,0.215,0.02,0.02,0.045,0.02,0.025,0.02,0.02,0.02,0.02,0.545,0.05,0.065,0.05,0.58,0.065,0.545,0.58,0.57,0.05,0.45,0.84,0.05,0.58,0.565,0.45,0.725,0.45,0.145,0.55,0.2,0.61,0.49,0.61,0.59,0.51,0.51,0.51,0.035,0.49,0.59,0.49,0.2,0.035,0.035,0.705,0.035,0.215,0.215,0.215,0.565,0.365,0.82,0.52,0.315,0.52,0.29,0.315,0.605,0.365,0.29,0.595,0.705,0.29,0.29,0.545,0.68,0.645,0.365,0.825,0.51,0.61,0.295,0.29,0.525,0.295,0.295,0.495,0.27,0.295,0.515,0.27,0.27,0.495,0.52,0.44,0.44,0.395,0.805,0.305,0.345,0.26,0.615,0.62,0.645,0.305,0.29,0.305,0.51,0.28,0.655,0.355,0.6,0.51,0.525,0.74,0.51,0.7,0.345,0.215,0.32,0.82,0.75,0.345,0.695,0.455,0.6,0.345,0.315,0.725,0.885,0.53,0.315,0.715,0.315,0.345,0.84,0.635,0.595,0.57,0.77,0.69,0.935,0.885,0.805,0.575,0.82,0.64,0.87,0.81,0.875,0.825,0.86,0.63,0.6,0.525
0.23,0.23,0.175,0.175,0.39,0.605,0.13,0.25,0.625,0.09,0.25,0.165,0.16,0.39,0.165,0.25,0.16,0.39,0.79,0.16,0.14,0.135,0.14,0.14,0.16,0.13,0.14,0.25,0.185,0.09,0.185,0.135,0.075,0.255,0.135,0.255,0.65,0.135,0.075,0.65,0.135,0.255,0.695,0.295,0.255,0.65,0.8,0.695,0.58,0.695,0.735,0.115,0.345,0.135,0.51,0.135,0.16,0.55,0.55,0.55,0.12,0.51,0.16,0.51,0.345,0.12,0.28,0.365,0.28,0.45,0.45,0.45,0.125,0.44,0.28,0.1,0.565,0.205,0.535,0.565,0.045,0.44,0.365,0.06,0.345,0.365,0.535,0.1,0.05,0.085,0.44,0.295,0.1,0.05,0.535,0.365,0.71,0.535,0.535,0.1,0.5,0.415,0.225,0.5,0.5,0.255,0.08,0.84,0.84,0.83,0.44,0.685,0.045,0.74,0.065,0.085,0.065,0.455,0.04,0.685,0.085,0.045,0.065,0.055,0.065,0.795,0.125,0.32,0.795,0.44,0.06,0.29,0.06,0.505,0.16,0.55,0.28,0.79,0.445,0.55,0.48,0.06,0.2,0.555,0.48,0.095,0.48,0.55,0.19,0.235,0.345,0.23,0.43,0.09,0.555,0.185,0.305,0.215,0.405,0.5,0.445,0.565,0.515,0.59,0.56,0.44,0.545,0.515
0.875,0.875,0.85,0.85,0.715,0.62,0.83,0.72,0.57,0.48,0.72,0.92,0.735,0.715,0.92,0.72,0.735,0.715,0.44,0.735,0.87,0.56,0.87,0.705,0.735,0.83,0.705,0.72,0.725,0.48,0.725,0.56,0.51,0.75,0.89,0.75,0.695,0.89,0.51,0.695,0.41,0.75,0.64,0.28,0.75,0.695,0.37,0.64,0.47,0.64,0.82,0.32,0.51,0.42,0.89,0.42,0.42,0.775,0.775,0.775,0.53,0.89,0.42,0.89,0.51,0.53,0.73,0.445,0.73,0.445,0.445,0.445,0.52,0.61,0.22,0.605,0.555,0.36,0.6,0.555,0.765,0.61,0.56,0.645,0.515,0.56,0.6,0.595,0.72,0.375,0.61,0.26,0.615,0.625,0.615,0.56,0.765,0.615,0.615,0.62,0.61,0.67,0.395,0.61,0.61,0.275,0.63,0.505,0.505,0.505,0.725,0.745,0.31,0.675,0.695,0.34,0.485,0.605,0.33,0.745,0.615,0.33,0.42,0.375,0.745,0.555,0.32,0.575,0.555,0.73,0.365,0.465,0.37,0.69,0.355,0.755,0.55,0.645,0.64,0.755,0.79,0.525,0.545,0.43,0.79,0.355,0.79,0.755,0.54,0.905,0.46,0.9,0.565,0.345,0.6,0.6,0.575,0.885,0.67,0.445,0.665,0.535,0.595,0.56,0.565,0.73,0.765,0.735
0.655,0.655,0.745,0.745,0.77,0.325,0.605,0.45,0.295,0.34,0.45,0.455,0.615,0.77,0.455,0.45,0.615,0.77,0.46,0.615,0.59,0.27,0.59,0.56,0.615,0.605,0.56,0.45,0.345,0.34,0.345,0.27,0.1,0.57,0.515,0.57,0.875,0.515,0.1,0.875,0.25,0.57,0.9,0.35,0.57,0.875,0.735,0.9,0.015,0.9,0.285,0.235,0.685,0.065,0.79,0.065,0.065,0.89,0.89,0.89,0.24,0.79,0.065,0.79,0.685,0.24,0.52,0.02,0.52,0.505,0.505,0.505,0.14,0.71,0.245,0.155,0.63,0.01,0.58,0.63,0.115,0.71,0.755,0.145,0.01,0.755,0.58,0.13,0.125,0.015,0.71,0.255,0.135,0.15,0.39,0.755,0.265,0.39,0.39,0.125,0.415,0.69,0.015,0.415,0.415,0.015,0.12,0.76,0.76,0.705,0.445,0.175,0.135,0.19,0.11,0.02,0.14,0.71,0.135,0.175,0.12,0.13,0.125,0.22,0.125,0.615,0.025,0.255,0.615,0.29,0.235,0.685,0.215,0.44,0.045,0.795,0.255,0.525,0.17,0.795,0.775,0.13,0.115,0.075,0.775,0.02,0.775,0.795,0.1,0.21,0.1,0.19,0.225,0.02,0.42,0.115,0.3,0.2,0.46,0.095,0.425,0.27,0.365,0.425,0.35,0.665,0.65,0.335
0.265,0.265,0.28,0.28,0.025,0.495,0.195,0.075,0.475,0.53,0.075,0.14,0.095,0.025,0.14,0.075,0.095,0.025,0.08,0.095,0.165,0.435,0.165,0.135,0.095,0.195,0.135,0.075,0.095,0.53,0.095,0.435,0.3,0.065,0.08,0.065,0.05,0.08,0.3,0.05,0.195,0.065,0.04,0.065,0.065,0.05,0.1,0.04,0.38,0.04,0.42,0.2,0.27,0.41,0.085,0.41,0.435,0.055,0.055,0.055,0.305,0.085,0.435,0.085,0.27,0.305,0.07,0.305,0.07,0.19,0.19,0.19,0.235,0.025,0.065,0.185,0.285,0.55,0.35,0.285,0.235,0.025,0.255,0.21,0.37,0.255,0.35,0.19,0.22,0.725,0.025,0.085,0.18,0.215,0.255,0.255,0.015,0.255,0.255,0.175,0.275,0.19,0.615,0.275,0.275,0.67,0.165,0.11,0.11,0.095,0.29,0.09,0.375,0.085,0.19,0.75,0.21,0.195,0.365,0.09,0.15,0.365,0.215,0.44,0.16,0.085,0.755,0.04,0.085,0.21,0.435,0.19,0.435,0.27,0.205,0.29,0.035,0.095,0.045,0.29,0.28,0.25,0.69,0.025,0.28,0.14,0.28,0.29,0.68,0.015,0.025,0.02,0.085,0.125,0.075,0.615,0.13,0.025,0.11,0.025,0.105,0.08,0.09,0.07,0.095,0.16,0.14,0.21
0.92,0.92,0.825,0.825,0.495,0.29,0.89,0.825,0.36,0.995,0.825,0.94,0.775,0.495,0.94,0.825,0.775,0.495,0.26,0.775,0.85,1.0,0.85,0.96,0.775,0.89,0.96,0.825,0.94,0.995,0.94,1.0,0.96,0.8,0.9,0.8,0.465,0.9,0.96,0.465,0.94,0.8,0.565,0.985,0.8,0.465,0.255,0.565,0.9,0.565,0.435,0.955,0.18,1.0,0.505,1.0,1.0,0.62,0.62,0.62,0.945,0.505,1.0,0.505,0.18,0.945,0.955,0.92,0.955,0.115,0.115,0.115,0.95,0.32,0.93,0.645,0.155,0.985,0.165,0.155,0.845,0.32,0.335,0.605,0.925,0.335,0.165,0.605,0.81,0.98,0.32,0.93,0.635,0.645,0.125,0.335,0.5,0.125,0.125,0.61,0.115,0.155,0.975,0.115,0.115,0.985,0.595,0.35,0.35,0.385,0.065,0.225,0.25,0.22,0.685,0.96,0.92,0.17,0.225,0.225,0.58,0.225,0.91,0.45,0.865,0.3,0.975,0.955,0.3,0.16,0.34,0.23,0.365,0.095,0.94,0.215,0.91,0.32,0.89,0.215,0.245,0.895,0.1,0.735,0.245,0.955,0.245,0.215,0.12,0.755,0.835,0.75,0.965,0.96,0.97,0.055,0.9,0.74,0.96,0.83,0.96,0.965,0.96,0.97,0.965,0.975,0.945,0.93
0.545,0.545,0.47,0.47,0.095,0.705,0.485,0.92,0.715,0.655,0.92,0.435,0.855,0.095,0.435,0.92,0.855,0.095,0.115,0.855,0.375,0.71,0.375,0.85,0.855,0.485,0.85,0.92,0.865,0.655,0.865,0.71,0.93,0.905,0.415,0.905,0.15,0.415,0.93,0.15,0.845,0.905,0.15,0.875,0.905,0.15,0.105,0.15,0.07,0.15,0.64,0.825,0.11,0.95,0.16,0.95,0.93,0.155,0.155,0.155,0.74,0.16,0.93,0.16,0.11,0.74,0.81,0.095,0.81,0.025,0.025,0.025,0.705,0.195,0.8,0.775,0.105,0.185,0.105,0.105,0.44,0.195,0.09,0.82,0.08,0.09,0.105,0.79,0.52,0.25,0.195,0.775,0.77,0.795,0.055,0.09,0.085,0.055,0.055,0.82,0.06,0.11,0.17,0.06,0.06,0.15,0.835,0.09,0.09,0.08,0.125,0.12,0.535,0.11,0.815,0.225,0.055,0.115,0.605,0.12,0.86,0.575,0.045,0.605,0.625,0.075,0.23,0.18,0.075,0.07,0.625,0.095,0.66,0.125,0.025,0.105,0.16,0.06,0.18,0.105,0.105,0.065,0.335,0.26,0.105,0.105,0.105,0.105,0.35,0.09,0.28,0.075,0.09,0.13,0.085,0.325,0.065,0.085,0.09,0.275,0.085,0.085,0.08,0.085,0.075,0.155,0.15,0.11
0.82,0.82,0.71,0.71,0.78,0.935,0.46,0.355,0.925,0.165,0.355,0.445,0.365,0.78,0.445,0.355,0.365,0.78,0.775,0.365,0.84,0.225,0.84,0.36,0.365,0.46,0.36,0.355,0.35,0.165,0.35,0.225,0.325,0.435,0.665,0.435,0.665,0.665,0.325,0.665,0.68,0.435,0.685,0.085,0.435,0.665,0.65,0.685,0.185,0.685,0.935,0.74,0.63,0.325,0.66,0.325,0.335,0.655,0.655,0.655,0.235,0.66,0.335,0.66,0.63,0.235,0.38,0.23,0.38,0.4,0.4,0.4,0.71,0.845,0.115,0.955,0.29,0.685,0.255,0.29,0.98,0.845,0.67,0.94,0.275,0.67,0.255,0.955,0.985,0.53,0.845,0.12,0.98,0.93,0.245,0.67,0.375,0.245,0.245,0.965,0.215,0.26,0.59,0.215,0.215,0.2,0.955,0.9,0.9,0.855,0.655,0.94,0.695,0.97,0.92,0.46,0.3,0.29,0.705,0.94,0.97,0.705,0.325,0.85,0.975,0.915,0.135,0.635,0.915,0.6,0.905,0.57,0.885,0.56,0.185,0.465,0.56,0.89,0.65,0.465,0.335,0.135,0.64,0.905,0.335,0.615,0.335,0.465,0.645,0.96,0.9,0.915,0.72,0.57,0.715,0.645,0.75,0.91,0.765,0.855,0.77,0.7,0.73,0.7,0.695,0.585,0.555,0.55
0.435,0.435,0.415,0.415,0.315,0.635,0.36,0.22,0.63,0.085,0.22,0.375,0.23,0.315,0.375,0.22,0.23,0.315,0.095,0.23,0.32,0.125,0.32,0.18,0.23,0.36,0.18,0.22,0.23,0.085,0.23,0.125,0.02,0.13,0.275,0.13,0.225,0.275,0.02,0.225,0.27,0.13,0.305,0.44,0.13,0.225,0.13,0.305,0.825,0.305,0.635,0.25,0.32,0.02,0.15,0.02,0.02,0.31,0.31,0.31,0.105,0.15,0.02,0.15,0.32,0.105,0.15,0.875,0.15,0.255,0.255,0.255,0.305,0.325,0.465,0.325,0.13,0.32,0.1,0.13,0.395,0.325,0.26,0.38,0.85,0.26,0.1,0.32,0.4,0.365,0.325,0.495,0.375,0.38,0.165,0.26,0.1,0.165,0.165,0.375,0.12,0.16,0.355,0.12,0.12,0.315,0.29,0.385,0.385,0.465,0.79,0.435,0.575,0.495,0.275,0.44,0.62,0.215,0.61,0.435,0.38,0.595,0.605,0.68,0.285,0.315,0.485,0.48,0.315,0.745,0.735,0.22,0.73,0.66,0.55,0.18,0.465,0.465,0.365,0.18,0.17,0.69,0.765,0.215,0.17,0.465,0.17,0.18,0.755,0.2,0.19,0.21,0.63,0.495,0.705,0.76,0.77,0.245,0.75,0.195,0.74,0.65,0.645,0.765,0.7,0.965,0.95,0.765
0.315,0.315,0.305,0.305,0.165,0.925,0.69,0.49,0.875,0.41,0.49,0.47,0.595,0.165,0.47,0.49,0.595,0.165,0.565,0.595,0.36,0.29,0.36,0.63,0.595,0.69,0.63,0.49,0.49,0.41,0.49,0.29,0.37,0.56,0.545,0.56,0.08,0.545,0.37,0.08,0.97,0.56,0.115,0.37,0.56,0.08,0.55,0.115,0.435,0.115,0.83,0.93,0.195,0.25,0.045,0.25,0.245,0.09,0.09,0.09,0.365,0.045,0.245,0.045,0.195,0.365,0.55,0.495,0.55,0.7,0.7,0.7,0.98,0.11,0.405,0.89,0.05,0.375,0.055,0.05,0.99,0.11,0.2,0.935,0.48,0.2,0.055,0.85,0.98,0.38,0.11,0.425,0.89,0.935,0.505,0.2,0.885,0.505,0.505,0.825,0.535,0.085,0.34,0.535,0.535,0.375,0.905,0.24,0.24,0.355,0.47,0.27,0.69,0.3,0.915,0.345,0.615,0.065,0.595,0.27,0.885,0.6,0.69,0.81,0.995,0.28,0.285,0.695,0.28,0.565,0.69,0.225,0.705,0.41,0.43,0.055,0.805,0.335,0.795,0.055,0.045,0.655,0.645,0.985,0.045,0.59,0.045,0.055,0.64,0.88,0.98,0.905,0.875,0.585,0.78,0.66,0.5,0.93,0.32,0.955,0.45,0.84,0.8,0.805,0.815,0.495,0.39,0.64
0.115,0.115,0.3,0.3,0.56,0.355,0.075,0.04,0.315,0.22,0.04,0.05,0.24,0.56,0.05,0.04,0.24,0.56,0.925,0.24,0.045,0.03,0.045,0.3,0.24,0.075,0.3,0.04,0.05,0.22,0.05,0.03,0.045,0.04,0.025,0.04,0.575,0.025,0.045,0.575,0.72,0.04,0.63,0.375,0.04,0.575,0.945,0.63,0.705,0.63,0.17,0.6,0.615,0.01,0.685,0.01,0.01,0.44,0.44,0.44,0.03,0.685,0.01,0.685,0.615,0.03,0.04,0.87,0.04,0.65,0.65,0.65,0.845,0.255,0.455,0.715,0.39,0.88,0.495,0.39,0.88,0.255,0.485,0.815,0.87,0.485,0.495,0.72,0.865,0.945,0.255,0.44,0.7,0.825,0.3,0.485,0.37,0.3,0.3,0.715,0.515,0.595,0.87,0.515,0.515,0.915,0.72,0.66,0.66,0.55,0.78,0.84,0.625,0.765,0.83,0.955,0.98,0.43,0.64,0.84,0.69,0.645,0.99,0.675,0.845,0.53,0.995,0.945,0.53,0.835,0.68,0.575,0.68,0.805,0.985,0.33,0.87,0.48,0.935,0.33,0.575,0.975,0.86,0.84,0.575,0.995,0.575,0.33,0.87,0.705,0.895,0.765,0.945,0.995,0.815,0.82,0.84,0.735,0.91,0.845,0.9,0.955,0.975,0.88,0.955,0.97,0.97,0.76
0.84,0.84,0.77,0.77,0.49,0.405,0.9,0.935,0.38,0.97,0.935,0.87,0.86,0.49,0.87,0.935,0.86,0.49,0.915,0.86,0.895,0.975,0.895,0.9,0.86,0.9,0.9,0.935,0.915,0.97,0.915,0.975,0.97,0.93,0.93,0.93,0.555,0.93,0.97,0.555,0.91,0.93,0.66,0.705,0.93,0.555,0.985,0.66,0.995,0.66,0.565,0.925,0.265,0.97,0.6,0.97,0.965,0.635,0.635,0.635,0.985,0.6,0.965,0.6,0.265,0.985,0.92,0.885,0.92,0.755,0.755,0.755,0.73,0.42,0.555,0.515,0.36,0.995,0.345,0.36,0.625,0.42,0.405,0.565,0.885,0.405,0.345,0.52,0.615,0.81,0.42,0.56,0.75,0.57,0.815,0.405,0.755,0.815,0.815,0.77,0.73,0.38,0.995,0.73,0.73,0.995,0.57,0.395,0.395,0.345,0.175,0.19,0.655,0.135,0.6,0.83,0.97,0.38,0.675,0.19,0.785,0.66,0.97,0.785,0.565,0.37,0.83,0.86,0.37,0.09,0.77,0.295,0.77,0.18,0.915,0.58,0.845,0.275,0.79,0.58,0.495,0.98,0.42,0.64,0.495,0.935,0.495,0.58,0.42,0.995,0.68,0.995,0.38,0.94,0.56,0.435,0.66,0.995,0.705,0.675,0.72,0.5,0.5,0.4,0.47,0.46,0.425,0.43
0.95,0.95,0.945,0.945,0.64,0.145,0.94,0.985,0.18,0.94,0.985,0.91,0.98,0.64,0.91,0.985,0.98,0.64,0.61,0.98,0.95,0.94,0.95,0.99,0.98,0.94,0.99,0.985,0.975,0.94,0.975,0.94,0.695,0.99,0.94,0.99,0.46,0.94,0.695,0.46,0.1,0.99,0.49,0.425,0.99,0.46,0.61,0.49,0.72,0.49,0.195,0.08,0.135,0.735,0.44,0.735,0.735,0.475,0.475,0.475,0.93,0.44,0.735,0.44,0.135,0.93,0.99,0.695,0.99,0.185,0.185,0.185,0.06,0.575,0.4,0.19,0.215,0.57,0.225,0.215,0.14,0.575,0.305,0.18,0.69,0.305,0.225,0.285,0.145,0.61,0.575,0.41,0.17,0.165,0.235,0.305,0.61,0.235,0.235,0.26,0.24,0.21,0.55,0.24,0.24,0.625,0.27,0.445,0.445,0.38,0.245,0.3,0.515,0.255,0.2,0.6,0.075,0.205,0.49,0.3,0.245,0.485,0.05,0.66,0.22,0.35,0.65,0.93,0.35,0.175,0.61,0.25,0.64,0.225,0.66,0.245,0.905,0.29,0.96,0.245,0.27,0.05,0.3,0.875,0.27,0.65,0.27,0.245,0.305,0.8,0.84,0.835,0.9,0.645,0.915,0.29,0.965,0.835,0.94,0.835,0.935,0.94,0.87,0.94,0.905,0.99,0.99,0.97
0.845,0.845,0.75,0.75,0.34,0.665,0.71,0.615,0.665,0.985,0.615,0.755,0.53,0.34,0.755,0.615,0.53,0.34,0.755,0.53,0.755,0.99,0.755,0.585,0.53,0.71,0.585,0.615,0.67,0.985,0.67,0.99,0.905,0.645,0.775,0.645,0.23,0.775,0.905,0.23,0.065,0.645,0.23,0.31,0.645,0.23,0.815,0.23,0.49,0.23,0.815,0.055,0.16,0.855,0.335,0.855,0.875,0.34,0.34,0.34,0.965,0.335,0.875,0.335,0.16,0.965,0.735,0.475,0.735,0.11,0.11,0.11,0.05,0.395,0.325,0.06,0.165,0.63,0.155,0.165,0.04,0.395,0.21,0.065,0.465,0.21,0.155,0.055,0.045,0.705,0.395,0.32,0.06,0.06,0.09,0.21,0.93,0.09,0.09,0.05,0.105,0.17,0.73,0.105,0.105,0.65,0.05,0.545,0.545,0.52,0.435,0.585,0.435,0.61,0.06,0.67,0.165,0.19,0.41,0.585,0.05,0.41,0.16,0.275,0.05,0.56,0.575,0.54,0.56,0.385,0.285,0.14,0.28,0.42,0.58,0.275,0.53,0.555,0.515,0.275,0.285,0.205,0.94,0.315,0.285,0.725,0.285,0.275,0.93,0.285,0.455,0.295,0.67,0.71,0.71,0.92,0.48,0.265,0.755,0.44,0.745,0.64,0.695,0.69,0.685,0.845,0.77,0.575
0.8,0.8,0.935,0.935,0.16,0.83,0.79,0.575,0.815,0.465,0.575,0.655,0.74,0.16,0.655,0.575,0.74,0.16,0.45,0.74,0.715,0.3,0.715,0.575,0.74,0.79,0.575,0.575,0.45,0.465,0.45,0.3,0.11,0.26,0.385,0.26,0.21,0.385,0.11,0.21,1.0,0.26,0.295,0.66,0.26,0.21,0.58,0.295,0.87,0.295,0.915,1.0,0.425,0.09,0.2,0.09,0.09,0.265,0.265,0.265,0.17,0.2,0.09,0.2,0.425,0.17,0.265,0.86,0.265,0.415,0.415,0.415,0.985,0.225,0.74,0.99,0.245,0.87,0.27,0.245,1.0,0.225,0.135,0.97,0.865,0.135,0.27,0.985,1.0,0.805,0.225,0.695,0.985,0.96,0.2,0.135,0.35,0.2,0.2,0.985,0.16,0.305,0.925,0.16,0.16,0.925,1.0,0.435,0.435,0.515,0.685,0.595,0.985,0.655,0.955,0.86,0.885,0.31,0.975,0.595,1.0,0.975,0.885,0.985,1.0,0.325,0.885,0.705,0.325,0.69,0.99,0.5,0.99,0.685,0.93,0.165,0.735,0.405,0.66,0.165,0.165,0.89,0.74,0.63,0.165,0.9,0.165,0.165,0.735,0.76,0.74,0.73,0.68,0.875,0.65,0.7,0.57,0.725,0.455,0.735,0.435,0.52,0.75,0.62,0.77,0.475,0.415,0.685
0.18,0.18,0.155,0.155,0.02,0.27,0.215,0.15,0.275,0.12,0.15,0.245,0.135,0.02,0.245,0.15,0.135,0.02,0.07,0.135,0.125,0.115,0.125,0.15,0.135,0.215,0.15,0.15,0.18,0.12,0.18,0.115,0.705,0.135,0.17,0.135,0.02,0.17,0.705,0.02,0.785,0.135,0.02,0.74,0.135,0.02,0.075,0.02,0.735,0.02,0.24,0.735,0.025,0.81,0.02,0.81,0.785,0.02,0.02,0.02,0.145,0.02,0.785,0.02,0.025,0.145,0.13,0.67,0.13,0.05,0.05,0.05,0.69,0.015,0.7,0.7,0.025,0.755,0.025,0.025,0.525,0.015,0.02,0.585,0.695,0.02,0.025,0.685,0.535,0.775,0.015,0.71,0.735,0.65,0.045,0.02,0.09,0.045,0.045,0.685,0.05,0.02,0.635,0.05,0.05,0.37,0.755,0.025,0.025,0.03,0.09,0.04,0.405,0.04,0.71,0.675,0.325,0.02,0.39,0.04,0.75,0.39,0.4,0.485,0.53,0.025,0.45,0.055,0.025,0.06,0.53,0.025,0.52,0.09,0.365,0.02,0.045,0.03,0.055,0.02,0.02,0.4,0.685,0.035,0.02,0.7,0.02,0.02,0.705,0.03,0.04,0.065,0.02,0.56,0.02,0.665,0.025,0.07,0.065,0.035,0.06,0.015,0.02,0.03,0.02,0.03,0.04,0.02
0.595,0.595,0.62,0.62,0.355,0.58,0.375,0.37,0.575,0.74,0.37,0.49,0.3,0.355,0.49,0.37,0.3,0.355,0.375,0.3,0.54,0.765,0.54,0.23,0.3,0.375,0.23,0.37,0.31,0.74,0.31,0.765,0.78,0.175,0.235,0.175,0.415,0.235,0.78,0.415,0.98,0.175,0.395,0.98,0.175,0.415,0.32,0.395,0.88,0.395,0.445,0.985,0.64,0.79,0.3,0.79,0.79,0.285,0.285,0.285,0.77,0.3,0.79,0.3,0.64,0.77,0.125,0.64,0.125,0.915,0.915,0.915,0.88,0.415,0.695,0.98,0.615,0.155,0.59,0.615,0.755,0.415,0.47,0.66,0.7,0.47,0.59,0.98,0.76,0.28,0.415,0.73,0.975,0.69,0.965,0.47,0.255,0.965,0.965,0.98,0.97,0.225,0.295,0.97,0.97,0.28,0.985,0.215,0.215,0.22,0.715,0.265,0.94,0.265,0.765,0.335,0.49,0.24,0.905,0.265,0.98,0.91,0.595,0.995,0.695,0.225,0.3,0.23,0.225,0.675,0.965,0.3,0.965,0.74,0.255,0.525,0.315,0.22,0.19,0.525,0.475,0.52,0.325,0.49,0.475,0.37,0.475,0.525,0.31,0.525,0.685,0.515,0.325,0.315,0.435,0.315,0.515,0.505,0.56,0.73,0.525,0.37,0.41,0.54,0.495,0.715,0.75,0.56
0.375,0.375,0.255,0.255,0.98,0.85,0.34,0.815,0.84,0.595,0.815,0.36,0.83,0.98,0.36,0.815,0.83,0.98,0.52,0.83,0.15,0.67,0.15,0.735,0.83,0.34,0.735,0.815,0.8,0.595,0.8,0.67,0.25,0.86,0.435,0.86,0.985,0.435,0.25,0.985,0.38,0.86,0.99,0.82,0.86,0.985,0.49,0.99,0.83,0.99,0.845,0.355,1.0,0.265,0.975,0.265,0.265,0.975,0.975,0.975,0.755,0.975,0.265,0.975,1.0,0.755,0.84,0.685,0.84,0.985,0.985,0.985,0.18,0.965,0.515,0.22,0.99,0.62,0.98,0.99,0.225,0.965,0.96,0.27,0.665,0.96,0.98,0.225,0.25,0.44,0.965,0.475,0.23,0.26,0.98,0.96,0.45,0.98,0.98,0.245,0.95,0.965,0.62,0.95,0.95,0.615,0.295,0.93,0.93,0.975,0.965,0.77,0.545,0.89,0.32,0.305,0.445,0.985,0.54,0.77,0.295,0.535,0.365,0.425,0.375,0.87,0.275,0.815,0.87,0.46,0.465,0.99,0.44,0.89,0.155,0.94,0.95,0.93,0.83,0.94,0.905,0.35,0.91,0.995,0.905,0.22,0.905,0.94,0.9,0.925,0.99,0.945,0.215,0.215,0.32,0.905,0.175,0.92,0.175,0.965,0.12,0.215,0.31,0.39,0.385,0.64,0.685,0.205
0.7,0.7,0.66,0.66,0.36,0.84,0.945,0.91,0.915,0.87,0.91,0.945,0.925,0.36,0.945,0.91,0.925,0.36,0.09,0.925,0.74,0.84,0.74,0.905,0.925,0.945,0.905,0.91,0.895,0.87,0.895,0.84,0.7,0.865,0.85,0.865,0.115,0.85,0.7,0.115,0.79,0.865,0.155,0.17,0.865,0.115,0.09,0.155,0.635,0.155,0.85,0.77,0.67,0.75,0.135,0.75,0.775,0.165,0.165,0.165,0.835,0.135,0.775,0.135,0.67,0.835,0.875,0.215,0.875,0.55,0.55,0.55,0.8,0.465,0.165,0.895,0.545,0.43,0.735,0.545,0.885,0.465,0.105,0.835,0.255,0.105,0.735,0.935,0.88,0.545,0.465,0.17,0.92,0.88,0.59,0.105,0.18,0.59,0.59,0.925,0.58,0.535,0.45,0.58,0.58,0.545,0.93,0.285,0.285,0.315,0.4,0.725,0.915,0.755,0.795,0.635,0.73,0.545,0.9,0.725,0.93,0.925,0.67,0.96,0.875,0.25,0.345,0.33,0.25,0.62,0.945,0.625,0.95,0.415,0.35,0.13,0.305,0.295,0.335,0.13,0.1,0.685,0.525,0.565,0.1,0.54,0.1,0.13,0.5,0.505,0.57,0.46,0.53,0.575,0.635,0.365,0.85,0.47,0.87,0.61,0.875,0.605,0.575,0.635,0.57,0.45,0.47,0.415
0.44,0.44,0.455,0.455,0.28,0.825,0.255,0.64,0.77,0.775,0.64,0.325,0.475,0.28,0.325,0.64,0.475,0.28,0.135,0.475,0.39,0.775,0.39,0.44,0.475,0.255,0.44,0.64,0.615,0.775,0.615,0.775,0.525,0.725,0.355,0.725,0.185,0.355,0.525,0.185,0.725,0.725,0.2,0.2,0.725,0.185,0.145,0.2,0.26,0.2,0.76,0.86,0.1,0.56,0.21,0.56,0.575,0.18,0.18,0.18,0.805,0.21,0.575,0.21,0.1,0.805,0.69,0.265,0.69,0.07,0.07,0.07,0.805,0.285,0.195,0.345,0.065,0.28,0.065,0.065,0.475,0.285,0.12,0.385,0.25,0.12,0.065,0.355,0.5,0.48,0.285,0.2,0.385,0.365,0.03,0.12,0.07,0.03,0.03,0.385,0.035,0.07,0.25,0.035,0.035,0.22,0.45,0.13,0.13,0.15,0.56,0.255,0.965,0.25,0.535,0.445,0.655,0.08,0.96,0.255,0.47,0.965,0.525,0.42,0.63,0.15,0.515,0.2,0.15,0.455,0.375,0.115,0.375,0.48,0.595,0.075,0.345,0.15,0.125,0.075,0.06,0.765,0.375,0.085,0.06,0.56,0.06,0.075,0.38,0.055,0.085,0.04,0.24,0.54,0.21,0.295,0.335,0.045,0.35,0.09,0.39,0.16,0.265,0.315,0.405,0.635,0.72,0.295
0.72,0.72,0.705,0.705,0.935,0.335,0.53,0.54,0.325,0.485,0.54,0.585,0.49,0.935,0.585,0.54,0.49,0.935,0.66,0.49,0.785,0.53,0.785,0.515,0.49,0.53,0.515,0.54,0.62,0.485,0.62,0.53,0.365,0.47,0.565,0.47,0.99,0.565,0.365,0.99,0.46,0.47,0.985,0.115,0.47,0.99,0.72,0.985,0.12,0.985,0.2,0.445,0.96,0.47,0.98,0.47,0.47,0.95,0.95,0.95,0.55,0.98,0.47,0.98,0.96,0.55,0.535,0.115,0.535,0.96,0.96,0.96,0.19,0.955,0.1,0.205,0.945,0.045,0.935,0.945,0.25,0.955,0.995,0.195,0.12,0.995,0.935,0.185,0.195,0.05,0.955,0.105,0.195,0.21,0.85,0.995,0.79,0.85,0.85,0.18,0.87,0.945,0.045,0.87,0.87,0.035,0.18,0.995,0.995,0.99,0.95,0.785,0.16,0.86,0.215,0.05,0.205,0.945,0.1,0.785,0.185,0.09,0.21,0.125,0.135,1.0,0.02,0.325,1.0,0.555,0.105,0.965,0.085,0.915,0.02,0.98,0.33,1.0,0.39,0.98,0.985,0.1,0.845,0.7,0.985,0.07,0.985,0.98,0.885,0.865,0.75,0.885,0.175,0.06,0.17,0.845,0.095,0.87,0.135,0.58,0.145,0.17,0.155,0.16,0.155,0.19,0.17,0.12
0.48,0.48,0.545,0.545,0.09,0.515,0.25,0.14,0.465,0.38,0.14,0.205,0.18,0.09,0.205,0.14,0.18,0.09,0.02,0.18,0.41,0.43,0.41,0.175,0.18,0.25,0.175,0.14,0.125,0.38,0.125,0.43,0.755,0.115,0.185,0.115,0.1,0.185,0.755,0.1,0.115,0.115,0.05,0.615,0.115,0.1,0.02,0.05,0.805,0.05,0.45,0.135,0.885,0.875,0.105,0.875,0.83,0.05,0.05,0.05,0.42,0.105,0.83,0.105,0.885,0.42,0.11,0.74,0.11,0.805,0.805,0.805,0.135,0.13,0.365,0.08,0.955,0.44,0.995,0.955,0.055,0.13,0.94,0.05,0.73,0.94,0.995,0.085,0.065,0.275,0.13,0.365,0.08,0.045,0.865,0.94,0.03,0.865,0.865,0.095,0.965,0.995,0.46,0.965,0.965,0.5,0.085,0.03,0.03,0.035,0.075,0.05,0.035,0.06,0.05,0.285,0.355,0.97,0.035,0.05,0.08,0.04,0.385,0.04,0.045,0.035,0.255,0.41,0.035,0.115,0.045,0.91,0.045,0.07,0.32,0.985,0.38,0.04,0.405,0.985,1.0,0.285,0.075,0.75,1.0,0.31,1.0,0.985,0.07,0.75,0.805,0.74,0.48,0.305,0.41,0.09,0.645,0.76,0.605,0.8,0.645,0.54,0.385,0.515,0.515,0.595,0.705,0.635
0.125,0.125,0.135,0.135,0.41,0.34,0.1,0.055,0.305,0.115,0.055,0.095,0.07,0.41,0.095,0.055,0.07,0.41,0.445,0.07,0.4,0.13,0.4,0.07,0.07,0.1,0.07,0.055,0.065,0.115,0.065,0.13,0.22,0.075,0.255,0.075,0.71,0.255,0.22,0.71,0.455,0.075,0.705,0.105,0.075,0.71,0.44,0.705,0.105,0.705,0.35,0.3,0.475,0.18,0.605,0.18,0.175,0.57,0.57,0.57,0.205,0.605,0.175,0.605,0.475,0.205,0.155,0.085,0.155,0.34,0.34,0.34,0.265,0.475,0.07,0.315,0.445,0.1,0.44,0.445,0.47,0.475,0.44,0.42,0.075,0.44,0.44,0.405,0.45,0.165,0.475,0.065,0.295,0.36,0.32,0.44,0.435,0.32,0.32,0.355,0.355,0.555,0.115,0.355,0.355,0.26,0.375,0.365,0.365,0.415,0.14,0.26,0.56,0.225,0.49,0.22,0.2,0.535,0.53,0.26,0.355,0.53,0.175,0.435,0.54,0.365,0.37,0.335,0.365,0.2,0.295,0.485,0.355,0.145,0.54,0.545,0.365,0.365,0.465,0.545,0.555,0.325,0.61,0.23,0.555,0.28,0.555,0.545,0.61,0.175,0.22,0.16,0.57,0.37,0.51,0.535,0.675,0.15,0.58,0.21,0.545,0.575,0.51,0.55,0.54,0.75,0.735,0.695
0.395,0.395,0.325,0.325,0.12,0.745,0.765,0.775,0.835,0.56,0.775,0.805,0.885,0.12,0.805,0.775,0.885,0.12,0.105,0.885,0.69,0.545,0.69,0.8,0.885,0.765,0.8,0.775,0.745,0.56,0.745,0.545,0.955,0.665,0.655,0.665,0.06,0.655,0.955,0.06,0.215,0.665,0.06,0.43,0.665,0.06,0.085,0.06,0.33,0.06,0.84,0.225,0.08,0.775,0.07,0.775,0.73,0.065,0.065,0.065,0.515,0.07,0.73,0.07,0.08,0.515,0.64,0.555,0.64,0.02,0.02,0.02,0.315,0.115,0.39,0.15,0.075,0.325,0.08,0.075,0.095,0.115,0.075,0.09,0.45,0.075,0.08,0.165,0.11,0.27,0.115,0.36,0.175,0.085,0.015,0.075,0.075,0.015,0.015,0.195,0.03,0.045,0.2,0.03,0.03,0.56,0.15,0.05,0.05,0.05,0.035,0.045,0.08,0.045,0.09,0.155,0.095,0.06,0.07,0.045,0.17,0.08,0.095,0.085,0.09,0.05,0.42,0.555,0.05,0.03,0.09,0.1,0.09,0.035,0.51,0.05,0.435,0.05,0.51,0.05,0.05,0.505,0.055,0.3,0.05,0.255,0.05,0.05,0.05,0.125,0.24,0.125,0.35,0.17,0.485,0.065,0.1,0.09,0.215,0.37,0.23,0.375,0.49,0.505,0.49,0.36,0.31,0.26
0.39,0.39,0.23,0.23,0.06,0.455,0.425,0.36,0.45,0.27,0.36,0.56,0.34,0.06,0.56,0.36,0.34,0.06,0.855,0.34,0.49,0.325,0.49,0.375,0.34,0.425,0.375,0.36,0.47,0.27,0.47,0.325,0.565,0.305,0.47,0.305,0.065,0.47,0.565,0.065,0.955,0.305,0.075,0.435,0.305,0.065,0.835,0.075,0.365,0.075,0.545,0.945,0.045,0.58,0.065,0.58,0.565,0.045,0.045,0.045,0.29,0.065,0.565,0.065,0.045,0.29,0.355,0.595,0.355,0.105,0.105,0.105,0.885,0.045,0.27,0.91,0.07,0.68,0.085,0.07,0.97,0.045,0.035,0.91,0.475,0.035,0.085,0.89,0.97,0.77,0.045,0.245,0.895,0.915,0.14,0.035,0.81,0.14,0.14,0.89,0.135,0.065,0.625,0.135,0.135,0.485,0.87,0.1,0.1,0.105,0.24,0.145,0.735,0.145,0.885,0.7,0.58,0.045,0.57,0.145,0.88,0.615,0.62,0.825,0.955,0.12,0.57,0.19,0.12,0.285,0.785,0.04,0.785,0.245,0.79,0.025,0.18,0.12,0.235,0.025,0.03,0.815,0.96,0.13,0.03,0.655,0.03,0.025,0.95,0.345,0.09,0.26,0.46,0.545,0.445,0.975,0.49,0.22,0.335,0.11,0.31,0.555,0.435,0.395,0.375,0.235,0.225,0.345
0.07,0.07,0.065,0.065,0.525,0.49,0.065,0.05,0.505,0.04,0.05,0.075,0.04,0.525,0.075,0.05,0.04,0.525,0.34,0.04,0.035,0.055,0.035,0.025,0.04,0.065,0.025,0.05,0.03,0.04,0.03,0.055,0.01,0.025,0.05,0.025,0.6,0.05,0.01,0.6,0.2,0.025,0.43,0.52,0.025,0.6,0.29,0.43,0.745,0.43,0.56,0.21,0.59,0.025,0.615,0.025,0.025,0.54,0.54,0.54,0.025,0.615,0.025,0.615,0.59,0.025,0.025,0.615,0.025,0.68,0.68,0.68,0.32,0.5,0.6,0.31,0.795,0.465,0.815,0.795,0.24,0.5,0.725,0.35,0.65,0.725,0.815,0.315,0.24,0.46,0.5,0.575,0.325,0.345,0.875,0.725,0.28,0.875,0.875,0.315,0.81,0.755,0.475,0.81,0.81,0.47,0.26,0.145,0.145,0.145,0.11,0.11,0.72,0.115,0.26,0.455,0.435,0.785,0.745,0.11,0.23,0.73,0.515,0.815,0.185,0.125,0.535,0.99,0.125,0.195,0.835,0.64,0.825,0.105,0.24,0.9,0.945,0.14,0.93,0.9,0.795,0.58,0.315,0.92,0.795,0.115,0.795,0.9,0.315,0.95,0.89,0.91,0.705,0.11,0.625,0.265,0.715,0.95,0.635,0.99,0.675,0.66,0.68,0.52,0.585,0.175,0.165,0.225
0.73,0.73,0.665,0.665,0.145,0.71,0.875,0.905,0.735,0.85,0.905,0.89,0.875,0.145,0.89,0.905,0.875,0.145,0.285,0.875,0.7,0.88,0.7,0.895,0.875,0.875,0.895,0.905,0.905,0.85,0.905,0.88,0.61,0.91,0.895,0.91,0.155,0.895,0.61,0.155,0.92,0.91,0.105,0.71,0.91,0.155,0.305,0.105,0.905,0.105,0.91,0.89,0.185,0.535,0.125,0.535,0.52,0.105,0.105,0.105,0.825,0.125,0.52,0.125,0.185,0.825,0.905,0.93,0.905,0.125,0.125,0.125,0.925,0.14,0.77,0.92,0.135,0.835,0.125,0.135,0.94,0.14,0.1,0.95,0.915,0.1,0.125,0.915,0.945,0.93,0.14,0.765,0.915,0.95,0.12,0.1,0.12,0.12,0.12,0.9,0.1,0.14,0.84,0.1,0.1,0.94,0.96,0.33,0.33,0.32,0.325,0.215,0.855,0.24,0.97,0.945,0.85,0.14,0.83,0.215,0.945,0.815,0.87,0.865,0.96,0.515,0.985,0.755,0.515,0.435,0.84,0.185,0.845,0.5,0.925,0.06,0.72,0.535,0.695,0.06,0.125,0.68,0.7,0.365,0.125,0.95,0.125,0.06,0.685,0.64,0.495,0.63,0.855,0.955,0.85,0.495,0.625,0.57,0.72,0.465,0.735,0.86,0.77,0.83,0.73,0.88,0.795,0.81
0.135,0.135,0.245,0.245,0.455,0.915,0.225,0.79,0.93,0.495,0.79,0.21,0.745,0.455,0.21,0.79,0.745,0.455,0.635,0.745,0.03,0.565,0.03,0.725,0.745,0.225,0.725,0.79,0.755,0.495,0.755,0.565,0.785,0.79,0.13,0.79,0.66,0.13,0.785,0.66,0.13,0.79,0.6,0.75,0.79,0.66,0.66,0.6,0.675,0.6,0.715,0.13,0.315,0.89,0.48,0.89,0.87,0.48,0.48,0.48,0.56,0.48,0.87,0.48,0.315,0.56,0.785,0.73,0.785,0.46,0.46,0.46,0.155,0.56,0.895,0.285,0.435,0.75,0.415,0.435,0.215,0.56,0.385,0.28,0.735,0.385,0.415,0.275,0.285,0.22,0.56,0.89,0.29,0.285,0.56,0.385,0.645,0.56,0.56,0.285,0.575,0.5,0.765,0.575,0.575,0.845,0.275,0.19,0.19,0.165,0.195,0.245,0.24,0.245,0.315,0.235,0.045,0.48,0.245,0.245,0.275,0.245,0.055,0.175,0.28,0.235,0.245,0.375,0.235,0.185,0.185,0.395,0.195,0.2,0.13,0.515,0.325,0.19,0.52,0.515,0.5,0.15,0.45,0.24,0.5,0.12,0.5,0.515,0.455,0.36,0.225,0.42,0.305,0.115,0.31,0.47,0.365,0.385,0.185,0.22,0.16,0.285,0.315,0.275,0.34,0.12,0.11,0.665
0.715,0.715,0.595,0.595,0.97,0.55,0.935,0.895,0.495,0.685,0.895,0.93,0.87,0.97,0.93,0.895,0.87,0.97,0.98,0.87,0.67,0.705,0.67,0.855,0.87,0.935,0.855,0.895,0.855,0.685,0.855,0.705,0.635,0.895,0.92,0.895,0.92,0.92,0.635,0.92,0.415,0.895,0.945,0.035,0.895,0.92,0.975,0.945,0.165,0.945,0.48,0.44,0.895,0.545,0.9,0.545,0.545,0.94,0.94,0.94,0.67,0.9,0.545,0.9,0.895,0.67,0.855,0.185,0.855,0.785,0.785,0.785,0.255,0.945,0.035,0.435,0.89,0.365,0.855,0.89,0.55,0.945,0.925,0.415,0.15,0.925,0.855,0.395,0.51,0.2,0.945,0.035,0.44,0.42,0.765,0.925,0.99,0.765,0.765,0.435,0.67,0.865,0.36,0.67,0.67,0.31,0.405,0.94,0.94,0.925,0.84,0.605,0.745,0.635,0.34,0.165,0.29,0.915,0.81,0.605,0.445,0.805,0.335,0.61,0.465,0.93,0.115,0.17,0.93,0.855,0.58,0.915,0.59,0.81,0.075,0.91,0.185,0.935,0.375,0.91,0.86,0.125,0.44,0.825,0.86,0.165,0.86,0.91,0.405,0.66,0.715,0.65,0.075,0.165,0.065,0.405,0.105,0.66,0.08,0.705,0.075,0.075,0.075,0.08,0.07,0.105,0.095,0.085
0.935,0.935,0.94,0.94,0.19,0.535,0.75,0.745,0.525,0.58,0.745,0.82,0.69,0.19,0.82,0.745,0.69,0.19,0.355,0.69,0.96,0.62,0.96,0.64,0.69,0.75,0.64,0.745,0.74,0.58,0.74,0.62,0.335,0.815,0.925,0.815,0.315,0.925,0.335,0.315,0.905,0.815,0.22,0.22,0.815,0.315,0.17,0.22,0.305,0.22,0.615,0.905,0.445,0.335,0.27,0.335,0.325,0.21,0.21,0.21,0.745,0.27,0.325,0.27,0.445,0.745,0.885,0.31,0.885,0.435,0.435,0.435,0.935,0.245,0.255,0.855,0.52,0.31,0.5,0.52,0.91,0.245,0.57,0.93,0.335,0.57,0.5,0.865,0.915,0.355,0.245,0.23,0.845,0.925,0.6,0.57,0.13,0.6,0.6,0.865,0.6,0.665,0.5,0.6,0.6,0.46,0.885,0.315,0.315,0.28,0.785,0.555,0.935,0.39,0.935,0.555,0.8,0.67,0.955,0.555,0.905,0.95,0.76,0.97,0.94,0.45,0.53,0.25,0.45,0.87,0.975,0.505,0.98,0.88,0.605,0.375,0.21,0.395,0.295,0.375,0.395,0.805,0.97,0.355,0.395,0.575,0.395,0.375,0.97,0.25,0.27,0.17,0.375,0.62,0.37,0.99,0.23,0.16,0.245,0.24,0.265,0.43,0.32,0.345,0.295,0.425,0.43,0.54
0.05,0.05,0.2,0.2,0.24,0.785,0.645,0.395,0.76,0.535,0.395,0.55,0.565,0.24,0.55,0.395,0.565,0.24,0.255,0.565,0.115,0.395,0.115,0.62,0.565,0.645,0.62,0.395,0.385,0.535,0.385,0.395,0.515,0.3,0.35,0.3,0.275,0.35,0.515,0.275,0.685,0.3,0.26,0.975,0.3,0.275,0.335,0.26,0.62,0.26,0.695,0.675,0.575,0.32,0.28,0.32,0.305,0.27,0.27,0.27,0.28,0.28,0.305,0.28,0.575,0.28,0.27,0.51,0.27,0.565,0.565,0.565,0.68,0.21,0.955,0.815,0.355,0.775,0.36,0.355,0.92,0.21,0.235,0.85,0.505,0.235,0.36,0.8,0.92,0.855,0.21,0.95,0.795,0.85,0.43,0.235,0.295,0.43,0.43,0.775,0.3,0.285,0.79,0.3,0.3,0.735,0.74,0.41,0.41,0.425,0.765,0.46,0.585,0.435,0.825,0.865,0.575,0.395,0.63,0.46,0.745,0.63,0.645,0.58,0.89,0.455,0.625,0.58,0.455,0.625,0.635,0.275,0.605,0.77,0.77,0.26,0.555,0.445,0.58,0.26,0.26,0.59,0.57,0.245,0.26,0.895,0.26,0.26,0.59,0.265,0.34,0.29,0.795,0.915,0.72,0.54,0.655,0.305,0.74,0.265,0.75,0.8,0.715,0.705,0.705,0.87,0.86,0.805
0.225,0.225,0.21,0.21,0.055,0.65,0.155,0.11,0.705,0.235,0.11,0.185,0.1,0.055,0.185,0.11,0.1,0.055,0.025,0.1,0.305,0.23,0.305,0.075,0.1,0.155,0.075,0.11,0.09,0.235,0.09,0.23,0.49,0.355,0.465,0.355,0.075,0.465,0.49,0.075,0.485,0.355,0.055,0.605,0.355,0.075,0.035,0.055,0.245,0.055,0.61,0.48,0.035,0.35,0.075,0.35,0.365,0.07,0.07,0.07,0.575,0.075,0.365,0.075,0.035,0.575,0.33,0.24,0.33,0.015,0.015,0.015,0.835,0.055,0.725,0.33,0.04,0.34,0.035,0.04,0.39,0.055,0.045,0.355,0.23,0.045,0.035,0.345,0.41,0.335,0.055,0.72,0.46,0.33,0.02,0.045,0.055,0.02,0.02,0.54,0.02,0.035,0.305,0.02,0.02,0.265,0.53,0.07,0.07,0.06,0.04,0.06,0.44,0.055,0.63,0.325,0.22,0.035,0.44,0.06,0.72,0.46,0.23,0.48,0.675,0.065,0.365,0.24,0.065,0.045,0.505,0.035,0.515,0.04,0.475,0.04,0.195,0.07,0.275,0.04,0.04,0.34,0.365,0.14,0.04,0.32,0.04,0.04,0.385,0.045,0.13,0.05,0.585,0.425,0.585,0.39,0.585,0.035,0.59,0.125,0.58,0.61,0.525,0.555,0.485,0.795,0.865,0.885
0.03,0.03,0.03,0.03,0.88,0.16,0.525,0.805,0.15,0.6,0.805,0.68,0.715,0.88,0.68,0.805,0.715,0.88,0.745,0.715,0.07,0.645,0.07,0.66,0.715,0.525,0.66,0.805,0.695,0.6,0.695,0.645,0.295,0.73,0.475,0.73,0.94,0.475,0.295,0.94,0.6,0.73,0.92,0.11,0.73,0.94,0.71,0.92,0.235,0.92,0.155,0.57,0.88,0.34,0.95,0.34,0.31,0.98,0.98,0.98,0.695,0.95,0.31,0.95,0.88,0.695,0.665,0.145,0.665,0.88,0.88,0.88,0.455,0.975,0.14,0.69,0.735,0.24,0.79,0.735,0.585,0.975,0.895,0.775,0.14,0.895,0.79,0.695,0.49,0.495,0.975,0.155,0.69,0.81,0.695,0.895,0.86,0.695,0.695,0.68,0.715,0.7,0.38,0.715,0.715,0.475,0.68,0.805,0.805,0.8,0.865,0.85,0.705,0.845,0.775,0.615,0.195,0.675,0.75,0.85,0.68,0.74,0.22,0.705,0.485,0.85,0.58,0.795,0.85,0.9,0.7,0.88,0.695,0.825,0.64,0.84,0.82,0.845,0.61,0.84,0.885,0.23,0.43,0.415,0.885,0.545,0.885,0.84,0.465,0.27,0.515,0.31,0.52,0.655,0.69,0.38,0.29,0.31,0.385,0.495,0.365,0.51,0.725,0.785,0.785,0.31,0.37,0.185
0.885,0.885,0.865,0.865,0.725,0.88,0.725,0.71,0.855,0.92,0.71,0.765,0.71,0.725,0.765,0.71,0.71,0.725,0.185,0.71,0.97,0.93,0.97,0.745,0.71,0.725,0.745,0.71,0.79,0.92,0.79,0.93,0.59,0.775,0.825,0.775,0.16,0.825,0.59,0.16,0.82,0.775,0.16,0.545,0.775,0.16,0.15,0.16,0.965,0.16,0.685,0.855,0.39,0.555,0.18,0.555,0.55,0.145,0.145,0.145,0.915,0.18,0.55,0.18,0.39,0.915,0.86,0.975,0.86,0.405,0.405,0.405,0.765,0.82,0.875,0.635,0.375,0.885,0.41,0.375,0.635,0.82,0.355,0.72,0.985,0.355,0.41,0.655,0.625,0.975,0.82,0.87,0.64,0.715,0.455,0.355,0.57,0.455,0.455,0.64,0.55,0.65,0.955,0.55,0.55,0.905,0.62,0.2,0.2,0.185,0.495,0.705,0.425,0.75,0.715,0.975,0.705,0.565,0.47,0.705,0.61,0.495,0.77,0.405,0.615,0.175,1.0,0.44,0.175,0.505,0.455,0.75,0.445,0.595,1.0,0.21,0.285,0.18,0.27,0.21,0.225,0.645,0.87,0.705,0.225,0.965,0.225,0.21,0.85,0.695,0.7,0.71,0.34,0.97,0.265,0.67,0.565,0.71,0.22,0.785,0.205,0.3,0.465,0.375,0.48,0.26,0.33,0.535
0.33,0.33,0.4,0.4,0.915,0.14,0.495,0.13,0.135,0.195,0.13,0.265,0.4,0.915,0.265,0.13,0.4,0.915,0.37,0.4,0.43,0.11,0.43,0.35,0.4,0.495,0.35,0.13,0.12,0.195,0.12,0.11,0.535,0.275,0.375,0.275,0.76,0.375,0.535,0.76,0.375,0.275,0.7,0.895,0.275,0.76,0.345,0.7,0.575,0.7,0.125,0.575,0.975,0.4,0.785,0.4,0.405,0.68,0.68,0.68,0.115,0.785,0.405,0.785,0.975,0.115,0.18,0.425,0.18,0.97,0.97,0.97,0.245,0.885,0.915,0.965,0.855,0.785,0.88,0.855,0.975,0.885,0.835,0.985,0.495,0.835,0.88,0.96,0.975,0.8,0.885,0.875,0.955,0.98,0.745,0.835,0.73,0.745,0.745,0.955,0.775,0.915,0.69,0.775,0.775,0.585,0.97,0.54,0.54,0.59,0.9,0.915,0.805,0.905,0.995,0.79,0.635,0.845,0.755,0.915,0.975,0.82,0.765,0.915,0.98,0.445,0.61,0.43,0.445,0.86,0.92,0.96,0.92,0.885,0.57,0.69,0.46,0.57,0.59,0.69,0.745,0.755,0.835,0.425,0.745,0.85,0.745,0.69,0.825,0.34,0.415,0.315,0.805,0.795,0.655,0.805,0.54,0.345,0.805,0.345,0.8,0.69,0.78,0.72,0.74,0.85,0.935,0.615
0.54,0.54,0.43,0.43,0.555,0.52,0.385,0.485,0.52,0.26,0.485,0.53,0.325,0.555,0.53,0.485,0.325,0.555,0.32,0.325,0.735,0.355,0.735,0.325,0.325,0.385,0.325,0.485,0.365,0.26,0.365,0.355,0.41,0.66,0.715,0.66,0.365,0.715,0.41,0.365,0.78,0.66,0.435,0.885,0.66,0.365,0.385,0.435,0.55,0.435,0.475,0.755,0.625,0.425,0.425,0.425,0.41,0.53,0.53,0.53,0.405,0.425,0.41,0.425,0.625,0.405,0.545,0.6,0.545,0.63,0.63,0.63,0.99,0.485,0.935,0.665,0.59,0.725,0.565,0.59,0.785,0.485,0.76,0.74,0.59,0.76,0.565,0.675,0.765,0.625,0.485,0.975,0.65,0.75,0.655,0.76,0.405,0.655,0.655,0.65,0.655,0.76,0.71,0.655,0.655,0.58,0.75,0.57,0.57,0.64,0.915,0.625,0.875,0.68,0.835,0.585,0.785,0.775,0.87,0.625,0.77,0.88,0.775,0.89,0.87,0.685,0.47,0.64,0.685,0.915,0.91,0.695,0.89,0.925,0.67,0.785,0.655,0.71,0.43,0.785,0.77,0.66,0.73,0.615,0.77,0.79,0.77,0.785,0.73,0.46,0.555,0.38,0.65,0.78,0.79,0.64,0.555,0.415,0.835,0.485,0.775,0.75,0.79,0.755,0.765,0.41,0.45,0.845
0.86,0.86,0.86,0.86,0.03,0.87,0.7,0.555,0.9,0.545,0.555,0.73,0.54,0.03,0.73,0.555,0.54,0.03,0.585,0.54,0.685,0.59,0.685,0.555,0.54,0.7,0.555,0.555,0.54,0.545,0.54,0.59,0.725,0.635,0.7,0.635,0.035,0.7,0.725,0.035,0.89,0.635,0.025,0.355,0.635,0.035,0.6,0.025,0.405,0.025,0.78,0.785,0.02,0.645,0.035,0.645,0.645,0.025,0.025,0.025,0.595,0.035,0.645,0.035,0.02,0.595,0.615,0.335,0.615,0.065,0.065,0.065,0.695,0.03,0.29,0.39,0.02,0.225,0.02,0.02,0.68,0.03,0.03,0.63,0.355,0.03,0.02,0.41,0.71,0.315,0.03,0.29,0.355,0.575,0.15,0.03,0.665,0.15,0.15,0.36,0.155,0.025,0.245,0.155,0.155,0.215,0.34,0.065,0.065,0.07,0.27,0.15,0.2,0.165,0.585,0.29,0.185,0.025,0.18,0.15,0.325,0.17,0.18,0.195,0.655,0.095,0.215,0.405,0.095,0.27,0.205,0.015,0.2,0.3,0.385,0.035,0.485,0.1,0.455,0.035,0.035,0.145,1.0,0.29,0.035,0.38,0.035,0.035,1.0,0.565,0.295,0.385,0.69,0.39,0.505,0.995,0.265,0.39,0.45,0.245,0.345,0.635,0.62,0.595,0.675,0.445,0.485,0.625
0.995,0.995,0.985,0.985,0.3,0.655,0.88,0.785,0.675,0.825,0.785,0.865,0.785,0.3,0.865,0.785,0.785,0.3,0.195,0.785,0.975,0.86,0.975,0.765,0.785,0.88,0.765,0.785,0.77,0.825,0.77,0.86,0.88,0.745,0.88,0.745,0.36,0.88,0.88,0.36,0.32,0.745,0.35,0.46,0.745,0.36,0.195,0.35,0.425,0.35,0.595,0.36,0.4,0.915,0.565,0.915,0.94,0.56,0.56,0.56,0.865,0.565,0.94,0.565,0.4,0.865,0.74,0.42,0.74,0.53,0.53,0.53,0.51,0.17,0.35,0.27,0.515,0.505,0.545,0.515,0.255,0.17,0.18,0.3,0.415,0.18,0.545,0.305,0.32,0.595,0.17,0.42,0.24,0.28,0.44,0.18,0.115,0.44,0.44,0.25,0.525,0.24,0.505,0.525,0.525,0.51,0.41,0.42,0.42,0.48,0.68,0.765,0.315,0.64,0.395,0.56,0.36,0.225,0.28,0.765,0.385,0.275,0.33,0.245,0.245,0.465,0.63,0.665,0.465,0.735,0.155,0.205,0.17,0.615,0.47,0.34,0.68,0.43,0.57,0.34,0.355,0.33,0.41,0.345,0.355,0.485,0.355,0.34,0.48,0.645,0.51,0.655,0.66,0.45,0.605,0.5,0.735,0.51,0.57,0.475,0.625,0.685,0.6,0.615,0.615,0.62,0.615,0.825
0.195,0.195,0.13,0.13,0.755,0.205,0.115,0.135,0.19,0.11,0.135,0.1,0.13,0.755,0.1,0.135,0.13,0.755,0.415,0.13,0.205,0.17,0.205,0.105,0.13,0.115,0.105,0.135,0.13,0.11,0.13,0.17,0.055,0.225,0.225,0.225,0.425,0.225,0.055,0.425,0.325,0.225,0.495,0.88,0.225,0.425,0.36,0.495,0.78,0.495,0.18,0.295,0.65,0.06,0.255,0.06,0.05,0.3,0.3,0.3,0.16,0.255,0.05,0.255,0.65,0.16,0.225,0.82,0.225,0.635,0.635,0.635,0.37,0.85,0.925,0.32,0.495,0.67,0.505,0.495,0.34,0.85,0.625,0.335,0.81,0.625,0.505,0.385,0.37,0.74,0.85,0.905,0.315,0.305,0.735,0.625,0.605,0.735,0.735,0.365,0.74,0.645,0.665,0.74,0.74,0.705,0.355,0.23,0.23,0.215,0.53,0.325,0.33,0.275,0.33,0.77,0.93,0.735,0.335,0.325,0.35,0.34,0.955,0.315,0.32,0.185,0.81,0.59,0.185,0.53,0.33,0.6,0.33,0.515,0.92,0.385,0.615,0.165,0.68,0.385,0.325,0.99,0.06,0.68,0.325,0.845,0.325,0.385,0.055,0.965,0.66,0.955,0.51,0.785,0.48,0.07,0.69,0.965,0.475,0.595,0.47,0.57,0.415,0.48,0.45,0.575,0.56,0.705
0.925,0.925,0.875,0.875,0.15,0.74,0.845,0.765,0.745,0.635,0.765,0.845,0.755,0.15,0.845,0.765,0.755,0.15,0.42,0.755,0.955,0.73,0.955,0.715,0.755,0.845,0.715,0.765,0.735,0.635,0.735,0.73,0.685,0.77,0.855,0.77,0.18,0.855,0.685,0.18,0.245,0.77,0.215,0.4,0.77,0.18,0.665,0.215,0.43,0.215,0.59,0.255,0.385,0.655,0.165,0.655,0.675,0.22,0.22,0.22,0.795,0.165,0.675,0.165,0.385,0.795,0.8,0.63,0.8,0.37,0.37,0.37,0.2,0.22,0.38,0.105,0.19,0.125,0.2,0.19,0.13,0.22,0.43,0.12,0.685,0.43,0.2,0.105,0.14,0.115,0.22,0.395,0.105,0.115,0.21,0.43,0.245,0.21,0.21,0.11,0.23,0.22,0.14,0.23,0.23,0.115,0.115,0.51,0.51,0.56,0.615,0.535,0.11,0.555,0.13,0.14,0.035,0.245,0.145,0.535,0.105,0.14,0.02,0.12,0.165,0.38,0.18,0.46,0.38,0.45,0.11,0.445,0.11,0.655,0.115,0.2,0.31,0.425,0.395,0.2,0.2,0.045,0.655,0.32,0.2,0.055,0.2,0.2,0.75,0.28,0.29,0.285,0.465,0.055,0.315,0.86,0.47,0.285,0.525,0.395,0.53,0.435,0.25,0.26,0.2,0.59,0.51,0.3
0.755,0.755,0.695,0.695,0.5,0.17,0.805,0.96,0.165,0.84,0.96,0.775,0.955,0.5,0.775,0.96,0.955,0.5,0.85,0.955,0.775,0.855,0.775,0.945,0.955,0.805,0.945,0.96,0.96,0.84,0.96,0.855,0.64,0.925,0.745,0.925,0.82,0.745,0.64,0.82,0.67,0.925,0.805,0.95,0.925,0.82,0.82,0.805,0.96,0.805,0.135,0.64,0.325,0.675,0.67,0.675,0.615,0.65,0.65,0.65,0.85,0.67,0.615,0.67,0.325,0.85,0.935,0.96,0.935,0.26,0.26,0.26,0.72,0.66,0.905,0.915,0.395,0.945,0.37,0.395,0.95,0.66,0.36,0.905,0.96,0.36,0.37,0.91,0.95,0.91,0.66,0.945,0.91,0.895,0.37,0.36,0.6,0.37,0.37,0.91,0.375,0.405,0.93,0.375,0.375,0.965,0.92,0.92,0.92,0.845,0.775,0.645,0.84,0.52,0.94,0.895,0.99,0.41,0.85,0.645,0.925,0.84,0.985,0.88,0.97,0.925,0.915,0.495,0.925,0.695,0.845,0.33,0.835,0.745,0.99,0.445,0.43,0.835,0.505,0.445,0.455,1.0,0.725,0.655,0.455,0.99,0.455,0.445,0.715,0.55,0.65,0.67,0.485,0.99,0.5,0.585,0.545,0.65,0.6,0.65,0.575,0.44,0.54,0.445,0.465,0.865,0.845,0.62
0.985,0.985,0.97,0.97,0.535,0.085,0.985,0.995,0.085,0.865,0.995,0.99,0.995,0.535,0.99,0.995,0.995,0.535,0.625,0.995,1.0,0.915,1.0,0.965,0.995,0.985,0.965,0.995,0.995,0.865,0.995,0.915,0.475,0.98,0.995,0.98,0.755,0.995,0.475,0.755,0.265,0.98,0.775,0.845,0.98,0.755,0.635,0.775,0.645,0.775,0.07,0.245,0.455,0.515,0.72,0.515,0.515,0.725,0.725,0.725,0.9,0.72,0.515,0.72,0.455,0.9,0.98,0.77,0.98,0.81,0.81,0.81,0.225,0.595,0.86,0.05,0.325,0.64,0.285,0.325,0.11,0.595,0.455,0.115,0.785,0.455,0.285,0.065,0.1,0.68,0.595,0.9,0.055,0.075,0.63,0.455,0.52,0.63,0.63,0.075,0.495,0.335,0.7,0.495,0.495,0.93,0.095,0.045,0.045,0.02,0.005,0.01,0.095,0.01,0.125,0.74,0.955,0.36,0.105,0.01,0.095,0.11,0.935,0.07,0.1,0.045,0.865,0.745,0.045,0.005,0.065,0.56,0.07,0.005,0.905,0.655,0.69,0.02,0.785,0.655,0.635,0.83,0.02,0.54,0.635,0.8,0.635,0.655,0.02,0.805,0.525,0.8,0.84,0.835,0.865,0.025,0.775,0.85,0.88,0.48,0.825,0.855,0.885,0.865,0.875,0.9,0.88,0.94
0.76,0.76,0.79,0.79,0.045,0.42,0.735,0.78,0.425,0.64,0.78,0.76,0.72,0.045,0.76,0.78,0.72,0.045,0.045,0.72,0.695,0.615,0.695,0.69,0.72,0.735,0.69,0.78,0.75,0.64,0.75,0.615,0.445,0.7,0.76,0.7,0.03,0.76,0.445,0.03,0.935,0.7,0.035,0.87,0.7,0.03,0.025,0.035,0.935,0.035,0.4,0.95,0.24,0.505,0.025,0.505,0.525,0.03,0.03,0.03,0.585,0.025,0.525,0.025,0.24,0.585,0.695,0.845,0.695,0.195,0.195,0.195,0.86,0.05,0.84,0.95,0.26,0.845,0.25,0.26,0.775,0.05,0.13,0.81,0.795,0.13,0.25,0.94,0.77,0.86,0.05,0.815,0.95,0.805,0.26,0.13,0.02,0.26,0.26,0.97,0.255,0.04,0.82,0.255,0.255,0.76,0.935,0.06,0.06,0.065,0.295,0.18,0.9,0.17,0.82,0.855,0.995,0.04,0.935,0.18,0.895,0.895,0.995,0.93,0.725,0.07,0.84,0.71,0.07,0.38,0.985,0.045,0.975,0.395,0.935,0.145,0.775,0.085,0.865,0.145,0.08,0.995,0.715,0.645,0.08,0.87,0.08,0.145,0.71,0.47,0.635,0.52,0.435,0.87,0.35,0.715,0.36,0.445,0.395,0.49,0.34,0.405,0.33,0.33,0.325,0.58,0.48,0.53
0.335,0.335,0.395,0.395,0.785,0.25,0.19,0.215,0.24,0.415,0.215,0.175,0.185,0.785,0.175,0.215,0.185,0.785,0.965,0.185,0.265,0.315,0.265,0.13,0.185,0.19,0.13,0.215,0.22,0.415,0.22,0.315,0.465,0.31,0.265,0.31,0.545,0.265,0.465,0.545,0.535,0.31,0.545,0.32,0.31,0.545,0.955,0.545,0.505,0.545,0.25,0.435,0.635,0.465,0.59,0.465,0.475,0.615,0.615,0.615,0.4,0.59,0.475,0.59,0.635,0.4,0.29,0.565,0.29,0.535,0.535,0.535,0.54,0.685,0.275,0.58,0.57,0.715,0.55,0.57,0.57,0.685,0.775,0.58,0.52,0.775,0.55,0.615,0.64,0.73,0.685,0.265,0.515,0.555,0.5,0.775,0.91,0.5,0.5,0.55,0.47,0.55,0.755,0.47,0.47,0.795,0.535,0.615,0.615,0.565,0.235,0.45,0.65,0.43,0.525,0.785,0.455,0.59,0.715,0.45,0.525,0.7,0.295,0.56,0.56,0.63,0.875,0.145,0.63,0.245,0.515,0.595,0.53,0.215,0.375,0.64,0.15,0.595,0.305,0.64,0.615,0.65,0.23,0.18,0.615,0.43,0.615,0.64,0.25,0.12,0.14,0.105,0.425,0.46,0.39,0.305,0.375,0.11,0.37,0.15,0.455,0.395,0.345,0.36,0.3,0.23,0.235,0.19
0.615,0.615,0.635,0.635,0.51,0.025,0.715,0.655,0.025,0.81,0.655,0.665,0.64,0.51,0.665,0.655,0.64,0.51,0.24,0.64,0.77,0.685,0.77,0.695,0.64,0.715,0.695,0.655,0.68,0.81,0.68,0.685,0.43,0.715,0.79,0.715,0.7,0.79,0.43,0.7,0.105,0.715,0.79,0.14,0.715,0.7,0.26,0.79,0.1,0.79,0.03,0.15,0.755,0.355,0.54,0.355,0.38,0.645,0.645,0.645,0.68,0.54,0.38,0.54,0.755,0.68,0.71,0.105,0.71,0.625,0.625,0.625,0.33,0.715,0.185,0.12,0.805,0.015,0.795,0.805,0.12,0.715,0.855,0.155,0.1,0.855,0.795,0.115,0.12,0.02,0.715,0.18,0.125,0.135,0.675,0.855,0.565,0.675,0.675,0.13,0.675,0.85,0.01,0.675,0.675,0.01,0.11,0.46,0.46,0.445,0.625,0.695,0.23,0.715,0.155,0.015,0.005,0.87,0.25,0.695,0.125,0.24,0.005,0.225,0.15,0.405,0.015,0.97,0.405,0.58,0.23,0.83,0.245,0.555,0.015,0.885,0.965,0.4,0.955,0.885,0.855,0.015,0.005,0.935,0.855,0.015,0.855,0.885,0.005,0.875,0.82,0.96,0.96,0.015,0.975,0.005,0.96,0.89,0.98,0.775,0.985,0.98,0.955,0.965,0.945,0.885,0.85,0.89
0.805,0.805,0.805,0.805,0.945,0.05,0.39,0.275,0.045,0.795,0.275,0.385,0.285,0.945,0.385,0.275,0.285,0.945,0.96,0.285,0.625,0.625,0.625,0.305,0.285,0.39,0.305,0.275,0.25,0.795,0.25,0.625,0.505,0.21,0.34,0.21,0.945,0.34,0.505,0.945,0.025,0.21,0.95,0.18,0.21,0.945,0.99,0.95,0.205,0.95,0.065,0.025,0.87,0.37,0.96,0.37,0.39,0.965,0.965,0.965,0.565,0.96,0.39,0.96,0.87,0.565,0.21,0.13,0.21,0.895,0.895,0.895,0.025,0.875,0.41,0.025,0.925,0.265,0.93,0.925,0.025,0.875,0.875,0.025,0.13,0.875,0.93,0.025,0.025,0.3,0.875,0.275,0.025,0.025,0.905,0.875,0.995,0.905,0.905,0.025,0.905,0.91,0.215,0.905,0.905,0.45,0.025,0.955,0.955,0.97,0.935,0.95,0.02,0.925,0.025,0.245,0.085,0.905,0.02,0.95,0.025,0.02,0.08,0.02,0.025,0.945,0.38,0.305,0.945,0.94,0.02,0.81,0.02,0.94,0.28,0.935,0.355,0.95,0.34,0.935,0.93,0.09,0.67,0.73,0.93,0.195,0.93,0.935,0.66,0.745,0.745,0.745,0.295,0.185,0.205,0.63,0.18,0.75,0.345,0.75,0.37,0.305,0.205,0.195,0.205,0.4,0.38,0.455
0.825,0.825,0.765,0.765,0.905,0.375,0.595,0.47,0.35,0.205,0.47,0.495,0.455,0.905,0.495,0.47,0.455,0.905,0.89,0.455,0.945,0.25,0.945,0.405,0.455,0.595,0.405,0.47,0.415,0.205,0.415,0.25,0.995,0.48,0.44,0.48,1.0,0.44,0.995,1.0,0.17,0.48,1.0,0.325,0.48,1.0,0.875,1.0,0.215,1.0,0.395,0.175,0.995,0.985,0.99,0.985,0.985,0.99,0.99,0.99,0.22,0.99,0.985,0.99,0.995,0.22,0.37,0.125,0.37,0.98,0.98,0.98,0.365,0.97,0.21,0.405,1.0,0.415,1.0,1.0,0.435,0.97,0.905,0.44,0.11,0.905,1.0,0.415,0.415,0.385,0.97,0.235,0.415,0.445,0.985,0.905,0.335,0.985,0.985,0.41,0.98,0.99,0.325,0.98,0.98,0.4,0.425,0.775,0.775,0.785,0.61,0.47,0.29,0.49,0.47,0.32,0.48,1.0,0.285,0.47,0.42,0.285,0.545,0.305,0.46,0.675,0.35,0.05,0.675,0.635,0.32,1.0,0.315,0.62,0.45,0.905,0.055,0.67,0.04,0.905,0.875,0.61,0.17,0.69,0.875,0.45,0.875,0.905,0.155,0.445,0.585,0.475,0.095,0.38,0.105,0.14,0.34,0.48,0.18,0.57,0.185,0.11,0.105,0.105,0.11,0.11,0.115,0.17
0.08,0.08,0.055,0.055,0.845,0.89,0.06,0.34,0.905,0.275,0.34,0.105,0.19,0.845,0.105,0.34,0.19,0.845,0.13,0.19,0.08,0.31,0.08,0.275,0.19,0.06,0.275,0.34,0.36,0.275,0.36,0.31,0.07,0.4,0.11,0.4,0.37,0.11,0.07,0.37,0.49,0.4,0.34,0.585,0.4,0.37,0.095,0.34,0.025,0.34,0.945,0.19,0.71,0.14,0.725,0.14,0.14,0.795,0.795,0.795,0.33,0.725,0.14,0.725,0.71,0.33,0.36,0.015,0.36,0.82,0.82,0.82,0.495,0.815,0.42,0.57,0.73,0.05,0.65,0.73,0.33,0.815,0.865,0.285,0.02,0.865,0.65,0.585,0.215,0.055,0.815,0.445,0.575,0.29,0.77,0.865,0.21,0.77,0.77,0.575,0.835,0.87,0.05,0.835,0.835,0.045,0.655,0.45,0.45,0.53,0.575,0.365,0.905,0.405,0.31,0.075,0.15,0.83,0.92,0.365,0.635,0.92,0.165,0.73,0.255,0.55,0.055,0.235,0.55,0.66,0.57,0.92,0.57,0.585,0.04,0.775,0.215,0.665,0.345,0.775,0.755,0.155,0.13,0.585,0.755,0.06,0.755,0.775,0.13,0.4,0.61,0.545,0.475,0.065,0.475,0.155,0.185,0.53,0.285,0.605,0.19,0.53,0.425,0.45,0.445,0.42,0.46,0.445
