scan_000,scan_001,scan_002,scan_003,scan_004,scan_005,scan_006,scan_007,scan_008,scan_009,scan_010,scan_011,scan_012,scan_013,scan_014,scan_015,scan_016,scan_017,scan_018,scan_019,scan_020,scan_021,scan_022,scan_023,scan_024,scan_025,scan_026,scan_027,scan_028,scan_029,scan_030,scan_031,scan_032,scan_033,scan_034,scan_035,scan_036,scan_037,scan_038,scan_039,scan_040,scan_041,scan_042,scan_043,scan_044,scan_045,scan_046,scan_047,scan_048,scan_049,scan_050,scan_051,scan_052,scan_053,scan_054,scan_055,scan_056,scan_057,scan_058,scan_059,scan_060,scan_061,scan_062,scan_063,scan_064,scan_065,scan_066,scan_067,scan_068,scan_069,scan_070,scan_071,scan_072,scan_073,scan_074,scan_075,scan_076,scan_077,scan_078,scan_079,scan_080,scan_081,scan_082,scan_083,scan_084,scan_085,scan_086,scan_087,scan_088,scan_089,scan_090,scan_091,scan_092,scan_093,scan_094,scan_095,scan_096,scan_097,scan_098,scan_099,scan_100,scan_101,scan_102,scan_103,scan_104,scan_105,scan_106,scan_107,scan_108,scan_109,scan_110,scan_111,scan_112,scan_113,scan_114,scan_115,scan_116,scan_117,scan_118,scan_119,scan_120,scan_121,scan_122,scan_123,scan_124,scan_125,scan_126,scan_127,scan_128,scan_129,scan_130,scan_131,scan_132,scan_133,scan_134,scan_135,scan_136,scan_137,scan_138,scan_139,scan_140,scan_141,scan_142,scan_143,scan_144,scan_145,scan_146,scan_147,scan_148,scan_149,scan_150,scan_151,scan_152,scan_153,scan_154,scan_155,scan_156,scan_157,scan_158,scan_159,scan_160,scan_161,scan_162,scan_163,scan_164,scan_165,scan_166,scan_167
0.328,0.328,0.327,0.327,0.704,0.448,0.291,0.167,0.587,0.442,0.167,0.273,0.15,0.704,0.273,0.167,0.15,0.704,0.652,0.15,0.351,0.334,0.351,0.453,0.15,0.291,0.453,0.167,0.408,0.442,0.408,0.334,0.602,0.099,0.247,0.099,0.811,0.247,0.602,0.811,0.478,0.099,0.71,0.631,0.099,0.811,0.626,0.71,0.112,0.71,0.584,0.402,0.949,0.659,0.829,0.659,0.665,0.715,0.715,0.715,0.39,0.829,0.665,0.829,0.949,0.39,0.438,0.137,0.438,0.863,0.863,0.863,0.627,0.81,0.638,0.43,0.959,0.05,0.972,0.959,0.312,0.81,0.801,0.312,0.132,0.801,0.972,0.285,0.335,0.098,0.81,0.632,0.414,0.289,0.894,0.801,0.515,0.894,0.894,0.252,0.904,0.972,0.051,0.904,0.904,0.142,0.322,0.951,0.951,0.935,0.706,0.911,0.261,0.796,0.267,0.096,0.064,0.967,0.242,0.911,0.352,0.243,0.056,0.16,0.202,0.955,0.212,0.407,0.955,0.848,0.23,0.84,0.16,0.665,0.176,0.859,0.388,0.943,0.439,0.859,0.867,0.078,0.452,0.309,0.867,0.145,0.867,0.859,0.433,0.289,0.28,0.255,0.504,0.162,0.498,0.476,0.401,0.248,0.412,0.259,0.477,0.444,0.536,0.57,0.535,0.511,0.631,0.582
0.304,0.304,0.328,0.328,0.04,0.823,0.158,0.36,0.806,0.37,0.36,0.17,0.298,0.04,0.17,0.36,0.298,0.04,0.993,0.298,0.188,0.337,0.188,0.283,0.298,0.158,0.283,0.36,0.284,0.37,0.284,0.337,0.52,0.256,0.14,0.256,0.207,0.14,0.52,0.207,0.351,0.256,0.189,0.07,0.256,0.207,0.984,0.189,0.443,0.189,0.621,0.412,0.035,0.785,0.165,0.785,0.781,0.169,0.169,0.169,0.324,0.165,0.781,0.165,0.035,0.324,0.26,0.681,0.26,0.058,0.058,0.058,0.49,0.054,0.129,0.269,0.068,0.241,0.115,0.068,0.347,0.054,0.028,0.309,0.578,0.028,0.115,0.267,0.326,0.385,0.054,0.115,0.272,0.333,0.092,0.028,0.986,0.092,0.092,0.265,0.076,0.107,0.243,0.076,0.076,0.398,0.349,0.381,0.381,0.328,0.509,0.223,0.397,0.236,0.413,0.43,0.819,0.06,0.304,0.223,0.334,0.38,0.74,0.383,0.4,0.446,0.491,0.637,0.446,0.305,0.516,0.033,0.505,0.438,0.575,0.079,0.617,0.392,0.562,0.079,0.087,0.843,0.622,0.68,0.087,0.442,0.087,0.079,0.599,0.643,0.73,0.73,0.199,0.432,0.187,0.613,0.168,0.728,0.229,0.715,0.236,0.175,0.155,0.147,0.136,0.744,0.676,0.15
0.154,0.154,0.179,0.179,0.154,0.597,0.197,0.476,0.623,0.517,0.476,0.299,0.459,0.154,0.299,0.476,0.459,0.154,0.066,0.459,0.115,0.564,0.115,0.504,0.459,0.197,0.504,0.476,0.543,0.517,0.543,0.564,0.303,0.607,0.268,0.607,0.486,0.268,0.303,0.486,0.765,0.607,0.442,0.567,0.607,0.486,0.06,0.442,0.712,0.442,0.617,0.77,0.244,0.39,0.365,0.39,0.399,0.316,0.316,0.316,0.542,0.365,0.399,0.365,0.244,0.542,0.523,0.534,0.523,0.172,0.172,0.172,0.588,0.221,0.605,0.742,0.499,0.302,0.501,0.499,0.73,0.221,0.134,0.806,0.57,0.134,0.501,0.744,0.761,0.259,0.221,0.604,0.752,0.813,0.23,0.134,0.196,0.23,0.23,0.748,0.305,0.17,0.325,0.305,0.305,0.515,0.713,0.571,0.571,0.582,0.225,0.512,0.492,0.527,0.74,0.326,0.731,0.183,0.469,0.512,0.721,0.461,0.728,0.591,0.745,0.558,0.584,0.438,0.558,0.29,0.565,0.142,0.555,0.291,0.663,0.421,0.417,0.534,0.412,0.421,0.528,0.794,0.592,0.533,0.528,0.303,0.528,0.421,0.61,0.81,0.563,0.807,0.248,0.393,0.374,0.685,0.273,0.819,0.404,0.565,0.431,0.306,0.324,0.383,0.314,0.702,0.706,0.176
0.864,0.864,0.851,0.851,0.863,0.021,0.519,0.437,0.025,0.935,0.437,0.517,0.408,0.863,0.517,0.437,0.408,0.863,0.393,0.408,0.862,0.933,0.862,0.442,0.408,0.519,0.442,0.437,0.493,0.935,0.493,0.933,0.685,0.513,0.591,0.513,0.664,0.591,0.685,0.664,0.074,0.513,0.724,0.69,0.513,0.664,0.397,0.724,0.918,0.724,0.039,0.064,0.558,0.655,0.954,0.655,0.663,0.964,0.964,0.964,0.924,0.954,0.663,0.954,0.558,0.924,0.512,0.957,0.512,0.692,0.692,0.692,0.102,0.573,0.541,0.492,0.783,0.864,0.794,0.783,0.042,0.573,0.543,0.042,0.938,0.543,0.794,0.512,0.041,0.917,0.573,0.496,0.484,0.047,0.889,0.543,0.602,0.889,0.889,0.485,0.778,0.831,0.799,0.778,0.778,0.791,0.459,0.889,0.889,0.927,0.843,0.651,0.238,0.692,0.042,0.907,0.734,0.807,0.239,0.651,0.42,0.241,0.792,0.239,0.045,0.918,0.852,0.263,0.918,0.818,0.276,0.58,0.284,0.852,0.48,0.711,0.268,0.953,0.386,0.711,0.742,0.628,0.027,0.215,0.742,0.612,0.742,0.711,0.027,0.931,0.231,0.917,0.551,0.6,0.512,0.028,0.593,0.895,0.626,0.235,0.63,0.469,0.568,0.56,0.608,0.727,0.711,0.848
0.045,0.045,0.044,0.044,0.035,0.619,0.023,0.038,0.6,0.206,0.038,0.026,0.027,0.035,0.026,0.038,0.027,0.035,0.013,0.027,0.048,0.253,0.048,0.028,0.027,0.023,0.028,0.038,0.042,0.206,0.042,0.253,0.44,0.04,0.023,0.04,0.043,0.023,0.44,0.043,0.76,0.04,0.047,0.218,0.04,0.043,0.023,0.047,0.422,0.047,0.511,0.834,0.573,0.322,0.059,0.322,0.315,0.043,0.043,0.043,0.241,0.059,0.315,0.059,0.573,0.241,0.038,0.407,0.038,0.448,0.448,0.448,0.887,0.064,0.254,0.998,0.524,0.714,0.517,0.524,0.999,0.064,0.584,0.998,0.38,0.584,0.517,0.997,0.999,0.748,0.064,0.251,0.998,0.998,0.431,0.584,0.022,0.431,0.431,0.998,0.456,0.468,0.711,0.456,0.456,0.557,0.998,0.073,0.073,0.084,0.19,0.156,0.988,0.161,0.998,0.741,0.596,0.472,0.985,0.156,0.999,0.986,0.637,0.992,0.999,0.085,0.595,0.037,0.085,0.181,1.0,0.567,0.998,0.19,0.684,0.614,0.039,0.087,0.039,0.614,0.616,0.706,0.612,0.017,0.616,0.67,0.616,0.614,0.645,0.004,0.02,0.005,0.076,0.66,0.065,0.586,0.074,0.006,0.098,0.023,0.105,0.069,0.068,0.058,0.068,0.08,0.081,0.08
0.017,0.017,0.019,0.019,0.484,0.568,0.011,0.011,0.564,0.359,0.011,0.014,0.008,0.484,0.014,0.011,0.008,0.484,0.907,0.008,0.011,0.34,0.011,0.01,0.008,0.011,0.01,0.011,0.01,0.359,0.01,0.34,0.175,0.003,0.007,0.003,0.463,0.007,0.175,0.463,0.192,0.003,0.473,0.108,0.003,0.463,0.894,0.473,0.133,0.473,0.376,0.289,0.421,0.168,0.376,0.168,0.17,0.361,0.361,0.361,0.278,0.376,0.17,0.376,0.421,0.278,0.006,0.131,0.006,0.531,0.531,0.531,0.499,0.629,0.14,0.588,0.383,0.001,0.406,0.383,0.427,0.629,0.297,0.582,0.136,0.297,0.406,0.602,0.513,0.001,0.629,0.162,0.57,0.539,0.48,0.297,0.931,0.48,0.48,0.585,0.546,0.217,0.001,0.546,0.546,0.002,0.479,0.77,0.77,0.762,0.98,0.889,0.614,0.903,0.49,0.001,0.036,0.228,0.582,0.889,0.483,0.582,0.032,0.67,0.446,0.76,0.001,0.209,0.76,0.973,0.725,0.289,0.698,0.921,0.002,0.289,0.127,0.769,0.14,0.289,0.278,0.033,0.41,0.137,0.278,0.001,0.278,0.289,0.393,0.097,0.12,0.107,0.103,0.001,0.128,0.399,0.1,0.103,0.083,0.121,0.086,0.106,0.132,0.102,0.096,0.081,0.074,0.157
0.062,0.062,0.035,0.035,0.38,0.175,0.483,0.567,0.186,0.393,0.567,0.494,0.528,0.38,0.494,0.567,0.528,0.38,0.512,0.528,0.2,0.391,0.2,0.565,0.528,0.483,0.565,0.567,0.533,0.393,0.533,0.391,0.271,0.546,0.533,0.546,0.705,0.533,0.271,0.705,0.503,0.546,0.684,0.599,0.546,0.705,0.495,0.684,0.311,0.684,0.197,0.716,0.823,0.213,0.638,0.213,0.216,0.673,0.673,0.673,0.38,0.638,0.216,0.638,0.823,0.38,0.548,0.461,0.548,0.844,0.844,0.844,0.648,0.405,0.631,0.502,0.886,0.481,0.927,0.886,0.336,0.405,0.657,0.432,0.47,0.657,0.927,0.476,0.453,0.402,0.405,0.616,0.449,0.314,0.878,0.657,0.3,0.878,0.878,0.496,0.868,0.927,0.538,0.868,0.868,0.416,0.592,0.318,0.318,0.331,0.126,0.053,0.284,0.041,0.445,0.472,0.382,0.857,0.3,0.053,0.591,0.363,0.333,0.294,0.472,0.261,0.359,0.938,0.261,0.106,0.343,0.791,0.372,0.13,0.165,0.849,0.896,0.215,0.931,0.849,0.913,0.288,0.124,0.947,0.913,0.196,0.913,0.849,0.123,0.912,0.962,0.91,0.965,0.257,0.936,0.114,0.062,0.917,0.069,0.916,0.06,0.962,0.914,0.945,0.927,0.133,0.122,0.163
1.0,1.0,1.0,1.0,0.818,0.164,0.994,0.971,0.162,0.914,0.971,0.994,0.963,0.818,0.994,0.971,0.963,0.818,0.865,0.963,1.0,0.902,1.0,0.969,0.963,0.994,0.969,0.971,0.975,0.914,0.975,0.902,0.984,0.987,0.987,0.987,0.804,0.987,0.984,0.804,0.642,0.987,0.808,0.851,0.987,0.804,0.745,0.808,0.989,0.808,0.261,0.631,0.537,0.989,0.683,0.989,0.988,0.67,0.67,0.67,0.94,0.683,0.988,0.683,0.537,0.94,0.988,0.997,0.988,0.637,0.637,0.637,0.682,0.871,0.892,0.388,0.416,0.927,0.422,0.416,0.567,0.871,0.616,0.398,0.994,0.616,0.422,0.36,0.578,0.982,0.871,0.887,0.331,0.396,0.506,0.616,0.669,0.506,0.506,0.376,0.503,0.529,0.908,0.503,0.503,0.93,0.387,0.929,0.929,0.961,0.41,0.913,0.064,0.942,0.459,0.97,0.757,0.516,0.065,0.913,0.348,0.065,0.747,0.112,0.537,0.935,0.934,0.032,0.935,0.288,0.106,0.591,0.102,0.462,0.956,0.568,0.029,0.962,0.038,0.568,0.557,0.679,0.415,0.009,0.557,0.99,0.557,0.568,0.4,0.712,0.011,0.729,0.063,0.974,0.058,0.642,0.106,0.727,0.126,0.01,0.119,0.073,0.056,0.057,0.061,0.074,0.078,0.058
0.469,0.469,0.484,0.484,0.609,0.52,0.512,0.419,0.518,0.361,0.419,0.558,0.429,0.609,0.558,0.419,0.429,0.609,0.485,0.429,0.532,0.389,0.532,0.37,0.429,0.512,0.37,0.419,0.381,0.361,0.381,0.389,0.82,0.463,0.63,0.463,0.372,0.63,0.82,0.372,0.465,0.463,0.43,0.199,0.463,0.372,0.709,0.43,0.24,0.43,0.491,0.427,0.41,0.855,0.372,0.855,0.847,0.405,0.405,0.405,0.378,0.372,0.847,0.372,0.41,0.378,0.464,0.187,0.464,0.262,0.262,0.262,0.424,0.589,0.203,0.57,0.303,0.148,0.314,0.303,0.358,0.589,0.479,0.31,0.198,0.479,0.314,0.618,0.333,0.155,0.589,0.212,0.581,0.32,0.255,0.479,0.96,0.255,0.255,0.611,0.265,0.251,0.144,0.265,0.265,0.178,0.57,0.54,0.54,0.537,0.144,0.753,0.318,0.539,0.291,0.159,0.28,0.307,0.336,0.753,0.542,0.329,0.29,0.384,0.247,0.591,0.202,0.332,0.591,0.4,0.357,0.354,0.363,0.186,0.221,0.315,0.285,0.591,0.485,0.315,0.319,0.307,0.218,0.886,0.319,0.181,0.319,0.315,0.259,0.838,0.749,0.816,0.681,0.184,0.59,0.223,0.577,0.829,0.755,0.757,0.78,0.677,0.596,0.542,0.549,0.853,0.843,0.586
0.392,0.392,0.361,0.361,0.455,0.565,0.637,0.657,0.507,0.989,0.657,0.649,0.632,0.455,0.649,0.657,0.632,0.455,0.933,0.632,0.373,0.986,0.373,0.619,0.632,0.637,0.619,0.657,0.646,0.989,0.646,0.986,0.951,0.669,0.696,0.669,0.887,0.696,0.951,0.887,0.601,0.669,0.91,0.414,0.669,0.887,0.919,0.91,0.462,0.91,0.633,0.645,0.459,0.948,0.86,0.948,0.949,0.862,0.862,0.862,0.99,0.86,0.949,0.86,0.459,0.99,0.68,0.465,0.68,0.441,0.441,0.441,0.844,0.607,0.441,0.526,0.773,0.879,0.807,0.773,0.477,0.607,0.547,0.474,0.418,0.547,0.807,0.585,0.54,0.427,0.607,0.405,0.508,0.452,0.759,0.547,0.537,0.759,0.759,0.526,0.747,0.732,0.83,0.747,0.747,0.661,0.642,0.902,0.902,0.922,0.638,0.876,0.875,0.74,0.393,0.42,0.573,0.719,0.886,0.876,0.582,0.885,0.557,0.937,0.483,0.959,0.245,0.427,0.959,0.444,0.936,0.436,0.943,0.552,0.262,0.776,0.364,0.964,0.589,0.776,0.813,0.716,0.327,0.517,0.813,0.384,0.813,0.776,0.298,0.593,0.564,0.639,0.67,0.359,0.473,0.297,0.711,0.658,0.656,0.617,0.617,0.652,0.449,0.489,0.437,0.842,0.817,0.807
0.509,0.509,0.531,0.531,0.375,0.935,0.66,0.613,0.886,0.353,0.613,0.682,0.547,0.375,0.682,0.613,0.547,0.375,0.944,0.547,0.545,0.447,0.545,0.542,0.547,0.66,0.542,0.613,0.601,0.353,0.601,0.447,0.16,0.531,0.612,0.531,0.141,0.612,0.16,0.141,0.787,0.531,0.158,0.455,0.531,0.141,0.881,0.158,0.622,0.158,0.903,0.78,0.716,0.205,0.625,0.205,0.205,0.575,0.575,0.575,0.32,0.625,0.205,0.625,0.716,0.32,0.514,0.553,0.514,0.88,0.88,0.88,0.758,0.035,0.439,0.656,0.996,0.579,0.991,0.996,0.727,0.035,0.49,0.676,0.653,0.49,0.991,0.642,0.708,0.837,0.035,0.442,0.634,0.673,0.976,0.49,0.514,0.976,0.976,0.616,0.969,0.644,0.676,0.969,0.969,0.844,0.711,0.257,0.257,0.276,0.401,0.532,0.919,0.49,0.739,0.84,0.973,0.653,0.891,0.532,0.671,0.896,0.961,0.829,0.799,0.364,0.883,0.716,0.364,0.901,0.675,0.409,0.667,0.482,0.933,0.879,0.676,0.378,0.579,0.879,0.824,0.964,0.55,0.867,0.824,0.946,0.824,0.879,0.55,0.773,0.854,0.786,0.838,0.944,0.954,0.618,0.916,0.757,0.928,0.851,0.929,0.861,0.89,0.92,0.886,0.856,0.849,0.716
0.288,0.288,0.281,0.281,0.63,0.357,0.131,0.132,0.367,0.102,0.132,0.16,0.102,0.63,0.16,0.132,0.102,0.63,0.63,0.102,0.283,0.119,0.283,0.107,0.102,0.131,0.107,0.132,0.125,0.102,0.125,0.119,0.115,0.192,0.165,0.192,0.86,0.165,0.115,0.86,0.255,0.192,0.788,0.13,0.192,0.86,0.603,0.788,0.315,0.788,0.454,0.246,0.575,0.087,0.788,0.087,0.087,0.691,0.691,0.691,0.245,0.788,0.087,0.788,0.575,0.245,0.172,0.185,0.172,0.568,0.568,0.568,0.201,0.728,0.083,0.61,0.471,0.358,0.438,0.471,0.274,0.728,0.597,0.213,0.216,0.597,0.438,0.617,0.227,0.461,0.728,0.08,0.557,0.216,0.42,0.597,0.503,0.42,0.42,0.558,0.41,0.558,0.384,0.41,0.41,0.443,0.497,0.925,0.925,0.876,0.921,0.888,0.686,0.904,0.23,0.488,0.089,0.579,0.672,0.888,0.528,0.663,0.074,0.622,0.213,0.892,0.507,0.727,0.892,0.983,0.619,0.636,0.652,0.93,0.272,0.665,0.728,0.846,0.785,0.665,0.585,0.105,0.115,0.58,0.585,0.261,0.585,0.665,0.099,0.729,0.5,0.701,0.208,0.331,0.26,0.068,0.27,0.701,0.361,0.537,0.351,0.198,0.285,0.25,0.257,0.194,0.179,0.221
0.475,0.475,0.461,0.461,0.702,0.342,0.595,0.678,0.347,0.633,0.678,0.545,0.698,0.702,0.545,0.678,0.698,0.702,0.781,0.698,0.516,0.507,0.516,0.625,0.698,0.595,0.625,0.678,0.576,0.633,0.576,0.507,0.205,0.506,0.499,0.506,0.808,0.499,0.205,0.808,0.778,0.506,0.703,0.429,0.506,0.808,0.777,0.703,0.109,0.703,0.285,0.798,0.363,0.279,0.809,0.279,0.283,0.697,0.697,0.697,0.363,0.809,0.283,0.809,0.363,0.363,0.444,0.346,0.444,0.195,0.195,0.195,0.872,0.735,0.449,0.623,0.199,0.205,0.208,0.199,0.797,0.735,0.5,0.703,0.223,0.5,0.208,0.629,0.821,0.273,0.735,0.416,0.615,0.707,0.172,0.5,0.824,0.172,0.172,0.595,0.226,0.337,0.279,0.226,0.226,0.179,0.526,0.853,0.853,0.87,0.805,0.724,0.167,0.739,0.713,0.322,0.11,0.275,0.194,0.724,0.472,0.171,0.122,0.237,0.736,0.898,0.174,0.114,0.898,0.92,0.304,0.441,0.301,0.934,0.16,0.455,0.123,0.904,0.168,0.455,0.515,0.153,0.697,0.083,0.515,0.389,0.515,0.455,0.649,0.281,0.092,0.281,0.159,0.352,0.164,0.797,0.121,0.268,0.084,0.094,0.08,0.156,0.153,0.109,0.109,0.078,0.075,0.071
0.856,0.856,0.833,0.833,0.902,0.388,0.961,0.953,0.4,0.947,0.953,0.964,0.954,0.902,0.964,0.953,0.954,0.902,0.902,0.954,0.893,0.95,0.893,0.949,0.954,0.961,0.949,0.953,0.951,0.947,0.951,0.95,0.798,0.951,0.945,0.951,0.843,0.945,0.798,0.843,0.678,0.951,0.794,0.73,0.951,0.843,0.921,0.794,0.653,0.794,0.345,0.602,0.759,0.841,0.796,0.841,0.84,0.802,0.802,0.802,0.968,0.796,0.84,0.796,0.759,0.968,0.93,0.831,0.93,0.34,0.34,0.34,0.54,0.881,0.755,0.754,0.491,0.818,0.499,0.491,0.675,0.881,0.79,0.764,0.827,0.79,0.499,0.79,0.731,0.423,0.881,0.757,0.731,0.731,0.315,0.79,0.848,0.315,0.315,0.762,0.364,0.46,0.84,0.364,0.364,0.774,0.541,0.463,0.463,0.497,0.087,0.186,0.381,0.204,0.684,0.425,0.402,0.469,0.45,0.186,0.537,0.458,0.469,0.381,0.705,0.421,0.412,0.958,0.421,0.118,0.481,0.715,0.507,0.082,0.306,0.608,0.968,0.459,0.948,0.608,0.578,0.404,0.055,0.659,0.578,0.25,0.578,0.608,0.054,0.85,0.666,0.889,0.994,0.3,0.991,0.066,0.371,0.871,0.187,0.661,0.208,0.998,0.987,0.994,0.99,0.167,0.175,0.124
0.652,0.652,0.629,0.629,0.622,0.456,0.916,0.923,0.44,0.672,0.923,0.936,0.857,0.622,0.936,0.923,0.857,0.622,0.858,0.857,0.703,0.695,0.703,0.81,0.857,0.916,0.81,0.923,0.924,0.672,0.924,0.695,0.467,0.915,0.934,0.915,0.912,0.934,0.467,0.912,0.706,0.915,0.966,0.485,0.915,0.912,0.821,0.966,0.47,0.966,0.421,0.658,0.774,0.45,0.934,0.45,0.462,0.815,0.815,0.815,0.789,0.934,0.462,0.934,0.774,0.789,0.903,0.47,0.903,0.807,0.807,0.807,0.453,0.46,0.522,0.793,0.814,0.461,0.79,0.814,0.492,0.46,0.812,0.605,0.471,0.812,0.79,0.791,0.524,0.408,0.46,0.532,0.797,0.592,0.848,0.812,0.459,0.848,0.848,0.797,0.74,0.787,0.462,0.74,0.74,0.479,0.808,0.961,0.961,0.766,0.762,0.529,0.734,0.466,0.59,0.414,0.664,0.84,0.749,0.529,0.804,0.745,0.653,0.783,0.547,0.95,0.444,0.783,0.95,0.384,0.763,0.806,0.778,0.721,0.54,0.781,0.788,0.676,0.795,0.781,0.762,0.632,0.611,0.566,0.762,0.522,0.762,0.781,0.604,0.903,0.603,0.933,0.935,0.527,0.923,0.531,0.902,0.931,0.943,0.606,0.938,0.876,0.931,0.873,0.924,0.773,0.77,0.63
0.044,0.044,0.041,0.041,0.991,0.37,0.414,0.739,0.36,0.647,0.739,0.404,0.721,0.991,0.404,0.739,0.721,0.991,1.0,0.721,0.09,0.656,0.09,0.637,0.721,0.414,0.637,0.739,0.716,0.647,0.716,0.656,0.609,0.734,0.382,0.734,0.999,0.382,0.609,0.999,0.18,0.734,0.994,0.406,0.734,0.999,1.0,0.994,0.607,0.994,0.273,0.207,0.844,0.545,0.992,0.545,0.59,0.98,0.98,0.98,0.601,0.992,0.59,0.992,0.844,0.601,0.697,0.547,0.697,0.915,0.915,0.915,0.258,0.994,0.503,0.214,0.741,0.746,0.793,0.741,0.21,0.994,0.959,0.209,0.556,0.959,0.793,0.2,0.189,0.715,0.994,0.492,0.206,0.227,0.937,0.959,0.977,0.937,0.937,0.192,0.914,0.94,0.69,0.914,0.914,0.55,0.195,0.867,0.867,0.805,0.32,0.225,0.079,0.215,0.198,0.716,0.239,0.9,0.111,0.225,0.193,0.109,0.257,0.115,0.143,0.825,0.564,0.429,0.825,0.215,0.127,0.93,0.128,0.297,0.779,0.969,0.418,0.743,0.44,0.969,0.979,0.243,0.503,0.856,0.979,0.743,0.979,0.969,0.536,0.722,0.895,0.745,0.244,0.744,0.395,0.499,0.24,0.798,0.173,0.83,0.178,0.282,0.348,0.347,0.332,0.256,0.206,0.289
0.28,0.28,0.217,0.217,0.573,0.406,0.188,0.2,0.405,0.093,0.2,0.26,0.183,0.573,0.26,0.2,0.183,0.573,0.951,0.183,0.195,0.123,0.195,0.164,0.183,0.188,0.164,0.2,0.19,0.093,0.19,0.123,0.3,0.146,0.135,0.146,0.714,0.135,0.3,0.714,0.251,0.146,0.827,0.405,0.146,0.714,0.952,0.827,0.467,0.827,0.437,0.226,0.852,0.232,0.684,0.232,0.231,0.799,0.799,0.799,0.104,0.684,0.231,0.684,0.852,0.104,0.147,0.174,0.147,0.921,0.921,0.921,0.365,0.648,0.403,0.252,0.877,0.184,0.866,0.877,0.317,0.648,0.869,0.236,0.192,0.869,0.866,0.253,0.318,0.229,0.648,0.42,0.258,0.239,0.9,0.869,0.708,0.9,0.9,0.263,0.871,0.9,0.205,0.871,0.871,0.245,0.214,0.477,0.477,0.49,0.751,0.216,0.062,0.279,0.24,0.22,0.048,0.899,0.141,0.216,0.219,0.144,0.044,0.135,0.283,0.175,0.243,0.924,0.175,0.441,0.157,0.888,0.155,0.685,0.23,0.932,0.939,0.263,0.89,0.932,0.917,0.103,0.443,0.729,0.917,0.228,0.917,0.932,0.45,0.742,0.762,0.664,0.958,0.214,0.969,0.483,0.706,0.652,0.764,0.772,0.807,0.971,0.971,0.99,0.988,0.858,0.884,0.959
0.127,0.127,0.162,0.162,0.326,0.514,0.228,0.65,0.512,0.495,0.65,0.211,0.606,0.326,0.211,0.65,0.606,0.326,0.114,0.606,0.152,0.553,0.152,0.586,0.606,0.228,0.586,0.65,0.613,0.495,0.613,0.553,0.362,0.657,0.215,0.657,0.266,0.215,0.362,0.266,0.433,0.657,0.233,0.554,0.657,0.266,0.112,0.233,0.729,0.233,0.551,0.354,0.14,0.5,0.267,0.5,0.507,0.245,0.245,0.245,0.525,0.267,0.507,0.267,0.14,0.525,0.635,0.529,0.635,0.118,0.118,0.118,0.467,0.461,0.562,0.854,0.179,0.283,0.142,0.179,0.67,0.461,0.189,0.868,0.434,0.189,0.142,0.808,0.605,0.452,0.461,0.485,0.837,0.876,0.128,0.189,0.129,0.128,0.128,0.773,0.107,0.205,0.233,0.107,0.107,0.457,0.792,0.475,0.475,0.41,0.168,0.608,0.493,0.592,0.882,0.479,0.582,0.264,0.511,0.608,0.744,0.512,0.512,0.419,0.639,0.584,0.414,0.826,0.584,0.198,0.425,0.202,0.432,0.136,0.485,0.248,0.865,0.508,0.855,0.248,0.216,0.308,0.206,0.97,0.216,0.539,0.216,0.248,0.219,0.916,0.944,0.877,0.557,0.593,0.679,0.224,0.349,0.882,0.434,0.952,0.432,0.586,0.653,0.692,0.651,0.366,0.323,0.337
0.025,0.025,0.037,0.037,0.289,0.185,0.055,0.066,0.181,0.043,0.066,0.07,0.048,0.289,0.07,0.066,0.048,0.289,0.701,0.048,0.024,0.054,0.024,0.056,0.048,0.055,0.056,0.066,0.057,0.043,0.057,0.054,0.836,0.069,0.044,0.069,0.237,0.044,0.836,0.237,0.125,0.069,0.23,0.19,0.069,0.237,0.7,0.23,0.461,0.23,0.142,0.105,0.205,0.692,0.229,0.692,0.692,0.227,0.227,0.227,0.063,0.229,0.692,0.229,0.205,0.063,0.05,0.416,0.05,0.349,0.349,0.349,0.236,0.199,0.163,0.457,0.203,0.196,0.195,0.203,0.376,0.199,0.211,0.481,0.449,0.211,0.195,0.475,0.411,0.203,0.199,0.161,0.517,0.453,0.359,0.211,0.647,0.359,0.359,0.535,0.35,0.266,0.266,0.35,0.35,0.193,0.489,0.078,0.078,0.089,0.081,0.023,0.241,0.024,0.505,0.25,0.318,0.285,0.262,0.023,0.534,0.255,0.299,0.227,0.345,0.083,0.263,0.006,0.083,0.064,0.238,0.319,0.23,0.075,0.298,0.204,0.01,0.088,0.009,0.204,0.199,0.275,0.4,0.011,0.199,0.265,0.199,0.204,0.395,0.037,0.01,0.046,0.04,0.321,0.019,0.367,0.048,0.038,0.044,0.011,0.044,0.04,0.018,0.016,0.02,0.016,0.015,0.043
0.687,0.687,0.775,0.775,0.108,0.698,0.716,0.651,0.699,0.412,0.651,0.606,0.776,0.108,0.606,0.651,0.776,0.108,0.199,0.776,0.819,0.387,0.819,0.646,0.776,0.716,0.646,0.651,0.61,0.412,0.61,0.387,0.157,0.444,0.702,0.444,0.124,0.702,0.157,0.124,0.568,0.444,0.125,0.478,0.444,0.124,0.171,0.125,0.72,0.125,0.567,0.512,0.069,0.119,0.13,0.119,0.109,0.117,0.117,0.117,0.399,0.13,0.109,0.13,0.069,0.399,0.4,0.696,0.4,0.112,0.112,0.112,0.749,0.322,0.5,0.518,0.054,0.805,0.056,0.054,0.598,0.322,0.078,0.596,0.692,0.078,0.056,0.522,0.566,0.956,0.322,0.543,0.51,0.589,0.096,0.078,0.251,0.096,0.096,0.511,0.094,0.062,0.774,0.094,0.094,0.702,0.557,0.222,0.222,0.237,0.348,0.458,0.483,0.489,0.683,0.927,0.941,0.065,0.48,0.458,0.588,0.457,0.94,0.522,0.687,0.253,0.84,0.575,0.253,0.624,0.496,0.085,0.511,0.38,0.911,0.056,0.627,0.277,0.595,0.056,0.06,0.973,0.496,0.355,0.06,0.966,0.06,0.056,0.503,0.242,0.268,0.222,0.785,0.952,0.772,0.585,0.758,0.222,0.775,0.27,0.781,0.779,0.76,0.771,0.762,0.835,0.821,0.841
0.908,0.908,0.84,0.84,0.785,0.581,0.851,0.927,0.562,0.86,0.927,0.901,0.907,0.785,0.901,0.927,0.907,0.785,0.992,0.907,0.821,0.872,0.821,0.906,0.907,0.851,0.906,0.927,0.891,0.86,0.891,0.872,0.911,0.848,0.794,0.848,0.695,0.794,0.911,0.695,0.497,0.848,0.675,0.995,0.848,0.695,0.972,0.675,0.276,0.675,0.664,0.487,0.682,0.846,0.711,0.846,0.856,0.686,0.686,0.686,0.821,0.711,0.856,0.711,0.682,0.821,0.896,0.341,0.896,0.452,0.452,0.452,0.552,0.79,0.973,0.401,0.511,0.13,0.525,0.511,0.643,0.79,0.691,0.55,0.356,0.691,0.525,0.443,0.601,0.082,0.79,0.96,0.387,0.505,0.509,0.691,0.961,0.509,0.509,0.392,0.5,0.544,0.129,0.5,0.5,0.104,0.364,0.777,0.777,0.727,0.502,0.778,0.206,0.735,0.53,0.08,0.289,0.524,0.248,0.778,0.367,0.258,0.316,0.192,0.632,0.766,0.077,0.365,0.766,0.346,0.171,0.57,0.173,0.221,0.068,0.616,0.434,0.723,0.375,0.616,0.652,0.227,0.619,0.195,0.652,0.126,0.652,0.616,0.636,0.144,0.257,0.161,0.324,0.121,0.36,0.672,0.465,0.123,0.427,0.189,0.405,0.302,0.339,0.401,0.473,0.152,0.137,0.486
0.942,0.942,0.96,0.96,0.811,0.038,0.889,0.798,0.039,0.979,0.798,0.889,0.865,0.811,0.889,0.798,0.865,0.811,0.585,0.865,0.89,0.971,0.89,0.887,0.865,0.889,0.887,0.798,0.879,0.979,0.879,0.971,0.889,0.886,0.936,0.886,0.654,0.936,0.889,0.654,0.086,0.886,0.715,0.919,0.886,0.654,0.681,0.715,0.458,0.715,0.058,0.137,0.687,0.871,0.786,0.871,0.872,0.823,0.823,0.823,0.93,0.786,0.872,0.786,0.687,0.93,0.928,0.82,0.928,0.495,0.495,0.495,0.101,0.652,0.923,0.585,0.898,0.963,0.92,0.898,0.038,0.652,0.68,0.05,0.788,0.68,0.92,0.586,0.052,0.965,0.652,0.891,0.61,0.038,0.784,0.68,0.799,0.784,0.784,0.608,0.786,0.938,0.966,0.786,0.786,0.73,0.544,0.627,0.627,0.677,0.157,0.663,0.34,0.633,0.034,0.96,0.966,0.915,0.389,0.663,0.571,0.394,0.982,0.26,0.046,0.571,0.748,0.718,0.571,0.247,0.369,0.682,0.351,0.18,0.856,0.739,0.696,0.633,0.673,0.739,0.744,0.979,0.02,0.445,0.744,0.976,0.744,0.739,0.018,0.922,0.481,0.921,0.823,0.978,0.862,0.022,0.785,0.92,0.889,0.442,0.885,0.711,0.828,0.831,0.809,0.876,0.828,0.931
0.341,0.341,0.323,0.323,0.799,0.528,0.402,0.278,0.534,0.372,0.278,0.429,0.278,0.799,0.429,0.278,0.278,0.799,0.42,0.278,0.296,0.416,0.296,0.239,0.278,0.402,0.239,0.278,0.266,0.372,0.266,0.416,0.819,0.227,0.333,0.227,0.873,0.333,0.819,0.873,0.353,0.227,0.884,0.055,0.227,0.873,0.36,0.884,0.057,0.884,0.577,0.192,0.882,0.858,0.848,0.858,0.83,0.824,0.824,0.824,0.423,0.848,0.83,0.848,0.882,0.423,0.242,0.104,0.242,0.715,0.715,0.715,0.214,0.87,0.065,0.767,0.776,0.213,0.825,0.776,0.725,0.87,0.555,0.811,0.104,0.555,0.825,0.755,0.704,0.26,0.87,0.063,0.819,0.825,0.826,0.555,0.808,0.826,0.826,0.814,0.902,0.885,0.201,0.902,0.902,0.217,0.741,0.868,0.868,0.837,0.721,0.947,0.821,0.929,0.812,0.24,0.598,0.862,0.818,0.947,0.788,0.814,0.575,0.669,0.583,0.881,0.253,0.425,0.881,0.722,0.658,0.801,0.7,0.736,0.206,0.53,0.352,0.827,0.219,0.53,0.475,0.49,0.183,0.188,0.475,0.27,0.475,0.53,0.185,0.181,0.349,0.196,0.116,0.242,0.13,0.253,0.185,0.183,0.21,0.348,0.207,0.146,0.134,0.125,0.128,0.24,0.186,0.283
0.361,0.361,0.457,0.457,0.442,0.446,0.56,0.423,0.429,0.315,0.423,0.471,0.577,0.442,0.471,0.423,0.577,0.442,0.662,0.577,0.205,0.172,0.205,0.547,0.577,0.56,0.547,0.423,0.384,0.315,0.384,0.172,0.085,0.198,0.313,0.198,0.374,0.313,0.085,0.374,0.521,0.198,0.229,0.706,0.198,0.374,0.559,0.229,0.474,0.229,0.409,0.55,0.246,0.056,0.441,0.056,0.055,0.259,0.259,0.259,0.123,0.441,0.055,0.441,0.246,0.123,0.196,0.809,0.196,0.177,0.177,0.177,0.809,0.394,0.712,0.67,0.219,0.881,0.223,0.219,0.778,0.394,0.296,0.772,0.479,0.296,0.223,0.671,0.842,0.913,0.394,0.715,0.633,0.746,0.192,0.296,0.781,0.192,0.192,0.668,0.193,0.258,0.754,0.193,0.193,0.601,0.615,0.692,0.692,0.711,0.472,0.466,0.646,0.484,0.68,0.813,0.739,0.259,0.674,0.466,0.59,0.67,0.835,0.441,0.786,0.715,0.665,0.135,0.715,0.329,0.421,0.264,0.407,0.49,0.718,0.152,0.117,0.738,0.231,0.152,0.174,0.648,0.819,0.09,0.174,0.899,0.174,0.152,0.825,0.082,0.082,0.101,0.39,0.774,0.396,0.849,0.458,0.095,0.632,0.086,0.642,0.479,0.328,0.269,0.269,0.647,0.684,0.645
0.479,0.479,0.419,0.419,0.829,0.045,0.232,0.315,0.044,0.433,0.315,0.306,0.282,0.829,0.306,0.315,0.282,0.829,0.146,0.282,0.441,0.491,0.441,0.277,0.282,0.232,0.277,0.315,0.32,0.433,0.32,0.491,0.472,0.411,0.378,0.411,0.439,0.378,0.472,0.439,0.246,0.411,0.531,0.832,0.411,0.439,0.142,0.531,0.961,0.531,0.044,0.257,0.387,0.424,0.485,0.424,0.426,0.565,0.565,0.565,0.502,0.485,0.426,0.485,0.387,0.502,0.445,0.903,0.445,0.254,0.254,0.254,0.248,0.824,0.574,0.083,0.324,0.767,0.286,0.324,0.14,0.824,0.552,0.108,0.895,0.552,0.286,0.088,0.143,0.672,0.824,0.589,0.079,0.102,0.335,0.552,0.212,0.335,0.335,0.087,0.266,0.476,0.784,0.266,0.266,0.915,0.071,0.816,0.816,0.684,0.738,0.819,0.016,0.868,0.11,0.655,0.477,0.519,0.015,0.819,0.067,0.016,0.531,0.02,0.081,0.871,0.803,0.375,0.871,0.933,0.022,0.562,0.022,0.694,0.736,0.536,0.333,0.762,0.238,0.536,0.456,0.513,0.777,0.472,0.456,0.564,0.456,0.536,0.771,0.263,0.566,0.34,0.475,0.534,0.402,0.847,0.67,0.346,0.582,0.505,0.624,0.43,0.387,0.405,0.402,0.795,0.735,0.438
0.613,0.613,0.687,0.687,0.553,0.783,0.921,0.71,0.802,0.831,0.71,0.796,0.765,0.553,0.796,0.71,0.765,0.553,0.078,0.765,0.482,0.8,0.482,0.82,0.765,0.921,0.82,0.71,0.804,0.831,0.804,0.8,0.638,0.694,0.836,0.694,0.353,0.836,0.638,0.353,0.77,0.694,0.389,0.612,0.694,0.353,0.063,0.389,0.613,0.389,0.736,0.783,0.878,0.554,0.356,0.554,0.562,0.289,0.289,0.289,0.704,0.356,0.562,0.356,0.878,0.704,0.749,0.594,0.749,0.992,0.992,0.992,0.877,0.481,0.567,0.898,0.862,0.605,0.869,0.862,0.804,0.481,0.856,0.977,0.641,0.856,0.869,0.904,0.799,0.573,0.481,0.569,0.888,0.979,0.734,0.856,0.047,0.734,0.734,0.883,0.795,0.809,0.635,0.795,0.795,0.537,0.899,0.665,0.665,0.679,0.277,0.25,0.572,0.254,0.966,0.592,0.268,0.803,0.599,0.25,0.909,0.604,0.215,0.615,0.896,0.665,0.712,0.611,0.665,0.261,0.526,0.855,0.541,0.348,0.707,0.87,0.576,0.664,0.694,0.87,0.884,0.337,0.423,0.512,0.884,0.626,0.884,0.87,0.431,0.326,0.492,0.394,0.13,0.669,0.149,0.355,0.11,0.455,0.151,0.618,0.141,0.121,0.158,0.158,0.142,0.208,0.214,0.191
0.794,0.794,0.776,0.776,0.034,0.639,0.386,0.35,0.689,0.851,0.35,0.45,0.321,0.034,0.45,0.35,0.321,0.034,0.97,0.321,0.714,0.847,0.714,0.339,0.321,0.386,0.339,0.35,0.387,0.851,0.387,0.847,0.706,0.35,0.419,0.35,0.041,0.419,0.706,0.041,0.168,0.35,0.042,0.954,0.35,0.041,0.94,0.042,0.321,0.042,0.548,0.139,0.011,0.675,0.052,0.675,0.667,0.055,0.055,0.055,0.841,0.052,0.667,0.052,0.011,0.841,0.388,0.383,0.388,0.009,0.009,0.009,0.226,0.044,0.873,0.179,0.021,0.096,0.014,0.021,0.266,0.044,0.016,0.253,0.413,0.016,0.014,0.192,0.236,0.118,0.044,0.884,0.179,0.277,0.019,0.016,0.973,0.019,0.019,0.194,0.013,0.023,0.09,0.013,0.013,0.067,0.168,0.082,0.082,0.059,0.063,0.031,0.069,0.039,0.228,0.114,0.14,0.044,0.049,0.031,0.178,0.053,0.137,0.084,0.284,0.051,0.127,0.987,0.051,0.04,0.082,0.022,0.086,0.048,0.164,0.035,0.974,0.036,0.977,0.035,0.02,0.212,0.491,0.997,0.02,0.141,0.02,0.035,0.498,0.979,0.999,0.989,0.966,0.142,0.974,0.529,0.808,0.991,0.78,1.0,0.776,0.974,0.968,0.971,0.965,0.89,0.948,0.726
0.39,0.39,0.319,0.319,0.261,0.173,0.032,0.036,0.159,0.787,0.036,0.046,0.018,0.261,0.046,0.036,0.018,0.261,0.639,0.018,0.149,0.792,0.149,0.016,0.018,0.032,0.016,0.036,0.027,0.787,0.027,0.792,0.455,0.03,0.056,0.03,0.418,0.056,0.455,0.418,0.801,0.03,0.415,0.931,0.03,0.418,0.545,0.415,0.906,0.415,0.249,0.808,0.074,0.49,0.29,0.49,0.487,0.313,0.313,0.313,0.878,0.29,0.487,0.29,0.074,0.878,0.036,0.896,0.036,0.073,0.073,0.073,0.712,0.354,0.935,0.726,0.134,0.68,0.139,0.134,0.698,0.354,0.209,0.607,0.902,0.209,0.139,0.699,0.649,0.56,0.354,0.949,0.726,0.695,0.1,0.209,0.52,0.1,0.1,0.713,0.119,0.178,0.755,0.119,0.119,0.637,0.773,0.239,0.239,0.148,0.1,0.084,0.356,0.075,0.728,0.639,0.323,0.159,0.334,0.084,0.742,0.344,0.331,0.508,0.695,0.335,0.593,0.774,0.335,0.066,0.466,0.118,0.464,0.096,0.626,0.162,0.821,0.195,0.796,0.162,0.2,0.274,0.192,0.763,0.2,0.663,0.2,0.162,0.198,0.575,0.708,0.618,0.622,0.664,0.403,0.252,0.842,0.596,0.574,0.737,0.576,0.6,0.538,0.433,0.559,0.629,0.602,0.943
0.005,0.005,0.005,0.005,0.542,0.078,0.006,0.004,0.089,0.003,0.004,0.005,0.005,0.542,0.005,0.004,0.005,0.542,0.84,0.005,0.009,0.002,0.009,0.005,0.005,0.006,0.005,0.004,0.005,0.003,0.005,0.002,0.003,0.005,0.011,0.005,0.533,0.011,0.003,0.533,0.039,0.005,0.597,0.875,0.005,0.533,0.809,0.597,0.985,0.597,0.31,0.037,0.441,0.003,0.479,0.003,0.002,0.536,0.536,0.536,0.005,0.479,0.002,0.479,0.441,0.005,0.004,0.971,0.004,0.438,0.438,0.438,0.127,0.597,0.859,0.172,0.343,0.424,0.334,0.343,0.151,0.597,0.427,0.166,0.979,0.427,0.334,0.195,0.153,0.445,0.597,0.844,0.189,0.144,0.316,0.427,0.641,0.316,0.316,0.209,0.314,0.18,0.381,0.314,0.314,0.412,0.522,0.774,0.774,0.811,0.7,0.625,0.903,0.547,0.489,0.381,0.251,0.187,0.922,0.625,0.62,0.925,0.37,0.936,0.342,0.709,0.409,0.756,0.709,0.487,0.959,0.295,0.957,0.716,0.205,0.329,0.789,0.661,0.66,0.329,0.3,0.412,0.532,0.702,0.3,0.208,0.3,0.329,0.502,0.766,0.843,0.802,0.772,0.173,0.814,0.616,0.967,0.802,0.974,0.714,0.968,0.785,0.829,0.798,0.81,0.899,0.897,0.884
0.546,0.546,0.606,0.606,0.946,0.135,0.806,0.718,0.149,0.833,0.718,0.814,0.655,0.946,0.814,0.718,0.655,0.946,0.791,0.655,0.421,0.877,0.421,0.632,0.655,0.806,0.632,0.718,0.71,0.833,0.71,0.877,0.504,0.693,0.745,0.693,0.952,0.745,0.504,0.952,0.045,0.693,0.866,0.403,0.693,0.952,0.734,0.866,0.815,0.866,0.137,0.04,0.741,0.502,0.948,0.502,0.514,0.852,0.852,0.852,0.928,0.948,0.514,0.948,0.741,0.928,0.709,0.844,0.709,0.666,0.666,0.666,0.036,0.958,0.481,0.086,0.817,0.78,0.916,0.817,0.062,0.958,0.857,0.083,0.871,0.857,0.916,0.086,0.063,0.03,0.958,0.512,0.087,0.082,0.764,0.857,0.733,0.764,0.764,0.089,0.815,0.923,0.732,0.815,0.815,0.54,0.068,0.787,0.787,0.778,0.201,0.4,0.151,0.403,0.068,0.032,0.058,0.853,0.173,0.4,0.068,0.193,0.075,0.114,0.054,0.816,0.047,0.682,0.816,0.35,0.194,0.778,0.192,0.258,0.019,0.831,0.862,0.798,0.635,0.831,0.93,0.026,0.177,0.802,0.93,0.013,0.93,0.831,0.174,0.822,0.807,0.831,0.756,0.019,0.85,0.176,0.939,0.835,0.964,0.816,0.97,0.768,0.805,0.922,0.885,0.628,0.702,0.507
0.366,0.366,0.321,0.321,0.098,0.087,0.337,0.304,0.102,0.4,0.304,0.378,0.26,0.098,0.378,0.304,0.26,0.098,0.444,0.26,0.359,0.379,0.359,0.216,0.26,0.337,0.216,0.304,0.265,0.4,0.265,0.379,0.314,0.277,0.369,0.277,0.2,0.369,0.314,0.2,0.141,0.277,0.21,0.728,0.277,0.2,0.462,0.21,0.294,0.21,0.079,0.248,0.191,0.304,0.191,0.304,0.309,0.122,0.122,0.122,0.449,0.191,0.309,0.191,0.191,0.449,0.245,0.389,0.245,0.234,0.234,0.234,0.284,0.098,0.737,0.443,0.302,0.055,0.313,0.302,0.218,0.098,0.089,0.219,0.395,0.089,0.313,0.449,0.243,0.067,0.098,0.716,0.386,0.209,0.266,0.089,0.412,0.266,0.266,0.452,0.247,0.048,0.061,0.247,0.247,0.041,0.571,0.582,0.582,0.639,0.504,0.42,0.804,0.429,0.21,0.048,0.173,0.051,0.775,0.42,0.57,0.771,0.146,0.89,0.226,0.411,0.043,0.713,0.411,0.473,0.862,0.05,0.868,0.498,0.074,0.121,0.669,0.452,0.758,0.121,0.123,0.17,0.145,0.624,0.123,0.065,0.123,0.121,0.141,0.528,0.637,0.379,0.84,0.045,0.824,0.146,0.835,0.376,0.858,0.665,0.861,0.8,0.783,0.819,0.75,0.871,0.875,0.895
0.926,0.926,0.891,0.891,0.914,0.988,0.731,0.622,0.973,0.648,0.622,0.697,0.589,0.914,0.697,0.622,0.589,0.914,0.597,0.589,0.843,0.64,0.843,0.533,0.589,0.731,0.533,0.622,0.634,0.648,0.634,0.64,0.345,0.576,0.666,0.576,0.993,0.666,0.345,0.993,0.875,0.576,0.993,0.303,0.576,0.993,0.611,0.993,0.773,0.993,0.899,0.824,0.927,0.284,0.979,0.284,0.276,0.983,0.983,0.983,0.665,0.979,0.276,0.979,0.927,0.665,0.586,0.728,0.586,0.891,0.891,0.891,0.747,0.951,0.343,0.674,0.978,0.778,0.977,0.978,0.784,0.951,0.966,0.742,0.676,0.966,0.977,0.677,0.802,0.914,0.951,0.318,0.68,0.753,0.983,0.966,0.755,0.983,0.983,0.68,0.998,0.95,0.76,0.998,0.998,0.749,0.776,0.647,0.647,0.846,0.463,0.766,0.471,0.45,0.851,0.914,0.859,0.95,0.479,0.766,0.703,0.466,0.945,0.664,0.898,0.669,0.891,0.451,0.669,0.609,0.607,0.925,0.565,0.391,0.928,0.911,0.41,0.875,0.466,0.911,0.958,0.915,0.639,0.389,0.958,0.97,0.958,0.911,0.609,0.8,0.382,0.761,0.552,0.959,0.692,0.579,0.301,0.769,0.329,0.375,0.317,0.639,0.642,0.67,0.611,0.529,0.519,0.38
0.918,0.918,0.855,0.855,0.998,0.278,0.909,0.93,0.276,0.921,0.93,0.937,0.915,0.998,0.937,0.93,0.915,0.998,0.233,0.915,0.911,0.928,0.911,0.899,0.915,0.909,0.899,0.93,0.914,0.921,0.914,0.928,0.697,0.892,0.944,0.892,0.986,0.944,0.697,0.986,0.852,0.892,0.98,0.82,0.892,0.986,0.327,0.98,0.692,0.98,0.259,0.728,0.992,0.691,0.984,0.691,0.699,0.988,0.988,0.988,0.897,0.984,0.699,0.984,0.992,0.897,0.866,0.607,0.866,0.999,0.999,0.999,0.82,0.998,0.84,0.824,0.999,0.529,0.995,0.999,0.59,0.998,0.994,0.498,0.64,0.994,0.995,0.786,0.539,0.651,0.998,0.841,0.812,0.489,0.989,0.994,0.873,0.989,0.989,0.785,0.994,0.824,0.556,0.994,0.994,0.58,0.566,0.85,0.85,0.628,0.811,0.972,0.309,0.722,0.335,0.692,0.735,0.826,0.396,0.972,0.48,0.345,0.671,0.244,0.424,0.876,0.652,0.836,0.876,0.835,0.452,0.918,0.454,0.901,0.583,0.993,0.815,0.654,0.803,0.993,0.991,0.566,0.134,0.546,0.991,0.596,0.991,0.993,0.128,0.555,0.454,0.509,0.963,0.609,0.952,0.18,0.936,0.586,0.937,0.511,0.937,0.964,0.955,0.943,0.948,0.887,0.887,0.873
0.178,0.178,0.266,0.266,0.453,0.795,0.547,0.326,0.758,0.269,0.326,0.391,0.522,0.453,0.391,0.326,0.522,0.453,0.788,0.522,0.263,0.21,0.263,0.48,0.522,0.547,0.48,0.326,0.243,0.269,0.243,0.21,0.264,0.214,0.219,0.214,0.792,0.219,0.264,0.792,0.667,0.214,0.707,0.732,0.214,0.792,0.751,0.707,0.787,0.707,0.588,0.578,0.355,0.253,0.826,0.253,0.24,0.78,0.78,0.78,0.131,0.826,0.24,0.826,0.355,0.131,0.169,0.835,0.169,0.343,0.343,0.343,0.598,0.4,0.719,0.534,0.623,0.694,0.67,0.623,0.559,0.4,0.344,0.593,0.846,0.344,0.67,0.543,0.555,0.701,0.4,0.743,0.56,0.579,0.584,0.344,0.739,0.584,0.584,0.555,0.606,0.701,0.693,0.606,0.606,0.397,0.547,0.763,0.763,0.801,0.927,0.754,0.398,0.76,0.605,0.697,0.589,0.713,0.356,0.754,0.561,0.364,0.556,0.431,0.529,0.832,0.568,0.103,0.832,0.593,0.447,0.414,0.45,0.858,0.591,0.774,0.162,0.866,0.19,0.774,0.793,0.523,0.878,0.314,0.793,0.851,0.793,0.774,0.872,0.646,0.407,0.614,0.173,0.826,0.134,0.907,0.08,0.623,0.108,0.369,0.112,0.14,0.16,0.151,0.135,0.109,0.106,0.065
0.193,0.193,0.203,0.203,0.445,0.532,0.21,0.241,0.513,0.23,0.241,0.231,0.216,0.445,0.231,0.241,0.216,0.445,0.894,0.216,0.297,0.264,0.297,0.2,0.216,0.21,0.2,0.241,0.223,0.23,0.223,0.264,0.165,0.242,0.172,0.242,0.692,0.172,0.165,0.692,0.295,0.242,0.372,0.621,0.242,0.692,0.833,0.372,0.051,0.372,0.513,0.291,0.127,0.164,0.571,0.164,0.161,0.602,0.602,0.602,0.348,0.571,0.161,0.571,0.127,0.348,0.22,0.018,0.22,0.115,0.115,0.115,0.288,0.377,0.44,0.379,0.218,0.086,0.339,0.218,0.471,0.377,0.178,0.438,0.018,0.178,0.339,0.39,0.472,0.054,0.377,0.484,0.383,0.436,0.143,0.178,0.612,0.143,0.143,0.389,0.227,0.444,0.104,0.227,0.227,0.128,0.412,0.749,0.749,0.812,0.522,0.631,0.24,0.64,0.454,0.075,0.286,0.226,0.24,0.631,0.411,0.216,0.255,0.235,0.475,0.717,0.146,0.703,0.717,0.724,0.24,0.166,0.239,0.607,0.193,0.287,0.682,0.785,0.61,0.287,0.427,0.467,0.57,0.8,0.427,0.085,0.427,0.287,0.577,0.92,0.774,0.951,0.421,0.114,0.255,0.509,0.467,0.944,0.399,0.763,0.401,0.447,0.247,0.3,0.281,0.434,0.434,0.285
0.039,0.039,0.04,0.04,0.635,0.187,0.041,0.046,0.255,0.028,0.046,0.034,0.055,0.635,0.034,0.046,0.055,0.635,0.938,0.055,0.014,0.023,0.014,0.045,0.055,0.041,0.045,0.046,0.045,0.028,0.045,0.023,0.681,0.054,0.036,0.054,0.422,0.036,0.681,0.422,0.784,0.054,0.402,0.492,0.054,0.422,0.88,0.402,0.618,0.402,0.185,0.742,0.32,0.63,0.727,0.63,0.576,0.687,0.687,0.687,0.032,0.727,0.576,0.727,0.32,0.032,0.067,0.708,0.067,0.511,0.511,0.511,0.773,0.329,0.455,0.907,0.718,0.854,0.678,0.718,0.951,0.329,0.506,0.951,0.68,0.506,0.678,0.902,0.967,0.46,0.329,0.469,0.908,0.954,0.599,0.506,0.588,0.599,0.599,0.9,0.538,0.84,0.872,0.538,0.538,0.857,0.892,0.532,0.532,0.513,0.326,0.601,0.664,0.53,0.931,0.505,0.424,0.856,0.664,0.601,0.905,0.683,0.422,0.723,0.949,0.557,0.826,0.015,0.557,0.65,0.734,0.471,0.742,0.355,0.555,0.767,0.013,0.519,0.018,0.767,0.738,0.472,0.414,0.073,0.738,0.306,0.738,0.767,0.418,0.047,0.06,0.047,0.029,0.338,0.025,0.41,0.097,0.045,0.091,0.061,0.094,0.034,0.022,0.03,0.027,0.118,0.127,0.086
0.868,0.868,0.883,0.883,0.8,0.27,0.844,0.736,0.272,0.755,0.736,0.871,0.718,0.8,0.871,0.736,0.718,0.8,0.654,0.718,0.889,0.717,0.889,0.69,0.718,0.844,0.69,0.736,0.712,0.755,0.712,0.717,0.801,0.815,0.929,0.815,0.988,0.929,0.801,0.988,0.733,0.815,0.991,0.76,0.815,0.988,0.673,0.991,0.966,0.991,0.275,0.719,0.638,0.806,0.986,0.806,0.787,0.971,0.971,0.971,0.719,0.986,0.787,0.986,0.638,0.719,0.819,0.977,0.819,0.433,0.433,0.433,0.719,0.819,0.783,0.945,0.816,0.586,0.829,0.816,0.657,0.819,0.711,0.961,0.977,0.711,0.829,0.933,0.7,0.718,0.819,0.78,0.92,0.962,0.545,0.711,0.308,0.545,0.545,0.92,0.626,0.781,0.595,0.626,0.626,0.483,0.907,0.678,0.678,0.741,0.866,0.688,0.651,0.729,0.936,0.718,0.948,0.756,0.647,0.688,0.919,0.638,0.946,0.768,0.549,0.691,0.641,0.019,0.691,0.872,0.759,0.575,0.757,0.879,0.703,0.919,0.018,0.761,0.033,0.919,0.936,0.898,0.649,0.721,0.936,0.736,0.936,0.919,0.679,0.583,0.656,0.546,0.058,0.731,0.053,0.713,0.078,0.545,0.121,0.637,0.126,0.055,0.057,0.059,0.066,0.082,0.057,0.064
0.158,0.158,0.224,0.224,0.169,0.151,0.551,0.579,0.169,0.389,0.579,0.587,0.529,0.169,0.587,0.579,0.529,0.169,0.633,0.529,0.426,0.427,0.426,0.512,0.529,0.551,0.512,0.579,0.55,0.389,0.55,0.427,0.64,0.606,0.631,0.606,0.199,0.631,0.64,0.199,0.526,0.606,0.226,0.975,0.606,0.199,0.636,0.226,0.307,0.226,0.184,0.533,0.065,0.595,0.248,0.595,0.587,0.228,0.228,0.228,0.414,0.248,0.587,0.248,0.065,0.414,0.585,0.282,0.585,0.077,0.077,0.077,0.455,0.12,0.85,0.586,0.156,0.27,0.141,0.156,0.425,0.12,0.104,0.353,0.289,0.104,0.141,0.581,0.42,0.267,0.12,0.849,0.578,0.412,0.094,0.104,0.671,0.094,0.094,0.574,0.122,0.127,0.258,0.122,0.122,0.384,0.572,0.086,0.086,0.082,0.271,0.112,0.487,0.117,0.379,0.266,0.609,0.099,0.553,0.112,0.563,0.57,0.587,0.635,0.514,0.075,0.376,0.112,0.075,0.319,0.678,0.08,0.676,0.22,0.374,0.116,0.129,0.068,0.078,0.116,0.147,0.561,0.239,0.068,0.147,0.282,0.147,0.116,0.267,0.064,0.09,0.086,0.104,0.271,0.181,0.255,0.007,0.079,0.017,0.077,0.019,0.093,0.175,0.144,0.162,0.025,0.018,0.016
0.682,0.682,0.552,0.552,0.443,0.881,0.771,0.854,0.882,0.454,0.854,0.788,0.815,0.443,0.788,0.854,0.815,0.443,0.187,0.815,0.764,0.538,0.764,0.693,0.815,0.771,0.693,0.854,0.774,0.454,0.774,0.538,0.186,0.847,0.802,0.847,0.111,0.802,0.186,0.111,0.334,0.847,0.126,0.737,0.847,0.111,0.139,0.126,0.715,0.126,0.859,0.347,0.321,0.265,0.129,0.265,0.244,0.129,0.129,0.129,0.482,0.129,0.244,0.129,0.321,0.482,0.765,0.592,0.765,0.123,0.123,0.123,0.223,0.397,0.79,0.209,0.1,0.515,0.105,0.1,0.202,0.397,0.367,0.316,0.577,0.367,0.105,0.205,0.191,0.714,0.397,0.777,0.207,0.299,0.063,0.367,0.172,0.063,0.063,0.207,0.07,0.123,0.52,0.07,0.07,0.378,0.231,0.052,0.052,0.055,0.484,0.268,0.57,0.317,0.33,0.709,0.766,0.136,0.56,0.268,0.229,0.558,0.749,0.405,0.231,0.04,0.502,0.996,0.04,0.497,0.396,0.331,0.385,0.336,0.609,0.262,0.993,0.047,0.998,0.262,0.238,0.845,0.368,0.982,0.238,0.814,0.238,0.262,0.347,0.906,0.983,0.918,0.483,0.803,0.476,0.259,0.502,0.901,0.575,0.973,0.51,0.465,0.474,0.454,0.474,0.664,0.671,0.71
0.137,0.137,0.431,0.431,0.356,0.163,0.222,0.028,0.164,0.044,0.028,0.035,0.087,0.356,0.035,0.028,0.087,0.356,0.782,0.087,0.081,0.018,0.081,0.086,0.087,0.222,0.086,0.028,0.028,0.044,0.028,0.018,0.748,0.023,0.059,0.023,0.758,0.059,0.748,0.758,0.167,0.023,0.701,0.417,0.023,0.758,0.774,0.701,0.716,0.701,0.148,0.173,0.681,0.588,0.712,0.588,0.565,0.645,0.645,0.645,0.014,0.712,0.565,0.712,0.681,0.014,0.02,0.68,0.02,0.471,0.471,0.471,0.059,0.418,0.433,0.217,0.721,0.799,0.747,0.721,0.137,0.418,0.284,0.191,0.669,0.284,0.747,0.259,0.173,0.134,0.418,0.412,0.222,0.174,0.534,0.284,0.207,0.534,0.534,0.27,0.569,0.378,0.827,0.569,0.569,0.877,0.242,0.444,0.444,0.402,0.234,0.219,0.615,0.208,0.167,0.139,0.06,0.364,0.625,0.219,0.216,0.621,0.059,0.695,0.141,0.331,0.157,0.011,0.331,0.231,0.698,0.444,0.691,0.27,0.25,0.514,0.004,0.297,0.004,0.514,0.438,0.085,0.431,0.02,0.438,0.172,0.438,0.514,0.425,0.008,0.019,0.008,0.022,0.174,0.043,0.394,0.031,0.009,0.103,0.026,0.099,0.024,0.04,0.034,0.03,0.151,0.145,0.039
0.958,0.958,0.882,0.882,0.527,0.257,0.919,0.94,0.263,0.784,0.94,0.944,0.902,0.527,0.944,0.94,0.902,0.527,0.297,0.902,0.961,0.816,0.961,0.892,0.902,0.919,0.892,0.94,0.89,0.784,0.89,0.816,0.908,0.942,0.952,0.942,0.434,0.952,0.908,0.434,0.073,0.942,0.624,0.865,0.942,0.434,0.34,0.624,0.055,0.624,0.173,0.08,0.954,0.881,0.556,0.881,0.873,0.765,0.765,0.765,0.828,0.556,0.873,0.556,0.954,0.828,0.901,0.053,0.901,0.743,0.743,0.743,0.115,0.443,0.891,0.032,0.911,0.17,0.859,0.911,0.065,0.443,0.968,0.066,0.051,0.968,0.859,0.039,0.066,0.255,0.443,0.881,0.031,0.06,0.765,0.968,0.203,0.765,0.765,0.038,0.742,0.876,0.164,0.742,0.742,0.13,0.032,0.681,0.681,0.692,0.87,0.622,0.6,0.634,0.063,0.256,0.234,0.905,0.613,0.622,0.034,0.588,0.251,0.189,0.056,0.594,0.255,0.604,0.594,0.849,0.228,0.924,0.231,0.843,0.282,0.929,0.641,0.65,0.639,0.929,0.944,0.238,0.679,0.459,0.944,0.272,0.944,0.929,0.714,0.308,0.431,0.258,0.535,0.265,0.71,0.754,0.369,0.276,0.527,0.491,0.522,0.538,0.65,0.655,0.61,0.584,0.546,0.418
0.327,0.327,0.305,0.305,0.399,0.333,0.569,0.493,0.328,0.866,0.493,0.584,0.461,0.399,0.584,0.493,0.461,0.399,0.38,0.461,0.252,0.944,0.252,0.519,0.461,0.569,0.519,0.493,0.558,0.866,0.558,0.944,0.865,0.492,0.574,0.492,0.391,0.574,0.865,0.391,0.035,0.492,0.469,0.089,0.492,0.391,0.415,0.469,0.131,0.469,0.309,0.033,0.606,0.735,0.394,0.735,0.726,0.447,0.447,0.447,0.965,0.394,0.726,0.394,0.606,0.965,0.531,0.121,0.531,0.467,0.467,0.467,0.215,0.53,0.115,0.245,0.613,0.212,0.554,0.613,0.221,0.53,0.391,0.179,0.096,0.391,0.554,0.262,0.136,0.3,0.53,0.108,0.315,0.237,0.388,0.391,0.58,0.388,0.388,0.366,0.352,0.342,0.169,0.352,0.352,0.3,0.218,0.189,0.189,0.125,0.249,0.248,0.147,0.213,0.221,0.29,0.137,0.352,0.144,0.248,0.313,0.146,0.165,0.181,0.285,0.166,0.319,0.24,0.166,0.21,0.166,0.332,0.184,0.227,0.424,0.55,0.207,0.11,0.253,0.55,0.49,0.128,0.024,0.911,0.49,0.375,0.49,0.55,0.024,0.796,0.888,0.791,0.401,0.355,0.568,0.03,0.525,0.783,0.646,0.89,0.698,0.45,0.561,0.509,0.494,0.855,0.809,0.626
0.44,0.44,0.551,0.551,0.045,0.5,0.461,0.336,0.516,0.343,0.336,0.358,0.421,0.045,0.358,0.336,0.421,0.045,0.021,0.421,0.544,0.333,0.544,0.347,0.421,0.461,0.347,0.336,0.316,0.343,0.316,0.333,0.688,0.307,0.286,0.307,0.071,0.286,0.688,0.071,0.236,0.307,0.029,0.195,0.307,0.071,0.021,0.029,0.329,0.029,0.524,0.237,0.256,0.756,0.037,0.756,0.755,0.019,0.019,0.019,0.311,0.037,0.755,0.037,0.256,0.311,0.238,0.478,0.238,0.321,0.321,0.321,0.181,0.041,0.222,0.21,0.318,0.301,0.305,0.318,0.168,0.041,0.325,0.105,0.475,0.325,0.305,0.123,0.146,0.39,0.041,0.216,0.198,0.137,0.329,0.325,0.01,0.329,0.329,0.138,0.365,0.384,0.296,0.365,0.365,0.302,0.184,0.043,0.043,0.072,0.216,0.104,0.334,0.106,0.127,0.393,0.34,0.389,0.296,0.104,0.181,0.287,0.465,0.412,0.184,0.054,0.362,0.17,0.054,0.208,0.363,0.318,0.365,0.252,0.458,0.422,0.161,0.078,0.181,0.422,0.432,0.518,0.243,0.193,0.432,0.445,0.432,0.422,0.248,0.196,0.145,0.174,0.391,0.446,0.265,0.342,0.34,0.182,0.406,0.146,0.412,0.409,0.244,0.233,0.232,0.389,0.375,0.496
0.241,0.241,0.302,0.302,0.266,0.028,0.316,0.415,0.027,0.339,0.415,0.334,0.3,0.266,0.334,0.415,0.3,0.266,0.371,0.3,0.3,0.317,0.3,0.279,0.3,0.316,0.279,0.415,0.362,0.339,0.362,0.317,0.407,0.436,0.526,0.436,0.364,0.526,0.407,0.364,0.036,0.436,0.472,0.209,0.436,0.364,0.486,0.472,0.532,0.472,0.026,0.039,0.218,0.325,0.172,0.325,0.338,0.202,0.202,0.202,0.45,0.172,0.338,0.172,0.218,0.45,0.466,0.472,0.466,0.278,0.278,0.278,0.095,0.327,0.161,0.041,0.197,0.262,0.164,0.197,0.061,0.327,0.31,0.057,0.441,0.31,0.164,0.051,0.034,0.454,0.327,0.191,0.043,0.049,0.214,0.31,0.258,0.214,0.214,0.045,0.2,0.395,0.342,0.2,0.2,0.328,0.082,0.279,0.279,0.309,0.603,0.551,0.047,0.559,0.091,0.384,0.591,0.397,0.046,0.551,0.09,0.045,0.708,0.063,0.079,0.235,0.511,0.603,0.235,0.765,0.055,0.378,0.044,0.5,0.601,0.271,0.517,0.268,0.348,0.271,0.222,0.741,0.905,0.269,0.222,0.574,0.222,0.271,0.901,0.149,0.304,0.136,0.352,0.5,0.382,0.886,0.2,0.171,0.308,0.379,0.294,0.481,0.411,0.367,0.373,0.263,0.289,0.323
0.6,0.6,0.446,0.446,0.367,0.011,0.423,0.465,0.009,0.435,0.465,0.554,0.404,0.367,0.554,0.465,0.404,0.367,0.646,0.404,0.518,0.499,0.518,0.429,0.404,0.423,0.429,0.465,0.507,0.435,0.507,0.499,0.227,0.511,0.47,0.511,0.653,0.47,0.227,0.653,0.009,0.511,0.655,0.93,0.511,0.653,0.77,0.655,0.804,0.655,0.016,0.009,0.259,0.257,0.567,0.257,0.266,0.555,0.555,0.555,0.476,0.567,0.266,0.567,0.259,0.476,0.534,0.863,0.534,0.257,0.257,0.257,0.003,0.503,0.985,0.001,0.309,0.725,0.421,0.309,0.004,0.503,0.247,0.001,0.85,0.247,0.421,0.001,0.004,0.782,0.503,0.948,0.001,0.001,0.208,0.247,0.887,0.208,0.208,0.001,0.362,0.464,0.735,0.362,0.362,0.881,0.001,0.764,0.764,0.774,0.748,0.534,0.001,0.675,0.001,0.811,0.288,0.318,0.001,0.534,0.001,0.001,0.271,0.001,0.002,0.797,0.885,0.499,0.797,0.725,0.001,0.278,0.001,0.786,0.841,0.317,0.34,0.789,0.448,0.317,0.461,0.444,0.678,0.894,0.461,0.69,0.461,0.317,0.695,0.808,0.925,0.837,0.499,0.72,0.542,0.785,0.81,0.834,0.726,0.927,0.738,0.44,0.528,0.514,0.504,0.738,0.715,0.675
0.744,0.744,0.662,0.662,0.398,0.387,0.473,0.319,0.418,0.579,0.319,0.514,0.294,0.398,0.514,0.319,0.294,0.398,0.789,0.294,0.782,0.653,0.782,0.398,0.294,0.473,0.398,0.319,0.444,0.579,0.444,0.653,0.863,0.329,0.576,0.329,0.596,0.576,0.863,0.596,0.36,0.329,0.569,0.844,0.329,0.596,0.839,0.569,0.084,0.569,0.482,0.382,0.403,0.812,0.779,0.812,0.78,0.784,0.784,0.784,0.663,0.779,0.78,0.779,0.403,0.663,0.458,0.065,0.458,0.374,0.374,0.374,0.621,0.453,0.833,0.305,0.472,0.252,0.469,0.472,0.348,0.453,0.343,0.423,0.077,0.343,0.469,0.311,0.409,0.307,0.453,0.79,0.309,0.364,0.312,0.343,0.409,0.312,0.312,0.313,0.286,0.52,0.264,0.286,0.286,0.29,0.27,0.104,0.104,0.107,0.048,0.05,0.12,0.057,0.333,0.287,0.667,0.523,0.135,0.05,0.287,0.138,0.628,0.168,0.36,0.087,0.336,0.516,0.087,0.034,0.154,0.55,0.164,0.043,0.389,0.596,0.712,0.085,0.193,0.596,0.58,0.719,0.357,0.335,0.58,0.363,0.58,0.596,0.384,0.252,0.384,0.246,0.277,0.376,0.557,0.405,0.804,0.239,0.64,0.381,0.667,0.266,0.548,0.697,0.691,0.278,0.275,0.302
0.217,0.217,0.211,0.211,0.572,0.755,0.138,0.281,0.715,0.183,0.281,0.168,0.246,0.572,0.168,0.281,0.246,0.572,0.948,0.246,0.53,0.238,0.53,0.329,0.246,0.138,0.329,0.281,0.33,0.183,0.33,0.238,0.247,0.291,0.161,0.291,0.649,0.161,0.247,0.649,0.558,0.291,0.497,0.09,0.291,0.649,0.978,0.497,0.282,0.497,0.725,0.341,0.391,0.214,0.619,0.214,0.215,0.486,0.486,0.486,0.21,0.619,0.215,0.619,0.391,0.21,0.346,0.329,0.346,0.229,0.229,0.229,0.84,0.643,0.141,0.577,0.148,0.637,0.106,0.148,0.584,0.643,0.498,0.569,0.324,0.498,0.106,0.554,0.56,0.165,0.643,0.135,0.536,0.615,0.138,0.498,0.947,0.138,0.138,0.517,0.058,0.222,0.621,0.058,0.058,0.566,0.801,0.604,0.604,0.558,0.231,0.455,0.628,0.401,0.854,0.175,0.209,0.16,0.623,0.455,0.805,0.626,0.227,0.689,0.875,0.701,0.162,0.405,0.701,0.265,0.521,0.523,0.534,0.276,0.237,0.277,0.37,0.637,0.455,0.277,0.369,0.485,0.361,0.54,0.369,0.319,0.369,0.277,0.348,0.892,0.624,0.944,0.484,0.263,0.372,0.39,0.372,0.935,0.181,0.595,0.113,0.416,0.452,0.369,0.439,0.219,0.252,0.534
0.373,0.373,0.39,0.39,0.31,0.203,0.44,0.633,0.214,0.508,0.633,0.472,0.596,0.31,0.472,0.633,0.596,0.31,0.202,0.596,0.344,0.544,0.344,0.585,0.596,0.44,0.585,0.633,0.632,0.508,0.632,0.544,0.959,0.748,0.546,0.748,0.23,0.546,0.959,0.23,0.477,0.748,0.216,0.281,0.748,0.23,0.22,0.216,0.806,0.216,0.172,0.416,0.465,0.97,0.202,0.97,0.976,0.19,0.19,0.19,0.61,0.202,0.976,0.202,0.465,0.61,0.741,0.782,0.741,0.673,0.673,0.673,0.325,0.372,0.276,0.699,0.562,0.797,0.579,0.562,0.524,0.372,0.468,0.758,0.791,0.468,0.579,0.706,0.535,0.869,0.372,0.278,0.759,0.759,0.757,0.468,0.244,0.757,0.757,0.769,0.772,0.571,0.831,0.772,0.772,0.904,0.692,0.367,0.367,0.406,0.35,0.448,0.477,0.445,0.741,0.875,0.506,0.538,0.446,0.448,0.666,0.445,0.507,0.474,0.575,0.389,0.908,0.038,0.389,0.407,0.491,0.43,0.477,0.354,0.43,0.447,0.032,0.418,0.04,0.447,0.45,0.613,0.54,0.804,0.45,0.395,0.45,0.447,0.511,0.737,0.691,0.707,0.024,0.397,0.037,0.461,0.029,0.758,0.037,0.718,0.039,0.021,0.034,0.037,0.032,0.02,0.02,0.02
0.559,0.559,0.601,0.601,0.917,0.136,0.969,0.905,0.13,0.764,0.905,0.902,0.944,0.917,0.902,0.905,0.944,0.917,0.977,0.944,0.692,0.822,0.692,0.774,0.944,0.969,0.774,0.905,0.837,0.764,0.837,0.822,0.816,0.764,0.928,0.764,0.897,0.928,0.816,0.897,0.742,0.764,0.883,0.441,0.764,0.897,0.979,0.883,0.848,0.883,0.171,0.671,0.849,0.768,0.902,0.768,0.73,0.89,0.89,0.89,0.777,0.902,0.73,0.902,0.849,0.777,0.729,0.738,0.729,0.683,0.683,0.683,0.866,0.938,0.543,0.71,0.87,0.916,0.861,0.87,0.866,0.938,0.862,0.768,0.74,0.862,0.861,0.704,0.866,0.898,0.938,0.493,0.718,0.786,0.752,0.862,0.935,0.752,0.752,0.712,0.744,0.779,0.928,0.744,0.744,0.923,0.749,0.964,0.964,0.928,0.292,0.718,0.422,0.711,0.84,0.906,0.901,0.783,0.499,0.718,0.741,0.546,0.902,0.406,0.828,0.962,0.862,0.493,0.962,0.259,0.467,0.844,0.471,0.293,0.656,0.78,0.506,0.837,0.411,0.78,0.784,0.802,0.746,0.236,0.784,0.767,0.784,0.78,0.757,0.463,0.18,0.387,0.706,0.808,0.658,0.794,0.4,0.381,0.395,0.194,0.38,0.665,0.56,0.647,0.581,0.039,0.032,0.174
0.518,0.518,0.568,0.568,0.954,0.522,0.942,0.856,0.53,0.902,0.856,0.905,0.934,0.954,0.905,0.856,0.934,0.954,0.714,0.934,0.585,0.786,0.585,0.951,0.934,0.942,0.951,0.856,0.904,0.902,0.904,0.786,0.744,0.833,0.892,0.833,0.925,0.892,0.744,0.925,0.405,0.833,0.889,0.293,0.833,0.925,0.633,0.889,0.074,0.889,0.434,0.364,0.957,0.651,0.955,0.651,0.656,0.941,0.941,0.941,0.808,0.955,0.656,0.955,0.957,0.808,0.858,0.012,0.858,0.839,0.839,0.839,0.285,0.914,0.079,0.634,0.947,0.043,0.947,0.947,0.397,0.914,0.955,0.378,0.011,0.955,0.947,0.625,0.475,0.028,0.914,0.066,0.605,0.376,0.815,0.955,0.311,0.815,0.815,0.605,0.801,0.916,0.039,0.801,0.801,0.192,0.482,0.983,0.983,0.496,0.914,0.969,0.517,0.816,0.316,0.027,0.185,0.919,0.456,0.969,0.5,0.459,0.173,0.634,0.414,0.993,0.07,0.898,0.993,0.919,0.551,0.967,0.553,0.925,0.094,0.862,0.869,0.498,0.913,0.862,0.878,0.348,0.137,0.803,0.878,0.046,0.878,0.862,0.156,0.762,0.814,0.769,0.782,0.047,0.787,0.144,0.512,0.781,0.722,0.781,0.704,0.814,0.775,0.791,0.745,0.221,0.235,0.094
0.837,0.837,0.733,0.733,0.158,0.734,0.769,0.843,0.659,0.72,0.843,0.776,0.843,0.158,0.776,0.843,0.843,0.158,0.317,0.843,0.788,0.58,0.788,0.845,0.843,0.769,0.845,0.843,0.847,0.72,0.847,0.58,0.47,0.816,0.801,0.816,0.154,0.801,0.47,0.154,0.537,0.816,0.169,0.369,0.816,0.154,0.26,0.169,0.834,0.169,0.881,0.517,0.079,0.482,0.118,0.482,0.45,0.12,0.12,0.12,0.72,0.118,0.45,0.118,0.079,0.72,0.809,0.783,0.809,0.033,0.033,0.033,0.615,0.213,0.351,0.54,0.064,0.654,0.063,0.064,0.523,0.213,0.062,0.522,0.706,0.062,0.063,0.533,0.511,0.292,0.213,0.313,0.506,0.527,0.022,0.062,0.263,0.022,0.022,0.519,0.025,0.095,0.581,0.025,0.025,0.839,0.529,0.193,0.193,0.219,0.578,0.354,0.864,0.373,0.525,0.247,0.159,0.101,0.807,0.354,0.494,0.804,0.153,0.835,0.448,0.199,0.483,0.072,0.199,0.768,0.816,0.059,0.805,0.564,0.536,0.071,0.064,0.22,0.149,0.071,0.064,0.334,0.213,0.479,0.064,0.345,0.064,0.071,0.213,0.306,0.417,0.389,0.31,0.343,0.256,0.204,0.444,0.351,0.225,0.4,0.221,0.288,0.205,0.134,0.119,0.467,0.392,0.491
0.769,0.769,0.772,0.772,0.487,0.293,0.493,0.523,0.286,0.591,0.523,0.577,0.385,0.487,0.577,0.523,0.385,0.487,0.419,0.385,0.787,0.732,0.787,0.375,0.385,0.493,0.375,0.523,0.453,0.591,0.453,0.732,0.329,0.486,0.605,0.486,0.224,0.605,0.329,0.224,0.986,0.486,0.164,0.813,0.486,0.224,0.405,0.164,0.973,0.164,0.306,0.989,0.839,0.531,0.211,0.531,0.471,0.175,0.175,0.175,0.508,0.211,0.471,0.211,0.839,0.508,0.337,0.984,0.337,0.806,0.806,0.806,0.996,0.817,0.887,0.971,0.247,0.965,0.259,0.247,0.992,0.817,0.898,0.984,0.997,0.898,0.259,0.972,0.992,0.99,0.817,0.882,0.981,0.98,0.371,0.898,0.454,0.371,0.371,0.983,0.369,0.304,0.978,0.369,0.369,0.976,0.979,0.494,0.494,0.501,0.579,0.711,0.837,0.728,0.988,0.989,0.993,0.291,0.868,0.711,0.983,0.856,0.994,0.873,0.995,0.482,0.951,0.67,0.482,0.802,0.883,0.876,0.885,0.714,0.97,0.34,0.573,0.557,0.59,0.34,0.39,0.982,0.513,0.384,0.39,0.968,0.39,0.34,0.529,0.439,0.479,0.449,0.629,0.964,0.669,0.5,0.895,0.466,0.811,0.521,0.814,0.717,0.663,0.622,0.643,0.462,0.501,0.575
0.326,0.326,0.295,0.295,0.827,0.421,0.273,0.343,0.423,0.281,0.343,0.179,0.482,0.827,0.179,0.343,0.482,0.827,0.49,0.482,0.489,0.218,0.489,0.452,0.482,0.273,0.452,0.343,0.326,0.281,0.326,0.218,0.635,0.419,0.301,0.419,0.535,0.301,0.635,0.535,0.806,0.419,0.455,0.934,0.419,0.535,0.399,0.455,0.644,0.455,0.591,0.738,0.62,0.553,0.589,0.553,0.547,0.598,0.598,0.598,0.253,0.589,0.547,0.589,0.62,0.253,0.409,0.725,0.409,0.774,0.774,0.774,0.9,0.625,0.899,0.862,0.457,0.824,0.602,0.457,0.819,0.625,0.474,0.771,0.755,0.474,0.602,0.889,0.831,0.907,0.625,0.878,0.851,0.774,0.696,0.474,0.538,0.696,0.696,0.87,0.55,0.739,0.877,0.55,0.55,0.788,0.889,0.701,0.701,0.767,0.826,0.955,0.872,0.917,0.766,0.91,0.866,0.685,0.87,0.955,0.886,0.863,0.848,0.812,0.805,0.842,0.824,0.452,0.842,0.96,0.797,0.648,0.799,0.912,0.773,0.431,0.387,0.894,0.43,0.431,0.511,0.585,0.404,0.346,0.511,0.86,0.511,0.431,0.428,0.287,0.336,0.277,0.185,0.934,0.263,0.429,0.366,0.286,0.473,0.339,0.44,0.184,0.267,0.265,0.241,0.603,0.569,0.495
0.552,0.552,0.498,0.498,0.924,0.599,0.484,0.542,0.605,0.297,0.542,0.417,0.518,0.924,0.417,0.542,0.518,0.924,0.959,0.518,0.574,0.358,0.574,0.456,0.518,0.484,0.456,0.542,0.488,0.297,0.488,0.358,0.144,0.611,0.355,0.611,0.853,0.355,0.144,0.853,0.895,0.611,0.807,0.907,0.611,0.853,0.917,0.807,0.561,0.807,0.838,0.885,0.875,0.112,0.937,0.112,0.135,0.933,0.933,0.933,0.365,0.937,0.135,0.937,0.875,0.365,0.616,0.505,0.616,0.799,0.799,0.799,0.889,0.841,0.93,0.785,0.788,0.494,0.781,0.788,0.544,0.841,0.825,0.628,0.518,0.825,0.781,0.785,0.516,0.561,0.841,0.905,0.781,0.639,0.659,0.825,0.936,0.659,0.659,0.782,0.693,0.803,0.453,0.693,0.693,0.419,0.752,0.862,0.862,0.84,0.723,0.915,0.714,0.96,0.588,0.498,0.719,0.791,0.723,0.915,0.739,0.709,0.778,0.753,0.544,0.868,0.618,0.453,0.868,0.742,0.785,0.881,0.771,0.681,0.51,0.811,0.439,0.809,0.36,0.811,0.836,0.603,0.356,0.681,0.836,0.483,0.836,0.811,0.357,0.544,0.677,0.512,0.198,0.433,0.173,0.289,0.331,0.551,0.239,0.645,0.23,0.186,0.14,0.189,0.118,0.296,0.309,0.528
0.033,0.033,0.036,0.036,0.976,0.242,0.036,0.785,0.279,0.752,0.785,0.041,0.84,0.976,0.041,0.785,0.84,0.976,0.555,0.84,0.051,0.581,0.051,0.762,0.84,0.036,0.762,0.785,0.68,0.752,0.68,0.581,0.742,0.539,0.061,0.539,0.954,0.061,0.742,0.954,0.257,0.539,0.954,0.837,0.539,0.954,0.567,0.954,0.688,0.954,0.418,0.266,0.773,0.748,0.947,0.748,0.74,0.95,0.95,0.95,0.643,0.947,0.74,0.947,0.773,0.643,0.549,0.711,0.549,0.797,0.797,0.797,0.119,0.968,0.848,0.447,0.81,0.689,0.796,0.81,0.432,0.968,0.939,0.375,0.703,0.939,0.796,0.403,0.447,0.725,0.968,0.868,0.429,0.286,0.723,0.939,0.798,0.723,0.723,0.377,0.625,0.936,0.721,0.625,0.625,0.732,0.437,0.904,0.904,0.584,0.69,0.552,0.634,0.372,0.367,0.756,0.172,0.951,0.715,0.552,0.432,0.726,0.16,0.341,0.455,0.895,0.691,0.28,0.895,0.547,0.338,0.958,0.353,0.814,0.53,0.908,0.231,0.69,0.274,0.908,0.859,0.199,0.253,0.141,0.859,0.538,0.859,0.908,0.22,0.098,0.126,0.085,0.015,0.535,0.02,0.196,0.066,0.088,0.024,0.136,0.027,0.01,0.011,0.01,0.009,0.077,0.042,0.046
0.788,0.788,0.86,0.86,0.587,0.31,0.864,0.759,0.261,0.411,0.759,0.835,0.764,0.587,0.835,0.759,0.764,0.587,0.479,0.764,0.737,0.429,0.737,0.759,0.764,0.864,0.759,0.759,0.678,0.411,0.678,0.429,0.356,0.618,0.617,0.618,0.496,0.617,0.356,0.496,0.583,0.618,0.567,0.357,0.618,0.496,0.426,0.567,0.368,0.567,0.303,0.565,0.767,0.212,0.507,0.212,0.222,0.57,0.57,0.57,0.407,0.507,0.222,0.507,0.767,0.407,0.644,0.58,0.644,0.822,0.822,0.822,0.465,0.586,0.273,0.703,0.729,0.404,0.733,0.729,0.664,0.586,0.598,0.69,0.664,0.598,0.733,0.711,0.651,0.485,0.586,0.268,0.656,0.714,0.971,0.598,0.427,0.971,0.971,0.684,0.935,0.537,0.35,0.935,0.935,0.202,0.675,0.486,0.486,0.48,0.786,0.486,0.683,0.352,0.611,0.424,0.701,0.49,0.742,0.486,0.638,0.732,0.62,0.307,0.613,0.45,0.278,1.0,0.45,0.801,0.286,0.572,0.267,0.749,0.322,0.65,0.996,0.401,0.997,0.65,0.615,0.554,0.79,0.989,0.615,0.562,0.615,0.65,0.785,0.989,0.986,0.991,0.599,0.491,0.488,0.695,0.864,0.987,0.613,0.984,0.619,0.404,0.654,0.453,0.624,0.471,0.332,0.763
0.352,0.352,0.27,0.27,0.792,0.434,0.283,0.202,0.443,0.756,0.202,0.281,0.23,0.792,0.281,0.202,0.23,0.792,0.366,0.23,0.298,0.803,0.298,0.666,0.23,0.283,0.666,0.202,0.636,0.756,0.636,0.803,0.469,0.248,0.294,0.248,0.82,0.294,0.469,0.82,0.857,0.248,0.823,0.081,0.248,0.82,0.371,0.823,0.429,0.823,0.441,0.865,0.419,0.466,0.755,0.466,0.49,0.757,0.757,0.757,0.773,0.755,0.49,0.755,0.419,0.773,0.715,0.682,0.715,0.877,0.877,0.877,0.761,0.846,0.303,0.483,0.437,0.522,0.423,0.437,0.835,0.846,0.644,0.611,0.619,0.644,0.423,0.483,0.851,0.481,0.846,0.166,0.431,0.602,0.845,0.644,0.855,0.845,0.845,0.432,0.898,0.587,0.492,0.898,0.898,0.313,0.54,0.39,0.39,0.411,0.224,0.068,0.242,0.072,0.612,0.45,0.482,0.638,0.291,0.068,0.474,0.29,0.532,0.206,0.727,0.392,0.326,0.544,0.392,0.133,0.206,0.756,0.205,0.261,0.198,0.677,0.566,0.415,0.531,0.677,0.7,0.215,0.369,0.782,0.7,0.324,0.7,0.677,0.367,0.772,0.83,0.813,0.458,0.308,0.603,0.365,0.611,0.791,0.154,0.778,0.151,0.419,0.52,0.675,0.675,0.288,0.216,0.499
0.001,0.001,0.001,0.001,0.328,0.108,0.002,0.001,0.119,0.001,0.001,0.002,0.001,0.328,0.002,0.001,0.001,0.328,0.819,0.001,0.001,0.001,0.001,0.001,0.001,0.002,0.001,0.001,0.001,0.001,0.001,0.001,0.002,0.001,0.001,0.001,0.3,0.001,0.002,0.3,0.112,0.001,0.252,0.747,0.001,0.3,0.766,0.252,0.975,0.252,0.241,0.056,0.21,0.007,0.285,0.007,0.008,0.253,0.253,0.253,0.001,0.285,0.008,0.285,0.21,0.001,0.001,0.962,0.001,0.175,0.175,0.175,0.079,0.362,0.74,0.07,0.157,0.962,0.166,0.157,0.063,0.362,0.265,0.1,0.985,0.265,0.166,0.079,0.042,0.912,0.362,0.762,0.072,0.097,0.135,0.265,0.649,0.135,0.135,0.082,0.128,0.141,0.95,0.128,0.128,0.961,0.125,0.584,0.584,0.587,0.77,0.446,0.328,0.504,0.168,0.919,0.979,0.145,0.367,0.446,0.124,0.372,0.976,0.343,0.07,0.48,0.911,0.901,0.48,0.591,0.399,0.196,0.401,0.642,0.9,0.223,0.887,0.475,0.887,0.223,0.255,0.948,0.487,0.899,0.255,0.903,0.255,0.223,0.486,0.842,0.907,0.847,0.9,0.911,0.938,0.478,0.919,0.831,0.833,0.886,0.824,0.898,0.939,0.932,0.929,0.634,0.665,0.728
0.624,0.624,0.658,0.658,0.678,0.994,0.596,0.378,0.994,0.479,0.378,0.529,0.447,0.678,0.529,0.378,0.447,0.678,0.041,0.447,0.444,0.33,0.444,0.341,0.447,0.596,0.341,0.378,0.222,0.479,0.222,0.33,0.5,0.266,0.436,0.266,0.519,0.436,0.5,0.519,0.909,0.266,0.583,0.577,0.266,0.519,0.04,0.583,0.709,0.583,0.894,0.881,0.398,0.428,0.773,0.428,0.419,0.768,0.768,0.768,0.323,0.773,0.419,0.773,0.398,0.323,0.222,0.676,0.222,0.86,0.86,0.86,0.948,0.417,0.568,0.89,0.508,0.422,0.462,0.508,0.921,0.417,0.796,0.915,0.79,0.796,0.462,0.905,0.923,0.501,0.417,0.519,0.864,0.848,0.906,0.796,0.066,0.906,0.906,0.871,0.787,0.76,0.425,0.787,0.787,0.395,0.914,0.738,0.738,0.819,0.994,0.89,0.989,0.892,0.919,0.444,0.295,0.764,0.982,0.89,0.911,0.98,0.272,0.962,0.925,0.761,0.43,0.328,0.761,0.977,0.926,0.91,0.935,0.995,0.481,0.699,0.347,0.852,0.469,0.699,0.71,0.184,0.471,0.588,0.71,0.537,0.71,0.699,0.456,0.491,0.6,0.392,0.161,0.495,0.15,0.477,0.22,0.448,0.32,0.591,0.315,0.139,0.195,0.199,0.187,0.391,0.454,0.361
0.047,0.047,0.062,0.062,0.53,0.215,0.139,0.053,0.203,0.046,0.053,0.084,0.076,0.53,0.084,0.053,0.076,0.53,0.398,0.076,0.043,0.029,0.043,0.065,0.076,0.139,0.065,0.053,0.06,0.046,0.06,0.029,0.022,0.033,0.07,0.033,0.375,0.07,0.022,0.375,0.333,0.033,0.219,0.208,0.033,0.375,0.421,0.219,0.244,0.219,0.222,0.282,0.624,0.016,0.215,0.016,0.016,0.115,0.115,0.115,0.02,0.215,0.016,0.215,0.624,0.02,0.051,0.204,0.051,0.63,0.63,0.63,0.375,0.55,0.27,0.692,0.777,0.206,0.906,0.777,0.463,0.55,0.313,0.559,0.227,0.313,0.906,0.68,0.388,0.188,0.55,0.288,0.702,0.601,0.931,0.313,0.618,0.931,0.931,0.694,0.961,0.834,0.227,0.961,0.961,0.341,0.611,0.22,0.22,0.261,0.353,0.519,0.627,0.535,0.519,0.252,0.707,0.792,0.604,0.519,0.613,0.583,0.739,0.379,0.467,0.3,0.342,0.422,0.3,0.738,0.379,0.75,0.355,0.373,0.445,0.372,0.381,0.32,0.347,0.372,0.36,0.879,0.801,0.604,0.36,0.271,0.36,0.372,0.769,0.587,0.625,0.57,0.52,0.264,0.647,0.853,0.288,0.6,0.356,0.578,0.358,0.532,0.635,0.625,0.628,0.32,0.297,0.684
0.549,0.549,0.353,0.353,0.456,0.58,0.253,0.16,0.524,0.614,0.16,0.255,0.138,0.456,0.255,0.16,0.138,0.456,0.301,0.138,0.327,0.596,0.327,0.118,0.138,0.253,0.118,0.16,0.138,0.614,0.138,0.596,0.36,0.159,0.296,0.159,0.833,0.296,0.36,0.833,0.681,0.159,0.809,0.892,0.159,0.833,0.273,0.809,0.33,0.809,0.481,0.709,0.491,0.338,0.751,0.338,0.345,0.73,0.73,0.73,0.747,0.751,0.345,0.751,0.491,0.747,0.134,0.436,0.134,0.463,0.463,0.463,0.787,0.564,0.841,0.705,0.686,0.323,0.83,0.686,0.585,0.564,0.699,0.528,0.423,0.699,0.83,0.668,0.593,0.297,0.564,0.871,0.697,0.508,0.498,0.699,0.643,0.498,0.498,0.661,0.534,0.912,0.295,0.534,0.534,0.232,0.66,0.913,0.913,0.914,0.695,0.936,0.469,0.941,0.508,0.294,0.333,0.749,0.537,0.936,0.659,0.519,0.34,0.616,0.604,0.921,0.297,0.879,0.921,0.823,0.59,0.379,0.605,0.746,0.347,0.952,0.863,0.923,0.809,0.952,0.98,0.336,0.354,0.59,0.98,0.326,0.98,0.952,0.321,0.448,0.621,0.452,0.86,0.323,0.784,0.217,0.856,0.46,0.864,0.604,0.856,0.842,0.81,0.853,0.867,0.79,0.83,0.918
0.25,0.25,0.188,0.188,0.75,0.538,0.137,0.143,0.581,0.064,0.143,0.213,0.095,0.75,0.213,0.143,0.095,0.75,0.248,0.095,0.568,0.093,0.568,0.106,0.095,0.137,0.106,0.143,0.147,0.064,0.147,0.093,0.102,0.182,0.283,0.182,0.648,0.283,0.102,0.648,0.825,0.182,0.48,0.712,0.182,0.648,0.133,0.48,0.508,0.48,0.92,0.681,0.277,0.074,0.648,0.074,0.074,0.477,0.477,0.477,0.093,0.648,0.074,0.648,0.277,0.093,0.156,0.652,0.156,0.21,0.21,0.21,0.846,0.809,0.726,0.353,0.172,0.342,0.241,0.172,0.532,0.809,0.396,0.457,0.603,0.396,0.241,0.394,0.556,0.574,0.809,0.773,0.384,0.421,0.109,0.396,0.182,0.109,0.109,0.419,0.113,0.124,0.365,0.113,0.113,0.365,0.501,0.384,0.384,0.57,0.526,0.883,0.874,0.834,0.586,0.602,0.592,0.116,0.884,0.883,0.477,0.879,0.553,0.693,0.68,0.533,0.639,0.819,0.533,0.613,0.694,0.376,0.689,0.496,0.454,0.276,0.923,0.702,0.486,0.276,0.484,0.339,0.571,0.504,0.484,0.409,0.484,0.276,0.58,0.565,0.542,0.598,0.573,0.467,0.892,0.56,0.925,0.566,0.844,0.583,0.85,0.618,0.883,0.916,0.916,0.946,0.962,0.88
0.266,0.266,0.261,0.261,0.789,0.325,0.215,0.123,0.34,0.185,0.123,0.214,0.114,0.789,0.214,0.123,0.114,0.789,0.026,0.114,0.301,0.232,0.301,0.114,0.114,0.215,0.114,0.123,0.12,0.185,0.12,0.232,0.633,0.158,0.252,0.158,0.939,0.252,0.633,0.939,0.065,0.158,0.92,0.815,0.158,0.939,0.033,0.92,0.96,0.92,0.327,0.052,0.996,0.647,0.978,0.647,0.655,0.959,0.959,0.959,0.246,0.978,0.655,0.978,0.996,0.246,0.171,0.656,0.171,0.996,0.996,0.996,0.056,0.811,0.707,0.265,0.988,0.848,0.993,0.988,0.087,0.811,0.932,0.074,0.707,0.932,0.993,0.254,0.089,0.69,0.811,0.736,0.26,0.085,0.955,0.932,0.027,0.955,0.955,0.248,0.955,0.985,0.854,0.955,0.955,0.959,0.294,0.194,0.194,0.202,0.345,0.406,0.156,0.384,0.087,0.673,0.74,0.981,0.156,0.406,0.291,0.163,0.77,0.139,0.077,0.201,0.747,0.975,0.201,0.409,0.15,0.998,0.151,0.317,0.817,0.883,0.982,0.199,0.982,0.883,0.874,0.776,0.13,0.935,0.874,0.731,0.874,0.883,0.132,0.84,0.867,0.818,0.964,0.725,0.973,0.12,0.91,0.816,0.86,0.834,0.846,0.977,0.965,0.969,0.963,0.606,0.668,0.363
0.292,0.292,0.497,0.497,0.259,0.125,0.32,0.266,0.14,0.136,0.266,0.279,0.255,0.259,0.279,0.266,0.255,0.259,0.535,0.255,0.513,0.168,0.513,0.236,0.255,0.32,0.236,0.266,0.25,0.136,0.25,0.168,0.333,0.29,0.321,0.29,0.329,0.321,0.333,0.329,0.176,0.29,0.331,0.334,0.29,0.329,0.585,0.331,0.665,0.331,0.07,0.264,0.168,0.347,0.277,0.347,0.348,0.282,0.282,0.282,0.172,0.277,0.348,0.277,0.168,0.172,0.262,0.675,0.262,0.397,0.397,0.397,0.334,0.302,0.355,0.881,0.231,0.69,0.252,0.231,0.851,0.302,0.218,0.865,0.674,0.218,0.252,0.82,0.836,0.713,0.302,0.374,0.868,0.917,0.434,0.218,0.472,0.434,0.434,0.809,0.453,0.232,0.672,0.453,0.453,0.653,0.866,0.37,0.37,0.379,0.301,0.28,0.427,0.336,0.917,0.703,0.546,0.231,0.394,0.28,0.851,0.405,0.555,0.475,0.873,0.385,0.672,0.594,0.385,0.382,0.51,0.177,0.498,0.31,0.492,0.316,0.541,0.398,0.567,0.316,0.323,0.194,0.539,0.63,0.323,0.764,0.323,0.316,0.566,0.353,0.644,0.492,0.553,0.73,0.503,0.515,0.56,0.538,0.489,0.655,0.501,0.529,0.534,0.495,0.516,0.536,0.52,0.635
0.755,0.755,0.832,0.832,0.5,0.085,0.789,0.83,0.085,0.729,0.83,0.792,0.808,0.5,0.792,0.83,0.808,0.5,0.956,0.808,0.878,0.713,0.878,0.794,0.808,0.789,0.794,0.83,0.795,0.729,0.795,0.713,0.792,0.865,0.766,0.865,0.772,0.766,0.792,0.772,0.129,0.865,0.687,0.638,0.865,0.772,0.965,0.687,0.576,0.687,0.081,0.156,0.609,0.68,0.938,0.68,0.713,0.913,0.913,0.913,0.714,0.938,0.713,0.938,0.609,0.714,0.841,0.585,0.841,0.597,0.597,0.597,0.105,0.439,0.722,0.037,0.989,0.876,0.987,0.989,0.086,0.439,0.637,0.077,0.591,0.637,0.987,0.042,0.091,0.91,0.439,0.719,0.037,0.057,0.907,0.637,0.599,0.907,0.907,0.039,0.983,0.937,0.948,0.983,0.983,0.681,0.03,0.839,0.839,0.82,0.213,0.165,0.012,0.163,0.059,0.963,0.896,0.936,0.011,0.165,0.029,0.011,0.857,0.013,0.101,0.869,0.741,0.645,0.869,0.157,0.012,0.557,0.012,0.239,0.712,0.95,0.766,0.767,0.706,0.95,0.949,0.929,0.681,0.712,0.949,0.947,0.949,0.95,0.66,0.778,0.806,0.803,0.827,0.956,0.838,0.639,0.845,0.784,0.738,0.819,0.722,0.882,0.806,0.898,0.891,0.507,0.57,0.539
0.426,0.426,0.398,0.398,0.569,0.834,0.23,0.306,0.868,0.586,0.306,0.384,0.154,0.569,0.384,0.306,0.154,0.569,0.824,0.154,0.667,0.542,0.667,0.166,0.154,0.23,0.166,0.306,0.36,0.586,0.36,0.542,0.564,0.352,0.442,0.352,0.361,0.442,0.564,0.361,0.523,0.352,0.425,0.032,0.352,0.361,0.824,0.425,0.082,0.425,0.94,0.466,0.163,0.757,0.505,0.757,0.762,0.468,0.468,0.468,0.446,0.505,0.762,0.505,0.163,0.446,0.377,0.106,0.377,0.149,0.149,0.149,0.414,0.38,0.026,0.324,0.144,0.126,0.143,0.144,0.304,0.38,0.273,0.298,0.095,0.273,0.143,0.321,0.251,0.156,0.38,0.027,0.312,0.288,0.285,0.273,0.536,0.285,0.285,0.297,0.275,0.289,0.155,0.275,0.275,0.169,0.363,0.766,0.766,0.791,0.561,0.702,0.388,0.771,0.319,0.199,0.12,0.26,0.383,0.702,0.302,0.369,0.091,0.398,0.309,0.778,0.232,0.227,0.778,0.531,0.362,0.207,0.374,0.658,0.041,0.236,0.178,0.808,0.225,0.236,0.215,0.169,0.936,0.121,0.215,0.039,0.215,0.236,0.951,0.451,0.134,0.368,0.327,0.052,0.393,0.961,0.508,0.354,0.424,0.128,0.429,0.35,0.299,0.376,0.299,0.205,0.225,0.194
0.043,0.043,0.045,0.045,0.322,0.343,0.221,0.164,0.311,0.095,0.164,0.245,0.164,0.322,0.245,0.164,0.164,0.322,0.047,0.164,0.063,0.108,0.063,0.161,0.164,0.221,0.161,0.164,0.16,0.095,0.16,0.108,0.08,0.263,0.364,0.263,0.033,0.364,0.08,0.033,0.695,0.263,0.044,0.841,0.263,0.033,0.042,0.044,0.977,0.044,0.269,0.688,0.438,0.078,0.065,0.078,0.076,0.07,0.07,0.07,0.138,0.065,0.076,0.065,0.438,0.138,0.251,0.913,0.251,0.518,0.518,0.518,0.649,0.342,0.758,0.525,0.466,0.731,0.355,0.466,0.592,0.342,0.181,0.594,0.932,0.181,0.355,0.528,0.684,0.779,0.342,0.75,0.565,0.599,0.326,0.181,0.126,0.326,0.326,0.561,0.263,0.103,0.843,0.263,0.263,0.936,0.695,0.05,0.05,0.056,0.363,0.394,0.789,0.388,0.752,0.858,0.775,0.135,0.709,0.394,0.737,0.686,0.765,0.729,0.674,0.058,0.971,0.908,0.058,0.416,0.744,0.18,0.748,0.35,0.943,0.168,0.879,0.065,0.877,0.168,0.131,0.947,0.587,0.797,0.131,0.773,0.131,0.168,0.589,0.671,0.8,0.593,0.939,0.764,0.897,0.606,0.652,0.635,0.545,0.799,0.519,0.907,0.929,0.949,0.923,0.811,0.81,0.743
0.664,0.664,0.653,0.653,0.407,0.106,0.527,0.395,0.104,0.277,0.395,0.478,0.413,0.407,0.478,0.395,0.413,0.407,0.307,0.413,0.596,0.289,0.596,0.39,0.413,0.527,0.39,0.395,0.403,0.277,0.403,0.289,0.135,0.422,0.432,0.422,0.431,0.432,0.135,0.431,0.206,0.422,0.327,0.404,0.422,0.431,0.316,0.327,0.238,0.327,0.094,0.161,0.214,0.1,0.339,0.1,0.099,0.314,0.314,0.314,0.265,0.339,0.099,0.339,0.214,0.265,0.491,0.211,0.491,0.258,0.258,0.258,0.273,0.65,0.401,0.176,0.184,0.187,0.175,0.184,0.228,0.65,0.312,0.234,0.219,0.312,0.175,0.185,0.264,0.248,0.65,0.429,0.163,0.22,0.22,0.312,0.858,0.22,0.22,0.165,0.219,0.207,0.186,0.219,0.219,0.175,0.201,0.328,0.328,0.323,0.564,0.535,0.877,0.546,0.246,0.257,0.161,0.216,0.89,0.535,0.176,0.872,0.205,0.917,0.321,0.414,0.246,0.545,0.414,0.672,0.918,0.234,0.909,0.539,0.108,0.273,0.456,0.412,0.664,0.273,0.334,0.217,0.376,0.657,0.334,0.088,0.334,0.273,0.392,0.339,0.443,0.42,0.682,0.091,0.644,0.619,0.744,0.42,0.746,0.523,0.741,0.774,0.566,0.543,0.506,0.774,0.73,0.863
0.702,0.702,0.717,0.717,0.331,0.074,0.602,0.399,0.069,0.723,0.399,0.626,0.358,0.331,0.626,0.399,0.358,0.331,0.376,0.358,0.762,0.778,0.762,0.5,0.358,0.602,0.5,0.399,0.531,0.723,0.531,0.778,0.572,0.378,0.677,0.378,0.392,0.677,0.572,0.392,0.633,0.378,0.38,0.385,0.378,0.392,0.25,0.38,0.76,0.38,0.052,0.588,0.158,0.674,0.32,0.674,0.693,0.283,0.283,0.283,0.712,0.32,0.693,0.32,0.158,0.712,0.508,0.648,0.508,0.078,0.078,0.078,0.379,0.476,0.405,0.185,0.116,0.736,0.125,0.116,0.307,0.476,0.234,0.306,0.605,0.234,0.125,0.21,0.382,0.723,0.476,0.365,0.194,0.251,0.076,0.234,0.389,0.076,0.076,0.223,0.082,0.177,0.736,0.082,0.082,0.658,0.11,0.002,0.002,0.004,0.005,0.005,0.03,0.009,0.156,0.713,0.465,0.166,0.042,0.005,0.127,0.049,0.5,0.065,0.179,0.003,0.71,0.593,0.003,0.01,0.07,0.201,0.07,0.006,0.755,0.381,0.631,0.004,0.802,0.381,0.385,0.748,0.035,0.47,0.385,0.749,0.385,0.381,0.035,0.462,0.533,0.451,0.923,0.765,0.845,0.037,0.885,0.452,0.765,0.477,0.753,0.927,0.814,0.852,0.816,0.865,0.91,0.872
0.189,0.189,0.178,0.178,0.234,0.42,0.075,0.084,0.475,0.334,0.084,0.115,0.059,0.234,0.115,0.084,0.059,0.234,0.631,0.059,0.248,0.369,0.248,0.049,0.059,0.075,0.049,0.084,0.086,0.334,0.086,0.369,0.167,0.112,0.146,0.112,0.152,0.146,0.167,0.152,0.311,0.112,0.461,0.497,0.112,0.152,0.958,0.461,0.706,0.461,0.649,0.316,0.157,0.116,0.39,0.116,0.117,0.617,0.617,0.617,0.411,0.39,0.117,0.39,0.157,0.411,0.107,0.886,0.107,0.103,0.103,0.103,0.46,0.134,0.757,0.956,0.2,0.822,0.176,0.2,0.634,0.134,0.254,0.73,0.634,0.254,0.176,0.982,0.636,0.702,0.134,0.59,0.961,0.706,0.163,0.254,0.349,0.163,0.163,0.981,0.135,0.243,0.809,0.135,0.135,0.678,0.991,0.754,0.754,0.863,0.953,0.281,0.964,0.277,0.83,0.686,0.884,0.279,0.983,0.281,0.989,0.984,0.893,0.986,0.735,0.599,0.581,0.534,0.599,0.637,0.974,0.277,0.971,0.813,0.685,0.139,0.526,0.585,0.605,0.139,0.134,0.85,0.248,0.779,0.134,0.71,0.134,0.139,0.226,0.579,0.693,0.594,0.351,0.695,0.314,0.323,0.789,0.597,0.842,0.699,0.796,0.34,0.33,0.304,0.313,0.49,0.474,0.638
0.34,0.34,0.335,0.335,0.243,0.976,0.464,0.589,0.981,0.467,0.589,0.593,0.55,0.243,0.593,0.589,0.55,0.243,0.343,0.55,0.694,0.539,0.694,0.528,0.55,0.464,0.528,0.589,0.582,0.467,0.582,0.539,0.117,0.406,0.429,0.406,0.181,0.429,0.117,0.181,0.567,0.406,0.289,0.547,0.406,0.181,0.401,0.289,0.267,0.289,0.994,0.467,0.409,0.18,0.471,0.18,0.133,0.576,0.576,0.576,0.366,0.471,0.133,0.471,0.409,0.366,0.412,0.358,0.412,0.161,0.161,0.161,0.406,0.148,0.506,0.2,0.675,0.075,0.645,0.675,0.235,0.148,0.43,0.244,0.365,0.43,0.645,0.193,0.216,0.096,0.148,0.515,0.195,0.248,0.503,0.43,0.271,0.503,0.503,0.185,0.548,0.549,0.069,0.548,0.548,0.052,0.163,0.1,0.1,0.096,0.075,0.027,0.132,0.026,0.208,0.091,0.077,0.656,0.148,0.027,0.154,0.152,0.071,0.175,0.214,0.088,0.089,0.583,0.088,0.06,0.19,0.389,0.187,0.064,0.11,0.636,0.489,0.083,0.506,0.636,0.708,0.154,0.35,0.72,0.708,0.086,0.708,0.636,0.35,0.728,0.766,0.724,0.417,0.074,0.445,0.348,0.437,0.744,0.611,0.853,0.572,0.434,0.405,0.342,0.329,0.486,0.473,0.584
0.523,0.523,0.562,0.562,0.548,0.248,0.843,0.76,0.246,0.87,0.76,0.826,0.775,0.548,0.826,0.76,0.775,0.548,0.771,0.775,0.497,0.817,0.497,0.817,0.775,0.843,0.817,0.76,0.756,0.87,0.756,0.817,0.881,0.704,0.737,0.704,0.624,0.737,0.881,0.624,0.393,0.704,0.677,0.471,0.704,0.624,0.787,0.677,0.718,0.677,0.242,0.378,0.372,0.908,0.519,0.908,0.919,0.574,0.574,0.574,0.765,0.519,0.919,0.519,0.372,0.765,0.752,0.624,0.752,0.25,0.25,0.25,0.372,0.392,0.511,0.565,0.325,0.526,0.293,0.325,0.381,0.392,0.455,0.494,0.658,0.455,0.293,0.588,0.364,0.568,0.392,0.497,0.533,0.493,0.229,0.455,0.831,0.229,0.229,0.542,0.264,0.432,0.552,0.264,0.264,0.551,0.56,0.507,0.507,0.54,0.954,0.933,0.741,0.927,0.474,0.573,0.716,0.398,0.757,0.933,0.545,0.751,0.66,0.811,0.303,0.475,0.517,0.036,0.475,0.984,0.781,0.338,0.793,0.964,0.899,0.505,0.038,0.495,0.042,0.505,0.473,0.984,0.408,0.847,0.473,0.686,0.473,0.505,0.401,0.717,0.82,0.677,0.067,0.75,0.068,0.404,0.06,0.69,0.102,0.817,0.103,0.065,0.066,0.061,0.064,0.046,0.047,0.054
0.715,0.715,0.607,0.607,0.933,0.499,0.536,0.526,0.574,0.986,0.526,0.633,0.375,0.933,0.633,0.526,0.375,0.933,0.863,0.375,0.627,0.989,0.627,0.337,0.375,0.536,0.337,0.526,0.491,0.986,0.491,0.989,0.867,0.528,0.622,0.528,0.907,0.622,0.867,0.907,0.626,0.528,0.935,0.094,0.528,0.907,0.916,0.935,0.058,0.935,0.558,0.616,0.989,0.934,0.894,0.934,0.932,0.921,0.921,0.921,0.987,0.894,0.932,0.894,0.989,0.987,0.406,0.082,0.406,0.978,0.978,0.978,0.542,0.936,0.088,0.772,0.908,0.164,0.862,0.908,0.37,0.936,0.953,0.348,0.082,0.953,0.862,0.782,0.312,0.211,0.936,0.074,0.745,0.409,0.964,0.953,0.902,0.964,0.964,0.777,0.952,0.853,0.153,0.952,0.952,0.157,0.777,0.557,0.557,0.422,0.343,0.322,0.635,0.232,0.447,0.224,0.197,0.894,0.706,0.322,0.729,0.703,0.237,0.541,0.474,0.459,0.2,0.752,0.459,0.387,0.602,0.98,0.648,0.337,0.127,0.851,0.678,0.323,0.722,0.851,0.883,0.202,0.098,0.531,0.883,0.156,0.883,0.851,0.095,0.435,0.473,0.494,0.358,0.143,0.349,0.113,0.259,0.488,0.281,0.458,0.227,0.576,0.381,0.297,0.302,0.274,0.228,0.219
0.384,0.384,0.365,0.365,0.012,0.395,0.343,0.345,0.393,0.2,0.345,0.367,0.309,0.012,0.367,0.345,0.309,0.012,0.08,0.309,0.436,0.259,0.436,0.294,0.309,0.343,0.294,0.345,0.345,0.2,0.345,0.259,0.677,0.211,0.401,0.211,0.008,0.401,0.677,0.008,0.692,0.211,0.009,0.491,0.211,0.008,0.082,0.009,0.172,0.009,0.396,0.69,0.008,0.835,0.009,0.835,0.799,0.009,0.009,0.009,0.252,0.009,0.799,0.009,0.008,0.252,0.25,0.23,0.25,0.026,0.026,0.026,0.832,0.01,0.462,0.597,0.005,0.038,0.005,0.005,0.486,0.01,0.009,0.418,0.226,0.009,0.005,0.63,0.48,0.042,0.01,0.463,0.548,0.315,0.017,0.009,0.083,0.017,0.017,0.583,0.018,0.009,0.035,0.018,0.018,0.033,0.607,0.006,0.006,0.01,0.017,0.016,0.432,0.018,0.378,0.041,0.151,0.009,0.411,0.016,0.604,0.426,0.151,0.577,0.405,0.007,0.058,0.313,0.007,0.019,0.46,0.014,0.478,0.015,0.1,0.009,0.296,0.011,0.235,0.009,0.009,0.373,0.133,0.105,0.009,0.06,0.009,0.009,0.131,0.073,0.168,0.084,0.561,0.06,0.649,0.116,0.701,0.081,0.845,0.184,0.843,0.712,0.705,0.544,0.573,0.762,0.607,0.514
0.182,0.182,0.166,0.166,0.333,0.509,0.15,0.159,0.609,0.124,0.159,0.223,0.116,0.333,0.223,0.159,0.116,0.333,0.984,0.116,0.302,0.163,0.302,0.167,0.116,0.15,0.167,0.159,0.186,0.124,0.186,0.163,0.129,0.148,0.243,0.148,0.691,0.243,0.129,0.691,0.416,0.148,0.407,0.442,0.148,0.691,0.969,0.407,0.18,0.407,0.594,0.299,0.084,0.097,0.542,0.097,0.089,0.458,0.458,0.458,0.137,0.542,0.089,0.542,0.084,0.137,0.223,0.108,0.223,0.043,0.043,0.043,0.324,0.378,0.333,0.278,0.238,0.08,0.253,0.238,0.257,0.378,0.171,0.21,0.116,0.171,0.253,0.233,0.206,0.146,0.378,0.433,0.286,0.218,0.152,0.171,0.976,0.152,0.152,0.199,0.238,0.277,0.142,0.238,0.238,0.126,0.248,0.409,0.409,0.424,0.47,0.293,0.152,0.305,0.268,0.169,0.341,0.243,0.13,0.293,0.24,0.147,0.363,0.147,0.211,0.427,0.139,0.923,0.427,0.325,0.149,0.068,0.152,0.455,0.08,0.296,0.943,0.44,0.932,0.296,0.351,0.272,0.105,0.986,0.351,0.089,0.351,0.296,0.106,0.994,0.977,0.988,0.922,0.105,0.843,0.138,0.847,0.988,0.758,0.978,0.759,0.916,0.858,0.888,0.9,0.8,0.824,0.717
0.122,0.122,0.106,0.106,0.535,0.209,0.217,0.125,0.207,0.156,0.125,0.183,0.288,0.535,0.183,0.125,0.288,0.535,0.281,0.288,0.059,0.068,0.059,0.285,0.288,0.217,0.285,0.125,0.091,0.156,0.091,0.068,0.088,0.071,0.068,0.071,0.513,0.068,0.088,0.513,0.499,0.071,0.543,0.809,0.071,0.513,0.285,0.543,0.902,0.543,0.187,0.293,0.625,0.039,0.428,0.039,0.038,0.415,0.415,0.415,0.053,0.428,0.038,0.428,0.625,0.053,0.059,0.902,0.059,0.858,0.858,0.858,0.487,0.585,0.663,0.66,0.537,0.073,0.555,0.537,0.29,0.585,0.882,0.388,0.818,0.882,0.555,0.674,0.316,0.114,0.585,0.675,0.657,0.403,0.8,0.882,0.318,0.8,0.8,0.659,0.76,0.776,0.092,0.76,0.76,0.073,0.644,0.369,0.369,0.444,0.784,0.677,0.52,0.754,0.341,0.13,0.015,0.774,0.472,0.677,0.641,0.496,0.005,0.453,0.313,0.344,0.108,0.092,0.344,0.808,0.383,0.945,0.408,0.779,0.138,0.637,0.099,0.425,0.118,0.637,0.649,0.007,0.068,0.219,0.649,0.123,0.649,0.637,0.065,0.192,0.2,0.183,0.191,0.137,0.162,0.055,0.398,0.204,0.279,0.209,0.302,0.258,0.165,0.167,0.186,0.21,0.171,0.349
0.042,0.042,0.038,0.038,0.095,0.121,0.396,0.324,0.107,0.326,0.324,0.41,0.32,0.095,0.41,0.324,0.32,0.095,0.094,0.32,0.032,0.307,0.032,0.238,0.32,0.396,0.238,0.324,0.227,0.326,0.227,0.307,0.624,0.203,0.354,0.203,0.151,0.354,0.624,0.151,0.632,0.203,0.244,0.372,0.203,0.151,0.062,0.244,0.268,0.244,0.104,0.584,0.458,0.617,0.139,0.617,0.617,0.184,0.184,0.184,0.338,0.139,0.617,0.139,0.458,0.338,0.167,0.372,0.167,0.356,0.356,0.356,0.554,0.323,0.312,0.544,0.506,0.719,0.545,0.506,0.694,0.323,0.412,0.652,0.266,0.412,0.545,0.57,0.634,0.726,0.323,0.316,0.537,0.663,0.423,0.412,0.185,0.423,0.423,0.559,0.447,0.518,0.588,0.447,0.447,0.347,0.588,0.49,0.49,0.529,0.358,0.524,0.463,0.552,0.69,0.657,0.812,0.488,0.335,0.524,0.581,0.335,0.864,0.346,0.734,0.397,0.44,0.287,0.397,0.362,0.334,0.416,0.338,0.443,0.484,0.436,0.331,0.571,0.293,0.436,0.467,0.933,0.803,0.339,0.467,0.721,0.467,0.436,0.832,0.156,0.34,0.224,0.686,0.637,0.634,0.887,0.726,0.202,0.716,0.313,0.7,0.739,0.601,0.58,0.55,0.78,0.753,0.745
0.115,0.115,0.146,0.146,0.906,0.169,0.985,0.949,0.148,0.872,0.949,0.967,0.95,0.906,0.967,0.949,0.95,0.906,0.718,0.95,0.105,0.813,0.105,0.952,0.95,0.985,0.952,0.949,0.938,0.872,0.938,0.813,0.613,0.928,0.97,0.928,0.789,0.97,0.613,0.789,0.498,0.928,0.77,0.266,0.928,0.789,0.725,0.77,0.71,0.77,0.209,0.436,0.828,0.439,0.743,0.439,0.433,0.703,0.703,0.703,0.842,0.743,0.433,0.743,0.828,0.842,0.915,0.77,0.915,0.847,0.847,0.847,0.352,0.929,0.31,0.641,0.809,0.794,0.831,0.809,0.192,0.929,0.715,0.428,0.787,0.715,0.831,0.644,0.346,0.556,0.929,0.308,0.641,0.351,0.866,0.715,0.94,0.866,0.866,0.64,0.887,0.679,0.887,0.887,0.887,0.938,0.604,0.858,0.858,0.777,0.666,1.0,0.827,0.996,0.432,0.693,0.449,0.616,0.808,1.0,0.609,0.809,0.463,0.863,0.271,0.742,0.772,0.787,0.742,0.918,0.865,0.735,0.864,0.627,0.78,0.773,0.783,0.67,0.902,0.773,0.828,0.443,0.399,0.671,0.828,0.726,0.828,0.773,0.364,0.525,0.694,0.485,0.229,0.784,0.18,0.407,0.186,0.481,0.25,0.69,0.238,0.214,0.186,0.188,0.199,0.177,0.184,0.331
0.701,0.701,0.693,0.693,0.507,0.523,0.603,0.584,0.521,0.378,0.584,0.641,0.553,0.507,0.641,0.584,0.553,0.507,0.8,0.553,0.857,0.4,0.857,0.476,0.553,0.603,0.476,0.584,0.498,0.378,0.498,0.4,0.222,0.739,0.855,0.739,0.478,0.855,0.222,0.478,0.364,0.739,0.509,0.391,0.739,0.478,0.812,0.509,0.4,0.509,0.545,0.319,0.601,0.186,0.305,0.186,0.187,0.343,0.343,0.343,0.565,0.305,0.187,0.305,0.601,0.565,0.654,0.549,0.654,0.569,0.569,0.569,0.449,0.57,0.806,0.53,0.256,0.606,0.26,0.256,0.343,0.57,0.298,0.554,0.493,0.298,0.26,0.547,0.355,0.57,0.57,0.461,0.524,0.546,0.209,0.298,0.557,0.209,0.209,0.543,0.31,0.136,0.658,0.31,0.31,0.435,0.654,0.613,0.613,0.646,0.934,0.777,0.364,0.786,0.638,0.776,0.385,0.107,0.391,0.777,0.643,0.382,0.404,0.404,0.43,0.62,0.39,0.27,0.62,0.938,0.377,0.585,0.367,0.937,0.222,0.177,0.277,0.652,0.373,0.177,0.18,0.343,0.99,0.653,0.18,0.295,0.18,0.177,0.988,0.541,0.659,0.623,0.266,0.392,0.304,0.972,0.368,0.525,0.294,0.657,0.32,0.29,0.272,0.31,0.268,0.137,0.135,0.096
0.35,0.35,0.359,0.359,0.978,0.337,0.149,0.221,0.294,0.246,0.221,0.185,0.182,0.978,0.185,0.221,0.182,0.978,0.665,0.182,0.407,0.314,0.407,0.17,0.182,0.149,0.17,0.221,0.197,0.246,0.197,0.314,0.871,0.208,0.212,0.208,0.814,0.212,0.871,0.814,0.718,0.208,0.846,0.711,0.208,0.814,0.723,0.846,0.851,0.846,0.32,0.697,0.895,0.919,0.783,0.919,0.91,0.834,0.834,0.834,0.339,0.783,0.91,0.783,0.895,0.339,0.15,0.905,0.15,0.909,0.909,0.909,0.826,0.991,0.776,0.454,0.697,0.682,0.618,0.697,0.561,0.991,0.973,0.646,0.905,0.973,0.618,0.548,0.716,0.336,0.991,0.672,0.362,0.581,0.612,0.973,0.883,0.612,0.612,0.477,0.585,0.879,0.671,0.585,0.585,0.965,0.599,0.927,0.927,0.94,0.036,0.931,0.194,0.967,0.661,0.363,0.431,0.869,0.131,0.931,0.592,0.143,0.433,0.185,0.633,0.904,0.644,0.786,0.904,0.078,0.131,0.978,0.131,0.028,0.669,0.836,0.781,0.921,0.819,0.836,0.85,0.446,0.1,0.86,0.85,0.369,0.85,0.836,0.092,0.599,0.754,0.58,0.604,0.402,0.52,0.148,0.635,0.583,0.707,0.84,0.711,0.545,0.579,0.524,0.575,0.637,0.629,0.606
0.599,0.599,0.449,0.449,0.665,0.1,0.742,0.761,0.112,0.577,0.761,0.794,0.72,0.665,0.794,0.761,0.72,0.665,0.749,0.72,0.414,0.66,0.414,0.616,0.72,0.742,0.616,0.761,0.715,0.577,0.715,0.66,0.491,0.793,0.822,0.793,0.967,0.822,0.491,0.967,0.244,0.793,0.984,0.306,0.793,0.967,0.86,0.984,0.55,0.984,0.155,0.223,0.791,0.425,0.959,0.425,0.411,0.992,0.992,0.992,0.701,0.959,0.411,0.959,0.791,0.701,0.774,0.618,0.774,0.721,0.721,0.721,0.205,0.823,0.275,0.482,0.892,0.77,0.892,0.892,0.41,0.823,0.888,0.264,0.632,0.888,0.892,0.474,0.369,0.536,0.823,0.329,0.486,0.294,0.673,0.888,0.517,0.673,0.673,0.475,0.696,0.881,0.779,0.696,0.696,0.816,0.45,0.994,0.994,0.971,0.971,0.624,0.212,0.593,0.233,0.486,0.577,0.908,0.201,0.624,0.445,0.202,0.589,0.242,0.299,0.989,0.569,0.803,0.989,0.883,0.237,0.77,0.258,0.982,0.562,0.943,0.835,0.961,0.756,0.943,0.931,0.408,0.107,0.666,0.931,0.455,0.931,0.943,0.103,0.46,0.578,0.454,0.832,0.483,0.858,0.104,0.025,0.461,0.012,0.6,0.01,0.838,0.82,0.872,0.859,0.029,0.03,0.018
0.709,0.709,0.802,0.802,0.472,0.083,0.683,0.671,0.081,0.497,0.671,0.674,0.678,0.472,0.674,0.671,0.678,0.472,0.388,0.678,0.837,0.56,0.837,0.668,0.678,0.683,0.668,0.671,0.684,0.497,0.684,0.56,0.722,0.828,0.785,0.828,0.45,0.785,0.722,0.45,0.221,0.828,0.463,0.928,0.828,0.45,0.355,0.463,0.948,0.463,0.053,0.167,0.707,0.713,0.473,0.713,0.719,0.466,0.466,0.466,0.586,0.473,0.719,0.473,0.707,0.586,0.78,0.948,0.78,0.626,0.626,0.626,0.252,0.456,0.953,0.11,0.514,0.911,0.498,0.514,0.147,0.456,0.326,0.151,0.963,0.326,0.498,0.112,0.165,0.925,0.456,0.946,0.103,0.163,0.444,0.326,0.462,0.444,0.444,0.096,0.443,0.376,0.916,0.443,0.443,0.951,0.096,0.017,0.017,0.009,0.002,0.007,0.026,0.004,0.126,0.946,0.831,0.382,0.029,0.007,0.089,0.029,0.892,0.033,0.203,0.017,0.952,0.52,0.017,0.003,0.032,0.49,0.032,0.002,0.965,0.44,0.474,0.009,0.493,0.44,0.449,0.791,0.037,0.816,0.449,0.892,0.449,0.44,0.038,0.806,0.887,0.801,0.736,0.913,0.728,0.041,0.675,0.795,0.756,0.94,0.749,0.737,0.701,0.681,0.677,0.655,0.66,0.767
0.03,0.03,0.126,0.126,0.724,0.243,0.105,0.012,0.225,0.033,0.012,0.023,0.061,0.724,0.023,0.012,0.061,0.724,0.886,0.061,0.039,0.01,0.039,0.05,0.061,0.105,0.05,0.012,0.012,0.033,0.012,0.01,0.008,0.009,0.019,0.009,0.728,0.019,0.008,0.728,0.524,0.009,0.657,0.393,0.009,0.728,0.855,0.657,0.176,0.657,0.247,0.785,0.48,0.001,0.873,0.001,0.001,0.874,0.874,0.874,0.003,0.873,0.001,0.873,0.48,0.003,0.005,0.163,0.005,0.431,0.431,0.431,0.495,0.493,0.176,0.725,0.608,0.143,0.613,0.608,0.688,0.493,0.481,0.734,0.146,0.481,0.613,0.774,0.74,0.192,0.493,0.181,0.716,0.735,0.615,0.481,0.987,0.615,0.615,0.754,0.635,0.645,0.135,0.635,0.635,0.183,0.769,0.499,0.499,0.499,0.815,0.748,0.932,0.813,0.75,0.204,0.023,0.646,0.971,0.748,0.768,0.968,0.035,0.701,0.769,0.678,0.141,0.353,0.678,0.908,0.835,0.487,0.809,0.887,0.084,0.775,0.274,0.655,0.355,0.775,0.792,0.041,0.599,0.22,0.792,0.115,0.792,0.775,0.531,0.164,0.232,0.167,0.313,0.155,0.404,0.562,0.086,0.186,0.067,0.226,0.068,0.309,0.389,0.397,0.379,0.12,0.105,0.148
0.628,0.628,0.666,0.666,0.257,0.092,0.357,0.635,0.1,0.565,0.635,0.463,0.574,0.257,0.463,0.635,0.574,0.257,0.596,0.574,0.752,0.623,0.752,0.618,0.574,0.357,0.618,0.635,0.706,0.565,0.706,0.623,0.869,0.68,0.48,0.68,0.304,0.48,0.869,0.304,0.147,0.68,0.312,0.831,0.68,0.304,0.688,0.312,0.574,0.312,0.086,0.148,0.152,0.844,0.272,0.844,0.844,0.278,0.278,0.278,0.614,0.272,0.844,0.272,0.152,0.614,0.627,0.735,0.627,0.154,0.154,0.154,0.058,0.262,0.912,0.036,0.254,0.816,0.242,0.254,0.108,0.262,0.192,0.082,0.694,0.192,0.242,0.033,0.101,0.868,0.262,0.889,0.033,0.086,0.294,0.192,0.4,0.294,0.294,0.031,0.325,0.118,0.778,0.325,0.325,0.725,0.035,0.01,0.01,0.003,0.01,0.009,0.031,0.007,0.048,0.848,0.304,0.117,0.033,0.009,0.032,0.033,0.276,0.035,0.072,0.013,0.768,0.194,0.013,0.009,0.035,0.141,0.035,0.01,0.739,0.171,0.14,0.006,0.241,0.171,0.169,0.286,0.048,0.257,0.169,0.762,0.169,0.171,0.046,0.392,0.255,0.324,0.316,0.824,0.298,0.044,0.556,0.313,0.392,0.236,0.419,0.304,0.318,0.257,0.256,0.694,0.646,0.702
0.108,0.108,0.099,0.099,0.256,0.116,0.084,0.092,0.113,0.092,0.092,0.11,0.064,0.256,0.11,0.092,0.064,0.256,0.699,0.064,0.233,0.103,0.233,0.062,0.064,0.084,0.062,0.092,0.094,0.092,0.094,0.103,0.094,0.132,0.237,0.132,0.264,0.237,0.094,0.264,0.35,0.132,0.52,0.528,0.132,0.264,0.664,0.52,0.575,0.52,0.109,0.401,0.397,0.064,0.259,0.064,0.061,0.473,0.473,0.473,0.144,0.259,0.061,0.259,0.397,0.144,0.129,0.623,0.129,0.26,0.26,0.26,0.513,0.446,0.502,0.166,0.618,0.553,0.639,0.618,0.172,0.446,0.411,0.243,0.628,0.411,0.639,0.188,0.186,0.133,0.446,0.55,0.166,0.231,0.579,0.411,0.508,0.579,0.579,0.18,0.629,0.702,0.604,0.629,0.629,0.691,0.357,0.211,0.211,0.111,0.215,0.222,0.692,0.18,0.448,0.145,0.238,0.69,0.708,0.222,0.343,0.688,0.203,0.56,0.409,0.141,0.272,0.362,0.141,0.199,0.482,0.429,0.502,0.257,0.28,0.679,0.263,0.077,0.331,0.679,0.704,0.395,0.044,0.664,0.704,0.139,0.704,0.679,0.042,0.393,0.736,0.426,0.501,0.144,0.487,0.048,0.617,0.436,0.487,0.683,0.581,0.523,0.422,0.356,0.335,0.528,0.421,0.636
0.865,0.865,0.853,0.853,0.511,0.527,0.681,0.608,0.552,0.358,0.608,0.686,0.535,0.511,0.686,0.608,0.535,0.511,0.034,0.535,0.858,0.401,0.858,0.532,0.535,0.681,0.532,0.608,0.565,0.358,0.565,0.401,0.678,0.671,0.756,0.671,0.493,0.756,0.678,0.493,0.945,0.671,0.433,0.606,0.671,0.493,0.057,0.433,0.932,0.433,0.535,0.906,0.502,0.775,0.549,0.775,0.774,0.489,0.489,0.489,0.358,0.549,0.774,0.549,0.502,0.358,0.6,0.83,0.6,0.55,0.55,0.55,0.978,0.567,0.649,0.863,0.609,0.96,0.61,0.609,0.917,0.567,0.341,0.905,0.855,0.341,0.61,0.865,0.914,0.896,0.567,0.635,0.845,0.898,0.868,0.341,0.041,0.868,0.868,0.853,0.83,0.665,0.972,0.83,0.83,0.939,0.836,0.617,0.617,0.657,0.26,0.88,0.701,0.862,0.873,0.891,0.868,0.663,0.653,0.88,0.832,0.654,0.845,0.818,0.963,0.68,0.9,0.259,0.68,0.257,0.773,0.545,0.76,0.244,0.788,0.468,0.293,0.712,0.23,0.468,0.516,0.877,0.884,0.134,0.516,0.837,0.516,0.468,0.887,0.148,0.142,0.164,0.387,0.868,0.439,0.923,0.445,0.168,0.631,0.124,0.639,0.352,0.488,0.525,0.564,0.955,0.942,0.549
0.514,0.514,0.587,0.587,0.836,0.363,0.561,0.665,0.357,0.446,0.665,0.531,0.674,0.836,0.531,0.665,0.674,0.836,0.691,0.674,0.678,0.471,0.678,0.658,0.674,0.561,0.658,0.665,0.654,0.446,0.654,0.471,0.263,0.785,0.718,0.785,0.827,0.718,0.263,0.827,0.492,0.785,0.814,0.797,0.785,0.827,0.646,0.814,0.444,0.814,0.353,0.456,0.779,0.261,0.724,0.261,0.273,0.817,0.817,0.817,0.532,0.724,0.273,0.724,0.779,0.532,0.706,0.525,0.706,0.962,0.962,0.962,0.699,0.932,0.732,0.239,0.696,0.477,0.676,0.696,0.407,0.932,0.927,0.296,0.526,0.927,0.676,0.246,0.386,0.513,0.932,0.721,0.243,0.301,0.781,0.927,0.501,0.781,0.781,0.229,0.756,0.861,0.473,0.756,0.756,0.462,0.229,0.623,0.623,0.654,0.985,0.971,0.45,0.971,0.304,0.502,0.726,0.927,0.444,0.971,0.241,0.428,0.607,0.492,0.355,0.646,0.393,0.591,0.646,0.999,0.477,0.983,0.496,0.994,0.483,0.322,0.67,0.675,0.357,0.322,0.267,0.594,0.691,0.747,0.267,0.664,0.267,0.322,0.693,0.882,0.896,0.897,0.607,0.739,0.705,0.762,0.829,0.9,0.882,0.859,0.874,0.596,0.69,0.759,0.76,0.843,0.879,0.865
0.977,0.977,0.961,0.961,0.581,0.429,0.796,0.769,0.415,0.877,0.769,0.861,0.694,0.581,0.861,0.769,0.694,0.581,0.919,0.694,0.983,0.917,0.983,0.915,0.694,0.796,0.915,0.769,0.926,0.877,0.926,0.917,0.893,0.819,0.849,0.819,0.953,0.849,0.893,0.953,0.417,0.819,0.974,0.514,0.819,0.953,0.964,0.974,0.693,0.974,0.439,0.444,0.825,0.901,0.933,0.901,0.902,0.961,0.961,0.961,0.863,0.933,0.902,0.933,0.825,0.863,0.877,0.361,0.877,0.591,0.591,0.591,0.349,0.742,0.458,0.297,0.762,0.12,0.741,0.762,0.436,0.742,0.488,0.399,0.419,0.488,0.741,0.301,0.458,0.091,0.742,0.473,0.404,0.371,0.488,0.488,0.626,0.488,0.488,0.407,0.522,0.858,0.127,0.522,0.522,0.145,0.391,0.479,0.479,0.505,0.082,0.39,0.396,0.366,0.501,0.087,0.193,0.864,0.413,0.39,0.516,0.402,0.214,0.537,0.468,0.439,0.111,0.271,0.439,0.077,0.542,0.813,0.526,0.077,0.123,0.875,0.283,0.456,0.198,0.875,0.847,0.233,0.419,0.168,0.847,0.13,0.847,0.875,0.406,0.75,0.205,0.7,0.389,0.123,0.622,0.31,0.649,0.7,0.688,0.2,0.683,0.458,0.651,0.485,0.541,0.559,0.595,0.59
0.031,0.031,0.027,0.027,0.429,0.165,0.636,0.667,0.171,0.428,0.667,0.643,0.623,0.429,0.643,0.667,0.623,0.429,0.416,0.623,0.106,0.485,0.106,0.604,0.623,0.636,0.604,0.667,0.649,0.428,0.649,0.485,0.262,0.798,0.735,0.798,0.416,0.735,0.262,0.416,0.256,0.798,0.39,0.473,0.798,0.416,0.233,0.39,0.253,0.39,0.131,0.451,0.948,0.22,0.332,0.22,0.223,0.249,0.249,0.249,0.557,0.332,0.223,0.332,0.948,0.557,0.743,0.156,0.743,0.911,0.911,0.911,0.52,0.429,0.461,0.535,0.847,0.107,0.77,0.847,0.504,0.429,0.808,0.471,0.162,0.808,0.77,0.53,0.587,0.136,0.429,0.464,0.53,0.501,0.794,0.808,0.222,0.794,0.794,0.514,0.701,0.805,0.125,0.701,0.701,0.144,0.552,0.496,0.496,0.287,0.585,0.758,0.505,0.567,0.51,0.165,0.479,0.809,0.543,0.758,0.507,0.524,0.367,0.4,0.521,0.6,0.191,0.823,0.6,0.755,0.411,0.805,0.396,0.603,0.346,0.584,0.804,0.372,0.914,0.584,0.634,0.576,0.826,0.959,0.634,0.176,0.634,0.584,0.812,0.76,0.769,0.79,0.97,0.231,0.913,0.895,0.044,0.824,0.054,0.749,0.056,0.956,0.979,0.902,0.966,0.049,0.076,0.224
0.84,0.84,0.779,0.779,0.937,0.417,0.825,0.719,0.397,0.548,0.719,0.845,0.688,0.937,0.845,0.719,0.688,0.937,0.717,0.688,0.933,0.635,0.933,0.811,0.688,0.825,0.811,0.719,0.824,0.548,0.824,0.635,0.409,0.823,0.95,0.823,0.91,0.95,0.409,0.91,0.115,0.823,0.872,0.482,0.823,0.91,0.843,0.872,0.189,0.872,0.461,0.121,0.812,0.437,0.927,0.437,0.456,0.903,0.903,0.903,0.708,0.927,0.456,0.927,0.812,0.708,0.909,0.264,0.909,0.71,0.71,0.71,0.051,0.946,0.423,0.072,0.784,0.259,0.787,0.784,0.066,0.946,0.809,0.09,0.306,0.809,0.787,0.076,0.069,0.142,0.946,0.459,0.062,0.084,0.661,0.809,0.615,0.661,0.661,0.072,0.649,0.596,0.261,0.649,0.649,0.227,0.043,0.933,0.933,0.9,0.065,0.998,0.036,0.995,0.049,0.182,0.096,0.632,0.028,0.998,0.041,0.028,0.093,0.034,0.055,0.954,0.24,0.285,0.954,0.183,0.028,0.73,0.029,0.089,0.2,0.77,0.272,0.92,0.326,0.77,0.825,0.186,0.127,0.183,0.825,0.15,0.825,0.77,0.119,0.679,0.183,0.67,0.433,0.185,0.392,0.123,0.535,0.674,0.585,0.151,0.526,0.398,0.417,0.379,0.406,0.509,0.487,0.519
0.692,0.692,0.836,0.836,0.181,0.688,0.775,0.48,0.714,0.444,0.48,0.608,0.641,0.181,0.608,0.48,0.641,0.181,0.253,0.641,0.431,0.364,0.431,0.523,0.641,0.775,0.523,0.48,0.492,0.444,0.492,0.364,0.735,0.284,0.344,0.284,0.245,0.344,0.735,0.245,0.516,0.284,0.26,0.446,0.284,0.245,0.264,0.26,0.701,0.26,0.671,0.515,0.384,0.801,0.225,0.801,0.806,0.25,0.25,0.25,0.312,0.225,0.806,0.225,0.384,0.312,0.292,0.611,0.292,0.35,0.35,0.35,0.688,0.248,0.328,0.579,0.579,0.521,0.546,0.579,0.758,0.248,0.497,0.686,0.551,0.497,0.546,0.584,0.754,0.477,0.248,0.409,0.582,0.659,0.513,0.497,0.107,0.513,0.513,0.586,0.474,0.298,0.659,0.474,0.474,0.392,0.492,0.438,0.438,0.605,0.432,0.414,0.568,0.463,0.566,0.591,0.515,0.305,0.454,0.414,0.429,0.451,0.494,0.65,0.692,0.336,0.378,0.292,0.336,0.492,0.473,0.27,0.476,0.392,0.655,0.48,0.264,0.59,0.344,0.48,0.524,0.529,0.298,0.239,0.524,0.36,0.524,0.48,0.273,0.515,0.242,0.514,0.471,0.455,0.419,0.345,0.427,0.499,0.479,0.262,0.508,0.498,0.393,0.413,0.382,0.638,0.699,0.497
0.848,0.848,0.755,0.755,0.084,0.939,0.672,0.907,0.91,0.874,0.907,0.711,0.826,0.084,0.711,0.907,0.826,0.084,0.227,0.826,0.728,0.88,0.728,0.812,0.826,0.672,0.812,0.907,0.886,0.874,0.886,0.88,0.667,0.808,0.491,0.808,0.074,0.491,0.667,0.074,0.962,0.808,0.122,0.509,0.808,0.074,0.216,0.122,0.838,0.122,0.912,0.968,0.026,0.684,0.043,0.684,0.684,0.075,0.075,0.075,0.839,0.043,0.684,0.043,0.026,0.839,0.758,0.788,0.758,0.018,0.018,0.018,0.982,0.174,0.429,0.779,0.019,0.934,0.021,0.019,0.763,0.174,0.057,0.788,0.768,0.057,0.021,0.787,0.784,0.947,0.174,0.415,0.777,0.787,0.007,0.057,0.274,0.007,0.007,0.771,0.008,0.022,0.949,0.008,0.008,0.937,0.687,0.206,0.206,0.23,0.557,0.29,0.619,0.302,0.745,0.938,0.985,0.024,0.694,0.29,0.695,0.723,0.984,0.596,0.85,0.164,0.921,0.669,0.164,0.428,0.711,0.024,0.735,0.64,0.949,0.03,0.893,0.188,0.533,0.03,0.018,0.991,0.565,0.595,0.018,0.952,0.018,0.03,0.596,0.539,0.599,0.64,0.408,0.946,0.514,0.582,0.554,0.645,0.598,0.582,0.573,0.464,0.497,0.686,0.672,0.411,0.652,0.649
0.825,0.825,0.825,0.825,0.74,0.09,0.695,0.586,0.084,0.474,0.586,0.696,0.588,0.74,0.696,0.586,0.588,0.74,0.836,0.588,0.82,0.571,0.82,0.629,0.588,0.695,0.629,0.586,0.695,0.474,0.695,0.571,0.282,0.441,0.758,0.441,0.826,0.758,0.282,0.826,0.39,0.441,0.772,0.276,0.441,0.826,0.805,0.772,0.491,0.772,0.072,0.431,0.6,0.447,0.74,0.447,0.442,0.674,0.674,0.674,0.519,0.74,0.442,0.74,0.6,0.519,0.72,0.548,0.72,0.477,0.477,0.477,0.362,0.825,0.298,0.23,0.596,0.265,0.653,0.596,0.25,0.825,0.574,0.295,0.565,0.574,0.653,0.266,0.262,0.396,0.825,0.279,0.274,0.247,0.452,0.574,0.859,0.452,0.452,0.273,0.57,0.602,0.252,0.57,0.57,0.258,0.158,0.025,0.025,0.02,0.007,0.011,0.05,0.01,0.22,0.396,0.436,0.529,0.064,0.011,0.162,0.064,0.388,0.042,0.235,0.019,0.34,0.608,0.019,0.005,0.067,0.534,0.066,0.007,0.395,0.519,0.692,0.017,0.571,0.519,0.576,0.382,0.023,0.646,0.576,0.492,0.576,0.519,0.022,0.611,0.685,0.616,0.738,0.493,0.609,0.018,0.924,0.628,0.958,0.691,0.951,0.663,0.669,0.699,0.736,0.587,0.582,0.551
0.534,0.534,0.357,0.357,0.84,0.244,0.703,0.892,0.231,0.945,0.892,0.708,0.797,0.84,0.708,0.892,0.797,0.84,0.744,0.797,0.6,0.947,0.6,0.859,0.797,0.703,0.859,0.892,0.885,0.945,0.885,0.947,0.864,0.918,0.772,0.918,0.872,0.772,0.864,0.872,0.424,0.918,0.852,0.374,0.918,0.872,0.719,0.852,0.463,0.852,0.381,0.46,0.795,0.898,0.836,0.898,0.895,0.813,0.813,0.813,0.926,0.836,0.895,0.836,0.795,0.926,0.908,0.408,0.908,0.629,0.629,0.629,0.253,0.867,0.424,0.145,0.714,0.23,0.756,0.714,0.247,0.867,0.72,0.174,0.333,0.72,0.756,0.132,0.235,0.398,0.867,0.38,0.162,0.192,0.625,0.72,0.927,0.625,0.625,0.15,0.647,0.826,0.213,0.647,0.647,0.254,0.124,0.923,0.923,0.824,0.743,0.808,0.16,0.714,0.153,0.409,0.399,0.858,0.155,0.808,0.128,0.158,0.396,0.106,0.274,0.938,0.477,0.568,0.938,0.464,0.145,0.827,0.146,0.683,0.513,0.678,0.532,0.807,0.715,0.678,0.673,0.746,0.671,0.379,0.673,0.178,0.673,0.678,0.666,0.508,0.329,0.519,0.459,0.19,0.41,0.715,0.63,0.502,0.639,0.33,0.631,0.527,0.34,0.406,0.325,0.919,0.922,0.503
0.371,0.371,0.386,0.386,0.085,0.236,0.521,0.432,0.248,0.369,0.432,0.504,0.419,0.085,0.504,0.432,0.419,0.085,0.193,0.419,0.654,0.418,0.654,0.405,0.419,0.521,0.405,0.432,0.431,0.369,0.431,0.418,0.236,0.667,0.788,0.667,0.243,0.788,0.236,0.243,0.944,0.667,0.34,0.539,0.667,0.243,0.225,0.34,0.949,0.34,0.208,0.759,0.238,0.223,0.141,0.223,0.23,0.183,0.183,0.183,0.434,0.141,0.23,0.141,0.238,0.434,0.591,0.955,0.591,0.219,0.219,0.219,0.97,0.161,0.651,0.667,0.328,0.976,0.322,0.328,0.832,0.161,0.19,0.82,0.949,0.19,0.322,0.681,0.783,0.695,0.161,0.64,0.632,0.784,0.185,0.19,0.173,0.185,0.185,0.653,0.172,0.212,0.967,0.172,0.172,0.96,0.714,0.551,0.551,0.652,0.032,0.473,0.182,0.34,0.829,0.687,0.31,0.21,0.185,0.473,0.679,0.191,0.41,0.282,0.924,0.483,0.757,0.387,0.483,0.1,0.203,0.179,0.2,0.046,0.627,0.347,0.385,0.587,0.21,0.347,0.291,0.654,0.17,0.192,0.291,0.587,0.291,0.347,0.161,0.53,0.22,0.408,0.377,0.565,0.58,0.244,0.514,0.387,0.614,0.192,0.652,0.385,0.541,0.565,0.569,0.67,0.7,0.457
0.153,0.153,0.152,0.152,0.094,0.659,0.234,0.183,0.704,0.123,0.183,0.252,0.146,0.094,0.252,0.183,0.146,0.094,0.406,0.146,0.226,0.133,0.226,0.213,0.146,0.234,0.213,0.183,0.255,0.123,0.255,0.133,0.153,0.224,0.361,0.224,0.054,0.361,0.153,0.054,0.616,0.224,0.069,0.867,0.224,0.054,0.491,0.069,0.816,0.069,0.72,0.818,0.141,0.191,0.083,0.191,0.194,0.093,0.093,0.093,0.202,0.083,0.194,0.083,0.141,0.202,0.286,0.713,0.286,0.722,0.722,0.722,0.839,0.062,0.846,0.818,0.322,0.587,0.254,0.322,0.812,0.062,0.064,0.797,0.722,0.064,0.254,0.826,0.778,0.488,0.062,0.852,0.79,0.833,0.753,0.064,0.555,0.753,0.753,0.808,0.741,0.109,0.545,0.741,0.741,0.763,0.794,0.236,0.236,0.152,0.452,0.127,0.482,0.113,0.767,0.471,0.256,0.114,0.542,0.127,0.757,0.605,0.279,0.676,0.895,0.279,0.765,0.86,0.279,0.226,0.782,0.126,0.764,0.404,0.693,0.059,0.775,0.157,0.84,0.059,0.054,0.396,0.873,0.765,0.054,0.688,0.054,0.059,0.884,0.492,0.745,0.559,0.959,0.657,0.97,0.826,0.612,0.675,0.629,0.837,0.593,0.982,0.97,0.941,0.91,0.707,0.737,0.84
0.892,0.892,0.906,0.906,0.994,0.69,0.638,0.568,0.585,0.917,0.568,0.637,0.517,0.994,0.637,0.568,0.517,0.994,0.754,0.517,0.779,0.914,0.779,0.56,0.517,0.638,0.56,0.568,0.589,0.917,0.589,0.914,0.786,0.532,0.604,0.532,0.935,0.604,0.786,0.935,0.563,0.532,0.903,0.047,0.532,0.935,0.784,0.903,0.373,0.903,0.629,0.717,0.968,0.836,0.961,0.836,0.838,0.94,0.94,0.94,0.918,0.961,0.838,0.961,0.968,0.918,0.629,0.176,0.629,0.971,0.971,0.971,0.824,0.982,0.063,0.874,0.931,0.338,0.889,0.931,0.853,0.982,0.995,0.827,0.207,0.995,0.889,0.879,0.884,0.395,0.982,0.082,0.835,0.806,0.903,0.995,0.965,0.903,0.903,0.872,0.917,0.944,0.38,0.917,0.917,0.696,0.879,0.55,0.55,0.305,0.478,0.434,0.626,0.231,0.778,0.427,0.133,0.928,0.699,0.434,0.874,0.708,0.109,0.572,0.86,0.539,0.775,0.25,0.539,0.206,0.563,0.988,0.547,0.333,0.84,0.982,0.315,0.34,0.262,0.982,0.977,0.208,0.063,0.081,0.977,0.501,0.977,0.982,0.062,0.09,0.161,0.096,0.222,0.521,0.22,0.056,0.504,0.092,0.548,0.13,0.495,0.227,0.202,0.231,0.201,0.169,0.17,0.211
0.811,0.811,0.777,0.777,0.813,0.097,0.659,0.582,0.153,0.35,0.582,0.67,0.509,0.813,0.67,0.582,0.509,0.813,0.769,0.509,0.661,0.366,0.661,0.485,0.509,0.659,0.485,0.582,0.502,0.35,0.502,0.366,0.739,0.475,0.594,0.475,0.963,0.594,0.739,0.963,0.019,0.475,0.963,0.327,0.475,0.963,0.779,0.963,0.005,0.963,0.175,0.017,0.751,0.845,0.95,0.845,0.843,0.908,0.908,0.908,0.286,0.95,0.843,0.95,0.751,0.286,0.427,0.002,0.427,0.899,0.899,0.899,0.017,0.943,0.374,0.015,0.775,0.01,0.792,0.775,0.022,0.943,0.652,0.02,0.001,0.652,0.792,0.019,0.021,0.014,0.943,0.364,0.017,0.02,0.712,0.652,0.794,0.712,0.712,0.019,0.796,0.801,0.01,0.796,0.796,0.006,0.013,0.995,0.995,0.992,0.551,0.984,0.731,0.977,0.018,0.011,0.04,0.788,0.702,0.984,0.015,0.717,0.057,0.842,0.021,0.997,0.008,0.83,0.997,0.729,0.815,0.83,0.815,0.637,0.012,0.778,0.768,0.996,0.831,0.778,0.806,0.027,0.852,0.907,0.806,0.019,0.806,0.778,0.848,0.805,0.841,0.706,0.825,0.017,0.872,0.73,0.865,0.695,0.925,0.882,0.926,0.829,0.855,0.834,0.823,0.83,0.835,0.687
0.515,0.515,0.555,0.555,0.492,0.364,0.198,0.192,0.386,0.286,0.192,0.197,0.177,0.492,0.197,0.192,0.177,0.492,0.748,0.177,0.354,0.213,0.354,0.443,0.177,0.198,0.443,0.192,0.392,0.286,0.392,0.213,0.73,0.176,0.23,0.176,0.62,0.23,0.73,0.62,0.277,0.176,0.574,0.55,0.176,0.62,0.763,0.574,0.394,0.574,0.457,0.36,0.562,0.782,0.577,0.782,0.752,0.581,0.581,0.581,0.218,0.577,0.752,0.577,0.562,0.218,0.312,0.545,0.312,0.504,0.504,0.504,0.3,0.542,0.656,0.356,0.657,0.39,0.667,0.657,0.461,0.542,0.3,0.402,0.483,0.3,0.667,0.343,0.471,0.426,0.542,0.642,0.355,0.424,0.595,0.3,0.473,0.595,0.595,0.343,0.507,0.719,0.327,0.507,0.507,0.386,0.285,0.175,0.175,0.221,0.242,0.187,0.249,0.189,0.276,0.428,0.621,0.744,0.247,0.187,0.297,0.276,0.596,0.281,0.272,0.13,0.384,0.291,0.13,0.251,0.323,0.724,0.309,0.217,0.411,0.397,0.249,0.169,0.298,0.397,0.426,0.79,0.793,0.283,0.426,0.438,0.426,0.397,0.807,0.189,0.32,0.169,0.14,0.437,0.125,0.747,0.238,0.17,0.202,0.321,0.199,0.135,0.129,0.122,0.116,0.307,0.304,0.306
0.06,0.06,0.058,0.058,0.325,0.23,0.045,0.062,0.233,0.06,0.062,0.054,0.04,0.325,0.054,0.062,0.04,0.325,0.842,0.04,0.04,0.076,0.04,0.046,0.04,0.045,0.046,0.062,0.068,0.06,0.068,0.076,0.024,0.037,0.038,0.037,0.388,0.038,0.024,0.388,0.211,0.037,0.326,0.669,0.037,0.388,0.81,0.326,0.537,0.326,0.253,0.219,0.291,0.077,0.263,0.077,0.084,0.257,0.257,0.257,0.058,0.263,0.084,0.263,0.291,0.058,0.034,0.741,0.034,0.202,0.202,0.202,0.283,0.359,0.731,0.797,0.195,0.851,0.232,0.195,0.255,0.359,0.361,0.281,0.736,0.361,0.232,0.81,0.257,0.901,0.359,0.74,0.787,0.253,0.121,0.361,0.69,0.121,0.121,0.796,0.105,0.189,0.795,0.105,0.105,0.619,0.764,0.358,0.358,0.401,0.519,0.516,0.525,0.525,0.256,0.899,0.407,0.214,0.571,0.516,0.745,0.561,0.307,0.646,0.241,0.365,0.769,0.808,0.365,0.598,0.56,0.314,0.56,0.515,0.425,0.196,0.769,0.421,0.826,0.196,0.233,0.201,0.039,0.701,0.233,0.599,0.233,0.196,0.04,0.546,0.771,0.643,0.366,0.697,0.379,0.047,0.719,0.616,0.335,0.751,0.33,0.399,0.358,0.398,0.371,0.378,0.364,0.589
0.027,0.027,0.034,0.034,0.397,0.204,0.719,0.512,0.215,0.632,0.512,0.485,0.701,0.397,0.485,0.512,0.701,0.397,0.231,0.701,0.017,0.487,0.017,0.64,0.701,0.719,0.64,0.512,0.461,0.632,0.461,0.487,0.842,0.412,0.514,0.412,0.459,0.514,0.842,0.459,0.387,0.412,0.659,0.839,0.412,0.459,0.328,0.659,0.799,0.659,0.236,0.359,0.775,0.817,0.666,0.817,0.832,0.821,0.821,0.821,0.427,0.666,0.832,0.666,0.775,0.427,0.373,0.691,0.373,0.744,0.744,0.744,0.619,0.672,0.982,0.64,0.801,0.519,0.809,0.801,0.743,0.672,0.615,0.677,0.789,0.615,0.809,0.615,0.702,0.638,0.672,0.984,0.609,0.671,0.864,0.615,0.325,0.864,0.864,0.604,0.878,0.79,0.568,0.878,0.878,0.809,0.672,0.836,0.836,0.868,0.48,0.612,0.723,0.646,0.722,0.658,0.724,0.775,0.681,0.612,0.66,0.676,0.769,0.858,0.779,0.812,0.816,0.773,0.812,0.51,0.818,0.635,0.822,0.509,0.785,0.647,0.718,0.823,0.799,0.647,0.689,0.721,0.69,0.689,0.689,0.734,0.689,0.647,0.667,0.535,0.66,0.518,0.678,0.752,0.657,0.638,0.028,0.615,0.028,0.701,0.025,0.684,0.645,0.592,0.585,0.021,0.034,0.059
0.861,0.861,0.852,0.852,0.731,0.012,0.766,0.728,0.013,0.942,0.728,0.773,0.774,0.731,0.773,0.728,0.774,0.731,0.872,0.774,0.902,0.85,0.902,0.73,0.774,0.766,0.73,0.728,0.737,0.942,0.737,0.85,0.806,0.864,0.848,0.864,0.709,0.848,0.806,0.709,0.02,0.864,0.819,0.989,0.864,0.709,0.936,0.819,0.919,0.819,0.014,0.012,0.756,0.828,0.516,0.828,0.841,0.655,0.655,0.655,0.847,0.516,0.841,0.516,0.756,0.847,0.775,0.878,0.775,0.563,0.563,0.563,0.018,0.793,0.915,0.008,0.515,0.831,0.376,0.515,0.011,0.793,0.872,0.01,0.853,0.872,0.376,0.01,0.01,0.893,0.793,0.885,0.007,0.009,0.322,0.872,0.7,0.322,0.322,0.009,0.209,0.352,0.891,0.209,0.209,0.905,0.009,0.953,0.953,0.862,0.97,0.94,0.006,0.87,0.01,0.936,0.954,0.456,0.007,0.94,0.01,0.006,0.937,0.007,0.009,0.905,0.933,0.212,0.905,0.716,0.007,0.603,0.007,0.973,0.734,0.651,0.224,0.756,0.381,0.651,0.518,0.892,0.948,0.364,0.518,0.855,0.518,0.651,0.936,0.304,0.399,0.322,0.453,0.881,0.451,0.855,0.831,0.363,0.817,0.399,0.834,0.468,0.54,0.381,0.426,0.769,0.712,0.796
0.221,0.221,0.196,0.196,0.671,0.957,0.223,0.135,0.964,0.303,0.135,0.244,0.121,0.671,0.244,0.135,0.121,0.671,0.617,0.121,0.216,0.394,0.216,0.113,0.121,0.223,0.113,0.135,0.133,0.303,0.133,0.394,0.2,0.119,0.164,0.119,0.776,0.164,0.2,0.776,0.73,0.119,0.756,0.378,0.119,0.776,0.615,0.756,0.181,0.756,0.852,0.573,0.65,0.174,0.539,0.174,0.173,0.484,0.484,0.484,0.397,0.539,0.173,0.539,0.65,0.397,0.106,0.093,0.106,0.453,0.453,0.453,0.647,0.741,0.142,0.614,0.183,0.32,0.156,0.183,0.762,0.741,0.681,0.701,0.092,0.681,0.156,0.583,0.757,0.391,0.741,0.16,0.513,0.721,0.168,0.681,0.485,0.168,0.168,0.503,0.163,0.252,0.272,0.163,0.163,0.312,0.62,0.342,0.342,0.355,0.446,0.568,0.566,0.561,0.627,0.323,0.557,0.278,0.569,0.568,0.637,0.564,0.619,0.612,0.63,0.369,0.341,0.355,0.369,0.794,0.581,0.705,0.583,0.338,0.443,0.521,0.328,0.393,0.457,0.521,0.51,0.821,0.629,0.563,0.51,0.578,0.51,0.521,0.659,0.325,0.442,0.28,0.576,0.47,0.722,0.644,0.922,0.273,0.793,0.429,0.782,0.623,0.676,0.725,0.656,0.862,0.847,0.912
0.64,0.64,0.774,0.774,0.98,0.401,0.608,0.445,0.401,0.599,0.445,0.508,0.525,0.98,0.508,0.445,0.525,0.98,0.987,0.525,0.619,0.622,0.619,0.506,0.525,0.608,0.506,0.445,0.494,0.599,0.494,0.622,0.949,0.456,0.539,0.456,0.87,0.539,0.949,0.87,0.243,0.456,0.826,0.311,0.456,0.87,0.985,0.826,0.507,0.826,0.505,0.275,0.917,0.947,0.879,0.947,0.958,0.822,0.822,0.822,0.648,0.879,0.958,0.879,0.917,0.648,0.463,0.271,0.463,0.816,0.816,0.816,0.318,0.949,0.239,0.311,0.552,0.469,0.567,0.552,0.481,0.949,0.902,0.385,0.245,0.902,0.567,0.306,0.452,0.55,0.949,0.217,0.336,0.411,0.746,0.902,0.985,0.746,0.746,0.332,0.735,0.643,0.421,0.735,0.735,0.53,0.258,0.473,0.473,0.483,0.174,0.136,0.181,0.14,0.31,0.539,0.093,0.613,0.164,0.136,0.263,0.174,0.098,0.129,0.44,0.367,0.525,0.874,0.367,0.169,0.142,0.803,0.144,0.17,0.477,0.755,0.897,0.371,0.771,0.755,0.791,0.127,0.586,0.993,0.791,0.653,0.791,0.755,0.602,0.964,0.998,0.967,0.868,0.656,0.924,0.528,0.765,0.965,0.783,0.998,0.811,0.903,0.893,0.948,0.938,0.879,0.895,0.82
0.444,0.444,0.417,0.417,0.673,0.217,0.72,0.574,0.198,0.381,0.574,0.748,0.539,0.673,0.748,0.574,0.539,0.673,0.282,0.539,0.744,0.421,0.744,0.546,0.539,0.72,0.546,0.574,0.658,0.381,0.658,0.421,0.318,0.537,0.705,0.537,0.395,0.705,0.318,0.395,0.965,0.537,0.409,0.972,0.537,0.395,0.246,0.409,0.968,0.409,0.301,0.956,0.871,0.379,0.331,0.379,0.385,0.353,0.353,0.353,0.371,0.331,0.385,0.331,0.871,0.371,0.592,0.981,0.592,0.838,0.838,0.838,0.91,0.662,0.957,0.85,0.75,0.294,0.765,0.75,0.915,0.662,0.365,0.892,0.982,0.365,0.765,0.823,0.886,0.467,0.662,0.976,0.839,0.92,0.75,0.365,0.559,0.75,0.75,0.81,0.767,0.469,0.363,0.767,0.767,0.318,0.678,0.401,0.401,0.342,0.719,0.875,0.329,0.767,0.8,0.469,0.803,0.462,0.368,0.875,0.633,0.366,0.878,0.342,0.811,0.428,0.521,0.659,0.428,0.975,0.67,0.509,0.623,0.756,0.692,0.272,0.531,0.389,0.663,0.272,0.241,0.882,0.664,0.883,0.241,0.678,0.241,0.272,0.651,0.836,0.829,0.763,0.833,0.624,0.874,0.636,0.484,0.787,0.676,0.902,0.636,0.84,0.851,0.835,0.799,0.695,0.634,0.802
0.605,0.605,0.652,0.652,0.276,0.985,0.229,0.128,0.975,0.392,0.128,0.186,0.137,0.276,0.186,0.128,0.137,0.276,0.188,0.137,0.267,0.372,0.267,0.076,0.137,0.229,0.076,0.128,0.116,0.392,0.116,0.372,0.291,0.081,0.116,0.081,0.461,0.116,0.291,0.461,0.98,0.081,0.435,0.86,0.081,0.461,0.149,0.435,0.954,0.435,0.936,0.974,0.137,0.246,0.574,0.246,0.235,0.493,0.493,0.493,0.331,0.574,0.235,0.574,0.137,0.331,0.083,0.969,0.083,0.191,0.191,0.191,0.987,0.167,0.832,0.886,0.207,0.986,0.198,0.207,0.974,0.167,0.148,0.93,0.973,0.148,0.198,0.894,0.985,0.984,0.167,0.832,0.928,0.933,0.167,0.148,0.342,0.167,0.167,0.922,0.153,0.332,0.988,0.153,0.153,0.982,0.928,0.437,0.437,0.28,0.165,0.462,0.702,0.383,0.975,0.985,0.65,0.396,0.646,0.462,0.92,0.652,0.591,0.73,0.982,0.658,0.981,0.635,0.658,0.303,0.697,0.17,0.71,0.195,0.912,0.389,0.496,0.464,0.696,0.389,0.43,0.742,0.882,0.448,0.43,0.951,0.43,0.389,0.906,0.279,0.264,0.148,0.865,0.953,0.847,0.859,0.938,0.224,0.957,0.289,0.974,0.844,0.853,0.684,0.741,0.965,0.923,0.961
0.21,0.21,0.252,0.252,0.017,0.62,0.528,0.213,0.583,0.186,0.213,0.422,0.401,0.017,0.422,0.213,0.401,0.017,0.072,0.401,0.153,0.107,0.153,0.293,0.401,0.528,0.293,0.213,0.185,0.186,0.185,0.107,0.945,0.131,0.145,0.131,0.015,0.145,0.945,0.015,0.915,0.131,0.016,0.958,0.131,0.015,0.071,0.016,0.999,0.016,0.512,0.943,0.033,0.939,0.015,0.939,0.936,0.016,0.016,0.016,0.086,0.015,0.936,0.015,0.033,0.086,0.136,1.0,0.136,0.028,0.028,0.028,0.898,0.015,0.964,0.398,0.027,0.136,0.029,0.027,0.816,0.015,0.018,0.599,1.0,0.018,0.029,0.506,0.861,0.168,0.015,0.975,0.465,0.513,0.034,0.018,0.074,0.034,0.034,0.571,0.034,0.017,0.139,0.034,0.034,0.162,0.629,0.033,0.033,0.033,0.143,0.065,0.447,0.063,0.755,0.172,0.583,0.017,0.392,0.065,0.605,0.396,0.588,0.477,0.881,0.031,0.218,0.061,0.031,0.138,0.366,0.02,0.424,0.144,0.295,0.015,0.057,0.034,0.063,0.015,0.014,0.461,0.682,0.048,0.014,0.211,0.014,0.015,0.684,0.021,0.067,0.025,0.15,0.218,0.154,0.596,0.305,0.023,0.336,0.058,0.318,0.129,0.167,0.175,0.165,0.248,0.28,0.291
0.144,0.144,0.114,0.114,0.962,0.005,0.167,0.74,0.004,0.473,0.74,0.243,0.777,0.962,0.243,0.74,0.777,0.962,0.455,0.777,0.183,0.518,0.183,0.597,0.777,0.167,0.597,0.74,0.631,0.473,0.631,0.518,0.341,0.81,0.236,0.81,0.752,0.236,0.341,0.752,0.004,0.81,0.73,0.498,0.81,0.752,0.409,0.73,0.645,0.73,0.007,0.003,0.893,0.333,0.698,0.333,0.317,0.667,0.667,0.667,0.673,0.698,0.317,0.698,0.893,0.673,0.801,0.647,0.801,0.985,0.985,0.985,0.001,0.96,0.518,0.028,0.77,0.915,0.778,0.77,0.012,0.96,0.972,0.016,0.637,0.972,0.778,0.025,0.015,0.904,0.96,0.538,0.029,0.018,0.979,0.972,0.541,0.979,0.979,0.024,0.975,0.871,0.893,0.975,0.975,0.876,0.023,0.882,0.882,0.936,0.91,0.887,0.597,0.976,0.014,0.896,0.754,0.876,0.595,0.887,0.022,0.591,0.651,0.562,0.012,0.958,0.892,0.586,0.958,0.913,0.536,0.975,0.537,0.929,0.829,0.658,0.607,0.974,0.753,0.658,0.632,0.958,0.396,0.396,0.632,0.898,0.632,0.658,0.375,0.317,0.426,0.276,0.258,0.887,0.123,0.387,0.225,0.285,0.145,0.405,0.153,0.242,0.126,0.112,0.113,0.173,0.182,0.342
0.938,0.938,0.925,0.925,0.972,0.604,0.887,0.77,0.598,0.551,0.77,0.811,0.966,0.972,0.811,0.77,0.966,0.972,0.497,0.966,0.915,0.612,0.915,0.916,0.966,0.887,0.916,0.77,0.761,0.551,0.761,0.612,0.494,0.812,0.712,0.812,0.884,0.712,0.494,0.884,0.403,0.812,0.907,0.64,0.812,0.884,0.474,0.907,0.702,0.907,0.529,0.473,0.99,0.409,0.841,0.409,0.412,0.876,0.876,0.876,0.529,0.841,0.412,0.841,0.99,0.529,0.779,0.767,0.779,0.831,0.831,0.831,0.307,0.961,0.603,0.392,0.873,0.733,0.841,0.873,0.321,0.961,0.908,0.393,0.744,0.908,0.841,0.352,0.319,0.775,0.961,0.663,0.411,0.418,0.705,0.908,0.493,0.705,0.705,0.371,0.695,0.839,0.741,0.695,0.695,0.686,0.289,0.262,0.262,0.212,0.22,0.094,0.433,0.087,0.306,0.727,0.662,0.87,0.382,0.094,0.286,0.453,0.673,0.193,0.25,0.202,0.637,0.655,0.202,0.122,0.201,0.991,0.222,0.176,0.527,0.757,0.609,0.154,0.554,0.757,0.705,0.641,0.283,0.587,0.705,0.633,0.705,0.757,0.288,0.881,0.635,0.902,0.093,0.592,0.097,0.293,0.105,0.905,0.138,0.624,0.147,0.132,0.1,0.086,0.099,0.22,0.191,0.201
0.314,0.314,0.278,0.278,0.66,0.065,0.28,0.357,0.065,0.208,0.357,0.229,0.325,0.66,0.229,0.357,0.325,0.66,0.636,0.325,0.309,0.263,0.309,0.415,0.325,0.28,0.415,0.357,0.428,0.208,0.428,0.263,0.546,0.507,0.323,0.507,0.65,0.323,0.546,0.65,0.21,0.507,0.672,0.81,0.507,0.65,0.668,0.672,0.974,0.672,0.067,0.235,0.963,0.574,0.637,0.574,0.622,0.676,0.676,0.676,0.333,0.637,0.622,0.637,0.963,0.333,0.546,0.909,0.546,0.95,0.95,0.95,0.308,0.634,0.785,0.74,0.813,0.781,0.824,0.813,0.576,0.634,0.678,0.824,0.914,0.678,0.824,0.737,0.604,0.446,0.634,0.816,0.723,0.808,0.943,0.678,0.383,0.943,0.943,0.716,0.938,0.5,0.846,0.938,0.938,0.914,0.762,0.485,0.485,0.59,0.744,0.639,0.721,0.619,0.805,0.482,0.69,0.491,0.835,0.639,0.738,0.831,0.723,0.685,0.573,0.418,0.577,0.881,0.418,0.896,0.779,0.565,0.768,0.696,0.578,0.491,0.944,0.53,0.939,0.491,0.494,0.692,0.03,0.84,0.494,0.706,0.494,0.491,0.031,0.702,0.783,0.748,0.17,0.692,0.214,0.029,0.226,0.748,0.385,0.723,0.347,0.166,0.22,0.247,0.198,0.261,0.307,0.233
0.051,0.051,0.052,0.052,0.009,0.349,0.063,0.075,0.354,0.059,0.075,0.078,0.057,0.009,0.078,0.075,0.057,0.009,0.003,0.057,0.053,0.07,0.053,0.064,0.057,0.063,0.064,0.075,0.08,0.059,0.08,0.07,0.09,0.07,0.081,0.07,0.007,0.081,0.09,0.007,0.113,0.07,0.008,0.857,0.07,0.007,0.004,0.008,0.457,0.008,0.34,0.111,0.003,0.102,0.007,0.102,0.102,0.007,0.007,0.007,0.065,0.007,0.102,0.007,0.003,0.065,0.08,0.202,0.08,0.002,0.002,0.002,0.131,0.007,0.647,0.175,0.003,0.119,0.003,0.003,0.126,0.007,0.006,0.115,0.169,0.006,0.003,0.16,0.111,0.183,0.007,0.611,0.178,0.11,0.002,0.006,0.007,0.002,0.002,0.196,0.002,0.005,0.091,0.002,0.002,0.125,0.161,0.014,0.014,0.018,0.034,0.019,0.454,0.02,0.123,0.16,0.138,0.004,0.372,0.019,0.207,0.409,0.111,0.312,0.11,0.016,0.219,0.119,0.016,0.029,0.289,0.003,0.311,0.032,0.24,0.007,0.143,0.018,0.108,0.007,0.007,0.187,0.943,0.031,0.007,0.185,0.007,0.007,0.958,0.014,0.062,0.022,0.252,0.178,0.378,0.963,0.338,0.02,0.558,0.056,0.531,0.393,0.277,0.365,0.298,0.549,0.598,0.472
0.619,0.619,0.599,0.599,0.824,0.801,0.7,0.683,0.783,0.908,0.683,0.722,0.648,0.824,0.722,0.683,0.648,0.824,0.241,0.648,0.564,0.881,0.564,0.751,0.648,0.7,0.751,0.683,0.821,0.908,0.821,0.881,0.86,0.724,0.78,0.724,0.067,0.78,0.86,0.067,0.7,0.724,0.081,0.725,0.724,0.067,0.203,0.081,0.504,0.081,0.714,0.66,0.905,0.891,0.127,0.891,0.896,0.099,0.099,0.099,0.933,0.127,0.896,0.127,0.905,0.933,0.831,0.578,0.831,0.828,0.828,0.828,0.905,0.03,0.718,0.68,0.879,0.829,0.874,0.879,0.831,0.03,0.491,0.675,0.53,0.491,0.874,0.619,0.78,0.766,0.03,0.722,0.655,0.725,0.857,0.491,0.542,0.857,0.857,0.614,0.807,0.634,0.775,0.807,0.807,0.703,0.512,0.174,0.174,0.194,0.43,0.314,0.251,0.351,0.635,0.668,0.874,0.639,0.243,0.314,0.509,0.25,0.933,0.249,0.726,0.238,0.662,0.134,0.238,0.669,0.303,0.528,0.28,0.526,0.717,0.486,0.112,0.256,0.139,0.486,0.539,0.726,0.669,0.108,0.539,0.852,0.539,0.486,0.658,0.816,0.107,0.835,0.312,0.785,0.239,0.653,0.317,0.797,0.183,0.102,0.211,0.314,0.239,0.215,0.217,0.196,0.18,0.335
0.019,0.019,0.015,0.015,0.763,0.282,0.106,0.105,0.288,0.087,0.105,0.12,0.119,0.763,0.12,0.105,0.119,0.763,0.546,0.119,0.023,0.094,0.023,0.084,0.119,0.106,0.084,0.105,0.103,0.087,0.103,0.094,0.256,0.093,0.11,0.093,0.851,0.11,0.256,0.851,0.055,0.093,0.738,0.071,0.093,0.851,0.579,0.738,0.102,0.738,0.24,0.057,0.535,0.226,0.816,0.226,0.234,0.692,0.692,0.692,0.076,0.816,0.234,0.816,0.535,0.076,0.086,0.133,0.086,0.544,0.544,0.544,0.082,0.848,0.062,0.091,0.384,0.059,0.408,0.384,0.11,0.848,0.763,0.097,0.196,0.763,0.408,0.083,0.073,0.062,0.848,0.048,0.089,0.107,0.29,0.763,0.713,0.29,0.29,0.081,0.307,0.449,0.099,0.307,0.307,0.057,0.103,0.888,0.888,0.944,0.896,0.64,0.099,0.665,0.151,0.082,0.002,0.41,0.085,0.64,0.097,0.086,0.002,0.105,0.135,0.783,0.064,0.231,0.783,0.796,0.113,0.566,0.111,0.898,0.081,0.577,0.194,0.916,0.332,0.577,0.551,0.012,0.448,0.482,0.551,0.067,0.551,0.577,0.451,0.343,0.383,0.33,0.242,0.117,0.24,0.422,0.212,0.338,0.292,0.389,0.287,0.208,0.279,0.226,0.253,0.143,0.143,0.158
0.389,0.389,0.424,0.424,0.225,0.495,0.416,0.596,0.502,0.501,0.596,0.546,0.493,0.225,0.546,0.596,0.493,0.225,0.206,0.493,0.508,0.788,0.508,0.471,0.493,0.416,0.471,0.596,0.622,0.501,0.622,0.788,0.12,0.601,0.495,0.601,0.189,0.495,0.12,0.189,0.666,0.601,0.211,0.537,0.601,0.189,0.194,0.211,0.792,0.211,0.377,0.664,0.046,0.162,0.274,0.162,0.167,0.348,0.348,0.348,0.539,0.274,0.167,0.274,0.046,0.539,0.565,0.714,0.565,0.616,0.616,0.616,0.72,0.155,0.529,0.771,0.056,0.953,0.058,0.056,0.637,0.155,0.161,0.591,0.711,0.161,0.058,0.738,0.676,0.961,0.155,0.52,0.767,0.612,0.492,0.161,0.178,0.492,0.492,0.742,0.481,0.445,0.94,0.481,0.481,0.962,0.708,0.354,0.354,0.487,0.488,0.528,0.479,0.404,0.491,0.974,0.882,0.464,0.507,0.528,0.71,0.497,0.871,0.444,0.671,0.284,0.938,0.542,0.284,0.334,0.534,0.564,0.538,0.493,0.932,0.169,0.562,0.391,0.629,0.169,0.153,0.864,0.171,0.698,0.153,0.967,0.153,0.169,0.208,0.247,0.463,0.265,0.585,0.962,0.455,0.155,0.615,0.266,0.635,0.43,0.601,0.511,0.553,0.35,0.462,0.687,0.651,0.566
0.246,0.246,0.149,0.149,0.008,0.539,0.11,0.144,0.546,0.071,0.144,0.117,0.149,0.008,0.117,0.144,0.149,0.008,0.015,0.149,0.287,0.084,0.287,0.162,0.149,0.11,0.162,0.144,0.15,0.071,0.15,0.084,0.447,0.161,0.131,0.161,0.006,0.131,0.447,0.006,0.768,0.161,0.006,0.145,0.161,0.006,0.017,0.006,0.749,0.006,0.498,0.837,0.01,0.383,0.006,0.383,0.43,0.006,0.006,0.006,0.072,0.006,0.43,0.006,0.01,0.072,0.162,0.679,0.162,0.012,0.012,0.012,0.958,0.006,0.258,0.823,0.009,0.721,0.008,0.009,0.89,0.006,0.007,0.909,0.725,0.007,0.008,0.834,0.892,0.537,0.006,0.248,0.817,0.907,0.008,0.007,0.024,0.008,0.008,0.825,0.011,0.008,0.752,0.011,0.011,0.683,0.885,0.012,0.012,0.017,0.049,0.024,0.654,0.025,0.903,0.526,0.501,0.008,0.712,0.024,0.817,0.704,0.428,0.775,0.887,0.014,0.375,0.053,0.014,0.044,0.703,0.008,0.781,0.049,0.498,0.006,0.05,0.019,0.124,0.006,0.006,0.394,0.466,0.044,0.006,0.516,0.006,0.006,0.442,0.033,0.025,0.013,0.086,0.588,0.071,0.434,0.132,0.012,0.096,0.033,0.11,0.085,0.075,0.09,0.09,0.107,0.142,0.149
0.365,0.365,0.42,0.42,0.599,0.512,0.443,0.365,0.557,0.217,0.365,0.448,0.34,0.599,0.448,0.365,0.34,0.599,0.106,0.34,0.591,0.203,0.591,0.327,0.34,0.443,0.327,0.365,0.358,0.217,0.358,0.203,0.139,0.47,0.553,0.47,0.288,0.553,0.139,0.288,0.649,0.47,0.323,0.945,0.47,0.288,0.098,0.323,0.275,0.323,0.445,0.612,0.299,0.083,0.444,0.083,0.081,0.483,0.483,0.483,0.322,0.444,0.081,0.444,0.299,0.322,0.429,0.214,0.429,0.546,0.546,0.546,0.609,0.608,0.944,0.528,0.493,0.413,0.511,0.493,0.473,0.608,0.611,0.465,0.2,0.611,0.511,0.532,0.357,0.281,0.608,0.956,0.573,0.459,0.79,0.611,0.186,0.79,0.79,0.565,0.791,0.575,0.398,0.791,0.791,0.536,0.61,0.332,0.332,0.327,0.056,0.138,0.333,0.143,0.555,0.331,0.476,0.588,0.315,0.138,0.65,0.312,0.458,0.418,0.6,0.297,0.626,0.75,0.297,0.164,0.428,0.594,0.415,0.056,0.8,0.639,0.917,0.278,0.844,0.639,0.57,0.827,0.178,0.931,0.57,0.335,0.57,0.639,0.173,0.839,0.906,0.855,0.931,0.395,0.873,0.283,0.995,0.83,0.992,0.915,0.992,0.929,0.911,0.959,0.971,0.778,0.758,0.738
0.43,0.43,0.393,0.393,0.193,0.594,0.209,0.578,0.589,0.616,0.578,0.276,0.455,0.193,0.276,0.578,0.455,0.193,0.428,0.455,0.364,0.745,0.364,0.386,0.455,0.209,0.386,0.578,0.516,0.616,0.516,0.745,0.852,0.424,0.226,0.424,0.634,0.226,0.852,0.634,0.123,0.424,0.477,0.75,0.424,0.634,0.393,0.477,0.82,0.477,0.519,0.085,0.66,0.851,0.69,0.851,0.825,0.556,0.556,0.556,0.675,0.69,0.825,0.69,0.66,0.675,0.365,0.246,0.365,0.72,0.72,0.72,0.116,0.349,0.128,0.342,0.952,0.443,0.943,0.952,0.204,0.349,0.514,0.146,0.252,0.514,0.943,0.338,0.181,0.214,0.349,0.134,0.378,0.193,0.957,0.514,0.42,0.957,0.957,0.386,0.965,0.741,0.456,0.965,0.965,0.927,0.315,0.541,0.541,0.432,0.89,0.494,0.139,0.418,0.143,0.254,0.007,0.731,0.163,0.494,0.321,0.159,0.019,0.166,0.142,0.488,0.855,0.475,0.488,0.845,0.177,0.604,0.168,0.801,0.874,0.627,0.455,0.356,0.415,0.627,0.633,0.168,0.109,0.263,0.633,0.259,0.633,0.627,0.109,0.195,0.297,0.245,0.123,0.322,0.07,0.069,0.173,0.269,0.127,0.325,0.125,0.117,0.074,0.076,0.077,0.071,0.091,0.239
0.933,0.933,0.785,0.785,0.857,0.241,0.767,0.649,0.244,0.594,0.649,0.803,0.605,0.857,0.803,0.649,0.605,0.857,0.47,0.605,0.951,0.676,0.951,0.718,0.605,0.767,0.718,0.649,0.798,0.594,0.798,0.676,0.691,0.685,0.834,0.685,0.616,0.834,0.691,0.616,0.212,0.685,0.629,0.583,0.685,0.616,0.484,0.629,0.871,0.629,0.265,0.267,0.821,0.665,0.665,0.665,0.671,0.659,0.659,0.659,0.635,0.665,0.671,0.665,0.821,0.635,0.746,0.81,0.746,0.902,0.902,0.902,0.138,0.878,0.64,0.099,0.824,0.307,0.836,0.824,0.191,0.878,0.841,0.216,0.805,0.841,0.836,0.121,0.248,0.448,0.878,0.593,0.105,0.187,0.831,0.841,0.661,0.831,0.831,0.123,0.861,0.816,0.312,0.861,0.861,0.271,0.094,0.88,0.88,0.898,0.734,0.851,0.053,0.871,0.111,0.476,0.301,0.824,0.044,0.851,0.082,0.047,0.312,0.069,0.13,0.824,0.331,0.576,0.824,0.776,0.063,0.834,0.071,0.729,0.303,0.866,0.499,0.892,0.504,0.866,0.786,0.248,0.895,0.377,0.786,0.433,0.786,0.866,0.919,0.658,0.415,0.676,0.779,0.563,0.789,0.97,0.69,0.691,0.4,0.424,0.385,0.78,0.777,0.813,0.775,0.45,0.321,0.642
0.16,0.16,0.18,0.18,0.643,0.47,0.308,0.194,0.411,0.149,0.194,0.284,0.228,0.643,0.284,0.194,0.228,0.643,0.954,0.228,0.229,0.162,0.229,0.221,0.228,0.308,0.221,0.194,0.184,0.149,0.184,0.162,0.195,0.19,0.309,0.19,0.756,0.309,0.195,0.756,0.48,0.19,0.924,0.017,0.19,0.756,0.992,0.924,0.033,0.924,0.458,0.502,0.643,0.305,0.676,0.305,0.302,0.886,0.886,0.886,0.171,0.676,0.302,0.676,0.643,0.171,0.203,0.026,0.203,0.553,0.553,0.553,0.251,0.734,0.037,0.227,0.885,0.062,0.834,0.885,0.3,0.734,0.441,0.239,0.031,0.441,0.834,0.217,0.28,0.092,0.734,0.041,0.223,0.273,0.749,0.441,0.909,0.749,0.749,0.215,0.732,0.907,0.064,0.732,0.732,0.077,0.165,0.963,0.963,0.981,0.965,0.574,0.087,0.58,0.239,0.093,0.454,0.923,0.09,0.574,0.15,0.088,0.464,0.089,0.225,0.893,0.094,0.473,0.893,0.748,0.118,0.761,0.129,0.941,0.183,0.676,0.427,0.935,0.322,0.676,0.558,0.33,0.275,0.606,0.558,0.179,0.558,0.676,0.261,0.598,0.819,0.537,0.437,0.176,0.676,0.294,0.247,0.529,0.29,0.783,0.298,0.526,0.679,0.588,0.579,0.386,0.356,0.334
0.824,0.824,0.794,0.794,0.137,0.593,0.868,0.847,0.592,0.848,0.847,0.883,0.716,0.137,0.883,0.847,0.716,0.137,0.181,0.716,0.803,0.898,0.803,0.692,0.716,0.868,0.692,0.847,0.727,0.848,0.727,0.898,0.963,0.72,0.902,0.72,0.088,0.902,0.963,0.088,0.903,0.72,0.043,0.748,0.72,0.088,0.117,0.043,0.571,0.043,0.616,0.926,0.243,0.969,0.176,0.969,0.97,0.097,0.097,0.097,0.815,0.176,0.97,0.176,0.243,0.815,0.724,0.572,0.724,0.352,0.352,0.352,0.841,0.154,0.655,0.513,0.334,0.724,0.344,0.334,0.757,0.154,0.172,0.692,0.583,0.172,0.344,0.518,0.75,0.729,0.154,0.682,0.522,0.727,0.238,0.172,0.371,0.238,0.238,0.522,0.256,0.303,0.719,0.256,0.256,0.717,0.494,0.181,0.181,0.197,0.642,0.431,0.529,0.398,0.681,0.707,0.841,0.258,0.532,0.431,0.512,0.534,0.849,0.408,0.646,0.221,0.733,0.099,0.221,0.74,0.382,0.231,0.394,0.616,0.695,0.195,0.094,0.251,0.08,0.195,0.197,0.807,0.29,0.119,0.197,0.638,0.197,0.195,0.322,0.26,0.117,0.332,0.171,0.63,0.089,0.37,0.261,0.339,0.31,0.113,0.309,0.109,0.201,0.097,0.2,0.265,0.295,0.207
0.792,0.792,0.745,0.745,0.528,0.533,0.86,0.886,0.572,0.555,0.886,0.929,0.818,0.528,0.929,0.886,0.818,0.528,0.706,0.818,0.795,0.593,0.795,0.795,0.818,0.86,0.795,0.886,0.869,0.555,0.869,0.593,0.506,0.832,0.886,0.832,0.795,0.886,0.506,0.795,0.89,0.832,0.874,0.778,0.832,0.795,0.74,0.874,0.548,0.874,0.463,0.898,0.538,0.556,0.871,0.556,0.55,0.864,0.864,0.864,0.582,0.871,0.55,0.871,0.538,0.582,0.824,0.638,0.824,0.38,0.38,0.38,0.74,0.36,0.896,0.954,0.606,0.812,0.556,0.606,0.95,0.36,0.698,0.916,0.689,0.698,0.556,0.954,0.951,0.697,0.36,0.927,0.946,0.91,0.349,0.698,0.23,0.349,0.349,0.951,0.586,0.584,0.805,0.586,0.586,0.628,0.955,0.911,0.911,0.885,0.256,0.6,0.994,0.439,0.935,0.676,0.743,0.614,0.992,0.6,0.951,0.993,0.79,0.942,0.932,0.907,0.482,0.625,0.907,0.173,0.934,0.548,0.931,0.147,0.449,0.793,0.6,0.898,0.644,0.793,0.768,0.661,0.631,0.903,0.768,0.661,0.768,0.793,0.633,0.798,0.913,0.819,0.808,0.627,0.841,0.611,0.78,0.813,0.827,0.922,0.823,0.832,0.809,0.807,0.79,0.47,0.484,0.405
0.566,0.566,0.633,0.633,0.441,0.334,0.577,0.245,0.227,0.211,0.245,0.473,0.434,0.441,0.473,0.245,0.434,0.441,0.145,0.434,0.325,0.132,0.325,0.323,0.434,0.577,0.323,0.245,0.167,0.211,0.167,0.132,0.655,0.283,0.347,0.283,0.174,0.347,0.655,0.174,0.365,0.283,0.127,0.043,0.283,0.174,0.064,0.127,0.209,0.127,0.413,0.355,0.472,0.716,0.304,0.716,0.708,0.223,0.223,0.223,0.152,0.304,0.708,0.304,0.472,0.152,0.184,0.268,0.184,0.269,0.269,0.269,0.208,0.925,0.06,0.27,0.815,0.653,0.769,0.815,0.412,0.925,0.839,0.41,0.257,0.839,0.769,0.276,0.425,0.743,0.925,0.056,0.255,0.39,0.547,0.839,0.702,0.547,0.547,0.264,0.524,0.717,0.642,0.524,0.524,0.664,0.222,0.459,0.459,0.485,0.705,0.502,0.78,0.533,0.314,0.739,0.495,0.771,0.817,0.502,0.221,0.806,0.54,0.925,0.373,0.406,0.654,0.013,0.406,0.754,0.919,0.657,0.914,0.693,0.465,0.687,0.015,0.512,0.013,0.687,0.727,0.305,0.27,0.084,0.727,0.65,0.727,0.687,0.292,0.065,0.061,0.048,0.038,0.573,0.046,0.263,0.193,0.043,0.273,0.059,0.283,0.041,0.044,0.044,0.044,0.07,0.067,0.06
0.272,0.272,0.329,0.329,0.164,0.893,0.741,0.602,0.896,0.736,0.602,0.808,0.653,0.164,0.808,0.602,0.653,0.164,0.126,0.653,0.473,0.738,0.473,0.797,0.653,0.741,0.797,0.602,0.794,0.736,0.794,0.738,0.389,0.762,0.752,0.762,0.144,0.752,0.389,0.144,0.943,0.762,0.139,0.398,0.762,0.144,0.103,0.139,0.698,0.139,0.909,0.954,0.217,0.335,0.149,0.335,0.331,0.136,0.136,0.136,0.722,0.149,0.331,0.149,0.217,0.722,0.839,0.845,0.839,0.091,0.091,0.091,0.922,0.187,0.463,0.895,0.08,0.932,0.061,0.08,0.958,0.187,0.293,0.872,0.849,0.293,0.061,0.885,0.959,0.503,0.187,0.472,0.931,0.884,0.075,0.293,0.214,0.075,0.075,0.923,0.056,0.069,0.934,0.056,0.056,0.87,0.882,0.27,0.27,0.294,0.832,0.355,0.76,0.365,0.896,0.511,0.55,0.105,0.74,0.355,0.903,0.741,0.536,0.77,0.95,0.299,0.674,0.835,0.299,0.6,0.736,0.147,0.741,0.802,0.331,0.084,0.938,0.332,0.642,0.084,0.071,0.466,0.805,0.625,0.071,0.373,0.071,0.084,0.789,0.468,0.704,0.483,0.751,0.382,0.857,0.788,0.205,0.497,0.338,0.698,0.299,0.658,0.878,0.929,0.955,0.392,0.508,0.304
0.297,0.297,0.28,0.28,0.684,0.774,0.178,0.153,0.774,0.232,0.153,0.193,0.144,0.684,0.193,0.153,0.144,0.684,0.799,0.144,0.28,0.27,0.28,0.156,0.144,0.178,0.156,0.153,0.162,0.232,0.162,0.27,0.182,0.16,0.202,0.16,0.398,0.202,0.182,0.398,0.751,0.16,0.51,0.425,0.16,0.398,0.736,0.51,0.223,0.51,0.724,0.725,0.785,0.159,0.403,0.159,0.153,0.561,0.561,0.561,0.308,0.403,0.153,0.403,0.785,0.308,0.175,0.324,0.175,0.701,0.701,0.701,0.661,0.66,0.653,0.479,0.3,0.398,0.319,0.3,0.549,0.66,0.737,0.517,0.315,0.737,0.319,0.467,0.537,0.504,0.66,0.66,0.37,0.523,0.282,0.737,0.689,0.282,0.282,0.37,0.216,0.186,0.373,0.216,0.216,0.199,0.43,0.187,0.187,0.166,0.185,0.062,0.22,0.095,0.517,0.527,0.566,0.227,0.172,0.062,0.422,0.169,0.554,0.161,0.61,0.129,0.198,0.324,0.129,0.096,0.139,0.574,0.132,0.264,0.166,0.367,0.307,0.094,0.324,0.367,0.377,0.269,0.393,0.182,0.377,0.485,0.377,0.367,0.438,0.377,0.165,0.375,0.628,0.536,0.811,0.505,0.632,0.377,0.822,0.15,0.793,0.701,0.779,0.79,0.795,0.797,0.833,0.733
0.148,0.148,0.125,0.125,0.672,0.969,0.111,0.101,0.97,0.076,0.101,0.116,0.09,0.672,0.116,0.101,0.09,0.672,0.176,0.09,0.219,0.079,0.219,0.103,0.09,0.111,0.103,0.101,0.112,0.076,0.112,0.079,0.074,0.226,0.328,0.226,0.368,0.328,0.074,0.368,0.799,0.226,0.358,0.633,0.226,0.368,0.166,0.358,0.044,0.358,0.919,0.781,0.503,0.069,0.803,0.069,0.067,0.816,0.816,0.816,0.154,0.803,0.067,0.803,0.503,0.154,0.275,0.009,0.275,0.291,0.291,0.291,0.789,0.275,0.553,0.801,0.594,0.044,0.55,0.594,0.748,0.275,0.423,0.804,0.008,0.423,0.55,0.794,0.718,0.093,0.275,0.554,0.758,0.815,0.462,0.423,0.141,0.462,0.462,0.761,0.495,0.559,0.048,0.495,0.495,0.148,0.865,0.424,0.424,0.458,0.767,0.439,0.681,0.443,0.892,0.127,0.379,0.634,0.632,0.439,0.87,0.615,0.359,0.543,0.804,0.468,0.22,0.566,0.468,0.828,0.522,0.498,0.517,0.804,0.353,0.547,0.519,0.477,0.62,0.547,0.523,0.515,0.317,0.43,0.523,0.137,0.523,0.547,0.313,0.715,0.39,0.77,0.708,0.171,0.711,0.282,0.39,0.774,0.648,0.427,0.635,0.68,0.722,0.672,0.68,0.569,0.574,0.8
0.333,0.333,0.373,0.373,0.616,0.461,0.125,0.255,0.462,0.757,0.255,0.121,0.254,0.616,0.121,0.255,0.254,0.616,0.456,0.254,0.199,0.652,0.199,0.247,0.254,0.125,0.247,0.255,0.26,0.757,0.26,0.652,0.907,0.385,0.206,0.385,0.575,0.206,0.907,0.575,0.725,0.385,0.484,0.529,0.385,0.575,0.404,0.484,0.697,0.484,0.53,0.722,0.505,0.833,0.839,0.833,0.836,0.76,0.76,0.76,0.669,0.839,0.836,0.839,0.505,0.669,0.363,0.622,0.363,0.543,0.543,0.543,0.569,0.596,0.549,0.697,0.651,0.459,0.612,0.651,0.854,0.596,0.604,0.78,0.623,0.604,0.612,0.719,0.858,0.519,0.596,0.535,0.684,0.749,0.575,0.604,0.579,0.575,0.575,0.705,0.576,0.502,0.444,0.576,0.576,0.641,0.626,0.219,0.219,0.24,0.273,0.603,0.375,0.588,0.751,0.517,0.603,0.52,0.333,0.603,0.623,0.313,0.568,0.48,0.798,0.26,0.695,0.663,0.26,0.273,0.497,0.424,0.514,0.301,0.621,0.81,0.843,0.296,0.529,0.81,0.812,0.769,0.255,0.632,0.812,0.735,0.812,0.81,0.239,0.485,0.646,0.656,0.314,0.61,0.335,0.213,0.381,0.579,0.456,0.566,0.462,0.351,0.286,0.371,0.364,0.504,0.524,0.698
0.481,0.481,0.628,0.628,0.377,0.055,0.436,0.214,0.056,0.173,0.214,0.313,0.323,0.377,0.313,0.214,0.323,0.377,0.724,0.323,0.259,0.114,0.259,0.295,0.323,0.436,0.295,0.214,0.168,0.173,0.168,0.114,0.336,0.121,0.139,0.121,0.284,0.139,0.336,0.284,0.098,0.121,0.28,0.077,0.121,0.284,0.655,0.28,0.257,0.28,0.049,0.135,0.264,0.666,0.208,0.666,0.645,0.213,0.213,0.213,0.09,0.208,0.645,0.208,0.264,0.09,0.114,0.254,0.114,0.407,0.407,0.407,0.122,0.3,0.064,0.048,0.253,0.562,0.288,0.253,0.131,0.3,0.198,0.058,0.225,0.198,0.288,0.048,0.135,0.663,0.3,0.062,0.05,0.056,0.355,0.198,0.656,0.355,0.355,0.05,0.354,0.134,0.494,0.354,0.354,0.533,0.049,0.404,0.404,0.417,0.697,0.755,0.019,0.787,0.065,0.598,0.721,0.144,0.021,0.755,0.044,0.02,0.654,0.04,0.075,0.341,0.663,0.295,0.341,0.71,0.036,0.188,0.037,0.751,0.798,0.216,0.252,0.38,0.31,0.216,0.184,0.805,0.294,0.281,0.184,0.628,0.184,0.216,0.297,0.153,0.241,0.184,0.363,0.574,0.423,0.321,0.341,0.162,0.46,0.246,0.465,0.396,0.395,0.415,0.384,0.327,0.298,0.218
0.858,0.858,0.881,0.881,0.91,0.304,0.773,0.742,0.327,0.754,0.742,0.762,0.77,0.91,0.762,0.742,0.77,0.91,0.807,0.77,0.953,0.776,0.953,0.799,0.77,0.773,0.799,0.742,0.764,0.754,0.764,0.776,0.733,0.866,0.889,0.866,0.831,0.889,0.733,0.831,0.714,0.866,0.831,0.232,0.866,0.831,0.754,0.831,0.217,0.831,0.39,0.806,0.792,0.696,0.854,0.696,0.682,0.831,0.831,0.831,0.859,0.854,0.682,0.854,0.792,0.859,0.897,0.209,0.897,0.68,0.68,0.68,0.68,0.919,0.159,0.362,0.713,0.314,0.673,0.713,0.596,0.919,0.827,0.48,0.221,0.827,0.673,0.399,0.619,0.531,0.919,0.143,0.248,0.46,0.743,0.827,0.832,0.743,0.743,0.301,0.77,0.906,0.313,0.77,0.77,0.442,0.355,0.556,0.556,0.523,0.006,0.251,0.09,0.234,0.496,0.533,0.787,0.891,0.067,0.251,0.403,0.07,0.781,0.136,0.577,0.616,0.649,0.887,0.616,0.012,0.077,0.932,0.082,0.011,0.607,0.717,0.886,0.547,0.928,0.717,0.696,0.763,0.075,0.905,0.696,0.603,0.696,0.717,0.075,0.919,0.956,0.898,0.984,0.578,0.972,0.074,0.994,0.858,0.994,0.945,0.994,0.989,0.957,0.972,0.96,0.986,0.986,0.951
0.45,0.45,0.389,0.389,0.556,0.004,0.795,0.835,0.006,0.85,0.835,0.654,0.972,0.556,0.654,0.835,0.972,0.556,0.875,0.972,0.394,0.607,0.394,0.968,0.972,0.795,0.968,0.835,0.777,0.85,0.777,0.607,0.623,0.737,0.681,0.737,0.891,0.681,0.623,0.891,0.011,0.737,0.875,0.948,0.737,0.891,0.873,0.875,0.981,0.875,0.005,0.006,0.393,0.58,0.835,0.58,0.592,0.887,0.887,0.887,0.558,0.835,0.592,0.835,0.393,0.558,0.734,0.446,0.734,0.316,0.316,0.316,0.013,0.666,0.208,0.011,0.644,0.534,0.515,0.644,0.009,0.666,0.37,0.005,0.528,0.37,0.515,0.011,0.007,0.361,0.666,0.229,0.011,0.004,0.558,0.37,0.939,0.558,0.558,0.012,0.555,0.764,0.703,0.555,0.555,0.974,0.011,0.941,0.941,0.941,0.831,0.877,0.007,0.908,0.005,0.432,0.59,0.787,0.006,0.877,0.013,0.007,0.537,0.004,0.008,0.957,0.782,0.309,0.957,0.891,0.004,0.501,0.005,0.818,0.859,0.789,0.292,0.954,0.176,0.789,0.641,0.884,0.367,0.332,0.641,0.48,0.641,0.789,0.349,0.258,0.339,0.288,0.307,0.526,0.53,0.497,0.138,0.278,0.243,0.31,0.257,0.341,0.503,0.557,0.543,0.416,0.423,0.137
0.829,0.829,0.866,0.866,0.148,0.997,0.784,0.679,0.996,0.724,0.679,0.797,0.607,0.148,0.797,0.679,0.607,0.148,0.063,0.607,0.841,0.737,0.841,0.721,0.607,0.784,0.721,0.679,0.765,0.724,0.765,0.737,0.968,0.593,0.793,0.593,0.106,0.793,0.968,0.106,0.285,0.593,0.114,0.12,0.593,0.106,0.068,0.114,0.167,0.114,0.965,0.362,0.095,0.977,0.12,0.977,0.978,0.114,0.114,0.114,0.707,0.12,0.978,0.12,0.095,0.707,0.733,0.167,0.733,0.068,0.068,0.068,0.242,0.118,0.117,0.129,0.06,0.124,0.078,0.06,0.205,0.118,0.105,0.155,0.17,0.105,0.078,0.129,0.193,0.129,0.118,0.117,0.127,0.157,0.055,0.105,0.07,0.055,0.055,0.118,0.061,0.079,0.094,0.061,0.061,0.109,0.111,0.256,0.256,0.255,0.331,0.211,0.187,0.228,0.134,0.103,0.049,0.062,0.184,0.211,0.137,0.194,0.045,0.203,0.233,0.33,0.131,0.487,0.33,0.274,0.176,0.114,0.176,0.407,0.159,0.054,0.415,0.273,0.538,0.054,0.063,0.084,0.903,0.351,0.063,0.128,0.063,0.054,0.876,0.235,0.272,0.186,0.699,0.136,0.642,0.893,0.671,0.184,0.691,0.378,0.684,0.695,0.641,0.621,0.607,0.38,0.357,0.416
0.458,0.458,0.588,0.588,0.449,0.157,0.543,0.682,0.161,0.956,0.682,0.621,0.646,0.449,0.621,0.682,0.646,0.449,0.539,0.646,0.382,0.937,0.382,0.831,0.646,0.543,0.831,0.682,0.841,0.956,0.841,0.937,0.562,0.656,0.644,0.656,0.559,0.644,0.562,0.559,0.007,0.656,0.499,0.387,0.656,0.559,0.498,0.499,0.626,0.499,0.143,0.008,0.29,0.547,0.484,0.547,0.544,0.441,0.441,0.441,0.908,0.484,0.544,0.484,0.29,0.908,0.768,0.806,0.768,0.279,0.279,0.279,0.006,0.709,0.465,0.013,0.209,0.506,0.203,0.209,0.005,0.709,0.349,0.007,0.795,0.349,0.203,0.009,0.009,0.656,0.709,0.466,0.012,0.007,0.187,0.349,0.247,0.187,0.187,0.007,0.199,0.19,0.504,0.199,0.199,0.493,0.015,0.212,0.212,0.256,0.874,0.509,0.377,0.522,0.006,0.619,0.857,0.204,0.341,0.509,0.014,0.341,0.882,0.265,0.006,0.236,0.422,0.569,0.236,0.594,0.269,0.285,0.252,0.872,0.352,0.274,0.585,0.284,0.731,0.274,0.264,0.625,0.877,0.602,0.264,0.497,0.264,0.274,0.888,0.601,0.571,0.474,0.78,0.48,0.73,0.93,0.416,0.439,0.366,0.527,0.322,0.819,0.696,0.712,0.688,0.941,0.967,0.29
0.447,0.447,0.202,0.202,0.775,0.024,0.342,0.489,0.026,0.469,0.489,0.325,0.369,0.775,0.325,0.489,0.369,0.775,0.676,0.369,0.781,0.516,0.781,0.32,0.369,0.342,0.32,0.489,0.467,0.469,0.467,0.516,0.764,0.41,0.205,0.41,0.885,0.205,0.764,0.885,0.199,0.41,0.871,0.592,0.41,0.885,0.649,0.871,0.938,0.871,0.029,0.189,0.941,0.813,0.758,0.813,0.805,0.798,0.798,0.798,0.609,0.758,0.805,0.758,0.941,0.609,0.395,0.932,0.395,0.745,0.745,0.745,0.235,0.863,0.604,0.813,0.94,0.935,0.91,0.94,0.078,0.863,0.661,0.075,0.921,0.661,0.91,0.811,0.082,0.204,0.863,0.615,0.811,0.072,0.88,0.661,0.79,0.88,0.88,0.799,0.867,0.696,0.943,0.867,0.867,0.888,0.818,0.579,0.579,0.616,0.846,0.941,0.823,0.946,0.083,0.202,0.415,0.692,0.852,0.941,0.821,0.848,0.409,0.761,0.107,0.589,0.289,0.925,0.589,0.885,0.749,0.45,0.729,0.881,0.311,0.705,0.885,0.613,0.908,0.705,0.653,0.375,0.014,0.685,0.653,0.193,0.653,0.705,0.015,0.517,0.77,0.716,0.396,0.198,0.246,0.013,0.214,0.656,0.074,0.753,0.063,0.373,0.26,0.217,0.235,0.114,0.098,0.765
0.056,0.056,0.043,0.043,0.875,0.124,0.604,0.827,0.124,0.664,0.827,0.613,0.801,0.875,0.613,0.827,0.801,0.875,0.261,0.801,0.019,0.728,0.019,0.786,0.801,0.604,0.786,0.827,0.823,0.664,0.823,0.728,0.99,0.917,0.634,0.917,0.697,0.634,0.99,0.697,0.534,0.917,0.636,0.68,0.917,0.697,0.247,0.636,0.754,0.636,0.295,0.531,0.834,0.888,0.814,0.888,0.875,0.756,0.756,0.756,0.824,0.814,0.875,0.814,0.834,0.824,0.916,0.597,0.916,0.687,0.687,0.687,0.458,0.707,0.414,0.995,0.717,0.476,0.711,0.717,0.914,0.707,0.866,0.987,0.508,0.866,0.711,0.995,0.918,0.478,0.707,0.432,0.997,0.985,0.551,0.866,0.202,0.551,0.551,0.997,0.578,0.711,0.483,0.578,0.578,0.568,0.996,0.677,0.677,0.77,0.85,0.794,0.978,0.807,0.989,0.496,0.53,0.712,0.981,0.794,0.997,0.981,0.468,0.995,0.938,0.732,0.7,0.582,0.732,0.957,0.996,0.825,0.994,0.82,0.894,0.864,0.776,0.843,0.6,0.864,0.862,0.883,0.548,0.419,0.862,0.711,0.862,0.864,0.546,0.219,0.596,0.251,0.168,0.743,0.16,0.561,0.142,0.272,0.213,0.575,0.157,0.177,0.145,0.18,0.159,0.227,0.23,0.295
0.243,0.243,0.397,0.397,0.425,0.291,0.417,0.466,0.3,0.773,0.466,0.436,0.568,0.425,0.436,0.466,0.568,0.425,0.768,0.568,0.11,0.678,0.11,0.871,0.568,0.417,0.871,0.466,0.751,0.773,0.751,0.678,0.359,0.63,0.45,0.63,0.89,0.45,0.359,0.89,0.46,0.63,0.749,0.654,0.63,0.89,0.706,0.749,0.448,0.749,0.317,0.435,0.466,0.362,0.833,0.362,0.356,0.793,0.793,0.793,0.642,0.833,0.356,0.833,0.466,0.642,0.761,0.488,0.761,0.394,0.394,0.394,0.4,0.595,0.53,0.316,0.381,0.658,0.513,0.381,0.487,0.595,0.457,0.406,0.453,0.457,0.513,0.291,0.469,0.707,0.595,0.549,0.296,0.457,0.211,0.457,0.714,0.211,0.211,0.287,0.337,0.484,0.661,0.337,0.337,0.676,0.182,0.62,0.62,0.601,0.917,0.169,0.343,0.155,0.235,0.679,0.782,0.39,0.483,0.169,0.184,0.475,0.823,0.291,0.252,0.396,0.734,0.914,0.396,0.351,0.296,0.511,0.292,0.92,0.803,0.511,0.906,0.408,0.901,0.511,0.562,0.785,0.167,0.961,0.562,0.795,0.562,0.511,0.159,0.936,0.971,0.926,0.882,0.759,0.914,0.137,0.892,0.926,0.921,0.969,0.92,0.869,0.904,0.923,0.925,0.954,0.95,0.9
0.342,0.342,0.35,0.35,0.93,0.253,0.334,0.225,0.259,0.203,0.225,0.329,0.192,0.93,0.329,0.225,0.192,0.93,0.958,0.192,0.501,0.24,0.501,0.194,0.192,0.334,0.194,0.225,0.208,0.203,0.208,0.24,0.228,0.368,0.465,0.368,0.946,0.465,0.228,0.946,0.613,0.368,0.956,0.766,0.368,0.946,0.948,0.956,0.784,0.956,0.287,0.496,0.668,0.229,0.941,0.229,0.232,0.914,0.914,0.914,0.354,0.941,0.232,0.941,0.668,0.354,0.352,0.633,0.352,0.556,0.556,0.556,0.524,0.978,0.729,0.338,0.981,0.79,0.983,0.981,0.474,0.978,0.778,0.484,0.636,0.778,0.983,0.376,0.392,0.818,0.978,0.738,0.254,0.538,0.911,0.778,0.992,0.911,0.911,0.367,0.981,0.99,0.793,0.981,0.981,0.885,0.353,0.783,0.783,0.78,0.254,0.508,0.464,0.589,0.487,0.835,0.758,0.976,0.442,0.508,0.294,0.429,0.763,0.213,0.441,0.792,0.767,0.385,0.792,0.395,0.174,0.695,0.183,0.268,0.837,0.935,0.376,0.82,0.299,0.935,0.945,0.727,0.645,0.726,0.945,0.848,0.945,0.935,0.63,0.984,0.739,0.995,0.24,0.851,0.318,0.551,0.423,0.993,0.543,0.782,0.544,0.263,0.281,0.316,0.274,0.447,0.455,0.391
0.119,0.119,0.094,0.094,0.698,0.276,0.059,0.039,0.307,0.017,0.039,0.075,0.035,0.698,0.075,0.039,0.035,0.698,0.663,0.035,0.116,0.02,0.116,0.037,0.035,0.059,0.037,0.039,0.035,0.017,0.035,0.02,0.015,0.032,0.076,0.032,0.637,0.076,0.015,0.637,0.984,0.032,0.537,0.477,0.032,0.637,0.528,0.537,0.126,0.537,0.164,0.955,0.816,0.012,0.495,0.012,0.012,0.34,0.34,0.34,0.01,0.495,0.012,0.495,0.816,0.01,0.031,0.226,0.031,0.803,0.803,0.803,0.963,0.631,0.28,0.982,0.83,0.584,0.842,0.83,0.96,0.631,0.748,0.979,0.224,0.748,0.842,0.979,0.957,0.44,0.631,0.307,0.978,0.981,0.787,0.748,0.477,0.787,0.787,0.977,0.775,0.808,0.339,0.775,0.775,0.214,0.963,0.708,0.708,0.691,0.774,0.828,0.891,0.899,0.965,0.292,0.694,0.691,0.924,0.828,0.967,0.909,0.743,0.968,0.965,0.902,0.175,0.806,0.902,0.815,0.96,0.763,0.956,0.791,0.217,0.803,0.724,0.859,0.712,0.803,0.815,0.399,0.839,0.761,0.815,0.704,0.815,0.803,0.826,0.724,0.813,0.68,0.797,0.516,0.887,0.795,0.901,0.708,0.961,0.809,0.967,0.808,0.873,0.865,0.855,0.594,0.632,0.574
0.071,0.071,0.079,0.079,0.756,0.301,0.101,0.577,0.308,0.829,0.577,0.106,0.614,0.756,0.106,0.577,0.614,0.756,0.504,0.614,0.176,0.756,0.176,0.768,0.614,0.101,0.768,0.577,0.709,0.829,0.709,0.756,0.788,0.573,0.114,0.573,0.733,0.114,0.788,0.733,0.119,0.573,0.705,0.275,0.573,0.733,0.44,0.705,0.081,0.705,0.357,0.14,0.64,0.814,0.742,0.814,0.8,0.709,0.709,0.709,0.809,0.742,0.8,0.742,0.64,0.809,0.679,0.068,0.679,0.644,0.644,0.644,0.054,0.866,0.34,0.103,0.844,0.009,0.819,0.844,0.185,0.866,0.602,0.103,0.063,0.602,0.819,0.09,0.164,0.007,0.866,0.366,0.09,0.119,0.739,0.602,0.507,0.739,0.739,0.077,0.774,0.857,0.009,0.774,0.774,0.008,0.067,0.823,0.823,0.86,0.961,0.638,0.025,0.691,0.114,0.008,0.044,0.873,0.023,0.638,0.071,0.022,0.047,0.026,0.129,0.861,0.009,0.864,0.861,0.567,0.03,0.693,0.025,0.962,0.005,0.629,0.827,0.876,0.885,0.629,0.629,0.008,0.974,0.819,0.629,0.003,0.629,0.629,0.975,0.67,0.717,0.557,0.393,0.004,0.228,0.971,0.227,0.554,0.206,0.706,0.197,0.389,0.215,0.205,0.194,0.337,0.324,0.154
0.698,0.698,0.602,0.602,0.292,0.279,0.581,0.689,0.291,0.651,0.689,0.575,0.665,0.292,0.575,0.689,0.665,0.292,0.239,0.665,0.736,0.667,0.736,0.661,0.665,0.581,0.661,0.689,0.685,0.651,0.685,0.667,0.605,0.64,0.623,0.64,0.306,0.623,0.605,0.306,0.11,0.64,0.283,0.307,0.64,0.306,0.202,0.283,0.139,0.283,0.284,0.107,0.181,0.578,0.258,0.578,0.573,0.256,0.256,0.256,0.71,0.258,0.573,0.258,0.181,0.71,0.671,0.215,0.671,0.239,0.239,0.239,0.097,0.35,0.308,0.15,0.178,0.394,0.179,0.178,0.124,0.35,0.207,0.144,0.181,0.207,0.179,0.145,0.112,0.617,0.35,0.276,0.144,0.142,0.232,0.207,0.461,0.232,0.232,0.135,0.234,0.172,0.371,0.234,0.234,0.174,0.074,0.115,0.115,0.167,0.304,0.015,0.11,0.015,0.093,0.445,0.001,0.179,0.323,0.015,0.069,0.493,0.001,0.167,0.084,0.074,0.223,0.553,0.074,0.018,0.485,0.176,0.494,0.309,0.065,0.201,0.557,0.102,0.581,0.201,0.206,0.002,0.062,0.412,0.206,0.252,0.206,0.201,0.064,0.224,0.326,0.22,0.094,0.2,0.119,0.061,0.107,0.22,0.148,0.349,0.136,0.095,0.103,0.104,0.102,0.187,0.203,0.208
0.068,0.068,0.137,0.137,0.856,0.262,0.098,0.056,0.219,0.062,0.056,0.098,0.083,0.856,0.098,0.056,0.083,0.856,0.774,0.083,0.084,0.042,0.084,0.073,0.083,0.098,0.073,0.056,0.058,0.062,0.058,0.042,0.047,0.062,0.069,0.062,0.905,0.069,0.047,0.905,0.587,0.062,0.901,0.863,0.062,0.905,0.794,0.901,0.786,0.901,0.179,0.605,0.648,0.025,0.714,0.025,0.024,0.773,0.773,0.773,0.03,0.714,0.024,0.714,0.648,0.03,0.054,0.823,0.054,0.912,0.912,0.912,0.44,0.638,0.794,0.761,0.748,0.732,0.744,0.748,0.71,0.638,0.731,0.625,0.807,0.731,0.744,0.762,0.688,0.705,0.638,0.829,0.756,0.64,0.938,0.731,0.958,0.938,0.938,0.751,0.94,0.983,0.73,0.94,0.94,0.71,0.858,0.939,0.939,0.962,0.962,0.907,0.952,0.994,0.632,0.688,0.398,0.983,0.95,0.907,0.892,0.944,0.413,0.875,0.634,0.945,0.602,0.741,0.945,0.992,0.78,0.974,0.792,0.933,0.611,0.561,0.801,0.973,0.938,0.561,0.569,0.363,0.315,0.973,0.569,0.693,0.569,0.561,0.299,0.888,0.936,0.731,0.973,0.684,0.865,0.245,0.767,0.591,0.84,0.805,0.838,0.983,0.85,0.874,0.856,0.848,0.841,0.991
0.375,0.375,0.432,0.432,0.509,0.884,0.426,0.277,0.877,0.519,0.277,0.446,0.285,0.509,0.446,0.277,0.285,0.509,0.783,0.285,0.467,0.511,0.467,0.316,0.285,0.426,0.316,0.277,0.321,0.519,0.321,0.511,0.255,0.429,0.472,0.429,0.241,0.472,0.255,0.241,0.665,0.429,0.302,0.805,0.429,0.241,0.899,0.302,0.898,0.302,0.893,0.541,0.456,0.302,0.291,0.302,0.236,0.429,0.429,0.429,0.584,0.291,0.236,0.291,0.456,0.584,0.44,0.899,0.44,0.873,0.873,0.873,0.506,0.813,0.801,0.288,0.464,0.34,0.45,0.464,0.405,0.813,0.478,0.369,0.967,0.478,0.45,0.274,0.413,0.347,0.813,0.794,0.293,0.355,0.747,0.478,0.627,0.747,0.747,0.276,0.762,0.733,0.353,0.762,0.762,0.438,0.302,0.347,0.347,0.481,0.795,0.804,0.222,0.81,0.386,0.347,0.263,0.738,0.232,0.804,0.279,0.231,0.244,0.229,0.486,0.41,0.559,0.11,0.41,0.899,0.209,0.606,0.206,0.908,0.751,0.813,0.07,0.515,0.26,0.813,0.753,0.386,0.583,0.189,0.753,0.278,0.753,0.813,0.538,0.17,0.091,0.218,0.481,0.406,0.2,0.612,0.435,0.256,0.442,0.135,0.448,0.377,0.289,0.232,0.289,0.37,0.367,0.333
0.965,0.965,0.955,0.955,0.579,0.287,0.798,0.716,0.295,0.601,0.716,0.805,0.713,0.579,0.805,0.716,0.713,0.579,0.696,0.713,0.906,0.577,0.906,0.635,0.713,0.798,0.635,0.716,0.696,0.601,0.696,0.577,0.537,0.778,0.85,0.778,0.812,0.85,0.537,0.812,0.072,0.778,0.804,0.162,0.778,0.812,0.654,0.804,0.184,0.804,0.252,0.075,0.242,0.539,0.722,0.539,0.527,0.71,0.71,0.71,0.699,0.722,0.527,0.722,0.242,0.699,0.763,0.245,0.763,0.242,0.242,0.242,0.111,0.558,0.225,0.183,0.336,0.386,0.329,0.336,0.111,0.558,0.355,0.154,0.231,0.355,0.329,0.183,0.113,0.187,0.558,0.202,0.186,0.15,0.234,0.355,0.497,0.234,0.234,0.183,0.23,0.417,0.32,0.23,0.23,0.746,0.28,0.908,0.908,0.917,0.23,0.53,0.25,0.532,0.205,0.158,0.585,0.408,0.213,0.53,0.257,0.22,0.497,0.268,0.12,0.877,0.286,0.539,0.877,0.262,0.235,0.214,0.244,0.235,0.349,0.526,0.539,0.93,0.505,0.526,0.533,0.536,0.386,0.691,0.533,0.183,0.533,0.526,0.37,0.663,0.702,0.714,0.815,0.183,0.8,0.358,0.825,0.706,0.855,0.696,0.877,0.773,0.767,0.792,0.788,0.444,0.44,0.151
0.357,0.357,0.354,0.354,0.519,0.507,0.359,0.356,0.48,0.254,0.356,0.377,0.353,0.519,0.377,0.356,0.353,0.519,0.429,0.353,0.573,0.309,0.573,0.331,0.353,0.359,0.331,0.356,0.342,0.254,0.342,0.309,0.237,0.559,0.578,0.559,0.39,0.578,0.237,0.39,0.536,0.559,0.487,0.926,0.559,0.39,0.428,0.487,0.991,0.487,0.662,0.737,0.52,0.262,0.747,0.262,0.256,0.759,0.759,0.759,0.401,0.747,0.256,0.747,0.52,0.401,0.524,0.97,0.524,0.372,0.372,0.372,0.751,0.228,0.916,0.505,0.469,0.897,0.405,0.469,0.525,0.228,0.464,0.635,0.975,0.464,0.405,0.567,0.591,0.908,0.228,0.933,0.495,0.563,0.261,0.464,0.385,0.261,0.261,0.58,0.254,0.592,0.896,0.254,0.254,0.883,0.575,0.861,0.861,0.877,0.672,0.855,0.311,0.764,0.639,0.912,0.962,0.623,0.281,0.855,0.576,0.298,0.963,0.315,0.627,0.879,0.975,0.641,0.879,0.617,0.273,0.519,0.3,0.674,0.976,0.695,0.597,0.9,0.672,0.695,0.683,0.976,0.865,0.727,0.683,0.924,0.683,0.695,0.868,0.633,0.698,0.615,0.57,0.925,0.675,0.947,0.651,0.649,0.732,0.743,0.73,0.613,0.605,0.579,0.568,0.761,0.756,0.73
0.809,0.809,0.791,0.791,0.236,0.686,0.931,0.883,0.747,0.859,0.883,0.941,0.912,0.236,0.941,0.883,0.912,0.236,0.5,0.912,0.758,0.9,0.758,0.912,0.912,0.931,0.912,0.883,0.871,0.859,0.871,0.9,0.698,0.91,0.921,0.91,0.247,0.921,0.698,0.247,0.831,0.91,0.277,0.176,0.91,0.247,0.441,0.277,0.487,0.277,0.845,0.812,0.444,0.636,0.307,0.636,0.659,0.334,0.334,0.334,0.934,0.307,0.659,0.307,0.444,0.934,0.868,0.302,0.868,0.401,0.401,0.401,0.731,0.2,0.173,0.925,0.589,0.054,0.682,0.589,0.932,0.2,0.159,0.948,0.314,0.159,0.682,0.928,0.943,0.094,0.2,0.214,0.9,0.948,0.692,0.159,0.554,0.692,0.692,0.907,0.761,0.659,0.054,0.761,0.761,0.121,0.926,0.43,0.43,0.434,0.404,0.277,0.887,0.245,0.963,0.071,0.302,0.571,0.873,0.277,0.922,0.857,0.351,0.621,0.928,0.44,0.118,0.511,0.44,0.221,0.655,0.483,0.644,0.425,0.149,0.187,0.46,0.446,0.379,0.187,0.182,0.222,0.928,0.436,0.182,0.12,0.182,0.187,0.928,0.467,0.414,0.496,0.614,0.088,0.745,0.918,0.218,0.483,0.144,0.434,0.16,0.622,0.762,0.7,0.713,0.244,0.305,0.222
0.347,0.347,0.207,0.207,0.608,0.056,0.212,0.492,0.051,0.401,0.492,0.346,0.445,0.608,0.346,0.492,0.445,0.608,0.513,0.445,0.286,0.454,0.286,0.424,0.445,0.212,0.424,0.492,0.479,0.401,0.479,0.454,0.136,0.414,0.259,0.414,0.731,0.259,0.136,0.731,0.091,0.414,0.743,0.535,0.414,0.731,0.456,0.743,0.913,0.743,0.056,0.153,0.474,0.21,0.791,0.21,0.22,0.794,0.794,0.794,0.37,0.791,0.22,0.791,0.474,0.37,0.416,0.838,0.416,0.418,0.418,0.418,0.151,0.388,0.54,0.061,0.707,0.975,0.722,0.707,0.109,0.388,0.63,0.109,0.802,0.63,0.722,0.057,0.137,0.977,0.388,0.539,0.07,0.089,0.711,0.63,0.364,0.711,0.711,0.054,0.757,0.755,0.965,0.757,0.757,0.94,0.055,0.842,0.842,0.807,0.797,0.443,0.044,0.629,0.085,0.972,0.815,0.743,0.043,0.443,0.053,0.042,0.813,0.062,0.127,0.828,0.936,0.564,0.828,0.744,0.056,0.543,0.05,0.821,0.98,0.86,0.498,0.787,0.687,0.86,0.868,0.962,0.197,0.583,0.868,0.955,0.868,0.86,0.193,0.664,0.483,0.663,0.54,0.976,0.448,0.199,0.708,0.681,0.753,0.554,0.735,0.533,0.475,0.403,0.429,0.964,0.901,0.751
0.889,0.889,0.807,0.807,0.738,0.91,0.654,0.7,0.892,0.718,0.7,0.698,0.687,0.738,0.698,0.7,0.687,0.738,0.92,0.687,0.814,0.76,0.814,0.673,0.687,0.654,0.673,0.7,0.714,0.718,0.714,0.76,0.961,0.73,0.66,0.73,0.784,0.66,0.961,0.784,0.618,0.73,0.82,0.002,0.73,0.784,0.982,0.82,0.05,0.82,0.874,0.649,0.47,0.987,0.759,0.987,0.989,0.783,0.783,0.783,0.804,0.759,0.989,0.759,0.47,0.804,0.658,0.047,0.658,0.557,0.557,0.557,0.823,0.769,0.004,0.788,0.669,0.078,0.686,0.669,0.802,0.769,0.624,0.787,0.04,0.624,0.686,0.687,0.823,0.087,0.769,0.004,0.807,0.854,0.454,0.624,0.968,0.454,0.454,0.701,0.482,0.581,0.071,0.482,0.482,0.058,0.638,0.423,0.423,0.345,0.046,0.159,0.336,0.129,0.699,0.083,0.223,0.54,0.406,0.159,0.649,0.45,0.249,0.217,0.749,0.275,0.086,0.852,0.275,0.161,0.327,0.654,0.332,0.04,0.048,0.806,0.829,0.259,0.871,0.806,0.818,0.18,0.263,0.784,0.818,0.05,0.818,0.806,0.29,0.731,0.804,0.794,0.818,0.05,0.799,0.162,0.848,0.768,0.803,0.8,0.788,0.835,0.79,0.816,0.8,0.823,0.794,0.926
0.85,0.85,0.739,0.739,0.99,0.234,0.878,0.944,0.221,0.978,0.944,0.922,0.935,0.99,0.922,0.944,0.935,0.99,0.967,0.935,0.86,0.951,0.86,0.975,0.935,0.878,0.975,0.944,0.976,0.978,0.976,0.951,0.874,0.941,0.838,0.941,0.957,0.838,0.874,0.957,0.32,0.941,0.95,0.996,0.941,0.957,0.963,0.95,0.983,0.95,0.248,0.28,0.95,0.88,0.99,0.88,0.831,0.981,0.981,0.981,0.964,0.99,0.831,0.99,0.95,0.964,0.973,0.994,0.973,0.882,0.882,0.882,0.423,0.959,0.999,0.266,0.785,0.656,0.826,0.785,0.387,0.959,0.978,0.277,0.992,0.978,0.826,0.23,0.351,0.502,0.959,0.998,0.242,0.38,0.986,0.978,0.983,0.986,0.986,0.23,0.996,0.978,0.647,0.996,0.996,0.595,0.196,0.8,0.8,0.987,0.946,0.992,0.936,0.993,0.252,0.61,0.303,0.957,0.936,0.992,0.191,0.942,0.321,0.333,0.477,0.738,0.601,0.55,0.738,0.89,0.302,0.985,0.335,0.928,0.602,0.93,0.689,0.968,0.582,0.93,0.955,0.16,0.45,0.932,0.955,0.676,0.955,0.93,0.437,0.887,0.921,0.862,0.339,0.707,0.438,0.479,0.759,0.866,0.789,0.924,0.783,0.348,0.442,0.428,0.418,0.58,0.597,0.602
0.22,0.22,0.213,0.213,0.944,0.707,0.151,0.289,0.641,0.511,0.289,0.163,0.297,0.944,0.163,0.289,0.297,0.944,0.867,0.297,0.24,0.575,0.24,0.789,0.297,0.151,0.789,0.289,0.835,0.511,0.835,0.575,0.365,0.313,0.167,0.313,0.822,0.167,0.365,0.822,0.703,0.313,0.932,0.096,0.313,0.822,0.913,0.932,0.158,0.932,0.538,0.693,0.803,0.294,0.935,0.294,0.305,0.873,0.873,0.873,0.611,0.935,0.305,0.935,0.803,0.611,0.823,0.135,0.823,0.707,0.707,0.707,0.427,0.802,0.109,0.684,0.486,0.373,0.5,0.486,0.721,0.802,0.865,0.585,0.145,0.865,0.5,0.647,0.588,0.176,0.802,0.099,0.675,0.729,0.37,0.865,0.825,0.37,0.37,0.657,0.452,0.639,0.316,0.452,0.452,0.31,0.553,0.876,0.876,0.896,0.872,0.92,0.787,0.935,0.57,0.176,0.555,0.684,0.815,0.92,0.577,0.802,0.549,0.466,0.664,0.819,0.237,0.963,0.819,0.946,0.667,0.839,0.611,0.84,0.336,0.805,0.945,0.853,0.959,0.805,0.79,0.24,0.845,0.805,0.79,0.199,0.79,0.805,0.863,0.817,0.882,0.873,0.94,0.205,0.939,0.878,0.519,0.864,0.367,0.869,0.337,0.936,0.926,0.906,0.872,0.387,0.384,0.356
0.846,0.846,0.826,0.826,0.414,0.921,0.807,0.795,0.875,0.79,0.795,0.838,0.742,0.414,0.838,0.795,0.742,0.414,0.906,0.742,0.778,0.846,0.778,0.674,0.742,0.807,0.674,0.795,0.733,0.79,0.733,0.846,0.673,0.914,0.946,0.914,0.643,0.946,0.673,0.643,0.341,0.914,0.619,0.173,0.914,0.643,0.887,0.619,0.497,0.619,0.878,0.375,0.207,0.694,0.426,0.694,0.704,0.481,0.481,0.481,0.866,0.426,0.704,0.426,0.207,0.866,0.873,0.451,0.873,0.166,0.166,0.166,0.571,0.489,0.204,0.484,0.489,0.292,0.516,0.489,0.279,0.489,0.369,0.57,0.458,0.369,0.516,0.47,0.332,0.511,0.489,0.222,0.59,0.568,0.415,0.369,0.924,0.415,0.415,0.566,0.574,0.538,0.293,0.574,0.574,0.306,0.525,0.834,0.834,0.829,0.438,0.655,0.581,0.701,0.607,0.525,0.391,0.514,0.606,0.655,0.626,0.606,0.414,0.486,0.432,0.83,0.503,0.441,0.83,0.323,0.419,0.225,0.444,0.431,0.314,0.453,0.426,0.814,0.378,0.453,0.32,0.26,0.556,0.25,0.32,0.349,0.32,0.453,0.568,0.18,0.335,0.215,0.111,0.347,0.262,0.548,0.117,0.215,0.19,0.322,0.183,0.11,0.251,0.271,0.26,0.233,0.208,0.097
0.009,0.009,0.008,0.008,0.075,0.052,0.005,0.017,0.06,0.014,0.017,0.01,0.017,0.075,0.01,0.017,0.017,0.075,0.077,0.017,0.007,0.022,0.007,0.015,0.017,0.005,0.015,0.017,0.022,0.014,0.022,0.022,0.02,0.056,0.01,0.056,0.238,0.01,0.02,0.238,0.041,0.056,0.286,0.619,0.056,0.238,0.184,0.286,0.958,0.286,0.129,0.049,0.324,0.021,0.242,0.021,0.021,0.281,0.281,0.281,0.056,0.242,0.021,0.242,0.324,0.056,0.068,0.865,0.068,0.176,0.176,0.176,0.075,0.153,0.555,0.034,0.385,0.165,0.471,0.385,0.053,0.153,0.537,0.065,0.861,0.537,0.471,0.035,0.06,0.221,0.153,0.564,0.034,0.055,0.182,0.537,0.249,0.182,0.182,0.035,0.253,0.429,0.143,0.253,0.253,0.098,0.106,0.13,0.13,0.092,0.175,0.097,0.179,0.081,0.14,0.222,0.514,0.381,0.195,0.097,0.099,0.204,0.599,0.211,0.113,0.19,0.112,0.37,0.19,0.172,0.205,0.513,0.219,0.245,0.136,0.476,0.332,0.118,0.309,0.476,0.561,0.581,0.797,0.247,0.561,0.22,0.561,0.476,0.796,0.208,0.29,0.17,0.319,0.233,0.383,0.789,0.108,0.189,0.203,0.254,0.201,0.312,0.361,0.324,0.334,0.178,0.169,0.087
0.898,0.898,0.812,0.812,0.521,0.139,0.947,0.815,0.135,0.778,0.815,0.943,0.923,0.521,0.943,0.815,0.923,0.521,0.265,0.923,0.815,0.671,0.815,0.907,0.923,0.947,0.907,0.815,0.768,0.778,0.768,0.671,0.704,0.721,0.791,0.721,0.409,0.791,0.704,0.409,0.05,0.721,0.399,0.44,0.721,0.409,0.241,0.399,0.708,0.399,0.111,0.055,0.411,0.577,0.417,0.577,0.551,0.393,0.393,0.393,0.667,0.417,0.551,0.417,0.411,0.667,0.7,0.608,0.7,0.429,0.429,0.429,0.022,0.544,0.322,0.188,0.418,0.426,0.432,0.418,0.024,0.544,0.379,0.025,0.601,0.379,0.432,0.169,0.025,0.59,0.544,0.346,0.167,0.027,0.486,0.379,0.616,0.486,0.486,0.168,0.432,0.454,0.532,0.432,0.432,0.487,0.146,0.789,0.789,0.788,0.935,0.806,0.55,0.794,0.015,0.587,0.005,0.512,0.59,0.806,0.149,0.574,0.004,0.674,0.019,0.823,0.574,0.228,0.823,0.964,0.647,0.417,0.642,0.924,0.71,0.327,0.193,0.833,0.228,0.327,0.34,0.004,0.021,0.501,0.34,0.702,0.34,0.327,0.021,0.419,0.559,0.433,0.537,0.717,0.526,0.023,0.559,0.373,0.681,0.528,0.688,0.606,0.491,0.531,0.459,0.622,0.591,0.644
0.386,0.386,0.282,0.282,0.244,0.779,0.627,0.515,0.776,0.332,0.515,0.55,0.618,0.244,0.55,0.515,0.618,0.244,0.892,0.618,0.483,0.336,0.483,0.615,0.618,0.627,0.615,0.515,0.496,0.332,0.496,0.336,0.437,0.495,0.571,0.495,0.263,0.571,0.437,0.263,0.539,0.495,0.259,0.953,0.495,0.263,0.845,0.259,0.93,0.259,0.86,0.655,0.255,0.301,0.207,0.301,0.295,0.2,0.2,0.2,0.223,0.207,0.295,0.207,0.255,0.223,0.502,0.888,0.502,0.15,0.15,0.15,0.735,0.296,0.972,0.713,0.122,0.989,0.096,0.122,0.774,0.296,0.205,0.793,0.899,0.205,0.096,0.734,0.881,0.996,0.296,0.872,0.714,0.711,0.105,0.205,0.622,0.105,0.105,0.727,0.062,0.099,0.98,0.062,0.062,0.935,0.743,0.192,0.192,0.217,0.246,0.245,0.549,0.224,0.806,0.982,0.769,0.119,0.617,0.245,0.751,0.682,0.78,0.747,0.823,0.126,0.969,0.813,0.126,0.301,0.778,0.251,0.765,0.204,0.981,0.115,0.771,0.17,0.891,0.115,0.101,0.75,0.59,0.717,0.101,0.998,0.101,0.115,0.613,0.483,0.618,0.54,0.846,0.979,0.717,0.614,0.871,0.56,0.829,0.63,0.844,0.691,0.844,0.732,0.868,0.916,0.914,0.929
0.584,0.584,0.707,0.707,0.767,0.154,0.047,0.045,0.147,0.48,0.045,0.044,0.028,0.767,0.044,0.045,0.028,0.767,0.431,0.028,0.213,0.28,0.213,0.027,0.028,0.047,0.027,0.045,0.041,0.48,0.041,0.28,0.332,0.024,0.051,0.024,0.307,0.051,0.332,0.307,0.627,0.024,0.382,0.753,0.024,0.307,0.464,0.382,0.766,0.382,0.427,0.626,0.348,0.372,0.555,0.372,0.384,0.64,0.64,0.64,0.315,0.555,0.384,0.555,0.348,0.315,0.028,0.685,0.028,0.464,0.464,0.464,0.602,0.751,0.709,0.575,0.357,0.839,0.384,0.357,0.613,0.751,0.399,0.565,0.684,0.399,0.384,0.574,0.61,0.649,0.751,0.705,0.589,0.56,0.443,0.399,0.453,0.443,0.443,0.589,0.477,0.556,0.834,0.477,0.477,0.796,0.652,0.806,0.806,0.547,0.925,0.805,0.888,0.705,0.634,0.672,0.791,0.539,0.878,0.805,0.618,0.888,0.802,0.845,0.698,0.673,0.551,0.433,0.673,0.931,0.829,0.504,0.828,0.927,0.608,0.5,0.358,0.416,0.377,0.5,0.441,0.781,0.784,0.381,0.441,0.757,0.441,0.5,0.778,0.222,0.411,0.211,0.498,0.754,0.598,0.799,0.769,0.21,0.856,0.407,0.863,0.561,0.569,0.619,0.532,0.93,0.89,0.775
0.13,0.13,0.086,0.086,0.49,0.158,0.555,0.732,0.142,0.503,0.732,0.642,0.635,0.49,0.642,0.732,0.635,0.49,0.542,0.635,0.142,0.555,0.142,0.631,0.635,0.555,0.631,0.732,0.672,0.503,0.672,0.555,0.49,0.701,0.614,0.701,0.35,0.614,0.49,0.35,0.067,0.701,0.356,0.123,0.701,0.35,0.565,0.356,0.366,0.356,0.217,0.069,0.356,0.534,0.319,0.534,0.552,0.307,0.307,0.307,0.59,0.319,0.552,0.319,0.356,0.59,0.634,0.384,0.634,0.325,0.325,0.325,0.047,0.525,0.131,0.158,0.319,0.21,0.306,0.319,0.177,0.525,0.437,0.134,0.37,0.437,0.306,0.158,0.144,0.173,0.525,0.128,0.155,0.149,0.347,0.437,0.806,0.347,0.347,0.156,0.336,0.368,0.218,0.336,0.336,0.235,0.136,0.509,0.509,0.595,0.34,0.547,0.153,0.606,0.104,0.189,0.046,0.37,0.161,0.547,0.136,0.16,0.043,0.144,0.16,0.519,0.193,0.168,0.519,0.402,0.153,0.413,0.149,0.457,0.095,0.4,0.23,0.643,0.082,0.4,0.374,0.069,0.522,0.15,0.374,0.087,0.374,0.4,0.476,0.111,0.202,0.115,0.155,0.081,0.279,0.507,0.187,0.114,0.337,0.213,0.333,0.189,0.256,0.352,0.323,0.497,0.498,0.268
0.99,0.99,0.992,0.992,0.977,0.354,0.997,0.996,0.302,0.924,0.996,0.999,0.997,0.977,0.999,0.996,0.997,0.977,0.9,0.997,0.986,0.918,0.986,0.996,0.997,0.997,0.996,0.996,0.996,0.924,0.996,0.918,0.438,0.996,0.99,0.996,0.845,0.99,0.438,0.845,0.749,0.996,0.764,0.999,0.996,0.845,0.865,0.764,0.911,0.764,0.337,0.756,0.677,0.484,0.883,0.484,0.481,0.781,0.781,0.781,0.884,0.883,0.481,0.883,0.677,0.884,0.978,0.898,0.978,0.775,0.775,0.775,0.814,0.886,0.997,0.86,0.667,0.643,0.636,0.667,0.952,0.886,0.935,0.887,0.93,0.935,0.636,0.845,0.952,0.802,0.886,0.991,0.836,0.893,0.68,0.935,0.969,0.68,0.68,0.845,0.662,0.768,0.603,0.662,0.662,0.502,0.886,0.713,0.713,0.79,0.839,0.975,0.924,0.989,0.914,0.781,0.904,0.767,0.897,0.975,0.889,0.906,0.911,0.861,0.935,0.688,0.554,0.044,0.688,0.963,0.886,0.897,0.85,0.787,0.52,0.578,0.061,0.771,0.034,0.578,0.637,0.793,0.615,0.034,0.637,0.811,0.637,0.578,0.703,0.017,0.043,0.02,0.073,0.768,0.087,0.576,0.092,0.022,0.149,0.04,0.146,0.075,0.09,0.088,0.091,0.313,0.311,0.231
0.379,0.379,0.347,0.347,0.127,0.907,0.266,0.708,0.883,0.634,0.708,0.302,0.709,0.127,0.302,0.708,0.709,0.127,0.401,0.709,0.34,0.661,0.34,0.75,0.709,0.266,0.75,0.708,0.76,0.634,0.76,0.661,0.328,0.677,0.339,0.677,0.825,0.339,0.328,0.825,0.522,0.677,0.83,0.274,0.677,0.825,0.692,0.83,0.108,0.83,0.935,0.526,0.33,0.318,0.746,0.318,0.323,0.795,0.795,0.795,0.764,0.746,0.323,0.746,0.33,0.764,0.717,0.13,0.717,0.885,0.885,0.885,0.55,0.172,0.126,0.285,0.39,0.4,0.375,0.39,0.456,0.172,0.418,0.422,0.122,0.418,0.375,0.319,0.501,0.414,0.172,0.112,0.249,0.384,0.738,0.418,0.149,0.738,0.738,0.283,0.583,0.692,0.383,0.583,0.583,0.308,0.336,0.822,0.822,0.869,0.869,0.397,0.61,0.337,0.416,0.413,0.552,0.688,0.6,0.397,0.338,0.627,0.533,0.344,0.488,0.586,0.308,0.543,0.586,0.3,0.312,0.707,0.317,0.735,0.329,0.259,0.634,0.708,0.679,0.259,0.221,0.754,0.426,0.545,0.221,0.47,0.221,0.259,0.423,0.567,0.465,0.508,0.425,0.46,0.479,0.426,0.822,0.517,0.238,0.436,0.214,0.374,0.5,0.425,0.501,0.551,0.535,0.573
0.906,0.906,0.839,0.839,0.2,0.725,0.774,0.628,0.712,0.414,0.628,0.639,0.707,0.2,0.639,0.628,0.707,0.2,0.909,0.707,0.854,0.437,0.854,0.687,0.707,0.774,0.687,0.628,0.599,0.414,0.599,0.437,0.23,0.612,0.698,0.612,0.488,0.698,0.23,0.488,0.505,0.612,0.491,0.069,0.612,0.488,0.893,0.491,0.245,0.491,0.842,0.399,0.224,0.235,0.466,0.235,0.225,0.454,0.454,0.454,0.353,0.466,0.225,0.466,0.224,0.353,0.615,0.283,0.615,0.143,0.143,0.143,0.546,0.197,0.071,0.45,0.422,0.154,0.391,0.422,0.539,0.197,0.14,0.542,0.277,0.14,0.391,0.427,0.518,0.166,0.197,0.067,0.427,0.561,0.278,0.14,0.745,0.278,0.278,0.406,0.19,0.425,0.15,0.19,0.19,0.075,0.414,0.599,0.599,0.611,0.621,0.445,0.21,0.438,0.552,0.197,0.146,0.391,0.183,0.445,0.369,0.175,0.135,0.216,0.592,0.642,0.096,0.182,0.642,0.433,0.262,0.204,0.26,0.615,0.102,0.252,0.149,0.583,0.254,0.252,0.274,0.143,0.953,0.217,0.274,0.189,0.274,0.252,0.961,0.832,0.216,0.88,0.415,0.212,0.388,0.871,0.463,0.881,0.521,0.217,0.52,0.388,0.357,0.374,0.416,0.538,0.53,0.571
0.574,0.574,0.612,0.612,0.654,0.966,0.715,0.848,0.977,0.549,0.848,0.831,0.876,0.654,0.831,0.848,0.876,0.654,0.327,0.876,0.688,0.672,0.688,0.861,0.876,0.715,0.861,0.848,0.828,0.549,0.828,0.672,0.375,0.954,0.879,0.954,0.746,0.879,0.375,0.746,0.773,0.954,0.745,0.397,0.954,0.746,0.271,0.745,0.473,0.745,0.972,0.787,0.691,0.381,0.805,0.381,0.378,0.648,0.648,0.648,0.788,0.805,0.378,0.805,0.691,0.788,0.934,0.284,0.934,0.604,0.604,0.604,0.692,0.569,0.216,0.631,0.454,0.263,0.666,0.454,0.752,0.569,0.641,0.726,0.217,0.641,0.666,0.64,0.793,0.344,0.569,0.224,0.636,0.704,0.327,0.641,0.166,0.327,0.327,0.642,0.46,0.513,0.247,0.46,0.46,0.439,0.627,0.683,0.683,0.722,0.857,0.814,0.586,0.861,0.719,0.383,0.249,0.433,0.578,0.814,0.61,0.579,0.278,0.759,0.724,0.809,0.52,0.14,0.809,0.719,0.753,0.722,0.753,0.885,0.422,0.464,0.115,0.844,0.132,0.464,0.373,0.276,0.701,0.383,0.373,0.301,0.373,0.464,0.706,0.968,0.283,0.979,0.263,0.299,0.359,0.693,0.083,0.98,0.133,0.302,0.131,0.256,0.352,0.237,0.23,0.393,0.372,0.062
0.728,0.728,0.714,0.714,0.305,0.037,0.353,0.243,0.036,0.429,0.243,0.361,0.213,0.305,0.361,0.243,0.213,0.305,0.905,0.213,0.647,0.473,0.647,0.191,0.213,0.353,0.191,0.243,0.175,0.429,0.175,0.473,0.342,0.189,0.256,0.189,0.639,0.256,0.342,0.639,0.183,0.189,0.604,0.527,0.189,0.639,0.941,0.604,0.434,0.604,0.028,0.24,0.253,0.429,0.543,0.429,0.436,0.55,0.55,0.55,0.431,0.543,0.436,0.543,0.253,0.431,0.135,0.427,0.135,0.32,0.32,0.32,0.103,0.447,0.577,0.031,0.409,0.084,0.459,0.409,0.059,0.447,0.262,0.045,0.439,0.262,0.459,0.031,0.08,0.22,0.447,0.584,0.032,0.039,0.385,0.262,0.998,0.385,0.385,0.032,0.345,0.497,0.085,0.345,0.345,0.34,0.029,0.771,0.771,0.828,0.951,0.767,0.015,0.808,0.037,0.179,0.255,0.463,0.013,0.767,0.03,0.013,0.289,0.017,0.042,0.867,0.199,0.123,0.867,0.855,0.02,0.236,0.02,0.963,0.239,0.332,0.107,0.901,0.105,0.332,0.35,0.177,0.867,0.62,0.35,0.242,0.35,0.332,0.865,0.727,0.653,0.704,0.127,0.209,0.186,0.832,0.407,0.712,0.373,0.682,0.384,0.122,0.182,0.21,0.211,0.341,0.452,0.529
0.992,0.992,0.981,0.981,0.851,0.328,0.977,0.982,0.335,0.997,0.982,0.978,0.983,0.851,0.978,0.982,0.983,0.851,0.898,0.983,0.995,0.997,0.995,0.986,0.983,0.977,0.986,0.982,0.992,0.997,0.992,0.997,0.928,0.976,0.974,0.976,0.612,0.974,0.928,0.612,0.941,0.976,0.493,0.997,0.976,0.612,0.966,0.493,0.933,0.493,0.323,0.874,0.747,0.915,0.618,0.915,0.918,0.476,0.476,0.476,0.993,0.618,0.918,0.618,0.747,0.993,0.985,0.911,0.985,0.879,0.879,0.879,0.894,0.903,0.958,0.764,0.307,0.702,0.346,0.307,0.82,0.903,0.707,0.709,0.941,0.707,0.346,0.778,0.807,0.803,0.903,0.999,0.776,0.661,0.445,0.707,0.93,0.445,0.445,0.791,0.468,0.488,0.72,0.468,0.468,0.629,0.72,0.924,0.924,0.947,0.676,0.896,0.645,0.902,0.655,0.794,0.799,0.536,0.703,0.896,0.779,0.684,0.799,0.776,0.863,0.93,0.806,0.057,0.93,0.543,0.793,0.552,0.785,0.709,0.918,0.37,0.443,0.949,0.031,0.37,0.44,0.796,0.216,0.043,0.44,0.906,0.44,0.37,0.202,0.029,0.042,0.035,0.051,0.93,0.143,0.243,0.143,0.039,0.17,0.046,0.158,0.072,0.101,0.683,0.552,0.787,0.856,0.324
0.757,0.757,0.771,0.771,0.115,0.696,0.531,0.347,0.69,0.693,0.347,0.462,0.423,0.115,0.462,0.347,0.423,0.115,0.031,0.423,0.531,0.541,0.531,0.407,0.423,0.531,0.407,0.347,0.34,0.693,0.34,0.541,0.428,0.243,0.35,0.243,0.16,0.35,0.428,0.16,0.713,0.243,0.055,0.546,0.243,0.16,0.022,0.055,0.196,0.055,0.627,0.623,0.636,0.526,0.08,0.526,0.529,0.027,0.027,0.027,0.458,0.08,0.529,0.08,0.636,0.458,0.228,0.134,0.228,0.688,0.688,0.688,0.686,0.122,0.621,0.595,0.674,0.335,0.66,0.674,0.608,0.122,0.729,0.63,0.152,0.729,0.66,0.589,0.575,0.444,0.122,0.591,0.571,0.638,0.679,0.729,0.046,0.679,0.679,0.55,0.672,0.618,0.355,0.672,0.672,0.468,0.559,0.097,0.097,0.071,0.164,0.179,0.314,0.122,0.606,0.464,0.728,0.627,0.277,0.179,0.559,0.31,0.682,0.375,0.609,0.099,0.555,0.413,0.099,0.202,0.325,0.632,0.361,0.167,0.632,0.839,0.353,0.07,0.329,0.839,0.843,0.698,0.293,0.278,0.843,0.515,0.843,0.839,0.293,0.261,0.324,0.231,0.555,0.53,0.578,0.308,0.253,0.244,0.174,0.341,0.19,0.566,0.515,0.502,0.485,0.442,0.412,0.3
0.332,0.332,0.32,0.32,0.344,0.475,0.389,0.279,0.454,0.275,0.279,0.375,0.304,0.344,0.375,0.279,0.304,0.344,0.72,0.304,0.569,0.287,0.569,0.267,0.304,0.389,0.267,0.279,0.305,0.275,0.305,0.287,0.184,0.356,0.652,0.356,0.499,0.652,0.184,0.499,0.547,0.356,0.479,0.693,0.356,0.499,0.518,0.479,0.763,0.479,0.447,0.545,0.646,0.15,0.511,0.15,0.155,0.446,0.446,0.446,0.424,0.511,0.155,0.511,0.646,0.424,0.37,0.776,0.37,0.638,0.638,0.638,0.432,0.398,0.747,0.371,0.52,0.541,0.692,0.52,0.527,0.398,0.55,0.506,0.785,0.55,0.692,0.387,0.52,0.529,0.398,0.747,0.354,0.498,0.456,0.55,0.295,0.456,0.456,0.369,0.415,0.389,0.583,0.415,0.415,0.548,0.551,0.411,0.411,0.419,0.198,0.226,0.913,0.217,0.66,0.514,0.77,0.384,0.91,0.226,0.531,0.905,0.776,0.843,0.637,0.417,0.719,0.147,0.417,0.11,0.821,0.399,0.827,0.175,0.789,0.378,0.185,0.432,0.341,0.378,0.567,0.831,0.527,0.071,0.567,0.58,0.567,0.378,0.501,0.053,0.084,0.04,0.584,0.589,0.436,0.633,0.725,0.021,0.721,0.064,0.679,0.59,0.371,0.468,0.398,0.824,0.825,0.811
0.131,0.131,0.127,0.127,0.41,0.28,0.082,0.1,0.333,0.041,0.1,0.094,0.089,0.41,0.094,0.1,0.089,0.41,0.971,0.089,0.318,0.063,0.318,0.081,0.089,0.082,0.081,0.1,0.093,0.041,0.093,0.063,0.039,0.151,0.28,0.151,0.386,0.28,0.039,0.386,0.031,0.151,0.373,0.039,0.151,0.386,0.962,0.373,0.201,0.373,0.336,0.03,0.172,0.041,0.419,0.041,0.041,0.363,0.363,0.363,0.095,0.419,0.041,0.419,0.172,0.095,0.133,0.32,0.133,0.581,0.581,0.581,0.027,0.371,0.108,0.094,0.201,0.389,0.199,0.201,0.069,0.371,0.26,0.081,0.319,0.26,0.199,0.096,0.067,0.401,0.371,0.093,0.093,0.077,0.698,0.26,0.916,0.698,0.698,0.093,0.509,0.215,0.401,0.509,0.509,0.194,0.066,0.412,0.412,0.43,0.387,0.421,0.066,0.436,0.046,0.379,0.504,0.224,0.074,0.421,0.066,0.072,0.55,0.099,0.034,0.342,0.213,0.483,0.342,0.361,0.115,0.238,0.087,0.33,0.269,0.292,0.461,0.4,0.519,0.292,0.302,0.255,0.609,0.266,0.302,0.521,0.302,0.292,0.608,0.545,0.249,0.555,0.439,0.497,0.33,0.625,0.429,0.549,0.542,0.247,0.535,0.437,0.356,0.346,0.363,0.564,0.583,0.713
0.602,0.602,0.749,0.749,0.419,0.026,0.55,0.382,0.028,0.491,0.382,0.461,0.38,0.419,0.461,0.382,0.38,0.419,0.548,0.38,0.565,0.431,0.565,0.326,0.38,0.55,0.326,0.382,0.357,0.491,0.357,0.431,0.829,0.365,0.431,0.365,0.622,0.431,0.829,0.622,0.078,0.365,0.617,0.717,0.365,0.622,0.584,0.617,0.417,0.617,0.031,0.103,0.179,0.791,0.486,0.791,0.782,0.505,0.505,0.505,0.416,0.486,0.782,0.486,0.179,0.416,0.316,0.315,0.316,0.199,0.199,0.199,0.161,0.565,0.693,0.601,0.173,0.472,0.177,0.173,0.081,0.565,0.288,0.071,0.337,0.288,0.177,0.628,0.084,0.231,0.565,0.694,0.611,0.067,0.165,0.288,0.356,0.165,0.165,0.652,0.178,0.176,0.474,0.178,0.178,0.299,0.636,0.793,0.793,0.831,0.949,0.689,0.56,0.68,0.089,0.23,0.518,0.18,0.493,0.689,0.628,0.482,0.518,0.566,0.103,0.8,0.249,0.254,0.8,0.599,0.547,0.206,0.527,0.835,0.286,0.358,0.228,0.851,0.229,0.358,0.344,0.609,0.011,0.407,0.344,0.266,0.344,0.358,0.011,0.249,0.459,0.282,0.284,0.266,0.38,0.014,0.234,0.221,0.532,0.539,0.608,0.289,0.353,0.417,0.352,0.575,0.507,0.435
0.716,0.716,0.695,0.695,0.184,0.356,0.444,0.362,0.376,0.218,0.362,0.457,0.343,0.184,0.457,0.362,0.343,0.184,0.064,0.343,0.826,0.284,0.826,0.317,0.343,0.444,0.317,0.362,0.378,0.218,0.378,0.284,0.29,0.458,0.575,0.458,0.173,0.575,0.29,0.173,0.434,0.458,0.123,0.593,0.458,0.173,0.028,0.123,0.882,0.123,0.333,0.438,0.798,0.247,0.117,0.247,0.28,0.062,0.062,0.062,0.385,0.117,0.28,0.117,0.798,0.385,0.424,0.775,0.424,0.611,0.611,0.611,0.547,0.141,0.607,0.802,0.746,0.907,0.759,0.746,0.602,0.141,0.88,0.866,0.76,0.88,0.759,0.799,0.594,0.809,0.141,0.583,0.806,0.863,0.776,0.88,0.061,0.776,0.776,0.807,0.777,0.815,0.915,0.777,0.777,0.946,0.839,0.047,0.047,0.054,0.268,0.166,0.462,0.164,0.871,0.715,0.534,0.811,0.393,0.166,0.816,0.413,0.572,0.581,0.508,0.06,0.713,0.133,0.06,0.13,0.508,0.842,0.567,0.274,0.67,0.791,0.137,0.067,0.147,0.791,0.814,0.637,0.15,0.321,0.814,0.843,0.814,0.791,0.149,0.939,0.389,0.922,0.149,0.76,0.151,0.187,0.174,0.923,0.27,0.361,0.269,0.125,0.147,0.143,0.138,0.236,0.236,0.17
0.195,0.195,0.1,0.1,0.62,0.19,0.88,0.901,0.195,0.934,0.901,0.906,0.868,0.62,0.906,0.901,0.868,0.62,0.528,0.868,0.194,0.916,0.194,0.804,0.868,0.88,0.804,0.901,0.857,0.934,0.857,0.916,0.74,0.897,0.925,0.897,0.457,0.925,0.74,0.457,0.58,0.897,0.545,0.666,0.897,0.457,0.583,0.545,0.797,0.545,0.28,0.628,0.329,0.742,0.465,0.742,0.715,0.539,0.539,0.539,0.925,0.465,0.715,0.465,0.329,0.925,0.888,0.765,0.888,0.328,0.328,0.328,0.87,0.584,0.681,0.855,0.534,0.834,0.574,0.534,0.889,0.584,0.331,0.871,0.763,0.331,0.574,0.849,0.893,0.899,0.584,0.703,0.853,0.864,0.213,0.331,0.413,0.213,0.213,0.847,0.194,0.299,0.823,0.194,0.194,0.889,0.912,0.695,0.695,0.728,0.278,0.588,0.638,0.572,0.91,0.904,0.523,0.323,0.616,0.588,0.881,0.625,0.52,0.718,0.905,0.683,0.831,0.971,0.683,0.623,0.659,0.228,0.669,0.285,0.881,0.417,0.983,0.746,0.973,0.417,0.364,0.564,0.492,0.984,0.364,0.907,0.364,0.417,0.49,0.932,0.981,0.888,0.997,0.907,0.992,0.51,0.053,0.907,0.057,0.976,0.059,0.995,0.996,0.991,0.995,0.105,0.1,0.145
0.323,0.323,0.33,0.33,0.801,0.588,0.315,0.275,0.549,0.266,0.275,0.339,0.198,0.801,0.339,0.275,0.198,0.801,0.835,0.198,0.388,0.283,0.388,0.186,0.198,0.315,0.186,0.275,0.276,0.266,0.276,0.283,0.21,0.396,0.505,0.396,0.929,0.505,0.21,0.929,0.595,0.396,0.897,0.661,0.396,0.929,0.799,0.897,0.57,0.897,0.716,0.641,0.846,0.202,0.884,0.202,0.202,0.829,0.829,0.829,0.461,0.884,0.202,0.884,0.846,0.461,0.31,0.719,0.31,0.605,0.605,0.605,0.638,0.9,0.78,0.351,0.867,0.334,0.876,0.867,0.497,0.9,0.71,0.395,0.702,0.71,0.876,0.331,0.397,0.331,0.9,0.737,0.345,0.441,0.641,0.71,0.658,0.641,0.641,0.33,0.704,0.762,0.303,0.704,0.704,0.434,0.409,0.576,0.576,0.518,0.189,0.096,0.519,0.103,0.471,0.32,0.725,0.734,0.55,0.096,0.425,0.552,0.727,0.589,0.465,0.698,0.465,0.557,0.698,0.049,0.616,0.63,0.628,0.172,0.576,0.784,0.509,0.594,0.508,0.784,0.822,0.592,0.778,0.353,0.822,0.505,0.822,0.784,0.784,0.988,0.351,0.984,0.789,0.485,0.719,0.827,0.907,0.984,0.899,0.345,0.867,0.776,0.765,0.693,0.747,0.922,0.907,0.889
0.827,0.827,0.976,0.976,0.892,0.235,0.739,0.261,0.24,0.458,0.261,0.386,0.573,0.892,0.386,0.261,0.573,0.892,0.498,0.573,0.616,0.228,0.616,0.462,0.573,0.739,0.462,0.261,0.228,0.458,0.228,0.228,0.367,0.195,0.248,0.195,0.964,0.248,0.367,0.964,0.114,0.195,0.958,0.184,0.195,0.964,0.477,0.958,0.127,0.958,0.235,0.118,0.914,0.295,0.904,0.295,0.287,0.867,0.867,0.867,0.226,0.904,0.287,0.904,0.914,0.226,0.161,0.15,0.161,0.793,0.793,0.793,0.163,0.909,0.279,0.077,0.876,0.264,0.894,0.876,0.123,0.909,0.965,0.101,0.138,0.965,0.894,0.085,0.099,0.291,0.909,0.298,0.082,0.111,0.762,0.965,0.285,0.762,0.762,0.09,0.792,0.889,0.26,0.792,0.792,0.229,0.133,0.901,0.901,0.855,0.854,0.838,0.289,0.715,0.165,0.355,0.101,0.881,0.288,0.838,0.113,0.289,0.101,0.047,0.186,0.923,0.298,0.148,0.923,0.758,0.034,0.885,0.031,0.873,0.417,0.965,0.148,0.888,0.156,0.965,0.963,0.081,0.029,0.994,0.963,0.393,0.963,0.965,0.034,0.973,0.993,0.977,0.282,0.438,0.351,0.02,0.344,0.976,0.604,0.993,0.653,0.27,0.367,0.263,0.284,0.699,0.709,0.428
0.76,0.76,0.822,0.822,0.904,0.003,0.428,0.45,0.003,0.46,0.45,0.455,0.453,0.904,0.455,0.45,0.453,0.904,0.736,0.453,0.624,0.52,0.624,0.414,0.453,0.428,0.414,0.45,0.397,0.46,0.397,0.52,0.348,0.27,0.329,0.27,0.958,0.329,0.348,0.958,0.001,0.27,0.96,0.29,0.27,0.958,0.73,0.96,0.236,0.96,0.003,0.001,0.68,0.281,0.97,0.281,0.274,0.973,0.973,0.973,0.506,0.97,0.274,0.97,0.68,0.506,0.209,0.343,0.209,0.474,0.474,0.474,0.007,0.852,0.209,0.004,0.874,0.495,0.846,0.874,0.002,0.852,0.816,0.003,0.353,0.816,0.846,0.004,0.002,0.539,0.852,0.215,0.004,0.005,0.631,0.816,0.568,0.631,0.631,0.004,0.618,0.868,0.511,0.618,0.618,0.361,0.003,0.988,0.988,0.998,0.629,0.943,0.325,0.925,0.002,0.536,0.473,0.898,0.375,0.943,0.002,0.343,0.455,0.505,0.001,0.986,0.489,0.597,0.986,0.379,0.484,0.709,0.474,0.583,0.254,0.945,0.707,0.994,0.621,0.945,0.947,0.427,0.892,0.852,0.947,0.356,0.947,0.945,0.867,0.749,0.763,0.728,0.359,0.371,0.518,0.798,0.741,0.751,0.735,0.738,0.72,0.281,0.499,0.571,0.591,0.84,0.878,0.74
0.639,0.639,0.559,0.559,0.274,0.82,0.497,0.398,0.824,0.659,0.398,0.383,0.402,0.274,0.383,0.398,0.402,0.274,0.025,0.402,0.52,0.638,0.52,0.384,0.402,0.497,0.384,0.398,0.376,0.659,0.376,0.638,0.558,0.326,0.416,0.326,0.014,0.416,0.558,0.014,0.81,0.326,0.013,0.849,0.326,0.014,0.024,0.013,0.78,0.013,0.89,0.754,0.485,0.695,0.014,0.695,0.7,0.011,0.011,0.011,0.57,0.014,0.7,0.014,0.485,0.57,0.32,0.812,0.32,0.226,0.226,0.226,0.885,0.224,0.949,0.917,0.364,0.524,0.359,0.364,0.919,0.224,0.075,0.937,0.845,0.075,0.359,0.916,0.909,0.688,0.224,0.947,0.914,0.942,0.195,0.075,0.496,0.195,0.195,0.91,0.143,0.278,0.487,0.143,0.143,0.281,0.844,0.106,0.106,0.119,0.513,0.246,0.67,0.246,0.857,0.588,0.587,0.249,0.669,0.246,0.845,0.672,0.539,0.619,0.917,0.095,0.323,0.974,0.095,0.663,0.716,0.255,0.695,0.46,0.192,0.031,0.979,0.109,0.927,0.031,0.036,0.492,0.204,0.862,0.036,0.403,0.036,0.031,0.227,0.875,0.938,0.874,0.975,0.54,0.965,0.278,0.857,0.885,0.938,0.911,0.947,0.981,0.986,0.968,0.992,0.942,0.911,0.989
0.62,0.62,0.639,0.639,0.172,0.039,0.318,0.673,0.034,0.385,0.673,0.318,0.7,0.172,0.318,0.673,0.7,0.172,0.818,0.7,0.465,0.407,0.465,0.642,0.7,0.318,0.642,0.673,0.64,0.385,0.64,0.407,0.326,0.732,0.403,0.732,0.836,0.403,0.326,0.836,0.215,0.732,0.864,0.533,0.732,0.836,0.788,0.864,0.927,0.864,0.033,0.211,0.115,0.342,0.463,0.342,0.324,0.803,0.803,0.803,0.451,0.463,0.324,0.463,0.115,0.451,0.677,0.942,0.677,0.139,0.139,0.139,0.162,0.33,0.67,0.043,0.521,0.88,0.444,0.521,0.142,0.33,0.123,0.08,0.964,0.123,0.444,0.045,0.139,0.877,0.33,0.681,0.042,0.083,0.495,0.123,0.949,0.495,0.495,0.046,0.475,0.446,0.869,0.475,0.475,0.797,0.041,0.757,0.757,0.683,0.658,0.495,0.024,0.601,0.081,0.885,0.875,0.532,0.027,0.495,0.04,0.027,0.895,0.037,0.085,0.72,0.793,0.532,0.72,0.728,0.037,0.131,0.036,0.608,0.825,0.508,0.485,0.64,0.72,0.508,0.433,0.852,0.789,0.795,0.433,0.831,0.433,0.508,0.78,0.894,0.777,0.863,0.456,0.848,0.399,0.829,0.62,0.909,0.471,0.729,0.474,0.438,0.373,0.382,0.377,0.679,0.705,0.62
0.724,0.724,0.71,0.71,0.082,0.886,0.579,0.444,0.786,0.961,0.444,0.599,0.428,0.082,0.599,0.444,0.428,0.082,0.116,0.428,0.706,0.966,0.706,0.473,0.428,0.579,0.473,0.444,0.521,0.961,0.521,0.966,0.779,0.49,0.672,0.49,0.249,0.672,0.779,0.249,0.892,0.49,0.391,0.862,0.49,0.249,0.181,0.391,0.761,0.391,0.726,0.891,0.425,0.792,0.269,0.792,0.783,0.359,0.359,0.359,0.959,0.269,0.783,0.269,0.425,0.959,0.545,0.794,0.545,0.375,0.375,0.375,0.99,0.063,0.812,0.915,0.414,0.843,0.352,0.414,0.908,0.063,0.352,0.875,0.825,0.352,0.352,0.973,0.917,0.631,0.063,0.772,0.912,0.846,0.44,0.352,0.029,0.44,0.44,0.969,0.418,0.359,0.879,0.418,0.418,0.862,0.943,0.567,0.567,0.64,0.619,0.234,0.736,0.237,0.839,0.594,0.395,0.375,0.687,0.234,0.939,0.671,0.421,0.682,0.888,0.47,0.619,0.363,0.47,0.629,0.692,0.37,0.69,0.505,0.701,0.346,0.35,0.506,0.422,0.346,0.339,0.434,0.881,0.133,0.339,0.624,0.339,0.346,0.908,0.136,0.192,0.166,0.695,0.597,0.762,0.957,0.76,0.144,0.836,0.202,0.82,0.709,0.769,0.623,0.661,0.562,0.495,0.653
0.223,0.223,0.21,0.21,0.298,0.2,0.163,0.069,0.194,0.096,0.069,0.082,0.091,0.298,0.082,0.069,0.091,0.298,0.817,0.091,0.107,0.05,0.107,0.083,0.091,0.163,0.083,0.069,0.07,0.096,0.07,0.05,0.037,0.076,0.078,0.076,0.615,0.078,0.037,0.615,0.782,0.076,0.563,0.504,0.076,0.615,0.708,0.563,0.885,0.563,0.314,0.611,0.225,0.02,0.568,0.02,0.02,0.504,0.504,0.504,0.055,0.568,0.02,0.568,0.225,0.055,0.074,0.853,0.074,0.462,0.462,0.462,0.47,0.432,0.435,0.422,0.352,0.661,0.349,0.352,0.572,0.432,0.18,0.488,0.881,0.18,0.349,0.417,0.541,0.595,0.432,0.404,0.42,0.499,0.562,0.18,0.25,0.562,0.562,0.471,0.592,0.151,0.523,0.592,0.592,0.545,0.34,0.668,0.668,0.668,0.424,0.722,0.612,0.802,0.395,0.478,0.411,0.149,0.637,0.722,0.431,0.607,0.516,0.568,0.485,0.71,0.464,0.615,0.71,0.458,0.617,0.194,0.596,0.473,0.368,0.312,0.615,0.709,0.716,0.312,0.293,0.391,0.788,0.581,0.293,0.405,0.293,0.312,0.733,0.73,0.539,0.82,0.571,0.394,0.484,0.71,0.596,0.799,0.536,0.516,0.484,0.591,0.448,0.581,0.529,0.733,0.767,0.727
0.92,0.92,0.907,0.907,0.854,0.732,0.755,0.734,0.846,0.766,0.734,0.829,0.639,0.854,0.829,0.734,0.639,0.854,0.466,0.639,0.967,0.802,0.967,0.569,0.639,0.755,0.569,0.734,0.662,0.766,0.662,0.802,0.57,0.856,0.87,0.856,0.255,0.87,0.57,0.255,0.389,0.856,0.212,0.221,0.856,0.255,0.395,0.212,0.105,0.212,0.799,0.393,0.386,0.561,0.382,0.561,0.606,0.303,0.303,0.303,0.856,0.382,0.606,0.382,0.386,0.856,0.802,0.129,0.802,0.633,0.633,0.633,0.344,0.303,0.295,0.205,0.484,0.153,0.488,0.484,0.296,0.303,0.861,0.246,0.108,0.861,0.488,0.194,0.323,0.172,0.303,0.241,0.203,0.259,0.793,0.861,0.923,0.793,0.793,0.195,0.687,0.754,0.17,0.687,0.687,0.122,0.267,0.468,0.468,0.447,0.384,0.22,0.623,0.154,0.282,0.194,0.26,0.718,0.596,0.22,0.258,0.597,0.319,0.485,0.305,0.487,0.11,0.574,0.487,0.321,0.457,0.734,0.458,0.369,0.089,0.493,0.629,0.474,0.634,0.493,0.605,0.193,0.123,0.481,0.605,0.134,0.605,0.493,0.129,0.33,0.331,0.141,0.663,0.132,0.735,0.096,0.843,0.169,0.9,0.319,0.879,0.676,0.709,0.778,0.757,0.291,0.366,0.271
0.75,0.75,0.743,0.743,0.787,0.335,0.714,0.745,0.404,0.657,0.745,0.734,0.719,0.787,0.734,0.745,0.719,0.787,0.533,0.719,0.849,0.687,0.849,0.873,0.719,0.714,0.873,0.745,0.881,0.657,0.881,0.687,0.426,0.717,0.719,0.717,0.841,0.719,0.426,0.841,0.928,0.717,0.811,0.35,0.717,0.841,0.677,0.811,0.262,0.811,0.341,0.909,0.605,0.416,0.804,0.416,0.418,0.769,0.769,0.769,0.702,0.804,0.418,0.804,0.605,0.702,0.852,0.221,0.852,0.389,0.389,0.389,0.813,0.785,0.314,0.747,0.405,0.523,0.4,0.405,0.833,0.785,0.689,0.81,0.228,0.689,0.4,0.765,0.839,0.717,0.785,0.292,0.672,0.793,0.262,0.689,0.655,0.262,0.262,0.685,0.282,0.505,0.629,0.282,0.282,0.675,0.667,0.828,0.828,0.886,0.8,0.675,0.237,0.599,0.768,0.753,0.779,0.489,0.207,0.675,0.655,0.198,0.782,0.423,0.796,0.848,0.823,0.732,0.848,0.621,0.55,0.656,0.484,0.837,0.865,0.572,0.698,0.802,0.585,0.572,0.61,0.708,0.747,0.5,0.61,0.744,0.61,0.572,0.697,0.733,0.436,0.692,0.814,0.564,0.806,0.805,0.319,0.711,0.62,0.473,0.574,0.825,0.846,0.799,0.828,0.721,0.754,0.706
0.533,0.533,0.571,0.571,0.554,0.457,0.657,0.264,0.457,0.282,0.264,0.47,0.42,0.554,0.47,0.264,0.42,0.554,0.252,0.42,0.328,0.154,0.328,0.42,0.42,0.657,0.42,0.264,0.218,0.282,0.218,0.154,0.523,0.311,0.353,0.311,0.58,0.353,0.523,0.58,0.512,0.311,0.57,0.131,0.311,0.58,0.255,0.57,0.66,0.57,0.525,0.603,0.714,0.57,0.25,0.57,0.591,0.216,0.216,0.216,0.145,0.25,0.591,0.25,0.714,0.145,0.295,0.59,0.295,0.657,0.657,0.657,0.737,0.526,0.089,0.429,0.643,0.089,0.633,0.643,0.47,0.526,0.767,0.427,0.6,0.767,0.633,0.426,0.398,0.16,0.526,0.123,0.415,0.383,0.478,0.767,0.124,0.478,0.478,0.416,0.567,0.699,0.088,0.567,0.567,0.084,0.371,0.644,0.644,0.694,0.841,0.435,0.435,0.494,0.365,0.166,0.475,0.705,0.443,0.435,0.353,0.419,0.456,0.467,0.408,0.575,0.154,0.141,0.575,0.839,0.431,0.772,0.423,0.816,0.188,0.747,0.141,0.695,0.121,0.747,0.754,0.387,0.728,0.076,0.754,0.205,0.754,0.747,0.751,0.129,0.106,0.13,0.221,0.211,0.339,0.766,0.281,0.134,0.512,0.098,0.47,0.219,0.307,0.319,0.301,0.487,0.394,0.46
0.537,0.537,0.472,0.472,0.835,0.902,0.34,0.313,0.864,0.112,0.313,0.365,0.269,0.835,0.365,0.313,0.269,0.835,0.369,0.269,0.405,0.146,0.405,0.296,0.269,0.34,0.296,0.313,0.333,0.112,0.333,0.146,0.417,0.22,0.276,0.22,0.837,0.276,0.417,0.837,0.741,0.22,0.751,0.716,0.22,0.837,0.359,0.751,0.098,0.751,0.76,0.809,0.563,0.396,0.8,0.396,0.358,0.7,0.7,0.7,0.114,0.8,0.358,0.8,0.563,0.114,0.211,0.056,0.211,0.679,0.679,0.679,0.815,0.894,0.761,0.832,0.633,0.109,0.622,0.633,0.659,0.894,0.728,0.918,0.057,0.728,0.622,0.784,0.769,0.163,0.894,0.733,0.829,0.859,0.731,0.728,0.425,0.731,0.731,0.79,0.771,0.849,0.102,0.771,0.771,0.167,0.829,0.818,0.818,0.905,0.623,0.894,0.675,0.92,0.87,0.164,0.472,0.815,0.634,0.894,0.81,0.635,0.522,0.533,0.679,0.875,0.25,0.847,0.875,0.847,0.48,0.667,0.495,0.666,0.386,0.522,0.782,0.941,0.951,0.522,0.623,0.681,0.658,0.995,0.623,0.214,0.623,0.522,0.699,0.89,0.874,0.894,0.675,0.206,0.694,0.72,0.442,0.878,0.601,0.889,0.56,0.697,0.67,0.66,0.655,0.631,0.622,0.541
0.087,0.087,0.069,0.069,0.847,0.267,0.067,0.076,0.254,0.066,0.076,0.08,0.056,0.847,0.08,0.076,0.056,0.847,0.414,0.056,0.108,0.078,0.108,0.058,0.056,0.067,0.058,0.076,0.077,0.066,0.077,0.078,0.123,0.084,0.108,0.084,0.932,0.108,0.123,0.932,0.588,0.084,0.876,0.542,0.084,0.932,0.416,0.876,0.466,0.876,0.216,0.614,0.697,0.137,0.906,0.137,0.137,0.844,0.844,0.844,0.108,0.906,0.137,0.906,0.697,0.108,0.084,0.514,0.084,0.674,0.674,0.674,0.63,0.767,0.519,0.413,0.655,0.836,0.73,0.655,0.465,0.767,0.739,0.489,0.659,0.739,0.73,0.384,0.437,0.333,0.767,0.448,0.402,0.471,0.708,0.739,0.451,0.708,0.708,0.394,0.661,0.847,0.811,0.661,0.661,0.768,0.452,0.744,0.744,0.56,0.093,0.45,0.154,0.406,0.512,0.321,0.154,0.772,0.129,0.45,0.46,0.126,0.159,0.39,0.495,0.697,0.338,0.158,0.697,0.072,0.263,0.704,0.279,0.087,0.227,0.782,0.239,0.493,0.212,0.782,0.823,0.278,0.313,0.166,0.823,0.164,0.823,0.782,0.343,0.27,0.301,0.297,0.346,0.131,0.362,0.178,0.667,0.287,0.612,0.279,0.62,0.319,0.312,0.362,0.315,0.53,0.6,0.569
0.787,0.787,0.595,0.595,0.457,0.825,0.783,0.832,0.81,0.777,0.832,0.825,0.848,0.457,0.825,0.832,0.848,0.457,0.638,0.848,0.662,0.81,0.662,0.893,0.848,0.783,0.893,0.832,0.911,0.777,0.911,0.81,0.492,0.871,0.746,0.871,0.498,0.746,0.492,0.498,0.785,0.871,0.47,0.8,0.871,0.498,0.607,0.47,0.088,0.47,0.61,0.758,0.526,0.488,0.389,0.488,0.464,0.322,0.322,0.322,0.882,0.389,0.464,0.389,0.526,0.882,0.939,0.109,0.939,0.678,0.678,0.678,0.628,0.497,0.847,0.894,0.371,0.229,0.367,0.371,0.939,0.497,0.832,0.86,0.124,0.832,0.367,0.881,0.94,0.252,0.497,0.843,0.844,0.871,0.546,0.832,0.578,0.546,0.546,0.862,0.595,0.705,0.232,0.595,0.595,0.163,0.85,0.628,0.628,0.664,0.199,0.218,0.552,0.238,0.869,0.253,0.07,0.682,0.586,0.218,0.842,0.586,0.054,0.625,0.901,0.481,0.252,0.851,0.481,0.224,0.651,0.894,0.647,0.203,0.3,0.612,0.81,0.529,0.894,0.612,0.655,0.102,0.249,0.869,0.655,0.291,0.655,0.612,0.256,0.711,0.826,0.576,0.691,0.297,0.465,0.433,0.274,0.588,0.607,0.831,0.628,0.504,0.683,0.457,0.663,0.336,0.352,0.351
0.091,0.091,0.082,0.082,0.055,0.854,0.091,0.082,0.87,0.079,0.082,0.105,0.067,0.055,0.105,0.082,0.067,0.055,0.881,0.067,0.086,0.09,0.086,0.072,0.067,0.091,0.072,0.082,0.088,0.079,0.088,0.09,0.055,0.134,0.174,0.134,0.137,0.174,0.055,0.137,0.513,0.134,0.088,0.578,0.134,0.137,0.686,0.088,0.452,0.088,0.925,0.516,0.193,0.036,0.155,0.036,0.036,0.1,0.1,0.1,0.149,0.155,0.036,0.155,0.193,0.149,0.131,0.555,0.131,0.066,0.066,0.066,0.642,0.182,0.669,0.463,0.108,0.621,0.116,0.108,0.512,0.182,0.167,0.36,0.545,0.167,0.116,0.473,0.514,0.783,0.182,0.641,0.455,0.337,0.065,0.167,0.878,0.065,0.065,0.469,0.072,0.142,0.657,0.072,0.072,0.7,0.641,0.165,0.165,0.174,0.443,0.375,0.749,0.341,0.506,0.849,0.121,0.134,0.756,0.375,0.634,0.75,0.158,0.728,0.621,0.282,0.781,0.59,0.282,0.641,0.721,0.16,0.736,0.602,0.7,0.167,0.58,0.291,0.454,0.167,0.186,0.388,0.735,0.308,0.186,0.839,0.186,0.167,0.717,0.41,0.464,0.448,0.512,0.88,0.663,0.734,0.384,0.371,0.739,0.484,0.77,0.61,0.637,0.643,0.621,0.956,0.955,0.553
0.679,0.679,0.677,0.677,0.56,0.008,0.814,0.788,0.008,0.602,0.788,0.821,0.779,0.56,0.821,0.788,0.779,0.56,0.1,0.779,0.85,0.631,0.85,0.745,0.779,0.814,0.745,0.788,0.763,0.602,0.763,0.631,0.636,0.882,0.907,0.882,0.577,0.907,0.636,0.577,0.163,0.882,0.572,0.579,0.882,0.577,0.1,0.572,0.841,0.572,0.009,0.159,0.229,0.606,0.575,0.606,0.564,0.571,0.571,0.571,0.715,0.575,0.564,0.575,0.229,0.715,0.847,0.851,0.847,0.162,0.162,0.162,0.174,0.576,0.592,0.058,0.236,0.641,0.249,0.236,0.052,0.576,0.35,0.046,0.873,0.35,0.249,0.077,0.057,0.668,0.576,0.592,0.054,0.044,0.17,0.35,0.319,0.17,0.17,0.069,0.169,0.325,0.652,0.169,0.169,0.66,0.06,0.503,0.503,0.504,0.614,0.86,0.941,0.826,0.047,0.681,0.792,0.276,0.934,0.86,0.06,0.935,0.805,0.961,0.063,0.523,0.646,0.386,0.523,0.435,0.966,0.24,0.972,0.561,0.744,0.478,0.537,0.504,0.255,0.478,0.414,0.598,0.405,0.318,0.414,0.877,0.414,0.478,0.452,0.209,0.312,0.192,0.533,0.906,0.585,0.46,0.627,0.176,0.821,0.311,0.827,0.589,0.564,0.751,0.708,0.693,0.772,0.518
0.979,0.979,0.968,0.968,0.015,0.684,0.85,0.938,0.662,0.75,0.938,0.914,0.899,0.015,0.914,0.938,0.899,0.015,0.014,0.899,0.948,0.787,0.948,0.875,0.899,0.85,0.875,0.938,0.925,0.75,0.925,0.787,0.424,0.922,0.86,0.922,0.125,0.86,0.424,0.125,0.877,0.922,0.08,0.901,0.922,0.125,0.014,0.08,0.87,0.08,0.669,0.873,0.4,0.445,0.035,0.445,0.441,0.028,0.028,0.028,0.744,0.035,0.441,0.035,0.4,0.744,0.895,0.906,0.895,0.33,0.33,0.33,0.879,0.016,0.939,0.902,0.584,0.835,0.601,0.584,0.905,0.016,0.226,0.874,0.903,0.226,0.601,0.888,0.895,0.952,0.016,0.92,0.886,0.868,0.593,0.226,0.001,0.593,0.593,0.88,0.65,0.656,0.876,0.65,0.65,0.834,0.895,0.024,0.024,0.026,0.089,0.106,0.595,0.159,0.863,0.959,0.992,0.615,0.518,0.106,0.89,0.52,0.989,0.679,0.902,0.029,0.875,0.855,0.029,0.24,0.61,0.507,0.618,0.074,0.852,0.395,0.84,0.032,0.841,0.395,0.429,0.967,0.333,0.882,0.429,0.941,0.429,0.395,0.326,0.777,0.922,0.788,0.687,0.936,0.677,0.292,0.958,0.773,0.946,0.925,0.945,0.738,0.667,0.662,0.648,0.839,0.854,0.885
0.406,0.406,0.442,0.442,0.088,0.658,0.238,0.12,0.682,0.069,0.12,0.218,0.118,0.088,0.218,0.12,0.118,0.088,0.229,0.118,0.589,0.075,0.589,0.1,0.118,0.238,0.1,0.12,0.101,0.069,0.101,0.075,0.238,0.149,0.285,0.149,0.058,0.285,0.238,0.058,0.612,0.149,0.063,0.943,0.149,0.058,0.192,0.063,0.534,0.063,0.652,0.592,0.28,0.219,0.062,0.219,0.228,0.064,0.064,0.064,0.1,0.062,0.228,0.062,0.28,0.1,0.145,0.392,0.145,0.376,0.376,0.376,0.62,0.147,0.828,0.329,0.146,0.666,0.132,0.146,0.467,0.147,0.15,0.411,0.374,0.15,0.132,0.349,0.476,0.794,0.147,0.858,0.371,0.4,0.305,0.15,0.176,0.305,0.305,0.388,0.302,0.06,0.636,0.302,0.302,0.659,0.377,0.146,0.146,0.164,0.346,0.326,0.232,0.333,0.528,0.82,0.958,0.07,0.222,0.326,0.394,0.238,0.938,0.207,0.542,0.142,0.671,0.428,0.142,0.253,0.298,0.178,0.296,0.237,0.906,0.053,0.33,0.167,0.409,0.053,0.046,0.89,0.68,0.303,0.046,0.83,0.046,0.053,0.721,0.186,0.284,0.138,0.529,0.841,0.616,0.637,0.555,0.143,0.686,0.291,0.703,0.577,0.607,0.508,0.518,0.574,0.538,0.821
0.97,0.97,0.98,0.98,0.788,0.678,0.999,0.988,0.801,0.977,0.988,0.993,0.999,0.788,0.993,0.988,0.999,0.788,0.96,0.999,0.982,0.965,0.982,0.995,0.999,0.999,0.995,0.988,0.982,0.977,0.982,0.965,0.9,0.988,0.996,0.988,0.998,0.996,0.9,0.998,0.17,0.988,0.983,0.315,0.988,0.998,0.947,0.983,0.521,0.983,0.741,0.191,0.976,0.853,0.957,0.853,0.85,0.929,0.929,0.929,0.944,0.957,0.85,0.957,0.976,0.944,0.982,0.49,0.982,0.896,0.896,0.896,0.209,0.847,0.398,0.328,0.993,0.158,0.998,0.993,0.194,0.847,0.963,0.183,0.473,0.963,0.998,0.354,0.202,0.303,0.847,0.387,0.334,0.176,0.953,0.963,0.789,0.953,0.953,0.358,0.966,0.999,0.152,0.966,0.966,0.168,0.338,0.336,0.336,0.279,0.051,0.116,0.274,0.08,0.204,0.33,0.299,0.996,0.29,0.116,0.34,0.305,0.252,0.32,0.171,0.354,0.296,0.07,0.354,0.046,0.317,0.984,0.318,0.052,0.364,0.994,0.055,0.265,0.069,0.994,0.996,0.316,0.099,0.058,0.996,0.304,0.996,0.994,0.102,0.118,0.046,0.162,0.085,0.302,0.138,0.122,0.13,0.128,0.123,0.043,0.127,0.089,0.105,0.107,0.092,0.147,0.104,0.104
0.789,0.789,0.721,0.721,0.031,0.587,0.852,0.823,0.586,0.855,0.823,0.916,0.886,0.031,0.916,0.823,0.886,0.031,0.995,0.886,0.805,0.89,0.805,0.842,0.886,0.852,0.842,0.823,0.812,0.855,0.812,0.89,0.565,0.955,0.924,0.955,0.09,0.924,0.565,0.09,0.047,0.955,0.074,0.044,0.955,0.09,0.994,0.074,0.036,0.074,0.562,0.066,0.012,0.596,0.058,0.596,0.586,0.047,0.047,0.047,0.857,0.058,0.586,0.058,0.012,0.857,0.933,0.004,0.933,0.011,0.011,0.011,0.026,0.034,0.04,0.063,0.015,0.032,0.019,0.015,0.047,0.034,0.013,0.039,0.005,0.013,0.019,0.066,0.048,0.011,0.034,0.04,0.069,0.041,0.039,0.013,0.99,0.039,0.039,0.06,0.029,0.011,0.038,0.029,0.029,0.118,0.046,0.141,0.141,0.141,0.209,0.147,0.088,0.135,0.044,0.018,0.012,0.011,0.073,0.147,0.05,0.071,0.01,0.094,0.029,0.159,0.03,0.853,0.159,0.268,0.099,0.01,0.103,0.187,0.038,0.023,0.831,0.164,0.781,0.023,0.025,0.025,0.516,0.812,0.025,0.017,0.025,0.023,0.51,1.0,0.849,1.0,0.848,0.022,0.713,0.519,0.731,1.0,0.788,0.796,0.774,0.797,0.802,0.68,0.792,0.421,0.43,0.193
0.372,0.372,0.362,0.362,0.283,0.374,0.233,0.307,0.43,0.434,0.307,0.237,0.306,0.283,0.237,0.307,0.306,0.283,0.472,0.306,0.326,0.469,0.326,0.289,0.306,0.233,0.289,0.307,0.297,0.434,0.297,0.469,0.436,0.387,0.293,0.387,0.413,0.293,0.436,0.413,0.78,0.387,0.351,0.217,0.387,0.413,0.487,0.351,0.476,0.351,0.369,0.859,0.241,0.218,0.639,0.218,0.211,0.585,0.585,0.585,0.618,0.639,0.211,0.639,0.241,0.618,0.296,0.626,0.296,0.282,0.282,0.282,0.691,0.159,0.286,0.608,0.548,0.758,0.604,0.548,0.772,0.159,0.164,0.712,0.727,0.164,0.604,0.659,0.758,0.711,0.159,0.386,0.579,0.694,0.769,0.164,0.665,0.769,0.769,0.658,0.851,0.208,0.822,0.851,0.851,0.599,0.464,0.085,0.085,0.061,0.158,0.021,0.288,0.022,0.58,0.731,0.61,0.196,0.34,0.021,0.459,0.485,0.633,0.323,0.744,0.03,0.529,0.706,0.03,0.08,0.39,0.119,0.453,0.102,0.502,0.305,0.716,0.026,0.692,0.305,0.353,0.455,0.323,0.568,0.353,0.712,0.353,0.305,0.339,0.699,0.671,0.754,0.721,0.652,0.689,0.375,0.775,0.75,0.606,0.639,0.643,0.603,0.745,0.706,0.733,0.798,0.746,0.92
0.91,0.91,0.894,0.894,0.282,0.408,0.954,0.984,0.388,0.998,0.984,0.949,0.978,0.282,0.949,0.984,0.978,0.282,0.303,0.978,0.931,0.998,0.931,0.94,0.978,0.954,0.94,0.984,0.958,0.998,0.958,0.998,0.912,0.991,0.98,0.991,0.191,0.98,0.912,0.191,0.67,0.991,0.18,0.41,0.991,0.191,0.223,0.18,0.894,0.18,0.407,0.753,0.309,0.945,0.169,0.945,0.923,0.148,0.148,0.148,0.996,0.169,0.923,0.169,0.309,0.996,0.955,0.797,0.955,0.23,0.23,0.23,0.835,0.269,0.508,0.729,0.382,0.488,0.296,0.382,0.844,0.269,0.168,0.826,0.834,0.168,0.296,0.708,0.816,0.547,0.269,0.486,0.719,0.819,0.251,0.168,0.157,0.251,0.251,0.698,0.272,0.173,0.496,0.272,0.272,0.43,0.785,0.167,0.167,0.182,0.069,0.181,0.384,0.178,0.844,0.561,0.796,0.168,0.359,0.181,0.748,0.383,0.794,0.369,0.876,0.223,0.467,0.109,0.223,0.045,0.449,0.162,0.386,0.065,0.469,0.153,0.111,0.225,0.224,0.153,0.165,0.693,0.274,0.345,0.165,0.691,0.165,0.153,0.289,0.336,0.438,0.423,0.347,0.688,0.278,0.264,0.378,0.428,0.43,0.403,0.428,0.383,0.226,0.286,0.212,0.069,0.068,0.085
0.336,0.336,0.375,0.375,0.061,0.743,0.195,0.428,0.721,0.262,0.428,0.215,0.377,0.061,0.215,0.428,0.377,0.061,0.532,0.377,0.231,0.321,0.231,0.319,0.377,0.195,0.319,0.428,0.382,0.262,0.382,0.321,0.131,0.354,0.194,0.354,0.039,0.194,0.131,0.039,0.921,0.354,0.039,0.085,0.354,0.039,0.377,0.039,0.13,0.039,0.663,0.838,0.034,0.228,0.038,0.228,0.233,0.042,0.042,0.042,0.298,0.038,0.233,0.038,0.034,0.298,0.332,0.127,0.332,0.092,0.092,0.092,0.641,0.075,0.092,0.814,0.031,0.458,0.03,0.031,0.712,0.075,0.044,0.87,0.123,0.044,0.03,0.833,0.717,0.6,0.075,0.096,0.805,0.894,0.134,0.044,0.611,0.134,0.134,0.818,0.099,0.035,0.437,0.099,0.099,0.342,0.82,0.118,0.118,0.138,0.417,0.378,0.42,0.449,0.847,0.57,0.86,0.035,0.346,0.378,0.811,0.35,0.869,0.479,0.702,0.133,0.405,0.701,0.133,0.541,0.468,0.046,0.421,0.476,0.452,0.05,0.732,0.179,0.701,0.05,0.045,0.644,0.918,0.687,0.045,0.675,0.045,0.05,0.847,0.595,0.662,0.61,0.355,0.628,0.472,0.877,0.115,0.605,0.166,0.65,0.171,0.338,0.404,0.424,0.399,0.468,0.513,0.123
0.739,0.739,0.712,0.712,0.68,0.13,0.663,0.797,0.128,0.856,0.797,0.782,0.762,0.68,0.782,0.797,0.762,0.68,0.605,0.762,0.747,0.873,0.747,0.819,0.762,0.663,0.819,0.797,0.906,0.856,0.906,0.873,0.468,0.822,0.765,0.822,0.771,0.765,0.468,0.771,0.559,0.822,0.755,0.505,0.822,0.771,0.605,0.755,0.914,0.755,0.186,0.528,0.847,0.491,0.785,0.491,0.457,0.766,0.766,0.766,0.899,0.785,0.457,0.785,0.847,0.899,0.883,0.781,0.883,0.672,0.672,0.672,0.643,0.756,0.346,0.498,0.914,0.792,0.939,0.914,0.601,0.756,0.84,0.523,0.839,0.84,0.939,0.507,0.573,0.812,0.756,0.389,0.527,0.542,0.786,0.84,0.343,0.786,0.786,0.536,0.781,0.896,0.762,0.781,0.781,0.65,0.498,0.776,0.776,0.76,0.562,0.77,0.895,0.831,0.5,0.7,0.624,0.887,0.907,0.77,0.53,0.898,0.702,0.915,0.666,0.805,0.492,0.215,0.805,0.825,0.923,0.757,0.907,0.576,0.403,0.914,0.189,0.793,0.207,0.914,0.937,0.614,0.787,0.316,0.937,0.679,0.937,0.914,0.831,0.708,0.313,0.671,0.265,0.674,0.321,0.833,0.563,0.688,0.453,0.315,0.451,0.275,0.306,0.26,0.255,0.588,0.549,0.544
0.271,0.271,0.473,0.473,0.267,0.945,0.482,0.317,0.946,0.366,0.317,0.426,0.458,0.267,0.426,0.317,0.458,0.267,0.123,0.458,0.338,0.206,0.338,0.408,0.458,0.482,0.408,0.317,0.289,0.366,0.289,0.206,0.392,0.259,0.27,0.259,0.259,0.27,0.392,0.259,0.904,0.259,0.293,0.064,0.259,0.259,0.109,0.293,0.278,0.293,0.982,0.905,0.148,0.312,0.123,0.312,0.311,0.132,0.132,0.132,0.192,0.123,0.311,0.123,0.148,0.192,0.276,0.213,0.276,0.099,0.099,0.099,0.967,0.25,0.057,0.908,0.132,0.35,0.108,0.132,0.946,0.25,0.169,0.947,0.179,0.169,0.108,0.908,0.964,0.403,0.25,0.053,0.927,0.929,0.071,0.169,0.081,0.071,0.071,0.924,0.065,0.059,0.348,0.065,0.065,0.45,0.89,0.471,0.471,0.509,0.746,0.517,0.876,0.52,0.959,0.458,0.88,0.078,0.857,0.517,0.916,0.853,0.784,0.854,0.979,0.5,0.565,0.92,0.5,0.42,0.851,0.11,0.853,0.842,0.687,0.089,0.93,0.535,0.952,0.089,0.072,0.824,0.858,0.916,0.072,0.568,0.072,0.089,0.862,0.779,0.9,0.681,0.992,0.634,0.983,0.861,0.511,0.697,0.666,0.913,0.649,0.986,0.988,0.981,0.982,0.675,0.61,0.812
0.798,0.798,0.75,0.75,0.592,0.07,0.812,0.942,0.07,0.78,0.942,0.881,0.911,0.592,0.881,0.942,0.911,0.592,0.445,0.911,0.873,0.789,0.873,0.903,0.911,0.812,0.903,0.942,0.934,0.78,0.934,0.789,0.449,0.943,0.901,0.943,0.867,0.901,0.449,0.867,0.099,0.943,0.902,0.421,0.943,0.867,0.642,0.902,0.119,0.902,0.088,0.104,0.548,0.478,0.868,0.478,0.458,0.891,0.891,0.891,0.861,0.868,0.458,0.868,0.548,0.861,0.926,0.143,0.926,0.835,0.835,0.835,0.081,0.706,0.42,0.134,0.565,0.167,0.475,0.565,0.156,0.706,0.401,0.212,0.156,0.401,0.475,0.151,0.22,0.178,0.706,0.428,0.13,0.183,0.766,0.401,0.261,0.766,0.766,0.133,0.671,0.706,0.175,0.671,0.671,0.256,0.319,0.905,0.905,0.938,0.875,0.385,0.819,0.389,0.322,0.201,0.5,0.724,0.827,0.385,0.335,0.924,0.345,0.888,0.257,0.915,0.277,0.831,0.915,0.495,0.957,0.78,0.958,0.87,0.288,0.725,0.807,0.951,0.744,0.725,0.568,0.43,0.069,0.703,0.568,0.091,0.568,0.725,0.069,0.654,0.877,0.659,0.87,0.104,0.931,0.141,0.753,0.685,0.863,0.79,0.873,0.88,0.88,0.933,0.937,0.979,0.971,0.946
0.608,0.608,0.727,0.727,0.162,0.606,0.433,0.294,0.591,0.583,0.294,0.372,0.312,0.162,0.372,0.294,0.312,0.162,0.052,0.312,0.434,0.477,0.434,0.29,0.312,0.433,0.29,0.294,0.235,0.583,0.235,0.477,0.241,0.221,0.317,0.221,0.132,0.317,0.241,0.132,0.881,0.221,0.117,0.356,0.221,0.132,0.092,0.117,0.143,0.117,0.547,0.9,0.092,0.268,0.162,0.268,0.269,0.143,0.143,0.143,0.408,0.162,0.269,0.162,0.092,0.408,0.187,0.186,0.187,0.027,0.027,0.027,0.949,0.232,0.309,0.755,0.073,0.428,0.067,0.073,0.777,0.232,0.083,0.777,0.188,0.083,0.067,0.745,0.786,0.287,0.232,0.31,0.842,0.796,0.027,0.083,0.055,0.027,0.027,0.848,0.027,0.041,0.502,0.027,0.027,0.448,0.706,0.068,0.068,0.065,0.208,0.06,0.527,0.069,0.747,0.282,0.576,0.047,0.535,0.06,0.796,0.538,0.582,0.592,0.758,0.065,0.274,0.399,0.065,0.14,0.613,0.077,0.603,0.145,0.297,0.081,0.297,0.061,0.41,0.081,0.09,0.736,0.552,0.143,0.09,0.307,0.09,0.081,0.555,0.076,0.122,0.066,0.426,0.306,0.461,0.61,0.468,0.066,0.568,0.1,0.579,0.454,0.413,0.456,0.393,0.6,0.523,0.779
0.542,0.542,0.465,0.465,0.523,0.922,0.399,0.773,0.917,0.623,0.773,0.424,0.715,0.523,0.424,0.773,0.715,0.523,0.342,0.715,0.227,0.668,0.227,0.838,0.715,0.399,0.838,0.773,0.874,0.623,0.874,0.668,0.323,0.747,0.356,0.747,0.707,0.356,0.323,0.707,0.43,0.747,0.594,0.792,0.747,0.707,0.24,0.594,0.675,0.594,0.923,0.243,0.439,0.346,0.7,0.346,0.342,0.522,0.522,0.522,0.632,0.7,0.342,0.7,0.439,0.632,0.854,0.62,0.854,0.486,0.486,0.486,0.596,0.798,0.845,0.506,0.323,0.706,0.279,0.323,0.626,0.798,0.527,0.576,0.609,0.527,0.279,0.479,0.606,0.442,0.798,0.83,0.5,0.618,0.288,0.527,0.406,0.288,0.288,0.47,0.34,0.362,0.706,0.34,0.34,0.521,0.422,0.526,0.526,0.062,0.253,0.671,0.605,0.263,0.52,0.475,0.307,0.367,0.587,0.671,0.412,0.589,0.337,0.61,0.556,0.689,0.3,0.614,0.689,0.659,0.671,0.394,0.634,0.588,0.392,0.406,0.61,0.162,0.741,0.406,0.496,0.239,0.985,0.398,0.496,0.513,0.496,0.406,0.985,0.257,0.385,0.226,0.577,0.538,0.442,0.985,0.776,0.307,0.317,0.367,0.312,0.584,0.46,0.553,0.545,0.426,0.56,0.842
0.786,0.786,0.89,0.89,0.206,0.866,0.821,0.636,0.869,0.545,0.636,0.638,0.869,0.206,0.638,0.636,0.869,0.206,0.878,0.869,0.606,0.382,0.606,0.91,0.869,0.821,0.91,0.636,0.584,0.545,0.584,0.382,0.647,0.586,0.711,0.586,0.403,0.711,0.647,0.403,0.381,0.586,0.334,0.224,0.586,0.403,0.87,0.334,0.274,0.334,0.827,0.336,0.096,0.446,0.354,0.446,0.437,0.378,0.378,0.378,0.377,0.354,0.437,0.354,0.096,0.377,0.543,0.495,0.543,0.087,0.087,0.087,0.108,0.18,0.22,0.122,0.112,0.293,0.121,0.112,0.098,0.18,0.146,0.123,0.378,0.146,0.121,0.118,0.122,0.157,0.18,0.219,0.113,0.115,0.088,0.146,0.749,0.088,0.088,0.114,0.067,0.129,0.276,0.067,0.067,0.248,0.087,0.517,0.517,0.47,0.835,0.157,0.346,0.147,0.097,0.141,0.273,0.131,0.338,0.157,0.084,0.337,0.248,0.433,0.099,0.628,0.312,0.945,0.628,0.364,0.415,0.111,0.406,0.812,0.366,0.228,0.952,0.559,0.961,0.228,0.214,0.463,0.579,0.923,0.214,0.195,0.214,0.228,0.569,0.921,0.891,0.919,0.869,0.179,0.758,0.6,0.591,0.903,0.619,0.865,0.597,0.741,0.894,0.769,0.89,0.653,0.669,0.66
0.015,0.015,0.01,0.01,0.246,0.197,0.007,0.416,0.218,0.689,0.416,0.008,0.464,0.246,0.008,0.416,0.464,0.246,0.095,0.464,0.004,0.479,0.004,0.444,0.464,0.007,0.444,0.416,0.389,0.689,0.389,0.479,0.629,0.292,0.005,0.292,0.211,0.005,0.629,0.211,0.342,0.292,0.316,0.361,0.292,0.211,0.085,0.316,0.124,0.316,0.105,0.409,0.866,0.592,0.3,0.592,0.561,0.351,0.351,0.351,0.436,0.3,0.561,0.3,0.866,0.436,0.29,0.112,0.29,0.99,0.99,0.99,0.666,0.401,0.288,0.737,0.902,0.202,0.907,0.902,0.744,0.401,0.874,0.696,0.143,0.874,0.907,0.709,0.817,0.37,0.401,0.28,0.741,0.685,0.981,0.874,0.163,0.981,0.981,0.718,0.977,0.914,0.307,0.977,0.977,0.266,0.732,0.359,0.359,0.26,0.497,0.646,0.489,0.653,0.795,0.397,0.565,0.914,0.46,0.646,0.708,0.468,0.482,0.428,0.836,0.319,0.325,0.218,0.319,0.392,0.437,0.863,0.434,0.504,0.372,0.884,0.196,0.245,0.25,0.884,0.901,0.732,0.709,0.145,0.901,0.494,0.901,0.884,0.731,0.165,0.154,0.2,0.014,0.417,0.005,0.66,0.102,0.195,0.007,0.168,0.013,0.017,0.006,0.003,0.003,0.009,0.004,0.048
0.525,0.525,0.546,0.546,0.044,0.321,0.838,0.791,0.337,0.653,0.791,0.849,0.69,0.044,0.849,0.791,0.69,0.044,0.661,0.69,0.538,0.725,0.538,0.833,0.69,0.838,0.833,0.791,0.825,0.653,0.825,0.725,0.527,0.8,0.853,0.8,0.179,0.853,0.527,0.179,0.149,0.8,0.167,0.352,0.8,0.179,0.599,0.167,0.399,0.167,0.312,0.151,0.028,0.544,0.095,0.544,0.539,0.087,0.087,0.087,0.79,0.095,0.539,0.095,0.028,0.79,0.894,0.543,0.894,0.662,0.662,0.662,0.158,0.106,0.363,0.126,0.094,0.588,0.09,0.094,0.106,0.106,0.021,0.137,0.561,0.021,0.09,0.116,0.109,0.379,0.106,0.345,0.118,0.125,0.818,0.021,0.526,0.818,0.818,0.112,0.836,0.063,0.515,0.836,0.836,0.447,0.114,0.202,0.202,0.181,0.245,0.196,0.125,0.262,0.121,0.368,0.452,0.058,0.072,0.196,0.122,0.075,0.519,0.11,0.08,0.224,0.363,0.517,0.224,0.327,0.068,0.028,0.069,0.349,0.448,0.072,0.54,0.193,0.655,0.072,0.078,0.414,0.284,0.449,0.078,0.46,0.078,0.072,0.296,0.996,0.55,0.994,0.637,0.462,0.646,0.23,0.252,0.994,0.327,0.478,0.35,0.629,0.655,0.631,0.637,0.369,0.355,0.203
0.106,0.106,0.275,0.275,0.126,0.748,0.365,0.137,0.779,0.399,0.137,0.119,0.346,0.126,0.119,0.137,0.346,0.126,0.203,0.346,0.101,0.223,0.101,0.395,0.346,0.365,0.395,0.137,0.172,0.399,0.172,0.223,0.483,0.137,0.15,0.137,0.1,0.15,0.483,0.1,0.891,0.137,0.121,0.343,0.137,0.1,0.209,0.121,0.723,0.121,0.755,0.88,0.042,0.413,0.073,0.413,0.405,0.113,0.113,0.113,0.166,0.073,0.405,0.073,0.042,0.166,0.148,0.602,0.148,0.049,0.049,0.049,0.819,0.126,0.207,0.951,0.046,0.679,0.042,0.046,0.928,0.126,0.069,0.936,0.557,0.069,0.042,0.942,0.924,0.589,0.126,0.205,0.918,0.927,0.035,0.069,0.31,0.035,0.035,0.915,0.046,0.049,0.668,0.046,0.046,0.794,0.917,0.274,0.274,0.289,0.633,0.18,0.935,0.256,0.888,0.555,0.703,0.057,0.948,0.18,0.926,0.959,0.656,0.9,0.899,0.274,0.633,0.628,0.274,0.544,0.89,0.04,0.916,0.668,0.532,0.042,0.702,0.288,0.77,0.042,0.04,0.687,0.58,0.4,0.04,0.499,0.04,0.042,0.584,0.354,0.521,0.343,0.671,0.478,0.678,0.568,0.486,0.344,0.697,0.452,0.695,0.693,0.664,0.709,0.684,0.461,0.463,0.45
0.689,0.689,0.68,0.68,0.3,0.821,0.721,0.865,0.842,0.507,0.865,0.863,0.771,0.3,0.863,0.865,0.771,0.3,0.108,0.771,0.704,0.749,0.704,0.767,0.771,0.721,0.767,0.865,0.845,0.507,0.845,0.749,0.459,0.805,0.744,0.805,0.482,0.744,0.459,0.482,0.94,0.805,0.285,0.731,0.805,0.482,0.104,0.285,0.805,0.285,0.863,0.918,0.126,0.524,0.482,0.524,0.559,0.438,0.438,0.438,0.578,0.482,0.559,0.482,0.126,0.578,0.751,0.772,0.751,0.062,0.062,0.062,0.901,0.208,0.711,0.851,0.17,0.754,0.162,0.17,0.858,0.208,0.121,0.891,0.781,0.121,0.162,0.854,0.824,0.863,0.208,0.706,0.84,0.887,0.095,0.121,0.252,0.095,0.095,0.846,0.109,0.15,0.751,0.109,0.109,0.78,0.784,0.275,0.275,0.299,0.524,0.149,0.59,0.157,0.88,0.843,0.955,0.128,0.639,0.149,0.74,0.645,0.944,0.652,0.748,0.288,0.905,0.524,0.288,0.297,0.596,0.065,0.6,0.535,0.892,0.227,0.493,0.324,0.48,0.227,0.392,0.965,0.692,0.45,0.392,0.893,0.392,0.227,0.673,0.365,0.502,0.403,0.33,0.856,0.397,0.667,0.376,0.367,0.302,0.508,0.293,0.344,0.402,0.387,0.409,0.211,0.227,0.298
0.67,0.67,0.758,0.758,0.742,0.486,0.782,0.692,0.476,0.543,0.692,0.837,0.739,0.742,0.837,0.692,0.739,0.742,0.394,0.739,0.626,0.517,0.626,0.685,0.739,0.782,0.685,0.692,0.665,0.543,0.665,0.517,0.432,0.749,0.736,0.749,0.668,0.736,0.432,0.668,0.137,0.749,0.549,0.544,0.749,0.668,0.42,0.549,0.14,0.549,0.446,0.184,0.971,0.589,0.681,0.589,0.593,0.618,0.618,0.618,0.526,0.681,0.593,0.681,0.971,0.526,0.633,0.125,0.633,0.81,0.81,0.81,0.191,0.704,0.49,0.067,0.907,0.287,0.93,0.907,0.101,0.704,0.982,0.111,0.118,0.982,0.93,0.074,0.117,0.33,0.704,0.509,0.098,0.106,0.808,0.982,0.823,0.808,0.808,0.098,0.849,0.915,0.257,0.849,0.849,0.253,0.054,0.663,0.663,0.453,0.156,0.912,0.096,0.677,0.075,0.305,0.074,0.925,0.106,0.912,0.109,0.1,0.081,0.111,0.092,0.563,0.281,0.708,0.563,0.175,0.1,0.948,0.109,0.153,0.333,0.972,0.778,0.383,0.772,0.972,0.982,0.039,0.482,0.455,0.982,0.334,0.982,0.972,0.567,0.495,0.471,0.513,0.892,0.327,0.864,0.541,0.832,0.507,0.869,0.487,0.859,0.883,0.868,0.859,0.866,0.881,0.871,0.831
0.68,0.68,0.674,0.674,0.461,0.57,0.639,0.525,0.573,0.415,0.525,0.656,0.48,0.461,0.656,0.525,0.48,0.461,0.499,0.48,0.761,0.361,0.761,0.449,0.48,0.639,0.449,0.525,0.511,0.415,0.511,0.361,0.266,0.672,0.72,0.672,0.922,0.72,0.266,0.922,0.435,0.672,0.912,0.65,0.672,0.922,0.489,0.912,0.893,0.912,0.638,0.507,0.542,0.227,0.914,0.227,0.198,0.889,0.889,0.889,0.556,0.914,0.198,0.914,0.542,0.556,0.651,0.763,0.651,0.664,0.664,0.664,0.625,0.386,0.513,0.287,0.917,0.622,0.934,0.917,0.263,0.386,0.413,0.455,0.779,0.413,0.934,0.3,0.27,0.451,0.386,0.478,0.276,0.432,0.921,0.413,0.304,0.921,0.921,0.286,0.901,0.886,0.615,0.901,0.901,0.729,0.432,0.899,0.899,0.902,0.67,0.374,0.806,0.47,0.602,0.44,0.677,0.904,0.816,0.374,0.419,0.811,0.685,0.848,0.447,0.899,0.586,0.845,0.899,0.336,0.904,0.541,0.899,0.706,0.446,0.828,0.813,0.895,0.882,0.828,0.764,0.685,0.311,0.768,0.764,0.443,0.764,0.828,0.317,0.736,0.787,0.787,0.566,0.388,0.607,0.288,0.485,0.767,0.445,0.788,0.424,0.594,0.586,0.558,0.517,0.399,0.399,0.449
0.07,0.07,0.05,0.05,0.195,0.571,0.085,0.104,0.565,0.056,0.104,0.103,0.085,0.195,0.103,0.104,0.085,0.195,0.598,0.085,0.033,0.073,0.033,0.09,0.085,0.085,0.09,0.104,0.104,0.056,0.104,0.073,0.014,0.066,0.074,0.066,0.146,0.074,0.014,0.146,0.66,0.066,0.138,0.08,0.066,0.146,0.432,0.138,0.289,0.138,0.476,0.657,0.227,0.026,0.126,0.026,0.026,0.102,0.102,0.102,0.059,0.126,0.026,0.126,0.227,0.059,0.073,0.34,0.073,0.221,0.221,0.221,0.594,0.193,0.105,0.687,0.255,0.489,0.245,0.255,0.741,0.193,0.136,0.762,0.329,0.136,0.245,0.748,0.752,0.577,0.193,0.097,0.739,0.72,0.151,0.136,0.918,0.151,0.151,0.78,0.155,0.211,0.508,0.155,0.155,0.449,0.767,0.325,0.325,0.392,0.457,0.382,0.365,0.402,0.764,0.6,0.907,0.208,0.379,0.382,0.784,0.387,0.896,0.468,0.597,0.467,0.589,0.913,0.467,0.515,0.371,0.299,0.356,0.419,0.741,0.22,0.894,0.473,0.919,0.22,0.217,0.88,0.524,0.944,0.217,0.514,0.217,0.22,0.557,0.761,0.941,0.76,0.983,0.519,0.949,0.857,0.603,0.74,0.419,0.931,0.423,0.951,0.967,0.936,0.964,0.7,0.778,0.674
0.82,0.82,0.838,0.838,0.752,0.635,0.856,0.837,0.656,0.912,0.837,0.834,0.879,0.752,0.834,0.837,0.879,0.752,0.999,0.879,0.724,0.888,0.724,0.966,0.879,0.856,0.966,0.837,0.939,0.912,0.939,0.888,0.522,0.763,0.743,0.763,0.985,0.743,0.522,0.985,0.399,0.763,0.976,0.647,0.763,0.985,0.999,0.976,0.408,0.976,0.805,0.41,0.582,0.572,0.944,0.572,0.57,0.923,0.923,0.923,0.848,0.944,0.57,0.944,0.582,0.848,0.9,0.581,0.9,0.895,0.895,0.895,0.413,0.948,0.614,0.419,0.76,0.833,0.743,0.76,0.328,0.948,0.567,0.503,0.513,0.567,0.743,0.411,0.321,0.596,0.948,0.542,0.375,0.512,0.899,0.567,0.979,0.899,0.899,0.361,0.899,0.769,0.765,0.899,0.899,0.56,0.395,1.0,1.0,0.999,0.995,0.985,0.38,0.986,0.492,0.512,0.247,0.759,0.363,0.985,0.363,0.358,0.383,0.411,0.251,1.0,0.471,0.046,1.0,0.993,0.439,0.64,0.418,0.999,0.565,0.878,0.046,1.0,0.053,0.878,0.89,0.283,0.932,0.306,0.89,0.681,0.89,0.878,0.937,0.891,0.271,0.882,0.064,0.598,0.042,0.962,0.056,0.87,0.071,0.284,0.079,0.056,0.043,0.053,0.043,0.098,0.093,0.045
0.003,0.003,0.002,0.002,0.726,0.977,0.001,0.002,0.989,0.007,0.002,0.001,0.002,0.726,0.001,0.002,0.002,0.726,0.39,0.002,0.006,0.007,0.006,0.002,0.002,0.001,0.002,0.002,0.002,0.007,0.002,0.007,0.006,0.004,0.003,0.004,0.773,0.003,0.006,0.773,0.033,0.004,0.727,0.32,0.004,0.773,0.362,0.727,0.328,0.727,0.976,0.038,0.497,0.005,0.682,0.005,0.005,0.624,0.624,0.624,0.009,0.682,0.005,0.682,0.497,0.009,0.003,0.388,0.003,0.3,0.3,0.3,0.175,0.807,0.342,0.035,0.46,0.093,0.483,0.46,0.043,0.807,0.545,0.06,0.386,0.545,0.483,0.036,0.054,0.08,0.807,0.325,0.036,0.054,0.362,0.545,0.348,0.362,0.362,0.04,0.377,0.607,0.068,0.377,0.377,0.059,0.13,0.81,0.81,0.686,0.687,0.654,0.129,0.562,0.199,0.069,0.134,0.592,0.124,0.654,0.13,0.123,0.108,0.176,0.162,0.891,0.084,0.762,0.891,0.583,0.172,0.495,0.172,0.638,0.076,0.673,0.759,0.784,0.638,0.673,0.693,0.219,0.9,0.814,0.693,0.084,0.693,0.673,0.902,0.591,0.902,0.657,0.514,0.067,0.258,0.873,0.877,0.644,0.583,0.85,0.664,0.473,0.29,0.248,0.277,0.598,0.558,0.615
0.774,0.774,0.736,0.736,0.563,0.251,0.722,0.672,0.258,0.891,0.672,0.746,0.647,0.563,0.746,0.672,0.647,0.563,0.991,0.647,0.861,0.905,0.861,0.79,0.647,0.722,0.79,0.672,0.883,0.891,0.883,0.905,0.909,0.646,0.777,0.646,0.717,0.777,0.909,0.717,0.051,0.646,0.792,0.883,0.646,0.717,0.99,0.792,0.685,0.792,0.255,0.053,0.578,0.918,0.604,0.918,0.915,0.727,0.727,0.727,0.883,0.604,0.915,0.604,0.578,0.883,0.789,0.852,0.789,0.757,0.757,0.757,0.043,0.656,0.897,0.104,0.79,0.599,0.748,0.79,0.037,0.656,0.511,0.181,0.813,0.511,0.748,0.14,0.04,0.491,0.656,0.962,0.11,0.161,0.74,0.511,0.822,0.74,0.74,0.141,0.763,0.481,0.605,0.763,0.763,0.611,0.088,0.616,0.616,0.403,0.396,0.176,0.034,0.15,0.144,0.501,0.44,0.481,0.036,0.176,0.08,0.041,0.434,0.039,0.051,0.322,0.523,0.169,0.322,0.197,0.046,0.54,0.048,0.315,0.577,0.513,0.24,0.208,0.214,0.513,0.499,0.494,0.34,0.097,0.499,0.508,0.499,0.513,0.319,0.449,0.095,0.46,0.002,0.508,0.007,0.325,0.001,0.47,0.004,0.096,0.004,0.002,0.007,0.005,0.006,0.002,0.002,0.001
0.556,0.556,0.535,0.535,0.35,0.054,0.476,0.352,0.055,0.283,0.352,0.488,0.396,0.35,0.488,0.352,0.396,0.35,0.364,0.396,0.581,0.282,0.581,0.31,0.396,0.476,0.31,0.352,0.329,0.283,0.329,0.282,0.233,0.421,0.496,0.421,0.593,0.496,0.233,0.593,0.19,0.421,0.616,0.351,0.421,0.593,0.311,0.616,0.246,0.616,0.051,0.242,0.258,0.31,0.608,0.31,0.314,0.652,0.652,0.652,0.294,0.608,0.314,0.608,0.258,0.294,0.414,0.229,0.414,0.192,0.192,0.192,0.183,0.703,0.359,0.414,0.291,0.364,0.267,0.291,0.457,0.703,0.266,0.443,0.264,0.266,0.267,0.386,0.462,0.514,0.703,0.349,0.469,0.442,0.125,0.266,0.346,0.125,0.125,0.438,0.139,0.155,0.445,0.139,0.139,0.84,0.354,0.595,0.595,0.69,0.659,0.237,0.445,0.242,0.385,0.596,0.355,0.154,0.458,0.237,0.409,0.465,0.3,0.254,0.438,0.521,0.843,0.757,0.521,0.381,0.198,0.438,0.193,0.671,0.812,0.393,0.811,0.618,0.849,0.393,0.442,0.623,0.016,0.628,0.442,0.372,0.442,0.393,0.014,0.402,0.408,0.371,0.783,0.475,0.815,0.011,0.942,0.385,0.953,0.692,0.955,0.826,0.825,0.802,0.807,0.818,0.808,0.803
0.882,0.882,0.846,0.846,0.661,0.123,0.777,0.764,0.117,0.966,0.764,0.813,0.737,0.661,0.813,0.764,0.737,0.661,0.334,0.737,0.87,0.949,0.87,0.769,0.737,0.777,0.769,0.764,0.789,0.966,0.789,0.949,0.807,0.859,0.872,0.859,0.425,0.872,0.807,0.425,0.413,0.859,0.386,0.153,0.859,0.425,0.222,0.386,0.137,0.386,0.123,0.286,0.623,0.743,0.492,0.743,0.747,0.417,0.417,0.417,0.975,0.492,0.747,0.492,0.623,0.975,0.82,0.172,0.82,0.969,0.969,0.969,0.409,0.855,0.151,0.36,0.566,0.347,0.564,0.566,0.411,0.855,0.76,0.42,0.167,0.76,0.564,0.32,0.301,0.386,0.855,0.157,0.329,0.473,0.775,0.76,0.567,0.775,0.775,0.311,0.873,0.632,0.352,0.873,0.873,0.354,0.278,0.113,0.113,0.129,0.058,0.163,0.738,0.148,0.434,0.395,0.673,0.625,0.819,0.163,0.281,0.8,0.624,0.791,0.383,0.113,0.401,0.723,0.113,0.135,0.836,0.743,0.841,0.057,0.404,0.623,0.665,0.135,0.774,0.623,0.647,0.315,0.05,0.569,0.647,0.412,0.647,0.623,0.055,0.568,0.516,0.619,0.532,0.41,0.437,0.062,0.32,0.641,0.402,0.623,0.421,0.546,0.414,0.422,0.4,0.372,0.369,0.482
0.955,0.955,0.943,0.943,0.806,0.998,0.944,0.954,0.991,0.759,0.954,0.932,0.931,0.806,0.932,0.954,0.931,0.806,0.23,0.931,0.94,0.828,0.94,0.895,0.931,0.944,0.895,0.954,0.913,0.759,0.913,0.828,0.374,0.79,0.869,0.79,0.468,0.869,0.374,0.468,0.447,0.79,0.456,0.549,0.79,0.468,0.224,0.456,0.104,0.456,0.987,0.459,0.49,0.388,0.798,0.388,0.344,0.82,0.82,0.82,0.657,0.798,0.344,0.798,0.49,0.657,0.762,0.096,0.762,0.364,0.364,0.364,0.383,0.337,0.505,0.193,0.541,0.103,0.578,0.541,0.339,0.337,0.606,0.206,0.099,0.606,0.578,0.202,0.339,0.139,0.337,0.513,0.228,0.201,0.406,0.606,0.194,0.406,0.406,0.236,0.43,0.746,0.111,0.43,0.43,0.237,0.191,0.674,0.674,0.699,0.758,0.661,0.227,0.697,0.197,0.162,0.455,0.709,0.209,0.661,0.224,0.209,0.438,0.127,0.335,0.712,0.28,0.485,0.712,0.766,0.13,0.605,0.127,0.805,0.431,0.555,0.324,0.739,0.491,0.555,0.565,0.313,0.261,0.463,0.565,0.385,0.565,0.555,0.235,0.344,0.3,0.309,0.646,0.434,0.513,0.226,0.303,0.293,0.09,0.285,0.095,0.614,0.471,0.377,0.395,0.184,0.172,0.319
0.046,0.046,0.046,0.046,0.502,0.366,0.037,0.04,0.285,0.027,0.04,0.045,0.022,0.502,0.045,0.04,0.022,0.502,0.603,0.022,0.095,0.043,0.095,0.022,0.022,0.037,0.022,0.04,0.044,0.027,0.044,0.043,0.029,0.041,0.084,0.041,0.79,0.084,0.029,0.79,0.223,0.041,0.828,0.034,0.041,0.79,0.743,0.828,0.034,0.828,0.29,0.209,0.921,0.014,0.845,0.014,0.013,0.883,0.883,0.883,0.052,0.845,0.013,0.845,0.921,0.052,0.043,0.019,0.043,0.991,0.991,0.991,0.227,0.745,0.034,0.433,0.942,0.097,0.95,0.942,0.187,0.745,0.87,0.224,0.033,0.87,0.95,0.406,0.184,0.044,0.745,0.029,0.432,0.217,0.99,0.87,0.882,0.99,0.99,0.402,0.993,0.909,0.14,0.993,0.993,0.053,0.502,0.829,0.829,0.976,0.986,0.841,0.724,0.673,0.176,0.057,0.148,0.913,0.691,0.841,0.496,0.689,0.116,0.737,0.181,0.908,0.063,0.23,0.908,0.934,0.702,0.902,0.707,0.98,0.066,0.937,0.203,0.942,0.264,0.937,0.925,0.152,0.394,0.251,0.925,0.037,0.925,0.937,0.388,0.13,0.251,0.135,0.081,0.057,0.088,0.459,0.155,0.146,0.129,0.258,0.124,0.076,0.089,0.078,0.079,0.122,0.163,0.226
0.174,0.174,0.164,0.164,0.561,0.297,0.345,0.305,0.292,0.249,0.305,0.295,0.416,0.561,0.295,0.305,0.416,0.561,0.726,0.416,0.208,0.208,0.208,0.469,0.416,0.345,0.469,0.305,0.363,0.249,0.363,0.208,0.276,0.304,0.393,0.304,0.631,0.393,0.276,0.631,0.26,0.304,0.631,0.008,0.304,0.631,0.69,0.631,0.025,0.631,0.346,0.22,0.435,0.278,0.551,0.278,0.277,0.541,0.541,0.541,0.177,0.551,0.277,0.551,0.435,0.177,0.355,0.124,0.355,0.251,0.251,0.251,0.192,0.675,0.018,0.275,0.435,0.578,0.512,0.435,0.237,0.675,0.39,0.322,0.107,0.39,0.512,0.296,0.234,0.71,0.675,0.016,0.231,0.272,0.247,0.39,0.844,0.247,0.247,0.254,0.244,0.442,0.507,0.244,0.244,0.172,0.233,0.57,0.57,0.531,0.022,0.714,0.08,0.689,0.321,0.649,0.631,0.466,0.053,0.714,0.252,0.056,0.603,0.141,0.294,0.562,0.267,0.132,0.562,0.052,0.138,0.387,0.134,0.031,0.393,0.458,0.139,0.507,0.143,0.458,0.472,0.605,0.18,0.226,0.472,0.582,0.472,0.458,0.182,0.12,0.234,0.111,0.348,0.629,0.341,0.173,0.114,0.111,0.073,0.24,0.078,0.376,0.345,0.332,0.31,0.091,0.085,0.209
0.771,0.771,0.718,0.718,0.748,0.449,0.653,0.857,0.353,0.728,0.857,0.75,0.85,0.748,0.75,0.857,0.85,0.748,0.588,0.85,0.754,0.758,0.754,0.852,0.85,0.653,0.852,0.857,0.866,0.728,0.866,0.758,0.331,0.804,0.653,0.804,0.846,0.653,0.331,0.846,0.201,0.804,0.841,0.241,0.804,0.846,0.525,0.841,0.114,0.841,0.256,0.229,0.85,0.403,0.789,0.403,0.406,0.792,0.792,0.792,0.67,0.789,0.406,0.789,0.85,0.67,0.806,0.042,0.806,0.753,0.753,0.753,0.433,0.797,0.277,0.694,0.918,0.007,0.905,0.918,0.479,0.797,0.721,0.469,0.067,0.721,0.905,0.732,0.417,0.015,0.797,0.273,0.663,0.445,0.78,0.721,0.438,0.78,0.78,0.699,0.822,0.823,0.004,0.822,0.822,0.042,0.727,0.413,0.413,0.471,0.172,0.266,0.652,0.297,0.534,0.003,0.092,0.799,0.69,0.266,0.687,0.679,0.063,0.637,0.392,0.404,0.046,0.842,0.404,0.182,0.695,0.623,0.702,0.157,0.182,0.829,0.88,0.467,0.933,0.829,0.8,0.246,0.256,0.946,0.8,0.032,0.8,0.829,0.252,0.991,0.946,0.996,0.63,0.03,0.544,0.246,0.194,0.997,0.046,0.895,0.05,0.659,0.531,0.608,0.546,0.028,0.036,0.182
0.69,0.69,0.637,0.637,0.71,0.392,0.629,0.79,0.394,0.839,0.79,0.678,0.769,0.71,0.678,0.79,0.769,0.71,0.873,0.769,0.793,0.838,0.793,0.815,0.769,0.629,0.815,0.79,0.816,0.839,0.816,0.838,0.763,0.829,0.668,0.829,0.748,0.668,0.763,0.748,0.428,0.829,0.75,0.333,0.829,0.748,0.856,0.75,0.004,0.75,0.416,0.403,0.559,0.656,0.797,0.656,0.761,0.806,0.806,0.806,0.845,0.797,0.761,0.797,0.559,0.845,0.865,0.008,0.865,0.773,0.773,0.773,0.206,0.583,0.301,0.426,0.759,0.013,0.768,0.759,0.267,0.583,0.61,0.25,0.007,0.61,0.768,0.495,0.237,0.023,0.583,0.369,0.421,0.223,0.844,0.61,0.785,0.844,0.844,0.476,0.88,0.734,0.013,0.88,0.88,0.016,0.462,0.566,0.566,0.621,0.656,0.544,0.755,0.564,0.154,0.028,0.053,0.729,0.773,0.544,0.446,0.777,0.058,0.831,0.148,0.601,0.022,0.118,0.601,0.551,0.831,0.586,0.819,0.664,0.028,0.7,0.116,0.634,0.126,0.7,0.699,0.061,0.083,0.35,0.699,0.033,0.699,0.7,0.07,0.314,0.401,0.358,0.237,0.033,0.259,0.058,0.452,0.345,0.447,0.352,0.503,0.284,0.203,0.279,0.216,0.63,0.477,0.769
0.325,0.325,0.296,0.296,0.208,0.632,0.434,0.425,0.601,0.252,0.425,0.499,0.386,0.208,0.499,0.425,0.386,0.208,0.565,0.386,0.27,0.293,0.27,0.361,0.386,0.434,0.361,0.425,0.365,0.252,0.365,0.293,0.381,0.324,0.407,0.324,0.363,0.407,0.381,0.363,0.562,0.324,0.37,0.558,0.324,0.363,0.512,0.37,0.726,0.37,0.648,0.59,0.099,0.386,0.239,0.386,0.382,0.232,0.232,0.232,0.289,0.239,0.382,0.239,0.099,0.289,0.348,0.892,0.348,0.241,0.241,0.241,0.624,0.291,0.961,0.702,0.099,0.855,0.099,0.099,0.814,0.291,0.109,0.776,0.911,0.109,0.099,0.713,0.832,0.572,0.291,0.938,0.625,0.782,0.202,0.109,0.458,0.202,0.202,0.683,0.203,0.106,0.849,0.203,0.203,0.731,0.669,0.542,0.542,0.528,0.883,0.602,0.401,0.576,0.759,0.556,0.094,0.102,0.386,0.602,0.667,0.373,0.087,0.478,0.817,0.588,0.408,0.139,0.588,0.916,0.487,0.117,0.499,0.893,0.357,0.131,0.156,0.577,0.188,0.131,0.133,0.151,0.808,0.616,0.133,0.484,0.133,0.131,0.835,0.438,0.513,0.377,0.474,0.541,0.297,0.852,0.683,0.372,0.823,0.596,0.819,0.466,0.246,0.364,0.319,0.446,0.565,0.443
0.472,0.472,0.45,0.45,0.733,0.264,0.368,0.327,0.275,0.235,0.327,0.4,0.291,0.733,0.4,0.327,0.291,0.733,0.851,0.291,0.378,0.279,0.378,0.301,0.291,0.368,0.301,0.327,0.347,0.235,0.347,0.279,0.118,0.236,0.315,0.236,0.601,0.315,0.118,0.601,0.652,0.236,0.565,0.978,0.236,0.601,0.888,0.565,0.334,0.565,0.282,0.56,0.416,0.194,0.707,0.194,0.199,0.68,0.68,0.68,0.256,0.707,0.199,0.707,0.416,0.256,0.263,0.435,0.263,0.536,0.536,0.536,0.636,0.804,0.975,0.399,0.475,0.727,0.528,0.475,0.589,0.804,0.515,0.521,0.412,0.515,0.528,0.425,0.529,0.492,0.804,0.971,0.646,0.533,0.714,0.515,0.683,0.714,0.714,0.641,0.692,0.487,0.696,0.692,0.692,0.606,0.471,0.431,0.431,0.465,0.269,0.856,0.649,0.874,0.544,0.438,0.361,0.442,0.657,0.856,0.629,0.642,0.377,0.657,0.402,0.451,0.357,0.917,0.451,0.234,0.66,0.46,0.657,0.246,0.236,0.591,0.929,0.497,0.608,0.591,0.681,0.323,0.763,0.418,0.681,0.37,0.681,0.591,0.744,0.379,0.687,0.45,0.641,0.367,0.83,0.778,0.296,0.485,0.216,0.709,0.21,0.668,0.822,0.821,0.814,0.303,0.285,0.605
0.812,0.812,0.805,0.805,0.647,0.778,0.901,0.661,0.784,0.747,0.661,0.851,0.793,0.647,0.851,0.661,0.793,0.647,0.994,0.793,0.665,0.591,0.665,0.729,0.793,0.901,0.729,0.661,0.639,0.747,0.639,0.591,0.815,0.74,0.774,0.74,0.8,0.774,0.815,0.8,0.528,0.74,0.779,0.448,0.74,0.8,0.981,0.779,0.921,0.779,0.767,0.529,0.423,0.702,0.823,0.702,0.687,0.79,0.79,0.79,0.591,0.823,0.687,0.823,0.423,0.591,0.645,0.875,0.645,0.263,0.263,0.263,0.489,0.636,0.457,0.391,0.803,0.652,0.838,0.803,0.395,0.636,0.462,0.447,0.883,0.462,0.838,0.382,0.406,0.696,0.636,0.447,0.388,0.474,0.645,0.462,0.851,0.645,0.645,0.385,0.651,0.745,0.681,0.651,0.651,0.747,0.42,0.89,0.89,0.906,0.405,0.578,0.389,0.327,0.515,0.728,0.406,0.704,0.377,0.578,0.402,0.374,0.376,0.396,0.382,0.838,0.74,0.956,0.838,0.337,0.397,0.383,0.381,0.363,0.191,0.728,0.936,0.911,0.989,0.728,0.771,0.473,0.666,0.936,0.771,0.146,0.771,0.728,0.656,0.868,0.923,0.871,0.315,0.153,0.201,0.671,0.26,0.883,0.289,0.923,0.29,0.297,0.174,0.173,0.166,0.174,0.154,0.322
0.345,0.345,0.491,0.491,0.539,0.263,0.848,0.494,0.268,0.509,0.494,0.648,0.723,0.539,0.648,0.494,0.723,0.539,0.336,0.723,0.397,0.322,0.397,0.659,0.723,0.848,0.659,0.494,0.434,0.509,0.434,0.322,0.693,0.446,0.65,0.446,0.557,0.65,0.693,0.557,0.271,0.446,0.496,0.437,0.446,0.557,0.352,0.496,0.395,0.496,0.198,0.251,0.289,0.762,0.477,0.762,0.758,0.381,0.381,0.381,0.238,0.477,0.758,0.477,0.289,0.238,0.473,0.223,0.473,0.158,0.158,0.158,0.171,0.718,0.406,0.233,0.176,0.782,0.19,0.176,0.174,0.718,0.317,0.214,0.267,0.317,0.19,0.227,0.158,0.738,0.718,0.399,0.267,0.238,0.142,0.317,0.328,0.142,0.142,0.259,0.156,0.254,0.866,0.156,0.156,0.853,0.198,0.625,0.625,0.618,0.6,0.713,0.316,0.727,0.196,0.809,0.418,0.244,0.384,0.713,0.217,0.353,0.544,0.087,0.232,0.711,0.819,0.894,0.711,0.619,0.088,0.308,0.092,0.661,0.598,0.214,0.839,0.711,0.827,0.214,0.231,0.638,0.954,0.836,0.231,0.609,0.231,0.214,0.953,0.582,0.846,0.644,0.943,0.682,0.96,0.9,0.886,0.569,0.853,0.803,0.853,0.95,0.96,0.958,0.956,0.676,0.674,0.67
0.8,0.8,0.735,0.735,0.526,0.67,0.709,0.81,0.701,0.396,0.81,0.728,0.76,0.526,0.728,0.81,0.76,0.526,0.308,0.76,0.558,0.462,0.558,0.652,0.76,0.709,0.652,0.81,0.704,0.396,0.704,0.462,0.126,0.67,0.589,0.67,0.335,0.589,0.126,0.335,0.994,0.67,0.297,0.474,0.67,0.335,0.309,0.297,0.813,0.297,0.789,0.997,0.337,0.208,0.443,0.208,0.201,0.383,0.383,0.383,0.383,0.443,0.201,0.443,0.337,0.383,0.665,0.768,0.665,0.204,0.204,0.204,0.964,0.406,0.453,0.969,0.347,0.589,0.399,0.347,0.953,0.406,0.274,0.957,0.716,0.274,0.399,0.963,0.928,0.776,0.406,0.45,0.973,0.975,0.308,0.274,0.334,0.308,0.308,0.968,0.376,0.328,0.574,0.376,0.376,0.667,0.938,0.554,0.554,0.602,0.503,0.61,0.896,0.632,0.925,0.784,0.976,0.298,0.895,0.61,0.942,0.943,0.969,0.87,0.936,0.513,0.828,0.51,0.513,0.666,0.846,0.184,0.872,0.385,0.819,0.364,0.765,0.55,0.447,0.364,0.387,0.795,0.457,0.697,0.387,0.832,0.387,0.364,0.432,0.566,0.674,0.554,0.296,0.838,0.364,0.423,0.61,0.53,0.429,0.663,0.455,0.254,0.397,0.446,0.467,0.356,0.347,0.68
0.672,0.672,0.737,0.737,0.072,0.596,0.712,0.648,0.519,0.542,0.648,0.731,0.615,0.072,0.731,0.648,0.615,0.072,0.839,0.615,0.866,0.55,0.866,0.562,0.615,0.712,0.562,0.648,0.625,0.542,0.625,0.55,0.453,0.603,0.769,0.603,0.055,0.769,0.453,0.055,0.124,0.603,0.085,0.757,0.603,0.055,0.785,0.085,0.746,0.085,0.406,0.136,0.049,0.438,0.06,0.438,0.434,0.065,0.065,0.065,0.646,0.06,0.434,0.06,0.049,0.646,0.581,0.764,0.581,0.047,0.047,0.047,0.129,0.111,0.721,0.097,0.036,0.972,0.045,0.036,0.135,0.111,0.055,0.121,0.757,0.055,0.045,0.075,0.132,0.997,0.111,0.758,0.092,0.124,0.062,0.055,0.467,0.062,0.062,0.074,0.066,0.057,0.977,0.066,0.066,0.921,0.101,0.255,0.255,0.246,0.471,0.263,0.176,0.252,0.133,0.991,0.325,0.05,0.157,0.263,0.094,0.181,0.42,0.22,0.128,0.291,0.977,0.49,0.291,0.365,0.224,0.066,0.22,0.446,0.986,0.085,0.492,0.307,0.636,0.085,0.076,0.281,0.927,0.485,0.076,0.988,0.076,0.085,0.932,0.347,0.534,0.348,0.824,0.987,0.915,0.844,0.241,0.258,0.196,0.577,0.212,0.822,0.862,0.939,0.87,0.335,0.446,0.317
0.835,0.835,0.816,0.816,0.628,0.996,0.586,0.588,0.998,0.637,0.588,0.675,0.486,0.628,0.675,0.588,0.486,0.628,0.468,0.486,0.767,0.583,0.767,0.474,0.486,0.586,0.474,0.588,0.574,0.637,0.574,0.583,0.406,0.52,0.621,0.52,0.31,0.621,0.406,0.31,0.99,0.52,0.266,0.515,0.52,0.31,0.122,0.266,0.637,0.266,0.988,0.978,0.692,0.275,0.309,0.275,0.267,0.284,0.284,0.284,0.731,0.309,0.267,0.309,0.692,0.731,0.522,0.753,0.522,0.667,0.667,0.667,0.997,0.356,0.585,0.986,0.455,0.868,0.532,0.455,0.991,0.356,0.66,0.989,0.859,0.66,0.532,0.986,0.991,0.767,0.356,0.751,0.986,0.99,0.401,0.66,0.606,0.401,0.401,0.988,0.395,0.553,0.905,0.395,0.395,0.514,0.984,0.583,0.583,0.474,0.823,0.337,0.894,0.251,0.972,0.754,0.705,0.572,0.856,0.337,0.985,0.902,0.82,0.933,0.992,0.596,0.86,0.426,0.596,0.468,0.963,0.614,0.982,0.817,0.974,0.484,0.404,0.469,0.524,0.484,0.491,0.956,0.635,0.522,0.491,0.818,0.491,0.484,0.627,0.858,0.366,0.817,0.778,0.778,0.718,0.575,0.738,0.827,0.729,0.395,0.747,0.816,0.621,0.667,0.604,0.828,0.804,0.866
0.084,0.084,0.072,0.072,0.864,0.142,0.175,0.22,0.141,0.164,0.22,0.241,0.152,0.864,0.241,0.22,0.152,0.864,0.852,0.152,0.085,0.193,0.085,0.176,0.152,0.175,0.176,0.22,0.261,0.164,0.261,0.193,0.114,0.2,0.204,0.2,0.973,0.204,0.114,0.973,0.105,0.2,0.985,0.179,0.2,0.973,0.956,0.985,0.204,0.985,0.114,0.094,0.528,0.143,0.96,0.143,0.149,0.962,0.962,0.962,0.175,0.96,0.149,0.96,0.528,0.175,0.227,0.192,0.227,0.505,0.505,0.505,0.132,0.921,0.139,0.186,0.691,0.224,0.699,0.691,0.201,0.921,0.626,0.199,0.182,0.626,0.699,0.159,0.198,0.241,0.921,0.121,0.173,0.245,0.636,0.626,0.635,0.636,0.636,0.157,0.616,0.65,0.202,0.616,0.616,0.206,0.228,0.351,0.351,0.408,0.13,0.16,0.394,0.146,0.302,0.229,0.357,0.644,0.385,0.16,0.227,0.385,0.324,0.05,0.277,0.384,0.194,0.552,0.384,0.063,0.047,0.568,0.053,0.129,0.41,0.852,0.739,0.29,0.553,0.852,0.81,0.658,0.022,0.693,0.81,0.153,0.81,0.852,0.023,0.915,0.676,0.928,0.454,0.16,0.536,0.027,0.359,0.915,0.242,0.647,0.235,0.411,0.525,0.635,0.666,0.215,0.291,0.437
0.7,0.7,0.675,0.675,0.804,0.413,0.544,0.975,0.412,0.897,0.975,0.534,0.971,0.804,0.534,0.975,0.971,0.804,0.362,0.971,0.715,0.891,0.715,0.956,0.971,0.544,0.956,0.975,0.952,0.897,0.952,0.891,0.982,0.937,0.489,0.937,0.659,0.489,0.982,0.659,0.777,0.937,0.786,0.202,0.937,0.659,0.423,0.786,0.438,0.786,0.412,0.751,0.936,0.986,0.725,0.986,0.984,0.753,0.753,0.753,0.932,0.725,0.984,0.725,0.936,0.932,0.927,0.412,0.927,0.805,0.805,0.805,0.586,0.691,0.196,0.552,0.928,0.384,0.924,0.928,0.789,0.691,0.823,0.725,0.503,0.823,0.924,0.579,0.787,0.387,0.691,0.201,0.554,0.621,0.835,0.823,0.463,0.835,0.835,0.567,0.842,0.654,0.405,0.842,0.842,0.512,0.527,0.261,0.261,0.302,0.684,0.43,0.157,0.431,0.593,0.398,0.567,0.657,0.217,0.43,0.532,0.229,0.562,0.194,0.691,0.286,0.534,0.882,0.286,0.291,0.268,0.759,0.268,0.667,0.524,0.763,0.861,0.329,0.897,0.763,0.739,0.501,0.607,0.825,0.739,0.518,0.739,0.763,0.62,0.661,0.773,0.588,0.442,0.529,0.375,0.635,0.854,0.594,0.309,0.769,0.361,0.49,0.42,0.378,0.366,0.585,0.633,0.855
0.356,0.356,0.536,0.536,0.462,0.504,0.747,0.478,0.471,0.506,0.478,0.658,0.594,0.462,0.658,0.478,0.594,0.462,0.86,0.594,0.274,0.484,0.274,0.741,0.594,0.747,0.741,0.478,0.663,0.506,0.663,0.484,0.387,0.375,0.592,0.375,0.936,0.592,0.387,0.936,0.836,0.375,0.899,0.22,0.375,0.936,0.776,0.899,0.222,0.899,0.422,0.822,0.533,0.499,0.958,0.499,0.501,0.937,0.937,0.937,0.4,0.958,0.501,0.958,0.533,0.4,0.535,0.382,0.535,0.405,0.405,0.405,0.694,0.688,0.609,0.831,0.833,0.483,0.806,0.833,0.749,0.688,0.605,0.88,0.294,0.605,0.806,0.872,0.738,0.555,0.688,0.411,0.831,0.867,0.676,0.605,0.989,0.676,0.676,0.852,0.673,0.724,0.51,0.673,0.673,0.284,0.723,0.84,0.84,0.758,0.402,0.7,0.803,0.716,0.818,0.541,0.162,0.728,0.805,0.7,0.734,0.812,0.161,0.526,0.765,0.843,0.339,0.633,0.843,0.634,0.609,0.493,0.574,0.444,0.363,0.933,0.549,0.773,0.665,0.933,0.914,0.178,0.188,0.614,0.914,0.379,0.914,0.933,0.203,0.635,0.65,0.65,0.612,0.416,0.529,0.317,0.654,0.67,0.529,0.711,0.599,0.624,0.524,0.475,0.461,0.614,0.64,0.85
0.338,0.338,0.318,0.318,0.558,0.488,0.529,0.645,0.493,0.887,0.645,0.609,0.54,0.558,0.609,0.645,0.54,0.558,0.729,0.54,0.347,0.92,0.347,0.518,0.54,0.529,0.518,0.645,0.619,0.887,0.619,0.92,0.615,0.608,0.679,0.608,0.651,0.679,0.615,0.651,0.673,0.608,0.581,0.53,0.608,0.651,0.602,0.581,0.539,0.581,0.419,0.654,0.612,0.597,0.808,0.597,0.581,0.644,0.644,0.644,0.868,0.808,0.581,0.808,0.612,0.868,0.577,0.25,0.577,0.66,0.66,0.66,0.516,0.48,0.167,0.745,0.477,0.468,0.481,0.477,0.857,0.48,0.654,0.754,0.243,0.654,0.481,0.739,0.847,0.549,0.48,0.169,0.939,0.779,0.524,0.654,0.335,0.524,0.524,0.913,0.535,0.664,0.44,0.535,0.535,0.74,0.671,0.832,0.832,0.696,0.079,0.556,0.826,0.642,0.693,0.616,0.745,0.66,0.854,0.556,0.936,0.877,0.693,0.92,0.83,0.897,0.809,0.79,0.897,0.094,0.94,0.753,0.938,0.084,0.354,0.498,0.764,0.783,0.817,0.498,0.477,0.655,0.564,0.757,0.477,0.26,0.477,0.498,0.585,0.746,0.638,0.858,0.562,0.341,0.482,0.711,0.746,0.86,0.636,0.601,0.691,0.537,0.506,0.458,0.486,0.943,0.943,0.598
0.232,0.232,0.221,0.221,0.303,0.347,0.16,0.109,0.336,0.074,0.109,0.172,0.092,0.303,0.172,0.109,0.092,0.303,0.29,0.092,0.239,0.085,0.239,0.11,0.092,0.16,0.11,0.109,0.123,0.074,0.123,0.085,0.061,0.125,0.166,0.125,0.569,0.166,0.061,0.569,0.331,0.125,0.632,0.133,0.125,0.569,0.417,0.632,0.631,0.632,0.378,0.315,0.392,0.052,0.534,0.052,0.053,0.582,0.582,0.582,0.115,0.534,0.053,0.534,0.392,0.115,0.142,0.301,0.142,0.691,0.691,0.691,0.456,0.373,0.138,0.858,0.412,0.383,0.431,0.412,0.909,0.373,0.264,0.885,0.384,0.264,0.431,0.847,0.874,0.493,0.373,0.168,0.85,0.919,0.597,0.264,0.322,0.597,0.597,0.839,0.605,0.599,0.438,0.605,0.605,0.655,0.873,0.74,0.74,0.786,0.932,0.313,0.761,0.328,0.909,0.54,0.659,0.595,0.93,0.313,0.847,0.926,0.664,0.821,0.906,0.699,0.61,0.192,0.699,0.474,0.983,0.592,0.977,0.856,0.573,0.362,0.209,0.744,0.278,0.362,0.261,0.756,0.23,0.106,0.261,0.571,0.261,0.362,0.225,0.106,0.113,0.102,0.419,0.575,0.385,0.327,0.735,0.107,0.748,0.125,0.763,0.495,0.392,0.373,0.351,0.703,0.688,0.705
0.408,0.408,0.377,0.377,0.117,0.929,0.456,0.757,0.929,0.783,0.757,0.451,0.773,0.117,0.451,0.757,0.773,0.117,0.838,0.773,0.292,0.6,0.292,0.813,0.773,0.456,0.813,0.757,0.67,0.783,0.67,0.6,0.363,0.636,0.413,0.636,0.77,0.413,0.363,0.77,0.963,0.636,0.733,0.893,0.636,0.77,0.832,0.733,0.655,0.733,0.938,0.888,0.014,0.324,0.772,0.324,0.301,0.721,0.721,0.721,0.559,0.772,0.301,0.772,0.014,0.559,0.618,0.6,0.618,0.008,0.008,0.008,0.977,0.117,0.931,0.953,0.243,0.577,0.466,0.243,0.987,0.117,0.031,0.969,0.677,0.031,0.466,0.949,0.969,0.7,0.117,0.913,0.937,0.984,0.077,0.031,0.863,0.077,0.077,0.949,0.116,0.509,0.369,0.116,0.116,0.35,0.976,0.775,0.775,0.827,0.906,0.363,0.94,0.287,0.977,0.638,0.786,0.322,0.915,0.363,0.945,0.923,0.694,0.955,0.978,0.942,0.395,0.931,0.942,0.411,0.979,0.011,0.981,0.967,0.455,0.445,0.92,0.884,0.922,0.445,0.575,0.783,0.841,0.846,0.575,0.785,0.575,0.445,0.802,0.986,0.886,0.99,0.753,0.735,0.559,0.818,0.716,0.992,0.708,0.87,0.673,0.605,0.712,0.526,0.707,0.627,0.625,0.603
0.806,0.806,0.636,0.636,0.887,0.476,0.535,0.446,0.481,0.365,0.446,0.66,0.372,0.887,0.66,0.446,0.372,0.887,0.674,0.372,0.75,0.41,0.75,0.561,0.372,0.535,0.561,0.446,0.627,0.365,0.627,0.41,0.831,0.504,0.68,0.504,0.319,0.68,0.831,0.319,0.647,0.504,0.328,0.617,0.504,0.319,0.645,0.328,0.81,0.328,0.449,0.624,0.508,0.805,0.406,0.805,0.794,0.452,0.452,0.452,0.487,0.406,0.794,0.406,0.508,0.487,0.666,0.822,0.666,0.548,0.548,0.548,0.697,0.766,0.716,0.358,0.4,0.974,0.234,0.4,0.618,0.766,0.723,0.365,0.798,0.723,0.234,0.342,0.603,0.962,0.766,0.676,0.445,0.391,0.399,0.723,0.905,0.399,0.399,0.434,0.206,0.471,0.964,0.206,0.206,0.81,0.307,0.091,0.091,0.083,0.05,0.102,0.326,0.097,0.357,0.964,0.594,0.461,0.31,0.102,0.344,0.301,0.576,0.191,0.586,0.064,0.776,0.891,0.064,0.061,0.249,0.712,0.25,0.037,0.629,0.425,0.847,0.055,0.915,0.425,0.42,0.52,0.407,0.769,0.42,0.948,0.42,0.425,0.416,0.669,0.68,0.638,0.98,0.945,0.92,0.443,0.976,0.653,0.969,0.73,0.961,0.944,0.94,0.947,0.928,0.997,0.993,0.993
0.703,0.703,0.728,0.728,0.685,0.885,0.686,0.603,0.956,0.5,0.603,0.668,0.625,0.685,0.668,0.603,0.625,0.685,0.563,0.625,0.751,0.456,0.751,0.6,0.625,0.686,0.6,0.603,0.573,0.5,0.573,0.456,0.499,0.644,0.709,0.644,0.762,0.709,0.499,0.762,0.531,0.644,0.719,0.325,0.644,0.762,0.51,0.719,0.602,0.719,0.997,0.665,0.385,0.562,0.591,0.562,0.542,0.649,0.649,0.649,0.486,0.591,0.542,0.591,0.385,0.486,0.623,0.469,0.623,0.577,0.577,0.577,0.728,0.63,0.255,0.569,0.16,0.756,0.226,0.16,0.701,0.63,0.443,0.714,0.448,0.443,0.226,0.661,0.79,0.829,0.63,0.25,0.558,0.666,0.635,0.443,0.338,0.635,0.635,0.628,0.823,0.276,0.756,0.823,0.823,0.798,0.484,0.58,0.58,0.633,0.888,0.349,0.282,0.324,0.675,0.831,0.798,0.28,0.345,0.349,0.524,0.324,0.751,0.413,0.76,0.618,0.889,0.359,0.618,0.391,0.385,0.374,0.362,0.9,0.782,0.391,0.523,0.638,0.513,0.391,0.41,0.752,0.946,0.643,0.41,0.778,0.41,0.391,0.935,0.857,0.675,0.843,0.28,0.737,0.189,0.898,0.237,0.807,0.252,0.653,0.259,0.268,0.193,0.239,0.236,0.432,0.404,0.474
0.923,0.923,0.959,0.959,0.703,0.802,0.764,0.731,0.791,0.588,0.731,0.799,0.663,0.703,0.799,0.731,0.663,0.703,0.489,0.663,0.95,0.724,0.95,0.665,0.663,0.764,0.665,0.731,0.749,0.588,0.749,0.724,0.159,0.627,0.74,0.627,0.78,0.74,0.159,0.78,0.789,0.627,0.689,0.982,0.627,0.78,0.485,0.689,0.165,0.689,0.851,0.757,0.881,0.192,0.703,0.192,0.172,0.717,0.717,0.717,0.633,0.703,0.172,0.703,0.881,0.633,0.452,0.175,0.452,0.941,0.941,0.941,0.587,0.891,0.894,0.645,0.91,0.339,0.917,0.91,0.77,0.891,0.919,0.72,0.177,0.919,0.917,0.65,0.796,0.494,0.891,0.934,0.722,0.7,0.956,0.919,0.401,0.956,0.956,0.7,0.963,0.931,0.367,0.963,0.963,0.451,0.696,0.321,0.321,0.186,0.071,0.318,0.321,0.17,0.801,0.49,0.693,0.933,0.302,0.318,0.762,0.303,0.7,0.448,0.79,0.313,0.512,0.166,0.313,0.167,0.429,0.941,0.43,0.109,0.696,0.822,0.238,0.227,0.162,0.822,0.837,0.717,0.591,0.547,0.837,0.611,0.837,0.822,0.54,0.313,0.493,0.323,0.379,0.596,0.483,0.556,0.447,0.306,0.577,0.46,0.595,0.406,0.47,0.412,0.374,0.51,0.511,0.464
0.696,0.696,0.69,0.69,0.547,0.608,0.748,0.621,0.727,0.317,0.621,0.779,0.61,0.547,0.779,0.621,0.61,0.547,0.899,0.61,0.566,0.417,0.566,0.553,0.61,0.748,0.553,0.621,0.595,0.317,0.595,0.417,0.113,0.728,0.753,0.728,0.782,0.753,0.113,0.782,0.378,0.728,0.822,0.769,0.728,0.782,0.849,0.822,0.509,0.822,0.592,0.368,0.2,0.101,0.799,0.101,0.101,0.88,0.88,0.88,0.421,0.799,0.101,0.799,0.2,0.421,0.632,0.509,0.632,0.182,0.182,0.182,0.381,0.616,0.843,0.178,0.296,0.753,0.373,0.296,0.246,0.616,0.394,0.262,0.501,0.394,0.373,0.19,0.231,0.905,0.616,0.807,0.171,0.232,0.634,0.394,0.884,0.634,0.634,0.179,0.648,0.619,0.704,0.648,0.648,0.792,0.19,0.326,0.326,0.288,0.07,0.145,0.072,0.137,0.243,0.905,0.669,0.569,0.066,0.145,0.19,0.066,0.722,0.082,0.26,0.271,0.924,0.982,0.271,0.065,0.084,0.358,0.083,0.061,0.776,0.599,0.984,0.242,0.979,0.599,0.628,0.773,0.477,1.0,0.628,0.725,0.628,0.599,0.478,0.993,0.99,0.949,0.804,0.701,0.794,0.48,0.944,0.896,0.752,0.98,0.748,0.823,0.799,0.762,0.778,0.558,0.464,0.784
0.869,0.869,0.913,0.913,0.953,0.36,0.781,0.799,0.372,0.463,0.799,0.82,0.767,0.953,0.82,0.799,0.767,0.953,0.613,0.767,0.988,0.572,0.988,0.678,0.767,0.781,0.678,0.799,0.711,0.463,0.711,0.572,0.641,0.813,0.818,0.813,0.53,0.818,0.641,0.53,0.805,0.813,0.611,0.5,0.813,0.53,0.496,0.611,0.636,0.611,0.339,0.83,0.96,0.637,0.342,0.637,0.626,0.358,0.358,0.358,0.543,0.342,0.626,0.342,0.96,0.543,0.792,0.774,0.792,0.967,0.967,0.967,0.781,0.947,0.591,0.657,0.567,0.905,0.594,0.567,0.652,0.947,0.909,0.553,0.806,0.909,0.594,0.622,0.64,0.931,0.947,0.552,0.788,0.565,0.944,0.909,0.489,0.944,0.944,0.747,0.911,0.546,0.826,0.911,0.911,0.819,0.717,0.493,0.493,0.502,0.024,0.17,0.263,0.174,0.641,0.832,0.869,0.513,0.325,0.17,0.584,0.327,0.925,0.347,0.579,0.355,0.912,0.973,0.355,0.048,0.38,0.911,0.383,0.033,0.991,0.653,0.961,0.352,0.986,0.653,0.692,0.955,0.331,0.914,0.692,0.962,0.692,0.653,0.377,0.977,0.883,0.963,0.787,0.873,0.771,0.286,0.552,0.972,0.555,0.914,0.541,0.809,0.738,0.77,0.749,0.724,0.733,0.505
0.723,0.723,0.8,0.8,0.708,0.747,0.503,0.383,0.738,0.522,0.383,0.568,0.41,0.708,0.568,0.383,0.41,0.708,0.615,0.41,0.834,0.535,0.834,0.314,0.41,0.503,0.314,0.383,0.281,0.522,0.281,0.535,0.386,0.251,0.373,0.251,0.483,0.373,0.386,0.483,0.63,0.251,0.596,0.112,0.251,0.483,0.749,0.596,0.496,0.596,0.611,0.652,0.552,0.334,0.612,0.334,0.319,0.718,0.718,0.718,0.671,0.612,0.319,0.612,0.552,0.671,0.258,0.587,0.258,0.499,0.499,0.499,0.359,0.758,0.155,0.669,0.69,0.474,0.6,0.69,0.42,0.758,0.58,0.551,0.582,0.58,0.6,0.635,0.436,0.115,0.758,0.142,0.638,0.605,0.493,0.58,0.827,0.493,0.493,0.597,0.378,0.603,0.431,0.378,0.378,0.573,0.712,0.814,0.814,0.81,0.482,0.886,0.361,0.887,0.526,0.094,0.466,0.726,0.401,0.886,0.716,0.381,0.474,0.34,0.349,0.696,0.206,0.417,0.696,0.683,0.408,0.649,0.382,0.485,0.131,0.439,0.392,0.734,0.512,0.439,0.336,0.157,0.575,0.863,0.336,0.366,0.336,0.439,0.626,0.924,0.865,0.908,0.12,0.27,0.136,0.383,0.177,0.906,0.171,0.842,0.152,0.124,0.149,0.155,0.149,0.157,0.162,0.202
0.274,0.274,0.273,0.273,0.693,0.361,0.802,0.624,0.358,0.605,0.624,0.732,0.811,0.693,0.732,0.624,0.811,0.693,0.722,0.811,0.143,0.486,0.143,0.765,0.811,0.802,0.765,0.624,0.603,0.605,0.603,0.486,0.337,0.683,0.683,0.683,0.698,0.683,0.337,0.698,0.446,0.683,0.706,0.093,0.683,0.698,0.644,0.706,0.203,0.706,0.311,0.455,0.489,0.224,0.576,0.224,0.219,0.548,0.548,0.548,0.464,0.576,0.219,0.576,0.489,0.464,0.61,0.261,0.61,0.392,0.392,0.392,0.559,0.774,0.09,0.598,0.812,0.464,0.804,0.812,0.716,0.774,0.635,0.684,0.25,0.635,0.804,0.604,0.724,0.787,0.774,0.111,0.618,0.652,0.816,0.635,0.948,0.816,0.816,0.61,0.944,0.911,0.497,0.944,0.944,0.304,0.603,0.533,0.533,0.739,0.931,0.939,0.441,0.94,0.7,0.748,0.78,0.909,0.423,0.939,0.606,0.392,0.706,0.421,0.742,0.773,0.332,0.414,0.773,0.994,0.35,0.439,0.391,0.996,0.466,0.899,0.411,0.934,0.477,0.899,0.879,0.565,0.381,0.282,0.879,0.803,0.879,0.899,0.366,0.897,0.208,0.886,0.611,0.802,0.558,0.384,0.557,0.886,0.591,0.215,0.604,0.62,0.631,0.547,0.616,0.617,0.62,0.595
0.669,0.669,0.553,0.553,0.803,0.7,0.915,0.874,0.725,0.958,0.874,0.93,0.79,0.803,0.93,0.874,0.79,0.803,0.288,0.79,0.734,0.991,0.734,0.761,0.79,0.915,0.761,0.874,0.833,0.958,0.833,0.991,0.939,0.94,0.973,0.94,0.696,0.973,0.939,0.696,0.532,0.94,0.741,0.57,0.94,0.696,0.323,0.741,0.733,0.741,0.73,0.613,0.777,0.923,0.634,0.923,0.937,0.668,0.668,0.668,0.985,0.634,0.937,0.634,0.777,0.985,0.846,0.8,0.846,0.549,0.549,0.549,0.536,0.901,0.759,0.523,0.582,0.918,0.478,0.582,0.607,0.901,0.905,0.662,0.832,0.905,0.478,0.577,0.628,0.906,0.901,0.745,0.682,0.608,0.364,0.905,0.337,0.364,0.364,0.677,0.323,0.527,0.921,0.323,0.323,0.933,0.595,0.817,0.817,0.833,0.71,0.801,0.562,0.88,0.65,0.937,0.878,0.565,0.559,0.801,0.654,0.565,0.87,0.651,0.584,0.894,0.944,0.668,0.894,0.556,0.624,0.755,0.636,0.72,0.959,0.741,0.63,0.903,0.613,0.741,0.646,0.841,0.761,0.859,0.646,0.933,0.646,0.741,0.791,0.704,0.825,0.675,0.684,0.939,0.788,0.813,0.482,0.683,0.514,0.864,0.551,0.73,0.787,0.78,0.774,0.618,0.573,0.739
0.101,0.101,0.089,0.089,0.485,0.819,0.09,0.098,0.833,0.049,0.098,0.112,0.079,0.485,0.112,0.098,0.079,0.485,0.577,0.079,0.076,0.066,0.076,0.075,0.079,0.09,0.075,0.098,0.095,0.049,0.095,0.066,0.018,0.063,0.079,0.063,0.675,0.079,0.018,0.675,0.345,0.063,0.539,0.816,0.063,0.675,0.538,0.539,0.866,0.539,0.895,0.349,0.69,0.03,0.726,0.03,0.031,0.557,0.557,0.557,0.057,0.726,0.031,0.726,0.69,0.057,0.07,0.746,0.07,0.639,0.639,0.639,0.377,0.537,0.724,0.594,0.628,0.598,0.642,0.628,0.391,0.537,0.618,0.704,0.741,0.618,0.642,0.565,0.393,0.541,0.537,0.704,0.588,0.658,0.604,0.618,0.586,0.604,0.604,0.562,0.603,0.563,0.617,0.603,0.603,0.632,0.518,0.217,0.217,0.143,0.028,0.093,0.169,0.076,0.585,0.542,0.405,0.544,0.181,0.093,0.504,0.178,0.461,0.245,0.269,0.337,0.563,0.812,0.337,0.051,0.271,0.637,0.254,0.035,0.396,0.586,0.881,0.197,0.666,0.586,0.536,0.428,0.097,0.828,0.536,0.644,0.536,0.586,0.098,0.718,0.93,0.805,0.89,0.641,0.945,0.108,0.913,0.733,0.966,0.942,0.963,0.92,0.947,0.964,0.945,0.764,0.748,0.735
0.727,0.727,0.916,0.916,0.056,0.662,0.797,0.668,0.692,0.489,0.668,0.733,0.651,0.056,0.733,0.668,0.651,0.056,0.118,0.651,0.719,0.445,0.719,0.611,0.651,0.797,0.611,0.668,0.519,0.489,0.519,0.445,0.913,0.38,0.566,0.38,0.095,0.566,0.913,0.095,0.529,0.38,0.099,0.803,0.38,0.095,0.169,0.099,0.528,0.099,0.536,0.569,0.234,0.938,0.071,0.938,0.939,0.112,0.112,0.112,0.535,0.071,0.939,0.071,0.234,0.535,0.492,0.476,0.492,0.348,0.348,0.348,0.674,0.033,0.789,0.627,0.293,0.603,0.31,0.293,0.489,0.033,0.303,0.485,0.486,0.303,0.31,0.655,0.534,0.815,0.033,0.801,0.64,0.44,0.314,0.303,0.06,0.314,0.314,0.656,0.319,0.271,0.664,0.319,0.319,0.491,0.79,0.116,0.116,0.135,0.361,0.227,0.659,0.229,0.551,0.764,0.324,0.265,0.65,0.227,0.79,0.612,0.342,0.707,0.747,0.135,0.711,0.189,0.135,0.275,0.788,0.216,0.784,0.314,0.659,0.414,0.223,0.178,0.283,0.414,0.33,0.266,0.135,0.094,0.33,0.793,0.33,0.414,0.125,0.056,0.075,0.039,0.254,0.806,0.213,0.184,0.436,0.056,0.511,0.081,0.505,0.253,0.183,0.193,0.169,0.475,0.481,0.426
0.78,0.78,0.683,0.683,0.092,0.439,0.506,0.828,0.451,0.63,0.828,0.506,0.755,0.092,0.506,0.828,0.755,0.092,0.165,0.755,0.583,0.659,0.583,0.74,0.755,0.506,0.74,0.828,0.747,0.63,0.747,0.659,0.298,0.849,0.478,0.849,0.197,0.478,0.298,0.197,0.821,0.849,0.154,0.161,0.849,0.197,0.099,0.154,0.25,0.154,0.516,0.705,0.501,0.327,0.054,0.327,0.316,0.039,0.039,0.039,0.636,0.054,0.316,0.054,0.501,0.636,0.905,0.368,0.905,0.596,0.596,0.596,0.734,0.069,0.19,0.77,0.681,0.788,0.677,0.681,0.691,0.069,0.589,0.853,0.308,0.589,0.677,0.771,0.633,0.846,0.069,0.178,0.755,0.803,0.404,0.589,0.062,0.404,0.404,0.768,0.351,0.675,0.599,0.351,0.351,0.666,0.821,0.145,0.145,0.157,0.473,0.174,0.696,0.171,0.86,0.66,0.646,0.753,0.744,0.174,0.819,0.724,0.64,0.659,0.784,0.138,0.753,0.905,0.138,0.36,0.599,0.516,0.578,0.442,0.772,0.756,0.94,0.151,0.837,0.756,0.781,0.62,0.72,0.971,0.781,0.763,0.781,0.756,0.716,0.895,0.91,0.868,0.858,0.594,0.629,0.55,0.861,0.839,0.622,0.872,0.607,0.789,0.652,0.716,0.697,0.747,0.624,0.419
0.799,0.799,0.898,0.898,0.859,0.411,0.998,0.96,0.374,0.985,0.96,0.98,0.996,0.859,0.98,0.96,0.996,0.859,0.474,0.996,0.784,0.923,0.784,0.987,0.996,0.998,0.987,0.96,0.945,0.985,0.945,0.923,0.989,0.949,0.976,0.949,0.98,0.976,0.989,0.98,0.54,0.949,0.981,0.154,0.949,0.98,0.494,0.981,0.26,0.981,0.484,0.57,0.956,0.966,0.92,0.966,0.962,0.955,0.955,0.955,0.911,0.92,0.962,0.92,0.956,0.911,0.937,0.203,0.937,0.76,0.76,0.76,0.626,0.971,0.149,0.628,0.836,0.258,0.803,0.836,0.689,0.971,0.97,0.627,0.279,0.97,0.803,0.601,0.674,0.327,0.971,0.144,0.62,0.645,0.795,0.97,0.498,0.795,0.795,0.575,0.803,0.783,0.253,0.803,0.803,0.291,0.505,0.965,0.965,0.925,0.894,0.999,0.216,0.95,0.536,0.325,0.275,0.825,0.198,0.999,0.499,0.183,0.293,0.309,0.601,0.972,0.335,0.043,0.972,0.971,0.251,0.912,0.256,0.851,0.37,0.927,0.049,0.94,0.051,0.927,0.894,0.397,0.33,0.122,0.894,0.447,0.894,0.927,0.429,0.264,0.111,0.326,0.053,0.468,0.041,0.332,0.134,0.318,0.114,0.112,0.115,0.048,0.038,0.042,0.033,0.026,0.044,0.063
0.395,0.395,0.366,0.366,0.411,0.302,0.538,0.477,0.299,0.368,0.477,0.585,0.424,0.411,0.585,0.477,0.424,0.411,0.517,0.424,0.18,0.446,0.18,0.435,0.424,0.538,0.435,0.477,0.46,0.368,0.46,0.446,0.07,0.193,0.258,0.193,0.517,0.258,0.07,0.517,0.228,0.193,0.482,0.26,0.193,0.517,0.659,0.482,0.758,0.482,0.258,0.247,0.516,0.199,0.629,0.199,0.217,0.605,0.605,0.605,0.181,0.629,0.217,0.629,0.516,0.181,0.193,0.417,0.193,0.889,0.889,0.889,0.276,0.708,0.165,0.143,0.468,0.72,0.509,0.468,0.219,0.708,0.565,0.24,0.467,0.565,0.509,0.153,0.208,0.752,0.708,0.167,0.148,0.219,0.485,0.565,0.721,0.485,0.485,0.16,0.694,0.586,0.722,0.694,0.694,0.745,0.189,0.162,0.162,0.168,0.129,0.151,0.225,0.128,0.226,0.745,0.639,0.531,0.191,0.151,0.172,0.186,0.632,0.169,0.192,0.229,0.664,0.526,0.229,0.15,0.102,0.535,0.101,0.101,0.557,0.361,0.431,0.237,0.63,0.361,0.379,0.689,0.291,0.601,0.379,0.668,0.379,0.361,0.327,0.748,0.558,0.622,0.714,0.709,0.697,0.258,0.644,0.636,0.687,0.541,0.681,0.734,0.691,0.664,0.632,0.568,0.534,0.399
0.555,0.555,0.468,0.468,0.372,0.964,0.631,0.547,0.969,0.331,0.547,0.63,0.506,0.372,0.63,0.547,0.506,0.372,0.618,0.506,0.772,0.377,0.772,0.505,0.506,0.631,0.505,0.547,0.538,0.331,0.538,0.377,0.207,0.645,0.714,0.645,0.524,0.714,0.207,0.524,0.739,0.645,0.383,0.01,0.645,0.524,0.552,0.383,0.043,0.383,0.948,0.558,0.417,0.149,0.5,0.149,0.138,0.362,0.362,0.362,0.456,0.5,0.138,0.5,0.417,0.456,0.637,0.038,0.637,0.121,0.121,0.121,0.683,0.52,0.01,0.514,0.494,0.139,0.598,0.494,0.57,0.52,0.241,0.577,0.036,0.241,0.598,0.498,0.532,0.159,0.52,0.01,0.456,0.593,0.433,0.241,0.545,0.433,0.433,0.462,0.501,0.312,0.126,0.501,0.501,0.102,0.41,0.131,0.131,0.109,0.045,0.059,0.348,0.06,0.502,0.149,0.602,0.287,0.429,0.059,0.442,0.423,0.432,0.401,0.505,0.116,0.182,0.588,0.116,0.028,0.398,0.152,0.388,0.042,0.317,0.192,0.611,0.092,0.623,0.192,0.226,0.571,0.347,0.55,0.226,0.162,0.226,0.192,0.315,0.533,0.678,0.569,0.418,0.156,0.519,0.305,0.638,0.553,0.495,0.589,0.527,0.486,0.443,0.521,0.457,0.294,0.245,0.759
0.294,0.294,0.371,0.371,0.113,0.355,0.255,0.211,0.352,0.155,0.211,0.202,0.268,0.113,0.202,0.211,0.268,0.113,0.275,0.268,0.529,0.169,0.529,0.241,0.268,0.255,0.241,0.211,0.22,0.155,0.22,0.169,0.277,0.269,0.398,0.269,0.105,0.398,0.277,0.105,0.338,0.269,0.082,0.74,0.269,0.105,0.214,0.082,0.293,0.082,0.38,0.356,0.063,0.283,0.084,0.283,0.289,0.089,0.089,0.089,0.182,0.084,0.289,0.084,0.063,0.182,0.269,0.442,0.269,0.061,0.061,0.061,0.438,0.152,0.756,0.385,0.055,0.561,0.057,0.055,0.327,0.152,0.077,0.53,0.432,0.077,0.057,0.383,0.34,0.624,0.152,0.766,0.401,0.522,0.084,0.077,0.26,0.084,0.084,0.403,0.083,0.07,0.488,0.083,0.083,0.5,0.48,0.095,0.095,0.153,0.145,0.213,0.209,0.274,0.592,0.562,0.645,0.066,0.199,0.213,0.505,0.211,0.645,0.253,0.442,0.194,0.62,0.264,0.194,0.139,0.256,0.082,0.269,0.16,0.68,0.061,0.31,0.285,0.061,0.061,0.062,0.612,0.112,0.341,0.062,0.742,0.062,0.061,0.111,0.216,0.316,0.239,0.046,0.756,0.102,0.097,0.284,0.218,0.417,0.329,0.416,0.044,0.091,0.056,0.051,0.121,0.119,0.103
0.418,0.418,0.317,0.317,0.995,0.305,0.196,0.426,0.313,0.328,0.426,0.2,0.311,0.995,0.2,0.426,0.311,0.995,0.634,0.311,0.329,0.392,0.329,0.318,0.311,0.196,0.318,0.426,0.371,0.328,0.371,0.392,0.142,0.397,0.227,0.397,0.681,0.227,0.142,0.681,0.662,0.397,0.678,0.086,0.397,0.681,0.648,0.678,0.241,0.678,0.283,0.644,0.796,0.132,0.842,0.132,0.139,0.86,0.86,0.86,0.437,0.842,0.139,0.842,0.796,0.437,0.343,0.244,0.343,0.916,0.916,0.916,0.58,0.895,0.104,0.804,0.806,0.455,0.754,0.806,0.855,0.895,0.987,0.778,0.194,0.987,0.754,0.796,0.859,0.412,0.895,0.104,0.793,0.795,0.87,0.987,0.769,0.87,0.87,0.815,0.872,0.958,0.372,0.872,0.872,0.467,0.742,0.687,0.687,0.783,0.981,0.481,0.165,0.464,0.781,0.358,0.38,0.977,0.229,0.481,0.726,0.225,0.672,0.276,0.803,0.595,0.42,0.8,0.595,0.817,0.427,0.982,0.436,0.939,0.551,0.769,0.909,0.699,0.761,0.769,0.819,0.799,0.214,0.981,0.819,0.361,0.819,0.769,0.262,0.82,0.972,0.875,0.46,0.448,0.301,0.218,0.897,0.862,0.649,0.96,0.671,0.505,0.316,0.309,0.312,0.884,0.834,0.395
0.435,0.435,0.37,0.37,0.593,0.419,0.6,0.63,0.419,0.762,0.63,0.619,0.6,0.593,0.619,0.63,0.6,0.593,0.709,0.6,0.273,0.768,0.273,0.559,0.6,0.6,0.559,0.63,0.598,0.762,0.598,0.768,0.675,0.625,0.627,0.625,0.627,0.627,0.675,0.627,0.995,0.625,0.84,0.172,0.625,0.627,0.797,0.84,0.254,0.84,0.575,0.993,0.608,0.59,0.688,0.59,0.614,0.902,0.902,0.902,0.819,0.688,0.614,0.688,0.608,0.819,0.588,0.323,0.588,0.529,0.529,0.529,0.992,0.457,0.189,1.0,0.629,0.878,0.702,0.629,1.0,0.457,0.693,1.0,0.318,0.693,0.702,1.0,1.0,0.88,0.457,0.196,1.0,1.0,0.533,0.693,0.204,0.533,0.533,1.0,0.631,0.771,0.829,0.631,0.631,0.814,1.0,0.313,0.313,0.373,0.647,0.344,0.99,0.381,1.0,0.878,0.953,0.727,0.994,0.344,1.0,0.991,0.954,0.99,1.0,0.36,0.842,0.221,0.36,0.682,0.988,0.658,0.989,0.672,0.878,0.738,0.261,0.413,0.182,0.738,0.74,0.949,0.555,0.548,0.74,0.923,0.74,0.738,0.552,0.322,0.588,0.329,0.502,0.885,0.552,0.597,0.462,0.33,0.513,0.55,0.524,0.531,0.518,0.568,0.536,0.737,0.776,0.678
0.854,0.854,0.88,0.88,0.686,0.917,0.706,0.625,0.919,0.788,0.625,0.693,0.631,0.686,0.693,0.625,0.631,0.686,0.94,0.631,0.835,0.809,0.835,0.614,0.631,0.706,0.614,0.625,0.615,0.788,0.615,0.809,0.754,0.675,0.761,0.675,0.817,0.761,0.754,0.817,0.869,0.675,0.777,0.756,0.675,0.817,0.943,0.777,0.36,0.777,0.777,0.917,0.451,0.706,0.923,0.706,0.686,0.832,0.832,0.832,0.805,0.923,0.686,0.923,0.451,0.805,0.648,0.337,0.648,0.554,0.554,0.554,0.797,0.479,0.77,0.602,0.547,0.008,0.581,0.547,0.751,0.479,0.614,0.667,0.354,0.614,0.581,0.636,0.809,0.005,0.479,0.815,0.599,0.682,0.789,0.614,0.811,0.789,0.789,0.633,0.782,0.882,0.006,0.782,0.782,0.013,0.597,0.778,0.778,0.822,0.547,0.634,0.892,0.639,0.676,0.006,0.02,0.845,0.799,0.634,0.566,0.807,0.021,0.96,0.791,0.772,0.019,0.467,0.772,0.41,0.971,0.69,0.969,0.677,0.026,0.701,0.448,0.887,0.297,0.701,0.729,0.06,0.912,0.386,0.729,0.011,0.729,0.701,0.885,0.246,0.263,0.249,0.432,0.012,0.656,0.846,0.659,0.226,0.875,0.233,0.868,0.432,0.622,0.73,0.665,0.907,0.917,0.594
0.029,0.029,0.026,0.026,0.568,0.16,0.046,0.022,0.16,0.053,0.022,0.05,0.032,0.568,0.05,0.022,0.032,0.568,0.695,0.032,0.021,0.037,0.021,0.023,0.032,0.046,0.023,0.022,0.019,0.053,0.019,0.037,0.814,0.018,0.03,0.018,0.534,0.03,0.814,0.534,0.06,0.018,0.525,0.278,0.018,0.534,0.671,0.525,0.413,0.525,0.132,0.051,0.3,0.892,0.66,0.892,0.891,0.589,0.589,0.589,0.043,0.66,0.891,0.66,0.3,0.043,0.012,0.441,0.012,0.265,0.265,0.265,0.141,0.333,0.262,0.337,0.297,0.236,0.315,0.297,0.261,0.333,0.305,0.516,0.414,0.305,0.315,0.332,0.252,0.068,0.333,0.281,0.359,0.516,0.33,0.305,0.632,0.33,0.33,0.337,0.361,0.356,0.216,0.361,0.361,0.158,0.309,0.132,0.132,0.131,0.033,0.061,0.118,0.055,0.398,0.062,0.152,0.311,0.123,0.061,0.336,0.128,0.164,0.154,0.208,0.122,0.061,0.007,0.122,0.035,0.168,0.294,0.17,0.029,0.054,0.401,0.003,0.121,0.008,0.401,0.422,0.1,0.172,0.024,0.422,0.074,0.422,0.401,0.17,0.025,0.023,0.018,0.013,0.062,0.009,0.161,0.008,0.019,0.011,0.021,0.009,0.013,0.008,0.011,0.011,0.017,0.014,0.03
0.738,0.738,0.829,0.829,0.984,0.029,0.888,0.85,0.024,0.84,0.85,0.867,0.888,0.984,0.867,0.85,0.888,0.984,0.794,0.888,0.557,0.78,0.557,0.844,0.888,0.888,0.844,0.85,0.791,0.84,0.791,0.78,0.464,0.769,0.807,0.769,0.755,0.807,0.464,0.755,0.079,0.769,0.759,0.94,0.769,0.755,0.724,0.759,0.992,0.759,0.018,0.063,1.0,0.486,0.991,0.486,0.492,0.994,0.994,0.994,0.68,0.991,0.492,0.991,1.0,0.68,0.721,0.976,0.721,0.993,0.993,0.993,0.073,0.905,0.784,0.056,0.998,0.988,0.996,0.998,0.06,0.905,1.0,0.087,0.983,1.0,0.996,0.059,0.075,0.987,0.905,0.821,0.058,0.051,0.991,1.0,0.988,0.991,0.991,0.062,0.97,0.998,0.998,0.97,0.97,0.998,0.065,0.538,0.538,0.539,0.688,0.99,0.418,0.984,0.066,0.998,0.946,1.0,0.491,0.99,0.064,0.499,0.951,0.497,0.064,0.49,0.994,0.479,0.49,0.863,0.499,0.999,0.492,0.733,0.967,1.0,0.572,0.462,0.633,1.0,0.999,0.924,0.923,0.507,0.999,0.991,0.999,1.0,0.921,0.793,0.451,0.764,0.826,0.992,0.75,0.881,0.772,0.788,0.813,0.391,0.816,0.817,0.781,0.729,0.758,0.909,0.905,0.829
0.072,0.072,0.076,0.076,0.503,0.309,0.068,0.026,0.326,0.023,0.026,0.053,0.047,0.503,0.053,0.026,0.047,0.503,0.52,0.047,0.067,0.013,0.067,0.042,0.047,0.068,0.042,0.026,0.021,0.023,0.021,0.013,0.278,0.044,0.067,0.044,0.365,0.067,0.278,0.365,0.663,0.044,0.427,0.313,0.044,0.365,0.499,0.427,0.578,0.427,0.205,0.724,0.45,0.276,0.515,0.276,0.279,0.568,0.568,0.568,0.024,0.515,0.279,0.515,0.45,0.024,0.024,0.546,0.024,0.582,0.582,0.582,0.657,0.42,0.293,0.609,0.373,0.444,0.358,0.373,0.571,0.42,0.402,0.568,0.497,0.402,0.358,0.607,0.583,0.594,0.42,0.305,0.602,0.555,0.461,0.402,0.449,0.461,0.461,0.602,0.445,0.363,0.426,0.445,0.445,0.532,0.664,0.232,0.232,0.257,0.451,0.353,0.357,0.355,0.642,0.58,0.108,0.404,0.347,0.353,0.664,0.34,0.152,0.46,0.626,0.227,0.542,0.01,0.227,0.545,0.456,0.465,0.455,0.416,0.587,0.353,0.011,0.257,0.014,0.353,0.352,0.218,0.375,0.025,0.352,0.673,0.352,0.353,0.397,0.03,0.018,0.026,0.027,0.562,0.017,0.353,0.035,0.026,0.04,0.017,0.04,0.027,0.017,0.026,0.025,0.019,0.021,0.102
0.55,0.55,0.524,0.524,0.777,0.51,0.379,0.384,0.501,0.193,0.384,0.395,0.351,0.777,0.395,0.384,0.351,0.777,0.005,0.351,0.759,0.237,0.759,0.342,0.351,0.379,0.342,0.384,0.379,0.193,0.379,0.237,0.196,0.572,0.659,0.572,0.99,0.659,0.196,0.99,0.22,0.572,0.996,0.643,0.572,0.99,0.007,0.996,0.263,0.996,0.527,0.221,0.978,0.201,0.936,0.201,0.2,0.935,0.935,0.935,0.387,0.936,0.2,0.936,0.978,0.387,0.571,0.279,0.571,0.892,0.892,0.892,0.282,0.851,0.733,0.799,0.997,0.286,1.0,0.997,0.546,0.851,0.915,0.649,0.292,0.915,1.0,0.83,0.582,0.35,0.851,0.734,0.803,0.69,0.996,0.915,0.012,0.996,0.996,0.838,0.989,0.982,0.291,0.989,0.989,0.298,0.78,0.987,0.987,0.985,0.993,0.919,0.503,0.988,0.672,0.329,0.335,0.986,0.524,0.919,0.786,0.508,0.286,0.574,0.496,0.995,0.251,0.58,0.995,0.965,0.476,0.869,0.467,0.992,0.293,0.999,0.671,0.989,0.336,0.999,0.998,0.484,0.97,0.234,0.998,0.283,0.998,0.999,0.974,0.142,0.303,0.182,0.41,0.29,0.593,0.981,0.251,0.18,0.386,0.299,0.364,0.415,0.558,0.6,0.574,0.515,0.422,0.714
0.756,0.756,0.729,0.729,0.288,0.359,0.765,0.721,0.37,0.948,0.721,0.767,0.783,0.288,0.767,0.721,0.783,0.288,0.716,0.783,0.64,0.863,0.64,0.689,0.783,0.765,0.689,0.721,0.718,0.948,0.718,0.863,0.813,0.765,0.77,0.765,0.747,0.77,0.813,0.747,0.622,0.765,0.576,0.734,0.765,0.747,0.652,0.576,0.471,0.576,0.566,0.617,0.596,0.798,0.413,0.798,0.808,0.238,0.238,0.238,0.85,0.413,0.808,0.413,0.596,0.85,0.674,0.601,0.674,0.494,0.494,0.494,0.544,0.206,0.736,0.323,0.51,0.61,0.543,0.51,0.583,0.206,0.347,0.524,0.594,0.347,0.543,0.335,0.547,0.559,0.206,0.769,0.324,0.422,0.381,0.347,0.082,0.381,0.381,0.328,0.379,0.32,0.593,0.379,0.379,0.391,0.388,0.522,0.522,0.566,0.019,0.329,0.158,0.362,0.468,0.551,0.584,0.302,0.174,0.329,0.345,0.165,0.579,0.103,0.42,0.553,0.45,0.613,0.553,0.071,0.122,0.35,0.117,0.095,0.544,0.265,0.553,0.597,0.545,0.265,0.235,0.451,0.071,0.487,0.235,0.555,0.235,0.265,0.067,0.38,0.434,0.401,0.623,0.546,0.748,0.102,0.803,0.429,0.885,0.444,0.886,0.645,0.739,0.715,0.7,0.731,0.732,0.736
0.485,0.485,0.47,0.47,0.696,0.352,0.311,0.27,0.366,0.158,0.27,0.354,0.224,0.696,0.354,0.27,0.224,0.696,0.442,0.224,0.611,0.179,0.611,0.25,0.224,0.311,0.25,0.27,0.273,0.158,0.273,0.179,0.224,0.32,0.384,0.32,0.844,0.384,0.224,0.844,0.265,0.32,0.916,0.319,0.32,0.844,0.49,0.916,0.624,0.916,0.325,0.126,0.75,0.259,0.843,0.259,0.258,0.866,0.866,0.866,0.189,0.843,0.258,0.843,0.75,0.189,0.331,0.627,0.331,0.684,0.684,0.684,0.229,0.761,0.36,0.35,0.84,0.73,0.86,0.84,0.144,0.761,0.634,0.458,0.614,0.634,0.86,0.355,0.163,0.238,0.761,0.344,0.348,0.414,0.596,0.634,0.651,0.596,0.596,0.348,0.623,0.922,0.637,0.623,0.623,0.727,0.36,0.979,0.979,0.984,0.976,0.647,0.161,0.685,0.418,0.234,0.191,0.94,0.166,0.647,0.349,0.162,0.198,0.156,0.155,0.977,0.205,0.838,0.977,0.894,0.152,0.804,0.156,0.959,0.287,0.689,0.832,0.988,0.816,0.689,0.688,0.197,0.886,0.744,0.688,0.309,0.688,0.689,0.88,0.586,0.796,0.686,0.084,0.311,0.09,0.936,0.211,0.637,0.075,0.82,0.074,0.08,0.094,0.082,0.081,0.065,0.061,0.198
0.257,0.257,0.253,0.253,0.496,0.838,0.642,0.524,0.918,0.751,0.524,0.622,0.523,0.496,0.622,0.524,0.523,0.496,0.893,0.523,0.32,0.686,0.32,0.677,0.523,0.642,0.677,0.524,0.687,0.751,0.687,0.686,0.944,0.591,0.727,0.591,0.856,0.727,0.944,0.856,0.237,0.591,0.72,0.167,0.591,0.856,0.906,0.72,0.23,0.72,0.685,0.262,0.117,0.917,0.76,0.917,0.909,0.695,0.695,0.695,0.793,0.76,0.909,0.76,0.117,0.793,0.796,0.298,0.796,0.088,0.088,0.088,0.178,0.511,0.168,0.293,0.143,0.042,0.178,0.143,0.368,0.511,0.135,0.333,0.301,0.135,0.178,0.273,0.36,0.055,0.511,0.163,0.304,0.404,0.112,0.135,0.925,0.112,0.112,0.232,0.167,0.187,0.04,0.167,0.167,0.029,0.211,0.65,0.65,0.67,0.908,0.682,0.233,0.703,0.327,0.053,0.071,0.129,0.297,0.682,0.208,0.285,0.072,0.288,0.302,0.788,0.052,0.213,0.788,0.693,0.27,0.093,0.276,0.932,0.018,0.241,0.168,0.812,0.175,0.241,0.209,0.054,0.818,0.1,0.209,0.02,0.209,0.241,0.854,0.068,0.076,0.072,0.19,0.02,0.248,0.856,0.312,0.071,0.36,0.08,0.414,0.207,0.21,0.295,0.254,0.532,0.536,0.476
0.919,0.919,0.911,0.911,0.06,0.213,0.885,0.805,0.202,0.61,0.805,0.873,0.805,0.06,0.873,0.805,0.805,0.06,0.221,0.805,0.954,0.565,0.954,0.782,0.805,0.885,0.782,0.805,0.719,0.61,0.719,0.565,0.746,0.702,0.82,0.702,0.115,0.82,0.746,0.115,0.721,0.702,0.131,0.551,0.702,0.115,0.243,0.131,0.649,0.131,0.193,0.744,0.094,0.738,0.119,0.738,0.732,0.131,0.131,0.131,0.58,0.119,0.732,0.119,0.094,0.58,0.688,0.603,0.688,0.47,0.47,0.47,0.764,0.074,0.583,0.642,0.107,0.774,0.101,0.107,0.813,0.074,0.052,0.643,0.646,0.052,0.101,0.614,0.756,0.791,0.074,0.614,0.622,0.655,0.426,0.052,0.087,0.426,0.426,0.631,0.425,0.076,0.787,0.425,0.425,0.846,0.601,0.198,0.198,0.224,0.275,0.217,0.835,0.212,0.619,0.791,0.886,0.08,0.836,0.217,0.593,0.83,0.818,0.296,0.768,0.213,0.872,0.145,0.213,0.452,0.141,0.089,0.133,0.243,0.872,0.057,0.302,0.235,0.048,0.057,0.051,0.98,0.084,0.041,0.051,0.833,0.051,0.057,0.077,0.06,0.05,0.049,0.09,0.83,0.57,0.053,0.119,0.054,0.371,0.054,0.378,0.084,0.543,0.688,0.62,0.674,0.819,0.138
0.438,0.438,0.566,0.566,0.417,0.238,0.623,0.543,0.245,0.441,0.543,0.56,0.444,0.417,0.56,0.543,0.444,0.417,0.982,0.444,0.399,0.428,0.399,0.55,0.444,0.623,0.55,0.543,0.532,0.441,0.532,0.428,0.373,0.438,0.64,0.438,0.458,0.64,0.373,0.458,0.28,0.438,0.485,0.493,0.438,0.458,0.976,0.485,0.756,0.485,0.266,0.345,0.377,0.242,0.454,0.242,0.239,0.47,0.47,0.47,0.345,0.454,0.239,0.454,0.377,0.345,0.537,0.664,0.537,0.498,0.498,0.498,0.211,0.434,0.357,0.493,0.358,0.859,0.323,0.358,0.273,0.434,0.382,0.235,0.663,0.382,0.323,0.433,0.218,0.14,0.434,0.338,0.462,0.263,0.453,0.382,0.879,0.453,0.453,0.444,0.458,0.7,0.864,0.458,0.458,0.892,0.385,0.632,0.632,0.693,0.291,0.708,0.313,0.669,0.219,0.152,0.097,0.698,0.249,0.708,0.373,0.244,0.124,0.326,0.23,0.645,0.176,0.143,0.645,0.455,0.375,0.652,0.342,0.329,0.099,0.46,0.122,0.713,0.05,0.46,0.453,0.051,0.089,0.046,0.453,0.093,0.453,0.46,0.09,0.023,0.045,0.027,0.072,0.089,0.179,0.082,0.196,0.028,0.143,0.044,0.149,0.077,0.168,0.139,0.147,0.381,0.379,0.365
0.576,0.576,0.55,0.55,0.524,0.934,0.439,0.47,0.924,0.475,0.47,0.442,0.475,0.524,0.442,0.47,0.475,0.524,0.41,0.475,0.78,0.483,0.78,0.445,0.475,0.439,0.445,0.47,0.481,0.475,0.481,0.483,0.33,0.635,0.542,0.635,0.401,0.542,0.33,0.401,0.561,0.635,0.418,0.973,0.635,0.401,0.366,0.418,0.423,0.418,0.943,0.48,0.581,0.293,0.237,0.293,0.286,0.173,0.173,0.173,0.581,0.237,0.286,0.237,0.581,0.581,0.669,0.456,0.669,0.523,0.523,0.523,0.935,0.442,0.86,0.8,0.423,0.179,0.379,0.423,0.818,0.442,0.835,0.781,0.45,0.835,0.379,0.802,0.855,0.09,0.442,0.951,0.798,0.788,0.441,0.835,0.314,0.441,0.441,0.801,0.373,0.263,0.189,0.373,0.373,0.2,0.827,0.746,0.746,0.768,0.664,0.701,0.657,0.734,0.841,0.09,0.312,0.346,0.688,0.701,0.785,0.694,0.309,0.662,0.923,0.808,0.102,0.503,0.808,0.673,0.803,0.602,0.79,0.61,0.158,0.574,0.52,0.84,0.406,0.574,0.513,0.32,0.462,0.74,0.513,0.14,0.513,0.574,0.421,0.636,0.821,0.624,0.486,0.141,0.691,0.487,0.292,0.621,0.617,0.787,0.609,0.5,0.684,0.556,0.505,0.542,0.486,0.563
0.313,0.313,0.469,0.469,0.426,0.882,0.826,0.778,0.889,0.895,0.778,0.836,0.863,0.426,0.836,0.778,0.863,0.426,0.727,0.863,0.379,0.743,0.379,0.791,0.863,0.826,0.791,0.778,0.723,0.895,0.723,0.743,0.782,0.726,0.763,0.726,0.052,0.763,0.782,0.052,0.864,0.726,0.056,0.524,0.726,0.052,0.78,0.056,0.436,0.056,0.927,0.871,0.23,0.759,0.256,0.759,0.772,0.285,0.285,0.285,0.686,0.256,0.772,0.256,0.23,0.686,0.686,0.411,0.686,0.572,0.572,0.572,0.851,0.031,0.478,0.76,0.15,0.408,0.134,0.15,0.878,0.031,0.32,0.862,0.433,0.32,0.134,0.759,0.896,0.329,0.031,0.476,0.804,0.847,0.392,0.32,0.376,0.392,0.392,0.737,0.419,0.143,0.446,0.419,0.419,0.382,0.7,0.096,0.096,0.104,0.516,0.482,0.403,0.54,0.799,0.342,0.267,0.151,0.4,0.482,0.747,0.388,0.297,0.547,0.857,0.094,0.315,0.627,0.094,0.844,0.568,0.268,0.521,0.428,0.312,0.24,0.565,0.115,0.569,0.24,0.225,0.265,0.899,0.374,0.225,0.292,0.225,0.24,0.89,0.272,0.458,0.331,0.737,0.356,0.775,0.85,0.245,0.317,0.304,0.438,0.308,0.772,0.766,0.722,0.722,0.385,0.476,0.838
0.648,0.648,0.682,0.682,0.247,0.542,0.813,0.986,0.634,0.975,0.986,0.793,0.987,0.247,0.793,0.986,0.987,0.247,0.59,0.987,0.571,0.968,0.571,0.982,0.987,0.813,0.982,0.986,0.985,0.975,0.985,0.968,0.996,0.994,0.806,0.994,0.254,0.806,0.996,0.254,0.783,0.994,0.271,0.447,0.994,0.254,0.573,0.271,0.566,0.271,0.746,0.695,0.427,0.999,0.2,0.999,0.997,0.207,0.207,0.207,0.972,0.2,0.997,0.2,0.427,0.972,0.995,0.688,0.995,0.409,0.409,0.409,0.563,0.247,0.547,0.883,0.505,0.949,0.531,0.505,0.574,0.247,0.38,0.451,0.683,0.38,0.531,0.897,0.507,0.61,0.247,0.571,0.882,0.495,0.436,0.38,0.552,0.436,0.436,0.885,0.462,0.413,0.907,0.462,0.462,0.722,0.918,0.419,0.419,0.421,0.294,0.49,0.81,0.506,0.401,0.538,0.262,0.4,0.864,0.49,0.915,0.878,0.27,0.932,0.434,0.419,0.694,0.39,0.419,0.287,0.933,0.362,0.93,0.321,0.802,0.451,0.49,0.426,0.354,0.451,0.446,0.553,0.128,0.327,0.446,0.608,0.446,0.451,0.138,0.389,0.348,0.4,0.582,0.603,0.19,0.083,0.509,0.39,0.416,0.387,0.445,0.324,0.374,0.172,0.35,0.66,0.567,0.19
0.884,0.884,0.823,0.823,0.823,0.651,0.808,0.876,0.661,0.669,0.876,0.757,0.867,0.823,0.757,0.876,0.867,0.823,0.138,0.867,0.955,0.711,0.955,0.776,0.867,0.808,0.776,0.876,0.807,0.669,0.807,0.711,0.378,0.893,0.877,0.893,0.829,0.877,0.378,0.829,0.142,0.893,0.812,0.117,0.893,0.829,0.137,0.812,0.154,0.812,0.8,0.115,0.665,0.354,0.821,0.354,0.376,0.797,0.797,0.797,0.721,0.821,0.376,0.821,0.665,0.721,0.861,0.171,0.861,0.786,0.786,0.786,0.113,0.832,0.121,0.125,0.733,0.034,0.593,0.733,0.125,0.832,0.746,0.163,0.168,0.746,0.593,0.127,0.127,0.026,0.832,0.122,0.104,0.165,0.886,0.746,0.151,0.886,0.886,0.108,0.738,0.443,0.027,0.738,0.738,0.018,0.127,0.945,0.945,0.968,0.739,0.916,0.076,0.957,0.162,0.02,0.069,0.543,0.076,0.916,0.126,0.076,0.069,0.071,0.215,0.719,0.016,0.214,0.719,0.836,0.062,0.694,0.062,0.571,0.023,0.743,0.198,0.818,0.239,0.743,0.751,0.053,0.38,0.731,0.751,0.043,0.751,0.743,0.371,0.66,0.782,0.697,0.409,0.04,0.515,0.341,0.602,0.692,0.678,0.766,0.685,0.384,0.445,0.486,0.436,0.55,0.494,0.384
0.886,0.886,0.796,0.796,0.736,0.047,0.952,0.909,0.045,0.779,0.909,0.958,0.926,0.736,0.958,0.909,0.926,0.736,0.969,0.926,0.905,0.772,0.905,0.888,0.926,0.952,0.888,0.909,0.844,0.779,0.844,0.772,0.703,0.959,0.975,0.959,0.864,0.975,0.703,0.864,0.07,0.959,0.955,0.022,0.959,0.864,0.929,0.955,0.078,0.955,0.034,0.067,0.974,0.643,0.899,0.643,0.636,0.938,0.938,0.938,0.867,0.899,0.636,0.899,0.974,0.867,0.958,0.097,0.958,0.989,0.989,0.989,0.038,0.655,0.029,0.05,0.972,0.226,0.971,0.972,0.077,0.655,0.717,0.051,0.086,0.717,0.971,0.053,0.049,0.325,0.655,0.036,0.056,0.062,0.985,0.717,0.662,0.985,0.985,0.041,0.987,0.943,0.179,0.987,0.987,0.263,0.038,0.545,0.545,0.61,0.399,0.687,0.032,0.723,0.061,0.249,0.439,0.948,0.031,0.687,0.037,0.03,0.48,0.022,0.069,0.525,0.402,0.719,0.525,0.618,0.015,0.949,0.016,0.384,0.461,0.729,0.695,0.572,0.596,0.729,0.756,0.674,0.25,0.777,0.756,0.479,0.756,0.729,0.257,0.676,0.812,0.634,0.615,0.35,0.701,0.335,0.498,0.679,0.539,0.861,0.534,0.607,0.713,0.789,0.768,0.543,0.506,0.35
0.032,0.032,0.02,0.02,0.205,0.117,0.015,0.864,0.095,0.981,0.864,0.016,0.736,0.205,0.016,0.864,0.736,0.205,0.285,0.736,0.018,0.987,0.018,0.701,0.736,0.015,0.701,0.864,0.814,0.981,0.814,0.987,0.856,0.709,0.015,0.709,0.404,0.015,0.856,0.404,0.1,0.709,0.467,0.645,0.709,0.404,0.52,0.467,0.326,0.467,0.087,0.1,0.641,0.824,0.578,0.824,0.813,0.681,0.681,0.681,0.98,0.578,0.813,0.578,0.641,0.98,0.782,0.351,0.782,0.388,0.388,0.388,0.224,0.24,0.586,0.251,0.743,0.65,0.87,0.743,0.49,0.24,0.725,0.376,0.344,0.725,0.87,0.264,0.479,0.607,0.24,0.613,0.287,0.379,0.53,0.725,0.29,0.53,0.53,0.288,0.564,0.747,0.644,0.564,0.564,0.497,0.265,0.626,0.626,0.66,0.84,0.407,0.142,0.369,0.324,0.599,0.73,0.766,0.182,0.407,0.264,0.176,0.788,0.118,0.464,0.579,0.429,0.449,0.579,0.816,0.117,0.674,0.108,0.891,0.378,0.918,0.389,0.665,0.437,0.918,0.919,0.745,0.604,0.599,0.919,0.544,0.919,0.918,0.603,0.511,0.765,0.491,0.012,0.554,0.013,0.646,0.059,0.542,0.014,0.813,0.033,0.012,0.014,0.019,0.015,0.063,0.043,0.076
0.256,0.256,0.34,0.34,0.498,0.315,0.376,0.157,0.22,0.464,0.157,0.182,0.389,0.498,0.182,0.157,0.389,0.498,0.186,0.389,0.139,0.2,0.139,0.332,0.389,0.376,0.332,0.157,0.157,0.464,0.157,0.2,0.544,0.222,0.292,0.222,0.305,0.292,0.544,0.305,0.553,0.222,0.337,0.887,0.222,0.305,0.154,0.337,0.97,0.337,0.203,0.547,0.929,0.377,0.347,0.377,0.362,0.382,0.382,0.382,0.18,0.347,0.362,0.347,0.929,0.18,0.185,0.973,0.185,0.725,0.725,0.725,0.535,0.441,0.89,0.733,0.678,0.425,0.705,0.678,0.515,0.441,0.648,0.518,0.958,0.648,0.705,0.72,0.497,0.566,0.441,0.892,0.711,0.529,0.529,0.648,0.213,0.529,0.529,0.689,0.542,0.576,0.461,0.542,0.542,0.476,0.693,0.574,0.574,0.548,0.673,0.824,0.37,0.746,0.509,0.468,0.63,0.567,0.407,0.824,0.672,0.349,0.559,0.388,0.571,0.573,0.658,0.146,0.573,0.81,0.424,0.532,0.393,0.65,0.418,0.507,0.227,0.56,0.294,0.507,0.417,0.822,0.82,0.099,0.417,0.336,0.417,0.507,0.828,0.078,0.101,0.088,0.397,0.248,0.356,0.835,0.5,0.076,0.59,0.087,0.587,0.369,0.384,0.348,0.359,0.684,0.662,0.423
0.87,0.87,0.875,0.875,0.233,0.904,0.804,0.727,0.927,0.825,0.727,0.68,0.743,0.233,0.68,0.727,0.743,0.233,0.324,0.743,0.863,0.746,0.863,0.853,0.743,0.804,0.853,0.727,0.767,0.825,0.767,0.746,0.644,0.719,0.729,0.719,0.302,0.729,0.644,0.302,0.967,0.719,0.31,0.099,0.719,0.302,0.312,0.31,0.347,0.31,0.958,0.977,0.134,0.453,0.245,0.453,0.445,0.241,0.241,0.241,0.7,0.245,0.445,0.245,0.134,0.7,0.769,0.452,0.769,0.086,0.086,0.086,0.888,0.242,0.156,0.806,0.131,0.55,0.128,0.131,0.882,0.242,0.112,0.77,0.455,0.112,0.128,0.838,0.867,0.625,0.242,0.185,0.795,0.783,0.086,0.112,0.95,0.086,0.086,0.826,0.081,0.185,0.463,0.081,0.081,0.37,0.856,0.306,0.306,0.304,0.441,0.192,0.611,0.21,0.825,0.53,0.89,0.191,0.609,0.192,0.844,0.609,0.894,0.498,0.872,0.289,0.657,0.7,0.289,0.312,0.493,0.135,0.5,0.322,0.813,0.182,0.677,0.292,0.669,0.182,0.19,0.896,0.49,0.397,0.19,0.583,0.19,0.182,0.543,0.358,0.424,0.431,0.434,0.654,0.501,0.533,0.594,0.433,0.671,0.441,0.662,0.493,0.463,0.528,0.465,0.758,0.74,0.749
0.712,0.712,0.679,0.679,0.109,0.569,0.696,0.782,0.553,0.484,0.782,0.77,0.749,0.109,0.77,0.782,0.749,0.109,0.732,0.749,0.554,0.585,0.554,0.748,0.749,0.696,0.748,0.782,0.776,0.484,0.776,0.585,0.299,0.821,0.687,0.821,0.126,0.687,0.299,0.126,0.826,0.821,0.12,0.292,0.821,0.126,0.71,0.12,0.302,0.12,0.761,0.889,0.145,0.353,0.104,0.353,0.353,0.096,0.096,0.096,0.51,0.104,0.353,0.104,0.145,0.51,0.788,0.641,0.788,0.821,0.821,0.821,0.463,0.216,0.486,0.693,0.088,0.54,0.089,0.088,0.581,0.216,0.114,0.632,0.596,0.114,0.089,0.686,0.565,0.295,0.216,0.41,0.661,0.62,0.302,0.114,0.906,0.302,0.302,0.634,0.329,0.08,0.429,0.329,0.329,0.323,0.739,0.153,0.153,0.076,0.021,0.052,0.173,0.03,0.604,0.281,0.113,0.077,0.189,0.052,0.707,0.188,0.196,0.29,0.557,0.191,0.236,0.314,0.191,0.015,0.28,0.148,0.271,0.018,0.344,0.075,0.27,0.08,0.252,0.075,0.077,0.175,0.096,0.411,0.077,0.371,0.077,0.075,0.091,0.703,0.477,0.687,0.441,0.354,0.463,0.117,0.52,0.667,0.586,0.481,0.563,0.459,0.454,0.445,0.443,0.537,0.529,0.343
0.319,0.319,0.309,0.309,0.25,0.602,0.256,0.249,0.636,0.128,0.249,0.265,0.234,0.25,0.265,0.249,0.234,0.25,0.423,0.234,0.409,0.138,0.409,0.23,0.234,0.256,0.23,0.249,0.245,0.128,0.245,0.138,0.099,0.36,0.342,0.36,0.712,0.342,0.099,0.712,0.45,0.36,0.673,0.183,0.36,0.712,0.61,0.673,0.213,0.673,0.496,0.432,0.04,0.105,0.563,0.105,0.106,0.518,0.518,0.518,0.215,0.563,0.106,0.563,0.04,0.215,0.345,0.433,0.345,0.189,0.189,0.189,0.304,0.353,0.369,0.335,0.142,0.564,0.222,0.142,0.334,0.353,0.039,0.358,0.392,0.039,0.222,0.33,0.327,0.382,0.353,0.317,0.322,0.352,0.227,0.039,0.706,0.227,0.227,0.289,0.268,0.198,0.554,0.268,0.268,0.345,0.243,0.487,0.487,0.478,0.14,0.461,0.298,0.474,0.278,0.337,0.681,0.176,0.269,0.461,0.247,0.263,0.67,0.278,0.185,0.502,0.299,0.489,0.502,0.345,0.331,0.043,0.314,0.12,0.413,0.217,0.462,0.492,0.515,0.217,0.228,0.517,0.83,0.433,0.228,0.472,0.228,0.217,0.845,0.809,0.368,0.749,0.746,0.411,0.764,0.793,0.749,0.731,0.698,0.41,0.659,0.755,0.736,0.757,0.728,0.561,0.576,0.366
0.055,0.055,0.067,0.067,0.001,0.358,0.04,0.103,0.369,0.321,0.103,0.033,0.13,0.001,0.033,0.103,0.13,0.001,0.001,0.13,0.075,0.221,0.075,0.148,0.13,0.04,0.148,0.103,0.13,0.321,0.13,0.221,0.53,0.1,0.057,0.1,0.001,0.057,0.53,0.001,0.866,0.1,0.001,0.636,0.1,0.001,0.001,0.001,0.073,0.001,0.36,0.89,0.001,0.404,0.001,0.404,0.402,0.001,0.001,0.001,0.317,0.001,0.402,0.001,0.001,0.317,0.11,0.048,0.11,0.001,0.001,0.001,0.807,0.001,0.608,0.402,0.001,0.098,0.001,0.001,0.61,0.001,0.001,0.449,0.054,0.001,0.001,0.434,0.638,0.205,0.001,0.622,0.382,0.444,0.001,0.001,0.002,0.001,0.001,0.384,0.001,0.001,0.151,0.001,0.001,0.146,0.447,0.008,0.008,0.008,0.092,0.018,0.197,0.017,0.458,0.121,0.143,0.001,0.22,0.018,0.36,0.207,0.222,0.224,0.69,0.009,0.134,0.224,0.009,0.068,0.222,0.001,0.217,0.091,0.152,0.001,0.188,0.012,0.18,0.001,0.001,0.158,0.121,0.078,0.001,0.201,0.001,0.001,0.126,0.039,0.094,0.05,0.382,0.175,0.311,0.124,0.566,0.037,0.23,0.082,0.22,0.445,0.325,0.249,0.262,0.347,0.36,0.422
0.736,0.736,0.696,0.696,0.677,0.252,0.457,0.491,0.232,0.195,0.491,0.481,0.303,0.677,0.481,0.491,0.303,0.677,0.937,0.303,0.663,0.302,0.663,0.282,0.303,0.457,0.282,0.491,0.45,0.195,0.45,0.302,0.626,0.394,0.477,0.394,0.803,0.477,0.626,0.803,0.621,0.394,0.813,0.206,0.394,0.803,0.925,0.813,0.359,0.813,0.229,0.606,0.584,0.552,0.78,0.552,0.513,0.786,0.786,0.786,0.257,0.78,0.513,0.78,0.584,0.257,0.374,0.373,0.374,0.94,0.94,0.94,0.709,0.779,0.248,0.561,0.919,0.432,0.912,0.919,0.753,0.779,0.489,0.689,0.372,0.489,0.912,0.552,0.737,0.473,0.779,0.256,0.516,0.698,0.958,0.489,0.962,0.958,0.958,0.506,0.986,0.75,0.414,0.986,0.986,0.355,0.621,0.676,0.676,0.543,0.511,0.199,0.102,0.173,0.753,0.477,0.622,0.745,0.146,0.199,0.567,0.13,0.583,0.231,0.8,0.509,0.353,0.512,0.509,0.207,0.227,0.52,0.224,0.499,0.566,0.698,0.55,0.357,0.497,0.698,0.709,0.735,0.794,0.926,0.709,0.437,0.709,0.698,0.855,0.974,0.968,0.971,0.624,0.456,0.684,0.858,0.607,0.958,0.702,0.955,0.655,0.632,0.689,0.689,0.692,0.938,0.964,0.711
0.037,0.037,0.029,0.029,0.475,0.155,0.499,0.812,0.173,0.739,0.812,0.559,0.727,0.475,0.559,0.812,0.727,0.475,0.582,0.727,0.06,0.797,0.06,0.656,0.727,0.499,0.656,0.812,0.773,0.739,0.773,0.797,0.781,0.837,0.559,0.837,0.835,0.559,0.781,0.835,0.3,0.837,0.773,0.014,0.837,0.835,0.614,0.773,0.047,0.773,0.234,0.598,0.696,0.816,0.88,0.816,0.817,0.807,0.807,0.807,0.769,0.88,0.817,0.88,0.696,0.769,0.766,0.049,0.766,0.625,0.625,0.625,0.744,0.603,0.015,0.751,0.887,0.147,0.864,0.887,0.653,0.603,0.551,0.612,0.047,0.551,0.864,0.742,0.647,0.148,0.603,0.014,0.775,0.617,0.881,0.551,0.35,0.881,0.881,0.764,0.86,0.51,0.08,0.86,0.86,0.171,0.825,0.669,0.669,0.71,0.849,0.679,0.884,0.671,0.651,0.123,0.36,0.515,0.883,0.679,0.857,0.886,0.466,0.948,0.797,0.786,0.215,0.251,0.786,0.939,0.942,0.512,0.936,0.643,0.253,0.808,0.413,0.828,0.364,0.808,0.783,0.369,0.7,0.151,0.783,0.257,0.783,0.808,0.692,0.159,0.256,0.197,0.302,0.159,0.376,0.622,0.01,0.211,0.019,0.23,0.026,0.276,0.38,0.436,0.419,0.015,0.012,0.181
0.109,0.109,0.105,0.105,0.337,0.897,0.053,0.06,0.9,0.047,0.06,0.059,0.05,0.337,0.059,0.06,0.05,0.337,0.061,0.05,0.113,0.061,0.113,0.048,0.05,0.053,0.048,0.06,0.063,0.047,0.063,0.061,0.032,0.09,0.098,0.09,0.204,0.098,0.032,0.204,0.62,0.09,0.359,0.438,0.09,0.204,0.101,0.359,0.391,0.359,0.871,0.481,0.782,0.049,0.164,0.049,0.05,0.29,0.29,0.29,0.069,0.164,0.05,0.164,0.782,0.069,0.087,0.399,0.087,0.635,0.635,0.635,0.827,0.346,0.618,0.591,0.818,0.693,0.854,0.818,0.494,0.346,0.106,0.499,0.436,0.106,0.854,0.59,0.496,0.394,0.346,0.606,0.631,0.504,0.691,0.106,0.105,0.691,0.691,0.623,0.748,0.372,0.614,0.748,0.748,0.753,0.8,0.591,0.591,0.606,0.92,0.48,0.998,0.611,0.564,0.369,0.381,0.343,0.999,0.48,0.822,0.999,0.405,0.965,0.426,0.422,0.404,0.303,0.422,0.912,0.948,0.382,0.953,0.902,0.549,0.185,0.288,0.429,0.276,0.185,0.106,0.512,0.742,0.41,0.106,0.448,0.106,0.185,0.748,0.43,0.397,0.413,0.376,0.421,0.467,0.732,0.321,0.435,0.39,0.294,0.306,0.422,0.459,0.447,0.43,0.668,0.713,0.64
0.975,0.975,0.931,0.931,0.865,0.846,0.758,0.741,0.85,0.462,0.741,0.791,0.744,0.865,0.791,0.741,0.744,0.865,0.159,0.744,0.98,0.549,0.98,0.714,0.744,0.758,0.714,0.741,0.717,0.462,0.717,0.549,0.212,0.876,0.89,0.876,0.819,0.89,0.212,0.819,0.456,0.876,0.835,0.057,0.876,0.819,0.201,0.835,0.228,0.835,0.85,0.433,0.547,0.272,0.686,0.272,0.298,0.708,0.708,0.708,0.619,0.686,0.298,0.686,0.547,0.619,0.805,0.158,0.805,0.46,0.46,0.46,0.496,0.93,0.05,0.4,0.645,0.313,0.446,0.645,0.545,0.93,0.672,0.483,0.173,0.672,0.446,0.404,0.493,0.4,0.93,0.049,0.391,0.472,0.215,0.672,0.402,0.215,0.215,0.404,0.269,0.478,0.393,0.269,0.269,0.357,0.368,0.755,0.755,0.743,0.186,0.784,0.448,0.815,0.477,0.447,0.641,0.541,0.435,0.784,0.366,0.436,0.641,0.263,0.522,0.745,0.428,0.257,0.745,0.237,0.264,0.485,0.259,0.184,0.32,0.554,0.42,0.741,0.521,0.554,0.573,0.51,0.221,0.486,0.573,0.426,0.573,0.554,0.231,0.225,0.432,0.238,0.726,0.476,0.469,0.228,0.819,0.227,0.779,0.419,0.829,0.748,0.435,0.628,0.59,0.872,0.657,0.893
0.649,0.649,0.625,0.625,0.597,0.681,0.792,0.73,0.668,0.691,0.73,0.827,0.761,0.597,0.827,0.73,0.761,0.597,0.293,0.761,0.658,0.773,0.658,0.763,0.761,0.792,0.763,0.73,0.728,0.691,0.728,0.773,0.302,0.729,0.833,0.729,0.223,0.833,0.302,0.223,0.74,0.729,0.237,0.939,0.729,0.223,0.219,0.237,0.852,0.237,0.783,0.748,0.296,0.343,0.324,0.343,0.337,0.354,0.354,0.354,0.652,0.324,0.337,0.324,0.296,0.652,0.728,0.677,0.728,0.261,0.261,0.261,0.794,0.41,0.91,0.648,0.269,0.299,0.236,0.269,0.742,0.41,0.328,0.75,0.749,0.328,0.236,0.654,0.798,0.415,0.41,0.908,0.617,0.742,0.3,0.328,0.428,0.3,0.3,0.624,0.317,0.21,0.314,0.317,0.317,0.267,0.555,0.41,0.41,0.431,0.922,0.901,0.688,0.883,0.689,0.473,0.536,0.238,0.679,0.901,0.587,0.678,0.59,0.542,0.754,0.477,0.354,0.726,0.477,0.981,0.65,0.357,0.675,0.945,0.414,0.337,0.679,0.496,0.746,0.337,0.309,0.695,0.704,0.322,0.309,0.489,0.309,0.337,0.712,0.381,0.35,0.424,0.851,0.548,0.891,0.68,0.806,0.407,0.774,0.336,0.806,0.859,0.877,0.919,0.912,0.626,0.682,0.592
0.224,0.224,0.22,0.22,0.948,0.436,0.254,0.178,0.42,0.14,0.178,0.322,0.189,0.948,0.322,0.178,0.189,0.948,0.949,0.189,0.228,0.184,0.228,0.184,0.189,0.254,0.184,0.178,0.174,0.14,0.174,0.184,0.878,0.218,0.324,0.218,0.992,0.324,0.878,0.992,0.868,0.218,0.995,0.791,0.218,0.992,0.933,0.995,0.95,0.995,0.383,0.788,0.906,0.859,0.974,0.859,0.86,0.963,0.963,0.963,0.151,0.974,0.86,0.974,0.906,0.151,0.219,0.999,0.219,0.742,0.742,0.742,0.684,0.773,0.95,0.958,0.912,0.966,0.923,0.912,0.973,0.773,0.957,0.959,0.998,0.957,0.923,0.958,0.978,0.431,0.773,0.945,0.955,0.957,0.751,0.957,0.549,0.751,0.751,0.952,0.8,0.952,0.959,0.8,0.8,0.878,0.965,0.984,0.984,0.945,0.945,0.832,0.975,0.77,0.954,0.391,0.656,0.953,0.984,0.832,0.949,0.983,0.615,0.987,0.975,0.983,0.388,0.325,0.983,0.936,0.956,0.954,0.959,0.96,0.581,0.976,0.265,0.938,0.244,0.976,0.976,0.426,0.39,0.348,0.976,0.619,0.976,0.976,0.369,0.42,0.448,0.411,0.449,0.555,0.565,0.331,0.228,0.404,0.201,0.404,0.222,0.494,0.512,0.464,0.408,0.368,0.368,0.171
0.202,0.202,0.182,0.182,0.363,0.327,0.237,0.201,0.325,0.12,0.201,0.278,0.178,0.363,0.278,0.201,0.178,0.363,0.326,0.178,0.111,0.152,0.111,0.182,0.178,0.237,0.182,0.201,0.216,0.12,0.216,0.152,0.034,0.111,0.138,0.111,0.739,0.138,0.034,0.739,0.358,0.111,0.765,0.586,0.111,0.739,0.354,0.765,0.596,0.765,0.228,0.367,0.162,0.081,0.717,0.081,0.085,0.724,0.724,0.724,0.084,0.717,0.085,0.717,0.162,0.084,0.103,0.515,0.103,0.285,0.285,0.285,0.451,0.524,0.629,0.905,0.245,0.609,0.429,0.245,0.48,0.524,0.295,0.67,0.51,0.295,0.429,0.9,0.5,0.579,0.524,0.629,0.878,0.696,0.231,0.295,0.431,0.231,0.231,0.876,0.242,0.506,0.606,0.242,0.242,0.687,0.816,0.293,0.293,0.266,0.319,0.071,0.393,0.068,0.527,0.583,0.447,0.474,0.35,0.071,0.815,0.464,0.462,0.59,0.462,0.156,0.6,0.775,0.156,0.151,0.752,0.372,0.747,0.254,0.589,0.443,0.83,0.142,0.836,0.443,0.627,0.532,0.186,0.77,0.627,0.755,0.627,0.443,0.186,0.557,0.798,0.649,0.934,0.71,0.881,0.237,0.863,0.639,0.884,0.744,0.881,0.935,0.891,0.913,0.911,0.736,0.721,0.777
0.367,0.367,0.706,0.706,0.054,0.391,0.373,0.127,0.381,0.152,0.127,0.151,0.289,0.054,0.151,0.127,0.289,0.054,0.043,0.289,0.181,0.069,0.181,0.28,0.289,0.373,0.28,0.127,0.113,0.152,0.113,0.069,0.138,0.106,0.124,0.106,0.084,0.124,0.138,0.084,0.736,0.106,0.059,0.463,0.106,0.084,0.03,0.059,0.717,0.059,0.393,0.892,0.303,0.113,0.046,0.113,0.113,0.034,0.034,0.034,0.068,0.046,0.113,0.046,0.303,0.068,0.128,0.715,0.128,0.274,0.274,0.274,0.592,0.036,0.387,0.655,0.326,0.821,0.311,0.326,0.651,0.036,0.36,0.749,0.693,0.36,0.311,0.675,0.642,0.822,0.036,0.403,0.592,0.743,0.246,0.36,0.023,0.246,0.246,0.621,0.239,0.305,0.789,0.239,0.239,0.847,0.704,0.028,0.028,0.036,0.104,0.12,0.283,0.165,0.738,0.887,0.32,0.35,0.267,0.12,0.657,0.274,0.394,0.38,0.56,0.034,0.868,0.083,0.034,0.116,0.367,0.33,0.375,0.098,0.525,0.424,0.065,0.048,0.091,0.424,0.416,0.543,0.207,0.092,0.416,0.49,0.416,0.424,0.209,0.094,0.099,0.095,0.181,0.445,0.147,0.262,0.314,0.091,0.528,0.095,0.569,0.163,0.181,0.117,0.145,0.403,0.389,0.538
0.407,0.407,0.379,0.379,0.841,0.634,0.354,0.322,0.646,0.187,0.322,0.38,0.296,0.841,0.38,0.322,0.296,0.841,0.454,0.296,0.355,0.243,0.355,0.268,0.296,0.354,0.268,0.322,0.299,0.187,0.299,0.243,0.261,0.216,0.404,0.216,0.694,0.404,0.261,0.694,0.081,0.216,0.774,0.684,0.216,0.694,0.558,0.774,0.48,0.774,0.579,0.083,0.842,0.198,0.678,0.198,0.195,0.752,0.752,0.752,0.217,0.678,0.195,0.678,0.842,0.217,0.197,0.486,0.197,0.608,0.608,0.608,0.09,0.827,0.809,0.304,0.896,0.246,0.843,0.896,0.234,0.827,0.682,0.241,0.464,0.682,0.843,0.308,0.233,0.317,0.827,0.796,0.301,0.234,0.797,0.682,0.657,0.797,0.797,0.312,0.759,0.231,0.238,0.759,0.759,0.314,0.491,0.742,0.742,0.761,0.178,0.673,0.373,0.706,0.348,0.293,0.56,0.236,0.361,0.673,0.525,0.368,0.58,0.303,0.276,0.727,0.387,0.136,0.727,0.232,0.299,0.265,0.295,0.188,0.599,0.618,0.174,0.763,0.46,0.618,0.512,0.643,0.199,0.207,0.512,0.387,0.512,0.618,0.201,0.123,0.118,0.104,0.506,0.344,0.257,0.175,0.403,0.105,0.42,0.108,0.434,0.51,0.245,0.282,0.279,0.321,0.354,0.286
0.286,0.286,0.355,0.355,0.269,0.455,0.701,0.911,0.469,0.768,0.911,0.712,0.823,0.269,0.712,0.911,0.823,0.269,0.04,0.823,0.425,0.704,0.425,0.796,0.823,0.701,0.796,0.911,0.898,0.768,0.898,0.704,0.929,0.945,0.654,0.945,0.269,0.654,0.929,0.269,0.42,0.945,0.254,0.252,0.945,0.269,0.041,0.254,0.226,0.254,0.43,0.429,0.156,0.889,0.218,0.889,0.886,0.212,0.212,0.212,0.743,0.218,0.886,0.218,0.156,0.743,0.922,0.381,0.922,0.164,0.164,0.164,0.575,0.294,0.219,0.664,0.181,0.369,0.172,0.181,0.697,0.294,0.173,0.688,0.349,0.173,0.172,0.685,0.614,0.38,0.294,0.218,0.713,0.646,0.106,0.173,0.049,0.106,0.106,0.715,0.097,0.165,0.382,0.097,0.097,0.431,0.677,0.263,0.263,0.265,0.61,0.34,0.677,0.338,0.647,0.386,0.873,0.178,0.72,0.34,0.722,0.718,0.853,0.69,0.616,0.283,0.494,0.675,0.283,0.585,0.689,0.165,0.697,0.609,0.579,0.206,0.643,0.334,0.695,0.206,0.208,0.753,0.767,0.613,0.208,0.7,0.208,0.206,0.77,0.426,0.584,0.335,0.831,0.702,0.785,0.83,0.496,0.395,0.566,0.608,0.517,0.781,0.842,0.808,0.849,0.401,0.516,0.296
0.826,0.826,0.83,0.83,0.942,0.959,0.971,0.951,0.939,0.965,0.951,0.971,0.962,0.942,0.971,0.951,0.962,0.942,0.602,0.962,0.723,0.952,0.723,0.954,0.962,0.971,0.954,0.951,0.931,0.965,0.931,0.952,0.821,0.966,0.967,0.966,0.974,0.967,0.821,0.974,0.794,0.966,0.987,0.641,0.966,0.974,0.57,0.987,0.343,0.987,0.975,0.786,0.805,0.717,0.965,0.717,0.748,0.975,0.975,0.975,0.942,0.965,0.748,0.965,0.805,0.942,0.961,0.31,0.961,0.571,0.571,0.571,0.675,0.945,0.507,0.549,0.856,0.344,0.817,0.856,0.506,0.945,0.871,0.648,0.297,0.871,0.817,0.573,0.65,0.263,0.945,0.481,0.561,0.586,0.732,0.871,0.492,0.732,0.732,0.528,0.711,0.788,0.338,0.711,0.711,0.243,0.376,0.685,0.685,0.889,0.483,0.772,0.273,0.756,0.438,0.284,0.214,0.838,0.254,0.772,0.407,0.249,0.199,0.271,0.619,0.721,0.217,0.164,0.721,0.626,0.295,0.7,0.27,0.402,0.249,0.959,0.208,0.902,0.263,0.959,0.95,0.234,0.773,0.285,0.95,0.298,0.95,0.959,0.806,0.443,0.215,0.437,0.423,0.336,0.523,0.615,0.663,0.431,0.776,0.253,0.739,0.42,0.487,0.474,0.403,0.484,0.49,0.463
0.662,0.662,0.645,0.645,0.717,0.989,0.718,0.486,0.967,0.388,0.486,0.564,0.612,0.717,0.564,0.486,0.612,0.717,0.027,0.612,0.592,0.254,0.592,0.638,0.612,0.718,0.638,0.486,0.346,0.388,0.346,0.254,0.777,0.399,0.53,0.399,0.455,0.53,0.777,0.455,0.88,0.399,0.377,0.067,0.399,0.455,0.025,0.377,0.19,0.377,0.705,0.769,0.426,0.79,0.607,0.79,0.77,0.435,0.435,0.435,0.264,0.607,0.77,0.607,0.426,0.264,0.432,0.165,0.432,0.465,0.465,0.465,0.622,0.543,0.058,0.791,0.421,0.288,0.407,0.421,0.734,0.543,0.532,0.694,0.197,0.532,0.407,0.763,0.789,0.371,0.543,0.047,0.748,0.715,0.403,0.532,0.035,0.403,0.403,0.729,0.413,0.44,0.33,0.413,0.413,0.4,0.798,0.864,0.864,0.844,0.975,0.665,0.455,0.835,0.706,0.37,0.401,0.453,0.474,0.665,0.752,0.462,0.475,0.683,0.795,0.872,0.392,0.175,0.872,0.814,0.567,0.404,0.513,0.97,0.506,0.23,0.175,0.838,0.218,0.23,0.229,0.67,0.87,0.164,0.229,0.417,0.229,0.23,0.87,0.198,0.115,0.189,0.412,0.436,0.331,0.899,0.424,0.187,0.345,0.154,0.348,0.421,0.372,0.339,0.345,0.295,0.3,0.164
0.973,0.973,0.974,0.974,0.603,0.551,0.956,0.882,0.58,0.698,0.882,0.947,0.88,0.603,0.947,0.882,0.88,0.603,0.348,0.88,0.997,0.775,0.997,0.882,0.88,0.956,0.882,0.882,0.908,0.698,0.908,0.775,0.514,0.981,0.988,0.981,0.449,0.988,0.514,0.449,0.281,0.981,0.274,0.258,0.981,0.449,0.391,0.274,0.407,0.274,0.626,0.29,0.898,0.417,0.478,0.417,0.517,0.3,0.3,0.3,0.871,0.478,0.517,0.478,0.898,0.871,0.984,0.377,0.984,0.67,0.67,0.67,0.257,0.571,0.266,0.466,0.408,0.735,0.387,0.408,0.303,0.571,0.962,0.334,0.383,0.962,0.387,0.486,0.325,0.456,0.571,0.26,0.473,0.307,0.321,0.962,0.415,0.321,0.321,0.487,0.335,0.541,0.725,0.335,0.335,0.627,0.53,0.711,0.711,0.737,0.611,0.345,0.728,0.346,0.334,0.499,0.888,0.473,0.764,0.345,0.517,0.761,0.889,0.495,0.352,0.69,0.417,0.337,0.69,0.414,0.498,0.794,0.487,0.545,0.75,0.61,0.437,0.704,0.286,0.61,0.648,0.847,0.085,0.912,0.648,0.481,0.648,0.61,0.076,0.99,0.893,0.978,0.267,0.757,0.413,0.075,0.948,0.975,0.968,0.909,0.965,0.524,0.483,0.395,0.493,0.712,0.687,0.669
0.477,0.477,0.4,0.4,0.645,0.806,0.174,0.663,0.815,0.348,0.663,0.282,0.676,0.645,0.282,0.663,0.676,0.645,0.751,0.676,0.182,0.411,0.182,0.568,0.676,0.174,0.568,0.663,0.609,0.348,0.609,0.411,0.098,0.596,0.191,0.596,0.502,0.191,0.098,0.502,0.974,0.596,0.562,0.028,0.596,0.502,0.651,0.562,0.142,0.562,0.829,0.972,0.81,0.091,0.501,0.091,0.096,0.531,0.531,0.531,0.288,0.501,0.096,0.501,0.81,0.288,0.553,0.138,0.553,0.953,0.953,0.953,0.953,0.684,0.021,0.962,0.586,0.237,0.651,0.586,0.969,0.684,0.675,0.945,0.135,0.675,0.651,0.967,0.972,0.305,0.684,0.02,0.966,0.953,0.799,0.675,0.89,0.799,0.799,0.962,0.754,0.48,0.284,0.754,0.754,0.269,0.95,0.631,0.631,0.493,0.691,0.531,0.839,0.472,0.962,0.303,0.511,0.439,0.83,0.531,0.961,0.884,0.355,0.813,0.943,0.634,0.225,0.571,0.634,0.678,0.871,0.527,0.884,0.577,0.15,0.253,0.578,0.465,0.551,0.253,0.286,0.366,0.531,0.543,0.286,0.187,0.286,0.253,0.617,0.273,0.409,0.308,0.184,0.216,0.216,0.549,0.415,0.289,0.382,0.439,0.437,0.187,0.222,0.213,0.218,0.5,0.439,0.611
0.258,0.258,0.25,0.25,0.007,0.418,0.321,0.328,0.416,0.21,0.328,0.324,0.316,0.007,0.324,0.328,0.316,0.007,0.035,0.316,0.225,0.258,0.225,0.263,0.316,0.321,0.263,0.328,0.298,0.21,0.298,0.258,0.594,0.223,0.32,0.223,0.005,0.32,0.594,0.005,0.52,0.223,0.005,0.109,0.223,0.005,0.036,0.005,0.286,0.005,0.356,0.586,0.002,0.714,0.005,0.714,0.721,0.005,0.005,0.005,0.195,0.005,0.721,0.005,0.002,0.195,0.194,0.306,0.194,0.003,0.003,0.003,0.833,0.005,0.112,0.339,0.002,0.215,0.002,0.002,0.451,0.005,0.003,0.52,0.303,0.003,0.002,0.465,0.655,0.222,0.005,0.113,0.341,0.399,0.004,0.003,0.043,0.004,0.004,0.357,0.004,0.002,0.211,0.004,0.004,0.276,0.359,0.018,0.018,0.019,0.088,0.026,0.317,0.029,0.462,0.216,0.347,0.002,0.312,0.026,0.355,0.308,0.332,0.267,0.611,0.018,0.234,0.108,0.018,0.067,0.244,0.002,0.223,0.086,0.098,0.002,0.16,0.02,0.109,0.002,0.002,0.284,0.179,0.056,0.002,0.108,0.002,0.002,0.177,0.049,0.079,0.075,0.202,0.098,0.207,0.181,0.16,0.067,0.209,0.057,0.2,0.209,0.171,0.246,0.221,0.277,0.238,0.314
0.929,0.929,0.942,0.942,0.167,0.96,0.941,0.935,0.96,0.667,0.935,0.927,0.932,0.167,0.927,0.935,0.932,0.167,0.496,0.932,0.869,0.663,0.869,0.889,0.932,0.941,0.889,0.935,0.849,0.667,0.849,0.663,0.419,0.777,0.816,0.777,0.285,0.816,0.419,0.285,0.988,0.777,0.313,0.798,0.777,0.285,0.262,0.313,0.969,0.313,0.954,0.979,0.287,0.456,0.17,0.456,0.391,0.171,0.171,0.171,0.588,0.17,0.391,0.17,0.287,0.588,0.731,0.959,0.731,0.437,0.437,0.437,0.994,0.212,0.811,0.965,0.127,0.929,0.126,0.127,0.985,0.212,0.201,0.971,0.959,0.201,0.126,0.953,0.965,0.874,0.212,0.81,0.954,0.967,0.548,0.201,0.375,0.548,0.548,0.926,0.53,0.089,0.922,0.53,0.53,0.983,0.947,0.356,0.356,0.382,0.491,0.576,0.559,0.571,0.958,0.884,0.902,0.082,0.521,0.576,0.943,0.506,0.943,0.769,0.919,0.371,0.926,0.204,0.371,0.349,0.688,0.185,0.684,0.586,0.826,0.154,0.243,0.404,0.423,0.154,0.164,0.912,0.837,0.434,0.164,0.724,0.164,0.154,0.8,0.298,0.346,0.341,0.505,0.745,0.641,0.783,0.524,0.322,0.38,0.304,0.443,0.489,0.619,0.632,0.627,0.473,0.401,0.585
0.318,0.318,0.337,0.337,0.027,0.437,0.381,0.262,0.5,0.704,0.262,0.368,0.327,0.027,0.368,0.262,0.327,0.027,0.008,0.327,0.418,0.701,0.418,0.335,0.327,0.381,0.335,0.262,0.353,0.704,0.353,0.701,0.435,0.265,0.54,0.265,0.018,0.54,0.435,0.018,0.372,0.265,0.045,0.163,0.265,0.018,0.015,0.045,0.324,0.045,0.507,0.369,0.325,0.48,0.021,0.48,0.489,0.053,0.053,0.053,0.73,0.021,0.489,0.021,0.325,0.73,0.309,0.195,0.309,0.293,0.293,0.293,0.222,0.029,0.096,0.789,0.458,0.11,0.413,0.458,0.693,0.029,0.346,0.71,0.304,0.346,0.413,0.781,0.83,0.207,0.029,0.137,0.754,0.71,0.376,0.346,0.006,0.376,0.376,0.75,0.406,0.463,0.158,0.406,0.406,0.134,0.728,0.089,0.089,0.1,0.184,0.046,0.766,0.05,0.716,0.235,0.076,0.487,0.869,0.046,0.689,0.88,0.08,0.772,0.669,0.056,0.209,0.078,0.056,0.079,0.783,0.369,0.798,0.139,0.042,0.579,0.059,0.069,0.062,0.579,0.54,0.097,0.111,0.042,0.54,0.044,0.54,0.579,0.112,0.012,0.058,0.011,0.157,0.042,0.252,0.099,0.128,0.013,0.215,0.075,0.233,0.158,0.237,0.227,0.207,0.363,0.33,0.175
0.729,0.729,0.659,0.659,0.21,0.798,0.673,0.861,0.797,0.697,0.861,0.687,0.821,0.21,0.687,0.861,0.821,0.21,0.891,0.821,0.649,0.733,0.649,0.824,0.821,0.673,0.824,0.861,0.859,0.697,0.859,0.733,0.292,0.767,0.606,0.767,0.479,0.606,0.292,0.479,0.548,0.767,0.601,0.211,0.767,0.479,0.953,0.601,0.227,0.601,0.697,0.804,0.195,0.418,0.371,0.418,0.431,0.462,0.462,0.462,0.606,0.371,0.431,0.371,0.195,0.606,0.732,0.3,0.732,0.311,0.311,0.311,0.748,0.332,0.437,0.442,0.194,0.513,0.187,0.194,0.625,0.332,0.217,0.639,0.36,0.217,0.187,0.553,0.722,0.622,0.332,0.544,0.447,0.551,0.763,0.217,0.63,0.763,0.763,0.534,0.739,0.313,0.549,0.739,0.739,0.358,0.386,0.751,0.751,0.759,0.685,0.599,0.968,0.598,0.486,0.578,0.356,0.325,0.94,0.599,0.372,0.952,0.386,0.724,0.531,0.638,0.4,0.846,0.638,0.734,0.74,0.241,0.77,0.628,0.447,0.32,0.758,0.71,0.857,0.32,0.277,0.271,0.657,0.573,0.277,0.74,0.277,0.32,0.674,0.312,0.652,0.315,0.885,0.672,0.919,0.641,0.876,0.383,0.901,0.614,0.939,0.875,0.944,0.838,0.895,0.519,0.411,0.939
0.72,0.72,0.621,0.621,0.023,0.775,0.356,0.424,0.788,0.541,0.424,0.467,0.332,0.023,0.467,0.424,0.332,0.023,0.01,0.332,0.496,0.589,0.496,0.362,0.332,0.356,0.362,0.424,0.395,0.541,0.395,0.589,0.35,0.332,0.308,0.332,0.011,0.308,0.35,0.011,0.476,0.332,0.014,0.566,0.332,0.011,0.012,0.014,0.845,0.014,0.768,0.448,0.27,0.543,0.01,0.543,0.556,0.014,0.014,0.014,0.48,0.01,0.556,0.01,0.27,0.48,0.313,0.849,0.313,0.186,0.186,0.186,0.493,0.021,0.352,0.497,0.312,0.971,0.25,0.312,0.552,0.021,0.056,0.421,0.786,0.056,0.25,0.464,0.527,0.95,0.021,0.376,0.497,0.437,0.173,0.056,0.003,0.173,0.173,0.45,0.149,0.05,0.909,0.149,0.149,0.879,0.423,0.031,0.031,0.029,0.349,0.128,0.231,0.126,0.421,0.933,0.498,0.059,0.257,0.128,0.466,0.248,0.499,0.248,0.388,0.027,0.861,0.491,0.027,0.282,0.266,0.072,0.241,0.278,0.849,0.041,0.5,0.03,0.284,0.041,0.035,0.699,0.537,0.21,0.035,0.921,0.035,0.041,0.549,0.155,0.23,0.227,0.384,0.909,0.592,0.474,0.364,0.254,0.504,0.234,0.497,0.402,0.602,0.634,0.613,0.422,0.445,0.217
0.213,0.213,0.271,0.271,0.248,0.645,0.265,0.617,0.652,0.403,0.617,0.235,0.595,0.248,0.235,0.617,0.595,0.248,0.378,0.595,0.165,0.528,0.165,0.679,0.595,0.265,0.679,0.617,0.616,0.403,0.616,0.528,0.274,0.566,0.234,0.566,0.244,0.234,0.274,0.244,0.792,0.566,0.256,0.216,0.566,0.244,0.438,0.256,0.672,0.256,0.624,0.774,0.103,0.203,0.159,0.203,0.189,0.174,0.174,0.174,0.488,0.159,0.189,0.159,0.103,0.488,0.599,0.632,0.599,0.324,0.324,0.324,0.708,0.345,0.245,0.477,0.086,0.723,0.082,0.086,0.754,0.345,0.184,0.719,0.643,0.184,0.082,0.531,0.755,0.742,0.345,0.235,0.458,0.744,0.212,0.184,0.382,0.212,0.212,0.5,0.315,0.213,0.839,0.315,0.315,0.754,0.461,0.281,0.281,0.277,0.455,0.298,0.362,0.275,0.777,0.888,0.964,0.213,0.332,0.298,0.454,0.36,0.868,0.31,0.81,0.255,0.447,0.382,0.255,0.538,0.32,0.28,0.329,0.456,0.552,0.103,0.466,0.3,0.561,0.103,0.099,0.713,0.517,0.319,0.099,0.861,0.099,0.103,0.56,0.145,0.236,0.173,0.289,0.948,0.188,0.592,0.361,0.147,0.311,0.165,0.342,0.293,0.192,0.164,0.155,0.428,0.453,0.683
0.947,0.947,0.986,0.986,0.19,0.818,0.963,0.958,0.825,0.744,0.958,0.974,0.948,0.19,0.974,0.958,0.948,0.19,0.273,0.948,0.998,0.767,0.998,0.932,0.948,0.963,0.932,0.958,0.932,0.744,0.932,0.767,0.568,0.957,0.979,0.957,0.477,0.979,0.568,0.477,0.997,0.957,0.317,0.942,0.957,0.477,0.155,0.317,0.654,0.317,0.882,0.999,0.499,0.336,0.264,0.336,0.377,0.195,0.195,0.195,0.811,0.264,0.377,0.264,0.499,0.811,0.936,0.742,0.936,0.525,0.525,0.525,1.0,0.236,0.837,0.928,0.614,0.81,0.635,0.614,0.964,0.236,0.44,0.958,0.753,0.44,0.635,0.934,0.97,0.902,0.236,0.836,0.921,0.963,0.72,0.44,0.106,0.72,0.72,0.936,0.818,0.928,0.81,0.818,0.818,0.83,0.941,0.581,0.581,0.565,0.881,0.309,0.987,0.427,0.932,0.909,0.963,0.797,0.993,0.309,0.927,0.992,0.965,0.939,0.964,0.592,0.941,0.578,0.592,0.72,0.946,0.879,0.952,0.89,0.962,0.638,0.653,0.564,0.417,0.638,0.694,0.969,0.62,0.958,0.694,0.943,0.694,0.638,0.573,0.925,0.952,0.887,0.554,0.938,0.737,0.682,0.466,0.877,0.537,0.953,0.556,0.725,0.759,0.735,0.711,0.456,0.424,0.665
0.941,0.941,0.973,0.973,0.557,0.367,0.981,0.99,0.371,0.903,0.99,0.965,0.992,0.557,0.965,0.99,0.992,0.557,0.961,0.992,0.968,0.938,0.968,0.998,0.992,0.981,0.998,0.99,0.994,0.903,0.994,0.938,0.824,0.975,0.957,0.975,0.798,0.957,0.824,0.798,0.952,0.975,0.783,0.961,0.975,0.798,0.84,0.783,0.929,0.783,0.279,0.932,0.649,0.876,0.364,0.876,0.879,0.333,0.333,0.333,0.896,0.364,0.879,0.364,0.649,0.896,0.991,0.793,0.991,0.539,0.539,0.539,0.917,0.514,0.852,0.431,0.433,0.968,0.381,0.433,0.722,0.514,0.676,0.622,0.775,0.676,0.381,0.541,0.749,0.98,0.514,0.827,0.416,0.524,0.483,0.676,0.659,0.483,0.483,0.532,0.478,0.775,0.958,0.478,0.478,0.952,0.6,0.898,0.898,0.892,0.332,0.741,0.235,0.696,0.677,0.978,0.943,0.711,0.206,0.741,0.599,0.185,0.865,0.319,0.738,0.96,0.991,0.345,0.96,0.564,0.255,0.638,0.24,0.481,0.987,0.642,0.508,0.952,0.472,0.642,0.626,0.927,0.811,0.425,0.626,0.972,0.626,0.642,0.815,0.52,0.421,0.524,0.716,0.97,0.586,0.571,0.833,0.534,0.795,0.331,0.804,0.705,0.609,0.744,0.748,0.793,0.858,0.852
0.451,0.451,0.467,0.467,0.36,0.861,0.269,0.229,0.819,0.113,0.229,0.272,0.207,0.36,0.272,0.229,0.207,0.36,0.274,0.207,0.523,0.158,0.523,0.202,0.207,0.269,0.202,0.229,0.269,0.113,0.269,0.158,0.124,0.267,0.372,0.267,0.345,0.372,0.124,0.345,0.951,0.267,0.344,0.688,0.267,0.345,0.231,0.344,0.519,0.344,0.84,0.953,0.275,0.106,0.355,0.106,0.108,0.338,0.338,0.338,0.16,0.355,0.108,0.355,0.275,0.16,0.298,0.629,0.298,0.252,0.252,0.252,0.937,0.348,0.617,0.734,0.258,0.751,0.184,0.258,0.775,0.348,0.276,0.846,0.647,0.276,0.184,0.769,0.775,0.795,0.348,0.664,0.7,0.855,0.147,0.276,0.154,0.147,0.147,0.744,0.115,0.135,0.773,0.115,0.115,0.671,0.805,0.504,0.504,0.526,0.793,0.513,0.684,0.528,0.837,0.826,0.947,0.185,0.621,0.513,0.806,0.623,0.947,0.578,0.785,0.538,0.706,0.297,0.538,0.652,0.546,0.269,0.542,0.824,0.63,0.19,0.235,0.554,0.269,0.19,0.141,0.8,0.944,0.324,0.141,0.656,0.141,0.19,0.944,0.617,0.342,0.601,0.373,0.653,0.421,0.885,0.457,0.598,0.567,0.353,0.567,0.455,0.44,0.466,0.44,0.767,0.673,0.524
0.011,0.011,0.012,0.012,0.314,0.079,0.02,0.386,0.075,0.261,0.386,0.022,0.344,0.314,0.022,0.386,0.344,0.314,0.54,0.344,0.022,0.313,0.022,0.322,0.344,0.02,0.322,0.386,0.324,0.261,0.324,0.313,0.101,0.317,0.016,0.317,0.26,0.016,0.101,0.26,0.509,0.317,0.249,0.042,0.317,0.26,0.516,0.249,0.163,0.249,0.147,0.479,0.464,0.13,0.301,0.13,0.134,0.301,0.301,0.301,0.227,0.301,0.134,0.301,0.464,0.227,0.265,0.277,0.265,0.618,0.618,0.618,0.713,0.267,0.035,0.96,0.535,0.356,0.534,0.535,0.807,0.267,0.316,0.953,0.282,0.316,0.534,0.94,0.814,0.552,0.267,0.03,0.965,0.952,0.685,0.316,0.562,0.685,0.685,0.943,0.632,0.533,0.343,0.632,0.632,0.274,0.945,0.364,0.364,0.376,0.486,0.436,0.63,0.437,0.922,0.549,0.617,0.533,0.66,0.436,0.953,0.664,0.635,0.792,0.874,0.372,0.337,0.766,0.372,0.437,0.696,0.508,0.693,0.503,0.371,0.338,0.628,0.396,0.808,0.338,0.322,0.362,0.538,0.631,0.322,0.645,0.322,0.338,0.516,0.505,0.654,0.553,0.075,0.614,0.038,0.52,0.213,0.524,0.055,0.671,0.055,0.083,0.041,0.029,0.038,0.102,0.11,0.11
0.463,0.463,0.603,0.603,0.338,0.112,0.702,0.666,0.12,0.716,0.666,0.512,0.813,0.338,0.512,0.666,0.813,0.338,0.299,0.813,0.563,0.497,0.563,0.823,0.813,0.702,0.823,0.666,0.669,0.716,0.669,0.497,0.529,0.632,0.529,0.632,0.246,0.529,0.529,0.246,0.328,0.632,0.208,0.368,0.632,0.246,0.307,0.208,0.011,0.208,0.19,0.468,0.428,0.504,0.156,0.504,0.503,0.14,0.14,0.14,0.5,0.156,0.503,0.156,0.428,0.5,0.657,0.025,0.657,0.414,0.414,0.414,0.474,0.426,0.443,0.696,0.111,0.066,0.118,0.111,0.415,0.426,0.324,0.329,0.026,0.324,0.118,0.728,0.424,0.075,0.426,0.445,0.681,0.321,0.133,0.324,0.171,0.133,0.133,0.706,0.126,0.131,0.072,0.126,0.126,0.039,0.685,0.552,0.552,0.577,0.665,0.582,0.624,0.624,0.297,0.077,0.184,0.12,0.719,0.582,0.675,0.706,0.162,0.8,0.394,0.707,0.057,0.236,0.707,0.854,0.787,0.298,0.787,0.767,0.085,0.147,0.334,0.718,0.402,0.147,0.181,0.282,0.094,0.524,0.181,0.082,0.181,0.147,0.089,0.5,0.581,0.505,0.297,0.083,0.208,0.059,0.549,0.49,0.322,0.568,0.357,0.249,0.283,0.288,0.338,0.17,0.249,0.025
0.61,0.61,0.657,0.657,0.499,0.621,0.525,0.749,0.654,0.714,0.749,0.458,0.741,0.499,0.458,0.749,0.741,0.499,0.019,0.741,0.594,0.765,0.594,0.657,0.741,0.525,0.657,0.749,0.667,0.714,0.667,0.765,0.485,0.735,0.446,0.735,0.195,0.446,0.485,0.195,0.287,0.735,0.145,0.602,0.735,0.195,0.013,0.145,0.75,0.145,0.884,0.323,0.468,0.476,0.296,0.476,0.493,0.217,0.217,0.217,0.806,0.296,0.493,0.296,0.468,0.806,0.609,0.821,0.609,0.8,0.8,0.8,0.477,0.683,0.565,0.671,0.577,0.827,0.675,0.577,0.406,0.683,0.687,0.404,0.792,0.687,0.675,0.646,0.454,0.811,0.683,0.559,0.553,0.427,0.841,0.687,0.102,0.841,0.841,0.663,0.847,0.903,0.792,0.847,0.847,0.902,0.67,0.466,0.466,0.429,0.828,0.46,0.444,0.863,0.431,0.783,0.306,0.89,0.445,0.46,0.646,0.443,0.303,0.359,0.47,0.57,0.904,0.66,0.57,0.488,0.34,0.691,0.302,0.922,0.57,0.796,0.535,0.639,0.697,0.796,0.798,0.359,0.373,0.609,0.798,0.56,0.798,0.796,0.383,0.459,0.517,0.333,0.547,0.487,0.574,0.304,0.931,0.365,0.425,0.5,0.457,0.557,0.556,0.478,0.46,0.505,0.41,0.98
0.601,0.601,0.518,0.518,0.598,0.915,0.511,0.508,0.94,0.486,0.508,0.486,0.542,0.598,0.486,0.508,0.542,0.598,0.703,0.542,0.537,0.506,0.537,0.509,0.542,0.511,0.509,0.508,0.497,0.486,0.497,0.506,0.458,0.6,0.555,0.6,0.652,0.555,0.458,0.652,0.935,0.6,0.663,0.582,0.6,0.652,0.628,0.663,0.608,0.663,0.911,0.951,0.877,0.564,0.581,0.564,0.555,0.578,0.578,0.578,0.479,0.581,0.555,0.581,0.877,0.479,0.621,0.619,0.621,0.875,0.875,0.875,0.899,0.61,0.575,0.615,0.932,0.892,0.911,0.932,0.847,0.61,0.582,0.728,0.743,0.582,0.911,0.658,0.856,0.9,0.61,0.599,0.691,0.702,0.807,0.582,0.563,0.807,0.807,0.714,0.797,0.301,0.92,0.797,0.797,0.859,0.698,0.422,0.422,0.371,0.118,0.273,0.601,0.272,0.807,0.916,0.926,0.299,0.685,0.273,0.67,0.77,0.913,0.663,0.834,0.379,0.859,0.839,0.379,0.158,0.799,0.462,0.829,0.1,0.909,0.656,0.852,0.353,0.814,0.656,0.64,0.887,0.771,0.511,0.64,0.918,0.64,0.656,0.766,0.95,0.583,0.958,0.92,0.927,0.93,0.668,0.985,0.951,0.989,0.518,0.988,0.872,0.907,0.886,0.822,0.988,0.977,0.984
0.218,0.218,0.245,0.245,0.065,0.399,0.192,0.706,0.38,0.81,0.706,0.275,0.717,0.065,0.275,0.706,0.717,0.065,0.963,0.717,0.246,0.74,0.246,0.649,0.717,0.192,0.649,0.706,0.677,0.81,0.677,0.74,0.81,0.743,0.31,0.743,0.044,0.31,0.81,0.044,0.151,0.743,0.057,0.025,0.743,0.044,0.975,0.057,0.045,0.057,0.379,0.188,0.088,0.862,0.074,0.862,0.868,0.084,0.084,0.084,0.774,0.074,0.868,0.074,0.088,0.774,0.696,0.036,0.696,0.06,0.06,0.06,0.064,0.045,0.045,0.173,0.11,0.041,0.08,0.11,0.121,0.045,0.041,0.098,0.034,0.041,0.08,0.214,0.11,0.038,0.045,0.046,0.187,0.104,0.053,0.041,0.966,0.053,0.053,0.235,0.045,0.081,0.07,0.045,0.045,0.081,0.169,0.117,0.117,0.187,0.121,0.316,0.068,0.288,0.094,0.101,0.136,0.085,0.075,0.316,0.16,0.078,0.07,0.074,0.102,0.1,0.097,0.995,0.1,0.264,0.079,0.086,0.077,0.112,0.125,0.048,0.991,0.168,0.996,0.048,0.043,0.074,0.184,0.985,0.043,0.066,0.043,0.048,0.191,0.955,0.995,0.929,0.799,0.139,0.813,0.207,0.661,0.938,0.464,0.995,0.488,0.805,0.808,0.806,0.802,0.925,0.886,0.546
0.863,0.863,0.951,0.951,0.873,0.107,0.924,0.483,0.11,0.627,0.483,0.645,0.847,0.873,0.645,0.483,0.847,0.873,0.776,0.847,0.777,0.362,0.777,0.825,0.847,0.924,0.825,0.483,0.47,0.627,0.47,0.362,0.817,0.561,0.708,0.561,0.971,0.708,0.817,0.971,0.855,0.561,0.972,0.794,0.561,0.971,0.748,0.972,0.987,0.972,0.116,0.884,0.734,0.626,0.953,0.626,0.628,0.954,0.954,0.954,0.337,0.953,0.628,0.953,0.734,0.337,0.507,0.99,0.507,0.624,0.624,0.624,0.646,0.899,0.857,0.318,0.86,0.808,0.835,0.86,0.443,0.899,0.834,0.47,0.98,0.834,0.835,0.371,0.484,0.597,0.899,0.899,0.321,0.374,0.745,0.834,0.518,0.745,0.745,0.378,0.715,0.887,0.848,0.715,0.715,0.77,0.382,0.592,0.592,0.561,0.58,0.58,0.95,0.507,0.466,0.569,0.914,0.91,0.953,0.58,0.351,0.956,0.851,0.163,0.52,0.59,0.777,0.546,0.59,0.512,0.173,0.81,0.163,0.53,0.811,0.974,0.521,0.609,0.58,0.974,0.96,0.829,0.059,0.444,0.96,0.788,0.96,0.974,0.058,0.416,0.418,0.39,0.749,0.783,0.621,0.039,0.802,0.374,0.785,0.398,0.786,0.698,0.629,0.599,0.652,0.437,0.441,0.265
0.705,0.705,0.762,0.762,0.636,0.223,0.573,0.564,0.213,0.609,0.564,0.567,0.786,0.636,0.567,0.564,0.786,0.636,0.139,0.786,0.509,0.626,0.509,0.712,0.786,0.573,0.712,0.564,0.569,0.609,0.569,0.626,0.403,0.55,0.383,0.55,0.44,0.383,0.403,0.44,0.459,0.55,0.519,0.802,0.55,0.44,0.211,0.519,0.772,0.519,0.297,0.503,0.892,0.402,0.348,0.402,0.415,0.515,0.515,0.515,0.52,0.348,0.415,0.348,0.892,0.52,0.541,0.891,0.541,0.927,0.927,0.927,0.494,0.552,0.803,0.346,0.73,0.341,0.736,0.73,0.663,0.552,0.937,0.573,0.878,0.937,0.736,0.358,0.678,0.397,0.552,0.823,0.343,0.587,0.883,0.937,0.417,0.883,0.883,0.354,0.85,0.818,0.366,0.85,0.85,0.446,0.312,0.314,0.314,0.381,0.724,0.717,0.098,0.726,0.479,0.359,0.175,0.863,0.081,0.717,0.306,0.089,0.193,0.128,0.668,0.303,0.453,0.523,0.303,0.887,0.147,0.851,0.148,0.8,0.476,0.838,0.45,0.366,0.534,0.838,0.77,0.203,0.977,0.354,0.77,0.477,0.77,0.838,0.971,0.271,0.25,0.254,0.278,0.44,0.197,0.955,0.579,0.236,0.376,0.274,0.402,0.313,0.219,0.182,0.204,0.605,0.545,0.741
0.697,0.697,0.672,0.672,0.754,0.809,0.694,0.677,0.817,0.243,0.677,0.72,0.654,0.754,0.72,0.677,0.654,0.754,0.103,0.654,0.897,0.295,0.897,0.648,0.654,0.694,0.648,0.677,0.683,0.243,0.683,0.295,0.122,0.907,0.899,0.907,0.333,0.899,0.122,0.333,0.961,0.907,0.419,0.861,0.907,0.333,0.17,0.419,0.967,0.419,0.922,0.971,0.37,0.071,0.241,0.071,0.073,0.384,0.384,0.384,0.517,0.241,0.073,0.241,0.37,0.517,0.87,0.963,0.87,0.333,0.333,0.333,0.919,0.448,0.838,0.683,0.217,0.882,0.261,0.217,0.897,0.448,0.395,0.799,0.948,0.395,0.261,0.69,0.857,0.843,0.448,0.828,0.695,0.838,0.196,0.395,0.225,0.196,0.196,0.696,0.231,0.379,0.847,0.231,0.231,0.836,0.781,0.707,0.707,0.725,0.439,0.686,0.949,0.713,0.867,0.853,0.835,0.274,0.933,0.686,0.792,0.931,0.879,0.964,0.867,0.647,0.707,0.311,0.647,0.562,0.972,0.347,0.962,0.359,0.875,0.366,0.369,0.659,0.242,0.366,0.375,0.755,0.836,0.469,0.375,0.874,0.375,0.366,0.755,0.404,0.478,0.407,0.356,0.894,0.422,0.781,0.64,0.413,0.662,0.476,0.606,0.392,0.363,0.516,0.432,0.723,0.743,0.77
0.579,0.579,0.651,0.651,0.089,0.942,0.63,0.695,0.953,0.47,0.695,0.602,0.685,0.089,0.602,0.695,0.685,0.089,0.483,0.685,0.9,0.529,0.9,0.608,0.685,0.63,0.608,0.695,0.659,0.47,0.659,0.529,0.59,0.651,0.613,0.651,0.107,0.613,0.59,0.107,0.194,0.651,0.173,0.605,0.651,0.107,0.39,0.173,0.388,0.173,0.956,0.208,0.061,0.61,0.068,0.61,0.613,0.111,0.111,0.111,0.492,0.068,0.613,0.068,0.061,0.492,0.631,0.326,0.631,0.02,0.02,0.02,0.27,0.151,0.601,0.515,0.05,0.433,0.017,0.05,0.346,0.151,0.095,0.437,0.347,0.095,0.017,0.538,0.361,0.42,0.151,0.63,0.55,0.416,0.016,0.095,0.775,0.016,0.016,0.563,0.009,0.042,0.42,0.009,0.009,0.482,0.52,0.081,0.081,0.088,0.286,0.262,0.796,0.283,0.42,0.412,0.294,0.083,0.793,0.262,0.549,0.793,0.364,0.805,0.368,0.05,0.527,0.63,0.05,0.447,0.741,0.069,0.744,0.281,0.171,0.118,0.559,0.059,0.646,0.118,0.086,0.098,0.869,0.751,0.086,0.396,0.086,0.118,0.875,0.713,0.744,0.78,0.735,0.368,0.614,0.916,0.794,0.775,0.796,0.697,0.769,0.71,0.681,0.534,0.623,0.838,0.851,0.813
0.797,0.797,0.757,0.757,0.816,0.272,0.872,0.868,0.242,0.69,0.868,0.897,0.862,0.816,0.897,0.868,0.862,0.816,0.626,0.862,0.859,0.682,0.859,0.826,0.862,0.872,0.826,0.868,0.846,0.69,0.846,0.682,0.645,0.936,0.947,0.936,0.309,0.947,0.645,0.309,0.052,0.936,0.275,0.007,0.936,0.309,0.635,0.275,0.028,0.275,0.243,0.042,0.586,0.608,0.526,0.608,0.604,0.514,0.514,0.514,0.829,0.526,0.604,0.526,0.586,0.829,0.924,0.03,0.924,0.717,0.717,0.717,0.031,0.612,0.008,0.078,0.731,0.056,0.627,0.731,0.031,0.612,0.48,0.078,0.029,0.48,0.627,0.092,0.028,0.105,0.612,0.008,0.077,0.073,0.76,0.48,0.857,0.76,0.76,0.092,0.713,0.786,0.059,0.713,0.713,0.06,0.098,0.378,0.378,0.495,0.517,0.715,0.26,0.82,0.086,0.113,0.64,0.82,0.231,0.715,0.098,0.227,0.609,0.339,0.033,0.435,0.122,0.023,0.435,0.785,0.352,0.741,0.344,0.713,0.17,0.538,0.021,0.54,0.027,0.538,0.548,0.249,0.158,0.641,0.548,0.148,0.548,0.538,0.16,0.512,0.586,0.477,0.039,0.151,0.073,0.177,0.04,0.423,0.078,0.465,0.076,0.033,0.071,0.084,0.093,0.075,0.112,0.082
0.615,0.615,0.819,0.819,0.285,0.842,0.928,0.97,0.773,0.765,0.97,0.933,0.959,0.285,0.933,0.97,0.959,0.285,0.379,0.959,0.763,0.834,0.763,0.911,0.959,0.928,0.911,0.97,0.967,0.765,0.967,0.834,0.286,0.96,0.959,0.96,0.108,0.959,0.286,0.108,0.283,0.96,0.102,0.735,0.96,0.108,0.453,0.102,0.355,0.102,0.902,0.322,0.276,0.382,0.195,0.382,0.396,0.179,0.179,0.179,0.736,0.195,0.396,0.195,0.276,0.736,0.925,0.216,0.925,0.237,0.237,0.237,0.176,0.165,0.821,0.238,0.37,0.268,0.333,0.37,0.392,0.165,0.158,0.321,0.209,0.158,0.333,0.263,0.385,0.201,0.165,0.835,0.229,0.303,0.243,0.158,0.362,0.243,0.243,0.243,0.245,0.179,0.274,0.245,0.245,0.527,0.225,0.21,0.21,0.225,0.317,0.417,0.669,0.407,0.277,0.153,0.187,0.181,0.677,0.417,0.199,0.675,0.185,0.749,0.326,0.248,0.328,0.746,0.248,0.344,0.726,0.175,0.728,0.303,0.401,0.146,0.738,0.217,0.788,0.146,0.156,0.242,0.56,0.85,0.156,0.276,0.156,0.146,0.553,0.765,0.845,0.699,0.895,0.213,0.844,0.552,0.178,0.686,0.211,0.741,0.166,0.923,0.857,0.783,0.787,0.117,0.13,0.402
0.324,0.324,0.265,0.265,0.418,0.739,0.203,0.235,0.777,0.13,0.235,0.216,0.193,0.418,0.216,0.235,0.193,0.418,0.672,0.193,0.236,0.186,0.236,0.201,0.193,0.203,0.201,0.235,0.242,0.13,0.242,0.186,0.267,0.188,0.17,0.188,0.42,0.17,0.267,0.42,0.227,0.188,0.428,0.029,0.188,0.42,0.718,0.428,0.026,0.428,0.814,0.23,0.604,0.133,0.411,0.133,0.128,0.412,0.412,0.412,0.24,0.411,0.128,0.411,0.604,0.24,0.186,0.035,0.186,0.508,0.508,0.508,0.298,0.43,0.046,0.169,0.448,0.088,0.335,0.448,0.352,0.43,0.339,0.2,0.035,0.339,0.335,0.148,0.35,0.031,0.43,0.042,0.17,0.222,0.391,0.339,0.256,0.391,0.391,0.152,0.318,0.508,0.081,0.318,0.318,0.044,0.18,0.442,0.442,0.16,0.609,0.292,0.078,0.13,0.259,0.034,0.105,0.552,0.084,0.292,0.198,0.074,0.106,0.086,0.364,0.43,0.021,0.239,0.43,0.149,0.066,0.587,0.065,0.599,0.025,0.35,0.247,0.155,0.313,0.35,0.342,0.142,0.958,0.513,0.342,0.031,0.342,0.35,0.965,0.399,0.512,0.354,0.305,0.035,0.292,0.988,0.334,0.361,0.341,0.515,0.346,0.298,0.303,0.259,0.272,0.317,0.319,0.345
0.141,0.141,0.331,0.331,0.855,0.979,0.152,0.209,0.982,0.201,0.209,0.134,0.314,0.855,0.134,0.209,0.314,0.855,0.407,0.314,0.456,0.135,0.456,0.257,0.314,0.152,0.257,0.209,0.177,0.201,0.177,0.135,0.097,0.349,0.291,0.349,0.751,0.291,0.097,0.751,0.489,0.349,0.718,0.657,0.349,0.751,0.384,0.718,0.125,0.718,0.892,0.525,0.752,0.058,0.874,0.058,0.057,0.836,0.836,0.836,0.205,0.874,0.057,0.874,0.752,0.205,0.342,0.103,0.342,0.609,0.609,0.609,0.845,0.715,0.59,0.296,0.488,0.362,0.521,0.488,0.388,0.715,0.824,0.43,0.102,0.824,0.521,0.318,0.372,0.369,0.715,0.553,0.307,0.425,0.193,0.824,0.68,0.193,0.193,0.323,0.255,0.61,0.377,0.255,0.255,0.445,0.585,0.111,0.111,0.185,0.132,0.816,0.849,0.848,0.708,0.401,0.657,0.643,0.845,0.816,0.597,0.84,0.681,0.916,0.629,0.115,0.669,0.856,0.115,0.302,0.896,0.795,0.896,0.141,0.56,0.732,0.851,0.186,0.807,0.732,0.745,0.438,0.922,0.728,0.745,0.424,0.745,0.732,0.926,0.835,0.784,0.812,0.303,0.449,0.159,0.921,0.495,0.815,0.255,0.771,0.279,0.213,0.212,0.141,0.213,0.624,0.654,0.398
0.802,0.802,0.828,0.828,0.691,0.611,0.853,0.859,0.611,0.622,0.859,0.87,0.889,0.691,0.87,0.859,0.889,0.691,0.884,0.889,0.929,0.573,0.929,0.858,0.889,0.853,0.858,0.859,0.813,0.622,0.813,0.573,0.845,0.924,0.866,0.924,0.813,0.866,0.845,0.813,0.401,0.924,0.825,0.345,0.924,0.813,0.886,0.825,0.824,0.825,0.598,0.464,0.551,0.641,0.852,0.641,0.674,0.846,0.846,0.846,0.694,0.852,0.674,0.852,0.551,0.694,0.902,0.564,0.902,0.445,0.445,0.445,0.601,0.653,0.517,0.748,0.639,0.811,0.64,0.639,0.845,0.653,0.695,0.8,0.462,0.695,0.64,0.74,0.843,0.889,0.653,0.439,0.736,0.816,0.588,0.695,0.86,0.588,0.588,0.73,0.579,0.631,0.698,0.579,0.579,0.953,0.756,0.938,0.938,0.942,0.768,0.869,0.554,0.858,0.822,0.79,0.911,0.693,0.583,0.869,0.771,0.557,0.948,0.463,0.841,0.946,0.966,0.317,0.946,0.731,0.464,0.692,0.466,0.777,0.951,0.754,0.303,0.967,0.288,0.754,0.749,0.989,0.459,0.201,0.749,0.888,0.749,0.754,0.474,0.113,0.175,0.105,0.343,0.791,0.348,0.432,0.546,0.11,0.227,0.178,0.255,0.359,0.347,0.338,0.343,0.304,0.276,0.47
0.553,0.553,0.539,0.539,0.923,0.093,0.514,0.562,0.094,0.476,0.562,0.571,0.543,0.923,0.571,0.562,0.543,0.923,0.861,0.543,0.641,0.449,0.641,0.636,0.543,0.514,0.636,0.562,0.638,0.476,0.638,0.449,0.252,0.581,0.467,0.581,0.815,0.467,0.252,0.815,0.204,0.581,0.847,0.053,0.581,0.815,0.826,0.847,0.161,0.847,0.099,0.288,0.74,0.2,0.721,0.2,0.193,0.742,0.742,0.742,0.564,0.721,0.193,0.721,0.74,0.564,0.62,0.27,0.62,0.837,0.837,0.837,0.473,0.962,0.07,0.112,0.677,0.235,0.701,0.677,0.259,0.962,0.864,0.124,0.276,0.864,0.701,0.1,0.147,0.283,0.962,0.073,0.096,0.188,0.855,0.864,0.952,0.855,0.855,0.104,0.869,0.667,0.23,0.869,0.869,0.187,0.123,0.636,0.636,0.647,0.584,0.304,0.163,0.314,0.179,0.272,0.274,0.707,0.154,0.304,0.118,0.129,0.294,0.183,0.243,0.549,0.242,0.997,0.549,0.421,0.192,0.706,0.191,0.523,0.238,0.82,0.997,0.578,1.0,0.82,0.803,0.36,0.043,0.99,0.803,0.355,0.803,0.82,0.05,0.999,0.996,0.999,0.989,0.267,0.976,0.163,0.686,0.999,0.26,0.994,0.284,0.988,0.983,0.957,0.968,0.517,0.512,0.663
0.638,0.638,0.604,0.604,0.361,0.614,0.79,0.758,0.628,0.801,0.758,0.756,0.73,0.361,0.756,0.758,0.73,0.361,0.849,0.73,0.636,0.77,0.636,0.862,0.73,0.79,0.862,0.758,0.889,0.801,0.889,0.77,0.712,0.885,0.876,0.885,0.64,0.876,0.712,0.64,0.198,0.885,0.501,0.354,0.885,0.64,0.807,0.501,0.822,0.501,0.552,0.129,0.052,0.73,0.644,0.73,0.707,0.409,0.409,0.409,0.877,0.644,0.707,0.644,0.052,0.877,0.918,0.811,0.918,0.044,0.044,0.044,0.099,0.361,0.353,0.06,0.204,0.87,0.338,0.204,0.094,0.361,0.085,0.079,0.796,0.085,0.338,0.056,0.081,0.603,0.361,0.372,0.055,0.08,0.074,0.085,0.956,0.074,0.074,0.063,0.159,0.296,0.852,0.159,0.159,0.668,0.053,0.156,0.156,0.132,0.308,0.105,0.021,0.098,0.076,0.605,0.544,0.162,0.025,0.105,0.055,0.026,0.46,0.018,0.109,0.196,0.398,0.193,0.196,0.189,0.023,0.056,0.026,0.463,0.645,0.288,0.44,0.165,0.087,0.288,0.47,0.504,0.731,0.711,0.47,0.613,0.47,0.288,0.705,0.59,0.81,0.571,0.193,0.635,0.387,0.721,0.357,0.552,0.435,0.779,0.485,0.169,0.439,0.607,0.735,0.745,0.885,0.412
0.807,0.807,0.799,0.799,0.821,0.473,0.849,0.781,0.558,0.694,0.781,0.823,0.734,0.821,0.823,0.781,0.734,0.821,0.868,0.734,0.773,0.735,0.773,0.719,0.734,0.849,0.719,0.781,0.757,0.694,0.757,0.735,0.393,0.825,0.891,0.825,0.749,0.891,0.393,0.749,0.318,0.825,0.748,0.921,0.825,0.749,0.901,0.748,0.817,0.748,0.401,0.328,0.885,0.366,0.745,0.366,0.36,0.751,0.751,0.751,0.801,0.745,0.36,0.745,0.885,0.801,0.825,0.86,0.825,0.872,0.872,0.872,0.26,0.76,0.704,0.382,0.826,0.906,0.814,0.826,0.32,0.76,0.77,0.342,0.893,0.77,0.814,0.416,0.336,0.525,0.76,0.753,0.377,0.334,0.929,0.77,0.786,0.929,0.929,0.421,0.95,0.859,0.919,0.95,0.95,0.899,0.429,0.914,0.914,0.912,0.141,0.93,0.982,0.938,0.272,0.566,0.087,0.842,0.978,0.93,0.401,0.974,0.079,1.0,0.346,0.92,0.583,0.814,0.92,0.55,0.999,0.777,0.999,0.208,0.274,0.594,0.72,0.931,0.69,0.594,0.581,0.119,0.696,0.464,0.581,0.245,0.581,0.594,0.642,0.433,0.482,0.429,0.805,0.272,0.899,0.513,0.945,0.43,0.977,0.531,0.98,0.828,0.902,0.882,0.831,0.967,0.983,0.95
0.686,0.686,0.711,0.711,0.454,0.152,0.594,0.752,0.151,0.803,0.752,0.594,0.758,0.454,0.594,0.752,0.758,0.454,0.284,0.758,0.738,0.753,0.738,0.68,0.758,0.594,0.68,0.752,0.721,0.803,0.721,0.753,0.983,0.745,0.56,0.745,0.376,0.56,0.983,0.376,0.027,0.745,0.478,0.355,0.745,0.376,0.301,0.478,0.038,0.478,0.133,0.026,0.652,0.975,0.317,0.975,0.973,0.388,0.388,0.388,0.771,0.317,0.973,0.317,0.652,0.771,0.714,0.023,0.714,0.51,0.51,0.51,0.019,0.483,0.289,0.021,0.624,0.017,0.644,0.624,0.028,0.483,0.668,0.031,0.022,0.668,0.644,0.021,0.026,0.029,0.483,0.303,0.02,0.031,0.494,0.668,0.226,0.494,0.494,0.02,0.523,0.626,0.021,0.523,0.523,0.027,0.022,0.283,0.283,0.298,0.314,0.546,0.049,0.566,0.027,0.03,0.035,0.608,0.055,0.546,0.02,0.055,0.031,0.012,0.026,0.381,0.029,0.144,0.381,0.661,0.01,0.631,0.01,0.411,0.027,0.872,0.146,0.407,0.2,0.872,0.857,0.036,0.082,0.199,0.857,0.025,0.857,0.872,0.078,0.226,0.166,0.179,0.276,0.025,0.325,0.073,0.516,0.181,0.5,0.175,0.504,0.285,0.296,0.313,0.28,0.451,0.469,0.468
0.548,0.548,0.647,0.647,0.814,0.35,0.667,0.539,0.368,0.496,0.539,0.493,0.633,0.814,0.493,0.539,0.633,0.814,0.693,0.633,0.324,0.351,0.324,0.579,0.633,0.667,0.579,0.539,0.422,0.496,0.422,0.351,0.919,0.323,0.375,0.323,0.721,0.375,0.919,0.721,0.679,0.323,0.815,0.058,0.323,0.721,0.632,0.815,0.288,0.815,0.436,0.732,0.656,0.9,0.762,0.9,0.906,0.859,0.859,0.859,0.274,0.762,0.906,0.762,0.656,0.274,0.291,0.347,0.291,0.576,0.576,0.576,0.65,0.791,0.077,0.596,0.722,0.333,0.629,0.722,0.668,0.791,0.662,0.683,0.357,0.662,0.629,0.549,0.681,0.388,0.791,0.077,0.786,0.717,0.518,0.662,0.306,0.518,0.518,0.774,0.47,0.614,0.403,0.47,0.47,0.418,0.493,0.376,0.376,0.352,0.03,0.549,0.742,0.382,0.571,0.357,0.462,0.641,0.748,0.549,0.733,0.743,0.411,0.628,0.647,0.314,0.427,0.261,0.314,0.082,0.614,0.714,0.597,0.027,0.201,0.746,0.237,0.303,0.158,0.746,0.712,0.365,0.372,0.116,0.712,0.17,0.712,0.746,0.386,0.172,0.13,0.156,0.371,0.17,0.307,0.456,0.325,0.163,0.306,0.122,0.319,0.364,0.319,0.323,0.318,0.264,0.31,0.26
0.27,0.27,0.237,0.237,0.253,0.97,0.199,0.499,0.961,0.684,0.499,0.249,0.414,0.253,0.249,0.499,0.414,0.253,0.142,0.414,0.386,0.729,0.386,0.401,0.414,0.199,0.401,0.499,0.471,0.684,0.471,0.729,0.966,0.48,0.265,0.48,0.394,0.265,0.966,0.394,0.797,0.48,0.357,0.622,0.48,0.394,0.188,0.357,0.345,0.357,0.947,0.795,0.63,0.98,0.418,0.98,0.981,0.306,0.306,0.306,0.709,0.418,0.981,0.418,0.63,0.709,0.446,0.33,0.446,0.512,0.512,0.512,0.838,0.315,0.667,0.663,0.525,0.225,0.623,0.525,0.792,0.315,0.703,0.708,0.346,0.703,0.623,0.637,0.729,0.28,0.315,0.638,0.72,0.741,0.338,0.703,0.435,0.338,0.338,0.69,0.417,0.554,0.244,0.417,0.417,0.32,0.543,0.53,0.53,0.897,0.101,0.123,0.337,0.218,0.625,0.327,0.441,0.471,0.337,0.123,0.621,0.32,0.365,0.378,0.648,0.524,0.459,0.804,0.524,0.037,0.389,0.553,0.399,0.104,0.522,0.646,0.806,0.797,0.853,0.646,0.735,0.546,0.182,0.42,0.735,0.343,0.735,0.646,0.172,0.637,0.364,0.607,0.49,0.423,0.447,0.154,0.795,0.567,0.369,0.414,0.408,0.506,0.478,0.471,0.413,0.514,0.532,0.766
0.19,0.19,0.231,0.231,0.212,0.467,0.184,0.094,0.463,0.38,0.094,0.141,0.112,0.212,0.141,0.094,0.112,0.212,0.462,0.112,0.257,0.197,0.257,0.651,0.112,0.184,0.651,0.094,0.412,0.38,0.412,0.197,0.235,0.085,0.101,0.085,0.19,0.101,0.235,0.19,0.436,0.085,0.188,0.701,0.085,0.19,0.465,0.188,0.352,0.188,0.452,0.4,0.17,0.128,0.18,0.128,0.122,0.167,0.167,0.167,0.146,0.18,0.122,0.18,0.17,0.146,0.257,0.225,0.257,0.09,0.09,0.09,0.665,0.258,0.713,0.415,0.128,0.285,0.152,0.128,0.353,0.258,0.126,0.441,0.21,0.126,0.152,0.391,0.363,0.213,0.258,0.717,0.428,0.435,0.102,0.126,0.464,0.102,0.102,0.43,0.093,0.204,0.278,0.093,0.093,0.422,0.435,0.266,0.266,0.372,0.169,0.567,0.802,0.55,0.465,0.21,0.35,0.177,0.782,0.567,0.408,0.739,0.471,0.47,0.518,0.293,0.195,0.556,0.293,0.332,0.543,0.173,0.532,0.216,0.189,0.157,0.56,0.419,0.647,0.157,0.158,0.445,0.319,0.336,0.158,0.318,0.158,0.157,0.304,0.284,0.375,0.267,0.6,0.249,0.525,0.328,0.58,0.279,0.518,0.326,0.532,0.574,0.479,0.529,0.537,0.374,0.378,0.161
0.495,0.495,0.556,0.556,0.408,0.867,0.447,0.308,0.862,0.172,0.308,0.412,0.357,0.408,0.412,0.308,0.357,0.408,0.773,0.357,0.475,0.19,0.475,0.309,0.357,0.447,0.309,0.308,0.303,0.172,0.303,0.19,0.127,0.392,0.4,0.392,0.432,0.4,0.127,0.432,0.397,0.392,0.734,0.776,0.392,0.432,0.741,0.734,0.647,0.734,0.867,0.405,0.245,0.086,0.404,0.086,0.078,0.684,0.684,0.684,0.194,0.404,0.078,0.404,0.245,0.194,0.39,0.686,0.39,0.232,0.232,0.232,0.355,0.484,0.769,0.258,0.327,0.84,0.246,0.327,0.313,0.484,0.301,0.328,0.705,0.301,0.246,0.272,0.33,0.841,0.484,0.752,0.239,0.319,0.416,0.301,0.701,0.416,0.416,0.253,0.289,0.344,0.851,0.289,0.289,0.807,0.216,0.863,0.863,0.814,0.285,0.843,0.236,0.732,0.281,0.868,0.553,0.334,0.225,0.843,0.204,0.218,0.569,0.222,0.297,0.705,0.88,0.293,0.705,0.386,0.211,0.253,0.207,0.209,0.873,0.301,0.25,0.641,0.222,0.301,0.356,0.604,0.844,0.208,0.356,0.869,0.356,0.301,0.793,0.529,0.181,0.539,0.34,0.896,0.366,0.868,0.488,0.541,0.637,0.195,0.629,0.37,0.398,0.315,0.342,0.495,0.444,0.327
0.896,0.896,0.856,0.856,0.052,0.851,0.988,0.965,0.796,0.884,0.965,0.982,0.958,0.052,0.982,0.965,0.958,0.052,0.038,0.958,0.974,0.904,0.974,0.943,0.958,0.988,0.943,0.965,0.956,0.884,0.956,0.904,0.783,0.998,0.999,0.998,0.06,0.999,0.783,0.06,0.949,0.998,0.076,0.843,0.998,0.06,0.038,0.076,0.74,0.076,0.854,0.948,0.024,0.783,0.031,0.783,0.773,0.037,0.037,0.037,0.818,0.031,0.773,0.031,0.024,0.818,0.994,0.825,0.994,0.021,0.021,0.021,0.951,0.094,0.684,0.853,0.012,0.527,0.011,0.012,0.968,0.094,0.032,0.912,0.816,0.032,0.011,0.886,0.971,0.484,0.094,0.695,0.972,0.881,0.01,0.032,0.051,0.01,0.01,0.965,0.012,0.014,0.467,0.012,0.012,0.534,0.744,0.157,0.157,0.18,0.119,0.294,0.594,0.306,0.811,0.506,0.708,0.016,0.673,0.294,0.871,0.673,0.724,0.801,0.939,0.15,0.371,0.243,0.15,0.186,0.822,0.03,0.826,0.121,0.505,0.016,0.403,0.174,0.372,0.016,0.016,0.743,0.829,0.274,0.016,0.557,0.016,0.016,0.783,0.109,0.267,0.109,0.635,0.551,0.617,0.617,0.826,0.102,0.895,0.261,0.894,0.646,0.57,0.639,0.625,0.759,0.752,0.788
0.378,0.378,0.351,0.351,0.529,0.435,0.41,0.433,0.497,0.485,0.433,0.454,0.245,0.529,0.454,0.433,0.245,0.529,0.365,0.245,0.361,0.525,0.361,0.235,0.245,0.41,0.235,0.433,0.394,0.485,0.394,0.525,0.65,0.473,0.487,0.473,0.588,0.487,0.65,0.588,0.451,0.473,0.58,0.365,0.473,0.588,0.408,0.58,0.433,0.58,0.361,0.385,0.793,0.741,0.623,0.741,0.722,0.607,0.607,0.607,0.541,0.623,0.722,0.623,0.793,0.541,0.434,0.606,0.434,0.565,0.565,0.565,0.41,0.574,0.582,0.529,0.706,0.261,0.69,0.706,0.768,0.574,0.701,0.515,0.571,0.701,0.69,0.48,0.612,0.278,0.574,0.468,0.562,0.569,0.526,0.701,0.446,0.526,0.526,0.513,0.527,0.652,0.28,0.527,0.527,0.18,0.536,0.316,0.316,0.247,0.091,0.464,0.617,0.534,0.678,0.299,0.542,0.674,0.624,0.464,0.503,0.616,0.543,0.422,0.699,0.329,0.196,0.358,0.329,0.104,0.433,0.764,0.425,0.085,0.267,0.692,0.312,0.246,0.414,0.692,0.701,0.417,0.189,0.174,0.701,0.408,0.701,0.692,0.184,0.221,0.266,0.307,0.608,0.404,0.583,0.242,0.433,0.305,0.293,0.21,0.3,0.74,0.555,0.481,0.52,0.353,0.308,0.309
0.741,0.741,0.809,0.809,0.124,0.704,0.498,0.458,0.705,0.817,0.458,0.525,0.452,0.124,0.525,0.458,0.452,0.124,0.825,0.452,0.693,0.748,0.693,0.423,0.452,0.498,0.423,0.458,0.437,0.817,0.437,0.748,0.987,0.509,0.608,0.509,0.03,0.608,0.987,0.03,0.804,0.509,0.038,0.882,0.509,0.03,0.561,0.038,0.955,0.038,0.7,0.856,0.611,0.993,0.075,0.993,0.993,0.081,0.081,0.081,0.817,0.075,0.993,0.075,0.611,0.817,0.51,0.987,0.51,0.862,0.862,0.862,0.909,0.051,0.954,0.943,0.755,0.942,0.737,0.755,0.983,0.051,0.183,0.949,0.989,0.183,0.737,0.93,0.973,0.964,0.051,0.954,0.893,0.955,0.651,0.183,0.84,0.651,0.651,0.884,0.659,0.242,0.957,0.659,0.659,0.934,0.897,0.067,0.067,0.07,0.177,0.158,0.707,0.149,0.924,0.965,0.978,0.252,0.738,0.158,0.848,0.731,0.996,0.788,0.972,0.072,0.961,0.155,0.072,0.227,0.809,0.267,0.807,0.185,0.955,0.112,0.176,0.074,0.15,0.112,0.118,0.992,0.937,0.14,0.118,0.985,0.118,0.112,0.925,0.137,0.131,0.129,0.279,0.967,0.313,0.928,0.192,0.135,0.128,0.131,0.145,0.308,0.309,0.299,0.294,0.141,0.111,0.206
0.978,0.978,0.983,0.983,0.255,0.699,0.986,0.967,0.709,0.894,0.967,0.977,0.982,0.255,0.977,0.967,0.982,0.255,0.236,0.982,0.999,0.913,0.999,0.981,0.982,0.986,0.981,0.967,0.98,0.894,0.98,0.913,0.767,0.964,0.972,0.964,0.163,0.972,0.767,0.163,0.948,0.964,0.225,0.263,0.964,0.163,0.277,0.225,0.942,0.225,0.703,0.945,0.123,0.807,0.105,0.807,0.827,0.159,0.159,0.159,0.865,0.105,0.827,0.105,0.123,0.865,0.966,0.269,0.966,0.134,0.134,0.134,0.925,0.276,0.251,0.841,0.141,0.216,0.148,0.141,0.937,0.276,0.24,0.869,0.251,0.24,0.148,0.829,0.934,0.32,0.276,0.226,0.847,0.886,0.189,0.24,0.197,0.189,0.189,0.841,0.197,0.16,0.24,0.197,0.197,0.326,0.887,0.352,0.352,0.349,0.369,0.429,0.689,0.548,0.92,0.306,0.332,0.157,0.695,0.429,0.865,0.699,0.378,0.739,0.969,0.264,0.423,0.809,0.264,0.448,0.737,0.287,0.739,0.409,0.315,0.094,0.856,0.293,0.783,0.094,0.154,0.353,0.299,0.844,0.154,0.227,0.154,0.094,0.328,0.965,0.809,0.959,0.927,0.223,0.895,0.266,0.86,0.961,0.922,0.784,0.922,0.913,0.923,0.894,0.903,0.923,0.935,0.281
0.632,0.632,0.609,0.609,0.114,0.927,0.566,0.794,0.945,0.918,0.794,0.539,0.828,0.114,0.539,0.794,0.828,0.114,0.137,0.828,0.682,0.835,0.682,0.948,0.828,0.566,0.948,0.794,0.909,0.918,0.909,0.835,0.991,0.83,0.548,0.83,0.101,0.548,0.991,0.101,0.218,0.83,0.1,0.143,0.83,0.101,0.119,0.1,0.332,0.1,0.914,0.213,0.077,0.992,0.092,0.992,0.992,0.092,0.092,0.092,0.784,0.092,0.992,0.092,0.077,0.784,0.923,0.467,0.923,0.089,0.089,0.089,0.199,0.145,0.311,0.373,0.065,0.454,0.071,0.065,0.498,0.145,0.048,0.392,0.492,0.048,0.071,0.373,0.495,0.409,0.145,0.321,0.399,0.395,0.073,0.048,0.115,0.073,0.073,0.397,0.077,0.061,0.522,0.077,0.077,0.561,0.342,0.207,0.207,0.244,0.262,0.483,0.272,0.453,0.389,0.522,0.196,0.064,0.251,0.483,0.379,0.268,0.242,0.295,0.457,0.21,0.57,0.702,0.21,0.355,0.316,0.084,0.316,0.298,0.388,0.036,0.666,0.25,0.676,0.036,0.031,0.145,0.883,0.578,0.031,0.239,0.031,0.036,0.864,0.564,0.489,0.603,0.774,0.304,0.803,0.937,0.893,0.627,0.887,0.574,0.842,0.813,0.748,0.784,0.739,0.311,0.351,0.381
0.078,0.078,0.061,0.061,0.468,0.452,0.186,0.439,0.441,0.231,0.439,0.177,0.391,0.468,0.177,0.439,0.391,0.468,0.798,0.391,0.308,0.269,0.308,0.392,0.391,0.186,0.392,0.439,0.43,0.231,0.43,0.269,0.193,0.519,0.299,0.519,0.638,0.299,0.193,0.638,0.631,0.519,0.645,0.348,0.519,0.638,0.822,0.645,0.02,0.645,0.433,0.659,0.436,0.114,0.554,0.114,0.11,0.554,0.554,0.554,0.292,0.554,0.11,0.554,0.436,0.292,0.461,0.031,0.461,0.363,0.363,0.363,0.635,0.486,0.411,0.749,0.23,0.069,0.292,0.23,0.647,0.486,0.4,0.567,0.023,0.4,0.292,0.747,0.597,0.154,0.486,0.381,0.73,0.582,0.32,0.4,0.795,0.32,0.32,0.721,0.391,0.291,0.077,0.391,0.391,0.101,0.799,0.826,0.826,0.625,0.765,0.559,0.695,0.347,0.543,0.173,0.039,0.261,0.614,0.559,0.783,0.62,0.046,0.816,0.623,0.815,0.133,0.535,0.815,0.427,0.642,0.305,0.629,0.718,0.169,0.41,0.47,0.582,0.487,0.41,0.502,0.095,0.047,0.937,0.502,0.107,0.502,0.41,0.044,0.956,0.948,0.937,0.465,0.09,0.573,0.043,0.786,0.929,0.506,0.95,0.475,0.515,0.571,0.515,0.514,0.729,0.716,0.771
0.989,0.989,0.982,0.982,0.204,0.647,0.791,0.936,0.642,0.867,0.936,0.888,0.853,0.204,0.888,0.936,0.853,0.204,0.069,0.853,0.952,0.882,0.952,0.725,0.853,0.791,0.725,0.936,0.75,0.867,0.75,0.882,0.475,0.869,0.885,0.869,0.213,0.885,0.475,0.213,0.865,0.869,0.194,0.824,0.869,0.213,0.093,0.194,0.486,0.194,0.718,0.897,0.129,0.423,0.352,0.423,0.417,0.321,0.321,0.321,0.902,0.352,0.417,0.352,0.129,0.902,0.76,0.743,0.76,0.631,0.631,0.631,0.946,0.128,0.978,0.95,0.159,0.952,0.185,0.159,0.868,0.128,0.151,0.852,0.717,0.151,0.185,0.957,0.865,0.976,0.128,0.974,0.948,0.835,0.601,0.151,0.054,0.601,0.601,0.941,0.596,0.237,0.925,0.596,0.596,0.733,0.953,0.349,0.349,0.353,0.498,0.662,0.833,0.662,0.862,0.957,0.965,0.195,0.847,0.662,0.962,0.825,0.975,0.869,0.837,0.376,0.788,0.29,0.376,0.342,0.872,0.156,0.847,0.417,0.954,0.257,0.226,0.39,0.481,0.257,0.295,0.985,0.675,0.205,0.295,0.978,0.295,0.257,0.727,0.104,0.137,0.133,0.394,0.975,0.309,0.684,0.637,0.127,0.414,0.127,0.415,0.476,0.308,0.394,0.358,0.539,0.552,0.801
0.301,0.301,0.313,0.313,0.591,0.091,0.173,0.188,0.091,0.086,0.188,0.188,0.16,0.591,0.188,0.188,0.16,0.591,0.675,0.16,0.49,0.101,0.49,0.144,0.16,0.173,0.144,0.188,0.152,0.086,0.152,0.101,0.112,0.185,0.29,0.185,0.324,0.29,0.112,0.324,0.308,0.185,0.384,0.036,0.185,0.324,0.703,0.384,0.152,0.384,0.09,0.42,0.473,0.099,0.247,0.099,0.105,0.312,0.312,0.312,0.118,0.247,0.105,0.247,0.473,0.118,0.198,0.166,0.198,0.329,0.329,0.329,0.415,0.68,0.022,0.357,0.278,0.305,0.217,0.278,0.288,0.68,0.383,0.4,0.128,0.383,0.217,0.363,0.285,0.383,0.68,0.021,0.363,0.394,0.311,0.383,0.91,0.311,0.311,0.359,0.259,0.239,0.304,0.259,0.259,0.22,0.436,0.429,0.429,0.448,0.544,0.757,0.836,0.768,0.463,0.4,0.71,0.313,0.839,0.757,0.4,0.833,0.692,0.604,0.317,0.296,0.318,0.272,0.296,0.519,0.584,0.4,0.599,0.541,0.653,0.186,0.229,0.331,0.217,0.186,0.16,0.701,0.534,0.231,0.16,0.547,0.16,0.186,0.506,0.131,0.223,0.126,0.261,0.466,0.302,0.494,0.397,0.117,0.523,0.221,0.566,0.323,0.242,0.28,0.261,0.602,0.59,0.72
0.563,0.563,0.66,0.66,0.963,0.776,0.635,0.346,0.823,0.34,0.346,0.505,0.527,0.963,0.505,0.346,0.527,0.963,0.928,0.527,0.363,0.183,0.363,0.491,0.527,0.635,0.491,0.346,0.306,0.34,0.306,0.183,0.327,0.319,0.424,0.319,1.0,0.424,0.327,1.0,0.506,0.319,1.0,0.155,0.319,1.0,0.934,1.0,0.312,1.0,0.704,0.485,0.761,0.367,0.996,0.367,0.363,1.0,1.0,1.0,0.142,0.996,0.363,0.996,0.761,0.142,0.248,0.312,0.248,0.706,0.706,0.706,0.485,0.979,0.188,0.651,0.99,0.208,0.97,0.99,0.31,0.979,0.897,0.505,0.362,0.897,0.97,0.597,0.288,0.275,0.979,0.174,0.644,0.534,0.962,0.897,0.999,0.962,0.962,0.59,0.912,0.993,0.249,0.912,0.912,0.124,0.528,0.981,0.981,0.977,0.383,0.978,0.323,0.974,0.427,0.302,0.386,0.998,0.261,0.978,0.526,0.275,0.254,0.314,0.314,0.981,0.151,0.815,0.981,0.84,0.356,0.817,0.358,0.424,0.194,0.998,0.819,0.97,0.88,0.998,0.995,0.322,0.139,0.713,0.995,0.323,0.995,0.998,0.142,0.826,0.707,0.829,0.96,0.364,0.927,0.171,0.983,0.828,0.983,0.638,0.985,0.941,0.943,0.914,0.939,0.931,0.925,0.908
0.455,0.455,0.478,0.478,0.988,0.432,0.468,0.475,0.425,0.904,0.475,0.492,0.21,0.988,0.492,0.475,0.21,0.988,0.628,0.21,0.528,0.911,0.528,0.234,0.21,0.468,0.234,0.475,0.438,0.904,0.438,0.911,0.953,0.391,0.493,0.391,0.802,0.493,0.953,0.802,0.786,0.391,0.732,0.257,0.391,0.802,0.627,0.732,0.106,0.732,0.37,0.792,0.942,0.957,0.907,0.957,0.956,0.853,0.853,0.853,0.894,0.907,0.956,0.907,0.942,0.894,0.413,0.238,0.413,0.738,0.738,0.738,0.756,0.969,0.21,0.675,0.924,0.275,0.915,0.924,0.799,0.969,0.921,0.74,0.208,0.921,0.915,0.643,0.791,0.363,0.969,0.208,0.665,0.681,0.677,0.921,0.876,0.677,0.677,0.572,0.706,0.908,0.271,0.706,0.706,0.129,0.467,0.612,0.612,0.658,0.959,0.815,0.258,0.819,0.561,0.36,0.427,0.903,0.235,0.815,0.465,0.235,0.423,0.283,0.694,0.547,0.156,0.848,0.547,0.972,0.333,0.901,0.334,0.94,0.204,0.948,0.963,0.614,0.893,0.948,0.957,0.403,0.478,0.967,0.957,0.4,0.957,0.948,0.419,0.909,0.975,0.925,0.912,0.405,0.804,0.414,0.909,0.93,0.941,0.971,0.946,0.91,0.807,0.86,0.877,0.878,0.941,0.897
0.642,0.642,0.564,0.564,0.29,0.099,0.932,0.836,0.088,0.76,0.836,0.946,0.87,0.29,0.946,0.836,0.87,0.29,0.689,0.87,0.679,0.791,0.679,0.87,0.87,0.932,0.87,0.836,0.834,0.76,0.834,0.791,0.946,0.884,0.915,0.884,0.49,0.915,0.946,0.49,0.09,0.884,0.32,0.508,0.884,0.49,0.53,0.32,0.287,0.32,0.075,0.086,0.525,0.959,0.422,0.959,0.921,0.274,0.274,0.274,0.716,0.422,0.921,0.422,0.525,0.716,0.857,0.332,0.857,0.303,0.303,0.303,0.177,0.297,0.532,0.807,0.377,0.123,0.43,0.377,0.057,0.297,0.263,0.054,0.369,0.263,0.43,0.8,0.059,0.18,0.297,0.572,0.816,0.065,0.274,0.263,0.474,0.274,0.274,0.817,0.301,0.354,0.148,0.301,0.301,0.089,0.862,0.682,0.682,0.688,0.219,0.797,0.591,0.841,0.078,0.223,0.373,0.317,0.592,0.797,0.863,0.596,0.382,0.71,0.066,0.787,0.171,0.541,0.787,0.34,0.632,0.422,0.637,0.251,0.109,0.183,0.48,0.824,0.667,0.183,0.227,0.423,0.006,0.343,0.227,0.192,0.227,0.183,0.006,0.212,0.428,0.223,0.162,0.208,0.245,0.012,0.116,0.229,0.16,0.396,0.169,0.193,0.207,0.222,0.182,0.089,0.082,0.172
0.675,0.675,0.59,0.59,0.178,0.788,0.492,0.438,0.762,0.451,0.438,0.483,0.454,0.178,0.483,0.438,0.454,0.178,0.119,0.454,0.488,0.399,0.488,0.353,0.454,0.492,0.353,0.438,0.295,0.451,0.295,0.399,0.152,0.23,0.376,0.23,0.157,0.376,0.152,0.157,0.366,0.23,0.13,0.261,0.23,0.157,0.163,0.13,0.269,0.13,0.708,0.424,0.26,0.185,0.14,0.185,0.186,0.098,0.098,0.098,0.364,0.14,0.186,0.14,0.26,0.364,0.229,0.247,0.229,0.615,0.615,0.615,0.482,0.181,0.244,0.234,0.109,0.514,0.111,0.109,0.382,0.181,0.354,0.276,0.222,0.354,0.111,0.197,0.367,0.646,0.181,0.262,0.24,0.325,0.602,0.354,0.057,0.602,0.602,0.189,0.556,0.192,0.466,0.556,0.556,0.456,0.217,0.191,0.191,0.189,0.11,0.342,0.906,0.325,0.285,0.606,0.237,0.169,0.892,0.342,0.213,0.913,0.182,0.938,0.323,0.316,0.703,0.379,0.316,0.38,0.935,0.366,0.945,0.133,0.456,0.348,0.341,0.295,0.192,0.348,0.366,0.106,0.438,0.101,0.366,0.427,0.366,0.348,0.414,0.089,0.138,0.091,0.372,0.389,0.54,0.54,0.367,0.1,0.483,0.173,0.472,0.366,0.481,0.484,0.464,0.48,0.435,0.427
0.126,0.126,0.157,0.157,0.014,0.386,0.086,0.067,0.396,0.045,0.067,0.085,0.062,0.014,0.085,0.067,0.062,0.014,0.136,0.062,0.15,0.058,0.15,0.12,0.062,0.086,0.12,0.067,0.106,0.045,0.106,0.058,0.171,0.092,0.106,0.092,0.009,0.106,0.171,0.009,0.555,0.092,0.01,0.594,0.092,0.009,0.132,0.01,0.459,0.01,0.374,0.574,0.015,0.14,0.011,0.14,0.15,0.01,0.01,0.01,0.08,0.011,0.15,0.011,0.015,0.08,0.12,0.559,0.12,0.037,0.037,0.037,0.745,0.009,0.479,0.621,0.013,0.8,0.013,0.013,0.326,0.009,0.01,0.359,0.558,0.01,0.013,0.649,0.343,0.813,0.009,0.6,0.603,0.341,0.036,0.01,0.147,0.036,0.036,0.6,0.035,0.012,0.804,0.035,0.035,0.596,0.596,0.029,0.029,0.027,0.083,0.064,0.244,0.058,0.359,0.787,0.759,0.014,0.255,0.064,0.558,0.254,0.761,0.337,0.503,0.028,0.752,0.163,0.028,0.057,0.3,0.018,0.291,0.081,0.699,0.011,0.138,0.027,0.247,0.011,0.012,0.645,0.181,0.089,0.012,0.838,0.012,0.011,0.176,0.052,0.085,0.057,0.44,0.815,0.288,0.17,0.517,0.052,0.69,0.083,0.717,0.4,0.378,0.258,0.367,0.719,0.686,0.686
0.505,0.505,0.542,0.542,0.066,0.402,0.305,0.658,0.414,0.561,0.658,0.327,0.608,0.066,0.327,0.658,0.608,0.066,0.175,0.608,0.671,0.62,0.671,0.62,0.608,0.305,0.62,0.658,0.661,0.561,0.661,0.62,0.497,0.708,0.452,0.708,0.185,0.452,0.497,0.185,0.545,0.708,0.163,0.302,0.708,0.185,0.177,0.163,0.56,0.163,0.348,0.494,0.053,0.474,0.134,0.474,0.478,0.108,0.108,0.108,0.649,0.134,0.478,0.134,0.053,0.649,0.705,0.524,0.705,0.098,0.098,0.098,0.328,0.083,0.247,0.309,0.076,0.437,0.083,0.076,0.505,0.083,0.059,0.273,0.519,0.059,0.083,0.238,0.381,0.342,0.083,0.243,0.294,0.398,0.108,0.059,0.11,0.108,0.108,0.219,0.102,0.102,0.326,0.102,0.102,0.423,0.279,0.598,0.598,0.607,0.466,0.153,0.497,0.144,0.301,0.289,0.647,0.095,0.502,0.153,0.282,0.501,0.634,0.489,0.418,0.625,0.616,0.389,0.625,0.129,0.492,0.073,0.491,0.418,0.705,0.065,0.221,0.627,0.335,0.065,0.058,0.535,0.273,0.198,0.058,0.38,0.058,0.065,0.278,0.333,0.123,0.312,0.48,0.366,0.62,0.235,0.751,0.301,0.773,0.183,0.733,0.579,0.595,0.535,0.502,0.755,0.747,0.715
0.399,0.399,0.413,0.413,0.189,0.762,0.5,0.351,0.772,0.313,0.351,0.443,0.33,0.189,0.443,0.351,0.33,0.189,0.085,0.33,0.499,0.412,0.499,0.373,0.33,0.5,0.373,0.351,0.39,0.313,0.39,0.412,0.168,0.357,0.426,0.357,0.222,0.426,0.168,0.222,0.762,0.357,0.217,0.366,0.357,0.222,0.07,0.217,0.705,0.217,0.784,0.777,0.102,0.145,0.22,0.145,0.141,0.215,0.215,0.215,0.344,0.22,0.141,0.22,0.102,0.344,0.42,0.859,0.42,0.039,0.039,0.039,0.783,0.186,0.334,0.572,0.081,0.842,0.081,0.081,0.795,0.186,0.117,0.617,0.803,0.117,0.081,0.526,0.746,0.355,0.186,0.332,0.717,0.632,0.048,0.117,0.113,0.048,0.048,0.675,0.051,0.082,0.776,0.051,0.051,0.817,0.622,0.513,0.513,0.557,0.266,0.604,0.561,0.628,0.71,0.373,0.413,0.061,0.567,0.604,0.766,0.551,0.484,0.482,0.753,0.522,0.469,0.484,0.522,0.378,0.472,0.063,0.473,0.248,0.419,0.164,0.504,0.566,0.577,0.164,0.152,0.549,0.558,0.33,0.152,0.528,0.152,0.164,0.541,0.158,0.277,0.142,0.627,0.52,0.636,0.543,0.784,0.133,0.8,0.273,0.792,0.688,0.581,0.617,0.556,0.678,0.675,0.744
0.651,0.651,0.781,0.781,0.996,0.585,0.786,0.535,0.737,0.468,0.535,0.652,0.599,0.996,0.652,0.535,0.599,0.996,0.972,0.599,0.72,0.359,0.72,0.574,0.599,0.786,0.574,0.535,0.539,0.468,0.539,0.359,0.768,0.303,0.437,0.303,0.989,0.437,0.768,0.989,0.639,0.303,0.99,0.102,0.303,0.989,0.974,0.99,0.069,0.99,0.623,0.619,0.98,0.797,0.976,0.797,0.819,0.987,0.987,0.987,0.33,0.976,0.819,0.976,0.98,0.33,0.299,0.074,0.299,0.783,0.783,0.783,0.6,0.997,0.125,0.599,0.935,0.161,0.921,0.935,0.678,0.997,0.992,0.674,0.07,0.992,0.921,0.572,0.671,0.206,0.997,0.127,0.574,0.653,0.798,0.992,0.941,0.798,0.798,0.56,0.727,0.86,0.159,0.727,0.727,0.154,0.496,0.985,0.985,0.978,0.974,0.997,0.287,0.997,0.548,0.219,0.202,0.883,0.258,0.997,0.495,0.265,0.178,0.364,0.65,0.969,0.169,0.087,0.969,0.888,0.355,0.952,0.349,0.991,0.132,0.975,0.096,0.948,0.142,0.975,0.975,0.35,0.633,0.392,0.975,0.124,0.975,0.975,0.654,0.34,0.338,0.325,0.106,0.126,0.079,0.737,0.352,0.332,0.251,0.38,0.266,0.127,0.087,0.089,0.095,0.092,0.118,0.284
0.582,0.582,0.627,0.627,0.046,0.727,0.585,0.509,0.688,0.688,0.509,0.589,0.52,0.046,0.589,0.509,0.52,0.046,0.644,0.52,0.684,0.574,0.684,0.591,0.52,0.585,0.591,0.509,0.51,0.688,0.51,0.574,0.413,0.481,0.515,0.481,0.08,0.515,0.413,0.08,0.457,0.481,0.07,0.585,0.481,0.08,0.466,0.07,0.89,0.07,0.67,0.474,0.016,0.422,0.212,0.422,0.425,0.186,0.186,0.186,0.561,0.212,0.425,0.212,0.016,0.561,0.568,0.914,0.568,0.006,0.006,0.006,0.351,0.037,0.636,0.481,0.049,0.819,0.043,0.049,0.555,0.037,0.034,0.512,0.901,0.034,0.043,0.488,0.509,0.882,0.037,0.624,0.453,0.514,0.028,0.034,0.754,0.028,0.028,0.461,0.02,0.046,0.818,0.02,0.02,0.845,0.468,0.258,0.258,0.286,0.442,0.079,0.285,0.077,0.559,0.866,0.929,0.041,0.285,0.079,0.484,0.296,0.942,0.279,0.606,0.353,0.866,0.113,0.353,0.165,0.314,0.027,0.324,0.432,0.762,0.107,0.13,0.342,0.138,0.107,0.115,0.725,0.654,0.072,0.115,0.926,0.115,0.107,0.646,0.095,0.066,0.078,0.274,0.923,0.308,0.634,0.332,0.083,0.526,0.052,0.516,0.278,0.311,0.359,0.341,0.615,0.653,0.719
0.457,0.457,0.506,0.506,0.043,0.86,0.401,0.271,0.916,0.371,0.271,0.427,0.242,0.043,0.427,0.271,0.242,0.043,0.104,0.242,0.51,0.443,0.51,0.229,0.242,0.401,0.229,0.271,0.279,0.371,0.279,0.443,0.188,0.255,0.302,0.255,0.085,0.302,0.188,0.085,0.461,0.255,0.065,0.048,0.255,0.085,0.094,0.065,0.063,0.065,0.698,0.47,0.143,0.222,0.077,0.222,0.242,0.067,0.067,0.067,0.47,0.077,0.242,0.077,0.143,0.47,0.274,0.081,0.274,0.111,0.111,0.111,0.614,0.073,0.041,0.709,0.123,0.111,0.15,0.123,0.182,0.073,0.063,0.225,0.079,0.063,0.15,0.707,0.178,0.169,0.073,0.039,0.712,0.228,0.081,0.063,0.15,0.081,0.081,0.695,0.075,0.139,0.082,0.075,0.075,0.093,0.822,0.143,0.143,0.145,0.57,0.283,0.809,0.296,0.254,0.142,0.221,0.127,0.755,0.283,0.838,0.754,0.258,0.885,0.222,0.219,0.129,0.872,0.219,0.56,0.86,0.094,0.867,0.765,0.139,0.08,0.726,0.266,0.856,0.08,0.068,0.401,0.224,0.686,0.068,0.198,0.068,0.08,0.23,0.629,0.547,0.564,0.871,0.188,0.94,0.215,0.943,0.577,0.988,0.557,0.984,0.889,0.93,0.851,0.839,0.802,0.76,0.888
0.711,0.711,0.691,0.691,0.7,0.909,0.571,0.551,0.935,0.518,0.551,0.669,0.541,0.7,0.669,0.551,0.541,0.7,0.45,0.541,0.934,0.527,0.934,0.573,0.541,0.571,0.573,0.551,0.567,0.518,0.567,0.527,0.145,0.852,0.808,0.852,0.685,0.808,0.145,0.685,0.938,0.852,0.735,0.992,0.852,0.685,0.587,0.735,0.943,0.735,0.869,0.942,0.867,0.163,0.898,0.163,0.165,0.918,0.918,0.918,0.444,0.898,0.165,0.898,0.867,0.444,0.886,0.935,0.886,0.763,0.763,0.763,0.968,0.538,0.976,0.805,0.968,0.888,0.966,0.968,0.891,0.538,0.894,0.821,0.965,0.894,0.966,0.789,0.888,0.853,0.538,0.973,0.771,0.822,0.928,0.894,0.442,0.928,0.928,0.758,0.922,0.971,0.77,0.922,0.922,0.929,0.758,0.717,0.717,0.597,0.944,0.74,0.653,0.799,0.769,0.661,0.935,0.979,0.642,0.74,0.724,0.636,0.964,0.639,0.839,0.663,0.896,0.626,0.663,0.917,0.603,0.858,0.614,0.799,0.917,0.973,0.589,0.561,0.705,0.973,0.969,0.963,0.889,0.44,0.969,0.887,0.969,0.973,0.911,0.446,0.526,0.583,0.893,0.767,0.848,0.869,0.879,0.631,0.89,0.503,0.933,0.909,0.812,0.837,0.798,0.864,0.921,0.974
0.763,0.763,0.685,0.685,0.037,0.384,0.632,0.871,0.392,0.64,0.871,0.666,0.864,0.037,0.666,0.871,0.864,0.037,0.698,0.864,0.707,0.651,0.707,0.754,0.864,0.632,0.754,0.871,0.781,0.64,0.781,0.651,0.745,0.76,0.635,0.76,0.04,0.635,0.745,0.04,0.462,0.76,0.032,0.933,0.76,0.04,0.601,0.032,0.962,0.032,0.302,0.548,0.017,0.712,0.034,0.712,0.701,0.035,0.035,0.035,0.645,0.034,0.701,0.034,0.017,0.645,0.737,0.947,0.737,0.007,0.007,0.007,0.579,0.066,0.868,0.512,0.007,0.416,0.01,0.007,0.398,0.066,0.019,0.615,0.961,0.019,0.01,0.513,0.43,0.483,0.066,0.909,0.481,0.604,0.006,0.019,0.56,0.006,0.006,0.49,0.006,0.019,0.418,0.006,0.006,0.394,0.463,0.103,0.103,0.105,0.272,0.221,0.708,0.271,0.553,0.497,0.563,0.019,0.689,0.221,0.482,0.69,0.571,0.782,0.429,0.128,0.488,0.235,0.128,0.469,0.757,0.021,0.777,0.318,0.593,0.019,0.215,0.134,0.223,0.019,0.022,0.533,0.705,0.132,0.022,0.498,0.022,0.019,0.681,0.132,0.144,0.157,0.092,0.513,0.112,0.69,0.094,0.156,0.194,0.138,0.187,0.087,0.113,0.083,0.085,0.202,0.16,0.128
0.124,0.124,0.23,0.23,0.564,0.531,0.157,0.08,0.535,0.129,0.08,0.129,0.098,0.564,0.129,0.08,0.098,0.564,0.75,0.098,0.164,0.091,0.164,0.101,0.098,0.157,0.101,0.08,0.085,0.129,0.085,0.091,0.05,0.094,0.119,0.094,0.626,0.119,0.05,0.626,0.291,0.094,0.606,0.623,0.094,0.626,0.683,0.606,0.116,0.606,0.541,0.297,0.281,0.035,0.533,0.035,0.033,0.516,0.516,0.516,0.091,0.533,0.033,0.533,0.281,0.091,0.092,0.274,0.092,0.516,0.516,0.516,0.265,0.831,0.717,0.41,0.19,0.615,0.196,0.19,0.253,0.831,0.384,0.339,0.247,0.384,0.196,0.353,0.151,0.686,0.831,0.651,0.406,0.382,0.408,0.384,0.843,0.408,0.408,0.347,0.476,0.233,0.608,0.476,0.476,0.344,0.367,0.544,0.544,0.635,0.356,0.857,0.834,0.852,0.361,0.656,0.109,0.241,0.769,0.857,0.362,0.768,0.127,0.853,0.152,0.565,0.394,0.256,0.565,0.439,0.707,0.336,0.717,0.341,0.423,0.266,0.195,0.653,0.498,0.266,0.281,0.086,0.91,0.233,0.281,0.622,0.281,0.266,0.909,0.168,0.199,0.143,0.292,0.595,0.35,0.924,0.257,0.145,0.328,0.197,0.339,0.303,0.332,0.333,0.291,0.439,0.528,0.415
0.377,0.377,0.334,0.334,0.97,0.75,0.261,0.257,0.852,0.198,0.257,0.301,0.221,0.97,0.301,0.257,0.221,0.97,0.926,0.221,0.349,0.249,0.349,0.143,0.221,0.261,0.143,0.257,0.181,0.198,0.181,0.249,0.319,0.14,0.284,0.14,0.944,0.284,0.319,0.944,0.899,0.14,0.953,0.724,0.14,0.944,0.912,0.953,0.808,0.953,0.686,0.845,0.588,0.251,0.822,0.251,0.264,0.901,0.901,0.901,0.373,0.822,0.264,0.822,0.588,0.373,0.126,0.748,0.126,0.952,0.952,0.952,0.897,0.953,0.689,0.78,0.63,0.686,0.65,0.63,0.78,0.953,0.89,0.829,0.73,0.89,0.65,0.788,0.825,0.741,0.953,0.713,0.808,0.818,0.744,0.89,0.907,0.744,0.744,0.82,0.736,0.941,0.66,0.736,0.736,0.594,0.863,0.805,0.805,0.797,0.732,0.902,0.946,0.851,0.89,0.733,0.674,0.926,0.937,0.902,0.895,0.94,0.659,0.983,0.915,0.747,0.697,0.042,0.747,0.773,0.975,0.966,0.967,0.71,0.722,0.819,0.041,0.792,0.064,0.819,0.84,0.662,0.995,0.115,0.84,0.771,0.84,0.819,0.99,0.301,0.063,0.365,0.163,0.74,0.099,0.978,0.422,0.348,0.334,0.055,0.321,0.199,0.088,0.094,0.083,0.395,0.406,0.41
0.656,0.656,0.611,0.611,0.601,0.656,0.451,0.595,0.67,0.471,0.595,0.484,0.582,0.601,0.484,0.595,0.582,0.601,0.808,0.582,0.673,0.537,0.673,0.603,0.582,0.451,0.603,0.595,0.596,0.471,0.596,0.537,0.248,0.599,0.538,0.599,0.702,0.538,0.248,0.702,0.844,0.599,0.664,0.828,0.599,0.702,0.771,0.664,0.896,0.664,0.504,0.797,0.346,0.17,0.659,0.17,0.188,0.739,0.739,0.739,0.592,0.659,0.188,0.659,0.346,0.592,0.638,0.917,0.638,0.197,0.197,0.197,0.782,0.551,0.594,0.723,0.292,0.532,0.283,0.292,0.829,0.551,0.518,0.687,0.931,0.518,0.283,0.725,0.774,0.636,0.551,0.634,0.761,0.675,0.179,0.518,0.756,0.179,0.179,0.763,0.174,0.35,0.53,0.174,0.174,0.624,0.813,0.525,0.525,0.545,0.287,0.592,0.406,0.585,0.637,0.623,0.9,0.331,0.353,0.592,0.813,0.354,0.9,0.44,0.715,0.551,0.759,0.35,0.551,0.732,0.459,0.293,0.446,0.193,0.907,0.377,0.323,0.553,0.376,0.377,0.395,0.858,0.597,0.202,0.395,0.87,0.395,0.377,0.594,0.401,0.198,0.336,0.672,0.879,0.589,0.768,0.722,0.359,0.709,0.19,0.693,0.694,0.513,0.603,0.515,0.383,0.376,0.396
0.541,0.541,0.529,0.529,0.757,0.66,0.526,0.479,0.637,0.292,0.479,0.52,0.456,0.757,0.52,0.479,0.456,0.757,0.111,0.456,0.587,0.327,0.587,0.454,0.456,0.526,0.454,0.479,0.456,0.292,0.456,0.327,0.229,0.544,0.596,0.544,0.202,0.596,0.229,0.202,0.761,0.544,0.207,0.936,0.544,0.202,0.116,0.207,0.878,0.207,0.666,0.683,0.757,0.315,0.671,0.315,0.359,0.642,0.642,0.642,0.328,0.671,0.359,0.671,0.757,0.328,0.547,0.74,0.547,0.567,0.567,0.567,0.597,0.244,0.92,0.955,0.575,0.884,0.671,0.575,0.755,0.244,0.826,0.802,0.701,0.826,0.671,0.96,0.765,0.973,0.244,0.926,0.944,0.805,0.365,0.826,0.094,0.365,0.365,0.939,0.439,0.637,0.937,0.439,0.439,0.972,0.929,0.495,0.495,0.525,0.136,0.249,0.878,0.214,0.82,0.983,0.984,0.695,0.898,0.249,0.944,0.889,0.979,0.898,0.706,0.529,0.953,0.279,0.529,0.248,0.881,0.745,0.88,0.156,0.992,0.644,0.343,0.528,0.245,0.644,0.695,0.861,0.576,0.538,0.695,0.94,0.695,0.644,0.607,0.558,0.634,0.556,0.245,0.971,0.357,0.59,0.44,0.582,0.482,0.667,0.565,0.237,0.368,0.355,0.346,0.714,0.604,0.587
0.578,0.578,0.563,0.563,0.676,0.974,0.57,0.463,0.966,0.314,0.463,0.595,0.395,0.676,0.595,0.463,0.395,0.676,0.985,0.395,0.593,0.404,0.593,0.379,0.395,0.57,0.379,0.463,0.468,0.314,0.468,0.404,0.355,0.401,0.528,0.401,0.587,0.528,0.355,0.587,0.664,0.401,0.602,0.825,0.401,0.587,0.973,0.602,0.35,0.602,0.991,0.634,0.285,0.406,0.595,0.406,0.416,0.596,0.596,0.596,0.342,0.595,0.416,0.595,0.285,0.342,0.426,0.438,0.426,0.28,0.28,0.28,0.687,0.737,0.867,0.365,0.241,0.493,0.192,0.241,0.508,0.737,0.315,0.414,0.43,0.315,0.192,0.327,0.542,0.551,0.737,0.879,0.247,0.428,0.298,0.315,0.97,0.298,0.298,0.305,0.208,0.184,0.495,0.208,0.208,0.494,0.226,0.474,0.474,0.615,0.45,0.725,0.603,0.788,0.308,0.546,0.825,0.266,0.566,0.725,0.26,0.569,0.841,0.673,0.407,0.458,0.478,0.667,0.458,0.58,0.604,0.301,0.59,0.469,0.453,0.437,0.667,0.576,0.693,0.437,0.464,0.759,0.804,0.917,0.464,0.532,0.464,0.437,0.761,0.79,0.871,0.627,0.856,0.502,0.904,0.751,0.796,0.602,0.861,0.808,0.855,0.888,0.886,0.836,0.835,0.893,0.882,0.879
0.083,0.083,0.11,0.11,0.533,0.131,0.034,0.042,0.138,0.644,0.042,0.037,0.029,0.533,0.037,0.042,0.029,0.533,0.669,0.029,0.098,0.636,0.098,0.038,0.029,0.034,0.038,0.042,0.059,0.644,0.059,0.636,0.357,0.043,0.058,0.043,0.445,0.058,0.357,0.445,0.693,0.043,0.528,0.28,0.043,0.445,0.684,0.528,0.605,0.528,0.149,0.81,0.556,0.326,0.512,0.326,0.332,0.566,0.566,0.566,0.756,0.512,0.332,0.512,0.556,0.756,0.058,0.661,0.058,0.938,0.938,0.938,0.658,0.521,0.324,0.504,0.502,0.52,0.467,0.502,0.511,0.521,0.587,0.606,0.604,0.587,0.467,0.52,0.528,0.581,0.521,0.326,0.542,0.595,0.967,0.587,0.837,0.967,0.967,0.549,0.96,0.404,0.516,0.96,0.96,0.544,0.683,0.449,0.449,0.318,0.72,0.76,0.993,0.749,0.78,0.586,0.747,0.43,0.977,0.76,0.718,0.962,0.807,0.79,0.72,0.453,0.356,0.562,0.453,0.97,0.72,0.579,0.708,0.797,0.45,0.576,0.515,0.364,0.543,0.576,0.544,0.749,0.764,0.519,0.544,0.659,0.544,0.576,0.772,0.768,0.525,0.796,0.795,0.655,0.754,0.697,0.322,0.778,0.531,0.535,0.518,0.803,0.751,0.809,0.763,0.715,0.627,0.492
0.77,0.77,0.878,0.878,0.552,0.721,0.84,0.685,0.743,0.951,0.685,0.775,0.692,0.552,0.775,0.685,0.692,0.552,0.586,0.692,0.892,0.936,0.892,0.643,0.692,0.84,0.643,0.685,0.675,0.951,0.675,0.936,0.952,0.714,0.832,0.714,0.818,0.832,0.952,0.818,0.095,0.714,0.944,0.349,0.714,0.818,0.854,0.944,0.248,0.944,0.642,0.114,0.952,0.758,0.818,0.758,0.745,0.939,0.939,0.939,0.961,0.818,0.745,0.818,0.952,0.961,0.735,0.237,0.735,0.825,0.825,0.825,0.14,0.658,0.407,0.049,0.903,0.217,0.886,0.903,0.071,0.658,0.863,0.07,0.19,0.863,0.886,0.055,0.077,0.143,0.658,0.398,0.053,0.061,0.733,0.863,0.476,0.733,0.733,0.055,0.768,0.91,0.228,0.768,0.768,0.275,0.057,0.652,0.652,0.672,0.436,0.611,0.106,0.658,0.074,0.146,0.127,0.901,0.118,0.611,0.058,0.115,0.115,0.117,0.093,0.526,0.276,0.117,0.526,0.318,0.105,0.943,0.112,0.475,0.273,0.844,0.118,0.516,0.081,0.844,0.796,0.192,0.636,0.494,0.796,0.152,0.796,0.844,0.653,0.647,0.639,0.667,0.196,0.164,0.268,0.676,0.674,0.661,0.786,0.579,0.805,0.232,0.275,0.256,0.263,0.527,0.478,0.501
0.315,0.315,0.36,0.36,0.262,0.567,0.27,0.222,0.64,0.928,0.222,0.25,0.25,0.262,0.25,0.222,0.25,0.262,0.424,0.25,0.243,0.919,0.243,0.857,0.25,0.27,0.857,0.222,0.892,0.928,0.892,0.919,0.974,0.262,0.235,0.262,0.216,0.235,0.974,0.216,0.427,0.262,0.206,0.644,0.262,0.216,0.436,0.206,0.85,0.206,0.587,0.377,0.222,0.991,0.196,0.991,0.994,0.203,0.203,0.203,0.892,0.196,0.994,0.196,0.222,0.892,0.881,0.705,0.881,0.138,0.138,0.138,0.471,0.283,0.7,0.42,0.152,0.847,0.182,0.152,0.478,0.283,0.174,0.487,0.686,0.174,0.182,0.398,0.431,0.571,0.283,0.696,0.361,0.547,0.148,0.174,0.138,0.148,0.148,0.42,0.188,0.065,0.875,0.188,0.188,0.908,0.402,0.343,0.343,0.488,0.702,0.51,0.257,0.666,0.482,0.567,0.367,0.071,0.241,0.51,0.383,0.24,0.374,0.174,0.421,0.306,0.673,0.419,0.306,0.903,0.219,0.095,0.204,0.69,0.652,0.126,0.401,0.442,0.601,0.126,0.144,0.435,0.814,0.709,0.144,0.519,0.144,0.126,0.834,0.675,0.594,0.617,0.364,0.531,0.381,0.914,0.513,0.604,0.461,0.57,0.489,0.375,0.382,0.389,0.387,0.73,0.655,0.485
0.061,0.061,0.048,0.048,0.716,0.323,0.307,0.51,0.33,0.413,0.51,0.341,0.503,0.716,0.341,0.51,0.503,0.716,0.882,0.503,0.072,0.436,0.072,0.58,0.503,0.307,0.58,0.51,0.528,0.413,0.528,0.436,0.954,0.374,0.18,0.374,0.537,0.18,0.954,0.537,0.31,0.374,0.737,0.076,0.374,0.537,0.91,0.737,0.279,0.737,0.307,0.491,0.723,0.927,0.547,0.927,0.933,0.731,0.731,0.731,0.391,0.547,0.933,0.547,0.723,0.391,0.478,0.319,0.478,0.663,0.663,0.663,0.891,0.75,0.095,0.812,0.536,0.549,0.461,0.536,0.91,0.75,0.838,0.873,0.313,0.838,0.461,0.805,0.938,0.674,0.75,0.092,0.78,0.872,0.465,0.838,0.78,0.465,0.465,0.759,0.313,0.408,0.613,0.313,0.313,0.511,0.876,0.693,0.693,0.673,0.531,0.811,0.668,0.73,0.911,0.719,0.308,0.583,0.666,0.811,0.861,0.665,0.328,0.78,0.93,0.56,0.572,0.799,0.56,0.647,0.784,0.833,0.75,0.547,0.62,0.693,0.792,0.57,0.823,0.693,0.67,0.442,0.265,0.739,0.67,0.786,0.67,0.693,0.286,0.789,0.699,0.752,0.349,0.779,0.332,0.334,0.581,0.786,0.297,0.687,0.343,0.295,0.388,0.322,0.365,0.412,0.391,0.628
0.987,0.987,0.967,0.967,0.161,0.249,0.929,0.985,0.277,0.938,0.985,0.939,0.976,0.161,0.939,0.985,0.976,0.161,0.322,0.976,0.942,0.94,0.942,0.962,0.976,0.929,0.962,0.985,0.97,0.938,0.97,0.94,0.891,0.997,0.911,0.997,0.182,0.911,0.891,0.182,0.121,0.997,0.181,0.866,0.997,0.182,0.358,0.181,0.925,0.181,0.251,0.12,0.161,0.849,0.228,0.849,0.858,0.254,0.254,0.254,0.917,0.228,0.858,0.228,0.161,0.917,0.983,0.923,0.983,0.132,0.132,0.132,0.117,0.138,0.955,0.124,0.166,0.125,0.17,0.166,0.164,0.138,0.128,0.162,0.906,0.128,0.17,0.109,0.183,0.084,0.138,0.959,0.101,0.16,0.117,0.128,0.344,0.117,0.117,0.1,0.111,0.206,0.103,0.111,0.111,0.221,0.152,0.254,0.254,0.242,0.653,0.388,0.109,0.375,0.159,0.07,0.075,0.184,0.112,0.388,0.131,0.098,0.037,0.108,0.174,0.254,0.145,0.077,0.254,0.749,0.096,0.151,0.095,0.573,0.12,0.13,0.067,0.243,0.032,0.13,0.149,0.057,0.851,0.033,0.149,0.08,0.149,0.13,0.809,0.024,0.051,0.034,0.045,0.072,0.077,0.86,0.051,0.031,0.065,0.049,0.062,0.049,0.063,0.071,0.063,0.135,0.128,0.09
0.113,0.113,0.124,0.124,0.216,0.167,0.035,0.048,0.158,0.016,0.048,0.056,0.026,0.216,0.056,0.048,0.026,0.216,0.469,0.026,0.148,0.026,0.148,0.032,0.026,0.035,0.032,0.048,0.046,0.016,0.046,0.026,0.559,0.035,0.052,0.035,0.171,0.052,0.559,0.171,0.791,0.035,0.17,0.326,0.035,0.171,0.535,0.17,0.86,0.17,0.151,0.814,0.183,0.601,0.249,0.601,0.605,0.26,0.26,0.26,0.034,0.249,0.605,0.249,0.183,0.034,0.042,0.88,0.042,0.299,0.299,0.299,0.94,0.158,0.32,0.903,0.168,0.978,0.151,0.168,0.938,0.158,0.182,0.884,0.951,0.182,0.151,0.909,0.937,0.934,0.158,0.29,0.899,0.885,0.241,0.182,0.423,0.241,0.241,0.909,0.288,0.218,0.976,0.288,0.288,0.943,0.867,0.251,0.251,0.271,0.605,0.307,0.709,0.318,0.868,0.915,0.8,0.222,0.7,0.307,0.876,0.698,0.836,0.666,0.914,0.268,0.937,0.621,0.268,0.526,0.767,0.229,0.775,0.56,0.758,0.191,0.599,0.294,0.658,0.191,0.189,0.777,0.961,0.432,0.189,0.931,0.189,0.191,0.939,0.548,0.467,0.558,0.813,0.833,0.753,0.876,0.855,0.609,0.846,0.483,0.858,0.787,0.774,0.75,0.773,0.677,0.537,0.634
0.331,0.331,0.268,0.268,0.132,0.984,0.452,0.377,0.979,0.439,0.377,0.399,0.406,0.132,0.399,0.377,0.406,0.132,0.131,0.406,0.443,0.44,0.443,0.406,0.406,0.452,0.406,0.377,0.393,0.439,0.393,0.44,0.452,0.413,0.441,0.413,0.421,0.441,0.452,0.421,0.705,0.413,0.588,0.984,0.413,0.421,0.292,0.588,0.661,0.588,0.999,0.625,0.967,0.492,0.34,0.492,0.497,0.625,0.625,0.625,0.485,0.34,0.497,0.34,0.967,0.485,0.484,0.255,0.484,0.878,0.878,0.878,0.486,0.32,0.252,0.741,0.684,0.518,0.634,0.684,0.75,0.32,0.452,0.653,0.273,0.452,0.634,0.722,0.659,0.592,0.32,0.333,0.74,0.667,0.623,0.452,0.155,0.623,0.623,0.719,0.604,0.737,0.627,0.604,0.604,0.928,0.768,0.273,0.273,0.267,0.628,0.243,0.491,0.24,0.62,0.701,0.4,0.739,0.489,0.243,0.749,0.477,0.204,0.503,0.71,0.217,0.962,0.288,0.217,0.278,0.42,0.969,0.449,0.725,0.384,0.581,0.29,0.211,0.251,0.581,0.55,0.377,0.116,0.139,0.55,0.264,0.55,0.581,0.12,0.193,0.177,0.228,0.45,0.309,0.427,0.128,0.118,0.235,0.157,0.296,0.175,0.427,0.472,0.46,0.491,0.225,0.26,0.179
0.907,0.907,0.971,0.971,0.878,0.694,0.93,0.765,0.56,0.732,0.765,0.764,0.913,0.878,0.764,0.765,0.913,0.878,0.659,0.913,0.917,0.629,0.917,0.843,0.913,0.93,0.843,0.765,0.673,0.732,0.673,0.629,0.713,0.817,0.843,0.817,0.882,0.843,0.713,0.882,0.608,0.817,0.863,0.754,0.817,0.882,0.693,0.863,0.447,0.863,0.737,0.518,0.629,0.682,0.784,0.682,0.681,0.748,0.748,0.748,0.55,0.784,0.681,0.784,0.629,0.55,0.771,0.519,0.771,0.946,0.946,0.946,0.612,0.931,0.815,0.312,0.516,0.421,0.563,0.516,0.569,0.931,0.78,0.433,0.514,0.78,0.563,0.341,0.538,0.54,0.931,0.811,0.314,0.37,0.779,0.78,0.767,0.779,0.779,0.345,0.827,0.935,0.417,0.827,0.827,0.364,0.369,0.894,0.894,0.858,0.821,0.834,0.5,0.893,0.464,0.571,0.233,0.88,0.497,0.834,0.359,0.476,0.253,0.563,0.568,0.948,0.499,0.187,0.948,0.559,0.555,0.889,0.562,0.903,0.304,0.76,0.212,0.946,0.327,0.76,0.834,0.173,0.939,0.714,0.834,0.35,0.834,0.76,0.931,0.74,0.557,0.668,0.403,0.348,0.253,0.87,0.399,0.655,0.508,0.454,0.466,0.482,0.234,0.273,0.258,0.352,0.419,0.658
0.58,0.58,0.481,0.481,0.37,0.761,0.684,0.849,0.766,0.889,0.849,0.753,0.836,0.37,0.753,0.849,0.836,0.37,0.397,0.836,0.609,0.942,0.609,0.806,0.836,0.684,0.806,0.849,0.82,0.889,0.82,0.942,0.666,0.919,0.741,0.919,0.315,0.741,0.666,0.315,0.96,0.919,0.3,0.512,0.919,0.315,0.306,0.3,0.9,0.3,0.773,0.941,0.173,0.683,0.23,0.683,0.669,0.229,0.229,0.229,0.914,0.23,0.669,0.23,0.173,0.914,0.906,0.94,0.906,0.071,0.071,0.071,0.965,0.462,0.56,0.964,0.145,0.41,0.159,0.145,0.99,0.462,0.143,0.973,0.882,0.143,0.159,0.95,0.987,0.567,0.462,0.525,0.979,0.974,0.127,0.143,0.447,0.127,0.127,0.979,0.151,0.105,0.346,0.151,0.151,0.36,0.954,0.234,0.234,0.335,0.434,0.358,0.867,0.574,0.974,0.575,0.936,0.09,0.917,0.358,0.95,0.912,0.927,0.877,0.991,0.308,0.355,0.781,0.308,0.246,0.949,0.146,0.955,0.414,0.561,0.114,0.763,0.345,0.876,0.114,0.13,0.865,0.768,0.648,0.13,0.739,0.13,0.114,0.774,0.521,0.608,0.536,0.739,0.711,0.666,0.842,0.853,0.528,0.556,0.584,0.552,0.763,0.633,0.626,0.572,0.595,0.611,0.938
0.507,0.507,0.255,0.255,0.893,0.751,0.406,0.436,0.761,0.258,0.436,0.43,0.407,0.893,0.43,0.436,0.407,0.893,0.245,0.407,0.618,0.294,0.618,0.368,0.407,0.406,0.368,0.436,0.364,0.258,0.364,0.294,0.231,0.409,0.469,0.409,0.136,0.469,0.231,0.136,0.248,0.409,0.166,0.454,0.409,0.136,0.218,0.166,0.427,0.166,0.717,0.314,0.916,0.182,0.198,0.182,0.184,0.222,0.222,0.222,0.233,0.198,0.184,0.198,0.916,0.233,0.381,0.38,0.381,0.97,0.97,0.97,0.241,0.765,0.533,0.114,0.611,0.321,0.625,0.611,0.162,0.765,0.916,0.157,0.415,0.916,0.625,0.113,0.19,0.404,0.765,0.574,0.121,0.155,0.822,0.916,0.694,0.822,0.822,0.121,0.808,0.536,0.262,0.808,0.808,0.356,0.121,0.092,0.092,0.11,0.212,0.697,0.041,0.678,0.157,0.451,0.165,0.626,0.039,0.697,0.116,0.04,0.155,0.043,0.182,0.082,0.54,0.693,0.082,0.843,0.045,0.86,0.046,0.253,0.434,0.448,0.642,0.117,0.549,0.448,0.425,0.356,0.714,0.638,0.425,0.398,0.425,0.448,0.702,0.77,0.752,0.799,0.723,0.398,0.778,0.707,0.685,0.811,0.747,0.708,0.729,0.794,0.726,0.788,0.737,0.807,0.86,0.532
0.949,0.949,0.933,0.933,0.078,0.948,0.829,0.889,0.971,0.799,0.889,0.84,0.9,0.078,0.84,0.889,0.9,0.078,0.55,0.9,0.716,0.736,0.716,0.885,0.9,0.829,0.885,0.889,0.876,0.799,0.876,0.736,0.515,0.725,0.669,0.725,0.158,0.669,0.515,0.158,0.226,0.725,0.109,0.772,0.725,0.158,0.524,0.109,0.052,0.109,0.959,0.292,0.045,0.628,0.121,0.628,0.609,0.09,0.09,0.09,0.728,0.121,0.609,0.121,0.045,0.728,0.723,0.07,0.723,0.019,0.019,0.019,0.279,0.113,0.738,0.308,0.045,0.065,0.06,0.045,0.211,0.113,0.051,0.221,0.071,0.051,0.06,0.224,0.185,0.061,0.113,0.763,0.311,0.274,0.021,0.051,0.521,0.021,0.021,0.227,0.031,0.043,0.058,0.031,0.031,0.07,0.292,0.101,0.101,0.106,0.453,0.275,0.148,0.281,0.27,0.06,0.066,0.038,0.147,0.275,0.275,0.136,0.118,0.148,0.177,0.119,0.074,0.709,0.119,0.586,0.136,0.052,0.142,0.415,0.091,0.045,0.697,0.126,0.699,0.045,0.049,0.093,0.455,0.528,0.049,0.133,0.049,0.045,0.491,0.68,0.57,0.633,0.707,0.135,0.746,0.444,0.428,0.612,0.572,0.501,0.592,0.728,0.74,0.756,0.74,0.77,0.799,0.543
0.73,0.73,0.557,0.557,0.102,0.925,0.94,0.937,0.928,0.953,0.937,0.968,0.929,0.102,0.968,0.937,0.929,0.102,0.065,0.929,0.848,0.93,0.848,0.959,0.929,0.94,0.959,0.937,0.964,0.953,0.964,0.93,0.773,0.916,0.949,0.916,0.139,0.949,0.773,0.139,0.878,0.916,0.193,0.2,0.916,0.139,0.076,0.193,0.224,0.193,0.904,0.839,0.343,0.734,0.113,0.734,0.743,0.146,0.146,0.146,0.936,0.113,0.743,0.113,0.343,0.936,0.929,0.17,0.929,0.209,0.209,0.209,0.861,0.068,0.193,0.661,0.185,0.127,0.174,0.185,0.782,0.068,0.137,0.699,0.157,0.137,0.174,0.673,0.815,0.215,0.068,0.213,0.71,0.687,0.141,0.137,0.058,0.141,0.141,0.722,0.133,0.169,0.113,0.133,0.133,0.224,0.676,0.124,0.124,0.127,0.414,0.095,0.558,0.101,0.707,0.214,0.329,0.199,0.522,0.095,0.736,0.521,0.291,0.626,0.764,0.121,0.227,0.089,0.121,0.266,0.582,0.248,0.607,0.398,0.291,0.174,0.082,0.127,0.092,0.174,0.138,0.597,0.463,0.061,0.138,0.277,0.138,0.174,0.652,0.115,0.054,0.119,0.139,0.226,0.157,0.517,0.255,0.121,0.318,0.047,0.305,0.153,0.131,0.153,0.13,0.282,0.27,0.318
0.765,0.765,0.904,0.904,0.839,0.501,0.846,0.755,0.486,0.655,0.755,0.707,0.861,0.839,0.707,0.755,0.861,0.839,0.822,0.861,0.901,0.627,0.901,0.901,0.861,0.846,0.901,0.755,0.792,0.655,0.792,0.627,0.901,0.845,0.842,0.845,0.875,0.842,0.901,0.875,0.411,0.845,0.886,0.77,0.845,0.875,0.814,0.886,0.883,0.886,0.509,0.387,0.827,0.85,0.943,0.85,0.861,0.945,0.945,0.945,0.693,0.943,0.861,0.943,0.827,0.693,0.784,0.956,0.784,0.919,0.919,0.919,0.497,0.874,0.72,0.153,0.946,0.898,0.901,0.946,0.316,0.874,0.712,0.208,0.904,0.712,0.901,0.164,0.29,0.909,0.874,0.744,0.224,0.197,0.86,0.712,0.634,0.86,0.86,0.24,0.848,0.814,0.86,0.848,0.848,0.949,0.178,0.931,0.931,0.967,0.114,0.949,0.111,0.937,0.263,0.897,0.698,0.819,0.105,0.949,0.218,0.106,0.707,0.119,0.381,0.926,0.947,0.565,0.926,0.102,0.111,0.751,0.114,0.168,0.942,0.92,0.681,0.957,0.342,0.92,0.921,0.659,0.476,0.363,0.921,0.922,0.921,0.92,0.519,0.253,0.37,0.269,0.334,0.869,0.547,0.403,0.817,0.225,0.771,0.364,0.745,0.334,0.505,0.618,0.582,0.826,0.839,0.679
0.016,0.016,0.021,0.021,0.433,0.146,0.013,0.43,0.174,0.288,0.43,0.015,0.354,0.433,0.015,0.43,0.354,0.433,0.77,0.354,0.013,0.297,0.013,0.354,0.354,0.013,0.354,0.43,0.343,0.288,0.343,0.297,0.354,0.568,0.029,0.568,0.767,0.029,0.354,0.767,0.262,0.568,0.62,0.962,0.568,0.767,0.643,0.62,0.695,0.62,0.135,0.238,0.754,0.401,0.825,0.401,0.401,0.778,0.778,0.778,0.404,0.825,0.401,0.825,0.754,0.404,0.404,0.499,0.404,0.472,0.472,0.472,0.478,0.862,0.802,0.409,0.627,0.438,0.506,0.627,0.579,0.862,0.639,0.476,0.472,0.639,0.506,0.421,0.533,0.375,0.862,0.786,0.413,0.466,0.52,0.639,0.676,0.52,0.52,0.428,0.436,0.547,0.486,0.436,0.436,0.651,0.454,0.714,0.714,0.799,0.903,0.812,0.307,0.872,0.556,0.406,0.526,0.651,0.283,0.812,0.371,0.295,0.527,0.251,0.561,0.854,0.547,0.691,0.854,0.966,0.307,0.774,0.294,0.819,0.674,0.685,0.656,0.806,0.555,0.685,0.559,0.591,0.999,0.53,0.559,0.593,0.559,0.685,0.999,0.523,0.419,0.568,0.017,0.626,0.023,0.997,0.041,0.606,0.033,0.51,0.032,0.014,0.024,0.022,0.018,0.042,0.051,0.05
0.517,0.517,0.479,0.479,0.749,0.559,0.592,0.784,0.532,0.576,0.784,0.704,0.722,0.749,0.704,0.784,0.722,0.749,0.614,0.722,0.548,0.618,0.548,0.702,0.722,0.592,0.702,0.784,0.77,0.576,0.77,0.618,0.376,0.629,0.531,0.629,0.869,0.531,0.376,0.869,0.97,0.629,0.877,0.869,0.629,0.869,0.835,0.877,0.924,0.877,0.804,0.984,0.733,0.709,0.867,0.709,0.702,0.839,0.839,0.839,0.441,0.867,0.702,0.867,0.733,0.441,0.603,0.944,0.603,0.408,0.408,0.408,0.974,0.71,0.901,0.996,0.359,0.837,0.504,0.359,0.989,0.71,0.878,0.996,0.946,0.878,0.504,0.998,0.994,0.928,0.71,0.937,0.995,0.996,0.258,0.878,0.396,0.258,0.258,0.995,0.37,0.677,0.841,0.37,0.37,0.772,0.997,0.847,0.847,0.681,0.764,0.618,0.972,0.663,0.997,0.93,0.983,0.562,0.969,0.618,0.996,0.969,0.983,0.935,0.996,0.744,0.841,0.893,0.744,0.712,0.932,0.782,0.926,0.711,0.888,0.615,0.845,0.728,0.917,0.615,0.799,0.943,0.65,0.758,0.799,0.961,0.799,0.615,0.621,0.526,0.731,0.406,0.744,0.963,0.602,0.581,0.841,0.414,0.66,0.732,0.692,0.672,0.623,0.498,0.566,0.863,0.88,0.894
0.165,0.165,0.165,0.165,0.504,0.362,0.124,0.118,0.359,0.072,0.118,0.131,0.107,0.504,0.131,0.118,0.107,0.504,0.901,0.107,0.35,0.077,0.35,0.099,0.107,0.124,0.099,0.118,0.114,0.072,0.114,0.077,0.095,0.206,0.279,0.206,0.706,0.279,0.095,0.706,0.028,0.206,0.8,0.233,0.206,0.706,0.93,0.8,0.319,0.8,0.25,0.027,0.269,0.082,0.749,0.082,0.08,0.804,0.804,0.804,0.13,0.749,0.08,0.749,0.269,0.13,0.208,0.385,0.208,0.155,0.155,0.155,0.034,0.523,0.431,0.367,0.543,0.463,0.437,0.543,0.136,0.523,0.353,0.279,0.343,0.353,0.437,0.362,0.219,0.117,0.523,0.423,0.328,0.279,0.259,0.353,0.711,0.259,0.259,0.325,0.192,0.403,0.447,0.192,0.192,0.348,0.318,0.895,0.895,0.926,0.76,0.595,0.252,0.66,0.274,0.122,0.2,0.509,0.223,0.595,0.329,0.226,0.235,0.226,0.193,0.831,0.106,0.678,0.831,0.548,0.247,0.273,0.248,0.722,0.104,0.648,0.652,0.915,0.757,0.648,0.52,0.088,0.817,0.734,0.52,0.132,0.52,0.648,0.814,0.516,0.657,0.47,0.837,0.129,0.781,0.823,0.84,0.465,0.831,0.656,0.835,0.812,0.819,0.795,0.805,0.115,0.125,0.199
0.654,0.654,0.847,0.847,0.744,0.671,0.312,0.239,0.708,0.154,0.239,0.293,0.231,0.744,0.293,0.239,0.231,0.744,0.172,0.231,0.377,0.226,0.377,0.183,0.231,0.312,0.183,0.239,0.213,0.154,0.213,0.226,0.361,0.166,0.254,0.166,0.525,0.254,0.361,0.525,0.55,0.166,0.308,0.426,0.166,0.525,0.128,0.308,0.886,0.308,0.462,0.544,0.713,0.518,0.968,0.518,0.585,0.885,0.885,0.885,0.207,0.968,0.585,0.968,0.713,0.207,0.158,0.485,0.158,0.769,0.769,0.769,0.472,0.299,0.296,0.643,0.724,0.51,0.878,0.724,0.541,0.299,0.708,0.629,0.499,0.708,0.878,0.624,0.456,0.823,0.299,0.291,0.63,0.633,0.617,0.708,0.177,0.617,0.617,0.619,0.691,0.6,0.509,0.691,0.691,0.924,0.524,0.528,0.528,0.469,0.816,0.457,0.495,0.4,0.673,0.747,0.733,0.498,0.488,0.457,0.533,0.491,0.72,0.594,0.487,0.585,0.942,0.849,0.585,0.518,0.529,0.515,0.539,0.877,0.961,0.916,0.873,0.747,0.899,0.916,0.934,0.859,0.512,0.983,0.934,0.957,0.934,0.916,0.497,0.883,0.937,0.821,0.765,0.926,0.743,0.511,0.269,0.888,0.284,0.965,0.296,0.77,0.673,0.76,0.673,0.604,0.628,0.369
0.895,0.895,0.921,0.921,0.136,0.913,0.926,0.802,0.944,0.92,0.802,0.891,0.947,0.136,0.891,0.802,0.947,0.136,0.492,0.947,0.769,0.785,0.769,0.92,0.947,0.926,0.92,0.802,0.748,0.92,0.748,0.785,0.658,0.818,0.826,0.818,0.153,0.826,0.658,0.153,0.776,0.818,0.153,0.033,0.818,0.153,0.424,0.153,0.092,0.153,0.865,0.76,0.128,0.625,0.178,0.625,0.654,0.17,0.17,0.17,0.8,0.178,0.654,0.178,0.128,0.8,0.835,0.114,0.835,0.135,0.135,0.135,0.739,0.185,0.042,0.403,0.071,0.118,0.085,0.071,0.632,0.185,0.125,0.504,0.085,0.125,0.085,0.462,0.617,0.19,0.185,0.038,0.403,0.518,0.14,0.125,0.715,0.14,0.14,0.445,0.176,0.111,0.121,0.176,0.176,0.131,0.487,0.149,0.149,0.128,0.495,0.437,0.934,0.386,0.503,0.187,0.581,0.112,0.92,0.437,0.479,0.907,0.399,0.97,0.479,0.204,0.117,0.161,0.204,0.651,0.969,0.096,0.97,0.502,0.211,0.151,0.164,0.18,0.129,0.151,0.17,0.602,0.921,0.36,0.17,0.217,0.17,0.151,0.916,0.445,0.405,0.482,0.309,0.23,0.231,0.883,0.36,0.447,0.267,0.462,0.27,0.307,0.221,0.209,0.214,0.662,0.642,0.479
0.329,0.329,0.297,0.297,0.079,0.865,0.35,0.21,0.805,0.167,0.21,0.207,0.438,0.079,0.207,0.21,0.438,0.079,0.011,0.438,0.352,0.099,0.352,0.422,0.438,0.35,0.422,0.21,0.187,0.167,0.187,0.099,0.538,0.254,0.214,0.254,0.049,0.214,0.538,0.049,0.088,0.254,0.049,0.231,0.254,0.049,0.008,0.049,0.188,0.049,0.493,0.106,0.059,0.719,0.048,0.719,0.729,0.046,0.046,0.046,0.113,0.048,0.729,0.048,0.059,0.113,0.224,0.148,0.224,0.031,0.031,0.031,0.106,0.088,0.172,0.064,0.033,0.014,0.034,0.033,0.076,0.088,0.05,0.095,0.16,0.05,0.034,0.069,0.09,0.025,0.088,0.173,0.08,0.088,0.015,0.05,0.03,0.015,0.015,0.091,0.019,0.034,0.017,0.019,0.019,0.014,0.069,0.038,0.038,0.045,0.518,0.194,0.928,0.205,0.096,0.029,0.026,0.037,0.931,0.194,0.077,0.928,0.024,0.895,0.083,0.049,0.017,0.116,0.049,0.687,0.908,0.067,0.903,0.548,0.022,0.029,0.073,0.06,0.101,0.029,0.028,0.019,0.813,0.07,0.028,0.029,0.028,0.029,0.823,0.062,0.073,0.058,0.126,0.028,0.148,0.786,0.14,0.048,0.253,0.092,0.24,0.144,0.15,0.127,0.129,0.111,0.108,0.12
0.098,0.098,0.077,0.077,0.467,0.182,0.26,0.318,0.167,0.26,0.318,0.315,0.271,0.467,0.315,0.318,0.271,0.467,0.627,0.271,0.481,0.332,0.481,0.217,0.271,0.26,0.217,0.318,0.296,0.26,0.296,0.332,0.618,0.344,0.262,0.344,0.469,0.262,0.618,0.469,0.454,0.344,0.429,0.305,0.344,0.469,0.625,0.429,0.389,0.429,0.138,0.472,0.614,0.605,0.445,0.605,0.579,0.402,0.402,0.402,0.381,0.445,0.579,0.445,0.614,0.381,0.323,0.445,0.323,0.489,0.489,0.489,0.923,0.611,0.281,0.931,0.646,0.667,0.735,0.646,0.766,0.611,0.231,0.943,0.399,0.231,0.735,0.939,0.868,0.338,0.611,0.319,0.901,0.921,0.877,0.231,0.87,0.877,0.877,0.934,0.923,0.241,0.491,0.923,0.923,0.362,0.922,0.729,0.729,0.593,0.651,0.723,0.523,0.781,0.906,0.286,0.305,0.254,0.662,0.723,0.899,0.66,0.308,0.608,0.859,0.86,0.114,0.736,0.86,0.696,0.665,0.138,0.665,0.688,0.135,0.249,0.672,0.682,0.637,0.249,0.245,0.094,0.662,0.478,0.245,0.39,0.245,0.249,0.746,0.811,0.484,0.823,0.21,0.317,0.177,0.706,0.013,0.85,0.018,0.52,0.018,0.226,0.206,0.202,0.222,0.023,0.019,0.023
0.484,0.484,0.523,0.523,0.214,0.892,0.539,0.331,0.958,0.513,0.331,0.406,0.426,0.214,0.406,0.331,0.426,0.214,0.377,0.426,0.48,0.481,0.48,0.325,0.426,0.539,0.325,0.331,0.292,0.513,0.292,0.481,0.915,0.44,0.569,0.44,0.34,0.569,0.915,0.34,0.65,0.44,0.243,0.895,0.44,0.34,0.206,0.243,0.549,0.243,0.908,0.495,0.888,0.904,0.431,0.904,0.914,0.523,0.523,0.523,0.536,0.431,0.914,0.431,0.888,0.536,0.385,0.749,0.385,0.614,0.614,0.614,0.584,0.673,0.937,0.584,0.723,0.674,0.654,0.723,0.394,0.673,0.643,0.491,0.72,0.643,0.654,0.545,0.371,0.298,0.673,0.944,0.567,0.51,0.583,0.643,0.487,0.583,0.583,0.538,0.549,0.381,0.674,0.549,0.549,0.592,0.59,0.483,0.483,0.344,0.243,0.795,0.502,0.955,0.475,0.298,0.619,0.438,0.505,0.795,0.547,0.507,0.6,0.54,0.423,0.684,0.216,0.088,0.684,0.809,0.514,0.547,0.53,0.383,0.271,0.525,0.075,0.52,0.072,0.525,0.459,0.555,0.861,0.128,0.459,0.392,0.459,0.525,0.903,0.274,0.196,0.374,0.271,0.369,0.224,0.954,0.279,0.44,0.331,0.196,0.324,0.271,0.225,0.204,0.208,0.4,0.387,0.378
0.222,0.222,0.201,0.201,0.156,0.757,0.314,0.254,0.764,0.134,0.254,0.335,0.24,0.156,0.335,0.254,0.24,0.156,0.289,0.24,0.201,0.159,0.201,0.245,0.24,0.314,0.245,0.254,0.263,0.134,0.263,0.159,0.243,0.282,0.343,0.282,0.059,0.343,0.243,0.059,0.999,0.282,0.064,0.587,0.282,0.059,0.228,0.064,0.734,0.064,0.75,0.994,0.097,0.173,0.1,0.173,0.162,0.104,0.104,0.104,0.163,0.1,0.162,0.1,0.097,0.163,0.266,0.693,0.266,0.497,0.497,0.497,0.999,0.143,0.545,0.952,0.118,0.804,0.107,0.118,0.979,0.143,0.096,0.975,0.679,0.096,0.107,0.964,0.984,0.798,0.143,0.546,0.958,0.966,0.609,0.096,0.691,0.609,0.609,0.955,0.617,0.03,0.781,0.617,0.617,0.578,0.973,0.135,0.135,0.122,0.364,0.373,0.88,0.461,0.983,0.766,0.843,0.03,0.8,0.373,0.979,0.819,0.931,0.822,0.985,0.152,0.497,0.42,0.152,0.694,0.733,0.062,0.782,0.4,0.6,0.028,0.362,0.146,0.503,0.028,0.026,0.627,0.981,0.304,0.026,0.827,0.026,0.028,0.976,0.138,0.275,0.165,0.53,0.805,0.659,0.952,0.474,0.16,0.493,0.282,0.491,0.661,0.575,0.676,0.599,0.608,0.566,0.552
0.883,0.883,0.889,0.889,0.33,0.937,0.698,0.593,0.898,0.896,0.593,0.695,0.585,0.33,0.695,0.593,0.585,0.33,0.544,0.585,0.891,0.921,0.891,0.598,0.585,0.698,0.598,0.593,0.648,0.896,0.648,0.921,0.477,0.716,0.783,0.716,0.129,0.783,0.477,0.129,0.104,0.716,0.142,0.004,0.716,0.129,0.581,0.142,0.008,0.142,0.932,0.113,0.58,0.421,0.146,0.421,0.428,0.252,0.252,0.252,0.879,0.146,0.428,0.146,0.58,0.879,0.624,0.005,0.624,0.651,0.651,0.651,0.112,0.17,0.002,0.22,0.544,0.027,0.541,0.544,0.34,0.17,0.484,0.263,0.004,0.484,0.541,0.236,0.304,0.036,0.17,0.001,0.22,0.242,0.432,0.484,0.574,0.432,0.432,0.239,0.416,0.568,0.029,0.416,0.416,0.046,0.256,0.454,0.454,0.391,0.487,0.37,0.303,0.304,0.298,0.042,0.119,0.561,0.294,0.37,0.25,0.291,0.102,0.274,0.165,0.265,0.053,0.347,0.265,0.589,0.253,0.618,0.249,0.319,0.072,0.52,0.327,0.31,0.502,0.52,0.412,0.134,0.131,0.246,0.412,0.036,0.412,0.52,0.137,0.754,0.26,0.709,0.724,0.051,0.491,0.172,0.697,0.761,0.595,0.281,0.623,0.708,0.551,0.59,0.629,0.643,0.697,0.747
0.718,0.718,0.631,0.631,0.424,0.711,0.508,0.533,0.744,0.881,0.533,0.58,0.546,0.424,0.58,0.533,0.546,0.424,0.037,0.546,0.524,0.848,0.524,0.489,0.546,0.508,0.489,0.533,0.504,0.881,0.504,0.848,0.736,0.536,0.593,0.536,0.544,0.593,0.736,0.544,0.882,0.536,0.544,0.764,0.536,0.544,0.079,0.544,0.839,0.544,0.604,0.877,0.841,0.794,0.64,0.794,0.661,0.58,0.58,0.58,0.874,0.64,0.661,0.64,0.841,0.874,0.435,0.958,0.435,0.984,0.984,0.984,0.825,0.502,0.946,0.859,0.708,0.947,0.723,0.708,0.93,0.502,0.815,0.84,0.944,0.815,0.723,0.869,0.921,0.954,0.502,0.94,0.802,0.834,0.519,0.815,0.032,0.519,0.519,0.798,0.562,0.713,0.884,0.562,0.562,0.95,0.861,0.385,0.385,0.284,0.031,0.285,0.516,0.291,0.852,0.977,0.975,0.671,0.504,0.285,0.776,0.471,0.981,0.579,0.908,0.387,0.96,0.045,0.387,0.069,0.569,0.832,0.563,0.023,0.925,0.74,0.044,0.276,0.123,0.74,0.75,0.995,0.365,0.038,0.75,0.954,0.75,0.74,0.365,0.026,0.037,0.021,0.214,0.95,0.223,0.307,0.526,0.015,0.342,0.028,0.368,0.203,0.197,0.186,0.124,0.361,0.345,0.4
0.036,0.036,0.03,0.03,0.321,0.073,0.024,0.54,0.077,0.663,0.54,0.018,0.508,0.321,0.018,0.54,0.508,0.321,0.271,0.508,0.03,0.692,0.03,0.517,0.508,0.024,0.517,0.54,0.546,0.663,0.546,0.692,0.986,0.604,0.018,0.604,0.308,0.018,0.986,0.308,0.487,0.604,0.295,0.339,0.604,0.308,0.265,0.295,0.522,0.295,0.124,0.465,0.338,0.942,0.346,0.942,0.957,0.33,0.33,0.33,0.604,0.346,0.957,0.346,0.338,0.604,0.57,0.67,0.57,0.286,0.286,0.286,0.421,0.286,0.364,0.868,0.305,0.718,0.307,0.305,0.81,0.286,0.292,0.911,0.598,0.292,0.307,0.873,0.751,0.544,0.286,0.343,0.936,0.931,0.27,0.292,0.228,0.27,0.27,0.917,0.26,0.387,0.643,0.26,0.26,0.452,0.872,0.465,0.465,0.472,0.289,0.467,0.647,0.433,0.904,0.416,0.313,0.377,0.663,0.467,0.932,0.669,0.26,0.803,0.73,0.479,0.643,0.64,0.479,0.294,0.772,0.368,0.779,0.277,0.266,0.286,0.625,0.468,0.769,0.286,0.346,0.398,0.626,0.408,0.346,0.222,0.346,0.286,0.576,0.428,0.472,0.49,0.005,0.235,0.003,0.527,0.026,0.472,0.008,0.48,0.008,0.005,0.003,0.002,0.002,0.027,0.027,0.014
0.558,0.558,0.648,0.648,0.728,0.479,0.927,0.712,0.478,0.575,0.712,0.806,0.842,0.728,0.806,0.712,0.842,0.728,0.502,0.842,0.652,0.521,0.652,0.834,0.842,0.927,0.834,0.712,0.668,0.575,0.668,0.521,0.846,0.641,0.863,0.641,0.382,0.863,0.846,0.382,0.519,0.641,0.434,0.074,0.641,0.382,0.479,0.434,0.071,0.434,0.432,0.461,0.53,0.72,0.388,0.72,0.72,0.42,0.42,0.42,0.507,0.388,0.72,0.388,0.53,0.507,0.64,0.066,0.64,0.562,0.562,0.562,0.363,0.729,0.119,0.241,0.263,0.197,0.235,0.263,0.349,0.729,0.659,0.265,0.045,0.659,0.235,0.225,0.329,0.107,0.729,0.13,0.217,0.284,0.358,0.659,0.695,0.358,0.358,0.203,0.343,0.371,0.204,0.343,0.343,0.223,0.192,0.464,0.464,0.556,0.625,0.468,0.115,0.509,0.258,0.132,0.224,0.385,0.134,0.468,0.188,0.127,0.263,0.133,0.3,0.38,0.136,0.069,0.38,0.705,0.135,0.771,0.138,0.654,0.148,0.3,0.062,0.481,0.119,0.3,0.259,0.342,0.627,0.175,0.259,0.131,0.259,0.3,0.671,0.105,0.136,0.106,0.272,0.158,0.286,0.708,0.229,0.108,0.159,0.12,0.13,0.261,0.273,0.24,0.259,0.201,0.189,0.141
0.268,0.268,0.346,0.346,0.618,0.556,0.31,0.751,0.522,0.797,0.751,0.274,0.798,0.618,0.274,0.751,0.798,0.618,0.399,0.798,0.276,0.739,0.276,0.856,0.798,0.31,0.856,0.751,0.772,0.797,0.772,0.739,0.474,0.77,0.289,0.77,0.536,0.289,0.474,0.536,0.193,0.77,0.522,0.513,0.77,0.536,0.381,0.522,0.194,0.522,0.601,0.123,0.288,0.448,0.594,0.448,0.452,0.59,0.59,0.59,0.758,0.594,0.452,0.594,0.288,0.758,0.799,0.236,0.799,0.289,0.289,0.289,0.157,0.408,0.539,0.106,0.42,0.31,0.465,0.42,0.169,0.408,0.466,0.153,0.233,0.466,0.465,0.102,0.176,0.299,0.408,0.536,0.114,0.167,0.296,0.466,0.277,0.296,0.296,0.11,0.262,0.494,0.337,0.262,0.262,0.41,0.104,0.053,0.053,0.043,0.018,0.028,0.061,0.028,0.147,0.295,0.29,0.547,0.07,0.028,0.102,0.077,0.347,0.06,0.17,0.057,0.348,0.051,0.057,0.02,0.085,0.464,0.088,0.017,0.241,0.571,0.043,0.043,0.068,0.571,0.607,0.206,0.352,0.148,0.607,0.333,0.607,0.571,0.332,0.283,0.15,0.272,0.098,0.325,0.072,0.417,0.096,0.255,0.101,0.149,0.093,0.101,0.059,0.063,0.054,0.185,0.134,0.31
0.459,0.459,0.422,0.422,0.705,0.412,0.489,0.224,0.406,0.373,0.224,0.572,0.317,0.705,0.572,0.224,0.317,0.705,0.205,0.317,0.417,0.277,0.417,0.302,0.317,0.489,0.302,0.224,0.226,0.373,0.226,0.277,0.353,0.347,0.408,0.347,0.427,0.408,0.353,0.427,0.535,0.347,0.445,0.965,0.347,0.427,0.217,0.445,0.88,0.445,0.485,0.559,0.381,0.36,0.438,0.36,0.355,0.318,0.318,0.318,0.219,0.438,0.355,0.438,0.381,0.219,0.221,0.858,0.221,0.421,0.421,0.421,0.385,0.713,0.861,0.387,0.248,0.865,0.227,0.248,0.614,0.713,0.566,0.464,0.872,0.566,0.227,0.414,0.557,0.878,0.713,0.929,0.394,0.537,0.126,0.566,0.321,0.126,0.126,0.412,0.154,0.351,0.833,0.154,0.154,0.785,0.405,0.348,0.348,0.25,0.223,0.793,0.224,0.737,0.456,0.824,0.93,0.379,0.224,0.793,0.398,0.219,0.887,0.243,0.661,0.464,0.774,0.202,0.464,0.649,0.245,0.473,0.234,0.255,0.715,0.255,0.151,0.302,0.114,0.255,0.372,0.835,0.871,0.086,0.372,0.75,0.372,0.255,0.857,0.05,0.105,0.061,0.354,0.703,0.338,0.845,0.313,0.064,0.462,0.106,0.494,0.339,0.362,0.275,0.3,0.338,0.331,0.368
0.254,0.254,0.291,0.291,0.668,0.035,0.258,0.199,0.035,0.07,0.199,0.257,0.205,0.668,0.257,0.199,0.205,0.668,0.823,0.205,0.241,0.092,0.241,0.197,0.205,0.258,0.197,0.199,0.169,0.07,0.169,0.092,0.173,0.135,0.198,0.135,0.683,0.198,0.173,0.683,0.023,0.135,0.431,0.046,0.135,0.683,0.804,0.431,0.031,0.431,0.03,0.019,0.705,0.34,0.614,0.34,0.407,0.416,0.416,0.416,0.071,0.614,0.407,0.614,0.705,0.071,0.113,0.028,0.113,0.383,0.383,0.383,0.02,0.677,0.08,0.016,0.349,0.045,0.468,0.349,0.018,0.677,0.741,0.017,0.025,0.741,0.468,0.018,0.016,0.051,0.677,0.09,0.014,0.017,0.283,0.741,0.82,0.283,0.283,0.016,0.229,0.401,0.045,0.229,0.229,0.05,0.019,0.641,0.641,0.712,0.977,0.589,0.123,0.614,0.022,0.049,0.117,0.368,0.128,0.589,0.018,0.122,0.1,0.162,0.02,0.844,0.049,0.581,0.844,0.911,0.16,0.758,0.167,0.956,0.071,0.462,0.688,0.855,0.602,0.462,0.478,0.135,0.935,0.447,0.478,0.076,0.478,0.462,0.934,0.672,0.494,0.726,0.298,0.071,0.303,0.932,0.327,0.673,0.457,0.469,0.467,0.264,0.265,0.312,0.331,0.408,0.427,0.453
0.934,0.934,0.95,0.95,0.323,0.758,0.801,0.821,0.756,0.969,0.821,0.828,0.792,0.323,0.828,0.821,0.792,0.323,0.27,0.792,0.904,0.967,0.904,0.736,0.792,0.801,0.736,0.821,0.793,0.969,0.793,0.967,0.906,0.834,0.824,0.834,0.538,0.824,0.906,0.538,0.696,0.834,0.488,0.238,0.834,0.538,0.235,0.488,0.12,0.488,0.822,0.729,0.298,0.96,0.529,0.96,0.964,0.467,0.467,0.467,0.958,0.529,0.964,0.529,0.298,0.958,0.807,0.265,0.807,0.208,0.208,0.208,0.79,0.491,0.233,0.325,0.393,0.284,0.411,0.393,0.323,0.491,0.374,0.229,0.161,0.374,0.411,0.359,0.352,0.253,0.491,0.257,0.338,0.205,0.276,0.374,0.201,0.276,0.276,0.36,0.324,0.385,0.212,0.324,0.324,0.294,0.316,0.319,0.319,0.36,0.265,0.553,0.172,0.529,0.216,0.193,0.269,0.332,0.145,0.553,0.328,0.151,0.264,0.158,0.296,0.366,0.327,0.059,0.366,0.61,0.186,0.345,0.18,0.625,0.255,0.499,0.053,0.411,0.056,0.499,0.514,0.166,0.727,0.027,0.514,0.174,0.514,0.499,0.704,0.079,0.026,0.067,0.115,0.096,0.158,0.683,0.157,0.069,0.117,0.022,0.111,0.115,0.125,0.128,0.123,0.243,0.254,0.262
0.427,0.427,0.381,0.381,0.349,0.768,0.296,0.321,0.746,0.926,0.321,0.356,0.158,0.349,0.356,0.321,0.158,0.349,0.434,0.158,0.422,0.946,0.422,0.149,0.158,0.296,0.149,0.321,0.2,0.926,0.2,0.946,0.868,0.343,0.417,0.343,0.209,0.417,0.868,0.209,0.919,0.343,0.195,0.897,0.343,0.209,0.568,0.195,0.73,0.195,0.758,0.908,0.394,0.895,0.383,0.895,0.893,0.337,0.337,0.337,0.937,0.383,0.893,0.383,0.394,0.937,0.303,0.739,0.303,0.317,0.317,0.317,0.933,0.263,0.905,0.827,0.868,0.657,0.872,0.868,0.948,0.263,0.256,0.855,0.714,0.256,0.872,0.859,0.941,0.73,0.263,0.916,0.824,0.889,0.703,0.256,0.621,0.703,0.703,0.851,0.702,0.459,0.602,0.702,0.702,0.46,0.834,0.434,0.434,0.503,0.728,0.359,0.907,0.399,0.887,0.702,0.826,0.46,0.82,0.359,0.824,0.901,0.839,0.901,0.933,0.295,0.64,0.393,0.295,0.717,0.858,0.237,0.87,0.752,0.746,0.409,0.406,0.388,0.106,0.409,0.388,0.836,0.241,0.123,0.388,0.809,0.388,0.409,0.247,0.119,0.151,0.124,0.243,0.798,0.637,0.276,0.439,0.132,0.348,0.145,0.352,0.345,0.644,0.713,0.659,0.819,0.82,0.522
0.971,0.971,0.952,0.952,0.277,0.995,0.967,0.903,0.997,0.711,0.903,0.956,0.914,0.277,0.956,0.903,0.914,0.277,0.561,0.914,0.984,0.757,0.984,0.841,0.914,0.967,0.841,0.903,0.853,0.711,0.853,0.757,0.646,0.875,0.906,0.875,0.423,0.906,0.646,0.423,0.989,0.875,0.432,0.9,0.875,0.423,0.488,0.432,0.581,0.432,1.0,0.975,0.513,0.676,0.487,0.676,0.75,0.5,0.5,0.5,0.75,0.487,0.75,0.487,0.513,0.75,0.849,0.484,0.849,0.632,0.632,0.632,0.976,0.404,0.864,0.991,0.442,0.67,0.533,0.442,0.986,0.404,0.238,0.991,0.547,0.238,0.533,0.99,0.986,0.745,0.404,0.888,0.991,0.993,0.893,0.238,0.895,0.893,0.893,0.99,0.893,0.523,0.771,0.893,0.893,0.76,0.993,0.215,0.215,0.291,0.456,0.126,0.931,0.239,0.996,0.792,0.833,0.446,0.928,0.126,0.99,0.917,0.886,0.918,0.994,0.361,0.696,0.889,0.361,0.162,0.874,0.385,0.877,0.445,0.683,0.251,0.902,0.346,0.886,0.251,0.263,0.939,0.488,0.737,0.263,0.866,0.263,0.251,0.469,0.627,0.759,0.625,0.909,0.892,0.932,0.593,0.859,0.65,0.936,0.728,0.93,0.925,0.915,0.944,0.919,0.565,0.514,0.641
0.853,0.853,0.867,0.867,0.607,0.951,0.936,0.888,0.926,0.922,0.888,0.924,0.918,0.607,0.924,0.888,0.918,0.607,0.785,0.918,0.847,0.875,0.847,0.925,0.918,0.936,0.925,0.888,0.901,0.922,0.901,0.875,0.823,0.926,0.96,0.926,0.109,0.96,0.823,0.109,0.839,0.926,0.096,0.99,0.926,0.109,0.759,0.096,0.996,0.096,0.872,0.727,0.314,0.729,0.561,0.729,0.712,0.586,0.586,0.586,0.948,0.561,0.712,0.561,0.314,0.948,0.921,0.953,0.921,0.184,0.184,0.184,0.616,0.105,0.989,0.65,0.43,0.955,0.433,0.43,0.724,0.105,0.409,0.589,0.956,0.409,0.433,0.609,0.661,0.979,0.105,0.99,0.591,0.647,0.257,0.409,0.699,0.257,0.257,0.609,0.341,0.436,0.963,0.341,0.341,0.995,0.609,0.105,0.105,0.126,0.787,0.746,0.791,0.876,0.64,0.987,0.977,0.44,0.732,0.746,0.539,0.735,0.988,0.879,0.752,0.144,0.995,0.501,0.144,0.838,0.843,0.3,0.861,0.68,0.998,0.481,0.467,0.189,0.606,0.481,0.465,0.971,0.94,0.474,0.465,0.986,0.465,0.481,0.942,0.429,0.457,0.471,0.794,0.99,0.768,0.904,0.914,0.473,0.965,0.474,0.95,0.791,0.795,0.777,0.782,0.957,0.946,0.965
0.969,0.969,0.946,0.946,0.14,0.617,0.835,0.702,0.604,0.941,0.702,0.866,0.626,0.14,0.866,0.702,0.626,0.14,0.208,0.626,0.879,0.926,0.879,0.855,0.626,0.835,0.855,0.702,0.902,0.941,0.902,0.926,0.999,0.639,0.837,0.639,0.248,0.837,0.999,0.248,0.577,0.639,0.159,0.523,0.639,0.248,0.182,0.159,0.411,0.159,0.469,0.587,0.1,0.998,0.116,0.998,0.999,0.061,0.061,0.061,0.915,0.116,0.999,0.116,0.1,0.915,0.885,0.63,0.885,0.081,0.081,0.081,0.57,0.102,0.782,0.421,0.067,0.722,0.07,0.067,0.593,0.102,0.17,0.584,0.657,0.17,0.07,0.44,0.616,0.733,0.102,0.767,0.425,0.552,0.078,0.17,0.189,0.078,0.078,0.455,0.103,0.083,0.865,0.103,0.103,0.79,0.506,0.52,0.52,0.476,0.528,0.232,0.259,0.207,0.579,0.838,0.737,0.087,0.271,0.232,0.501,0.264,0.716,0.261,0.652,0.644,0.869,0.198,0.644,0.289,0.267,0.051,0.247,0.624,0.902,0.135,0.211,0.667,0.203,0.135,0.107,0.682,0.593,0.295,0.107,0.802,0.107,0.135,0.494,0.524,0.332,0.531,0.414,0.866,0.454,0.558,0.585,0.533,0.642,0.346,0.646,0.472,0.529,0.463,0.496,0.423,0.458,0.513
0.299,0.299,0.264,0.264,0.975,0.826,0.193,0.191,0.844,0.223,0.191,0.199,0.174,0.975,0.199,0.191,0.174,0.975,0.981,0.174,0.343,0.276,0.343,0.168,0.174,0.193,0.168,0.191,0.191,0.223,0.191,0.276,0.137,0.26,0.218,0.26,0.997,0.218,0.137,0.997,0.514,0.26,0.998,0.186,0.26,0.997,0.991,0.998,0.376,0.998,0.868,0.543,0.856,0.122,0.875,0.122,0.13,0.8,0.8,0.8,0.3,0.875,0.13,0.875,0.856,0.3,0.261,0.142,0.261,0.936,0.936,0.936,0.448,0.913,0.164,0.349,0.901,0.129,0.89,0.901,0.356,0.913,0.942,0.412,0.119,0.942,0.89,0.344,0.302,0.1,0.913,0.177,0.342,0.41,0.995,0.942,0.903,0.995,0.995,0.346,0.997,1.0,0.109,0.997,0.997,0.061,0.235,0.44,0.44,0.31,0.09,0.075,0.305,0.054,0.325,0.086,0.059,0.999,0.307,0.075,0.248,0.304,0.064,0.354,0.268,0.416,0.105,0.69,0.416,0.073,0.347,0.977,0.343,0.08,0.121,0.957,0.524,0.258,0.729,0.957,0.961,0.047,0.264,0.366,0.961,0.129,0.961,0.957,0.271,0.938,0.45,0.948,0.317,0.113,0.211,0.3,0.518,0.95,0.372,0.512,0.36,0.311,0.227,0.161,0.17,0.776,0.755,0.439
0.905,0.905,0.914,0.914,0.458,0.014,0.917,0.898,0.014,0.858,0.898,0.912,0.896,0.458,0.912,0.898,0.896,0.458,0.705,0.896,0.855,0.833,0.855,0.921,0.896,0.917,0.921,0.898,0.912,0.858,0.912,0.833,0.75,0.921,0.9,0.921,0.282,0.9,0.75,0.282,0.126,0.921,0.279,0.226,0.921,0.282,0.672,0.279,0.63,0.279,0.012,0.102,0.382,0.536,0.344,0.536,0.525,0.331,0.331,0.331,0.905,0.344,0.525,0.344,0.382,0.905,0.931,0.674,0.931,0.295,0.295,0.295,0.118,0.317,0.231,0.782,0.372,0.359,0.377,0.372,0.107,0.317,0.451,0.088,0.726,0.451,0.377,0.779,0.094,0.405,0.317,0.282,0.773,0.081,0.269,0.451,0.71,0.269,0.269,0.77,0.271,0.361,0.362,0.271,0.271,0.334,0.715,0.578,0.578,0.706,0.892,0.542,0.697,0.558,0.056,0.523,0.663,0.358,0.665,0.542,0.713,0.666,0.646,0.43,0.095,0.639,0.528,0.44,0.639,0.859,0.469,0.375,0.461,0.911,0.569,0.463,0.655,0.768,0.34,0.463,0.454,0.664,0.001,0.284,0.454,0.655,0.454,0.463,0.001,0.262,0.269,0.274,0.23,0.658,0.217,0.004,0.527,0.271,0.552,0.263,0.591,0.225,0.23,0.294,0.311,0.506,0.54,0.388
0.47,0.47,0.298,0.298,0.758,0.849,0.292,0.811,0.838,0.646,0.811,0.475,0.672,0.758,0.475,0.811,0.672,0.758,0.545,0.672,0.477,0.709,0.477,0.868,0.672,0.292,0.868,0.811,0.915,0.646,0.915,0.709,0.308,0.736,0.402,0.736,0.558,0.402,0.308,0.558,0.299,0.736,0.343,0.445,0.736,0.558,0.48,0.343,0.752,0.343,0.844,0.337,0.838,0.299,0.544,0.299,0.285,0.387,0.387,0.387,0.763,0.544,0.285,0.544,0.838,0.763,0.79,0.721,0.79,0.922,0.922,0.922,0.294,0.882,0.447,0.428,0.807,0.749,0.857,0.807,0.444,0.882,0.964,0.332,0.696,0.964,0.857,0.377,0.44,0.605,0.882,0.471,0.417,0.419,0.61,0.964,0.685,0.61,0.61,0.374,0.6,0.829,0.727,0.6,0.6,0.852,0.328,0.585,0.585,0.623,0.634,0.927,0.801,0.845,0.366,0.705,0.481,0.867,0.75,0.927,0.31,0.738,0.417,0.654,0.454,0.61,0.89,0.573,0.61,0.874,0.802,0.947,0.8,0.594,0.901,0.938,0.616,0.647,0.305,0.938,0.935,0.469,0.856,0.218,0.935,0.699,0.935,0.938,0.869,0.167,0.243,0.144,0.145,0.773,0.221,0.756,0.276,0.15,0.158,0.245,0.156,0.162,0.217,0.261,0.24,0.162,0.187,0.184
0.385,0.385,0.494,0.494,0.022,0.789,0.421,0.216,0.726,0.197,0.216,0.208,0.403,0.022,0.208,0.216,0.403,0.022,0.002,0.403,0.203,0.109,0.203,0.402,0.403,0.421,0.402,0.216,0.198,0.197,0.198,0.109,0.503,0.118,0.107,0.118,0.019,0.107,0.503,0.019,0.177,0.118,0.02,0.171,0.118,0.019,0.002,0.02,0.482,0.02,0.926,0.205,0.009,0.387,0.022,0.387,0.366,0.026,0.026,0.026,0.103,0.022,0.366,0.022,0.009,0.103,0.118,0.613,0.118,0.005,0.005,0.005,0.124,0.019,0.187,0.18,0.006,0.531,0.007,0.006,0.176,0.019,0.011,0.215,0.62,0.011,0.007,0.189,0.17,0.694,0.019,0.187,0.234,0.225,0.003,0.011,0.008,0.003,0.003,0.197,0.003,0.013,0.533,0.003,0.003,0.506,0.206,0.04,0.04,0.041,0.279,0.098,0.439,0.108,0.184,0.684,0.687,0.012,0.416,0.098,0.271,0.393,0.71,0.435,0.117,0.042,0.561,0.065,0.042,0.396,0.434,0.012,0.42,0.292,0.615,0.01,0.058,0.05,0.065,0.01,0.011,0.714,0.711,0.054,0.011,0.737,0.011,0.01,0.685,0.034,0.033,0.032,0.071,0.726,0.075,0.656,0.079,0.029,0.07,0.031,0.067,0.07,0.077,0.085,0.082,0.094,0.109,0.078
0.708,0.708,0.605,0.605,0.27,0.219,0.668,0.703,0.223,0.643,0.703,0.714,0.68,0.27,0.714,0.703,0.68,0.27,0.215,0.68,0.396,0.642,0.396,0.621,0.68,0.668,0.621,0.703,0.655,0.643,0.655,0.642,0.423,0.66,0.618,0.66,0.341,0.618,0.423,0.341,0.185,0.66,0.346,0.363,0.66,0.341,0.221,0.346,0.179,0.346,0.21,0.171,0.226,0.461,0.333,0.461,0.484,0.298,0.298,0.298,0.662,0.333,0.484,0.333,0.226,0.662,0.628,0.091,0.628,0.159,0.159,0.159,0.156,0.318,0.35,0.26,0.277,0.182,0.276,0.277,0.324,0.318,0.149,0.266,0.09,0.149,0.276,0.247,0.32,0.237,0.318,0.33,0.264,0.266,0.178,0.149,0.292,0.178,0.178,0.251,0.189,0.386,0.177,0.189,0.189,0.259,0.348,0.119,0.119,0.163,0.15,0.224,0.253,0.198,0.29,0.225,0.24,0.386,0.237,0.224,0.317,0.236,0.273,0.232,0.301,0.11,0.273,0.149,0.11,0.256,0.22,0.205,0.214,0.138,0.213,0.219,0.173,0.159,0.122,0.219,0.253,0.381,0.118,0.756,0.253,0.166,0.253,0.219,0.114,0.57,0.725,0.495,0.207,0.163,0.205,0.085,0.755,0.496,0.82,0.776,0.878,0.178,0.235,0.243,0.226,0.508,0.482,0.469
0.322,0.322,0.24,0.24,0.135,0.928,0.458,0.503,0.894,0.816,0.503,0.468,0.499,0.135,0.468,0.503,0.499,0.135,0.83,0.499,0.442,0.839,0.442,0.464,0.499,0.458,0.464,0.503,0.48,0.816,0.48,0.839,0.46,0.598,0.62,0.598,0.805,0.62,0.46,0.805,0.731,0.598,0.94,0.317,0.598,0.805,0.951,0.94,0.046,0.94,0.864,0.844,0.802,0.528,0.739,0.528,0.535,0.916,0.916,0.916,0.778,0.739,0.535,0.739,0.802,0.778,0.58,0.043,0.58,0.61,0.61,0.61,0.733,0.254,0.29,0.444,0.878,0.18,0.855,0.878,0.669,0.254,0.658,0.482,0.048,0.658,0.855,0.366,0.595,0.268,0.254,0.314,0.44,0.525,0.804,0.658,0.429,0.804,0.804,0.381,0.785,0.833,0.191,0.785,0.785,0.055,0.404,0.947,0.947,0.932,0.967,0.569,0.62,0.531,0.529,0.261,0.483,0.861,0.602,0.569,0.441,0.598,0.478,0.525,0.565,0.913,0.099,0.247,0.913,0.707,0.461,0.831,0.403,0.975,0.203,0.818,0.219,0.925,0.153,0.818,0.789,0.479,0.185,0.203,0.789,0.322,0.789,0.818,0.181,0.518,0.217,0.475,0.238,0.333,0.171,0.188,0.521,0.487,0.261,0.249,0.28,0.091,0.43,0.154,0.451,0.302,0.229,0.237
0.464,0.464,0.665,0.665,0.17,0.869,0.533,0.309,0.872,0.448,0.309,0.254,0.835,0.17,0.254,0.309,0.835,0.17,0.91,0.835,0.265,0.139,0.265,0.737,0.835,0.533,0.737,0.309,0.302,0.448,0.302,0.139,0.493,0.321,0.253,0.321,0.07,0.253,0.493,0.07,0.823,0.321,0.089,0.556,0.321,0.07,0.872,0.089,0.652,0.089,0.891,0.801,0.064,0.288,0.093,0.288,0.288,0.083,0.083,0.083,0.157,0.093,0.288,0.093,0.064,0.157,0.225,0.576,0.225,0.041,0.041,0.041,0.672,0.196,0.622,0.922,0.037,0.631,0.022,0.037,0.661,0.196,0.049,0.809,0.584,0.049,0.022,0.919,0.677,0.727,0.196,0.649,0.89,0.809,0.018,0.049,0.951,0.018,0.018,0.905,0.01,0.055,0.632,0.01,0.01,0.825,0.891,0.208,0.208,0.177,0.375,0.628,1.0,0.379,0.712,0.647,0.87,0.045,1.0,0.628,0.907,1.0,0.852,0.999,0.545,0.17,0.849,0.577,0.17,0.592,0.993,0.055,0.991,0.344,0.708,0.039,0.567,0.228,0.64,0.039,0.05,0.804,0.689,0.794,0.05,0.672,0.05,0.039,0.688,0.657,0.794,0.592,0.212,0.636,0.254,0.724,0.258,0.59,0.313,0.767,0.31,0.223,0.238,0.242,0.233,0.156,0.157,0.16
0.902,0.902,0.9,0.9,0.353,0.695,0.865,0.887,0.678,0.786,0.887,0.846,0.851,0.353,0.846,0.887,0.851,0.353,0.298,0.851,0.845,0.841,0.845,0.821,0.851,0.865,0.821,0.887,0.865,0.786,0.865,0.841,0.715,0.78,0.784,0.78,0.313,0.784,0.715,0.313,0.648,0.78,0.25,0.194,0.78,0.313,0.325,0.25,0.075,0.25,0.637,0.684,0.506,0.864,0.335,0.864,0.867,0.236,0.236,0.236,0.717,0.335,0.867,0.335,0.506,0.717,0.74,0.128,0.74,0.354,0.354,0.354,0.66,0.423,0.12,0.277,0.301,0.26,0.28,0.301,0.43,0.423,0.375,0.305,0.111,0.375,0.28,0.268,0.396,0.314,0.423,0.118,0.273,0.318,0.171,0.375,0.21,0.171,0.171,0.272,0.214,0.188,0.222,0.214,0.214,0.264,0.313,0.492,0.492,0.619,0.75,0.591,0.296,0.626,0.43,0.277,0.334,0.17,0.275,0.591,0.325,0.28,0.446,0.36,0.622,0.536,0.397,0.497,0.536,0.91,0.29,0.38,0.29,0.788,0.457,0.244,0.464,0.666,0.52,0.244,0.243,0.431,0.716,0.359,0.243,0.418,0.243,0.244,0.73,0.562,0.38,0.648,0.727,0.374,0.761,0.807,0.791,0.618,0.917,0.385,0.912,0.815,0.815,0.805,0.801,0.841,0.909,0.703
0.281,0.281,0.258,0.258,0.773,0.331,0.4,0.085,0.257,0.098,0.085,0.167,0.2,0.773,0.167,0.085,0.2,0.773,0.826,0.2,0.078,0.045,0.078,0.204,0.2,0.4,0.204,0.085,0.074,0.098,0.074,0.045,0.06,0.074,0.08,0.074,0.549,0.08,0.06,0.549,0.59,0.074,0.731,0.755,0.074,0.549,0.705,0.731,0.812,0.731,0.158,0.661,0.702,0.027,0.538,0.027,0.027,0.646,0.646,0.646,0.038,0.538,0.027,0.538,0.702,0.038,0.075,0.833,0.075,0.658,0.658,0.658,0.528,0.647,0.882,0.432,0.745,0.964,0.739,0.745,0.612,0.647,0.513,0.514,0.86,0.513,0.739,0.429,0.618,0.887,0.647,0.851,0.443,0.521,0.657,0.513,0.963,0.657,0.657,0.437,0.68,0.202,0.981,0.68,0.68,0.986,0.379,0.407,0.407,0.467,0.494,0.399,0.47,0.442,0.472,0.911,0.852,0.212,0.552,0.399,0.386,0.549,0.8,0.602,0.572,0.425,0.957,0.933,0.425,0.228,0.643,0.217,0.659,0.491,0.977,0.542,0.846,0.48,0.846,0.542,0.483,0.86,0.721,0.764,0.483,0.856,0.483,0.542,0.711,0.981,0.775,0.982,0.866,0.902,0.959,0.696,0.965,0.985,0.98,0.811,0.978,0.893,0.935,0.946,0.913,0.971,0.974,0.731
0.976,0.976,0.977,0.977,0.926,0.034,0.92,0.955,0.022,0.83,0.955,0.953,0.937,0.926,0.953,0.955,0.937,0.926,0.974,0.937,0.976,0.823,0.976,0.947,0.937,0.92,0.947,0.955,0.965,0.83,0.965,0.823,0.708,0.956,0.962,0.956,0.978,0.962,0.708,0.978,0.101,0.956,0.97,0.929,0.956,0.978,0.967,0.97,0.951,0.97,0.05,0.074,0.666,0.71,0.931,0.71,0.735,0.906,0.906,0.906,0.843,0.931,0.735,0.931,0.666,0.843,0.946,0.893,0.946,0.751,0.751,0.751,0.07,0.92,0.855,0.893,0.854,0.948,0.844,0.854,0.122,0.92,0.742,0.076,0.913,0.742,0.844,0.91,0.1,0.995,0.92,0.864,0.889,0.078,0.963,0.742,0.937,0.963,0.963,0.904,0.976,0.929,0.962,0.976,0.976,0.984,0.944,0.9,0.9,0.842,0.663,0.522,0.911,0.444,0.051,0.994,0.981,0.882,0.938,0.522,0.934,0.93,0.977,0.844,0.053,0.829,1.0,0.767,0.829,0.426,0.798,0.799,0.806,0.568,1.0,0.894,0.753,0.733,0.86,0.894,0.923,0.988,0.005,0.788,0.923,0.993,0.923,0.894,0.007,0.71,0.684,0.732,0.82,0.994,0.81,0.006,0.866,0.717,0.933,0.686,0.915,0.83,0.791,0.804,0.784,0.9,0.939,0.942
0.114,0.114,0.111,0.111,0.516,0.138,0.477,0.487,0.131,0.238,0.487,0.591,0.425,0.516,0.591,0.487,0.425,0.516,0.567,0.425,0.638,0.3,0.638,0.388,0.425,0.477,0.388,0.487,0.417,0.238,0.417,0.3,0.573,0.575,0.551,0.575,0.258,0.551,0.573,0.258,0.377,0.575,0.281,0.632,0.575,0.258,0.549,0.281,0.44,0.281,0.14,0.447,0.31,0.705,0.124,0.705,0.714,0.124,0.124,0.124,0.291,0.124,0.714,0.124,0.31,0.291,0.55,0.539,0.55,0.733,0.733,0.733,0.533,0.488,0.682,0.347,0.174,0.763,0.173,0.174,0.416,0.488,0.56,0.377,0.627,0.56,0.173,0.346,0.463,0.92,0.488,0.685,0.33,0.346,0.541,0.56,0.439,0.541,0.541,0.327,0.573,0.226,0.832,0.573,0.573,0.925,0.345,0.102,0.102,0.112,0.099,0.101,0.201,0.086,0.345,0.922,0.999,0.233,0.19,0.101,0.327,0.197,0.999,0.197,0.395,0.102,0.958,0.89,0.102,0.091,0.196,0.433,0.197,0.103,0.946,0.2,0.932,0.113,0.946,0.2,0.191,0.968,0.358,0.974,0.191,0.916,0.191,0.2,0.353,0.833,0.969,0.913,0.861,0.919,0.885,0.322,0.043,0.889,0.042,0.959,0.037,0.837,0.847,0.87,0.827,0.045,0.06,0.114
0.981,0.981,0.989,0.989,0.802,0.385,0.89,0.896,0.431,0.686,0.896,0.907,0.856,0.802,0.907,0.896,0.856,0.802,0.767,0.856,0.975,0.705,0.975,0.828,0.856,0.89,0.828,0.896,0.851,0.686,0.851,0.705,0.555,0.779,0.881,0.779,0.711,0.881,0.555,0.711,0.953,0.779,0.593,0.987,0.779,0.711,0.756,0.593,0.738,0.593,0.634,0.939,0.487,0.593,0.585,0.593,0.608,0.509,0.509,0.509,0.791,0.585,0.608,0.585,0.487,0.791,0.747,0.7,0.747,0.573,0.573,0.573,0.791,0.799,0.983,0.926,0.376,0.417,0.49,0.376,0.944,0.799,0.664,0.95,0.715,0.664,0.49,0.896,0.95,0.671,0.799,0.988,0.911,0.971,0.614,0.664,0.826,0.614,0.614,0.881,0.594,0.722,0.493,0.594,0.594,0.513,0.902,0.309,0.309,0.393,0.347,0.607,0.538,0.497,0.926,0.62,0.704,0.577,0.538,0.607,0.877,0.537,0.648,0.671,0.945,0.377,0.756,0.066,0.377,0.432,0.69,0.645,0.661,0.387,0.535,0.506,0.245,0.363,0.02,0.506,0.621,0.761,0.676,0.022,0.621,0.436,0.621,0.506,0.707,0.035,0.038,0.056,0.03,0.38,0.106,0.516,0.057,0.059,0.104,0.039,0.097,0.028,0.082,0.135,0.117,0.181,0.178,0.081
0.56,0.56,0.577,0.577,0.155,0.701,0.394,0.775,0.713,0.758,0.775,0.369,0.8,0.155,0.369,0.775,0.8,0.155,0.149,0.8,0.408,0.694,0.408,0.716,0.8,0.394,0.716,0.775,0.734,0.758,0.734,0.694,0.439,0.696,0.39,0.696,0.295,0.39,0.439,0.295,0.395,0.696,0.292,0.718,0.696,0.295,0.164,0.292,0.083,0.292,0.739,0.411,0.736,0.351,0.137,0.351,0.408,0.168,0.168,0.168,0.573,0.137,0.408,0.137,0.736,0.573,0.655,0.111,0.655,0.833,0.833,0.833,0.459,0.144,0.725,0.268,0.93,0.049,0.944,0.93,0.384,0.144,0.807,0.463,0.091,0.807,0.944,0.271,0.378,0.077,0.144,0.73,0.246,0.461,0.819,0.807,0.042,0.819,0.819,0.25,0.864,0.919,0.052,0.864,0.864,0.032,0.207,0.374,0.374,0.32,0.566,0.19,0.2,0.138,0.309,0.072,0.279,0.892,0.179,0.19,0.187,0.184,0.379,0.238,0.34,0.305,0.048,0.442,0.305,0.326,0.215,0.713,0.209,0.495,0.077,0.718,0.552,0.333,0.441,0.718,0.654,0.25,0.637,0.506,0.654,0.109,0.654,0.718,0.638,0.218,0.515,0.15,0.211,0.106,0.243,0.627,0.573,0.249,0.503,0.504,0.49,0.234,0.261,0.184,0.202,0.441,0.316,0.212
0.968,0.968,0.978,0.978,0.566,0.017,0.978,0.914,0.019,0.939,0.914,0.951,0.949,0.566,0.951,0.914,0.949,0.566,0.31,0.949,0.907,0.866,0.907,0.922,0.949,0.978,0.922,0.914,0.878,0.939,0.878,0.866,0.718,0.853,0.909,0.853,0.167,0.909,0.718,0.167,0.214,0.853,0.143,0.946,0.853,0.167,0.232,0.143,0.99,0.143,0.017,0.239,0.903,0.755,0.283,0.755,0.769,0.243,0.243,0.243,0.767,0.283,0.769,0.283,0.903,0.767,0.812,0.98,0.812,0.649,0.649,0.649,0.159,0.594,0.979,0.075,0.71,0.192,0.608,0.71,0.114,0.594,0.416,0.064,0.976,0.416,0.608,0.063,0.123,0.276,0.594,0.979,0.065,0.071,0.569,0.416,0.594,0.569,0.569,0.059,0.446,0.285,0.193,0.446,0.446,0.218,0.085,0.329,0.329,0.399,0.799,0.648,0.938,0.652,0.09,0.273,0.675,0.371,0.921,0.648,0.074,0.92,0.679,0.957,0.058,0.382,0.306,0.068,0.382,0.853,0.931,0.522,0.929,0.889,0.278,0.359,0.08,0.463,0.09,0.359,0.288,0.589,0.737,0.562,0.288,0.267,0.288,0.359,0.739,0.37,0.62,0.299,0.176,0.259,0.176,0.729,0.21,0.297,0.265,0.563,0.303,0.174,0.187,0.252,0.251,0.276,0.251,0.225
0.984,0.984,0.984,0.984,0.652,0.736,0.905,0.945,0.706,0.805,0.945,0.962,0.893,0.652,0.962,0.945,0.893,0.652,0.246,0.893,0.977,0.818,0.977,0.935,0.893,0.905,0.935,0.945,0.968,0.805,0.968,0.818,0.557,0.948,0.981,0.948,0.312,0.981,0.557,0.312,0.469,0.948,0.518,0.059,0.948,0.312,0.263,0.518,0.259,0.518,0.819,0.413,0.371,0.507,0.508,0.507,0.46,0.723,0.723,0.723,0.826,0.508,0.46,0.508,0.371,0.826,0.948,0.206,0.948,0.266,0.266,0.266,0.368,0.455,0.061,0.425,0.403,0.337,0.442,0.403,0.276,0.455,0.51,0.38,0.215,0.51,0.442,0.43,0.296,0.407,0.455,0.058,0.412,0.393,0.307,0.51,0.134,0.307,0.307,0.422,0.297,0.382,0.341,0.297,0.297,0.213,0.408,0.719,0.719,0.772,0.913,0.575,0.86,0.59,0.419,0.376,0.163,0.347,0.888,0.575,0.448,0.881,0.163,0.907,0.33,0.777,0.288,0.276,0.777,0.781,0.906,0.304,0.901,0.942,0.328,0.396,0.342,0.816,0.346,0.396,0.391,0.236,0.205,0.492,0.391,0.473,0.391,0.396,0.197,0.58,0.532,0.59,0.539,0.428,0.579,0.225,0.418,0.593,0.486,0.548,0.422,0.549,0.542,0.541,0.538,0.454,0.585,0.562
0.381,0.381,0.332,0.332,0.915,0.233,0.267,0.226,0.305,0.247,0.226,0.312,0.194,0.915,0.312,0.226,0.194,0.915,0.291,0.194,0.136,0.304,0.136,0.246,0.194,0.267,0.246,0.226,0.282,0.247,0.282,0.304,0.04,0.105,0.129,0.105,0.93,0.129,0.04,0.93,0.326,0.105,0.915,0.459,0.105,0.93,0.304,0.915,0.912,0.915,0.277,0.33,0.804,0.156,0.925,0.156,0.168,0.912,0.912,0.912,0.092,0.925,0.168,0.925,0.804,0.092,0.115,0.631,0.115,0.857,0.857,0.857,0.259,0.933,0.413,0.759,0.883,0.711,0.877,0.883,0.672,0.933,0.884,0.851,0.858,0.884,0.877,0.767,0.707,0.807,0.933,0.435,0.766,0.837,0.833,0.884,0.394,0.833,0.833,0.766,0.834,0.883,0.788,0.834,0.834,0.811,0.731,0.756,0.756,0.604,0.668,0.367,0.873,0.344,0.771,0.872,0.539,0.888,0.906,0.367,0.678,0.919,0.467,0.944,0.631,0.704,0.899,0.336,0.704,0.363,0.978,0.829,0.983,0.55,0.938,0.931,0.289,0.563,0.449,0.931,0.932,0.784,0.314,0.259,0.932,0.834,0.932,0.931,0.316,0.143,0.191,0.123,0.591,0.917,0.433,0.347,0.236,0.126,0.387,0.199,0.391,0.491,0.546,0.421,0.519,0.252,0.217,0.232
0.991,0.991,0.985,0.985,0.153,0.55,0.95,0.961,0.554,0.835,0.961,0.959,0.955,0.153,0.959,0.961,0.955,0.153,0.044,0.955,0.989,0.849,0.989,0.95,0.955,0.95,0.95,0.961,0.962,0.835,0.962,0.849,0.904,0.977,0.963,0.977,0.087,0.963,0.904,0.087,0.085,0.977,0.091,0.707,0.977,0.087,0.029,0.091,0.264,0.091,0.52,0.087,0.072,0.837,0.132,0.837,0.846,0.126,0.126,0.126,0.923,0.132,0.846,0.132,0.072,0.923,0.959,0.342,0.959,0.017,0.017,0.017,0.1,0.133,0.735,0.082,0.048,0.316,0.044,0.048,0.085,0.133,0.086,0.093,0.345,0.086,0.044,0.094,0.074,0.349,0.133,0.701,0.107,0.087,0.025,0.086,0.021,0.025,0.025,0.101,0.026,0.052,0.302,0.026,0.026,0.481,0.097,0.108,0.108,0.117,0.267,0.274,0.953,0.313,0.107,0.313,0.423,0.053,0.956,0.274,0.088,0.95,0.436,0.946,0.098,0.108,0.271,0.341,0.108,0.579,0.965,0.079,0.966,0.302,0.334,0.074,0.356,0.12,0.494,0.074,0.069,0.465,0.608,0.155,0.069,0.383,0.069,0.074,0.582,0.102,0.158,0.093,0.548,0.342,0.462,0.57,0.497,0.093,0.602,0.159,0.602,0.559,0.461,0.408,0.449,0.817,0.829,0.685
0.387,0.387,0.434,0.434,0.575,0.202,0.37,0.274,0.205,0.148,0.274,0.409,0.251,0.575,0.409,0.274,0.251,0.575,0.855,0.251,0.389,0.174,0.389,0.203,0.251,0.37,0.203,0.274,0.252,0.148,0.252,0.174,0.433,0.271,0.331,0.271,0.591,0.331,0.433,0.591,0.557,0.271,0.592,0.149,0.271,0.591,0.883,0.592,0.374,0.592,0.291,0.557,0.755,0.725,0.299,0.725,0.734,0.248,0.248,0.248,0.141,0.299,0.734,0.299,0.755,0.141,0.237,0.42,0.237,0.45,0.45,0.45,0.759,0.768,0.144,0.348,0.44,0.377,0.415,0.44,0.419,0.768,0.775,0.403,0.406,0.775,0.415,0.361,0.328,0.428,0.768,0.138,0.317,0.405,0.435,0.775,0.725,0.435,0.435,0.35,0.4,0.477,0.297,0.4,0.4,0.292,0.352,0.655,0.655,0.763,0.855,0.895,0.979,0.915,0.407,0.371,0.519,0.486,0.974,0.895,0.341,0.977,0.547,0.334,0.413,0.703,0.366,0.821,0.703,0.929,0.236,0.821,0.272,0.822,0.358,0.621,0.908,0.791,0.85,0.621,0.579,0.582,0.252,0.928,0.579,0.341,0.579,0.621,0.254,0.9,0.94,0.893,0.917,0.285,0.944,0.254,0.992,0.894,0.993,0.937,0.99,0.911,0.898,0.976,0.951,0.99,0.998,0.995
0.018,0.018,0.018,0.018,0.146,0.103,0.014,0.149,0.101,0.081,0.149,0.012,0.135,0.146,0.012,0.149,0.135,0.146,0.731,0.135,0.008,0.082,0.008,0.13,0.135,0.014,0.13,0.149,0.142,0.081,0.142,0.082,0.036,0.097,0.008,0.097,0.164,0.008,0.036,0.164,0.272,0.097,0.294,0.168,0.097,0.164,0.698,0.294,0.589,0.294,0.103,0.212,0.342,0.066,0.151,0.066,0.066,0.327,0.327,0.327,0.077,0.151,0.066,0.151,0.342,0.077,0.108,0.567,0.108,0.506,0.506,0.506,0.219,0.218,0.202,0.262,0.198,0.769,0.366,0.198,0.244,0.218,0.465,0.245,0.569,0.465,0.366,0.278,0.271,0.616,0.218,0.17,0.237,0.235,0.62,0.465,0.39,0.62,0.62,0.274,0.789,0.282,0.715,0.789,0.789,0.771,0.246,0.221,0.221,0.238,0.21,0.426,0.27,0.491,0.245,0.678,0.912,0.173,0.278,0.426,0.269,0.252,0.912,0.313,0.263,0.167,0.631,0.784,0.167,0.235,0.328,0.391,0.306,0.192,0.639,0.233,0.727,0.28,0.7,0.233,0.368,0.954,0.479,0.49,0.368,0.844,0.368,0.233,0.477,0.288,0.49,0.241,0.035,0.875,0.034,0.655,0.203,0.25,0.032,0.496,0.041,0.032,0.03,0.033,0.037,0.11,0.092,0.115
0.15,0.15,0.172,0.172,0.541,0.72,0.241,0.139,0.742,0.182,0.139,0.154,0.235,0.541,0.154,0.139,0.235,0.541,0.372,0.235,0.132,0.086,0.132,0.189,0.235,0.241,0.189,0.139,0.099,0.182,0.099,0.086,0.063,0.109,0.162,0.109,0.437,0.162,0.063,0.437,0.72,0.109,0.387,0.894,0.109,0.437,0.339,0.387,0.65,0.387,0.702,0.721,0.479,0.04,0.363,0.04,0.039,0.392,0.392,0.392,0.074,0.363,0.039,0.363,0.479,0.074,0.093,0.542,0.093,0.391,0.391,0.391,0.662,0.664,0.753,0.486,0.474,0.644,0.289,0.474,0.528,0.664,0.421,0.609,0.616,0.421,0.289,0.539,0.474,0.739,0.664,0.724,0.492,0.558,0.336,0.421,0.502,0.336,0.336,0.533,0.236,0.707,0.63,0.236,0.236,0.59,0.578,0.324,0.324,0.29,0.232,0.231,0.546,0.311,0.616,0.742,0.98,0.542,0.527,0.231,0.596,0.541,0.966,0.528,0.563,0.252,0.705,0.397,0.252,0.333,0.506,0.62,0.531,0.155,0.887,0.291,0.217,0.238,0.304,0.291,0.256,0.921,0.743,0.211,0.256,0.909,0.256,0.291,0.726,0.15,0.129,0.131,0.47,0.916,0.489,0.643,0.836,0.157,0.892,0.212,0.895,0.457,0.495,0.375,0.407,0.697,0.613,0.704
0.951,0.951,0.806,0.806,0.39,0.716,0.823,0.84,0.671,0.626,0.84,0.89,0.809,0.39,0.89,0.84,0.809,0.39,0.93,0.809,0.96,0.63,0.96,0.785,0.809,0.823,0.785,0.84,0.818,0.626,0.818,0.63,0.542,0.858,0.91,0.858,0.84,0.91,0.542,0.84,0.063,0.858,0.851,0.092,0.858,0.84,0.909,0.851,0.208,0.851,0.701,0.079,0.771,0.603,0.734,0.603,0.601,0.746,0.746,0.746,0.677,0.734,0.601,0.734,0.771,0.677,0.83,0.291,0.83,0.893,0.893,0.893,0.069,0.458,0.102,0.168,0.7,0.178,0.707,0.7,0.163,0.458,0.522,0.142,0.265,0.522,0.707,0.175,0.149,0.164,0.458,0.094,0.149,0.128,0.81,0.522,0.529,0.81,0.81,0.164,0.846,0.757,0.165,0.846,0.846,0.247,0.227,0.64,0.64,0.685,0.655,0.501,0.475,0.481,0.138,0.154,0.09,0.755,0.44,0.501,0.214,0.444,0.099,0.356,0.15,0.643,0.244,0.253,0.643,0.688,0.407,0.719,0.411,0.649,0.154,0.719,0.242,0.685,0.404,0.719,0.589,0.066,0.308,0.724,0.589,0.103,0.589,0.719,0.346,0.829,0.721,0.781,0.697,0.103,0.464,0.174,0.951,0.812,0.908,0.68,0.907,0.732,0.469,0.437,0.454,0.783,0.826,0.651
0.049,0.049,0.174,0.174,0.658,0.144,0.079,0.014,0.137,0.036,0.014,0.036,0.066,0.658,0.036,0.014,0.066,0.658,0.87,0.066,0.025,0.014,0.025,0.089,0.066,0.079,0.089,0.014,0.017,0.036,0.017,0.014,0.509,0.012,0.026,0.012,0.761,0.026,0.509,0.761,0.276,0.012,0.767,0.733,0.012,0.761,0.862,0.767,0.445,0.767,0.126,0.333,0.579,0.458,0.689,0.458,0.455,0.694,0.694,0.694,0.011,0.689,0.455,0.689,0.579,0.011,0.018,0.21,0.018,0.377,0.377,0.377,0.263,0.667,0.136,0.302,0.503,0.092,0.497,0.503,0.171,0.667,0.525,0.13,0.18,0.525,0.497,0.293,0.148,0.022,0.667,0.14,0.313,0.145,0.429,0.525,0.891,0.429,0.429,0.308,0.444,0.58,0.136,0.444,0.444,0.096,0.236,0.906,0.906,0.937,0.845,0.799,0.467,0.817,0.117,0.033,0.022,0.575,0.498,0.799,0.245,0.505,0.029,0.472,0.133,0.936,0.032,0.005,0.936,0.792,0.451,0.461,0.438,0.857,0.036,0.601,0.009,0.947,0.006,0.601,0.604,0.075,0.093,0.008,0.604,0.04,0.604,0.601,0.094,0.031,0.008,0.023,0.009,0.043,0.008,0.092,0.023,0.024,0.029,0.009,0.022,0.008,0.009,0.012,0.014,0.033,0.033,0.017
0.105,0.105,0.083,0.083,0.929,0.887,0.077,0.753,0.83,0.438,0.753,0.104,0.642,0.929,0.104,0.753,0.642,0.929,0.942,0.642,0.07,0.533,0.07,0.624,0.642,0.077,0.624,0.753,0.754,0.438,0.754,0.533,0.202,0.571,0.087,0.571,0.965,0.087,0.202,0.965,0.851,0.571,0.957,0.164,0.571,0.965,0.944,0.957,0.658,0.957,0.946,0.778,0.824,0.348,0.951,0.348,0.414,0.936,0.936,0.936,0.372,0.951,0.414,0.951,0.824,0.372,0.566,0.492,0.566,0.87,0.87,0.87,0.767,0.908,0.184,0.63,0.904,0.475,0.9,0.904,0.714,0.908,0.846,0.746,0.466,0.846,0.9,0.692,0.664,0.365,0.908,0.195,0.699,0.703,0.973,0.846,0.928,0.973,0.973,0.749,0.957,0.976,0.478,0.957,0.957,0.496,0.763,0.916,0.916,0.913,0.499,0.987,0.676,0.982,0.808,0.348,0.217,0.975,0.658,0.987,0.743,0.658,0.191,0.41,0.787,0.943,0.399,0.698,0.943,0.998,0.368,0.923,0.359,0.47,0.441,0.94,0.683,0.945,0.749,0.94,0.94,0.31,0.458,0.736,0.94,0.41,0.94,0.94,0.508,0.588,0.756,0.678,0.463,0.442,0.316,0.572,0.564,0.71,0.221,0.739,0.271,0.439,0.341,0.384,0.361,0.498,0.425,0.846
0.034,0.034,0.06,0.06,0.828,0.459,0.026,0.025,0.432,0.776,0.025,0.024,0.014,0.828,0.024,0.025,0.014,0.828,0.527,0.014,0.036,0.666,0.036,0.013,0.014,0.026,0.013,0.025,0.02,0.776,0.02,0.666,0.935,0.021,0.022,0.021,0.629,0.022,0.935,0.629,0.269,0.021,0.603,0.84,0.021,0.629,0.492,0.603,0.91,0.603,0.342,0.283,0.671,0.91,0.705,0.91,0.907,0.764,0.764,0.764,0.615,0.705,0.907,0.705,0.671,0.615,0.021,0.925,0.021,0.584,0.584,0.584,0.32,0.499,0.743,0.408,0.771,0.764,0.788,0.771,0.377,0.499,0.67,0.45,0.928,0.67,0.788,0.436,0.373,0.417,0.499,0.76,0.41,0.43,0.741,0.67,0.604,0.741,0.741,0.387,0.705,0.728,0.769,0.705,0.705,0.639,0.361,0.723,0.723,0.718,0.712,0.732,0.863,0.854,0.373,0.431,0.245,0.706,0.822,0.732,0.368,0.815,0.181,0.808,0.377,0.66,0.475,0.316,0.66,0.502,0.812,0.639,0.823,0.717,0.606,0.871,0.503,0.668,0.361,0.871,0.852,0.213,0.938,0.695,0.852,0.467,0.852,0.871,0.929,0.905,0.524,0.878,0.088,0.453,0.093,0.897,0.197,0.919,0.207,0.588,0.196,0.079,0.102,0.132,0.151,0.223,0.259,0.258
0.253,0.253,0.286,0.286,0.231,0.451,0.361,0.369,0.45,0.323,0.369,0.331,0.35,0.231,0.331,0.369,0.35,0.231,0.283,0.35,0.332,0.395,0.332,0.345,0.35,0.361,0.345,0.369,0.369,0.323,0.369,0.395,0.116,0.334,0.278,0.334,0.424,0.278,0.116,0.424,0.15,0.334,0.436,0.021,0.334,0.424,0.237,0.436,0.11,0.436,0.417,0.154,0.06,0.169,0.44,0.169,0.191,0.442,0.442,0.442,0.232,0.44,0.191,0.44,0.06,0.232,0.302,0.159,0.302,0.365,0.365,0.365,0.149,0.255,0.025,0.08,0.074,0.173,0.076,0.074,0.184,0.255,0.251,0.094,0.189,0.251,0.076,0.081,0.096,0.236,0.255,0.034,0.081,0.12,0.393,0.251,0.116,0.393,0.393,0.086,0.408,0.588,0.198,0.408,0.408,0.087,0.076,0.56,0.56,0.596,0.555,0.658,0.256,0.683,0.095,0.288,0.384,0.554,0.25,0.658,0.087,0.257,0.391,0.27,0.122,0.568,0.116,0.734,0.568,0.498,0.226,0.478,0.227,0.58,0.174,0.128,0.8,0.601,0.615,0.128,0.132,0.171,0.792,0.365,0.132,0.285,0.132,0.128,0.824,0.206,0.387,0.185,0.413,0.339,0.327,0.821,0.561,0.175,0.18,0.377,0.132,0.367,0.304,0.296,0.326,0.351,0.35,0.826
0.53,0.53,0.514,0.514,0.142,0.631,0.607,0.644,0.632,0.66,0.644,0.69,0.53,0.142,0.69,0.644,0.53,0.142,0.452,0.53,0.522,0.643,0.522,0.872,0.53,0.607,0.872,0.644,0.875,0.66,0.875,0.643,0.628,0.592,0.638,0.592,0.13,0.638,0.628,0.13,0.983,0.592,0.198,0.665,0.592,0.13,0.402,0.198,0.934,0.198,0.606,0.986,0.106,0.646,0.109,0.646,0.599,0.16,0.16,0.16,0.69,0.109,0.599,0.109,0.106,0.69,0.872,0.872,0.872,0.052,0.052,0.052,0.962,0.201,0.671,0.963,0.105,0.791,0.095,0.105,0.993,0.201,0.08,0.985,0.886,0.08,0.095,0.959,0.993,0.895,0.201,0.667,0.943,0.986,0.06,0.08,0.499,0.06,0.06,0.938,0.054,0.068,0.806,0.054,0.054,0.824,0.952,0.284,0.284,0.317,0.785,0.27,0.912,0.249,0.978,0.901,0.974,0.073,0.913,0.27,0.928,0.915,0.98,0.765,0.987,0.163,0.879,0.437,0.163,0.679,0.755,0.083,0.752,0.566,0.93,0.091,0.397,0.241,0.367,0.091,0.066,0.855,0.667,0.488,0.066,0.913,0.066,0.091,0.657,0.32,0.474,0.311,0.378,0.921,0.608,0.714,0.572,0.31,0.608,0.479,0.616,0.552,0.407,0.572,0.391,0.308,0.293,0.303
0.474,0.474,0.62,0.62,0.401,0.346,0.879,0.696,0.344,0.863,0.696,0.699,0.703,0.401,0.699,0.696,0.703,0.401,0.25,0.703,0.685,0.884,0.685,0.851,0.703,0.879,0.851,0.696,0.805,0.863,0.805,0.884,0.634,0.687,0.908,0.687,0.208,0.908,0.634,0.208,0.373,0.687,0.29,0.526,0.687,0.208,0.3,0.29,0.122,0.29,0.48,0.446,0.378,0.65,0.28,0.65,0.647,0.297,0.297,0.297,0.827,0.28,0.647,0.28,0.378,0.827,0.829,0.239,0.829,0.456,0.456,0.456,0.428,0.313,0.683,0.3,0.432,0.353,0.386,0.432,0.413,0.313,0.482,0.354,0.246,0.482,0.386,0.283,0.438,0.393,0.313,0.659,0.295,0.378,0.718,0.482,0.32,0.718,0.718,0.282,0.717,0.36,0.318,0.717,0.717,0.166,0.314,0.426,0.426,0.506,0.421,0.381,0.841,0.368,0.372,0.365,0.21,0.363,0.876,0.381,0.301,0.876,0.238,0.648,0.493,0.375,0.268,0.728,0.375,0.255,0.552,0.542,0.554,0.361,0.351,0.535,0.713,0.448,0.752,0.535,0.53,0.083,0.572,0.719,0.53,0.512,0.53,0.535,0.562,0.695,0.7,0.608,0.883,0.537,0.867,0.544,0.873,0.622,0.814,0.7,0.857,0.877,0.874,0.868,0.857,0.924,0.93,0.913
0.186,0.186,0.177,0.177,0.812,0.12,0.141,0.124,0.111,0.099,0.124,0.157,0.111,0.812,0.157,0.124,0.111,0.812,0.385,0.111,0.21,0.115,0.21,0.108,0.111,0.141,0.108,0.124,0.122,0.099,0.122,0.115,0.069,0.123,0.154,0.123,0.597,0.154,0.069,0.597,0.187,0.123,0.633,0.204,0.123,0.597,0.522,0.633,0.46,0.633,0.096,0.206,0.685,0.084,0.744,0.084,0.082,0.772,0.772,0.772,0.119,0.744,0.082,0.744,0.685,0.119,0.098,0.415,0.098,0.601,0.601,0.601,0.195,0.592,0.192,0.069,0.604,0.497,0.536,0.604,0.09,0.592,0.753,0.073,0.41,0.753,0.536,0.068,0.114,0.546,0.592,0.2,0.064,0.064,0.559,0.753,0.302,0.559,0.559,0.066,0.512,0.812,0.584,0.512,0.512,0.638,0.056,0.013,0.013,0.011,0.003,0.004,0.022,0.003,0.073,0.77,0.494,0.843,0.02,0.004,0.051,0.023,0.232,0.019,0.062,0.011,0.714,0.772,0.011,0.001,0.024,0.736,0.023,0.003,0.617,0.807,0.65,0.01,0.903,0.807,0.832,0.226,0.018,0.651,0.832,0.677,0.832,0.807,0.019,0.427,0.486,0.476,0.957,0.832,0.896,0.021,0.752,0.419,0.778,0.445,0.758,0.922,0.906,0.875,0.874,0.921,0.927,0.876
0.089,0.089,0.107,0.107,0.844,0.318,0.074,0.034,0.317,0.054,0.034,0.068,0.054,0.844,0.068,0.034,0.054,0.844,0.793,0.054,0.058,0.036,0.058,0.041,0.054,0.074,0.041,0.034,0.029,0.054,0.029,0.036,0.021,0.028,0.027,0.028,0.892,0.027,0.021,0.892,0.449,0.028,0.882,0.101,0.028,0.892,0.778,0.882,0.684,0.882,0.268,0.457,0.836,0.017,0.87,0.017,0.017,0.865,0.865,0.865,0.031,0.87,0.017,0.87,0.836,0.031,0.03,0.218,0.03,0.868,0.868,0.868,0.343,0.872,0.076,0.321,0.843,0.538,0.81,0.843,0.529,0.872,0.851,0.416,0.186,0.851,0.81,0.325,0.531,0.392,0.872,0.071,0.323,0.417,0.7,0.851,0.607,0.7,0.7,0.321,0.602,0.904,0.484,0.602,0.602,0.886,0.324,0.944,0.944,0.923,0.99,0.946,0.818,0.919,0.409,0.39,0.772,0.918,0.747,0.946,0.333,0.752,0.777,0.751,0.528,0.952,0.856,0.84,0.952,0.974,0.706,0.97,0.677,0.979,0.748,0.902,0.742,0.917,0.82,0.902,0.882,0.853,0.312,0.676,0.882,0.493,0.882,0.902,0.308,0.763,0.689,0.711,0.955,0.489,0.937,0.324,0.703,0.723,0.573,0.684,0.561,0.94,0.956,0.881,0.887,0.388,0.374,0.382
0.421,0.421,0.395,0.395,0.228,0.83,0.475,0.406,0.874,0.268,0.406,0.44,0.44,0.228,0.44,0.406,0.44,0.228,0.422,0.44,0.676,0.199,0.676,0.419,0.44,0.475,0.419,0.406,0.368,0.268,0.368,0.199,0.103,0.351,0.582,0.351,0.196,0.582,0.103,0.196,0.144,0.351,0.265,0.294,0.351,0.196,0.321,0.265,0.392,0.265,0.81,0.116,0.361,0.07,0.251,0.07,0.07,0.319,0.319,0.319,0.267,0.251,0.07,0.251,0.361,0.267,0.319,0.318,0.319,0.145,0.145,0.145,0.217,0.444,0.339,0.059,0.345,0.146,0.472,0.345,0.089,0.444,0.415,0.062,0.316,0.415,0.472,0.043,0.088,0.099,0.444,0.336,0.066,0.079,0.205,0.415,0.908,0.205,0.205,0.051,0.171,0.267,0.124,0.171,0.171,0.143,0.077,0.228,0.228,0.259,0.569,0.699,0.086,0.774,0.106,0.104,0.027,0.344,0.088,0.699,0.07,0.087,0.036,0.101,0.123,0.197,0.147,0.791,0.197,0.646,0.092,0.426,0.091,0.513,0.163,0.442,0.79,0.26,0.738,0.442,0.332,0.04,0.992,0.741,0.332,0.117,0.332,0.442,0.992,0.604,0.792,0.698,0.88,0.122,0.951,0.986,0.952,0.716,0.986,0.789,0.989,0.848,0.909,0.926,0.922,0.985,0.985,0.977
0.524,0.524,0.689,0.689,0.264,0.735,0.465,0.335,0.711,0.996,0.335,0.425,0.275,0.264,0.425,0.335,0.275,0.264,0.134,0.275,0.515,0.985,0.515,0.224,0.275,0.465,0.224,0.335,0.259,0.996,0.259,0.985,0.998,0.219,0.295,0.219,0.135,0.295,0.998,0.135,0.886,0.219,0.115,0.516,0.219,0.135,0.073,0.115,0.92,0.115,0.607,0.851,0.211,0.997,0.115,0.997,0.998,0.08,0.08,0.08,0.981,0.115,0.998,0.115,0.211,0.981,0.253,0.762,0.253,0.5,0.5,0.5,0.803,0.321,0.587,0.88,0.257,0.761,0.24,0.257,0.846,0.321,0.225,0.779,0.778,0.225,0.24,0.877,0.86,0.891,0.321,0.596,0.862,0.78,0.678,0.225,0.399,0.678,0.678,0.854,0.683,0.245,0.758,0.683,0.683,0.812,0.826,0.259,0.259,0.206,0.444,0.537,0.7,0.565,0.794,0.876,0.971,0.267,0.667,0.537,0.869,0.662,0.96,0.785,0.827,0.431,0.916,0.418,0.431,0.68,0.814,0.215,0.794,0.511,0.929,0.245,0.398,0.337,0.419,0.245,0.246,0.951,0.195,0.238,0.246,0.905,0.246,0.245,0.187,0.486,0.221,0.441,0.71,0.914,0.584,0.219,0.441,0.421,0.492,0.204,0.493,0.687,0.588,0.577,0.571,0.722,0.814,0.757
0.404,0.404,0.341,0.341,0.107,0.77,0.661,0.632,0.763,0.466,0.632,0.802,0.593,0.107,0.802,0.632,0.593,0.107,0.913,0.593,0.47,0.434,0.47,0.563,0.593,0.661,0.563,0.632,0.572,0.466,0.572,0.434,0.902,0.688,0.739,0.688,0.214,0.739,0.902,0.214,0.917,0.688,0.152,0.545,0.688,0.214,0.946,0.152,0.798,0.152,0.795,0.901,0.058,0.909,0.096,0.909,0.925,0.086,0.086,0.086,0.469,0.096,0.925,0.096,0.058,0.469,0.602,0.701,0.602,0.029,0.029,0.029,0.918,0.103,0.552,0.606,0.035,0.826,0.047,0.035,0.838,0.103,0.072,0.761,0.808,0.072,0.047,0.702,0.838,0.859,0.103,0.576,0.614,0.74,0.031,0.072,0.638,0.031,0.031,0.673,0.033,0.101,0.855,0.033,0.033,0.789,0.605,0.196,0.196,0.269,0.109,0.188,0.208,0.182,0.725,0.867,0.942,0.079,0.204,0.188,0.619,0.223,0.923,0.284,0.869,0.225,0.815,0.232,0.225,0.115,0.292,0.041,0.287,0.124,0.777,0.082,0.222,0.317,0.333,0.082,0.113,0.894,0.584,0.258,0.113,0.858,0.113,0.082,0.556,0.169,0.299,0.137,0.55,0.859,0.431,0.546,0.533,0.137,0.499,0.297,0.548,0.382,0.462,0.391,0.456,0.686,0.734,0.693
0.843,0.843,0.82,0.82,0.077,0.607,0.951,0.98,0.613,0.913,0.98,0.966,0.979,0.077,0.966,0.98,0.979,0.077,0.599,0.979,0.745,0.876,0.745,0.974,0.979,0.951,0.974,0.98,0.978,0.913,0.978,0.876,0.471,0.946,0.948,0.946,0.042,0.948,0.471,0.042,0.931,0.946,0.048,0.859,0.946,0.042,0.64,0.048,0.308,0.048,0.599,0.931,0.054,0.55,0.028,0.55,0.578,0.041,0.041,0.041,0.753,0.028,0.578,0.028,0.054,0.753,0.949,0.136,0.949,0.065,0.065,0.065,0.916,0.104,0.781,0.746,0.044,0.38,0.032,0.044,0.781,0.104,0.073,0.818,0.149,0.073,0.032,0.756,0.76,0.49,0.104,0.775,0.734,0.843,0.066,0.073,0.571,0.066,0.066,0.728,0.047,0.026,0.45,0.047,0.047,0.649,0.75,0.042,0.042,0.051,0.389,0.332,0.805,0.3,0.816,0.552,0.767,0.033,0.68,0.332,0.746,0.755,0.717,0.84,0.763,0.047,0.66,0.897,0.047,0.511,0.856,0.039,0.837,0.394,0.738,0.044,0.87,0.057,0.921,0.044,0.037,0.842,0.644,0.934,0.037,0.549,0.037,0.044,0.644,0.757,0.89,0.795,0.905,0.621,0.869,0.651,0.878,0.719,0.873,0.854,0.876,0.894,0.875,0.867,0.865,0.94,0.94,0.927
0.431,0.431,0.304,0.304,0.663,0.722,0.545,0.528,0.7,0.342,0.528,0.634,0.436,0.663,0.634,0.528,0.436,0.663,0.156,0.436,0.507,0.378,0.507,0.418,0.436,0.545,0.418,0.528,0.466,0.342,0.466,0.378,0.209,0.557,0.639,0.557,0.142,0.639,0.209,0.142,0.361,0.557,0.151,0.634,0.557,0.142,0.108,0.151,0.831,0.151,0.694,0.346,0.769,0.197,0.677,0.197,0.192,0.767,0.767,0.767,0.406,0.677,0.192,0.677,0.769,0.406,0.506,0.901,0.506,0.866,0.866,0.866,0.855,0.072,0.71,0.892,0.789,0.53,0.687,0.789,0.786,0.072,0.65,0.89,0.879,0.65,0.687,0.899,0.788,0.639,0.072,0.714,0.884,0.896,0.961,0.65,0.096,0.961,0.961,0.892,0.9,0.947,0.563,0.9,0.9,0.705,0.921,0.197,0.197,0.203,0.211,0.201,0.608,0.2,0.927,0.572,0.762,0.973,0.629,0.201,0.879,0.613,0.766,0.74,0.847,0.208,0.839,0.498,0.208,0.537,0.71,0.852,0.732,0.199,0.791,0.795,0.446,0.212,0.539,0.795,0.68,0.786,0.321,0.868,0.68,0.683,0.68,0.795,0.303,0.594,0.802,0.543,0.617,0.777,0.671,0.238,0.678,0.571,0.727,0.836,0.718,0.612,0.668,0.649,0.654,0.597,0.612,0.774
0.129,0.129,0.112,0.112,0.911,0.184,0.185,0.089,0.192,0.125,0.089,0.123,0.295,0.911,0.123,0.089,0.295,0.911,0.877,0.295,0.046,0.055,0.046,0.163,0.295,0.185,0.163,0.089,0.071,0.125,0.071,0.055,0.075,0.079,0.062,0.079,0.732,0.062,0.075,0.732,0.102,0.079,0.798,0.023,0.079,0.732,0.861,0.798,0.129,0.798,0.195,0.143,0.986,0.054,0.964,0.054,0.052,0.979,0.979,0.979,0.035,0.964,0.052,0.964,0.986,0.035,0.077,0.296,0.077,0.887,0.887,0.887,0.146,0.602,0.032,0.197,0.966,0.274,0.962,0.966,0.196,0.602,0.991,0.248,0.287,0.991,0.962,0.201,0.229,0.106,0.602,0.028,0.191,0.24,0.891,0.991,0.974,0.891,0.891,0.21,0.892,0.981,0.251,0.892,0.892,0.135,0.219,0.539,0.539,0.571,0.801,0.993,0.719,0.998,0.271,0.085,0.104,0.985,0.724,0.993,0.235,0.719,0.11,0.857,0.216,0.492,0.092,0.492,0.492,1.0,0.841,0.993,0.839,0.762,0.032,0.995,0.478,0.502,0.541,0.995,0.988,0.099,0.982,0.541,0.988,0.048,0.988,0.995,0.984,0.813,0.572,0.736,0.545,0.054,0.569,0.977,0.739,0.805,0.693,0.615,0.676,0.57,0.537,0.564,0.49,0.739,0.648,0.787
0.52,0.52,0.533,0.533,0.402,0.665,0.52,0.53,0.645,0.604,0.53,0.482,0.561,0.402,0.482,0.53,0.561,0.402,0.425,0.561,0.584,0.634,0.584,0.53,0.561,0.52,0.53,0.53,0.525,0.604,0.525,0.634,0.841,0.522,0.512,0.522,0.522,0.512,0.841,0.522,0.549,0.522,0.411,0.031,0.522,0.522,0.367,0.411,0.151,0.411,0.756,0.539,0.414,0.747,0.399,0.747,0.751,0.445,0.445,0.445,0.533,0.399,0.751,0.399,0.414,0.533,0.493,0.191,0.493,0.19,0.19,0.19,0.557,0.56,0.028,0.363,0.462,0.188,0.453,0.462,0.421,0.56,0.307,0.452,0.166,0.307,0.453,0.392,0.389,0.191,0.56,0.022,0.372,0.448,0.197,0.307,0.384,0.197,0.197,0.396,0.175,0.221,0.208,0.175,0.175,0.211,0.331,0.173,0.173,0.158,0.064,0.108,0.599,0.09,0.451,0.215,0.244,0.198,0.668,0.108,0.303,0.661,0.234,0.575,0.372,0.118,0.364,0.398,0.118,0.054,0.704,0.181,0.705,0.055,0.326,0.31,0.38,0.098,0.444,0.31,0.321,0.252,0.074,0.209,0.321,0.33,0.321,0.31,0.074,0.101,0.128,0.098,0.216,0.314,0.235,0.072,0.28,0.068,0.275,0.111,0.223,0.216,0.214,0.201,0.192,0.324,0.278,0.364
0.916,0.916,0.949,0.949,0.093,0.883,0.945,0.884,0.723,0.738,0.884,0.928,0.909,0.093,0.928,0.884,0.909,0.093,0.19,0.909,0.846,0.716,0.846,0.896,0.909,0.945,0.896,0.884,0.84,0.738,0.84,0.716,0.942,0.873,0.938,0.873,0.046,0.938,0.942,0.046,0.858,0.873,0.04,0.511,0.873,0.046,0.126,0.04,0.84,0.04,0.748,0.857,0.047,0.949,0.094,0.949,0.954,0.073,0.073,0.073,0.644,0.094,0.954,0.094,0.047,0.644,0.834,0.802,0.834,0.057,0.057,0.057,0.608,0.078,0.466,0.735,0.052,0.951,0.035,0.052,0.836,0.078,0.043,0.773,0.864,0.043,0.035,0.718,0.829,0.97,0.078,0.489,0.744,0.799,0.045,0.043,0.327,0.045,0.045,0.726,0.044,0.044,0.93,0.044,0.044,0.873,0.613,0.069,0.069,0.077,0.206,0.244,0.46,0.248,0.726,0.969,0.956,0.069,0.509,0.244,0.585,0.454,0.953,0.442,0.728,0.089,0.922,0.624,0.089,0.314,0.533,0.044,0.522,0.218,0.945,0.07,0.547,0.099,0.53,0.07,0.061,0.987,0.391,0.532,0.061,0.937,0.061,0.07,0.38,0.538,0.655,0.442,0.745,0.932,0.667,0.374,0.875,0.478,0.942,0.719,0.956,0.539,0.824,0.694,0.781,0.492,0.449,0.341
0.831,0.831,0.927,0.927,0.125,0.983,0.647,0.473,0.985,0.905,0.473,0.615,0.548,0.125,0.615,0.473,0.548,0.125,0.076,0.548,0.735,0.762,0.735,0.57,0.548,0.647,0.57,0.473,0.482,0.905,0.482,0.762,0.66,0.695,0.747,0.695,0.256,0.747,0.66,0.256,0.897,0.695,0.551,0.821,0.695,0.256,0.19,0.551,0.21,0.551,0.955,0.929,0.945,0.462,0.226,0.462,0.454,0.597,0.597,0.597,0.813,0.226,0.454,0.226,0.945,0.813,0.664,0.263,0.664,0.932,0.932,0.932,0.928,0.229,0.798,0.97,0.957,0.517,0.951,0.957,0.976,0.229,0.794,0.974,0.296,0.794,0.951,0.962,0.977,0.587,0.229,0.803,0.964,0.976,0.885,0.794,0.152,0.885,0.885,0.956,0.907,0.961,0.514,0.907,0.907,0.429,0.962,0.743,0.743,0.702,0.82,0.323,0.879,0.266,0.969,0.632,0.76,0.963,0.894,0.323,0.959,0.89,0.768,0.849,0.962,0.605,0.545,0.196,0.605,0.59,0.854,0.908,0.844,0.831,0.641,0.559,0.114,0.568,0.206,0.559,0.506,0.541,0.144,0.117,0.506,0.816,0.506,0.559,0.139,0.294,0.204,0.337,0.331,0.749,0.424,0.186,0.434,0.308,0.58,0.28,0.622,0.354,0.408,0.326,0.266,0.652,0.579,0.557
0.645,0.645,0.669,0.669,0.584,0.872,0.678,0.495,0.831,0.294,0.495,0.736,0.479,0.584,0.736,0.495,0.479,0.584,0.645,0.479,0.57,0.352,0.57,0.513,0.479,0.678,0.513,0.495,0.53,0.294,0.53,0.352,0.604,0.4,0.651,0.4,0.672,0.651,0.604,0.672,0.475,0.4,0.641,0.616,0.4,0.672,0.619,0.641,0.623,0.641,0.667,0.442,0.369,0.631,0.657,0.631,0.623,0.616,0.616,0.616,0.326,0.657,0.623,0.657,0.369,0.326,0.454,0.706,0.454,0.378,0.378,0.378,0.399,0.654,0.628,0.545,0.47,0.705,0.479,0.47,0.503,0.654,0.433,0.371,0.66,0.433,0.479,0.515,0.508,0.678,0.654,0.623,0.511,0.429,0.242,0.433,0.531,0.242,0.242,0.51,0.309,0.552,0.678,0.309,0.309,0.625,0.466,0.952,0.952,0.948,0.947,0.493,0.53,0.501,0.402,0.611,0.794,0.521,0.519,0.493,0.475,0.555,0.801,0.554,0.566,0.889,0.624,0.495,0.889,0.921,0.588,0.411,0.592,0.907,0.677,0.551,0.399,0.896,0.488,0.551,0.597,0.765,0.366,0.617,0.597,0.748,0.597,0.551,0.378,0.418,0.696,0.488,0.508,0.712,0.639,0.302,0.807,0.445,0.761,0.705,0.795,0.562,0.582,0.606,0.565,0.458,0.496,0.673
0.939,0.939,0.957,0.957,0.152,0.307,0.898,0.801,0.329,0.676,0.801,0.874,0.871,0.152,0.874,0.801,0.871,0.152,0.093,0.871,0.749,0.633,0.749,0.801,0.871,0.898,0.801,0.801,0.808,0.676,0.808,0.633,0.607,0.711,0.787,0.711,0.176,0.787,0.607,0.176,0.145,0.711,0.218,0.998,0.711,0.176,0.136,0.218,1.0,0.218,0.121,0.174,0.404,0.509,0.193,0.509,0.528,0.261,0.261,0.261,0.678,0.193,0.528,0.193,0.404,0.678,0.692,0.991,0.692,0.665,0.665,0.665,0.19,0.129,0.981,0.541,0.564,0.684,0.52,0.564,0.379,0.129,0.42,0.513,0.991,0.42,0.52,0.45,0.375,0.239,0.129,0.986,0.546,0.567,0.671,0.42,0.193,0.671,0.671,0.46,0.638,0.49,0.691,0.638,0.638,0.704,0.46,0.169,0.169,0.179,0.188,0.091,0.228,0.104,0.504,0.233,0.493,0.503,0.233,0.091,0.43,0.232,0.49,0.228,0.376,0.139,0.222,0.618,0.139,0.119,0.225,0.525,0.208,0.163,0.117,0.567,0.604,0.131,0.564,0.567,0.588,0.424,0.656,0.376,0.588,0.175,0.588,0.567,0.663,0.305,0.357,0.317,0.128,0.165,0.122,0.624,0.09,0.336,0.141,0.344,0.135,0.128,0.122,0.121,0.126,0.013,0.011,0.008
0.483,0.483,0.519,0.519,0.669,0.027,0.467,0.471,0.033,0.375,0.471,0.423,0.505,0.669,0.423,0.471,0.505,0.669,0.473,0.505,0.411,0.346,0.411,0.487,0.505,0.467,0.487,0.471,0.459,0.375,0.459,0.346,0.668,0.461,0.391,0.461,0.658,0.391,0.668,0.658,0.069,0.461,0.555,0.752,0.461,0.658,0.497,0.555,0.711,0.555,0.043,0.048,0.235,0.693,0.606,0.693,0.694,0.465,0.465,0.465,0.36,0.606,0.694,0.606,0.235,0.36,0.428,0.883,0.428,0.481,0.481,0.481,0.078,0.651,0.793,0.026,0.444,0.862,0.454,0.444,0.046,0.651,0.558,0.044,0.925,0.558,0.454,0.03,0.043,0.86,0.651,0.797,0.025,0.045,0.477,0.558,0.674,0.477,0.477,0.029,0.467,0.569,0.836,0.467,0.467,0.835,0.028,0.748,0.748,0.909,0.408,0.9,0.661,0.888,0.041,0.833,0.97,0.557,0.618,0.9,0.025,0.571,0.962,0.738,0.038,0.888,0.805,0.127,0.888,0.752,0.791,0.475,0.755,0.389,0.843,0.467,0.135,0.963,0.237,0.467,0.642,0.888,0.563,0.276,0.642,0.89,0.642,0.467,0.593,0.278,0.213,0.244,0.342,0.882,0.283,0.569,0.532,0.261,0.437,0.223,0.43,0.342,0.278,0.341,0.29,0.382,0.338,0.445
0.436,0.436,0.383,0.383,0.173,0.59,0.29,0.556,0.594,0.658,0.556,0.305,0.557,0.173,0.305,0.556,0.557,0.173,0.09,0.557,0.452,0.688,0.452,0.51,0.557,0.29,0.51,0.556,0.536,0.658,0.536,0.688,0.775,0.494,0.231,0.494,0.083,0.231,0.775,0.083,0.235,0.494,0.092,0.833,0.494,0.083,0.053,0.092,0.895,0.092,0.5,0.232,0.209,0.83,0.078,0.83,0.833,0.071,0.071,0.071,0.613,0.078,0.833,0.078,0.209,0.613,0.481,0.879,0.481,0.107,0.107,0.107,0.126,0.331,0.952,0.119,0.063,0.857,0.062,0.063,0.092,0.331,0.252,0.104,0.909,0.252,0.062,0.117,0.098,0.737,0.331,0.955,0.124,0.101,0.068,0.252,0.13,0.068,0.068,0.124,0.06,0.138,0.859,0.06,0.06,0.803,0.122,0.276,0.276,0.326,0.538,0.506,0.089,0.517,0.1,0.797,0.292,0.141,0.097,0.506,0.125,0.097,0.305,0.096,0.087,0.231,0.808,0.481,0.231,0.857,0.104,0.258,0.106,0.596,0.636,0.232,0.436,0.312,0.548,0.232,0.23,0.338,0.715,0.456,0.23,0.669,0.23,0.232,0.687,0.397,0.527,0.369,0.666,0.747,0.673,0.719,0.82,0.378,0.772,0.494,0.706,0.811,0.77,0.624,0.771,0.743,0.8,0.911
0.635,0.635,0.618,0.618,0.77,0.805,0.567,0.571,0.765,0.552,0.571,0.579,0.583,0.77,0.579,0.571,0.583,0.77,0.804,0.583,0.474,0.46,0.474,0.531,0.583,0.567,0.531,0.571,0.472,0.552,0.472,0.46,0.535,0.631,0.462,0.631,0.781,0.462,0.535,0.781,0.219,0.631,0.776,0.34,0.631,0.781,0.815,0.776,0.419,0.776,0.464,0.199,0.645,0.559,0.813,0.559,0.567,0.789,0.789,0.789,0.481,0.813,0.567,0.813,0.645,0.481,0.559,0.508,0.559,0.528,0.528,0.528,0.306,0.781,0.229,0.225,0.698,0.664,0.714,0.698,0.277,0.781,0.705,0.251,0.498,0.705,0.714,0.218,0.267,0.34,0.781,0.246,0.215,0.246,0.535,0.705,0.759,0.535,0.535,0.212,0.526,0.749,0.701,0.526,0.526,0.715,0.14,0.949,0.949,0.964,0.678,0.967,0.092,0.97,0.173,0.417,0.055,0.78,0.1,0.967,0.133,0.103,0.051,0.104,0.2,0.951,0.515,0.15,0.951,0.926,0.119,0.642,0.123,0.622,0.49,0.812,0.169,0.96,0.111,0.812,0.831,0.063,0.2,0.064,0.831,0.352,0.831,0.812,0.206,0.146,0.078,0.139,0.119,0.403,0.161,0.2,0.256,0.141,0.271,0.09,0.274,0.108,0.143,0.163,0.143,0.199,0.192,0.357
0.478,0.478,0.503,0.503,0.943,0.405,0.704,0.467,0.402,0.52,0.467,0.673,0.457,0.943,0.673,0.467,0.457,0.943,0.333,0.457,0.288,0.458,0.288,0.417,0.457,0.704,0.417,0.467,0.439,0.52,0.439,0.458,0.941,0.464,0.49,0.464,0.893,0.49,0.941,0.893,0.902,0.464,0.879,0.679,0.464,0.893,0.332,0.879,0.683,0.879,0.397,0.895,0.969,0.94,0.995,0.94,0.942,0.991,0.991,0.991,0.396,0.995,0.942,0.995,0.969,0.396,0.398,0.563,0.398,0.948,0.948,0.948,0.882,0.828,0.728,0.567,0.861,0.795,0.873,0.861,0.805,0.828,0.924,0.642,0.687,0.924,0.873,0.566,0.808,0.951,0.828,0.755,0.645,0.648,0.688,0.924,0.278,0.688,0.688,0.639,0.72,0.942,0.828,0.72,0.72,0.8,0.64,0.957,0.957,0.97,0.937,0.81,0.782,0.884,0.695,0.975,0.836,0.954,0.794,0.81,0.704,0.789,0.643,0.726,0.82,0.964,0.946,0.335,0.964,0.699,0.751,0.934,0.746,0.969,0.795,0.947,0.375,0.976,0.536,0.947,0.926,0.691,0.659,0.73,0.926,0.727,0.926,0.947,0.65,0.609,0.561,0.578,0.525,0.883,0.502,0.65,0.597,0.578,0.623,0.602,0.665,0.564,0.37,0.546,0.396,0.406,0.433,0.526
0.383,0.383,0.343,0.343,0.16,0.731,0.481,0.61,0.679,0.73,0.61,0.541,0.526,0.16,0.541,0.61,0.526,0.16,0.448,0.526,0.702,0.79,0.702,0.534,0.526,0.481,0.534,0.61,0.617,0.73,0.617,0.79,0.401,0.751,0.731,0.751,0.175,0.731,0.401,0.175,0.898,0.751,0.205,0.955,0.751,0.175,0.848,0.205,0.922,0.205,0.733,0.922,0.415,0.414,0.181,0.414,0.41,0.239,0.239,0.239,0.797,0.181,0.41,0.181,0.415,0.797,0.683,0.916,0.683,0.406,0.406,0.406,0.973,0.219,0.974,0.796,0.33,0.992,0.336,0.33,0.837,0.219,0.27,0.92,0.916,0.27,0.336,0.848,0.935,0.998,0.219,0.97,0.796,0.826,0.459,0.27,0.556,0.459,0.459,0.836,0.414,0.219,0.993,0.414,0.414,0.994,0.853,0.456,0.456,0.508,0.406,0.356,0.496,0.412,0.893,0.997,0.982,0.221,0.598,0.356,0.834,0.632,0.985,0.665,0.931,0.149,0.996,0.234,0.149,0.438,0.662,0.381,0.686,0.211,0.994,0.231,0.2,0.218,0.296,0.231,0.211,0.975,0.698,0.446,0.211,0.999,0.211,0.231,0.664,0.211,0.437,0.175,0.594,0.999,0.319,0.649,0.449,0.179,0.378,0.607,0.397,0.426,0.482,0.302,0.463,0.57,0.525,0.616
0.48,0.48,0.525,0.525,0.642,0.071,0.542,0.609,0.072,0.384,0.609,0.518,0.666,0.642,0.518,0.609,0.666,0.642,0.708,0.666,0.659,0.385,0.659,0.595,0.666,0.542,0.595,0.609,0.535,0.384,0.535,0.385,0.495,0.654,0.508,0.654,0.346,0.508,0.495,0.346,0.394,0.654,0.375,0.913,0.654,0.346,0.727,0.375,0.585,0.375,0.082,0.43,0.738,0.594,0.235,0.594,0.58,0.224,0.224,0.224,0.376,0.235,0.58,0.235,0.738,0.376,0.606,0.69,0.606,0.62,0.62,0.62,0.268,0.705,0.97,0.773,0.481,0.446,0.452,0.481,0.873,0.705,0.797,0.854,0.667,0.797,0.452,0.814,0.869,0.557,0.705,0.966,0.782,0.858,0.726,0.797,0.276,0.726,0.726,0.822,0.733,0.394,0.311,0.733,0.733,0.556,0.846,0.586,0.586,0.631,0.86,0.954,0.923,0.966,0.895,0.617,0.881,0.405,0.853,0.954,0.856,0.837,0.906,0.945,0.941,0.617,0.683,0.525,0.617,0.69,0.914,0.748,0.904,0.849,0.719,0.452,0.482,0.646,0.518,0.452,0.411,0.875,0.655,0.785,0.411,0.798,0.411,0.452,0.606,0.487,0.753,0.544,0.522,0.769,0.599,0.49,0.57,0.557,0.677,0.747,0.689,0.571,0.565,0.602,0.588,0.583,0.587,0.354
0.713,0.713,0.719,0.719,0.423,1.0,0.768,0.55,0.999,0.28,0.55,0.738,0.533,0.423,0.738,0.55,0.533,0.423,0.471,0.533,0.556,0.353,0.556,0.286,0.533,0.768,0.286,0.55,0.41,0.28,0.41,0.353,0.178,0.552,0.69,0.552,0.521,0.69,0.178,0.521,0.444,0.552,0.579,0.911,0.552,0.521,0.509,0.579,0.979,0.579,0.996,0.384,0.688,0.109,0.562,0.109,0.103,0.672,0.672,0.672,0.462,0.562,0.103,0.562,0.688,0.462,0.474,0.946,0.474,0.52,0.52,0.52,0.492,0.674,0.842,0.229,0.498,0.775,0.48,0.498,0.322,0.674,0.881,0.272,0.953,0.881,0.48,0.245,0.268,0.751,0.674,0.863,0.232,0.255,0.537,0.881,0.475,0.537,0.537,0.249,0.433,0.545,0.79,0.433,0.433,0.758,0.261,0.758,0.758,0.848,0.36,0.769,0.131,0.823,0.289,0.795,0.829,0.508,0.121,0.769,0.249,0.119,0.819,0.121,0.387,0.874,0.833,0.274,0.874,0.827,0.114,0.681,0.115,0.537,0.816,0.72,0.316,0.893,0.204,0.72,0.669,0.885,0.502,0.196,0.669,0.747,0.669,0.72,0.449,0.128,0.237,0.14,0.469,0.775,0.435,0.506,0.409,0.138,0.615,0.218,0.611,0.443,0.484,0.548,0.598,0.753,0.773,0.579
0.762,0.762,0.773,0.773,0.641,0.313,0.723,0.826,0.323,0.853,0.826,0.771,0.748,0.641,0.771,0.826,0.748,0.641,0.787,0.748,0.921,0.883,0.921,0.723,0.748,0.723,0.723,0.826,0.742,0.853,0.742,0.883,0.71,0.878,0.781,0.878,0.412,0.781,0.71,0.412,0.907,0.878,0.451,0.05,0.878,0.412,0.711,0.451,0.041,0.451,0.318,0.93,0.933,0.652,0.432,0.652,0.653,0.459,0.459,0.459,0.864,0.432,0.653,0.432,0.933,0.864,0.876,0.034,0.876,0.848,0.848,0.848,0.912,0.517,0.047,0.306,0.929,0.115,0.925,0.929,0.38,0.517,0.877,0.367,0.03,0.877,0.925,0.324,0.387,0.144,0.517,0.043,0.381,0.336,0.783,0.877,0.718,0.783,0.783,0.395,0.723,0.891,0.122,0.723,0.723,0.116,0.251,0.355,0.355,0.346,0.023,0.162,0.32,0.162,0.28,0.15,0.351,0.912,0.321,0.162,0.289,0.321,0.366,0.416,0.316,0.324,0.183,0.4,0.324,0.016,0.436,0.972,0.442,0.02,0.231,0.842,0.357,0.314,0.547,0.842,0.794,0.368,0.292,0.639,0.794,0.231,0.794,0.842,0.284,0.693,0.63,0.741,0.602,0.261,0.604,0.21,0.65,0.745,0.769,0.627,0.766,0.463,0.638,0.597,0.51,0.808,0.795,0.657
0.717,0.717,0.673,0.673,0.07,0.615,0.665,0.641,0.639,0.62,0.641,0.721,0.616,0.07,0.721,0.641,0.616,0.07,0.305,0.616,0.813,0.677,0.813,0.607,0.616,0.665,0.607,0.641,0.643,0.62,0.643,0.677,0.964,0.801,0.809,0.801,0.134,0.809,0.964,0.134,0.203,0.801,0.134,0.692,0.801,0.134,0.283,0.134,0.338,0.134,0.665,0.202,0.322,0.971,0.185,0.971,0.968,0.187,0.187,0.187,0.735,0.185,0.968,0.185,0.322,0.735,0.798,0.453,0.798,0.393,0.393,0.393,0.225,0.07,0.702,0.445,0.368,0.537,0.263,0.368,0.551,0.07,0.084,0.361,0.478,0.084,0.263,0.378,0.41,0.562,0.07,0.698,0.452,0.52,0.39,0.084,0.243,0.39,0.39,0.355,0.137,0.349,0.526,0.137,0.137,0.369,0.411,0.066,0.066,0.073,0.318,0.118,0.43,0.092,0.444,0.557,0.915,0.372,0.421,0.118,0.392,0.414,0.917,0.425,0.523,0.07,0.46,0.465,0.07,0.347,0.364,0.344,0.369,0.28,0.497,0.111,0.497,0.075,0.626,0.111,0.089,0.862,0.359,0.774,0.089,0.585,0.089,0.111,0.359,0.942,0.718,0.956,0.773,0.572,0.632,0.448,0.679,0.956,0.669,0.673,0.687,0.692,0.75,0.601,0.756,0.705,0.666,0.792
0.962,0.962,0.901,0.901,0.196,0.972,0.902,0.831,0.955,0.51,0.831,0.9,0.822,0.196,0.9,0.831,0.822,0.196,0.204,0.822,0.894,0.617,0.894,0.749,0.822,0.902,0.749,0.831,0.801,0.51,0.801,0.617,0.213,0.86,0.93,0.86,0.348,0.93,0.213,0.348,0.234,0.86,0.36,0.31,0.86,0.348,0.176,0.36,0.077,0.36,0.963,0.225,0.19,0.258,0.246,0.258,0.206,0.235,0.235,0.235,0.691,0.246,0.206,0.246,0.19,0.691,0.81,0.057,0.81,0.194,0.194,0.194,0.169,0.23,0.265,0.1,0.18,0.175,0.154,0.18,0.181,0.23,0.243,0.127,0.055,0.243,0.154,0.101,0.177,0.198,0.23,0.271,0.109,0.133,0.139,0.243,0.269,0.139,0.139,0.102,0.1,0.156,0.168,0.1,0.1,0.133,0.1,0.302,0.302,0.3,0.575,0.747,0.051,0.698,0.122,0.209,0.259,0.256,0.051,0.747,0.096,0.05,0.24,0.052,0.158,0.466,0.17,0.999,0.466,0.638,0.059,0.197,0.059,0.62,0.195,0.331,1.0,0.445,0.994,0.331,0.349,0.221,0.772,0.976,0.349,0.159,0.349,0.331,0.749,0.879,0.989,0.915,0.999,0.161,0.998,0.784,0.996,0.918,0.995,0.992,0.996,0.993,0.999,0.996,0.999,0.989,0.994,0.992
0.142,0.142,0.132,0.132,0.432,0.845,0.12,0.251,0.828,0.202,0.251,0.187,0.172,0.432,0.187,0.251,0.172,0.432,0.268,0.172,0.064,0.239,0.064,0.177,0.172,0.12,0.177,0.251,0.204,0.202,0.204,0.239,0.033,0.107,0.089,0.107,0.908,0.089,0.033,0.908,0.704,0.107,0.829,0.994,0.107,0.908,0.229,0.829,0.858,0.829,0.823,0.707,0.353,0.104,0.946,0.104,0.114,0.882,0.882,0.882,0.083,0.946,0.114,0.946,0.353,0.083,0.101,0.862,0.101,0.22,0.22,0.22,0.77,0.591,1.0,0.889,0.819,0.924,0.808,0.819,0.639,0.591,0.306,0.917,0.867,0.306,0.808,0.875,0.63,0.851,0.591,1.0,0.913,0.928,0.553,0.306,0.265,0.553,0.553,0.898,0.634,0.766,0.926,0.634,0.634,0.897,0.904,0.762,0.762,0.798,0.565,0.859,0.898,0.792,0.93,0.871,0.864,0.757,0.905,0.859,0.924,0.899,0.804,0.817,0.635,0.853,0.797,0.16,0.853,0.529,0.845,0.337,0.857,0.593,0.915,0.742,0.154,0.868,0.131,0.742,0.737,0.906,0.736,0.173,0.737,0.79,0.737,0.742,0.732,0.179,0.114,0.172,0.153,0.788,0.168,0.675,0.183,0.166,0.241,0.107,0.254,0.164,0.17,0.159,0.16,0.245,0.277,0.34
0.557,0.557,0.584,0.584,0.973,0.771,0.346,0.238,0.781,0.349,0.238,0.317,0.417,0.973,0.317,0.238,0.417,0.973,0.723,0.417,0.36,0.247,0.36,0.324,0.417,0.346,0.324,0.238,0.232,0.349,0.232,0.247,0.072,0.308,0.264,0.308,0.718,0.264,0.072,0.718,0.29,0.308,0.818,0.799,0.308,0.718,0.678,0.818,0.251,0.818,0.797,0.39,0.863,0.092,0.893,0.092,0.097,0.949,0.949,0.949,0.176,0.893,0.097,0.893,0.863,0.176,0.243,0.182,0.243,0.661,0.661,0.661,0.322,0.898,0.788,0.257,0.5,0.312,0.363,0.5,0.404,0.898,0.92,0.368,0.211,0.92,0.363,0.29,0.426,0.348,0.898,0.814,0.282,0.36,0.324,0.92,0.483,0.324,0.324,0.28,0.233,0.548,0.368,0.233,0.233,0.421,0.284,0.278,0.278,0.198,0.207,0.265,0.352,0.185,0.391,0.394,0.212,0.725,0.298,0.265,0.298,0.299,0.209,0.446,0.453,0.171,0.442,0.981,0.171,0.179,0.414,0.884,0.416,0.181,0.408,0.834,0.975,0.105,0.987,0.834,0.638,0.29,0.348,0.956,0.638,0.226,0.638,0.834,0.345,0.948,0.963,0.947,0.981,0.254,0.975,0.392,0.981,0.946,0.97,0.946,0.977,0.98,0.978,0.979,0.975,0.987,0.989,0.891
0.974,0.974,0.956,0.956,0.602,0.624,0.992,0.997,0.614,0.949,0.997,0.996,0.995,0.602,0.996,0.997,0.995,0.602,0.166,0.995,0.941,0.963,0.941,0.994,0.995,0.992,0.994,0.997,0.997,0.949,0.997,0.963,0.729,0.978,0.993,0.978,0.28,0.993,0.729,0.28,0.9,0.978,0.255,0.098,0.978,0.28,0.153,0.255,0.216,0.255,0.765,0.843,0.86,0.857,0.506,0.857,0.866,0.584,0.584,0.584,0.963,0.506,0.866,0.506,0.86,0.963,0.989,0.37,0.989,0.846,0.846,0.846,0.921,0.298,0.133,0.707,0.751,0.572,0.827,0.751,0.867,0.298,0.358,0.791,0.405,0.358,0.827,0.697,0.773,0.517,0.298,0.132,0.689,0.823,0.742,0.358,0.253,0.742,0.742,0.686,0.752,0.712,0.589,0.752,0.752,0.615,0.709,0.621,0.621,0.396,0.171,0.645,0.474,0.569,0.845,0.564,0.784,0.647,0.451,0.645,0.693,0.416,0.867,0.484,0.891,0.728,0.676,0.792,0.728,0.393,0.524,0.8,0.523,0.238,0.82,0.113,0.747,0.644,0.822,0.113,0.116,0.9,0.559,0.647,0.116,0.723,0.116,0.113,0.561,0.959,0.651,0.92,0.867,0.68,0.86,0.677,0.929,0.934,0.92,0.66,0.923,0.874,0.852,0.847,0.834,0.935,0.872,0.956
0.873,0.873,0.644,0.644,0.174,0.583,0.717,0.517,0.72,0.587,0.517,0.727,0.597,0.174,0.727,0.517,0.597,0.174,0.053,0.597,0.632,0.601,0.632,0.7,0.597,0.717,0.7,0.517,0.707,0.587,0.707,0.601,0.358,0.553,0.692,0.553,0.18,0.692,0.358,0.18,0.708,0.553,0.228,0.178,0.553,0.18,0.054,0.228,0.527,0.228,0.614,0.734,0.909,0.314,0.069,0.314,0.31,0.06,0.06,0.06,0.625,0.069,0.31,0.069,0.909,0.625,0.708,0.817,0.708,0.881,0.881,0.881,0.843,0.175,0.299,0.904,1.0,0.928,0.999,1.0,0.723,0.175,0.647,0.939,0.691,0.647,0.999,0.876,0.656,0.967,0.175,0.136,0.892,0.95,0.999,0.647,0.019,0.999,0.999,0.869,0.992,0.866,0.867,0.992,0.992,0.756,0.925,0.094,0.094,0.095,0.263,0.141,0.814,0.153,0.97,0.921,0.685,0.868,0.849,0.141,0.921,0.86,0.69,0.686,0.953,0.097,0.794,0.167,0.097,0.399,0.73,0.616,0.718,0.283,0.33,0.984,0.102,0.1,0.157,0.984,0.978,0.488,0.219,0.957,0.978,0.643,0.978,0.984,0.212,0.914,0.974,0.912,0.489,0.602,0.293,0.182,0.492,0.916,0.644,0.989,0.674,0.534,0.291,0.241,0.246,0.342,0.358,0.466
0.536,0.536,0.392,0.392,0.039,0.61,0.349,0.32,0.593,0.671,0.32,0.366,0.307,0.039,0.366,0.32,0.307,0.039,0.073,0.307,0.293,0.712,0.293,0.243,0.307,0.349,0.243,0.32,0.267,0.671,0.267,0.712,0.531,0.434,0.483,0.434,0.051,0.483,0.531,0.051,0.133,0.434,0.025,0.563,0.434,0.051,0.043,0.025,0.501,0.025,0.542,0.127,0.907,0.583,0.064,0.583,0.584,0.079,0.079,0.079,0.623,0.064,0.584,0.064,0.907,0.623,0.353,0.405,0.353,0.988,0.988,0.988,0.145,0.19,0.527,0.263,0.961,0.114,0.96,0.961,0.118,0.19,0.744,0.182,0.396,0.744,0.96,0.265,0.12,0.088,0.19,0.487,0.253,0.171,0.974,0.744,0.099,0.974,0.974,0.256,0.974,0.66,0.105,0.974,0.974,0.208,0.252,0.077,0.077,0.081,0.097,0.137,0.116,0.136,0.174,0.116,0.169,0.664,0.12,0.137,0.243,0.121,0.19,0.149,0.136,0.062,0.073,0.185,0.062,0.19,0.159,0.664,0.161,0.094,0.111,0.715,0.159,0.054,0.29,0.715,0.726,0.096,0.091,0.127,0.726,0.144,0.726,0.715,0.093,0.08,0.147,0.065,0.06,0.146,0.063,0.088,0.082,0.084,0.093,0.17,0.084,0.063,0.07,0.055,0.055,0.067,0.046,0.067
0.519,0.519,0.541,0.541,0.362,0.578,0.485,0.52,0.619,0.424,0.52,0.497,0.465,0.362,0.497,0.52,0.465,0.362,0.004,0.465,0.612,0.444,0.612,0.52,0.465,0.485,0.52,0.52,0.553,0.424,0.553,0.444,0.259,0.484,0.427,0.484,0.566,0.427,0.259,0.566,0.807,0.484,0.44,0.561,0.484,0.566,0.006,0.44,0.842,0.44,0.695,0.736,0.302,0.175,0.763,0.175,0.174,0.604,0.604,0.604,0.493,0.763,0.174,0.763,0.302,0.493,0.528,0.726,0.528,0.203,0.203,0.203,0.679,0.305,0.692,0.488,0.473,0.512,0.451,0.473,0.654,0.305,0.444,0.59,0.841,0.444,0.451,0.423,0.668,0.381,0.305,0.609,0.496,0.609,0.306,0.444,0.005,0.306,0.306,0.472,0.312,0.393,0.546,0.312,0.312,0.547,0.434,0.379,0.379,0.389,0.359,0.438,0.44,0.451,0.511,0.415,0.604,0.423,0.453,0.438,0.449,0.441,0.595,0.527,0.673,0.455,0.556,0.062,0.455,0.283,0.559,0.317,0.551,0.421,0.571,0.683,0.054,0.46,0.085,0.683,0.755,0.491,0.991,0.035,0.755,0.541,0.755,0.683,0.993,0.027,0.036,0.028,0.197,0.558,0.129,0.987,0.223,0.03,0.134,0.036,0.155,0.243,0.127,0.123,0.15,0.176,0.209,0.372
0.867,0.867,0.879,0.879,0.69,0.086,0.76,0.747,0.079,0.532,0.747,0.76,0.772,0.69,0.76,0.747,0.772,0.69,0.61,0.772,0.808,0.609,0.808,0.684,0.772,0.76,0.684,0.747,0.7,0.532,0.7,0.609,0.346,0.661,0.707,0.661,0.766,0.707,0.346,0.766,0.132,0.661,0.769,0.923,0.661,0.766,0.82,0.769,0.819,0.769,0.136,0.088,0.876,0.391,0.599,0.391,0.397,0.632,0.632,0.632,0.626,0.599,0.397,0.599,0.876,0.626,0.569,0.839,0.569,0.861,0.861,0.861,0.133,0.84,0.879,0.259,0.666,0.317,0.745,0.666,0.282,0.84,0.889,0.297,0.728,0.889,0.745,0.243,0.272,0.424,0.84,0.898,0.25,0.295,0.909,0.889,0.642,0.909,0.909,0.246,0.894,0.867,0.335,0.894,0.894,0.28,0.274,0.346,0.346,0.356,0.479,0.558,0.648,0.596,0.279,0.441,0.409,0.794,0.643,0.558,0.274,0.637,0.412,0.675,0.307,0.347,0.466,0.929,0.347,0.576,0.661,0.928,0.658,0.339,0.586,0.583,0.91,0.368,0.896,0.583,0.728,0.522,0.769,0.817,0.728,0.565,0.728,0.583,0.763,0.837,0.899,0.861,0.944,0.612,0.921,0.806,0.337,0.818,0.085,0.884,0.096,0.954,0.941,0.912,0.95,0.09,0.089,0.098
0.067,0.067,0.064,0.064,0.78,0.32,0.071,0.044,0.266,0.04,0.044,0.066,0.052,0.78,0.066,0.044,0.052,0.78,0.844,0.052,0.054,0.032,0.054,0.095,0.052,0.071,0.095,0.044,0.069,0.04,0.069,0.032,0.017,0.047,0.053,0.047,0.754,0.053,0.017,0.754,0.278,0.047,0.766,0.427,0.047,0.754,0.816,0.766,0.643,0.766,0.231,0.265,0.619,0.011,0.73,0.011,0.011,0.736,0.736,0.736,0.042,0.73,0.011,0.73,0.619,0.042,0.071,0.561,0.071,0.367,0.367,0.367,0.329,0.803,0.487,0.721,0.768,0.485,0.776,0.768,0.798,0.803,0.64,0.666,0.611,0.64,0.776,0.598,0.706,0.373,0.803,0.488,0.709,0.769,0.581,0.64,0.892,0.581,0.581,0.592,0.559,0.601,0.513,0.559,0.559,0.647,0.726,0.779,0.779,0.764,0.93,0.854,0.85,0.836,0.798,0.265,0.453,0.602,0.86,0.854,0.727,0.854,0.449,0.733,0.755,0.789,0.721,0.636,0.789,0.962,0.748,0.549,0.743,0.931,0.754,0.704,0.569,0.779,0.592,0.704,0.724,0.77,1.0,0.793,0.724,0.289,0.724,0.704,1.0,0.966,0.817,0.97,0.689,0.219,0.773,1.0,0.23,0.963,0.3,0.815,0.261,0.771,0.711,0.768,0.686,0.241,0.268,0.347
0.423,0.423,0.316,0.316,0.867,0.44,0.319,0.338,0.447,0.527,0.338,0.452,0.247,0.867,0.452,0.338,0.247,0.867,0.885,0.247,0.339,0.57,0.339,0.278,0.247,0.319,0.278,0.338,0.399,0.527,0.399,0.57,0.526,0.285,0.396,0.285,0.926,0.396,0.526,0.926,0.182,0.285,0.925,0.139,0.285,0.926,0.9,0.925,0.612,0.925,0.44,0.155,0.799,0.602,0.913,0.602,0.596,0.915,0.915,0.915,0.602,0.913,0.596,0.913,0.799,0.602,0.35,0.365,0.35,0.75,0.75,0.75,0.152,0.893,0.158,0.14,0.822,0.552,0.805,0.822,0.186,0.893,0.755,0.152,0.358,0.755,0.805,0.15,0.167,0.629,0.893,0.15,0.134,0.139,0.84,0.755,0.934,0.84,0.84,0.149,0.859,0.671,0.498,0.859,0.859,0.575,0.128,0.993,0.993,0.99,0.983,0.96,0.184,0.953,0.116,0.601,0.574,0.678,0.167,0.96,0.121,0.167,0.614,0.083,0.188,0.994,0.685,0.188,0.994,0.969,0.08,0.659,0.073,0.989,0.463,0.868,0.183,0.991,0.226,0.868,0.869,0.519,0.906,0.827,0.869,0.466,0.869,0.868,0.899,0.93,0.84,0.934,0.482,0.435,0.522,0.889,0.54,0.928,0.522,0.823,0.539,0.453,0.424,0.472,0.446,0.704,0.695,0.577
0.203,0.203,0.2,0.2,0.589,0.589,0.214,0.206,0.617,0.142,0.206,0.22,0.157,0.589,0.22,0.206,0.157,0.589,0.796,0.157,0.438,0.185,0.438,0.159,0.157,0.214,0.159,0.206,0.192,0.142,0.192,0.185,0.254,0.381,0.444,0.381,0.618,0.444,0.254,0.618,0.702,0.381,0.666,0.62,0.381,0.618,0.802,0.666,0.079,0.666,0.56,0.689,0.726,0.225,0.605,0.225,0.218,0.656,0.656,0.656,0.295,0.605,0.218,0.605,0.726,0.295,0.357,0.041,0.357,0.74,0.74,0.74,0.644,0.619,0.521,0.368,0.78,0.082,0.779,0.78,0.58,0.619,0.713,0.439,0.044,0.713,0.779,0.413,0.561,0.064,0.619,0.49,0.349,0.49,0.693,0.713,0.591,0.693,0.693,0.368,0.677,0.651,0.086,0.677,0.677,0.17,0.51,0.667,0.667,0.704,0.352,0.735,0.656,0.759,0.56,0.065,0.293,0.64,0.588,0.735,0.52,0.587,0.123,0.731,0.598,0.641,0.32,0.266,0.641,0.238,0.806,0.634,0.791,0.311,0.385,0.786,0.257,0.694,0.279,0.786,0.785,0.156,0.417,0.229,0.785,0.125,0.785,0.786,0.44,0.422,0.233,0.498,0.164,0.12,0.172,0.379,0.432,0.486,0.458,0.222,0.456,0.18,0.159,0.16,0.148,0.279,0.287,0.329
0.888,0.888,0.871,0.871,0.028,0.478,0.9,0.819,0.499,0.806,0.819,0.899,0.825,0.028,0.899,0.819,0.825,0.028,0.168,0.825,0.908,0.793,0.908,0.727,0.825,0.9,0.727,0.819,0.783,0.806,0.783,0.793,0.809,0.903,0.914,0.903,0.029,0.914,0.809,0.029,0.668,0.903,0.053,0.613,0.903,0.029,0.293,0.053,0.541,0.053,0.456,0.872,0.09,0.649,0.036,0.649,0.643,0.069,0.069,0.069,0.898,0.036,0.643,0.036,0.09,0.898,0.855,0.777,0.855,0.051,0.051,0.051,0.645,0.028,0.685,0.5,0.163,0.957,0.262,0.163,0.785,0.028,0.127,0.638,0.817,0.127,0.262,0.499,0.777,0.927,0.028,0.739,0.555,0.623,0.079,0.127,0.139,0.079,0.079,0.541,0.112,0.268,0.923,0.112,0.112,0.872,0.577,0.195,0.195,0.268,0.693,0.212,0.353,0.196,0.682,0.847,0.205,0.158,0.355,0.212,0.607,0.347,0.239,0.376,0.807,0.212,0.939,0.277,0.212,0.286,0.359,0.074,0.364,0.466,0.895,0.267,0.314,0.231,0.268,0.267,0.292,0.371,0.684,0.288,0.292,0.768,0.292,0.267,0.547,0.266,0.427,0.314,0.435,0.523,0.524,0.542,0.645,0.299,0.768,0.44,0.784,0.449,0.453,0.49,0.445,0.553,0.502,0.28
0.317,0.317,0.336,0.336,0.281,0.189,0.298,0.237,0.182,0.244,0.237,0.29,0.243,0.281,0.29,0.237,0.243,0.281,0.465,0.243,0.681,0.262,0.681,0.303,0.243,0.298,0.303,0.237,0.31,0.244,0.31,0.262,0.24,0.498,0.584,0.498,0.311,0.584,0.24,0.311,0.13,0.498,0.238,0.336,0.498,0.311,0.459,0.238,0.591,0.238,0.182,0.134,0.247,0.209,0.367,0.209,0.21,0.299,0.299,0.299,0.46,0.367,0.21,0.367,0.247,0.46,0.567,0.56,0.567,0.196,0.196,0.196,0.189,0.235,0.38,0.101,0.242,0.777,0.278,0.242,0.072,0.235,0.229,0.132,0.618,0.229,0.278,0.108,0.083,0.086,0.235,0.384,0.1,0.141,0.233,0.229,0.5,0.233,0.233,0.116,0.217,0.209,0.738,0.217,0.217,0.752,0.084,0.666,0.666,0.707,0.733,0.627,0.198,0.719,0.103,0.076,0.062,0.24,0.159,0.627,0.085,0.182,0.042,0.292,0.111,0.722,0.065,0.014,0.722,0.665,0.156,0.242,0.175,0.727,0.057,0.238,0.017,0.77,0.01,0.238,0.252,0.087,0.976,0.005,0.252,0.083,0.252,0.238,0.973,0.683,0.009,0.563,0.01,0.087,0.018,0.99,0.018,0.589,0.026,0.008,0.023,0.009,0.02,0.018,0.019,0.04,0.039,0.026
0.998,0.998,0.998,0.998,0.149,0.572,0.953,0.946,0.577,0.88,0.946,0.961,0.936,0.149,0.961,0.946,0.936,0.149,0.51,0.936,0.993,0.897,0.993,0.934,0.936,0.953,0.934,0.946,0.936,0.88,0.936,0.897,0.924,0.97,0.983,0.97,0.303,0.983,0.924,0.303,0.958,0.97,0.291,0.981,0.97,0.303,0.452,0.291,0.998,0.291,0.403,0.959,0.113,0.958,0.194,0.958,0.947,0.188,0.188,0.188,0.903,0.194,0.947,0.194,0.113,0.903,0.962,0.974,0.962,0.082,0.082,0.082,0.989,0.231,0.906,0.891,0.129,0.994,0.136,0.129,0.947,0.231,0.092,0.883,0.978,0.092,0.136,0.868,0.948,0.978,0.231,0.903,0.904,0.875,0.093,0.092,0.43,0.093,0.093,0.877,0.106,0.125,0.987,0.106,0.106,0.988,0.88,0.291,0.291,0.314,0.329,0.387,0.663,0.447,0.912,0.976,0.924,0.142,0.652,0.387,0.918,0.644,0.935,0.799,0.957,0.317,0.984,0.195,0.317,0.574,0.764,0.103,0.726,0.358,0.984,0.133,0.181,0.336,0.174,0.133,0.129,0.997,0.812,0.718,0.129,0.989,0.129,0.133,0.816,0.54,0.61,0.529,0.526,0.982,0.605,0.864,0.413,0.519,0.459,0.625,0.469,0.471,0.584,0.576,0.554,0.632,0.551,0.691
0.02,0.02,0.033,0.033,0.711,0.231,0.031,0.007,0.239,0.011,0.007,0.013,0.015,0.711,0.013,0.007,0.015,0.711,0.292,0.015,0.035,0.006,0.035,0.02,0.015,0.031,0.02,0.007,0.008,0.011,0.008,0.006,0.084,0.007,0.017,0.007,0.673,0.017,0.084,0.673,0.157,0.007,0.639,0.502,0.007,0.673,0.32,0.639,0.403,0.639,0.18,0.26,0.618,0.09,0.513,0.09,0.093,0.366,0.366,0.366,0.006,0.513,0.093,0.513,0.618,0.006,0.008,0.444,0.008,0.412,0.412,0.412,0.327,0.702,0.58,0.301,0.568,0.651,0.619,0.568,0.301,0.702,0.719,0.317,0.452,0.719,0.619,0.25,0.187,0.358,0.702,0.567,0.275,0.485,0.439,0.719,0.259,0.439,0.439,0.242,0.457,0.688,0.638,0.457,0.457,0.604,0.417,0.543,0.543,0.439,0.237,0.71,0.703,0.621,0.565,0.345,0.141,0.636,0.721,0.71,0.361,0.714,0.175,0.752,0.433,0.653,0.351,0.026,0.653,0.456,0.708,0.679,0.724,0.265,0.415,0.768,0.03,0.513,0.044,0.768,0.757,0.216,0.251,0.036,0.757,0.422,0.757,0.768,0.246,0.043,0.028,0.029,0.007,0.413,0.015,0.206,0.027,0.027,0.023,0.029,0.021,0.011,0.013,0.014,0.013,0.031,0.028,0.028
0.822,0.822,0.815,0.815,0.483,0.737,0.488,0.453,0.687,0.523,0.453,0.59,0.376,0.483,0.59,0.453,0.376,0.483,0.157,0.376,0.604,0.615,0.604,0.363,0.376,0.488,0.363,0.453,0.447,0.523,0.447,0.615,0.187,0.437,0.552,0.437,0.369,0.552,0.187,0.369,0.464,0.437,0.353,0.394,0.437,0.369,0.145,0.353,0.191,0.353,0.792,0.414,0.199,0.217,0.287,0.217,0.224,0.266,0.266,0.266,0.415,0.287,0.224,0.287,0.199,0.415,0.362,0.173,0.362,0.163,0.163,0.163,0.243,0.577,0.354,0.284,0.213,0.141,0.2,0.213,0.245,0.577,0.212,0.22,0.193,0.212,0.2,0.297,0.205,0.271,0.577,0.34,0.261,0.203,0.116,0.212,0.366,0.116,0.116,0.29,0.127,0.167,0.146,0.127,0.127,0.12,0.247,0.653,0.653,0.719,0.521,0.395,0.576,0.395,0.178,0.271,0.176,0.146,0.636,0.395,0.223,0.687,0.148,0.536,0.132,0.668,0.153,0.607,0.668,0.819,0.652,0.208,0.655,0.626,0.224,0.198,0.596,0.75,0.713,0.198,0.232,0.082,0.16,0.435,0.232,0.3,0.232,0.198,0.164,0.319,0.261,0.232,0.715,0.313,0.625,0.126,0.699,0.232,0.801,0.293,0.777,0.752,0.583,0.645,0.601,0.749,0.751,0.901
0.476,0.476,0.477,0.477,0.928,0.053,0.549,0.485,0.05,0.502,0.485,0.563,0.487,0.928,0.563,0.485,0.487,0.928,0.383,0.487,0.613,0.546,0.613,0.488,0.487,0.549,0.488,0.485,0.577,0.502,0.577,0.546,0.425,0.585,0.693,0.585,0.584,0.693,0.425,0.584,0.103,0.585,0.65,0.908,0.585,0.584,0.261,0.65,0.617,0.65,0.059,0.093,0.973,0.397,0.624,0.397,0.395,0.679,0.679,0.679,0.64,0.624,0.395,0.624,0.973,0.64,0.663,0.562,0.663,0.925,0.925,0.925,0.066,0.897,0.947,0.045,0.864,0.597,0.717,0.864,0.048,0.897,0.762,0.063,0.567,0.762,0.717,0.041,0.058,0.675,0.897,0.953,0.048,0.074,0.667,0.762,0.359,0.667,0.667,0.042,0.496,0.844,0.597,0.496,0.496,0.723,0.031,0.79,0.79,0.715,0.147,0.258,0.018,0.264,0.043,0.645,0.877,0.83,0.019,0.258,0.031,0.019,0.873,0.021,0.027,0.604,0.717,0.96,0.604,0.263,0.019,0.926,0.019,0.118,0.647,0.562,0.96,0.525,0.968,0.562,0.574,0.925,0.412,0.81,0.574,0.625,0.574,0.562,0.441,0.873,0.872,0.86,0.854,0.608,0.802,0.557,0.814,0.856,0.867,0.857,0.871,0.821,0.86,0.803,0.851,0.691,0.69,0.697
0.761,0.761,0.975,0.975,0.544,0.057,0.983,0.659,0.053,0.617,0.659,0.774,0.974,0.544,0.774,0.659,0.974,0.544,0.325,0.974,0.656,0.463,0.656,0.958,0.974,0.983,0.958,0.659,0.641,0.617,0.641,0.463,0.789,0.686,0.733,0.686,0.545,0.733,0.789,0.545,0.089,0.686,0.362,0.522,0.686,0.545,0.294,0.362,0.7,0.362,0.032,0.095,0.657,0.74,0.362,0.74,0.737,0.23,0.23,0.23,0.453,0.362,0.737,0.362,0.657,0.453,0.67,0.804,0.67,0.813,0.813,0.813,0.044,0.588,0.61,0.464,0.709,0.887,0.648,0.709,0.054,0.588,0.96,0.043,0.77,0.96,0.648,0.494,0.036,0.865,0.588,0.645,0.433,0.05,0.872,0.96,0.653,0.872,0.872,0.454,0.833,0.918,0.91,0.833,0.833,0.963,0.372,0.168,0.168,0.147,0.51,0.133,0.247,0.125,0.032,0.903,0.94,0.931,0.2,0.133,0.374,0.201,0.93,0.202,0.04,0.185,0.979,0.361,0.185,0.188,0.202,0.913,0.199,0.468,0.995,0.79,0.534,0.152,0.627,0.79,0.845,0.966,0.012,0.842,0.845,0.864,0.845,0.79,0.012,0.638,0.609,0.565,0.771,0.893,0.716,0.017,0.626,0.511,0.759,0.64,0.764,0.756,0.718,0.748,0.694,0.682,0.71,0.69
0.66,0.66,0.64,0.64,0.881,0.668,0.548,0.452,0.673,0.425,0.452,0.54,0.476,0.881,0.54,0.452,0.476,0.881,0.207,0.476,0.623,0.512,0.623,0.541,0.476,0.548,0.541,0.452,0.515,0.425,0.515,0.512,0.149,0.405,0.466,0.405,0.738,0.466,0.149,0.738,0.818,0.405,0.713,0.648,0.405,0.738,0.197,0.713,0.642,0.713,0.676,0.715,0.57,0.24,0.616,0.24,0.221,0.546,0.546,0.546,0.361,0.616,0.221,0.616,0.57,0.361,0.515,0.692,0.515,0.789,0.789,0.789,0.793,0.917,0.66,0.451,0.716,0.917,0.68,0.716,0.435,0.917,0.788,0.525,0.642,0.788,0.68,0.446,0.427,0.972,0.917,0.654,0.466,0.531,0.942,0.788,0.62,0.942,0.942,0.465,0.816,0.888,0.906,0.816,0.816,0.909,0.504,0.123,0.123,0.248,0.714,0.676,0.512,0.724,0.513,0.945,0.994,0.877,0.478,0.676,0.513,0.479,0.995,0.553,0.466,0.137,0.898,0.97,0.137,0.789,0.45,0.818,0.447,0.747,0.879,0.826,0.965,0.267,0.971,0.826,0.809,0.994,0.978,0.954,0.809,0.983,0.809,0.826,0.979,0.851,0.954,0.833,0.954,0.96,0.95,0.984,0.966,0.836,0.952,0.941,0.96,0.966,0.928,0.938,0.932,0.896,0.869,0.874
0.625,0.625,0.734,0.734,0.18,0.397,0.862,0.783,0.407,0.899,0.783,0.841,0.768,0.18,0.841,0.783,0.768,0.18,0.228,0.768,0.653,0.869,0.653,0.783,0.768,0.862,0.783,0.783,0.762,0.899,0.762,0.869,0.654,0.691,0.8,0.691,0.229,0.8,0.654,0.229,0.312,0.691,0.182,0.37,0.691,0.229,0.161,0.182,0.414,0.182,0.384,0.32,0.159,0.627,0.205,0.627,0.641,0.164,0.164,0.164,0.776,0.205,0.641,0.205,0.159,0.776,0.649,0.406,0.649,0.302,0.302,0.302,0.418,0.194,0.442,0.417,0.169,0.405,0.157,0.169,0.302,0.194,0.204,0.383,0.394,0.204,0.157,0.41,0.305,0.469,0.194,0.449,0.436,0.381,0.198,0.204,0.22,0.198,0.198,0.417,0.202,0.236,0.389,0.202,0.202,0.403,0.389,0.064,0.064,0.042,0.094,0.086,0.409,0.066,0.355,0.456,0.517,0.25,0.448,0.086,0.381,0.469,0.534,0.391,0.327,0.084,0.438,0.642,0.084,0.114,0.423,0.211,0.417,0.088,0.537,0.199,0.598,0.066,0.653,0.199,0.195,0.55,0.245,0.552,0.195,0.531,0.195,0.199,0.251,0.403,0.592,0.346,0.717,0.539,0.744,0.265,0.333,0.319,0.343,0.613,0.323,0.714,0.719,0.719,0.687,0.29,0.267,0.758
0.364,0.364,0.352,0.352,0.062,0.794,0.395,0.442,0.754,0.39,0.442,0.394,0.524,0.062,0.394,0.442,0.524,0.062,0.642,0.524,0.342,0.306,0.342,0.537,0.524,0.395,0.537,0.442,0.435,0.39,0.435,0.306,0.219,0.565,0.506,0.565,0.061,0.506,0.219,0.061,0.659,0.565,0.072,0.496,0.565,0.061,0.539,0.072,0.739,0.072,0.787,0.698,0.037,0.121,0.055,0.121,0.116,0.058,0.058,0.058,0.403,0.055,0.116,0.055,0.037,0.403,0.476,0.609,0.476,0.146,0.146,0.146,0.583,0.067,0.492,0.476,0.029,0.849,0.016,0.029,0.464,0.067,0.045,0.394,0.737,0.045,0.016,0.505,0.563,0.486,0.067,0.647,0.441,0.368,0.118,0.045,0.444,0.118,0.118,0.497,0.089,0.018,0.862,0.089,0.089,0.822,0.514,0.054,0.054,0.063,0.098,0.056,0.215,0.065,0.533,0.495,0.499,0.026,0.23,0.056,0.491,0.23,0.425,0.257,0.524,0.079,0.411,0.225,0.079,0.098,0.337,0.032,0.357,0.114,0.338,0.063,0.192,0.082,0.178,0.063,0.053,0.542,0.739,0.186,0.053,0.381,0.053,0.063,0.734,0.254,0.227,0.285,0.285,0.379,0.287,0.741,0.135,0.284,0.109,0.229,0.107,0.273,0.298,0.38,0.264,0.18,0.165,0.223
0.945,0.945,0.928,0.928,0.434,0.016,0.939,0.969,0.018,0.919,0.969,0.952,0.957,0.434,0.952,0.969,0.957,0.434,0.486,0.957,0.944,0.927,0.944,0.983,0.957,0.939,0.983,0.969,0.983,0.919,0.983,0.927,0.67,0.93,0.922,0.93,0.265,0.922,0.67,0.265,0.044,0.93,0.282,0.253,0.93,0.265,0.472,0.282,0.28,0.282,0.019,0.045,0.366,0.786,0.312,0.786,0.797,0.323,0.323,0.323,0.84,0.312,0.797,0.312,0.366,0.84,0.953,0.293,0.953,0.338,0.338,0.338,0.12,0.363,0.226,0.378,0.32,0.24,0.287,0.32,0.036,0.363,0.277,0.038,0.256,0.277,0.287,0.323,0.037,0.419,0.363,0.221,0.356,0.043,0.339,0.277,0.522,0.339,0.339,0.314,0.321,0.334,0.237,0.321,0.321,0.257,0.31,0.637,0.637,0.651,0.307,0.614,0.269,0.656,0.057,0.434,0.627,0.354,0.27,0.614,0.332,0.269,0.597,0.353,0.057,0.63,0.474,0.57,0.63,0.569,0.252,0.386,0.255,0.305,0.473,0.303,0.563,0.642,0.552,0.303,0.28,0.615,0.007,0.391,0.28,0.394,0.28,0.303,0.005,0.804,0.413,0.651,0.589,0.414,0.623,0.007,0.736,0.608,0.431,0.394,0.426,0.588,0.603,0.642,0.636,0.339,0.281,0.647
0.591,0.591,0.543,0.543,0.112,0.786,0.674,0.504,0.769,0.719,0.504,0.7,0.686,0.112,0.7,0.504,0.686,0.112,0.244,0.686,0.317,0.466,0.317,0.747,0.686,0.674,0.747,0.504,0.591,0.719,0.591,0.466,0.473,0.497,0.522,0.497,0.471,0.522,0.473,0.471,0.37,0.497,0.41,0.078,0.497,0.471,0.372,0.41,0.401,0.41,0.696,0.318,0.093,0.337,0.459,0.337,0.327,0.478,0.478,0.478,0.393,0.459,0.327,0.459,0.093,0.393,0.486,0.251,0.486,0.113,0.113,0.113,0.295,0.249,0.074,0.701,0.268,0.525,0.299,0.268,0.248,0.249,0.157,0.337,0.295,0.157,0.299,0.695,0.281,0.662,0.249,0.084,0.733,0.33,0.156,0.157,0.355,0.156,0.156,0.725,0.184,0.264,0.535,0.184,0.184,0.553,0.748,0.5,0.5,0.608,0.737,0.319,0.916,0.413,0.287,0.633,0.753,0.23,0.918,0.319,0.781,0.91,0.714,0.934,0.227,0.408,0.553,0.31,0.408,0.375,0.945,0.14,0.947,0.742,0.628,0.325,0.346,0.471,0.394,0.325,0.378,0.642,0.067,0.537,0.378,0.692,0.378,0.325,0.066,0.398,0.536,0.459,0.569,0.671,0.305,0.071,0.536,0.479,0.587,0.561,0.564,0.541,0.322,0.33,0.347,0.376,0.318,0.238
0.244,0.244,0.219,0.219,0.985,0.143,0.096,0.117,0.136,0.111,0.117,0.171,0.073,0.985,0.171,0.117,0.073,0.985,0.908,0.073,0.346,0.127,0.346,0.07,0.073,0.096,0.07,0.117,0.105,0.111,0.105,0.127,0.107,0.12,0.217,0.12,0.848,0.217,0.107,0.848,0.578,0.12,0.885,0.212,0.12,0.848,0.898,0.885,0.41,0.885,0.169,0.692,0.807,0.172,0.733,0.172,0.179,0.777,0.777,0.777,0.112,0.733,0.179,0.733,0.807,0.112,0.096,0.657,0.096,0.787,0.787,0.787,0.578,0.99,0.224,0.226,0.626,0.807,0.647,0.626,0.373,0.99,0.931,0.346,0.656,0.931,0.647,0.257,0.467,0.844,0.99,0.225,0.265,0.397,0.843,0.931,0.741,0.843,0.843,0.292,0.852,0.621,0.815,0.852,0.852,0.716,0.16,0.936,0.936,0.92,0.879,0.914,0.672,0.964,0.264,0.857,0.729,0.687,0.655,0.914,0.182,0.646,0.764,0.073,0.46,0.818,0.836,0.671,0.818,0.873,0.134,0.904,0.137,0.919,0.846,0.809,0.632,0.832,0.73,0.809,0.761,0.723,0.106,0.887,0.761,0.902,0.761,0.809,0.121,0.846,0.915,0.83,0.8,0.884,0.827,0.076,0.87,0.848,0.832,0.934,0.865,0.799,0.831,0.717,0.721,0.894,0.861,0.955
0.817,0.817,0.793,0.793,0.543,0.65,0.679,0.638,0.674,0.394,0.638,0.701,0.624,0.543,0.701,0.638,0.624,0.543,0.086,0.624,0.799,0.455,0.799,0.494,0.624,0.679,0.494,0.638,0.526,0.394,0.526,0.455,0.128,0.663,0.759,0.663,0.14,0.759,0.128,0.14,0.976,0.663,0.136,0.745,0.663,0.14,0.089,0.136,0.903,0.136,0.699,0.949,0.048,0.16,0.102,0.16,0.16,0.101,0.101,0.101,0.426,0.102,0.16,0.102,0.048,0.426,0.563,0.933,0.563,0.298,0.298,0.298,0.931,0.604,0.777,0.811,0.043,0.95,0.033,0.043,0.841,0.604,0.54,0.798,0.912,0.54,0.033,0.818,0.849,0.989,0.604,0.805,0.76,0.773,0.16,0.54,0.535,0.16,0.16,0.786,0.134,0.375,0.979,0.134,0.134,0.941,0.81,0.414,0.414,0.358,0.4,0.642,0.768,0.623,0.819,0.993,0.668,0.395,0.831,0.642,0.809,0.85,0.688,0.922,0.852,0.34,0.987,0.73,0.34,0.689,0.903,0.384,0.925,0.413,0.988,0.064,0.737,0.319,0.924,0.064,0.074,0.583,0.303,0.799,0.074,0.987,0.074,0.064,0.281,0.321,0.565,0.419,0.953,0.998,0.82,0.221,0.964,0.362,0.945,0.564,0.936,0.906,0.908,0.828,0.907,0.962,0.966,0.972
0.999,0.999,0.999,0.999,0.08,0.908,0.96,0.921,0.941,0.808,0.921,0.986,0.905,0.08,0.986,0.921,0.905,0.08,0.234,0.905,0.99,0.899,0.99,0.93,0.905,0.96,0.93,0.921,0.963,0.808,0.963,0.899,0.543,0.912,0.939,0.912,0.143,0.939,0.543,0.143,0.732,0.912,0.133,0.811,0.912,0.143,0.234,0.133,0.778,0.133,0.933,0.704,0.114,0.436,0.138,0.436,0.51,0.123,0.123,0.123,0.9,0.138,0.51,0.138,0.114,0.9,0.969,0.779,0.969,0.124,0.124,0.124,0.738,0.093,0.835,0.638,0.096,0.765,0.097,0.096,0.822,0.093,0.11,0.602,0.782,0.11,0.097,0.555,0.811,0.861,0.093,0.833,0.642,0.664,0.09,0.11,0.239,0.09,0.09,0.569,0.092,0.128,0.757,0.092,0.092,0.787,0.535,0.295,0.295,0.297,0.587,0.306,0.774,0.253,0.582,0.815,0.932,0.125,0.772,0.306,0.663,0.766,0.89,0.556,0.776,0.345,0.845,0.619,0.345,0.467,0.556,0.15,0.549,0.6,0.939,0.102,0.592,0.347,0.535,0.102,0.114,0.908,0.382,0.39,0.114,0.853,0.114,0.102,0.385,0.488,0.305,0.523,0.801,0.821,0.78,0.521,0.882,0.532,0.907,0.305,0.908,0.807,0.743,0.825,0.793,0.97,0.972,0.945
0.995,0.995,0.993,0.993,0.614,0.105,0.904,0.972,0.105,0.95,0.972,0.97,0.904,0.614,0.97,0.972,0.904,0.614,0.62,0.904,0.991,0.962,0.991,0.909,0.904,0.904,0.909,0.972,0.961,0.95,0.961,0.962,0.876,0.967,0.984,0.967,0.921,0.984,0.876,0.921,0.425,0.967,0.937,0.681,0.967,0.921,0.689,0.937,0.915,0.937,0.091,0.353,0.724,0.906,0.697,0.906,0.876,0.735,0.735,0.735,0.947,0.697,0.876,0.697,0.724,0.947,0.964,0.919,0.964,0.659,0.659,0.659,0.429,0.646,0.741,0.396,0.792,0.048,0.839,0.792,0.33,0.646,0.594,0.242,0.924,0.594,0.839,0.397,0.314,0.108,0.646,0.735,0.4,0.262,0.628,0.594,0.305,0.628,0.628,0.38,0.79,0.87,0.043,0.79,0.79,0.028,0.465,0.618,0.618,0.662,0.792,0.719,0.98,0.769,0.286,0.068,0.085,0.878,0.98,0.719,0.455,0.979,0.086,0.151,0.428,0.541,0.051,0.559,0.541,0.956,0.151,0.698,0.158,0.882,0.053,0.815,0.762,0.573,0.678,0.815,0.795,0.07,0.031,0.684,0.795,0.081,0.795,0.815,0.032,0.787,0.751,0.825,0.694,0.075,0.688,0.032,0.993,0.857,0.979,0.822,0.976,0.662,0.716,0.767,0.841,0.836,0.951,0.856
0.149,0.149,0.134,0.134,0.4,0.46,0.052,0.051,0.448,0.019,0.051,0.057,0.046,0.4,0.057,0.051,0.046,0.4,0.451,0.046,0.131,0.039,0.131,0.044,0.046,0.052,0.044,0.051,0.054,0.019,0.054,0.039,0.539,0.053,0.06,0.053,0.082,0.06,0.539,0.082,0.346,0.053,0.094,0.38,0.053,0.082,0.478,0.094,0.573,0.094,0.365,0.277,0.312,0.804,0.177,0.804,0.809,0.193,0.193,0.193,0.045,0.177,0.809,0.177,0.312,0.045,0.057,0.61,0.057,0.153,0.153,0.153,0.29,0.214,0.43,0.34,0.153,0.004,0.189,0.153,0.337,0.214,0.335,0.419,0.608,0.335,0.189,0.326,0.353,0.017,0.214,0.427,0.352,0.535,0.149,0.335,0.544,0.149,0.149,0.318,0.15,0.175,0.008,0.15,0.15,0.009,0.426,0.244,0.244,0.243,0.372,0.669,0.291,0.631,0.436,0.014,0.024,0.155,0.272,0.669,0.428,0.282,0.027,0.259,0.389,0.244,0.015,0.9,0.244,0.524,0.181,0.324,0.159,0.426,0.029,0.211,0.799,0.252,0.879,0.211,0.176,0.064,0.824,0.829,0.176,0.03,0.176,0.211,0.839,0.549,0.757,0.572,0.335,0.029,0.191,0.843,0.268,0.585,0.333,0.765,0.334,0.357,0.196,0.174,0.174,0.35,0.37,0.352
0.147,0.147,0.121,0.121,0.87,0.205,0.179,0.537,0.201,0.308,0.537,0.189,0.49,0.87,0.189,0.537,0.49,0.87,0.821,0.49,0.124,0.335,0.124,0.482,0.49,0.179,0.482,0.537,0.486,0.308,0.486,0.335,0.689,0.462,0.192,0.462,0.937,0.192,0.689,0.937,0.294,0.462,0.929,0.17,0.462,0.937,0.829,0.929,0.027,0.929,0.212,0.339,0.808,0.843,0.942,0.843,0.855,0.926,0.926,0.926,0.282,0.942,0.855,0.942,0.808,0.282,0.415,0.061,0.415,0.876,0.876,0.876,0.303,0.876,0.162,0.361,0.858,0.112,0.881,0.858,0.364,0.876,0.799,0.35,0.049,0.799,0.881,0.307,0.407,0.135,0.876,0.165,0.337,0.406,0.829,0.799,0.847,0.829,0.829,0.306,0.769,0.82,0.079,0.769,0.769,0.099,0.287,0.992,0.992,0.991,0.992,0.926,0.726,0.973,0.382,0.102,0.206,0.802,0.73,0.926,0.273,0.728,0.2,0.797,0.356,0.992,0.148,0.184,0.992,0.985,0.876,0.768,0.871,0.988,0.209,0.857,0.18,0.99,0.213,0.857,0.876,0.228,0.065,0.658,0.876,0.284,0.876,0.857,0.122,0.698,0.647,0.718,0.113,0.228,0.14,0.134,0.262,0.699,0.168,0.694,0.134,0.118,0.13,0.145,0.132,0.125,0.19,0.458
0.878,0.878,0.738,0.738,0.254,0.971,0.598,0.552,0.99,0.558,0.552,0.702,0.507,0.254,0.702,0.552,0.507,0.254,0.169,0.507,0.867,0.561,0.867,0.492,0.507,0.598,0.492,0.552,0.462,0.558,0.462,0.561,0.283,0.533,0.686,0.533,0.162,0.686,0.283,0.162,0.86,0.533,0.174,0.061,0.533,0.162,0.114,0.174,0.45,0.174,0.989,0.876,0.658,0.252,0.148,0.252,0.246,0.153,0.153,0.153,0.63,0.148,0.246,0.148,0.658,0.63,0.558,0.356,0.558,0.436,0.436,0.436,0.892,0.473,0.078,0.777,0.338,0.329,0.29,0.338,0.92,0.473,0.546,0.849,0.371,0.546,0.29,0.783,0.878,0.351,0.473,0.065,0.764,0.844,0.087,0.546,0.233,0.087,0.087,0.805,0.158,0.191,0.347,0.158,0.158,0.617,0.722,0.34,0.34,0.368,0.322,0.644,0.499,0.659,0.782,0.377,0.844,0.242,0.531,0.644,0.772,0.51,0.837,0.51,0.884,0.309,0.65,0.354,0.309,0.914,0.478,0.561,0.489,0.335,0.804,0.226,0.259,0.338,0.267,0.226,0.188,0.923,0.549,0.223,0.188,0.52,0.188,0.226,0.564,0.268,0.253,0.344,0.25,0.498,0.294,0.447,0.455,0.36,0.491,0.252,0.511,0.272,0.258,0.272,0.243,0.171,0.167,0.159
0.684,0.684,0.598,0.598,0.238,0.715,0.372,0.449,0.695,0.753,0.449,0.381,0.433,0.238,0.381,0.449,0.433,0.238,0.856,0.433,0.578,0.714,0.578,0.374,0.433,0.372,0.374,0.449,0.454,0.753,0.454,0.714,0.487,0.62,0.647,0.62,0.225,0.647,0.487,0.225,0.443,0.62,0.185,0.789,0.62,0.225,0.858,0.185,0.801,0.185,0.691,0.371,0.206,0.494,0.213,0.494,0.477,0.178,0.178,0.178,0.683,0.213,0.477,0.213,0.206,0.683,0.579,0.837,0.579,0.181,0.181,0.181,0.262,0.284,0.858,0.216,0.237,0.462,0.219,0.237,0.226,0.284,0.304,0.256,0.843,0.304,0.219,0.198,0.246,0.48,0.284,0.895,0.208,0.27,0.188,0.304,0.872,0.188,0.188,0.186,0.17,0.306,0.465,0.17,0.17,0.543,0.174,0.271,0.271,0.218,0.591,0.361,0.378,0.367,0.242,0.485,0.746,0.316,0.351,0.361,0.165,0.356,0.752,0.517,0.212,0.339,0.538,0.589,0.339,0.558,0.365,0.247,0.384,0.657,0.435,0.343,0.591,0.253,0.717,0.343,0.341,0.772,0.849,0.337,0.341,0.411,0.341,0.343,0.861,0.961,0.582,0.973,0.914,0.408,0.854,0.825,0.904,0.954,0.888,0.534,0.872,0.902,0.836,0.897,0.852,0.791,0.771,0.643
0.815,0.815,0.789,0.789,0.57,0.924,0.866,0.87,0.954,0.763,0.87,0.894,0.81,0.57,0.894,0.87,0.81,0.57,0.389,0.81,0.828,0.814,0.828,0.771,0.81,0.866,0.771,0.87,0.766,0.763,0.766,0.814,0.56,0.883,0.905,0.883,0.768,0.905,0.56,0.768,0.925,0.883,0.722,0.506,0.883,0.768,0.084,0.722,0.881,0.722,0.966,0.91,0.357,0.616,0.757,0.616,0.61,0.722,0.722,0.722,0.796,0.757,0.61,0.757,0.357,0.796,0.786,0.912,0.786,0.379,0.379,0.379,0.848,0.678,0.851,0.835,0.732,0.945,0.706,0.732,0.943,0.678,0.554,0.857,0.927,0.554,0.706,0.831,0.933,0.957,0.678,0.862,0.857,0.866,0.64,0.554,0.577,0.64,0.64,0.849,0.731,0.678,0.956,0.731,0.731,0.964,0.906,0.337,0.337,0.449,0.239,0.561,0.551,0.51,0.817,0.954,0.845,0.655,0.548,0.561,0.797,0.548,0.838,0.64,0.842,0.504,0.945,0.472,0.504,0.26,0.654,0.447,0.651,0.324,0.55,0.69,0.463,0.556,0.257,0.69,0.714,0.874,0.518,0.185,0.714,0.621,0.714,0.69,0.5,0.255,0.178,0.257,0.405,0.579,0.68,0.508,0.653,0.246,0.61,0.185,0.625,0.462,0.658,0.658,0.639,0.708,0.718,0.786
0.688,0.688,0.661,0.661,0.646,0.422,0.554,0.474,0.435,0.301,0.474,0.61,0.427,0.646,0.61,0.474,0.427,0.646,0.441,0.427,0.918,0.355,0.918,0.403,0.427,0.554,0.403,0.474,0.474,0.301,0.474,0.355,0.917,0.489,0.577,0.489,0.674,0.577,0.917,0.674,0.896,0.489,0.76,0.88,0.489,0.674,0.373,0.76,0.484,0.76,0.382,0.821,0.701,0.872,0.694,0.872,0.869,0.745,0.745,0.745,0.428,0.694,0.869,0.694,0.701,0.428,0.477,0.338,0.477,0.653,0.653,0.653,0.784,0.732,0.908,0.888,0.987,0.157,0.973,0.987,0.961,0.732,0.562,0.934,0.375,0.562,0.973,0.895,0.958,0.179,0.732,0.924,0.894,0.93,0.969,0.562,0.747,0.969,0.969,0.886,0.926,0.959,0.154,0.926,0.926,0.184,0.91,0.563,0.563,0.653,0.612,0.172,0.543,0.233,0.928,0.174,0.456,0.989,0.523,0.172,0.901,0.528,0.457,0.647,0.934,0.437,0.228,0.41,0.437,0.324,0.666,0.727,0.668,0.465,0.323,0.96,0.533,0.604,0.418,0.96,0.939,0.422,0.122,0.438,0.939,0.236,0.939,0.96,0.143,0.386,0.378,0.427,0.422,0.237,0.566,0.183,0.748,0.434,0.389,0.356,0.356,0.436,0.545,0.641,0.606,0.316,0.34,0.676
0.964,0.964,0.939,0.939,0.706,0.677,0.738,0.698,0.702,0.807,0.698,0.742,0.643,0.706,0.742,0.698,0.643,0.706,0.438,0.643,0.868,0.827,0.868,0.653,0.643,0.738,0.653,0.698,0.702,0.807,0.702,0.827,0.63,0.791,0.83,0.791,0.433,0.83,0.63,0.433,0.624,0.791,0.388,0.759,0.791,0.433,0.383,0.388,0.826,0.388,0.58,0.627,0.843,0.671,0.68,0.671,0.675,0.654,0.654,0.654,0.852,0.68,0.675,0.68,0.843,0.852,0.699,0.836,0.699,0.812,0.812,0.812,0.852,0.6,0.751,0.959,0.85,0.669,0.845,0.85,0.332,0.6,0.891,0.355,0.835,0.891,0.845,0.961,0.338,0.059,0.6,0.72,0.968,0.342,0.812,0.891,0.443,0.812,0.812,0.959,0.812,0.53,0.67,0.812,0.812,0.695,0.911,0.296,0.296,0.232,0.9,0.974,0.937,0.972,0.318,0.055,0.095,0.528,0.946,0.974,0.947,0.971,0.094,0.958,0.325,0.496,0.06,0.829,0.496,0.932,0.955,0.67,0.963,0.811,0.015,0.877,0.858,0.37,0.815,0.877,0.875,0.058,0.226,0.673,0.875,0.027,0.875,0.877,0.234,0.442,0.629,0.415,0.884,0.032,0.917,0.208,0.846,0.416,0.835,0.586,0.825,0.921,0.881,0.935,0.906,0.877,0.862,0.904
0.828,0.828,0.877,0.877,0.611,0.982,0.811,0.704,0.978,0.769,0.704,0.812,0.702,0.611,0.812,0.704,0.702,0.611,0.964,0.702,0.877,0.754,0.877,0.705,0.702,0.811,0.705,0.704,0.697,0.769,0.697,0.754,0.293,0.712,0.847,0.712,0.726,0.847,0.293,0.726,0.964,0.712,0.754,0.431,0.712,0.726,0.995,0.754,0.363,0.754,0.974,0.961,0.463,0.389,0.643,0.389,0.398,0.677,0.677,0.677,0.799,0.643,0.398,0.643,0.463,0.799,0.718,0.41,0.718,0.908,0.908,0.908,0.998,0.776,0.494,0.837,0.728,0.442,0.628,0.728,0.895,0.776,0.485,0.861,0.387,0.485,0.628,0.846,0.889,0.564,0.776,0.51,0.916,0.862,0.728,0.485,0.815,0.728,0.728,0.914,0.684,0.609,0.435,0.684,0.684,0.654,0.884,0.82,0.82,0.882,0.532,0.922,0.838,0.736,0.939,0.544,0.524,0.676,0.802,0.922,0.935,0.797,0.677,0.755,0.97,0.775,0.749,0.446,0.775,0.478,0.754,0.521,0.738,0.525,0.858,0.628,0.451,0.883,0.431,0.628,0.676,0.524,0.355,0.705,0.676,0.577,0.676,0.628,0.351,0.51,0.604,0.328,0.625,0.585,0.527,0.439,0.96,0.334,0.806,0.603,0.845,0.525,0.617,0.539,0.641,0.742,0.722,0.87
0.487,0.487,0.58,0.58,0.404,0.916,0.918,0.873,0.885,0.453,0.873,0.911,0.827,0.404,0.911,0.873,0.827,0.404,0.315,0.827,0.672,0.515,0.672,0.84,0.827,0.918,0.84,0.873,0.858,0.453,0.858,0.515,0.759,0.843,0.94,0.843,0.436,0.94,0.759,0.436,0.912,0.843,0.398,0.836,0.843,0.436,0.376,0.398,0.753,0.398,0.796,0.935,0.475,0.796,0.377,0.796,0.789,0.344,0.344,0.344,0.523,0.377,0.789,0.377,0.475,0.523,0.864,0.678,0.864,0.339,0.339,0.339,0.895,0.471,0.88,0.808,0.673,0.602,0.761,0.673,0.934,0.471,0.41,0.879,0.732,0.41,0.761,0.809,0.927,0.709,0.471,0.902,0.794,0.878,0.686,0.41,0.187,0.686,0.686,0.795,0.666,0.633,0.578,0.666,0.666,0.708,0.833,0.408,0.408,0.44,0.912,0.79,0.851,0.809,0.899,0.717,0.814,0.566,0.85,0.79,0.831,0.834,0.762,0.956,0.862,0.495,0.846,0.459,0.495,0.795,0.877,0.323,0.888,0.854,0.847,0.663,0.416,0.538,0.459,0.663,0.733,0.922,0.66,0.556,0.733,0.714,0.733,0.663,0.676,0.45,0.412,0.416,0.731,0.619,0.831,0.764,0.684,0.432,0.594,0.371,0.584,0.757,0.778,0.782,0.769,0.566,0.564,0.877
0.982,0.982,0.979,0.979,0.202,0.919,0.882,0.763,0.897,0.843,0.763,0.882,0.693,0.202,0.882,0.763,0.693,0.202,0.099,0.693,0.928,0.831,0.928,0.669,0.693,0.882,0.669,0.763,0.72,0.843,0.72,0.831,0.883,0.682,0.812,0.682,0.742,0.812,0.883,0.742,0.874,0.682,0.674,0.704,0.682,0.742,0.09,0.674,0.421,0.674,0.934,0.853,0.704,0.894,0.856,0.894,0.87,0.811,0.811,0.811,0.913,0.856,0.87,0.856,0.704,0.913,0.753,0.374,0.753,0.656,0.656,0.656,0.715,0.107,0.664,0.946,0.827,0.591,0.84,0.827,0.949,0.107,0.603,0.927,0.363,0.603,0.84,0.935,0.947,0.879,0.107,0.741,0.934,0.932,0.652,0.603,0.052,0.652,0.652,0.921,0.537,0.585,0.764,0.537,0.537,0.721,0.901,0.572,0.572,0.697,0.423,0.449,0.582,0.385,0.898,0.856,0.918,0.589,0.576,0.449,0.896,0.562,0.908,0.773,0.922,0.633,0.798,0.684,0.633,0.307,0.717,0.506,0.699,0.449,0.761,0.736,0.614,0.751,0.383,0.736,0.612,0.872,0.223,0.292,0.612,0.91,0.612,0.736,0.237,0.328,0.556,0.388,0.729,0.86,0.795,0.227,0.729,0.398,0.857,0.532,0.864,0.704,0.871,0.765,0.83,0.779,0.744,0.869
0.035,0.035,0.031,0.031,0.825,0.281,0.437,0.464,0.338,0.77,0.464,0.596,0.365,0.825,0.596,0.464,0.365,0.825,0.812,0.365,0.041,0.836,0.041,0.35,0.365,0.437,0.35,0.464,0.464,0.77,0.464,0.836,0.873,0.418,0.545,0.418,0.342,0.545,0.873,0.342,0.602,0.418,0.27,0.079,0.418,0.342,0.701,0.27,0.117,0.27,0.675,0.633,0.483,0.827,0.719,0.827,0.828,0.633,0.633,0.633,0.74,0.719,0.828,0.719,0.483,0.74,0.397,0.126,0.397,0.435,0.435,0.435,0.611,0.421,0.084,0.719,0.555,0.168,0.585,0.555,0.907,0.421,0.583,0.831,0.134,0.583,0.585,0.726,0.908,0.193,0.421,0.087,0.683,0.827,0.473,0.583,0.871,0.473,0.473,0.702,0.506,0.591,0.221,0.506,0.506,0.181,0.724,0.549,0.549,0.585,0.577,0.581,0.636,0.613,0.757,0.18,0.446,0.57,0.631,0.581,0.714,0.631,0.398,0.715,0.825,0.656,0.167,0.737,0.656,0.505,0.731,0.446,0.74,0.543,0.199,0.68,0.729,0.687,0.812,0.68,0.719,0.361,0.495,0.64,0.719,0.177,0.719,0.68,0.512,0.357,0.476,0.506,0.835,0.346,0.801,0.779,0.038,0.442,0.059,0.443,0.071,0.864,0.785,0.855,0.832,0.123,0.114,0.125
0.411,0.411,0.445,0.445,0.571,0.427,0.235,0.136,0.427,0.356,0.136,0.195,0.122,0.571,0.195,0.136,0.122,0.571,0.457,0.122,0.602,0.386,0.602,0.139,0.122,0.235,0.139,0.136,0.153,0.356,0.153,0.386,0.273,0.184,0.306,0.184,0.633,0.306,0.273,0.633,0.556,0.184,0.634,0.185,0.184,0.633,0.427,0.634,0.397,0.634,0.45,0.593,0.718,0.254,0.546,0.254,0.253,0.529,0.529,0.529,0.477,0.546,0.253,0.546,0.718,0.477,0.226,0.437,0.226,0.804,0.804,0.804,0.632,0.59,0.2,0.531,0.652,0.665,0.719,0.652,0.409,0.59,0.627,0.556,0.46,0.627,0.719,0.55,0.488,0.706,0.59,0.19,0.509,0.556,0.554,0.627,0.336,0.554,0.554,0.573,0.581,0.612,0.663,0.581,0.581,0.579,0.658,0.639,0.639,0.404,0.535,0.315,0.405,0.321,0.669,0.671,0.469,0.568,0.388,0.315,0.635,0.384,0.453,0.393,0.38,0.528,0.779,0.323,0.528,0.341,0.321,0.717,0.325,0.474,0.624,0.667,0.271,0.308,0.169,0.667,0.674,0.668,0.929,0.75,0.674,0.526,0.674,0.667,0.93,0.944,0.72,0.907,0.125,0.525,0.126,0.951,0.164,0.91,0.2,0.712,0.192,0.13,0.141,0.142,0.104,0.095,0.107,0.131
0.183,0.183,0.189,0.189,0.662,0.178,0.19,0.059,0.176,0.137,0.059,0.089,0.094,0.662,0.089,0.059,0.094,0.662,0.805,0.094,0.094,0.056,0.094,0.147,0.094,0.19,0.147,0.059,0.067,0.137,0.067,0.056,0.108,0.083,0.104,0.083,0.405,0.104,0.108,0.405,0.6,0.083,0.446,0.245,0.083,0.405,0.687,0.446,0.472,0.446,0.146,0.604,0.622,0.053,0.509,0.053,0.048,0.569,0.569,0.569,0.04,0.509,0.048,0.509,0.622,0.04,0.039,0.396,0.039,0.466,0.466,0.466,0.553,0.601,0.199,0.622,0.699,0.298,0.588,0.699,0.605,0.601,0.332,0.716,0.428,0.332,0.588,0.645,0.558,0.533,0.601,0.203,0.587,0.73,0.474,0.332,0.839,0.474,0.474,0.617,0.473,0.727,0.3,0.473,0.473,0.539,0.563,0.416,0.416,0.332,0.646,0.23,0.339,0.241,0.613,0.493,0.679,0.798,0.309,0.23,0.579,0.325,0.683,0.324,0.624,0.249,0.727,0.567,0.249,0.217,0.322,0.612,0.313,0.52,0.768,0.482,0.705,0.207,0.726,0.482,0.393,0.712,0.318,0.877,0.393,0.475,0.393,0.482,0.372,0.893,0.836,0.869,0.711,0.419,0.759,0.418,0.968,0.849,0.893,0.904,0.86,0.762,0.714,0.752,0.703,0.61,0.731,0.791
0.359,0.359,0.238,0.238,0.199,0.903,0.438,0.417,0.934,0.354,0.417,0.479,0.287,0.199,0.479,0.417,0.287,0.199,0.279,0.287,0.166,0.393,0.166,0.284,0.287,0.438,0.284,0.417,0.37,0.354,0.37,0.393,0.606,0.407,0.536,0.407,0.506,0.536,0.606,0.506,0.686,0.407,0.392,0.713,0.407,0.506,0.227,0.392,0.64,0.392,0.973,0.65,0.589,0.64,0.45,0.64,0.615,0.191,0.191,0.191,0.394,0.45,0.615,0.45,0.589,0.394,0.436,0.53,0.436,0.361,0.361,0.361,0.531,0.205,0.417,0.934,0.38,0.713,0.53,0.38,0.872,0.205,0.492,0.822,0.504,0.492,0.53,0.912,0.846,0.184,0.205,0.419,0.922,0.831,0.38,0.492,0.169,0.38,0.38,0.897,0.371,0.663,0.737,0.371,0.371,0.775,0.937,0.514,0.514,0.541,0.464,0.364,0.753,0.339,0.833,0.156,0.253,0.48,0.731,0.364,0.941,0.722,0.274,0.827,0.832,0.679,0.067,0.632,0.679,0.272,0.768,0.499,0.766,0.719,0.079,0.6,0.602,0.693,0.645,0.6,0.602,0.204,0.86,0.453,0.602,0.138,0.602,0.6,0.852,0.478,0.449,0.432,0.792,0.138,0.643,0.526,0.641,0.4,0.634,0.413,0.68,0.582,0.796,0.613,0.786,0.429,0.42,0.247
0.233,0.233,0.241,0.241,0.61,0.918,0.431,0.989,0.936,0.876,0.989,0.415,0.99,0.61,0.415,0.989,0.99,0.61,0.306,0.99,0.372,0.912,0.372,0.972,0.99,0.431,0.972,0.989,0.972,0.876,0.972,0.912,0.916,0.984,0.389,0.984,0.69,0.389,0.916,0.69,0.735,0.984,0.507,0.938,0.984,0.69,0.396,0.507,0.066,0.507,0.889,0.642,0.354,0.883,0.464,0.883,0.911,0.329,0.329,0.329,0.869,0.464,0.911,0.464,0.354,0.869,0.971,0.044,0.971,0.228,0.228,0.228,0.698,0.531,0.945,0.375,0.519,0.03,0.494,0.519,0.582,0.531,0.419,0.49,0.042,0.419,0.494,0.396,0.602,0.125,0.531,0.95,0.366,0.476,0.372,0.419,0.448,0.372,0.372,0.356,0.322,0.461,0.028,0.322,0.322,0.035,0.366,0.803,0.803,0.644,0.64,0.276,0.815,0.298,0.437,0.143,0.118,0.458,0.809,0.276,0.304,0.818,0.13,0.834,0.513,0.781,0.038,0.942,0.781,0.747,0.839,0.342,0.84,0.741,0.014,0.473,0.924,0.669,0.944,0.473,0.563,0.034,0.51,0.888,0.563,0.057,0.563,0.473,0.473,0.929,0.914,0.968,0.536,0.053,0.32,0.567,0.672,0.964,0.214,0.961,0.198,0.517,0.274,0.307,0.276,0.172,0.221,0.527
0.521,0.521,0.538,0.538,0.613,0.613,0.231,0.268,0.648,0.169,0.268,0.212,0.299,0.613,0.212,0.268,0.299,0.613,0.922,0.299,0.5,0.22,0.5,0.262,0.299,0.231,0.262,0.268,0.211,0.169,0.211,0.22,0.872,0.383,0.325,0.383,0.874,0.325,0.872,0.874,0.991,0.383,0.873,0.4,0.383,0.874,0.905,0.873,0.944,0.873,0.785,0.996,0.396,0.907,0.887,0.907,0.935,0.893,0.893,0.893,0.211,0.887,0.935,0.887,0.396,0.211,0.327,0.9,0.327,0.218,0.218,0.218,0.975,0.561,0.421,0.852,0.587,0.548,0.582,0.587,0.962,0.561,0.467,0.898,0.969,0.467,0.582,0.861,0.963,0.75,0.561,0.598,0.866,0.897,0.396,0.467,0.805,0.396,0.396,0.889,0.326,0.498,0.55,0.326,0.326,0.633,0.837,0.825,0.825,0.851,0.698,0.845,0.904,0.885,0.879,0.635,0.783,0.622,0.9,0.845,0.902,0.895,0.779,0.796,0.956,0.835,0.726,0.435,0.835,0.66,0.792,0.403,0.795,0.695,0.667,0.734,0.412,0.863,0.416,0.734,0.711,0.891,0.907,0.423,0.711,0.718,0.711,0.734,0.877,0.472,0.403,0.478,0.224,0.719,0.202,0.838,0.598,0.469,0.423,0.417,0.386,0.222,0.162,0.198,0.157,0.418,0.437,0.682
0.784,0.784,0.754,0.754,0.729,0.15,0.479,0.461,0.156,0.628,0.461,0.617,0.392,0.729,0.617,0.461,0.392,0.729,0.65,0.392,0.741,0.649,0.741,0.359,0.392,0.479,0.359,0.461,0.455,0.628,0.455,0.649,0.68,0.474,0.616,0.474,0.621,0.616,0.68,0.621,0.344,0.474,0.621,0.827,0.474,0.621,0.387,0.621,0.313,0.621,0.165,0.312,0.944,0.582,0.518,0.582,0.541,0.507,0.507,0.507,0.711,0.518,0.541,0.518,0.944,0.711,0.405,0.413,0.405,0.855,0.855,0.855,0.267,0.665,0.827,0.48,0.933,0.324,0.887,0.933,0.249,0.665,0.759,0.453,0.39,0.759,0.887,0.492,0.263,0.122,0.665,0.824,0.442,0.507,0.713,0.759,0.617,0.713,0.713,0.493,0.718,0.793,0.286,0.718,0.718,0.268,0.554,0.781,0.781,0.734,0.95,0.861,0.733,0.881,0.549,0.108,0.383,0.812,0.766,0.861,0.456,0.756,0.448,0.855,0.246,0.811,0.165,0.649,0.811,0.737,0.899,0.822,0.902,0.952,0.144,0.45,0.743,0.78,0.784,0.45,0.382,0.4,0.049,0.502,0.382,0.104,0.382,0.45,0.051,0.345,0.47,0.362,0.205,0.079,0.152,0.09,0.145,0.342,0.198,0.451,0.203,0.241,0.156,0.152,0.146,0.258,0.271,0.375
0.417,0.417,0.463,0.463,0.383,0.781,0.325,0.196,0.798,0.181,0.196,0.232,0.222,0.383,0.232,0.196,0.222,0.383,0.587,0.222,0.196,0.17,0.196,0.195,0.222,0.325,0.195,0.196,0.171,0.181,0.171,0.17,0.023,0.086,0.127,0.086,0.228,0.127,0.023,0.228,0.654,0.086,0.307,0.689,0.086,0.228,0.483,0.307,0.829,0.307,0.87,0.64,0.169,0.059,0.166,0.059,0.065,0.237,0.237,0.237,0.067,0.166,0.065,0.166,0.169,0.067,0.082,0.832,0.082,0.174,0.174,0.174,0.856,0.47,0.662,0.99,0.191,0.451,0.133,0.191,0.623,0.47,0.227,0.98,0.833,0.227,0.133,0.993,0.622,0.522,0.47,0.679,0.99,0.977,0.361,0.227,0.738,0.361,0.361,0.991,0.278,0.255,0.452,0.278,0.278,0.495,0.992,0.733,0.733,0.75,0.891,0.685,0.948,0.672,0.984,0.524,0.467,0.327,0.893,0.685,0.992,0.904,0.505,0.952,0.722,0.64,0.533,0.333,0.64,0.949,0.944,0.34,0.933,0.917,0.666,0.138,0.313,0.721,0.259,0.138,0.125,0.646,0.577,0.191,0.125,0.597,0.125,0.138,0.521,0.194,0.187,0.18,0.357,0.607,0.432,0.53,0.431,0.242,0.65,0.179,0.654,0.347,0.418,0.308,0.397,0.576,0.539,0.478
0.351,0.351,0.488,0.488,0.05,0.48,0.605,0.507,0.536,0.595,0.507,0.557,0.59,0.05,0.557,0.507,0.59,0.05,0.079,0.59,0.42,0.489,0.42,0.543,0.59,0.605,0.543,0.507,0.487,0.595,0.487,0.489,0.956,0.555,0.619,0.555,0.138,0.619,0.956,0.138,0.934,0.555,0.141,0.854,0.555,0.138,0.072,0.141,0.396,0.141,0.483,0.899,0.023,0.937,0.076,0.937,0.944,0.077,0.077,0.077,0.54,0.076,0.944,0.076,0.023,0.54,0.501,0.333,0.501,0.032,0.032,0.032,0.981,0.109,0.909,0.966,0.028,0.37,0.027,0.028,0.996,0.109,0.024,0.981,0.481,0.024,0.027,0.981,0.997,0.449,0.109,0.91,0.956,0.972,0.046,0.024,0.09,0.046,0.046,0.98,0.053,0.029,0.651,0.053,0.053,0.234,0.961,0.155,0.155,0.165,0.407,0.286,0.999,0.316,0.979,0.76,0.653,0.029,0.996,0.286,0.968,0.998,0.647,0.902,0.986,0.143,0.301,0.107,0.143,0.506,0.857,0.029,0.86,0.427,0.264,0.027,0.089,0.16,0.115,0.027,0.024,0.477,0.874,0.077,0.024,0.517,0.024,0.027,0.907,0.054,0.044,0.042,0.232,0.651,0.277,0.938,0.179,0.042,0.212,0.045,0.231,0.233,0.249,0.208,0.175,0.192,0.207,0.282
0.12,0.12,0.104,0.104,0.959,0.183,0.083,0.027,0.229,0.025,0.027,0.061,0.037,0.959,0.061,0.027,0.037,0.959,0.647,0.037,0.047,0.019,0.047,0.034,0.037,0.083,0.034,0.027,0.031,0.025,0.031,0.019,0.818,0.02,0.035,0.02,0.823,0.035,0.818,0.823,0.107,0.02,0.817,0.329,0.02,0.823,0.65,0.817,0.283,0.817,0.26,0.117,0.781,0.885,0.653,0.885,0.889,0.663,0.663,0.663,0.012,0.653,0.889,0.653,0.781,0.012,0.032,0.295,0.032,0.859,0.859,0.859,0.13,0.964,0.269,0.102,0.632,0.382,0.616,0.632,0.128,0.964,0.904,0.118,0.342,0.904,0.616,0.103,0.107,0.264,0.964,0.283,0.108,0.118,0.896,0.904,0.746,0.896,0.896,0.105,0.89,0.825,0.416,0.89,0.89,0.333,0.105,0.973,0.973,0.965,0.999,0.961,0.063,0.999,0.118,0.285,0.285,0.855,0.068,0.961,0.108,0.06,0.241,0.068,0.131,0.979,0.197,0.024,0.979,0.997,0.078,0.921,0.074,1.0,0.179,0.553,0.026,0.969,0.026,0.553,0.545,0.237,0.14,0.019,0.545,0.305,0.545,0.553,0.135,0.005,0.024,0.006,0.031,0.275,0.045,0.109,0.061,0.005,0.061,0.025,0.064,0.029,0.05,0.043,0.047,0.053,0.049,0.075
0.197,0.197,0.244,0.244,0.064,0.629,0.094,0.204,0.582,0.284,0.204,0.097,0.345,0.064,0.097,0.204,0.345,0.064,0.057,0.345,0.155,0.202,0.155,0.274,0.345,0.094,0.274,0.204,0.205,0.284,0.205,0.202,0.92,0.15,0.099,0.15,0.089,0.099,0.92,0.089,0.087,0.15,0.093,0.517,0.15,0.089,0.052,0.093,0.757,0.093,0.63,0.097,0.215,0.968,0.049,0.968,0.963,0.072,0.072,0.072,0.224,0.049,0.963,0.049,0.215,0.224,0.144,0.771,0.144,0.313,0.313,0.313,0.11,0.05,0.615,0.131,0.344,0.076,0.378,0.344,0.138,0.05,0.118,0.159,0.794,0.118,0.378,0.135,0.145,0.103,0.05,0.665,0.138,0.148,0.451,0.118,0.016,0.451,0.451,0.137,0.465,0.092,0.073,0.465,0.465,0.119,0.134,0.224,0.224,0.201,0.137,0.252,0.593,0.278,0.218,0.105,0.013,0.089,0.546,0.252,0.135,0.559,0.015,0.593,0.311,0.232,0.159,0.075,0.232,0.243,0.62,0.091,0.615,0.162,0.234,0.108,0.06,0.175,0.071,0.108,0.092,0.014,0.776,0.082,0.092,0.127,0.092,0.108,0.773,0.084,0.07,0.083,0.089,0.125,0.085,0.76,0.191,0.087,0.139,0.072,0.144,0.105,0.072,0.072,0.065,0.204,0.15,0.272
0.617,0.617,0.67,0.67,0.473,0.043,0.912,0.611,0.041,0.585,0.611,0.847,0.831,0.473,0.847,0.611,0.831,0.473,0.235,0.831,0.712,0.43,0.712,0.793,0.831,0.912,0.793,0.611,0.593,0.585,0.593,0.43,0.371,0.643,0.724,0.643,0.48,0.724,0.371,0.48,0.008,0.643,0.55,0.674,0.643,0.48,0.254,0.55,0.529,0.55,0.042,0.01,0.998,0.221,0.476,0.221,0.213,0.547,0.547,0.547,0.473,0.476,0.213,0.476,0.998,0.473,0.626,0.387,0.626,0.994,0.994,0.994,0.009,0.449,0.674,0.007,0.984,0.676,0.984,0.984,0.01,0.449,0.568,0.008,0.42,0.568,0.984,0.007,0.008,0.76,0.449,0.674,0.005,0.011,0.994,0.568,0.216,0.994,0.994,0.005,0.995,0.435,0.71,0.995,0.995,0.829,0.006,0.363,0.363,0.521,0.916,0.73,0.13,0.755,0.009,0.789,0.27,0.436,0.125,0.73,0.004,0.124,0.329,0.143,0.016,0.362,0.894,0.816,0.362,0.906,0.14,0.53,0.143,0.915,0.584,0.379,0.798,0.548,0.782,0.379,0.37,0.299,0.242,0.964,0.37,0.503,0.37,0.379,0.253,0.886,0.955,0.896,0.69,0.542,0.613,0.24,0.287,0.904,0.48,0.948,0.525,0.683,0.608,0.61,0.597,0.362,0.488,0.127
0.118,0.118,0.153,0.153,0.532,0.227,0.144,0.041,0.177,0.037,0.041,0.088,0.104,0.532,0.088,0.041,0.104,0.532,0.088,0.104,0.065,0.033,0.065,0.077,0.104,0.144,0.077,0.041,0.03,0.037,0.03,0.033,0.731,0.06,0.082,0.06,0.094,0.082,0.731,0.094,0.164,0.06,0.116,0.983,0.06,0.094,0.106,0.116,0.897,0.116,0.128,0.172,0.991,0.703,0.341,0.703,0.688,0.397,0.397,0.397,0.028,0.341,0.688,0.341,0.991,0.028,0.047,0.927,0.047,0.976,0.976,0.976,0.244,0.173,0.995,0.237,0.939,0.94,0.974,0.939,0.294,0.173,0.983,0.302,0.898,0.983,0.974,0.256,0.3,0.959,0.173,0.993,0.244,0.291,0.83,0.983,0.19,0.83,0.83,0.267,0.84,0.953,0.945,0.84,0.84,0.875,0.263,0.171,0.171,0.19,0.392,0.554,0.693,0.594,0.295,0.962,0.37,0.942,0.683,0.554,0.262,0.681,0.375,0.711,0.331,0.148,0.982,0.02,0.148,0.33,0.709,0.996,0.715,0.34,0.92,0.89,0.025,0.172,0.011,0.89,0.91,0.309,0.719,0.01,0.91,0.841,0.91,0.89,0.694,0.015,0.012,0.012,0.034,0.854,0.035,0.717,0.064,0.011,0.064,0.013,0.072,0.037,0.039,0.036,0.04,0.144,0.117,0.129
0.461,0.461,0.5,0.5,0.872,0.8,0.276,0.189,0.836,0.443,0.189,0.239,0.239,0.872,0.239,0.189,0.239,0.872,0.12,0.239,0.406,0.292,0.406,0.145,0.239,0.276,0.145,0.189,0.158,0.443,0.158,0.292,0.925,0.171,0.304,0.171,0.857,0.304,0.925,0.857,0.743,0.171,0.692,0.229,0.171,0.857,0.102,0.692,0.295,0.692,0.779,0.711,0.919,0.952,0.857,0.952,0.945,0.726,0.726,0.726,0.221,0.857,0.945,0.857,0.919,0.221,0.141,0.241,0.141,0.811,0.811,0.811,0.634,0.941,0.243,0.822,0.963,0.231,0.959,0.963,0.55,0.941,0.943,0.843,0.261,0.943,0.959,0.842,0.559,0.048,0.941,0.231,0.826,0.832,0.821,0.943,0.414,0.821,0.821,0.831,0.832,0.966,0.206,0.832,0.832,0.252,0.811,0.587,0.587,0.532,0.66,0.959,0.494,0.785,0.824,0.066,0.258,0.966,0.47,0.959,0.807,0.463,0.195,0.576,0.558,0.666,0.066,0.063,0.666,0.83,0.577,0.906,0.572,0.646,0.067,0.988,0.083,0.581,0.103,0.988,0.986,0.196,0.334,0.102,0.986,0.068,0.986,0.988,0.333,0.22,0.083,0.171,0.332,0.086,0.209,0.32,0.277,0.174,0.278,0.063,0.239,0.343,0.198,0.292,0.267,0.238,0.317,0.275
0.393,0.393,0.416,0.416,0.848,0.424,0.323,0.248,0.449,0.105,0.248,0.328,0.227,0.848,0.328,0.248,0.227,0.848,0.443,0.227,0.395,0.145,0.395,0.222,0.227,0.323,0.222,0.248,0.247,0.105,0.247,0.145,0.14,0.395,0.448,0.395,0.68,0.448,0.14,0.68,0.479,0.395,0.527,0.262,0.395,0.68,0.463,0.527,0.067,0.527,0.385,0.486,0.349,0.139,0.391,0.139,0.147,0.479,0.479,0.479,0.197,0.391,0.147,0.391,0.349,0.197,0.325,0.208,0.325,0.4,0.4,0.4,0.445,0.952,0.388,0.566,0.26,0.172,0.243,0.26,0.206,0.952,0.749,0.379,0.203,0.749,0.243,0.623,0.324,0.288,0.952,0.371,0.762,0.305,0.254,0.749,0.944,0.254,0.254,0.803,0.333,0.567,0.162,0.333,0.333,0.117,0.746,0.403,0.403,0.385,0.072,0.744,0.718,0.71,0.403,0.27,0.337,0.45,0.71,0.744,0.893,0.711,0.317,0.754,0.254,0.386,0.257,0.207,0.386,0.123,0.813,0.625,0.814,0.06,0.369,0.246,0.201,0.384,0.154,0.246,0.306,0.672,0.618,0.109,0.306,0.188,0.306,0.246,0.597,0.277,0.077,0.291,0.114,0.217,0.124,0.563,0.098,0.277,0.099,0.076,0.09,0.097,0.121,0.118,0.114,0.062,0.079,0.038
0.758,0.758,0.849,0.849,0.048,0.89,0.645,0.558,0.834,0.562,0.558,0.685,0.511,0.048,0.685,0.558,0.511,0.048,0.415,0.511,0.622,0.451,0.622,0.467,0.511,0.645,0.467,0.558,0.426,0.562,0.426,0.451,0.442,0.432,0.458,0.432,0.091,0.458,0.442,0.091,0.845,0.432,0.09,0.273,0.432,0.091,0.45,0.09,0.135,0.09,0.88,0.879,0.041,0.495,0.081,0.495,0.496,0.085,0.085,0.085,0.49,0.081,0.496,0.081,0.041,0.49,0.459,0.152,0.459,0.12,0.12,0.12,0.654,0.04,0.271,0.446,0.085,0.239,0.079,0.085,0.619,0.04,0.026,0.486,0.147,0.026,0.079,0.418,0.564,0.247,0.04,0.285,0.45,0.55,0.284,0.026,0.078,0.284,0.284,0.399,0.248,0.248,0.21,0.248,0.248,0.233,0.39,0.152,0.152,0.175,0.306,0.142,0.185,0.158,0.483,0.251,0.19,0.271,0.162,0.142,0.376,0.153,0.208,0.293,0.581,0.176,0.238,0.211,0.176,0.296,0.342,0.144,0.328,0.327,0.276,0.037,0.299,0.191,0.395,0.037,0.034,0.172,0.847,0.129,0.034,0.357,0.034,0.037,0.85,0.245,0.071,0.177,0.667,0.358,0.389,0.91,0.693,0.201,0.655,0.066,0.656,0.647,0.409,0.549,0.526,0.845,0.912,0.86
0.486,0.486,0.459,0.459,0.324,0.938,0.374,0.393,0.888,0.265,0.393,0.507,0.272,0.324,0.507,0.393,0.272,0.324,0.361,0.272,0.459,0.325,0.459,0.391,0.272,0.374,0.391,0.393,0.505,0.265,0.505,0.325,0.566,0.361,0.494,0.361,0.452,0.494,0.566,0.452,0.871,0.361,0.272,0.559,0.361,0.452,0.338,0.272,0.741,0.272,0.924,0.85,0.46,0.624,0.409,0.624,0.646,0.196,0.196,0.196,0.29,0.409,0.646,0.409,0.46,0.29,0.317,0.684,0.317,0.215,0.215,0.215,0.772,0.424,0.383,0.999,0.155,0.796,0.258,0.155,0.998,0.424,0.505,0.999,0.708,0.505,0.258,0.999,0.998,0.83,0.424,0.39,0.999,0.999,0.069,0.505,0.095,0.069,0.069,0.999,0.095,0.392,0.82,0.095,0.095,0.581,0.999,0.387,0.387,0.366,0.759,0.484,0.997,0.486,0.999,0.85,0.457,0.197,0.997,0.484,0.998,0.995,0.346,0.978,0.998,0.469,0.917,0.606,0.469,0.664,0.984,0.468,0.98,0.807,0.781,0.284,0.618,0.441,0.641,0.284,0.367,0.481,0.237,0.789,0.367,0.713,0.367,0.284,0.243,0.634,0.722,0.587,0.816,0.825,0.783,0.234,0.889,0.703,0.931,0.71,0.928,0.82,0.773,0.797,0.789,0.932,0.92,0.941
0.621,0.621,0.676,0.676,0.165,0.855,0.737,0.779,0.93,0.836,0.779,0.672,0.837,0.165,0.672,0.779,0.837,0.165,0.494,0.837,0.645,0.804,0.645,0.756,0.837,0.737,0.756,0.779,0.729,0.836,0.729,0.804,0.481,0.836,0.762,0.836,0.582,0.762,0.481,0.582,0.2,0.836,0.625,0.124,0.836,0.582,0.67,0.625,0.442,0.625,0.879,0.274,0.089,0.506,0.429,0.506,0.459,0.45,0.45,0.45,0.782,0.429,0.459,0.429,0.089,0.782,0.783,0.402,0.783,0.084,0.084,0.084,0.317,0.287,0.124,0.203,0.415,0.595,0.46,0.415,0.318,0.287,0.194,0.283,0.411,0.194,0.46,0.196,0.298,0.657,0.287,0.126,0.212,0.302,0.19,0.194,0.569,0.19,0.19,0.204,0.401,0.405,0.576,0.401,0.401,0.526,0.204,0.841,0.841,0.832,0.851,0.678,0.732,0.717,0.251,0.622,0.578,0.292,0.746,0.678,0.197,0.744,0.548,0.455,0.24,0.845,0.659,0.77,0.845,0.703,0.341,0.061,0.345,0.855,0.737,0.449,0.833,0.835,0.405,0.449,0.257,0.464,0.247,0.635,0.257,0.741,0.257,0.449,0.249,0.465,0.688,0.484,0.247,0.727,0.458,0.279,0.501,0.489,0.6,0.658,0.627,0.247,0.441,0.573,0.497,0.746,0.816,0.671
0.887,0.887,0.798,0.798,0.92,0.553,0.8,0.9,0.571,0.841,0.9,0.876,0.796,0.92,0.876,0.9,0.796,0.92,0.115,0.796,0.83,0.908,0.83,0.807,0.796,0.8,0.807,0.9,0.87,0.841,0.87,0.908,0.583,0.891,0.912,0.891,0.56,0.912,0.583,0.56,0.348,0.891,0.661,0.699,0.891,0.56,0.157,0.661,0.825,0.661,0.466,0.307,0.572,0.555,0.517,0.555,0.634,0.587,0.587,0.587,0.862,0.517,0.634,0.517,0.572,0.862,0.913,0.881,0.913,0.586,0.586,0.586,0.515,0.956,0.657,0.679,0.391,0.92,0.342,0.391,0.475,0.956,0.912,0.299,0.87,0.912,0.342,0.688,0.347,0.994,0.956,0.686,0.774,0.366,0.499,0.912,0.114,0.499,0.499,0.781,0.508,0.515,0.873,0.508,0.508,0.955,0.74,0.447,0.447,0.33,0.076,0.881,0.501,0.83,0.384,0.986,0.72,0.525,0.492,0.881,0.827,0.516,0.705,0.573,0.481,0.301,0.93,0.705,0.301,0.112,0.592,0.94,0.608,0.062,0.931,0.503,0.706,0.224,0.821,0.503,0.407,0.579,0.119,0.835,0.407,0.981,0.407,0.503,0.116,0.735,0.781,0.645,0.918,0.973,0.934,0.107,0.79,0.665,0.808,0.773,0.813,0.912,0.901,0.896,0.899,0.649,0.608,0.845
0.993,0.993,0.995,0.995,0.334,0.171,0.815,0.926,0.196,0.879,0.926,0.921,0.898,0.334,0.921,0.926,0.898,0.334,0.373,0.898,0.985,0.906,0.985,0.848,0.898,0.815,0.848,0.926,0.919,0.879,0.919,0.906,0.757,0.841,0.933,0.841,0.17,0.933,0.757,0.17,0.108,0.841,0.135,0.402,0.841,0.17,0.288,0.135,0.432,0.135,0.157,0.112,0.408,0.707,0.286,0.707,0.698,0.205,0.205,0.205,0.881,0.286,0.698,0.286,0.408,0.881,0.791,0.527,0.791,0.225,0.225,0.225,0.05,0.204,0.646,0.248,0.162,0.755,0.137,0.162,0.165,0.204,0.299,0.198,0.544,0.299,0.137,0.292,0.172,0.535,0.204,0.684,0.251,0.194,0.111,0.299,0.482,0.111,0.111,0.295,0.101,0.146,0.744,0.101,0.101,0.769,0.286,0.178,0.178,0.227,0.62,0.371,0.776,0.41,0.148,0.508,0.487,0.201,0.774,0.371,0.293,0.772,0.454,0.735,0.157,0.243,0.431,0.916,0.243,0.561,0.657,0.341,0.643,0.662,0.495,0.1,0.867,0.298,0.87,0.1,0.097,0.21,0.117,0.962,0.097,0.667,0.097,0.1,0.133,0.852,0.934,0.884,0.941,0.639,0.898,0.152,0.161,0.845,0.047,0.891,0.051,0.965,0.895,0.885,0.871,0.064,0.071,0.057
0.376,0.376,0.403,0.403,0.106,0.365,0.335,0.227,0.345,0.742,0.227,0.353,0.219,0.106,0.353,0.227,0.219,0.106,0.277,0.219,0.19,0.763,0.19,0.219,0.219,0.335,0.219,0.227,0.249,0.742,0.249,0.763,0.591,0.279,0.399,0.279,0.564,0.399,0.591,0.564,0.488,0.279,0.669,0.877,0.279,0.564,0.582,0.669,0.387,0.669,0.23,0.488,0.44,0.532,0.532,0.532,0.536,0.496,0.496,0.496,0.762,0.532,0.536,0.532,0.44,0.762,0.232,0.434,0.232,0.36,0.36,0.36,0.419,0.081,0.872,0.295,0.638,0.745,0.665,0.638,0.438,0.081,0.376,0.362,0.477,0.376,0.665,0.304,0.473,0.784,0.081,0.856,0.279,0.338,0.405,0.376,0.118,0.405,0.405,0.293,0.358,0.684,0.718,0.358,0.358,0.707,0.297,0.66,0.66,0.708,0.877,0.32,0.402,0.335,0.349,0.759,0.891,0.609,0.39,0.32,0.276,0.391,0.862,0.424,0.411,0.608,0.814,0.696,0.608,0.88,0.432,0.505,0.431,0.834,0.839,0.75,0.558,0.632,0.544,0.75,0.779,0.849,0.924,0.417,0.779,0.849,0.779,0.75,0.914,0.362,0.488,0.373,0.759,0.855,0.786,0.872,0.677,0.397,0.667,0.543,0.677,0.754,0.747,0.741,0.658,0.74,0.757,0.773
0.236,0.236,0.249,0.249,0.103,0.061,0.378,0.3,0.062,0.406,0.3,0.362,0.305,0.103,0.362,0.3,0.305,0.103,0.3,0.305,0.464,0.422,0.464,0.334,0.305,0.378,0.334,0.3,0.344,0.406,0.344,0.422,0.352,0.315,0.471,0.315,0.371,0.471,0.352,0.371,0.396,0.315,0.321,0.432,0.315,0.371,0.269,0.321,0.621,0.321,0.073,0.453,0.486,0.44,0.472,0.44,0.409,0.369,0.369,0.369,0.341,0.472,0.409,0.472,0.486,0.341,0.329,0.422,0.329,0.801,0.801,0.801,0.437,0.092,0.509,0.32,0.341,0.58,0.325,0.341,0.516,0.092,0.261,0.389,0.445,0.261,0.325,0.286,0.53,0.421,0.092,0.503,0.299,0.377,0.809,0.261,0.033,0.809,0.809,0.294,0.802,0.466,0.485,0.802,0.802,0.588,0.271,0.4,0.4,0.435,0.657,0.31,0.958,0.374,0.392,0.41,0.437,0.501,0.961,0.31,0.231,0.947,0.424,0.584,0.437,0.484,0.526,0.654,0.484,0.536,0.513,0.826,0.469,0.634,0.515,0.384,0.639,0.531,0.443,0.384,0.326,0.526,0.63,0.305,0.326,0.367,0.326,0.384,0.635,0.236,0.386,0.237,0.497,0.386,0.683,0.604,0.077,0.253,0.035,0.428,0.043,0.508,0.71,0.636,0.66,0.03,0.022,0.047
0.248,0.248,0.142,0.142,0.122,0.515,0.205,0.176,0.464,0.857,0.176,0.294,0.147,0.122,0.294,0.176,0.147,0.122,0.367,0.147,0.223,0.844,0.223,0.102,0.147,0.205,0.102,0.176,0.128,0.857,0.128,0.844,0.756,0.165,0.307,0.165,0.193,0.307,0.756,0.193,0.207,0.165,0.196,0.751,0.165,0.193,0.468,0.196,0.042,0.196,0.405,0.214,0.188,0.749,0.187,0.749,0.768,0.192,0.192,0.192,0.854,0.187,0.768,0.187,0.188,0.854,0.132,0.058,0.132,0.732,0.732,0.732,0.316,0.131,0.786,0.221,0.313,0.297,0.398,0.313,0.359,0.131,0.081,0.325,0.064,0.081,0.398,0.251,0.403,0.334,0.131,0.8,0.218,0.297,0.838,0.081,0.313,0.838,0.838,0.226,0.813,0.317,0.236,0.813,0.813,0.088,0.215,0.297,0.297,0.333,0.493,0.303,0.186,0.319,0.262,0.263,0.235,0.284,0.169,0.303,0.211,0.166,0.338,0.19,0.318,0.318,0.107,0.676,0.318,0.422,0.175,0.2,0.171,0.492,0.229,0.097,0.603,0.349,0.811,0.097,0.102,0.459,0.578,0.668,0.102,0.397,0.102,0.097,0.575,0.382,0.537,0.385,0.709,0.329,0.776,0.412,0.777,0.415,0.325,0.61,0.353,0.626,0.708,0.74,0.719,0.131,0.103,0.362
0.239,0.239,0.161,0.161,0.296,0.506,0.366,0.434,0.491,0.204,0.434,0.403,0.383,0.296,0.403,0.434,0.383,0.296,0.606,0.383,0.26,0.227,0.26,0.38,0.383,0.366,0.38,0.434,0.375,0.204,0.375,0.227,0.316,0.369,0.363,0.369,0.579,0.363,0.316,0.579,0.335,0.369,0.667,0.235,0.369,0.579,0.828,0.667,0.526,0.667,0.442,0.34,0.599,0.479,0.452,0.479,0.491,0.549,0.549,0.549,0.25,0.452,0.491,0.452,0.599,0.25,0.34,0.29,0.34,0.312,0.312,0.312,0.37,0.44,0.257,0.394,0.398,0.414,0.385,0.398,0.449,0.44,0.438,0.472,0.3,0.438,0.385,0.422,0.468,0.24,0.44,0.261,0.392,0.492,0.309,0.438,0.434,0.309,0.309,0.415,0.277,0.438,0.388,0.277,0.277,0.609,0.321,0.397,0.397,0.4,0.574,0.077,0.162,0.078,0.415,0.226,0.261,0.455,0.228,0.077,0.316,0.233,0.362,0.258,0.339,0.285,0.457,0.299,0.285,0.142,0.305,0.596,0.312,0.518,0.488,0.488,0.298,0.339,0.353,0.488,0.492,0.294,0.326,0.273,0.492,0.233,0.492,0.488,0.338,0.162,0.235,0.202,0.487,0.234,0.537,0.396,0.336,0.213,0.599,0.26,0.61,0.551,0.516,0.566,0.539,0.683,0.703,0.424
0.082,0.082,0.074,0.074,0.897,0.295,0.858,0.817,0.298,0.93,0.817,0.853,0.829,0.897,0.853,0.817,0.829,0.897,0.622,0.829,0.073,0.879,0.073,0.758,0.829,0.858,0.758,0.817,0.786,0.93,0.786,0.879,0.993,0.85,0.846,0.85,0.678,0.846,0.993,0.678,0.08,0.85,0.708,0.287,0.85,0.678,0.501,0.708,0.219,0.708,0.358,0.061,0.813,0.988,0.656,0.988,0.99,0.62,0.62,0.62,0.927,0.656,0.99,0.656,0.813,0.927,0.815,0.305,0.815,0.907,0.907,0.907,0.032,0.676,0.325,0.039,0.882,0.207,0.885,0.882,0.075,0.676,0.926,0.049,0.278,0.926,0.885,0.034,0.064,0.177,0.676,0.322,0.044,0.052,0.934,0.926,0.838,0.934,0.934,0.044,0.936,0.845,0.259,0.936,0.936,0.201,0.037,0.859,0.859,0.893,0.73,0.929,0.029,0.939,0.05,0.213,0.147,0.85,0.032,0.929,0.043,0.032,0.144,0.025,0.05,0.865,0.124,0.508,0.865,0.85,0.038,0.809,0.034,0.684,0.133,0.898,0.468,0.909,0.496,0.898,0.905,0.114,0.642,0.394,0.905,0.121,0.905,0.898,0.634,0.176,0.311,0.21,0.16,0.149,0.137,0.594,0.188,0.196,0.257,0.342,0.243,0.148,0.142,0.133,0.156,0.271,0.328,0.215
0.776,0.776,0.77,0.77,0.769,0.947,0.675,0.681,0.957,0.708,0.681,0.703,0.567,0.769,0.703,0.681,0.567,0.769,0.519,0.567,0.895,0.766,0.895,0.511,0.567,0.675,0.511,0.681,0.626,0.708,0.626,0.766,0.622,0.757,0.76,0.757,0.801,0.76,0.622,0.801,0.887,0.757,0.936,0.316,0.757,0.801,0.606,0.936,0.479,0.936,0.962,0.886,0.818,0.487,0.817,0.487,0.467,0.928,0.928,0.928,0.779,0.817,0.467,0.817,0.818,0.779,0.704,0.702,0.704,0.627,0.627,0.627,0.718,0.772,0.313,0.815,0.811,0.742,0.798,0.811,0.705,0.772,0.557,0.679,0.675,0.557,0.798,0.856,0.772,0.797,0.772,0.612,0.82,0.669,0.735,0.557,0.405,0.735,0.735,0.843,0.753,0.758,0.702,0.753,0.753,0.679,0.832,0.635,0.635,0.666,0.948,0.899,0.528,0.909,0.663,0.806,0.764,0.754,0.515,0.899,0.826,0.509,0.691,0.521,0.712,0.37,0.623,0.458,0.37,0.94,0.554,0.752,0.576,0.783,0.559,0.626,0.382,0.422,0.3,0.626,0.603,0.815,0.685,0.265,0.603,0.705,0.603,0.626,0.686,0.844,0.321,0.89,0.493,0.683,0.645,0.752,0.29,0.893,0.364,0.314,0.359,0.548,0.594,0.585,0.596,0.612,0.623,0.25
0.866,0.866,0.861,0.861,0.534,0.839,0.83,0.803,0.835,0.862,0.803,0.74,0.94,0.534,0.74,0.803,0.94,0.534,0.125,0.94,0.966,0.829,0.966,0.936,0.94,0.83,0.936,0.803,0.899,0.862,0.899,0.829,0.747,0.781,0.71,0.781,0.322,0.71,0.747,0.322,0.968,0.781,0.161,0.598,0.781,0.322,0.086,0.161,0.676,0.161,0.818,0.964,0.449,0.737,0.294,0.737,0.757,0.15,0.15,0.15,0.875,0.294,0.757,0.294,0.449,0.875,0.935,0.636,0.935,0.201,0.201,0.201,0.944,0.637,0.632,0.942,0.363,0.83,0.419,0.363,0.982,0.637,0.593,0.952,0.651,0.593,0.419,0.937,0.982,0.732,0.637,0.61,0.94,0.961,0.58,0.593,0.584,0.58,0.58,0.927,0.593,0.409,0.858,0.593,0.593,0.841,0.951,0.225,0.225,0.058,0.29,0.962,0.777,0.191,0.957,0.782,0.336,0.399,0.862,0.962,0.887,0.82,0.301,0.744,0.988,0.391,0.629,0.867,0.391,0.566,0.774,0.432,0.762,0.44,0.665,0.429,0.904,0.091,0.909,0.429,0.485,0.258,0.983,0.901,0.485,0.772,0.485,0.429,0.991,0.744,0.933,0.702,0.817,0.793,0.84,0.992,0.839,0.614,0.849,0.825,0.818,0.834,0.826,0.844,0.824,0.86,0.874,0.793
0.283,0.283,0.322,0.322,0.286,0.001,0.278,0.263,0.001,0.171,0.263,0.304,0.248,0.286,0.304,0.263,0.248,0.286,0.536,0.248,0.278,0.143,0.278,0.287,0.248,0.278,0.287,0.263,0.264,0.171,0.264,0.143,0.41,0.28,0.314,0.28,0.291,0.314,0.41,0.291,0.01,0.28,0.338,0.236,0.28,0.291,0.608,0.338,0.304,0.338,0.001,0.011,0.732,0.394,0.298,0.394,0.388,0.356,0.356,0.356,0.164,0.298,0.388,0.298,0.732,0.164,0.283,0.418,0.283,0.488,0.488,0.488,0.004,0.27,0.205,0.014,0.682,0.691,0.649,0.682,0.008,0.27,0.475,0.011,0.398,0.475,0.649,0.012,0.011,0.68,0.27,0.227,0.015,0.013,0.507,0.475,0.424,0.507,0.507,0.01,0.487,0.74,0.705,0.487,0.487,0.501,0.01,0.688,0.688,0.698,0.911,0.596,0.625,0.625,0.008,0.726,0.607,0.746,0.622,0.596,0.007,0.639,0.491,0.585,0.01,0.676,0.55,0.208,0.676,0.759,0.594,0.668,0.594,0.91,0.622,0.531,0.21,0.683,0.275,0.531,0.487,0.406,0.893,0.111,0.487,0.716,0.487,0.531,0.9,0.126,0.119,0.122,0.273,0.751,0.275,0.88,0.163,0.118,0.184,0.114,0.186,0.267,0.262,0.277,0.283,0.267,0.253,0.379
0.903,0.903,0.884,0.884,0.637,0.01,0.935,0.977,0.011,0.982,0.977,0.942,0.93,0.637,0.942,0.977,0.93,0.637,0.656,0.93,0.733,0.983,0.733,0.979,0.93,0.935,0.979,0.977,0.986,0.982,0.986,0.983,0.934,0.923,0.918,0.923,0.765,0.918,0.934,0.765,0.006,0.923,0.816,0.198,0.923,0.765,0.782,0.816,0.428,0.816,0.011,0.007,0.368,0.914,0.709,0.914,0.941,0.776,0.776,0.776,0.989,0.709,0.941,0.709,0.368,0.989,0.979,0.506,0.979,0.369,0.369,0.369,0.012,0.694,0.256,0.003,0.401,0.625,0.41,0.401,0.001,0.694,0.428,0.004,0.548,0.428,0.41,0.003,0.001,0.52,0.694,0.233,0.003,0.003,0.323,0.428,0.846,0.323,0.323,0.003,0.348,0.455,0.686,0.348,0.348,0.591,0.004,0.553,0.553,0.723,0.812,0.802,0.004,0.9,0.004,0.584,0.319,0.445,0.003,0.802,0.005,0.003,0.292,0.003,0.004,0.67,0.369,0.509,0.67,0.95,0.003,0.514,0.003,0.836,0.316,0.605,0.476,0.781,0.464,0.605,0.591,0.351,0.888,0.287,0.591,0.428,0.591,0.605,0.879,0.674,0.259,0.725,0.107,0.426,0.1,0.851,0.065,0.77,0.077,0.265,0.075,0.102,0.093,0.095,0.087,0.134,0.139,0.083
0.597,0.597,0.527,0.527,0.797,0.063,0.471,0.348,0.059,0.19,0.348,0.36,0.371,0.797,0.36,0.348,0.371,0.797,0.523,0.371,0.71,0.198,0.71,0.304,0.371,0.471,0.304,0.348,0.274,0.19,0.274,0.198,0.793,0.451,0.558,0.451,0.598,0.558,0.793,0.598,0.232,0.451,0.618,0.379,0.451,0.598,0.444,0.618,0.558,0.618,0.066,0.168,0.946,0.51,0.668,0.51,0.506,0.675,0.675,0.675,0.231,0.668,0.506,0.668,0.946,0.231,0.378,0.432,0.378,0.898,0.898,0.898,0.055,0.549,0.365,0.042,0.871,0.387,0.85,0.871,0.05,0.549,0.961,0.04,0.459,0.961,0.85,0.05,0.056,0.468,0.549,0.359,0.04,0.042,0.902,0.961,0.572,0.902,0.902,0.048,0.895,0.83,0.419,0.895,0.895,0.586,0.042,0.664,0.664,0.785,0.772,0.833,0.882,0.934,0.04,0.504,0.531,0.846,0.861,0.833,0.039,0.846,0.524,0.912,0.035,0.677,0.608,0.688,0.677,0.774,0.878,0.916,0.879,0.81,0.698,0.942,0.823,0.786,0.684,0.942,0.929,0.547,0.433,0.534,0.929,0.566,0.929,0.942,0.417,0.667,0.475,0.604,0.889,0.576,0.79,0.301,0.891,0.611,0.896,0.486,0.869,0.899,0.782,0.904,0.901,0.775,0.845,0.625
0.26,0.26,0.227,0.227,0.24,0.269,0.282,0.605,0.287,0.898,0.605,0.326,0.531,0.24,0.326,0.605,0.531,0.24,0.874,0.531,0.282,0.895,0.282,0.495,0.531,0.282,0.495,0.605,0.557,0.898,0.557,0.895,0.89,0.53,0.346,0.53,0.323,0.346,0.89,0.323,0.49,0.53,0.325,0.443,0.53,0.323,0.92,0.325,0.221,0.325,0.329,0.52,0.116,0.911,0.273,0.911,0.912,0.275,0.275,0.275,0.858,0.273,0.912,0.273,0.116,0.858,0.519,0.303,0.519,0.109,0.109,0.109,0.387,0.266,0.436,0.243,0.227,0.379,0.239,0.227,0.599,0.266,0.124,0.327,0.302,0.124,0.239,0.244,0.599,0.418,0.266,0.413,0.241,0.326,0.256,0.124,0.978,0.256,0.256,0.241,0.276,0.326,0.394,0.276,0.276,0.283,0.188,0.421,0.421,0.425,0.485,0.418,0.052,0.408,0.257,0.439,0.017,0.308,0.061,0.418,0.166,0.048,0.022,0.075,0.292,0.436,0.433,0.681,0.436,0.546,0.09,0.154,0.084,0.591,0.462,0.234,0.711,0.443,0.786,0.234,0.239,0.03,0.933,0.743,0.239,0.496,0.239,0.234,0.941,0.62,0.575,0.658,0.446,0.533,0.371,0.95,0.38,0.619,0.256,0.533,0.258,0.428,0.342,0.366,0.337,0.14,0.159,0.143
0.5,0.5,0.486,0.486,0.203,0.348,0.891,0.875,0.355,0.638,0.875,0.893,0.872,0.203,0.893,0.875,0.872,0.203,0.128,0.872,0.552,0.665,0.552,0.846,0.872,0.891,0.846,0.875,0.855,0.638,0.855,0.665,0.734,0.9,0.917,0.9,0.294,0.917,0.734,0.294,0.955,0.9,0.296,0.87,0.9,0.294,0.175,0.296,0.846,0.296,0.338,0.902,0.38,0.654,0.26,0.654,0.651,0.269,0.269,0.269,0.688,0.26,0.651,0.26,0.38,0.688,0.871,0.915,0.871,0.762,0.762,0.762,0.801,0.22,0.831,0.558,0.374,0.798,0.368,0.374,0.617,0.22,0.228,0.775,0.907,0.228,0.368,0.613,0.654,0.845,0.22,0.838,0.593,0.756,0.487,0.228,0.238,0.487,0.487,0.635,0.528,0.253,0.743,0.528,0.528,0.891,0.602,0.128,0.128,0.156,0.155,0.214,0.411,0.226,0.668,0.841,0.85,0.251,0.426,0.214,0.622,0.41,0.859,0.558,0.653,0.131,0.876,0.605,0.131,0.17,0.507,0.244,0.566,0.158,0.927,0.261,0.544,0.183,0.587,0.261,0.237,0.95,0.422,0.952,0.237,0.828,0.237,0.261,0.379,0.801,0.932,0.778,0.645,0.819,0.727,0.27,0.425,0.759,0.485,0.894,0.512,0.547,0.733,0.698,0.752,0.625,0.638,0.576
0.412,0.412,0.507,0.507,0.422,0.214,0.448,0.364,0.226,0.207,0.364,0.33,0.409,0.422,0.33,0.364,0.409,0.422,0.37,0.409,0.268,0.234,0.268,0.412,0.409,0.448,0.412,0.364,0.336,0.207,0.336,0.234,0.185,0.335,0.297,0.335,0.475,0.297,0.185,0.475,0.166,0.335,0.511,0.338,0.335,0.475,0.318,0.511,0.498,0.511,0.181,0.15,0.673,0.309,0.393,0.309,0.32,0.396,0.396,0.396,0.183,0.393,0.32,0.393,0.673,0.183,0.293,0.617,0.293,0.736,0.736,0.736,0.094,0.51,0.33,0.136,0.605,0.02,0.591,0.605,0.084,0.51,0.716,0.107,0.549,0.716,0.591,0.17,0.093,0.013,0.51,0.315,0.141,0.094,0.666,0.716,0.696,0.666,0.666,0.151,0.745,0.863,0.018,0.745,0.745,0.021,0.141,0.61,0.61,0.573,0.413,0.139,0.093,0.119,0.082,0.021,0.033,0.886,0.079,0.139,0.141,0.081,0.016,0.155,0.074,0.635,0.014,0.017,0.635,0.176,0.169,0.786,0.178,0.429,0.03,0.59,0.023,0.567,0.03,0.59,0.595,0.017,0.309,0.007,0.595,0.028,0.595,0.59,0.302,0.576,0.015,0.535,0.036,0.026,0.036,0.247,0.089,0.61,0.105,0.016,0.098,0.039,0.037,0.04,0.039,0.038,0.041,0.027
0.777,0.777,0.705,0.705,0.096,0.24,0.711,0.529,0.234,0.437,0.529,0.719,0.566,0.096,0.719,0.529,0.566,0.096,0.256,0.566,0.543,0.39,0.543,0.589,0.566,0.711,0.589,0.529,0.56,0.437,0.56,0.39,0.632,0.563,0.664,0.563,0.155,0.664,0.632,0.155,0.171,0.563,0.183,0.151,0.563,0.155,0.308,0.183,0.291,0.183,0.232,0.169,0.351,0.86,0.125,0.86,0.854,0.147,0.147,0.147,0.418,0.125,0.854,0.125,0.351,0.418,0.536,0.653,0.536,0.48,0.48,0.48,0.245,0.146,0.302,0.496,0.526,0.734,0.463,0.526,0.357,0.146,0.461,0.564,0.681,0.461,0.463,0.509,0.395,0.518,0.146,0.289,0.514,0.511,0.418,0.461,0.104,0.418,0.418,0.525,0.42,0.453,0.739,0.42,0.42,0.49,0.586,0.32,0.32,0.295,0.465,0.456,0.765,0.637,0.646,0.494,0.777,0.573,0.784,0.456,0.6,0.769,0.649,0.787,0.649,0.315,0.295,0.004,0.315,0.494,0.826,0.395,0.843,0.452,0.397,0.716,0.008,0.309,0.007,0.716,0.679,0.584,0.269,0.103,0.679,0.563,0.679,0.716,0.266,0.096,0.103,0.089,0.02,0.613,0.027,0.299,0.037,0.098,0.052,0.104,0.052,0.023,0.026,0.021,0.024,0.05,0.038,0.051
0.535,0.535,0.548,0.548,0.047,0.573,0.46,0.498,0.398,0.347,0.498,0.398,0.586,0.047,0.398,0.498,0.586,0.047,0.032,0.586,0.449,0.347,0.449,0.582,0.586,0.46,0.582,0.498,0.513,0.347,0.513,0.347,0.32,0.45,0.451,0.45,0.102,0.451,0.32,0.102,0.827,0.45,0.067,0.61,0.45,0.102,0.026,0.067,0.835,0.067,0.475,0.887,0.82,0.373,0.024,0.373,0.413,0.024,0.024,0.024,0.336,0.024,0.413,0.024,0.82,0.336,0.451,0.876,0.451,0.652,0.652,0.652,0.92,0.079,0.658,0.91,0.8,0.954,0.799,0.8,0.887,0.079,0.714,0.914,0.868,0.714,0.799,0.913,0.919,0.963,0.079,0.652,0.93,0.926,0.675,0.714,0.056,0.675,0.675,0.93,0.746,0.63,0.947,0.746,0.746,0.918,0.94,0.076,0.076,0.09,0.133,0.301,0.926,0.363,0.941,0.98,0.991,0.642,0.914,0.301,0.958,0.911,0.992,0.905,0.944,0.078,0.92,0.616,0.078,0.299,0.951,0.529,0.932,0.15,0.983,0.459,0.57,0.09,0.847,0.459,0.596,0.999,0.362,0.798,0.596,0.956,0.596,0.459,0.354,0.474,0.507,0.414,0.891,0.986,0.674,0.442,0.977,0.388,0.802,0.388,0.791,0.89,0.647,0.656,0.622,0.751,0.768,0.96
0.413,0.413,0.443,0.443,0.209,0.036,0.524,0.5,0.037,0.325,0.5,0.543,0.462,0.209,0.543,0.5,0.462,0.209,0.635,0.462,0.494,0.343,0.494,0.397,0.462,0.524,0.397,0.5,0.446,0.325,0.446,0.343,0.158,0.404,0.557,0.404,0.501,0.557,0.158,0.501,0.106,0.404,0.395,0.538,0.404,0.501,0.62,0.395,0.745,0.395,0.038,0.091,0.108,0.166,0.497,0.166,0.164,0.37,0.37,0.37,0.362,0.497,0.164,0.497,0.108,0.362,0.382,0.625,0.382,0.336,0.336,0.336,0.072,0.243,0.564,0.027,0.133,0.741,0.155,0.133,0.035,0.243,0.098,0.036,0.622,0.098,0.155,0.026,0.035,0.754,0.243,0.521,0.028,0.034,0.574,0.098,0.523,0.574,0.574,0.027,0.608,0.228,0.724,0.608,0.608,0.783,0.026,0.38,0.38,0.387,0.604,0.419,0.75,0.409,0.039,0.734,0.579,0.174,0.751,0.419,0.028,0.747,0.581,0.535,0.048,0.401,0.884,0.408,0.401,0.601,0.571,0.105,0.561,0.551,0.864,0.224,0.626,0.423,0.292,0.224,0.29,0.56,0.6,0.484,0.29,0.774,0.29,0.224,0.581,0.493,0.648,0.561,0.518,0.698,0.833,0.681,0.586,0.548,0.383,0.629,0.394,0.595,0.794,0.918,0.897,0.592,0.58,0.58
0.818,0.818,0.788,0.788,0.707,0.064,0.822,0.893,0.064,0.993,0.893,0.885,0.841,0.707,0.885,0.893,0.841,0.707,0.32,0.841,0.783,0.993,0.783,0.764,0.841,0.822,0.764,0.893,0.85,0.993,0.85,0.993,0.774,0.796,0.748,0.796,0.821,0.748,0.774,0.821,0.024,0.796,0.771,0.072,0.796,0.821,0.334,0.771,0.164,0.771,0.083,0.024,0.55,0.82,0.776,0.82,0.811,0.719,0.719,0.719,0.983,0.776,0.811,0.776,0.55,0.983,0.767,0.273,0.767,0.485,0.485,0.485,0.021,0.808,0.081,0.154,0.551,0.209,0.57,0.551,0.019,0.808,0.377,0.022,0.351,0.377,0.57,0.124,0.014,0.251,0.808,0.086,0.152,0.021,0.379,0.377,0.828,0.379,0.379,0.125,0.402,0.774,0.27,0.402,0.402,0.311,0.12,0.87,0.87,0.919,0.978,0.659,0.518,0.707,0.023,0.318,0.328,0.701,0.544,0.659,0.12,0.529,0.259,0.571,0.018,0.932,0.396,0.183,0.932,0.851,0.574,0.66,0.564,0.99,0.268,0.652,0.204,0.937,0.289,0.652,0.659,0.3,0.003,0.401,0.659,0.435,0.659,0.652,0.003,0.87,0.452,0.909,0.178,0.401,0.107,0.001,0.112,0.913,0.226,0.406,0.168,0.205,0.109,0.12,0.11,0.153,0.198,0.165
0.783,0.783,0.783,0.783,0.459,0.068,0.626,0.623,0.068,0.791,0.623,0.655,0.591,0.459,0.655,0.623,0.591,0.459,0.287,0.591,0.73,0.779,0.73,0.575,0.591,0.626,0.575,0.623,0.529,0.791,0.529,0.779,0.897,0.642,0.685,0.642,0.397,0.685,0.897,0.397,0.566,0.642,0.42,0.484,0.642,0.397,0.282,0.42,0.594,0.42,0.054,0.563,0.292,0.931,0.271,0.931,0.913,0.265,0.265,0.265,0.794,0.271,0.913,0.271,0.292,0.794,0.652,0.552,0.652,0.443,0.443,0.443,0.617,0.568,0.402,0.944,0.29,0.632,0.304,0.29,0.281,0.568,0.404,0.968,0.555,0.404,0.304,0.932,0.274,0.429,0.568,0.402,0.919,0.97,0.217,0.404,0.167,0.217,0.217,0.911,0.218,0.286,0.571,0.218,0.218,0.712,0.939,0.559,0.559,0.519,0.583,0.526,0.8,0.393,0.956,0.399,0.711,0.296,0.743,0.526,0.931,0.707,0.773,0.887,0.315,0.587,0.51,0.474,0.587,0.668,0.795,0.398,0.78,0.484,0.572,0.319,0.473,0.526,0.509,0.319,0.313,0.707,0.521,0.275,0.313,0.469,0.313,0.319,0.578,0.519,0.282,0.577,0.008,0.486,0.006,0.467,0.005,0.573,0.006,0.255,0.006,0.007,0.005,0.007,0.007,0.004,0.006,0.011
0.804,0.804,0.767,0.767,0.781,0.769,0.743,0.546,0.775,0.529,0.546,0.706,0.549,0.781,0.706,0.546,0.549,0.781,0.295,0.549,0.888,0.403,0.888,0.524,0.549,0.743,0.524,0.546,0.489,0.529,0.489,0.403,0.448,0.614,0.699,0.614,0.701,0.699,0.448,0.701,0.483,0.614,0.744,0.271,0.614,0.701,0.279,0.744,0.707,0.744,0.774,0.622,0.567,0.264,0.61,0.264,0.281,0.693,0.693,0.693,0.368,0.61,0.281,0.61,0.567,0.368,0.56,0.662,0.56,0.444,0.444,0.444,0.454,0.818,0.215,0.524,0.57,0.673,0.51,0.57,0.577,0.818,0.73,0.608,0.811,0.73,0.51,0.527,0.581,0.315,0.818,0.27,0.487,0.6,0.378,0.73,0.137,0.378,0.378,0.504,0.386,0.489,0.6,0.386,0.386,0.552,0.451,0.73,0.73,0.849,0.323,0.66,0.214,0.655,0.531,0.35,0.199,0.59,0.214,0.66,0.471,0.208,0.226,0.223,0.512,0.627,0.231,0.825,0.627,0.222,0.208,0.617,0.203,0.32,0.181,0.71,0.98,0.774,0.556,0.71,0.66,0.12,0.395,0.663,0.66,0.34,0.66,0.71,0.399,0.618,0.833,0.654,0.495,0.283,0.742,0.28,0.937,0.643,0.81,0.826,0.809,0.593,0.687,0.846,0.812,0.544,0.555,0.564
0.252,0.252,0.212,0.212,0.627,0.407,0.208,0.451,0.413,0.307,0.451,0.21,0.388,0.627,0.21,0.451,0.388,0.627,0.85,0.388,0.272,0.338,0.272,0.349,0.388,0.208,0.349,0.451,0.406,0.307,0.406,0.338,0.574,0.367,0.171,0.367,0.613,0.171,0.574,0.613,0.305,0.367,0.626,0.829,0.367,0.613,0.834,0.626,0.742,0.626,0.501,0.305,0.347,0.537,0.632,0.537,0.56,0.628,0.628,0.628,0.304,0.632,0.56,0.632,0.347,0.304,0.285,0.759,0.285,0.309,0.309,0.309,0.354,0.62,0.854,0.607,0.266,0.142,0.251,0.266,0.426,0.62,0.408,0.548,0.762,0.408,0.251,0.626,0.446,0.112,0.62,0.854,0.6,0.494,0.317,0.408,0.889,0.317,0.317,0.649,0.32,0.31,0.167,0.32,0.32,0.287,0.569,0.339,0.339,0.418,0.335,0.13,0.533,0.133,0.426,0.109,0.129,0.32,0.676,0.13,0.554,0.808,0.076,0.719,0.224,0.239,0.383,0.91,0.239,0.241,0.87,0.377,0.917,0.219,0.283,0.51,0.895,0.322,0.926,0.51,0.504,0.287,0.962,0.902,0.504,0.094,0.504,0.51,0.962,0.864,0.929,0.84,0.152,0.115,0.114,0.917,0.113,0.898,0.119,0.939,0.109,0.107,0.115,0.116,0.133,0.1,0.099,0.095
0.491,0.491,0.418,0.418,0.694,0.824,0.87,0.846,0.879,0.645,0.846,0.892,0.816,0.694,0.892,0.846,0.816,0.694,0.566,0.816,0.468,0.707,0.468,0.827,0.816,0.87,0.827,0.846,0.854,0.645,0.854,0.707,0.265,0.703,0.775,0.703,0.665,0.775,0.265,0.665,0.515,0.703,0.704,0.259,0.703,0.665,0.451,0.704,0.492,0.704,0.609,0.514,0.961,0.471,0.741,0.471,0.5,0.763,0.763,0.763,0.552,0.741,0.5,0.741,0.961,0.552,0.691,0.507,0.691,0.949,0.949,0.949,0.539,0.723,0.321,0.501,0.958,0.183,0.956,0.958,0.418,0.723,0.718,0.538,0.509,0.718,0.956,0.501,0.435,0.218,0.723,0.32,0.493,0.544,0.882,0.718,0.421,0.882,0.882,0.486,0.903,0.777,0.166,0.903,0.903,0.164,0.458,0.869,0.869,0.873,0.861,0.783,0.188,0.804,0.557,0.198,0.204,0.786,0.186,0.783,0.435,0.189,0.23,0.221,0.385,0.919,0.192,0.648,0.919,0.927,0.204,0.936,0.201,0.863,0.215,0.64,0.725,0.908,0.74,0.64,0.636,0.224,0.345,0.833,0.636,0.223,0.636,0.64,0.287,0.928,0.855,0.939,0.374,0.203,0.281,0.343,0.544,0.959,0.616,0.893,0.621,0.452,0.294,0.353,0.362,0.535,0.561,0.531
0.674,0.674,0.622,0.622,0.966,0.562,0.817,0.808,0.529,0.957,0.808,0.809,0.735,0.966,0.809,0.808,0.735,0.966,0.99,0.735,0.898,0.887,0.898,0.686,0.735,0.817,0.686,0.808,0.741,0.957,0.741,0.887,0.903,0.888,0.865,0.888,0.763,0.865,0.903,0.763,0.683,0.888,0.781,0.651,0.888,0.763,0.993,0.781,0.348,0.781,0.54,0.667,0.715,0.772,0.664,0.772,0.759,0.69,0.69,0.69,0.907,0.664,0.759,0.664,0.715,0.907,0.891,0.45,0.891,0.767,0.767,0.767,0.834,0.955,0.625,0.743,0.413,0.647,0.414,0.413,0.865,0.955,0.899,0.784,0.437,0.899,0.414,0.743,0.85,0.793,0.955,0.643,0.746,0.789,0.606,0.899,0.995,0.606,0.606,0.755,0.611,0.522,0.625,0.611,0.611,0.477,0.666,0.854,0.854,0.843,0.933,0.868,0.417,0.853,0.718,0.769,0.937,0.534,0.422,0.868,0.624,0.403,0.929,0.459,0.766,0.857,0.648,0.152,0.857,0.54,0.455,0.776,0.486,0.943,0.778,0.56,0.085,0.841,0.171,0.56,0.537,0.96,0.509,0.544,0.537,0.945,0.537,0.56,0.444,0.88,0.679,0.85,0.294,0.763,0.195,0.564,0.505,0.825,0.438,0.674,0.379,0.269,0.376,0.235,0.295,0.2,0.199,0.515
0.277,0.277,0.454,0.454,0.513,0.728,0.287,0.339,0.698,0.159,0.339,0.198,0.352,0.513,0.198,0.339,0.352,0.513,0.091,0.352,0.37,0.207,0.37,0.425,0.352,0.287,0.425,0.339,0.409,0.159,0.409,0.207,0.625,0.234,0.223,0.234,0.183,0.223,0.625,0.183,0.525,0.234,0.129,0.543,0.234,0.183,0.067,0.129,0.776,0.129,0.59,0.58,0.725,0.411,0.72,0.411,0.404,0.698,0.698,0.698,0.208,0.72,0.404,0.72,0.725,0.208,0.324,0.978,0.324,0.699,0.699,0.699,0.374,0.259,0.933,0.652,0.668,0.509,0.656,0.668,0.631,0.259,0.549,0.6,0.954,0.549,0.656,0.653,0.598,0.569,0.259,0.784,0.639,0.607,0.521,0.549,0.188,0.521,0.521,0.647,0.52,0.683,0.592,0.52,0.52,0.851,0.778,0.087,0.087,0.085,0.649,0.255,0.944,0.267,0.558,0.446,0.538,0.7,0.925,0.255,0.775,0.933,0.675,0.713,0.506,0.103,0.541,0.738,0.103,0.726,0.738,0.848,0.758,0.66,0.546,0.703,0.735,0.101,0.751,0.703,0.668,0.595,0.665,0.483,0.668,0.59,0.668,0.703,0.672,0.337,0.593,0.356,0.606,0.477,0.595,0.555,0.89,0.358,0.357,0.593,0.389,0.609,0.577,0.591,0.586,0.635,0.577,0.971
0.862,0.862,0.848,0.848,0.88,0.92,0.666,0.57,0.915,0.661,0.57,0.646,0.609,0.88,0.646,0.57,0.609,0.88,0.211,0.609,0.872,0.594,0.872,0.587,0.609,0.666,0.587,0.57,0.57,0.661,0.57,0.594,0.281,0.527,0.757,0.527,0.526,0.757,0.281,0.526,0.757,0.527,0.524,0.48,0.527,0.526,0.121,0.524,0.435,0.524,0.693,0.768,0.664,0.249,0.582,0.249,0.252,0.533,0.533,0.533,0.511,0.582,0.252,0.582,0.664,0.511,0.485,0.5,0.485,0.555,0.555,0.555,0.595,0.967,0.473,0.39,0.656,0.138,0.631,0.656,0.522,0.967,0.829,0.502,0.489,0.829,0.631,0.38,0.517,0.174,0.967,0.441,0.397,0.506,0.292,0.829,0.631,0.292,0.292,0.408,0.357,0.846,0.131,0.357,0.357,0.176,0.293,0.084,0.084,0.052,0.228,0.365,0.31,0.27,0.383,0.163,0.098,0.777,0.279,0.365,0.318,0.266,0.105,0.311,0.492,0.136,0.229,0.94,0.136,0.225,0.308,0.725,0.31,0.189,0.302,0.733,0.934,0.089,0.888,0.733,0.826,0.109,0.621,0.696,0.826,0.255,0.826,0.733,0.624,0.509,0.705,0.456,0.947,0.244,0.962,0.62,0.989,0.501,0.962,0.641,0.971,0.943,0.964,0.95,0.959,0.999,0.999,0.957
0.128,0.128,0.129,0.129,0.877,0.129,0.087,0.219,0.116,0.088,0.219,0.099,0.225,0.877,0.099,0.219,0.225,0.877,0.432,0.225,0.154,0.104,0.154,0.223,0.225,0.087,0.223,0.219,0.215,0.088,0.215,0.104,0.295,0.186,0.109,0.186,0.617,0.109,0.295,0.617,0.138,0.186,0.599,0.993,0.186,0.617,0.394,0.599,0.357,0.599,0.117,0.125,0.835,0.469,0.456,0.469,0.485,0.422,0.422,0.422,0.078,0.456,0.485,0.456,0.835,0.078,0.179,0.404,0.179,0.574,0.574,0.574,0.16,0.904,0.987,0.076,0.744,0.094,0.632,0.744,0.146,0.904,0.768,0.102,0.366,0.768,0.632,0.082,0.133,0.076,0.904,0.958,0.073,0.099,0.557,0.768,0.81,0.557,0.557,0.08,0.613,0.85,0.108,0.613,0.613,0.106,0.081,0.373,0.373,0.303,0.259,0.327,0.048,0.332,0.109,0.079,0.037,0.872,0.048,0.327,0.076,0.046,0.04,0.055,0.138,0.407,0.104,0.137,0.407,0.245,0.057,0.789,0.055,0.401,0.105,0.662,0.095,0.328,0.141,0.662,0.703,0.059,0.166,0.197,0.703,0.075,0.703,0.662,0.175,0.191,0.149,0.219,0.074,0.076,0.076,0.111,0.146,0.203,0.112,0.134,0.12,0.067,0.078,0.069,0.071,0.229,0.193,0.244
0.01,0.01,0.011,0.011,0.718,0.067,0.012,0.01,0.061,0.008,0.01,0.011,0.009,0.718,0.011,0.01,0.009,0.718,0.704,0.009,0.08,0.005,0.08,0.008,0.009,0.012,0.008,0.01,0.009,0.008,0.009,0.005,0.01,0.019,0.037,0.019,0.393,0.037,0.01,0.393,0.053,0.019,0.378,0.91,0.019,0.393,0.695,0.378,0.935,0.378,0.154,0.05,0.442,0.01,0.537,0.01,0.01,0.511,0.511,0.511,0.019,0.537,0.01,0.537,0.442,0.019,0.026,0.992,0.026,0.385,0.385,0.385,0.096,0.649,0.917,0.033,0.342,0.997,0.337,0.342,0.058,0.649,0.556,0.048,0.995,0.556,0.337,0.032,0.071,0.356,0.649,0.901,0.035,0.048,0.438,0.556,0.663,0.438,0.438,0.037,0.438,0.373,0.997,0.438,0.438,0.997,0.092,0.512,0.512,0.581,0.956,0.587,0.415,0.6,0.146,0.338,0.537,0.376,0.438,0.587,0.114,0.424,0.452,0.371,0.126,0.54,0.358,0.777,0.54,0.807,0.393,0.477,0.4,0.971,0.409,0.593,0.756,0.61,0.736,0.593,0.601,0.456,0.795,0.732,0.601,0.287,0.601,0.593,0.819,0.551,0.642,0.5,0.899,0.315,0.883,0.892,0.928,0.506,0.929,0.644,0.931,0.896,0.865,0.871,0.847,0.98,0.98,0.976
0.875,0.875,0.858,0.858,0.586,0.332,0.697,0.616,0.346,0.618,0.616,0.667,0.617,0.586,0.667,0.616,0.617,0.586,0.222,0.617,0.936,0.605,0.936,0.581,0.617,0.697,0.581,0.616,0.597,0.618,0.597,0.605,0.61,0.705,0.751,0.705,0.407,0.751,0.61,0.407,0.603,0.705,0.333,0.557,0.705,0.407,0.198,0.333,0.505,0.333,0.387,0.524,0.454,0.525,0.318,0.525,0.526,0.31,0.31,0.31,0.576,0.318,0.526,0.318,0.454,0.576,0.672,0.695,0.672,0.484,0.484,0.484,0.607,0.669,0.612,0.354,0.438,0.914,0.434,0.438,0.517,0.669,0.472,0.493,0.644,0.472,0.434,0.415,0.551,0.918,0.669,0.617,0.539,0.433,0.374,0.472,0.575,0.374,0.374,0.579,0.349,0.426,0.863,0.349,0.349,0.855,0.325,0.126,0.126,0.13,0.04,0.152,0.207,0.156,0.396,0.89,0.744,0.428,0.253,0.152,0.552,0.261,0.719,0.351,0.357,0.112,0.858,0.978,0.112,0.023,0.378,0.459,0.402,0.024,0.809,0.456,0.987,0.124,0.912,0.456,0.439,0.718,0.169,0.897,0.439,0.88,0.439,0.456,0.168,0.78,0.92,0.774,0.968,0.837,0.981,0.248,0.998,0.782,0.996,0.928,0.998,0.952,0.997,0.993,0.998,1.0,1.0,0.987
0.759,0.759,0.753,0.753,0.682,0.53,0.914,0.956,0.485,0.923,0.956,0.917,0.975,0.682,0.917,0.956,0.975,0.682,0.509,0.975,0.809,0.922,0.809,0.963,0.975,0.914,0.963,0.956,0.946,0.923,0.946,0.922,0.84,0.969,0.898,0.969,0.448,0.898,0.84,0.448,0.474,0.969,0.426,0.768,0.969,0.448,0.445,0.426,0.517,0.426,0.549,0.493,0.571,0.776,0.654,0.776,0.776,0.643,0.643,0.643,0.941,0.654,0.776,0.654,0.571,0.941,0.95,0.566,0.95,0.709,0.709,0.709,0.637,0.858,0.659,0.647,0.531,0.852,0.526,0.531,0.726,0.858,0.646,0.695,0.568,0.646,0.526,0.669,0.725,0.854,0.858,0.653,0.658,0.672,0.695,0.646,0.816,0.695,0.695,0.669,0.686,0.641,0.861,0.686,0.686,0.869,0.688,0.508,0.508,0.479,0.602,0.829,0.39,0.844,0.72,0.9,0.686,0.586,0.404,0.829,0.691,0.399,0.684,0.437,0.684,0.559,0.854,0.098,0.559,0.941,0.388,0.729,0.377,0.738,0.903,0.694,0.087,0.522,0.104,0.694,0.678,0.868,0.909,0.27,0.678,0.93,0.678,0.694,0.927,0.116,0.252,0.16,0.132,0.931,0.167,0.854,0.165,0.153,0.146,0.198,0.179,0.136,0.173,0.177,0.185,0.195,0.263,0.367
0.192,0.192,0.205,0.205,0.239,0.879,0.123,0.133,0.891,0.118,0.133,0.079,0.179,0.239,0.079,0.133,0.179,0.239,0.311,0.179,0.151,0.126,0.151,0.251,0.179,0.123,0.251,0.133,0.193,0.118,0.193,0.126,0.611,0.104,0.092,0.104,0.117,0.092,0.611,0.117,0.404,0.104,0.111,0.56,0.104,0.117,0.347,0.111,0.864,0.111,0.877,0.391,0.142,0.483,0.09,0.483,0.469,0.116,0.116,0.116,0.125,0.09,0.469,0.09,0.142,0.125,0.122,0.877,0.122,0.268,0.268,0.268,0.311,0.257,0.544,0.264,0.287,0.465,0.225,0.287,0.297,0.257,0.1,0.32,0.891,0.1,0.225,0.27,0.309,0.673,0.257,0.54,0.277,0.317,0.472,0.1,0.408,0.472,0.472,0.271,0.464,0.433,0.475,0.464,0.464,0.508,0.262,0.287,0.287,0.254,0.248,0.538,0.355,0.456,0.312,0.689,0.848,0.42,0.409,0.538,0.268,0.377,0.861,0.335,0.249,0.245,0.597,0.406,0.245,0.369,0.386,0.213,0.373,0.259,0.681,0.092,0.359,0.272,0.371,0.092,0.08,0.84,0.891,0.163,0.08,0.715,0.08,0.092,0.878,0.477,0.157,0.453,0.2,0.729,0.203,0.934,0.476,0.424,0.314,0.158,0.328,0.204,0.199,0.219,0.224,0.483,0.515,0.607
0.694,0.694,0.843,0.843,0.382,0.389,0.793,0.502,0.319,0.619,0.502,0.647,0.619,0.382,0.647,0.502,0.619,0.382,0.56,0.619,0.776,0.532,0.776,0.59,0.619,0.793,0.59,0.502,0.508,0.619,0.508,0.532,0.803,0.542,0.704,0.542,0.66,0.704,0.803,0.66,0.445,0.542,0.575,0.408,0.542,0.66,0.521,0.575,0.635,0.575,0.352,0.513,0.203,0.819,0.718,0.819,0.812,0.734,0.734,0.734,0.505,0.718,0.812,0.718,0.203,0.505,0.503,0.709,0.503,0.288,0.288,0.288,0.336,0.545,0.416,0.171,0.34,0.866,0.417,0.34,0.272,0.545,0.308,0.232,0.704,0.308,0.417,0.182,0.348,0.856,0.545,0.395,0.143,0.215,0.268,0.308,0.378,0.268,0.268,0.17,0.306,0.365,0.801,0.306,0.306,0.97,0.151,0.791,0.791,0.838,0.669,0.733,0.119,0.776,0.213,0.81,0.827,0.356,0.101,0.733,0.151,0.105,0.821,0.214,0.259,0.851,0.978,0.409,0.851,0.889,0.146,0.271,0.153,0.732,0.958,0.475,0.452,0.885,0.438,0.475,0.549,0.928,0.339,0.477,0.549,0.825,0.549,0.475,0.355,0.499,0.43,0.545,0.68,0.857,0.48,0.421,0.629,0.523,0.73,0.412,0.713,0.675,0.533,0.527,0.589,0.641,0.645,0.583
0.562,0.562,0.515,0.515,0.712,0.255,0.757,0.774,0.267,0.578,0.774,0.8,0.691,0.712,0.8,0.774,0.691,0.712,0.15,0.691,0.58,0.592,0.58,0.753,0.691,0.757,0.753,0.774,0.817,0.578,0.817,0.592,0.379,0.803,0.798,0.803,0.847,0.798,0.379,0.847,0.653,0.803,0.81,0.519,0.803,0.847,0.151,0.81,0.409,0.81,0.313,0.585,0.721,0.29,0.778,0.29,0.29,0.74,0.74,0.74,0.697,0.778,0.29,0.778,0.721,0.697,0.862,0.591,0.862,0.77,0.77,0.77,0.289,0.749,0.493,0.576,0.842,0.306,0.833,0.842,0.624,0.749,0.751,0.561,0.766,0.751,0.833,0.5,0.548,0.232,0.749,0.506,0.535,0.536,0.847,0.751,0.199,0.847,0.847,0.502,0.845,0.895,0.412,0.845,0.845,0.295,0.394,0.611,0.611,0.451,0.674,0.792,0.756,0.647,0.422,0.297,0.599,0.884,0.705,0.792,0.444,0.696,0.515,0.668,0.324,0.654,0.26,0.515,0.654,0.596,0.677,0.883,0.67,0.651,0.31,0.688,0.514,0.485,0.517,0.688,0.586,0.593,0.483,0.358,0.586,0.28,0.586,0.688,0.485,0.335,0.302,0.271,0.598,0.385,0.47,0.535,0.355,0.265,0.391,0.283,0.407,0.608,0.45,0.575,0.542,0.493,0.359,0.694
0.972,0.972,0.915,0.915,0.842,0.132,0.894,0.979,0.133,0.932,0.979,0.926,0.967,0.842,0.926,0.979,0.967,0.842,0.36,0.967,0.926,0.955,0.926,0.992,0.967,0.894,0.992,0.979,0.984,0.932,0.984,0.955,0.741,0.944,0.845,0.944,0.565,0.845,0.741,0.565,0.222,0.944,0.651,0.27,0.944,0.565,0.349,0.651,0.592,0.651,0.152,0.217,0.686,0.839,0.584,0.839,0.829,0.634,0.634,0.634,0.921,0.584,0.829,0.584,0.686,0.921,0.975,0.541,0.975,0.818,0.818,0.818,0.198,0.849,0.259,0.135,0.572,0.604,0.56,0.572,0.155,0.849,0.655,0.164,0.564,0.655,0.56,0.128,0.138,0.683,0.849,0.258,0.126,0.175,0.729,0.655,0.573,0.729,0.729,0.117,0.676,0.635,0.537,0.676,0.676,0.518,0.113,0.649,0.649,0.756,0.893,0.964,0.957,0.968,0.164,0.695,0.18,0.649,0.954,0.964,0.1,0.951,0.145,0.15,0.206,0.626,0.651,0.907,0.626,0.989,0.12,0.788,0.121,0.862,0.842,0.39,0.955,0.727,0.895,0.39,0.348,0.174,0.046,0.791,0.348,0.805,0.348,0.39,0.047,0.662,0.869,0.75,0.769,0.817,0.757,0.045,0.799,0.737,0.879,0.844,0.884,0.786,0.734,0.746,0.723,0.917,0.924,0.887
0.912,0.912,0.91,0.91,0.981,0.555,0.987,0.947,0.504,0.819,0.947,0.981,0.952,0.981,0.981,0.947,0.952,0.981,0.507,0.952,0.871,0.83,0.871,0.984,0.952,0.987,0.984,0.947,0.942,0.819,0.942,0.83,0.545,0.904,0.927,0.904,0.931,0.927,0.545,0.931,0.815,0.904,0.942,0.702,0.904,0.931,0.576,0.942,0.367,0.942,0.477,0.835,0.925,0.623,0.892,0.623,0.63,0.919,0.919,0.919,0.802,0.892,0.63,0.892,0.925,0.802,0.945,0.414,0.945,0.716,0.716,0.716,0.685,0.984,0.559,0.912,0.944,0.542,0.932,0.944,0.627,0.984,0.875,0.547,0.408,0.875,0.932,0.911,0.683,0.608,0.984,0.597,0.896,0.557,0.706,0.875,0.915,0.706,0.706,0.894,0.643,0.93,0.481,0.643,0.643,0.367,0.913,0.815,0.815,0.859,0.469,0.633,0.925,0.795,0.387,0.543,0.564,0.941,0.919,0.633,0.912,0.918,0.541,0.913,0.452,0.577,0.486,0.733,0.577,0.697,0.937,0.915,0.923,0.514,0.588,0.924,0.744,0.772,0.779,0.924,0.888,0.389,0.296,0.872,0.888,0.666,0.888,0.924,0.325,0.767,0.885,0.74,0.951,0.623,0.941,0.311,0.926,0.722,0.883,0.841,0.837,0.931,0.951,0.953,0.944,0.501,0.594,0.834
0.544,0.544,0.428,0.428,0.219,0.817,0.609,0.725,0.818,0.883,0.725,0.537,0.731,0.219,0.537,0.725,0.731,0.219,0.816,0.731,0.357,0.903,0.357,0.902,0.731,0.609,0.902,0.725,0.9,0.883,0.9,0.903,0.854,0.831,0.649,0.831,0.161,0.649,0.854,0.161,0.27,0.831,0.156,0.132,0.831,0.161,0.83,0.156,0.059,0.156,0.657,0.311,0.139,0.878,0.171,0.878,0.884,0.165,0.165,0.165,0.886,0.171,0.884,0.171,0.139,0.886,0.952,0.067,0.952,0.796,0.796,0.796,0.312,0.308,0.174,0.163,0.121,0.22,0.112,0.121,0.212,0.308,0.099,0.188,0.065,0.099,0.112,0.18,0.228,0.234,0.308,0.158,0.184,0.154,0.71,0.099,0.834,0.71,0.71,0.202,0.798,0.091,0.217,0.798,0.798,0.165,0.181,0.179,0.179,0.199,0.264,0.241,0.055,0.235,0.15,0.237,0.124,0.1,0.058,0.241,0.175,0.062,0.139,0.057,0.175,0.193,0.123,0.904,0.193,0.354,0.065,0.097,0.067,0.271,0.112,0.078,0.864,0.2,0.875,0.078,0.082,0.15,0.707,0.677,0.082,0.203,0.082,0.078,0.7,0.466,0.606,0.486,0.853,0.207,0.767,0.654,0.673,0.509,0.683,0.611,0.645,0.863,0.744,0.734,0.729,0.611,0.664,0.724
0.851,0.851,0.811,0.811,0.049,0.745,0.787,0.64,0.771,0.498,0.64,0.798,0.659,0.049,0.798,0.64,0.659,0.049,0.03,0.659,0.949,0.543,0.949,0.612,0.659,0.787,0.612,0.64,0.62,0.498,0.62,0.543,0.451,0.766,0.868,0.766,0.023,0.868,0.451,0.023,0.162,0.766,0.028,0.944,0.766,0.023,0.034,0.028,0.243,0.028,0.841,0.152,0.661,0.473,0.02,0.473,0.476,0.033,0.033,0.033,0.587,0.02,0.476,0.02,0.661,0.587,0.738,0.259,0.738,0.564,0.564,0.564,0.086,0.056,0.994,0.149,0.465,0.345,0.428,0.465,0.209,0.056,0.029,0.149,0.259,0.029,0.428,0.134,0.203,0.119,0.056,0.983,0.136,0.151,0.332,0.029,0.048,0.332,0.332,0.136,0.303,0.031,0.336,0.303,0.303,0.303,0.135,0.058,0.058,0.078,0.445,0.295,0.294,0.299,0.131,0.1,0.041,0.034,0.28,0.295,0.138,0.277,0.039,0.349,0.14,0.073,0.081,0.986,0.073,0.865,0.335,0.102,0.327,0.406,0.145,0.013,0.999,0.081,0.999,0.013,0.01,0.045,0.077,0.951,0.01,0.119,0.01,0.013,0.084,0.853,0.951,0.715,1.0,0.124,0.993,0.08,0.974,0.696,0.963,0.974,0.966,0.997,0.99,0.998,0.997,0.973,0.959,0.997
0.164,0.164,0.141,0.141,0.373,0.729,0.134,0.171,0.71,0.119,0.171,0.164,0.139,0.373,0.164,0.171,0.139,0.373,0.195,0.139,0.187,0.147,0.187,0.133,0.139,0.134,0.133,0.171,0.156,0.119,0.156,0.147,0.221,0.281,0.332,0.281,0.068,0.332,0.221,0.068,0.189,0.281,0.073,0.188,0.281,0.068,0.174,0.073,0.514,0.073,0.597,0.178,0.452,0.274,0.072,0.274,0.271,0.076,0.076,0.076,0.216,0.072,0.271,0.072,0.452,0.216,0.216,0.523,0.216,0.515,0.515,0.515,0.172,0.547,0.267,0.271,0.154,0.193,0.138,0.154,0.105,0.547,0.446,0.19,0.592,0.446,0.138,0.209,0.108,0.189,0.547,0.194,0.288,0.189,0.18,0.446,0.495,0.18,0.18,0.213,0.147,0.153,0.207,0.147,0.147,0.097,0.326,0.17,0.17,0.193,0.204,0.476,0.97,0.526,0.177,0.228,0.353,0.165,0.958,0.476,0.278,0.958,0.441,0.923,0.134,0.114,0.186,0.658,0.114,0.667,0.893,0.479,0.895,0.326,0.167,0.176,0.477,0.129,0.478,0.176,0.171,0.416,0.453,0.2,0.171,0.167,0.171,0.176,0.447,0.125,0.352,0.147,0.124,0.187,0.052,0.393,0.127,0.172,0.088,0.433,0.088,0.179,0.065,0.045,0.056,0.145,0.102,0.156
0.561,0.561,0.38,0.38,0.927,0.372,0.649,0.804,0.361,0.613,0.804,0.663,0.766,0.927,0.663,0.804,0.766,0.927,0.682,0.766,0.423,0.703,0.423,0.732,0.766,0.649,0.732,0.804,0.815,0.613,0.815,0.703,0.749,0.802,0.688,0.802,0.883,0.688,0.749,0.883,0.542,0.802,0.909,0.456,0.802,0.883,0.737,0.909,0.659,0.909,0.328,0.535,0.934,0.744,0.926,0.744,0.741,0.948,0.948,0.948,0.679,0.926,0.741,0.926,0.934,0.679,0.851,0.654,0.851,0.836,0.836,0.836,0.532,0.944,0.523,0.619,0.909,0.981,0.875,0.909,0.729,0.944,0.946,0.536,0.652,0.946,0.875,0.563,0.667,0.971,0.944,0.53,0.629,0.578,0.654,0.946,0.666,0.654,0.654,0.576,0.69,0.932,0.968,0.69,0.69,0.799,0.619,0.996,0.996,0.994,0.689,0.691,0.685,0.742,0.572,0.967,0.106,0.964,0.628,0.691,0.612,0.624,0.107,0.709,0.681,0.98,0.736,0.886,0.98,0.484,0.693,0.955,0.696,0.726,0.563,0.954,0.857,0.983,0.835,0.954,0.922,0.179,0.885,0.704,0.922,0.868,0.922,0.954,0.917,0.782,0.76,0.765,0.659,0.829,0.766,0.926,0.912,0.78,0.897,0.758,0.921,0.657,0.735,0.69,0.689,0.945,0.898,0.962
0.614,0.614,0.583,0.583,0.011,0.341,0.463,0.366,0.349,0.91,0.366,0.536,0.276,0.011,0.536,0.366,0.276,0.011,0.023,0.276,0.448,0.865,0.448,0.22,0.276,0.463,0.22,0.366,0.337,0.91,0.337,0.865,0.855,0.353,0.422,0.353,0.053,0.422,0.855,0.053,0.301,0.353,0.171,0.575,0.353,0.053,0.083,0.171,0.385,0.171,0.576,0.31,0.806,0.941,0.063,0.941,0.946,0.185,0.185,0.185,0.88,0.063,0.946,0.063,0.806,0.88,0.328,0.194,0.328,0.6,0.6,0.6,0.434,0.017,0.624,0.133,0.799,0.117,0.767,0.799,0.291,0.017,0.596,0.185,0.165,0.596,0.767,0.144,0.283,0.046,0.017,0.626,0.128,0.224,0.594,0.596,0.009,0.594,0.594,0.148,0.589,0.804,0.128,0.589,0.589,0.113,0.148,0.289,0.289,0.264,0.468,0.083,0.195,0.062,0.185,0.084,0.203,0.837,0.205,0.083,0.145,0.21,0.12,0.215,0.21,0.162,0.037,0.415,0.162,0.372,0.187,0.792,0.189,0.256,0.046,0.532,0.337,0.123,0.246,0.532,0.525,0.124,0.46,0.095,0.525,0.053,0.525,0.532,0.427,0.058,0.096,0.073,0.455,0.099,0.695,0.629,0.479,0.082,0.714,0.191,0.724,0.483,0.665,0.665,0.594,0.91,0.836,0.509
0.086,0.086,0.075,0.075,0.546,0.496,0.189,0.197,0.626,0.306,0.197,0.233,0.129,0.546,0.233,0.197,0.129,0.546,0.257,0.129,0.103,0.356,0.103,0.141,0.129,0.189,0.141,0.197,0.219,0.306,0.219,0.356,0.143,0.191,0.238,0.191,0.507,0.238,0.143,0.507,0.238,0.191,0.457,0.147,0.191,0.507,0.213,0.457,0.506,0.457,0.729,0.268,0.962,0.256,0.49,0.256,0.265,0.43,0.43,0.43,0.299,0.49,0.265,0.49,0.962,0.299,0.18,0.493,0.18,0.905,0.905,0.905,0.561,0.628,0.107,0.617,0.796,0.56,0.891,0.796,0.615,0.628,0.958,0.711,0.48,0.958,0.891,0.656,0.735,0.734,0.628,0.114,0.541,0.718,0.709,0.958,0.298,0.709,0.709,0.546,0.819,0.92,0.59,0.819,0.819,0.587,0.635,0.535,0.535,0.522,0.523,0.527,0.436,0.789,0.717,0.746,0.404,0.844,0.434,0.527,0.564,0.422,0.429,0.53,0.762,0.615,0.718,0.666,0.615,0.63,0.537,0.961,0.533,0.613,0.796,0.848,0.722,0.625,0.537,0.848,0.871,0.751,0.561,0.403,0.871,0.799,0.871,0.848,0.571,0.28,0.503,0.3,0.632,0.799,0.792,0.338,0.827,0.296,0.87,0.493,0.902,0.581,0.818,0.81,0.819,0.792,0.792,0.475
0.842,0.842,0.837,0.837,0.73,0.669,0.828,0.829,0.655,0.915,0.829,0.763,0.919,0.73,0.763,0.829,0.919,0.73,0.351,0.919,0.838,0.84,0.838,0.919,0.919,0.828,0.919,0.829,0.701,0.915,0.701,0.84,0.461,0.855,0.789,0.855,0.97,0.789,0.461,0.97,0.661,0.855,0.961,0.906,0.855,0.97,0.364,0.961,0.83,0.961,0.615,0.635,0.918,0.432,0.897,0.432,0.439,0.965,0.965,0.965,0.849,0.897,0.439,0.897,0.918,0.849,0.814,0.889,0.814,0.904,0.904,0.904,0.775,0.814,0.936,0.603,0.571,0.987,0.576,0.571,0.687,0.814,0.783,0.663,0.91,0.783,0.576,0.593,0.692,0.985,0.814,0.918,0.596,0.627,0.616,0.783,0.457,0.616,0.616,0.564,0.311,0.605,0.989,0.311,0.311,0.969,0.565,0.519,0.519,0.72,0.929,0.771,0.265,0.797,0.569,0.988,0.969,0.617,0.219,0.771,0.555,0.224,0.972,0.299,0.594,0.965,0.968,0.754,0.965,0.945,0.232,0.874,0.243,0.981,0.996,0.604,0.721,0.998,0.739,0.604,0.546,0.977,0.855,0.707,0.546,0.995,0.546,0.604,0.858,0.596,0.724,0.542,0.767,0.996,0.751,0.933,0.734,0.546,0.762,0.774,0.797,0.759,0.729,0.733,0.71,0.815,0.789,0.756
0.644,0.644,0.703,0.703,0.765,0.636,0.677,0.455,0.653,0.264,0.455,0.623,0.514,0.765,0.623,0.455,0.514,0.765,0.182,0.514,0.683,0.246,0.683,0.503,0.514,0.677,0.503,0.455,0.415,0.264,0.415,0.246,0.216,0.579,0.645,0.579,0.663,0.645,0.216,0.663,0.956,0.579,0.702,0.991,0.579,0.663,0.091,0.702,0.964,0.702,0.806,0.957,0.742,0.23,0.412,0.23,0.226,0.423,0.423,0.423,0.236,0.412,0.226,0.412,0.742,0.236,0.5,0.986,0.5,0.696,0.696,0.696,0.911,0.85,0.988,0.738,0.335,0.996,0.327,0.335,0.877,0.85,0.726,0.763,0.988,0.726,0.327,0.733,0.853,0.999,0.85,0.989,0.735,0.812,0.573,0.726,0.241,0.573,0.573,0.724,0.597,0.33,0.992,0.597,0.597,0.992,0.824,0.694,0.694,0.629,0.556,0.616,0.564,0.738,0.828,0.996,0.945,0.337,0.556,0.616,0.825,0.539,0.95,0.607,0.775,0.655,0.985,0.455,0.655,0.775,0.57,0.644,0.586,0.478,0.973,0.33,0.422,0.584,0.382,0.33,0.331,0.856,0.857,0.473,0.331,0.994,0.331,0.33,0.841,0.409,0.462,0.409,0.664,0.989,0.685,0.966,0.782,0.405,0.866,0.466,0.905,0.722,0.671,0.72,0.712,0.87,0.896,0.859
0.748,0.748,0.746,0.746,0.378,0.547,0.382,0.381,0.458,0.737,0.381,0.357,0.399,0.378,0.357,0.381,0.399,0.378,0.916,0.399,0.639,0.7,0.639,0.355,0.399,0.382,0.355,0.381,0.349,0.737,0.349,0.7,0.43,0.253,0.255,0.253,0.88,0.255,0.43,0.88,0.753,0.253,0.887,0.295,0.253,0.88,0.988,0.887,0.691,0.887,0.557,0.923,0.39,0.452,0.851,0.452,0.47,0.851,0.851,0.851,0.713,0.851,0.47,0.851,0.39,0.713,0.338,0.699,0.338,0.646,0.646,0.646,0.883,0.451,0.348,0.79,0.663,0.801,0.694,0.663,0.86,0.451,0.368,0.823,0.599,0.368,0.694,0.801,0.88,0.661,0.451,0.348,0.778,0.817,0.591,0.368,0.703,0.591,0.591,0.8,0.407,0.708,0.695,0.407,0.407,0.466,0.888,0.891,0.891,0.924,0.416,0.87,0.758,0.93,0.894,0.518,0.771,0.681,0.711,0.87,0.891,0.712,0.746,0.826,0.918,0.87,0.33,0.915,0.87,0.425,0.648,0.488,0.656,0.408,0.65,0.641,0.874,0.912,0.904,0.641,0.665,0.789,0.187,0.815,0.665,0.581,0.665,0.641,0.196,0.776,0.837,0.808,0.933,0.507,0.958,0.214,0.818,0.779,0.913,0.846,0.875,0.947,0.933,0.961,0.934,0.936,0.928,0.933
0.489,0.489,0.487,0.487,0.134,0.618,0.48,0.397,0.607,0.9,0.397,0.521,0.337,0.134,0.521,0.397,0.337,0.134,0.152,0.337,0.605,0.941,0.605,0.383,0.337,0.48,0.383,0.397,0.449,0.9,0.449,0.941,0.894,0.483,0.59,0.483,0.299,0.59,0.894,0.299,0.375,0.483,0.371,0.786,0.483,0.299,0.125,0.371,0.019,0.371,0.753,0.351,0.424,0.831,0.254,0.831,0.837,0.296,0.296,0.296,0.922,0.254,0.837,0.254,0.424,0.922,0.46,0.05,0.46,0.42,0.42,0.42,0.519,0.15,0.767,0.845,0.765,0.09,0.773,0.765,0.6,0.15,0.387,0.531,0.052,0.387,0.773,0.863,0.596,0.209,0.15,0.742,0.867,0.503,0.665,0.387,0.091,0.665,0.665,0.86,0.679,0.655,0.089,0.679,0.679,0.064,0.828,0.558,0.558,0.659,0.777,0.339,0.981,0.391,0.443,0.186,0.372,0.697,0.976,0.339,0.841,0.975,0.373,0.974,0.535,0.614,0.072,0.371,0.614,0.477,0.961,0.401,0.96,0.866,0.096,0.726,0.267,0.689,0.5,0.726,0.782,0.331,0.054,0.549,0.782,0.206,0.782,0.726,0.053,0.498,0.53,0.439,0.626,0.196,0.631,0.052,0.206,0.514,0.295,0.597,0.292,0.597,0.597,0.705,0.64,0.318,0.261,0.712
0.9,0.9,0.92,0.92,0.555,0.396,0.896,0.559,0.378,0.521,0.559,0.716,0.807,0.555,0.716,0.559,0.807,0.555,0.574,0.807,0.792,0.425,0.792,0.731,0.807,0.896,0.731,0.559,0.522,0.521,0.522,0.425,0.762,0.5,0.657,0.5,0.419,0.657,0.762,0.419,0.268,0.5,0.517,0.607,0.5,0.419,0.517,0.517,0.1,0.517,0.363,0.236,0.341,0.727,0.421,0.727,0.736,0.433,0.433,0.433,0.379,0.421,0.736,0.421,0.341,0.379,0.498,0.105,0.498,0.238,0.238,0.238,0.411,0.566,0.482,0.187,0.389,0.174,0.401,0.389,0.24,0.566,0.334,0.195,0.103,0.334,0.401,0.168,0.247,0.124,0.566,0.516,0.202,0.226,0.221,0.334,0.547,0.221,0.221,0.187,0.213,0.421,0.182,0.213,0.213,0.188,0.144,0.452,0.452,0.533,0.969,0.762,0.07,0.765,0.183,0.137,0.043,0.411,0.078,0.762,0.14,0.067,0.034,0.067,0.253,0.448,0.164,0.463,0.448,0.948,0.071,0.329,0.061,0.947,0.083,0.423,0.409,0.478,0.421,0.423,0.403,0.052,0.896,0.296,0.403,0.072,0.403,0.423,0.918,0.238,0.211,0.247,0.369,0.077,0.333,0.875,0.609,0.23,0.502,0.203,0.506,0.332,0.39,0.325,0.394,0.476,0.436,0.494
0.161,0.161,0.138,0.138,0.359,0.958,0.122,0.114,0.925,0.084,0.114,0.147,0.088,0.359,0.147,0.114,0.088,0.359,0.421,0.088,0.119,0.11,0.119,0.079,0.088,0.122,0.079,0.114,0.096,0.084,0.096,0.11,0.025,0.073,0.095,0.073,0.529,0.095,0.025,0.529,0.872,0.073,0.717,0.842,0.073,0.529,0.622,0.717,0.524,0.717,0.984,0.866,0.383,0.079,0.661,0.079,0.088,0.699,0.699,0.699,0.066,0.661,0.088,0.661,0.383,0.066,0.062,0.544,0.062,0.276,0.276,0.276,0.93,0.225,0.844,0.882,0.672,0.565,0.439,0.672,0.713,0.225,0.199,0.94,0.589,0.199,0.439,0.887,0.741,0.681,0.225,0.86,0.88,0.938,0.383,0.199,0.273,0.383,0.383,0.888,0.224,0.542,0.555,0.224,0.224,0.562,0.896,0.835,0.835,0.883,0.814,0.57,0.886,0.686,0.942,0.665,0.773,0.683,0.865,0.57,0.904,0.855,0.824,0.882,0.677,0.782,0.684,0.269,0.782,0.713,0.867,0.367,0.874,0.806,0.742,0.546,0.246,0.848,0.325,0.546,0.474,0.392,0.934,0.465,0.474,0.821,0.474,0.546,0.92,0.543,0.574,0.579,0.321,0.814,0.505,0.945,0.451,0.607,0.312,0.713,0.345,0.331,0.434,0.409,0.433,0.409,0.403,0.392
0.959,0.959,0.948,0.948,0.515,0.967,0.974,0.931,0.976,0.885,0.931,0.948,0.942,0.515,0.948,0.931,0.942,0.515,0.33,0.942,0.956,0.931,0.956,0.879,0.942,0.974,0.879,0.931,0.895,0.885,0.895,0.931,0.737,0.958,0.985,0.958,0.849,0.985,0.737,0.849,0.156,0.958,0.832,0.182,0.958,0.849,0.331,0.832,0.638,0.832,0.957,0.157,0.789,0.784,0.924,0.784,0.826,0.911,0.911,0.911,0.888,0.924,0.826,0.924,0.789,0.888,0.941,0.575,0.941,0.842,0.842,0.842,0.107,0.747,0.201,0.123,0.934,0.923,0.898,0.934,0.119,0.747,0.782,0.139,0.602,0.782,0.898,0.125,0.121,0.938,0.747,0.207,0.132,0.135,0.839,0.782,0.361,0.839,0.839,0.132,0.932,0.899,0.901,0.932,0.932,0.865,0.149,0.808,0.808,0.703,0.886,0.637,0.376,0.63,0.172,0.925,0.004,0.895,0.42,0.637,0.152,0.398,0.003,0.403,0.205,0.737,0.925,0.788,0.737,0.954,0.395,0.749,0.409,0.894,0.642,0.986,0.795,0.658,0.767,0.986,0.984,0.003,0.95,0.938,0.984,0.756,0.984,0.986,0.943,0.983,0.918,0.964,0.902,0.732,0.963,0.958,0.978,0.981,0.978,0.936,0.982,0.918,0.952,0.974,0.962,0.976,0.978,0.978
0.813,0.813,0.744,0.744,0.086,0.963,0.576,0.591,0.965,0.557,0.591,0.586,0.571,0.086,0.586,0.591,0.571,0.086,0.009,0.571,0.91,0.614,0.91,0.549,0.571,0.576,0.549,0.591,0.581,0.557,0.581,0.614,0.388,0.623,0.734,0.623,0.065,0.734,0.388,0.065,0.888,0.623,0.035,0.629,0.623,0.065,0.005,0.035,0.533,0.035,0.888,0.833,0.076,0.344,0.085,0.344,0.335,0.048,0.048,0.048,0.655,0.085,0.335,0.085,0.076,0.655,0.595,0.73,0.595,0.056,0.056,0.056,0.572,0.223,0.599,0.592,0.034,0.863,0.053,0.034,0.787,0.223,0.131,0.624,0.759,0.131,0.053,0.489,0.742,0.881,0.223,0.621,0.685,0.651,0.02,0.131,0.037,0.02,0.02,0.62,0.021,0.032,0.868,0.021,0.021,0.854,0.475,0.18,0.18,0.171,0.192,0.088,0.513,0.084,0.609,0.898,0.42,0.042,0.467,0.088,0.702,0.456,0.4,0.476,0.731,0.218,0.864,0.273,0.218,0.136,0.422,0.106,0.414,0.262,0.468,0.087,0.26,0.187,0.35,0.087,0.088,0.314,0.26,0.114,0.088,0.476,0.088,0.087,0.263,0.057,0.089,0.054,0.431,0.494,0.434,0.267,0.33,0.053,0.346,0.093,0.383,0.451,0.425,0.372,0.368,0.665,0.694,0.431
0.437,0.437,0.613,0.613,0.308,0.689,0.589,0.484,0.675,0.447,0.484,0.592,0.473,0.308,0.592,0.484,0.473,0.308,0.309,0.473,0.551,0.482,0.551,0.45,0.473,0.589,0.45,0.484,0.476,0.447,0.476,0.482,0.585,0.634,0.67,0.634,0.217,0.67,0.585,0.217,0.754,0.634,0.177,0.461,0.634,0.217,0.299,0.177,0.614,0.177,0.612,0.841,0.407,0.632,0.523,0.632,0.621,0.455,0.455,0.455,0.608,0.523,0.621,0.523,0.407,0.608,0.596,0.649,0.596,0.272,0.272,0.272,0.849,0.477,0.497,0.632,0.631,0.601,0.643,0.631,0.74,0.477,0.364,0.76,0.587,0.364,0.643,0.682,0.794,0.27,0.477,0.573,0.651,0.726,0.556,0.364,0.266,0.556,0.556,0.674,0.463,0.525,0.626,0.463,0.463,0.684,0.716,0.323,0.323,0.362,0.529,0.571,0.541,0.556,0.762,0.268,0.562,0.502,0.533,0.571,0.735,0.531,0.521,0.629,0.814,0.398,0.168,0.085,0.398,0.597,0.633,0.284,0.641,0.558,0.196,0.684,0.109,0.439,0.195,0.684,0.666,0.285,0.32,0.428,0.666,0.321,0.666,0.684,0.324,0.324,0.31,0.334,0.473,0.319,0.237,0.309,0.723,0.323,0.798,0.316,0.79,0.448,0.232,0.321,0.316,0.479,0.575,0.621
0.471,0.471,0.451,0.451,0.476,0.792,0.646,0.569,0.749,0.6,0.569,0.677,0.532,0.476,0.677,0.569,0.532,0.476,0.957,0.532,0.401,0.637,0.401,0.526,0.532,0.646,0.526,0.569,0.561,0.6,0.561,0.637,0.315,0.502,0.609,0.502,0.906,0.609,0.315,0.906,0.64,0.502,0.904,0.801,0.502,0.906,0.971,0.904,0.284,0.904,0.83,0.63,0.939,0.376,0.458,0.376,0.39,0.357,0.357,0.357,0.585,0.458,0.39,0.458,0.939,0.585,0.495,0.235,0.495,0.834,0.834,0.834,0.73,0.13,0.799,0.59,0.881,0.395,0.902,0.881,0.739,0.13,0.971,0.722,0.234,0.971,0.902,0.657,0.693,0.578,0.13,0.793,0.564,0.689,0.824,0.971,0.142,0.824,0.824,0.655,0.844,0.855,0.386,0.844,0.844,0.473,0.561,0.91,0.91,0.878,0.919,0.296,0.509,0.307,0.643,0.332,0.643,0.816,0.503,0.296,0.578,0.498,0.667,0.605,0.78,0.903,0.424,0.906,0.903,0.398,0.601,0.956,0.598,0.766,0.499,0.922,0.868,0.861,0.872,0.922,0.928,0.578,0.798,0.66,0.928,0.511,0.928,0.922,0.777,0.574,0.706,0.589,0.811,0.295,0.808,0.761,0.918,0.547,0.905,0.675,0.898,0.782,0.837,0.811,0.836,0.75,0.774,0.849
0.088,0.088,0.109,0.109,0.755,0.852,0.062,0.071,0.895,0.032,0.071,0.069,0.049,0.755,0.069,0.071,0.049,0.755,0.356,0.049,0.202,0.053,0.202,0.052,0.049,0.062,0.052,0.071,0.066,0.032,0.066,0.053,0.079,0.113,0.134,0.113,0.744,0.134,0.079,0.744,0.336,0.113,0.714,0.823,0.113,0.744,0.345,0.714,0.032,0.714,0.628,0.37,0.637,0.065,0.702,0.065,0.063,0.671,0.671,0.671,0.075,0.702,0.063,0.702,0.637,0.075,0.091,0.051,0.091,0.542,0.542,0.542,0.373,0.853,0.866,0.752,0.641,0.006,0.646,0.641,0.649,0.853,0.706,0.739,0.053,0.706,0.646,0.7,0.644,0.009,0.853,0.865,0.725,0.752,0.658,0.706,0.205,0.658,0.658,0.676,0.663,0.594,0.003,0.663,0.663,0.001,0.643,0.802,0.802,0.775,0.938,0.903,0.704,0.918,0.692,0.007,0.128,0.578,0.684,0.903,0.614,0.68,0.183,0.851,0.678,0.85,0.002,0.56,0.85,0.882,0.789,0.611,0.749,0.957,0.004,0.597,0.529,0.825,0.57,0.597,0.583,0.042,0.969,0.356,0.583,0.015,0.583,0.597,0.977,0.244,0.398,0.201,0.587,0.01,0.571,0.979,0.167,0.193,0.218,0.397,0.228,0.611,0.6,0.517,0.544,0.253,0.255,0.612
0.746,0.746,0.896,0.896,0.508,0.289,0.962,0.756,0.318,0.608,0.756,0.864,0.938,0.508,0.864,0.756,0.938,0.508,0.859,0.938,0.755,0.509,0.755,0.864,0.938,0.962,0.864,0.756,0.676,0.608,0.676,0.509,0.575,0.758,0.825,0.758,0.466,0.825,0.575,0.466,0.53,0.758,0.526,0.006,0.758,0.466,0.882,0.526,0.065,0.526,0.372,0.571,0.61,0.463,0.59,0.463,0.461,0.653,0.653,0.653,0.471,0.59,0.461,0.59,0.61,0.471,0.662,0.071,0.662,0.482,0.482,0.482,0.441,0.358,0.005,0.677,0.441,0.145,0.514,0.441,0.441,0.358,0.818,0.319,0.073,0.818,0.514,0.665,0.423,0.158,0.358,0.005,0.65,0.323,0.395,0.818,0.684,0.395,0.395,0.625,0.469,0.68,0.145,0.469,0.469,0.161,0.665,0.501,0.501,0.53,0.607,0.606,0.665,0.615,0.292,0.168,0.225,0.603,0.686,0.606,0.639,0.668,0.212,0.798,0.374,0.494,0.187,0.661,0.494,0.884,0.724,0.651,0.727,0.632,0.296,0.731,0.76,0.51,0.791,0.731,0.838,0.267,0.227,0.618,0.838,0.191,0.838,0.731,0.224,0.434,0.538,0.349,0.385,0.215,0.264,0.216,0.133,0.326,0.259,0.421,0.246,0.327,0.292,0.283,0.324,0.334,0.405,0.373
0.093,0.093,0.071,0.071,0.038,0.414,0.054,0.177,0.439,0.682,0.177,0.067,0.186,0.038,0.067,0.177,0.186,0.038,0.029,0.186,0.097,0.556,0.097,0.126,0.186,0.054,0.126,0.177,0.124,0.682,0.124,0.556,0.294,0.177,0.086,0.177,0.056,0.086,0.294,0.056,0.894,0.177,0.157,0.876,0.177,0.056,0.032,0.157,0.937,0.157,0.508,0.937,0.583,0.269,0.067,0.269,0.268,0.226,0.226,0.226,0.514,0.067,0.268,0.067,0.583,0.514,0.153,0.951,0.153,0.647,0.647,0.647,0.864,0.049,0.924,0.836,0.756,0.982,0.734,0.756,0.888,0.049,0.947,0.836,0.942,0.947,0.734,0.815,0.903,0.443,0.049,0.883,0.809,0.852,0.897,0.947,0.017,0.897,0.897,0.772,0.888,0.989,0.983,0.888,0.888,0.975,0.803,0.226,0.226,0.253,0.282,0.109,0.735,0.112,0.827,0.408,0.655,0.993,0.659,0.109,0.803,0.653,0.577,0.786,0.878,0.09,0.468,0.22,0.09,0.37,0.664,0.74,0.672,0.266,0.362,0.785,0.056,0.096,0.136,0.785,0.76,0.92,0.914,0.047,0.76,0.311,0.76,0.785,0.891,0.038,0.031,0.041,0.172,0.301,0.227,0.81,0.244,0.047,0.081,0.067,0.106,0.15,0.151,0.129,0.072,0.463,0.459,0.316
0.198,0.198,0.183,0.183,0.545,0.194,0.03,0.018,0.165,0.15,0.018,0.028,0.021,0.545,0.028,0.018,0.021,0.545,0.752,0.021,0.135,0.164,0.135,0.019,0.021,0.03,0.019,0.018,0.018,0.15,0.018,0.164,0.172,0.045,0.048,0.045,0.447,0.048,0.172,0.447,0.154,0.045,0.474,0.658,0.045,0.447,0.796,0.474,0.779,0.474,0.159,0.166,0.783,0.148,0.395,0.148,0.154,0.407,0.407,0.407,0.293,0.395,0.154,0.395,0.783,0.293,0.033,0.723,0.033,0.765,0.765,0.765,0.42,0.663,0.499,0.236,0.846,0.743,0.856,0.846,0.149,0.663,0.405,0.167,0.723,0.405,0.856,0.275,0.15,0.764,0.663,0.65,0.236,0.159,0.736,0.405,0.773,0.736,0.736,0.275,0.78,0.482,0.7,0.78,0.78,0.766,0.266,0.461,0.461,0.494,0.507,0.242,0.095,0.348,0.161,0.67,0.358,0.465,0.108,0.242,0.254,0.107,0.356,0.109,0.199,0.383,0.799,0.711,0.383,0.412,0.126,0.558,0.125,0.467,0.793,0.275,0.715,0.409,0.78,0.275,0.282,0.419,0.387,0.586,0.282,0.81,0.282,0.275,0.39,0.356,0.511,0.447,0.879,0.753,0.871,0.377,0.828,0.37,0.924,0.485,0.892,0.87,0.892,0.879,0.869,0.645,0.659,0.723
0.172,0.172,0.285,0.285,0.258,0.082,0.171,0.115,0.092,0.189,0.115,0.101,0.218,0.258,0.101,0.115,0.218,0.258,0.437,0.218,0.137,0.151,0.137,0.173,0.218,0.171,0.173,0.115,0.121,0.189,0.121,0.151,0.488,0.147,0.117,0.147,0.389,0.117,0.488,0.389,0.847,0.147,0.406,0.181,0.147,0.389,0.578,0.406,0.499,0.406,0.084,0.828,0.359,0.763,0.303,0.763,0.778,0.242,0.242,0.242,0.128,0.303,0.778,0.303,0.359,0.128,0.152,0.479,0.152,0.735,0.735,0.735,0.743,0.227,0.213,0.459,0.351,0.677,0.351,0.351,0.696,0.227,0.57,0.623,0.495,0.57,0.351,0.517,0.662,0.753,0.227,0.211,0.477,0.611,0.59,0.57,0.46,0.59,0.59,0.52,0.582,0.398,0.692,0.582,0.582,0.699,0.407,0.684,0.684,0.701,0.852,0.503,0.91,0.502,0.568,0.771,0.433,0.38,0.885,0.503,0.391,0.887,0.483,0.184,0.509,0.694,0.73,0.056,0.694,0.799,0.214,0.452,0.236,0.874,0.752,0.501,0.048,0.724,0.057,0.501,0.538,0.289,0.132,0.297,0.538,0.806,0.538,0.501,0.144,0.152,0.226,0.113,0.117,0.812,0.098,0.127,0.152,0.109,0.137,0.207,0.185,0.103,0.104,0.087,0.089,0.242,0.174,0.168
0.603,0.603,0.569,0.569,0.355,0.08,0.404,0.325,0.087,0.165,0.325,0.428,0.331,0.355,0.428,0.325,0.331,0.355,0.392,0.331,0.674,0.204,0.674,0.321,0.331,0.404,0.321,0.325,0.327,0.165,0.327,0.204,0.54,0.327,0.38,0.327,0.24,0.38,0.54,0.24,0.094,0.327,0.223,0.159,0.327,0.24,0.343,0.223,0.002,0.223,0.063,0.092,0.477,0.704,0.222,0.704,0.728,0.22,0.22,0.22,0.161,0.222,0.728,0.222,0.477,0.161,0.282,0.007,0.282,0.222,0.222,0.222,0.153,0.391,0.17,0.055,0.249,0.019,0.274,0.249,0.102,0.391,0.356,0.106,0.006,0.356,0.274,0.054,0.105,0.032,0.391,0.154,0.063,0.093,0.299,0.356,0.288,0.299,0.299,0.064,0.334,0.369,0.02,0.334,0.334,0.011,0.052,0.011,0.011,0.013,0.011,0.003,0.027,0.002,0.069,0.036,0.135,0.326,0.026,0.003,0.054,0.025,0.126,0.029,0.096,0.012,0.012,0.979,0.012,0.007,0.025,0.393,0.027,0.008,0.013,0.239,0.969,0.013,0.99,0.239,0.249,0.043,0.033,0.9,0.249,0.051,0.249,0.239,0.028,0.783,0.949,0.832,0.996,0.046,0.997,0.024,1.0,0.89,1.0,0.981,1.0,0.999,0.991,0.987,0.985,0.995,0.991,0.968
0.432,0.432,0.384,0.384,0.536,0.535,0.383,0.435,0.515,0.944,0.435,0.624,0.256,0.536,0.624,0.435,0.256,0.536,0.629,0.256,0.608,0.954,0.608,0.254,0.256,0.383,0.254,0.435,0.401,0.944,0.401,0.954,0.787,0.427,0.537,0.427,0.508,0.537,0.787,0.508,0.634,0.427,0.506,0.134,0.427,0.508,0.566,0.506,0.301,0.506,0.487,0.594,0.373,0.852,0.662,0.852,0.853,0.661,0.661,0.661,0.988,0.662,0.853,0.662,0.373,0.988,0.45,0.36,0.45,0.945,0.945,0.945,0.514,0.402,0.127,0.471,0.478,0.406,0.491,0.478,0.402,0.402,0.432,0.288,0.352,0.432,0.491,0.357,0.368,0.495,0.402,0.129,0.482,0.329,0.923,0.432,0.605,0.923,0.923,0.349,0.87,0.43,0.4,0.87,0.87,0.349,0.427,0.686,0.686,0.656,0.514,0.917,0.443,0.912,0.212,0.448,0.41,0.425,0.447,0.917,0.378,0.442,0.431,0.507,0.288,0.629,0.535,0.454,0.629,0.761,0.656,0.359,0.601,0.605,0.406,0.541,0.372,0.758,0.566,0.541,0.501,0.496,0.379,0.387,0.501,0.315,0.501,0.541,0.387,0.847,0.379,0.859,0.633,0.287,0.457,0.362,0.717,0.853,0.79,0.376,0.779,0.578,0.563,0.459,0.555,0.548,0.572,0.797
0.456,0.456,0.338,0.338,0.365,0.258,0.252,0.482,0.27,0.426,0.482,0.289,0.451,0.365,0.289,0.482,0.451,0.365,0.778,0.451,0.319,0.488,0.319,0.44,0.451,0.252,0.44,0.482,0.475,0.426,0.475,0.488,0.394,0.587,0.261,0.587,0.704,0.261,0.394,0.704,0.321,0.587,0.492,0.63,0.587,0.704,0.772,0.492,0.628,0.492,0.294,0.181,0.111,0.375,0.696,0.375,0.386,0.495,0.495,0.495,0.503,0.696,0.386,0.696,0.111,0.503,0.561,0.614,0.561,0.075,0.075,0.075,0.356,0.416,0.699,0.138,0.104,0.639,0.149,0.104,0.223,0.416,0.257,0.175,0.624,0.257,0.149,0.139,0.225,0.472,0.416,0.688,0.147,0.221,0.122,0.257,0.734,0.122,0.122,0.142,0.186,0.288,0.653,0.186,0.186,0.755,0.132,0.372,0.372,0.313,0.534,0.412,0.426,0.405,0.181,0.466,0.644,0.223,0.405,0.412,0.134,0.397,0.756,0.218,0.201,0.348,0.701,0.464,0.348,0.662,0.216,0.116,0.237,0.464,0.713,0.311,0.428,0.305,0.453,0.311,0.488,0.782,0.902,0.626,0.488,0.523,0.488,0.311,0.904,0.415,0.667,0.487,0.336,0.509,0.326,0.967,0.745,0.476,0.287,0.652,0.25,0.36,0.31,0.305,0.285,0.436,0.388,0.827
0.293,0.293,0.399,0.399,0.945,0.943,0.474,0.521,0.952,0.44,0.521,0.501,0.47,0.945,0.501,0.521,0.47,0.945,0.232,0.47,0.536,0.476,0.536,0.426,0.47,0.474,0.426,0.521,0.49,0.44,0.49,0.476,0.197,0.467,0.387,0.467,0.443,0.387,0.197,0.443,0.511,0.467,0.441,0.026,0.467,0.443,0.289,0.441,0.115,0.441,0.951,0.45,0.15,0.195,0.461,0.195,0.248,0.513,0.513,0.513,0.439,0.461,0.248,0.461,0.15,0.439,0.467,0.168,0.467,0.739,0.739,0.739,0.631,0.536,0.03,0.635,0.189,0.371,0.169,0.189,0.667,0.536,0.903,0.738,0.13,0.903,0.169,0.664,0.686,0.528,0.536,0.026,0.643,0.697,0.792,0.903,0.77,0.792,0.792,0.67,0.764,0.854,0.292,0.764,0.764,0.402,0.616,0.569,0.569,0.428,0.88,0.884,0.844,0.842,0.687,0.375,0.923,0.896,0.875,0.884,0.631,0.869,0.934,0.924,0.676,0.576,0.472,0.609,0.576,0.852,0.941,0.838,0.937,0.905,0.529,0.388,0.583,0.358,0.631,0.388,0.469,0.624,0.724,0.821,0.469,0.576,0.469,0.388,0.715,0.63,0.701,0.481,0.685,0.429,0.633,0.703,0.823,0.468,0.816,0.67,0.817,0.678,0.612,0.611,0.551,0.757,0.726,0.857
0.538,0.538,0.623,0.623,0.85,0.088,0.546,0.418,0.086,0.674,0.418,0.393,0.592,0.85,0.393,0.418,0.592,0.85,0.338,0.592,0.368,0.384,0.368,0.584,0.592,0.546,0.584,0.418,0.391,0.674,0.391,0.384,0.51,0.376,0.305,0.376,0.408,0.305,0.51,0.408,0.694,0.376,0.424,0.465,0.376,0.408,0.284,0.424,0.774,0.424,0.095,0.694,0.514,0.277,0.693,0.277,0.272,0.707,0.707,0.707,0.359,0.693,0.272,0.693,0.514,0.359,0.368,0.786,0.368,0.351,0.351,0.351,0.581,0.856,0.362,0.994,0.446,0.646,0.365,0.446,0.502,0.856,0.6,0.994,0.828,0.6,0.365,0.991,0.502,0.679,0.856,0.367,0.993,0.994,0.344,0.6,0.287,0.344,0.344,0.994,0.252,0.406,0.5,0.252,0.252,0.453,0.99,0.304,0.304,0.641,0.791,0.372,0.974,0.582,0.994,0.636,0.54,0.483,0.979,0.372,0.995,0.972,0.495,0.953,0.362,0.359,0.484,0.868,0.359,0.389,0.925,0.47,0.894,0.769,0.526,0.589,0.875,0.719,0.934,0.589,0.521,0.616,0.648,0.776,0.521,0.701,0.521,0.589,0.648,0.666,0.767,0.632,0.032,0.676,0.021,0.731,0.012,0.64,0.022,0.734,0.02,0.036,0.023,0.017,0.022,0.011,0.017,0.006
0.513,0.513,0.501,0.501,0.768,0.416,0.622,0.68,0.442,0.516,0.68,0.662,0.65,0.768,0.662,0.68,0.65,0.768,0.643,0.65,0.461,0.578,0.461,0.613,0.65,0.622,0.613,0.68,0.645,0.516,0.645,0.578,0.516,0.792,0.779,0.792,0.948,0.779,0.516,0.948,0.655,0.792,0.939,0.873,0.792,0.948,0.621,0.939,0.809,0.939,0.574,0.651,0.461,0.472,0.866,0.472,0.494,0.863,0.863,0.863,0.524,0.866,0.494,0.866,0.461,0.524,0.754,0.887,0.754,0.259,0.259,0.259,0.673,0.73,0.929,0.715,0.545,0.872,0.559,0.545,0.747,0.73,0.538,0.774,0.896,0.538,0.559,0.736,0.73,0.871,0.73,0.941,0.692,0.747,0.544,0.538,0.613,0.544,0.544,0.711,0.563,0.761,0.881,0.563,0.563,0.782,0.702,0.934,0.934,0.982,0.825,0.649,0.694,0.514,0.667,0.861,0.81,0.736,0.707,0.649,0.696,0.784,0.833,0.764,0.693,0.873,0.762,0.778,0.873,0.373,0.804,0.448,0.818,0.906,0.786,0.837,0.802,0.986,0.892,0.837,0.856,0.69,0.749,0.913,0.856,0.815,0.856,0.837,0.754,0.791,0.957,0.81,0.961,0.809,0.928,0.775,0.975,0.8,0.935,0.949,0.934,0.945,0.932,0.892,0.94,0.977,0.979,0.91
0.46,0.46,0.444,0.444,0.889,0.808,0.422,0.234,0.778,0.101,0.234,0.432,0.214,0.889,0.432,0.234,0.214,0.889,0.955,0.214,0.4,0.124,0.4,0.242,0.214,0.422,0.242,0.234,0.271,0.101,0.271,0.124,0.059,0.199,0.274,0.199,0.995,0.274,0.059,0.995,0.541,0.199,0.992,0.917,0.199,0.995,0.95,0.992,0.511,0.992,0.856,0.554,0.9,0.073,0.988,0.073,0.069,0.978,0.978,0.978,0.096,0.988,0.069,0.988,0.9,0.096,0.218,0.496,0.218,0.579,0.579,0.579,0.556,0.918,0.708,0.616,0.98,0.505,0.997,0.98,0.597,0.918,0.933,0.673,0.527,0.933,0.997,0.571,0.553,0.141,0.918,0.67,0.627,0.674,0.998,0.933,0.861,0.998,0.998,0.582,0.919,0.997,0.54,0.919,0.919,0.739,0.519,0.937,0.937,0.921,0.576,0.518,0.306,0.581,0.665,0.185,0.527,0.991,0.313,0.518,0.521,0.309,0.439,0.502,0.564,0.982,0.285,0.26,0.982,0.587,0.445,0.861,0.39,0.644,0.375,0.997,0.262,0.971,0.258,0.997,1.0,0.676,0.276,0.227,1.0,0.216,1.0,0.997,0.236,0.753,0.193,0.738,0.147,0.274,0.103,0.295,0.162,0.677,0.156,0.177,0.15,0.173,0.118,0.106,0.12,0.203,0.233,0.246
0.038,0.038,0.065,0.065,0.657,0.196,0.973,0.78,0.228,0.566,0.78,0.886,0.883,0.657,0.886,0.78,0.883,0.657,0.612,0.883,0.096,0.513,0.096,0.866,0.883,0.973,0.866,0.78,0.682,0.566,0.682,0.513,0.382,0.655,0.814,0.655,0.862,0.814,0.382,0.862,0.025,0.655,0.862,0.371,0.655,0.862,0.612,0.862,0.49,0.862,0.207,0.028,0.5,0.332,0.815,0.332,0.341,0.812,0.812,0.812,0.382,0.815,0.341,0.815,0.5,0.382,0.593,0.491,0.593,0.677,0.677,0.677,0.046,0.757,0.373,0.04,0.68,0.003,0.802,0.68,0.073,0.757,0.477,0.056,0.461,0.477,0.802,0.037,0.061,0.004,0.757,0.35,0.038,0.058,0.694,0.477,0.437,0.694,0.694,0.036,0.725,0.543,0.005,0.725,0.725,0.007,0.051,0.767,0.767,0.733,0.78,0.635,0.071,0.617,0.077,0.005,0.009,0.553,0.077,0.635,0.049,0.079,0.011,0.078,0.065,0.746,0.006,0.817,0.746,0.806,0.087,0.364,0.085,0.748,0.008,0.797,0.836,0.73,0.824,0.797,0.765,0.009,0.653,0.603,0.765,0.002,0.765,0.797,0.758,0.743,0.485,0.742,0.863,0.005,0.884,0.819,0.05,0.76,0.05,0.497,0.048,0.897,0.867,0.917,0.902,0.052,0.055,0.417
0.24,0.24,0.229,0.229,0.345,0.714,0.17,0.111,0.731,0.068,0.111,0.176,0.097,0.345,0.176,0.111,0.097,0.345,0.608,0.097,0.33,0.08,0.33,0.088,0.097,0.17,0.088,0.111,0.1,0.068,0.1,0.08,0.068,0.155,0.249,0.155,0.235,0.249,0.068,0.235,0.432,0.155,0.214,0.947,0.155,0.235,0.665,0.214,0.365,0.214,0.683,0.422,0.251,0.075,0.281,0.075,0.077,0.294,0.294,0.294,0.106,0.281,0.077,0.281,0.251,0.106,0.14,0.321,0.14,0.58,0.58,0.58,0.45,0.293,0.888,0.364,0.259,0.223,0.247,0.259,0.351,0.293,0.253,0.496,0.326,0.253,0.247,0.34,0.317,0.101,0.293,0.876,0.335,0.408,0.674,0.253,0.403,0.674,0.674,0.352,0.682,0.262,0.215,0.682,0.682,0.278,0.444,0.049,0.049,0.053,0.12,0.087,0.459,0.094,0.537,0.095,0.309,0.269,0.431,0.087,0.453,0.44,0.318,0.534,0.366,0.061,0.14,0.302,0.061,0.041,0.442,0.283,0.46,0.105,0.175,0.212,0.282,0.064,0.328,0.212,0.21,0.321,0.569,0.18,0.21,0.136,0.21,0.212,0.628,0.124,0.173,0.114,0.428,0.134,0.394,0.67,0.386,0.115,0.428,0.18,0.441,0.418,0.401,0.293,0.327,0.43,0.47,0.516
0.879,0.879,0.876,0.876,0.922,0.298,0.97,0.957,0.28,0.911,0.957,0.973,0.953,0.922,0.973,0.957,0.953,0.922,0.866,0.953,0.93,0.924,0.93,0.957,0.953,0.97,0.957,0.957,0.955,0.911,0.955,0.924,0.682,0.985,0.994,0.985,0.956,0.994,0.682,0.956,0.44,0.985,0.947,0.967,0.985,0.956,0.884,0.947,0.719,0.947,0.257,0.562,0.911,0.586,0.861,0.586,0.594,0.779,0.779,0.779,0.938,0.861,0.594,0.861,0.911,0.938,0.98,0.89,0.98,0.883,0.883,0.883,0.331,0.639,0.965,0.395,0.828,0.902,0.812,0.828,0.433,0.639,0.906,0.382,0.887,0.906,0.812,0.379,0.443,0.943,0.639,0.845,0.389,0.392,0.791,0.906,0.309,0.791,0.791,0.393,0.784,0.897,0.914,0.784,0.784,0.932,0.406,0.365,0.365,0.351,0.819,0.08,0.596,0.073,0.497,0.95,0.99,0.893,0.627,0.08,0.443,0.648,0.993,0.317,0.546,0.302,0.954,0.091,0.302,0.271,0.239,0.963,0.265,0.755,0.982,0.953,0.317,0.316,0.054,0.953,0.959,0.931,0.086,0.461,0.959,0.975,0.959,0.953,0.117,0.651,0.402,0.696,0.154,0.983,0.194,0.086,0.801,0.707,0.851,0.408,0.89,0.151,0.146,0.39,0.357,0.419,0.521,0.376
0.441,0.441,0.326,0.326,0.891,0.404,0.358,0.402,0.409,0.472,0.402,0.374,0.324,0.891,0.374,0.402,0.324,0.891,0.883,0.324,0.391,0.494,0.391,0.33,0.324,0.358,0.33,0.402,0.328,0.472,0.328,0.494,0.512,0.431,0.409,0.431,0.895,0.409,0.512,0.895,0.901,0.431,0.919,0.625,0.431,0.895,0.863,0.919,0.843,0.919,0.49,0.894,0.654,0.498,0.917,0.498,0.495,0.932,0.932,0.932,0.577,0.917,0.495,0.917,0.654,0.577,0.252,0.941,0.252,0.595,0.595,0.595,0.873,0.812,0.675,0.983,0.694,0.372,0.703,0.694,0.94,0.812,0.822,0.933,0.945,0.822,0.703,0.989,0.922,0.512,0.812,0.668,0.982,0.935,0.936,0.822,0.982,0.936,0.936,0.978,0.885,0.954,0.36,0.885,0.885,0.38,0.989,0.935,0.935,0.911,0.741,0.871,0.811,0.89,0.96,0.607,0.75,0.958,0.911,0.871,0.972,0.874,0.814,0.931,0.958,0.953,0.628,0.677,0.953,0.869,0.911,0.88,0.91,0.771,0.521,0.833,0.675,0.932,0.743,0.833,0.83,0.562,0.332,0.749,0.83,0.62,0.83,0.833,0.334,0.739,0.746,0.682,0.688,0.622,0.696,0.329,0.588,0.687,0.72,0.704,0.719,0.703,0.662,0.695,0.644,0.928,0.936,0.261
0.081,0.081,0.081,0.081,0.177,0.548,0.081,0.087,0.576,0.048,0.087,0.095,0.069,0.177,0.095,0.087,0.069,0.177,0.11,0.069,0.191,0.062,0.191,0.074,0.069,0.081,0.074,0.087,0.09,0.048,0.09,0.062,0.054,0.136,0.16,0.136,0.215,0.16,0.054,0.215,0.426,0.136,0.197,0.277,0.136,0.215,0.113,0.197,0.677,0.197,0.424,0.437,0.122,0.067,0.224,0.067,0.068,0.21,0.21,0.21,0.081,0.224,0.068,0.224,0.122,0.081,0.124,0.643,0.124,0.105,0.105,0.105,0.442,0.177,0.347,0.389,0.113,0.273,0.123,0.113,0.214,0.177,0.133,0.187,0.635,0.133,0.123,0.365,0.21,0.282,0.177,0.337,0.393,0.182,0.098,0.133,0.119,0.098,0.098,0.334,0.098,0.152,0.248,0.098,0.098,0.137,0.472,0.231,0.231,0.312,0.677,0.489,0.609,0.485,0.211,0.304,0.287,0.148,0.635,0.489,0.436,0.634,0.295,0.361,0.187,0.35,0.178,0.488,0.35,0.625,0.384,0.134,0.379,0.63,0.233,0.166,0.472,0.457,0.461,0.166,0.178,0.413,0.231,0.422,0.178,0.401,0.178,0.166,0.211,0.31,0.4,0.289,0.648,0.407,0.822,0.25,0.888,0.282,0.923,0.456,0.918,0.795,0.721,0.824,0.704,0.882,0.894,0.809
0.289,0.289,0.299,0.299,0.364,0.498,0.563,0.394,0.555,0.547,0.394,0.418,0.449,0.364,0.418,0.394,0.449,0.364,0.153,0.449,0.198,0.495,0.198,0.447,0.449,0.563,0.447,0.394,0.418,0.547,0.418,0.495,0.402,0.363,0.504,0.363,0.169,0.504,0.402,0.169,0.586,0.363,0.168,0.247,0.363,0.169,0.152,0.168,0.175,0.168,0.731,0.579,0.367,0.27,0.15,0.27,0.254,0.145,0.145,0.145,0.545,0.15,0.254,0.15,0.367,0.545,0.356,0.233,0.356,0.457,0.457,0.457,0.537,0.383,0.238,0.757,0.285,0.441,0.233,0.285,0.587,0.383,0.223,0.644,0.172,0.223,0.233,0.735,0.592,0.457,0.383,0.249,0.791,0.63,0.375,0.223,0.416,0.375,0.375,0.765,0.273,0.13,0.566,0.273,0.273,0.33,0.734,0.26,0.26,0.273,0.782,0.487,0.536,0.622,0.626,0.627,0.879,0.132,0.471,0.487,0.774,0.46,0.811,0.617,0.585,0.278,0.709,0.797,0.278,0.864,0.566,0.155,0.577,0.844,0.783,0.222,0.755,0.301,0.703,0.222,0.183,0.916,0.427,0.496,0.183,0.534,0.183,0.222,0.415,0.395,0.549,0.405,0.521,0.667,0.615,0.411,0.156,0.418,0.224,0.576,0.206,0.682,0.572,0.598,0.605,0.255,0.246,0.39
0.589,0.589,0.528,0.528,0.118,0.85,0.393,0.407,0.881,0.65,0.407,0.533,0.418,0.118,0.533,0.407,0.418,0.118,0.173,0.418,0.542,0.681,0.542,0.393,0.418,0.393,0.393,0.407,0.451,0.65,0.451,0.681,0.859,0.477,0.518,0.477,0.035,0.518,0.859,0.035,0.402,0.477,0.033,0.214,0.477,0.035,0.123,0.033,0.048,0.033,0.918,0.38,0.198,0.8,0.087,0.8,0.795,0.082,0.082,0.082,0.823,0.087,0.795,0.087,0.198,0.823,0.497,0.116,0.497,0.382,0.382,0.382,0.261,0.084,0.46,0.336,0.31,0.348,0.23,0.31,0.386,0.084,0.156,0.311,0.12,0.156,0.23,0.334,0.383,0.145,0.084,0.465,0.347,0.312,0.226,0.156,0.281,0.226,0.226,0.335,0.201,0.223,0.315,0.201,0.201,0.139,0.269,0.06,0.06,0.064,0.154,0.202,0.149,0.216,0.351,0.129,0.368,0.237,0.126,0.202,0.27,0.132,0.323,0.17,0.473,0.066,0.119,0.105,0.066,0.483,0.164,0.25,0.162,0.137,0.18,0.18,0.124,0.062,0.167,0.18,0.157,0.273,0.507,0.222,0.157,0.163,0.157,0.18,0.548,0.307,0.289,0.316,0.325,0.154,0.12,0.678,0.339,0.314,0.176,0.286,0.195,0.33,0.114,0.178,0.181,0.168,0.243,0.32
0.448,0.448,0.363,0.363,0.715,0.14,0.236,0.203,0.189,0.456,0.203,0.287,0.185,0.715,0.287,0.203,0.185,0.715,0.848,0.185,0.471,0.522,0.471,0.175,0.185,0.236,0.175,0.203,0.18,0.456,0.18,0.522,0.441,0.201,0.207,0.201,0.834,0.207,0.441,0.834,0.122,0.201,0.768,0.817,0.201,0.834,0.783,0.768,0.627,0.768,0.226,0.09,0.674,0.464,0.911,0.464,0.465,0.868,0.868,0.868,0.512,0.911,0.465,0.911,0.674,0.512,0.19,0.716,0.19,0.509,0.509,0.509,0.093,0.719,0.869,0.044,0.797,0.633,0.853,0.797,0.079,0.719,0.628,0.053,0.709,0.628,0.853,0.038,0.068,0.196,0.719,0.866,0.039,0.075,0.629,0.628,0.954,0.629,0.629,0.034,0.707,0.837,0.624,0.707,0.707,0.336,0.048,0.786,0.786,0.804,0.586,0.818,0.117,0.811,0.067,0.192,0.188,0.806,0.116,0.818,0.047,0.114,0.213,0.023,0.076,0.878,0.101,0.685,0.878,0.779,0.016,0.685,0.015,0.527,0.134,0.814,0.624,0.891,0.718,0.814,0.817,0.148,0.058,0.605,0.817,0.2,0.817,0.814,0.059,0.869,0.562,0.866,0.85,0.195,0.702,0.06,0.862,0.872,0.71,0.58,0.708,0.862,0.702,0.731,0.693,0.741,0.782,0.923
0.054,0.054,0.055,0.055,0.268,0.149,0.08,0.037,0.144,0.029,0.037,0.076,0.077,0.268,0.076,0.037,0.077,0.268,0.809,0.077,0.044,0.024,0.044,0.047,0.077,0.08,0.047,0.037,0.034,0.029,0.034,0.024,0.176,0.059,0.065,0.059,0.218,0.065,0.176,0.218,0.585,0.059,0.24,0.283,0.059,0.218,0.762,0.24,0.426,0.24,0.119,0.713,0.223,0.231,0.144,0.231,0.237,0.172,0.172,0.172,0.026,0.144,0.237,0.144,0.223,0.026,0.045,0.475,0.045,0.341,0.341,0.341,0.461,0.278,0.452,0.973,0.225,0.315,0.186,0.225,0.886,0.278,0.141,0.904,0.482,0.141,0.186,0.966,0.891,0.337,0.278,0.417,0.953,0.901,0.417,0.141,0.997,0.417,0.417,0.95,0.518,0.085,0.332,0.518,0.518,0.317,0.978,0.216,0.216,0.325,0.371,0.413,0.691,0.538,0.923,0.312,0.464,0.104,0.734,0.413,0.973,0.7,0.479,0.832,0.9,0.251,0.293,0.035,0.251,0.53,0.742,0.127,0.745,0.362,0.308,0.083,0.036,0.376,0.058,0.083,0.057,0.407,0.328,0.062,0.057,0.281,0.057,0.083,0.341,0.036,0.04,0.037,0.066,0.278,0.062,0.336,0.071,0.035,0.115,0.048,0.137,0.053,0.086,0.05,0.052,0.087,0.072,0.074
0.307,0.307,0.485,0.485,0.955,0.973,0.25,0.302,0.974,0.114,0.302,0.268,0.263,0.955,0.268,0.302,0.263,0.955,0.762,0.263,0.335,0.205,0.335,0.225,0.263,0.25,0.225,0.302,0.251,0.114,0.251,0.205,0.083,0.425,0.33,0.425,0.919,0.33,0.083,0.919,0.629,0.425,0.913,0.434,0.425,0.919,0.819,0.913,0.446,0.913,0.96,0.599,0.873,0.062,0.896,0.062,0.059,0.884,0.884,0.884,0.261,0.896,0.059,0.896,0.873,0.261,0.369,0.308,0.369,0.849,0.849,0.849,0.703,0.97,0.4,0.507,0.976,0.648,0.976,0.976,0.609,0.97,0.936,0.54,0.332,0.936,0.976,0.485,0.607,0.653,0.97,0.393,0.47,0.545,0.837,0.936,0.74,0.837,0.837,0.464,0.824,0.948,0.669,0.824,0.824,0.728,0.419,0.857,0.857,0.747,0.527,0.897,0.159,0.843,0.542,0.643,0.421,0.947,0.178,0.897,0.389,0.168,0.437,0.171,0.582,0.847,0.825,0.862,0.847,0.879,0.155,0.859,0.147,0.471,0.871,0.951,0.826,0.749,0.8,0.951,0.946,0.46,0.152,0.652,0.946,0.657,0.946,0.951,0.157,0.716,0.554,0.679,0.898,0.738,0.779,0.192,0.623,0.662,0.444,0.542,0.418,0.857,0.755,0.794,0.761,0.188,0.197,0.823
0.956,0.956,0.935,0.935,0.619,0.271,0.965,0.948,0.281,0.878,0.948,0.972,0.941,0.619,0.972,0.948,0.941,0.619,0.831,0.941,0.946,0.856,0.946,0.929,0.941,0.965,0.929,0.948,0.937,0.878,0.937,0.856,0.96,0.995,0.986,0.995,0.816,0.986,0.96,0.816,0.491,0.995,0.775,0.106,0.995,0.816,0.676,0.775,0.207,0.775,0.281,0.62,0.94,0.916,0.493,0.916,0.908,0.377,0.377,0.377,0.966,0.493,0.908,0.493,0.94,0.966,0.993,0.145,0.993,0.779,0.779,0.779,0.525,0.632,0.075,0.341,0.925,0.221,0.847,0.925,0.606,0.632,0.945,0.467,0.159,0.945,0.847,0.351,0.695,0.377,0.632,0.079,0.408,0.467,0.761,0.945,0.533,0.761,0.761,0.41,0.714,0.792,0.223,0.714,0.714,0.407,0.362,0.747,0.747,0.891,0.936,0.774,0.643,0.779,0.478,0.467,0.623,0.874,0.633,0.774,0.393,0.643,0.593,0.255,0.711,0.791,0.587,0.877,0.791,0.64,0.311,0.896,0.299,0.968,0.89,0.958,0.85,0.933,0.916,0.958,0.933,0.653,0.398,0.977,0.933,0.584,0.933,0.958,0.362,0.987,0.992,0.992,0.952,0.559,0.926,0.406,0.973,0.99,0.984,0.991,0.983,0.963,0.925,0.921,0.917,0.969,0.965,0.954
0.586,0.586,0.496,0.496,0.925,0.577,0.435,0.287,0.606,0.22,0.287,0.477,0.36,0.925,0.477,0.287,0.36,0.925,0.927,0.36,0.729,0.275,0.729,0.306,0.36,0.435,0.306,0.287,0.396,0.22,0.396,0.275,0.301,0.453,0.549,0.453,0.949,0.549,0.301,0.949,0.834,0.453,0.979,0.678,0.453,0.949,0.938,0.979,0.811,0.979,0.71,0.653,0.932,0.296,0.939,0.296,0.297,0.97,0.97,0.97,0.309,0.939,0.297,0.939,0.932,0.309,0.449,0.752,0.449,0.903,0.903,0.903,0.929,0.957,0.75,0.509,0.948,0.885,0.957,0.948,0.476,0.957,0.985,0.562,0.733,0.985,0.957,0.497,0.489,0.84,0.957,0.787,0.499,0.548,0.952,0.985,0.76,0.952,0.952,0.489,0.942,0.98,0.89,0.942,0.942,0.966,0.673,0.955,0.955,0.808,0.63,0.565,0.712,0.392,0.776,0.86,0.776,0.974,0.714,0.565,0.677,0.71,0.783,0.824,0.746,0.949,0.95,0.268,0.949,0.445,0.756,0.986,0.774,0.679,0.937,0.977,0.371,0.66,0.099,0.977,0.965,0.72,0.301,0.179,0.965,0.885,0.965,0.977,0.217,0.134,0.185,0.128,0.223,0.888,0.561,0.191,0.529,0.13,0.56,0.162,0.596,0.245,0.557,0.64,0.56,0.789,0.793,0.51
0.107,0.107,0.087,0.087,0.624,0.642,0.2,0.688,0.63,0.459,0.688,0.209,0.683,0.624,0.209,0.688,0.683,0.624,0.48,0.683,0.185,0.493,0.185,0.544,0.683,0.2,0.544,0.688,0.578,0.459,0.578,0.493,0.549,0.545,0.195,0.545,0.759,0.195,0.549,0.759,0.165,0.545,0.736,0.609,0.545,0.759,0.406,0.736,0.794,0.736,0.572,0.18,0.79,0.708,0.701,0.708,0.696,0.688,0.688,0.688,0.454,0.701,0.696,0.701,0.79,0.454,0.488,0.937,0.488,0.845,0.845,0.845,0.098,0.693,0.644,0.148,0.637,0.995,0.561,0.637,0.154,0.693,0.581,0.117,0.915,0.581,0.561,0.142,0.142,0.937,0.693,0.662,0.151,0.116,0.576,0.581,0.345,0.576,0.576,0.14,0.531,0.479,0.996,0.531,0.531,0.973,0.156,0.712,0.712,0.744,0.313,0.68,0.553,0.733,0.113,0.939,0.083,0.504,0.573,0.68,0.156,0.566,0.089,0.699,0.139,0.733,0.943,0.312,0.733,0.298,0.7,0.746,0.704,0.366,0.893,0.661,0.3,0.765,0.287,0.661,0.625,0.089,0.589,0.307,0.625,0.904,0.625,0.661,0.588,0.624,0.322,0.581,0.438,0.905,0.215,0.522,0.294,0.565,0.258,0.32,0.213,0.39,0.229,0.196,0.227,0.191,0.201,0.332
0.278,0.278,0.293,0.293,0.403,0.914,0.293,0.244,0.913,0.139,0.244,0.307,0.229,0.403,0.307,0.244,0.229,0.403,0.743,0.229,0.365,0.157,0.365,0.218,0.229,0.293,0.218,0.244,0.241,0.139,0.241,0.157,0.058,0.306,0.349,0.306,0.47,0.349,0.058,0.47,0.837,0.306,0.647,0.767,0.306,0.47,0.846,0.647,0.611,0.647,0.939,0.771,0.492,0.047,0.379,0.047,0.046,0.485,0.485,0.485,0.198,0.379,0.046,0.379,0.492,0.198,0.287,0.663,0.287,0.454,0.454,0.454,0.763,0.445,0.772,0.847,0.353,0.737,0.347,0.353,0.874,0.445,0.502,0.766,0.758,0.502,0.347,0.852,0.834,0.796,0.445,0.776,0.828,0.81,0.384,0.502,0.776,0.384,0.384,0.829,0.411,0.397,0.813,0.411,0.411,0.602,0.847,0.521,0.521,0.542,0.276,0.533,0.604,0.495,0.756,0.859,0.635,0.431,0.601,0.533,0.818,0.59,0.709,0.702,0.761,0.429,0.635,0.707,0.429,0.292,0.686,0.458,0.687,0.225,0.493,0.537,0.694,0.433,0.906,0.537,0.463,0.633,0.335,0.918,0.463,0.524,0.463,0.537,0.337,0.803,0.901,0.784,0.969,0.587,0.903,0.326,0.788,0.817,0.918,0.912,0.909,0.967,0.917,0.895,0.875,0.874,0.859,0.952
0.3,0.3,0.259,0.259,0.005,0.508,0.207,0.293,0.494,0.216,0.293,0.23,0.208,0.005,0.23,0.293,0.208,0.005,0.048,0.208,0.211,0.251,0.211,0.404,0.208,0.207,0.404,0.293,0.463,0.216,0.463,0.251,0.649,0.217,0.157,0.217,0.003,0.157,0.649,0.003,0.419,0.217,0.003,0.765,0.217,0.003,0.05,0.003,0.559,0.003,0.444,0.415,0.006,0.648,0.004,0.648,0.666,0.004,0.004,0.004,0.277,0.004,0.666,0.004,0.006,0.277,0.41,0.55,0.41,0.05,0.05,0.05,0.466,0.004,0.688,0.286,0.01,0.768,0.009,0.01,0.469,0.004,0.004,0.351,0.67,0.004,0.009,0.302,0.522,0.757,0.004,0.689,0.266,0.349,0.041,0.004,0.063,0.041,0.041,0.303,0.042,0.007,0.794,0.042,0.042,0.538,0.241,0.009,0.009,0.014,0.077,0.02,0.295,0.021,0.32,0.821,0.921,0.006,0.311,0.02,0.236,0.273,0.92,0.308,0.322,0.01,0.725,0.374,0.01,0.056,0.345,0.007,0.348,0.078,0.824,0.003,0.348,0.015,0.291,0.003,0.003,0.873,0.78,0.13,0.003,0.894,0.003,0.003,0.781,0.087,0.19,0.108,0.135,0.9,0.145,0.454,0.209,0.101,0.164,0.214,0.176,0.142,0.163,0.105,0.161,0.496,0.4,0.242
0.446,0.446,0.369,0.369,0.79,0.306,0.065,0.058,0.278,0.976,0.058,0.091,0.034,0.79,0.091,0.058,0.034,0.79,0.616,0.034,0.312,0.958,0.312,0.029,0.034,0.065,0.029,0.058,0.053,0.976,0.053,0.958,0.619,0.08,0.096,0.08,0.578,0.096,0.619,0.578,0.856,0.08,0.589,0.804,0.08,0.578,0.639,0.589,0.553,0.589,0.219,0.862,0.809,0.677,0.373,0.677,0.603,0.39,0.39,0.39,0.962,0.373,0.603,0.373,0.809,0.962,0.076,0.51,0.076,0.802,0.802,0.802,0.76,0.838,0.856,0.784,0.598,0.592,0.596,0.598,0.863,0.838,0.885,0.816,0.546,0.885,0.596,0.761,0.9,0.645,0.838,0.84,0.834,0.845,0.853,0.885,0.566,0.853,0.853,0.812,0.853,0.676,0.587,0.853,0.853,0.608,0.796,0.31,0.31,0.412,0.388,0.623,0.395,0.721,0.865,0.65,0.516,0.673,0.354,0.623,0.763,0.351,0.523,0.402,0.774,0.405,0.668,0.528,0.405,0.284,0.372,0.872,0.368,0.351,0.726,0.835,0.525,0.461,0.343,0.835,0.816,0.441,0.733,0.291,0.816,0.689,0.816,0.835,0.691,0.187,0.354,0.236,0.281,0.718,0.365,0.688,0.358,0.26,0.439,0.355,0.435,0.355,0.302,0.368,0.308,0.464,0.48,0.413
0.453,0.453,0.455,0.455,0.041,0.766,0.303,0.541,0.794,0.514,0.541,0.42,0.634,0.041,0.42,0.541,0.634,0.041,0.554,0.634,0.369,0.475,0.369,0.577,0.634,0.303,0.577,0.541,0.517,0.514,0.517,0.475,0.398,0.613,0.386,0.613,0.038,0.386,0.398,0.038,0.592,0.613,0.022,0.588,0.613,0.038,0.6,0.022,0.803,0.022,0.786,0.505,0.036,0.359,0.05,0.359,0.33,0.025,0.025,0.025,0.452,0.05,0.33,0.05,0.036,0.452,0.608,0.718,0.608,0.04,0.04,0.04,0.48,0.043,0.678,0.776,0.017,0.844,0.024,0.017,0.817,0.043,0.033,0.736,0.724,0.033,0.024,0.752,0.723,0.801,0.043,0.678,0.765,0.768,0.024,0.033,0.387,0.024,0.024,0.74,0.04,0.047,0.845,0.04,0.04,0.948,0.779,0.209,0.209,0.205,0.722,0.177,0.682,0.276,0.773,0.732,0.933,0.022,0.682,0.177,0.761,0.677,0.846,0.696,0.826,0.216,0.817,0.983,0.216,0.534,0.627,0.031,0.619,0.698,0.835,0.017,0.976,0.244,0.941,0.017,0.052,0.917,0.435,0.94,0.052,0.857,0.052,0.017,0.42,0.957,0.982,0.957,0.962,0.863,0.911,0.408,0.583,0.97,0.563,0.988,0.588,0.908,0.973,0.887,0.961,0.69,0.626,0.75
0.706,0.706,0.787,0.787,0.299,0.874,0.834,0.687,0.88,0.567,0.687,0.747,0.738,0.299,0.747,0.687,0.738,0.299,0.651,0.738,0.74,0.478,0.74,0.703,0.738,0.834,0.703,0.687,0.588,0.567,0.588,0.478,0.429,0.773,0.829,0.773,0.417,0.829,0.429,0.417,0.977,0.773,0.394,0.899,0.773,0.417,0.54,0.394,0.982,0.394,0.91,0.98,0.208,0.427,0.46,0.427,0.424,0.424,0.424,0.424,0.494,0.46,0.424,0.46,0.208,0.494,0.748,0.979,0.748,0.133,0.133,0.133,0.785,0.338,0.948,0.975,0.54,0.938,0.662,0.54,0.903,0.338,0.2,0.96,0.974,0.2,0.662,0.971,0.882,0.949,0.338,0.923,0.967,0.958,0.727,0.2,0.787,0.727,0.727,0.966,0.858,0.511,0.933,0.858,0.858,0.913,0.975,0.609,0.609,0.456,0.707,0.566,0.77,0.699,0.967,0.942,0.995,0.505,0.776,0.566,0.974,0.748,0.991,0.979,0.854,0.65,0.927,0.579,0.65,0.741,0.962,0.123,0.975,0.776,0.969,0.344,0.582,0.476,0.607,0.344,0.314,0.981,0.53,0.48,0.314,0.98,0.314,0.344,0.524,0.375,0.469,0.361,0.768,0.972,0.731,0.415,0.606,0.349,0.653,0.461,0.651,0.765,0.757,0.737,0.764,0.659,0.588,0.377
0.264,0.264,0.289,0.289,0.623,0.393,0.432,0.184,0.391,0.367,0.184,0.236,0.439,0.623,0.236,0.184,0.439,0.623,0.53,0.439,0.121,0.176,0.121,0.594,0.439,0.432,0.594,0.184,0.288,0.367,0.288,0.176,0.489,0.139,0.144,0.139,0.497,0.144,0.489,0.497,0.738,0.139,0.623,0.79,0.139,0.497,0.504,0.623,0.762,0.623,0.394,0.749,0.522,0.371,0.401,0.371,0.354,0.472,0.472,0.472,0.169,0.401,0.354,0.401,0.522,0.169,0.164,0.921,0.164,0.73,0.73,0.73,0.705,0.644,0.876,0.538,0.504,0.944,0.489,0.504,0.611,0.644,0.526,0.631,0.923,0.526,0.489,0.502,0.62,0.911,0.644,0.88,0.498,0.614,0.515,0.526,0.365,0.515,0.515,0.499,0.45,0.485,0.955,0.45,0.45,0.833,0.576,0.476,0.476,0.514,0.844,0.65,0.23,0.661,0.649,0.951,0.885,0.537,0.221,0.65,0.55,0.221,0.881,0.219,0.659,0.512,0.881,0.507,0.512,0.557,0.223,0.551,0.215,0.79,0.867,0.607,0.613,0.551,0.475,0.607,0.566,0.866,0.389,0.716,0.566,0.797,0.566,0.607,0.336,0.65,0.824,0.666,0.725,0.867,0.627,0.424,0.696,0.574,0.736,0.824,0.742,0.696,0.62,0.742,0.765,0.803,0.761,0.853
0.028,0.028,0.022,0.022,0.907,0.153,0.018,0.013,0.2,0.012,0.013,0.021,0.013,0.907,0.021,0.013,0.013,0.907,0.692,0.013,0.026,0.011,0.026,0.014,0.013,0.018,0.014,0.013,0.014,0.012,0.014,0.011,0.046,0.006,0.009,0.006,0.661,0.009,0.046,0.661,0.582,0.006,0.665,0.377,0.006,0.661,0.674,0.665,0.064,0.665,0.1,0.572,0.994,0.051,0.802,0.051,0.054,0.808,0.808,0.808,0.013,0.802,0.054,0.802,0.994,0.013,0.01,0.059,0.01,1.0,1.0,1.0,0.264,0.916,0.366,0.82,0.955,0.135,0.965,0.955,0.665,0.916,0.997,0.741,0.061,0.997,0.965,0.837,0.665,0.11,0.916,0.378,0.818,0.761,0.993,0.997,0.894,0.993,0.993,0.83,0.991,0.984,0.161,0.991,0.991,0.286,0.842,0.607,0.607,0.645,0.203,0.261,0.607,0.308,0.787,0.126,0.52,0.984,0.63,0.261,0.823,0.618,0.45,0.727,0.708,0.583,0.324,0.001,0.583,0.31,0.727,0.997,0.721,0.206,0.439,0.853,0.001,0.615,0.002,0.853,0.846,0.569,0.67,0.012,0.846,0.268,0.846,0.853,0.669,0.006,0.014,0.004,0.019,0.361,0.014,0.609,0.021,0.004,0.056,0.014,0.057,0.018,0.015,0.013,0.012,0.072,0.062,0.024
0.877,0.877,0.844,0.844,0.224,0.484,0.832,0.966,0.49,0.988,0.966,0.884,0.965,0.224,0.884,0.966,0.965,0.224,0.64,0.965,0.76,0.98,0.76,0.97,0.965,0.832,0.97,0.966,0.92,0.988,0.92,0.98,0.918,0.938,0.823,0.938,0.399,0.823,0.918,0.399,0.816,0.938,0.396,0.234,0.938,0.399,0.536,0.396,0.431,0.396,0.455,0.819,0.908,0.893,0.381,0.893,0.899,0.346,0.346,0.346,0.982,0.381,0.899,0.381,0.908,0.982,0.887,0.497,0.887,0.694,0.694,0.694,0.766,0.385,0.175,0.542,0.921,0.486,0.851,0.921,0.719,0.385,0.632,0.537,0.463,0.632,0.851,0.592,0.726,0.565,0.385,0.155,0.595,0.488,0.873,0.632,0.66,0.873,0.873,0.615,0.843,0.673,0.519,0.843,0.843,0.571,0.474,0.382,0.382,0.37,0.196,0.324,0.392,0.396,0.485,0.579,0.961,0.769,0.326,0.324,0.502,0.336,0.847,0.426,0.589,0.368,0.699,0.356,0.368,0.366,0.435,0.641,0.433,0.21,0.732,0.603,0.435,0.362,0.362,0.603,0.527,0.747,0.281,0.584,0.527,0.779,0.527,0.603,0.283,0.364,0.514,0.313,0.399,0.776,0.398,0.284,0.271,0.335,0.488,0.502,0.554,0.356,0.391,0.441,0.421,0.706,0.728,0.394
0.668,0.668,0.582,0.582,0.416,0.497,0.957,0.933,0.492,0.811,0.933,0.987,0.917,0.416,0.987,0.933,0.917,0.416,0.934,0.917,0.691,0.87,0.691,0.886,0.917,0.957,0.886,0.933,0.928,0.811,0.928,0.87,0.785,0.862,0.937,0.862,0.568,0.937,0.785,0.568,0.502,0.862,0.615,0.423,0.862,0.568,0.923,0.615,0.337,0.615,0.42,0.534,0.35,0.886,0.358,0.886,0.881,0.341,0.341,0.341,0.754,0.358,0.881,0.358,0.35,0.754,0.795,0.448,0.795,0.322,0.322,0.322,0.538,0.14,0.384,0.724,0.21,0.687,0.191,0.21,0.445,0.14,0.439,0.461,0.417,0.439,0.191,0.712,0.432,0.524,0.14,0.396,0.751,0.462,0.15,0.439,0.303,0.15,0.15,0.707,0.129,0.174,0.645,0.129,0.129,0.784,0.684,0.36,0.36,0.394,0.362,0.173,0.369,0.175,0.411,0.626,0.755,0.193,0.397,0.173,0.705,0.502,0.786,0.582,0.404,0.25,0.537,0.885,0.25,0.317,0.606,0.333,0.612,0.405,0.633,0.474,0.972,0.326,0.79,0.474,0.447,0.71,0.406,0.808,0.447,0.68,0.447,0.474,0.396,0.592,0.714,0.515,0.886,0.713,0.878,0.344,0.295,0.48,0.41,0.76,0.444,0.858,0.9,0.963,0.974,0.552,0.679,0.639
0.592,0.592,0.574,0.574,0.55,0.541,0.568,0.527,0.538,0.298,0.527,0.544,0.5,0.55,0.544,0.527,0.5,0.55,0.843,0.5,0.698,0.318,0.698,0.446,0.5,0.568,0.446,0.527,0.477,0.298,0.477,0.318,0.148,0.659,0.673,0.659,0.206,0.673,0.148,0.206,0.068,0.659,0.258,0.049,0.659,0.206,0.798,0.258,0.029,0.258,0.654,0.068,0.154,0.167,0.257,0.167,0.171,0.365,0.365,0.365,0.422,0.257,0.171,0.257,0.154,0.422,0.604,0.072,0.604,0.16,0.16,0.16,0.088,0.376,0.056,0.073,0.27,0.155,0.206,0.27,0.091,0.376,0.197,0.112,0.066,0.197,0.206,0.072,0.078,0.137,0.376,0.051,0.078,0.105,0.421,0.197,0.972,0.421,0.421,0.083,0.327,0.327,0.138,0.327,0.327,0.034,0.058,0.088,0.088,0.079,0.015,0.183,0.107,0.139,0.099,0.106,0.132,0.366,0.092,0.183,0.061,0.091,0.104,0.122,0.088,0.055,0.026,0.322,0.055,0.038,0.108,0.22,0.116,0.021,0.035,0.247,0.39,0.041,0.578,0.247,0.218,0.055,0.643,0.224,0.218,0.143,0.218,0.247,0.639,0.157,0.162,0.134,0.601,0.111,0.446,0.758,0.542,0.116,0.496,0.117,0.492,0.637,0.399,0.48,0.472,0.669,0.644,0.83
0.779,0.779,0.804,0.804,0.489,0.415,0.938,0.999,0.472,0.999,0.999,0.985,0.986,0.489,0.985,0.999,0.986,0.489,0.953,0.986,0.962,0.999,0.962,1.0,0.986,0.938,1.0,0.999,1.0,0.999,1.0,0.999,0.988,0.993,0.964,0.993,0.556,0.964,0.988,0.556,0.239,0.993,0.381,0.066,0.993,0.556,0.954,0.381,0.418,0.381,0.486,0.222,0.399,0.995,0.474,0.995,0.995,0.374,0.374,0.374,0.992,0.474,0.995,0.474,0.399,0.992,0.998,0.468,0.998,0.551,0.551,0.551,0.128,0.559,0.069,0.181,0.244,0.886,0.308,0.244,0.299,0.559,0.291,0.289,0.451,0.291,0.308,0.177,0.286,0.839,0.559,0.069,0.185,0.285,0.413,0.291,0.9,0.413,0.413,0.177,0.489,0.339,0.874,0.489,0.489,0.622,0.167,0.813,0.813,0.572,0.425,0.69,0.754,0.541,0.255,0.851,0.461,0.328,0.848,0.69,0.168,0.866,0.476,0.896,0.267,0.927,0.625,0.412,0.927,0.408,0.868,0.276,0.881,0.433,0.482,0.208,0.471,0.811,0.573,0.208,0.224,0.304,0.898,0.131,0.224,0.728,0.224,0.208,0.896,0.108,0.174,0.12,0.344,0.708,0.155,0.911,0.199,0.12,0.15,0.137,0.162,0.32,0.157,0.2,0.193,0.182,0.176,0.403
0.171,0.171,0.187,0.187,0.02,0.494,0.099,0.086,0.542,0.675,0.086,0.09,0.063,0.02,0.09,0.086,0.063,0.02,0.036,0.063,0.12,0.691,0.12,0.06,0.063,0.099,0.06,0.086,0.081,0.675,0.081,0.691,0.552,0.072,0.09,0.072,0.024,0.09,0.552,0.024,0.554,0.072,0.066,0.758,0.072,0.024,0.056,0.066,0.694,0.066,0.582,0.607,0.43,0.522,0.025,0.522,0.519,0.049,0.049,0.049,0.668,0.025,0.519,0.025,0.43,0.668,0.063,0.805,0.063,0.227,0.227,0.227,0.582,0.027,0.763,0.247,0.286,0.939,0.275,0.286,0.495,0.027,0.564,0.372,0.809,0.564,0.275,0.26,0.499,0.94,0.027,0.834,0.23,0.375,0.228,0.564,0.013,0.228,0.228,0.228,0.225,0.261,0.946,0.225,0.225,0.887,0.254,0.03,0.03,0.025,0.103,0.054,0.268,0.052,0.433,0.947,0.972,0.273,0.265,0.054,0.232,0.262,0.957,0.264,0.567,0.022,0.87,0.165,0.022,0.205,0.278,0.431,0.274,0.093,0.861,0.404,0.106,0.025,0.145,0.404,0.384,0.935,0.904,0.075,0.384,0.965,0.384,0.404,0.882,0.022,0.047,0.031,0.255,0.981,0.3,0.902,0.208,0.033,0.307,0.068,0.314,0.239,0.326,0.298,0.282,0.27,0.2,0.305
0.986,0.986,0.994,0.994,0.183,0.956,0.991,0.991,0.921,0.954,0.991,0.992,0.991,0.183,0.992,0.991,0.991,0.183,0.012,0.991,0.881,0.932,0.881,0.99,0.991,0.991,0.99,0.991,0.988,0.954,0.988,0.932,0.933,0.965,0.956,0.965,0.047,0.956,0.933,0.047,0.982,0.965,0.075,0.779,0.965,0.047,0.044,0.075,0.781,0.075,0.971,0.992,0.405,0.954,0.209,0.954,0.959,0.315,0.315,0.315,0.939,0.209,0.959,0.209,0.405,0.939,0.968,0.828,0.968,0.426,0.426,0.426,0.991,0.08,0.807,0.936,0.362,0.86,0.361,0.362,0.981,0.08,0.119,0.944,0.84,0.119,0.361,0.917,0.988,0.831,0.08,0.798,0.915,0.946,0.402,0.119,0.038,0.402,0.402,0.879,0.393,0.448,0.837,0.393,0.393,0.848,0.908,0.249,0.249,0.173,0.459,0.331,0.969,0.32,0.934,0.799,0.863,0.443,0.97,0.331,0.898,0.964,0.885,0.966,0.974,0.27,0.837,0.377,0.27,0.535,0.997,0.455,0.995,0.325,0.844,0.181,0.295,0.206,0.473,0.181,0.112,0.778,0.613,0.24,0.112,0.867,0.112,0.181,0.583,0.47,0.295,0.489,0.655,0.871,0.67,0.74,0.72,0.458,0.891,0.47,0.901,0.764,0.692,0.685,0.664,0.959,0.952,0.828
0.737,0.737,0.671,0.671,0.218,0.815,0.509,0.548,0.851,0.482,0.548,0.657,0.472,0.218,0.657,0.548,0.472,0.218,0.161,0.472,0.582,0.514,0.582,0.472,0.472,0.509,0.472,0.548,0.478,0.482,0.478,0.514,0.914,0.478,0.615,0.478,0.606,0.615,0.914,0.606,0.83,0.478,0.56,0.775,0.478,0.606,0.256,0.56,0.668,0.56,0.921,0.855,0.557,0.913,0.435,0.913,0.917,0.401,0.401,0.401,0.497,0.435,0.917,0.435,0.557,0.497,0.396,0.704,0.396,0.469,0.469,0.469,0.81,0.5,0.734,0.527,0.554,0.894,0.382,0.554,0.679,0.5,0.727,0.549,0.672,0.727,0.382,0.448,0.663,0.883,0.5,0.723,0.519,0.53,0.267,0.727,0.122,0.267,0.267,0.447,0.198,0.336,0.883,0.198,0.198,0.896,0.441,0.112,0.112,0.103,0.163,0.271,0.769,0.292,0.442,0.879,0.761,0.47,0.779,0.271,0.417,0.778,0.775,0.501,0.58,0.091,0.903,0.533,0.091,0.304,0.49,0.536,0.47,0.135,0.921,0.802,0.522,0.084,0.528,0.802,0.661,0.621,0.12,0.516,0.661,0.891,0.661,0.802,0.118,0.385,0.663,0.446,0.74,0.897,0.725,0.11,0.756,0.495,0.868,0.573,0.889,0.716,0.7,0.727,0.696,0.516,0.517,0.425
0.151,0.151,0.133,0.133,0.604,0.931,0.162,0.296,0.948,0.273,0.296,0.196,0.202,0.604,0.196,0.296,0.202,0.604,0.254,0.202,0.177,0.32,0.177,0.299,0.202,0.162,0.299,0.296,0.366,0.273,0.366,0.32,0.34,0.33,0.277,0.33,0.657,0.277,0.34,0.657,0.496,0.33,0.699,0.807,0.33,0.657,0.46,0.699,0.538,0.699,0.931,0.508,0.662,0.328,0.436,0.328,0.328,0.537,0.537,0.537,0.287,0.436,0.328,0.436,0.662,0.287,0.306,0.522,0.306,0.49,0.49,0.49,0.364,0.794,0.588,0.223,0.557,0.697,0.583,0.557,0.35,0.794,0.831,0.287,0.529,0.831,0.583,0.24,0.307,0.719,0.794,0.603,0.213,0.275,0.449,0.831,0.593,0.449,0.449,0.233,0.516,0.625,0.697,0.516,0.516,0.922,0.268,0.472,0.472,0.524,0.295,0.193,0.103,0.359,0.358,0.724,0.671,0.564,0.082,0.193,0.234,0.082,0.744,0.126,0.461,0.462,0.919,0.837,0.462,0.16,0.089,0.744,0.098,0.368,0.547,0.528,0.734,0.438,0.737,0.528,0.59,0.667,0.454,0.787,0.59,0.525,0.59,0.528,0.454,0.877,0.853,0.885,0.777,0.599,0.782,0.409,0.668,0.879,0.794,0.871,0.832,0.788,0.756,0.749,0.717,0.903,0.876,0.817
0.449,0.449,0.526,0.526,0.745,0.266,0.587,0.33,0.296,0.525,0.33,0.352,0.598,0.745,0.352,0.33,0.598,0.745,0.224,0.598,0.701,0.357,0.701,0.558,0.598,0.587,0.558,0.33,0.308,0.525,0.308,0.357,0.808,0.445,0.625,0.445,0.352,0.625,0.808,0.352,0.808,0.445,0.329,0.268,0.445,0.352,0.298,0.329,0.687,0.329,0.278,0.846,0.8,0.718,0.279,0.718,0.718,0.324,0.324,0.324,0.352,0.279,0.718,0.279,0.8,0.352,0.393,0.669,0.393,0.594,0.594,0.594,0.88,0.633,0.297,0.861,0.659,0.889,0.659,0.659,0.879,0.633,0.621,0.881,0.671,0.621,0.659,0.907,0.87,0.875,0.633,0.284,0.879,0.879,0.514,0.621,0.395,0.514,0.514,0.89,0.494,0.589,0.897,0.494,0.494,0.89,0.878,0.335,0.335,0.407,0.462,0.428,0.939,0.432,0.856,0.874,0.867,0.58,0.967,0.428,0.884,0.946,0.791,0.989,0.885,0.263,0.867,0.041,0.263,0.577,0.995,0.815,0.988,0.412,0.72,0.515,0.442,0.271,0.045,0.515,0.534,0.851,0.162,0.253,0.534,0.671,0.534,0.515,0.171,0.182,0.279,0.199,0.077,0.696,0.086,0.201,0.374,0.217,0.51,0.303,0.513,0.09,0.067,0.728,0.699,0.357,0.723,0.214
0.796,0.796,0.76,0.76,0.772,0.641,0.705,0.694,0.59,0.418,0.694,0.768,0.627,0.772,0.768,0.694,0.627,0.772,0.155,0.627,0.739,0.51,0.739,0.601,0.627,0.705,0.601,0.694,0.681,0.418,0.681,0.51,0.269,0.597,0.684,0.597,0.576,0.684,0.269,0.576,0.139,0.597,0.686,0.662,0.597,0.576,0.244,0.686,0.725,0.686,0.349,0.144,0.864,0.287,0.862,0.287,0.284,0.92,0.92,0.92,0.44,0.862,0.284,0.862,0.864,0.44,0.611,0.761,0.611,0.963,0.963,0.963,0.22,0.438,0.68,0.25,0.895,0.678,0.913,0.895,0.18,0.438,0.75,0.259,0.655,0.75,0.913,0.255,0.179,0.82,0.438,0.709,0.214,0.257,0.946,0.75,0.04,0.946,0.946,0.262,0.929,0.836,0.713,0.929,0.929,0.827,0.209,0.516,0.516,0.551,0.595,0.803,0.899,0.822,0.244,0.827,0.817,0.836,0.887,0.803,0.185,0.871,0.793,0.883,0.196,0.582,0.832,0.203,0.582,0.532,0.884,0.824,0.892,0.595,0.81,0.602,0.142,0.607,0.159,0.602,0.613,0.886,0.713,0.067,0.613,0.73,0.613,0.602,0.719,0.061,0.104,0.081,0.174,0.721,0.249,0.803,0.481,0.08,0.411,0.109,0.438,0.168,0.269,0.191,0.188,0.593,0.553,0.52
0.104,0.104,0.131,0.131,0.436,0.382,0.092,0.064,0.389,0.051,0.064,0.073,0.065,0.436,0.073,0.064,0.065,0.436,0.641,0.065,0.045,0.065,0.045,0.054,0.065,0.092,0.054,0.064,0.055,0.051,0.055,0.065,0.013,0.016,0.025,0.016,0.438,0.025,0.013,0.438,0.651,0.016,0.559,0.449,0.016,0.438,0.653,0.559,0.258,0.559,0.431,0.7,0.675,0.024,0.311,0.024,0.025,0.408,0.408,0.408,0.049,0.311,0.025,0.311,0.675,0.049,0.022,0.287,0.022,0.507,0.507,0.507,0.7,0.555,0.515,0.654,0.66,0.612,0.537,0.66,0.553,0.555,0.29,0.671,0.286,0.29,0.537,0.652,0.515,0.769,0.555,0.531,0.704,0.662,0.603,0.29,0.768,0.603,0.603,0.643,0.637,0.323,0.564,0.637,0.637,0.498,0.647,0.765,0.765,0.806,0.833,0.761,0.481,0.782,0.694,0.751,0.872,0.413,0.549,0.761,0.668,0.536,0.86,0.595,0.599,0.813,0.622,0.284,0.813,0.875,0.611,0.262,0.604,0.846,0.848,0.383,0.244,0.834,0.261,0.383,0.244,0.952,0.92,0.375,0.244,0.819,0.244,0.383,0.924,0.368,0.333,0.353,0.523,0.811,0.575,0.96,0.506,0.331,0.725,0.323,0.768,0.567,0.606,0.638,0.584,0.831,0.813,0.81
0.36,0.36,0.364,0.364,0.979,0.873,0.274,0.152,0.887,0.117,0.152,0.296,0.156,0.979,0.296,0.152,0.156,0.979,0.757,0.156,0.55,0.136,0.55,0.158,0.156,0.274,0.158,0.152,0.145,0.117,0.145,0.136,0.052,0.373,0.454,0.373,0.996,0.454,0.052,0.996,0.213,0.373,0.999,0.722,0.373,0.996,0.752,0.999,0.713,0.999,0.873,0.285,0.995,0.046,0.983,0.046,0.047,0.998,0.998,0.998,0.178,0.983,0.047,0.983,0.995,0.178,0.366,0.557,0.366,0.987,0.987,0.987,0.361,0.993,0.648,0.159,0.967,0.717,0.964,0.967,0.208,0.993,0.981,0.197,0.593,0.981,0.964,0.167,0.222,0.728,0.993,0.657,0.164,0.181,0.948,0.981,0.648,0.948,0.948,0.176,0.933,0.949,0.729,0.933,0.933,0.808,0.244,0.704,0.704,0.58,0.412,0.338,0.122,0.268,0.288,0.749,0.683,0.962,0.117,0.338,0.259,0.117,0.676,0.196,0.279,0.659,0.813,0.724,0.659,0.145,0.183,0.965,0.181,0.334,0.808,0.956,0.749,0.569,0.714,0.956,0.953,0.837,0.329,0.725,0.953,0.812,0.953,0.956,0.331,0.98,0.69,0.98,0.828,0.82,0.894,0.361,0.834,0.983,0.948,0.695,0.942,0.839,0.885,0.89,0.878,0.901,0.908,0.778
0.51,0.51,0.57,0.57,0.861,0.992,0.478,0.544,0.988,0.607,0.544,0.444,0.584,0.861,0.444,0.544,0.584,0.861,0.518,0.584,0.696,0.53,0.696,0.717,0.584,0.478,0.717,0.544,0.621,0.607,0.621,0.53,0.833,0.56,0.583,0.56,0.719,0.583,0.833,0.719,0.939,0.56,0.789,0.534,0.56,0.719,0.431,0.789,0.542,0.789,0.981,0.982,0.894,0.629,0.566,0.629,0.611,0.614,0.614,0.614,0.518,0.566,0.611,0.566,0.894,0.518,0.578,0.375,0.578,0.851,0.851,0.851,0.89,0.924,0.332,0.842,0.658,0.247,0.589,0.658,0.942,0.924,0.735,0.839,0.361,0.735,0.589,0.836,0.925,0.262,0.924,0.355,0.849,0.856,0.45,0.735,0.793,0.45,0.45,0.837,0.394,0.473,0.229,0.394,0.394,0.352,0.759,0.849,0.849,0.834,0.606,0.411,0.598,0.524,0.804,0.241,0.895,0.506,0.555,0.411,0.76,0.56,0.921,0.638,0.892,0.803,0.493,0.197,0.803,0.322,0.638,0.808,0.626,0.601,0.657,0.454,0.167,0.79,0.27,0.454,0.381,0.838,0.827,0.317,0.381,0.454,0.381,0.454,0.821,0.608,0.254,0.53,0.567,0.415,0.363,0.89,0.507,0.505,0.578,0.238,0.575,0.636,0.41,0.386,0.447,0.591,0.603,0.601
0.89,0.89,0.769,0.769,0.217,0.051,0.816,0.839,0.048,0.624,0.839,0.801,0.804,0.217,0.801,0.839,0.804,0.217,0.702,0.804,0.833,0.675,0.833,0.78,0.804,0.816,0.78,0.839,0.822,0.624,0.822,0.675,0.936,0.881,0.81,0.881,0.257,0.81,0.936,0.257,0.118,0.881,0.224,0.499,0.881,0.257,0.696,0.224,0.873,0.224,0.036,0.099,0.221,0.903,0.168,0.903,0.877,0.158,0.158,0.158,0.664,0.168,0.877,0.168,0.221,0.664,0.794,0.91,0.794,0.983,0.983,0.983,0.076,0.285,0.563,0.054,0.281,0.738,0.281,0.281,0.044,0.285,0.142,0.059,0.908,0.142,0.281,0.04,0.055,0.458,0.285,0.563,0.051,0.069,0.972,0.142,0.596,0.972,0.972,0.033,0.98,0.137,0.777,0.98,0.98,0.694,0.045,0.001,0.001,0.002,0.001,0.001,0.017,0.001,0.055,0.509,0.265,0.133,0.017,0.001,0.042,0.017,0.285,0.015,0.061,0.004,0.614,0.242,0.004,0.008,0.018,0.129,0.018,0.001,0.501,0.159,0.17,0.002,0.216,0.159,0.162,0.167,0.028,0.823,0.162,0.416,0.162,0.159,0.033,0.874,0.742,0.905,0.368,0.454,0.343,0.051,0.373,0.914,0.525,0.725,0.464,0.292,0.416,0.311,0.378,0.636,0.619,0.383
0.002,0.002,0.003,0.003,0.588,0.425,0.004,0.005,0.455,0.004,0.005,0.003,0.004,0.588,0.003,0.005,0.004,0.588,0.564,0.004,0.003,0.004,0.003,0.004,0.004,0.004,0.004,0.005,0.004,0.004,0.004,0.004,0.004,0.008,0.006,0.008,0.384,0.006,0.004,0.384,0.029,0.008,0.578,0.239,0.008,0.384,0.511,0.578,0.375,0.578,0.862,0.029,0.317,0.006,0.447,0.006,0.006,0.44,0.44,0.44,0.004,0.447,0.006,0.447,0.317,0.004,0.009,0.376,0.009,0.235,0.235,0.235,0.035,0.387,0.178,0.022,0.223,0.642,0.205,0.223,0.027,0.387,0.393,0.029,0.382,0.393,0.205,0.023,0.03,0.613,0.387,0.183,0.023,0.03,0.218,0.393,0.688,0.218,0.218,0.023,0.21,0.314,0.623,0.21,0.21,0.6,0.04,0.865,0.865,0.907,0.838,0.597,0.862,0.554,0.058,0.68,0.156,0.329,0.826,0.597,0.046,0.835,0.168,0.921,0.071,0.752,0.729,0.122,0.752,0.739,0.927,0.371,0.939,0.861,0.185,0.434,0.1,0.88,0.183,0.434,0.428,0.101,0.498,0.864,0.428,0.197,0.428,0.434,0.496,0.823,0.799,0.815,0.166,0.189,0.11,0.453,0.204,0.81,0.228,0.792,0.242,0.182,0.116,0.092,0.094,0.443,0.413,0.195
0.633,0.633,0.634,0.634,0.58,0.644,0.537,0.44,0.643,0.227,0.44,0.553,0.412,0.58,0.553,0.44,0.412,0.58,0.058,0.412,0.68,0.278,0.68,0.394,0.412,0.537,0.394,0.44,0.419,0.227,0.419,0.278,0.463,0.488,0.633,0.488,0.503,0.633,0.463,0.503,0.609,0.488,0.553,0.157,0.488,0.503,0.061,0.553,0.42,0.553,0.593,0.536,0.175,0.497,0.531,0.497,0.502,0.553,0.553,0.553,0.262,0.531,0.502,0.531,0.175,0.262,0.439,0.536,0.439,0.54,0.54,0.54,0.568,0.598,0.15,0.47,0.229,0.566,0.214,0.229,0.533,0.598,0.279,0.386,0.538,0.279,0.214,0.395,0.503,0.558,0.598,0.149,0.474,0.47,0.748,0.279,0.084,0.748,0.748,0.39,0.568,0.316,0.57,0.568,0.568,0.505,0.469,0.7,0.7,0.278,0.808,0.609,0.642,0.257,0.481,0.563,0.468,0.349,0.605,0.609,0.469,0.63,0.493,0.451,0.525,0.597,0.731,0.98,0.597,0.517,0.454,0.286,0.451,0.67,0.725,0.302,0.967,0.114,0.976,0.302,0.283,0.59,0.447,0.892,0.283,0.682,0.283,0.302,0.52,0.732,0.892,0.827,0.99,0.617,0.982,0.463,0.954,0.838,0.976,0.907,0.973,0.979,0.992,0.983,0.993,0.912,0.915,0.881
0.077,0.077,0.091,0.091,0.615,0.159,0.118,0.03,0.163,0.03,0.03,0.074,0.078,0.615,0.074,0.03,0.078,0.615,0.775,0.078,0.079,0.021,0.079,0.061,0.078,0.118,0.061,0.03,0.036,0.03,0.036,0.021,0.317,0.034,0.063,0.034,0.231,0.063,0.317,0.231,0.229,0.034,0.191,0.376,0.034,0.231,0.769,0.191,0.767,0.191,0.161,0.216,0.523,0.323,0.37,0.323,0.321,0.317,0.317,0.317,0.015,0.37,0.321,0.37,0.523,0.015,0.046,0.751,0.046,0.304,0.304,0.304,0.213,0.49,0.41,0.688,0.147,0.766,0.163,0.147,0.256,0.49,0.609,0.304,0.748,0.609,0.163,0.66,0.265,0.5,0.49,0.422,0.679,0.28,0.21,0.609,0.752,0.21,0.21,0.65,0.124,0.275,0.74,0.124,0.124,0.837,0.428,0.393,0.393,0.482,0.395,0.703,0.846,0.783,0.229,0.503,0.785,0.351,0.838,0.703,0.47,0.87,0.687,0.872,0.255,0.356,0.448,0.025,0.356,0.513,0.977,0.39,0.974,0.521,0.548,0.326,0.022,0.453,0.025,0.326,0.311,0.803,0.19,0.029,0.311,0.529,0.311,0.326,0.229,0.013,0.027,0.016,0.065,0.56,0.039,0.153,0.054,0.017,0.087,0.027,0.104,0.058,0.046,0.046,0.053,0.084,0.083,0.117
0.284,0.284,0.232,0.232,0.319,0.785,0.347,0.303,0.78,0.291,0.303,0.385,0.274,0.319,0.385,0.303,0.274,0.319,0.238,0.274,0.384,0.31,0.384,0.255,0.274,0.347,0.255,0.303,0.301,0.291,0.301,0.31,0.397,0.457,0.439,0.457,0.32,0.439,0.397,0.32,0.473,0.457,0.236,0.083,0.457,0.32,0.162,0.236,0.136,0.236,0.808,0.462,0.935,0.368,0.336,0.368,0.365,0.527,0.527,0.527,0.472,0.336,0.365,0.336,0.935,0.472,0.379,0.252,0.379,0.874,0.874,0.874,0.481,0.539,0.099,0.28,0.926,0.29,0.896,0.926,0.534,0.539,0.954,0.363,0.201,0.954,0.896,0.312,0.362,0.367,0.539,0.1,0.28,0.344,0.865,0.954,0.221,0.865,0.865,0.309,0.874,0.965,0.268,0.874,0.874,0.236,0.416,0.432,0.432,0.475,0.357,0.705,0.785,0.757,0.469,0.339,0.435,0.972,0.806,0.705,0.405,0.783,0.47,0.777,0.533,0.612,0.305,0.206,0.612,0.764,0.8,0.92,0.796,0.611,0.279,0.936,0.187,0.648,0.094,0.936,0.903,0.649,0.693,0.051,0.903,0.351,0.903,0.936,0.68,0.099,0.072,0.103,0.137,0.351,0.222,0.601,0.19,0.113,0.401,0.084,0.398,0.126,0.224,0.197,0.206,0.534,0.485,0.389
0.14,0.14,0.123,0.123,0.778,0.381,0.117,0.107,0.383,0.075,0.107,0.127,0.093,0.778,0.127,0.107,0.093,0.778,0.746,0.093,0.172,0.083,0.172,0.097,0.093,0.117,0.097,0.107,0.109,0.075,0.109,0.083,0.041,0.145,0.185,0.145,0.666,0.185,0.041,0.666,0.258,0.145,0.637,0.001,0.145,0.666,0.598,0.637,0.022,0.637,0.391,0.284,0.865,0.05,0.646,0.05,0.051,0.594,0.594,0.594,0.097,0.646,0.051,0.646,0.865,0.097,0.138,0.029,0.138,0.747,0.747,0.747,0.25,0.82,0.001,0.75,0.763,0.095,0.753,0.763,0.227,0.82,0.685,0.436,0.027,0.685,0.753,0.715,0.232,0.104,0.82,0.003,0.742,0.486,0.55,0.685,0.819,0.55,0.55,0.71,0.571,0.507,0.096,0.571,0.571,0.095,0.532,0.702,0.702,0.757,0.159,0.874,0.795,0.875,0.294,0.119,0.429,0.432,0.787,0.874,0.548,0.791,0.384,0.661,0.168,0.758,0.09,0.994,0.758,0.254,0.68,0.537,0.664,0.164,0.087,0.592,0.995,0.821,0.985,0.592,0.662,0.244,0.338,0.98,0.662,0.112,0.662,0.592,0.314,0.967,0.98,0.976,0.786,0.107,0.849,0.398,0.68,0.974,0.815,0.975,0.8,0.775,0.832,0.85,0.813,0.578,0.605,0.481
0.572,0.572,0.545,0.545,0.145,0.999,0.886,0.858,1.0,0.611,0.858,0.839,0.901,0.145,0.839,0.858,0.901,0.145,0.124,0.901,0.648,0.693,0.648,0.878,0.901,0.886,0.878,0.858,0.852,0.611,0.852,0.693,0.631,0.908,0.955,0.908,0.198,0.955,0.631,0.198,0.893,0.908,0.16,0.548,0.908,0.198,0.193,0.16,0.604,0.16,0.995,0.882,0.521,0.609,0.189,0.609,0.618,0.166,0.166,0.166,0.783,0.189,0.618,0.189,0.521,0.783,0.843,0.379,0.843,0.211,0.211,0.211,0.599,0.314,0.573,0.439,0.522,0.611,0.427,0.522,0.573,0.314,0.436,0.5,0.389,0.436,0.427,0.442,0.589,0.659,0.314,0.541,0.418,0.478,0.356,0.436,0.34,0.356,0.356,0.426,0.298,0.34,0.562,0.298,0.298,0.871,0.403,0.2,0.2,0.229,0.411,0.5,0.715,0.493,0.439,0.595,0.718,0.424,0.728,0.5,0.38,0.702,0.767,0.837,0.498,0.246,0.909,0.798,0.246,0.87,0.817,0.239,0.817,0.461,0.838,0.496,0.772,0.281,0.565,0.496,0.489,0.758,0.913,0.627,0.489,0.618,0.489,0.496,0.898,0.639,0.613,0.722,0.839,0.606,0.855,0.814,0.869,0.743,0.947,0.797,0.949,0.827,0.919,0.814,0.904,0.898,0.888,0.862
0.462,0.462,0.412,0.412,0.51,0.05,0.306,0.233,0.047,0.133,0.233,0.285,0.264,0.51,0.285,0.233,0.264,0.51,0.657,0.264,0.38,0.194,0.38,0.249,0.264,0.306,0.249,0.233,0.248,0.133,0.248,0.194,0.791,0.197,0.229,0.197,0.292,0.229,0.791,0.292,0.042,0.197,0.318,0.24,0.197,0.292,0.666,0.318,0.3,0.318,0.057,0.046,0.433,0.861,0.402,0.861,0.865,0.411,0.411,0.411,0.204,0.402,0.865,0.402,0.433,0.204,0.205,0.088,0.205,0.428,0.428,0.428,0.049,0.617,0.085,0.775,0.62,0.177,0.552,0.62,0.029,0.617,0.385,0.026,0.094,0.385,0.552,0.766,0.027,0.302,0.617,0.095,0.784,0.028,0.555,0.385,0.757,0.555,0.555,0.775,0.536,0.532,0.19,0.536,0.536,0.332,0.648,0.269,0.269,0.258,0.139,0.346,0.276,0.416,0.026,0.291,0.432,0.584,0.26,0.346,0.683,0.286,0.427,0.355,0.028,0.198,0.413,0.743,0.198,0.166,0.406,0.451,0.397,0.143,0.416,0.365,0.633,0.198,0.733,0.365,0.335,0.577,0.015,0.452,0.335,0.293,0.335,0.365,0.02,0.35,0.416,0.284,0.81,0.262,0.755,0.016,0.781,0.329,0.886,0.416,0.91,0.824,0.741,0.753,0.669,0.796,0.769,0.721
0.094,0.094,0.09,0.09,0.033,0.638,0.078,0.083,0.545,0.058,0.083,0.092,0.068,0.033,0.092,0.083,0.068,0.033,0.524,0.068,0.179,0.072,0.179,0.071,0.068,0.078,0.071,0.083,0.084,0.058,0.084,0.072,0.043,0.153,0.183,0.153,0.062,0.183,0.043,0.062,0.501,0.153,0.078,0.335,0.153,0.062,0.589,0.078,0.146,0.078,0.713,0.504,0.03,0.033,0.098,0.033,0.035,0.138,0.138,0.138,0.107,0.098,0.035,0.098,0.03,0.107,0.139,0.039,0.139,0.014,0.014,0.014,0.488,0.025,0.218,0.333,0.089,0.091,0.114,0.089,0.537,0.025,0.02,0.424,0.046,0.02,0.114,0.367,0.545,0.085,0.025,0.22,0.344,0.415,0.115,0.02,0.41,0.115,0.115,0.362,0.104,0.054,0.118,0.104,0.104,0.321,0.311,0.023,0.023,0.023,0.305,0.035,0.359,0.044,0.457,0.124,0.201,0.056,0.339,0.035,0.309,0.293,0.187,0.436,0.511,0.024,0.311,0.918,0.024,0.128,0.483,0.015,0.462,0.307,0.36,0.058,0.95,0.021,0.862,0.058,0.056,0.436,0.785,0.83,0.056,0.092,0.056,0.058,0.79,0.828,0.85,0.793,0.644,0.227,0.486,0.738,0.71,0.793,0.659,0.807,0.594,0.667,0.476,0.518,0.53,0.671,0.692,0.718
0.04,0.04,0.039,0.039,0.315,0.376,0.051,0.065,0.377,0.035,0.065,0.065,0.043,0.315,0.065,0.065,0.043,0.315,0.671,0.043,0.027,0.057,0.027,0.055,0.043,0.051,0.055,0.065,0.076,0.035,0.076,0.057,0.016,0.046,0.046,0.046,0.232,0.046,0.016,0.232,0.266,0.046,0.235,0.388,0.046,0.232,0.682,0.235,0.606,0.235,0.395,0.269,0.237,0.038,0.147,0.038,0.043,0.152,0.152,0.152,0.046,0.147,0.043,0.147,0.237,0.046,0.056,0.785,0.056,0.253,0.253,0.253,0.389,0.396,0.584,0.732,0.138,0.49,0.135,0.138,0.254,0.396,0.215,0.867,0.769,0.215,0.135,0.819,0.359,0.655,0.396,0.47,0.653,0.798,0.51,0.215,0.926,0.51,0.51,0.778,0.492,0.168,0.459,0.492,0.492,0.107,0.76,0.443,0.443,0.397,0.862,0.525,0.602,0.446,0.853,0.56,0.513,0.171,0.591,0.525,0.75,0.584,0.538,0.409,0.425,0.443,0.128,0.45,0.443,0.862,0.361,0.172,0.376,0.951,0.128,0.105,0.438,0.41,0.476,0.105,0.109,0.354,0.717,0.675,0.109,0.329,0.109,0.105,0.776,0.387,0.619,0.473,0.287,0.328,0.344,0.82,0.221,0.454,0.288,0.616,0.265,0.316,0.333,0.327,0.339,0.108,0.124,0.14
0.17,0.17,0.171,0.171,0.471,0.691,0.103,0.738,0.676,0.869,0.738,0.191,0.58,0.471,0.191,0.738,0.58,0.471,0.568,0.58,0.147,0.867,0.147,0.696,0.58,0.103,0.696,0.738,0.755,0.869,0.755,0.867,0.838,0.787,0.182,0.787,0.339,0.182,0.838,0.339,0.863,0.787,0.369,0.084,0.787,0.339,0.586,0.369,0.242,0.369,0.66,0.849,0.406,0.842,0.266,0.842,0.848,0.304,0.304,0.304,0.853,0.266,0.848,0.266,0.406,0.853,0.837,0.278,0.837,0.39,0.39,0.39,0.896,0.412,0.067,0.947,0.447,0.401,0.38,0.447,0.971,0.412,0.378,0.929,0.255,0.378,0.38,0.944,0.974,0.471,0.412,0.061,0.933,0.924,0.377,0.378,0.456,0.377,0.377,0.933,0.363,0.374,0.387,0.363,0.363,0.417,0.958,0.675,0.675,0.751,0.52,0.389,0.762,0.48,0.944,0.452,0.23,0.415,0.777,0.389,0.94,0.775,0.267,0.779,0.96,0.693,0.485,0.68,0.693,0.757,0.794,0.445,0.788,0.533,0.248,0.349,0.805,0.752,0.671,0.349,0.285,0.296,0.863,0.591,0.285,0.202,0.285,0.349,0.842,0.603,0.541,0.528,0.429,0.21,0.426,0.837,0.589,0.561,0.165,0.632,0.161,0.424,0.337,0.461,0.349,0.214,0.234,0.672
0.335,0.335,0.356,0.356,0.549,0.87,0.259,0.358,0.906,0.135,0.358,0.348,0.259,0.549,0.348,0.358,0.259,0.549,0.225,0.259,0.559,0.142,0.559,0.261,0.259,0.259,0.261,0.358,0.239,0.135,0.239,0.142,0.151,0.238,0.213,0.238,0.114,0.213,0.151,0.114,0.764,0.238,0.095,0.152,0.238,0.114,0.15,0.095,0.32,0.095,0.723,0.854,0.044,0.12,0.186,0.12,0.12,0.142,0.142,0.142,0.134,0.186,0.12,0.186,0.044,0.134,0.195,0.481,0.195,0.366,0.366,0.366,0.393,0.557,0.197,0.44,0.069,0.593,0.041,0.069,0.706,0.557,0.318,0.535,0.468,0.318,0.041,0.435,0.705,0.644,0.557,0.192,0.454,0.597,0.272,0.318,0.548,0.272,0.272,0.449,0.283,0.249,0.649,0.283,0.283,0.359,0.339,0.121,0.121,0.12,0.122,0.167,0.421,0.194,0.417,0.721,0.528,0.257,0.433,0.167,0.384,0.432,0.488,0.427,0.459,0.107,0.415,0.244,0.107,0.258,0.548,0.583,0.545,0.113,0.539,0.096,0.241,0.119,0.308,0.096,0.081,0.385,0.481,0.126,0.081,0.647,0.081,0.096,0.505,0.114,0.141,0.121,0.337,0.618,0.368,0.661,0.541,0.125,0.384,0.152,0.327,0.349,0.379,0.357,0.369,0.494,0.543,0.847
0.069,0.069,0.097,0.097,0.993,0.311,0.033,0.024,0.315,0.487,0.024,0.03,0.023,0.993,0.03,0.024,0.023,0.993,0.745,0.023,0.071,0.38,0.071,0.017,0.023,0.033,0.017,0.024,0.023,0.487,0.023,0.38,0.571,0.029,0.043,0.029,0.855,0.043,0.571,0.855,0.16,0.029,0.918,0.018,0.029,0.855,0.729,0.918,0.147,0.918,0.237,0.185,0.938,0.799,0.79,0.799,0.814,0.881,0.881,0.881,0.329,0.79,0.814,0.79,0.938,0.329,0.017,0.14,0.017,0.966,0.966,0.966,0.407,0.996,0.033,0.706,0.727,0.255,0.698,0.727,0.737,0.996,0.988,0.834,0.202,0.988,0.698,0.724,0.736,0.31,0.996,0.032,0.664,0.755,0.523,0.988,0.841,0.523,0.523,0.732,0.584,0.748,0.306,0.584,0.584,0.293,0.729,0.912,0.912,0.916,0.991,0.982,0.947,0.975,0.79,0.354,0.168,0.804,0.952,0.982,0.715,0.967,0.171,0.98,0.801,0.779,0.346,0.216,0.779,0.982,0.989,0.933,0.997,0.987,0.603,0.854,0.172,0.85,0.164,0.854,0.716,0.147,0.652,0.593,0.716,0.486,0.716,0.854,0.629,0.696,0.601,0.672,0.308,0.481,0.468,0.765,0.537,0.671,0.809,0.587,0.798,0.335,0.423,0.411,0.39,0.726,0.79,0.798
0.308,0.308,0.279,0.279,0.72,0.675,0.707,0.916,0.666,0.774,0.916,0.735,0.878,0.72,0.735,0.916,0.878,0.72,0.332,0.878,0.13,0.805,0.13,0.917,0.878,0.707,0.917,0.916,0.907,0.774,0.907,0.805,0.567,0.874,0.541,0.874,0.57,0.541,0.567,0.57,0.734,0.874,0.595,0.296,0.874,0.57,0.272,0.595,0.202,0.595,0.762,0.733,0.851,0.551,0.878,0.551,0.569,0.83,0.83,0.83,0.851,0.878,0.569,0.878,0.851,0.851,0.85,0.595,0.85,0.668,0.668,0.668,0.457,0.469,0.394,0.639,0.583,0.508,0.59,0.583,0.704,0.469,0.876,0.682,0.576,0.876,0.59,0.621,0.697,0.648,0.469,0.375,0.647,0.683,0.484,0.876,0.296,0.484,0.484,0.627,0.511,0.598,0.424,0.511,0.511,0.197,0.513,0.15,0.15,0.15,0.238,0.057,0.267,0.053,0.581,0.637,0.684,0.596,0.295,0.057,0.485,0.292,0.662,0.33,0.614,0.153,0.262,0.246,0.153,0.058,0.438,0.864,0.437,0.241,0.319,0.588,0.256,0.158,0.352,0.588,0.618,0.259,0.451,0.437,0.618,0.8,0.618,0.588,0.48,0.504,0.501,0.516,0.122,0.686,0.139,0.534,0.309,0.521,0.355,0.489,0.338,0.154,0.111,0.124,0.107,0.239,0.237,0.277
0.337,0.337,0.325,0.325,0.129,0.646,0.644,0.669,0.647,0.748,0.669,0.724,0.63,0.129,0.724,0.669,0.63,0.129,0.346,0.63,0.315,0.781,0.315,0.599,0.63,0.644,0.599,0.669,0.642,0.748,0.642,0.781,0.643,0.742,0.713,0.742,0.71,0.713,0.643,0.71,0.518,0.742,0.723,0.774,0.742,0.71,0.732,0.723,0.358,0.723,0.801,0.551,0.797,0.512,0.602,0.512,0.504,0.711,0.711,0.711,0.912,0.602,0.504,0.602,0.797,0.912,0.739,0.349,0.739,0.686,0.686,0.686,0.34,0.179,0.557,0.519,0.778,0.361,0.763,0.778,0.662,0.179,0.108,0.552,0.253,0.108,0.763,0.559,0.657,0.384,0.179,0.533,0.507,0.54,0.668,0.108,0.146,0.668,0.668,0.545,0.63,0.763,0.364,0.63,0.63,0.335,0.509,0.96,0.96,0.951,0.943,0.629,0.292,0.482,0.516,0.387,0.344,0.782,0.303,0.629,0.508,0.3,0.344,0.304,0.552,0.909,0.347,0.547,0.909,0.686,0.257,0.823,0.245,0.796,0.523,0.125,0.59,0.83,0.689,0.125,0.1,0.476,0.791,0.636,0.1,0.429,0.1,0.125,0.794,0.405,0.545,0.391,0.807,0.425,0.734,0.669,0.219,0.375,0.222,0.556,0.204,0.846,0.717,0.781,0.759,0.358,0.381,0.554
0.966,0.966,0.958,0.958,0.709,0.505,0.77,0.733,0.487,0.888,0.733,0.895,0.695,0.709,0.895,0.733,0.695,0.709,0.998,0.695,0.973,0.892,0.973,0.904,0.695,0.77,0.904,0.733,0.91,0.888,0.91,0.892,0.979,0.887,0.961,0.887,0.693,0.961,0.979,0.693,0.926,0.887,0.558,0.469,0.887,0.693,0.997,0.558,0.239,0.558,0.502,0.94,0.279,0.869,0.564,0.869,0.863,0.526,0.526,0.526,0.997,0.564,0.863,0.564,0.279,0.997,0.986,0.352,0.986,0.179,0.179,0.179,0.95,0.783,0.598,0.778,0.186,0.663,0.109,0.186,0.769,0.783,0.483,0.878,0.331,0.483,0.109,0.776,0.771,0.777,0.783,0.548,0.753,0.882,0.056,0.483,1.0,0.056,0.056,0.738,0.064,0.161,0.646,0.064,0.064,0.643,0.868,0.642,0.642,0.433,0.489,0.839,0.573,0.608,0.913,0.772,0.853,0.194,0.486,0.839,0.846,0.474,0.875,0.598,0.844,0.606,0.585,0.692,0.606,0.462,0.541,0.281,0.518,0.437,0.553,0.38,0.701,0.549,0.711,0.38,0.337,0.647,0.754,0.996,0.337,0.729,0.337,0.38,0.76,0.998,0.997,0.998,0.704,0.665,0.485,0.772,0.55,0.998,0.684,0.996,0.686,0.535,0.698,0.477,0.725,0.633,0.637,0.447
0.836,0.836,0.81,0.81,0.805,0.605,0.756,0.737,0.616,0.746,0.737,0.878,0.661,0.805,0.878,0.737,0.661,0.805,0.481,0.661,0.797,0.771,0.797,0.66,0.661,0.756,0.66,0.737,0.725,0.746,0.725,0.771,0.597,0.706,0.795,0.706,0.357,0.795,0.597,0.357,0.575,0.706,0.22,0.569,0.706,0.357,0.433,0.22,0.837,0.22,0.603,0.679,0.731,0.567,0.782,0.567,0.553,0.705,0.705,0.705,0.83,0.782,0.553,0.782,0.731,0.83,0.712,0.758,0.712,0.864,0.864,0.864,0.884,0.055,0.616,0.604,0.752,0.614,0.766,0.752,0.735,0.055,0.948,0.656,0.819,0.948,0.766,0.568,0.71,0.722,0.055,0.619,0.594,0.665,0.863,0.948,0.804,0.863,0.863,0.556,0.806,0.977,0.628,0.806,0.806,0.685,0.562,0.24,0.24,0.311,0.303,0.59,0.783,0.682,0.615,0.691,0.789,0.949,0.768,0.59,0.565,0.764,0.789,0.794,0.725,0.374,0.8,0.725,0.374,0.542,0.775,0.942,0.769,0.422,0.845,0.934,0.606,0.451,0.435,0.934,0.941,0.848,0.765,0.851,0.941,0.791,0.941,0.934,0.725,0.623,0.884,0.684,0.588,0.781,0.876,0.753,0.972,0.705,0.865,0.892,0.854,0.615,0.797,0.832,0.766,0.847,0.798,0.782
0.401,0.401,0.391,0.391,0.175,0.369,0.285,0.284,0.417,0.868,0.284,0.332,0.226,0.175,0.332,0.284,0.226,0.175,0.286,0.226,0.235,0.842,0.235,0.248,0.226,0.285,0.248,0.284,0.338,0.868,0.338,0.842,0.69,0.152,0.175,0.152,0.119,0.175,0.69,0.119,0.832,0.152,0.149,0.395,0.152,0.119,0.29,0.149,0.724,0.149,0.373,0.805,0.263,0.821,0.153,0.821,0.801,0.197,0.197,0.197,0.786,0.153,0.801,0.153,0.263,0.786,0.236,0.645,0.236,0.296,0.296,0.296,0.417,0.142,0.372,0.798,0.271,0.363,0.229,0.271,0.472,0.142,0.202,0.468,0.649,0.202,0.229,0.798,0.546,0.516,0.142,0.383,0.97,0.449,0.175,0.202,0.232,0.175,0.175,0.972,0.164,0.171,0.345,0.164,0.164,0.216,0.787,0.35,0.35,0.34,0.086,0.203,0.842,0.195,0.54,0.519,0.061,0.186,0.833,0.203,0.93,0.826,0.114,0.756,0.502,0.273,0.38,0.729,0.273,0.171,0.902,0.169,0.875,0.059,0.382,0.229,0.793,0.275,0.593,0.229,0.172,0.038,0.456,0.529,0.172,0.548,0.172,0.229,0.458,0.412,0.487,0.393,0.784,0.549,0.763,0.475,0.867,0.364,0.826,0.432,0.821,0.749,0.771,0.776,0.783,0.972,0.96,0.928
0.585,0.585,0.709,0.709,0.336,0.464,0.619,0.549,0.47,0.59,0.549,0.503,0.756,0.336,0.503,0.549,0.756,0.336,0.495,0.756,0.447,0.47,0.447,0.867,0.756,0.619,0.867,0.549,0.644,0.59,0.644,0.47,0.344,0.515,0.425,0.515,0.481,0.425,0.344,0.481,0.392,0.515,0.483,0.15,0.515,0.481,0.502,0.483,0.197,0.483,0.479,0.434,0.133,0.378,0.457,0.378,0.381,0.421,0.421,0.421,0.398,0.457,0.381,0.457,0.133,0.398,0.572,0.423,0.572,0.114,0.114,0.114,0.335,0.336,0.227,0.937,0.087,0.43,0.086,0.087,0.547,0.336,0.196,0.895,0.339,0.196,0.086,0.929,0.523,0.606,0.336,0.223,0.949,0.902,0.091,0.196,0.445,0.091,0.091,0.945,0.091,0.119,0.375,0.091,0.091,0.241,0.923,0.548,0.548,0.603,0.448,0.288,0.961,0.326,0.897,0.553,0.484,0.118,0.962,0.288,0.948,0.954,0.486,0.972,0.458,0.572,0.389,0.199,0.572,0.209,0.953,0.139,0.954,0.439,0.361,0.269,0.182,0.621,0.148,0.269,0.305,0.425,0.108,0.895,0.305,0.545,0.305,0.269,0.104,0.775,0.868,0.798,0.028,0.496,0.024,0.115,0.067,0.765,0.049,0.883,0.049,0.025,0.025,0.027,0.026,0.057,0.052,0.07
0.238,0.238,0.151,0.151,0.409,0.208,0.734,0.717,0.187,0.702,0.717,0.745,0.556,0.409,0.745,0.717,0.556,0.409,0.352,0.556,0.167,0.674,0.167,0.564,0.556,0.734,0.564,0.717,0.647,0.702,0.647,0.674,0.765,0.508,0.658,0.508,0.509,0.658,0.765,0.509,0.25,0.508,0.508,0.49,0.508,0.509,0.392,0.508,0.38,0.508,0.221,0.228,0.233,0.503,0.496,0.503,0.498,0.49,0.49,0.49,0.634,0.496,0.498,0.496,0.233,0.634,0.516,0.357,0.516,0.29,0.29,0.29,0.309,0.478,0.697,0.31,0.375,0.594,0.348,0.375,0.367,0.478,0.235,0.294,0.427,0.235,0.348,0.235,0.297,0.626,0.478,0.702,0.27,0.347,0.304,0.235,0.341,0.304,0.304,0.222,0.342,0.402,0.619,0.342,0.342,0.499,0.223,0.488,0.488,0.592,0.735,0.736,0.793,0.751,0.317,0.78,0.695,0.36,0.765,0.736,0.215,0.781,0.73,0.28,0.244,0.515,0.638,0.162,0.515,0.907,0.291,0.32,0.289,0.76,0.743,0.382,0.502,0.617,0.205,0.382,0.409,0.573,0.102,0.515,0.409,0.685,0.409,0.382,0.096,0.417,0.508,0.438,0.295,0.762,0.373,0.103,0.477,0.459,0.538,0.526,0.57,0.333,0.336,0.462,0.401,0.663,0.749,0.688
0.857,0.857,0.85,0.85,0.951,0.031,0.91,0.95,0.03,0.845,0.95,0.913,0.956,0.951,0.913,0.95,0.956,0.951,0.686,0.956,0.939,0.859,0.939,0.942,0.956,0.91,0.942,0.95,0.94,0.845,0.94,0.859,0.85,0.963,0.895,0.963,0.951,0.895,0.85,0.951,0.005,0.963,0.949,0.472,0.963,0.951,0.702,0.949,0.494,0.949,0.025,0.005,0.819,0.838,0.877,0.838,0.834,0.9,0.9,0.9,0.887,0.877,0.834,0.877,0.819,0.887,0.957,0.311,0.957,0.815,0.815,0.815,0.008,0.987,0.379,0.017,0.802,0.504,0.777,0.802,0.007,0.987,0.895,0.018,0.285,0.895,0.777,0.016,0.013,0.523,0.987,0.312,0.016,0.014,0.806,0.895,0.877,0.806,0.806,0.013,0.821,0.71,0.506,0.821,0.821,0.589,0.014,0.943,0.943,0.933,0.966,0.983,0.06,0.987,0.017,0.507,0.342,0.696,0.063,0.983,0.011,0.063,0.35,0.092,0.013,0.924,0.686,0.439,0.924,0.979,0.107,0.619,0.105,0.974,0.651,0.713,0.513,0.966,0.236,0.713,0.65,0.622,0.21,0.594,0.65,0.575,0.65,0.713,0.189,0.553,0.697,0.6,0.215,0.571,0.418,0.169,0.329,0.634,0.497,0.717,0.453,0.246,0.415,0.426,0.42,0.531,0.615,0.116
0.79,0.79,0.905,0.905,0.329,0.177,0.968,0.881,0.155,0.652,0.881,0.868,0.96,0.329,0.868,0.881,0.96,0.329,0.189,0.96,0.823,0.683,0.823,0.918,0.96,0.968,0.918,0.881,0.779,0.652,0.779,0.683,0.584,0.861,0.854,0.861,0.338,0.854,0.584,0.338,0.795,0.861,0.309,0.966,0.861,0.338,0.143,0.309,0.62,0.309,0.163,0.864,0.274,0.533,0.326,0.533,0.538,0.28,0.28,0.28,0.616,0.326,0.538,0.326,0.274,0.616,0.827,0.732,0.827,0.125,0.125,0.125,0.589,0.306,0.971,0.456,0.246,0.762,0.22,0.246,0.578,0.306,0.289,0.51,0.712,0.289,0.22,0.516,0.543,0.827,0.306,0.985,0.461,0.5,0.271,0.289,0.372,0.271,0.271,0.382,0.284,0.256,0.772,0.284,0.284,0.778,0.351,0.204,0.204,0.2,0.378,0.557,0.571,0.483,0.326,0.828,0.633,0.282,0.564,0.557,0.439,0.547,0.611,0.587,0.519,0.242,0.786,0.448,0.242,0.675,0.579,0.315,0.575,0.379,0.658,0.354,0.488,0.234,0.558,0.354,0.371,0.652,0.06,0.661,0.371,0.707,0.371,0.354,0.082,0.376,0.359,0.318,0.613,0.699,0.739,0.166,0.762,0.32,0.834,0.37,0.836,0.726,0.727,0.761,0.743,0.913,0.918,0.844
0.564,0.564,0.558,0.558,0.849,0.754,0.412,0.41,0.693,0.289,0.41,0.405,0.398,0.849,0.405,0.41,0.398,0.849,0.715,0.398,0.731,0.303,0.731,0.376,0.398,0.412,0.376,0.41,0.416,0.289,0.416,0.303,0.215,0.637,0.674,0.637,0.611,0.674,0.215,0.611,0.298,0.637,0.532,0.879,0.637,0.611,0.557,0.532,0.609,0.532,0.766,0.302,0.977,0.211,0.588,0.211,0.212,0.499,0.499,0.499,0.457,0.588,0.212,0.588,0.977,0.457,0.65,0.582,0.65,0.914,0.914,0.914,0.2,0.788,0.9,0.228,0.532,0.624,0.669,0.532,0.238,0.788,0.929,0.274,0.597,0.929,0.669,0.239,0.239,0.601,0.788,0.9,0.252,0.261,0.467,0.929,0.736,0.467,0.467,0.26,0.426,0.534,0.61,0.426,0.426,0.838,0.344,0.344,0.344,0.359,0.255,0.269,0.15,0.25,0.381,0.609,0.369,0.496,0.15,0.269,0.357,0.15,0.361,0.125,0.329,0.393,0.802,0.818,0.393,0.125,0.123,0.907,0.124,0.202,0.672,0.54,0.779,0.394,0.727,0.54,0.702,0.539,0.258,0.772,0.702,0.694,0.702,0.54,0.25,0.697,0.808,0.755,0.76,0.7,0.635,0.198,0.494,0.689,0.544,0.81,0.559,0.56,0.817,0.612,0.815,0.644,0.68,0.488
0.531,0.531,0.342,0.342,0.815,0.877,0.727,0.813,0.884,0.706,0.813,0.79,0.75,0.815,0.79,0.813,0.75,0.815,0.219,0.75,0.642,0.734,0.642,0.728,0.75,0.727,0.728,0.813,0.803,0.706,0.803,0.734,0.466,0.789,0.7,0.789,0.987,0.7,0.466,0.987,0.274,0.789,0.973,0.035,0.789,0.987,0.208,0.973,0.235,0.973,0.848,0.25,0.569,0.485,0.994,0.485,0.48,0.974,0.974,0.974,0.807,0.994,0.48,0.994,0.569,0.807,0.776,0.267,0.776,0.422,0.422,0.422,0.256,0.801,0.044,0.551,0.982,0.256,0.986,0.982,0.488,0.801,0.694,0.34,0.334,0.694,0.986,0.557,0.376,0.284,0.801,0.044,0.612,0.362,0.925,0.694,0.267,0.925,0.925,0.612,0.962,0.991,0.256,0.962,0.962,0.307,0.534,0.506,0.506,0.809,0.252,0.692,0.379,0.516,0.352,0.279,0.625,0.987,0.37,0.692,0.535,0.389,0.621,0.452,0.379,0.542,0.284,0.759,0.542,0.277,0.44,0.581,0.443,0.249,0.342,0.987,0.691,0.87,0.702,0.987,0.992,0.245,0.254,0.998,0.992,0.344,0.992,0.987,0.244,0.969,0.988,0.95,0.634,0.353,0.494,0.249,0.523,0.968,0.549,0.997,0.547,0.634,0.464,0.442,0.423,0.478,0.479,0.465
0.058,0.058,0.056,0.056,0.004,0.829,0.107,0.161,0.816,0.141,0.161,0.125,0.143,0.004,0.125,0.161,0.143,0.004,0.055,0.143,0.061,0.167,0.061,0.129,0.143,0.107,0.129,0.161,0.143,0.141,0.143,0.167,0.154,0.126,0.112,0.126,0.002,0.112,0.154,0.002,0.174,0.126,0.002,0.328,0.126,0.002,0.059,0.002,0.582,0.002,0.728,0.165,0.007,0.144,0.002,0.144,0.152,0.002,0.002,0.002,0.124,0.002,0.152,0.002,0.007,0.124,0.104,0.72,0.104,0.013,0.013,0.013,0.155,0.002,0.278,0.084,0.008,0.752,0.006,0.008,0.117,0.002,0.005,0.086,0.629,0.005,0.006,0.073,0.087,0.806,0.002,0.311,0.067,0.095,0.012,0.005,0.073,0.012,0.012,0.065,0.014,0.006,0.746,0.014,0.014,0.719,0.08,0.005,0.005,0.007,0.026,0.014,0.084,0.013,0.115,0.793,0.345,0.007,0.071,0.014,0.078,0.073,0.368,0.07,0.169,0.006,0.666,0.258,0.006,0.027,0.069,0.005,0.068,0.025,0.747,0.004,0.281,0.008,0.165,0.004,0.004,0.402,0.146,0.052,0.004,0.862,0.004,0.004,0.136,0.074,0.069,0.07,0.283,0.842,0.407,0.22,0.353,0.074,0.432,0.078,0.439,0.403,0.412,0.452,0.448,0.379,0.398,0.301
0.2,0.2,0.191,0.191,0.316,0.94,0.072,0.091,0.947,0.082,0.091,0.083,0.072,0.316,0.083,0.091,0.072,0.316,0.832,0.072,0.207,0.095,0.207,0.063,0.072,0.072,0.063,0.091,0.079,0.082,0.079,0.095,0.035,0.089,0.128,0.089,0.722,0.128,0.035,0.722,0.343,0.089,0.475,0.464,0.089,0.722,0.903,0.475,0.615,0.475,0.928,0.331,0.196,0.048,0.63,0.048,0.049,0.437,0.437,0.437,0.088,0.63,0.049,0.63,0.196,0.088,0.085,0.528,0.085,0.169,0.169,0.169,0.321,0.37,0.456,0.407,0.167,0.64,0.144,0.167,0.284,0.37,0.283,0.46,0.56,0.283,0.144,0.412,0.292,0.219,0.37,0.46,0.423,0.456,0.154,0.283,0.921,0.154,0.154,0.436,0.138,0.26,0.714,0.138,0.138,0.613,0.401,0.361,0.361,0.395,0.771,0.617,0.344,0.641,0.452,0.239,0.153,0.277,0.324,0.617,0.424,0.318,0.129,0.318,0.306,0.4,0.259,0.326,0.4,0.787,0.301,0.261,0.308,0.775,0.289,0.205,0.306,0.455,0.387,0.205,0.213,0.072,0.77,0.162,0.213,0.209,0.213,0.205,0.709,0.228,0.172,0.213,0.578,0.243,0.576,0.727,0.471,0.219,0.54,0.147,0.549,0.407,0.593,0.609,0.602,0.607,0.592,0.54
0.133,0.133,0.118,0.118,0.808,0.764,0.073,0.431,0.757,0.32,0.431,0.114,0.347,0.808,0.114,0.431,0.347,0.808,0.132,0.347,0.069,0.383,0.069,0.313,0.347,0.073,0.313,0.431,0.402,0.32,0.402,0.383,0.183,0.34,0.093,0.34,0.794,0.093,0.183,0.794,0.676,0.34,0.859,0.264,0.34,0.794,0.187,0.859,0.212,0.859,0.668,0.706,0.659,0.236,0.777,0.236,0.227,0.796,0.796,0.796,0.318,0.777,0.227,0.777,0.659,0.318,0.364,0.181,0.364,0.53,0.53,0.53,0.939,0.837,0.103,0.691,0.556,0.061,0.557,0.556,0.671,0.837,0.722,0.803,0.158,0.722,0.557,0.749,0.747,0.185,0.837,0.106,0.694,0.754,0.501,0.722,0.317,0.501,0.501,0.741,0.51,0.682,0.114,0.51,0.51,0.085,0.789,0.451,0.451,0.575,0.176,0.548,0.68,0.595,0.835,0.167,0.321,0.686,0.608,0.548,0.791,0.601,0.387,0.546,0.912,0.472,0.21,0.768,0.472,0.374,0.444,0.708,0.452,0.197,0.324,0.765,0.733,0.612,0.842,0.765,0.775,0.478,0.464,0.723,0.775,0.238,0.775,0.765,0.461,0.585,0.673,0.591,0.558,0.194,0.417,0.428,0.587,0.572,0.393,0.654,0.399,0.587,0.403,0.444,0.425,0.457,0.414,0.753
0.616,0.616,0.615,0.615,0.284,0.45,0.613,0.557,0.51,0.596,0.557,0.604,0.565,0.284,0.604,0.557,0.565,0.284,0.21,0.565,0.651,0.536,0.651,0.596,0.565,0.613,0.596,0.557,0.527,0.596,0.527,0.536,0.648,0.713,0.725,0.713,0.619,0.725,0.648,0.619,0.398,0.713,0.642,0.419,0.713,0.619,0.482,0.642,0.06,0.642,0.435,0.417,0.758,0.667,0.439,0.667,0.703,0.577,0.577,0.577,0.651,0.439,0.703,0.439,0.758,0.651,0.576,0.076,0.576,0.634,0.634,0.634,0.405,0.415,0.381,0.472,0.695,0.171,0.609,0.695,0.414,0.415,0.789,0.583,0.068,0.789,0.609,0.468,0.441,0.199,0.415,0.368,0.483,0.574,0.587,0.789,0.156,0.587,0.587,0.483,0.58,0.704,0.16,0.58,0.58,0.151,0.5,0.072,0.072,0.066,0.095,0.025,0.442,0.027,0.575,0.136,0.112,0.821,0.462,0.025,0.519,0.472,0.133,0.372,0.336,0.053,0.307,0.342,0.053,0.039,0.509,0.812,0.512,0.097,0.292,0.824,0.383,0.046,0.525,0.824,0.677,0.092,0.235,0.498,0.677,0.232,0.677,0.824,0.218,0.29,0.433,0.25,0.353,0.13,0.39,0.197,0.464,0.237,0.557,0.354,0.59,0.387,0.406,0.361,0.381,0.209,0.239,0.24
0.303,0.303,0.344,0.344,0.385,0.378,0.824,0.917,0.385,0.798,0.917,0.824,0.92,0.385,0.824,0.917,0.92,0.385,0.439,0.92,0.358,0.815,0.358,0.914,0.92,0.824,0.914,0.917,0.918,0.798,0.918,0.815,0.797,0.898,0.841,0.898,0.605,0.841,0.797,0.605,0.644,0.898,0.66,0.925,0.898,0.605,0.411,0.66,0.862,0.66,0.355,0.766,0.699,0.779,0.558,0.779,0.79,0.593,0.593,0.593,0.855,0.558,0.79,0.558,0.699,0.855,0.91,0.856,0.91,0.772,0.772,0.772,0.605,0.389,0.918,0.676,0.865,0.933,0.762,0.865,0.62,0.389,0.509,0.61,0.869,0.509,0.762,0.667,0.66,0.929,0.389,0.921,0.674,0.564,0.67,0.509,0.44,0.67,0.67,0.662,0.657,0.458,0.929,0.657,0.657,0.942,0.697,0.546,0.546,0.576,0.836,0.376,0.986,0.282,0.629,0.932,0.586,0.449,0.99,0.376,0.69,0.99,0.578,0.993,0.595,0.561,0.963,0.967,0.561,0.833,0.992,0.419,0.993,0.848,0.877,0.675,0.962,0.545,0.991,0.675,0.645,0.651,0.208,0.896,0.645,0.919,0.645,0.675,0.183,0.856,0.928,0.881,0.987,0.918,0.986,0.167,0.99,0.884,0.997,0.938,0.997,0.991,0.966,0.97,0.972,0.983,0.981,0.624
0.646,0.646,0.585,0.585,0.585,0.672,0.839,0.776,0.681,0.8,0.776,0.856,0.781,0.585,0.856,0.776,0.781,0.585,0.141,0.781,0.61,0.782,0.61,0.802,0.781,0.839,0.802,0.776,0.724,0.8,0.724,0.782,0.761,0.842,0.878,0.842,0.317,0.878,0.761,0.317,0.593,0.842,0.546,0.858,0.842,0.317,0.204,0.546,0.531,0.546,0.618,0.637,0.482,0.689,0.491,0.689,0.662,0.638,0.638,0.638,0.706,0.491,0.662,0.491,0.482,0.706,0.745,0.54,0.745,0.358,0.358,0.358,0.5,0.436,0.934,0.872,0.387,0.696,0.331,0.387,0.46,0.436,0.528,0.429,0.552,0.528,0.331,0.883,0.461,0.786,0.436,0.936,0.86,0.434,0.427,0.528,0.101,0.427,0.427,0.868,0.366,0.451,0.878,0.366,0.366,0.577,0.936,0.672,0.672,0.655,0.333,0.773,0.889,0.864,0.44,0.923,0.68,0.667,0.904,0.773,0.91,0.9,0.738,0.954,0.48,0.39,0.704,0.178,0.39,0.446,0.929,0.601,0.941,0.279,0.805,0.686,0.179,0.483,0.507,0.686,0.503,0.722,0.384,0.167,0.503,0.77,0.503,0.686,0.382,0.1,0.116,0.125,0.661,0.912,0.405,0.431,0.461,0.124,0.589,0.103,0.553,0.568,0.456,0.432,0.509,0.658,0.667,0.815
0.581,0.581,0.778,0.778,0.574,0.375,0.745,0.594,0.384,0.481,0.594,0.582,0.675,0.574,0.582,0.594,0.675,0.574,0.939,0.675,0.785,0.345,0.785,0.688,0.675,0.745,0.688,0.594,0.554,0.481,0.554,0.345,0.4,0.698,0.75,0.698,0.991,0.75,0.4,0.991,0.687,0.698,0.988,0.488,0.698,0.991,0.931,0.988,0.827,0.988,0.428,0.776,0.24,0.407,0.985,0.407,0.379,0.986,0.986,0.986,0.495,0.985,0.379,0.985,0.24,0.495,0.667,0.864,0.667,0.151,0.151,0.151,0.498,0.752,0.566,0.559,0.954,0.893,0.958,0.954,0.595,0.752,0.448,0.519,0.88,0.448,0.958,0.481,0.609,0.894,0.752,0.562,0.502,0.517,0.669,0.448,0.809,0.669,0.669,0.425,0.708,0.955,0.882,0.708,0.708,0.954,0.378,0.999,0.999,1.0,0.988,0.866,0.89,0.873,0.429,0.893,0.925,0.939,0.872,0.866,0.397,0.865,0.974,0.836,0.534,0.999,0.955,0.749,0.999,0.858,0.852,0.263,0.842,0.993,0.952,0.978,0.708,0.999,0.764,0.978,0.983,0.941,0.259,0.865,0.983,0.992,0.983,0.978,0.242,0.896,0.747,0.879,0.574,0.988,0.611,0.273,0.774,0.874,0.76,0.863,0.785,0.563,0.615,0.551,0.583,0.752,0.704,0.313
0.95,0.95,0.94,0.94,0.391,0.259,0.708,0.67,0.283,0.668,0.67,0.73,0.644,0.391,0.73,0.67,0.644,0.391,0.666,0.644,0.77,0.65,0.77,0.675,0.644,0.708,0.675,0.67,0.666,0.668,0.666,0.65,0.651,0.666,0.796,0.666,0.592,0.796,0.651,0.592,0.835,0.666,0.627,0.531,0.666,0.592,0.747,0.627,0.682,0.627,0.292,0.794,0.25,0.69,0.503,0.69,0.709,0.524,0.524,0.524,0.622,0.503,0.709,0.503,0.25,0.622,0.653,0.972,0.653,0.473,0.473,0.473,0.859,0.509,0.819,0.94,0.337,0.645,0.341,0.337,0.681,0.509,0.321,0.899,0.972,0.321,0.341,0.938,0.669,0.758,0.509,0.781,0.906,0.9,0.482,0.321,0.771,0.482,0.482,0.937,0.485,0.439,0.598,0.485,0.485,0.47,0.931,0.785,0.785,0.792,0.598,0.643,0.476,0.5,0.885,0.785,0.824,0.435,0.508,0.643,0.925,0.483,0.831,0.743,0.578,0.77,0.598,0.039,0.77,0.481,0.77,0.363,0.719,0.582,0.545,0.412,0.034,0.722,0.036,0.412,0.394,0.626,0.775,0.654,0.394,0.822,0.394,0.412,0.768,0.569,0.602,0.541,0.057,0.87,0.074,0.757,0.099,0.555,0.169,0.605,0.182,0.057,0.08,0.079,0.08,0.056,0.059,0.037
0.49,0.49,0.427,0.427,0.761,0.706,0.445,0.634,0.669,0.873,0.634,0.48,0.57,0.761,0.48,0.634,0.57,0.761,0.712,0.57,0.66,0.91,0.66,0.496,0.57,0.445,0.496,0.634,0.585,0.873,0.585,0.91,0.692,0.503,0.368,0.503,0.385,0.368,0.692,0.385,0.376,0.503,0.319,0.608,0.503,0.385,0.707,0.319,0.905,0.319,0.857,0.408,0.966,0.639,0.38,0.639,0.639,0.326,0.326,0.326,0.953,0.38,0.639,0.38,0.966,0.953,0.468,0.938,0.468,0.973,0.973,0.973,0.435,0.701,0.6,0.224,0.884,0.845,0.899,0.884,0.225,0.701,0.738,0.217,0.933,0.738,0.899,0.284,0.258,0.919,0.701,0.608,0.226,0.244,0.975,0.738,0.564,0.975,0.975,0.285,0.978,0.572,0.835,0.978,0.978,0.802,0.275,0.534,0.534,0.559,0.351,0.712,0.64,0.75,0.2,0.917,0.377,0.551,0.619,0.712,0.266,0.614,0.403,0.569,0.237,0.569,0.811,0.074,0.569,0.767,0.645,0.628,0.616,0.542,0.889,0.333,0.084,0.598,0.128,0.333,0.376,0.678,0.191,0.268,0.376,0.949,0.376,0.333,0.199,0.542,0.148,0.444,0.165,0.941,0.17,0.159,0.217,0.427,0.24,0.119,0.249,0.165,0.172,0.157,0.163,0.414,0.451,0.269
0.948,0.948,0.902,0.902,0.074,0.277,0.949,0.929,0.314,0.933,0.929,0.945,0.921,0.074,0.945,0.929,0.921,0.074,0.264,0.921,0.766,0.935,0.766,0.88,0.921,0.949,0.88,0.929,0.897,0.933,0.897,0.935,0.724,0.807,0.864,0.807,0.273,0.864,0.724,0.273,0.437,0.807,0.276,0.428,0.807,0.273,0.662,0.276,0.256,0.276,0.334,0.5,0.306,0.777,0.338,0.777,0.791,0.36,0.36,0.36,0.929,0.338,0.791,0.338,0.306,0.929,0.797,0.258,0.797,0.741,0.741,0.741,0.447,0.076,0.272,0.355,0.283,0.219,0.312,0.283,0.424,0.076,0.269,0.444,0.321,0.269,0.312,0.35,0.408,0.434,0.076,0.267,0.332,0.483,0.683,0.269,0.131,0.683,0.683,0.329,0.689,0.182,0.245,0.689,0.689,0.273,0.332,0.09,0.09,0.099,0.027,0.022,0.191,0.023,0.41,0.481,0.502,0.163,0.208,0.022,0.308,0.206,0.481,0.285,0.39,0.086,0.304,0.111,0.086,0.032,0.248,0.209,0.232,0.026,0.22,0.129,0.199,0.095,0.16,0.129,0.135,0.48,0.056,0.623,0.135,0.423,0.135,0.129,0.06,0.706,0.831,0.792,0.08,0.391,0.118,0.077,0.345,0.814,0.452,0.832,0.454,0.074,0.123,0.093,0.098,0.164,0.185,0.183
0.911,0.911,0.872,0.872,0.019,0.492,0.966,0.906,0.498,0.937,0.906,0.963,0.873,0.019,0.963,0.906,0.873,0.019,0.084,0.873,0.987,0.945,0.987,0.854,0.873,0.966,0.854,0.906,0.887,0.937,0.887,0.945,0.751,0.934,0.982,0.934,0.02,0.982,0.751,0.02,0.205,0.934,0.023,0.111,0.934,0.02,0.069,0.023,0.017,0.023,0.744,0.183,0.138,0.774,0.013,0.774,0.763,0.02,0.02,0.02,0.935,0.013,0.763,0.013,0.138,0.935,0.954,0.013,0.954,0.451,0.451,0.451,0.204,0.018,0.094,0.095,0.137,0.033,0.165,0.137,0.145,0.018,0.023,0.114,0.016,0.023,0.165,0.093,0.134,0.012,0.018,0.088,0.088,0.113,0.428,0.023,0.068,0.428,0.428,0.084,0.435,0.003,0.031,0.435,0.435,0.03,0.09,0.032,0.032,0.04,0.115,0.036,0.177,0.049,0.119,0.013,0.063,0.003,0.16,0.036,0.095,0.156,0.066,0.124,0.149,0.033,0.023,0.789,0.033,0.121,0.112,0.006,0.1,0.119,0.024,0.02,0.888,0.037,0.51,0.02,0.017,0.08,0.745,0.46,0.017,0.021,0.017,0.02,0.738,0.349,0.591,0.345,0.476,0.018,0.661,0.694,0.59,0.341,0.475,0.599,0.458,0.555,0.674,0.616,0.634,0.407,0.396,0.556
0.33,0.33,0.312,0.312,0.845,0.481,0.725,0.612,0.495,0.452,0.612,0.692,0.652,0.845,0.692,0.612,0.652,0.845,0.779,0.652,0.266,0.508,0.266,0.576,0.652,0.725,0.576,0.612,0.586,0.452,0.586,0.508,0.194,0.487,0.564,0.487,0.689,0.564,0.194,0.689,0.096,0.487,0.697,0.04,0.487,0.689,0.758,0.697,0.049,0.697,0.78,0.098,0.495,0.317,0.535,0.317,0.326,0.592,0.592,0.592,0.429,0.535,0.326,0.535,0.495,0.429,0.48,0.085,0.48,0.749,0.749,0.749,0.139,0.954,0.048,0.204,0.273,0.011,0.244,0.273,0.082,0.954,0.471,0.165,0.078,0.471,0.244,0.199,0.095,0.016,0.954,0.05,0.211,0.132,0.543,0.471,0.673,0.543,0.543,0.216,0.553,0.216,0.011,0.553,0.553,0.004,0.157,0.651,0.651,0.544,0.367,0.905,0.114,0.828,0.129,0.012,0.047,0.232,0.114,0.905,0.164,0.113,0.048,0.085,0.104,0.657,0.007,0.976,0.657,0.711,0.093,0.453,0.089,0.36,0.011,0.237,0.986,0.542,0.993,0.237,0.234,0.018,0.104,0.89,0.234,0.018,0.234,0.237,0.108,0.86,0.904,0.867,0.605,0.016,0.555,0.158,0.771,0.867,0.478,0.901,0.502,0.621,0.517,0.54,0.534,0.237,0.222,0.411
0.053,0.053,0.057,0.057,0.531,0.463,0.268,0.312,0.489,0.465,0.312,0.271,0.348,0.531,0.271,0.312,0.348,0.531,0.923,0.348,0.091,0.367,0.091,0.312,0.348,0.268,0.312,0.312,0.278,0.465,0.278,0.367,0.162,0.249,0.199,0.249,0.609,0.199,0.162,0.609,0.442,0.249,0.614,0.068,0.249,0.609,0.892,0.614,0.272,0.614,0.468,0.425,0.529,0.171,0.601,0.171,0.156,0.599,0.599,0.599,0.34,0.601,0.156,0.601,0.529,0.34,0.206,0.139,0.206,0.583,0.583,0.583,0.565,0.578,0.038,0.307,0.58,0.222,0.683,0.58,0.44,0.578,0.351,0.459,0.129,0.351,0.683,0.316,0.506,0.162,0.578,0.045,0.302,0.413,0.589,0.351,0.922,0.589,0.589,0.315,0.48,0.265,0.287,0.48,0.48,0.459,0.347,0.247,0.247,0.191,0.06,0.264,0.281,0.219,0.425,0.231,0.291,0.27,0.301,0.264,0.32,0.311,0.25,0.352,0.445,0.207,0.35,0.461,0.207,0.074,0.339,0.254,0.347,0.054,0.13,0.504,0.447,0.156,0.557,0.504,0.517,0.634,0.138,0.597,0.517,0.07,0.517,0.504,0.127,0.496,0.528,0.445,0.524,0.102,0.543,0.16,0.576,0.425,0.641,0.513,0.65,0.558,0.444,0.465,0.428,0.596,0.544,0.588
0.952,0.952,0.917,0.917,0.291,0.844,0.772,0.711,0.809,0.761,0.711,0.758,0.622,0.291,0.758,0.711,0.622,0.291,0.312,0.622,0.864,0.759,0.864,0.567,0.622,0.772,0.567,0.711,0.514,0.761,0.514,0.759,0.511,0.345,0.771,0.345,0.274,0.771,0.511,0.274,0.873,0.345,0.305,0.297,0.345,0.274,0.346,0.305,0.789,0.305,0.821,0.927,0.182,0.47,0.184,0.47,0.466,0.201,0.201,0.201,0.718,0.184,0.466,0.184,0.182,0.718,0.371,0.724,0.371,0.141,0.141,0.141,0.865,0.268,0.268,0.686,0.177,0.899,0.183,0.177,0.801,0.268,0.294,0.721,0.754,0.294,0.183,0.672,0.806,0.768,0.268,0.259,0.678,0.723,0.181,0.294,0.418,0.181,0.181,0.648,0.179,0.307,0.917,0.179,0.179,0.898,0.661,0.489,0.489,0.438,0.636,0.416,0.456,0.638,0.696,0.775,0.922,0.3,0.461,0.416,0.662,0.438,0.901,0.518,0.771,0.501,0.642,0.54,0.501,0.504,0.512,0.29,0.49,0.653,0.787,0.36,0.545,0.417,0.499,0.36,0.333,0.809,0.831,0.267,0.333,0.846,0.333,0.36,0.818,0.631,0.281,0.646,0.65,0.84,0.851,0.792,0.636,0.624,0.767,0.248,0.736,0.63,0.866,0.843,0.876,0.867,0.853,0.825
0.452,0.452,0.517,0.517,0.941,0.71,0.842,0.792,0.686,0.864,0.792,0.879,0.67,0.941,0.879,0.792,0.67,0.941,0.323,0.67,0.428,0.894,0.428,0.787,0.67,0.842,0.787,0.792,0.839,0.864,0.839,0.894,0.578,0.692,0.873,0.692,0.917,0.873,0.578,0.917,0.981,0.692,0.933,0.596,0.692,0.917,0.454,0.933,0.468,0.933,0.68,0.985,0.899,0.611,0.876,0.611,0.616,0.894,0.894,0.894,0.86,0.876,0.616,0.876,0.899,0.86,0.804,0.516,0.804,0.869,0.869,0.869,0.984,0.95,0.619,0.981,0.979,0.035,0.975,0.979,0.978,0.95,0.683,0.963,0.506,0.683,0.975,0.975,0.981,0.072,0.95,0.602,0.98,0.968,0.842,0.683,0.411,0.842,0.842,0.97,0.81,0.933,0.032,0.81,0.81,0.025,0.946,0.921,0.921,0.45,0.754,0.981,0.992,0.573,0.938,0.064,0.211,0.935,0.988,0.981,0.957,0.987,0.224,0.977,0.966,0.896,0.044,0.834,0.896,0.671,0.947,0.862,0.946,0.712,0.069,0.697,0.808,0.379,0.859,0.697,0.675,0.146,0.142,0.82,0.675,0.122,0.675,0.697,0.154,0.642,0.805,0.661,0.925,0.101,0.835,0.132,0.9,0.68,0.881,0.814,0.862,0.855,0.91,0.823,0.896,0.897,0.877,0.752
0.871,0.871,0.854,0.854,0.279,0.953,0.911,0.834,0.943,0.528,0.834,0.954,0.726,0.279,0.954,0.834,0.726,0.279,0.795,0.726,0.65,0.644,0.65,0.883,0.726,0.911,0.883,0.834,0.927,0.528,0.927,0.644,0.174,0.839,0.852,0.839,0.842,0.852,0.174,0.842,0.591,0.839,0.721,0.864,0.839,0.842,0.609,0.721,0.807,0.721,0.802,0.714,0.265,0.153,0.488,0.153,0.169,0.682,0.682,0.682,0.551,0.488,0.169,0.488,0.265,0.551,0.84,0.799,0.84,0.357,0.357,0.357,0.61,0.645,0.913,0.452,0.461,0.936,0.369,0.461,0.378,0.645,0.13,0.497,0.812,0.13,0.369,0.487,0.466,0.848,0.645,0.943,0.422,0.455,0.382,0.13,0.83,0.382,0.382,0.473,0.398,0.54,0.936,0.398,0.398,0.947,0.33,0.892,0.892,0.678,0.567,0.72,0.606,0.515,0.406,0.882,0.713,0.594,0.644,0.72,0.339,0.641,0.745,0.672,0.386,0.929,0.882,0.962,0.929,0.465,0.729,0.249,0.725,0.48,0.87,0.335,0.989,0.72,0.981,0.335,0.268,0.806,0.973,0.966,0.268,0.871,0.268,0.335,0.964,0.945,0.967,0.759,0.873,0.877,0.912,0.908,0.955,0.676,0.939,0.933,0.944,0.9,0.896,0.861,0.845,0.975,0.97,0.963
0.793,0.793,0.842,0.842,0.076,0.911,0.847,0.735,0.905,0.544,0.735,0.784,0.753,0.076,0.784,0.735,0.753,0.076,0.258,0.753,0.8,0.524,0.8,0.664,0.753,0.847,0.664,0.735,0.633,0.544,0.633,0.524,0.249,0.784,0.903,0.784,0.099,0.903,0.249,0.099,0.813,0.784,0.05,0.614,0.784,0.099,0.21,0.05,0.744,0.05,0.97,0.831,0.073,0.3,0.086,0.3,0.308,0.063,0.063,0.063,0.491,0.086,0.308,0.086,0.073,0.491,0.757,0.689,0.757,0.054,0.054,0.054,0.924,0.077,0.665,0.867,0.078,0.891,0.113,0.078,0.543,0.077,0.07,0.626,0.695,0.07,0.113,0.874,0.549,0.857,0.077,0.677,0.952,0.635,0.049,0.07,0.294,0.049,0.049,0.953,0.063,0.12,0.927,0.063,0.063,0.748,0.92,0.248,0.248,0.285,0.403,0.168,0.963,0.168,0.628,0.913,0.898,0.097,0.951,0.168,0.963,0.965,0.874,0.959,0.662,0.23,0.783,0.951,0.23,0.555,0.922,0.064,0.92,0.506,0.916,0.161,0.949,0.262,0.947,0.161,0.262,0.91,0.262,0.866,0.262,0.935,0.262,0.161,0.265,0.818,0.965,0.911,0.972,0.929,0.977,0.271,0.844,0.912,0.898,0.956,0.896,0.984,0.981,0.984,0.981,0.904,0.919,0.871
0.928,0.928,0.937,0.937,0.348,0.936,0.903,0.928,0.923,0.854,0.928,0.935,0.916,0.348,0.935,0.928,0.916,0.348,0.358,0.916,0.919,0.86,0.919,0.894,0.916,0.903,0.894,0.928,0.905,0.854,0.905,0.86,0.603,0.935,0.904,0.935,0.487,0.904,0.603,0.487,0.623,0.935,0.521,0.555,0.935,0.487,0.382,0.521,0.178,0.521,0.885,0.618,0.316,0.688,0.275,0.688,0.658,0.273,0.273,0.273,0.781,0.275,0.658,0.275,0.316,0.781,0.911,0.18,0.911,0.337,0.337,0.337,0.85,0.368,0.542,0.424,0.226,0.415,0.27,0.226,0.542,0.368,0.372,0.475,0.191,0.372,0.27,0.432,0.51,0.634,0.368,0.517,0.424,0.469,0.394,0.372,0.209,0.394,0.394,0.441,0.383,0.333,0.442,0.383,0.383,0.339,0.343,0.391,0.391,0.457,0.125,0.47,0.429,0.469,0.498,0.631,0.822,0.315,0.424,0.47,0.347,0.415,0.827,0.329,0.618,0.442,0.425,0.972,0.442,0.203,0.336,0.457,0.337,0.134,0.479,0.386,0.971,0.466,0.936,0.386,0.415,0.728,0.149,0.742,0.415,0.765,0.415,0.386,0.15,0.764,0.861,0.743,0.907,0.761,0.905,0.151,0.984,0.742,0.711,0.88,0.799,0.917,0.903,0.915,0.905,0.821,0.802,0.999
0.637,0.637,0.581,0.581,0.683,0.554,0.575,0.606,0.543,0.404,0.606,0.625,0.555,0.683,0.625,0.606,0.555,0.683,0.941,0.555,0.827,0.423,0.827,0.545,0.555,0.575,0.545,0.606,0.605,0.404,0.605,0.423,0.214,0.668,0.786,0.668,0.934,0.786,0.214,0.934,0.788,0.668,0.946,0.367,0.668,0.934,0.902,0.946,0.564,0.946,0.641,0.75,0.76,0.188,0.834,0.188,0.19,0.892,0.892,0.892,0.549,0.834,0.19,0.834,0.76,0.549,0.668,0.621,0.668,0.587,0.587,0.587,0.726,0.67,0.501,0.87,0.757,0.546,0.867,0.757,0.824,0.67,0.612,0.856,0.621,0.612,0.867,0.871,0.781,0.72,0.67,0.495,0.841,0.869,0.542,0.612,0.854,0.542,0.542,0.833,0.719,0.898,0.521,0.719,0.719,0.337,0.694,0.95,0.95,0.989,0.592,0.95,0.859,0.886,0.772,0.677,0.266,0.789,0.813,0.95,0.712,0.817,0.326,0.704,0.789,0.968,0.435,0.156,0.968,0.348,0.834,0.687,0.81,0.57,0.58,0.823,0.19,0.982,0.179,0.823,0.766,0.207,0.494,0.92,0.766,0.698,0.766,0.823,0.422,0.756,0.828,0.789,0.306,0.704,0.229,0.364,0.657,0.833,0.723,0.876,0.732,0.221,0.276,0.336,0.438,0.449,0.621,0.429
0.013,0.013,0.025,0.025,0.687,0.104,0.455,0.142,0.106,0.174,0.142,0.203,0.315,0.687,0.203,0.142,0.315,0.687,0.216,0.315,0.01,0.122,0.01,0.288,0.315,0.455,0.288,0.142,0.161,0.174,0.161,0.122,0.616,0.108,0.126,0.108,0.104,0.126,0.616,0.104,0.748,0.108,0.108,0.191,0.108,0.104,0.252,0.108,0.416,0.108,0.102,0.621,0.71,0.587,0.111,0.587,0.568,0.107,0.107,0.107,0.136,0.111,0.568,0.111,0.71,0.136,0.105,0.292,0.105,0.929,0.929,0.929,0.655,0.795,0.194,0.736,0.649,0.291,0.599,0.649,0.699,0.795,0.625,0.785,0.269,0.625,0.599,0.77,0.709,0.364,0.795,0.204,0.75,0.757,0.887,0.625,0.943,0.887,0.887,0.757,0.804,0.744,0.241,0.804,0.804,0.381,0.874,0.19,0.19,0.293,0.683,0.781,0.786,0.827,0.85,0.335,0.363,0.763,0.814,0.781,0.878,0.832,0.514,0.892,0.783,0.182,0.532,0.672,0.182,0.942,0.915,0.796,0.905,0.633,0.471,0.557,0.637,0.279,0.725,0.557,0.495,0.826,0.821,0.393,0.495,0.474,0.495,0.557,0.829,0.502,0.468,0.521,0.859,0.289,0.812,0.884,0.017,0.526,0.038,0.464,0.031,0.879,0.856,0.864,0.881,0.024,0.024,0.088
0.074,0.074,0.028,0.028,0.351,0.17,0.692,0.762,0.183,0.782,0.762,0.761,0.711,0.351,0.761,0.762,0.711,0.351,0.213,0.711,0.117,0.843,0.117,0.847,0.711,0.692,0.847,0.762,0.86,0.782,0.86,0.843,0.709,0.896,0.913,0.896,0.226,0.913,0.709,0.226,0.589,0.896,0.221,0.89,0.896,0.226,0.333,0.221,0.891,0.221,0.106,0.699,0.749,0.53,0.203,0.53,0.524,0.251,0.251,0.251,0.895,0.203,0.524,0.203,0.749,0.895,0.977,0.819,0.977,0.689,0.689,0.689,0.821,0.301,0.652,0.556,0.607,0.757,0.571,0.607,0.728,0.301,0.781,0.647,0.815,0.781,0.571,0.616,0.763,0.884,0.301,0.671,0.559,0.603,0.531,0.781,0.164,0.531,0.531,0.607,0.486,0.322,0.763,0.486,0.486,0.884,0.517,0.286,0.286,0.315,0.344,0.134,0.577,0.142,0.589,0.886,0.889,0.345,0.561,0.134,0.515,0.572,0.899,0.633,0.628,0.161,0.874,0.961,0.161,0.28,0.723,0.418,0.688,0.273,0.953,0.502,0.931,0.184,0.869,0.502,0.497,0.897,0.418,0.733,0.497,0.875,0.497,0.502,0.408,0.734,0.733,0.727,0.887,0.899,0.953,0.298,0.039,0.735,0.08,0.833,0.077,0.933,0.938,0.928,0.92,0.099,0.101,0.126
0.742,0.742,0.664,0.664,0.439,0.623,0.504,0.481,0.65,0.287,0.481,0.523,0.405,0.439,0.523,0.481,0.405,0.439,0.304,0.405,0.732,0.331,0.732,0.439,0.405,0.504,0.439,0.481,0.518,0.287,0.518,0.331,0.211,0.442,0.51,0.442,0.635,0.51,0.211,0.635,0.466,0.442,0.494,0.904,0.442,0.635,0.226,0.494,0.861,0.494,0.813,0.44,0.97,0.204,0.615,0.204,0.207,0.461,0.461,0.461,0.35,0.615,0.207,0.615,0.97,0.35,0.539,0.928,0.539,0.906,0.906,0.906,0.51,0.522,0.943,0.704,0.859,0.156,0.88,0.859,0.268,0.522,0.629,0.278,0.829,0.629,0.88,0.717,0.31,0.175,0.522,0.875,0.703,0.25,0.851,0.629,0.24,0.851,0.851,0.708,0.883,0.427,0.163,0.883,0.883,0.316,0.68,0.773,0.773,0.754,0.773,0.652,0.368,0.555,0.224,0.17,0.139,0.429,0.352,0.652,0.647,0.348,0.138,0.45,0.265,0.859,0.269,0.521,0.859,0.822,0.404,0.48,0.412,0.871,0.313,0.745,0.657,0.877,0.424,0.745,0.614,0.183,0.168,0.194,0.614,0.219,0.614,0.745,0.169,0.185,0.296,0.19,0.676,0.25,0.747,0.165,0.692,0.185,0.724,0.272,0.716,0.67,0.758,0.839,0.842,0.777,0.797,0.53
0.102,0.102,0.136,0.136,0.638,0.773,0.145,0.447,0.793,0.499,0.447,0.152,0.363,0.638,0.152,0.447,0.363,0.638,0.943,0.363,0.099,0.567,0.099,0.343,0.363,0.145,0.343,0.447,0.432,0.499,0.432,0.567,0.6,0.275,0.159,0.275,0.59,0.159,0.6,0.59,0.796,0.275,0.628,0.518,0.275,0.59,0.961,0.628,0.704,0.628,0.906,0.773,0.286,0.571,0.528,0.571,0.572,0.559,0.559,0.559,0.571,0.528,0.572,0.528,0.286,0.571,0.259,0.803,0.259,0.425,0.425,0.425,0.548,0.641,0.399,0.712,0.316,0.113,0.294,0.316,0.695,0.641,0.414,0.819,0.801,0.414,0.294,0.75,0.739,0.167,0.641,0.4,0.715,0.777,0.505,0.414,0.919,0.505,0.505,0.739,0.644,0.193,0.112,0.644,0.644,0.074,0.745,0.478,0.478,0.462,0.316,0.3,0.35,0.284,0.832,0.171,0.208,0.219,0.395,0.3,0.723,0.375,0.245,0.515,0.819,0.514,0.132,0.245,0.514,0.239,0.505,0.36,0.509,0.381,0.141,0.402,0.232,0.486,0.384,0.402,0.316,0.104,0.484,0.17,0.316,0.269,0.316,0.402,0.435,0.995,0.212,0.985,0.268,0.26,0.198,0.315,0.551,0.996,0.131,0.208,0.159,0.283,0.185,0.211,0.209,0.326,0.244,0.471
0.398,0.398,0.345,0.345,0.681,0.312,0.165,0.126,0.273,0.132,0.126,0.204,0.106,0.681,0.204,0.126,0.106,0.681,0.557,0.106,0.313,0.155,0.313,0.117,0.106,0.165,0.117,0.126,0.141,0.132,0.141,0.155,0.8,0.101,0.158,0.101,0.589,0.158,0.8,0.589,0.564,0.101,0.658,0.818,0.101,0.589,0.596,0.658,0.639,0.658,0.224,0.522,0.493,0.698,0.48,0.698,0.724,0.512,0.512,0.512,0.147,0.48,0.724,0.48,0.493,0.147,0.1,0.286,0.1,0.636,0.636,0.636,0.443,0.668,0.813,0.716,0.467,0.308,0.477,0.467,0.876,0.668,0.578,0.835,0.307,0.578,0.477,0.683,0.879,0.416,0.668,0.82,0.708,0.821,0.608,0.578,0.582,0.608,0.608,0.665,0.612,0.524,0.333,0.612,0.612,0.818,0.753,0.737,0.737,0.63,0.942,0.873,0.204,0.766,0.775,0.436,0.442,0.518,0.245,0.873,0.688,0.234,0.608,0.392,0.829,0.724,0.827,0.381,0.724,0.656,0.441,0.539,0.427,0.938,0.556,0.573,0.495,0.623,0.338,0.573,0.594,0.65,0.519,0.845,0.594,0.364,0.594,0.573,0.479,0.802,0.862,0.804,0.479,0.378,0.612,0.462,0.849,0.806,0.782,0.852,0.833,0.485,0.618,0.786,0.755,0.725,0.899,0.819
0.497,0.497,0.49,0.49,0.888,0.336,0.339,0.565,0.332,0.329,0.565,0.37,0.495,0.888,0.37,0.565,0.495,0.888,0.755,0.495,0.657,0.373,0.657,0.46,0.495,0.339,0.46,0.565,0.524,0.329,0.524,0.373,0.415,0.744,0.485,0.744,0.968,0.485,0.415,0.968,0.658,0.744,0.959,0.308,0.744,0.968,0.717,0.959,0.306,0.959,0.351,0.685,0.784,0.365,0.989,0.365,0.369,0.982,0.982,0.982,0.509,0.989,0.369,0.989,0.784,0.509,0.636,0.299,0.636,0.729,0.729,0.729,0.755,0.892,0.291,0.475,0.841,0.407,0.821,0.841,0.588,0.892,0.883,0.597,0.281,0.883,0.821,0.482,0.703,0.527,0.892,0.299,0.494,0.588,0.846,0.883,0.778,0.846,0.846,0.505,0.826,0.877,0.455,0.826,0.826,0.635,0.63,0.972,0.972,0.904,0.952,0.404,0.69,0.353,0.697,0.624,0.488,0.885,0.678,0.404,0.653,0.787,0.44,0.856,0.703,0.961,0.795,0.959,0.961,0.423,0.892,0.856,0.886,0.958,0.807,0.961,0.964,0.871,0.907,0.961,0.971,0.552,0.799,0.929,0.971,0.646,0.971,0.961,0.786,0.946,0.876,0.938,0.395,0.645,0.369,0.657,0.53,0.948,0.562,0.905,0.603,0.365,0.451,0.399,0.435,0.76,0.636,0.473
0.693,0.693,0.649,0.649,0.633,0.096,0.494,0.992,0.08,0.974,0.992,0.6,0.998,0.633,0.6,0.992,0.998,0.633,0.218,0.998,0.59,0.976,0.59,0.997,0.998,0.494,0.997,0.992,0.991,0.974,0.991,0.976,0.927,0.99,0.58,0.99,0.523,0.58,0.927,0.523,0.407,0.99,0.514,0.726,0.99,0.523,0.37,0.514,0.572,0.514,0.12,0.443,0.639,0.936,0.351,0.936,0.934,0.302,0.302,0.302,0.96,0.351,0.934,0.351,0.639,0.96,0.992,0.46,0.992,0.545,0.545,0.545,0.277,0.563,0.805,0.161,0.6,0.499,0.688,0.6,0.278,0.563,0.674,0.205,0.511,0.674,0.688,0.162,0.293,0.619,0.563,0.795,0.137,0.233,0.632,0.674,0.12,0.632,0.632,0.134,0.609,0.703,0.531,0.609,0.609,0.372,0.194,0.227,0.227,0.233,0.447,0.305,0.404,0.31,0.247,0.629,0.917,0.662,0.374,0.305,0.203,0.379,0.898,0.058,0.27,0.24,0.75,0.351,0.24,0.276,0.04,0.662,0.04,0.397,0.821,0.633,0.345,0.254,0.428,0.633,0.706,0.833,0.081,0.476,0.706,0.859,0.706,0.633,0.097,0.39,0.569,0.41,0.559,0.78,0.551,0.079,0.621,0.411,0.405,0.545,0.377,0.55,0.455,0.496,0.452,0.782,0.807,0.662
0.063,0.063,0.068,0.068,0.947,0.179,0.066,0.072,0.18,0.122,0.072,0.064,0.081,0.947,0.064,0.072,0.081,0.947,0.581,0.081,0.056,0.064,0.056,0.08,0.081,0.066,0.08,0.072,0.056,0.122,0.056,0.064,0.049,0.048,0.032,0.048,0.866,0.032,0.049,0.866,0.643,0.048,0.867,0.949,0.048,0.866,0.647,0.867,0.946,0.867,0.289,0.552,0.679,0.022,0.858,0.022,0.023,0.842,0.842,0.842,0.06,0.858,0.023,0.858,0.679,0.06,0.053,0.808,0.053,0.517,0.517,0.517,0.512,0.926,0.386,0.923,0.574,0.367,0.573,0.574,0.875,0.926,0.772,0.837,0.851,0.772,0.573,0.946,0.841,0.313,0.926,0.443,0.917,0.849,0.508,0.772,0.98,0.508,0.508,0.916,0.544,0.782,0.415,0.544,0.544,0.759,0.933,0.897,0.897,0.918,0.834,0.768,0.971,0.911,0.779,0.346,0.339,0.742,0.986,0.768,0.933,0.988,0.348,0.988,0.87,0.833,0.596,0.683,0.833,0.866,0.982,0.684,0.984,0.86,0.59,0.649,0.812,0.919,0.688,0.649,0.717,0.432,0.5,0.968,0.717,0.313,0.717,0.649,0.515,0.934,0.939,0.924,0.793,0.396,0.818,0.486,0.582,0.927,0.63,0.944,0.633,0.833,0.798,0.883,0.862,0.216,0.194,0.241
0.306,0.306,0.294,0.294,0.559,0.256,0.211,0.148,0.243,0.184,0.148,0.248,0.123,0.559,0.248,0.148,0.123,0.559,0.853,0.123,0.279,0.274,0.279,0.128,0.123,0.211,0.128,0.148,0.146,0.184,0.146,0.274,0.758,0.103,0.148,0.103,0.539,0.148,0.758,0.539,0.716,0.103,0.452,0.42,0.103,0.539,0.857,0.452,0.404,0.452,0.204,0.746,0.494,0.697,0.553,0.697,0.676,0.451,0.451,0.451,0.222,0.553,0.676,0.553,0.494,0.222,0.109,0.64,0.109,0.483,0.483,0.483,0.804,0.513,0.787,0.949,0.601,0.883,0.732,0.601,0.828,0.513,0.651,0.955,0.542,0.651,0.732,0.943,0.822,0.93,0.513,0.718,0.969,0.956,0.648,0.651,0.687,0.648,0.648,0.961,0.601,0.674,0.8,0.601,0.601,0.744,0.924,0.732,0.732,0.817,0.68,0.55,0.764,0.579,0.929,0.863,0.283,0.62,0.716,0.55,0.923,0.695,0.311,0.894,0.625,0.785,0.79,0.031,0.785,0.695,0.837,0.556,0.835,0.652,0.689,0.587,0.02,0.874,0.015,0.587,0.802,0.677,0.759,0.615,0.802,0.617,0.802,0.587,0.753,0.673,0.658,0.691,0.059,0.522,0.064,0.722,0.104,0.718,0.118,0.668,0.123,0.059,0.06,0.065,0.059,0.127,0.132,0.113
0.808,0.808,0.784,0.784,0.776,0.147,0.805,0.754,0.191,0.556,0.754,0.869,0.714,0.776,0.869,0.754,0.714,0.776,0.837,0.714,0.883,0.595,0.883,0.697,0.714,0.805,0.697,0.754,0.732,0.556,0.732,0.595,0.848,0.755,0.857,0.755,0.715,0.857,0.848,0.715,0.048,0.755,0.557,0.489,0.755,0.715,0.914,0.557,0.16,0.557,0.176,0.043,0.431,0.887,0.587,0.887,0.898,0.532,0.532,0.532,0.566,0.587,0.898,0.587,0.431,0.566,0.684,0.146,0.684,0.183,0.183,0.183,0.037,0.843,0.389,0.184,0.559,0.002,0.641,0.559,0.198,0.843,0.426,0.194,0.144,0.426,0.641,0.187,0.204,0.002,0.843,0.406,0.182,0.178,0.437,0.426,0.898,0.437,0.437,0.184,0.484,0.649,0.002,0.484,0.484,0.003,0.21,0.94,0.94,0.986,0.624,0.706,0.128,0.894,0.191,0.002,0.021,0.618,0.133,0.706,0.21,0.12,0.023,0.091,0.219,0.887,0.003,0.758,0.887,0.493,0.097,0.343,0.099,0.723,0.01,0.609,0.899,0.992,0.603,0.609,0.697,0.021,0.038,0.806,0.697,0.008,0.697,0.609,0.037,0.863,0.748,0.851,0.513,0.009,0.492,0.042,0.545,0.843,0.593,0.768,0.586,0.475,0.53,0.443,0.548,0.654,0.562,0.525
0.568,0.568,0.409,0.409,0.271,0.784,0.403,0.403,0.795,0.304,0.403,0.522,0.308,0.271,0.522,0.403,0.308,0.271,0.217,0.308,0.341,0.349,0.341,0.244,0.308,0.403,0.244,0.403,0.253,0.304,0.253,0.349,0.111,0.338,0.46,0.338,0.354,0.46,0.111,0.354,0.51,0.338,0.336,0.36,0.338,0.354,0.195,0.336,0.597,0.336,0.752,0.376,0.305,0.138,0.321,0.138,0.142,0.292,0.292,0.292,0.343,0.321,0.142,0.321,0.305,0.343,0.231,0.537,0.231,0.65,0.65,0.65,0.689,0.311,0.367,0.37,0.288,0.63,0.403,0.288,0.519,0.311,0.275,0.479,0.61,0.275,0.403,0.389,0.457,0.647,0.311,0.385,0.325,0.458,0.331,0.275,0.148,0.331,0.331,0.333,0.347,0.496,0.667,0.347,0.347,0.738,0.327,0.6,0.6,0.661,0.848,0.386,0.865,0.377,0.371,0.669,0.471,0.418,0.834,0.386,0.324,0.858,0.492,0.862,0.489,0.602,0.732,0.421,0.602,0.959,0.83,0.349,0.854,0.833,0.801,0.387,0.588,0.677,0.462,0.387,0.406,0.774,0.385,0.395,0.406,0.642,0.406,0.387,0.468,0.458,0.425,0.339,0.668,0.666,0.672,0.376,0.66,0.357,0.766,0.34,0.737,0.673,0.677,0.652,0.662,0.623,0.606,0.646
0.752,0.752,0.521,0.521,0.346,0.944,0.59,0.806,0.962,0.717,0.806,0.671,0.785,0.346,0.671,0.806,0.785,0.346,0.433,0.785,0.284,0.798,0.284,0.8,0.785,0.59,0.8,0.806,0.826,0.717,0.826,0.798,0.536,0.649,0.461,0.649,0.314,0.461,0.536,0.314,0.853,0.649,0.262,0.915,0.649,0.314,0.348,0.262,0.441,0.262,0.98,0.858,0.178,0.645,0.453,0.645,0.65,0.426,0.426,0.426,0.725,0.453,0.65,0.453,0.178,0.725,0.639,0.596,0.639,0.305,0.305,0.305,0.717,0.425,0.836,0.593,0.251,0.62,0.271,0.251,0.673,0.425,0.236,0.729,0.607,0.236,0.271,0.591,0.67,0.666,0.425,0.853,0.621,0.76,0.325,0.236,0.835,0.325,0.325,0.613,0.221,0.418,0.634,0.221,0.221,0.535,0.549,0.445,0.445,0.516,0.641,0.775,0.374,0.731,0.703,0.667,0.871,0.393,0.38,0.775,0.575,0.362,0.915,0.363,0.643,0.603,0.69,0.151,0.603,0.723,0.394,0.361,0.378,0.759,0.745,0.428,0.128,0.672,0.187,0.428,0.436,0.893,0.52,0.6,0.436,0.605,0.436,0.428,0.466,0.213,0.33,0.188,0.148,0.633,0.131,0.457,0.25,0.164,0.353,0.351,0.316,0.155,0.138,0.126,0.137,0.526,0.547,0.274
0.167,0.167,0.158,0.158,0.275,0.993,0.288,0.198,0.993,0.107,0.198,0.298,0.19,0.275,0.298,0.198,0.19,0.275,0.196,0.19,0.271,0.125,0.271,0.138,0.19,0.288,0.138,0.198,0.154,0.107,0.154,0.125,0.078,0.299,0.406,0.299,0.283,0.406,0.078,0.283,0.572,0.299,0.264,0.576,0.299,0.283,0.179,0.264,0.327,0.264,0.992,0.767,0.318,0.076,0.103,0.076,0.075,0.105,0.105,0.105,0.196,0.103,0.075,0.103,0.318,0.196,0.27,0.281,0.27,0.148,0.148,0.148,0.858,0.339,0.643,0.768,0.151,0.271,0.14,0.151,0.856,0.339,0.322,0.842,0.283,0.322,0.14,0.772,0.894,0.301,0.339,0.639,0.779,0.83,0.058,0.322,0.16,0.058,0.058,0.792,0.069,0.072,0.427,0.069,0.069,0.523,0.909,0.619,0.619,0.732,0.288,0.83,0.722,0.869,0.955,0.531,0.396,0.072,0.718,0.83,0.908,0.705,0.147,0.86,0.951,0.661,0.576,0.456,0.661,0.735,0.838,0.159,0.831,0.342,0.504,0.109,0.441,0.725,0.429,0.109,0.108,0.405,0.688,0.347,0.108,0.415,0.108,0.109,0.665,0.214,0.367,0.31,0.546,0.716,0.664,0.742,0.315,0.328,0.569,0.36,0.542,0.592,0.672,0.669,0.682,0.613,0.672,0.699
0.231,0.231,0.228,0.228,0.222,0.49,0.3,0.187,0.548,0.143,0.187,0.321,0.196,0.222,0.321,0.187,0.196,0.222,0.174,0.196,0.457,0.171,0.457,0.199,0.196,0.3,0.199,0.187,0.199,0.143,0.199,0.171,0.19,0.382,0.524,0.382,0.192,0.524,0.19,0.192,0.367,0.382,0.202,0.656,0.382,0.192,0.186,0.202,0.451,0.202,0.531,0.397,0.151,0.176,0.201,0.176,0.18,0.209,0.209,0.209,0.276,0.201,0.18,0.201,0.151,0.276,0.386,0.426,0.386,0.344,0.344,0.344,0.501,0.217,0.742,0.352,0.136,0.331,0.131,0.136,0.286,0.217,0.138,0.247,0.263,0.138,0.131,0.339,0.244,0.47,0.217,0.77,0.316,0.212,0.287,0.138,0.183,0.287,0.287,0.336,0.27,0.297,0.298,0.27,0.27,0.366,0.55,0.395,0.395,0.445,0.904,0.451,0.812,0.505,0.356,0.356,0.503,0.304,0.874,0.451,0.556,0.867,0.546,0.789,0.256,0.432,0.403,0.172,0.432,0.685,0.897,0.348,0.859,0.914,0.475,0.149,0.171,0.479,0.191,0.149,0.143,0.528,0.297,0.402,0.143,0.561,0.143,0.149,0.305,0.311,0.371,0.294,0.26,0.463,0.353,0.222,0.298,0.304,0.501,0.338,0.496,0.259,0.375,0.285,0.33,0.183,0.181,0.13
0.079,0.079,0.085,0.085,0.634,0.383,0.113,0.154,0.375,0.427,0.154,0.126,0.141,0.634,0.126,0.154,0.141,0.634,0.735,0.141,0.118,0.448,0.118,0.125,0.141,0.113,0.125,0.154,0.136,0.427,0.136,0.448,0.372,0.154,0.153,0.154,0.725,0.153,0.372,0.725,0.472,0.154,0.898,0.424,0.154,0.725,0.768,0.898,0.15,0.898,0.47,0.49,0.92,0.459,0.715,0.459,0.446,0.879,0.879,0.879,0.455,0.715,0.446,0.715,0.92,0.455,0.155,0.1,0.155,0.89,0.89,0.89,0.529,0.763,0.39,0.141,0.945,0.343,0.961,0.945,0.26,0.763,0.922,0.211,0.098,0.922,0.961,0.143,0.25,0.372,0.763,0.397,0.153,0.206,0.966,0.922,0.561,0.966,0.966,0.154,0.968,0.951,0.344,0.968,0.968,0.406,0.253,0.946,0.946,0.789,0.422,0.879,0.229,0.718,0.353,0.382,0.638,0.938,0.18,0.879,0.261,0.179,0.711,0.116,0.484,0.933,0.421,0.327,0.933,0.604,0.101,0.891,0.113,0.528,0.511,0.979,0.465,0.735,0.363,0.979,0.985,0.544,0.44,0.458,0.985,0.406,0.985,0.979,0.462,0.341,0.498,0.36,0.507,0.424,0.425,0.351,0.773,0.292,0.706,0.558,0.721,0.513,0.438,0.561,0.466,0.756,0.786,0.734
0.073,0.073,0.07,0.07,0.651,0.193,0.058,0.019,0.188,0.021,0.019,0.048,0.039,0.651,0.048,0.019,0.039,0.651,0.758,0.039,0.087,0.015,0.087,0.03,0.039,0.058,0.03,0.019,0.016,0.021,0.016,0.015,0.218,0.025,0.064,0.025,0.769,0.064,0.218,0.769,0.384,0.025,0.782,0.838,0.025,0.769,0.853,0.782,0.633,0.782,0.192,0.51,0.817,0.292,0.669,0.292,0.282,0.732,0.732,0.732,0.018,0.669,0.282,0.669,0.817,0.018,0.007,0.196,0.007,0.824,0.824,0.824,0.469,0.689,0.804,0.977,0.767,0.071,0.929,0.767,0.711,0.689,0.459,0.732,0.176,0.459,0.929,0.976,0.714,0.073,0.689,0.822,0.977,0.737,0.828,0.459,0.802,0.828,0.828,0.976,0.881,0.89,0.066,0.881,0.881,0.068,0.968,0.606,0.606,0.62,0.718,0.279,0.773,0.424,0.724,0.074,0.142,0.854,0.735,0.279,0.969,0.762,0.166,0.846,0.675,0.619,0.091,0.009,0.619,0.568,0.85,0.686,0.849,0.699,0.157,0.613,0.007,0.586,0.012,0.613,0.577,0.195,0.113,0.018,0.577,0.11,0.577,0.613,0.11,0.009,0.017,0.01,0.037,0.119,0.031,0.101,0.032,0.01,0.076,0.019,0.085,0.035,0.032,0.028,0.029,0.101,0.095,0.069
0.801,0.801,0.936,0.936,0.986,0.713,0.958,0.786,0.718,0.683,0.786,0.862,0.928,0.986,0.862,0.786,0.928,0.986,0.976,0.928,0.634,0.586,0.634,0.897,0.928,0.958,0.897,0.786,0.722,0.683,0.722,0.586,0.849,0.619,0.691,0.619,0.785,0.691,0.849,0.785,0.759,0.619,0.752,0.846,0.619,0.785,0.987,0.752,0.619,0.752,0.887,0.639,0.937,0.769,0.771,0.769,0.746,0.761,0.761,0.761,0.501,0.771,0.746,0.771,0.937,0.501,0.582,0.634,0.582,0.817,0.817,0.817,0.702,0.534,0.926,0.816,0.808,0.211,0.815,0.808,0.852,0.534,0.911,0.864,0.613,0.911,0.815,0.804,0.885,0.507,0.534,0.93,0.887,0.851,0.89,0.911,0.913,0.89,0.89,0.901,0.837,0.807,0.22,0.837,0.837,0.373,0.681,0.968,0.968,0.955,0.766,0.945,0.799,0.933,0.803,0.465,0.568,0.795,0.789,0.945,0.802,0.788,0.566,0.771,0.879,0.973,0.56,0.305,0.973,0.82,0.801,0.873,0.797,0.803,0.686,0.752,0.321,0.956,0.407,0.752,0.788,0.498,0.725,0.349,0.788,0.55,0.788,0.752,0.745,0.237,0.273,0.176,0.656,0.524,0.668,0.948,0.31,0.188,0.197,0.275,0.224,0.702,0.636,0.651,0.635,0.161,0.144,0.536
0.32,0.32,0.306,0.306,0.171,0.454,0.219,0.155,0.459,0.376,0.155,0.251,0.115,0.171,0.251,0.155,0.115,0.171,0.321,0.115,0.353,0.472,0.353,0.109,0.115,0.219,0.109,0.155,0.148,0.376,0.148,0.472,0.251,0.183,0.275,0.183,0.29,0.275,0.251,0.29,0.723,0.183,0.288,0.969,0.183,0.29,0.335,0.288,0.777,0.288,0.578,0.656,0.066,0.321,0.16,0.321,0.374,0.155,0.155,0.155,0.41,0.16,0.374,0.16,0.066,0.41,0.177,0.795,0.177,0.106,0.106,0.106,0.914,0.292,0.993,0.6,0.059,0.447,0.066,0.059,0.439,0.292,0.132,0.698,0.774,0.132,0.066,0.605,0.448,0.65,0.292,0.997,0.518,0.708,0.113,0.132,0.284,0.113,0.113,0.554,0.11,0.094,0.48,0.11,0.11,0.623,0.634,0.29,0.29,0.249,0.194,0.122,0.498,0.107,0.685,0.675,0.66,0.093,0.61,0.122,0.568,0.6,0.613,0.511,0.737,0.276,0.692,0.513,0.276,0.137,0.625,0.101,0.568,0.232,0.765,0.086,0.556,0.221,0.748,0.086,0.093,0.832,0.157,0.32,0.093,0.616,0.093,0.086,0.179,0.2,0.344,0.151,0.121,0.644,0.082,0.089,0.154,0.197,0.147,0.415,0.142,0.12,0.092,0.077,0.084,0.251,0.248,0.213
0.175,0.175,0.168,0.168,0.894,0.712,0.129,0.113,0.685,0.108,0.113,0.136,0.113,0.894,0.136,0.113,0.113,0.894,0.049,0.113,0.234,0.12,0.234,0.111,0.113,0.129,0.111,0.113,0.117,0.108,0.117,0.12,0.057,0.175,0.216,0.175,0.453,0.216,0.057,0.453,0.421,0.175,0.354,0.25,0.175,0.453,0.045,0.354,0.024,0.354,0.807,0.329,0.778,0.055,0.663,0.055,0.056,0.538,0.538,0.538,0.155,0.663,0.056,0.663,0.778,0.155,0.174,0.04,0.174,0.778,0.778,0.778,0.323,0.983,0.24,0.33,0.766,0.166,0.774,0.766,0.363,0.983,0.969,0.33,0.05,0.969,0.774,0.368,0.354,0.225,0.983,0.253,0.346,0.339,0.82,0.969,0.092,0.82,0.82,0.331,0.811,0.851,0.178,0.811,0.811,0.09,0.539,0.568,0.568,0.599,0.39,0.577,0.711,0.649,0.446,0.238,0.616,0.847,0.704,0.577,0.544,0.713,0.56,0.631,0.286,0.503,0.13,0.38,0.503,0.841,0.64,0.919,0.645,0.347,0.173,0.712,0.405,0.509,0.426,0.712,0.776,0.462,0.215,0.679,0.776,0.273,0.776,0.712,0.255,0.44,0.743,0.457,0.64,0.305,0.562,0.313,0.707,0.498,0.784,0.703,0.75,0.638,0.585,0.673,0.626,0.829,0.827,0.654
0.931,0.931,0.963,0.963,0.82,0.483,0.837,0.699,0.453,0.526,0.699,0.78,0.794,0.82,0.78,0.699,0.794,0.82,0.845,0.794,0.852,0.5,0.852,0.808,0.794,0.837,0.808,0.699,0.657,0.526,0.657,0.5,0.482,0.589,0.671,0.589,0.604,0.671,0.482,0.604,0.817,0.589,0.554,0.826,0.589,0.604,0.79,0.554,0.869,0.554,0.41,0.741,0.728,0.392,0.732,0.392,0.392,0.754,0.754,0.754,0.466,0.732,0.392,0.732,0.728,0.466,0.564,0.639,0.564,0.558,0.558,0.558,0.75,0.188,0.752,0.499,0.823,0.921,0.8,0.823,0.66,0.188,0.771,0.581,0.666,0.771,0.8,0.504,0.505,0.939,0.188,0.839,0.49,0.716,0.721,0.771,0.585,0.721,0.721,0.479,0.755,0.842,0.951,0.755,0.755,0.874,0.546,0.795,0.795,0.847,0.963,0.454,0.48,0.428,0.732,0.956,0.666,0.839,0.449,0.454,0.562,0.435,0.623,0.439,0.719,0.776,0.863,0.32,0.776,0.842,0.381,0.738,0.37,0.976,0.897,0.8,0.43,0.819,0.17,0.8,0.811,0.617,0.528,0.177,0.811,0.938,0.811,0.8,0.565,0.175,0.239,0.193,0.192,0.966,0.336,0.663,0.278,0.177,0.359,0.239,0.375,0.201,0.329,0.354,0.353,0.413,0.461,0.266
0.63,0.63,0.635,0.635,0.735,0.394,0.518,0.674,0.395,0.743,0.674,0.631,0.696,0.735,0.631,0.674,0.696,0.735,0.895,0.696,0.454,0.832,0.454,0.628,0.696,0.518,0.628,0.674,0.66,0.743,0.66,0.832,0.408,0.824,0.473,0.824,0.656,0.473,0.408,0.656,0.288,0.824,0.609,0.024,0.824,0.656,0.844,0.609,0.01,0.609,0.514,0.252,0.511,0.515,0.626,0.515,0.463,0.542,0.542,0.542,0.768,0.626,0.463,0.626,0.511,0.768,0.755,0.006,0.755,0.331,0.331,0.331,0.239,0.744,0.016,0.441,0.25,0.037,0.268,0.25,0.229,0.744,0.503,0.237,0.012,0.503,0.268,0.438,0.255,0.058,0.744,0.017,0.451,0.21,0.24,0.503,0.664,0.24,0.24,0.446,0.29,0.41,0.047,0.29,0.29,0.094,0.418,0.562,0.562,0.536,0.501,0.584,0.751,0.544,0.19,0.11,0.422,0.406,0.752,0.584,0.427,0.746,0.243,0.852,0.18,0.507,0.161,0.95,0.507,0.52,0.832,0.489,0.856,0.39,0.214,0.549,0.981,0.454,0.949,0.549,0.572,0.261,0.09,0.943,0.572,0.096,0.572,0.549,0.085,0.824,0.947,0.872,0.702,0.133,0.531,0.078,0.698,0.847,0.603,0.943,0.6,0.671,0.657,0.519,0.657,0.788,0.777,0.832
0.176,0.176,0.235,0.235,0.301,0.222,0.043,0.021,0.217,0.013,0.021,0.039,0.025,0.301,0.039,0.021,0.025,0.301,0.359,0.025,0.366,0.028,0.366,0.026,0.025,0.043,0.026,0.021,0.026,0.013,0.026,0.028,0.498,0.015,0.039,0.015,0.316,0.039,0.498,0.316,0.87,0.015,0.374,0.891,0.015,0.316,0.31,0.374,0.728,0.374,0.2,0.921,0.706,0.658,0.293,0.658,0.677,0.293,0.293,0.293,0.027,0.293,0.677,0.293,0.706,0.027,0.015,0.628,0.015,0.415,0.415,0.415,0.867,0.556,0.817,0.911,0.795,0.841,0.791,0.795,0.899,0.556,0.7,0.828,0.65,0.7,0.791,0.906,0.906,0.691,0.556,0.792,0.925,0.82,0.637,0.7,0.38,0.637,0.637,0.918,0.681,0.8,0.904,0.681,0.681,0.863,0.795,0.307,0.307,0.437,0.229,0.605,0.706,0.648,0.702,0.723,0.79,0.793,0.671,0.605,0.769,0.674,0.638,0.588,0.815,0.294,0.677,0.173,0.294,0.482,0.539,0.767,0.52,0.222,0.764,0.759,0.152,0.428,0.196,0.759,0.797,0.934,0.37,0.159,0.797,0.76,0.797,0.759,0.31,0.188,0.14,0.209,0.517,0.771,0.386,0.42,0.304,0.214,0.449,0.133,0.463,0.542,0.364,0.337,0.328,0.547,0.493,0.545
0.587,0.587,0.565,0.565,0.097,0.733,0.606,0.913,0.729,0.707,0.913,0.691,0.817,0.097,0.691,0.913,0.817,0.097,0.747,0.817,0.555,0.719,0.555,0.733,0.817,0.606,0.733,0.913,0.888,0.707,0.888,0.719,0.479,0.733,0.682,0.733,0.236,0.682,0.479,0.236,0.625,0.733,0.239,0.649,0.733,0.236,0.765,0.239,0.565,0.239,0.65,0.615,0.086,0.558,0.233,0.558,0.563,0.231,0.231,0.231,0.654,0.233,0.563,0.233,0.086,0.654,0.713,0.538,0.713,0.053,0.053,0.053,0.593,0.116,0.613,0.659,0.042,0.623,0.028,0.042,0.621,0.116,0.088,0.678,0.55,0.088,0.028,0.638,0.652,0.615,0.116,0.62,0.654,0.654,0.014,0.088,0.65,0.014,0.014,0.632,0.016,0.071,0.633,0.016,0.016,0.69,0.623,0.48,0.48,0.627,0.637,0.441,0.914,0.479,0.644,0.641,0.804,0.081,0.882,0.441,0.616,0.864,0.787,0.884,0.638,0.426,0.847,0.858,0.426,0.527,0.825,0.124,0.813,0.705,0.863,0.184,0.871,0.626,0.937,0.184,0.173,0.878,0.911,0.738,0.173,0.635,0.173,0.184,0.923,0.784,0.863,0.777,0.967,0.65,0.956,0.912,0.917,0.766,0.871,0.829,0.87,0.969,0.959,0.966,0.967,0.875,0.866,0.875
0.212,0.212,0.184,0.184,0.494,0.317,0.14,0.66,0.324,0.537,0.66,0.201,0.613,0.494,0.201,0.66,0.613,0.494,0.931,0.613,0.255,0.628,0.255,0.552,0.613,0.14,0.552,0.66,0.637,0.537,0.637,0.628,0.416,0.658,0.201,0.658,0.676,0.201,0.416,0.676,0.327,0.658,0.653,0.246,0.658,0.676,0.866,0.653,0.354,0.653,0.3,0.308,0.531,0.361,0.738,0.361,0.351,0.678,0.678,0.678,0.703,0.738,0.351,0.738,0.531,0.703,0.598,0.439,0.598,0.332,0.332,0.332,0.297,0.468,0.335,0.887,0.192,0.079,0.255,0.192,0.885,0.468,0.493,0.928,0.379,0.493,0.255,0.903,0.91,0.109,0.468,0.328,0.873,0.918,0.248,0.493,0.681,0.248,0.248,0.882,0.374,0.472,0.056,0.374,0.374,0.072,0.838,0.838,0.838,0.73,0.798,0.681,0.632,0.798,0.918,0.097,0.507,0.434,0.651,0.681,0.814,0.64,0.401,0.531,0.94,0.849,0.135,0.93,0.849,0.846,0.564,0.526,0.57,0.789,0.226,0.657,0.916,0.745,0.957,0.657,0.6,0.881,0.025,0.915,0.6,0.184,0.6,0.657,0.026,0.834,0.857,0.892,0.693,0.172,0.693,0.025,0.894,0.902,0.643,0.848,0.577,0.617,0.707,0.71,0.678,0.46,0.568,0.944
0.312,0.312,0.26,0.26,0.081,0.693,0.409,0.295,0.759,0.234,0.295,0.382,0.29,0.081,0.382,0.295,0.29,0.081,0.679,0.29,0.204,0.245,0.204,0.281,0.29,0.409,0.281,0.295,0.29,0.234,0.29,0.245,0.087,0.25,0.351,0.25,0.149,0.351,0.087,0.149,0.929,0.25,0.128,0.51,0.25,0.149,0.657,0.128,0.464,0.128,0.809,0.915,0.071,0.085,0.219,0.085,0.083,0.234,0.234,0.234,0.199,0.219,0.083,0.219,0.071,0.199,0.311,0.425,0.311,0.589,0.589,0.589,0.8,0.11,0.536,0.924,0.083,0.707,0.074,0.083,0.591,0.11,0.06,0.598,0.401,0.06,0.074,0.914,0.623,0.836,0.11,0.528,0.855,0.562,0.481,0.06,0.512,0.481,0.481,0.835,0.479,0.053,0.749,0.479,0.479,0.648,0.932,0.138,0.138,0.14,0.202,0.15,0.413,0.16,0.594,0.834,0.601,0.055,0.496,0.15,0.864,0.487,0.604,0.519,0.555,0.157,0.735,0.294,0.157,0.252,0.595,0.071,0.589,0.25,0.831,0.095,0.273,0.177,0.365,0.095,0.103,0.618,0.341,0.286,0.103,0.873,0.103,0.095,0.358,0.19,0.218,0.204,0.538,0.872,0.572,0.316,0.125,0.208,0.191,0.225,0.184,0.631,0.465,0.523,0.415,0.234,0.223,0.204
0.847,0.847,0.748,0.748,0.59,0.6,0.736,0.743,0.665,0.892,0.743,0.83,0.668,0.59,0.83,0.743,0.668,0.59,0.413,0.668,0.865,0.901,0.865,0.755,0.668,0.736,0.755,0.743,0.784,0.892,0.784,0.901,0.674,0.731,0.884,0.731,0.713,0.884,0.674,0.713,0.918,0.731,0.683,0.72,0.731,0.713,0.374,0.683,0.8,0.683,0.467,0.903,0.768,0.699,0.645,0.699,0.672,0.606,0.606,0.606,0.904,0.645,0.672,0.645,0.768,0.904,0.821,0.733,0.821,0.669,0.669,0.669,0.83,0.64,0.746,0.781,0.863,0.926,0.919,0.863,0.859,0.64,0.836,0.79,0.678,0.836,0.919,0.793,0.877,0.915,0.64,0.748,0.732,0.785,0.6,0.836,0.234,0.6,0.6,0.733,0.551,0.874,0.844,0.551,0.551,0.911,0.645,0.25,0.25,0.235,0.152,0.063,0.4,0.061,0.652,0.845,0.839,0.762,0.49,0.063,0.656,0.515,0.884,0.366,0.792,0.226,0.928,0.445,0.226,0.026,0.525,0.846,0.535,0.173,0.923,0.816,0.425,0.209,0.546,0.816,0.848,0.961,0.344,0.424,0.848,0.92,0.848,0.816,0.363,0.447,0.396,0.402,0.669,0.835,0.706,0.36,0.713,0.38,0.859,0.402,0.778,0.707,0.66,0.736,0.671,0.929,0.903,0.854
0.946,0.946,0.966,0.966,0.273,0.141,0.907,0.8,0.152,0.793,0.8,0.85,0.846,0.273,0.85,0.8,0.846,0.273,0.921,0.846,0.882,0.715,0.882,0.96,0.846,0.907,0.96,0.8,0.916,0.793,0.916,0.715,0.932,0.786,0.805,0.786,0.5,0.805,0.932,0.5,0.379,0.786,0.405,0.902,0.786,0.5,0.885,0.405,0.664,0.405,0.134,0.372,0.124,0.944,0.292,0.944,0.943,0.264,0.264,0.264,0.631,0.292,0.943,0.292,0.124,0.631,0.898,0.71,0.898,0.07,0.07,0.07,0.408,0.171,0.875,0.132,0.234,0.28,0.264,0.234,0.113,0.171,0.249,0.308,0.742,0.249,0.264,0.249,0.238,0.321,0.171,0.912,0.135,0.13,0.131,0.249,0.716,0.131,0.131,0.244,0.118,0.227,0.289,0.118,0.118,0.228,0.175,0.188,0.188,0.136,0.074,0.069,0.293,0.067,0.188,0.411,0.665,0.217,0.263,0.069,0.171,0.256,0.542,0.399,0.204,0.222,0.279,0.828,0.222,0.053,0.348,0.158,0.341,0.073,0.235,0.398,0.841,0.147,0.839,0.398,0.462,0.525,0.017,0.786,0.462,0.312,0.462,0.398,0.016,0.7,0.815,0.689,0.734,0.373,0.651,0.026,0.567,0.702,0.763,0.818,0.775,0.655,0.732,0.65,0.742,0.786,0.891,0.681
0.066,0.066,0.066,0.066,0.795,0.961,0.056,0.032,0.968,0.034,0.032,0.058,0.036,0.795,0.058,0.032,0.036,0.795,0.611,0.036,0.127,0.052,0.127,0.051,0.036,0.056,0.051,0.032,0.052,0.034,0.052,0.052,0.081,0.067,0.103,0.067,0.574,0.103,0.081,0.574,0.249,0.067,0.401,0.249,0.067,0.574,0.461,0.401,0.265,0.401,0.941,0.278,0.476,0.129,0.521,0.129,0.131,0.4,0.4,0.4,0.062,0.521,0.131,0.521,0.476,0.062,0.078,0.457,0.078,0.413,0.413,0.413,0.358,0.712,0.217,0.274,0.232,0.057,0.332,0.232,0.143,0.712,0.736,0.252,0.485,0.736,0.332,0.277,0.13,0.083,0.712,0.245,0.283,0.268,0.145,0.736,0.524,0.145,0.145,0.277,0.196,0.396,0.055,0.196,0.196,0.038,0.455,0.721,0.721,0.773,0.047,0.076,0.383,0.132,0.476,0.081,0.22,0.288,0.415,0.076,0.463,0.408,0.201,0.395,0.217,0.729,0.055,0.48,0.729,0.025,0.416,0.588,0.405,0.045,0.064,0.306,0.429,0.788,0.482,0.306,0.398,0.133,0.272,0.427,0.398,0.097,0.398,0.306,0.28,0.366,0.51,0.37,0.259,0.094,0.185,0.296,0.249,0.366,0.263,0.507,0.267,0.26,0.2,0.15,0.168,0.34,0.383,0.565
0.65,0.65,0.886,0.886,0.358,0.76,0.71,0.179,0.76,0.305,0.179,0.323,0.513,0.358,0.323,0.179,0.513,0.358,0.113,0.513,0.512,0.222,0.512,0.466,0.513,0.71,0.466,0.179,0.182,0.305,0.182,0.222,0.39,0.205,0.287,0.205,0.301,0.287,0.39,0.301,0.196,0.205,0.314,0.364,0.205,0.301,0.118,0.314,0.372,0.314,0.472,0.231,0.524,0.286,0.217,0.286,0.3,0.221,0.221,0.221,0.153,0.217,0.3,0.217,0.524,0.153,0.176,0.354,0.176,0.514,0.514,0.514,0.166,0.282,0.318,0.202,0.317,0.33,0.321,0.317,0.112,0.282,0.553,0.171,0.359,0.553,0.321,0.216,0.156,0.453,0.282,0.296,0.199,0.152,0.424,0.553,0.206,0.424,0.424,0.211,0.431,0.579,0.34,0.431,0.431,0.239,0.199,0.455,0.455,0.441,0.686,0.867,0.578,0.882,0.163,0.461,0.865,0.559,0.568,0.867,0.2,0.567,0.924,0.642,0.191,0.456,0.345,0.444,0.456,0.947,0.685,0.597,0.673,0.648,0.428,0.281,0.459,0.434,0.391,0.281,0.272,0.73,0.48,0.328,0.272,0.504,0.272,0.281,0.448,0.23,0.353,0.225,0.388,0.511,0.273,0.504,0.343,0.233,0.377,0.328,0.392,0.394,0.28,0.314,0.306,0.249,0.24,0.243
0.014,0.014,0.016,0.016,0.327,0.254,0.016,0.626,0.274,0.589,0.626,0.019,0.699,0.327,0.019,0.626,0.699,0.327,0.107,0.699,0.02,0.435,0.02,0.527,0.699,0.016,0.527,0.626,0.523,0.589,0.523,0.435,0.554,0.51,0.012,0.51,0.411,0.012,0.554,0.411,0.802,0.51,0.234,0.855,0.51,0.411,0.08,0.234,0.994,0.234,0.722,0.764,0.577,0.433,0.268,0.433,0.421,0.219,0.219,0.219,0.42,0.268,0.421,0.268,0.577,0.42,0.494,0.993,0.494,0.794,0.794,0.794,0.893,0.437,0.942,0.988,0.261,0.973,0.324,0.261,0.997,0.437,0.766,0.993,0.993,0.766,0.324,0.987,0.996,0.941,0.437,0.904,0.988,0.991,0.301,0.766,0.133,0.301,0.301,0.989,0.441,0.366,0.971,0.441,0.441,0.987,0.981,0.388,0.388,0.436,0.776,0.433,0.942,0.468,0.992,0.953,0.997,0.295,0.944,0.433,0.984,0.938,0.997,0.967,0.997,0.649,0.931,0.776,0.649,0.925,0.964,0.571,0.965,0.827,0.964,0.213,0.73,0.63,0.622,0.213,0.312,0.998,0.998,0.406,0.312,0.942,0.312,0.213,0.998,0.388,0.453,0.378,0.023,0.961,0.011,0.994,0.069,0.316,0.041,0.425,0.028,0.026,0.01,0.009,0.01,0.138,0.138,0.036
0.085,0.085,0.078,0.078,0.582,0.756,0.038,0.061,0.528,0.089,0.061,0.077,0.031,0.582,0.077,0.061,0.031,0.582,0.766,0.031,0.112,0.105,0.112,0.121,0.031,0.038,0.121,0.061,0.179,0.089,0.179,0.105,0.534,0.061,0.083,0.061,0.554,0.083,0.534,0.554,0.409,0.061,0.53,0.66,0.061,0.554,0.867,0.53,0.67,0.53,0.443,0.419,0.412,0.434,0.469,0.434,0.423,0.444,0.444,0.444,0.087,0.469,0.423,0.469,0.412,0.087,0.116,0.945,0.116,0.402,0.402,0.402,0.353,0.501,0.673,0.467,0.653,0.431,0.621,0.653,0.493,0.501,0.388,0.501,0.764,0.388,0.621,0.503,0.492,0.475,0.501,0.523,0.468,0.468,0.572,0.388,0.625,0.572,0.572,0.498,0.577,0.486,0.434,0.577,0.577,0.387,0.374,0.441,0.441,0.466,0.645,0.672,0.322,0.704,0.46,0.474,0.6,0.546,0.306,0.672,0.375,0.307,0.618,0.289,0.435,0.444,0.441,0.537,0.444,0.614,0.31,0.517,0.315,0.565,0.442,0.672,0.419,0.491,0.617,0.672,0.691,0.711,0.526,0.576,0.691,0.382,0.691,0.672,0.513,0.649,0.617,0.747,0.133,0.577,0.084,0.496,0.131,0.747,0.142,0.622,0.143,0.137,0.085,0.074,0.073,0.273,0.314,0.288
0.663,0.663,0.654,0.654,0.743,0.22,0.58,0.563,0.249,0.678,0.563,0.573,0.604,0.743,0.573,0.563,0.604,0.743,0.756,0.604,0.603,0.673,0.603,0.699,0.604,0.58,0.699,0.563,0.671,0.678,0.671,0.673,0.351,0.554,0.464,0.554,0.699,0.464,0.351,0.699,0.329,0.554,0.644,0.301,0.554,0.699,0.731,0.644,0.186,0.644,0.178,0.343,0.469,0.355,0.58,0.355,0.35,0.52,0.52,0.52,0.692,0.58,0.35,0.58,0.469,0.692,0.63,0.222,0.63,0.287,0.287,0.287,0.207,0.839,0.415,0.071,0.394,0.325,0.409,0.394,0.173,0.839,0.622,0.125,0.232,0.622,0.409,0.061,0.175,0.376,0.839,0.408,0.076,0.122,0.357,0.622,0.654,0.357,0.357,0.068,0.332,0.465,0.328,0.332,0.332,0.363,0.07,0.851,0.851,0.864,0.24,0.831,0.277,0.784,0.12,0.402,0.315,0.479,0.259,0.831,0.072,0.26,0.327,0.053,0.154,0.837,0.445,0.989,0.837,0.236,0.054,0.5,0.057,0.236,0.478,0.466,0.978,0.864,0.975,0.466,0.481,0.324,0.072,0.878,0.481,0.488,0.481,0.466,0.073,0.72,0.905,0.723,0.93,0.484,0.823,0.046,0.883,0.734,0.93,0.897,0.919,0.85,0.888,0.8,0.858,0.711,0.717,0.732
0.655,0.655,0.697,0.697,0.723,0.687,0.693,0.408,0.511,0.43,0.408,0.469,0.628,0.723,0.469,0.408,0.628,0.723,0.917,0.628,0.588,0.291,0.588,0.536,0.628,0.693,0.536,0.408,0.405,0.43,0.405,0.291,0.794,0.393,0.534,0.393,0.96,0.534,0.794,0.96,0.85,0.393,0.948,0.58,0.393,0.96,0.907,0.948,0.686,0.948,0.602,0.869,0.958,0.788,0.977,0.788,0.796,0.977,0.977,0.977,0.225,0.977,0.796,0.977,0.958,0.225,0.333,0.593,0.333,0.975,0.975,0.975,0.78,0.833,0.57,0.795,0.893,0.423,0.936,0.893,0.759,0.833,0.813,0.718,0.617,0.813,0.936,0.816,0.804,0.406,0.833,0.631,0.848,0.67,0.977,0.813,0.646,0.977,0.977,0.857,0.979,0.653,0.501,0.979,0.979,0.542,0.843,0.98,0.98,0.954,0.923,0.996,0.991,0.985,0.624,0.48,0.855,0.661,0.991,0.996,0.852,0.989,0.826,0.997,0.701,0.991,0.508,0.058,0.991,0.976,0.991,0.702,0.99,0.883,0.5,0.804,0.093,0.965,0.107,0.804,0.864,0.801,0.708,0.405,0.864,0.421,0.864,0.804,0.71,0.453,0.466,0.357,0.134,0.479,0.104,0.763,0.48,0.394,0.231,0.455,0.268,0.143,0.099,0.162,0.152,0.146,0.195,0.568
0.096,0.096,0.088,0.088,0.868,0.247,0.089,0.073,0.247,0.091,0.073,0.087,0.084,0.868,0.087,0.073,0.084,0.868,0.484,0.084,0.102,0.051,0.102,0.082,0.084,0.089,0.082,0.073,0.064,0.091,0.064,0.051,0.051,0.058,0.071,0.058,0.456,0.071,0.051,0.456,0.775,0.058,0.573,0.668,0.058,0.456,0.597,0.573,0.317,0.573,0.211,0.847,0.772,0.031,0.276,0.031,0.03,0.386,0.386,0.386,0.025,0.276,0.03,0.276,0.772,0.025,0.061,0.4,0.061,0.323,0.323,0.323,0.714,0.86,0.696,0.997,0.429,0.703,0.396,0.429,0.984,0.86,0.633,0.997,0.397,0.633,0.396,0.996,0.983,0.685,0.86,0.707,0.996,0.997,0.204,0.633,0.678,0.204,0.204,0.996,0.292,0.247,0.541,0.292,0.292,0.441,0.995,0.362,0.362,0.347,0.742,0.872,0.943,0.867,0.993,0.589,0.634,0.235,0.966,0.872,0.994,0.978,0.712,0.976,0.989,0.287,0.479,0.827,0.287,0.778,0.994,0.531,0.996,0.758,0.245,0.308,0.838,0.299,0.884,0.308,0.25,0.663,0.966,0.688,0.25,0.302,0.25,0.308,0.966,0.49,0.623,0.48,0.845,0.251,0.909,0.974,0.266,0.463,0.177,0.581,0.17,0.86,0.889,0.9,0.882,0.13,0.147,0.406
0.733,0.733,0.7,0.7,0.352,0.991,0.752,0.686,0.983,0.58,0.686,0.815,0.697,0.352,0.815,0.686,0.697,0.352,0.331,0.697,0.92,0.801,0.92,0.683,0.697,0.752,0.683,0.686,0.652,0.58,0.652,0.801,0.347,0.633,0.722,0.633,0.623,0.722,0.347,0.623,0.69,0.633,0.712,0.082,0.633,0.623,0.342,0.712,0.039,0.712,0.95,0.498,0.447,0.266,0.685,0.266,0.259,0.609,0.609,0.609,0.698,0.685,0.259,0.685,0.447,0.698,0.607,0.069,0.607,0.224,0.224,0.224,0.822,0.344,0.093,0.728,0.539,0.152,0.795,0.539,0.448,0.344,0.541,0.68,0.083,0.541,0.795,0.696,0.455,0.23,0.344,0.085,0.69,0.668,0.363,0.541,0.772,0.363,0.363,0.678,0.572,0.784,0.147,0.572,0.572,0.066,0.733,0.593,0.593,0.68,0.334,0.836,0.486,0.793,0.698,0.243,0.545,0.548,0.485,0.836,0.701,0.481,0.506,0.636,0.689,0.328,0.19,0.121,0.328,0.565,0.635,0.353,0.638,0.223,0.321,0.632,0.11,0.503,0.144,0.632,0.865,0.383,0.47,0.165,0.865,0.224,0.865,0.632,0.46,0.396,0.186,0.363,0.043,0.247,0.033,0.532,0.049,0.382,0.058,0.176,0.054,0.045,0.035,0.031,0.034,0.054,0.058,0.066
0.961,0.961,0.965,0.965,0.123,0.582,0.883,0.922,0.506,0.679,0.922,0.918,0.845,0.123,0.918,0.922,0.845,0.123,0.552,0.845,0.922,0.699,0.922,0.829,0.845,0.883,0.829,0.922,0.856,0.679,0.856,0.699,0.446,0.889,0.935,0.889,0.277,0.935,0.446,0.277,0.617,0.889,0.241,0.898,0.889,0.277,0.616,0.241,0.884,0.241,0.522,0.581,0.144,0.385,0.197,0.385,0.394,0.18,0.18,0.18,0.638,0.197,0.394,0.197,0.144,0.638,0.838,0.92,0.838,0.371,0.371,0.371,0.727,0.183,0.938,0.662,0.339,0.991,0.371,0.339,0.642,0.183,0.111,0.664,0.917,0.111,0.371,0.633,0.631,0.993,0.183,0.932,0.693,0.728,0.334,0.111,0.352,0.334,0.334,0.654,0.36,0.147,0.974,0.36,0.36,0.944,0.591,0.366,0.366,0.377,0.355,0.311,0.584,0.315,0.617,0.999,0.996,0.152,0.607,0.311,0.608,0.592,0.99,0.649,0.642,0.409,0.965,0.171,0.409,0.383,0.641,0.132,0.632,0.454,0.968,0.202,0.186,0.427,0.185,0.202,0.219,0.996,0.901,0.091,0.219,0.982,0.219,0.202,0.91,0.071,0.064,0.059,0.416,0.991,0.43,0.862,0.387,0.063,0.422,0.07,0.403,0.279,0.366,0.595,0.431,0.72,0.759,0.725
0.96,0.96,0.93,0.93,0.514,0.663,0.899,0.995,0.667,0.909,0.995,0.938,0.985,0.514,0.938,0.995,0.985,0.514,0.488,0.985,0.925,0.939,0.925,0.985,0.985,0.899,0.985,0.995,0.993,0.909,0.993,0.939,0.717,0.989,0.969,0.989,0.326,0.969,0.717,0.326,0.811,0.989,0.311,0.332,0.989,0.326,0.555,0.311,0.783,0.311,0.647,0.747,0.695,0.701,0.289,0.701,0.697,0.263,0.263,0.263,0.946,0.289,0.697,0.289,0.695,0.946,0.987,0.651,0.987,0.479,0.479,0.479,0.788,0.615,0.326,0.435,0.55,0.726,0.389,0.55,0.707,0.615,0.28,0.541,0.662,0.28,0.389,0.456,0.637,0.876,0.615,0.3,0.528,0.528,0.222,0.28,0.753,0.222,0.222,0.508,0.182,0.514,0.683,0.182,0.182,0.813,0.486,0.433,0.433,0.5,0.205,0.423,0.585,0.422,0.61,0.854,0.934,0.635,0.58,0.423,0.598,0.611,0.967,0.667,0.733,0.214,0.888,0.984,0.214,0.313,0.615,0.677,0.639,0.165,0.936,0.173,0.849,0.287,0.929,0.173,0.276,0.986,0.289,0.674,0.276,0.863,0.276,0.173,0.352,0.83,0.597,0.826,0.949,0.834,0.943,0.416,0.92,0.82,0.902,0.804,0.927,0.949,0.934,0.893,0.82,0.92,0.873,0.973
0.676,0.676,0.72,0.72,0.862,0.339,0.713,0.691,0.32,0.662,0.691,0.603,0.806,0.862,0.603,0.691,0.806,0.862,0.792,0.806,0.768,0.568,0.768,0.694,0.806,0.713,0.694,0.691,0.689,0.662,0.689,0.568,0.307,0.664,0.588,0.664,0.955,0.588,0.307,0.955,0.959,0.664,0.843,0.788,0.664,0.955,0.786,0.843,0.855,0.843,0.347,0.962,0.833,0.233,0.863,0.233,0.229,0.713,0.713,0.713,0.547,0.863,0.229,0.863,0.833,0.547,0.641,0.79,0.641,0.871,0.871,0.871,0.934,0.865,0.771,0.633,0.634,0.904,0.626,0.634,0.793,0.865,0.893,0.735,0.776,0.893,0.626,0.632,0.776,0.832,0.865,0.782,0.792,0.739,0.941,0.893,0.623,0.941,0.941,0.793,0.882,0.566,0.942,0.882,0.882,0.843,0.632,0.986,0.986,0.969,0.377,0.968,0.579,1.0,0.737,0.869,0.939,0.6,0.575,0.968,0.801,0.568,0.916,0.597,0.716,0.988,0.932,0.824,0.988,0.178,0.598,0.895,0.61,0.295,0.613,0.771,0.75,0.977,0.852,0.771,0.721,0.819,0.833,0.792,0.721,0.482,0.721,0.771,0.817,0.678,0.847,0.703,0.796,0.545,0.837,0.812,0.991,0.698,0.819,0.862,0.756,0.761,0.827,0.842,0.873,0.96,0.954,0.93
0.132,0.132,0.122,0.122,0.916,0.519,0.183,0.276,0.484,0.157,0.276,0.155,0.31,0.916,0.155,0.276,0.31,0.916,0.871,0.31,0.141,0.16,0.141,0.266,0.31,0.183,0.266,0.276,0.24,0.157,0.24,0.16,0.275,0.39,0.251,0.39,0.779,0.251,0.275,0.779,0.186,0.39,0.802,0.105,0.39,0.779,0.803,0.802,0.344,0.802,0.453,0.259,0.698,0.245,0.768,0.245,0.247,0.775,0.775,0.775,0.269,0.768,0.247,0.768,0.698,0.269,0.335,0.579,0.335,0.519,0.519,0.519,0.269,0.796,0.123,0.359,0.702,0.186,0.614,0.702,0.341,0.796,0.804,0.397,0.531,0.804,0.614,0.455,0.449,0.266,0.796,0.109,0.373,0.298,0.289,0.804,0.75,0.289,0.289,0.401,0.249,0.564,0.149,0.249,0.249,0.123,0.456,0.843,0.843,0.888,0.775,0.937,0.537,0.945,0.484,0.206,0.349,0.689,0.62,0.937,0.451,0.573,0.357,0.461,0.471,0.79,0.172,0.793,0.79,0.639,0.448,0.762,0.413,0.774,0.256,0.817,0.767,0.857,0.763,0.817,0.731,0.247,0.942,0.611,0.731,0.288,0.731,0.817,0.948,0.514,0.622,0.596,0.436,0.246,0.466,0.929,0.664,0.595,0.172,0.594,0.172,0.47,0.429,0.488,0.471,0.197,0.177,0.762
0.282,0.282,0.307,0.307,0.481,0.007,0.344,0.19,0.007,0.536,0.19,0.291,0.206,0.481,0.291,0.19,0.206,0.481,0.713,0.206,0.178,0.405,0.178,0.315,0.206,0.344,0.315,0.19,0.304,0.536,0.304,0.405,0.232,0.169,0.203,0.169,0.727,0.203,0.232,0.727,0.015,0.169,0.824,0.562,0.169,0.727,0.685,0.824,0.673,0.824,0.008,0.015,0.776,0.134,0.716,0.134,0.125,0.838,0.838,0.838,0.413,0.716,0.125,0.716,0.776,0.413,0.191,0.75,0.191,0.69,0.69,0.69,0.016,0.7,0.48,0.006,0.711,0.659,0.664,0.711,0.017,0.7,0.9,0.009,0.734,0.9,0.664,0.006,0.012,0.712,0.7,0.436,0.009,0.01,0.57,0.9,0.217,0.57,0.57,0.006,0.557,0.661,0.666,0.557,0.557,0.718,0.007,0.978,0.978,0.979,0.96,0.764,0.009,0.833,0.011,0.738,0.648,0.703,0.01,0.764,0.009,0.01,0.661,0.009,0.011,0.975,0.76,0.988,0.975,0.521,0.009,0.849,0.009,0.983,0.85,0.708,0.97,0.958,0.983,0.708,0.687,0.506,0.842,0.76,0.687,0.783,0.687,0.708,0.856,0.689,0.791,0.746,0.974,0.792,0.99,0.901,0.665,0.771,0.792,0.856,0.794,0.957,0.994,0.982,0.989,0.735,0.745,0.835
0.112,0.112,0.128,0.128,0.837,0.34,0.169,0.246,0.289,0.177,0.246,0.178,0.199,0.837,0.178,0.246,0.199,0.837,0.864,0.199,0.25,0.215,0.25,0.24,0.199,0.169,0.24,0.246,0.286,0.177,0.286,0.215,0.191,0.31,0.357,0.31,0.516,0.357,0.191,0.516,0.388,0.31,0.568,0.574,0.31,0.516,0.795,0.568,0.156,0.568,0.33,0.521,0.78,0.165,0.89,0.165,0.166,0.895,0.895,0.895,0.263,0.89,0.166,0.89,0.78,0.263,0.38,0.162,0.38,0.547,0.547,0.547,0.527,0.419,0.581,0.189,0.72,0.021,0.718,0.72,0.213,0.419,0.845,0.313,0.141,0.845,0.718,0.213,0.261,0.047,0.419,0.579,0.177,0.287,0.586,0.845,0.712,0.586,0.586,0.193,0.587,0.751,0.037,0.587,0.587,0.051,0.329,0.797,0.797,0.845,0.067,0.885,0.19,0.947,0.394,0.058,0.365,0.747,0.107,0.885,0.299,0.092,0.186,0.345,0.403,0.756,0.08,0.747,0.756,0.146,0.191,0.784,0.202,0.071,0.124,0.847,0.786,0.817,0.675,0.847,0.855,0.38,0.266,0.526,0.855,0.073,0.855,0.847,0.232,0.615,0.56,0.534,0.642,0.084,0.507,0.26,0.169,0.464,0.097,0.519,0.101,0.575,0.59,0.582,0.617,0.083,0.084,0.162
0.922,0.922,0.919,0.919,0.063,0.441,0.984,0.974,0.408,0.927,0.974,0.984,0.969,0.063,0.984,0.974,0.969,0.063,0.862,0.969,0.965,0.96,0.965,0.939,0.969,0.984,0.939,0.974,0.953,0.927,0.953,0.96,0.812,0.974,0.977,0.974,0.239,0.977,0.812,0.239,0.92,0.974,0.119,0.015,0.974,0.239,0.869,0.119,0.015,0.119,0.389,0.947,0.062,0.726,0.231,0.726,0.754,0.109,0.109,0.109,0.97,0.231,0.754,0.231,0.062,0.97,0.947,0.021,0.947,0.307,0.307,0.307,0.881,0.061,0.017,0.605,0.047,0.028,0.072,0.047,0.767,0.061,0.053,0.65,0.02,0.053,0.072,0.56,0.801,0.034,0.061,0.018,0.613,0.691,0.101,0.053,0.55,0.101,0.101,0.57,0.073,0.067,0.026,0.073,0.073,0.023,0.581,0.201,0.201,0.245,0.342,0.229,0.569,0.223,0.705,0.035,0.298,0.052,0.563,0.229,0.601,0.386,0.33,0.802,0.655,0.304,0.028,0.331,0.304,0.514,0.819,0.07,0.82,0.386,0.052,0.033,0.351,0.341,0.588,0.033,0.032,0.19,0.504,0.762,0.032,0.062,0.032,0.033,0.471,0.645,0.664,0.629,0.764,0.063,0.712,0.451,0.633,0.535,0.534,0.544,0.536,0.766,0.682,0.653,0.683,0.402,0.348,0.896
0.291,0.291,0.315,0.315,0.47,0.64,0.109,0.112,0.633,0.45,0.112,0.13,0.099,0.47,0.13,0.112,0.099,0.47,0.945,0.099,0.336,0.468,0.336,0.104,0.099,0.109,0.104,0.112,0.118,0.45,0.118,0.468,0.268,0.138,0.142,0.138,0.428,0.142,0.268,0.428,0.79,0.138,0.443,0.144,0.138,0.428,0.939,0.443,0.309,0.443,0.674,0.829,0.187,0.308,0.414,0.308,0.329,0.427,0.427,0.427,0.499,0.414,0.329,0.414,0.187,0.499,0.125,0.331,0.125,0.373,0.373,0.373,0.732,0.599,0.13,0.873,0.139,0.36,0.158,0.139,0.862,0.599,0.285,0.85,0.328,0.285,0.158,0.89,0.854,0.359,0.599,0.125,0.907,0.839,0.124,0.285,0.955,0.124,0.124,0.875,0.071,0.144,0.404,0.071,0.071,0.478,0.883,0.125,0.125,0.094,0.191,0.119,0.545,0.118,0.849,0.407,0.25,0.153,0.54,0.119,0.894,0.542,0.304,0.684,0.781,0.125,0.495,0.549,0.125,0.083,0.681,0.189,0.68,0.142,0.137,0.193,0.536,0.093,0.574,0.193,0.192,0.556,0.383,0.655,0.192,0.1,0.192,0.193,0.374,0.69,0.75,0.762,0.398,0.082,0.23,0.382,0.391,0.764,0.407,0.756,0.404,0.16,0.327,0.203,0.288,0.343,0.329,0.192
0.273,0.273,0.256,0.256,0.026,0.43,0.148,0.122,0.52,0.554,0.122,0.158,0.105,0.026,0.158,0.122,0.105,0.026,0.033,0.105,0.337,0.569,0.337,0.115,0.105,0.148,0.115,0.122,0.102,0.554,0.102,0.569,0.587,0.141,0.188,0.141,0.017,0.188,0.587,0.017,0.57,0.141,0.037,0.298,0.141,0.017,0.027,0.037,0.001,0.037,0.425,0.702,0.389,0.493,0.023,0.493,0.499,0.032,0.032,0.032,0.729,0.023,0.499,0.023,0.389,0.729,0.137,0.001,0.137,0.168,0.168,0.168,0.549,0.047,0.3,0.516,0.28,0.023,0.298,0.28,0.53,0.047,0.425,0.454,0.002,0.425,0.298,0.558,0.536,0.037,0.047,0.272,0.439,0.447,0.177,0.425,0.015,0.177,0.177,0.512,0.205,0.292,0.03,0.205,0.205,0.017,0.606,0.007,0.007,0.006,0.025,0.013,0.633,0.014,0.453,0.044,0.186,0.268,0.547,0.013,0.603,0.576,0.184,0.377,0.501,0.002,0.035,0.08,0.002,0.021,0.306,0.352,0.326,0.022,0.051,0.298,0.069,0.003,0.117,0.298,0.303,0.129,0.163,0.049,0.303,0.063,0.303,0.298,0.188,0.044,0.049,0.036,0.241,0.065,0.156,0.236,0.207,0.041,0.186,0.05,0.167,0.224,0.164,0.13,0.144,0.158,0.151,0.235
0.173,0.173,0.209,0.209,0.215,0.022,0.301,0.169,0.017,0.233,0.169,0.283,0.173,0.215,0.283,0.169,0.173,0.215,0.163,0.173,0.39,0.273,0.39,0.14,0.173,0.301,0.14,0.169,0.134,0.233,0.134,0.273,0.297,0.296,0.327,0.296,0.086,0.327,0.297,0.086,0.111,0.296,0.071,0.46,0.296,0.086,0.144,0.071,0.736,0.071,0.013,0.122,0.746,0.455,0.179,0.455,0.475,0.163,0.163,0.163,0.271,0.179,0.475,0.179,0.746,0.271,0.241,0.466,0.241,0.492,0.492,0.492,0.188,0.505,0.444,0.787,0.852,0.402,0.832,0.852,0.158,0.505,0.784,0.084,0.523,0.784,0.832,0.773,0.141,0.633,0.505,0.475,0.743,0.096,0.549,0.784,0.818,0.549,0.549,0.72,0.614,0.697,0.457,0.614,0.614,0.67,0.737,0.12,0.12,0.161,0.431,0.796,0.984,0.818,0.062,0.597,0.569,0.722,0.968,0.796,0.694,0.966,0.573,0.721,0.118,0.178,0.771,0.587,0.178,0.771,0.718,0.613,0.716,0.486,0.792,0.706,0.687,0.23,0.442,0.706,0.698,0.854,0.013,0.553,0.698,0.732,0.698,0.706,0.013,0.475,0.728,0.549,0.528,0.691,0.791,0.005,0.382,0.613,0.571,0.791,0.571,0.456,0.816,0.779,0.821,0.572,0.522,0.197
0.691,0.691,0.74,0.74,0.366,0.889,0.964,0.894,0.873,0.987,0.894,0.955,0.824,0.366,0.955,0.894,0.824,0.366,0.404,0.824,0.885,0.978,0.885,0.965,0.824,0.964,0.965,0.894,0.987,0.987,0.987,0.978,0.732,0.899,0.926,0.899,0.289,0.926,0.732,0.289,0.996,0.899,0.232,0.475,0.899,0.289,0.302,0.232,0.986,0.232,0.747,0.99,0.413,0.787,0.323,0.787,0.793,0.371,0.371,0.371,0.95,0.323,0.793,0.323,0.413,0.95,0.938,0.84,0.938,0.178,0.178,0.178,0.947,0.686,0.571,0.98,0.202,0.354,0.215,0.202,0.994,0.686,0.473,0.964,0.836,0.473,0.215,0.98,0.99,0.476,0.686,0.585,0.962,0.965,0.067,0.473,0.404,0.067,0.067,0.974,0.084,0.24,0.356,0.084,0.084,0.471,0.986,0.402,0.402,0.477,0.394,0.463,0.933,0.512,0.976,0.462,0.862,0.192,0.932,0.463,0.982,0.929,0.806,0.825,0.99,0.423,0.621,0.697,0.423,0.5,0.823,0.402,0.836,0.578,0.757,0.268,0.646,0.484,0.71,0.268,0.354,0.869,0.544,0.759,0.354,0.53,0.354,0.268,0.551,0.648,0.755,0.636,0.921,0.518,0.875,0.449,0.531,0.632,0.663,0.821,0.637,0.93,0.833,0.866,0.817,0.666,0.78,0.517
0.819,0.819,0.808,0.808,0.201,0.923,0.778,0.925,0.932,0.804,0.925,0.781,0.887,0.201,0.781,0.925,0.887,0.201,0.505,0.887,0.765,0.874,0.765,0.779,0.887,0.778,0.779,0.925,0.929,0.804,0.929,0.874,0.399,0.872,0.742,0.872,0.128,0.742,0.399,0.128,0.979,0.872,0.147,0.909,0.872,0.128,0.505,0.147,0.941,0.147,0.811,0.981,0.862,0.364,0.182,0.364,0.4,0.206,0.206,0.206,0.82,0.182,0.4,0.182,0.862,0.82,0.773,0.929,0.773,0.832,0.832,0.832,0.979,0.192,0.903,0.866,0.665,0.967,0.689,0.665,0.965,0.192,0.677,0.925,0.935,0.677,0.689,0.86,0.968,0.966,0.192,0.907,0.859,0.934,0.643,0.677,0.231,0.643,0.643,0.856,0.664,0.658,0.97,0.664,0.664,0.979,0.905,0.312,0.312,0.589,0.615,0.674,0.915,0.329,0.908,0.958,0.959,0.621,0.941,0.674,0.888,0.934,0.968,0.975,0.927,0.332,0.973,0.802,0.332,0.608,0.967,0.653,0.968,0.597,0.978,0.376,0.797,0.514,0.612,0.376,0.418,0.932,0.987,0.607,0.418,0.953,0.418,0.376,0.978,0.602,0.897,0.669,0.72,0.98,0.91,0.973,0.709,0.669,0.699,0.93,0.757,0.767,0.927,0.891,0.936,0.801,0.805,0.701
0.162,0.162,0.218,0.218,0.895,0.101,0.112,0.193,0.096,0.144,0.193,0.093,0.27,0.895,0.093,0.193,0.27,0.895,0.965,0.27,0.126,0.118,0.126,0.252,0.27,0.112,0.252,0.193,0.176,0.144,0.176,0.118,0.404,0.235,0.115,0.235,0.975,0.115,0.404,0.975,0.645,0.235,0.968,0.284,0.235,0.975,0.977,0.968,0.5,0.968,0.06,0.61,0.655,0.443,0.963,0.443,0.447,0.953,0.953,0.953,0.132,0.963,0.447,0.963,0.655,0.132,0.192,0.598,0.192,0.503,0.503,0.503,0.502,0.922,0.377,0.83,0.769,0.573,0.775,0.769,0.779,0.922,0.765,0.841,0.54,0.765,0.775,0.806,0.753,0.609,0.922,0.373,0.846,0.861,0.552,0.765,0.959,0.552,0.552,0.821,0.599,0.811,0.591,0.599,0.599,0.408,0.849,0.975,0.975,0.988,0.882,0.948,0.746,0.954,0.891,0.618,0.768,0.818,0.759,0.948,0.843,0.76,0.757,0.75,0.838,0.984,0.49,0.1,0.984,0.902,0.869,0.68,0.858,0.823,0.649,0.915,0.092,0.995,0.201,0.915,0.916,0.509,0.98,0.244,0.916,0.717,0.916,0.915,0.981,0.166,0.152,0.146,0.333,0.723,0.247,0.976,0.033,0.149,0.009,0.171,0.007,0.329,0.254,0.244,0.248,0.007,0.007,0.032
0.997,0.997,0.997,0.997,0.936,0.058,0.993,0.987,0.058,0.826,0.987,0.995,0.984,0.936,0.995,0.987,0.984,0.936,0.673,0.984,0.992,0.807,0.992,0.967,0.984,0.993,0.967,0.987,0.977,0.826,0.977,0.807,0.505,0.979,0.998,0.979,0.737,0.998,0.505,0.737,0.034,0.979,0.761,0.624,0.979,0.737,0.738,0.761,0.593,0.761,0.069,0.031,0.73,0.523,0.737,0.523,0.53,0.749,0.749,0.749,0.876,0.737,0.53,0.737,0.73,0.876,0.967,0.697,0.967,0.461,0.461,0.461,0.033,0.972,0.558,0.079,0.749,0.85,0.772,0.749,0.068,0.972,0.858,0.052,0.729,0.858,0.772,0.078,0.044,0.942,0.972,0.551,0.084,0.068,0.47,0.858,0.953,0.47,0.47,0.071,0.513,0.875,0.87,0.513,0.513,0.779,0.061,0.638,0.638,0.306,0.704,0.302,0.046,0.193,0.07,0.948,0.858,0.849,0.047,0.302,0.057,0.044,0.84,0.038,0.124,0.518,0.914,0.612,0.518,0.315,0.043,0.793,0.038,0.697,0.966,0.766,0.663,0.216,0.489,0.766,0.736,0.889,0.729,0.508,0.736,0.963,0.736,0.766,0.72,0.632,0.612,0.605,0.616,0.965,0.721,0.745,0.616,0.625,0.799,0.662,0.802,0.598,0.731,0.787,0.797,0.639,0.714,0.484
0.899,0.899,0.924,0.924,0.697,0.25,0.873,0.809,0.252,0.581,0.809,0.898,0.682,0.697,0.898,0.809,0.682,0.697,0.828,0.682,0.972,0.722,0.972,0.715,0.682,0.873,0.715,0.809,0.873,0.581,0.873,0.722,0.391,0.774,0.874,0.774,0.563,0.874,0.391,0.563,0.049,0.774,0.643,0.013,0.774,0.563,0.775,0.643,0.016,0.643,0.244,0.047,0.365,0.374,0.427,0.374,0.372,0.471,0.471,0.471,0.579,0.427,0.372,0.427,0.365,0.579,0.832,0.014,0.832,0.327,0.327,0.327,0.053,0.681,0.013,0.314,0.538,0.025,0.529,0.538,0.452,0.681,0.542,0.366,0.014,0.542,0.529,0.279,0.384,0.033,0.681,0.013,0.318,0.446,0.491,0.542,0.853,0.491,0.491,0.291,0.541,0.597,0.023,0.541,0.541,0.02,0.442,0.752,0.752,0.748,0.968,0.721,0.423,0.741,0.424,0.031,0.019,0.606,0.417,0.721,0.452,0.4,0.018,0.338,0.526,0.706,0.025,0.857,0.706,0.898,0.26,0.365,0.225,0.926,0.034,0.355,0.926,0.714,0.964,0.355,0.31,0.023,0.442,0.809,0.31,0.024,0.31,0.355,0.493,0.619,0.832,0.595,0.995,0.023,0.989,0.452,0.933,0.504,0.932,0.794,0.958,0.996,0.972,0.988,0.984,0.974,0.958,0.998
0.609,0.609,0.367,0.367,0.751,0.042,0.517,0.885,0.043,0.715,0.885,0.574,0.83,0.751,0.574,0.885,0.83,0.751,0.58,0.83,0.534,0.721,0.534,0.77,0.83,0.517,0.77,0.885,0.838,0.715,0.838,0.721,0.653,0.82,0.55,0.82,0.553,0.55,0.653,0.553,0.296,0.82,0.462,0.407,0.82,0.553,0.527,0.462,0.601,0.462,0.048,0.245,0.748,0.541,0.621,0.541,0.532,0.639,0.639,0.639,0.737,0.621,0.532,0.621,0.748,0.737,0.817,0.665,0.817,0.606,0.606,0.606,0.063,0.854,0.316,0.582,0.485,0.655,0.486,0.485,0.496,0.854,0.62,0.473,0.648,0.62,0.486,0.556,0.49,0.554,0.854,0.341,0.586,0.484,0.565,0.62,0.491,0.565,0.565,0.568,0.59,0.561,0.579,0.59,0.59,0.585,0.375,0.199,0.199,0.226,0.187,0.427,0.828,0.477,0.493,0.532,0.949,0.555,0.842,0.427,0.41,0.843,0.941,0.716,0.396,0.215,0.59,0.866,0.215,0.233,0.808,0.816,0.825,0.178,0.512,0.563,0.853,0.24,0.881,0.563,0.584,0.684,0.823,0.571,0.584,0.662,0.584,0.563,0.82,0.701,0.682,0.662,0.936,0.543,0.933,0.831,0.499,0.666,0.375,0.649,0.442,0.938,0.887,0.91,0.879,0.68,0.729,0.661
0.397,0.397,0.48,0.48,0.347,0.954,0.338,0.536,0.959,0.362,0.536,0.308,0.474,0.347,0.308,0.536,0.474,0.347,0.658,0.474,0.376,0.365,0.376,0.465,0.474,0.338,0.465,0.536,0.608,0.362,0.608,0.365,0.306,0.574,0.326,0.574,0.221,0.326,0.306,0.221,0.4,0.574,0.209,0.603,0.574,0.221,0.58,0.209,0.569,0.209,0.969,0.423,0.261,0.426,0.392,0.426,0.429,0.391,0.391,0.391,0.347,0.392,0.429,0.392,0.261,0.347,0.489,0.43,0.489,0.491,0.491,0.491,0.281,0.178,0.475,0.412,0.211,0.536,0.194,0.211,0.383,0.178,0.246,0.324,0.429,0.246,0.194,0.37,0.399,0.36,0.178,0.474,0.472,0.328,0.166,0.246,0.751,0.166,0.166,0.423,0.141,0.108,0.525,0.141,0.141,0.709,0.341,0.531,0.531,0.594,0.218,0.14,0.286,0.167,0.332,0.324,0.314,0.115,0.252,0.14,0.377,0.27,0.418,0.325,0.347,0.566,0.322,0.943,0.566,0.168,0.293,0.19,0.297,0.212,0.263,0.218,0.921,0.579,0.943,0.218,0.258,0.165,0.154,0.824,0.258,0.31,0.258,0.218,0.151,0.559,0.776,0.574,0.874,0.284,0.839,0.156,0.742,0.55,0.68,0.754,0.697,0.843,0.869,0.858,0.85,0.822,0.823,0.909
0.196,0.196,0.169,0.169,0.159,0.595,0.097,0.37,0.596,0.796,0.37,0.137,0.257,0.159,0.137,0.37,0.257,0.159,0.879,0.257,0.129,0.889,0.129,0.931,0.257,0.097,0.931,0.37,0.973,0.796,0.973,0.889,0.579,0.309,0.113,0.309,0.515,0.113,0.579,0.515,0.876,0.309,0.412,0.888,0.309,0.515,0.879,0.412,0.205,0.412,0.544,0.911,0.146,0.612,0.386,0.612,0.625,0.413,0.413,0.413,0.787,0.386,0.625,0.386,0.146,0.787,0.919,0.35,0.919,0.256,0.256,0.256,0.871,0.164,0.959,0.718,0.233,0.662,0.372,0.233,0.911,0.164,0.166,0.756,0.32,0.166,0.372,0.716,0.915,0.635,0.164,0.961,0.814,0.776,0.297,0.166,0.565,0.297,0.297,0.811,0.355,0.668,0.708,0.355,0.355,0.463,0.735,0.86,0.86,0.856,0.842,0.593,0.539,0.577,0.793,0.72,0.606,0.507,0.539,0.593,0.833,0.544,0.616,0.6,0.894,0.88,0.594,0.742,0.88,0.751,0.527,0.302,0.529,0.918,0.731,0.29,0.649,0.882,0.682,0.29,0.389,0.5,0.744,0.644,0.389,0.639,0.389,0.29,0.74,0.644,0.778,0.713,0.544,0.722,0.414,0.791,0.613,0.663,0.339,0.887,0.373,0.395,0.535,0.392,0.484,0.609,0.509,0.523
0.11,0.11,0.098,0.098,0.166,0.225,0.064,0.057,0.262,0.022,0.057,0.063,0.041,0.166,0.063,0.057,0.041,0.166,0.648,0.041,0.128,0.041,0.128,0.043,0.041,0.064,0.043,0.057,0.062,0.022,0.062,0.041,0.166,0.064,0.077,0.064,0.573,0.077,0.166,0.573,0.414,0.064,0.63,0.251,0.064,0.573,0.746,0.63,0.666,0.63,0.659,0.478,0.422,0.177,0.502,0.177,0.178,0.562,0.562,0.562,0.044,0.502,0.178,0.502,0.422,0.044,0.072,0.583,0.072,0.355,0.355,0.355,0.254,0.203,0.235,0.369,0.533,0.575,0.548,0.533,0.434,0.203,0.233,0.391,0.626,0.233,0.548,0.333,0.485,0.689,0.203,0.24,0.376,0.464,0.366,0.233,0.368,0.366,0.366,0.344,0.437,0.257,0.573,0.437,0.437,0.63,0.413,0.873,0.873,0.865,0.553,0.254,0.335,0.258,0.473,0.682,0.615,0.362,0.376,0.254,0.433,0.39,0.605,0.24,0.543,0.852,0.724,0.785,0.852,0.403,0.285,0.219,0.273,0.617,0.682,0.585,0.714,0.81,0.719,0.585,0.457,0.551,0.595,0.754,0.457,0.674,0.457,0.585,0.647,0.578,0.79,0.628,0.776,0.663,0.816,0.588,0.874,0.651,0.777,0.873,0.771,0.742,0.838,0.766,0.738,0.732,0.677,0.868
0.88,0.88,0.912,0.912,0.952,0.119,0.753,0.646,0.125,0.709,0.646,0.752,0.536,0.952,0.752,0.646,0.536,0.952,0.677,0.536,0.722,0.655,0.722,0.772,0.536,0.753,0.772,0.646,0.703,0.709,0.703,0.655,0.478,0.609,0.782,0.609,0.894,0.782,0.478,0.894,0.337,0.609,0.927,0.309,0.609,0.894,0.755,0.927,0.314,0.927,0.076,0.365,0.853,0.398,0.889,0.398,0.352,0.904,0.904,0.904,0.659,0.889,0.352,0.889,0.853,0.659,0.694,0.26,0.694,0.897,0.897,0.897,0.233,0.942,0.329,0.098,0.869,0.375,0.863,0.869,0.157,0.942,0.848,0.131,0.29,0.848,0.863,0.099,0.131,0.459,0.942,0.334,0.094,0.173,0.945,0.848,0.758,0.945,0.945,0.095,0.958,0.969,0.402,0.958,0.958,0.458,0.062,0.019,0.019,0.016,0.004,0.002,0.035,0.006,0.102,0.463,0.207,0.971,0.035,0.002,0.059,0.034,0.247,0.028,0.091,0.02,0.419,0.948,0.02,0.002,0.044,0.917,0.045,0.004,0.517,0.777,0.948,0.014,0.925,0.777,0.773,0.188,0.026,0.876,0.773,0.572,0.773,0.777,0.025,0.707,0.856,0.756,0.228,0.561,0.193,0.019,0.215,0.752,0.205,0.867,0.216,0.238,0.179,0.17,0.172,0.31,0.325,0.273
0.897,0.897,0.903,0.903,0.386,0.575,0.818,0.863,0.62,0.792,0.863,0.915,0.751,0.386,0.915,0.863,0.751,0.386,0.14,0.751,0.959,0.806,0.959,0.744,0.751,0.818,0.744,0.863,0.771,0.792,0.771,0.806,0.517,0.894,0.931,0.894,0.777,0.931,0.517,0.777,0.637,0.894,0.938,0.215,0.894,0.777,0.239,0.938,0.456,0.938,0.583,0.6,0.737,0.679,0.812,0.679,0.689,0.877,0.877,0.877,0.812,0.812,0.689,0.812,0.737,0.812,0.844,0.459,0.844,0.538,0.538,0.538,0.633,0.381,0.319,0.72,0.615,0.576,0.724,0.615,0.843,0.381,0.573,0.786,0.524,0.573,0.724,0.714,0.862,0.612,0.381,0.363,0.763,0.801,0.295,0.573,0.519,0.295,0.295,0.788,0.397,0.681,0.64,0.397,0.397,0.726,0.674,0.75,0.75,0.803,0.757,0.453,0.458,0.414,0.763,0.644,0.62,0.605,0.437,0.453,0.756,0.452,0.63,0.5,0.889,0.476,0.785,0.884,0.476,0.9,0.453,0.728,0.482,0.899,0.827,0.62,0.746,0.524,0.677,0.62,0.519,0.557,0.968,0.451,0.519,0.658,0.519,0.62,0.969,0.316,0.381,0.295,0.803,0.79,0.819,0.983,0.88,0.281,0.838,0.592,0.903,0.758,0.813,0.775,0.791,0.348,0.299,0.652
0.227,0.227,0.135,0.135,0.965,0.471,0.225,0.879,0.488,0.852,0.879,0.27,0.82,0.965,0.27,0.879,0.82,0.965,0.932,0.82,0.514,0.868,0.514,0.735,0.82,0.225,0.735,0.879,0.743,0.852,0.743,0.868,0.972,0.756,0.181,0.756,0.966,0.181,0.972,0.966,0.161,0.756,0.943,0.988,0.756,0.966,0.891,0.943,0.976,0.943,0.546,0.249,0.926,0.978,0.929,0.978,0.977,0.91,0.91,0.91,0.906,0.929,0.977,0.929,0.926,0.906,0.756,0.873,0.756,0.768,0.768,0.768,0.271,0.985,0.81,0.366,0.936,0.896,0.946,0.936,0.306,0.985,0.93,0.431,0.847,0.93,0.946,0.401,0.402,0.87,0.985,0.819,0.367,0.402,0.646,0.93,0.92,0.646,0.646,0.413,0.639,0.753,0.902,0.639,0.639,0.945,0.301,0.896,0.896,0.752,0.477,0.862,0.567,0.79,0.328,0.88,0.125,0.784,0.577,0.862,0.307,0.619,0.141,0.63,0.419,0.863,0.949,0.411,0.863,0.635,0.673,0.886,0.682,0.489,0.769,0.861,0.407,0.691,0.598,0.861,0.872,0.11,0.493,0.818,0.872,0.487,0.872,0.861,0.47,0.607,0.729,0.647,0.209,0.482,0.196,0.468,0.351,0.646,0.189,0.693,0.173,0.197,0.169,0.22,0.195,0.058,0.069,0.122
0.778,0.778,0.626,0.626,0.843,0.168,0.643,0.505,0.168,0.285,0.505,0.616,0.521,0.843,0.616,0.505,0.521,0.843,0.947,0.521,0.801,0.36,0.801,0.477,0.521,0.643,0.477,0.505,0.458,0.285,0.458,0.36,0.97,0.403,0.476,0.403,0.81,0.476,0.97,0.81,0.181,0.403,0.838,0.16,0.403,0.81,0.918,0.838,0.336,0.838,0.085,0.194,0.617,0.979,0.853,0.979,0.979,0.843,0.843,0.843,0.305,0.853,0.979,0.853,0.617,0.305,0.384,0.667,0.384,0.867,0.867,0.867,0.296,0.787,0.491,0.436,0.573,0.7,0.568,0.573,0.345,0.787,0.74,0.387,0.494,0.74,0.568,0.452,0.315,0.63,0.787,0.357,0.448,0.367,0.892,0.74,0.792,0.892,0.892,0.463,0.918,0.555,0.618,0.918,0.918,0.555,0.393,0.807,0.807,0.866,0.905,0.807,0.246,0.806,0.404,0.615,0.311,0.545,0.234,0.807,0.385,0.247,0.233,0.234,0.361,0.807,0.567,0.366,0.807,0.892,0.281,0.675,0.263,0.886,0.402,0.645,0.325,0.886,0.385,0.645,0.622,0.295,0.468,0.849,0.622,0.495,0.622,0.645,0.514,0.641,0.811,0.665,0.35,0.514,0.384,0.773,0.73,0.672,0.695,0.795,0.71,0.417,0.346,0.344,0.317,0.319,0.272,0.393
0.302,0.302,0.474,0.474,0.368,0.403,0.449,0.652,0.46,0.56,0.652,0.363,0.681,0.368,0.363,0.652,0.681,0.368,0.105,0.681,0.492,0.433,0.492,0.704,0.681,0.449,0.704,0.652,0.628,0.56,0.628,0.433,0.799,0.628,0.428,0.628,0.096,0.428,0.799,0.096,0.908,0.628,0.083,0.113,0.628,0.096,0.115,0.083,0.547,0.083,0.503,0.96,0.653,0.929,0.152,0.929,0.931,0.13,0.13,0.13,0.459,0.152,0.931,0.152,0.653,0.459,0.659,0.494,0.659,0.642,0.642,0.642,0.952,0.207,0.122,0.985,0.431,0.66,0.473,0.431,0.98,0.207,0.536,0.99,0.515,0.536,0.473,0.983,0.979,0.346,0.207,0.124,0.992,0.989,0.409,0.536,0.174,0.409,0.409,0.986,0.372,0.302,0.655,0.372,0.372,0.698,0.977,0.11,0.11,0.114,0.179,0.555,0.737,0.693,0.986,0.343,0.374,0.281,0.733,0.555,0.987,0.727,0.325,0.828,0.976,0.12,0.333,0.321,0.12,0.788,0.847,0.405,0.838,0.182,0.433,0.264,0.251,0.128,0.359,0.264,0.287,0.418,0.598,0.69,0.287,0.453,0.287,0.264,0.614,0.655,0.713,0.766,0.143,0.427,0.113,0.687,0.813,0.726,0.178,0.702,0.174,0.141,0.106,0.113,0.115,0.166,0.164,0.655
0.349,0.349,0.408,0.408,0.793,0.032,0.51,0.58,0.032,0.865,0.58,0.524,0.572,0.793,0.524,0.58,0.572,0.793,0.979,0.572,0.562,0.871,0.562,0.529,0.572,0.51,0.529,0.58,0.495,0.865,0.495,0.871,0.832,0.501,0.521,0.501,0.607,0.521,0.832,0.607,0.054,0.501,0.598,0.003,0.501,0.607,0.904,0.598,0.007,0.598,0.027,0.076,0.568,0.946,0.828,0.946,0.951,0.84,0.84,0.84,0.816,0.828,0.951,0.828,0.568,0.816,0.471,0.015,0.471,0.283,0.283,0.283,0.074,0.482,0.003,0.207,0.406,0.022,0.388,0.406,0.241,0.482,0.667,0.282,0.013,0.667,0.388,0.212,0.213,0.035,0.482,0.002,0.262,0.304,0.318,0.667,0.933,0.318,0.318,0.247,0.308,0.57,0.024,0.308,0.308,0.019,0.179,0.824,0.824,0.836,0.627,0.727,0.1,0.57,0.223,0.04,0.081,0.585,0.098,0.727,0.23,0.094,0.073,0.123,0.245,0.82,0.031,0.85,0.82,0.528,0.125,0.598,0.118,0.45,0.049,0.666,0.824,0.839,0.923,0.666,0.682,0.067,0.663,0.91,0.682,0.061,0.682,0.666,0.678,0.867,0.848,0.834,0.91,0.066,0.826,0.621,0.764,0.826,0.627,0.878,0.658,0.886,0.861,0.818,0.837,0.573,0.548,0.937
0.539,0.539,0.509,0.509,0.753,0.557,0.348,0.333,0.523,0.397,0.333,0.338,0.349,0.753,0.338,0.333,0.349,0.753,0.7,0.349,0.256,0.328,0.256,0.437,0.349,0.348,0.437,0.333,0.335,0.397,0.335,0.328,0.189,0.252,0.246,0.252,0.799,0.246,0.189,0.799,0.254,0.252,0.7,0.761,0.252,0.799,0.634,0.7,0.37,0.7,0.411,0.19,0.448,0.444,0.753,0.444,0.483,0.782,0.782,0.782,0.174,0.753,0.483,0.753,0.448,0.174,0.212,0.309,0.212,0.247,0.247,0.247,0.212,0.587,0.749,0.108,0.595,0.185,0.577,0.595,0.197,0.587,0.523,0.186,0.312,0.523,0.577,0.111,0.171,0.15,0.587,0.783,0.125,0.198,0.367,0.523,0.53,0.367,0.367,0.126,0.356,0.593,0.25,0.356,0.356,0.242,0.145,0.213,0.213,0.222,0.25,0.195,0.121,0.192,0.203,0.128,0.348,0.61,0.119,0.195,0.153,0.118,0.277,0.113,0.223,0.32,0.121,0.286,0.32,0.23,0.116,0.491,0.119,0.247,0.186,0.617,0.205,0.313,0.24,0.617,0.608,0.254,0.129,0.279,0.608,0.296,0.608,0.617,0.134,0.201,0.293,0.217,0.253,0.34,0.267,0.112,0.346,0.205,0.358,0.287,0.39,0.252,0.257,0.206,0.154,0.513,0.475,0.421
0.678,0.678,0.678,0.678,0.042,0.652,0.363,0.269,0.782,0.916,0.269,0.373,0.284,0.042,0.373,0.269,0.284,0.042,0.018,0.284,0.44,0.812,0.44,0.366,0.284,0.363,0.366,0.269,0.429,0.916,0.429,0.812,0.766,0.21,0.371,0.21,0.032,0.371,0.766,0.032,0.914,0.21,0.03,0.696,0.21,0.032,0.02,0.03,0.874,0.03,0.608,0.924,0.031,0.573,0.061,0.573,0.537,0.056,0.056,0.056,0.76,0.061,0.537,0.061,0.031,0.76,0.358,0.874,0.358,0.023,0.023,0.023,0.972,0.052,0.703,0.913,0.02,0.793,0.031,0.02,0.936,0.052,0.027,0.931,0.874,0.027,0.031,0.901,0.945,0.762,0.052,0.708,0.924,0.943,0.04,0.027,0.044,0.04,0.04,0.903,0.05,0.056,0.785,0.05,0.05,0.765,0.935,0.022,0.022,0.021,0.061,0.047,0.829,0.047,0.945,0.786,0.652,0.039,0.792,0.047,0.88,0.799,0.75,0.742,0.952,0.026,0.67,0.174,0.026,0.156,0.712,0.034,0.723,0.069,0.854,0.047,0.291,0.028,0.134,0.047,0.048,0.863,0.616,0.057,0.048,0.794,0.048,0.047,0.623,0.041,0.056,0.045,0.233,0.813,0.49,0.8,0.608,0.049,0.484,0.06,0.483,0.255,0.436,0.43,0.414,0.728,0.719,0.559
0.631,0.631,0.616,0.616,0.191,0.653,0.43,0.607,0.703,0.515,0.607,0.46,0.581,0.191,0.46,0.607,0.581,0.191,0.668,0.581,0.666,0.557,0.666,0.592,0.581,0.43,0.592,0.607,0.555,0.515,0.555,0.557,0.418,0.638,0.525,0.638,0.278,0.525,0.418,0.278,0.614,0.638,0.268,0.193,0.638,0.278,0.656,0.268,0.183,0.268,0.843,0.404,0.216,0.489,0.206,0.489,0.443,0.208,0.208,0.208,0.554,0.206,0.443,0.206,0.216,0.554,0.675,0.262,0.675,0.273,0.273,0.273,0.398,0.211,0.23,0.386,0.308,0.44,0.302,0.308,0.442,0.211,0.25,0.529,0.241,0.25,0.302,0.385,0.445,0.482,0.211,0.252,0.39,0.532,0.341,0.25,0.724,0.341,0.341,0.391,0.346,0.287,0.407,0.346,0.346,0.388,0.356,0.425,0.425,0.491,0.868,0.477,0.319,0.56,0.47,0.454,0.478,0.297,0.308,0.477,0.354,0.306,0.485,0.438,0.375,0.452,0.496,0.084,0.452,0.772,0.412,0.272,0.422,0.792,0.243,0.334,0.091,0.517,0.163,0.334,0.338,0.349,0.346,0.277,0.338,0.215,0.338,0.334,0.342,0.203,0.27,0.212,0.322,0.201,0.218,0.356,0.493,0.199,0.44,0.257,0.344,0.194,0.349,0.171,0.333,0.453,0.471,0.5
0.913,0.913,0.926,0.926,0.832,0.529,0.859,0.838,0.508,0.775,0.838,0.872,0.812,0.832,0.872,0.838,0.812,0.832,0.694,0.812,0.935,0.799,0.935,0.803,0.812,0.859,0.803,0.838,0.829,0.775,0.829,0.799,0.835,0.844,0.883,0.844,0.896,0.883,0.835,0.896,0.971,0.844,0.951,0.653,0.844,0.896,0.699,0.951,0.821,0.951,0.689,0.967,0.565,0.868,0.831,0.868,0.882,0.947,0.947,0.947,0.814,0.831,0.882,0.831,0.565,0.814,0.811,0.869,0.811,0.854,0.854,0.854,0.961,0.74,0.687,0.938,0.831,0.931,0.637,0.831,0.883,0.74,0.679,0.932,0.842,0.679,0.637,0.936,0.844,0.975,0.74,0.669,0.938,0.944,0.862,0.679,0.644,0.862,0.862,0.942,0.645,0.799,0.918,0.645,0.645,0.903,0.959,0.959,0.959,0.915,0.717,0.958,0.72,0.849,0.947,0.971,0.987,0.956,0.76,0.958,0.937,0.753,0.986,0.819,0.866,0.885,0.935,0.629,0.885,0.466,0.848,0.731,0.855,0.553,0.935,0.891,0.608,0.753,0.648,0.891,0.593,0.974,0.722,0.596,0.593,0.969,0.593,0.891,0.737,0.537,0.519,0.56,0.445,0.957,0.563,0.523,0.404,0.563,0.559,0.546,0.529,0.492,0.526,0.593,0.512,0.159,0.148,0.134
0.279,0.279,0.234,0.234,0.306,0.228,0.294,0.583,0.321,0.695,0.583,0.347,0.538,0.306,0.347,0.583,0.538,0.306,0.697,0.538,0.209,0.619,0.209,0.455,0.538,0.294,0.455,0.583,0.564,0.695,0.564,0.619,0.77,0.57,0.221,0.57,0.442,0.221,0.77,0.442,0.468,0.57,0.6,0.201,0.57,0.442,0.801,0.6,0.09,0.6,0.27,0.471,0.437,0.818,0.448,0.818,0.816,0.543,0.543,0.543,0.705,0.448,0.816,0.448,0.437,0.705,0.505,0.151,0.505,0.301,0.301,0.301,0.507,0.39,0.212,0.646,0.366,0.439,0.317,0.366,0.483,0.39,0.586,0.633,0.131,0.586,0.317,0.689,0.487,0.553,0.39,0.186,0.604,0.656,0.31,0.586,0.912,0.31,0.31,0.629,0.24,0.283,0.406,0.24,0.24,0.222,0.523,0.657,0.657,0.74,0.863,0.511,0.262,0.521,0.633,0.528,0.43,0.312,0.331,0.511,0.458,0.317,0.392,0.262,0.497,0.607,0.321,0.623,0.607,0.867,0.535,0.589,0.525,0.867,0.379,0.375,0.528,0.705,0.591,0.375,0.324,0.231,0.774,0.466,0.324,0.569,0.324,0.375,0.752,0.394,0.632,0.422,0.503,0.532,0.528,0.726,0.272,0.446,0.245,0.636,0.251,0.553,0.501,0.51,0.478,0.116,0.121,0.249
0.205,0.205,0.194,0.194,0.245,0.968,0.136,0.119,0.986,0.131,0.119,0.128,0.124,0.245,0.128,0.119,0.124,0.245,0.151,0.124,0.291,0.131,0.291,0.124,0.124,0.136,0.124,0.119,0.111,0.131,0.111,0.131,0.203,0.194,0.147,0.194,0.298,0.147,0.203,0.298,0.769,0.194,0.339,0.256,0.194,0.298,0.245,0.339,0.598,0.339,0.876,0.87,0.301,0.127,0.216,0.127,0.123,0.38,0.38,0.38,0.188,0.216,0.123,0.216,0.301,0.188,0.168,0.773,0.168,0.217,0.217,0.217,0.941,0.189,0.468,0.774,0.483,0.873,0.503,0.483,0.823,0.189,0.102,0.794,0.554,0.102,0.503,0.775,0.898,0.968,0.189,0.354,0.815,0.77,0.245,0.102,0.224,0.245,0.245,0.776,0.471,0.452,0.656,0.471,0.471,0.486,0.86,0.515,0.515,0.617,0.909,0.44,0.66,0.448,0.785,0.955,0.51,0.342,0.593,0.44,0.873,0.593,0.696,0.868,0.846,0.508,0.895,0.129,0.508,0.805,0.842,0.233,0.846,0.728,0.721,0.357,0.125,0.521,0.295,0.357,0.177,0.508,0.988,0.093,0.177,0.876,0.177,0.357,0.989,0.616,0.057,0.461,0.186,0.861,0.096,0.964,0.37,0.57,0.344,0.073,0.367,0.172,0.119,0.091,0.105,0.292,0.258,0.433
0.569,0.569,0.516,0.516,0.251,0.965,0.877,0.877,0.951,0.666,0.877,0.848,0.884,0.251,0.848,0.877,0.884,0.251,0.269,0.884,0.387,0.648,0.387,0.874,0.884,0.877,0.874,0.877,0.842,0.666,0.842,0.648,0.621,0.854,0.831,0.854,0.387,0.831,0.621,0.387,0.829,0.854,0.361,0.314,0.854,0.387,0.344,0.361,0.68,0.361,0.942,0.852,0.278,0.569,0.284,0.569,0.588,0.258,0.258,0.258,0.681,0.284,0.588,0.284,0.278,0.681,0.889,0.658,0.889,0.381,0.381,0.381,0.954,0.29,0.392,0.899,0.216,0.838,0.237,0.216,0.954,0.29,0.152,0.903,0.718,0.152,0.237,0.884,0.953,0.425,0.29,0.377,0.881,0.911,0.411,0.152,0.332,0.411,0.411,0.895,0.421,0.422,0.885,0.421,0.421,0.701,0.788,0.662,0.662,0.405,0.736,0.297,0.699,0.752,0.815,0.455,0.672,0.394,0.701,0.297,0.787,0.659,0.732,0.766,0.897,0.7,0.163,0.833,0.7,0.783,0.849,0.474,0.786,0.635,0.218,0.11,0.884,0.482,0.834,0.11,0.111,0.568,0.351,0.826,0.111,0.461,0.111,0.11,0.453,0.547,0.735,0.562,0.864,0.464,0.859,0.589,0.754,0.544,0.564,0.685,0.582,0.871,0.845,0.925,0.915,0.619,0.678,0.969
0.849,0.849,0.797,0.797,0.237,0.04,0.621,0.653,0.042,0.82,0.653,0.676,0.603,0.237,0.676,0.653,0.603,0.237,0.28,0.603,0.842,0.82,0.842,0.623,0.603,0.621,0.623,0.653,0.686,0.82,0.686,0.82,0.719,0.647,0.661,0.647,0.12,0.661,0.719,0.12,0.022,0.647,0.104,0.874,0.647,0.12,0.274,0.104,0.53,0.104,0.045,0.022,0.091,0.579,0.157,0.579,0.571,0.133,0.133,0.133,0.919,0.157,0.571,0.157,0.091,0.919,0.69,0.577,0.69,0.076,0.076,0.076,0.029,0.226,0.791,0.01,0.061,0.638,0.068,0.061,0.02,0.226,0.093,0.012,0.573,0.093,0.068,0.013,0.02,0.684,0.226,0.804,0.01,0.012,0.082,0.093,0.324,0.082,0.082,0.015,0.078,0.074,0.631,0.078,0.078,0.593,0.017,0.063,0.063,0.075,0.142,0.124,0.01,0.111,0.019,0.651,0.13,0.074,0.009,0.124,0.017,0.009,0.121,0.01,0.014,0.069,0.603,0.318,0.069,0.093,0.011,0.098,0.011,0.161,0.489,0.067,0.301,0.079,0.317,0.067,0.075,0.111,0.661,0.138,0.075,0.5,0.075,0.067,0.696,0.361,0.143,0.347,0.683,0.505,0.662,0.686,0.662,0.352,0.584,0.142,0.612,0.686,0.626,0.646,0.618,0.672,0.63,0.664
0.604,0.604,0.549,0.549,0.186,0.723,0.522,0.4,0.717,0.221,0.4,0.491,0.4,0.186,0.491,0.4,0.4,0.186,0.4,0.4,0.655,0.212,0.655,0.364,0.4,0.522,0.364,0.4,0.374,0.221,0.374,0.212,0.383,0.471,0.601,0.471,0.253,0.601,0.383,0.253,0.774,0.471,0.227,0.318,0.471,0.253,0.33,0.227,0.523,0.227,0.684,0.538,0.627,0.339,0.106,0.339,0.334,0.095,0.095,0.095,0.259,0.106,0.334,0.106,0.627,0.259,0.437,0.513,0.437,0.524,0.524,0.524,0.805,0.253,0.284,0.695,0.419,0.787,0.412,0.419,0.703,0.253,0.139,0.769,0.491,0.139,0.412,0.698,0.635,0.703,0.253,0.266,0.624,0.772,0.468,0.139,0.17,0.468,0.468,0.638,0.504,0.016,0.814,0.504,0.504,0.795,0.747,0.148,0.148,0.115,0.149,0.206,0.449,0.19,0.761,0.652,0.717,0.015,0.439,0.206,0.697,0.434,0.666,0.481,0.688,0.2,0.592,0.18,0.2,0.295,0.471,0.019,0.485,0.179,0.29,0.069,0.218,0.136,0.233,0.069,0.079,0.511,0.535,0.373,0.079,0.347,0.079,0.069,0.522,0.3,0.309,0.248,0.38,0.334,0.408,0.539,0.308,0.247,0.235,0.362,0.248,0.305,0.421,0.407,0.404,0.226,0.336,0.234
0.111,0.111,0.119,0.119,0.374,0.172,0.048,0.049,0.154,0.024,0.049,0.055,0.033,0.374,0.055,0.049,0.033,0.374,0.624,0.033,0.171,0.04,0.171,0.031,0.033,0.048,0.031,0.049,0.047,0.024,0.047,0.04,0.997,0.051,0.066,0.051,0.467,0.066,0.997,0.467,0.382,0.051,0.476,0.244,0.051,0.467,0.661,0.476,0.61,0.476,0.22,0.342,0.313,0.996,0.449,0.996,0.996,0.443,0.443,0.443,0.05,0.449,0.996,0.449,0.313,0.05,0.041,0.672,0.041,0.708,0.708,0.708,0.275,0.382,0.476,0.299,0.426,0.776,0.441,0.426,0.333,0.382,0.333,0.413,0.661,0.333,0.441,0.299,0.38,0.847,0.382,0.467,0.31,0.385,0.701,0.333,0.735,0.701,0.701,0.31,0.66,0.412,0.78,0.66,0.66,0.735,0.185,0.405,0.405,0.388,0.541,0.507,0.164,0.452,0.234,0.846,0.276,0.426,0.171,0.507,0.195,0.177,0.275,0.172,0.341,0.378,0.812,0.21,0.378,0.533,0.212,0.351,0.229,0.488,0.815,0.356,0.153,0.382,0.303,0.356,0.359,0.256,0.694,0.87,0.359,0.836,0.359,0.356,0.75,0.771,0.844,0.685,0.462,0.831,0.289,0.759,0.614,0.693,0.624,0.838,0.555,0.48,0.377,0.224,0.27,0.571,0.593,0.397
0.199,0.199,0.216,0.216,0.834,0.049,0.263,0.283,0.046,0.278,0.283,0.262,0.262,0.834,0.262,0.283,0.262,0.834,0.595,0.262,0.089,0.311,0.089,0.276,0.262,0.263,0.276,0.283,0.322,0.278,0.322,0.311,0.714,0.318,0.244,0.318,0.969,0.244,0.714,0.969,0.233,0.318,0.982,0.663,0.318,0.969,0.574,0.982,0.545,0.982,0.055,0.3,0.879,0.644,0.967,0.644,0.64,0.969,0.969,0.969,0.275,0.967,0.64,0.967,0.879,0.275,0.347,0.683,0.347,0.91,0.91,0.91,0.168,0.923,0.676,0.717,0.889,0.701,0.909,0.889,0.815,0.923,0.847,0.723,0.713,0.847,0.909,0.705,0.768,0.763,0.923,0.655,0.749,0.734,0.933,0.847,0.595,0.933,0.933,0.746,0.946,0.964,0.675,0.946,0.946,0.574,0.754,0.883,0.883,0.943,0.385,0.921,0.82,0.99,0.796,0.755,0.231,0.952,0.804,0.921,0.78,0.79,0.21,0.762,0.818,0.817,0.645,0.947,0.817,0.923,0.743,0.951,0.772,0.294,0.129,0.865,0.912,0.906,0.966,0.865,0.887,0.329,0.75,0.831,0.887,0.099,0.887,0.865,0.799,0.849,0.738,0.923,0.978,0.092,0.889,0.698,0.231,0.933,0.249,0.828,0.26,0.985,0.879,0.84,0.825,0.488,0.505,0.659
0.994,0.994,0.991,0.991,0.987,0.114,0.972,0.963,0.114,0.822,0.963,0.989,0.925,0.987,0.989,0.963,0.925,0.987,0.541,0.925,0.964,0.857,0.964,0.908,0.925,0.972,0.908,0.963,0.944,0.822,0.944,0.857,0.343,0.87,0.897,0.87,0.909,0.897,0.343,0.909,0.026,0.87,0.856,0.466,0.87,0.909,0.469,0.856,0.053,0.856,0.11,0.025,0.886,0.508,0.997,0.508,0.511,0.993,0.993,0.993,0.666,0.997,0.511,0.997,0.886,0.666,0.842,0.022,0.842,0.935,0.935,0.935,0.024,0.746,0.477,0.052,0.965,0.074,0.98,0.965,0.067,0.746,0.986,0.055,0.017,0.986,0.98,0.044,0.062,0.071,0.746,0.479,0.046,0.059,0.984,0.986,0.598,0.984,0.984,0.053,0.971,0.994,0.06,0.971,0.971,0.091,0.034,0.59,0.59,0.624,0.536,0.492,0.178,0.499,0.045,0.051,0.068,0.994,0.175,0.492,0.036,0.154,0.068,0.182,0.044,0.613,0.115,0.694,0.613,0.573,0.199,0.973,0.196,0.531,0.155,0.966,0.699,0.635,0.685,0.966,0.981,0.056,0.411,0.457,0.981,0.095,0.981,0.966,0.405,0.947,0.456,0.931,0.4,0.07,0.317,0.35,0.034,0.937,0.01,0.467,0.011,0.405,0.252,0.32,0.293,0.005,0.008,0.013
0.745,0.745,0.698,0.698,0.087,0.814,0.625,0.441,0.77,0.327,0.441,0.618,0.501,0.087,0.618,0.441,0.501,0.087,0.022,0.501,0.491,0.308,0.491,0.557,0.501,0.625,0.557,0.441,0.465,0.327,0.465,0.308,0.804,0.59,0.503,0.59,0.076,0.503,0.804,0.076,0.867,0.59,0.086,0.738,0.59,0.076,0.016,0.086,0.988,0.086,0.812,0.782,0.075,0.739,0.053,0.739,0.695,0.057,0.057,0.057,0.389,0.053,0.695,0.053,0.075,0.389,0.587,0.988,0.587,0.024,0.024,0.024,0.927,0.137,0.94,0.618,0.058,0.846,0.064,0.058,0.834,0.137,0.058,0.654,0.971,0.058,0.064,0.461,0.712,0.89,0.137,0.931,0.619,0.719,0.032,0.058,0.028,0.032,0.032,0.606,0.038,0.039,0.913,0.038,0.038,0.68,0.538,0.122,0.122,0.137,0.151,0.178,0.347,0.209,0.749,0.943,0.813,0.043,0.316,0.178,0.586,0.315,0.748,0.37,0.812,0.134,0.742,0.09,0.134,0.152,0.346,0.06,0.33,0.154,0.806,0.04,0.101,0.163,0.116,0.04,0.041,0.639,0.508,0.08,0.041,0.897,0.041,0.04,0.484,0.081,0.053,0.053,0.234,0.958,0.251,0.455,0.365,0.05,0.362,0.051,0.393,0.286,0.194,0.255,0.215,0.452,0.395,0.42
0.673,0.673,0.656,0.656,0.431,0.782,0.729,0.862,0.792,0.398,0.862,0.755,0.908,0.431,0.755,0.862,0.908,0.431,0.632,0.908,0.575,0.616,0.575,0.869,0.908,0.729,0.869,0.862,0.752,0.398,0.752,0.616,0.288,0.799,0.776,0.799,0.511,0.776,0.288,0.511,0.242,0.799,0.566,0.914,0.799,0.511,0.679,0.566,0.875,0.566,0.709,0.227,0.496,0.255,0.415,0.255,0.27,0.48,0.48,0.48,0.641,0.415,0.27,0.415,0.496,0.641,0.777,0.87,0.777,0.628,0.628,0.628,0.366,0.498,0.863,0.244,0.386,0.867,0.44,0.386,0.453,0.498,0.248,0.374,0.892,0.248,0.44,0.261,0.459,0.852,0.498,0.857,0.219,0.358,0.398,0.248,0.761,0.398,0.398,0.238,0.427,0.539,0.886,0.427,0.427,0.906,0.272,0.137,0.137,0.188,0.148,0.146,0.138,0.183,0.329,0.883,0.903,0.468,0.136,0.146,0.209,0.139,0.922,0.131,0.436,0.169,0.897,0.939,0.169,0.087,0.128,0.584,0.13,0.174,0.957,0.235,0.898,0.214,0.962,0.235,0.242,0.83,0.174,0.861,0.242,0.917,0.242,0.235,0.165,0.845,0.78,0.824,0.982,0.937,0.88,0.149,0.982,0.841,0.987,0.879,0.987,0.972,0.95,0.884,0.93,0.984,0.973,0.986
0.168,0.168,0.17,0.17,0.1,0.628,0.143,0.174,0.631,0.11,0.174,0.145,0.165,0.1,0.145,0.174,0.165,0.1,0.017,0.165,0.245,0.111,0.245,0.211,0.165,0.143,0.211,0.174,0.23,0.11,0.23,0.111,0.226,0.325,0.239,0.325,0.027,0.239,0.226,0.027,0.485,0.325,0.021,0.118,0.325,0.027,0.01,0.021,0.475,0.021,0.474,0.463,0.131,0.215,0.017,0.215,0.214,0.012,0.012,0.012,0.251,0.017,0.214,0.017,0.131,0.251,0.417,0.232,0.417,0.335,0.335,0.335,0.59,0.114,0.054,0.856,0.171,0.507,0.168,0.171,0.733,0.114,0.176,0.859,0.237,0.176,0.168,0.731,0.719,0.602,0.114,0.059,0.801,0.88,0.277,0.176,0.064,0.277,0.277,0.743,0.304,0.194,0.499,0.304,0.304,0.764,0.791,0.046,0.046,0.047,0.31,0.09,0.679,0.083,0.834,0.63,0.282,0.205,0.722,0.09,0.758,0.782,0.354,0.645,0.843,0.067,0.796,0.416,0.067,0.249,0.879,0.143,0.882,0.29,0.437,0.25,0.414,0.073,0.351,0.25,0.26,0.559,0.324,0.357,0.26,0.365,0.26,0.25,0.312,0.424,0.365,0.467,0.257,0.372,0.322,0.314,0.293,0.45,0.363,0.347,0.341,0.277,0.297,0.329,0.304,0.272,0.296,0.279
0.785,0.785,0.887,0.887,0.221,0.955,0.81,0.715,0.902,0.546,0.715,0.709,0.759,0.221,0.709,0.715,0.759,0.221,0.968,0.759,0.812,0.554,0.812,0.681,0.759,0.81,0.681,0.715,0.65,0.546,0.65,0.554,0.25,0.622,0.726,0.622,0.075,0.726,0.25,0.075,0.286,0.622,0.105,0.687,0.622,0.075,0.983,0.105,0.867,0.105,0.901,0.295,0.05,0.307,0.11,0.307,0.318,0.128,0.128,0.128,0.447,0.11,0.318,0.11,0.05,0.447,0.583,0.894,0.583,0.036,0.036,0.036,0.255,0.163,0.739,0.13,0.041,0.133,0.037,0.041,0.17,0.163,0.074,0.156,0.937,0.074,0.037,0.13,0.159,0.027,0.163,0.732,0.156,0.164,0.029,0.074,0.971,0.029,0.029,0.159,0.03,0.051,0.134,0.03,0.03,0.076,0.138,0.182,0.182,0.159,0.59,0.182,0.058,0.247,0.17,0.024,0.014,0.054,0.056,0.182,0.146,0.054,0.013,0.061,0.161,0.173,0.013,0.679,0.173,0.404,0.048,0.042,0.047,0.604,0.007,0.046,0.605,0.153,0.654,0.046,0.039,0.011,0.703,0.442,0.039,0.01,0.039,0.046,0.729,0.359,0.496,0.381,0.592,0.008,0.708,0.674,0.643,0.384,0.734,0.49,0.734,0.641,0.704,0.707,0.705,0.859,0.87,0.906
0.179,0.179,0.175,0.175,0.413,0.827,0.281,0.258,0.853,0.161,0.258,0.286,0.212,0.413,0.286,0.258,0.212,0.413,0.375,0.212,0.214,0.188,0.214,0.157,0.212,0.281,0.157,0.258,0.203,0.161,0.203,0.188,0.245,0.228,0.273,0.228,0.484,0.273,0.245,0.484,0.551,0.228,0.495,0.107,0.228,0.484,0.35,0.495,0.206,0.495,0.825,0.556,0.293,0.267,0.451,0.267,0.262,0.449,0.449,0.449,0.184,0.451,0.262,0.451,0.293,0.184,0.234,0.102,0.234,0.754,0.754,0.754,0.566,0.472,0.055,0.508,0.434,0.081,0.458,0.434,0.646,0.472,0.287,0.661,0.126,0.287,0.458,0.578,0.701,0.181,0.472,0.075,0.463,0.583,0.702,0.287,0.436,0.702,0.702,0.523,0.678,0.29,0.078,0.678,0.678,0.1,0.508,0.629,0.629,0.649,0.973,0.284,0.893,0.312,0.67,0.2,0.33,0.29,0.943,0.284,0.473,0.941,0.322,0.741,0.685,0.652,0.241,0.157,0.652,0.503,0.824,0.195,0.83,0.961,0.208,0.418,0.236,0.671,0.256,0.418,0.401,0.433,0.472,0.854,0.401,0.135,0.401,0.418,0.534,0.652,0.88,0.62,0.169,0.168,0.199,0.368,0.285,0.633,0.244,0.868,0.273,0.176,0.18,0.192,0.178,0.218,0.196,0.166
0.573,0.573,0.579,0.579,0.774,0.445,0.54,0.457,0.479,0.455,0.457,0.53,0.422,0.774,0.53,0.457,0.422,0.774,0.918,0.422,0.63,0.501,0.63,0.369,0.422,0.54,0.369,0.457,0.411,0.455,0.411,0.501,0.334,0.476,0.554,0.476,0.83,0.554,0.334,0.83,0.032,0.476,0.965,0.353,0.476,0.83,0.915,0.965,0.006,0.965,0.635,0.034,0.815,0.356,0.901,0.356,0.364,0.943,0.943,0.943,0.567,0.901,0.364,0.901,0.815,0.567,0.441,0.016,0.441,0.648,0.648,0.648,0.048,0.698,0.396,0.046,0.804,0.012,0.76,0.804,0.032,0.698,0.833,0.047,0.015,0.833,0.76,0.06,0.032,0.008,0.698,0.394,0.049,0.046,0.621,0.833,0.942,0.621,0.621,0.057,0.545,0.772,0.012,0.545,0.545,0.01,0.047,0.92,0.92,0.674,0.701,0.396,0.081,0.603,0.054,0.01,0.008,0.823,0.095,0.396,0.052,0.102,0.009,0.077,0.041,0.78,0.011,0.99,0.78,0.803,0.095,0.828,0.093,0.59,0.006,0.84,0.985,0.574,0.98,0.84,0.807,0.005,0.887,0.909,0.807,0.004,0.807,0.84,0.895,0.901,0.881,0.914,0.993,0.003,0.985,0.865,0.953,0.924,0.927,0.881,0.925,0.978,0.993,0.985,0.987,0.891,0.906,0.883
0.23,0.23,0.154,0.154,0.939,0.033,0.146,0.554,0.031,0.364,0.554,0.222,0.446,0.939,0.222,0.554,0.446,0.939,0.814,0.446,0.114,0.426,0.114,0.47,0.446,0.146,0.47,0.554,0.547,0.364,0.547,0.426,0.161,0.454,0.12,0.454,0.942,0.12,0.161,0.942,0.077,0.454,0.892,0.453,0.454,0.942,0.85,0.892,0.879,0.892,0.023,0.108,0.762,0.297,0.915,0.297,0.313,0.849,0.849,0.849,0.313,0.915,0.313,0.915,0.762,0.313,0.469,0.801,0.469,0.752,0.752,0.752,0.062,0.875,0.445,0.053,0.82,0.91,0.786,0.82,0.083,0.875,0.952,0.067,0.865,0.952,0.786,0.047,0.072,0.772,0.875,0.511,0.047,0.07,0.772,0.952,0.964,0.772,0.772,0.043,0.773,0.736,0.895,0.773,0.773,0.868,0.036,0.753,0.753,0.823,0.984,0.825,0.038,0.825,0.053,0.743,0.714,0.761,0.037,0.825,0.035,0.035,0.759,0.032,0.068,0.862,0.743,0.902,0.862,0.978,0.027,0.843,0.024,0.948,0.756,0.753,0.878,0.842,0.864,0.753,0.732,0.657,0.762,0.999,0.732,0.781,0.732,0.753,0.765,0.997,1.0,0.993,0.766,0.742,0.655,0.78,0.41,0.989,0.436,0.999,0.447,0.76,0.68,0.629,0.633,0.345,0.326,0.454
0.428,0.428,0.287,0.287,0.886,0.752,0.593,0.532,0.768,0.612,0.532,0.636,0.492,0.886,0.636,0.532,0.492,0.886,0.707,0.492,0.269,0.658,0.269,0.548,0.492,0.593,0.548,0.532,0.571,0.612,0.571,0.658,0.339,0.521,0.598,0.521,0.824,0.598,0.339,0.824,0.854,0.521,0.729,0.075,0.521,0.824,0.663,0.729,0.148,0.729,0.69,0.803,0.647,0.467,0.748,0.467,0.486,0.651,0.651,0.651,0.575,0.748,0.486,0.748,0.647,0.575,0.555,0.122,0.555,0.723,0.723,0.723,0.736,0.935,0.087,0.762,0.654,0.303,0.709,0.654,0.839,0.935,0.86,0.753,0.121,0.86,0.709,0.729,0.84,0.319,0.935,0.076,0.673,0.84,0.687,0.86,0.901,0.687,0.687,0.637,0.7,0.862,0.354,0.7,0.7,0.346,0.511,0.037,0.037,0.037,0.066,0.051,0.248,0.048,0.574,0.361,0.144,0.852,0.343,0.051,0.486,0.352,0.223,0.164,0.64,0.041,0.365,0.255,0.041,0.055,0.274,0.887,0.286,0.058,0.373,0.691,0.367,0.044,0.13,0.691,0.734,0.393,0.148,0.098,0.734,0.317,0.734,0.691,0.163,0.083,0.1,0.077,0.29,0.363,0.315,0.339,0.126,0.078,0.161,0.089,0.163,0.315,0.321,0.41,0.41,0.287,0.45,0.228
0.957,0.957,0.909,0.909,0.235,0.79,0.937,0.919,0.684,0.68,0.919,0.934,0.906,0.235,0.934,0.919,0.906,0.235,0.337,0.906,0.88,0.68,0.88,0.898,0.906,0.937,0.898,0.919,0.896,0.68,0.896,0.68,0.776,0.92,0.966,0.92,0.793,0.966,0.776,0.793,0.628,0.92,0.785,0.787,0.92,0.793,0.336,0.785,0.568,0.785,0.639,0.648,0.67,0.754,0.489,0.754,0.764,0.508,0.508,0.508,0.755,0.489,0.764,0.489,0.67,0.755,0.89,0.474,0.89,0.427,0.427,0.427,0.426,0.168,0.797,0.29,0.53,0.163,0.524,0.53,0.491,0.168,0.494,0.357,0.512,0.494,0.524,0.309,0.477,0.235,0.168,0.806,0.303,0.343,0.35,0.494,0.072,0.35,0.35,0.317,0.316,0.595,0.171,0.316,0.316,0.159,0.306,0.848,0.848,0.871,0.761,0.579,0.202,0.602,0.364,0.217,0.115,0.611,0.196,0.579,0.288,0.192,0.143,0.186,0.416,0.866,0.179,0.205,0.866,0.418,0.182,0.678,0.179,0.865,0.26,0.419,0.132,0.881,0.211,0.419,0.611,0.108,0.437,0.06,0.611,0.251,0.611,0.419,0.446,0.072,0.11,0.069,0.293,0.222,0.323,0.492,0.224,0.065,0.237,0.11,0.253,0.291,0.323,0.358,0.355,0.616,0.571,0.506
0.904,0.904,0.768,0.768,0.025,0.648,0.68,0.872,0.683,0.98,0.872,0.772,0.844,0.025,0.772,0.872,0.844,0.025,0.223,0.844,0.853,0.97,0.853,0.836,0.844,0.68,0.836,0.872,0.819,0.98,0.819,0.97,0.879,0.89,0.821,0.89,0.021,0.821,0.879,0.021,0.992,0.89,0.026,0.331,0.89,0.021,0.287,0.026,0.632,0.026,0.734,0.988,0.029,0.884,0.018,0.884,0.883,0.023,0.023,0.023,0.973,0.018,0.883,0.018,0.029,0.973,0.845,0.471,0.845,0.025,0.025,0.025,0.983,0.026,0.427,0.786,0.04,0.74,0.046,0.04,0.861,0.026,0.036,0.782,0.474,0.036,0.046,0.777,0.852,0.747,0.026,0.414,0.8,0.802,0.033,0.036,0.117,0.033,0.033,0.789,0.037,0.045,0.75,0.037,0.037,0.669,0.765,0.026,0.026,0.032,0.247,0.038,0.743,0.051,0.748,0.757,0.699,0.032,0.745,0.038,0.773,0.736,0.733,0.886,0.782,0.025,0.791,0.522,0.025,0.204,0.887,0.038,0.891,0.215,0.679,0.06,0.574,0.031,0.306,0.06,0.07,0.588,0.758,0.169,0.07,0.787,0.07,0.06,0.779,0.135,0.248,0.132,0.328,0.758,0.285,0.712,0.275,0.14,0.316,0.25,0.304,0.167,0.514,0.363,0.531,0.489,0.483,0.348
0.163,0.163,0.148,0.148,0.138,0.875,0.126,0.151,0.89,0.127,0.151,0.124,0.117,0.138,0.124,0.151,0.117,0.138,0.929,0.117,0.14,0.137,0.14,0.208,0.117,0.126,0.208,0.151,0.254,0.127,0.254,0.137,0.093,0.127,0.13,0.127,0.684,0.13,0.093,0.684,0.576,0.127,0.696,0.912,0.127,0.684,0.908,0.696,0.316,0.696,0.945,0.739,0.055,0.11,0.573,0.11,0.111,0.53,0.53,0.53,0.12,0.573,0.111,0.573,0.055,0.12,0.151,0.217,0.151,0.131,0.131,0.131,0.56,0.132,0.883,0.49,0.329,0.435,0.35,0.329,0.423,0.132,0.061,0.446,0.214,0.061,0.35,0.496,0.404,0.265,0.132,0.886,0.437,0.502,0.627,0.061,0.821,0.627,0.627,0.439,0.877,0.383,0.422,0.877,0.877,0.371,0.618,0.645,0.645,0.637,0.778,0.424,0.468,0.364,0.538,0.283,0.222,0.333,0.476,0.424,0.574,0.47,0.194,0.458,0.397,0.651,0.188,0.082,0.651,0.47,0.517,0.057,0.504,0.768,0.259,0.433,0.072,0.62,0.06,0.433,0.452,0.189,0.42,0.069,0.452,0.263,0.452,0.433,0.434,0.351,0.068,0.351,0.108,0.281,0.135,0.436,0.195,0.34,0.233,0.069,0.237,0.104,0.135,0.138,0.153,0.33,0.373,0.216
0.721,0.721,0.801,0.801,0.957,0.853,0.615,0.814,0.841,0.631,0.814,0.632,0.795,0.957,0.632,0.814,0.795,0.957,0.071,0.795,0.699,0.599,0.699,0.76,0.795,0.615,0.76,0.814,0.769,0.631,0.769,0.599,0.725,0.814,0.632,0.814,0.736,0.632,0.725,0.736,0.517,0.814,0.758,0.971,0.814,0.736,0.077,0.758,0.689,0.758,0.749,0.511,0.883,0.761,0.652,0.761,0.788,0.696,0.696,0.696,0.531,0.652,0.788,0.652,0.883,0.531,0.73,0.747,0.73,0.955,0.955,0.955,0.509,0.94,0.941,0.573,0.517,0.809,0.519,0.517,0.521,0.94,0.928,0.507,0.698,0.928,0.519,0.537,0.464,0.833,0.94,0.968,0.598,0.541,0.767,0.928,0.075,0.767,0.767,0.548,0.729,0.685,0.812,0.729,0.729,0.88,0.481,0.976,0.976,0.983,0.506,0.989,0.452,0.991,0.449,0.844,0.807,0.708,0.459,0.989,0.489,0.447,0.808,0.529,0.443,0.963,0.98,0.034,0.963,0.368,0.503,0.946,0.51,0.43,0.972,0.477,0.035,0.959,0.041,0.477,0.437,0.978,0.73,0.028,0.437,0.775,0.437,0.477,0.689,0.028,0.022,0.033,0.062,0.794,0.054,0.38,0.148,0.036,0.232,0.018,0.232,0.06,0.052,0.06,0.058,0.293,0.294,0.276
0.838,0.838,0.824,0.824,0.81,0.308,0.732,0.724,0.316,0.959,0.724,0.852,0.611,0.81,0.852,0.724,0.611,0.81,0.549,0.611,0.836,0.981,0.836,0.593,0.611,0.732,0.593,0.724,0.69,0.959,0.69,0.981,0.826,0.794,0.859,0.794,0.757,0.859,0.826,0.757,0.91,0.794,0.694,0.974,0.794,0.757,0.356,0.694,0.796,0.694,0.305,0.904,0.972,0.822,0.882,0.822,0.824,0.819,0.819,0.819,0.976,0.882,0.824,0.882,0.972,0.976,0.722,0.789,0.722,0.931,0.931,0.931,0.876,0.883,0.968,0.871,0.735,0.729,0.74,0.735,0.881,0.883,0.951,0.935,0.767,0.951,0.74,0.858,0.907,0.826,0.883,0.964,0.871,0.941,0.904,0.951,0.576,0.904,0.904,0.823,0.927,0.582,0.723,0.927,0.927,0.741,0.815,0.462,0.462,0.339,0.496,0.756,0.437,0.777,0.883,0.819,0.801,0.522,0.418,0.756,0.836,0.365,0.83,0.58,0.88,0.517,0.755,0.071,0.517,0.553,0.576,0.79,0.54,0.487,0.857,0.772,0.191,0.606,0.037,0.772,0.842,0.812,0.726,0.032,0.842,0.826,0.842,0.772,0.661,0.011,0.032,0.019,0.049,0.823,0.165,0.746,0.103,0.025,0.094,0.034,0.087,0.052,0.161,0.291,0.286,0.301,0.462,0.177
0.229,0.229,0.195,0.195,0.406,0.837,0.202,0.288,0.848,0.416,0.288,0.181,0.249,0.406,0.181,0.288,0.249,0.406,0.249,0.249,0.242,0.467,0.242,0.26,0.249,0.202,0.26,0.288,0.307,0.416,0.307,0.467,0.507,0.359,0.196,0.359,0.527,0.196,0.507,0.527,0.916,0.359,0.513,0.85,0.359,0.527,0.249,0.513,0.556,0.513,0.855,0.893,0.334,0.546,0.622,0.546,0.543,0.627,0.627,0.627,0.6,0.622,0.543,0.622,0.334,0.6,0.431,0.966,0.431,0.682,0.682,0.682,0.808,0.357,0.881,0.957,0.348,0.482,0.362,0.348,0.894,0.357,0.348,0.922,0.919,0.348,0.362,0.965,0.897,0.439,0.357,0.893,0.96,0.912,0.689,0.348,0.316,0.689,0.689,0.967,0.67,0.441,0.432,0.67,0.67,0.977,0.971,0.78,0.78,0.755,0.982,0.38,0.845,0.537,0.949,0.378,0.533,0.421,0.832,0.38,0.955,0.827,0.513,0.899,0.926,0.567,0.972,0.861,0.567,0.632,0.91,0.44,0.913,0.977,0.971,0.363,0.848,0.43,0.905,0.363,0.362,0.834,0.975,0.783,0.362,0.631,0.362,0.363,0.972,0.911,0.827,0.942,0.747,0.659,0.752,0.882,0.562,0.941,0.469,0.812,0.482,0.651,0.675,0.714,0.65,0.545,0.542,0.43
0.187,0.187,0.181,0.181,0.438,0.26,0.164,0.095,0.265,0.065,0.095,0.144,0.103,0.438,0.144,0.095,0.103,0.438,0.57,0.103,0.158,0.047,0.158,0.093,0.103,0.164,0.093,0.095,0.075,0.065,0.075,0.047,0.028,0.075,0.094,0.075,0.367,0.094,0.028,0.367,0.905,0.075,0.376,0.697,0.075,0.367,0.533,0.376,0.971,0.376,0.215,0.952,0.149,0.019,0.244,0.019,0.019,0.376,0.376,0.376,0.041,0.244,0.019,0.244,0.149,0.041,0.079,0.703,0.079,0.171,0.171,0.171,0.904,0.271,0.768,0.843,0.367,0.708,0.202,0.367,0.935,0.271,0.397,0.882,0.747,0.397,0.202,0.828,0.936,0.749,0.271,0.812,0.83,0.892,0.207,0.397,0.693,0.207,0.207,0.824,0.16,0.295,0.677,0.16,0.16,0.894,0.87,0.353,0.353,0.338,0.548,0.539,0.905,0.591,0.901,0.725,0.893,0.416,0.866,0.539,0.835,0.836,0.897,0.891,0.948,0.399,0.886,0.745,0.399,0.677,0.898,0.187,0.908,0.562,0.914,0.371,0.761,0.395,0.762,0.371,0.343,0.936,0.623,0.527,0.343,0.872,0.343,0.371,0.615,0.302,0.567,0.434,0.897,0.845,0.89,0.578,0.805,0.389,0.911,0.538,0.888,0.885,0.942,0.889,0.942,0.62,0.581,0.57
0.735,0.735,0.716,0.716,0.95,0.719,0.788,0.816,0.696,0.741,0.816,0.778,0.834,0.95,0.778,0.816,0.834,0.95,0.201,0.834,0.727,0.75,0.727,0.788,0.834,0.788,0.788,0.816,0.778,0.741,0.778,0.75,0.608,0.905,0.894,0.905,0.583,0.894,0.608,0.583,0.793,0.905,0.796,0.386,0.905,0.583,0.319,0.796,0.234,0.796,0.788,0.826,0.943,0.565,0.603,0.565,0.554,0.728,0.728,0.728,0.836,0.603,0.554,0.603,0.943,0.836,0.859,0.253,0.859,0.933,0.933,0.933,0.651,0.857,0.504,0.869,0.994,0.434,0.99,0.994,0.556,0.857,0.684,0.876,0.258,0.684,0.99,0.853,0.58,0.324,0.857,0.504,0.833,0.909,0.978,0.684,0.692,0.978,0.978,0.84,0.967,0.979,0.433,0.967,0.967,0.39,0.864,0.856,0.856,0.796,0.829,0.743,0.861,0.921,0.889,0.309,0.327,0.982,0.844,0.743,0.859,0.838,0.358,0.82,0.658,0.798,0.367,0.329,0.798,0.657,0.811,0.964,0.808,0.838,0.412,0.874,0.304,0.755,0.467,0.874,0.78,0.311,0.825,0.323,0.78,0.42,0.78,0.874,0.805,0.233,0.291,0.127,0.177,0.387,0.169,0.749,0.159,0.131,0.199,0.277,0.189,0.229,0.154,0.225,0.197,0.128,0.131,0.101
0.547,0.547,0.52,0.52,0.293,0.044,0.405,0.323,0.049,0.162,0.323,0.416,0.302,0.293,0.416,0.323,0.302,0.293,0.255,0.302,0.519,0.153,0.519,0.297,0.302,0.405,0.297,0.323,0.319,0.162,0.319,0.153,0.089,0.302,0.501,0.302,0.233,0.501,0.089,0.233,0.543,0.302,0.215,0.98,0.302,0.233,0.278,0.215,0.936,0.215,0.047,0.673,0.135,0.152,0.262,0.152,0.146,0.262,0.262,0.262,0.159,0.262,0.146,0.262,0.135,0.159,0.315,0.931,0.315,0.096,0.096,0.096,0.412,0.422,0.969,0.826,0.106,0.943,0.104,0.106,0.912,0.422,0.185,0.825,0.936,0.185,0.104,0.824,0.873,0.958,0.422,0.967,0.858,0.828,0.08,0.185,0.432,0.08,0.08,0.861,0.085,0.104,0.96,0.085,0.085,0.981,0.817,0.536,0.536,0.574,0.54,0.698,0.927,0.645,0.864,0.979,0.952,0.098,0.929,0.698,0.858,0.927,0.959,0.889,0.718,0.621,0.993,0.832,0.621,0.45,0.853,0.153,0.865,0.508,0.985,0.141,0.818,0.619,0.83,0.141,0.155,0.938,0.782,0.577,0.155,0.96,0.155,0.141,0.792,0.441,0.529,0.503,0.894,0.985,0.877,0.735,0.852,0.484,0.818,0.524,0.801,0.928,0.859,0.856,0.889,0.689,0.701,0.814
0.532,0.532,0.597,0.597,0.48,0.987,0.446,0.555,0.984,0.391,0.555,0.31,0.62,0.48,0.31,0.555,0.62,0.48,0.904,0.62,0.539,0.376,0.539,0.483,0.62,0.446,0.483,0.555,0.545,0.391,0.545,0.376,0.896,0.469,0.3,0.469,0.551,0.3,0.896,0.551,0.423,0.469,0.529,0.436,0.469,0.551,0.877,0.529,0.755,0.529,0.944,0.428,0.36,0.87,0.565,0.87,0.857,0.525,0.525,0.525,0.273,0.565,0.857,0.565,0.36,0.273,0.402,0.687,0.402,0.522,0.522,0.522,0.754,0.492,0.378,0.468,0.275,0.698,0.285,0.275,0.548,0.492,0.329,0.534,0.739,0.329,0.285,0.466,0.554,0.721,0.492,0.418,0.438,0.554,0.49,0.329,0.874,0.49,0.49,0.48,0.498,0.273,0.709,0.498,0.498,0.786,0.424,0.725,0.725,0.787,0.667,0.704,0.807,0.801,0.499,0.694,0.611,0.262,0.753,0.704,0.426,0.757,0.601,0.658,0.516,0.754,0.63,0.296,0.754,0.878,0.637,0.218,0.617,0.587,0.614,0.457,0.579,0.801,0.202,0.457,0.482,0.599,0.64,0.171,0.482,0.636,0.482,0.457,0.64,0.103,0.153,0.094,0.1,0.569,0.116,0.574,0.198,0.096,0.167,0.141,0.181,0.088,0.098,0.176,0.14,0.405,0.438,0.339
0.593,0.593,0.54,0.54,0.427,0.864,0.397,0.162,0.755,0.705,0.162,0.414,0.159,0.427,0.414,0.162,0.159,0.427,0.996,0.159,0.521,0.71,0.521,0.645,0.159,0.397,0.645,0.162,0.653,0.705,0.653,0.71,0.705,0.257,0.36,0.257,0.602,0.36,0.705,0.602,0.282,0.257,0.608,0.615,0.257,0.602,0.996,0.608,0.888,0.608,0.706,0.197,0.186,0.77,0.633,0.77,0.775,0.613,0.613,0.613,0.748,0.633,0.775,0.633,0.186,0.748,0.727,0.943,0.727,0.101,0.101,0.101,0.302,0.355,0.593,0.17,0.262,0.036,0.266,0.262,0.195,0.355,0.21,0.15,0.934,0.21,0.266,0.147,0.188,0.043,0.355,0.568,0.172,0.177,0.184,0.21,0.984,0.184,0.184,0.147,0.195,0.22,0.036,0.195,0.195,0.036,0.208,0.427,0.427,0.367,0.138,0.185,0.28,0.176,0.192,0.045,0.102,0.239,0.274,0.185,0.179,0.272,0.103,0.132,0.144,0.424,0.068,0.584,0.424,0.141,0.124,0.136,0.11,0.148,0.088,0.373,0.548,0.348,0.586,0.373,0.365,0.121,0.501,0.939,0.365,0.047,0.365,0.373,0.475,0.91,0.935,0.9,0.728,0.056,0.777,0.584,0.578,0.897,0.757,0.935,0.743,0.669,0.803,0.758,0.776,0.827,0.803,0.76
0.38,0.38,0.314,0.314,0.794,0.858,0.685,0.614,0.901,0.701,0.614,0.749,0.578,0.794,0.749,0.614,0.578,0.794,0.296,0.578,0.403,0.751,0.403,0.498,0.578,0.685,0.498,0.614,0.691,0.701,0.691,0.751,0.976,0.523,0.641,0.523,0.708,0.641,0.976,0.708,0.143,0.523,0.654,0.177,0.523,0.708,0.295,0.654,0.483,0.654,0.643,0.147,0.814,0.972,0.769,0.972,0.974,0.712,0.712,0.712,0.795,0.769,0.974,0.769,0.814,0.795,0.573,0.227,0.573,0.675,0.675,0.675,0.17,0.771,0.023,0.69,0.782,0.478,0.816,0.782,0.233,0.771,0.663,0.207,0.28,0.663,0.816,0.751,0.249,0.464,0.771,0.033,0.686,0.195,0.817,0.663,0.323,0.817,0.817,0.735,0.875,0.77,0.536,0.875,0.875,0.713,0.771,0.709,0.709,0.484,0.56,0.759,0.547,0.618,0.253,0.521,0.183,0.737,0.585,0.759,0.755,0.585,0.142,0.559,0.262,0.75,0.647,0.096,0.75,0.508,0.531,0.665,0.569,0.618,0.671,0.737,0.088,0.546,0.112,0.737,0.777,0.117,0.388,0.225,0.777,0.506,0.777,0.737,0.413,0.291,0.179,0.26,0.204,0.557,0.174,0.437,0.111,0.303,0.13,0.169,0.118,0.202,0.176,0.169,0.173,0.104,0.113,0.135
0.659,0.659,0.619,0.619,0.771,0.379,0.565,0.31,0.382,0.925,0.31,0.489,0.333,0.771,0.489,0.31,0.333,0.771,0.569,0.333,0.525,0.885,0.525,0.98,0.333,0.565,0.98,0.31,0.959,0.925,0.959,0.885,0.981,0.187,0.585,0.187,0.788,0.585,0.981,0.788,0.357,0.187,0.698,0.646,0.187,0.788,0.562,0.698,0.512,0.698,0.489,0.386,0.543,0.982,0.675,0.982,0.985,0.637,0.637,0.637,0.885,0.675,0.985,0.675,0.543,0.885,0.956,0.554,0.956,0.592,0.592,0.592,0.574,0.775,0.766,0.448,0.563,0.195,0.587,0.563,0.189,0.775,0.592,0.129,0.533,0.592,0.587,0.514,0.168,0.245,0.775,0.768,0.435,0.126,0.672,0.592,0.484,0.672,0.672,0.481,0.641,0.613,0.195,0.641,0.641,0.376,0.608,0.614,0.614,0.841,0.365,0.935,0.775,0.859,0.215,0.246,0.218,0.593,0.726,0.935,0.557,0.72,0.174,0.763,0.308,0.748,0.426,0.794,0.748,0.691,0.676,0.56,0.65,0.479,0.327,0.624,0.889,0.8,0.745,0.624,0.643,0.335,0.136,0.781,0.643,0.407,0.643,0.624,0.145,0.878,0.786,0.903,0.842,0.452,0.852,0.129,0.694,0.892,0.673,0.759,0.626,0.866,0.804,0.869,0.829,0.589,0.643,0.878
0.791,0.791,0.765,0.765,0.304,0.772,0.429,0.28,0.837,0.408,0.28,0.464,0.293,0.304,0.464,0.28,0.293,0.304,0.185,0.293,0.718,0.457,0.718,0.348,0.293,0.429,0.348,0.28,0.386,0.408,0.386,0.457,0.454,0.246,0.341,0.246,0.184,0.341,0.454,0.184,0.715,0.246,0.124,0.401,0.246,0.184,0.12,0.124,0.629,0.124,0.834,0.691,0.418,0.33,0.167,0.33,0.325,0.106,0.106,0.106,0.433,0.167,0.325,0.167,0.418,0.433,0.326,0.588,0.326,0.206,0.206,0.206,0.723,0.31,0.393,0.495,0.306,0.336,0.309,0.306,0.685,0.31,0.504,0.618,0.719,0.504,0.309,0.534,0.72,0.339,0.31,0.425,0.601,0.585,0.174,0.504,0.48,0.174,0.174,0.626,0.222,0.345,0.309,0.222,0.222,0.305,0.503,0.139,0.139,0.155,0.16,0.113,0.341,0.131,0.686,0.316,0.508,0.338,0.32,0.113,0.595,0.316,0.525,0.331,0.602,0.151,0.275,0.494,0.151,0.126,0.349,0.406,0.32,0.205,0.345,0.47,0.554,0.171,0.681,0.47,0.479,0.558,0.585,0.31,0.479,0.32,0.479,0.47,0.53,0.173,0.325,0.221,0.788,0.291,0.367,0.389,0.743,0.212,0.781,0.298,0.761,0.425,0.763,0.434,0.806,0.332,0.346,0.229
0.416,0.416,0.511,0.511,0.194,0.536,0.553,0.292,0.514,0.352,0.292,0.526,0.43,0.194,0.526,0.292,0.43,0.194,0.655,0.43,0.463,0.296,0.463,0.371,0.43,0.553,0.371,0.292,0.285,0.352,0.285,0.296,0.279,0.294,0.395,0.294,0.898,0.395,0.279,0.898,0.04,0.294,0.806,0.744,0.294,0.898,0.613,0.806,0.651,0.806,0.343,0.036,0.703,0.147,0.855,0.147,0.14,0.833,0.833,0.833,0.254,0.855,0.14,0.855,0.703,0.254,0.215,0.431,0.215,0.718,0.718,0.718,0.061,0.324,0.695,0.068,0.779,0.511,0.789,0.779,0.055,0.324,0.617,0.061,0.446,0.617,0.789,0.065,0.065,0.51,0.324,0.711,0.06,0.063,0.605,0.617,0.315,0.605,0.605,0.058,0.533,0.778,0.542,0.533,0.533,0.597,0.064,0.811,0.811,0.721,0.108,0.198,0.133,0.186,0.072,0.585,0.149,0.758,0.151,0.198,0.056,0.155,0.202,0.209,0.06,0.702,0.615,0.443,0.702,0.086,0.188,0.663,0.211,0.099,0.612,0.779,0.4,0.628,0.542,0.779,0.801,0.223,0.236,0.311,0.801,0.567,0.801,0.779,0.228,0.408,0.24,0.479,0.692,0.616,0.76,0.189,0.721,0.462,0.741,0.264,0.751,0.769,0.678,0.704,0.674,0.812,0.727,0.776
0.454,0.454,0.476,0.476,0.968,0.462,0.424,0.337,0.438,0.251,0.337,0.376,0.335,0.968,0.376,0.337,0.335,0.968,0.046,0.335,0.469,0.214,0.469,0.305,0.335,0.424,0.305,0.337,0.314,0.251,0.314,0.214,0.325,0.346,0.377,0.346,0.356,0.377,0.325,0.356,0.656,0.346,0.335,0.782,0.346,0.356,0.049,0.335,0.747,0.335,0.494,0.636,0.955,0.384,0.713,0.384,0.389,0.704,0.704,0.704,0.281,0.713,0.389,0.713,0.955,0.281,0.305,0.694,0.305,0.865,0.865,0.865,0.769,0.974,0.773,0.918,0.995,0.619,0.989,0.995,0.896,0.974,0.993,0.919,0.69,0.993,0.989,0.922,0.899,0.759,0.974,0.774,0.902,0.914,0.98,0.993,0.803,0.98,0.98,0.908,0.982,0.939,0.62,0.982,0.982,0.605,0.893,0.241,0.241,0.301,0.654,0.892,0.813,0.896,0.884,0.762,0.612,0.946,0.798,0.892,0.866,0.801,0.644,0.859,0.806,0.415,0.746,0.06,0.415,0.944,0.917,0.95,0.919,0.839,0.694,0.968,0.047,0.501,0.07,0.968,0.952,0.686,0.993,0.156,0.952,0.654,0.952,0.968,0.994,0.4,0.139,0.364,0.151,0.661,0.146,0.996,0.171,0.417,0.286,0.161,0.289,0.19,0.144,0.11,0.112,0.315,0.292,0.139
0.305,0.305,0.284,0.284,0.03,0.746,0.239,0.282,0.624,0.322,0.282,0.24,0.319,0.03,0.24,0.282,0.319,0.03,0.594,0.319,0.264,0.312,0.264,0.365,0.319,0.239,0.365,0.282,0.356,0.322,0.356,0.312,0.94,0.416,0.26,0.416,0.037,0.26,0.94,0.037,0.127,0.416,0.017,0.439,0.416,0.037,0.514,0.017,0.868,0.017,0.57,0.128,0.022,0.899,0.04,0.899,0.897,0.017,0.017,0.017,0.351,0.04,0.897,0.04,0.022,0.351,0.401,0.736,0.401,0.022,0.022,0.022,0.18,0.039,0.489,0.111,0.023,0.581,0.015,0.023,0.141,0.039,0.025,0.143,0.81,0.025,0.015,0.104,0.14,0.591,0.039,0.499,0.112,0.14,0.011,0.025,0.637,0.011,0.011,0.097,0.007,0.028,0.58,0.007,0.007,0.736,0.115,0.065,0.065,0.098,0.354,0.239,0.563,0.259,0.189,0.576,0.228,0.025,0.594,0.239,0.117,0.599,0.236,0.447,0.194,0.14,0.573,0.376,0.14,0.763,0.504,0.026,0.459,0.54,0.76,0.025,0.377,0.223,0.398,0.025,0.027,0.264,0.61,0.372,0.027,0.66,0.027,0.025,0.605,0.259,0.394,0.242,0.516,0.724,0.521,0.699,0.669,0.238,0.718,0.392,0.712,0.512,0.508,0.533,0.528,0.82,0.796,0.591
0.245,0.245,0.387,0.387,0.341,0.137,0.277,0.145,0.134,0.178,0.145,0.169,0.211,0.341,0.169,0.145,0.211,0.341,0.314,0.211,0.333,0.13,0.333,0.207,0.211,0.277,0.207,0.145,0.151,0.178,0.151,0.13,0.1,0.164,0.193,0.164,0.287,0.193,0.1,0.287,0.216,0.164,0.278,0.135,0.164,0.287,0.296,0.278,0.518,0.278,0.107,0.177,0.272,0.115,0.243,0.115,0.115,0.233,0.233,0.233,0.11,0.243,0.115,0.243,0.272,0.11,0.173,0.521,0.173,0.165,0.165,0.165,0.319,0.411,0.214,0.139,0.22,0.304,0.257,0.22,0.167,0.411,0.45,0.23,0.517,0.45,0.257,0.163,0.215,0.354,0.411,0.206,0.169,0.207,0.199,0.45,0.128,0.199,0.199,0.182,0.241,0.25,0.285,0.241,0.241,0.219,0.264,0.294,0.294,0.38,0.679,0.505,0.366,0.584,0.347,0.334,0.067,0.225,0.408,0.505,0.314,0.404,0.028,0.157,0.22,0.29,0.282,0.308,0.29,0.706,0.137,0.288,0.139,0.569,0.216,0.523,0.311,0.365,0.243,0.523,0.532,0.046,0.04,0.299,0.532,0.327,0.532,0.523,0.045,0.171,0.287,0.163,0.392,0.298,0.606,0.257,0.412,0.165,0.628,0.271,0.663,0.379,0.567,0.574,0.561,0.642,0.691,0.808
0.501,0.501,0.572,0.572,0.198,0.673,0.634,0.297,0.691,0.71,0.297,0.449,0.46,0.198,0.449,0.297,0.46,0.198,0.097,0.46,0.495,0.48,0.495,0.622,0.46,0.634,0.622,0.297,0.473,0.71,0.473,0.48,0.707,0.415,0.481,0.415,0.081,0.481,0.707,0.081,0.71,0.415,0.06,0.959,0.415,0.081,0.078,0.06,0.679,0.06,0.631,0.72,0.307,0.664,0.101,0.664,0.664,0.066,0.066,0.066,0.425,0.101,0.664,0.101,0.307,0.425,0.472,0.734,0.472,0.249,0.249,0.249,0.778,0.26,0.991,0.896,0.221,0.875,0.303,0.221,0.84,0.26,0.193,0.923,0.697,0.193,0.303,0.898,0.827,0.8,0.26,0.992,0.895,0.916,0.235,0.193,0.2,0.235,0.235,0.896,0.293,0.164,0.889,0.293,0.293,0.901,0.755,0.109,0.109,0.178,0.338,0.564,0.922,0.578,0.786,0.816,0.727,0.124,0.923,0.564,0.77,0.916,0.741,0.94,0.767,0.241,0.91,0.518,0.241,0.461,0.913,0.183,0.918,0.357,0.948,0.148,0.457,0.377,0.425,0.148,0.187,0.744,0.925,0.409,0.187,0.925,0.187,0.148,0.922,0.295,0.392,0.306,0.621,0.852,0.591,0.942,0.7,0.309,0.805,0.401,0.787,0.625,0.63,0.562,0.615,0.794,0.781,0.804
0.512,0.512,0.51,0.51,0.648,0.637,0.558,0.49,0.651,0.405,0.49,0.576,0.441,0.648,0.576,0.49,0.441,0.648,0.028,0.441,0.607,0.432,0.607,0.36,0.441,0.558,0.36,0.49,0.445,0.405,0.445,0.432,0.335,0.479,0.568,0.479,0.116,0.568,0.335,0.116,1.0,0.479,0.103,0.924,0.479,0.116,0.031,0.103,0.892,0.103,0.687,0.998,0.362,0.331,0.265,0.331,0.336,0.247,0.247,0.247,0.442,0.265,0.336,0.265,0.362,0.442,0.403,0.989,0.403,0.533,0.533,0.533,0.986,0.613,0.889,0.929,0.558,0.984,0.679,0.558,0.945,0.613,0.417,0.942,0.981,0.417,0.679,0.926,0.949,0.983,0.613,0.982,0.945,0.945,0.997,0.417,0.1,0.997,0.997,0.929,1.0,0.642,0.994,1.0,1.0,0.99,0.916,0.134,0.134,0.169,0.281,0.504,0.618,0.519,0.948,0.995,0.989,0.587,0.57,0.504,0.839,0.53,0.987,0.655,0.946,0.123,0.999,0.301,0.123,0.616,0.682,0.482,0.678,0.267,0.999,0.278,0.329,0.166,0.511,0.278,0.318,0.993,0.965,0.334,0.318,0.984,0.318,0.278,0.963,0.371,0.247,0.305,0.485,0.995,0.337,0.969,0.421,0.312,0.561,0.242,0.533,0.487,0.338,0.393,0.405,0.673,0.639,0.633
0.228,0.228,0.185,0.185,0.576,0.949,0.181,0.349,0.963,0.253,0.349,0.261,0.329,0.576,0.261,0.349,0.329,0.576,0.446,0.329,0.247,0.286,0.247,0.307,0.329,0.181,0.307,0.349,0.332,0.253,0.332,0.286,0.576,0.42,0.187,0.42,0.462,0.187,0.576,0.462,0.607,0.42,0.437,0.418,0.42,0.462,0.553,0.437,0.681,0.437,0.99,0.601,0.376,0.529,0.597,0.529,0.522,0.6,0.6,0.6,0.375,0.597,0.522,0.597,0.376,0.375,0.407,0.615,0.407,0.496,0.496,0.496,0.69,0.593,0.459,0.374,0.295,0.628,0.224,0.295,0.554,0.593,0.476,0.478,0.63,0.476,0.224,0.388,0.572,0.328,0.593,0.477,0.351,0.465,0.353,0.476,0.57,0.353,0.353,0.363,0.261,0.309,0.553,0.261,0.261,0.503,0.515,0.42,0.42,0.517,0.309,0.209,0.315,0.508,0.563,0.267,0.512,0.355,0.287,0.209,0.487,0.297,0.612,0.397,0.654,0.491,0.303,0.267,0.491,0.229,0.4,0.388,0.398,0.459,0.4,0.471,0.294,0.536,0.281,0.471,0.404,0.58,0.832,0.385,0.404,0.374,0.404,0.471,0.83,0.709,0.391,0.712,0.158,0.312,0.094,0.748,0.411,0.721,0.152,0.39,0.164,0.147,0.139,0.099,0.134,0.15,0.158,0.542
0.751,0.751,0.893,0.893,0.982,0.718,0.664,0.655,0.724,0.54,0.655,0.725,0.558,0.982,0.725,0.655,0.558,0.982,0.122,0.558,0.978,0.576,0.978,0.539,0.558,0.664,0.539,0.655,0.604,0.54,0.604,0.576,0.91,0.558,0.61,0.558,0.92,0.61,0.91,0.92,0.452,0.558,0.923,0.626,0.558,0.92,0.158,0.923,0.947,0.923,0.735,0.458,0.924,0.867,0.888,0.867,0.892,0.896,0.896,0.896,0.65,0.888,0.892,0.888,0.924,0.65,0.518,0.924,0.518,0.928,0.928,0.928,0.35,0.821,0.627,0.744,0.985,0.993,0.978,0.985,0.732,0.821,0.91,0.707,0.889,0.91,0.978,0.757,0.733,0.991,0.821,0.605,0.721,0.693,0.96,0.91,0.093,0.96,0.96,0.731,0.949,0.973,0.99,0.949,0.949,0.971,0.718,0.991,0.991,0.98,0.928,0.97,0.985,0.907,0.654,0.981,0.155,0.968,0.987,0.97,0.692,0.985,0.176,0.985,0.704,0.987,0.992,0.226,0.987,0.584,0.97,0.937,0.961,0.923,0.634,0.912,0.335,0.978,0.302,0.912,0.908,0.601,0.972,0.184,0.908,0.299,0.908,0.912,0.98,0.11,0.184,0.1,0.367,0.288,0.416,0.975,0.302,0.099,0.368,0.186,0.371,0.371,0.343,0.491,0.469,0.359,0.274,0.498
0.596,0.596,0.534,0.534,0.241,0.692,0.534,0.598,0.722,0.324,0.598,0.476,0.636,0.241,0.476,0.598,0.636,0.241,0.946,0.636,0.615,0.341,0.615,0.493,0.636,0.534,0.493,0.598,0.421,0.324,0.421,0.341,0.091,0.549,0.565,0.549,0.293,0.565,0.091,0.293,0.332,0.549,0.287,0.601,0.549,0.293,0.959,0.287,0.089,0.287,0.772,0.326,0.118,0.108,0.261,0.108,0.107,0.272,0.272,0.272,0.43,0.261,0.107,0.261,0.118,0.43,0.562,0.075,0.562,0.342,0.342,0.342,0.526,0.366,0.371,0.345,0.102,0.132,0.1,0.102,0.431,0.366,0.188,0.435,0.075,0.188,0.1,0.369,0.4,0.212,0.366,0.391,0.396,0.42,0.369,0.188,0.867,0.369,0.369,0.405,0.331,0.09,0.132,0.331,0.331,0.082,0.282,0.242,0.242,0.239,0.241,0.405,0.674,0.42,0.45,0.208,0.226,0.067,0.698,0.405,0.29,0.693,0.225,0.698,0.406,0.247,0.103,0.753,0.247,0.44,0.6,0.113,0.582,0.287,0.126,0.12,0.741,0.255,0.778,0.12,0.196,0.162,0.364,0.608,0.196,0.243,0.196,0.12,0.376,0.573,0.683,0.501,0.798,0.239,0.733,0.441,0.868,0.581,0.877,0.634,0.849,0.841,0.768,0.721,0.753,0.799,0.783,0.925
0.207,0.207,0.215,0.215,0.746,0.493,0.271,0.146,0.444,0.205,0.146,0.194,0.132,0.746,0.194,0.146,0.132,0.746,0.464,0.132,0.224,0.196,0.224,0.123,0.132,0.271,0.123,0.146,0.129,0.205,0.129,0.196,0.518,0.133,0.267,0.133,0.878,0.267,0.518,0.878,0.429,0.133,0.896,0.481,0.133,0.878,0.529,0.896,0.775,0.896,0.523,0.477,0.684,0.419,0.83,0.419,0.432,0.847,0.847,0.847,0.22,0.83,0.432,0.83,0.684,0.22,0.13,0.814,0.13,0.387,0.387,0.387,0.313,0.806,0.341,0.24,0.701,0.636,0.7,0.701,0.36,0.806,0.81,0.269,0.852,0.81,0.7,0.211,0.313,0.682,0.806,0.36,0.227,0.309,0.633,0.81,0.774,0.633,0.633,0.188,0.652,0.767,0.648,0.652,0.652,0.761,0.107,0.821,0.821,0.781,0.18,0.891,0.077,0.898,0.137,0.698,0.778,0.776,0.062,0.891,0.106,0.068,0.812,0.081,0.147,0.796,0.878,0.944,0.796,0.509,0.081,0.733,0.072,0.234,0.919,0.85,0.956,0.775,0.94,0.85,0.849,0.87,0.233,0.933,0.849,0.796,0.849,0.85,0.207,0.814,0.943,0.853,0.979,0.816,0.978,0.143,0.787,0.851,0.85,0.932,0.84,0.987,0.976,0.98,0.977,0.85,0.838,0.964
0.138,0.138,0.103,0.103,0.866,0.896,0.242,0.341,0.858,0.593,0.341,0.253,0.397,0.866,0.253,0.341,0.397,0.866,0.914,0.397,0.133,0.603,0.133,0.399,0.397,0.242,0.399,0.341,0.339,0.593,0.339,0.603,0.652,0.372,0.241,0.372,0.924,0.241,0.652,0.924,0.297,0.372,0.914,0.462,0.372,0.924,0.864,0.914,0.901,0.914,0.853,0.281,0.983,0.54,0.962,0.54,0.577,0.96,0.96,0.96,0.538,0.962,0.577,0.962,0.983,0.538,0.334,0.855,0.334,0.956,0.956,0.956,0.462,0.902,0.422,0.38,0.938,0.176,0.928,0.938,0.422,0.902,0.853,0.335,0.82,0.853,0.928,0.281,0.434,0.244,0.902,0.388,0.426,0.477,0.849,0.853,0.885,0.849,0.849,0.278,0.862,0.892,0.176,0.862,0.862,0.209,0.373,0.918,0.918,0.89,0.558,0.904,0.275,0.895,0.441,0.242,0.179,0.897,0.266,0.904,0.395,0.259,0.172,0.302,0.449,0.94,0.265,0.871,0.94,0.388,0.309,0.968,0.307,0.451,0.103,0.905,0.816,0.907,0.911,0.905,0.899,0.489,0.872,0.924,0.899,0.149,0.899,0.905,0.873,0.872,0.964,0.904,0.541,0.145,0.541,0.94,0.342,0.899,0.315,0.97,0.329,0.53,0.519,0.569,0.511,0.124,0.126,0.27
0.643,0.643,0.686,0.686,0.625,0.232,0.871,0.89,0.237,0.67,0.89,0.875,0.891,0.625,0.875,0.89,0.891,0.625,0.683,0.891,0.969,0.697,0.969,0.891,0.891,0.871,0.891,0.89,0.893,0.67,0.893,0.697,0.484,0.877,0.888,0.877,0.351,0.888,0.484,0.351,0.619,0.877,0.299,0.584,0.877,0.351,0.75,0.299,0.856,0.299,0.299,0.608,0.628,0.457,0.313,0.457,0.451,0.291,0.291,0.291,0.676,0.313,0.451,0.313,0.628,0.676,0.874,0.922,0.874,0.493,0.493,0.493,0.696,0.627,0.668,0.313,0.267,0.759,0.213,0.267,0.563,0.627,0.666,0.571,0.939,0.666,0.213,0.315,0.643,0.864,0.627,0.646,0.327,0.519,0.191,0.666,0.419,0.191,0.191,0.339,0.187,0.279,0.807,0.187,0.187,0.815,0.44,0.428,0.428,0.463,0.042,0.846,0.134,0.889,0.578,0.877,0.661,0.33,0.132,0.846,0.406,0.134,0.652,0.385,0.62,0.445,0.801,0.596,0.445,0.155,0.373,0.578,0.352,0.07,0.774,0.304,0.64,0.489,0.691,0.304,0.273,0.57,0.196,0.634,0.273,0.847,0.273,0.304,0.146,0.606,0.546,0.611,0.843,0.846,0.828,0.135,0.605,0.58,0.618,0.492,0.583,0.852,0.839,0.83,0.84,0.323,0.266,0.932
0.405,0.405,0.388,0.388,0.567,0.857,0.459,0.869,0.82,0.772,0.869,0.495,0.874,0.567,0.495,0.869,0.874,0.567,0.391,0.874,0.237,0.795,0.237,0.822,0.874,0.459,0.822,0.869,0.832,0.772,0.832,0.795,0.753,0.909,0.497,0.909,0.122,0.497,0.753,0.122,0.508,0.909,0.101,0.122,0.909,0.122,0.303,0.101,0.215,0.101,0.828,0.506,0.896,0.732,0.572,0.732,0.723,0.503,0.503,0.503,0.792,0.572,0.723,0.572,0.896,0.792,0.86,0.193,0.86,0.92,0.92,0.92,0.431,0.053,0.091,0.315,0.977,0.634,0.981,0.977,0.371,0.053,0.849,0.401,0.212,0.849,0.981,0.329,0.451,0.479,0.053,0.098,0.319,0.387,0.94,0.849,0.179,0.94,0.94,0.324,0.905,0.967,0.517,0.905,0.905,0.285,0.299,0.051,0.051,0.038,0.127,0.207,0.266,0.172,0.36,0.404,0.696,0.97,0.268,0.207,0.292,0.267,0.658,0.269,0.367,0.068,0.316,0.348,0.068,0.223,0.284,0.929,0.288,0.159,0.356,0.917,0.336,0.056,0.479,0.917,0.915,0.771,0.295,0.505,0.915,0.459,0.915,0.917,0.295,0.355,0.506,0.32,0.447,0.451,0.412,0.33,0.718,0.294,0.67,0.482,0.589,0.414,0.432,0.4,0.422,0.661,0.617,0.818
0.184,0.184,0.242,0.242,0.517,0.423,0.191,0.108,0.41,0.17,0.108,0.138,0.162,0.517,0.138,0.108,0.162,0.517,0.242,0.162,0.215,0.129,0.215,0.15,0.162,0.191,0.15,0.108,0.098,0.17,0.098,0.129,0.396,0.129,0.19,0.129,0.347,0.19,0.396,0.347,0.467,0.129,0.33,0.207,0.129,0.347,0.207,0.33,0.091,0.33,0.415,0.527,0.228,0.521,0.334,0.521,0.583,0.295,0.295,0.295,0.173,0.334,0.583,0.334,0.228,0.173,0.123,0.115,0.123,0.223,0.223,0.223,0.659,0.485,0.25,0.174,0.235,0.169,0.201,0.235,0.507,0.485,0.561,0.345,0.112,0.561,0.201,0.206,0.405,0.149,0.485,0.263,0.176,0.356,0.176,0.561,0.64,0.176,0.176,0.2,0.148,0.321,0.187,0.148,0.148,0.198,0.171,0.061,0.061,0.06,0.173,0.017,0.304,0.019,0.315,0.181,0.535,0.407,0.455,0.017,0.159,0.629,0.445,0.246,0.333,0.039,0.287,0.19,0.039,0.101,0.275,0.425,0.339,0.125,0.277,0.341,0.157,0.039,0.197,0.341,0.269,0.54,0.066,0.136,0.269,0.168,0.269,0.341,0.063,0.112,0.135,0.117,0.404,0.202,0.358,0.065,0.396,0.119,0.472,0.132,0.5,0.401,0.287,0.335,0.271,0.541,0.51,0.627
0.052,0.052,0.051,0.051,0.13,0.199,0.028,0.07,0.212,0.057,0.07,0.029,0.086,0.13,0.029,0.07,0.086,0.13,0.684,0.086,0.015,0.044,0.015,0.087,0.086,0.028,0.087,0.07,0.048,0.057,0.048,0.044,0.78,0.039,0.013,0.039,0.379,0.013,0.78,0.379,0.533,0.039,0.355,0.06,0.039,0.379,0.437,0.355,0.101,0.355,0.239,0.553,0.204,0.875,0.385,0.875,0.887,0.352,0.352,0.352,0.047,0.385,0.887,0.385,0.204,0.047,0.048,0.118,0.048,0.216,0.216,0.216,0.395,0.162,0.072,0.817,0.428,0.278,0.518,0.428,0.773,0.162,0.162,0.752,0.109,0.162,0.518,0.827,0.792,0.171,0.162,0.068,0.821,0.758,0.539,0.162,0.668,0.539,0.539,0.832,0.721,0.158,0.246,0.721,0.721,0.255,0.797,0.634,0.634,0.634,0.871,0.384,0.431,0.361,0.735,0.178,0.177,0.172,0.482,0.384,0.753,0.473,0.189,0.557,0.788,0.687,0.181,0.012,0.687,0.563,0.575,0.13,0.587,0.847,0.207,0.207,0.014,0.686,0.016,0.207,0.202,0.123,0.557,0.013,0.202,0.328,0.202,0.207,0.528,0.007,0.005,0.007,0.003,0.324,0.002,0.473,0.024,0.007,0.021,0.003,0.017,0.006,0.001,0.006,0.005,0.022,0.029,0.021
0.772,0.772,0.715,0.715,0.919,0.791,0.611,0.501,0.75,0.29,0.501,0.62,0.442,0.919,0.62,0.501,0.442,0.919,0.813,0.442,0.832,0.381,0.832,0.461,0.442,0.611,0.461,0.501,0.568,0.29,0.568,0.381,0.155,0.567,0.662,0.567,0.76,0.662,0.155,0.76,0.021,0.567,0.739,0.012,0.567,0.76,0.841,0.739,0.04,0.739,0.778,0.021,0.488,0.155,0.807,0.155,0.145,0.758,0.758,0.758,0.468,0.807,0.145,0.807,0.488,0.468,0.575,0.032,0.575,0.447,0.447,0.447,0.023,0.889,0.009,0.023,0.561,0.063,0.63,0.561,0.023,0.889,0.59,0.024,0.037,0.59,0.63,0.022,0.023,0.01,0.889,0.009,0.022,0.025,0.337,0.59,0.812,0.337,0.337,0.022,0.404,0.531,0.063,0.404,0.404,0.08,0.02,0.728,0.728,0.784,0.631,0.991,0.059,0.981,0.025,0.015,0.006,0.475,0.057,0.991,0.021,0.057,0.006,0.048,0.025,0.708,0.024,0.782,0.708,0.876,0.051,0.467,0.052,0.483,0.016,0.552,0.77,0.766,0.759,0.552,0.656,0.013,0.606,0.491,0.656,0.005,0.656,0.552,0.641,0.807,0.573,0.775,0.844,0.006,0.906,0.482,0.95,0.84,0.973,0.552,0.964,0.873,0.913,0.901,0.892,0.994,0.992,0.921
0.394,0.394,0.376,0.376,0.782,0.409,0.33,0.371,0.399,0.188,0.371,0.349,0.265,0.782,0.349,0.371,0.265,0.782,0.69,0.265,0.356,0.257,0.356,0.233,0.265,0.33,0.233,0.371,0.3,0.188,0.3,0.257,0.077,0.245,0.269,0.245,0.786,0.269,0.077,0.786,0.391,0.245,0.86,0.265,0.245,0.786,0.823,0.86,0.43,0.86,0.362,0.398,0.669,0.142,0.765,0.142,0.159,0.835,0.835,0.835,0.148,0.765,0.159,0.765,0.669,0.148,0.249,0.454,0.249,0.641,0.641,0.641,0.357,0.864,0.223,0.276,0.599,0.629,0.566,0.599,0.319,0.864,0.619,0.338,0.456,0.619,0.566,0.289,0.334,0.58,0.864,0.254,0.278,0.254,0.522,0.619,0.784,0.522,0.522,0.279,0.493,0.647,0.612,0.493,0.493,0.549,0.323,0.956,0.956,0.949,0.996,0.986,0.557,0.983,0.35,0.666,0.626,0.629,0.477,0.986,0.35,0.449,0.753,0.687,0.363,0.931,0.436,0.462,0.931,0.995,0.515,0.747,0.493,0.985,0.728,0.723,0.449,0.926,0.616,0.723,0.658,0.53,0.444,0.325,0.658,0.746,0.658,0.723,0.443,0.373,0.341,0.382,0.477,0.62,0.31,0.34,0.385,0.41,0.37,0.418,0.354,0.544,0.335,0.278,0.287,0.331,0.306,0.307
0.209,0.209,0.206,0.206,0.934,0.428,0.022,0.023,0.282,0.01,0.023,0.025,0.019,0.934,0.025,0.023,0.019,0.934,0.491,0.019,0.244,0.017,0.244,0.018,0.019,0.022,0.018,0.023,0.025,0.01,0.025,0.017,0.965,0.022,0.031,0.022,0.807,0.031,0.965,0.807,0.188,0.022,0.676,0.166,0.022,0.807,0.379,0.676,0.173,0.676,0.196,0.16,0.848,0.965,0.905,0.965,0.965,0.81,0.81,0.81,0.016,0.905,0.965,0.905,0.848,0.016,0.025,0.092,0.025,0.676,0.676,0.676,0.305,0.907,0.143,0.612,0.941,0.122,0.941,0.941,0.283,0.907,0.85,0.445,0.087,0.85,0.941,0.491,0.241,0.078,0.907,0.148,0.616,0.482,0.871,0.85,0.601,0.871,0.871,0.467,0.934,0.894,0.087,0.934,0.934,0.195,0.556,0.903,0.903,0.901,0.822,0.632,0.673,0.702,0.435,0.073,0.072,0.889,0.697,0.632,0.56,0.692,0.084,0.705,0.242,0.939,0.173,0.401,0.939,0.745,0.761,0.85,0.737,0.864,0.394,0.9,0.354,0.929,0.389,0.9,0.9,0.062,0.22,0.832,0.9,0.262,0.9,0.9,0.19,0.866,0.803,0.857,0.251,0.186,0.192,0.194,0.166,0.865,0.533,0.806,0.417,0.248,0.191,0.168,0.167,0.41,0.415,0.297
0.443,0.443,0.437,0.437,0.176,0.273,0.39,0.401,0.26,0.685,0.401,0.456,0.341,0.176,0.456,0.401,0.341,0.176,0.601,0.341,0.435,0.689,0.435,0.311,0.341,0.39,0.311,0.401,0.373,0.685,0.373,0.689,0.541,0.366,0.412,0.366,0.186,0.412,0.541,0.186,0.68,0.366,0.146,0.128,0.366,0.186,0.56,0.146,0.382,0.146,0.293,0.696,0.078,0.501,0.175,0.501,0.509,0.141,0.141,0.141,0.687,0.175,0.509,0.175,0.078,0.687,0.322,0.317,0.322,0.246,0.246,0.246,0.483,0.239,0.183,0.384,0.062,0.418,0.069,0.062,0.564,0.239,0.115,0.526,0.355,0.115,0.069,0.419,0.579,0.505,0.239,0.18,0.358,0.443,0.252,0.115,0.645,0.252,0.252,0.427,0.281,0.116,0.468,0.281,0.281,0.558,0.317,0.039,0.039,0.03,0.112,0.037,0.145,0.034,0.39,0.614,0.709,0.109,0.143,0.037,0.33,0.14,0.736,0.178,0.517,0.032,0.514,0.101,0.032,0.076,0.17,0.12,0.186,0.076,0.531,0.076,0.248,0.024,0.095,0.076,0.085,0.768,0.07,0.499,0.085,0.6,0.085,0.076,0.068,0.532,0.589,0.472,0.144,0.648,0.234,0.064,0.797,0.401,0.915,0.529,0.911,0.116,0.211,0.254,0.239,0.213,0.231,0.189
0.023,0.023,0.023,0.023,0.762,0.324,0.05,0.055,0.365,0.038,0.055,0.043,0.053,0.762,0.043,0.055,0.053,0.762,0.829,0.053,0.012,0.049,0.012,0.059,0.053,0.05,0.059,0.055,0.065,0.038,0.065,0.049,0.672,0.055,0.054,0.055,0.947,0.054,0.672,0.947,0.245,0.055,0.911,0.016,0.055,0.947,0.98,0.911,0.093,0.911,0.324,0.241,0.953,0.505,1.0,0.505,0.508,0.996,0.996,0.996,0.061,1.0,0.508,1.0,0.953,0.061,0.066,0.099,0.066,0.944,0.944,0.944,0.184,0.541,0.014,0.19,0.9,0.053,0.938,0.9,0.389,0.541,0.779,0.271,0.101,0.779,0.938,0.179,0.39,0.121,0.541,0.015,0.161,0.282,0.832,0.779,0.587,0.832,0.832,0.163,0.891,0.945,0.05,0.891,0.891,0.037,0.2,0.982,0.982,0.996,1.0,0.977,0.662,0.979,0.249,0.092,0.227,0.906,0.675,0.977,0.194,0.65,0.256,0.722,0.266,0.934,0.075,0.03,0.934,0.988,0.668,0.944,0.66,0.997,0.09,0.985,0.028,0.98,0.035,0.985,0.964,0.379,0.523,0.03,0.964,0.157,0.964,0.985,0.504,0.018,0.021,0.015,0.052,0.128,0.059,0.402,0.07,0.016,0.122,0.02,0.133,0.05,0.061,0.047,0.049,0.096,0.08,0.111
0.924,0.924,0.869,0.869,0.666,0.848,0.831,0.867,0.854,0.824,0.867,0.807,0.885,0.666,0.807,0.867,0.885,0.666,0.098,0.885,0.874,0.855,0.874,0.884,0.885,0.831,0.884,0.867,0.863,0.824,0.863,0.855,0.599,0.895,0.861,0.895,0.359,0.861,0.599,0.359,0.947,0.895,0.366,0.903,0.895,0.359,0.097,0.366,0.877,0.366,0.866,0.95,0.388,0.663,0.53,0.663,0.642,0.535,0.535,0.535,0.739,0.53,0.642,0.53,0.388,0.739,0.785,0.904,0.785,0.961,0.961,0.961,0.988,0.535,0.884,0.876,0.496,0.618,0.492,0.496,0.918,0.535,0.539,0.813,0.9,0.539,0.492,0.832,0.939,0.599,0.535,0.874,0.897,0.86,0.895,0.539,0.175,0.895,0.895,0.864,0.921,0.235,0.639,0.921,0.921,0.711,0.851,0.267,0.267,0.192,0.382,0.763,0.771,0.753,0.866,0.593,0.706,0.245,0.821,0.763,0.872,0.823,0.68,0.632,0.907,0.266,0.588,0.447,0.266,0.797,0.684,0.282,0.663,0.288,0.648,0.483,0.445,0.181,0.452,0.483,0.48,0.704,0.336,0.367,0.48,0.652,0.48,0.483,0.309,0.223,0.374,0.263,0.597,0.685,0.61,0.386,0.689,0.263,0.665,0.359,0.669,0.65,0.58,0.644,0.631,0.701,0.788,0.597
0.012,0.012,0.014,0.014,0.606,0.195,0.153,0.102,0.193,0.097,0.102,0.109,0.134,0.606,0.109,0.102,0.134,0.606,0.962,0.134,0.016,0.087,0.016,0.154,0.134,0.153,0.154,0.102,0.127,0.097,0.127,0.087,0.056,0.115,0.125,0.115,0.686,0.125,0.056,0.686,0.598,0.115,0.671,0.165,0.115,0.686,0.945,0.671,0.153,0.671,0.199,0.582,0.364,0.057,0.641,0.057,0.058,0.631,0.631,0.631,0.07,0.641,0.058,0.641,0.364,0.07,0.121,0.132,0.121,0.187,0.187,0.187,0.484,0.618,0.16,0.792,0.314,0.427,0.316,0.314,0.63,0.618,0.424,0.808,0.142,0.424,0.316,0.792,0.743,0.474,0.618,0.153,0.785,0.811,0.169,0.424,0.932,0.169,0.169,0.787,0.165,0.37,0.408,0.165,0.165,0.325,0.806,0.798,0.798,0.826,0.325,0.822,0.565,0.839,0.826,0.435,0.158,0.369,0.572,0.822,0.795,0.577,0.211,0.545,0.794,0.846,0.382,0.126,0.846,0.371,0.583,0.373,0.558,0.371,0.568,0.518,0.104,0.873,0.1,0.518,0.509,0.495,0.554,0.204,0.509,0.651,0.509,0.518,0.554,0.127,0.195,0.112,0.175,0.646,0.219,0.565,0.006,0.112,0.016,0.187,0.012,0.196,0.228,0.223,0.223,0.032,0.025,0.029
0.657,0.657,0.688,0.688,0.029,0.517,0.863,0.855,0.496,0.886,0.855,0.822,0.877,0.029,0.822,0.855,0.877,0.029,0.056,0.877,0.81,0.764,0.81,0.835,0.877,0.863,0.835,0.855,0.809,0.886,0.809,0.764,0.525,0.727,0.768,0.727,0.016,0.768,0.525,0.016,0.638,0.727,0.015,0.683,0.727,0.016,0.066,0.015,0.166,0.015,0.537,0.701,0.02,0.435,0.016,0.435,0.427,0.015,0.015,0.015,0.726,0.016,0.427,0.016,0.02,0.726,0.726,0.19,0.726,0.016,0.016,0.016,0.853,0.022,0.706,0.554,0.018,0.409,0.02,0.018,0.756,0.022,0.014,0.641,0.187,0.014,0.02,0.576,0.767,0.455,0.022,0.71,0.667,0.594,0.023,0.014,0.05,0.023,0.023,0.667,0.022,0.015,0.472,0.022,0.022,0.393,0.594,0.044,0.044,0.049,0.374,0.081,0.386,0.085,0.63,0.5,0.682,0.013,0.358,0.081,0.682,0.319,0.718,0.432,0.759,0.063,0.418,0.097,0.063,0.475,0.403,0.016,0.404,0.353,0.451,0.012,0.097,0.063,0.084,0.012,0.013,0.7,0.807,0.063,0.013,0.546,0.013,0.012,0.836,0.139,0.055,0.152,0.138,0.517,0.206,0.84,0.189,0.151,0.303,0.053,0.281,0.133,0.218,0.229,0.234,0.129,0.152,0.1
0.685,0.685,0.782,0.782,0.971,0.268,0.98,0.993,0.251,0.97,0.993,0.988,0.968,0.971,0.988,0.993,0.968,0.971,0.952,0.968,0.753,0.988,0.753,0.978,0.968,0.98,0.978,0.993,0.99,0.97,0.99,0.988,0.805,0.986,0.989,0.986,0.828,0.989,0.805,0.828,0.195,0.986,0.821,0.773,0.986,0.828,0.96,0.821,0.346,0.821,0.364,0.2,0.997,0.825,0.966,0.825,0.82,0.957,0.957,0.957,0.979,0.966,0.82,0.966,0.997,0.979,0.996,0.394,0.996,0.974,0.974,0.974,0.123,0.764,0.823,0.156,0.983,0.108,0.992,0.983,0.166,0.764,0.98,0.189,0.454,0.98,0.992,0.138,0.162,0.128,0.764,0.897,0.146,0.191,0.949,0.98,0.597,0.949,0.949,0.139,0.948,0.988,0.13,0.948,0.948,0.15,0.118,0.909,0.909,0.974,0.998,0.963,0.065,0.969,0.158,0.131,0.126,0.98,0.059,0.963,0.115,0.061,0.132,0.072,0.121,0.925,0.18,0.304,0.925,0.99,0.074,0.994,0.075,0.998,0.261,0.928,0.391,0.985,0.049,0.928,0.912,0.09,0.835,0.059,0.912,0.274,0.912,0.928,0.822,0.07,0.086,0.071,0.078,0.337,0.496,0.841,0.12,0.07,0.095,0.097,0.082,0.092,0.51,0.536,0.547,0.189,0.212,0.049
0.59,0.59,0.508,0.508,0.621,0.835,0.415,0.576,0.865,0.274,0.576,0.527,0.45,0.621,0.527,0.576,0.45,0.621,0.07,0.45,0.446,0.329,0.446,0.411,0.45,0.415,0.411,0.576,0.541,0.274,0.541,0.329,0.092,0.459,0.405,0.459,0.723,0.405,0.092,0.723,0.279,0.459,0.716,0.237,0.459,0.723,0.096,0.716,0.099,0.716,0.929,0.261,0.826,0.126,0.658,0.126,0.127,0.623,0.623,0.623,0.279,0.658,0.127,0.658,0.826,0.279,0.422,0.094,0.422,0.719,0.719,0.719,0.266,0.548,0.242,0.165,0.753,0.1,0.782,0.753,0.215,0.548,0.732,0.223,0.106,0.732,0.782,0.157,0.194,0.05,0.548,0.244,0.168,0.211,0.707,0.732,0.053,0.707,0.707,0.162,0.73,0.467,0.097,0.73,0.73,0.083,0.147,0.547,0.547,0.563,0.321,0.613,0.054,0.709,0.207,0.056,0.029,0.414,0.052,0.613,0.143,0.052,0.055,0.051,0.178,0.685,0.039,0.761,0.685,0.459,0.064,0.412,0.064,0.284,0.04,0.671,0.796,0.698,0.686,0.671,0.73,0.05,0.686,0.539,0.73,0.038,0.73,0.671,0.708,0.425,0.587,0.465,0.468,0.037,0.652,0.815,0.705,0.467,0.664,0.642,0.675,0.502,0.592,0.614,0.603,0.646,0.663,0.761
0.545,0.545,0.537,0.537,0.131,0.447,0.341,0.273,0.422,0.145,0.273,0.359,0.266,0.131,0.359,0.273,0.266,0.131,0.889,0.266,0.458,0.156,0.458,0.259,0.266,0.341,0.259,0.273,0.294,0.145,0.294,0.156,0.082,0.293,0.385,0.293,0.212,0.385,0.082,0.212,0.828,0.293,0.19,0.655,0.293,0.212,0.868,0.19,0.094,0.19,0.515,0.832,0.019,0.08,0.278,0.08,0.079,0.24,0.24,0.24,0.129,0.278,0.079,0.278,0.019,0.129,0.246,0.077,0.246,0.03,0.03,0.03,0.913,0.127,0.701,0.979,0.09,0.266,0.088,0.09,0.906,0.127,0.035,0.983,0.088,0.035,0.088,0.977,0.901,0.312,0.127,0.673,0.975,0.987,0.279,0.035,0.975,0.279,0.279,0.971,0.232,0.181,0.267,0.232,0.232,0.375,0.987,0.375,0.375,0.354,0.671,0.351,0.671,0.342,0.99,0.388,0.491,0.103,0.615,0.351,0.977,0.608,0.314,0.746,0.929,0.434,0.437,0.477,0.434,0.485,0.714,0.036,0.711,0.734,0.491,0.123,0.458,0.431,0.47,0.123,0.136,0.596,0.425,0.975,0.136,0.358,0.136,0.123,0.43,0.827,0.908,0.757,0.478,0.43,0.449,0.47,0.443,0.792,0.396,0.92,0.41,0.54,0.507,0.487,0.522,0.367,0.361,0.609
0.859,0.859,0.888,0.888,0.22,0.591,0.779,0.768,0.612,0.49,0.768,0.769,0.74,0.22,0.769,0.768,0.74,0.22,0.559,0.74,0.958,0.562,0.958,0.698,0.74,0.779,0.698,0.768,0.739,0.49,0.739,0.562,0.548,0.783,0.797,0.783,0.331,0.797,0.548,0.331,0.803,0.783,0.348,0.896,0.783,0.331,0.425,0.348,0.79,0.348,0.596,0.74,0.104,0.56,0.173,0.56,0.582,0.157,0.157,0.157,0.572,0.173,0.582,0.173,0.104,0.572,0.725,0.907,0.725,0.094,0.094,0.094,0.943,0.274,0.932,0.564,0.082,0.773,0.087,0.082,0.702,0.274,0.087,0.62,0.897,0.087,0.087,0.561,0.687,0.805,0.274,0.89,0.58,0.626,0.052,0.087,0.534,0.052,0.052,0.537,0.059,0.11,0.733,0.059,0.059,0.554,0.579,0.523,0.523,0.578,0.694,0.786,0.544,0.8,0.636,0.817,0.894,0.088,0.5,0.786,0.583,0.486,0.891,0.555,0.709,0.543,0.627,0.369,0.543,0.522,0.58,0.109,0.559,0.669,0.631,0.093,0.491,0.593,0.474,0.093,0.119,0.816,0.683,0.495,0.119,0.789,0.119,0.093,0.723,0.522,0.444,0.586,0.718,0.786,0.628,0.774,0.915,0.559,0.926,0.463,0.924,0.644,0.61,0.668,0.715,0.851,0.801,0.924
0.309,0.309,0.267,0.267,0.732,0.433,0.324,0.228,0.434,0.192,0.228,0.355,0.217,0.732,0.355,0.228,0.217,0.732,0.493,0.217,0.371,0.231,0.371,0.231,0.217,0.324,0.231,0.228,0.257,0.192,0.257,0.231,0.662,0.273,0.392,0.273,0.586,0.392,0.662,0.586,0.942,0.273,0.535,0.708,0.273,0.586,0.467,0.535,0.085,0.535,0.492,0.946,0.344,0.76,0.57,0.76,0.804,0.528,0.528,0.528,0.268,0.57,0.804,0.57,0.344,0.268,0.304,0.113,0.304,0.934,0.934,0.934,0.959,0.755,0.666,0.967,0.321,0.248,0.318,0.321,0.871,0.755,0.533,0.966,0.114,0.533,0.318,0.968,0.872,0.277,0.755,0.656,0.957,0.964,0.525,0.533,0.686,0.525,0.525,0.958,0.434,0.281,0.235,0.434,0.434,0.215,0.974,0.812,0.812,0.853,0.853,0.965,0.852,0.961,0.971,0.276,0.264,0.289,0.867,0.965,0.971,0.849,0.302,0.969,0.92,0.9,0.309,0.921,0.9,0.955,0.909,0.428,0.922,0.884,0.38,0.339,0.958,0.922,0.974,0.339,0.358,0.306,0.868,0.922,0.358,0.21,0.358,0.339,0.86,0.935,0.924,0.93,0.673,0.224,0.495,0.905,0.141,0.932,0.397,0.885,0.335,0.656,0.646,0.615,0.701,0.52,0.541,0.2
0.795,0.795,0.954,0.954,0.488,0.351,0.754,0.522,0.356,0.504,0.522,0.597,0.656,0.488,0.597,0.522,0.656,0.488,0.368,0.656,0.829,0.371,0.829,0.633,0.656,0.754,0.633,0.522,0.503,0.504,0.503,0.371,0.721,0.583,0.665,0.583,0.552,0.665,0.721,0.552,0.371,0.583,0.638,0.95,0.583,0.552,0.385,0.638,0.865,0.638,0.367,0.469,0.507,0.789,0.569,0.789,0.731,0.608,0.608,0.608,0.356,0.569,0.731,0.569,0.507,0.356,0.552,0.612,0.552,0.213,0.213,0.213,0.416,0.562,0.818,0.246,0.456,0.716,0.457,0.456,0.365,0.562,0.456,0.291,0.668,0.456,0.457,0.221,0.342,0.808,0.562,0.861,0.259,0.332,0.419,0.456,0.223,0.419,0.419,0.22,0.44,0.491,0.707,0.44,0.44,0.801,0.273,0.881,0.881,0.895,0.783,0.782,0.909,0.837,0.323,0.773,0.82,0.492,0.896,0.782,0.225,0.893,0.825,0.199,0.353,0.793,0.923,0.201,0.793,0.406,0.167,0.51,0.166,0.715,0.623,0.534,0.121,0.815,0.125,0.534,0.554,0.813,0.752,0.228,0.554,0.502,0.554,0.534,0.782,0.282,0.345,0.286,0.22,0.582,0.411,0.771,0.239,0.27,0.208,0.324,0.218,0.22,0.354,0.349,0.344,0.42,0.397,0.358
0.298,0.298,0.288,0.288,0.312,0.831,0.201,0.23,0.826,0.175,0.23,0.256,0.22,0.312,0.256,0.23,0.22,0.312,0.068,0.22,0.424,0.216,0.424,0.214,0.22,0.201,0.214,0.23,0.236,0.175,0.236,0.216,0.13,0.272,0.298,0.272,0.272,0.298,0.13,0.272,0.324,0.272,0.263,0.581,0.272,0.272,0.141,0.263,0.325,0.263,0.835,0.317,0.254,0.124,0.199,0.124,0.124,0.177,0.177,0.177,0.334,0.199,0.124,0.199,0.254,0.334,0.235,0.364,0.235,0.446,0.446,0.446,0.671,0.414,0.418,0.46,0.098,0.675,0.091,0.098,0.466,0.414,0.309,0.466,0.335,0.309,0.091,0.447,0.45,0.77,0.414,0.462,0.457,0.497,0.28,0.309,0.329,0.28,0.28,0.443,0.243,0.113,0.527,0.243,0.243,0.674,0.433,0.322,0.322,0.374,0.796,0.299,0.211,0.708,0.573,0.603,0.463,0.11,0.256,0.299,0.44,0.253,0.545,0.256,0.617,0.498,0.807,0.801,0.498,0.935,0.229,0.274,0.226,0.896,0.697,0.14,0.777,0.494,0.75,0.14,0.137,0.499,0.706,0.51,0.137,0.551,0.137,0.14,0.683,0.794,0.54,0.779,0.904,0.503,0.955,0.662,0.354,0.801,0.579,0.536,0.509,0.924,0.961,0.934,0.935,0.581,0.635,0.692
0.311,0.311,0.349,0.349,0.437,0.545,0.313,0.163,0.569,0.641,0.163,0.32,0.128,0.437,0.32,0.163,0.128,0.437,0.46,0.128,0.362,0.744,0.362,0.134,0.128,0.313,0.134,0.163,0.166,0.641,0.166,0.744,0.305,0.305,0.486,0.305,0.286,0.486,0.305,0.286,0.527,0.305,0.306,0.749,0.305,0.286,0.503,0.306,0.818,0.306,0.672,0.523,0.87,0.363,0.423,0.363,0.371,0.439,0.439,0.439,0.624,0.423,0.371,0.423,0.87,0.624,0.288,0.85,0.288,0.724,0.724,0.724,0.545,0.261,0.849,0.637,0.703,0.533,0.658,0.703,0.674,0.261,0.855,0.748,0.875,0.855,0.658,0.608,0.625,0.693,0.261,0.873,0.635,0.794,0.638,0.855,0.297,0.638,0.638,0.594,0.54,0.617,0.534,0.54,0.54,0.524,0.612,0.183,0.183,0.204,0.458,0.267,0.854,0.28,0.765,0.685,0.749,0.666,0.841,0.267,0.611,0.841,0.713,0.941,0.74,0.189,0.667,0.665,0.189,0.339,0.943,0.845,0.944,0.458,0.706,0.709,0.623,0.194,0.683,0.709,0.663,0.635,0.474,0.416,0.663,0.72,0.663,0.709,0.509,0.378,0.356,0.321,0.809,0.714,0.863,0.591,0.757,0.324,0.49,0.368,0.42,0.845,0.834,0.841,0.844,0.284,0.303,0.824
0.893,0.893,0.895,0.895,0.912,0.472,0.827,0.851,0.608,0.445,0.851,0.832,0.849,0.912,0.832,0.851,0.849,0.912,0.742,0.849,0.851,0.496,0.851,0.778,0.849,0.827,0.778,0.851,0.81,0.445,0.81,0.496,0.656,0.775,0.803,0.775,0.916,0.803,0.656,0.916,0.438,0.775,0.878,0.777,0.775,0.916,0.733,0.878,0.916,0.878,0.837,0.439,0.429,0.668,0.849,0.668,0.683,0.87,0.87,0.87,0.599,0.849,0.683,0.849,0.429,0.599,0.744,0.954,0.744,0.395,0.395,0.395,0.392,0.966,0.641,0.152,0.396,0.919,0.447,0.396,0.293,0.966,0.709,0.201,0.962,0.709,0.447,0.156,0.295,0.916,0.966,0.644,0.158,0.196,0.263,0.709,0.796,0.263,0.263,0.166,0.338,0.419,0.935,0.338,0.338,0.985,0.153,0.633,0.633,0.675,0.167,0.837,0.255,0.725,0.209,0.935,0.808,0.361,0.236,0.837,0.157,0.239,0.803,0.142,0.312,0.637,0.986,0.664,0.637,0.32,0.163,0.669,0.154,0.231,0.947,0.643,0.736,0.688,0.527,0.643,0.671,0.787,0.429,0.841,0.671,0.927,0.671,0.643,0.445,0.747,0.926,0.767,0.658,0.928,0.714,0.545,0.747,0.785,0.77,0.919,0.773,0.664,0.749,0.745,0.779,0.886,0.932,0.502
0.466,0.466,0.374,0.374,0.883,0.118,0.418,0.375,0.122,0.383,0.375,0.445,0.338,0.883,0.445,0.375,0.338,0.883,0.988,0.338,0.427,0.414,0.427,0.377,0.338,0.418,0.377,0.375,0.413,0.383,0.413,0.414,0.312,0.388,0.443,0.388,0.914,0.443,0.312,0.914,0.062,0.388,0.89,0.219,0.388,0.914,0.968,0.89,0.111,0.89,0.062,0.06,0.729,0.352,0.865,0.352,0.37,0.827,0.827,0.827,0.445,0.865,0.37,0.865,0.729,0.445,0.442,0.144,0.442,0.685,0.685,0.685,0.039,0.91,0.234,0.543,0.736,0.368,0.729,0.736,0.056,0.91,0.773,0.027,0.15,0.773,0.729,0.519,0.045,0.463,0.91,0.232,0.529,0.029,0.965,0.773,0.994,0.965,0.965,0.501,0.928,0.759,0.323,0.928,0.928,0.517,0.485,0.338,0.338,0.27,0.059,0.058,0.279,0.056,0.029,0.403,0.414,0.765,0.264,0.058,0.467,0.251,0.353,0.298,0.039,0.258,0.432,0.478,0.258,0.043,0.277,0.754,0.305,0.068,0.519,0.735,0.479,0.204,0.514,0.735,0.804,0.344,0.009,0.352,0.804,0.554,0.804,0.735,0.009,0.338,0.36,0.298,0.741,0.544,0.703,0.008,0.647,0.298,0.682,0.35,0.647,0.793,0.656,0.702,0.638,0.713,0.698,0.833
0.024,0.024,0.032,0.032,0.384,0.3,0.612,0.519,0.303,0.493,0.519,0.565,0.489,0.384,0.565,0.519,0.489,0.384,0.435,0.489,0.029,0.409,0.029,0.583,0.489,0.612,0.583,0.519,0.611,0.493,0.611,0.409,0.457,0.499,0.586,0.499,0.261,0.586,0.457,0.261,0.173,0.499,0.203,0.373,0.499,0.261,0.413,0.203,0.52,0.203,0.315,0.193,0.153,0.298,0.188,0.298,0.291,0.134,0.134,0.134,0.357,0.188,0.291,0.188,0.153,0.357,0.509,0.843,0.509,0.102,0.102,0.102,0.237,0.395,0.408,0.195,0.084,0.925,0.092,0.084,0.289,0.395,0.281,0.258,0.761,0.281,0.092,0.204,0.276,0.936,0.395,0.44,0.188,0.243,0.07,0.281,0.452,0.07,0.07,0.19,0.079,0.088,0.797,0.079,0.079,0.634,0.25,0.277,0.277,0.252,0.283,0.543,0.067,0.69,0.342,0.865,0.614,0.076,0.06,0.543,0.265,0.059,0.674,0.076,0.35,0.363,0.844,0.346,0.363,0.496,0.061,0.224,0.06,0.328,0.661,0.098,0.571,0.344,0.311,0.098,0.128,0.572,0.617,0.342,0.128,0.882,0.128,0.098,0.655,0.369,0.288,0.259,0.467,0.679,0.682,0.689,0.019,0.262,0.027,0.266,0.029,0.602,0.547,0.815,0.808,0.047,0.073,0.04
0.354,0.354,0.339,0.339,0.116,0.759,0.515,0.518,0.745,0.572,0.518,0.535,0.485,0.116,0.535,0.518,0.485,0.116,0.075,0.485,0.429,0.588,0.429,0.522,0.485,0.515,0.522,0.518,0.551,0.572,0.551,0.588,0.443,0.54,0.561,0.54,0.112,0.561,0.443,0.112,0.148,0.54,0.179,0.213,0.54,0.112,0.107,0.179,0.08,0.179,0.782,0.149,0.132,0.46,0.108,0.46,0.472,0.198,0.198,0.198,0.596,0.108,0.472,0.108,0.132,0.596,0.557,0.054,0.557,0.055,0.055,0.055,0.182,0.123,0.182,0.192,0.103,0.072,0.084,0.103,0.258,0.123,0.154,0.17,0.074,0.154,0.084,0.186,0.224,0.079,0.123,0.188,0.174,0.2,0.037,0.154,0.031,0.037,0.037,0.172,0.039,0.1,0.107,0.039,0.039,0.14,0.176,0.127,0.127,0.124,0.161,0.033,0.091,0.042,0.194,0.111,0.167,0.123,0.083,0.033,0.163,0.083,0.169,0.088,0.332,0.106,0.184,0.233,0.106,0.092,0.072,0.1,0.081,0.132,0.275,0.145,0.233,0.106,0.186,0.145,0.117,0.229,0.461,0.16,0.117,0.194,0.117,0.145,0.465,0.085,0.133,0.079,0.329,0.152,0.554,0.491,0.538,0.06,0.547,0.118,0.471,0.378,0.498,0.532,0.487,0.44,0.447,0.325
0.169,0.169,0.197,0.197,0.783,0.081,0.177,0.232,0.074,0.733,0.232,0.165,0.244,0.783,0.165,0.232,0.244,0.783,0.607,0.244,0.184,0.67,0.184,0.21,0.244,0.177,0.21,0.232,0.21,0.733,0.21,0.67,0.551,0.278,0.178,0.278,0.933,0.178,0.551,0.933,0.273,0.278,0.763,0.852,0.278,0.933,0.388,0.763,0.383,0.763,0.078,0.27,0.432,0.477,0.885,0.477,0.479,0.744,0.744,0.744,0.62,0.885,0.479,0.885,0.432,0.62,0.165,0.477,0.165,0.275,0.275,0.275,0.154,0.8,0.8,0.157,0.378,0.783,0.539,0.378,0.179,0.8,0.559,0.249,0.537,0.559,0.539,0.155,0.18,0.858,0.8,0.788,0.111,0.252,0.273,0.559,0.45,0.273,0.273,0.106,0.299,0.516,0.838,0.299,0.299,0.734,0.139,0.016,0.016,0.012,0.013,0.01,0.039,0.008,0.25,0.803,0.543,0.402,0.04,0.01,0.139,0.038,0.574,0.054,0.167,0.008,0.737,0.805,0.008,0.011,0.06,0.469,0.058,0.012,0.668,0.565,0.915,0.005,0.568,0.565,0.841,0.448,0.036,0.574,0.841,0.634,0.841,0.565,0.036,0.556,0.669,0.548,0.575,0.827,0.902,0.034,0.417,0.536,0.713,0.643,0.709,0.543,0.899,0.876,0.884,0.481,0.55,0.185
0.954,0.954,0.953,0.953,0.86,0.39,0.867,0.866,0.39,0.893,0.866,0.88,0.854,0.86,0.88,0.866,0.854,0.86,0.888,0.854,0.957,0.907,0.957,0.738,0.854,0.867,0.738,0.866,0.78,0.893,0.78,0.907,0.858,0.7,0.851,0.7,0.688,0.851,0.858,0.688,0.175,0.7,0.67,0.589,0.7,0.688,0.876,0.67,0.331,0.67,0.321,0.175,0.651,0.905,0.71,0.905,0.9,0.685,0.685,0.685,0.89,0.71,0.9,0.71,0.651,0.89,0.681,0.359,0.681,0.359,0.359,0.359,0.167,0.88,0.691,0.12,0.404,0.251,0.436,0.404,0.159,0.88,0.819,0.192,0.391,0.819,0.436,0.131,0.197,0.17,0.88,0.725,0.257,0.19,0.342,0.819,0.783,0.342,0.342,0.266,0.359,0.462,0.18,0.359,0.359,0.177,0.119,0.844,0.844,0.867,0.128,0.864,0.083,0.856,0.195,0.112,0.082,0.427,0.094,0.864,0.253,0.093,0.092,0.093,0.198,0.84,0.082,0.985,0.84,0.105,0.109,0.655,0.104,0.126,0.097,0.63,0.988,0.86,0.992,0.63,0.686,0.122,0.846,0.949,0.686,0.169,0.686,0.63,0.843,0.933,0.852,0.895,0.945,0.148,0.979,0.744,0.851,0.875,0.956,0.874,0.953,0.955,0.982,0.978,0.98,0.766,0.765,0.65
0.834,0.834,0.868,0.868,0.45,0.978,0.869,0.631,0.98,0.936,0.631,0.843,0.689,0.45,0.843,0.631,0.689,0.45,0.408,0.689,0.912,0.925,0.912,0.964,0.689,0.869,0.964,0.631,0.935,0.936,0.935,0.925,0.79,0.788,0.875,0.788,0.366,0.875,0.79,0.366,0.922,0.788,0.315,0.565,0.788,0.366,0.326,0.315,0.412,0.315,0.998,0.944,0.121,0.865,0.55,0.865,0.864,0.494,0.494,0.494,0.955,0.55,0.864,0.55,0.121,0.955,0.97,0.482,0.97,0.079,0.079,0.079,0.955,0.28,0.454,0.568,0.206,0.685,0.211,0.206,0.648,0.28,0.195,0.64,0.505,0.195,0.211,0.639,0.672,0.74,0.28,0.514,0.534,0.559,0.089,0.195,0.272,0.089,0.089,0.596,0.09,0.348,0.673,0.09,0.09,0.72,0.725,0.45,0.45,0.507,0.397,0.366,0.575,0.473,0.674,0.735,0.752,0.255,0.579,0.366,0.725,0.622,0.735,0.387,0.856,0.441,0.716,0.504,0.441,0.615,0.265,0.115,0.277,0.522,0.604,0.258,0.685,0.5,0.38,0.258,0.304,0.82,0.24,0.426,0.304,0.703,0.304,0.258,0.241,0.577,0.429,0.463,0.494,0.822,0.46,0.202,0.491,0.493,0.701,0.435,0.726,0.38,0.591,0.679,0.772,0.555,0.596,0.55
0.295,0.295,0.222,0.222,0.018,0.487,0.247,0.172,0.461,0.625,0.172,0.264,0.125,0.018,0.264,0.172,0.125,0.018,0.083,0.125,0.445,0.679,0.445,0.127,0.125,0.247,0.127,0.172,0.173,0.625,0.173,0.679,0.26,0.174,0.281,0.174,0.077,0.281,0.26,0.077,0.744,0.174,0.058,0.129,0.174,0.077,0.065,0.058,0.174,0.058,0.561,0.712,0.536,0.349,0.088,0.349,0.373,0.074,0.074,0.074,0.516,0.088,0.373,0.088,0.536,0.516,0.149,0.242,0.149,0.623,0.623,0.623,0.779,0.032,0.154,0.574,0.402,0.453,0.402,0.402,0.514,0.032,0.791,0.56,0.236,0.791,0.402,0.551,0.574,0.698,0.032,0.156,0.547,0.577,0.914,0.791,0.025,0.914,0.914,0.531,0.951,0.528,0.49,0.951,0.951,0.415,0.478,0.035,0.035,0.035,0.214,0.029,0.555,0.031,0.554,0.683,0.547,0.527,0.457,0.029,0.498,0.484,0.558,0.561,0.559,0.036,0.549,0.115,0.036,0.097,0.518,0.621,0.552,0.228,0.426,0.413,0.081,0.033,0.102,0.413,0.402,0.471,0.718,0.087,0.402,0.325,0.402,0.413,0.722,0.069,0.097,0.044,0.188,0.326,0.238,0.63,0.176,0.057,0.175,0.116,0.148,0.218,0.189,0.267,0.237,0.149,0.146,0.292
0.194,0.194,0.292,0.292,0.949,0.482,0.763,0.405,0.527,0.436,0.405,0.547,0.747,0.949,0.547,0.405,0.747,0.949,0.571,0.747,0.161,0.244,0.161,0.67,0.747,0.763,0.67,0.405,0.388,0.436,0.388,0.244,0.664,0.417,0.453,0.417,0.972,0.453,0.664,0.972,0.833,0.417,0.977,0.396,0.417,0.972,0.481,0.977,0.144,0.977,0.6,0.875,0.845,0.566,0.987,0.566,0.548,0.989,0.989,0.989,0.249,0.987,0.548,0.987,0.845,0.249,0.425,0.157,0.425,0.761,0.761,0.761,0.875,0.988,0.52,0.666,0.969,0.254,0.967,0.969,0.826,0.988,0.934,0.755,0.163,0.934,0.967,0.663,0.835,0.279,0.988,0.507,0.688,0.771,0.932,0.934,0.869,0.932,0.932,0.681,0.939,0.974,0.255,0.939,0.939,0.186,0.584,0.99,0.99,0.952,0.837,0.709,0.869,0.684,0.715,0.311,0.376,0.978,0.945,0.709,0.615,0.939,0.426,0.928,0.851,0.998,0.201,0.186,0.998,0.431,0.958,0.853,0.949,0.88,0.252,0.989,0.155,0.981,0.248,0.989,0.993,0.291,0.279,0.157,0.993,0.316,0.993,0.989,0.291,0.174,0.167,0.168,0.32,0.36,0.329,0.319,0.15,0.167,0.326,0.163,0.362,0.322,0.315,0.328,0.297,0.373,0.408,0.408
0.658,0.658,0.596,0.596,0.958,0.895,0.161,0.186,0.907,0.219,0.186,0.238,0.197,0.958,0.238,0.186,0.197,0.958,0.363,0.197,0.553,0.217,0.553,0.196,0.197,0.161,0.196,0.186,0.188,0.219,0.188,0.217,0.669,0.244,0.245,0.244,0.911,0.245,0.669,0.911,0.146,0.244,0.906,0.137,0.244,0.911,0.361,0.906,0.018,0.906,0.896,0.13,0.897,0.585,0.819,0.585,0.624,0.826,0.826,0.826,0.23,0.819,0.624,0.819,0.897,0.23,0.188,0.024,0.188,0.79,0.79,0.79,0.165,0.976,0.116,0.147,0.962,0.026,0.963,0.962,0.183,0.976,0.743,0.169,0.021,0.743,0.963,0.137,0.192,0.021,0.976,0.119,0.142,0.186,0.814,0.743,0.195,0.814,0.814,0.131,0.876,0.841,0.025,0.876,0.876,0.015,0.116,0.782,0.782,0.717,0.467,0.11,0.226,0.114,0.139,0.022,0.042,0.86,0.218,0.11,0.119,0.242,0.038,0.23,0.19,0.765,0.018,0.935,0.765,0.187,0.179,0.807,0.195,0.395,0.017,0.792,0.911,0.703,0.889,0.792,0.747,0.032,0.581,0.988,0.747,0.014,0.747,0.792,0.563,0.985,0.976,0.96,0.182,0.013,0.241,0.632,0.543,0.947,0.299,0.982,0.307,0.157,0.204,0.214,0.189,0.491,0.491,0.436
0.543,0.543,0.423,0.423,0.506,0.609,0.398,0.918,0.588,0.837,0.918,0.516,0.945,0.506,0.516,0.918,0.945,0.506,0.18,0.945,0.334,0.845,0.334,0.937,0.945,0.398,0.937,0.918,0.884,0.837,0.884,0.845,0.577,0.968,0.394,0.968,0.636,0.394,0.577,0.636,0.973,0.968,0.585,0.486,0.968,0.636,0.257,0.585,0.836,0.585,0.655,0.973,0.257,0.598,0.793,0.598,0.612,0.77,0.77,0.77,0.803,0.793,0.612,0.793,0.257,0.803,0.96,0.826,0.96,0.621,0.621,0.621,0.945,0.624,0.561,0.901,0.487,0.558,0.527,0.487,0.926,0.624,0.407,0.902,0.822,0.407,0.527,0.891,0.926,0.618,0.624,0.547,0.898,0.903,0.66,0.407,0.629,0.66,0.66,0.893,0.674,0.504,0.557,0.674,0.674,0.528,0.903,0.371,0.371,0.336,0.554,0.328,0.592,0.458,0.905,0.604,0.571,0.422,0.581,0.328,0.882,0.575,0.636,0.623,0.91,0.463,0.58,0.338,0.463,0.575,0.621,0.31,0.621,0.563,0.597,0.606,0.361,0.375,0.445,0.606,0.672,0.673,0.989,0.261,0.672,0.598,0.672,0.606,0.987,0.205,0.201,0.158,0.411,0.567,0.296,0.982,0.324,0.154,0.381,0.206,0.349,0.397,0.243,0.343,0.336,0.503,0.556,0.326
0.249,0.249,0.254,0.254,0.667,0.633,0.213,0.267,0.625,0.16,0.267,0.226,0.223,0.667,0.226,0.267,0.223,0.667,0.382,0.223,0.321,0.181,0.321,0.212,0.223,0.213,0.212,0.267,0.256,0.16,0.256,0.181,0.104,0.289,0.359,0.289,0.505,0.359,0.104,0.505,0.615,0.289,0.447,0.299,0.289,0.505,0.375,0.447,0.515,0.447,0.661,0.643,0.904,0.094,0.499,0.094,0.094,0.497,0.497,0.497,0.212,0.499,0.094,0.499,0.904,0.212,0.271,0.755,0.271,0.918,0.918,0.918,0.915,0.727,0.345,0.465,0.725,0.457,0.727,0.725,0.518,0.727,0.572,0.477,0.793,0.572,0.727,0.477,0.585,0.744,0.727,0.23,0.479,0.463,0.697,0.572,0.54,0.697,0.697,0.492,0.688,0.798,0.476,0.688,0.688,0.626,0.639,0.142,0.142,0.184,0.113,0.189,0.752,0.181,0.623,0.774,0.916,0.79,0.828,0.189,0.651,0.805,0.85,0.876,0.741,0.147,0.82,0.843,0.147,0.148,0.907,0.898,0.878,0.079,0.885,0.545,0.859,0.192,0.854,0.545,0.598,0.94,0.222,0.649,0.598,0.792,0.598,0.545,0.223,0.479,0.627,0.44,0.977,0.836,0.967,0.205,0.903,0.393,0.904,0.631,0.883,0.97,0.963,0.965,0.97,0.958,0.956,0.97
0.267,0.267,0.19,0.19,0.833,0.868,0.327,0.497,0.856,0.312,0.497,0.5,0.367,0.833,0.5,0.497,0.367,0.833,0.876,0.367,0.546,0.363,0.546,0.458,0.367,0.327,0.458,0.497,0.629,0.312,0.629,0.363,0.37,0.548,0.5,0.548,0.774,0.5,0.37,0.774,0.685,0.548,0.858,0.009,0.548,0.774,0.927,0.858,0.121,0.858,0.849,0.566,0.923,0.41,0.77,0.41,0.383,0.856,0.856,0.856,0.432,0.77,0.383,0.77,0.923,0.432,0.455,0.123,0.455,0.888,0.888,0.888,0.388,0.906,0.011,0.581,0.793,0.607,0.771,0.793,0.52,0.906,0.94,0.579,0.125,0.94,0.771,0.595,0.521,0.765,0.906,0.011,0.584,0.573,0.916,0.94,0.797,0.916,0.916,0.588,0.896,0.817,0.518,0.896,0.896,0.246,0.662,0.958,0.958,0.95,0.779,0.988,0.705,0.992,0.6,0.69,0.636,0.848,0.692,0.988,0.686,0.685,0.65,0.703,0.478,0.922,0.352,0.876,0.922,0.986,0.646,0.905,0.674,0.663,0.405,0.904,0.925,0.928,0.813,0.904,0.891,0.688,0.941,0.881,0.891,0.804,0.891,0.904,0.947,0.972,0.942,0.987,0.857,0.728,0.856,0.894,0.263,0.986,0.301,0.964,0.372,0.856,0.854,0.857,0.854,0.681,0.791,0.248
0.206,0.206,0.163,0.163,0.091,0.579,0.069,0.079,0.618,0.039,0.079,0.096,0.051,0.091,0.096,0.079,0.051,0.091,0.354,0.051,0.104,0.059,0.104,0.057,0.051,0.069,0.057,0.079,0.078,0.039,0.078,0.059,0.026,0.038,0.042,0.038,0.098,0.042,0.026,0.098,0.453,0.038,0.098,0.868,0.038,0.098,0.365,0.098,0.945,0.098,0.712,0.396,0.068,0.06,0.091,0.06,0.064,0.091,0.091,0.091,0.051,0.091,0.064,0.091,0.068,0.051,0.049,0.975,0.049,0.104,0.104,0.104,0.31,0.096,0.826,0.434,0.072,0.998,0.075,0.072,0.403,0.096,0.066,0.558,0.96,0.066,0.075,0.493,0.341,0.132,0.096,0.789,0.407,0.515,0.114,0.066,0.407,0.114,0.114,0.457,0.161,0.075,0.995,0.161,0.161,0.978,0.399,0.098,0.098,0.121,0.08,0.107,0.168,0.089,0.567,0.117,0.1,0.075,0.152,0.107,0.404,0.148,0.09,0.236,0.491,0.098,0.158,0.721,0.098,0.081,0.217,0.075,0.221,0.072,0.039,0.062,0.745,0.13,0.55,0.062,0.059,0.107,0.601,0.243,0.059,0.034,0.059,0.062,0.611,0.231,0.337,0.296,0.167,0.034,0.132,0.701,0.085,0.283,0.132,0.317,0.122,0.171,0.148,0.156,0.171,0.093,0.09,0.055
0.773,0.773,0.759,0.759,0.474,0.207,0.874,0.908,0.208,0.838,0.908,0.908,0.858,0.474,0.908,0.908,0.858,0.474,0.797,0.858,0.791,0.858,0.791,0.814,0.858,0.874,0.814,0.908,0.894,0.838,0.894,0.858,0.921,0.835,0.92,0.835,0.839,0.92,0.921,0.839,0.937,0.835,0.861,0.457,0.835,0.839,0.789,0.861,0.543,0.861,0.177,0.969,0.323,0.955,0.736,0.955,0.953,0.791,0.791,0.791,0.835,0.736,0.953,0.736,0.323,0.835,0.826,0.48,0.826,0.731,0.731,0.731,0.817,0.605,0.633,0.857,0.445,0.399,0.426,0.445,0.959,0.605,0.357,0.938,0.465,0.357,0.426,0.85,0.942,0.828,0.605,0.575,0.872,0.939,0.778,0.357,0.639,0.778,0.778,0.855,0.788,0.414,0.378,0.788,0.788,0.319,0.875,0.831,0.831,0.555,0.393,0.738,0.808,0.763,0.933,0.779,0.459,0.403,0.762,0.738,0.897,0.759,0.339,0.865,0.947,0.771,0.632,0.047,0.771,0.769,0.81,0.421,0.804,0.37,0.27,0.619,0.165,0.588,0.019,0.619,0.547,0.357,0.228,0.04,0.547,0.23,0.547,0.619,0.245,0.04,0.081,0.043,0.044,0.282,0.081,0.281,0.068,0.044,0.082,0.065,0.091,0.054,0.084,0.194,0.164,0.051,0.087,0.108
0.216,0.216,0.283,0.283,0.278,0.265,0.147,0.217,0.297,0.146,0.217,0.175,0.238,0.278,0.175,0.217,0.238,0.278,0.387,0.238,0.285,0.15,0.285,0.237,0.238,0.147,0.237,0.217,0.229,0.146,0.229,0.15,0.096,0.274,0.209,0.274,0.655,0.209,0.096,0.655,0.758,0.274,0.725,0.721,0.274,0.655,0.412,0.725,0.993,0.725,0.386,0.761,0.328,0.184,0.6,0.184,0.176,0.762,0.762,0.762,0.156,0.6,0.176,0.6,0.328,0.156,0.281,0.895,0.281,0.334,0.334,0.334,0.828,0.265,0.73,0.462,0.482,0.779,0.448,0.482,0.468,0.265,0.259,0.532,0.888,0.259,0.448,0.444,0.478,0.773,0.265,0.712,0.489,0.59,0.46,0.259,0.358,0.46,0.46,0.484,0.459,0.557,0.803,0.459,0.459,0.912,0.516,0.833,0.833,0.816,0.043,0.726,0.203,0.824,0.599,0.802,0.968,0.582,0.139,0.726,0.468,0.161,0.973,0.305,0.504,0.667,0.929,0.62,0.667,0.05,0.242,0.42,0.253,0.041,0.963,0.788,0.709,0.663,0.728,0.788,0.552,0.97,0.257,0.52,0.552,0.883,0.552,0.788,0.264,0.481,0.548,0.497,0.291,0.895,0.401,0.303,0.584,0.537,0.647,0.547,0.648,0.346,0.385,0.396,0.37,0.577,0.499,0.537
0.781,0.781,0.795,0.795,0.612,0.466,0.62,0.46,0.474,0.89,0.46,0.581,0.356,0.612,0.581,0.46,0.356,0.612,0.82,0.356,0.713,0.837,0.713,0.381,0.356,0.62,0.381,0.46,0.436,0.89,0.436,0.837,0.975,0.465,0.595,0.465,0.103,0.595,0.975,0.103,0.059,0.465,0.097,0.392,0.465,0.103,0.781,0.097,0.953,0.097,0.471,0.07,0.541,0.984,0.596,0.984,0.986,0.626,0.626,0.626,0.844,0.596,0.986,0.596,0.541,0.844,0.462,0.861,0.462,0.617,0.617,0.617,0.08,0.058,0.428,0.085,0.48,0.979,0.416,0.48,0.045,0.058,0.519,0.092,0.863,0.519,0.416,0.087,0.053,0.988,0.058,0.534,0.074,0.091,0.425,0.519,0.852,0.425,0.425,0.079,0.382,0.45,0.975,0.382,0.382,0.993,0.091,0.172,0.172,0.142,0.508,0.908,0.408,0.803,0.101,0.992,0.17,0.497,0.414,0.908,0.093,0.376,0.154,0.471,0.052,0.179,0.997,0.714,0.179,0.937,0.462,0.524,0.44,0.556,0.729,0.631,0.752,0.14,0.793,0.631,0.5,0.302,0.469,0.633,0.5,0.607,0.5,0.631,0.457,0.656,0.611,0.585,0.639,0.662,0.4,0.203,0.42,0.513,0.45,0.598,0.413,0.497,0.496,0.385,0.525,0.59,0.557,0.434
0.833,0.833,0.831,0.831,0.099,0.813,0.761,0.513,0.787,0.621,0.513,0.723,0.621,0.099,0.723,0.513,0.621,0.099,0.06,0.621,0.709,0.563,0.709,0.663,0.621,0.761,0.663,0.513,0.556,0.621,0.556,0.563,0.88,0.61,0.676,0.61,0.113,0.676,0.88,0.113,0.84,0.61,0.186,0.175,0.61,0.113,0.051,0.186,0.477,0.186,0.742,0.836,0.268,0.922,0.107,0.922,0.905,0.121,0.121,0.121,0.553,0.107,0.905,0.107,0.268,0.553,0.59,0.698,0.59,0.142,0.142,0.142,0.668,0.136,0.274,0.636,0.361,0.909,0.374,0.361,0.594,0.136,0.094,0.557,0.673,0.094,0.374,0.606,0.59,0.946,0.136,0.274,0.623,0.572,0.275,0.094,0.085,0.275,0.275,0.591,0.3,0.195,0.898,0.3,0.3,0.697,0.573,0.071,0.071,0.093,0.084,0.115,0.515,0.127,0.535,0.941,0.887,0.203,0.545,0.115,0.572,0.543,0.919,0.583,0.569,0.101,0.68,0.222,0.101,0.244,0.572,0.257,0.58,0.117,0.763,0.132,0.12,0.107,0.12,0.132,0.11,0.901,0.432,0.066,0.11,0.964,0.11,0.132,0.455,0.075,0.08,0.062,0.18,0.949,0.271,0.446,0.395,0.058,0.426,0.099,0.436,0.212,0.259,0.268,0.265,0.455,0.46,0.44
0.134,0.134,0.156,0.156,0.073,0.113,0.159,0.121,0.083,0.073,0.121,0.111,0.12,0.073,0.111,0.121,0.12,0.073,0.278,0.12,0.29,0.074,0.29,0.116,0.12,0.159,0.116,0.121,0.11,0.073,0.11,0.074,0.476,0.168,0.25,0.168,0.072,0.25,0.476,0.072,0.34,0.168,0.077,0.1,0.168,0.072,0.28,0.077,0.2,0.077,0.194,0.358,0.119,0.604,0.082,0.604,0.6,0.088,0.088,0.088,0.098,0.082,0.6,0.082,0.119,0.098,0.166,0.228,0.166,0.147,0.147,0.147,0.197,0.065,0.101,0.267,0.126,0.238,0.129,0.126,0.264,0.065,0.071,0.3,0.185,0.071,0.129,0.237,0.303,0.296,0.065,0.103,0.269,0.311,0.157,0.071,0.289,0.157,0.157,0.237,0.157,0.14,0.214,0.157,0.157,0.152,0.3,0.074,0.074,0.087,0.111,0.099,0.239,0.096,0.34,0.349,0.628,0.139,0.238,0.099,0.296,0.237,0.598,0.241,0.507,0.08,0.166,0.735,0.08,0.113,0.234,0.145,0.233,0.11,0.151,0.073,0.785,0.086,0.68,0.073,0.083,0.384,0.505,0.557,0.083,0.339,0.083,0.073,0.492,0.456,0.445,0.398,0.318,0.32,0.324,0.484,0.02,0.438,0.02,0.447,0.016,0.363,0.35,0.36,0.372,0.059,0.063,0.012
0.121,0.121,0.08,0.08,0.6,0.166,0.982,0.962,0.178,1.0,0.962,0.983,0.973,0.6,0.983,0.962,0.973,0.6,0.147,0.973,0.156,1.0,0.156,0.944,0.973,0.982,0.944,0.962,0.947,1.0,0.947,1.0,0.992,0.973,0.991,0.973,0.671,0.991,0.992,0.671,0.292,0.973,0.746,0.986,0.973,0.671,0.27,0.746,0.489,0.746,0.399,0.287,0.959,0.99,0.766,0.99,0.98,0.85,0.85,0.85,0.999,0.766,0.98,0.766,0.959,0.999,0.976,0.531,0.976,0.917,0.917,0.917,0.274,0.711,0.928,0.494,0.953,0.704,0.828,0.953,0.692,0.711,0.938,0.574,0.52,0.938,0.828,0.49,0.682,0.872,0.711,0.939,0.491,0.58,0.724,0.938,0.144,0.724,0.724,0.491,0.624,0.848,0.665,0.624,0.624,0.645,0.548,0.735,0.735,0.588,0.915,0.621,0.725,0.604,0.621,0.873,0.541,0.924,0.754,0.621,0.522,0.779,0.551,0.717,0.645,0.716,0.835,0.289,0.716,0.813,0.644,0.866,0.654,0.954,0.775,0.97,0.258,0.592,0.285,0.97,0.948,0.454,0.638,0.12,0.948,0.896,0.948,0.97,0.698,0.327,0.171,0.372,0.444,0.89,0.55,0.705,0.045,0.392,0.06,0.16,0.065,0.516,0.599,0.402,0.48,0.079,0.077,0.099
0.944,0.944,0.87,0.87,0.67,0.084,0.82,0.895,0.076,0.727,0.895,0.844,0.892,0.67,0.844,0.895,0.892,0.67,0.66,0.892,0.899,0.702,0.899,0.881,0.892,0.82,0.881,0.895,0.872,0.727,0.872,0.702,0.784,0.929,0.882,0.929,0.852,0.882,0.784,0.852,0.737,0.929,0.834,0.698,0.929,0.852,0.637,0.834,0.583,0.834,0.108,0.752,0.498,0.823,0.832,0.823,0.823,0.729,0.729,0.729,0.822,0.832,0.823,0.832,0.498,0.822,0.884,0.533,0.884,0.44,0.44,0.44,0.591,0.697,0.596,0.809,0.397,0.467,0.39,0.397,0.929,0.697,0.535,0.91,0.539,0.535,0.39,0.807,0.916,0.436,0.697,0.556,0.883,0.905,0.281,0.535,0.469,0.281,0.281,0.878,0.274,0.437,0.454,0.274,0.274,0.465,0.835,0.893,0.893,0.894,0.616,0.787,0.65,0.878,0.921,0.419,0.438,0.451,0.656,0.787,0.875,0.655,0.381,0.613,0.911,0.906,0.443,0.482,0.906,0.453,0.631,0.397,0.63,0.549,0.427,0.548,0.379,0.899,0.451,0.548,0.606,0.487,0.465,0.254,0.606,0.425,0.606,0.548,0.518,0.552,0.319,0.468,0.27,0.418,0.204,0.472,0.137,0.494,0.025,0.372,0.024,0.299,0.188,0.207,0.158,0.006,0.005,0.033
0.402,0.402,0.382,0.382,0.311,0.708,0.326,0.342,0.697,0.311,0.342,0.402,0.277,0.311,0.402,0.342,0.277,0.311,0.764,0.277,0.258,0.354,0.258,0.396,0.277,0.326,0.396,0.342,0.44,0.311,0.44,0.354,0.177,0.264,0.335,0.264,0.201,0.335,0.177,0.201,0.677,0.264,0.184,0.03,0.264,0.201,0.713,0.184,0.138,0.184,0.817,0.53,0.085,0.329,0.375,0.329,0.34,0.287,0.287,0.287,0.284,0.375,0.34,0.375,0.085,0.284,0.273,0.12,0.273,0.063,0.063,0.063,0.562,0.16,0.024,0.536,0.117,0.357,0.197,0.117,0.538,0.16,0.097,0.563,0.127,0.097,0.197,0.536,0.552,0.345,0.16,0.023,0.543,0.566,0.061,0.097,0.779,0.061,0.061,0.494,0.096,0.154,0.37,0.096,0.096,0.409,0.473,0.368,0.368,0.564,0.898,0.594,0.667,0.575,0.532,0.353,0.521,0.121,0.603,0.594,0.492,0.594,0.625,0.586,0.527,0.499,0.722,0.634,0.499,0.727,0.593,0.112,0.613,0.916,0.735,0.225,0.595,0.624,0.624,0.225,0.345,0.733,0.673,0.891,0.345,0.419,0.345,0.225,0.668,0.978,0.87,0.975,0.519,0.399,0.549,0.718,0.619,0.973,0.685,0.843,0.672,0.507,0.552,0.589,0.58,0.328,0.302,0.267
0.508,0.508,0.704,0.704,0.537,0.841,0.845,0.647,0.84,0.33,0.647,0.765,0.778,0.537,0.765,0.647,0.778,0.537,0.135,0.778,0.629,0.396,0.629,0.722,0.778,0.845,0.722,0.647,0.506,0.33,0.506,0.396,0.208,0.588,0.732,0.588,0.373,0.732,0.208,0.373,0.684,0.588,0.408,0.52,0.588,0.373,0.156,0.408,0.847,0.408,0.907,0.668,0.304,0.19,0.361,0.19,0.241,0.41,0.41,0.41,0.302,0.361,0.241,0.361,0.304,0.302,0.529,0.787,0.529,0.513,0.513,0.513,0.721,0.554,0.534,0.404,0.057,0.59,0.124,0.057,0.396,0.554,0.531,0.462,0.837,0.531,0.124,0.374,0.416,0.586,0.554,0.518,0.405,0.431,0.319,0.531,0.098,0.319,0.319,0.383,0.396,0.077,0.687,0.396,0.396,0.563,0.337,0.218,0.218,0.134,0.053,0.191,0.166,0.179,0.423,0.663,0.558,0.048,0.165,0.191,0.342,0.164,0.564,0.195,0.539,0.233,0.607,0.551,0.233,0.159,0.213,0.235,0.218,0.063,0.348,0.055,0.577,0.125,0.583,0.055,0.15,0.341,0.155,0.838,0.15,0.452,0.15,0.055,0.147,0.855,0.873,0.836,0.806,0.506,0.796,0.239,0.724,0.823,0.825,0.86,0.822,0.831,0.772,0.827,0.803,0.868,0.787,0.508
0.208,0.208,0.16,0.16,0.826,0.006,0.22,0.181,0.005,0.063,0.181,0.28,0.161,0.826,0.28,0.181,0.161,0.826,0.924,0.161,0.294,0.089,0.294,0.16,0.161,0.22,0.16,0.181,0.17,0.063,0.17,0.089,0.309,0.247,0.397,0.247,0.977,0.397,0.309,0.977,0.002,0.247,0.978,0.795,0.247,0.977,0.895,0.978,0.722,0.978,0.004,0.002,0.613,0.319,0.982,0.319,0.312,0.985,0.985,0.985,0.109,0.982,0.312,0.982,0.613,0.109,0.21,0.503,0.21,0.362,0.362,0.362,0.005,0.83,0.898,0.002,0.92,0.327,0.933,0.92,0.006,0.83,0.688,0.002,0.44,0.688,0.933,0.002,0.005,0.332,0.83,0.877,0.002,0.002,0.758,0.688,0.849,0.758,0.758,0.002,0.728,0.962,0.331,0.728,0.728,0.427,0.002,0.907,0.907,0.963,0.997,0.62,0.002,0.454,0.003,0.364,0.458,0.96,0.002,0.62,0.003,0.002,0.443,0.002,0.005,0.966,0.291,0.514,0.966,0.895,0.002,0.629,0.002,0.978,0.39,0.98,0.507,0.993,0.458,0.98,0.989,0.347,0.126,0.796,0.989,0.377,0.989,0.98,0.113,0.976,0.793,0.981,0.713,0.461,0.738,0.106,0.631,0.978,0.553,0.762,0.562,0.685,0.753,0.696,0.706,0.477,0.457,0.578
0.529,0.529,0.448,0.448,0.23,0.275,0.351,0.252,0.29,0.42,0.252,0.333,0.241,0.23,0.333,0.252,0.241,0.23,0.328,0.241,0.502,0.474,0.502,0.275,0.241,0.351,0.275,0.252,0.312,0.42,0.312,0.474,0.866,0.232,0.411,0.232,0.297,0.411,0.866,0.297,0.701,0.232,0.247,0.552,0.232,0.297,0.407,0.247,0.771,0.247,0.286,0.682,0.633,0.847,0.234,0.847,0.822,0.199,0.199,0.199,0.435,0.234,0.822,0.234,0.633,0.435,0.297,0.815,0.297,0.478,0.478,0.478,0.812,0.325,0.432,0.427,0.388,0.351,0.445,0.388,0.635,0.325,0.232,0.527,0.814,0.232,0.445,0.431,0.519,0.378,0.325,0.426,0.628,0.48,0.41,0.232,0.136,0.41,0.41,0.618,0.423,0.183,0.305,0.423,0.423,0.437,0.49,0.057,0.057,0.057,0.014,0.055,0.327,0.099,0.547,0.341,0.572,0.15,0.364,0.055,0.543,0.342,0.629,0.336,0.54,0.037,0.456,0.238,0.037,0.014,0.353,0.193,0.35,0.014,0.542,0.188,0.216,0.035,0.345,0.188,0.22,0.631,0.282,0.554,0.22,0.462,0.22,0.188,0.27,0.501,0.59,0.517,0.511,0.409,0.266,0.346,0.574,0.515,0.448,0.59,0.459,0.556,0.271,0.262,0.273,0.518,0.589,0.344
0.511,0.511,0.504,0.504,0.913,0.303,0.427,0.334,0.364,0.74,0.334,0.474,0.28,0.913,0.474,0.334,0.28,0.913,0.925,0.28,0.561,0.741,0.561,0.27,0.28,0.427,0.27,0.334,0.331,0.74,0.331,0.741,0.42,0.447,0.556,0.447,0.85,0.556,0.42,0.85,0.406,0.447,0.836,0.671,0.447,0.85,0.874,0.836,0.907,0.836,0.344,0.388,0.901,0.52,0.846,0.52,0.521,0.743,0.743,0.743,0.742,0.846,0.521,0.846,0.901,0.742,0.408,0.847,0.408,0.959,0.959,0.959,0.606,0.869,0.516,0.151,0.772,0.234,0.868,0.772,0.216,0.869,0.956,0.261,0.856,0.956,0.868,0.152,0.345,0.254,0.869,0.527,0.145,0.208,0.861,0.956,0.709,0.861,0.861,0.146,0.766,0.893,0.225,0.766,0.766,0.207,0.183,0.184,0.184,0.151,0.012,0.044,0.045,0.045,0.299,0.248,0.316,0.922,0.041,0.044,0.167,0.036,0.281,0.098,0.358,0.205,0.233,0.357,0.205,0.013,0.083,0.931,0.08,0.013,0.335,0.906,0.373,0.145,0.349,0.906,0.909,0.325,0.061,0.855,0.909,0.254,0.909,0.906,0.057,0.682,0.788,0.609,0.496,0.241,0.588,0.049,0.884,0.576,0.912,0.748,0.9,0.585,0.559,0.63,0.595,0.854,0.864,0.754
0.814,0.814,0.865,0.865,0.522,0.02,0.652,0.714,0.021,0.483,0.714,0.689,0.724,0.522,0.689,0.714,0.724,0.522,0.418,0.724,0.943,0.566,0.943,0.711,0.724,0.652,0.711,0.714,0.705,0.483,0.705,0.566,0.726,0.71,0.716,0.71,0.902,0.716,0.726,0.902,0.014,0.71,0.855,0.639,0.71,0.902,0.389,0.855,0.828,0.855,0.02,0.016,0.462,0.661,0.91,0.661,0.685,0.869,0.869,0.869,0.637,0.91,0.685,0.91,0.462,0.637,0.673,0.841,0.673,0.24,0.24,0.24,0.011,0.546,0.645,0.009,0.527,0.908,0.523,0.527,0.015,0.546,0.501,0.013,0.777,0.501,0.523,0.008,0.018,0.885,0.546,0.633,0.008,0.008,0.206,0.501,0.28,0.206,0.206,0.011,0.235,0.474,0.899,0.235,0.235,0.82,0.005,0.502,0.502,0.534,0.539,0.459,0.003,0.457,0.012,0.895,0.834,0.448,0.004,0.459,0.006,0.004,0.883,0.005,0.015,0.537,0.763,0.769,0.537,0.501,0.005,0.266,0.004,0.574,0.794,0.681,0.719,0.575,0.611,0.681,0.748,0.697,0.738,0.941,0.748,0.823,0.748,0.681,0.713,0.898,0.979,0.864,0.36,0.858,0.497,0.723,0.47,0.908,0.454,0.979,0.473,0.358,0.493,0.431,0.427,0.499,0.468,0.581
0.636,0.636,0.724,0.724,0.227,0.502,0.614,0.468,0.465,0.722,0.468,0.49,0.629,0.227,0.49,0.468,0.629,0.227,0.531,0.629,0.54,0.504,0.54,0.602,0.629,0.614,0.602,0.468,0.427,0.722,0.427,0.504,0.676,0.452,0.502,0.452,0.268,0.502,0.676,0.268,0.697,0.452,0.273,0.223,0.452,0.268,0.398,0.273,0.381,0.273,0.404,0.8,0.339,0.449,0.416,0.449,0.44,0.418,0.418,0.418,0.504,0.416,0.44,0.416,0.339,0.504,0.419,0.339,0.419,0.619,0.619,0.619,0.907,0.215,0.18,0.939,0.647,0.456,0.638,0.647,0.869,0.215,0.179,0.967,0.407,0.179,0.638,0.955,0.864,0.66,0.215,0.197,0.923,0.951,0.704,0.179,0.729,0.704,0.704,0.948,0.703,0.806,0.449,0.703,0.703,0.396,0.915,0.311,0.311,0.35,0.391,0.336,0.778,0.349,0.946,0.547,0.215,0.808,0.903,0.336,0.914,0.891,0.229,0.694,0.871,0.325,0.524,0.281,0.325,0.338,0.828,0.723,0.821,0.399,0.341,0.313,0.518,0.367,0.392,0.313,0.307,0.138,0.095,0.79,0.307,0.491,0.307,0.313,0.1,0.534,0.835,0.688,0.048,0.384,0.03,0.093,0.182,0.599,0.323,0.845,0.313,0.043,0.033,0.041,0.042,0.055,0.054,0.052
0.594,0.594,0.617,0.617,0.727,0.077,0.557,0.353,0.103,0.229,0.353,0.519,0.415,0.727,0.519,0.353,0.415,0.727,0.487,0.415,0.541,0.192,0.541,0.389,0.415,0.557,0.389,0.353,0.309,0.229,0.309,0.192,0.204,0.362,0.513,0.362,0.43,0.513,0.204,0.43,0.017,0.362,0.503,0.225,0.362,0.43,0.556,0.503,0.054,0.503,0.074,0.02,0.248,0.118,0.433,0.118,0.118,0.432,0.432,0.432,0.186,0.433,0.118,0.433,0.248,0.186,0.318,0.045,0.318,0.193,0.193,0.193,0.03,0.679,0.317,0.09,0.282,0.051,0.218,0.282,0.025,0.679,0.507,0.021,0.041,0.507,0.218,0.084,0.024,0.049,0.679,0.304,0.097,0.022,0.104,0.507,0.357,0.104,0.104,0.076,0.117,0.163,0.053,0.117,0.117,0.069,0.075,0.573,0.573,0.821,0.692,0.853,0.074,0.814,0.024,0.05,0.057,0.188,0.069,0.853,0.086,0.069,0.05,0.08,0.024,0.58,0.087,0.599,0.58,0.831,0.076,0.198,0.076,0.507,0.063,0.27,0.584,0.662,0.609,0.27,0.275,0.077,0.002,0.439,0.275,0.041,0.275,0.27,0.002,0.348,0.495,0.338,0.812,0.059,0.769,0.002,0.622,0.333,0.517,0.448,0.528,0.783,0.801,0.755,0.785,0.556,0.533,0.596
0.653,0.653,0.65,0.65,0.562,0.201,0.119,0.093,0.211,0.812,0.093,0.153,0.071,0.562,0.153,0.093,0.071,0.562,0.678,0.071,0.506,0.826,0.506,0.067,0.071,0.119,0.067,0.093,0.083,0.812,0.083,0.826,0.501,0.11,0.111,0.11,0.959,0.111,0.501,0.959,0.843,0.11,0.971,0.3,0.11,0.959,0.715,0.971,0.525,0.971,0.225,0.86,0.56,0.568,0.918,0.568,0.558,0.968,0.968,0.968,0.77,0.918,0.558,0.918,0.56,0.77,0.097,0.635,0.097,0.602,0.602,0.602,0.942,0.661,0.404,0.984,0.906,0.551,0.908,0.906,0.87,0.661,0.431,0.847,0.612,0.431,0.908,0.985,0.876,0.621,0.661,0.351,0.983,0.841,0.719,0.431,0.307,0.719,0.719,0.982,0.669,0.878,0.565,0.669,0.669,0.576,0.983,0.97,0.97,0.929,0.972,0.683,0.965,0.627,0.842,0.608,0.906,0.944,0.957,0.683,0.98,0.955,0.904,0.981,0.802,0.976,0.661,0.496,0.976,0.793,0.976,0.595,0.979,0.965,0.662,0.827,0.494,0.803,0.572,0.827,0.772,0.828,0.74,0.475,0.772,0.84,0.772,0.827,0.762,0.723,0.461,0.63,0.763,0.862,0.63,0.787,0.809,0.642,0.787,0.499,0.755,0.778,0.611,0.586,0.578,0.832,0.846,0.94
0.683,0.683,0.586,0.586,0.655,0.941,0.724,0.676,0.931,0.703,0.676,0.737,0.657,0.655,0.737,0.676,0.657,0.655,0.339,0.657,0.786,0.718,0.786,0.706,0.657,0.724,0.706,0.676,0.726,0.703,0.726,0.718,0.828,0.826,0.88,0.826,0.165,0.88,0.828,0.165,0.202,0.826,0.246,0.675,0.826,0.165,0.315,0.246,0.297,0.246,0.977,0.21,0.872,0.672,0.764,0.672,0.657,0.785,0.785,0.785,0.838,0.764,0.657,0.764,0.872,0.838,0.833,0.08,0.833,0.841,0.841,0.841,0.104,0.101,0.677,0.191,0.848,0.046,0.82,0.848,0.207,0.101,0.613,0.172,0.089,0.613,0.82,0.141,0.209,0.052,0.101,0.692,0.193,0.162,0.684,0.613,0.112,0.684,0.684,0.145,0.658,0.81,0.042,0.658,0.658,0.108,0.202,0.252,0.252,0.296,0.221,0.257,0.399,0.273,0.128,0.043,0.016,0.832,0.387,0.257,0.173,0.395,0.017,0.514,0.153,0.155,0.113,0.396,0.155,0.293,0.417,0.939,0.448,0.214,0.044,0.682,0.395,0.196,0.249,0.682,0.62,0.024,0.536,0.161,0.62,0.026,0.62,0.682,0.523,0.452,0.209,0.397,0.452,0.036,0.686,0.587,0.714,0.456,0.733,0.227,0.728,0.478,0.574,0.62,0.54,0.889,0.881,0.772
0.488,0.488,0.471,0.471,0.229,0.986,0.384,0.332,0.972,0.163,0.332,0.407,0.301,0.229,0.407,0.332,0.301,0.229,0.237,0.301,0.323,0.18,0.323,0.298,0.301,0.384,0.298,0.332,0.268,0.163,0.268,0.18,0.839,0.179,0.37,0.179,0.54,0.37,0.839,0.54,0.494,0.179,0.605,0.444,0.179,0.54,0.403,0.605,0.402,0.605,0.986,0.546,0.554,0.764,0.316,0.764,0.815,0.488,0.488,0.488,0.179,0.316,0.815,0.316,0.554,0.179,0.204,0.489,0.204,0.607,0.607,0.607,0.511,0.309,0.426,0.423,0.786,0.596,0.746,0.786,0.65,0.309,0.373,0.492,0.49,0.373,0.746,0.424,0.639,0.667,0.309,0.401,0.398,0.487,0.489,0.373,0.511,0.489,0.489,0.4,0.49,0.709,0.585,0.49,0.49,0.368,0.425,0.467,0.467,0.687,0.581,0.785,0.416,0.778,0.539,0.646,0.597,0.723,0.41,0.785,0.416,0.406,0.622,0.266,0.67,0.474,0.416,0.159,0.474,0.881,0.241,0.582,0.246,0.585,0.487,0.524,0.126,0.715,0.137,0.524,0.531,0.503,0.428,0.152,0.531,0.745,0.531,0.524,0.409,0.918,0.188,0.932,0.249,0.69,0.291,0.371,0.419,0.939,0.498,0.188,0.515,0.262,0.284,0.266,0.245,0.28,0.284,0.278
0.506,0.506,0.466,0.466,0.64,0.777,0.516,0.618,0.767,0.813,0.618,0.629,0.579,0.64,0.629,0.618,0.579,0.64,0.143,0.579,0.631,0.769,0.631,0.555,0.579,0.516,0.555,0.618,0.623,0.813,0.623,0.769,0.253,0.707,0.607,0.707,0.595,0.607,0.253,0.595,0.862,0.707,0.4,0.695,0.707,0.595,0.124,0.4,0.674,0.4,0.77,0.827,0.401,0.216,0.483,0.216,0.208,0.394,0.394,0.394,0.696,0.483,0.208,0.483,0.401,0.696,0.643,0.744,0.643,0.814,0.814,0.814,0.936,0.696,0.744,0.821,0.212,0.491,0.34,0.212,0.842,0.696,0.516,0.801,0.745,0.516,0.34,0.844,0.848,0.704,0.696,0.817,0.799,0.797,0.917,0.516,0.162,0.917,0.917,0.802,0.889,0.269,0.505,0.889,0.889,0.433,0.766,0.561,0.561,0.486,0.716,0.63,0.453,0.712,0.788,0.706,0.823,0.189,0.468,0.63,0.764,0.49,0.815,0.57,0.757,0.648,0.509,0.36,0.648,0.909,0.538,0.296,0.581,0.85,0.528,0.385,0.326,0.674,0.356,0.385,0.357,0.666,0.81,0.509,0.357,0.586,0.357,0.385,0.803,0.406,0.522,0.435,0.563,0.566,0.582,0.808,0.414,0.451,0.291,0.45,0.275,0.642,0.485,0.559,0.477,0.232,0.219,0.572
0.881,0.881,0.863,0.863,0.83,0.162,0.776,0.693,0.132,0.846,0.693,0.785,0.669,0.83,0.785,0.693,0.669,0.83,0.95,0.669,0.903,0.864,0.903,0.671,0.669,0.776,0.671,0.693,0.698,0.846,0.698,0.864,0.723,0.722,0.835,0.722,0.915,0.835,0.723,0.915,0.463,0.722,0.895,0.479,0.722,0.915,0.928,0.895,0.198,0.895,0.141,0.454,0.717,0.7,0.881,0.7,0.706,0.861,0.861,0.861,0.891,0.881,0.706,0.881,0.717,0.891,0.695,0.257,0.695,0.84,0.84,0.84,0.332,0.885,0.579,0.672,0.754,0.311,0.75,0.754,0.745,0.885,0.764,0.817,0.244,0.764,0.75,0.754,0.745,0.366,0.885,0.57,0.668,0.767,0.836,0.764,0.897,0.836,0.836,0.734,0.71,0.743,0.283,0.71,0.71,0.288,0.73,0.622,0.622,0.714,0.643,0.321,0.407,0.523,0.809,0.308,0.444,0.733,0.369,0.321,0.711,0.357,0.498,0.457,0.793,0.581,0.361,0.554,0.581,0.457,0.376,0.71,0.395,0.691,0.399,0.832,0.551,0.74,0.492,0.832,0.835,0.437,0.848,0.579,0.835,0.386,0.835,0.832,0.874,0.513,0.576,0.606,0.365,0.33,0.391,0.801,0.124,0.62,0.066,0.628,0.069,0.372,0.36,0.414,0.38,0.018,0.026,0.009
0.215,0.215,0.262,0.262,0.105,0.046,0.302,0.361,0.052,0.191,0.361,0.206,0.359,0.105,0.206,0.361,0.359,0.105,0.584,0.359,0.253,0.229,0.253,0.382,0.359,0.302,0.382,0.361,0.407,0.191,0.407,0.229,0.72,0.443,0.208,0.443,0.147,0.208,0.72,0.147,0.03,0.443,0.148,0.375,0.443,0.147,0.592,0.148,0.469,0.148,0.035,0.032,0.098,0.678,0.136,0.678,0.68,0.137,0.137,0.137,0.248,0.136,0.68,0.136,0.098,0.248,0.465,0.464,0.465,0.424,0.424,0.424,0.065,0.135,0.469,0.02,0.12,0.243,0.119,0.12,0.026,0.135,0.076,0.032,0.487,0.076,0.119,0.024,0.038,0.182,0.135,0.434,0.021,0.024,0.577,0.076,0.539,0.577,0.577,0.026,0.619,0.126,0.239,0.619,0.619,0.196,0.027,0.059,0.059,0.044,0.02,0.048,0.264,0.04,0.033,0.183,0.192,0.126,0.227,0.048,0.027,0.245,0.131,0.357,0.03,0.059,0.185,0.869,0.059,0.036,0.318,0.108,0.282,0.019,0.251,0.104,0.814,0.038,0.935,0.104,0.104,0.253,0.173,0.839,0.104,0.225,0.104,0.104,0.194,0.625,0.864,0.55,0.791,0.192,0.618,0.357,0.824,0.556,0.321,0.849,0.336,0.804,0.624,0.654,0.563,0.833,0.857,0.459
0.099,0.099,0.159,0.159,0.495,0.145,0.628,0.573,0.139,0.316,0.573,0.578,0.537,0.495,0.578,0.573,0.537,0.495,0.935,0.537,0.122,0.419,0.122,0.507,0.537,0.628,0.507,0.573,0.549,0.316,0.549,0.419,0.242,0.538,0.527,0.538,0.25,0.527,0.242,0.25,0.368,0.538,0.352,0.045,0.538,0.25,0.889,0.352,0.552,0.352,0.16,0.407,0.232,0.369,0.327,0.369,0.367,0.456,0.456,0.456,0.349,0.327,0.367,0.327,0.232,0.349,0.496,0.297,0.496,0.152,0.152,0.152,0.464,0.519,0.039,0.828,0.222,0.214,0.146,0.222,0.893,0.519,0.371,0.858,0.368,0.371,0.146,0.817,0.883,0.306,0.519,0.052,0.822,0.87,0.186,0.371,0.807,0.186,0.186,0.813,0.18,0.133,0.197,0.18,0.18,0.425,0.77,0.601,0.601,0.461,0.55,0.657,0.666,0.664,0.874,0.319,0.837,0.206,0.649,0.657,0.793,0.647,0.742,0.678,0.845,0.489,0.562,0.643,0.489,0.516,0.728,0.191,0.734,0.614,0.753,0.243,0.635,0.343,0.501,0.243,0.161,0.953,0.416,0.413,0.161,0.404,0.161,0.243,0.411,0.256,0.491,0.278,0.647,0.459,0.601,0.4,0.036,0.264,0.034,0.509,0.035,0.519,0.703,0.605,0.709,0.035,0.04,0.18
0.37,0.37,0.269,0.269,0.779,0.906,0.262,0.6,0.904,0.374,0.6,0.389,0.534,0.779,0.389,0.6,0.534,0.779,0.34,0.534,0.375,0.424,0.375,0.448,0.534,0.262,0.448,0.6,0.566,0.374,0.566,0.424,0.289,0.491,0.303,0.491,0.983,0.303,0.289,0.983,0.728,0.491,0.928,0.771,0.491,0.983,0.368,0.928,0.859,0.928,0.79,0.678,0.744,0.311,0.975,0.311,0.306,0.907,0.907,0.907,0.402,0.975,0.306,0.975,0.744,0.402,0.482,0.868,0.482,0.923,0.923,0.923,0.742,0.822,0.792,0.844,0.712,0.99,0.813,0.712,0.884,0.822,0.702,0.889,0.866,0.702,0.813,0.841,0.871,0.96,0.822,0.802,0.838,0.89,0.95,0.702,0.592,0.95,0.95,0.842,0.945,0.832,0.991,0.945,0.945,0.996,0.786,0.608,0.608,0.579,0.81,0.583,0.641,0.758,0.858,0.952,0.497,0.748,0.654,0.583,0.8,0.667,0.334,0.697,0.89,0.753,0.97,0.687,0.753,0.718,0.715,0.609,0.714,0.845,0.294,0.895,0.68,0.726,0.707,0.895,0.954,0.907,0.153,0.919,0.954,0.234,0.954,0.895,0.178,0.799,0.859,0.8,0.156,0.256,0.108,0.145,0.316,0.803,0.236,0.888,0.264,0.161,0.107,0.108,0.101,0.325,0.273,0.308
0.54,0.54,0.502,0.502,0.595,0.654,0.47,0.514,0.736,0.344,0.514,0.513,0.498,0.595,0.513,0.514,0.498,0.595,0.841,0.498,0.628,0.368,0.628,0.49,0.498,0.47,0.49,0.514,0.501,0.344,0.501,0.368,0.384,0.584,0.642,0.584,0.73,0.642,0.384,0.73,0.993,0.584,0.742,0.927,0.584,0.73,0.847,0.742,0.657,0.742,0.886,0.991,0.249,0.442,0.806,0.442,0.435,0.805,0.805,0.805,0.478,0.806,0.435,0.806,0.249,0.478,0.614,0.574,0.614,0.243,0.243,0.243,0.932,0.72,0.914,0.916,0.463,0.516,0.425,0.463,0.925,0.72,0.445,0.893,0.574,0.445,0.425,0.921,0.93,0.543,0.72,0.935,0.963,0.888,0.219,0.445,0.624,0.219,0.219,0.963,0.215,0.475,0.569,0.215,0.215,0.665,0.967,0.919,0.919,0.568,0.79,0.976,0.977,0.543,0.943,0.581,0.781,0.482,0.96,0.976,0.988,0.96,0.797,0.973,0.961,0.917,0.682,0.751,0.917,0.886,0.98,0.291,0.978,0.743,0.709,0.575,0.748,0.602,0.67,0.575,0.508,0.68,0.316,0.735,0.508,0.665,0.508,0.575,0.306,0.605,0.834,0.597,0.531,0.67,0.65,0.318,0.475,0.694,0.694,0.802,0.694,0.484,0.616,0.703,0.727,0.771,0.766,0.477
0.953,0.953,0.941,0.941,0.448,0.188,0.897,0.88,0.199,0.832,0.88,0.931,0.852,0.448,0.931,0.88,0.852,0.448,0.259,0.852,0.927,0.824,0.927,0.85,0.852,0.897,0.85,0.88,0.848,0.832,0.848,0.824,0.592,0.927,0.951,0.927,0.67,0.951,0.592,0.67,0.493,0.927,0.747,0.33,0.927,0.67,0.276,0.747,0.087,0.747,0.145,0.482,0.517,0.657,0.692,0.657,0.779,0.701,0.701,0.701,0.761,0.692,0.779,0.692,0.517,0.761,0.882,0.09,0.882,0.559,0.559,0.559,0.64,0.407,0.304,0.198,0.294,0.14,0.297,0.294,0.354,0.407,0.496,0.275,0.093,0.496,0.297,0.203,0.428,0.197,0.407,0.297,0.181,0.316,0.516,0.496,0.254,0.516,0.516,0.178,0.539,0.616,0.133,0.539,0.539,0.103,0.159,0.661,0.661,0.638,0.803,0.515,0.658,0.476,0.202,0.177,0.195,0.556,0.661,0.515,0.155,0.657,0.206,0.641,0.239,0.545,0.27,0.601,0.545,0.549,0.639,0.899,0.64,0.782,0.202,0.374,0.575,0.533,0.632,0.374,0.315,0.149,0.052,0.722,0.315,0.314,0.315,0.374,0.056,0.423,0.74,0.43,0.849,0.296,0.807,0.087,0.898,0.453,0.712,0.727,0.731,0.854,0.776,0.822,0.804,0.445,0.432,0.915
0.247,0.247,0.225,0.225,0.067,0.78,0.375,0.38,0.741,0.179,0.38,0.379,0.318,0.067,0.379,0.38,0.318,0.067,0.347,0.318,0.173,0.201,0.173,0.3,0.318,0.375,0.3,0.38,0.334,0.179,0.334,0.201,0.947,0.3,0.257,0.3,0.156,0.257,0.947,0.156,0.819,0.3,0.245,0.121,0.3,0.156,0.378,0.245,0.192,0.245,0.711,0.842,0.231,0.956,0.131,0.956,0.94,0.255,0.255,0.255,0.272,0.131,0.94,0.131,0.231,0.272,0.277,0.248,0.277,0.137,0.137,0.137,0.711,0.089,0.157,0.763,0.356,0.134,0.273,0.356,0.898,0.089,0.082,0.807,0.249,0.082,0.273,0.768,0.904,0.208,0.089,0.152,0.737,0.814,0.26,0.082,0.219,0.26,0.26,0.753,0.22,0.28,0.119,0.22,0.22,0.141,0.772,0.398,0.398,0.443,0.858,0.35,0.908,0.343,0.821,0.191,0.387,0.359,0.901,0.35,0.765,0.845,0.397,0.93,0.882,0.327,0.211,0.964,0.327,0.78,0.885,0.297,0.876,0.745,0.172,0.043,0.959,0.381,0.95,0.043,0.042,0.486,0.545,0.969,0.042,0.155,0.042,0.043,0.57,0.899,0.973,0.891,0.877,0.147,0.87,0.679,0.569,0.88,0.179,0.966,0.165,0.878,0.863,0.863,0.853,0.285,0.256,0.722
0.753,0.753,0.681,0.681,0.931,0.216,0.799,0.766,0.23,0.656,0.766,0.842,0.745,0.931,0.842,0.766,0.745,0.931,0.476,0.745,0.947,0.669,0.947,0.724,0.745,0.799,0.724,0.766,0.746,0.656,0.746,0.669,0.899,0.911,0.923,0.911,0.724,0.923,0.899,0.724,0.134,0.911,0.757,0.383,0.911,0.724,0.658,0.757,0.323,0.757,0.201,0.141,0.868,0.753,0.579,0.753,0.717,0.664,0.664,0.664,0.746,0.579,0.717,0.579,0.868,0.746,0.867,0.2,0.867,0.986,0.986,0.986,0.092,0.963,0.337,0.088,0.96,0.391,0.968,0.96,0.161,0.963,0.803,0.113,0.175,0.803,0.968,0.089,0.116,0.422,0.963,0.302,0.083,0.117,0.987,0.803,0.748,0.987,0.987,0.088,0.985,0.924,0.397,0.985,0.985,0.52,0.073,0.417,0.417,0.282,0.44,0.779,0.094,0.674,0.079,0.418,0.689,0.92,0.091,0.779,0.079,0.09,0.665,0.046,0.094,0.395,0.546,0.674,0.395,0.442,0.049,0.857,0.049,0.447,0.474,0.674,0.659,0.282,0.657,0.674,0.715,0.531,0.175,0.678,0.715,0.649,0.715,0.674,0.152,0.745,0.768,0.768,0.781,0.643,0.793,0.1,0.362,0.755,0.365,0.736,0.406,0.79,0.786,0.785,0.77,0.275,0.283,0.737
0.499,0.499,0.489,0.489,0.722,0.431,0.562,0.697,0.446,0.721,0.697,0.605,0.704,0.722,0.605,0.697,0.704,0.722,0.802,0.704,0.306,0.752,0.306,0.682,0.704,0.562,0.682,0.697,0.73,0.721,0.73,0.752,0.728,0.689,0.602,0.689,0.876,0.602,0.728,0.876,0.418,0.689,0.845,0.871,0.689,0.876,0.694,0.845,0.663,0.845,0.473,0.373,0.858,0.722,0.735,0.722,0.711,0.629,0.629,0.629,0.727,0.735,0.711,0.735,0.858,0.727,0.693,0.722,0.693,0.924,0.924,0.924,0.444,0.623,0.865,0.256,0.875,0.436,0.883,0.875,0.331,0.623,0.974,0.26,0.735,0.974,0.883,0.252,0.344,0.304,0.623,0.869,0.245,0.241,0.649,0.974,0.723,0.649,0.649,0.257,0.62,0.905,0.558,0.62,0.62,0.616,0.245,0.83,0.83,0.835,0.415,0.973,0.33,0.949,0.261,0.385,0.091,0.917,0.366,0.973,0.244,0.339,0.083,0.297,0.287,0.911,0.434,0.765,0.911,0.352,0.33,0.957,0.331,0.532,0.459,0.921,0.809,0.905,0.563,0.921,0.938,0.22,0.087,0.313,0.938,0.294,0.938,0.921,0.072,0.202,0.41,0.243,0.762,0.294,0.908,0.063,0.283,0.234,0.451,0.386,0.396,0.753,0.882,0.905,0.893,0.502,0.614,0.668
0.021,0.021,0.017,0.017,0.999,0.134,0.019,0.75,0.126,0.55,0.75,0.017,0.706,0.999,0.017,0.75,0.706,0.999,0.711,0.706,0.034,0.584,0.034,0.63,0.706,0.019,0.63,0.75,0.688,0.55,0.688,0.584,0.588,0.761,0.014,0.761,0.979,0.014,0.588,0.979,0.155,0.761,0.975,0.435,0.761,0.979,0.726,0.975,0.551,0.975,0.162,0.132,0.984,0.66,0.999,0.66,0.679,0.999,0.999,0.999,0.563,0.999,0.679,0.999,0.984,0.563,0.701,0.473,0.701,0.901,0.901,0.901,0.164,0.989,0.471,0.283,0.951,0.728,0.953,0.951,0.355,0.989,0.998,0.343,0.532,0.998,0.953,0.294,0.365,0.687,0.989,0.453,0.29,0.354,0.874,0.998,0.667,0.874,0.874,0.284,0.856,0.963,0.753,0.856,0.856,0.636,0.277,0.998,0.998,0.997,0.618,0.716,0.144,0.773,0.339,0.736,0.408,0.961,0.153,0.716,0.3,0.149,0.371,0.18,0.384,0.996,0.604,0.457,0.996,0.476,0.2,0.981,0.19,0.477,0.643,0.991,0.339,0.997,0.323,0.991,0.987,0.358,0.71,0.154,0.987,0.63,0.987,0.991,0.741,0.331,0.146,0.359,0.056,0.677,0.032,0.702,0.289,0.356,0.051,0.139,0.046,0.066,0.029,0.038,0.041,0.165,0.133,0.079
0.803,0.803,0.78,0.78,0.151,0.894,0.676,0.511,0.903,0.563,0.511,0.684,0.477,0.151,0.684,0.511,0.477,0.151,0.02,0.477,0.633,0.602,0.633,0.54,0.477,0.676,0.54,0.511,0.59,0.563,0.59,0.602,0.627,0.518,0.611,0.518,0.188,0.611,0.627,0.188,0.911,0.518,0.165,0.977,0.518,0.188,0.019,0.165,0.98,0.165,0.555,0.912,0.067,0.766,0.21,0.766,0.777,0.182,0.182,0.182,0.544,0.21,0.777,0.21,0.067,0.544,0.554,0.985,0.554,0.046,0.046,0.046,0.906,0.169,0.984,0.927,0.135,1.0,0.16,0.135,0.913,0.169,0.079,0.9,0.987,0.079,0.16,0.918,0.932,1.0,0.169,0.978,0.856,0.877,0.12,0.079,0.02,0.12,0.12,0.906,0.114,0.162,1.0,0.114,0.114,0.999,0.898,0.511,0.511,0.586,0.481,0.272,0.587,0.323,0.843,1.0,1.0,0.137,0.574,0.272,0.883,0.533,1.0,0.644,0.904,0.555,0.998,0.469,0.555,0.39,0.605,0.048,0.602,0.501,0.989,0.155,0.527,0.611,0.483,0.155,0.179,0.99,0.964,0.399,0.179,1.0,0.179,0.155,0.954,0.363,0.328,0.38,0.701,1.0,0.821,0.959,0.737,0.369,0.807,0.332,0.812,0.743,0.792,0.812,0.78,0.963,0.947,0.882
0.775,0.775,0.761,0.761,0.94,0.891,0.841,0.787,0.859,0.931,0.787,0.855,0.784,0.94,0.855,0.787,0.784,0.94,0.983,0.784,0.806,0.934,0.806,0.743,0.784,0.841,0.743,0.787,0.759,0.931,0.759,0.934,0.95,0.699,0.819,0.699,0.923,0.819,0.95,0.923,0.606,0.699,0.921,0.611,0.699,0.923,0.989,0.921,0.554,0.921,0.916,0.501,0.91,0.93,0.949,0.93,0.929,0.942,0.942,0.942,0.945,0.949,0.929,0.949,0.91,0.945,0.589,0.393,0.589,0.96,0.96,0.96,0.468,0.934,0.537,0.232,0.872,0.802,0.955,0.872,0.311,0.934,0.873,0.257,0.385,0.873,0.955,0.223,0.284,0.785,0.934,0.537,0.209,0.267,0.908,0.873,0.88,0.908,0.908,0.214,0.937,0.968,0.761,0.937,0.937,0.598,0.221,0.884,0.884,0.93,0.296,0.235,0.085,0.26,0.284,0.796,0.496,0.945,0.087,0.235,0.239,0.095,0.509,0.079,0.295,0.757,0.715,0.372,0.757,0.218,0.075,0.959,0.079,0.331,0.766,0.926,0.349,0.858,0.339,0.926,0.927,0.507,0.229,0.112,0.927,0.801,0.927,0.926,0.24,0.163,0.102,0.194,0.61,0.8,0.581,0.268,0.558,0.216,0.715,0.174,0.644,0.64,0.544,0.627,0.576,0.696,0.693,0.622
0.714,0.714,0.713,0.713,0.626,0.981,0.854,0.853,0.992,0.677,0.853,0.857,0.746,0.626,0.857,0.853,0.746,0.626,0.17,0.746,0.586,0.639,0.586,0.877,0.746,0.854,0.877,0.853,0.922,0.677,0.922,0.639,0.659,0.759,0.799,0.759,0.378,0.799,0.659,0.378,0.957,0.759,0.403,0.932,0.759,0.378,0.148,0.403,0.963,0.403,0.751,0.966,0.219,0.615,0.322,0.615,0.638,0.311,0.311,0.311,0.612,0.322,0.638,0.322,0.219,0.612,0.848,0.967,0.848,0.14,0.14,0.14,0.985,0.695,0.886,0.976,0.205,0.528,0.204,0.205,0.967,0.695,0.449,0.982,0.929,0.449,0.204,0.969,0.962,0.67,0.695,0.919,0.987,0.983,0.194,0.449,0.215,0.194,0.194,0.984,0.177,0.399,0.529,0.177,0.177,0.464,0.982,0.564,0.564,0.492,0.729,0.667,0.848,0.586,0.991,0.654,0.364,0.419,0.812,0.667,0.986,0.859,0.369,0.929,0.977,0.636,0.379,0.595,0.636,0.75,0.916,0.325,0.898,0.673,0.242,0.242,0.622,0.527,0.732,0.242,0.223,0.312,0.307,0.575,0.223,0.246,0.223,0.242,0.3,0.413,0.505,0.443,0.901,0.238,0.861,0.306,0.946,0.426,0.94,0.495,0.935,0.887,0.8,0.854,0.794,0.937,0.844,0.935
0.29,0.29,0.44,0.44,0.192,0.126,0.286,0.138,0.121,0.1,0.138,0.162,0.188,0.192,0.162,0.138,0.188,0.192,0.411,0.188,0.221,0.102,0.221,0.136,0.188,0.286,0.136,0.138,0.119,0.1,0.119,0.102,0.163,0.116,0.141,0.116,0.275,0.141,0.163,0.275,0.362,0.116,0.397,0.796,0.116,0.275,0.449,0.397,0.455,0.397,0.125,0.327,0.434,0.107,0.221,0.107,0.104,0.332,0.332,0.332,0.122,0.221,0.104,0.221,0.434,0.122,0.111,0.419,0.111,0.248,0.248,0.248,0.286,0.198,0.822,0.087,0.304,0.289,0.282,0.304,0.199,0.198,0.435,0.116,0.4,0.435,0.282,0.08,0.207,0.411,0.198,0.826,0.085,0.108,0.244,0.435,0.301,0.244,0.244,0.07,0.28,0.364,0.2,0.28,0.28,0.265,0.072,0.3,0.3,0.292,0.418,0.111,0.438,0.121,0.124,0.307,0.425,0.341,0.465,0.111,0.065,0.488,0.508,0.045,0.115,0.206,0.407,0.82,0.206,0.193,0.033,0.443,0.039,0.365,0.444,0.416,0.803,0.205,0.787,0.416,0.419,0.502,0.034,0.637,0.419,0.457,0.419,0.416,0.03,0.473,0.607,0.376,0.888,0.357,0.886,0.033,0.905,0.386,0.916,0.669,0.906,0.904,0.872,0.908,0.888,0.814,0.764,0.858
0.805,0.805,0.763,0.763,0.997,0.674,0.588,0.709,0.753,0.417,0.709,0.561,0.728,0.997,0.561,0.709,0.728,0.997,0.127,0.728,0.695,0.498,0.695,0.634,0.728,0.588,0.634,0.709,0.63,0.417,0.63,0.498,0.569,0.602,0.581,0.602,0.913,0.581,0.569,0.913,0.41,0.602,0.934,0.985,0.602,0.913,0.135,0.934,0.6,0.934,0.595,0.389,0.822,0.38,0.908,0.38,0.343,0.93,0.93,0.93,0.417,0.908,0.343,0.908,0.822,0.417,0.584,0.616,0.584,0.829,0.829,0.829,0.517,1.0,0.962,0.411,0.794,0.712,0.685,0.794,0.499,1.0,0.989,0.509,0.543,0.989,0.685,0.402,0.571,0.825,1.0,0.928,0.395,0.491,0.639,0.989,0.282,0.639,0.639,0.372,0.628,0.975,0.679,0.628,0.628,0.64,0.358,0.969,0.969,0.446,0.315,0.995,0.478,0.557,0.405,0.737,0.938,0.959,0.484,0.995,0.331,0.48,0.863,0.538,0.412,0.971,0.77,0.531,0.971,0.486,0.549,0.96,0.536,0.313,0.913,0.845,0.668,0.399,0.433,0.845,0.839,0.839,0.748,0.56,0.839,0.901,0.839,0.845,0.756,0.563,0.641,0.612,0.227,0.935,0.272,0.822,0.383,0.575,0.505,0.53,0.481,0.191,0.266,0.306,0.34,0.355,0.418,0.092
0.057,0.057,0.047,0.047,0.139,0.094,0.69,0.472,0.099,0.598,0.472,0.819,0.512,0.139,0.819,0.472,0.512,0.139,0.16,0.512,0.109,0.698,0.109,0.606,0.512,0.69,0.606,0.472,0.575,0.598,0.575,0.698,0.642,0.681,0.73,0.681,0.121,0.73,0.642,0.121,0.722,0.681,0.113,0.97,0.681,0.121,0.138,0.113,0.995,0.113,0.127,0.763,0.136,0.642,0.145,0.642,0.631,0.135,0.135,0.135,0.689,0.145,0.631,0.145,0.136,0.689,0.66,0.996,0.66,0.681,0.681,0.681,0.746,0.176,0.895,0.819,0.115,0.999,0.127,0.115,0.764,0.176,0.22,0.805,0.996,0.22,0.127,0.795,0.766,0.974,0.176,0.925,0.81,0.824,0.699,0.22,0.245,0.699,0.699,0.783,0.653,0.244,0.999,0.653,0.653,1.0,0.775,0.075,0.075,0.068,0.055,0.073,0.358,0.1,0.774,0.94,0.856,0.211,0.342,0.073,0.731,0.334,0.855,0.365,0.816,0.076,0.99,0.394,0.076,0.191,0.501,0.192,0.503,0.053,0.926,0.137,0.396,0.071,0.532,0.137,0.166,0.876,0.632,0.312,0.166,0.884,0.166,0.137,0.625,0.141,0.238,0.153,0.722,0.876,0.56,0.602,0.014,0.159,0.039,0.244,0.034,0.75,0.494,0.594,0.513,0.034,0.023,0.106
0.588,0.588,0.667,0.667,0.342,0.95,0.453,0.368,0.949,0.236,0.368,0.396,0.366,0.342,0.396,0.368,0.366,0.342,0.313,0.366,0.535,0.299,0.535,0.367,0.366,0.453,0.367,0.368,0.38,0.236,0.38,0.299,0.284,0.428,0.358,0.428,0.485,0.358,0.284,0.485,0.936,0.428,0.61,0.138,0.428,0.485,0.317,0.61,0.453,0.61,0.983,0.934,0.319,0.451,0.552,0.451,0.346,0.615,0.615,0.615,0.332,0.552,0.346,0.552,0.319,0.332,0.453,0.395,0.453,0.714,0.714,0.714,0.908,0.251,0.132,0.834,0.284,0.365,0.221,0.284,0.956,0.251,0.345,0.896,0.431,0.345,0.221,0.867,0.954,0.43,0.251,0.141,0.865,0.865,0.56,0.345,0.153,0.56,0.56,0.865,0.497,0.324,0.357,0.497,0.497,0.297,0.812,0.855,0.855,0.872,0.964,0.379,0.832,0.397,0.872,0.422,0.642,0.392,0.825,0.379,0.9,0.822,0.657,0.677,0.909,0.841,0.334,0.315,0.841,0.645,0.691,0.437,0.694,0.986,0.391,0.321,0.284,0.854,0.152,0.321,0.445,0.516,0.96,0.441,0.445,0.414,0.445,0.321,0.957,0.251,0.643,0.386,0.304,0.412,0.508,0.903,0.548,0.399,0.645,0.678,0.668,0.318,0.473,0.482,0.458,0.692,0.67,0.656
0.641,0.641,0.642,0.642,0.42,0.284,0.759,0.707,0.269,0.967,0.707,0.754,0.679,0.42,0.754,0.707,0.679,0.42,0.573,0.679,0.646,0.973,0.646,0.928,0.679,0.759,0.928,0.707,0.948,0.967,0.948,0.973,0.973,0.771,0.839,0.771,0.332,0.839,0.973,0.332,0.709,0.771,0.448,0.83,0.771,0.332,0.473,0.448,0.94,0.448,0.206,0.686,0.693,0.961,0.35,0.961,0.969,0.464,0.464,0.464,0.951,0.35,0.969,0.35,0.693,0.951,0.94,0.96,0.94,0.926,0.926,0.926,0.716,0.452,0.839,0.453,0.662,0.82,0.597,0.662,0.788,0.452,0.769,0.636,0.966,0.769,0.597,0.451,0.779,0.855,0.452,0.837,0.43,0.61,0.888,0.769,0.509,0.888,0.888,0.431,0.886,0.629,0.88,0.886,0.886,0.91,0.291,0.298,0.298,0.236,0.328,0.07,0.057,0.059,0.375,0.894,0.393,0.675,0.104,0.07,0.246,0.101,0.419,0.13,0.576,0.195,0.964,0.76,0.195,0.089,0.233,0.739,0.238,0.272,0.934,0.655,0.754,0.138,0.818,0.655,0.564,0.505,0.194,0.585,0.564,0.845,0.564,0.655,0.2,0.367,0.585,0.273,0.95,0.85,0.888,0.274,0.956,0.325,0.955,0.525,0.948,0.946,0.864,0.862,0.864,0.966,0.968,0.967
0.627,0.627,0.632,0.632,0.388,0.563,0.194,0.414,0.556,0.25,0.414,0.277,0.339,0.388,0.277,0.414,0.339,0.388,0.911,0.339,0.402,0.301,0.402,0.336,0.339,0.194,0.336,0.414,0.317,0.25,0.317,0.301,0.882,0.301,0.152,0.301,0.531,0.152,0.882,0.531,0.861,0.301,0.68,0.719,0.301,0.531,0.935,0.68,0.261,0.68,0.543,0.73,0.283,0.896,0.548,0.896,0.901,0.65,0.65,0.65,0.213,0.548,0.901,0.548,0.283,0.213,0.301,0.249,0.301,0.318,0.318,0.318,0.629,0.367,0.63,0.685,0.685,0.503,0.657,0.685,0.79,0.367,0.521,0.812,0.268,0.521,0.657,0.727,0.728,0.542,0.367,0.69,0.687,0.713,0.607,0.521,0.788,0.607,0.607,0.697,0.636,0.718,0.482,0.636,0.636,0.564,0.793,0.788,0.788,0.724,0.226,0.615,0.312,0.597,0.797,0.577,0.08,0.645,0.276,0.615,0.759,0.271,0.082,0.42,0.84,0.624,0.636,0.102,0.624,0.279,0.402,0.454,0.387,0.194,0.691,0.66,0.071,0.565,0.11,0.66,0.635,0.065,0.217,0.055,0.635,0.573,0.635,0.66,0.258,0.177,0.048,0.266,0.026,0.601,0.026,0.231,0.047,0.198,0.043,0.041,0.042,0.02,0.027,0.024,0.023,0.086,0.088,0.042
0.146,0.146,0.29,0.29,0.265,0.544,0.224,0.24,0.525,0.263,0.24,0.1,0.379,0.265,0.1,0.24,0.379,0.265,0.784,0.379,0.314,0.224,0.314,0.451,0.379,0.224,0.451,0.24,0.272,0.263,0.272,0.224,0.422,0.231,0.177,0.231,0.334,0.177,0.422,0.334,0.812,0.231,0.267,0.359,0.231,0.334,0.704,0.267,0.872,0.267,0.605,0.731,0.107,0.633,0.154,0.633,0.649,0.276,0.276,0.276,0.133,0.154,0.649,0.154,0.107,0.133,0.201,0.198,0.201,0.059,0.059,0.059,0.938,0.273,0.305,0.941,0.077,0.332,0.049,0.077,0.923,0.273,0.122,0.965,0.325,0.122,0.049,0.931,0.944,0.357,0.273,0.347,0.942,0.947,0.03,0.122,0.836,0.03,0.03,0.919,0.017,0.037,0.572,0.017,0.017,0.919,0.972,0.47,0.47,0.498,0.293,0.425,0.83,0.426,0.981,0.559,0.548,0.063,0.811,0.425,0.976,0.813,0.631,0.784,0.893,0.394,0.976,0.731,0.394,0.436,0.746,0.128,0.776,0.275,0.975,0.106,0.844,0.47,0.804,0.106,0.091,0.724,0.277,0.752,0.091,0.439,0.091,0.106,0.274,0.861,0.795,0.849,0.488,0.766,0.459,0.359,0.691,0.846,0.524,0.755,0.545,0.522,0.396,0.418,0.389,0.228,0.213,0.328
0.932,0.932,0.962,0.962,0.32,0.643,0.892,0.981,0.663,0.972,0.981,0.859,0.988,0.32,0.859,0.981,0.988,0.32,0.276,0.988,0.97,0.979,0.97,0.977,0.988,0.892,0.977,0.981,0.979,0.972,0.979,0.979,0.971,0.982,0.932,0.982,0.22,0.932,0.971,0.22,0.315,0.982,0.222,0.389,0.982,0.22,0.291,0.222,0.305,0.222,0.679,0.309,0.667,0.967,0.238,0.967,0.967,0.286,0.286,0.286,0.984,0.238,0.967,0.238,0.667,0.984,0.972,0.57,0.972,0.603,0.603,0.603,0.333,0.21,0.331,0.219,0.688,0.692,0.674,0.688,0.338,0.21,0.381,0.28,0.579,0.381,0.674,0.22,0.337,0.658,0.21,0.327,0.263,0.271,0.566,0.381,0.158,0.566,0.566,0.268,0.566,0.62,0.712,0.566,0.566,0.559,0.26,0.163,0.163,0.162,0.052,0.041,0.183,0.035,0.337,0.662,0.742,0.63,0.17,0.041,0.206,0.172,0.729,0.208,0.348,0.16,0.591,0.388,0.16,0.024,0.221,0.703,0.251,0.047,0.654,0.314,0.305,0.143,0.4,0.314,0.301,0.683,0.302,0.29,0.301,0.782,0.301,0.314,0.344,0.24,0.294,0.234,0.338,0.789,0.474,0.275,0.634,0.259,0.749,0.268,0.752,0.442,0.468,0.469,0.468,0.657,0.647,0.404
0.522,0.522,0.407,0.407,0.719,0.612,0.391,0.359,0.603,0.296,0.359,0.555,0.382,0.719,0.555,0.359,0.382,0.719,0.537,0.382,0.664,0.241,0.664,0.338,0.382,0.391,0.338,0.359,0.351,0.296,0.351,0.241,0.349,0.525,0.562,0.525,0.625,0.562,0.349,0.625,0.717,0.525,0.685,0.705,0.525,0.625,0.526,0.685,0.584,0.685,0.833,0.666,0.395,0.282,0.559,0.282,0.26,0.506,0.506,0.506,0.367,0.559,0.26,0.559,0.395,0.367,0.504,0.666,0.504,0.353,0.353,0.353,0.706,0.256,0.637,0.62,0.395,0.739,0.383,0.395,0.677,0.256,0.52,0.693,0.581,0.52,0.383,0.61,0.691,0.873,0.256,0.627,0.626,0.657,0.5,0.52,0.143,0.5,0.5,0.664,0.424,0.495,0.731,0.424,0.424,0.672,0.655,0.386,0.386,0.363,0.373,0.259,0.531,0.244,0.734,0.852,0.91,0.499,0.534,0.259,0.652,0.554,0.843,0.499,0.732,0.373,0.83,0.527,0.373,0.359,0.495,0.472,0.515,0.378,0.592,0.527,0.53,0.355,0.698,0.527,0.535,0.734,0.378,0.567,0.535,0.751,0.535,0.527,0.407,0.411,0.616,0.425,0.829,0.715,0.736,0.503,0.658,0.441,0.652,0.567,0.67,0.81,0.746,0.773,0.744,0.651,0.641,0.608
0.473,0.473,0.394,0.394,0.01,0.292,0.24,0.165,0.306,0.199,0.165,0.263,0.148,0.01,0.263,0.165,0.148,0.01,0.007,0.148,0.43,0.25,0.43,0.155,0.148,0.24,0.155,0.165,0.155,0.199,0.155,0.25,0.922,0.143,0.197,0.143,0.01,0.197,0.922,0.01,0.538,0.143,0.011,0.819,0.143,0.01,0.011,0.011,0.984,0.011,0.263,0.499,0.004,0.943,0.008,0.943,0.948,0.008,0.008,0.008,0.314,0.008,0.948,0.008,0.004,0.314,0.157,0.983,0.157,0.004,0.004,0.004,0.863,0.011,0.925,0.765,0.004,0.242,0.004,0.004,0.641,0.011,0.008,0.588,0.986,0.008,0.004,0.78,0.629,0.29,0.011,0.842,0.67,0.598,0.005,0.008,0.014,0.005,0.005,0.682,0.005,0.004,0.242,0.005,0.005,0.251,0.71,0.062,0.062,0.067,0.233,0.092,0.41,0.093,0.614,0.3,0.338,0.005,0.381,0.092,0.73,0.37,0.352,0.509,0.751,0.071,0.36,0.079,0.071,0.196,0.557,0.004,0.584,0.26,0.377,0.008,0.077,0.076,0.075,0.008,0.008,0.346,0.103,0.107,0.008,0.248,0.008,0.008,0.107,0.048,0.074,0.055,0.286,0.316,0.233,0.095,0.242,0.051,0.262,0.071,0.256,0.294,0.24,0.228,0.228,0.25,0.282,0.23
0.467,0.467,0.655,0.655,0.791,0.322,0.411,0.215,0.293,0.3,0.215,0.345,0.283,0.791,0.345,0.215,0.283,0.791,0.847,0.283,0.598,0.177,0.598,0.427,0.283,0.411,0.427,0.215,0.315,0.3,0.315,0.177,0.198,0.297,0.455,0.297,0.753,0.455,0.198,0.753,0.779,0.297,0.762,0.467,0.297,0.753,0.897,0.762,0.371,0.762,0.271,0.784,0.634,0.125,0.667,0.125,0.119,0.658,0.658,0.658,0.244,0.667,0.119,0.667,0.634,0.244,0.392,0.403,0.392,0.578,0.578,0.578,0.774,0.859,0.485,0.334,0.59,0.326,0.605,0.59,0.565,0.859,0.69,0.434,0.402,0.69,0.605,0.337,0.666,0.817,0.859,0.48,0.32,0.438,0.564,0.69,0.842,0.564,0.564,0.316,0.558,0.636,0.324,0.558,0.558,0.331,0.333,0.759,0.759,0.779,0.525,0.809,0.136,0.832,0.461,0.763,0.608,0.631,0.103,0.809,0.315,0.111,0.617,0.198,0.548,0.755,0.29,0.928,0.755,0.578,0.11,0.608,0.12,0.536,0.143,0.664,0.907,0.782,0.898,0.664,0.664,0.355,0.802,0.879,0.664,0.61,0.664,0.664,0.801,0.941,0.927,0.943,0.836,0.528,0.893,0.777,0.941,0.94,0.949,0.921,0.943,0.892,0.843,0.909,0.843,0.961,0.931,0.947
0.665,0.665,0.752,0.752,0.518,0.702,0.472,0.34,0.734,0.603,0.34,0.421,0.387,0.518,0.421,0.34,0.387,0.518,0.81,0.387,0.798,0.545,0.798,0.387,0.387,0.472,0.387,0.34,0.361,0.603,0.361,0.545,0.958,0.342,0.423,0.342,0.572,0.423,0.958,0.572,0.383,0.342,0.571,0.814,0.342,0.572,0.793,0.571,0.923,0.571,0.619,0.366,0.585,0.964,0.541,0.964,0.966,0.519,0.519,0.519,0.574,0.541,0.966,0.541,0.585,0.574,0.344,0.884,0.344,0.777,0.777,0.777,0.404,0.532,0.778,0.319,0.592,0.97,0.606,0.592,0.265,0.532,0.595,0.347,0.894,0.595,0.606,0.31,0.275,0.926,0.532,0.785,0.333,0.35,0.796,0.595,0.478,0.796,0.796,0.326,0.675,0.59,0.973,0.675,0.675,0.861,0.304,0.659,0.659,0.468,0.824,0.52,0.798,0.37,0.362,0.83,0.846,0.574,0.788,0.52,0.323,0.78,0.936,0.871,0.328,0.692,0.758,0.796,0.692,0.417,0.866,0.607,0.873,0.841,0.884,0.702,0.817,0.449,0.768,0.702,0.72,0.867,0.866,0.746,0.72,0.959,0.72,0.702,0.871,0.554,0.732,0.51,0.761,0.889,0.805,0.906,0.881,0.512,0.903,0.72,0.914,0.746,0.788,0.743,0.751,0.869,0.855,0.851
0.606,0.606,0.464,0.464,0.969,0.122,0.317,0.253,0.118,0.151,0.253,0.401,0.18,0.969,0.401,0.253,0.18,0.969,0.846,0.18,0.67,0.195,0.67,0.198,0.18,0.317,0.198,0.253,0.212,0.151,0.212,0.195,0.593,0.162,0.271,0.162,0.871,0.271,0.593,0.871,0.641,0.162,0.833,0.853,0.162,0.871,0.852,0.833,0.118,0.833,0.15,0.632,0.859,0.802,0.754,0.802,0.785,0.714,0.714,0.714,0.158,0.754,0.785,0.754,0.859,0.158,0.178,0.095,0.178,0.83,0.83,0.83,0.652,0.981,0.87,0.469,0.676,0.228,0.672,0.676,0.629,0.981,0.795,0.595,0.11,0.795,0.672,0.51,0.562,0.223,0.981,0.855,0.464,0.591,0.715,0.795,0.782,0.715,0.715,0.495,0.699,0.73,0.199,0.699,0.699,0.249,0.542,0.799,0.799,0.794,0.755,0.925,0.535,0.956,0.595,0.195,0.58,0.752,0.512,0.925,0.536,0.518,0.698,0.706,0.756,0.826,0.446,0.903,0.826,0.928,0.618,0.836,0.62,0.753,0.585,0.801,0.891,0.847,0.873,0.801,0.918,0.739,0.143,0.871,0.918,0.24,0.918,0.801,0.124,0.927,0.839,0.916,0.3,0.273,0.306,0.193,0.326,0.925,0.35,0.866,0.331,0.296,0.32,0.303,0.32,0.349,0.344,0.387
0.909,0.909,0.918,0.918,0.43,0.552,0.833,0.771,0.568,0.946,0.771,0.789,0.757,0.43,0.789,0.771,0.757,0.43,0.609,0.757,0.945,0.975,0.945,0.905,0.757,0.833,0.905,0.771,0.941,0.946,0.941,0.975,0.923,0.665,0.813,0.665,0.281,0.813,0.923,0.281,0.646,0.665,0.345,0.739,0.665,0.281,0.4,0.345,0.857,0.345,0.335,0.647,0.34,0.92,0.54,0.92,0.92,0.579,0.579,0.579,0.957,0.54,0.92,0.54,0.34,0.957,0.875,0.885,0.875,0.345,0.345,0.345,0.729,0.234,0.796,0.571,0.369,0.912,0.33,0.369,0.603,0.234,0.453,0.601,0.877,0.453,0.33,0.511,0.641,0.508,0.234,0.825,0.526,0.628,0.201,0.453,0.506,0.201,0.201,0.539,0.183,0.416,0.932,0.183,0.183,0.773,0.531,0.147,0.147,0.133,0.037,0.197,0.141,0.184,0.576,0.574,0.688,0.441,0.371,0.197,0.529,0.371,0.663,0.429,0.686,0.109,0.505,0.519,0.109,0.084,0.47,0.321,0.465,0.034,0.567,0.512,0.619,0.141,0.495,0.512,0.431,0.762,0.268,0.429,0.431,0.536,0.431,0.512,0.276,0.346,0.446,0.352,0.183,0.59,0.236,0.366,0.426,0.353,0.192,0.459,0.194,0.188,0.236,0.253,0.252,0.207,0.215,0.385
0.409,0.409,0.435,0.435,0.188,0.089,0.272,0.18,0.082,0.214,0.18,0.221,0.236,0.188,0.221,0.18,0.236,0.188,0.461,0.236,0.249,0.242,0.249,0.192,0.236,0.272,0.192,0.18,0.164,0.214,0.164,0.242,0.15,0.095,0.151,0.095,0.242,0.151,0.15,0.242,0.135,0.095,0.231,0.476,0.095,0.242,0.476,0.231,0.751,0.231,0.046,0.124,0.155,0.244,0.368,0.244,0.243,0.373,0.373,0.373,0.167,0.368,0.243,0.368,0.155,0.167,0.089,0.673,0.089,0.214,0.214,0.214,0.187,0.125,0.512,0.092,0.331,0.617,0.356,0.331,0.074,0.125,0.208,0.141,0.688,0.208,0.356,0.091,0.07,0.526,0.125,0.555,0.075,0.147,0.412,0.208,0.455,0.412,0.412,0.075,0.399,0.411,0.684,0.399,0.399,0.663,0.099,0.015,0.015,0.015,0.009,0.006,0.028,0.011,0.152,0.648,0.389,0.321,0.024,0.006,0.075,0.024,0.315,0.03,0.073,0.015,0.501,0.278,0.015,0.004,0.026,0.174,0.028,0.009,0.594,0.408,0.279,0.016,0.318,0.408,0.498,0.301,0.045,0.329,0.498,0.558,0.498,0.408,0.043,0.232,0.285,0.205,0.213,0.681,0.21,0.038,0.184,0.19,0.195,0.269,0.193,0.21,0.216,0.221,0.225,0.206,0.211,0.22
0.492,0.492,0.589,0.589,0.486,0.069,0.244,0.242,0.071,0.228,0.242,0.234,0.258,0.486,0.234,0.242,0.258,0.486,0.427,0.258,0.485,0.189,0.485,0.351,0.258,0.244,0.351,0.242,0.348,0.228,0.348,0.189,0.581,0.316,0.316,0.316,0.528,0.316,0.581,0.528,0.636,0.316,0.584,0.384,0.316,0.528,0.531,0.584,0.171,0.584,0.071,0.537,0.467,0.399,0.455,0.399,0.368,0.54,0.54,0.54,0.168,0.455,0.368,0.455,0.467,0.168,0.314,0.294,0.314,0.41,0.41,0.41,0.378,0.626,0.538,0.9,0.518,0.366,0.547,0.518,0.901,0.626,0.623,0.888,0.242,0.623,0.547,0.92,0.911,0.293,0.626,0.56,0.891,0.891,0.458,0.623,0.737,0.458,0.458,0.891,0.466,0.583,0.301,0.466,0.466,0.231,0.841,0.866,0.866,0.899,0.897,0.863,0.966,0.897,0.878,0.26,0.492,0.563,0.973,0.863,0.84,0.97,0.53,0.903,0.853,0.827,0.221,0.937,0.827,0.951,0.895,0.494,0.897,0.868,0.284,0.635,0.914,0.913,0.965,0.635,0.619,0.452,0.546,0.801,0.619,0.342,0.619,0.635,0.532,0.741,0.822,0.776,0.226,0.307,0.212,0.445,0.456,0.79,0.349,0.785,0.365,0.235,0.213,0.183,0.18,0.417,0.343,0.547
0.075,0.075,0.093,0.093,0.371,0.296,0.088,0.068,0.31,0.121,0.068,0.051,0.237,0.371,0.051,0.068,0.237,0.371,0.562,0.237,0.031,0.046,0.031,0.227,0.237,0.088,0.227,0.068,0.073,0.121,0.073,0.046,0.053,0.057,0.034,0.057,0.489,0.034,0.053,0.489,0.363,0.057,0.416,0.672,0.057,0.489,0.506,0.416,0.889,0.416,0.304,0.394,0.266,0.023,0.498,0.023,0.022,0.399,0.399,0.399,0.039,0.498,0.022,0.498,0.266,0.039,0.069,0.897,0.069,0.2,0.2,0.2,0.292,0.464,0.686,0.272,0.354,0.466,0.353,0.354,0.393,0.464,0.337,0.405,0.83,0.337,0.353,0.287,0.442,0.466,0.464,0.691,0.284,0.386,0.2,0.337,0.698,0.2,0.2,0.296,0.191,0.377,0.469,0.191,0.191,0.383,0.281,0.745,0.745,0.426,0.258,0.84,0.104,0.607,0.408,0.489,0.692,0.365,0.096,0.84,0.272,0.096,0.655,0.134,0.431,0.855,0.264,0.936,0.855,0.62,0.129,0.259,0.126,0.388,0.257,0.444,0.933,0.589,0.972,0.444,0.493,0.6,0.838,0.898,0.493,0.559,0.493,0.444,0.837,0.758,0.858,0.734,0.556,0.591,0.517,0.888,0.779,0.736,0.592,0.847,0.568,0.604,0.523,0.538,0.521,0.763,0.739,0.861
0.445,0.445,0.458,0.458,0.594,0.477,0.187,0.301,0.483,0.789,0.301,0.303,0.232,0.594,0.303,0.301,0.232,0.594,0.827,0.232,0.322,0.796,0.322,0.83,0.232,0.187,0.83,0.301,0.868,0.789,0.868,0.796,0.612,0.181,0.337,0.181,0.901,0.337,0.612,0.901,0.781,0.181,0.791,0.322,0.181,0.901,0.757,0.791,0.696,0.791,0.426,0.791,0.504,0.751,0.9,0.751,0.744,0.809,0.809,0.809,0.757,0.9,0.744,0.9,0.504,0.757,0.856,0.556,0.856,0.552,0.552,0.552,0.771,0.687,0.336,0.383,0.56,0.958,0.542,0.56,0.462,0.687,0.487,0.586,0.631,0.487,0.542,0.375,0.55,0.921,0.687,0.323,0.419,0.509,0.343,0.487,0.581,0.343,0.343,0.418,0.339,0.729,0.969,0.339,0.339,0.956,0.305,0.974,0.974,0.993,0.549,0.934,0.9,0.962,0.455,0.944,0.3,0.714,0.899,0.934,0.346,0.892,0.28,0.841,0.603,0.985,0.918,0.561,0.985,0.746,0.864,0.533,0.851,0.589,0.922,0.714,0.505,0.979,0.604,0.714,0.758,0.225,0.854,0.378,0.758,0.95,0.758,0.714,0.846,0.407,0.358,0.287,0.77,0.955,0.619,0.796,0.639,0.311,0.854,0.363,0.847,0.66,0.73,0.584,0.702,0.582,0.554,0.618
0.285,0.285,0.272,0.272,0.899,0.657,0.329,0.421,0.658,0.248,0.421,0.337,0.381,0.899,0.337,0.421,0.381,0.899,0.251,0.381,0.295,0.29,0.295,0.346,0.381,0.329,0.346,0.421,0.404,0.248,0.404,0.29,0.134,0.547,0.459,0.547,0.838,0.459,0.134,0.838,0.605,0.547,0.854,0.119,0.547,0.838,0.369,0.854,0.056,0.854,0.62,0.596,0.965,0.157,0.838,0.157,0.144,0.872,0.872,0.872,0.325,0.838,0.144,0.838,0.965,0.325,0.483,0.033,0.483,0.957,0.957,0.957,0.523,0.888,0.111,0.537,0.837,0.121,0.822,0.837,0.454,0.888,0.967,0.555,0.032,0.967,0.822,0.612,0.568,0.12,0.888,0.101,0.515,0.481,0.827,0.967,0.426,0.827,0.827,0.598,0.776,0.884,0.115,0.776,0.776,0.149,0.703,0.166,0.166,0.274,0.652,0.78,0.902,0.688,0.645,0.118,0.46,0.833,0.939,0.78,0.645,0.973,0.447,0.373,0.717,0.177,0.15,0.922,0.177,0.904,0.319,0.962,0.36,0.575,0.147,0.897,0.903,0.269,0.91,0.897,0.942,0.563,0.156,0.822,0.942,0.111,0.942,0.897,0.153,0.786,0.898,0.811,0.937,0.11,0.957,0.13,0.702,0.746,0.546,0.896,0.578,0.953,0.945,0.954,0.941,0.844,0.818,0.799
0.116,0.116,0.193,0.193,0.021,0.345,0.156,0.272,0.348,0.194,0.272,0.166,0.328,0.021,0.166,0.272,0.328,0.021,0.214,0.328,0.1,0.149,0.1,0.269,0.328,0.156,0.269,0.272,0.231,0.194,0.231,0.149,0.421,0.178,0.133,0.178,0.025,0.133,0.421,0.025,0.037,0.178,0.024,0.304,0.178,0.025,0.286,0.024,0.182,0.024,0.408,0.082,0.021,0.357,0.027,0.357,0.349,0.038,0.038,0.038,0.139,0.027,0.349,0.027,0.021,0.139,0.182,0.314,0.182,0.045,0.045,0.045,0.042,0.024,0.249,0.057,0.024,0.218,0.025,0.024,0.064,0.024,0.017,0.085,0.218,0.017,0.025,0.062,0.086,0.06,0.024,0.199,0.057,0.076,0.044,0.017,0.208,0.044,0.044,0.067,0.048,0.025,0.174,0.048,0.048,0.132,0.05,0.02,0.02,0.024,0.068,0.032,0.037,0.037,0.064,0.046,0.032,0.027,0.038,0.032,0.048,0.037,0.06,0.041,0.067,0.021,0.041,0.052,0.021,0.062,0.042,0.023,0.043,0.066,0.086,0.018,0.04,0.023,0.076,0.018,0.019,0.031,0.751,0.053,0.019,0.058,0.019,0.018,0.742,0.055,0.039,0.051,0.219,0.041,0.166,0.739,0.151,0.061,0.274,0.038,0.278,0.228,0.152,0.148,0.141,0.217,0.21,0.188
0.255,0.255,0.198,0.198,0.395,0.741,0.204,0.516,0.748,0.642,0.516,0.159,0.483,0.395,0.159,0.516,0.483,0.395,0.062,0.483,0.331,0.664,0.331,0.459,0.483,0.204,0.459,0.516,0.5,0.642,0.5,0.664,0.875,0.493,0.319,0.493,0.362,0.319,0.875,0.362,0.924,0.493,0.368,0.878,0.493,0.362,0.058,0.368,0.342,0.368,0.771,0.896,0.484,0.932,0.545,0.932,0.938,0.558,0.558,0.558,0.685,0.545,0.938,0.545,0.484,0.685,0.47,0.371,0.47,0.703,0.703,0.703,0.995,0.409,0.951,0.933,0.479,0.585,0.508,0.479,0.977,0.409,0.302,0.972,0.376,0.302,0.508,0.941,0.976,0.867,0.409,0.977,0.932,0.96,0.825,0.302,0.08,0.825,0.825,0.946,0.841,0.42,0.582,0.841,0.841,0.509,0.942,0.529,0.529,0.549,0.745,0.585,0.678,0.612,0.968,0.798,0.92,0.412,0.727,0.585,0.954,0.73,0.918,0.823,0.983,0.564,0.513,0.717,0.564,0.702,0.769,0.313,0.763,0.784,0.702,0.399,0.648,0.58,0.652,0.399,0.386,0.66,0.88,0.361,0.386,0.915,0.386,0.399,0.892,0.476,0.439,0.469,0.311,0.847,0.183,0.743,0.821,0.474,0.162,0.426,0.226,0.31,0.19,0.179,0.183,0.23,0.22,0.78
0.159,0.159,0.176,0.176,0.059,0.586,0.616,0.599,0.547,0.351,0.599,0.598,0.56,0.059,0.598,0.599,0.56,0.059,0.262,0.56,0.232,0.42,0.232,0.556,0.56,0.616,0.556,0.599,0.606,0.351,0.606,0.42,0.18,0.551,0.57,0.551,0.045,0.57,0.18,0.045,0.109,0.551,0.036,0.011,0.551,0.045,0.242,0.036,0.009,0.036,0.465,0.101,0.038,0.28,0.039,0.28,0.292,0.045,0.045,0.045,0.392,0.039,0.292,0.039,0.038,0.392,0.53,0.017,0.53,0.038,0.038,0.038,0.087,0.06,0.006,0.116,0.03,0.039,0.036,0.03,0.152,0.06,0.04,0.138,0.019,0.04,0.036,0.106,0.16,0.069,0.06,0.006,0.12,0.156,0.026,0.04,0.583,0.026,0.026,0.107,0.028,0.064,0.046,0.028,0.028,0.024,0.089,0.144,0.144,0.144,0.299,0.447,0.137,0.371,0.112,0.054,0.018,0.068,0.142,0.447,0.092,0.145,0.014,0.14,0.137,0.228,0.02,0.955,0.228,0.704,0.103,0.047,0.097,0.364,0.045,0.034,0.883,0.236,0.97,0.034,0.033,0.022,0.232,0.992,0.033,0.045,0.033,0.034,0.238,0.902,0.978,0.844,0.986,0.039,0.988,0.269,0.727,0.859,0.743,0.967,0.772,0.992,0.974,0.952,0.949,0.866,0.832,0.89
0.707,0.707,0.624,0.624,0.12,0.664,0.688,0.934,0.677,0.983,0.934,0.717,0.924,0.12,0.717,0.934,0.924,0.12,0.13,0.924,0.687,0.994,0.687,0.988,0.924,0.688,0.988,0.934,0.989,0.983,0.989,0.994,0.957,0.95,0.706,0.95,0.057,0.706,0.957,0.057,0.317,0.95,0.051,0.18,0.95,0.057,0.134,0.051,0.595,0.051,0.715,0.334,0.083,0.926,0.041,0.926,0.924,0.044,0.044,0.044,0.998,0.041,0.924,0.041,0.083,0.998,0.99,0.44,0.99,0.048,0.048,0.048,0.338,0.119,0.153,0.416,0.053,0.498,0.065,0.053,0.15,0.119,0.145,0.168,0.442,0.145,0.065,0.408,0.166,0.497,0.119,0.171,0.459,0.166,0.05,0.145,0.218,0.05,0.05,0.451,0.074,0.058,0.479,0.074,0.074,0.656,0.381,0.083,0.083,0.074,0.166,0.1,0.14,0.116,0.171,0.453,0.284,0.046,0.192,0.1,0.387,0.195,0.284,0.153,0.189,0.077,0.609,0.647,0.077,0.132,0.218,0.104,0.213,0.149,0.714,0.049,0.621,0.058,0.668,0.049,0.073,0.457,0.125,0.857,0.073,0.449,0.073,0.049,0.13,0.841,0.911,0.828,0.748,0.335,0.74,0.133,0.45,0.863,0.455,0.906,0.46,0.715,0.754,0.687,0.69,0.344,0.322,0.783
0.152,0.152,0.139,0.139,0.477,0.84,0.133,0.077,0.839,0.126,0.077,0.156,0.058,0.477,0.156,0.077,0.058,0.477,0.177,0.058,0.134,0.134,0.134,0.066,0.058,0.133,0.066,0.077,0.082,0.126,0.082,0.134,0.955,0.082,0.132,0.082,0.7,0.132,0.955,0.7,0.439,0.082,0.54,0.54,0.082,0.7,0.147,0.54,0.54,0.54,0.775,0.392,0.743,0.963,0.647,0.963,0.96,0.601,0.601,0.601,0.116,0.647,0.96,0.647,0.743,0.116,0.081,0.463,0.081,0.57,0.57,0.57,0.475,0.717,0.765,0.589,0.635,0.695,0.615,0.635,0.715,0.717,0.798,0.665,0.488,0.798,0.615,0.407,0.82,0.781,0.717,0.778,0.572,0.709,0.496,0.798,0.367,0.496,0.496,0.44,0.499,0.662,0.717,0.499,0.499,0.781,0.593,0.357,0.357,0.473,0.818,0.656,0.996,0.667,0.744,0.778,0.658,0.677,0.998,0.656,0.54,0.997,0.755,0.991,0.778,0.46,0.81,0.191,0.46,0.762,0.981,0.798,0.976,0.853,0.866,0.761,0.254,0.49,0.146,0.761,0.805,0.705,0.31,0.369,0.805,0.878,0.805,0.761,0.268,0.25,0.314,0.187,0.361,0.878,0.34,0.241,0.571,0.161,0.551,0.295,0.537,0.321,0.355,0.497,0.442,0.521,0.518,0.441
0.362,0.362,0.462,0.462,0.313,0.245,0.584,0.391,0.238,0.407,0.391,0.487,0.463,0.313,0.487,0.391,0.463,0.313,0.198,0.463,0.398,0.339,0.398,0.516,0.463,0.584,0.516,0.391,0.42,0.407,0.42,0.339,0.321,0.468,0.567,0.468,0.205,0.567,0.321,0.205,0.842,0.468,0.178,0.321,0.468,0.205,0.18,0.178,0.252,0.178,0.213,0.816,0.379,0.345,0.183,0.345,0.339,0.151,0.151,0.151,0.321,0.183,0.339,0.183,0.379,0.321,0.542,0.335,0.542,0.244,0.244,0.244,0.71,0.328,0.382,0.539,0.453,0.352,0.404,0.453,0.683,0.328,0.206,0.657,0.274,0.206,0.404,0.603,0.689,0.289,0.328,0.379,0.544,0.619,0.448,0.206,0.636,0.448,0.448,0.584,0.429,0.098,0.329,0.429,0.429,0.689,0.637,0.268,0.268,0.213,0.041,0.498,0.245,0.478,0.746,0.264,0.676,0.094,0.176,0.498,0.573,0.18,0.678,0.462,0.697,0.298,0.571,0.262,0.298,0.108,0.358,0.125,0.346,0.123,0.759,0.179,0.234,0.233,0.273,0.179,0.194,0.78,0.306,0.256,0.194,0.279,0.194,0.179,0.318,0.183,0.224,0.191,0.225,0.253,0.182,0.378,0.144,0.191,0.22,0.232,0.188,0.211,0.209,0.166,0.19,0.085,0.086,0.263
0.575,0.575,0.499,0.499,0.381,0.128,0.61,0.553,0.127,0.478,0.553,0.644,0.502,0.381,0.644,0.553,0.502,0.381,0.345,0.502,0.717,0.526,0.717,0.484,0.502,0.61,0.484,0.553,0.548,0.478,0.548,0.526,0.38,0.543,0.628,0.543,0.118,0.628,0.38,0.118,0.217,0.543,0.107,0.968,0.543,0.118,0.236,0.107,0.972,0.107,0.183,0.204,0.445,0.37,0.31,0.37,0.361,0.271,0.271,0.271,0.555,0.31,0.361,0.31,0.445,0.555,0.49,0.918,0.49,0.526,0.526,0.526,0.144,0.289,0.99,0.253,0.443,0.825,0.455,0.443,0.271,0.289,0.463,0.202,0.918,0.463,0.455,0.178,0.277,0.824,0.289,0.98,0.233,0.276,0.532,0.463,0.391,0.532,0.532,0.181,0.451,0.39,0.819,0.451,0.451,0.882,0.155,0.229,0.229,0.223,0.28,0.289,0.302,0.289,0.193,0.862,0.428,0.374,0.284,0.289,0.161,0.284,0.473,0.165,0.176,0.22,0.804,0.529,0.22,0.22,0.18,0.435,0.174,0.304,0.664,0.489,0.421,0.182,0.516,0.489,0.451,0.352,0.979,0.489,0.451,0.759,0.451,0.489,0.986,0.421,0.531,0.399,0.534,0.804,0.556,0.993,0.478,0.437,0.696,0.522,0.638,0.501,0.589,0.545,0.577,0.716,0.724,0.593
0.374,0.374,0.368,0.368,0.967,0.682,0.168,0.185,0.503,0.665,0.185,0.258,0.155,0.967,0.258,0.185,0.155,0.967,0.357,0.155,0.484,0.708,0.484,0.131,0.155,0.168,0.131,0.185,0.196,0.665,0.196,0.708,0.752,0.196,0.263,0.196,0.976,0.263,0.752,0.976,0.136,0.196,0.997,0.282,0.196,0.976,0.447,0.997,0.516,0.997,0.526,0.146,0.987,0.687,0.971,0.687,0.691,0.99,0.99,0.99,0.772,0.971,0.691,0.971,0.987,0.772,0.254,0.571,0.254,0.947,0.947,0.947,0.173,0.975,0.232,0.182,0.927,0.201,0.931,0.927,0.239,0.975,0.917,0.218,0.559,0.917,0.931,0.174,0.253,0.233,0.975,0.238,0.165,0.214,0.854,0.917,0.609,0.854,0.854,0.155,0.866,0.925,0.231,0.866,0.866,0.155,0.186,0.997,0.997,0.973,0.926,0.823,0.217,0.829,0.227,0.245,0.322,0.932,0.226,0.823,0.169,0.222,0.385,0.138,0.221,0.99,0.314,0.558,0.99,0.98,0.144,0.989,0.14,0.897,0.355,0.893,0.564,0.955,0.724,0.893,0.897,0.439,0.723,0.987,0.897,0.229,0.897,0.893,0.724,0.923,0.987,0.941,0.841,0.255,0.842,0.733,0.676,0.945,0.692,0.99,0.702,0.868,0.835,0.848,0.833,0.765,0.725,0.742
0.612,0.612,0.561,0.561,0.09,0.4,0.441,0.978,0.403,0.875,0.978,0.515,0.981,0.09,0.515,0.978,0.981,0.09,0.051,0.981,0.433,0.886,0.433,0.973,0.981,0.441,0.973,0.978,0.974,0.875,0.974,0.886,0.847,0.971,0.449,0.971,0.064,0.449,0.847,0.064,0.755,0.971,0.052,0.793,0.971,0.064,0.037,0.052,0.625,0.052,0.414,0.807,0.455,0.781,0.026,0.781,0.766,0.03,0.03,0.03,0.91,0.026,0.766,0.026,0.455,0.91,0.963,0.729,0.963,0.403,0.403,0.403,0.752,0.082,0.824,0.932,0.495,0.832,0.495,0.495,0.957,0.082,0.575,0.954,0.7,0.575,0.495,0.947,0.955,0.257,0.082,0.765,0.929,0.923,0.457,0.575,0.045,0.457,0.457,0.947,0.428,0.47,0.816,0.428,0.428,0.737,0.93,0.034,0.034,0.034,0.311,0.333,0.96,0.358,0.94,0.28,0.39,0.495,0.955,0.333,0.929,0.949,0.32,0.83,0.967,0.046,0.224,0.617,0.046,0.367,0.79,0.41,0.824,0.345,0.232,0.556,0.593,0.053,0.651,0.556,0.542,0.447,0.28,0.454,0.542,0.275,0.542,0.556,0.26,0.677,0.552,0.758,0.37,0.279,0.178,0.233,0.595,0.756,0.182,0.619,0.219,0.408,0.208,0.146,0.184,0.54,0.442,0.61
0.396,0.396,0.247,0.247,0.252,0.075,0.246,0.615,0.09,0.553,0.615,0.319,0.467,0.252,0.319,0.615,0.467,0.252,0.649,0.467,0.478,0.597,0.478,0.436,0.467,0.246,0.436,0.615,0.587,0.553,0.587,0.597,0.364,0.648,0.438,0.648,0.279,0.438,0.364,0.279,0.316,0.648,0.261,0.822,0.648,0.279,0.675,0.261,0.931,0.261,0.041,0.255,0.08,0.412,0.288,0.412,0.444,0.288,0.288,0.288,0.589,0.288,0.444,0.288,0.08,0.589,0.625,0.995,0.625,0.116,0.116,0.116,0.247,0.246,0.893,0.327,0.265,0.985,0.21,0.265,0.1,0.246,0.144,0.39,0.99,0.144,0.21,0.348,0.092,0.969,0.246,0.917,0.35,0.353,0.164,0.144,0.558,0.164,0.164,0.373,0.121,0.121,0.985,0.121,0.121,0.916,0.383,0.292,0.292,0.228,0.124,0.082,0.466,0.105,0.524,0.966,0.998,0.143,0.452,0.082,0.437,0.448,0.998,0.516,0.106,0.31,0.893,0.638,0.31,0.095,0.486,0.092,0.481,0.152,0.88,0.165,0.601,0.222,0.643,0.165,0.139,1.0,0.566,0.443,0.139,0.973,0.139,0.165,0.572,0.36,0.455,0.366,0.006,0.968,0.001,0.554,0.004,0.368,0.002,0.471,0.001,0.004,0.002,0.001,0.001,0.012,0.016,0.004
0.57,0.57,0.699,0.699,0.605,0.753,0.556,0.91,0.751,0.818,0.91,0.459,0.97,0.605,0.459,0.91,0.97,0.605,0.625,0.97,0.771,0.784,0.771,0.961,0.97,0.556,0.961,0.91,0.877,0.818,0.877,0.784,0.684,0.868,0.572,0.868,0.743,0.572,0.684,0.743,0.954,0.868,0.682,0.847,0.868,0.743,0.716,0.682,0.061,0.682,0.978,0.958,0.631,0.634,0.756,0.634,0.627,0.737,0.737,0.737,0.87,0.756,0.627,0.756,0.631,0.87,0.808,0.078,0.808,0.85,0.85,0.85,0.724,0.782,0.885,0.974,0.835,0.085,0.785,0.835,0.68,0.782,0.752,0.815,0.069,0.752,0.785,0.978,0.732,0.147,0.782,0.848,0.941,0.751,0.922,0.752,0.67,0.922,0.922,0.964,0.863,0.698,0.093,0.863,0.863,0.078,0.988,0.852,0.852,0.626,0.284,0.821,0.883,0.61,0.813,0.155,0.346,0.77,0.871,0.821,0.991,0.862,0.415,0.88,0.714,0.864,0.109,0.364,0.864,0.356,0.861,0.672,0.869,0.286,0.101,0.867,0.286,0.68,0.334,0.867,0.808,0.292,0.441,0.523,0.808,0.173,0.808,0.867,0.487,0.197,0.504,0.229,0.491,0.167,0.409,0.501,0.379,0.231,0.352,0.571,0.369,0.46,0.419,0.317,0.348,0.427,0.386,0.227
0.845,0.845,0.814,0.814,0.104,0.836,0.733,0.789,0.843,0.568,0.789,0.715,0.882,0.104,0.715,0.789,0.882,0.104,0.26,0.882,0.677,0.606,0.677,0.837,0.882,0.733,0.837,0.789,0.694,0.568,0.694,0.606,0.985,0.809,0.636,0.809,0.178,0.636,0.985,0.178,0.303,0.809,0.176,0.937,0.809,0.178,0.258,0.176,0.904,0.176,0.769,0.271,0.101,0.985,0.142,0.985,0.987,0.144,0.144,0.144,0.594,0.142,0.987,0.142,0.101,0.594,0.793,0.939,0.793,0.129,0.129,0.129,0.272,0.121,0.871,0.405,0.075,0.814,0.073,0.075,0.458,0.121,0.091,0.409,0.947,0.091,0.073,0.42,0.481,0.814,0.121,0.847,0.38,0.407,0.123,0.091,0.331,0.123,0.123,0.411,0.108,0.097,0.802,0.108,0.108,0.866,0.4,0.253,0.253,0.415,0.747,0.184,0.219,0.425,0.397,0.805,0.397,0.092,0.188,0.184,0.415,0.196,0.502,0.247,0.451,0.281,0.818,0.283,0.281,0.603,0.261,0.107,0.266,0.74,0.855,0.122,0.366,0.444,0.234,0.122,0.124,0.332,0.651,0.147,0.124,0.807,0.124,0.122,0.662,0.086,0.108,0.092,0.381,0.796,0.504,0.626,0.299,0.097,0.354,0.105,0.325,0.361,0.437,0.657,0.553,0.688,0.741,0.442
0.346,0.346,0.233,0.233,0.163,0.592,0.442,0.748,0.694,0.639,0.748,0.51,0.658,0.163,0.51,0.748,0.658,0.163,0.578,0.658,0.192,0.662,0.192,0.72,0.658,0.442,0.72,0.748,0.788,0.639,0.788,0.662,0.755,0.673,0.511,0.673,0.031,0.511,0.755,0.031,0.552,0.673,0.027,0.158,0.673,0.031,0.624,0.027,0.495,0.027,0.754,0.519,0.177,0.681,0.042,0.681,0.652,0.04,0.04,0.04,0.605,0.042,0.652,0.042,0.177,0.605,0.682,0.184,0.682,0.384,0.384,0.384,0.676,0.184,0.147,0.406,0.022,0.232,0.023,0.022,0.513,0.184,0.129,0.425,0.14,0.129,0.023,0.393,0.418,0.261,0.184,0.151,0.36,0.454,0.043,0.129,0.494,0.043,0.043,0.365,0.041,0.02,0.185,0.041,0.041,0.309,0.453,0.07,0.07,0.086,0.057,0.392,0.524,0.419,0.546,0.218,0.551,0.02,0.551,0.392,0.399,0.514,0.526,0.287,0.615,0.081,0.385,0.6,0.081,0.195,0.283,0.081,0.278,0.083,0.494,0.024,0.581,0.104,0.559,0.024,0.023,0.702,0.475,0.431,0.023,0.413,0.023,0.024,0.464,0.332,0.568,0.412,0.742,0.4,0.456,0.413,0.648,0.409,0.672,0.569,0.657,0.435,0.694,0.473,0.724,0.698,0.707,0.567
0.424,0.424,0.402,0.402,0.759,0.018,0.42,0.373,0.02,0.386,0.373,0.438,0.342,0.759,0.438,0.373,0.342,0.759,0.67,0.342,0.404,0.375,0.404,0.441,0.342,0.42,0.441,0.373,0.452,0.386,0.452,0.375,0.445,0.377,0.434,0.377,0.899,0.434,0.445,0.899,0.058,0.377,0.893,0.886,0.377,0.899,0.617,0.893,0.908,0.893,0.021,0.065,0.602,0.527,0.921,0.527,0.512,0.924,0.924,0.924,0.316,0.921,0.512,0.921,0.602,0.316,0.391,0.816,0.391,0.417,0.417,0.417,0.077,0.884,0.96,0.291,0.67,0.89,0.655,0.67,0.033,0.884,0.665,0.033,0.799,0.665,0.655,0.313,0.031,0.866,0.884,0.915,0.364,0.037,0.504,0.665,0.743,0.504,0.504,0.304,0.505,0.714,0.856,0.505,0.505,0.86,0.365,0.922,0.922,0.85,0.682,0.951,0.414,0.914,0.028,0.822,0.957,0.716,0.329,0.951,0.462,0.331,0.955,0.306,0.036,0.928,0.865,0.926,0.928,0.507,0.243,0.569,0.257,0.621,0.891,0.885,0.876,0.872,0.878,0.885,0.877,0.972,0.019,0.753,0.877,0.829,0.877,0.885,0.017,0.494,0.785,0.493,0.928,0.81,0.942,0.015,0.934,0.471,0.972,0.78,0.981,0.901,0.921,0.94,0.909,0.992,0.987,0.994
0.143,0.143,0.12,0.12,0.213,0.072,0.108,0.389,0.073,0.402,0.389,0.15,0.384,0.213,0.15,0.389,0.384,0.213,0.409,0.384,0.222,0.441,0.222,0.481,0.384,0.108,0.481,0.389,0.443,0.402,0.443,0.441,0.217,0.512,0.143,0.512,0.148,0.143,0.217,0.148,0.313,0.512,0.175,0.091,0.512,0.148,0.313,0.175,0.277,0.175,0.097,0.279,0.13,0.196,0.135,0.196,0.196,0.161,0.161,0.161,0.443,0.135,0.196,0.135,0.13,0.443,0.622,0.336,0.622,0.122,0.122,0.122,0.249,0.279,0.118,0.317,0.13,0.747,0.103,0.13,0.408,0.279,0.153,0.44,0.424,0.153,0.103,0.303,0.401,0.778,0.279,0.11,0.308,0.45,0.085,0.153,0.275,0.085,0.085,0.299,0.086,0.115,0.734,0.086,0.086,0.572,0.443,0.16,0.16,0.208,0.217,0.253,0.58,0.243,0.523,0.818,0.883,0.147,0.558,0.253,0.438,0.556,0.809,0.513,0.551,0.18,0.599,0.699,0.18,0.309,0.528,0.137,0.524,0.224,0.596,0.175,0.664,0.226,0.742,0.175,0.094,0.792,0.042,0.672,0.094,0.776,0.094,0.175,0.039,0.506,0.681,0.527,0.218,0.844,0.225,0.031,0.656,0.518,0.254,0.676,0.272,0.257,0.231,0.245,0.242,0.398,0.409,0.785
0.551,0.551,0.6,0.6,0.644,0.787,0.333,0.205,0.716,0.345,0.205,0.18,0.253,0.644,0.18,0.205,0.253,0.644,0.834,0.253,0.277,0.288,0.277,0.215,0.253,0.333,0.215,0.205,0.202,0.345,0.202,0.288,0.244,0.239,0.24,0.239,0.6,0.24,0.244,0.6,0.822,0.239,0.607,0.941,0.239,0.6,0.773,0.607,0.128,0.607,0.832,0.848,0.308,0.183,0.611,0.183,0.182,0.612,0.612,0.612,0.346,0.611,0.182,0.611,0.308,0.346,0.255,0.161,0.255,0.255,0.255,0.255,0.777,0.699,0.853,0.879,0.399,0.376,0.357,0.399,0.7,0.699,0.458,0.83,0.164,0.458,0.357,0.84,0.698,0.246,0.699,0.911,0.951,0.853,0.203,0.458,0.465,0.203,0.203,0.928,0.223,0.347,0.334,0.223,0.223,0.296,0.751,0.879,0.879,0.903,0.5,0.91,0.781,0.913,0.721,0.188,0.236,0.378,0.797,0.91,0.82,0.798,0.269,0.76,0.591,0.856,0.473,0.219,0.856,0.654,0.827,0.339,0.811,0.544,0.538,0.435,0.197,0.878,0.215,0.435,0.413,0.468,0.625,0.176,0.413,0.29,0.413,0.435,0.544,0.391,0.159,0.418,0.082,0.229,0.069,0.536,0.075,0.406,0.092,0.166,0.081,0.078,0.073,0.07,0.074,0.112,0.129,0.077
0.496,0.496,0.56,0.56,0.187,0.68,0.65,0.619,0.657,0.461,0.619,0.569,0.662,0.187,0.569,0.619,0.662,0.187,0.042,0.662,0.281,0.49,0.281,0.605,0.662,0.65,0.605,0.619,0.562,0.461,0.562,0.49,0.109,0.43,0.435,0.43,0.05,0.435,0.109,0.05,0.946,0.43,0.054,0.628,0.43,0.05,0.039,0.054,0.393,0.054,0.64,0.914,0.166,0.135,0.045,0.135,0.129,0.051,0.051,0.051,0.374,0.045,0.129,0.045,0.166,0.374,0.448,0.443,0.448,0.827,0.827,0.827,0.842,0.245,0.635,0.906,0.092,0.744,0.094,0.092,0.892,0.245,0.758,0.844,0.438,0.758,0.094,0.88,0.875,0.804,0.245,0.658,0.869,0.836,0.755,0.758,0.262,0.755,0.755,0.874,0.734,0.715,0.745,0.734,0.734,0.692,0.871,0.099,0.099,0.101,0.699,0.472,0.779,0.467,0.791,0.807,0.793,0.699,0.781,0.472,0.853,0.767,0.771,0.643,0.835,0.104,0.745,0.349,0.104,0.829,0.653,0.726,0.646,0.682,0.83,0.136,0.363,0.108,0.434,0.136,0.148,0.814,0.603,0.471,0.148,0.879,0.148,0.136,0.612,0.297,0.244,0.24,0.662,0.849,0.681,0.64,0.51,0.155,0.704,0.172,0.705,0.69,0.64,0.52,0.481,0.64,0.616,0.504
0.598,0.598,0.573,0.573,0.879,0.344,0.617,0.62,0.35,0.573,0.62,0.627,0.637,0.879,0.627,0.62,0.637,0.879,0.263,0.637,0.46,0.492,0.46,0.61,0.637,0.617,0.61,0.62,0.592,0.573,0.592,0.492,0.45,0.516,0.52,0.516,0.61,0.52,0.45,0.61,0.573,0.516,0.586,0.691,0.516,0.61,0.268,0.586,0.909,0.586,0.332,0.669,0.764,0.306,0.593,0.306,0.299,0.544,0.544,0.544,0.419,0.593,0.299,0.593,0.764,0.419,0.423,0.926,0.423,0.588,0.588,0.588,0.508,0.915,0.474,0.682,0.619,0.828,0.58,0.619,0.636,0.915,0.686,0.616,0.884,0.686,0.58,0.641,0.627,0.835,0.915,0.437,0.669,0.644,0.527,0.686,0.236,0.527,0.527,0.672,0.442,0.512,0.759,0.442,0.442,0.724,0.574,0.301,0.301,0.319,0.781,0.541,0.853,0.563,0.603,0.823,0.919,0.597,0.803,0.541,0.642,0.795,0.956,0.893,0.644,0.346,0.773,0.72,0.346,0.523,0.891,0.72,0.883,0.675,0.834,0.569,0.723,0.354,0.867,0.569,0.553,0.902,0.879,0.622,0.553,0.889,0.553,0.569,0.897,0.285,0.518,0.35,0.822,0.901,0.533,0.867,0.872,0.321,0.658,0.457,0.69,0.806,0.604,0.503,0.587,0.861,0.837,0.949
0.42,0.42,0.43,0.43,0.725,0.062,0.487,0.413,0.057,0.245,0.413,0.498,0.39,0.725,0.498,0.413,0.39,0.725,0.739,0.39,0.579,0.315,0.579,0.344,0.39,0.487,0.344,0.413,0.352,0.245,0.352,0.315,0.524,0.331,0.418,0.331,0.679,0.418,0.524,0.679,0.574,0.331,0.801,0.676,0.331,0.679,0.728,0.801,0.503,0.801,0.065,0.509,0.644,0.535,0.895,0.535,0.531,0.897,0.897,0.897,0.303,0.895,0.531,0.895,0.644,0.303,0.308,0.565,0.308,0.593,0.593,0.593,0.367,0.515,0.795,0.864,0.764,0.403,0.78,0.764,0.22,0.515,0.696,0.894,0.585,0.696,0.78,0.87,0.429,0.499,0.515,0.818,0.877,0.895,0.662,0.696,0.532,0.662,0.662,0.873,0.64,0.695,0.399,0.64,0.64,0.42,0.855,0.967,0.967,0.96,0.813,0.751,0.831,0.924,0.876,0.537,0.505,0.732,0.791,0.751,0.867,0.785,0.528,0.807,0.338,0.814,0.552,0.919,0.814,0.861,0.75,0.554,0.733,0.798,0.605,0.881,0.892,0.849,0.92,0.881,0.886,0.607,0.677,0.93,0.886,0.542,0.886,0.881,0.67,0.904,0.958,0.901,0.011,0.568,0.01,0.645,0.002,0.911,0.003,0.951,0.003,0.015,0.012,0.015,0.016,0.001,0.001,0.003
0.439,0.439,0.456,0.456,0.147,0.862,0.501,0.496,0.861,0.421,0.496,0.509,0.516,0.147,0.509,0.496,0.516,0.147,0.978,0.516,0.413,0.459,0.413,0.521,0.516,0.501,0.521,0.496,0.483,0.421,0.483,0.459,0.502,0.578,0.597,0.578,0.093,0.597,0.502,0.093,0.599,0.578,0.087,0.922,0.578,0.093,0.926,0.087,0.887,0.087,0.632,0.561,0.025,0.516,0.032,0.516,0.518,0.029,0.029,0.029,0.522,0.032,0.518,0.032,0.025,0.522,0.619,0.982,0.619,0.475,0.475,0.475,0.677,0.095,0.816,0.698,0.039,0.977,0.039,0.039,0.447,0.095,0.022,0.58,0.926,0.022,0.039,0.666,0.439,0.816,0.095,0.771,0.707,0.606,0.582,0.022,0.347,0.582,0.582,0.679,0.521,0.027,0.952,0.521,0.521,0.926,0.653,0.28,0.28,0.375,0.435,0.325,0.349,0.354,0.562,0.758,0.637,0.028,0.402,0.325,0.673,0.411,0.668,0.465,0.422,0.323,0.829,0.423,0.323,0.471,0.43,0.025,0.426,0.51,0.66,0.022,0.386,0.386,0.393,0.022,0.021,0.606,0.413,0.927,0.021,0.719,0.021,0.022,0.436,0.94,0.931,0.935,0.323,0.647,0.175,0.537,0.073,0.942,0.124,0.929,0.121,0.301,0.184,0.165,0.176,0.148,0.149,0.109
0.86,0.86,0.874,0.874,0.133,0.18,0.913,0.912,0.179,0.995,0.912,0.925,0.895,0.133,0.925,0.912,0.895,0.133,0.171,0.895,0.887,0.992,0.887,0.913,0.895,0.913,0.913,0.912,0.917,0.995,0.917,0.992,0.962,0.867,0.862,0.867,0.27,0.862,0.962,0.27,0.307,0.867,0.332,0.532,0.867,0.27,0.191,0.332,0.362,0.332,0.191,0.306,0.89,0.95,0.236,0.95,0.95,0.335,0.335,0.335,1.0,0.236,0.95,0.236,0.89,1.0,0.92,0.363,0.92,0.693,0.693,0.693,0.232,0.139,0.488,0.322,0.88,0.616,0.888,0.88,0.232,0.139,0.101,0.417,0.341,0.101,0.888,0.322,0.223,0.343,0.139,0.483,0.357,0.423,0.915,0.101,0.161,0.915,0.915,0.364,0.941,0.338,0.503,0.941,0.941,0.673,0.24,0.696,0.696,0.861,0.856,0.089,0.784,0.082,0.338,0.336,0.354,0.319,0.81,0.089,0.267,0.883,0.38,0.551,0.195,0.532,0.258,0.998,0.532,0.211,0.545,0.307,0.548,0.773,0.305,0.068,0.994,0.757,0.984,0.068,0.084,0.376,0.668,0.963,0.084,0.45,0.084,0.068,0.677,0.97,0.945,0.972,0.136,0.458,0.105,0.709,0.095,0.971,0.125,0.968,0.129,0.131,0.112,0.098,0.097,0.289,0.279,0.153
0.177,0.177,0.147,0.147,0.226,0.905,0.388,0.392,0.911,0.346,0.392,0.344,0.469,0.226,0.344,0.392,0.469,0.226,0.144,0.469,0.174,0.233,0.174,0.421,0.469,0.388,0.421,0.392,0.35,0.346,0.35,0.233,0.086,0.268,0.232,0.268,0.383,0.232,0.086,0.383,0.314,0.268,0.444,0.568,0.268,0.383,0.178,0.444,0.273,0.444,0.692,0.313,0.553,0.093,0.374,0.093,0.091,0.347,0.347,0.347,0.14,0.374,0.091,0.374,0.553,0.14,0.233,0.289,0.233,0.759,0.759,0.759,0.291,0.307,0.626,0.56,0.719,0.487,0.731,0.719,0.372,0.307,0.704,0.713,0.293,0.704,0.731,0.587,0.419,0.545,0.307,0.545,0.568,0.688,0.867,0.704,0.089,0.867,0.867,0.577,0.855,0.565,0.321,0.855,0.855,0.351,0.583,0.435,0.435,0.46,0.804,0.728,0.976,0.295,0.658,0.392,0.375,0.526,0.965,0.728,0.569,0.982,0.343,0.996,0.343,0.548,0.452,0.854,0.548,0.491,0.998,0.434,1.0,0.555,0.507,0.668,0.822,0.311,0.843,0.668,0.763,0.378,0.996,0.748,0.763,0.601,0.763,0.668,0.997,0.613,0.779,0.502,0.091,0.499,0.061,0.999,0.072,0.516,0.079,0.775,0.07,0.086,0.062,0.068,0.07,0.041,0.05,0.053
0.754,0.754,0.899,0.899,0.497,0.513,0.582,0.637,0.599,0.569,0.637,0.681,0.602,0.497,0.681,0.637,0.602,0.497,0.148,0.602,0.743,0.547,0.743,0.588,0.602,0.582,0.588,0.637,0.58,0.569,0.58,0.547,0.533,0.617,0.629,0.617,0.474,0.629,0.533,0.474,0.61,0.617,0.471,0.362,0.617,0.474,0.23,0.471,0.271,0.471,0.564,0.638,0.509,0.468,0.598,0.468,0.473,0.595,0.595,0.595,0.56,0.598,0.473,0.598,0.509,0.56,0.605,0.153,0.605,0.292,0.292,0.292,0.573,0.288,0.283,0.393,0.451,0.42,0.424,0.451,0.401,0.288,0.517,0.268,0.151,0.517,0.424,0.409,0.415,0.487,0.288,0.294,0.385,0.258,0.286,0.517,0.088,0.286,0.286,0.409,0.344,0.407,0.439,0.344,0.344,0.485,0.421,0.703,0.703,0.726,0.53,0.368,0.271,0.378,0.293,0.492,0.164,0.353,0.282,0.368,0.396,0.288,0.17,0.374,0.399,0.81,0.5,0.403,0.81,0.405,0.332,0.503,0.336,0.524,0.258,0.67,0.213,0.826,0.463,0.67,0.582,0.181,0.198,0.245,0.582,0.533,0.582,0.67,0.204,0.133,0.169,0.155,0.754,0.492,0.729,0.185,0.838,0.148,0.83,0.148,0.808,0.723,0.628,0.563,0.375,0.734,0.75,0.708
0.885,0.885,0.845,0.845,0.817,0.709,0.933,0.973,0.629,0.815,0.973,0.95,0.964,0.817,0.95,0.973,0.964,0.817,0.575,0.964,0.938,0.896,0.938,0.941,0.964,0.933,0.941,0.973,0.954,0.815,0.954,0.896,0.368,0.953,0.942,0.953,0.52,0.942,0.368,0.52,0.252,0.953,0.489,0.652,0.953,0.52,0.442,0.489,0.303,0.489,0.586,0.187,0.683,0.358,0.353,0.358,0.357,0.305,0.305,0.305,0.745,0.353,0.357,0.353,0.683,0.745,0.932,0.378,0.932,0.711,0.711,0.711,0.196,0.873,0.634,0.107,0.664,0.545,0.684,0.664,0.093,0.873,0.563,0.161,0.364,0.563,0.684,0.105,0.104,0.138,0.873,0.628,0.117,0.169,0.774,0.563,0.899,0.774,0.774,0.113,0.726,0.666,0.528,0.726,0.726,0.27,0.102,0.272,0.272,0.341,0.386,0.148,0.056,0.166,0.132,0.133,0.099,0.648,0.054,0.148,0.103,0.058,0.119,0.056,0.116,0.183,0.059,0.863,0.183,0.201,0.058,0.643,0.063,0.308,0.043,0.539,0.877,0.247,0.828,0.539,0.587,0.049,0.543,0.921,0.587,0.098,0.587,0.539,0.558,0.825,0.917,0.806,0.757,0.093,0.715,0.607,0.448,0.832,0.554,0.9,0.615,0.751,0.715,0.659,0.653,0.546,0.658,0.374
0.565,0.565,0.567,0.567,0.766,0.74,0.552,0.355,0.735,0.176,0.355,0.552,0.355,0.766,0.552,0.355,0.355,0.766,0.912,0.355,0.726,0.211,0.726,0.34,0.355,0.552,0.34,0.355,0.323,0.176,0.323,0.211,0.296,0.529,0.648,0.529,0.454,0.648,0.296,0.454,0.879,0.529,0.453,0.746,0.529,0.454,0.871,0.453,0.634,0.453,0.816,0.815,0.352,0.248,0.752,0.248,0.261,0.716,0.716,0.716,0.296,0.752,0.261,0.752,0.352,0.296,0.521,0.848,0.521,0.798,0.798,0.798,0.806,0.459,0.878,0.766,0.452,0.823,0.487,0.452,0.902,0.459,0.579,0.838,0.823,0.579,0.487,0.753,0.887,0.886,0.459,0.808,0.768,0.883,0.856,0.579,0.719,0.856,0.856,0.752,0.857,0.55,0.796,0.857,0.857,0.967,0.705,0.76,0.76,0.51,0.788,0.54,0.36,0.681,0.846,0.889,0.715,0.558,0.412,0.54,0.706,0.421,0.725,0.417,0.913,0.739,0.974,0.486,0.739,0.46,0.519,0.496,0.497,0.579,0.979,0.432,0.453,0.458,0.471,0.432,0.468,0.767,0.756,0.23,0.468,0.881,0.468,0.432,0.813,0.334,0.207,0.293,0.596,0.904,0.707,0.824,0.489,0.28,0.467,0.211,0.427,0.666,0.632,0.691,0.619,0.586,0.584,0.409
0.415,0.415,0.436,0.436,0.287,0.667,0.367,0.344,0.789,0.239,0.344,0.413,0.326,0.287,0.413,0.344,0.326,0.287,0.79,0.326,0.275,0.236,0.275,0.308,0.326,0.367,0.308,0.344,0.367,0.239,0.367,0.236,0.201,0.337,0.272,0.337,0.642,0.272,0.201,0.642,0.259,0.337,0.465,0.169,0.337,0.642,0.825,0.465,0.369,0.465,0.581,0.273,0.335,0.234,0.557,0.234,0.209,0.395,0.395,0.395,0.193,0.557,0.209,0.557,0.335,0.193,0.418,0.22,0.418,0.346,0.346,0.346,0.246,0.365,0.059,0.273,0.476,0.397,0.522,0.476,0.298,0.365,0.422,0.285,0.262,0.422,0.522,0.28,0.306,0.532,0.365,0.089,0.297,0.278,0.568,0.422,0.59,0.568,0.568,0.302,0.575,0.519,0.395,0.575,0.575,0.379,0.308,0.71,0.71,0.815,0.568,0.572,0.54,0.568,0.3,0.534,0.892,0.478,0.51,0.572,0.322,0.513,0.834,0.524,0.319,0.735,0.504,0.282,0.735,0.826,0.523,0.326,0.516,0.724,0.64,0.659,0.28,0.804,0.316,0.659,0.685,0.913,0.434,0.262,0.685,0.579,0.685,0.659,0.424,0.269,0.292,0.235,0.564,0.584,0.453,0.43,0.438,0.24,0.541,0.288,0.499,0.565,0.428,0.493,0.45,0.685,0.742,0.629
0.4,0.4,0.405,0.405,0.493,0.299,0.332,0.316,0.301,0.395,0.316,0.439,0.233,0.493,0.439,0.316,0.233,0.493,0.44,0.233,0.476,0.464,0.476,0.228,0.233,0.332,0.228,0.316,0.287,0.395,0.287,0.464,0.27,0.423,0.488,0.423,0.358,0.488,0.27,0.358,0.699,0.423,0.385,0.785,0.423,0.358,0.563,0.385,0.759,0.385,0.288,0.755,0.689,0.285,0.329,0.285,0.294,0.339,0.339,0.339,0.568,0.329,0.294,0.329,0.689,0.568,0.389,0.882,0.389,0.671,0.671,0.671,0.396,0.533,0.902,0.563,0.774,0.671,0.668,0.774,0.622,0.533,0.272,0.575,0.89,0.272,0.668,0.582,0.576,0.862,0.533,0.969,0.583,0.65,0.585,0.272,0.551,0.585,0.585,0.578,0.525,0.132,0.641,0.525,0.525,0.644,0.757,0.418,0.418,0.215,0.749,0.41,0.847,0.255,0.731,0.855,0.944,0.167,0.846,0.41,0.698,0.861,0.952,0.833,0.656,0.506,0.848,0.104,0.506,0.653,0.796,0.223,0.802,0.761,0.862,0.178,0.275,0.249,0.047,0.178,0.159,0.926,0.088,0.745,0.159,0.824,0.159,0.178,0.087,0.614,0.816,0.674,0.068,0.818,0.117,0.07,0.704,0.647,0.804,0.761,0.789,0.068,0.124,0.185,0.203,0.384,0.416,0.321
0.967,0.967,0.932,0.932,0.354,0.469,0.861,0.897,0.437,0.597,0.897,0.896,0.866,0.354,0.896,0.897,0.866,0.354,0.426,0.866,0.775,0.654,0.775,0.816,0.866,0.861,0.816,0.897,0.799,0.597,0.799,0.654,0.462,0.75,0.754,0.75,0.41,0.754,0.462,0.41,0.448,0.75,0.45,0.564,0.75,0.41,0.546,0.45,0.703,0.45,0.51,0.449,0.12,0.549,0.359,0.549,0.557,0.389,0.389,0.389,0.629,0.359,0.557,0.359,0.12,0.629,0.687,0.717,0.687,0.599,0.599,0.599,0.762,0.379,0.572,0.708,0.252,0.748,0.228,0.252,0.684,0.379,0.214,0.789,0.738,0.214,0.228,0.721,0.653,0.736,0.379,0.586,0.671,0.792,0.716,0.214,0.286,0.716,0.716,0.717,0.667,0.628,0.742,0.667,0.667,0.75,0.686,0.243,0.243,0.39,0.297,0.523,0.345,0.553,0.723,0.714,0.529,0.665,0.378,0.523,0.63,0.323,0.504,0.488,0.743,0.433,0.821,0.572,0.433,0.316,0.511,0.676,0.519,0.346,0.365,0.297,0.561,0.537,0.661,0.297,0.279,0.293,0.712,0.619,0.279,0.458,0.279,0.297,0.728,0.352,0.406,0.384,0.586,0.457,0.441,0.725,0.503,0.422,0.476,0.383,0.461,0.514,0.502,0.435,0.489,0.298,0.288,0.311
0.235,0.235,0.226,0.226,0.379,0.186,0.116,0.088,0.175,0.067,0.088,0.133,0.08,0.379,0.133,0.088,0.08,0.379,0.467,0.08,0.304,0.067,0.304,0.078,0.08,0.116,0.078,0.088,0.087,0.067,0.087,0.067,0.132,0.096,0.155,0.096,0.51,0.155,0.132,0.51,0.412,0.096,0.538,0.291,0.096,0.51,0.446,0.538,0.299,0.538,0.227,0.335,0.336,0.141,0.627,0.141,0.143,0.552,0.552,0.552,0.082,0.627,0.143,0.627,0.336,0.082,0.09,0.344,0.09,0.27,0.27,0.27,0.301,0.466,0.282,0.689,0.35,0.374,0.354,0.35,0.531,0.466,0.363,0.702,0.35,0.363,0.354,0.676,0.6,0.318,0.466,0.277,0.696,0.677,0.223,0.363,0.732,0.223,0.223,0.687,0.211,0.415,0.411,0.211,0.211,0.436,0.719,0.327,0.327,0.322,0.648,0.478,0.391,0.492,0.688,0.34,0.174,0.401,0.357,0.478,0.717,0.367,0.15,0.483,0.59,0.438,0.373,0.124,0.438,0.709,0.562,0.355,0.544,0.659,0.381,0.465,0.113,0.42,0.079,0.465,0.466,0.163,0.945,0.125,0.466,0.378,0.466,0.465,0.95,0.16,0.176,0.159,0.102,0.42,0.127,0.946,0.011,0.158,0.005,0.143,0.005,0.096,0.133,0.111,0.111,0.008,0.013,0.01
0.988,0.988,0.987,0.987,0.885,0.474,0.925,0.902,0.477,0.828,0.902,0.919,0.894,0.885,0.919,0.902,0.894,0.885,0.082,0.894,0.923,0.861,0.923,0.876,0.894,0.925,0.876,0.902,0.882,0.828,0.882,0.861,0.528,0.913,0.919,0.913,0.888,0.919,0.528,0.888,0.076,0.913,0.85,0.727,0.913,0.888,0.088,0.85,0.743,0.85,0.46,0.054,0.719,0.618,0.801,0.618,0.633,0.741,0.741,0.741,0.833,0.801,0.633,0.801,0.719,0.833,0.869,0.76,0.869,0.943,0.943,0.943,0.028,0.835,0.551,0.051,0.913,0.913,0.871,0.913,0.08,0.835,0.976,0.072,0.765,0.976,0.871,0.052,0.079,0.368,0.835,0.578,0.052,0.09,0.875,0.976,0.069,0.875,0.875,0.052,0.931,0.96,0.939,0.931,0.931,0.989,0.044,0.917,0.917,0.959,0.709,0.979,0.639,0.98,0.06,0.344,0.178,0.934,0.645,0.979,0.045,0.617,0.177,0.618,0.059,0.947,0.343,0.436,0.947,0.331,0.629,0.971,0.625,0.678,0.073,0.873,0.355,0.975,0.266,0.873,0.873,0.235,0.757,0.085,0.873,0.077,0.873,0.873,0.735,0.059,0.197,0.082,0.609,0.064,0.594,0.767,0.539,0.089,0.398,0.193,0.409,0.654,0.549,0.587,0.476,0.857,0.852,0.36
0.442,0.442,0.425,0.425,0.649,0.491,0.507,0.545,0.544,0.382,0.545,0.538,0.497,0.649,0.538,0.545,0.497,0.649,0.526,0.497,0.69,0.406,0.69,0.502,0.497,0.507,0.502,0.545,0.542,0.382,0.542,0.406,0.258,0.723,0.79,0.723,0.94,0.79,0.258,0.94,0.906,0.723,0.967,0.597,0.723,0.94,0.523,0.967,0.77,0.967,0.388,0.919,0.515,0.206,0.922,0.206,0.203,0.925,0.925,0.925,0.534,0.922,0.203,0.922,0.515,0.534,0.646,0.756,0.646,0.404,0.404,0.404,0.862,0.671,0.434,0.711,0.832,0.543,0.757,0.832,0.811,0.671,0.599,0.795,0.699,0.599,0.757,0.73,0.795,0.506,0.671,0.455,0.706,0.724,0.561,0.599,0.608,0.561,0.561,0.709,0.588,0.785,0.726,0.588,0.588,0.832,0.804,0.942,0.942,0.953,0.859,0.175,0.387,0.188,0.792,0.752,0.47,0.751,0.427,0.175,0.799,0.425,0.517,0.494,0.864,0.736,0.838,0.081,0.736,0.306,0.413,0.392,0.439,0.754,0.944,0.939,0.098,0.776,0.083,0.939,0.898,0.729,0.11,0.293,0.898,0.594,0.898,0.939,0.08,0.917,0.298,0.946,0.087,0.801,0.083,0.098,0.522,0.943,0.597,0.29,0.605,0.094,0.076,0.081,0.075,0.19,0.188,0.187
0.237,0.237,0.167,0.167,0.006,0.426,0.226,0.182,0.421,0.423,0.182,0.259,0.184,0.006,0.259,0.182,0.184,0.006,0.016,0.184,0.261,0.503,0.261,0.092,0.184,0.226,0.092,0.182,0.189,0.423,0.189,0.503,0.28,0.204,0.225,0.204,0.026,0.225,0.28,0.026,0.849,0.204,0.019,0.411,0.204,0.026,0.009,0.019,0.424,0.019,0.451,0.82,0.212,0.313,0.033,0.313,0.322,0.022,0.022,0.022,0.527,0.033,0.322,0.033,0.212,0.527,0.199,0.391,0.199,0.128,0.128,0.128,0.669,0.008,0.376,0.978,0.164,0.574,0.18,0.164,0.972,0.008,0.242,0.978,0.388,0.242,0.18,0.952,0.975,0.582,0.008,0.37,0.976,0.973,0.144,0.242,0.034,0.144,0.144,0.954,0.136,0.315,0.551,0.136,0.136,0.657,0.957,0.036,0.036,0.046,0.195,0.125,0.967,0.12,0.951,0.568,0.756,0.336,0.963,0.125,0.96,0.961,0.686,0.919,0.971,0.043,0.72,0.249,0.043,0.449,0.921,0.182,0.915,0.226,0.35,0.415,0.136,0.072,0.319,0.415,0.471,0.449,0.377,0.074,0.471,0.43,0.471,0.415,0.368,0.046,0.109,0.06,0.457,0.488,0.444,0.385,0.222,0.077,0.379,0.14,0.376,0.518,0.351,0.47,0.386,0.567,0.563,0.452
0.145,0.145,0.144,0.144,0.896,0.127,0.128,0.158,0.123,0.168,0.158,0.122,0.142,0.896,0.122,0.158,0.142,0.896,0.786,0.142,0.193,0.175,0.193,0.152,0.142,0.128,0.152,0.158,0.159,0.168,0.159,0.175,0.141,0.17,0.179,0.17,0.806,0.179,0.141,0.806,0.507,0.17,0.865,0.416,0.17,0.806,0.818,0.865,0.795,0.865,0.115,0.555,0.832,0.243,0.912,0.243,0.275,0.944,0.944,0.944,0.187,0.912,0.275,0.912,0.832,0.187,0.181,0.737,0.181,0.9,0.9,0.9,0.757,0.965,0.338,0.331,0.578,0.029,0.544,0.578,0.27,0.965,0.821,0.227,0.784,0.821,0.544,0.364,0.182,0.041,0.965,0.356,0.305,0.363,0.578,0.821,0.829,0.578,0.578,0.322,0.454,0.577,0.014,0.454,0.454,0.04,0.396,0.928,0.928,0.716,0.339,0.994,0.637,0.963,0.369,0.016,0.079,0.74,0.565,0.994,0.414,0.545,0.113,0.778,0.304,0.941,0.076,0.977,0.941,0.636,0.674,0.867,0.671,0.374,0.119,0.799,0.973,0.706,0.96,0.799,0.651,0.277,0.076,0.906,0.651,0.042,0.651,0.799,0.088,0.865,0.919,0.865,0.991,0.021,0.999,0.105,0.971,0.873,0.991,0.918,0.993,0.994,0.998,0.999,0.996,0.982,0.969,1.0
0.571,0.571,0.614,0.614,0.853,0.899,0.633,0.56,0.863,0.419,0.56,0.57,0.64,0.853,0.57,0.56,0.64,0.853,0.081,0.64,0.748,0.465,0.748,0.667,0.64,0.633,0.667,0.56,0.594,0.419,0.594,0.465,0.978,0.605,0.701,0.605,0.889,0.701,0.978,0.889,0.431,0.605,0.894,0.422,0.605,0.889,0.074,0.894,0.478,0.894,0.727,0.418,0.975,0.933,0.98,0.933,0.926,0.995,0.995,0.995,0.465,0.98,0.926,0.98,0.975,0.465,0.642,0.386,0.642,0.788,0.788,0.788,0.504,0.487,0.526,0.211,0.964,0.5,0.935,0.964,0.385,0.487,0.975,0.331,0.404,0.975,0.935,0.208,0.412,0.509,0.487,0.526,0.197,0.324,0.834,0.975,0.076,0.834,0.834,0.201,0.854,0.957,0.458,0.854,0.854,0.401,0.193,0.23,0.23,0.17,0.107,0.131,0.082,0.115,0.26,0.459,0.317,0.965,0.089,0.131,0.201,0.11,0.39,0.097,0.28,0.145,0.487,0.966,0.145,0.12,0.121,0.979,0.122,0.092,0.619,0.963,0.953,0.122,0.942,0.963,0.968,0.483,0.634,0.991,0.968,0.507,0.968,0.963,0.619,0.963,0.994,0.974,0.938,0.465,0.929,0.427,0.949,0.966,0.959,0.983,0.959,0.961,0.936,0.951,0.957,0.895,0.904,0.907
0.188,0.188,0.186,0.186,0.901,0.41,0.299,0.259,0.436,0.138,0.259,0.314,0.191,0.901,0.314,0.259,0.191,0.901,0.192,0.191,0.212,0.14,0.212,0.171,0.191,0.299,0.171,0.259,0.238,0.138,0.238,0.14,0.044,0.312,0.379,0.312,0.938,0.379,0.044,0.938,0.293,0.312,0.926,0.222,0.312,0.938,0.185,0.926,0.335,0.926,0.556,0.294,0.59,0.068,0.932,0.068,0.071,0.922,0.922,0.922,0.165,0.932,0.071,0.932,0.59,0.165,0.23,0.604,0.23,0.697,0.697,0.697,0.278,0.912,0.315,0.201,0.689,0.668,0.697,0.689,0.178,0.912,0.828,0.27,0.457,0.828,0.697,0.226,0.24,0.731,0.912,0.309,0.18,0.249,0.664,0.828,0.386,0.664,0.664,0.198,0.665,0.796,0.65,0.665,0.665,0.546,0.212,0.809,0.809,0.795,0.876,0.85,0.983,0.91,0.273,0.708,0.702,0.8,0.975,0.85,0.205,0.976,0.715,0.998,0.228,0.883,0.544,0.875,0.883,0.987,0.973,0.787,0.973,0.832,0.582,0.886,0.834,0.879,0.863,0.886,0.896,0.567,0.525,0.592,0.896,0.754,0.896,0.886,0.525,0.6,0.52,0.599,0.924,0.741,0.948,0.498,0.957,0.584,0.982,0.506,0.979,0.96,0.946,0.93,0.933,0.996,0.99,0.953
0.766,0.766,0.701,0.701,0.884,0.799,0.809,0.822,0.785,0.827,0.822,0.877,0.732,0.884,0.877,0.822,0.732,0.884,0.592,0.732,0.774,0.821,0.774,0.752,0.732,0.809,0.752,0.822,0.843,0.827,0.843,0.821,0.843,0.776,0.773,0.776,0.647,0.773,0.843,0.647,0.672,0.776,0.466,0.686,0.776,0.647,0.551,0.466,0.095,0.466,0.824,0.629,0.446,0.767,0.636,0.767,0.765,0.475,0.475,0.475,0.834,0.636,0.765,0.636,0.446,0.834,0.787,0.079,0.787,0.532,0.532,0.532,0.541,0.887,0.602,0.727,0.45,0.16,0.474,0.45,0.676,0.887,0.638,0.751,0.084,0.638,0.474,0.694,0.646,0.433,0.887,0.601,0.727,0.791,0.464,0.638,0.896,0.464,0.464,0.704,0.554,0.735,0.219,0.554,0.554,0.282,0.721,0.93,0.93,0.946,0.989,0.8,0.583,0.855,0.783,0.442,0.532,0.659,0.597,0.8,0.732,0.603,0.594,0.564,0.574,0.901,0.302,0.177,0.901,0.837,0.586,0.696,0.588,0.935,0.301,0.509,0.15,0.89,0.208,0.509,0.592,0.374,0.876,0.811,0.592,0.535,0.592,0.509,0.938,0.871,0.614,0.906,0.101,0.504,0.101,0.891,0.254,0.891,0.34,0.553,0.332,0.159,0.096,0.1,0.088,0.175,0.166,0.167
0.348,0.348,0.439,0.439,0.786,0.962,0.656,0.42,0.942,0.338,0.42,0.607,0.466,0.786,0.607,0.42,0.466,0.786,0.621,0.466,0.486,0.374,0.486,0.416,0.466,0.656,0.416,0.42,0.4,0.338,0.4,0.374,0.679,0.364,0.675,0.364,0.491,0.675,0.679,0.491,0.884,0.364,0.547,0.845,0.364,0.491,0.594,0.547,0.939,0.547,0.952,0.878,0.564,0.731,0.524,0.731,0.733,0.51,0.51,0.51,0.319,0.524,0.733,0.524,0.564,0.319,0.376,0.968,0.376,0.284,0.284,0.284,0.969,0.528,0.927,0.987,0.355,0.856,0.393,0.355,0.975,0.528,0.601,0.976,0.97,0.601,0.393,0.984,0.98,0.716,0.528,0.894,0.985,0.978,0.328,0.601,0.619,0.328,0.328,0.985,0.384,0.493,0.954,0.384,0.384,0.565,0.98,0.565,0.565,0.591,0.802,0.928,0.871,0.944,0.964,0.881,0.83,0.457,0.858,0.928,0.981,0.851,0.737,0.947,0.959,0.593,0.498,0.067,0.593,0.968,0.928,0.538,0.928,0.73,0.673,0.497,0.076,0.603,0.077,0.497,0.526,0.919,0.783,0.301,0.526,0.813,0.526,0.497,0.775,0.275,0.327,0.27,0.269,0.915,0.25,0.728,0.153,0.257,0.204,0.309,0.202,0.25,0.295,0.216,0.22,0.314,0.327,0.33
0.334,0.334,0.433,0.433,0.294,0.211,0.025,0.02,0.21,0.53,0.02,0.031,0.016,0.294,0.031,0.02,0.016,0.294,0.593,0.016,0.415,0.551,0.415,0.025,0.016,0.025,0.025,0.02,0.033,0.53,0.033,0.551,0.324,0.031,0.049,0.031,0.567,0.049,0.324,0.567,0.998,0.031,0.561,0.918,0.031,0.567,0.5,0.561,0.546,0.561,0.166,1.0,0.345,0.35,0.43,0.35,0.347,0.368,0.368,0.368,0.515,0.43,0.347,0.43,0.345,0.515,0.06,0.871,0.06,0.306,0.306,0.306,0.993,0.351,0.98,0.935,0.346,0.784,0.326,0.346,0.995,0.351,0.544,0.986,0.78,0.544,0.326,0.927,0.995,0.924,0.351,0.981,0.935,0.982,0.43,0.544,0.373,0.43,0.43,0.925,0.328,0.723,0.766,0.328,0.328,0.57,0.969,0.72,0.72,0.745,0.907,0.362,0.973,0.455,0.973,0.836,0.806,0.702,0.989,0.362,0.965,0.996,0.817,0.781,0.981,0.759,0.764,0.78,0.759,0.631,0.765,0.481,0.832,0.966,0.836,0.762,0.825,0.813,0.848,0.762,0.759,0.788,0.853,0.462,0.759,0.9,0.759,0.762,0.866,0.821,0.703,0.841,0.758,0.922,0.654,0.839,0.94,0.821,0.878,0.677,0.891,0.724,0.706,0.678,0.731,0.939,0.953,0.948
0.734,0.734,0.591,0.591,0.393,0.724,0.895,0.744,0.672,0.767,0.744,0.81,0.754,0.393,0.81,0.744,0.754,0.393,0.403,0.754,0.466,0.723,0.466,0.781,0.754,0.895,0.781,0.744,0.731,0.767,0.731,0.723,0.93,0.616,0.728,0.616,0.435,0.728,0.93,0.435,0.263,0.616,0.454,0.286,0.616,0.435,0.435,0.454,0.58,0.454,0.656,0.263,0.192,0.897,0.424,0.897,0.894,0.434,0.434,0.434,0.656,0.424,0.894,0.424,0.192,0.656,0.676,0.487,0.676,0.188,0.188,0.188,0.38,0.326,0.349,0.377,0.298,0.557,0.295,0.298,0.16,0.326,0.258,0.145,0.5,0.258,0.295,0.381,0.155,0.628,0.326,0.361,0.369,0.136,0.183,0.258,0.235,0.183,0.183,0.379,0.185,0.294,0.575,0.185,0.185,0.607,0.37,0.673,0.673,0.7,0.37,0.788,0.472,0.838,0.135,0.612,0.738,0.294,0.436,0.788,0.365,0.433,0.758,0.386,0.173,0.681,0.708,0.384,0.681,0.267,0.37,0.212,0.371,0.376,0.749,0.426,0.424,0.707,0.396,0.426,0.421,0.825,0.246,0.216,0.421,0.687,0.421,0.426,0.269,0.147,0.219,0.181,0.543,0.675,0.653,0.272,0.307,0.178,0.418,0.219,0.4,0.569,0.643,0.648,0.642,0.71,0.708,0.49
0.677,0.677,0.684,0.684,0.376,0.685,0.687,0.713,0.821,0.745,0.713,0.739,0.763,0.376,0.739,0.713,0.763,0.376,0.096,0.763,0.689,0.621,0.689,0.65,0.763,0.687,0.65,0.713,0.656,0.745,0.656,0.621,0.665,0.738,0.656,0.738,0.451,0.656,0.665,0.451,0.814,0.738,0.46,0.78,0.738,0.451,0.087,0.46,0.699,0.46,0.815,0.84,0.295,0.514,0.369,0.514,0.534,0.325,0.325,0.325,0.595,0.369,0.534,0.369,0.295,0.595,0.698,0.846,0.698,0.236,0.236,0.236,0.836,0.335,0.829,0.993,0.279,0.815,0.394,0.279,0.922,0.335,0.392,0.995,0.838,0.392,0.394,0.994,0.92,0.746,0.335,0.831,0.994,0.995,0.236,0.392,0.283,0.236,0.236,0.993,0.257,0.56,0.783,0.257,0.257,0.823,0.994,0.439,0.439,0.263,0.588,0.817,0.901,0.687,0.995,0.711,0.788,0.549,0.902,0.817,0.993,0.894,0.798,0.971,0.883,0.358,0.751,0.344,0.358,0.681,0.968,0.442,0.964,0.584,0.534,0.307,0.433,0.239,0.56,0.307,0.4,0.675,0.766,0.95,0.4,0.648,0.4,0.307,0.736,0.908,0.909,0.899,0.201,0.649,0.095,0.658,0.265,0.868,0.155,0.917,0.154,0.215,0.097,0.114,0.108,0.113,0.136,0.299
0.719,0.719,0.786,0.786,0.659,0.368,0.662,0.777,0.341,0.687,0.777,0.651,0.729,0.659,0.651,0.777,0.729,0.659,0.6,0.729,0.576,0.72,0.576,0.739,0.729,0.662,0.739,0.777,0.785,0.687,0.785,0.72,0.556,0.697,0.626,0.697,0.645,0.626,0.556,0.645,0.604,0.697,0.681,0.963,0.697,0.645,0.629,0.681,0.588,0.681,0.308,0.663,0.857,0.635,0.642,0.635,0.637,0.683,0.683,0.683,0.628,0.642,0.637,0.642,0.857,0.628,0.702,0.589,0.702,0.93,0.93,0.93,0.564,0.659,0.977,0.58,0.855,0.077,0.848,0.855,0.717,0.659,0.747,0.587,0.588,0.747,0.848,0.484,0.679,0.089,0.659,0.972,0.532,0.616,0.959,0.747,0.764,0.959,0.959,0.466,0.953,0.872,0.084,0.953,0.953,0.086,0.499,0.794,0.794,0.825,0.593,0.844,0.698,0.857,0.598,0.078,0.277,0.871,0.736,0.844,0.493,0.742,0.296,0.809,0.696,0.686,0.085,0.131,0.686,0.607,0.745,0.841,0.761,0.598,0.107,0.744,0.483,0.737,0.127,0.744,0.723,0.263,0.161,0.561,0.723,0.118,0.723,0.744,0.148,0.444,0.499,0.395,0.105,0.108,0.056,0.15,0.655,0.396,0.433,0.517,0.498,0.113,0.058,0.103,0.106,0.155,0.241,0.236
0.731,0.731,0.722,0.722,0.747,0.009,0.74,0.705,0.01,0.681,0.705,0.759,0.673,0.747,0.759,0.705,0.673,0.747,0.801,0.673,0.817,0.657,0.817,0.726,0.673,0.74,0.726,0.705,0.699,0.681,0.699,0.657,0.508,0.678,0.755,0.678,0.641,0.755,0.508,0.641,0.003,0.678,0.784,0.142,0.678,0.641,0.808,0.784,0.218,0.784,0.006,0.004,0.947,0.733,0.794,0.733,0.738,0.848,0.848,0.848,0.593,0.794,0.738,0.794,0.947,0.593,0.703,0.362,0.703,0.781,0.781,0.781,0.002,0.575,0.166,0.005,0.838,0.116,0.852,0.838,0.003,0.575,0.785,0.006,0.367,0.785,0.852,0.005,0.003,0.195,0.575,0.175,0.006,0.006,0.725,0.785,0.845,0.725,0.725,0.008,0.783,0.622,0.117,0.783,0.783,0.063,0.008,0.871,0.871,0.881,0.918,0.878,0.005,0.928,0.007,0.207,0.359,0.624,0.005,0.878,0.008,0.005,0.336,0.006,0.003,0.916,0.088,0.555,0.916,0.821,0.006,0.701,0.006,0.876,0.14,0.913,0.587,0.914,0.374,0.913,0.889,0.211,0.164,0.333,0.889,0.258,0.889,0.913,0.167,0.21,0.377,0.256,0.141,0.268,0.226,0.157,0.122,0.252,0.136,0.373,0.128,0.149,0.233,0.238,0.249,0.103,0.12,0.091
0.671,0.671,0.944,0.944,0.357,0.109,0.884,0.488,0.097,0.574,0.488,0.611,0.787,0.357,0.611,0.488,0.787,0.357,0.412,0.787,0.601,0.342,0.601,0.708,0.787,0.884,0.708,0.488,0.469,0.574,0.469,0.342,0.369,0.341,0.457,0.341,0.168,0.457,0.369,0.168,0.267,0.341,0.251,0.192,0.341,0.168,0.519,0.251,0.377,0.251,0.089,0.254,0.18,0.26,0.227,0.26,0.257,0.214,0.214,0.214,0.209,0.227,0.257,0.227,0.18,0.209,0.349,0.458,0.349,0.826,0.826,0.826,0.337,0.277,0.26,0.281,0.239,0.322,0.291,0.239,0.4,0.277,0.186,0.511,0.522,0.186,0.291,0.305,0.482,0.362,0.277,0.293,0.281,0.373,0.879,0.186,0.479,0.879,0.879,0.307,0.865,0.343,0.322,0.865,0.865,0.329,0.29,0.518,0.518,0.398,0.83,0.737,0.126,0.65,0.374,0.352,0.123,0.283,0.109,0.737,0.28,0.108,0.136,0.179,0.398,0.403,0.386,0.53,0.403,0.871,0.158,0.309,0.165,0.75,0.42,0.411,0.546,0.306,0.523,0.411,0.397,0.137,0.176,0.542,0.397,0.431,0.397,0.411,0.166,0.436,0.497,0.458,0.677,0.377,0.797,0.14,0.715,0.443,0.876,0.488,0.899,0.721,0.789,0.764,0.734,0.073,0.07,0.022
0.526,0.526,0.421,0.421,0.263,0.465,0.496,0.932,0.473,0.906,0.932,0.453,0.933,0.263,0.453,0.932,0.933,0.263,0.267,0.933,0.385,0.943,0.385,0.945,0.933,0.496,0.945,0.932,0.93,0.906,0.93,0.943,0.702,0.933,0.388,0.933,0.133,0.388,0.702,0.133,0.923,0.933,0.2,0.627,0.933,0.133,0.275,0.2,0.378,0.2,0.573,0.933,0.457,0.724,0.133,0.724,0.753,0.204,0.204,0.204,0.92,0.133,0.753,0.133,0.457,0.92,0.904,0.316,0.904,0.527,0.527,0.527,0.422,0.341,0.576,0.714,0.742,0.479,0.624,0.742,0.655,0.341,0.065,0.792,0.34,0.065,0.624,0.723,0.624,0.604,0.341,0.581,0.677,0.79,0.927,0.065,0.255,0.927,0.927,0.723,0.964,0.843,0.586,0.964,0.964,0.614,0.736,0.345,0.345,0.357,0.427,0.452,0.745,0.462,0.814,0.71,0.832,0.865,0.648,0.452,0.72,0.651,0.832,0.757,0.5,0.352,0.766,0.71,0.352,0.429,0.739,0.721,0.72,0.497,0.784,0.066,0.828,0.359,0.798,0.066,0.044,0.738,0.439,0.656,0.044,0.842,0.044,0.066,0.426,0.755,0.595,0.839,0.301,0.864,0.345,0.469,0.3,0.762,0.374,0.54,0.363,0.337,0.317,0.345,0.309,0.269,0.286,0.21
0.465,0.465,0.438,0.438,0.317,0.21,0.076,0.043,0.253,0.018,0.043,0.049,0.042,0.317,0.049,0.043,0.042,0.317,0.121,0.042,0.705,0.035,0.705,0.036,0.042,0.076,0.036,0.043,0.043,0.018,0.043,0.035,0.886,0.049,0.072,0.049,0.492,0.072,0.886,0.492,0.824,0.049,0.468,0.483,0.049,0.492,0.14,0.468,0.481,0.468,0.153,0.817,0.176,0.863,0.282,0.863,0.88,0.277,0.277,0.277,0.048,0.282,0.88,0.282,0.176,0.048,0.044,0.712,0.044,0.17,0.17,0.17,0.681,0.54,0.525,0.865,0.449,0.385,0.502,0.449,0.731,0.54,0.175,0.757,0.682,0.175,0.502,0.866,0.727,0.593,0.54,0.498,0.852,0.775,0.368,0.175,0.165,0.368,0.368,0.85,0.412,0.329,0.392,0.412,0.412,0.567,0.859,0.524,0.524,0.527,0.515,0.827,0.824,0.85,0.736,0.582,0.774,0.286,0.638,0.827,0.862,0.633,0.785,0.774,0.773,0.611,0.481,0.965,0.611,0.93,0.807,0.423,0.801,0.606,0.541,0.215,0.918,0.596,0.958,0.215,0.248,0.703,0.533,0.908,0.248,0.509,0.248,0.215,0.535,0.843,0.879,0.838,0.872,0.55,0.832,0.573,0.388,0.789,0.409,0.908,0.366,0.865,0.811,0.88,0.848,0.435,0.467,0.535
0.343,0.343,0.426,0.426,0.121,0.796,0.331,0.298,0.808,0.955,0.298,0.35,0.167,0.121,0.35,0.298,0.167,0.121,0.266,0.167,0.437,0.959,0.437,0.165,0.167,0.331,0.165,0.298,0.275,0.955,0.275,0.959,0.822,0.433,0.484,0.433,0.21,0.484,0.822,0.21,0.264,0.433,0.172,0.197,0.433,0.21,0.205,0.172,0.211,0.172,0.793,0.163,0.11,0.854,0.24,0.854,0.852,0.194,0.194,0.194,0.952,0.24,0.852,0.24,0.11,0.952,0.387,0.154,0.387,0.127,0.127,0.127,0.23,0.191,0.195,0.196,0.124,0.06,0.12,0.124,0.252,0.191,0.107,0.233,0.148,0.107,0.12,0.215,0.254,0.053,0.191,0.198,0.19,0.236,0.158,0.107,0.379,0.158,0.158,0.206,0.142,0.087,0.074,0.142,0.142,0.11,0.187,0.233,0.233,0.241,0.726,0.278,0.868,0.293,0.201,0.052,0.045,0.091,0.877,0.278,0.186,0.828,0.062,0.909,0.218,0.257,0.083,0.592,0.257,0.424,0.954,0.088,0.95,0.763,0.093,0.124,0.651,0.274,0.42,0.124,0.121,0.048,0.234,0.338,0.121,0.101,0.121,0.124,0.214,0.241,0.369,0.262,0.66,0.095,0.724,0.136,0.323,0.267,0.347,0.446,0.34,0.679,0.686,0.718,0.695,0.448,0.417,0.822
0.117,0.117,0.117,0.117,0.036,0.516,0.1,0.074,0.584,0.333,0.074,0.102,0.07,0.036,0.102,0.074,0.07,0.036,0.024,0.07,0.125,0.26,0.125,0.068,0.07,0.1,0.068,0.074,0.089,0.333,0.089,0.26,0.802,0.091,0.097,0.091,0.066,0.097,0.802,0.066,0.128,0.091,0.084,0.255,0.091,0.066,0.018,0.084,0.678,0.084,0.74,0.131,0.77,0.874,0.066,0.874,0.888,0.118,0.118,0.118,0.235,0.066,0.888,0.066,0.77,0.235,0.095,0.455,0.095,0.59,0.59,0.59,0.114,0.042,0.253,0.449,0.825,0.6,0.797,0.825,0.437,0.042,0.914,0.539,0.502,0.914,0.797,0.472,0.486,0.664,0.042,0.275,0.434,0.549,0.858,0.914,0.011,0.858,0.858,0.456,0.722,0.687,0.688,0.722,0.722,0.621,0.431,0.129,0.129,0.113,0.134,0.078,0.234,0.088,0.507,0.767,0.49,0.796,0.216,0.078,0.423,0.212,0.496,0.205,0.393,0.093,0.687,0.049,0.093,0.174,0.185,0.837,0.185,0.116,0.818,0.91,0.045,0.111,0.046,0.91,0.893,0.37,0.515,0.023,0.893,0.602,0.893,0.91,0.495,0.02,0.034,0.03,0.055,0.705,0.055,0.471,0.076,0.034,0.116,0.035,0.116,0.061,0.047,0.067,0.067,0.119,0.115,0.089
0.725,0.725,0.834,0.834,0.447,0.843,0.819,0.722,0.857,0.533,0.722,0.777,0.788,0.447,0.777,0.722,0.788,0.447,0.243,0.788,0.597,0.548,0.597,0.639,0.788,0.819,0.639,0.722,0.635,0.533,0.635,0.548,0.223,0.564,0.738,0.564,0.426,0.738,0.223,0.426,0.323,0.564,0.365,0.741,0.564,0.426,0.297,0.365,0.103,0.365,0.847,0.344,0.672,0.237,0.387,0.237,0.249,0.35,0.35,0.35,0.598,0.387,0.249,0.387,0.672,0.598,0.532,0.101,0.532,0.31,0.31,0.31,0.369,0.527,0.779,0.289,0.622,0.189,0.551,0.622,0.314,0.527,0.512,0.292,0.097,0.512,0.551,0.207,0.331,0.202,0.527,0.727,0.256,0.372,0.517,0.512,0.211,0.517,0.517,0.218,0.279,0.293,0.188,0.279,0.279,0.21,0.255,0.481,0.481,0.275,0.298,0.573,0.79,0.38,0.331,0.196,0.116,0.484,0.771,0.573,0.277,0.749,0.128,0.908,0.371,0.412,0.143,0.631,0.412,0.394,0.882,0.577,0.887,0.263,0.153,0.566,0.647,0.229,0.584,0.566,0.529,0.126,0.473,0.414,0.529,0.182,0.529,0.566,0.537,0.318,0.376,0.302,0.651,0.177,0.809,0.628,0.766,0.35,0.828,0.423,0.841,0.713,0.764,0.772,0.777,0.883,0.848,0.892
0.065,0.065,0.054,0.054,0.185,0.239,0.061,0.031,0.235,0.02,0.031,0.047,0.044,0.185,0.047,0.031,0.044,0.185,0.525,0.044,0.062,0.016,0.062,0.04,0.044,0.061,0.04,0.031,0.032,0.02,0.032,0.016,0.009,0.042,0.045,0.042,0.276,0.045,0.009,0.276,0.707,0.042,0.284,0.783,0.042,0.276,0.414,0.284,0.737,0.284,0.214,0.677,0.184,0.004,0.158,0.004,0.003,0.149,0.149,0.149,0.017,0.158,0.003,0.158,0.184,0.017,0.04,0.568,0.04,0.294,0.294,0.294,0.555,0.202,0.705,0.914,0.264,0.861,0.272,0.264,0.718,0.202,0.311,0.941,0.58,0.311,0.272,0.923,0.715,0.903,0.202,0.699,0.905,0.937,0.346,0.311,0.777,0.346,0.346,0.912,0.33,0.229,0.888,0.33,0.33,0.677,0.97,0.605,0.605,0.676,0.505,0.491,0.655,0.676,0.98,0.918,0.278,0.207,0.641,0.491,0.966,0.656,0.287,0.839,0.809,0.713,0.787,0.991,0.713,0.611,0.669,0.168,0.703,0.512,0.187,0.318,0.998,0.701,0.978,0.318,0.325,0.364,0.624,0.978,0.325,0.113,0.325,0.318,0.616,0.975,0.991,0.983,0.649,0.15,0.732,0.598,0.604,0.982,0.841,0.987,0.828,0.616,0.725,0.671,0.649,0.718,0.681,0.446
0.026,0.026,0.024,0.024,0.992,0.294,0.017,0.015,0.312,0.584,0.015,0.02,0.011,0.992,0.02,0.015,0.011,0.992,0.529,0.011,0.038,0.611,0.038,0.012,0.011,0.017,0.012,0.015,0.015,0.584,0.015,0.611,0.663,0.014,0.02,0.014,0.608,0.02,0.663,0.608,0.159,0.014,0.591,0.038,0.014,0.608,0.588,0.591,0.141,0.591,0.245,0.182,0.999,0.496,0.84,0.496,0.482,0.837,0.837,0.837,0.825,0.84,0.482,0.84,0.999,0.825,0.019,0.107,0.019,0.995,0.995,0.995,0.376,0.739,0.051,0.292,0.986,0.144,0.985,0.986,0.285,0.739,0.999,0.384,0.1,0.999,0.985,0.317,0.311,0.194,0.739,0.055,0.298,0.34,0.939,0.999,0.817,0.939,0.939,0.319,0.93,0.996,0.141,0.93,0.93,0.16,0.335,0.874,0.874,0.884,0.632,0.893,0.631,0.905,0.428,0.19,0.296,0.995,0.737,0.893,0.337,0.733,0.283,0.491,0.538,0.839,0.23,0.368,0.839,0.756,0.722,1.0,0.709,0.703,0.309,0.992,0.374,0.865,0.232,0.992,0.974,0.191,0.894,0.124,0.974,0.256,0.974,0.992,0.894,0.227,0.125,0.233,0.203,0.303,0.232,0.965,0.17,0.245,0.248,0.144,0.234,0.183,0.253,0.276,0.25,0.224,0.262,0.253
0.626,0.626,0.593,0.593,0.11,0.102,0.591,0.86,0.109,0.901,0.86,0.628,0.814,0.11,0.628,0.86,0.814,0.11,0.685,0.814,0.831,0.915,0.831,0.798,0.814,0.591,0.798,0.86,0.836,0.901,0.836,0.915,0.931,0.879,0.689,0.879,0.187,0.689,0.931,0.187,0.302,0.879,0.192,0.39,0.879,0.187,0.593,0.192,0.341,0.192,0.101,0.195,0.112,0.953,0.128,0.953,0.955,0.127,0.127,0.127,0.901,0.128,0.955,0.128,0.112,0.901,0.822,0.276,0.822,0.093,0.093,0.093,0.234,0.195,0.37,0.343,0.14,0.471,0.13,0.14,0.344,0.195,0.103,0.254,0.288,0.103,0.13,0.345,0.37,0.294,0.195,0.407,0.353,0.296,0.099,0.103,0.728,0.099,0.099,0.351,0.088,0.112,0.47,0.088,0.088,0.389,0.296,0.055,0.055,0.05,0.116,0.034,0.196,0.038,0.232,0.315,0.426,0.106,0.197,0.034,0.305,0.213,0.395,0.2,0.293,0.044,0.374,0.602,0.044,0.124,0.21,0.121,0.21,0.122,0.436,0.127,0.703,0.042,0.265,0.127,0.12,0.333,0.114,0.272,0.12,0.388,0.12,0.127,0.115,0.199,0.347,0.268,0.443,0.365,0.798,0.142,0.042,0.274,0.015,0.343,0.014,0.461,0.84,0.82,0.88,0.037,0.037,0.068
0.363,0.363,0.404,0.404,0.405,0.176,0.355,0.723,0.146,0.749,0.723,0.371,0.838,0.405,0.371,0.723,0.838,0.405,0.226,0.838,0.479,0.731,0.479,0.775,0.838,0.355,0.775,0.723,0.708,0.749,0.708,0.731,0.857,0.906,0.414,0.906,0.682,0.414,0.857,0.682,0.504,0.906,0.711,0.346,0.906,0.682,0.238,0.711,0.587,0.711,0.144,0.595,0.545,0.866,0.583,0.866,0.835,0.611,0.611,0.611,0.751,0.583,0.835,0.583,0.545,0.751,0.879,0.637,0.879,0.368,0.368,0.368,0.663,0.508,0.344,0.849,0.585,0.699,0.592,0.585,0.864,0.508,0.571,0.783,0.633,0.571,0.592,0.839,0.81,0.735,0.508,0.339,0.823,0.807,0.36,0.571,0.227,0.36,0.36,0.844,0.204,0.501,0.694,0.204,0.204,0.603,0.831,0.971,0.971,0.887,0.3,0.409,0.759,0.33,0.76,0.729,0.849,0.5,0.584,0.409,0.829,0.578,0.909,0.814,0.713,0.89,0.681,0.662,0.89,0.25,0.747,0.502,0.754,0.312,0.724,0.751,0.686,0.731,0.597,0.751,0.743,0.857,0.786,0.773,0.743,0.708,0.743,0.751,0.808,0.489,0.741,0.532,0.568,0.706,0.516,0.776,0.087,0.531,0.036,0.722,0.038,0.509,0.578,0.507,0.558,0.06,0.056,0.112
0.629,0.629,0.646,0.646,0.002,0.525,0.309,0.256,0.579,0.814,0.256,0.3,0.252,0.002,0.3,0.256,0.252,0.002,0.102,0.252,0.577,0.811,0.577,0.258,0.252,0.309,0.258,0.256,0.27,0.814,0.27,0.811,0.711,0.276,0.41,0.276,0.022,0.41,0.711,0.022,0.927,0.276,0.018,0.553,0.276,0.022,0.105,0.018,0.567,0.018,0.438,0.868,0.057,0.685,0.044,0.685,0.69,0.031,0.031,0.031,0.78,0.044,0.69,0.044,0.057,0.78,0.264,0.551,0.264,0.13,0.13,0.13,0.854,0.013,0.55,0.458,0.079,0.683,0.077,0.079,0.628,0.013,0.046,0.614,0.586,0.046,0.077,0.441,0.615,0.81,0.013,0.561,0.476,0.622,0.103,0.046,0.004,0.103,0.103,0.453,0.087,0.096,0.68,0.087,0.087,0.646,0.564,0.08,0.08,0.146,0.461,0.045,0.727,0.036,0.662,0.814,0.697,0.096,0.741,0.045,0.518,0.734,0.704,0.806,0.707,0.124,0.723,0.179,0.124,0.335,0.776,0.078,0.767,0.448,0.307,0.142,0.145,0.137,0.073,0.142,0.145,0.694,0.967,0.037,0.145,0.359,0.145,0.142,0.968,0.032,0.052,0.024,0.142,0.349,0.377,0.949,0.318,0.032,0.319,0.042,0.301,0.152,0.386,0.351,0.36,0.648,0.609,0.493
0.201,0.201,0.257,0.257,0.52,0.226,0.257,0.078,0.185,0.052,0.078,0.113,0.131,0.52,0.113,0.078,0.131,0.52,0.589,0.131,0.123,0.034,0.123,0.119,0.131,0.257,0.119,0.078,0.051,0.052,0.051,0.034,0.03,0.068,0.102,0.068,0.377,0.102,0.03,0.377,0.766,0.068,0.421,0.956,0.068,0.377,0.547,0.421,0.157,0.421,0.246,0.802,0.598,0.018,0.255,0.018,0.018,0.428,0.428,0.428,0.021,0.255,0.018,0.255,0.598,0.021,0.065,0.046,0.065,0.449,0.449,0.449,0.796,0.454,0.967,0.839,0.315,0.15,0.238,0.315,0.924,0.454,0.636,0.886,0.039,0.636,0.238,0.862,0.913,0.286,0.454,0.957,0.875,0.873,0.237,0.636,0.369,0.237,0.237,0.887,0.246,0.346,0.156,0.246,0.246,0.377,0.84,0.804,0.804,0.854,0.341,0.858,0.716,0.86,0.907,0.221,0.818,0.388,0.696,0.858,0.906,0.697,0.726,0.748,0.877,0.799,0.47,0.941,0.799,0.539,0.735,0.576,0.722,0.306,0.616,0.323,0.977,0.862,0.829,0.323,0.317,0.696,0.641,0.67,0.317,0.353,0.317,0.323,0.601,0.581,0.761,0.602,0.913,0.276,0.984,0.485,0.908,0.626,0.862,0.777,0.851,0.891,0.989,0.989,0.986,0.65,0.683,0.886
0.041,0.041,0.042,0.042,0.168,0.156,0.021,0.016,0.143,0.847,0.016,0.027,0.012,0.168,0.027,0.016,0.012,0.168,0.71,0.012,0.057,0.777,0.057,0.011,0.012,0.021,0.011,0.016,0.013,0.847,0.013,0.777,0.561,0.027,0.028,0.027,0.227,0.028,0.561,0.227,0.352,0.027,0.303,0.872,0.027,0.227,0.767,0.303,0.671,0.303,0.898,0.35,0.167,0.454,0.163,0.454,0.448,0.181,0.181,0.181,0.785,0.163,0.448,0.163,0.167,0.785,0.027,0.857,0.027,0.267,0.267,0.267,0.391,0.222,0.907,0.376,0.193,0.556,0.209,0.193,0.501,0.222,0.09,0.495,0.885,0.09,0.209,0.372,0.494,0.692,0.222,0.922,0.379,0.496,0.512,0.09,0.929,0.512,0.512,0.375,0.543,0.148,0.798,0.543,0.543,0.507,0.398,0.315,0.315,0.337,0.725,0.334,0.457,0.345,0.608,0.812,0.908,0.175,0.463,0.334,0.39,0.455,0.872,0.49,0.593,0.28,0.611,0.237,0.28,0.786,0.479,0.133,0.488,0.739,0.675,0.099,0.32,0.315,0.337,0.099,0.105,0.823,0.915,0.371,0.105,0.684,0.105,0.099,0.883,0.714,0.395,0.673,0.56,0.839,0.5,0.866,0.565,0.678,0.53,0.358,0.54,0.528,0.614,0.483,0.488,0.557,0.531,0.666
0.09,0.09,0.14,0.14,0.343,0.212,0.132,0.029,0.222,0.042,0.029,0.062,0.06,0.343,0.062,0.029,0.06,0.343,0.653,0.06,0.055,0.025,0.055,0.053,0.06,0.132,0.053,0.029,0.024,0.042,0.024,0.025,0.412,0.052,0.05,0.052,0.735,0.05,0.412,0.735,0.131,0.052,0.693,0.14,0.052,0.735,0.515,0.693,0.086,0.693,0.238,0.162,0.694,0.341,0.706,0.341,0.333,0.733,0.733,0.733,0.022,0.706,0.333,0.706,0.694,0.022,0.029,0.117,0.029,0.434,0.434,0.434,0.193,0.572,0.171,0.587,0.512,0.257,0.569,0.512,0.335,0.572,0.692,0.566,0.105,0.692,0.569,0.564,0.391,0.272,0.572,0.159,0.577,0.576,0.352,0.692,0.374,0.352,0.352,0.551,0.387,0.608,0.275,0.387,0.387,0.212,0.682,0.615,0.615,0.667,0.635,0.752,0.425,0.812,0.631,0.296,0.219,0.619,0.432,0.752,0.685,0.43,0.231,0.328,0.344,0.682,0.207,0.003,0.682,0.595,0.329,0.742,0.319,0.529,0.061,0.558,0.005,0.736,0.003,0.558,0.631,0.185,0.43,0.015,0.631,0.142,0.631,0.558,0.398,0.01,0.007,0.009,0.004,0.1,0.004,0.337,0.022,0.008,0.031,0.007,0.03,0.003,0.004,0.004,0.004,0.014,0.009,0.007
0.419,0.419,0.396,0.396,0.632,0.679,0.304,0.286,0.537,0.842,0.286,0.336,0.163,0.632,0.336,0.286,0.163,0.632,0.395,0.163,0.374,0.878,0.374,0.179,0.163,0.304,0.179,0.286,0.262,0.842,0.262,0.878,0.601,0.261,0.233,0.261,0.542,0.233,0.601,0.542,0.386,0.261,0.649,0.248,0.261,0.542,0.422,0.649,0.844,0.649,0.506,0.406,0.993,0.81,0.617,0.81,0.807,0.665,0.665,0.665,0.766,0.617,0.807,0.617,0.993,0.766,0.267,0.659,0.267,0.98,0.98,0.98,0.39,0.606,0.323,0.206,0.992,0.582,0.994,0.992,0.23,0.606,0.854,0.231,0.654,0.854,0.994,0.219,0.226,0.677,0.606,0.335,0.192,0.229,0.954,0.854,0.388,0.954,0.954,0.217,0.984,0.503,0.567,0.984,0.984,0.631,0.234,0.594,0.594,0.622,0.454,0.586,0.917,0.747,0.186,0.659,0.362,0.494,0.889,0.586,0.222,0.897,0.349,0.914,0.166,0.473,0.688,0.763,0.473,0.571,0.939,0.518,0.934,0.356,0.644,0.869,0.731,0.518,0.801,0.869,0.863,0.421,0.596,0.853,0.863,0.588,0.863,0.869,0.579,0.831,0.86,0.842,0.755,0.58,0.77,0.489,0.592,0.837,0.661,0.858,0.634,0.777,0.724,0.747,0.685,0.533,0.456,0.988
0.921,0.921,0.897,0.897,0.869,0.192,0.946,0.939,0.172,0.99,0.939,0.96,0.922,0.869,0.96,0.939,0.922,0.869,0.989,0.922,0.804,0.99,0.804,0.927,0.922,0.946,0.927,0.939,0.949,0.99,0.949,0.99,0.98,0.901,0.916,0.901,0.961,0.916,0.98,0.961,0.057,0.901,0.905,0.115,0.901,0.961,0.922,0.905,0.107,0.905,0.17,0.059,0.922,0.962,0.993,0.962,0.961,0.984,0.984,0.984,0.994,0.993,0.961,0.993,0.922,0.994,0.863,0.087,0.863,0.968,0.968,0.968,0.06,0.986,0.098,0.03,0.949,0.104,0.948,0.949,0.041,0.986,0.95,0.037,0.081,0.95,0.948,0.029,0.051,0.065,0.986,0.078,0.03,0.04,0.992,0.95,0.996,0.992,0.992,0.03,0.99,0.992,0.106,0.99,0.99,0.115,0.033,0.288,0.288,0.316,0.054,0.154,0.011,0.197,0.052,0.125,0.031,0.992,0.012,0.154,0.033,0.012,0.03,0.011,0.049,0.312,0.093,0.022,0.312,0.059,0.013,0.922,0.013,0.051,0.055,0.983,0.024,0.335,0.022,0.983,0.99,0.028,0.374,0.004,0.99,0.069,0.99,0.983,0.373,0.622,0.003,0.582,0.061,0.068,0.06,0.397,0.063,0.592,0.068,0.006,0.066,0.062,0.054,0.062,0.062,0.097,0.094,0.072
0.527,0.527,0.547,0.547,0.989,0.576,0.574,0.454,0.595,0.257,0.454,0.583,0.432,0.989,0.583,0.454,0.432,0.989,0.854,0.432,0.45,0.268,0.45,0.378,0.432,0.574,0.378,0.454,0.385,0.257,0.385,0.268,0.105,0.379,0.474,0.379,0.994,0.474,0.105,0.994,0.061,0.379,0.989,0.005,0.379,0.994,0.842,0.989,0.035,0.989,0.678,0.058,0.979,0.098,0.998,0.098,0.095,0.997,0.997,0.997,0.255,0.998,0.095,0.998,0.979,0.255,0.372,0.055,0.372,0.82,0.82,0.82,0.041,0.995,0.012,0.066,0.975,0.005,0.979,0.975,0.103,0.995,0.979,0.119,0.056,0.979,0.979,0.058,0.126,0.019,0.995,0.012,0.068,0.121,0.91,0.979,0.864,0.91,0.91,0.061,0.913,0.986,0.007,0.913,0.913,0.005,0.086,0.457,0.457,0.452,0.182,0.129,0.297,0.134,0.145,0.017,0.01,0.99,0.328,0.129,0.083,0.333,0.007,0.443,0.119,0.461,0.005,0.073,0.461,0.131,0.405,0.976,0.457,0.177,0.003,0.99,0.079,0.447,0.067,0.99,0.994,0.001,0.337,0.71,0.994,0.016,0.994,0.99,0.381,0.759,0.626,0.721,0.179,0.015,0.163,0.373,0.348,0.724,0.351,0.609,0.355,0.217,0.177,0.195,0.219,0.222,0.269,0.312
0.242,0.242,0.301,0.301,0.905,0.206,0.583,0.354,0.17,0.24,0.354,0.419,0.484,0.905,0.419,0.354,0.484,0.905,0.803,0.484,0.472,0.161,0.472,0.468,0.484,0.583,0.468,0.354,0.246,0.24,0.246,0.161,0.405,0.314,0.42,0.314,0.877,0.42,0.405,0.877,0.231,0.314,0.839,0.125,0.314,0.877,0.878,0.839,0.465,0.839,0.174,0.218,0.889,0.465,0.81,0.465,0.449,0.725,0.725,0.725,0.203,0.81,0.449,0.81,0.889,0.203,0.268,0.483,0.268,0.766,0.766,0.766,0.186,0.937,0.113,0.127,0.89,0.449,0.893,0.89,0.139,0.937,0.925,0.158,0.426,0.925,0.893,0.133,0.154,0.153,0.937,0.12,0.102,0.146,0.756,0.925,0.865,0.756,0.756,0.109,0.709,0.827,0.443,0.709,0.709,0.414,0.109,0.718,0.718,0.765,0.675,0.849,0.108,0.847,0.142,0.184,0.525,0.875,0.113,0.849,0.104,0.116,0.552,0.177,0.151,0.749,0.155,0.008,0.749,0.8,0.207,0.882,0.216,0.702,0.244,0.863,0.006,0.794,0.005,0.863,0.881,0.251,0.834,0.002,0.881,0.218,0.881,0.863,0.838,0.063,0.001,0.074,0.016,0.24,0.022,0.896,0.016,0.073,0.045,0.001,0.045,0.016,0.021,0.023,0.021,0.044,0.045,0.019
0.937,0.937,0.945,0.945,0.964,0.338,0.876,0.842,0.342,0.636,0.842,0.854,0.86,0.964,0.854,0.842,0.86,0.964,0.514,0.86,0.916,0.646,0.916,0.742,0.86,0.876,0.742,0.842,0.831,0.636,0.831,0.646,0.582,0.851,0.828,0.851,0.941,0.828,0.582,0.941,0.241,0.851,0.917,0.806,0.851,0.941,0.55,0.917,0.721,0.917,0.371,0.244,0.88,0.614,0.903,0.614,0.62,0.927,0.927,0.927,0.603,0.903,0.62,0.903,0.88,0.603,0.781,0.936,0.781,0.808,0.808,0.808,0.21,0.748,0.877,0.242,0.973,0.956,0.982,0.973,0.104,0.748,0.852,0.176,0.94,0.852,0.982,0.234,0.103,0.819,0.748,0.859,0.238,0.18,0.947,0.852,0.672,0.947,0.947,0.231,0.947,0.946,0.953,0.947,0.947,0.831,0.203,0.68,0.68,0.742,0.769,0.944,0.29,0.952,0.136,0.801,0.343,0.955,0.273,0.944,0.196,0.281,0.36,0.252,0.09,0.695,0.754,0.181,0.695,0.952,0.254,0.892,0.262,0.936,0.833,0.888,0.158,0.764,0.173,0.888,0.858,0.317,0.449,0.37,0.858,0.895,0.858,0.888,0.467,0.248,0.334,0.23,0.131,0.898,0.141,0.401,0.394,0.223,0.481,0.333,0.476,0.123,0.12,0.149,0.125,0.425,0.465,0.346
0.767,0.767,0.747,0.747,0.699,0.99,0.651,0.592,0.995,0.734,0.592,0.664,0.564,0.699,0.664,0.592,0.564,0.699,0.318,0.564,0.839,0.774,0.839,0.707,0.564,0.651,0.707,0.592,0.735,0.734,0.735,0.774,0.696,0.65,0.764,0.65,0.667,0.764,0.696,0.667,0.284,0.65,0.635,0.073,0.65,0.667,0.329,0.635,0.003,0.635,0.993,0.296,0.546,0.728,0.67,0.728,0.727,0.61,0.61,0.61,0.81,0.67,0.727,0.67,0.546,0.81,0.772,0.003,0.772,0.695,0.695,0.695,0.15,0.714,0.082,0.199,0.747,0.024,0.71,0.747,0.203,0.714,0.577,0.18,0.003,0.577,0.71,0.166,0.201,0.018,0.714,0.054,0.196,0.168,0.626,0.577,0.353,0.626,0.626,0.175,0.622,0.752,0.033,0.622,0.622,0.056,0.166,0.792,0.792,0.818,0.941,0.369,0.881,0.46,0.125,0.026,0.073,0.785,0.851,0.369,0.192,0.824,0.061,0.867,0.145,0.794,0.05,0.373,0.794,0.552,0.863,0.599,0.863,0.949,0.116,0.57,0.384,0.836,0.32,0.57,0.609,0.209,0.822,0.404,0.609,0.022,0.609,0.57,0.788,0.469,0.44,0.533,0.299,0.031,0.354,0.836,0.363,0.54,0.415,0.437,0.411,0.325,0.369,0.388,0.412,0.333,0.363,0.315
0.1,0.1,0.092,0.092,0.058,0.683,0.06,0.09,0.68,0.061,0.09,0.071,0.101,0.058,0.071,0.09,0.101,0.058,0.688,0.101,0.074,0.06,0.074,0.112,0.101,0.06,0.112,0.09,0.072,0.061,0.072,0.06,0.076,0.114,0.085,0.114,0.203,0.085,0.076,0.203,0.8,0.114,0.201,0.812,0.114,0.203,0.641,0.201,0.281,0.201,0.763,0.793,0.051,0.154,0.114,0.154,0.163,0.11,0.11,0.11,0.064,0.114,0.163,0.114,0.051,0.064,0.099,0.307,0.099,0.297,0.297,0.297,0.753,0.086,0.83,0.562,0.182,0.244,0.161,0.182,0.645,0.086,0.042,0.669,0.317,0.042,0.161,0.6,0.675,0.243,0.086,0.85,0.549,0.641,0.397,0.042,0.967,0.397,0.397,0.622,0.385,0.114,0.254,0.385,0.385,0.385,0.624,0.484,0.484,0.365,0.545,0.357,0.424,0.285,0.729,0.258,0.802,0.113,0.403,0.357,0.64,0.427,0.697,0.55,0.663,0.53,0.579,0.34,0.53,0.73,0.591,0.053,0.649,0.554,0.771,0.101,0.255,0.424,0.315,0.101,0.098,0.895,0.916,0.242,0.098,0.391,0.098,0.101,0.915,0.659,0.307,0.717,0.638,0.422,0.535,0.92,0.311,0.725,0.305,0.3,0.295,0.643,0.48,0.449,0.479,0.297,0.312,0.353
0.166,0.166,0.173,0.173,0.737,0.326,0.07,0.063,0.343,0.015,0.063,0.072,0.045,0.737,0.072,0.063,0.045,0.737,0.191,0.045,0.144,0.027,0.144,0.039,0.045,0.07,0.039,0.063,0.061,0.015,0.061,0.027,0.465,0.065,0.075,0.065,0.646,0.075,0.465,0.646,0.197,0.065,0.587,0.762,0.065,0.646,0.2,0.587,0.965,0.587,0.35,0.203,0.985,0.513,0.695,0.513,0.515,0.657,0.657,0.657,0.036,0.695,0.515,0.695,0.985,0.036,0.052,0.908,0.052,0.958,0.958,0.958,0.231,0.784,0.714,0.478,0.971,0.272,0.969,0.971,0.295,0.784,0.923,0.293,0.92,0.923,0.969,0.453,0.294,0.322,0.784,0.729,0.48,0.26,0.898,0.923,0.279,0.898,0.898,0.442,0.925,0.731,0.273,0.925,0.925,0.277,0.457,0.453,0.453,0.598,0.703,0.668,0.918,0.695,0.236,0.328,0.403,0.721,0.912,0.668,0.421,0.873,0.389,0.691,0.264,0.493,0.37,0.949,0.493,0.824,0.766,0.783,0.731,0.686,0.398,0.907,0.935,0.681,0.969,0.907,0.902,0.328,0.485,0.642,0.902,0.402,0.902,0.907,0.499,0.815,0.789,0.852,0.988,0.375,0.996,0.488,0.969,0.854,0.96,0.798,0.954,0.99,0.995,0.986,0.991,0.981,0.988,0.996
0.095,0.095,0.155,0.155,0.26,0.697,0.042,0.033,0.424,0.409,0.033,0.042,0.02,0.26,0.042,0.033,0.02,0.26,0.501,0.02,0.052,0.453,0.052,0.021,0.02,0.042,0.021,0.033,0.038,0.409,0.038,0.453,0.199,0.026,0.024,0.026,0.465,0.024,0.199,0.465,0.571,0.026,0.59,1.0,0.026,0.465,0.457,0.59,0.997,0.59,0.254,0.575,0.678,0.181,0.306,0.181,0.183,0.419,0.419,0.419,0.467,0.306,0.183,0.306,0.678,0.467,0.016,0.998,0.016,0.791,0.791,0.791,0.503,0.463,0.992,0.517,0.715,0.544,0.728,0.715,0.709,0.463,0.837,0.672,0.999,0.837,0.728,0.471,0.673,0.521,0.463,0.994,0.545,0.637,0.803,0.837,0.486,0.803,0.803,0.518,0.82,0.67,0.524,0.82,0.82,0.432,0.483,0.265,0.265,0.183,0.368,0.114,0.221,0.091,0.591,0.529,0.861,0.652,0.21,0.114,0.49,0.203,0.854,0.272,0.665,0.234,0.461,0.968,0.234,0.085,0.282,0.775,0.285,0.3,0.574,0.748,0.854,0.148,0.953,0.748,0.769,0.81,0.646,0.767,0.769,0.604,0.769,0.748,0.637,0.597,0.535,0.52,0.976,0.611,0.994,0.647,0.986,0.503,0.909,0.742,0.932,0.975,0.985,0.975,0.973,0.934,0.868,0.979
0.225,0.225,0.277,0.277,0.478,0.863,0.206,0.141,0.847,0.09,0.141,0.205,0.169,0.478,0.205,0.141,0.169,0.478,0.384,0.169,0.254,0.097,0.254,0.18,0.169,0.206,0.18,0.141,0.149,0.09,0.149,0.097,0.239,0.172,0.21,0.172,0.562,0.21,0.239,0.562,0.727,0.172,0.548,0.494,0.172,0.562,0.353,0.548,0.785,0.548,0.646,0.597,0.202,0.4,0.504,0.4,0.42,0.457,0.457,0.457,0.099,0.504,0.42,0.504,0.202,0.099,0.202,0.707,0.202,0.156,0.156,0.156,0.811,0.507,0.361,0.553,0.161,0.789,0.167,0.161,0.526,0.507,0.314,0.545,0.756,0.314,0.167,0.524,0.512,0.849,0.507,0.352,0.538,0.543,0.136,0.314,0.326,0.136,0.136,0.509,0.125,0.23,0.911,0.125,0.125,0.958,0.657,0.769,0.769,0.83,0.957,0.865,0.465,0.821,0.584,0.931,0.95,0.248,0.473,0.865,0.676,0.478,0.91,0.549,0.641,0.806,0.989,0.319,0.806,0.924,0.53,0.303,0.55,0.888,0.993,0.299,0.501,0.867,0.227,0.299,0.298,0.957,0.734,0.38,0.298,0.865,0.298,0.299,0.764,0.267,0.393,0.292,0.549,0.942,0.184,0.659,0.356,0.3,0.264,0.384,0.262,0.328,0.648,0.236,0.732,0.377,0.38,0.155
0.18,0.18,0.13,0.13,0.956,0.468,0.095,0.247,0.467,0.534,0.247,0.118,0.175,0.956,0.118,0.247,0.175,0.956,0.966,0.175,0.159,0.439,0.159,0.193,0.175,0.095,0.193,0.247,0.207,0.534,0.207,0.439,0.287,0.237,0.118,0.237,0.881,0.118,0.287,0.881,0.422,0.237,0.881,0.521,0.237,0.881,0.937,0.881,0.765,0.881,0.402,0.445,0.869,0.151,0.93,0.151,0.148,0.888,0.888,0.888,0.537,0.93,0.148,0.93,0.869,0.537,0.3,0.778,0.3,0.78,0.78,0.78,0.604,0.726,0.446,0.249,0.758,0.429,0.755,0.758,0.459,0.726,0.941,0.336,0.751,0.941,0.755,0.269,0.422,0.64,0.726,0.454,0.339,0.3,0.859,0.941,0.61,0.859,0.859,0.353,0.835,0.835,0.611,0.835,0.835,0.426,0.295,0.648,0.648,0.614,0.251,0.514,0.146,0.536,0.363,0.804,0.575,0.835,0.137,0.514,0.37,0.133,0.585,0.188,0.469,0.574,0.48,0.47,0.574,0.281,0.184,0.927,0.188,0.213,0.46,0.858,0.568,0.543,0.199,0.858,0.87,0.574,0.582,0.206,0.87,0.543,0.87,0.858,0.586,0.497,0.258,0.462,0.246,0.694,0.355,0.547,0.335,0.491,0.494,0.228,0.479,0.265,0.334,0.423,0.376,0.846,0.65,0.456
0.382,0.382,0.447,0.447,0.444,0.661,0.251,0.173,0.622,0.449,0.173,0.269,0.127,0.444,0.269,0.173,0.127,0.444,0.725,0.127,0.635,0.452,0.635,0.132,0.127,0.251,0.132,0.173,0.137,0.449,0.137,0.452,0.943,0.322,0.415,0.322,0.328,0.415,0.943,0.328,0.611,0.322,0.347,0.664,0.322,0.328,0.722,0.347,0.823,0.347,0.565,0.54,0.185,0.873,0.328,0.873,0.862,0.336,0.336,0.336,0.548,0.328,0.862,0.328,0.185,0.548,0.339,0.842,0.339,0.119,0.119,0.119,0.653,0.465,0.76,0.611,0.165,0.817,0.145,0.165,0.783,0.465,0.237,0.717,0.844,0.237,0.145,0.634,0.8,0.186,0.465,0.759,0.552,0.676,0.13,0.237,0.628,0.13,0.13,0.581,0.13,0.284,0.824,0.13,0.13,0.856,0.65,0.448,0.448,0.384,0.582,0.312,0.526,0.44,0.711,0.205,0.281,0.293,0.441,0.312,0.478,0.446,0.298,0.389,0.813,0.457,0.261,0.912,0.457,0.684,0.297,0.252,0.303,0.623,0.184,0.283,0.842,0.403,0.883,0.283,0.251,0.521,0.092,0.551,0.251,0.116,0.251,0.283,0.086,0.769,0.67,0.751,0.971,0.118,0.964,0.081,0.988,0.753,0.985,0.681,0.986,0.973,0.962,0.962,0.953,0.998,0.997,0.99
0.358,0.358,0.378,0.378,0.734,0.025,0.462,0.387,0.038,0.276,0.387,0.411,0.362,0.734,0.411,0.387,0.362,0.734,0.447,0.362,0.549,0.281,0.549,0.409,0.362,0.462,0.409,0.387,0.442,0.276,0.442,0.281,0.192,0.37,0.519,0.37,0.514,0.519,0.192,0.514,0.083,0.37,0.536,0.087,0.37,0.514,0.419,0.536,0.27,0.536,0.024,0.081,0.861,0.158,0.349,0.158,0.151,0.32,0.32,0.32,0.412,0.349,0.151,0.349,0.861,0.412,0.457,0.149,0.457,0.698,0.698,0.698,0.071,0.753,0.066,0.025,0.528,0.568,0.456,0.528,0.051,0.753,0.944,0.028,0.133,0.944,0.456,0.028,0.05,0.374,0.753,0.07,0.027,0.026,0.407,0.944,0.466,0.407,0.407,0.028,0.39,0.526,0.358,0.39,0.39,0.688,0.024,0.731,0.731,0.746,0.639,0.966,0.013,0.906,0.038,0.351,0.649,0.56,0.016,0.966,0.024,0.015,0.669,0.014,0.043,0.764,0.31,0.969,0.764,0.784,0.014,0.871,0.014,0.629,0.343,0.855,0.954,0.777,0.954,0.855,0.827,0.575,0.445,0.843,0.827,0.465,0.827,0.855,0.439,0.952,0.875,0.962,0.743,0.471,0.7,0.493,0.93,0.979,0.413,0.898,0.37,0.735,0.72,0.666,0.676,0.36,0.333,0.843
0.414,0.414,0.239,0.239,0.272,0.933,0.45,0.374,0.86,0.335,0.374,0.562,0.364,0.272,0.562,0.374,0.364,0.272,0.463,0.364,0.238,0.438,0.238,0.356,0.364,0.45,0.356,0.374,0.372,0.335,0.372,0.438,0.22,0.398,0.492,0.398,0.166,0.492,0.22,0.166,0.056,0.398,0.341,0.056,0.398,0.166,0.448,0.341,0.187,0.341,0.961,0.071,0.576,0.189,0.204,0.189,0.197,0.267,0.267,0.267,0.489,0.204,0.197,0.204,0.576,0.489,0.307,0.141,0.307,0.399,0.399,0.399,0.084,0.238,0.052,0.081,0.671,0.058,0.558,0.671,0.096,0.238,0.548,0.099,0.154,0.548,0.558,0.071,0.097,0.07,0.238,0.083,0.086,0.098,0.265,0.548,0.312,0.265,0.265,0.078,0.181,0.367,0.062,0.181,0.181,0.049,0.078,0.285,0.285,0.307,0.38,0.653,0.042,0.668,0.092,0.061,0.034,0.576,0.045,0.653,0.073,0.043,0.033,0.044,0.089,0.343,0.062,0.404,0.343,0.777,0.041,0.689,0.042,0.375,0.06,0.696,0.368,0.36,0.282,0.696,0.684,0.015,0.994,0.178,0.684,0.059,0.684,0.696,0.995,0.315,0.229,0.252,0.643,0.058,0.698,0.995,0.18,0.243,0.285,0.243,0.241,0.718,0.613,0.677,0.592,0.247,0.264,0.604
0.353,0.353,0.31,0.31,0.451,0.822,0.289,0.427,0.855,0.209,0.427,0.311,0.488,0.451,0.311,0.427,0.488,0.451,0.765,0.488,0.381,0.256,0.381,0.428,0.488,0.289,0.428,0.427,0.355,0.209,0.355,0.256,0.106,0.534,0.311,0.534,0.441,0.311,0.106,0.441,0.247,0.534,0.423,0.604,0.534,0.441,0.791,0.423,0.195,0.423,0.846,0.298,0.42,0.096,0.41,0.096,0.09,0.375,0.375,0.375,0.228,0.41,0.09,0.41,0.42,0.228,0.487,0.275,0.487,0.386,0.386,0.386,0.28,0.495,0.623,0.137,0.436,0.067,0.443,0.436,0.148,0.495,0.429,0.203,0.26,0.429,0.443,0.149,0.199,0.056,0.495,0.594,0.154,0.179,0.354,0.429,0.731,0.354,0.354,0.167,0.353,0.341,0.041,0.353,0.353,0.043,0.205,0.768,0.768,0.738,0.601,0.739,0.822,0.805,0.248,0.037,0.003,0.339,0.829,0.739,0.202,0.816,0.008,0.624,0.298,0.834,0.071,0.65,0.834,0.922,0.612,0.427,0.631,0.781,0.021,0.351,0.7,0.795,0.314,0.351,0.355,0.01,0.594,0.289,0.355,0.012,0.355,0.351,0.622,0.296,0.306,0.304,0.448,0.002,0.539,0.666,0.733,0.29,0.576,0.306,0.521,0.467,0.527,0.44,0.444,0.906,0.863,0.512
0.425,0.425,0.372,0.372,0.741,0.738,0.245,0.329,0.719,0.432,0.329,0.397,0.181,0.741,0.397,0.329,0.181,0.741,0.503,0.181,0.455,0.461,0.455,0.151,0.181,0.245,0.151,0.329,0.224,0.432,0.224,0.461,0.639,0.336,0.374,0.336,0.72,0.374,0.639,0.72,0.987,0.336,0.648,0.736,0.336,0.72,0.429,0.648,0.899,0.648,0.613,0.987,0.481,0.638,0.672,0.638,0.648,0.551,0.551,0.551,0.474,0.672,0.648,0.672,0.481,0.474,0.272,0.949,0.272,0.56,0.56,0.56,0.98,0.842,0.764,0.829,0.513,0.771,0.553,0.513,0.97,0.842,0.757,0.901,0.95,0.757,0.553,0.822,0.96,0.842,0.842,0.746,0.783,0.915,0.476,0.757,0.291,0.476,0.476,0.767,0.491,0.819,0.767,0.491,0.491,0.652,0.782,0.203,0.203,0.22,0.327,0.393,0.713,0.411,0.875,0.842,0.897,0.814,0.725,0.393,0.719,0.716,0.914,0.692,0.973,0.267,0.789,0.383,0.267,0.525,0.683,0.811,0.681,0.352,0.86,0.798,0.511,0.289,0.427,0.798,0.851,0.871,0.287,0.467,0.851,0.854,0.851,0.798,0.32,0.797,0.372,0.809,0.703,0.853,0.471,0.352,0.389,0.808,0.272,0.393,0.245,0.706,0.446,0.596,0.593,0.433,0.504,0.631
0.211,0.211,0.223,0.223,0.54,0.56,0.227,0.17,0.505,0.085,0.17,0.247,0.17,0.54,0.247,0.17,0.17,0.54,0.302,0.17,0.218,0.106,0.218,0.135,0.17,0.227,0.135,0.17,0.163,0.085,0.163,0.106,0.027,0.173,0.228,0.173,0.75,0.228,0.027,0.75,0.671,0.173,0.853,0.227,0.173,0.75,0.43,0.853,0.231,0.853,0.528,0.646,0.591,0.028,0.781,0.028,0.028,0.801,0.801,0.801,0.085,0.781,0.028,0.781,0.591,0.085,0.17,0.304,0.17,0.416,0.416,0.416,0.725,0.494,0.263,0.992,0.569,0.547,0.493,0.569,0.776,0.494,0.454,0.877,0.309,0.454,0.493,0.992,0.785,0.413,0.494,0.255,0.984,0.857,0.162,0.454,0.363,0.162,0.162,0.992,0.168,0.431,0.609,0.168,0.168,0.492,0.985,0.527,0.527,0.569,0.809,0.626,0.729,0.643,0.902,0.487,0.559,0.53,0.77,0.626,0.978,0.774,0.567,0.864,0.855,0.544,0.449,0.3,0.544,0.572,0.894,0.559,0.911,0.815,0.503,0.49,0.253,0.552,0.277,0.49,0.443,0.629,0.955,0.221,0.443,0.451,0.443,0.49,0.946,0.234,0.189,0.275,0.345,0.51,0.475,0.953,0.454,0.347,0.588,0.216,0.58,0.391,0.394,0.438,0.385,0.754,0.738,0.6
0.554,0.554,0.53,0.53,0.415,0.603,0.491,0.367,0.621,0.293,0.367,0.542,0.37,0.415,0.542,0.367,0.37,0.415,0.551,0.37,0.526,0.265,0.526,0.372,0.37,0.491,0.372,0.367,0.313,0.293,0.313,0.265,0.366,0.46,0.543,0.46,0.402,0.543,0.366,0.402,0.726,0.46,0.414,0.344,0.46,0.402,0.591,0.414,0.669,0.414,0.636,0.532,0.358,0.393,0.384,0.393,0.375,0.364,0.364,0.364,0.242,0.384,0.375,0.384,0.358,0.242,0.399,0.668,0.399,0.319,0.319,0.319,0.837,0.343,0.228,0.878,0.274,0.445,0.256,0.274,0.931,0.343,0.245,0.906,0.595,0.245,0.256,0.821,0.89,0.588,0.343,0.353,0.87,0.94,0.161,0.245,0.299,0.161,0.161,0.827,0.14,0.166,0.489,0.14,0.14,0.504,0.894,0.303,0.303,0.118,0.537,0.352,0.921,0.23,0.937,0.491,0.509,0.19,0.908,0.352,0.885,0.903,0.529,0.838,0.942,0.333,0.516,0.471,0.333,0.48,0.873,0.311,0.893,0.546,0.516,0.263,0.542,0.116,0.674,0.263,0.289,0.319,0.949,0.421,0.289,0.337,0.289,0.263,0.945,0.323,0.363,0.303,0.572,0.604,0.564,0.968,0.487,0.302,0.515,0.365,0.507,0.488,0.433,0.53,0.498,0.163,0.161,0.294
0.894,0.894,0.792,0.792,0.874,0.015,0.559,0.531,0.015,0.823,0.531,0.612,0.51,0.874,0.612,0.531,0.51,0.874,0.986,0.51,0.824,0.825,0.824,0.501,0.51,0.559,0.501,0.531,0.579,0.823,0.579,0.825,0.861,0.676,0.695,0.676,0.918,0.695,0.861,0.918,0.016,0.676,0.931,0.051,0.676,0.918,0.986,0.931,0.225,0.931,0.015,0.023,0.603,0.771,0.952,0.771,0.749,0.958,0.958,0.958,0.943,0.952,0.749,0.952,0.603,0.943,0.716,0.272,0.716,0.655,0.655,0.655,0.025,0.816,0.073,0.012,0.845,0.319,0.879,0.845,0.016,0.816,0.868,0.014,0.271,0.868,0.879,0.015,0.019,0.095,0.816,0.06,0.013,0.015,0.644,0.868,0.946,0.644,0.644,0.017,0.633,0.856,0.288,0.633,0.633,0.204,0.012,0.887,0.887,0.802,0.74,0.563,0.014,0.496,0.013,0.088,0.271,0.834,0.014,0.563,0.012,0.014,0.282,0.016,0.017,0.784,0.056,0.878,0.784,0.642,0.021,0.661,0.021,0.692,0.07,0.944,0.837,0.696,0.967,0.944,0.956,0.214,0.363,0.972,0.956,0.114,0.956,0.944,0.36,0.954,0.96,0.936,0.595,0.109,0.334,0.395,0.528,0.936,0.421,0.947,0.433,0.474,0.431,0.284,0.388,0.394,0.377,0.729
0.123,0.123,0.096,0.096,0.983,0.876,0.275,0.131,0.866,0.215,0.131,0.225,0.153,0.983,0.225,0.131,0.153,0.983,0.88,0.153,0.082,0.267,0.082,0.105,0.153,0.275,0.105,0.131,0.131,0.215,0.131,0.267,0.031,0.098,0.149,0.098,0.984,0.149,0.031,0.984,0.747,0.098,0.964,0.743,0.098,0.984,0.851,0.964,0.732,0.964,0.953,0.735,0.855,0.043,0.973,0.043,0.044,0.972,0.972,0.972,0.117,0.973,0.044,0.973,0.855,0.117,0.088,0.769,0.088,0.784,0.784,0.784,0.667,0.992,0.745,0.758,0.897,0.869,0.897,0.897,0.848,0.992,0.907,0.833,0.746,0.907,0.897,0.76,0.837,0.838,0.992,0.756,0.738,0.804,0.773,0.907,0.991,0.773,0.773,0.756,0.794,0.956,0.857,0.794,0.794,0.907,0.633,0.772,0.772,0.713,0.864,0.924,0.49,0.931,0.701,0.829,0.145,0.937,0.536,0.924,0.644,0.563,0.125,0.544,0.66,0.774,0.851,0.686,0.774,0.991,0.636,0.9,0.662,0.793,0.472,0.967,0.638,0.732,0.806,0.967,0.962,0.139,0.547,0.669,0.962,0.51,0.962,0.967,0.574,0.854,0.631,0.87,0.834,0.512,0.817,0.595,0.923,0.852,0.91,0.651,0.897,0.847,0.784,0.829,0.796,0.926,0.938,0.899
0.901,0.901,0.73,0.73,0.577,0.811,0.78,0.654,0.871,0.379,0.654,0.787,0.601,0.577,0.787,0.654,0.601,0.577,0.475,0.601,0.802,0.415,0.802,0.478,0.601,0.78,0.478,0.654,0.693,0.379,0.693,0.415,0.11,0.718,0.84,0.718,0.55,0.84,0.11,0.55,0.064,0.718,0.577,0.341,0.718,0.55,0.47,0.577,0.292,0.577,0.826,0.073,0.931,0.111,0.525,0.111,0.126,0.46,0.46,0.46,0.306,0.525,0.126,0.525,0.931,0.306,0.617,0.327,0.617,0.972,0.972,0.972,0.068,0.725,0.306,0.117,0.65,0.555,0.607,0.65,0.07,0.725,0.814,0.096,0.323,0.814,0.607,0.107,0.076,0.637,0.725,0.295,0.115,0.092,0.905,0.814,0.546,0.905,0.905,0.115,0.879,0.535,0.56,0.879,0.879,0.525,0.079,0.491,0.491,0.489,0.573,0.694,0.193,0.7,0.071,0.621,0.795,0.55,0.292,0.694,0.081,0.278,0.903,0.35,0.078,0.505,0.653,0.094,0.505,0.798,0.326,0.877,0.321,0.701,0.704,0.622,0.103,0.488,0.096,0.622,0.624,0.76,0.986,0.264,0.624,0.556,0.624,0.622,0.983,0.414,0.245,0.396,0.235,0.552,0.346,0.989,0.286,0.449,0.332,0.237,0.374,0.24,0.331,0.29,0.278,0.397,0.382,0.287
0.623,0.623,0.61,0.61,0.053,0.856,0.425,0.379,0.867,0.302,0.379,0.435,0.313,0.053,0.435,0.379,0.313,0.053,0.129,0.313,0.503,0.348,0.503,0.41,0.313,0.425,0.41,0.379,0.485,0.302,0.485,0.348,0.156,0.233,0.433,0.233,0.079,0.433,0.156,0.079,0.486,0.233,0.068,0.685,0.233,0.079,0.127,0.068,0.185,0.068,0.831,0.426,0.027,0.239,0.051,0.239,0.25,0.059,0.059,0.059,0.239,0.051,0.25,0.051,0.027,0.239,0.36,0.207,0.36,0.01,0.01,0.01,0.695,0.108,0.65,0.919,0.014,0.2,0.018,0.014,0.269,0.108,0.03,0.326,0.23,0.03,0.018,0.878,0.26,0.152,0.108,0.648,0.909,0.327,0.009,0.03,0.086,0.009,0.009,0.932,0.023,0.024,0.234,0.023,0.023,0.226,0.919,0.151,0.151,0.172,0.622,0.256,0.962,0.286,0.313,0.147,0.194,0.018,0.964,0.256,0.913,0.963,0.207,0.878,0.32,0.181,0.098,0.176,0.181,0.698,0.844,0.035,0.866,0.631,0.113,0.021,0.166,0.202,0.413,0.021,0.03,0.141,0.271,0.158,0.03,0.19,0.03,0.021,0.285,0.091,0.156,0.087,0.43,0.193,0.284,0.287,0.375,0.085,0.28,0.153,0.277,0.431,0.241,0.274,0.238,0.354,0.301,0.599
0.368,0.368,0.348,0.348,0.809,0.442,0.297,0.212,0.452,0.18,0.212,0.297,0.204,0.809,0.297,0.212,0.204,0.809,0.738,0.204,0.453,0.23,0.453,0.206,0.204,0.297,0.206,0.212,0.233,0.18,0.233,0.23,0.62,0.295,0.366,0.295,0.865,0.366,0.62,0.865,0.319,0.295,0.78,0.02,0.295,0.865,0.712,0.78,0.076,0.78,0.423,0.379,0.607,0.591,0.774,0.591,0.589,0.755,0.755,0.755,0.2,0.774,0.589,0.774,0.607,0.2,0.294,0.052,0.294,0.439,0.439,0.439,0.505,0.789,0.007,0.208,0.602,0.137,0.603,0.602,0.325,0.789,0.671,0.284,0.038,0.671,0.603,0.222,0.322,0.217,0.789,0.007,0.2,0.283,0.471,0.671,0.135,0.471,0.471,0.205,0.502,0.669,0.057,0.502,0.502,0.112,0.238,0.238,0.238,0.515,0.492,0.282,0.507,0.356,0.305,0.134,0.243,0.668,0.517,0.282,0.237,0.511,0.18,0.601,0.354,0.277,0.16,0.865,0.277,0.212,0.597,0.633,0.595,0.636,0.075,0.758,0.787,0.636,0.625,0.758,0.778,0.161,0.695,0.493,0.778,0.165,0.778,0.758,0.631,0.431,0.577,0.504,0.875,0.116,0.922,0.692,0.712,0.475,0.625,0.514,0.614,0.849,0.958,0.878,0.946,0.772,0.762,0.696
0.925,0.925,0.988,0.988,0.882,0.33,0.948,0.793,0.351,0.725,0.793,0.865,0.859,0.882,0.865,0.793,0.859,0.882,0.806,0.859,0.914,0.641,0.914,0.865,0.859,0.948,0.865,0.793,0.8,0.725,0.8,0.641,0.701,0.746,0.804,0.746,0.783,0.804,0.701,0.783,0.682,0.746,0.9,0.452,0.746,0.783,0.896,0.9,0.132,0.9,0.375,0.675,0.766,0.815,0.872,0.815,0.803,0.899,0.899,0.899,0.597,0.872,0.803,0.872,0.766,0.597,0.75,0.16,0.75,0.982,0.982,0.982,0.397,0.834,0.578,0.668,0.829,0.105,0.811,0.829,0.616,0.834,0.892,0.767,0.174,0.892,0.811,0.758,0.626,0.113,0.834,0.508,0.729,0.778,0.988,0.892,0.981,0.988,0.988,0.794,0.988,0.987,0.095,0.988,0.988,0.136,0.656,0.305,0.305,0.52,0.274,0.155,0.213,0.152,0.664,0.098,0.189,0.988,0.318,0.155,0.681,0.412,0.219,0.358,0.607,0.105,0.152,0.43,0.105,0.143,0.426,0.995,0.463,0.166,0.223,0.946,0.454,0.201,0.408,0.946,0.943,0.298,0.421,0.172,0.943,0.18,0.943,0.946,0.412,0.184,0.182,0.195,0.239,0.166,0.282,0.388,0.306,0.2,0.394,0.181,0.382,0.244,0.27,0.287,0.296,0.3,0.29,0.414
0.634,0.634,0.46,0.46,0.128,0.288,0.532,0.506,0.264,0.492,0.506,0.614,0.481,0.128,0.614,0.506,0.481,0.128,0.209,0.481,0.708,0.559,0.708,0.499,0.481,0.532,0.499,0.506,0.509,0.492,0.509,0.559,0.313,0.485,0.624,0.485,0.396,0.624,0.313,0.396,0.179,0.485,0.248,0.358,0.485,0.396,0.251,0.248,0.229,0.248,0.354,0.158,0.197,0.25,0.407,0.25,0.245,0.244,0.244,0.244,0.66,0.407,0.245,0.407,0.197,0.66,0.525,0.199,0.525,0.108,0.108,0.108,0.148,0.233,0.356,0.074,0.093,0.162,0.102,0.093,0.133,0.233,0.213,0.089,0.206,0.213,0.102,0.07,0.115,0.226,0.233,0.287,0.059,0.103,0.129,0.213,0.079,0.129,0.129,0.056,0.131,0.197,0.157,0.131,0.131,0.205,0.059,0.223,0.223,0.211,0.073,0.144,0.023,0.123,0.088,0.314,0.246,0.161,0.018,0.144,0.063,0.018,0.266,0.027,0.108,0.209,0.204,0.395,0.209,0.088,0.017,0.227,0.017,0.09,0.197,0.282,0.365,0.19,0.39,0.282,0.299,0.27,0.542,0.235,0.299,0.297,0.299,0.282,0.526,0.178,0.404,0.198,0.657,0.318,0.511,0.631,0.793,0.192,0.7,0.411,0.696,0.635,0.576,0.512,0.557,0.892,0.916,0.914
0.722,0.722,0.663,0.663,0.551,0.812,0.691,0.566,0.811,0.564,0.566,0.683,0.638,0.551,0.683,0.566,0.638,0.551,0.74,0.638,0.599,0.502,0.599,0.655,0.638,0.691,0.655,0.566,0.651,0.564,0.651,0.502,0.311,0.439,0.507,0.439,0.495,0.507,0.311,0.495,0.455,0.439,0.515,0.412,0.439,0.495,0.89,0.515,0.656,0.515,0.794,0.452,0.532,0.207,0.397,0.207,0.204,0.404,0.404,0.404,0.388,0.397,0.204,0.397,0.532,0.388,0.54,0.78,0.54,0.758,0.758,0.758,0.346,0.621,0.409,0.222,0.529,0.253,0.505,0.529,0.308,0.621,0.569,0.301,0.731,0.569,0.505,0.232,0.269,0.353,0.621,0.306,0.235,0.29,0.811,0.569,0.633,0.811,0.811,0.255,0.831,0.355,0.359,0.831,0.831,0.26,0.15,0.875,0.875,0.879,0.902,0.664,0.18,0.679,0.241,0.437,0.489,0.348,0.211,0.664,0.158,0.215,0.459,0.212,0.359,0.821,0.239,0.563,0.821,0.733,0.288,0.484,0.298,0.744,0.265,0.392,0.543,0.805,0.594,0.392,0.434,0.318,0.325,0.715,0.434,0.376,0.434,0.392,0.329,0.584,0.64,0.655,0.542,0.472,0.546,0.466,0.681,0.741,0.719,0.626,0.714,0.627,0.522,0.554,0.527,0.785,0.779,0.748
0.429,0.429,0.694,0.694,0.143,0.438,0.336,0.231,0.468,0.524,0.231,0.292,0.133,0.143,0.292,0.231,0.133,0.143,0.386,0.133,0.439,0.397,0.439,0.137,0.133,0.336,0.137,0.231,0.214,0.524,0.214,0.397,0.888,0.358,0.348,0.358,0.327,0.348,0.888,0.327,0.441,0.358,0.364,0.43,0.358,0.327,0.281,0.364,0.037,0.364,0.495,0.441,0.147,0.925,0.174,0.925,0.927,0.162,0.162,0.162,0.405,0.174,0.927,0.174,0.147,0.405,0.289,0.083,0.289,0.157,0.157,0.157,0.287,0.115,0.45,0.142,0.407,0.083,0.328,0.407,0.243,0.115,0.191,0.184,0.076,0.191,0.328,0.136,0.221,0.024,0.115,0.456,0.133,0.184,0.239,0.191,0.553,0.239,0.239,0.13,0.375,0.38,0.065,0.375,0.375,0.114,0.172,0.597,0.597,0.6,0.878,0.666,0.955,0.587,0.214,0.019,0.103,0.454,0.972,0.666,0.147,0.957,0.112,0.795,0.229,0.465,0.034,0.252,0.465,0.605,0.699,0.149,0.706,0.77,0.02,0.564,0.184,0.608,0.272,0.564,0.361,0.144,0.541,0.3,0.361,0.009,0.361,0.564,0.533,0.204,0.265,0.206,0.579,0.014,0.452,0.518,0.377,0.206,0.581,0.276,0.558,0.583,0.426,0.494,0.455,0.364,0.341,0.805
0.08,0.08,0.084,0.084,0.739,0.742,0.115,0.081,0.74,0.267,0.081,0.107,0.1,0.739,0.107,0.081,0.1,0.739,0.154,0.1,0.157,0.255,0.157,0.091,0.1,0.115,0.091,0.081,0.092,0.267,0.092,0.255,0.322,0.088,0.156,0.088,0.38,0.156,0.322,0.38,0.729,0.088,0.379,0.189,0.088,0.38,0.183,0.379,0.437,0.379,0.745,0.823,0.519,0.548,0.761,0.548,0.566,0.814,0.814,0.814,0.247,0.761,0.566,0.761,0.519,0.247,0.094,0.52,0.094,0.308,0.308,0.308,0.722,0.334,0.206,0.503,0.411,0.681,0.36,0.411,0.568,0.334,0.576,0.543,0.534,0.576,0.36,0.437,0.645,0.598,0.334,0.21,0.501,0.625,0.264,0.576,0.603,0.264,0.264,0.429,0.207,0.335,0.728,0.207,0.207,0.61,0.568,0.705,0.705,0.671,0.817,0.684,0.74,0.651,0.648,0.73,0.736,0.417,0.739,0.684,0.589,0.74,0.76,0.68,0.672,0.714,0.679,0.402,0.714,0.868,0.777,0.61,0.756,0.825,0.716,0.487,0.338,0.673,0.465,0.487,0.424,0.766,0.304,0.271,0.424,0.696,0.424,0.487,0.301,0.691,0.214,0.552,0.509,0.782,0.596,0.291,0.896,0.562,0.812,0.182,0.815,0.536,0.587,0.537,0.503,0.849,0.85,0.7
0.743,0.743,0.751,0.751,0.479,0.543,0.599,0.601,0.578,0.494,0.601,0.743,0.494,0.479,0.743,0.601,0.494,0.479,0.815,0.494,0.876,0.519,0.876,0.626,0.494,0.599,0.626,0.601,0.612,0.494,0.612,0.519,0.771,0.449,0.563,0.449,0.599,0.563,0.771,0.599,0.152,0.449,0.459,0.673,0.449,0.599,0.806,0.459,0.349,0.459,0.681,0.145,0.566,0.711,0.527,0.711,0.705,0.583,0.583,0.583,0.521,0.527,0.705,0.527,0.566,0.521,0.538,0.39,0.538,0.792,0.792,0.792,0.089,0.69,0.808,0.121,0.492,0.19,0.482,0.492,0.127,0.69,0.359,0.177,0.443,0.359,0.482,0.122,0.157,0.256,0.69,0.697,0.129,0.172,0.538,0.359,0.697,0.538,0.538,0.127,0.56,0.353,0.183,0.56,0.56,0.138,0.143,0.698,0.698,0.8,0.46,0.826,0.17,0.846,0.175,0.255,0.086,0.335,0.138,0.826,0.142,0.141,0.088,0.146,0.112,0.822,0.177,0.392,0.822,0.479,0.143,0.456,0.136,0.557,0.156,0.407,0.344,0.889,0.369,0.407,0.383,0.076,0.952,0.104,0.383,0.237,0.383,0.407,0.956,0.051,0.132,0.052,0.424,0.236,0.477,0.919,0.123,0.055,0.153,0.085,0.14,0.423,0.467,0.439,0.417,0.322,0.371,0.169
0.872,0.872,0.835,0.835,0.101,0.871,1.0,1.0,0.922,0.992,1.0,1.0,1.0,0.101,1.0,1.0,1.0,0.101,0.68,1.0,0.711,0.984,0.711,0.999,1.0,1.0,0.999,1.0,0.998,0.992,0.998,0.984,0.892,1.0,1.0,1.0,0.446,1.0,0.892,0.446,0.745,1.0,0.481,0.312,1.0,0.446,0.697,0.481,0.788,0.481,0.653,0.825,0.082,0.832,0.75,0.832,0.821,0.738,0.738,0.738,0.969,0.75,0.821,0.75,0.082,0.969,0.997,0.792,0.997,0.085,0.085,0.085,0.847,0.059,0.514,0.489,0.621,0.961,0.704,0.621,0.686,0.059,0.068,0.572,0.783,0.068,0.704,0.459,0.699,0.986,0.059,0.501,0.485,0.629,0.511,0.068,0.33,0.511,0.511,0.458,0.621,0.574,0.961,0.621,0.621,0.864,0.446,0.575,0.575,0.636,0.939,0.422,0.243,0.551,0.522,0.984,0.951,0.493,0.244,0.422,0.434,0.228,0.949,0.273,0.53,0.664,0.956,0.61,0.664,0.736,0.272,0.099,0.283,0.972,0.99,0.669,0.586,0.656,0.618,0.669,0.657,0.946,0.957,0.564,0.657,0.997,0.657,0.669,0.949,0.937,0.58,0.954,0.583,0.997,0.42,0.915,0.8,0.952,0.837,0.572,0.83,0.433,0.562,0.427,0.533,0.717,0.618,0.746
0.607,0.607,0.63,0.63,0.389,0.952,0.36,0.265,0.95,0.272,0.265,0.342,0.267,0.389,0.342,0.265,0.267,0.389,0.045,0.267,0.617,0.316,0.617,0.226,0.267,0.36,0.226,0.265,0.221,0.272,0.221,0.316,0.17,0.24,0.34,0.24,0.097,0.34,0.17,0.097,0.969,0.24,0.155,0.501,0.24,0.097,0.048,0.155,0.735,0.155,0.917,0.965,0.549,0.161,0.143,0.161,0.158,0.268,0.268,0.268,0.297,0.143,0.158,0.143,0.549,0.297,0.2,0.655,0.2,0.598,0.598,0.598,0.857,0.281,0.438,0.803,0.542,0.309,0.464,0.542,0.803,0.281,0.224,0.832,0.606,0.224,0.464,0.797,0.797,0.576,0.281,0.444,0.813,0.829,0.497,0.224,0.077,0.497,0.497,0.804,0.607,0.319,0.361,0.607,0.607,0.569,0.845,0.164,0.164,0.195,0.366,0.21,0.929,0.211,0.861,0.433,0.842,0.387,0.926,0.21,0.837,0.921,0.88,0.949,0.808,0.192,0.728,0.888,0.192,0.357,0.924,0.322,0.927,0.377,0.429,0.134,0.86,0.213,0.9,0.134,0.122,0.798,0.931,0.682,0.122,0.331,0.122,0.134,0.933,0.687,0.726,0.695,0.51,0.28,0.51,0.834,0.628,0.684,0.466,0.724,0.425,0.477,0.532,0.5,0.5,0.524,0.489,0.558
0.263,0.263,0.243,0.243,0.157,0.676,0.172,0.166,0.732,0.299,0.166,0.174,0.166,0.157,0.174,0.166,0.166,0.157,0.591,0.166,0.392,0.248,0.392,0.232,0.166,0.172,0.232,0.166,0.234,0.299,0.234,0.248,0.563,0.225,0.282,0.225,0.234,0.282,0.563,0.234,0.675,0.225,0.213,0.21,0.225,0.234,0.595,0.213,0.415,0.213,0.839,0.67,0.282,0.745,0.223,0.745,0.756,0.225,0.225,0.225,0.26,0.223,0.756,0.223,0.282,0.26,0.239,0.428,0.239,0.398,0.398,0.398,0.829,0.112,0.236,0.7,0.392,0.502,0.32,0.392,0.771,0.112,0.12,0.765,0.422,0.12,0.32,0.703,0.812,0.563,0.112,0.236,0.701,0.766,0.469,0.12,0.488,0.469,0.469,0.703,0.388,0.199,0.441,0.388,0.388,0.399,0.869,0.177,0.177,0.207,0.337,0.2,0.622,0.206,0.9,0.46,0.741,0.2,0.612,0.2,0.828,0.628,0.563,0.736,0.886,0.272,0.406,0.476,0.272,0.269,0.687,0.164,0.692,0.299,0.467,0.156,0.432,0.264,0.321,0.156,0.163,0.808,0.401,0.142,0.163,0.553,0.163,0.156,0.41,0.299,0.21,0.264,0.451,0.469,0.72,0.391,0.83,0.251,0.874,0.224,0.88,0.648,0.761,0.682,0.698,0.911,0.867,0.795
0.493,0.493,0.513,0.513,0.935,0.73,0.387,0.92,0.728,0.795,0.92,0.431,0.939,0.935,0.431,0.92,0.939,0.935,0.543,0.939,0.62,0.761,0.62,0.933,0.939,0.387,0.933,0.92,0.921,0.795,0.921,0.761,0.519,0.961,0.43,0.961,0.858,0.43,0.519,0.858,0.355,0.961,0.891,0.272,0.961,0.858,0.537,0.891,0.39,0.891,0.781,0.301,0.902,0.405,0.723,0.405,0.393,0.75,0.75,0.75,0.732,0.723,0.393,0.723,0.902,0.732,0.951,0.409,0.951,0.737,0.737,0.737,0.382,0.98,0.368,0.437,0.625,0.381,0.611,0.625,0.429,0.98,0.842,0.318,0.435,0.842,0.611,0.454,0.379,0.097,0.98,0.362,0.467,0.331,0.528,0.842,0.875,0.528,0.528,0.478,0.472,0.69,0.376,0.472,0.472,0.23,0.495,0.722,0.722,0.735,0.398,0.938,0.367,0.936,0.346,0.099,0.051,0.717,0.362,0.938,0.51,0.338,0.052,0.348,0.41,0.672,0.054,0.05,0.672,0.701,0.313,0.938,0.322,0.517,0.056,0.625,0.042,0.697,0.097,0.625,0.556,0.016,0.073,0.045,0.556,0.078,0.556,0.625,0.071,0.151,0.035,0.214,0.099,0.08,0.051,0.094,0.264,0.129,0.1,0.037,0.114,0.099,0.053,0.049,0.046,0.193,0.123,0.259
0.482,0.482,0.554,0.554,0.332,0.048,0.578,0.372,0.054,0.712,0.372,0.601,0.587,0.332,0.601,0.372,0.587,0.332,0.458,0.587,0.307,0.558,0.307,0.627,0.587,0.578,0.627,0.372,0.6,0.712,0.6,0.558,0.811,0.286,0.224,0.286,0.444,0.224,0.811,0.444,0.579,0.286,0.679,0.205,0.286,0.444,0.322,0.679,0.488,0.679,0.092,0.583,0.763,0.538,0.468,0.538,0.523,0.622,0.622,0.622,0.513,0.468,0.523,0.468,0.763,0.513,0.421,0.334,0.421,0.575,0.575,0.575,0.314,0.685,0.134,0.81,0.692,0.608,0.693,0.692,0.217,0.685,0.786,0.727,0.327,0.786,0.693,0.803,0.212,0.515,0.685,0.145,0.789,0.736,0.647,0.786,0.543,0.647,0.647,0.779,0.654,0.738,0.594,0.654,0.654,0.757,0.802,0.656,0.656,0.553,0.33,0.343,0.613,0.29,0.743,0.516,0.763,0.669,0.611,0.343,0.782,0.61,0.703,0.512,0.234,0.73,0.655,0.841,0.73,0.472,0.532,0.65,0.528,0.372,0.509,0.846,0.866,0.616,0.797,0.846,0.82,0.709,0.614,0.775,0.82,0.464,0.82,0.846,0.618,0.621,0.719,0.637,0.021,0.39,0.016,0.525,0.015,0.664,0.013,0.735,0.015,0.022,0.019,0.02,0.017,0.003,0.003,0.005
0.296,0.296,0.248,0.248,0.617,0.763,0.182,0.25,0.739,0.256,0.25,0.242,0.209,0.617,0.242,0.25,0.209,0.617,0.133,0.209,0.305,0.219,0.305,0.209,0.209,0.182,0.209,0.25,0.225,0.256,0.225,0.219,0.395,0.202,0.189,0.202,0.271,0.189,0.395,0.271,0.191,0.202,0.269,0.228,0.202,0.271,0.16,0.269,0.062,0.269,0.764,0.164,0.722,0.475,0.27,0.475,0.488,0.246,0.246,0.246,0.31,0.27,0.488,0.27,0.722,0.31,0.214,0.064,0.214,0.612,0.612,0.612,0.185,0.642,0.177,0.231,0.737,0.102,0.764,0.737,0.399,0.642,0.669,0.349,0.06,0.669,0.764,0.248,0.394,0.126,0.642,0.179,0.221,0.335,0.618,0.669,0.268,0.618,0.618,0.234,0.552,0.72,0.101,0.552,0.552,0.054,0.346,0.161,0.161,0.176,0.227,0.236,0.885,0.225,0.368,0.138,0.182,0.778,0.879,0.236,0.326,0.882,0.179,0.815,0.427,0.172,0.079,0.223,0.172,0.285,0.771,0.847,0.783,0.23,0.031,0.764,0.225,0.176,0.177,0.764,0.725,0.132,0.203,0.237,0.725,0.064,0.725,0.764,0.18,0.265,0.323,0.29,0.264,0.061,0.428,0.195,0.181,0.315,0.247,0.318,0.252,0.251,0.4,0.492,0.475,0.525,0.526,0.37
0.261,0.261,0.3,0.3,0.909,0.804,0.934,0.904,0.812,0.696,0.904,0.923,0.881,0.909,0.923,0.904,0.881,0.909,0.759,0.881,0.22,0.706,0.22,0.849,0.881,0.934,0.849,0.904,0.864,0.696,0.864,0.706,0.304,0.925,0.941,0.925,0.473,0.941,0.304,0.473,0.846,0.925,0.523,0.451,0.925,0.473,0.721,0.523,0.599,0.523,0.673,0.883,0.471,0.32,0.462,0.32,0.303,0.591,0.591,0.591,0.798,0.462,0.303,0.462,0.471,0.798,0.907,0.646,0.907,0.534,0.534,0.534,0.956,0.868,0.385,0.473,0.311,0.922,0.147,0.311,0.535,0.868,0.588,0.448,0.71,0.588,0.147,0.457,0.544,0.85,0.868,0.424,0.444,0.475,0.291,0.588,0.682,0.291,0.291,0.433,0.291,0.214,0.924,0.291,0.291,0.842,0.598,0.331,0.331,0.511,0.596,0.98,0.589,0.978,0.597,0.864,0.417,0.253,0.557,0.98,0.546,0.553,0.43,0.767,0.683,0.351,0.566,0.993,0.351,0.602,0.672,0.476,0.683,0.619,0.799,0.42,0.99,0.487,0.995,0.42,0.265,0.297,0.647,0.953,0.265,0.912,0.265,0.42,0.6,0.884,0.961,0.883,0.998,0.943,1.0,0.583,0.987,0.887,0.934,0.962,0.94,1.0,1.0,1.0,1.0,0.993,0.996,0.985
0.076,0.076,0.208,0.208,0.083,0.274,0.176,0.052,0.271,0.055,0.052,0.142,0.145,0.083,0.142,0.052,0.145,0.083,0.22,0.145,0.066,0.03,0.066,0.142,0.145,0.176,0.142,0.052,0.05,0.055,0.05,0.03,0.994,0.078,0.1,0.078,0.123,0.1,0.994,0.123,0.669,0.078,0.14,0.267,0.078,0.123,0.248,0.14,0.296,0.14,0.262,0.799,0.056,0.994,0.079,0.994,0.991,0.094,0.094,0.094,0.037,0.079,0.991,0.079,0.056,0.037,0.064,0.256,0.064,0.095,0.095,0.095,0.345,0.099,0.186,0.948,0.101,0.473,0.11,0.101,0.658,0.099,0.067,0.681,0.291,0.067,0.11,0.945,0.68,0.489,0.099,0.242,0.959,0.684,0.11,0.067,0.293,0.11,0.11,0.957,0.166,0.149,0.548,0.166,0.166,0.582,0.964,0.246,0.246,0.234,0.429,0.26,0.897,0.261,0.601,0.483,0.474,0.13,0.863,0.26,0.97,0.852,0.503,0.911,0.51,0.269,0.606,0.002,0.269,0.451,0.912,0.087,0.912,0.393,0.646,0.117,0.002,0.27,0.001,0.117,0.142,0.656,0.403,0.001,0.142,0.463,0.142,0.117,0.404,0.001,0.002,0.001,0.001,0.362,0.012,0.369,0.009,0.001,0.03,0.002,0.036,0.001,0.016,0.008,0.008,0.061,0.053,0.015
0.855,0.855,0.741,0.741,0.846,0.878,0.746,0.72,0.909,0.94,0.72,0.833,0.649,0.846,0.833,0.72,0.649,0.846,0.915,0.649,0.789,0.956,0.789,0.672,0.649,0.746,0.672,0.72,0.758,0.94,0.758,0.956,0.926,0.582,0.817,0.582,0.797,0.817,0.926,0.797,0.481,0.582,0.799,0.714,0.582,0.797,0.932,0.799,0.928,0.799,0.93,0.564,0.7,0.902,0.82,0.902,0.903,0.841,0.841,0.841,0.956,0.82,0.903,0.82,0.7,0.956,0.647,0.95,0.647,0.411,0.411,0.411,0.339,0.877,0.715,0.294,0.591,0.983,0.784,0.591,0.305,0.877,0.793,0.408,0.955,0.793,0.784,0.336,0.414,0.585,0.877,0.764,0.306,0.348,0.479,0.793,0.866,0.479,0.479,0.342,0.547,0.691,0.984,0.547,0.547,0.991,0.224,0.658,0.658,0.642,0.617,0.848,0.351,0.866,0.354,0.554,0.15,0.637,0.327,0.848,0.238,0.33,0.14,0.368,0.401,0.884,0.519,0.248,0.884,0.877,0.324,0.779,0.333,0.826,0.376,0.727,0.269,0.869,0.307,0.727,0.866,0.23,0.567,0.249,0.866,0.348,0.866,0.727,0.598,0.943,0.274,0.955,0.375,0.293,0.342,0.652,0.778,0.957,0.824,0.292,0.831,0.353,0.359,0.37,0.383,0.905,0.926,0.806
0.433,0.433,0.483,0.483,0.807,0.11,0.53,0.462,0.093,0.582,0.462,0.528,0.443,0.807,0.528,0.462,0.443,0.807,0.637,0.443,0.493,0.587,0.493,0.475,0.443,0.53,0.475,0.462,0.484,0.582,0.484,0.587,0.898,0.435,0.517,0.435,0.74,0.517,0.898,0.74,0.12,0.435,0.849,0.019,0.435,0.74,0.667,0.849,0.023,0.849,0.319,0.142,0.811,0.826,0.729,0.826,0.849,0.855,0.855,0.855,0.658,0.729,0.849,0.729,0.811,0.658,0.411,0.062,0.411,0.856,0.856,0.856,0.109,0.815,0.019,0.909,0.937,0.064,0.865,0.937,0.034,0.815,0.984,0.034,0.062,0.984,0.865,0.915,0.033,0.102,0.815,0.019,0.91,0.032,0.788,0.984,0.856,0.788,0.788,0.902,0.809,0.97,0.067,0.809,0.809,0.062,0.823,0.948,0.948,0.908,0.94,0.852,0.616,0.891,0.035,0.12,0.248,0.969,0.717,0.852,0.798,0.715,0.228,0.714,0.031,0.956,0.095,0.306,0.956,0.915,0.82,0.935,0.833,0.913,0.122,0.962,0.318,0.927,0.436,0.962,0.966,0.534,0.004,0.665,0.966,0.186,0.966,0.962,0.004,0.56,0.615,0.538,0.631,0.14,0.626,0.003,0.136,0.543,0.089,0.62,0.092,0.689,0.573,0.633,0.609,0.198,0.183,0.264
0.05,0.05,0.049,0.049,0.302,0.98,0.039,0.054,0.987,0.026,0.054,0.06,0.03,0.302,0.06,0.054,0.03,0.302,0.936,0.03,0.042,0.048,0.042,0.033,0.03,0.039,0.033,0.054,0.049,0.026,0.049,0.048,0.012,0.036,0.047,0.036,0.194,0.047,0.012,0.194,0.47,0.036,0.204,0.495,0.036,0.194,0.949,0.204,0.793,0.204,0.985,0.476,0.171,0.029,0.19,0.029,0.029,0.211,0.211,0.211,0.033,0.19,0.029,0.19,0.171,0.033,0.035,0.727,0.035,0.1,0.1,0.1,0.53,0.264,0.498,0.972,0.187,0.969,0.171,0.187,0.482,0.264,0.219,0.956,0.721,0.219,0.171,0.974,0.483,0.955,0.264,0.5,0.971,0.949,0.083,0.219,0.742,0.083,0.083,0.973,0.08,0.159,0.986,0.08,0.08,0.98,0.956,0.458,0.458,0.454,0.827,0.36,0.951,0.35,0.953,0.973,0.899,0.229,0.942,0.36,0.952,0.937,0.907,0.951,0.596,0.402,0.959,0.954,0.402,0.443,0.938,0.157,0.94,0.895,0.95,0.203,0.922,0.414,0.825,0.203,0.205,0.846,0.93,0.692,0.205,0.958,0.205,0.203,0.94,0.774,0.818,0.705,0.911,0.984,0.846,0.925,0.858,0.729,0.944,0.786,0.904,0.818,0.937,0.849,0.914,0.918,0.913,0.613
0.185,0.185,0.276,0.276,0.412,0.002,0.392,0.291,0.002,0.241,0.291,0.351,0.322,0.412,0.351,0.291,0.322,0.412,0.572,0.322,0.311,0.271,0.311,0.291,0.322,0.392,0.291,0.291,0.28,0.241,0.28,0.271,0.547,0.384,0.509,0.384,0.585,0.509,0.547,0.585,0.018,0.384,0.64,0.957,0.384,0.585,0.564,0.64,0.957,0.64,0.002,0.018,0.201,0.481,0.425,0.481,0.474,0.491,0.491,0.491,0.384,0.425,0.474,0.425,0.201,0.384,0.359,0.934,0.359,0.117,0.117,0.117,0.015,0.428,0.966,0.024,0.175,0.946,0.181,0.175,0.021,0.428,0.271,0.023,0.952,0.271,0.181,0.02,0.022,0.981,0.428,0.963,0.024,0.023,0.137,0.271,0.351,0.137,0.137,0.021,0.132,0.225,0.941,0.132,0.132,0.968,0.021,0.482,0.482,0.512,0.608,0.474,0.763,0.465,0.021,0.968,0.988,0.218,0.84,0.474,0.023,0.794,0.97,0.606,0.023,0.485,0.948,0.339,0.485,0.627,0.628,0.199,0.624,0.645,0.96,0.352,0.308,0.505,0.368,0.352,0.363,0.899,0.489,0.153,0.363,0.974,0.363,0.352,0.481,0.117,0.155,0.11,0.515,0.951,0.493,0.605,0.49,0.106,0.689,0.157,0.699,0.499,0.521,0.451,0.507,0.806,0.812,0.467
0.647,0.647,0.813,0.813,0.675,0.316,0.597,0.409,0.331,0.295,0.409,0.549,0.471,0.675,0.549,0.409,0.471,0.675,0.184,0.471,0.383,0.225,0.383,0.486,0.471,0.597,0.486,0.409,0.354,0.295,0.354,0.225,0.257,0.156,0.22,0.156,0.669,0.22,0.257,0.669,0.117,0.156,0.869,0.342,0.156,0.669,0.455,0.869,0.34,0.869,0.298,0.138,0.534,0.415,0.586,0.415,0.422,0.858,0.858,0.858,0.135,0.586,0.422,0.586,0.534,0.135,0.16,0.401,0.16,0.727,0.727,0.727,0.085,0.805,0.358,0.113,0.781,0.71,0.752,0.781,0.088,0.805,0.631,0.135,0.393,0.631,0.752,0.115,0.085,0.799,0.805,0.358,0.116,0.134,0.77,0.631,0.398,0.77,0.77,0.119,0.779,0.638,0.682,0.779,0.779,0.642,0.129,0.706,0.706,0.609,0.763,0.906,0.84,0.877,0.182,0.768,0.378,0.672,0.824,0.906,0.11,0.821,0.408,0.874,0.1,0.535,0.744,0.028,0.535,0.905,0.855,0.622,0.834,0.567,0.711,0.892,0.019,0.45,0.029,0.892,0.833,0.429,0.926,0.294,0.833,0.761,0.833,0.892,0.886,0.457,0.317,0.436,0.047,0.736,0.066,0.874,0.058,0.444,0.111,0.366,0.138,0.038,0.069,0.073,0.057,0.139,0.153,0.056
0.226,0.226,0.333,0.333,0.898,0.095,0.855,0.639,0.098,0.771,0.639,0.713,0.677,0.898,0.713,0.639,0.677,0.898,0.741,0.677,0.217,0.726,0.217,0.766,0.677,0.855,0.766,0.639,0.736,0.771,0.736,0.726,1.0,0.684,0.694,0.684,0.778,0.694,1.0,0.778,0.012,0.684,0.797,0.729,0.684,0.778,0.753,0.797,0.22,0.797,0.08,0.014,0.83,1.0,0.792,1.0,1.0,0.787,0.787,0.787,0.682,0.792,1.0,0.792,0.83,0.682,0.816,0.164,0.816,0.756,0.756,0.756,0.01,0.77,0.62,0.019,0.805,0.393,0.783,0.805,0.013,0.77,0.867,0.019,0.137,0.867,0.783,0.014,0.017,0.274,0.77,0.625,0.019,0.019,0.802,0.867,0.763,0.802,0.802,0.014,0.805,0.795,0.39,0.805,0.805,0.374,0.016,0.734,0.734,0.663,0.806,0.942,0.199,0.959,0.02,0.269,0.629,0.81,0.202,0.942,0.016,0.2,0.639,0.173,0.022,0.802,0.294,0.343,0.802,0.958,0.197,0.87,0.182,0.794,0.332,0.749,0.322,0.754,0.456,0.749,0.741,0.779,0.919,0.181,0.741,0.354,0.741,0.749,0.889,0.14,0.163,0.149,0.58,0.345,0.506,0.939,0.282,0.142,0.443,0.164,0.381,0.572,0.477,0.429,0.441,0.438,0.586,0.667
0.699,0.699,0.817,0.817,0.871,0.29,0.996,0.983,0.309,0.963,0.983,0.998,0.993,0.871,0.998,0.983,0.993,0.871,0.515,0.993,0.909,0.977,0.909,0.991,0.993,0.996,0.991,0.983,0.981,0.963,0.981,0.977,0.887,0.983,0.992,0.983,0.476,0.992,0.887,0.476,0.169,0.983,0.5,0.088,0.983,0.476,0.513,0.5,0.07,0.5,0.359,0.224,0.478,0.879,0.613,0.879,0.874,0.636,0.636,0.636,0.971,0.613,0.874,0.613,0.478,0.971,0.974,0.084,0.974,0.487,0.487,0.487,0.24,0.733,0.086,0.215,0.332,0.149,0.284,0.332,0.251,0.733,0.653,0.29,0.08,0.653,0.284,0.229,0.291,0.074,0.733,0.081,0.21,0.256,0.293,0.653,0.705,0.293,0.293,0.245,0.258,0.274,0.137,0.258,0.258,0.111,0.22,0.048,0.048,0.039,0.016,0.132,0.073,0.124,0.266,0.063,0.011,0.314,0.086,0.132,0.22,0.08,0.012,0.09,0.282,0.052,0.078,0.764,0.052,0.017,0.094,0.624,0.107,0.016,0.033,0.446,0.794,0.045,0.754,0.446,0.444,0.02,0.165,0.948,0.444,0.035,0.444,0.446,0.158,0.962,0.953,0.969,0.855,0.044,0.9,0.119,0.216,0.967,0.266,0.958,0.247,0.881,0.876,0.911,0.894,0.259,0.232,0.56
0.695,0.695,0.578,0.578,0.024,0.546,0.49,0.841,0.55,0.834,0.841,0.551,0.819,0.024,0.551,0.841,0.819,0.024,0.335,0.819,0.668,0.852,0.668,0.777,0.819,0.49,0.777,0.841,0.83,0.834,0.83,0.852,0.778,0.863,0.516,0.863,0.028,0.516,0.778,0.028,0.975,0.863,0.031,0.6,0.863,0.028,0.623,0.031,0.439,0.031,0.554,0.976,0.039,0.78,0.029,0.78,0.792,0.036,0.036,0.036,0.846,0.029,0.792,0.029,0.039,0.846,0.836,0.526,0.836,0.069,0.069,0.069,0.966,0.02,0.654,0.731,0.051,0.563,0.05,0.051,0.536,0.02,0.038,0.66,0.535,0.038,0.05,0.741,0.526,0.432,0.02,0.687,0.698,0.66,0.038,0.038,0.237,0.038,0.038,0.692,0.032,0.04,0.539,0.032,0.032,0.531,0.689,0.045,0.045,0.048,0.257,0.066,0.412,0.064,0.679,0.405,0.486,0.049,0.425,0.066,0.7,0.418,0.501,0.445,0.536,0.045,0.41,0.153,0.045,0.213,0.458,0.076,0.456,0.233,0.464,0.051,0.144,0.049,0.151,0.051,0.047,0.47,0.529,0.214,0.047,0.468,0.047,0.051,0.482,0.309,0.286,0.301,0.236,0.447,0.244,0.464,0.172,0.295,0.223,0.301,0.209,0.192,0.223,0.23,0.191,0.306,0.32,0.245
0.823,0.823,0.702,0.702,0.578,0.329,0.989,0.994,0.339,0.821,0.994,0.991,0.989,0.578,0.991,0.994,0.989,0.578,0.247,0.989,0.505,0.851,0.505,0.953,0.989,0.989,0.953,0.994,0.969,0.821,0.969,0.851,0.596,0.947,0.943,0.947,0.632,0.943,0.596,0.632,0.724,0.947,0.512,0.536,0.947,0.632,0.259,0.512,0.485,0.512,0.264,0.674,0.262,0.773,0.691,0.773,0.784,0.564,0.564,0.564,0.831,0.691,0.784,0.691,0.262,0.831,0.899,0.66,0.899,0.167,0.167,0.167,0.576,0.614,0.595,0.673,0.588,0.813,0.696,0.588,0.825,0.614,0.336,0.796,0.665,0.336,0.696,0.71,0.803,0.944,0.614,0.595,0.659,0.762,0.373,0.336,0.888,0.373,0.373,0.693,0.422,0.551,0.892,0.422,0.422,0.541,0.651,0.383,0.383,0.409,0.426,0.798,0.767,0.772,0.802,0.961,0.765,0.444,0.713,0.798,0.636,0.701,0.754,0.627,0.777,0.516,0.85,0.656,0.516,0.628,0.63,0.243,0.635,0.516,0.814,0.495,0.644,0.539,0.656,0.495,0.644,0.611,0.193,0.884,0.644,0.939,0.644,0.495,0.216,0.958,0.912,0.945,0.733,0.954,0.726,0.118,0.534,0.953,0.633,0.899,0.598,0.733,0.742,0.793,0.767,0.656,0.656,0.695
0.816,0.816,0.821,0.821,0.819,0.901,0.908,0.891,0.893,0.505,0.891,0.91,0.875,0.819,0.91,0.891,0.875,0.819,0.733,0.875,0.721,0.54,0.721,0.805,0.875,0.908,0.805,0.891,0.827,0.505,0.827,0.54,0.614,0.811,0.887,0.811,0.677,0.887,0.614,0.677,0.23,0.811,0.691,0.694,0.811,0.677,0.837,0.691,0.513,0.691,0.9,0.201,0.676,0.721,0.891,0.721,0.71,0.967,0.967,0.967,0.483,0.891,0.71,0.891,0.676,0.483,0.764,0.512,0.764,0.998,0.998,0.998,0.194,0.393,0.606,0.254,0.888,0.874,0.903,0.888,0.236,0.393,0.585,0.148,0.516,0.585,0.903,0.242,0.2,0.642,0.393,0.618,0.271,0.185,1.0,0.585,0.527,1.0,1.0,0.225,0.999,0.838,0.871,0.999,0.999,0.821,0.288,0.154,0.154,0.097,0.096,0.161,0.155,0.151,0.187,0.634,0.157,0.822,0.168,0.161,0.295,0.173,0.156,0.137,0.209,0.096,0.575,0.744,0.096,0.09,0.162,0.666,0.145,0.067,0.625,0.925,0.78,0.052,0.735,0.925,0.907,0.198,0.101,0.589,0.907,0.592,0.907,0.925,0.105,0.781,0.633,0.797,0.926,0.586,0.866,0.125,0.798,0.796,0.843,0.635,0.848,0.926,0.849,0.931,0.908,0.902,0.892,0.794
0.251,0.251,0.236,0.236,0.764,0.377,0.218,0.168,0.373,0.094,0.168,0.228,0.151,0.764,0.228,0.168,0.151,0.764,0.521,0.151,0.419,0.113,0.419,0.153,0.151,0.218,0.153,0.168,0.135,0.094,0.135,0.113,0.038,0.241,0.288,0.241,0.879,0.288,0.038,0.879,0.075,0.241,0.844,0.677,0.241,0.879,0.544,0.844,0.616,0.844,0.316,0.072,0.635,0.044,0.651,0.044,0.045,0.56,0.56,0.56,0.143,0.651,0.045,0.651,0.635,0.143,0.244,0.65,0.244,0.764,0.764,0.764,0.125,0.762,0.639,0.644,0.509,0.803,0.572,0.509,0.224,0.762,0.792,0.314,0.645,0.792,0.572,0.62,0.214,0.548,0.762,0.637,0.608,0.308,0.813,0.792,0.505,0.813,0.813,0.593,0.758,0.689,0.786,0.758,0.758,0.804,0.537,0.827,0.827,0.958,0.899,0.205,0.717,0.201,0.303,0.565,0.595,0.607,0.767,0.205,0.538,0.796,0.57,0.7,0.278,0.609,0.53,0.086,0.609,0.343,0.833,0.647,0.812,0.828,0.387,0.783,0.086,0.856,0.055,0.783,0.829,0.527,0.862,0.021,0.829,0.432,0.829,0.783,0.853,0.016,0.03,0.014,0.069,0.45,0.111,0.931,0.175,0.014,0.106,0.032,0.108,0.064,0.11,0.119,0.103,0.136,0.156,0.173
0.93,0.93,0.922,0.922,0.335,0.81,0.995,0.998,0.822,0.971,0.998,0.997,0.994,0.335,0.997,0.998,0.994,0.335,0.436,0.994,0.979,0.982,0.979,0.993,0.994,0.995,0.993,0.998,0.995,0.971,0.995,0.982,0.795,0.999,0.995,0.999,0.546,0.995,0.795,0.546,0.972,0.999,0.502,0.723,0.999,0.546,0.493,0.502,0.69,0.502,0.732,0.97,0.267,0.834,0.446,0.834,0.845,0.398,0.398,0.398,0.995,0.446,0.845,0.446,0.267,0.995,1.0,0.798,1.0,0.654,0.654,0.654,0.971,0.427,0.642,0.897,0.427,0.626,0.484,0.427,0.955,0.427,0.222,0.926,0.638,0.222,0.484,0.893,0.946,0.755,0.427,0.666,0.876,0.922,0.619,0.222,0.677,0.619,0.619,0.867,0.514,0.388,0.596,0.514,0.514,0.454,0.881,0.741,0.741,0.423,0.696,0.765,0.451,0.322,0.916,0.64,0.712,0.34,0.428,0.765,0.86,0.42,0.701,0.493,0.98,0.762,0.536,0.307,0.762,0.674,0.474,0.275,0.483,0.612,0.595,0.295,0.287,0.437,0.33,0.295,0.327,0.608,0.951,0.187,0.327,0.722,0.327,0.295,0.959,0.876,0.203,0.846,0.5,0.693,0.545,0.909,0.515,0.842,0.654,0.201,0.682,0.521,0.511,0.479,0.495,0.132,0.141,0.178
0.74,0.74,0.726,0.726,0.921,0.283,0.618,0.604,0.19,0.271,0.604,0.653,0.552,0.921,0.653,0.604,0.552,0.921,0.583,0.552,0.7,0.324,0.7,0.514,0.552,0.618,0.514,0.604,0.559,0.271,0.559,0.324,0.164,0.526,0.579,0.526,0.561,0.579,0.164,0.561,0.565,0.526,0.74,0.742,0.526,0.561,0.575,0.74,0.959,0.74,0.322,0.589,0.561,0.179,0.687,0.179,0.181,0.788,0.788,0.788,0.285,0.687,0.181,0.687,0.561,0.285,0.511,0.791,0.511,0.501,0.501,0.501,0.816,0.731,0.589,0.532,0.739,0.57,0.715,0.739,0.558,0.731,0.591,0.619,0.8,0.591,0.715,0.529,0.586,0.676,0.731,0.58,0.525,0.686,0.655,0.591,0.85,0.655,0.655,0.488,0.724,0.821,0.654,0.724,0.724,0.85,0.614,0.796,0.796,0.813,0.035,0.918,0.124,0.932,0.73,0.75,0.522,0.829,0.115,0.918,0.523,0.104,0.561,0.187,0.608,0.751,0.913,0.651,0.751,0.07,0.132,0.593,0.141,0.03,0.869,0.83,0.66,0.778,0.37,0.83,0.787,0.665,0.286,0.302,0.787,0.817,0.787,0.83,0.279,0.215,0.423,0.261,0.407,0.828,0.415,0.168,0.43,0.241,0.463,0.42,0.452,0.368,0.383,0.416,0.392,0.283,0.353,0.359
0.125,0.125,0.095,0.095,0.003,0.564,0.093,0.218,0.563,0.224,0.218,0.149,0.171,0.003,0.149,0.218,0.171,0.003,0.101,0.171,0.145,0.305,0.145,0.178,0.171,0.093,0.178,0.218,0.206,0.224,0.206,0.305,0.55,0.157,0.105,0.157,0.004,0.105,0.55,0.004,0.889,0.157,0.004,0.054,0.157,0.004,0.11,0.004,0.134,0.004,0.521,0.772,0.005,0.622,0.003,0.622,0.602,0.003,0.003,0.003,0.234,0.003,0.602,0.003,0.005,0.234,0.143,0.205,0.143,0.072,0.072,0.072,0.802,0.003,0.11,0.624,0.011,0.448,0.012,0.011,0.791,0.003,0.002,0.645,0.199,0.002,0.012,0.596,0.759,0.323,0.003,0.102,0.576,0.701,0.072,0.002,0.103,0.072,0.072,0.524,0.057,0.01,0.319,0.057,0.057,0.413,0.47,0.004,0.004,0.005,0.039,0.012,0.301,0.012,0.596,0.232,0.556,0.01,0.349,0.012,0.447,0.437,0.51,0.414,0.75,0.005,0.522,0.154,0.005,0.031,0.558,0.009,0.579,0.039,0.496,0.005,0.163,0.007,0.133,0.005,0.005,0.45,0.397,0.11,0.005,0.346,0.005,0.005,0.389,0.045,0.16,0.099,0.112,0.232,0.115,0.381,0.232,0.09,0.163,0.156,0.217,0.138,0.137,0.101,0.122,0.512,0.431,0.252
0.276,0.276,0.441,0.441,0.629,0.625,0.364,0.39,0.644,0.242,0.39,0.219,0.559,0.629,0.219,0.39,0.559,0.629,0.869,0.559,0.197,0.165,0.197,0.497,0.559,0.364,0.497,0.39,0.283,0.242,0.283,0.165,0.31,0.355,0.173,0.355,0.219,0.173,0.31,0.219,0.95,0.355,0.242,0.935,0.355,0.219,0.838,0.242,0.425,0.242,0.757,0.928,0.239,0.263,0.337,0.263,0.263,0.463,0.463,0.463,0.127,0.337,0.263,0.337,0.239,0.127,0.341,0.766,0.341,0.18,0.18,0.18,0.765,0.433,0.904,0.884,0.091,0.858,0.048,0.091,0.85,0.433,0.386,0.759,0.566,0.386,0.048,0.882,0.863,0.933,0.433,0.896,0.874,0.765,0.047,0.386,0.704,0.047,0.047,0.866,0.024,0.093,0.748,0.024,0.024,0.767,0.877,0.237,0.237,0.209,0.181,0.238,0.521,0.187,0.784,0.87,0.928,0.111,0.529,0.238,0.849,0.492,0.928,0.609,0.849,0.168,0.702,0.88,0.168,0.127,0.578,0.316,0.543,0.183,0.74,0.197,0.855,0.149,0.832,0.197,0.146,0.775,0.201,0.945,0.146,0.971,0.146,0.197,0.195,0.819,0.95,0.854,0.603,0.92,0.406,0.164,0.906,0.861,0.728,0.954,0.765,0.554,0.466,0.42,0.47,0.365,0.334,0.614
0.468,0.468,0.493,0.493,0.28,0.622,0.648,0.585,0.66,0.355,0.585,0.665,0.519,0.28,0.665,0.585,0.519,0.28,0.194,0.519,0.686,0.398,0.686,0.434,0.519,0.648,0.434,0.585,0.534,0.355,0.534,0.398,0.225,0.466,0.544,0.466,0.406,0.544,0.225,0.406,0.071,0.466,0.342,0.285,0.466,0.406,0.167,0.342,0.214,0.342,0.625,0.077,0.315,0.238,0.434,0.238,0.255,0.345,0.345,0.345,0.369,0.434,0.255,0.434,0.315,0.369,0.475,0.24,0.475,0.205,0.205,0.205,0.052,0.364,0.287,0.062,0.276,0.227,0.397,0.276,0.12,0.364,0.366,0.091,0.248,0.366,0.397,0.064,0.102,0.258,0.364,0.286,0.071,0.109,0.159,0.366,0.191,0.159,0.159,0.085,0.146,0.3,0.226,0.146,0.146,0.182,0.095,0.654,0.654,0.695,0.409,0.401,0.485,0.441,0.105,0.259,0.056,0.324,0.487,0.401,0.105,0.495,0.053,0.52,0.097,0.741,0.214,0.275,0.741,0.612,0.494,0.306,0.501,0.441,0.246,0.369,0.177,0.76,0.161,0.369,0.448,0.044,0.864,0.065,0.448,0.286,0.448,0.369,0.859,0.042,0.088,0.038,0.195,0.286,0.28,0.863,0.201,0.04,0.219,0.088,0.205,0.185,0.3,0.334,0.354,0.424,0.429,0.355
0.577,0.577,0.641,0.641,0.596,0.717,0.671,0.459,0.707,0.31,0.459,0.694,0.563,0.596,0.694,0.459,0.563,0.596,0.777,0.563,0.675,0.298,0.675,0.433,0.563,0.671,0.433,0.459,0.448,0.31,0.448,0.298,0.686,0.517,0.646,0.517,0.729,0.646,0.686,0.729,0.546,0.517,0.688,0.104,0.517,0.729,0.859,0.688,0.233,0.688,0.497,0.483,0.854,0.686,0.787,0.686,0.607,0.845,0.845,0.845,0.283,0.787,0.607,0.787,0.854,0.283,0.433,0.212,0.433,0.728,0.728,0.728,0.401,0.529,0.169,0.303,0.734,0.159,0.742,0.734,0.417,0.529,0.901,0.356,0.235,0.901,0.742,0.298,0.374,0.242,0.529,0.193,0.285,0.389,0.63,0.901,0.727,0.63,0.63,0.269,0.668,0.869,0.172,0.668,0.668,0.261,0.249,0.915,0.915,0.931,0.589,0.923,0.371,0.926,0.336,0.278,0.229,0.859,0.373,0.923,0.228,0.378,0.217,0.159,0.31,0.795,0.247,0.093,0.795,0.308,0.165,0.914,0.169,0.282,0.177,0.941,0.078,0.829,0.086,0.941,0.885,0.182,0.959,0.05,0.885,0.161,0.885,0.941,0.952,0.093,0.041,0.08,0.109,0.18,0.153,0.922,0.101,0.046,0.324,0.03,0.285,0.112,0.166,0.19,0.205,0.266,0.365,0.121
0.008,0.008,0.009,0.009,0.44,0.019,0.008,0.003,0.016,0.002,0.003,0.006,0.003,0.44,0.006,0.003,0.003,0.44,0.623,0.003,0.028,0.003,0.028,0.003,0.003,0.008,0.003,0.003,0.003,0.002,0.003,0.003,0.011,0.011,0.021,0.011,0.548,0.021,0.011,0.548,0.043,0.011,0.556,0.659,0.011,0.548,0.618,0.556,0.361,0.556,0.037,0.044,0.453,0.013,0.655,0.013,0.014,0.666,0.666,0.666,0.008,0.655,0.014,0.655,0.453,0.008,0.014,0.535,0.014,0.271,0.271,0.271,0.135,0.431,0.611,0.105,0.549,0.75,0.435,0.549,0.095,0.431,0.46,0.126,0.469,0.46,0.435,0.12,0.124,0.788,0.431,0.588,0.106,0.123,0.386,0.46,0.242,0.386,0.386,0.129,0.389,0.483,0.685,0.389,0.389,0.519,0.239,0.724,0.724,0.782,0.727,0.403,0.511,0.387,0.275,0.744,0.561,0.591,0.513,0.403,0.283,0.54,0.565,0.496,0.238,0.511,0.656,0.899,0.511,0.643,0.489,0.59,0.508,0.757,0.73,0.611,0.905,0.599,0.858,0.611,0.617,0.41,0.997,0.837,0.617,0.936,0.617,0.611,0.996,0.665,0.797,0.744,0.383,0.903,0.242,0.998,0.568,0.738,0.277,0.835,0.326,0.3,0.288,0.264,0.292,0.246,0.205,0.461
0.661,0.661,0.608,0.608,0.111,0.237,0.836,0.662,0.236,0.809,0.662,0.751,0.803,0.111,0.751,0.662,0.803,0.111,0.167,0.803,0.643,0.645,0.643,0.818,0.803,0.836,0.818,0.662,0.624,0.809,0.624,0.645,0.772,0.569,0.703,0.569,0.343,0.703,0.772,0.343,0.838,0.569,0.413,0.951,0.569,0.343,0.266,0.413,0.149,0.413,0.223,0.765,0.615,0.793,0.378,0.793,0.798,0.372,0.372,0.372,0.617,0.378,0.798,0.378,0.615,0.617,0.556,0.179,0.556,0.7,0.7,0.7,0.518,0.149,0.919,0.626,0.642,0.355,0.661,0.642,0.806,0.149,0.656,0.691,0.183,0.656,0.661,0.627,0.764,0.53,0.149,0.942,0.523,0.679,0.805,0.656,0.123,0.805,0.805,0.53,0.839,0.78,0.317,0.839,0.839,0.315,0.58,0.282,0.282,0.272,0.222,0.085,0.332,0.079,0.659,0.52,0.732,0.779,0.314,0.085,0.527,0.302,0.774,0.407,0.739,0.174,0.454,0.027,0.174,0.134,0.409,0.626,0.41,0.191,0.558,0.707,0.037,0.173,0.024,0.707,0.707,0.671,0.908,0.003,0.707,0.57,0.707,0.707,0.905,0.002,0.004,0.002,0.033,0.556,0.05,0.879,0.052,0.002,0.062,0.004,0.058,0.031,0.049,0.048,0.045,0.16,0.168,0.119
0.936,0.936,0.934,0.934,0.428,0.06,0.762,0.69,0.063,0.592,0.69,0.817,0.664,0.428,0.817,0.69,0.664,0.428,0.164,0.664,0.937,0.625,0.937,0.647,0.664,0.762,0.647,0.69,0.679,0.592,0.679,0.625,0.687,0.69,0.792,0.69,0.349,0.792,0.687,0.349,0.415,0.69,0.35,0.881,0.69,0.349,0.172,0.35,0.802,0.35,0.077,0.497,0.327,0.829,0.673,0.829,0.859,0.66,0.66,0.66,0.546,0.673,0.859,0.673,0.327,0.546,0.678,0.644,0.678,0.43,0.43,0.43,0.371,0.209,0.774,0.989,0.425,0.871,0.345,0.425,0.988,0.209,0.338,0.992,0.575,0.338,0.345,0.988,0.989,0.923,0.209,0.749,0.989,0.992,0.598,0.338,0.471,0.598,0.598,0.987,0.532,0.423,0.825,0.532,0.532,0.867,0.966,0.588,0.588,0.427,0.475,0.497,0.945,0.301,0.987,0.788,0.909,0.476,0.949,0.497,0.975,0.945,0.888,0.904,0.993,0.623,0.915,0.33,0.623,0.358,0.901,0.335,0.9,0.332,0.908,0.533,0.214,0.436,0.312,0.533,0.555,0.905,0.732,0.468,0.555,0.934,0.555,0.533,0.718,0.681,0.278,0.613,0.464,0.886,0.567,0.664,0.618,0.648,0.651,0.307,0.661,0.413,0.627,0.555,0.567,0.837,0.842,0.837
0.583,0.583,0.482,0.482,0.65,0.975,0.322,0.572,0.814,0.36,0.572,0.34,0.545,0.65,0.34,0.572,0.545,0.65,0.24,0.545,0.517,0.388,0.517,0.508,0.545,0.322,0.508,0.572,0.544,0.36,0.544,0.388,0.119,0.626,0.312,0.626,0.472,0.312,0.119,0.472,0.356,0.626,0.534,0.187,0.626,0.472,0.215,0.534,0.193,0.534,0.858,0.492,0.912,0.146,0.408,0.146,0.157,0.469,0.469,0.469,0.484,0.408,0.157,0.408,0.912,0.484,0.597,0.155,0.597,0.809,0.809,0.809,0.43,0.582,0.148,0.397,0.915,0.191,0.922,0.915,0.39,0.582,0.811,0.533,0.184,0.811,0.922,0.4,0.366,0.335,0.582,0.146,0.409,0.553,0.782,0.811,0.14,0.782,0.782,0.414,0.751,0.773,0.196,0.751,0.751,0.244,0.477,0.761,0.761,0.705,0.474,0.377,0.532,0.511,0.521,0.317,0.107,0.768,0.525,0.377,0.488,0.526,0.078,0.681,0.476,0.74,0.372,0.795,0.74,0.328,0.649,0.802,0.653,0.434,0.115,0.582,0.774,0.7,0.838,0.582,0.541,0.118,0.843,0.699,0.541,0.106,0.541,0.582,0.844,0.503,0.716,0.464,0.461,0.097,0.328,0.736,0.601,0.492,0.47,0.726,0.486,0.381,0.313,0.331,0.307,0.809,0.736,0.707
0.275,0.275,0.303,0.303,0.396,0.013,0.495,0.456,0.012,0.431,0.456,0.511,0.431,0.396,0.511,0.456,0.431,0.396,0.763,0.431,0.289,0.408,0.289,0.438,0.431,0.495,0.438,0.456,0.424,0.431,0.424,0.408,0.377,0.535,0.599,0.535,0.809,0.599,0.377,0.809,0.013,0.535,0.79,0.507,0.535,0.809,0.72,0.79,0.339,0.79,0.01,0.013,0.333,0.43,0.795,0.43,0.468,0.702,0.702,0.702,0.409,0.795,0.468,0.795,0.333,0.409,0.499,0.266,0.499,0.981,0.981,0.981,0.014,0.581,0.47,0.018,0.576,0.47,0.565,0.576,0.014,0.581,0.23,0.015,0.27,0.23,0.565,0.017,0.006,0.496,0.581,0.577,0.018,0.016,0.982,0.23,0.766,0.982,0.982,0.018,0.973,0.562,0.559,0.973,0.973,0.472,0.018,0.878,0.878,0.91,0.955,0.696,0.008,0.657,0.016,0.704,0.797,0.517,0.008,0.696,0.019,0.008,0.795,0.008,0.007,0.912,0.877,0.695,0.912,0.648,0.008,0.23,0.008,0.944,0.832,0.517,0.636,0.936,0.794,0.517,0.63,0.942,0.553,0.893,0.63,0.709,0.63,0.517,0.545,0.612,0.866,0.642,0.618,0.807,0.534,0.648,0.291,0.63,0.388,0.827,0.395,0.653,0.504,0.505,0.482,0.346,0.362,0.533
0.768,0.768,0.841,0.841,0.387,0.041,0.38,0.363,0.04,0.212,0.363,0.466,0.273,0.387,0.466,0.363,0.273,0.387,0.109,0.273,0.825,0.272,0.825,0.272,0.273,0.38,0.272,0.363,0.425,0.212,0.425,0.272,0.827,0.287,0.336,0.287,0.429,0.336,0.827,0.429,0.093,0.287,0.486,0.595,0.287,0.429,0.111,0.486,0.249,0.486,0.04,0.089,0.125,0.811,0.33,0.811,0.839,0.342,0.342,0.342,0.301,0.33,0.839,0.33,0.125,0.301,0.33,0.285,0.33,0.08,0.08,0.08,0.045,0.518,0.554,0.029,0.095,0.76,0.098,0.095,0.049,0.518,0.216,0.03,0.305,0.216,0.098,0.027,0.047,0.834,0.518,0.566,0.026,0.035,0.057,0.216,0.109,0.057,0.057,0.025,0.055,0.122,0.768,0.055,0.055,0.522,0.025,0.498,0.498,0.632,0.889,0.488,0.744,0.376,0.03,0.825,0.242,0.14,0.78,0.488,0.026,0.773,0.262,0.81,0.037,0.471,0.634,0.5,0.471,0.893,0.701,0.163,0.701,0.909,0.676,0.189,0.487,0.595,0.526,0.189,0.185,0.262,0.828,0.683,0.185,0.85,0.185,0.189,0.827,0.455,0.71,0.466,0.775,0.865,0.749,0.828,0.792,0.457,0.621,0.707,0.618,0.784,0.737,0.754,0.73,0.667,0.661,0.789
0.704,0.704,0.692,0.692,0.512,0.518,0.682,0.878,0.533,0.964,0.878,0.744,0.833,0.512,0.744,0.878,0.833,0.512,0.579,0.833,0.746,0.969,0.746,0.734,0.833,0.682,0.734,0.878,0.787,0.964,0.787,0.969,0.877,0.827,0.717,0.827,0.571,0.717,0.877,0.571,0.913,0.827,0.787,0.808,0.827,0.571,0.554,0.787,0.364,0.787,0.553,0.963,0.712,0.809,0.837,0.809,0.818,0.909,0.909,0.909,0.977,0.837,0.818,0.837,0.712,0.977,0.818,0.757,0.818,0.726,0.726,0.726,0.926,0.352,0.922,0.769,0.679,0.93,0.595,0.679,0.796,0.352,0.508,0.744,0.771,0.508,0.595,0.813,0.833,0.953,0.352,0.906,0.769,0.722,0.653,0.508,0.159,0.653,0.653,0.819,0.561,0.742,0.944,0.561,0.561,0.489,0.774,0.726,0.726,0.793,0.476,0.465,0.858,0.583,0.727,0.924,0.618,0.76,0.823,0.465,0.767,0.829,0.592,0.91,0.865,0.632,0.605,0.739,0.632,0.376,0.888,0.711,0.889,0.494,0.733,0.485,0.751,0.679,0.65,0.485,0.347,0.548,0.672,0.382,0.347,0.977,0.347,0.485,0.632,0.329,0.46,0.355,0.881,0.969,0.6,0.566,0.472,0.379,0.33,0.498,0.263,0.446,0.905,0.476,0.931,0.126,0.096,0.338
0.219,0.219,0.204,0.204,0.068,0.655,0.249,0.175,0.627,0.115,0.175,0.266,0.168,0.068,0.266,0.175,0.168,0.068,0.067,0.168,0.412,0.128,0.412,0.181,0.168,0.249,0.181,0.175,0.195,0.115,0.195,0.128,0.067,0.298,0.362,0.298,0.073,0.362,0.067,0.073,0.674,0.298,0.079,0.67,0.298,0.073,0.046,0.079,0.353,0.079,0.645,0.676,0.043,0.061,0.047,0.061,0.06,0.054,0.054,0.054,0.185,0.047,0.06,0.047,0.043,0.185,0.28,0.328,0.28,0.015,0.015,0.015,0.768,0.087,0.531,0.52,0.026,0.131,0.026,0.026,0.5,0.087,0.047,0.604,0.298,0.047,0.026,0.469,0.465,0.111,0.087,0.587,0.575,0.575,0.013,0.047,0.097,0.013,0.013,0.557,0.015,0.036,0.12,0.015,0.015,0.153,0.439,0.107,0.107,0.102,0.599,0.233,0.299,0.203,0.514,0.135,0.065,0.036,0.289,0.233,0.481,0.294,0.065,0.3,0.57,0.111,0.125,0.367,0.111,0.782,0.344,0.054,0.34,0.641,0.142,0.032,0.309,0.112,0.446,0.032,0.029,0.071,0.89,0.19,0.029,0.158,0.029,0.032,0.912,0.092,0.17,0.097,0.275,0.157,0.29,0.913,0.393,0.094,0.408,0.167,0.387,0.274,0.248,0.181,0.179,0.523,0.503,0.521
0.339,0.339,0.308,0.308,0.491,0.912,0.248,0.236,0.912,0.104,0.236,0.309,0.201,0.491,0.309,0.236,0.201,0.491,0.158,0.201,0.533,0.117,0.533,0.172,0.201,0.248,0.172,0.236,0.209,0.104,0.209,0.117,0.285,0.288,0.345,0.288,0.734,0.345,0.285,0.734,0.458,0.288,0.728,0.413,0.288,0.734,0.168,0.728,0.646,0.728,0.968,0.233,0.273,0.303,0.635,0.303,0.307,0.63,0.63,0.63,0.191,0.635,0.307,0.635,0.273,0.191,0.256,0.322,0.256,0.207,0.207,0.207,0.384,0.413,0.292,0.194,0.693,0.279,0.652,0.693,0.366,0.413,0.255,0.267,0.33,0.255,0.652,0.191,0.278,0.341,0.413,0.269,0.225,0.264,0.771,0.255,0.181,0.771,0.771,0.224,0.75,0.573,0.282,0.75,0.75,0.742,0.213,0.176,0.176,0.031,0.078,0.043,0.171,0.016,0.265,0.372,0.632,0.459,0.187,0.043,0.256,0.19,0.472,0.152,0.351,0.184,0.857,0.431,0.184,0.022,0.161,0.226,0.157,0.107,0.853,0.598,0.319,0.029,0.49,0.598,0.571,0.737,0.278,0.965,0.571,0.589,0.571,0.598,0.277,0.859,0.959,0.876,0.581,0.668,0.532,0.363,0.453,0.869,0.477,0.957,0.446,0.601,0.492,0.501,0.492,0.299,0.25,0.451
0.434,0.434,0.532,0.532,0.565,0.066,0.564,0.376,0.066,0.279,0.376,0.465,0.468,0.565,0.465,0.376,0.468,0.565,0.417,0.468,0.416,0.252,0.416,0.479,0.468,0.564,0.479,0.376,0.383,0.279,0.383,0.252,0.969,0.348,0.468,0.348,0.267,0.468,0.969,0.267,0.046,0.348,0.695,0.146,0.348,0.267,0.434,0.695,0.449,0.695,0.068,0.041,0.964,0.981,0.253,0.981,0.982,0.563,0.563,0.563,0.27,0.253,0.982,0.253,0.964,0.27,0.375,0.605,0.375,0.937,0.937,0.937,0.04,0.635,0.327,0.047,0.612,0.296,0.449,0.612,0.03,0.635,0.949,0.035,0.685,0.949,0.449,0.049,0.029,0.41,0.635,0.239,0.045,0.036,0.422,0.949,0.49,0.422,0.422,0.049,0.368,0.447,0.299,0.368,0.368,0.322,0.039,0.003,0.003,0.001,0.008,0.008,0.02,0.005,0.031,0.374,0.388,0.658,0.022,0.008,0.038,0.021,0.402,0.031,0.032,0.001,0.344,0.095,0.001,0.006,0.031,0.953,0.033,0.005,0.106,0.843,0.105,0.001,0.135,0.843,0.505,0.327,0.041,0.315,0.505,0.105,0.505,0.843,0.041,0.286,0.343,0.283,0.326,0.078,0.299,0.04,0.688,0.288,0.717,0.335,0.762,0.317,0.293,0.318,0.322,0.56,0.578,0.487
0.622,0.622,0.575,0.575,0.207,0.371,0.505,0.385,0.363,0.357,0.385,0.437,0.448,0.207,0.437,0.385,0.448,0.207,0.737,0.448,0.595,0.285,0.595,0.43,0.448,0.505,0.43,0.385,0.341,0.357,0.341,0.285,0.513,0.482,0.532,0.482,0.252,0.532,0.513,0.252,0.253,0.482,0.542,0.052,0.482,0.252,0.831,0.542,0.145,0.542,0.4,0.253,0.16,0.519,0.51,0.519,0.533,0.669,0.669,0.669,0.395,0.51,0.533,0.51,0.16,0.395,0.447,0.177,0.447,0.326,0.326,0.326,0.136,0.124,0.053,0.235,0.299,0.198,0.277,0.299,0.28,0.124,0.165,0.255,0.205,0.165,0.277,0.231,0.289,0.2,0.124,0.072,0.201,0.265,0.351,0.165,0.6,0.351,0.351,0.208,0.287,0.424,0.224,0.287,0.287,0.225,0.232,0.819,0.819,0.839,0.873,0.469,0.135,0.498,0.231,0.203,0.171,0.447,0.127,0.469,0.242,0.135,0.167,0.12,0.258,0.534,0.138,0.064,0.534,0.943,0.098,0.167,0.094,0.859,0.162,0.279,0.068,0.629,0.074,0.279,0.24,0.115,0.971,0.326,0.24,0.171,0.24,0.279,0.97,0.292,0.362,0.319,0.097,0.169,0.091,0.943,0.084,0.337,0.12,0.357,0.117,0.098,0.083,0.096,0.086,0.142,0.155,0.136
0.618,0.618,0.594,0.594,0.822,0.115,0.523,0.629,0.115,0.629,0.629,0.588,0.478,0.822,0.588,0.629,0.478,0.822,0.973,0.478,0.511,0.579,0.511,0.457,0.478,0.523,0.457,0.629,0.607,0.629,0.607,0.579,0.411,0.524,0.475,0.524,0.863,0.475,0.411,0.863,0.688,0.524,0.848,0.834,0.524,0.863,0.955,0.848,0.917,0.848,0.112,0.779,0.887,0.584,0.919,0.584,0.598,0.917,0.917,0.917,0.496,0.919,0.598,0.919,0.887,0.496,0.517,0.952,0.517,0.939,0.939,0.939,0.476,0.736,0.834,0.418,0.891,0.98,0.895,0.891,0.428,0.736,0.774,0.415,0.943,0.774,0.895,0.523,0.46,0.888,0.736,0.846,0.566,0.388,0.926,0.774,0.914,0.926,0.926,0.552,0.92,0.726,0.982,0.92,0.92,0.893,0.415,0.727,0.727,0.749,0.756,0.636,0.995,0.654,0.296,0.908,0.84,0.71,0.995,0.636,0.511,0.994,0.858,0.927,0.337,0.734,0.834,0.992,0.734,0.743,0.9,0.563,0.906,0.785,0.905,0.896,0.992,0.759,0.988,0.896,0.911,0.619,0.064,0.942,0.911,0.932,0.911,0.896,0.061,0.889,0.966,0.856,0.985,0.947,0.995,0.057,0.997,0.855,0.999,0.963,0.995,0.976,0.975,0.995,0.978,0.908,0.889,0.619
0.31,0.31,0.251,0.251,0.721,0.224,0.284,0.223,0.25,0.237,0.223,0.184,0.334,0.721,0.184,0.223,0.334,0.721,0.534,0.334,0.303,0.166,0.303,0.358,0.334,0.284,0.358,0.223,0.244,0.237,0.244,0.166,0.121,0.389,0.334,0.389,0.745,0.334,0.121,0.745,0.347,0.389,0.646,0.458,0.389,0.745,0.542,0.646,0.662,0.646,0.122,0.352,0.587,0.117,0.704,0.117,0.112,0.588,0.588,0.588,0.214,0.704,0.112,0.704,0.587,0.214,0.383,0.671,0.383,0.64,0.64,0.64,0.522,0.777,0.548,0.739,0.501,0.349,0.54,0.501,0.656,0.777,0.844,0.724,0.625,0.844,0.54,0.746,0.696,0.498,0.777,0.524,0.724,0.705,0.681,0.844,0.814,0.681,0.681,0.736,0.642,0.802,0.374,0.642,0.642,0.516,0.857,0.446,0.446,0.464,0.987,0.82,0.747,0.84,0.855,0.51,0.054,0.813,0.783,0.82,0.854,0.737,0.067,0.804,0.861,0.497,0.617,0.13,0.497,0.86,0.758,0.835,0.789,0.953,0.082,0.544,0.074,0.511,0.098,0.544,0.667,0.131,0.956,0.113,0.667,0.023,0.667,0.544,0.967,0.154,0.098,0.145,0.189,0.024,0.352,0.98,0.392,0.136,0.474,0.101,0.514,0.195,0.344,0.281,0.275,0.043,0.031,0.034
0.097,0.097,0.108,0.108,0.446,0.218,0.027,0.035,0.216,0.802,0.035,0.032,0.024,0.446,0.032,0.035,0.024,0.446,0.459,0.024,0.083,0.794,0.083,0.024,0.024,0.027,0.024,0.035,0.037,0.802,0.037,0.794,0.851,0.05,0.033,0.05,0.644,0.033,0.851,0.644,0.711,0.05,0.668,0.45,0.05,0.644,0.572,0.668,0.31,0.668,0.113,0.703,0.284,0.928,0.592,0.928,0.93,0.603,0.603,0.603,0.759,0.592,0.93,0.592,0.284,0.759,0.055,0.424,0.055,0.126,0.126,0.126,0.704,0.609,0.391,0.885,0.228,0.106,0.216,0.228,0.933,0.609,0.323,0.924,0.416,0.323,0.216,0.892,0.931,0.151,0.609,0.382,0.863,0.925,0.146,0.323,0.8,0.146,0.146,0.899,0.144,0.246,0.098,0.144,0.144,0.079,0.9,0.736,0.736,0.852,0.885,0.789,0.843,0.775,0.95,0.144,0.48,0.263,0.855,0.789,0.868,0.847,0.535,0.758,0.954,0.726,0.149,0.934,0.726,0.753,0.805,0.292,0.803,0.875,0.228,0.472,0.966,0.748,0.956,0.472,0.486,0.44,0.225,0.848,0.486,0.221,0.486,0.472,0.233,0.752,0.823,0.771,0.654,0.225,0.478,0.209,0.732,0.763,0.675,0.801,0.666,0.599,0.509,0.583,0.6,0.88,0.893,0.489
0.092,0.092,0.063,0.063,0.852,0.285,0.049,0.05,0.284,0.031,0.05,0.052,0.038,0.852,0.052,0.05,0.038,0.852,0.449,0.038,0.049,0.031,0.049,0.035,0.038,0.049,0.035,0.05,0.039,0.031,0.039,0.031,0.019,0.017,0.055,0.017,0.775,0.055,0.019,0.775,0.082,0.017,0.622,0.11,0.017,0.775,0.475,0.622,0.255,0.622,0.272,0.062,0.663,0.015,0.708,0.015,0.015,0.521,0.521,0.521,0.029,0.708,0.015,0.708,0.663,0.029,0.023,0.345,0.023,0.541,0.541,0.541,0.091,0.786,0.146,0.162,0.738,0.052,0.708,0.738,0.13,0.786,0.724,0.12,0.322,0.724,0.708,0.146,0.125,0.066,0.786,0.133,0.175,0.131,0.777,0.724,0.72,0.777,0.777,0.158,0.829,0.917,0.044,0.829,0.829,0.047,0.142,0.396,0.396,0.324,0.105,0.335,0.113,0.265,0.149,0.059,0.038,0.943,0.099,0.335,0.144,0.112,0.041,0.1,0.163,0.51,0.042,0.957,0.51,0.194,0.091,0.718,0.096,0.127,0.05,0.825,0.957,0.435,0.963,0.825,0.861,0.037,0.446,0.889,0.861,0.09,0.861,0.825,0.463,0.64,0.772,0.683,0.73,0.073,0.69,0.538,0.553,0.654,0.535,0.75,0.538,0.72,0.688,0.701,0.668,0.485,0.497,0.462
0.747,0.747,0.638,0.638,0.144,0.88,0.785,0.852,0.876,0.654,0.852,0.804,0.78,0.144,0.804,0.852,0.78,0.144,0.054,0.78,0.816,0.69,0.816,0.713,0.78,0.785,0.713,0.852,0.806,0.654,0.806,0.69,0.58,0.846,0.844,0.846,0.504,0.844,0.58,0.504,0.809,0.846,0.504,0.591,0.846,0.504,0.055,0.504,0.853,0.504,0.913,0.813,0.443,0.669,0.366,0.669,0.66,0.308,0.308,0.308,0.647,0.366,0.66,0.366,0.443,0.647,0.813,0.867,0.813,0.502,0.502,0.502,0.86,0.1,0.694,0.783,0.417,0.941,0.3,0.417,0.88,0.1,0.203,0.848,0.876,0.203,0.3,0.764,0.902,0.897,0.1,0.693,0.772,0.842,0.475,0.203,0.036,0.475,0.475,0.76,0.455,0.457,0.938,0.455,0.455,0.895,0.783,0.739,0.739,0.583,0.433,0.039,0.484,0.102,0.838,0.902,0.967,0.598,0.528,0.039,0.794,0.517,0.958,0.567,0.916,0.598,0.853,0.502,0.598,0.047,0.561,0.463,0.556,0.316,0.688,0.163,0.475,0.406,0.649,0.163,0.126,0.74,0.409,0.621,0.126,0.78,0.126,0.163,0.403,0.688,0.447,0.693,0.652,0.755,0.538,0.372,0.695,0.66,0.754,0.472,0.754,0.699,0.539,0.506,0.524,0.781,0.763,0.839
0.156,0.156,0.143,0.143,0.051,0.793,0.114,0.134,0.79,0.083,0.134,0.146,0.203,0.051,0.146,0.134,0.203,0.051,0.887,0.203,0.146,0.081,0.146,0.185,0.203,0.114,0.185,0.134,0.115,0.083,0.115,0.081,0.181,0.167,0.123,0.167,0.069,0.123,0.181,0.069,0.772,0.167,0.062,0.065,0.167,0.069,0.8,0.062,0.285,0.062,0.682,0.796,0.032,0.271,0.056,0.271,0.278,0.05,0.05,0.05,0.089,0.056,0.278,0.056,0.032,0.089,0.146,0.178,0.146,0.042,0.042,0.042,0.534,0.048,0.049,0.921,0.032,0.396,0.04,0.032,0.56,0.048,0.037,0.668,0.239,0.037,0.04,0.924,0.433,0.447,0.048,0.057,0.926,0.692,0.051,0.037,0.938,0.051,0.051,0.935,0.052,0.038,0.477,0.052,0.052,0.444,0.848,0.133,0.133,0.154,0.715,0.204,0.92,0.199,0.657,0.545,0.216,0.04,0.916,0.204,0.855,0.914,0.218,0.982,0.553,0.165,0.539,0.652,0.165,0.692,0.986,0.037,0.986,0.731,0.533,0.052,0.69,0.203,0.484,0.052,0.055,0.176,0.159,0.497,0.055,0.606,0.055,0.052,0.155,0.507,0.48,0.551,0.665,0.553,0.868,0.139,0.812,0.539,0.894,0.468,0.887,0.628,0.87,0.927,0.918,0.952,0.949,0.867
0.355,0.355,0.358,0.358,0.016,0.537,0.166,0.411,0.559,0.213,0.411,0.19,0.373,0.016,0.19,0.411,0.373,0.016,0.76,0.373,0.31,0.266,0.31,0.357,0.373,0.166,0.357,0.411,0.414,0.213,0.414,0.266,0.553,0.333,0.2,0.333,0.063,0.2,0.553,0.063,0.767,0.333,0.046,0.041,0.333,0.063,0.76,0.046,0.177,0.046,0.539,0.775,0.013,0.621,0.07,0.621,0.632,0.052,0.052,0.052,0.201,0.07,0.632,0.07,0.013,0.201,0.284,0.11,0.284,0.034,0.034,0.034,0.664,0.014,0.031,0.629,0.016,0.3,0.038,0.016,0.708,0.014,0.015,0.659,0.113,0.015,0.038,0.535,0.69,0.269,0.014,0.035,0.597,0.763,0.155,0.015,0.679,0.155,0.155,0.527,0.152,0.033,0.31,0.152,0.152,0.411,0.699,0.079,0.079,0.116,0.162,0.143,0.189,0.145,0.77,0.274,0.67,0.023,0.203,0.143,0.669,0.199,0.606,0.322,0.822,0.132,0.531,0.229,0.132,0.192,0.259,0.013,0.264,0.169,0.635,0.026,0.22,0.139,0.221,0.026,0.038,0.818,0.674,0.096,0.038,0.368,0.038,0.026,0.675,0.725,0.127,0.737,0.118,0.381,0.121,0.704,0.147,0.73,0.185,0.115,0.18,0.1,0.136,0.115,0.131,0.268,0.335,0.293
0.985,0.985,0.97,0.97,0.538,0.174,0.955,0.976,0.197,0.973,0.976,0.976,0.977,0.538,0.976,0.976,0.977,0.538,0.344,0.977,0.981,0.995,0.981,0.989,0.977,0.955,0.989,0.976,0.999,0.973,0.999,0.995,0.895,0.972,0.978,0.972,0.37,0.978,0.895,0.37,0.261,0.972,0.393,0.715,0.972,0.37,0.314,0.393,0.849,0.393,0.168,0.215,0.594,0.877,0.36,0.877,0.878,0.355,0.355,0.355,0.991,0.36,0.878,0.36,0.594,0.991,0.999,0.827,0.999,0.432,0.432,0.432,0.293,0.579,0.661,0.109,0.553,0.203,0.586,0.553,0.193,0.579,0.486,0.178,0.854,0.486,0.586,0.114,0.196,0.227,0.579,0.661,0.123,0.17,0.348,0.486,0.125,0.348,0.348,0.12,0.367,0.201,0.192,0.367,0.367,0.156,0.112,0.299,0.299,0.361,0.376,0.496,0.033,0.545,0.169,0.212,0.213,0.202,0.03,0.496,0.101,0.031,0.22,0.036,0.164,0.326,0.189,0.018,0.326,0.489,0.039,0.232,0.041,0.382,0.178,0.328,0.031,0.374,0.028,0.328,0.329,0.268,0.816,0.006,0.329,0.249,0.329,0.328,0.811,0.738,0.006,0.783,0.07,0.292,0.08,0.79,0.091,0.749,0.107,0.005,0.102,0.071,0.081,0.075,0.076,0.066,0.064,0.061
0.41,0.41,0.324,0.324,0.197,0.888,0.328,0.675,0.914,0.882,0.675,0.408,0.705,0.197,0.408,0.675,0.705,0.197,0.074,0.705,0.367,0.854,0.367,0.784,0.705,0.328,0.784,0.675,0.797,0.882,0.797,0.854,0.837,0.674,0.381,0.674,0.614,0.381,0.837,0.614,0.374,0.674,0.656,0.835,0.674,0.614,0.095,0.656,0.562,0.656,0.897,0.348,0.786,0.84,0.609,0.84,0.842,0.641,0.641,0.641,0.889,0.609,0.842,0.609,0.786,0.889,0.8,0.558,0.8,0.997,0.997,0.997,0.403,0.347,0.546,0.344,0.905,0.569,0.918,0.905,0.509,0.347,0.787,0.407,0.562,0.787,0.918,0.328,0.498,0.699,0.347,0.438,0.368,0.439,0.93,0.787,0.065,0.93,0.93,0.34,0.909,0.822,0.543,0.909,0.909,0.583,0.32,0.885,0.885,0.413,0.449,0.641,0.354,0.294,0.37,0.674,0.748,0.805,0.344,0.641,0.319,0.326,0.772,0.204,0.499,0.937,0.675,0.598,0.937,0.154,0.193,0.671,0.177,0.343,0.822,0.841,0.555,0.351,0.468,0.841,0.854,0.811,0.486,0.255,0.854,0.808,0.854,0.841,0.489,0.293,0.318,0.417,0.386,0.795,0.295,0.495,0.406,0.403,0.276,0.312,0.282,0.386,0.264,0.218,0.247,0.312,0.337,0.371
0.83,0.83,0.725,0.725,0.369,0.489,0.875,0.82,0.433,0.7,0.82,0.904,0.791,0.369,0.904,0.82,0.791,0.369,0.558,0.791,0.963,0.684,0.963,0.746,0.791,0.875,0.746,0.82,0.796,0.7,0.796,0.684,0.7,0.902,0.965,0.902,0.464,0.965,0.7,0.464,0.657,0.902,0.49,0.174,0.902,0.464,0.68,0.49,0.379,0.49,0.366,0.591,0.555,0.576,0.405,0.576,0.516,0.431,0.431,0.431,0.832,0.405,0.516,0.405,0.555,0.832,0.88,0.183,0.88,0.315,0.315,0.315,0.386,0.474,0.191,0.658,0.603,0.277,0.496,0.603,0.633,0.474,0.342,0.651,0.204,0.342,0.496,0.599,0.569,0.228,0.474,0.189,0.607,0.68,0.563,0.342,0.481,0.563,0.563,0.603,0.461,0.2,0.277,0.461,0.461,0.343,0.582,0.837,0.837,0.689,0.865,0.707,0.794,0.78,0.622,0.227,0.181,0.247,0.778,0.707,0.553,0.729,0.149,0.897,0.482,0.768,0.266,0.142,0.768,0.499,0.875,0.186,0.852,0.878,0.146,0.336,0.133,0.684,0.155,0.336,0.27,0.116,0.755,0.521,0.27,0.253,0.27,0.336,0.767,0.953,0.598,0.965,0.096,0.277,0.067,0.802,0.129,0.969,0.135,0.551,0.139,0.111,0.079,0.066,0.078,0.076,0.066,0.044
0.498,0.498,0.544,0.544,0.961,0.023,0.469,0.412,0.023,0.615,0.412,0.496,0.378,0.961,0.496,0.412,0.378,0.961,0.897,0.378,0.637,0.624,0.637,0.515,0.378,0.469,0.515,0.412,0.512,0.615,0.512,0.624,0.427,0.448,0.523,0.448,0.541,0.523,0.427,0.541,0.116,0.448,0.533,0.095,0.448,0.541,0.817,0.533,0.384,0.533,0.022,0.109,0.891,0.395,0.56,0.395,0.387,0.501,0.501,0.501,0.723,0.56,0.387,0.56,0.891,0.723,0.612,0.353,0.612,0.734,0.734,0.734,0.057,0.911,0.114,0.546,0.439,0.853,0.343,0.439,0.116,0.911,0.887,0.069,0.348,0.887,0.343,0.542,0.118,0.935,0.911,0.107,0.563,0.066,0.313,0.887,0.917,0.313,0.313,0.544,0.25,0.428,0.85,0.25,0.25,0.828,0.488,0.846,0.846,0.875,0.512,0.956,0.434,0.951,0.084,0.926,0.96,0.511,0.399,0.956,0.457,0.407,0.971,0.449,0.086,0.882,0.906,0.873,0.882,0.953,0.475,0.875,0.48,0.592,0.924,0.294,0.9,0.897,0.776,0.294,0.193,0.93,0.01,0.559,0.193,0.979,0.193,0.294,0.01,0.692,0.543,0.626,0.83,0.977,0.853,0.009,0.763,0.617,0.919,0.562,0.917,0.798,0.916,0.899,0.943,0.885,0.9,0.709
0.139,0.139,0.102,0.102,0.858,0.828,0.057,0.11,0.813,0.116,0.11,0.081,0.082,0.858,0.081,0.11,0.082,0.858,0.477,0.082,0.093,0.144,0.093,0.069,0.082,0.057,0.069,0.11,0.107,0.116,0.107,0.144,0.065,0.122,0.091,0.122,0.904,0.091,0.065,0.904,0.289,0.122,0.908,0.324,0.122,0.904,0.471,0.908,0.169,0.908,0.707,0.321,0.84,0.088,0.859,0.088,0.092,0.931,0.931,0.931,0.105,0.859,0.092,0.859,0.84,0.105,0.102,0.201,0.102,0.643,0.643,0.643,0.452,0.826,0.285,0.613,0.834,0.199,0.823,0.834,0.557,0.826,0.843,0.655,0.195,0.843,0.823,0.594,0.567,0.249,0.826,0.301,0.606,0.649,0.613,0.843,0.246,0.613,0.613,0.601,0.698,0.813,0.194,0.698,0.698,0.25,0.625,0.977,0.977,0.957,0.895,0.791,0.205,0.636,0.709,0.244,0.088,0.75,0.193,0.791,0.617,0.187,0.096,0.277,0.554,0.978,0.283,0.81,0.978,0.588,0.246,0.732,0.242,0.892,0.299,0.856,0.773,0.939,0.766,0.856,0.844,0.079,0.984,0.979,0.844,0.212,0.844,0.856,0.982,0.949,0.985,0.961,0.402,0.22,0.361,0.991,0.887,0.949,0.217,0.977,0.244,0.412,0.365,0.404,0.411,0.371,0.315,0.958
0.181,0.181,0.199,0.199,0.421,0.626,0.121,0.448,0.517,0.422,0.448,0.173,0.435,0.421,0.173,0.448,0.435,0.421,0.728,0.435,0.169,0.45,0.169,0.432,0.435,0.121,0.432,0.448,0.457,0.422,0.457,0.45,0.272,0.562,0.169,0.562,0.344,0.169,0.272,0.344,0.304,0.562,0.257,0.196,0.562,0.344,0.604,0.257,0.021,0.257,0.331,0.276,0.294,0.291,0.343,0.291,0.293,0.27,0.27,0.27,0.562,0.343,0.293,0.343,0.294,0.562,0.551,0.027,0.551,0.185,0.185,0.185,0.203,0.45,0.179,0.557,0.289,0.233,0.301,0.289,0.446,0.45,0.319,0.634,0.028,0.319,0.301,0.544,0.491,0.285,0.45,0.176,0.551,0.636,0.224,0.319,0.614,0.224,0.224,0.553,0.237,0.318,0.1,0.237,0.237,0.065,0.521,0.264,0.264,0.281,0.302,0.308,0.788,0.309,0.583,0.161,0.412,0.309,0.837,0.308,0.497,0.842,0.372,0.85,0.378,0.292,0.144,0.639,0.292,0.219,0.889,0.245,0.89,0.296,0.21,0.21,0.62,0.318,0.709,0.21,0.207,0.232,0.699,0.813,0.207,0.362,0.207,0.21,0.797,0.589,0.649,0.621,0.054,0.258,0.04,0.7,0.003,0.657,0.001,0.793,0.002,0.051,0.036,0.039,0.035,0.01,0.01,0.002
0.403,0.403,0.385,0.385,0.974,0.744,0.407,0.314,0.807,0.222,0.314,0.387,0.336,0.974,0.387,0.314,0.336,0.974,0.833,0.336,0.138,0.178,0.138,0.273,0.336,0.407,0.273,0.314,0.277,0.222,0.277,0.178,0.048,0.258,0.211,0.258,0.861,0.211,0.048,0.861,0.689,0.258,0.793,0.541,0.258,0.861,0.742,0.793,0.096,0.793,0.688,0.662,0.801,0.042,0.844,0.042,0.042,0.818,0.818,0.818,0.126,0.844,0.042,0.844,0.801,0.126,0.24,0.063,0.24,0.965,0.965,0.965,0.798,0.977,0.679,0.332,0.704,0.101,0.712,0.704,0.51,0.977,0.734,0.442,0.072,0.734,0.712,0.314,0.504,0.131,0.977,0.607,0.34,0.451,0.85,0.734,0.957,0.85,0.85,0.32,0.825,0.852,0.075,0.825,0.825,0.185,0.384,0.716,0.716,0.648,0.661,0.932,0.621,0.922,0.48,0.107,0.326,0.866,0.526,0.932,0.364,0.55,0.306,0.656,0.541,0.769,0.256,0.844,0.769,0.856,0.573,0.89,0.585,0.689,0.383,0.887,0.82,0.717,0.851,0.887,0.904,0.367,0.562,0.645,0.904,0.213,0.904,0.887,0.591,0.862,0.686,0.848,0.698,0.181,0.741,0.512,0.408,0.844,0.57,0.679,0.478,0.727,0.752,0.711,0.72,0.805,0.775,0.555
0.503,0.503,0.453,0.453,0.89,0.443,0.454,0.443,0.428,0.309,0.443,0.502,0.394,0.89,0.502,0.443,0.394,0.89,0.556,0.394,0.487,0.344,0.487,0.328,0.394,0.454,0.328,0.443,0.377,0.309,0.377,0.344,0.234,0.386,0.498,0.386,0.791,0.498,0.234,0.791,0.752,0.386,0.803,0.148,0.386,0.791,0.59,0.803,0.535,0.803,0.429,0.861,0.595,0.441,0.824,0.441,0.453,0.828,0.828,0.828,0.266,0.824,0.453,0.824,0.595,0.266,0.354,0.532,0.354,0.771,0.771,0.771,0.792,0.89,0.211,0.555,0.597,0.715,0.62,0.597,0.761,0.89,0.756,0.685,0.615,0.756,0.62,0.575,0.818,0.821,0.89,0.324,0.569,0.643,0.502,0.756,0.833,0.502,0.502,0.587,0.529,0.864,0.817,0.529,0.529,0.662,0.589,0.689,0.689,0.535,0.029,0.479,0.506,0.36,0.666,0.892,0.927,0.841,0.52,0.479,0.602,0.525,0.939,0.611,0.657,0.801,0.778,0.646,0.801,0.03,0.623,0.878,0.593,0.036,0.868,0.88,0.674,0.716,0.723,0.88,0.895,0.937,0.285,0.807,0.895,0.928,0.895,0.88,0.205,0.572,0.764,0.772,0.79,0.94,0.699,0.121,0.961,0.809,0.99,0.733,0.991,0.851,0.699,0.738,0.726,0.927,0.957,0.864
0.265,0.265,0.246,0.246,0.908,0.666,0.243,0.147,0.575,0.27,0.147,0.267,0.14,0.908,0.267,0.147,0.14,0.908,0.98,0.14,0.299,0.326,0.299,0.169,0.14,0.243,0.169,0.147,0.178,0.27,0.178,0.326,0.125,0.207,0.322,0.207,0.962,0.322,0.125,0.962,0.719,0.207,0.969,0.127,0.207,0.962,0.97,0.969,0.405,0.969,0.517,0.79,0.709,0.178,0.956,0.178,0.185,0.966,0.966,0.966,0.28,0.956,0.185,0.956,0.709,0.28,0.217,0.449,0.217,0.823,0.823,0.823,0.656,0.927,0.152,0.93,0.853,0.785,0.914,0.853,0.941,0.927,0.859,0.97,0.476,0.859,0.914,0.951,0.956,0.79,0.927,0.164,0.903,0.959,0.876,0.859,0.893,0.876,0.876,0.94,0.915,0.934,0.782,0.915,0.915,0.751,0.927,0.989,0.989,0.995,0.867,0.729,0.93,0.791,0.982,0.839,0.434,0.879,0.947,0.729,0.917,0.948,0.406,0.906,0.968,0.974,0.792,0.946,0.974,0.79,0.952,0.819,0.951,0.869,0.44,0.955,0.946,0.984,0.955,0.955,0.97,0.514,0.342,0.955,0.97,0.627,0.97,0.955,0.34,0.982,0.97,0.966,0.929,0.631,0.925,0.465,0.761,0.96,0.791,0.972,0.81,0.934,0.912,0.937,0.926,0.709,0.696,0.689
0.516,0.516,0.492,0.492,0.297,0.703,0.502,0.587,0.752,0.539,0.587,0.532,0.544,0.297,0.532,0.587,0.544,0.297,0.576,0.544,0.451,0.552,0.451,0.571,0.544,0.502,0.571,0.587,0.618,0.539,0.618,0.552,0.444,0.496,0.456,0.496,0.687,0.456,0.444,0.687,0.698,0.496,0.69,0.415,0.496,0.687,0.548,0.69,0.155,0.69,0.776,0.723,0.081,0.511,0.679,0.511,0.546,0.662,0.662,0.662,0.498,0.679,0.546,0.679,0.081,0.498,0.513,0.089,0.513,0.064,0.064,0.064,0.678,0.319,0.307,0.794,0.41,0.25,0.42,0.41,0.64,0.319,0.187,0.731,0.115,0.187,0.42,0.812,0.648,0.123,0.319,0.264,0.77,0.733,0.34,0.187,0.513,0.34,0.34,0.784,0.38,0.391,0.265,0.38,0.38,0.424,0.814,0.603,0.603,0.546,0.594,0.695,0.855,0.635,0.754,0.14,0.257,0.373,0.801,0.695,0.789,0.803,0.268,0.712,0.588,0.622,0.208,0.2,0.622,0.633,0.719,0.058,0.713,0.704,0.318,0.403,0.202,0.555,0.399,0.403,0.423,0.39,0.267,0.298,0.423,0.151,0.423,0.403,0.275,0.686,0.228,0.708,0.492,0.182,0.142,0.277,0.473,0.715,0.596,0.231,0.632,0.17,0.301,0.137,0.303,0.305,0.313,0.255
0.422,0.422,0.406,0.406,0.032,0.511,0.362,0.285,0.551,0.512,0.285,0.343,0.292,0.032,0.343,0.285,0.292,0.032,0.006,0.292,0.345,0.59,0.345,0.253,0.292,0.362,0.253,0.285,0.258,0.512,0.258,0.59,0.657,0.339,0.463,0.339,0.012,0.463,0.657,0.012,0.38,0.339,0.007,0.642,0.339,0.012,0.003,0.007,0.563,0.007,0.398,0.568,0.402,0.746,0.03,0.746,0.739,0.021,0.021,0.021,0.621,0.03,0.739,0.03,0.402,0.621,0.279,0.369,0.279,0.561,0.561,0.561,0.67,0.038,0.723,0.846,0.523,0.047,0.562,0.523,0.809,0.038,0.608,0.743,0.507,0.608,0.562,0.857,0.77,0.081,0.038,0.726,0.854,0.745,0.852,0.608,0.018,0.852,0.852,0.858,0.884,0.648,0.049,0.884,0.884,0.045,0.83,0.027,0.027,0.028,0.153,0.072,0.473,0.07,0.656,0.089,0.297,0.601,0.494,0.072,0.83,0.489,0.313,0.62,0.651,0.048,0.069,0.138,0.048,0.242,0.622,0.466,0.627,0.242,0.078,0.441,0.147,0.051,0.113,0.441,0.476,0.159,0.402,0.039,0.476,0.102,0.476,0.441,0.402,0.067,0.059,0.064,0.256,0.112,0.261,0.435,0.246,0.086,0.296,0.074,0.297,0.231,0.268,0.289,0.231,0.309,0.339,0.48
0.81,0.81,0.862,0.862,0.309,0.191,0.803,0.656,0.157,0.785,0.656,0.818,0.802,0.309,0.818,0.656,0.802,0.309,0.2,0.802,0.625,0.647,0.625,0.863,0.802,0.803,0.863,0.656,0.738,0.785,0.738,0.647,0.769,0.679,0.667,0.679,0.321,0.667,0.769,0.321,0.354,0.679,0.187,0.254,0.679,0.321,0.173,0.187,0.123,0.187,0.098,0.363,0.544,0.715,0.308,0.715,0.716,0.176,0.176,0.176,0.661,0.308,0.716,0.308,0.544,0.661,0.77,0.119,0.77,0.314,0.314,0.314,0.36,0.553,0.246,0.461,0.923,0.282,0.945,0.923,0.69,0.553,0.278,0.613,0.117,0.278,0.945,0.46,0.685,0.316,0.553,0.237,0.46,0.631,0.912,0.278,0.47,0.912,0.912,0.459,0.814,0.521,0.29,0.814,0.814,0.338,0.476,0.308,0.308,0.369,0.752,0.67,0.514,0.744,0.541,0.367,0.254,0.485,0.53,0.67,0.476,0.532,0.288,0.382,0.456,0.307,0.368,0.657,0.307,0.715,0.391,0.221,0.389,0.764,0.337,0.516,0.673,0.373,0.659,0.516,0.56,0.257,0.76,0.875,0.56,0.207,0.56,0.516,0.759,0.971,0.801,0.986,0.752,0.221,0.834,0.755,0.899,0.977,0.906,0.877,0.916,0.796,0.83,0.817,0.818,0.106,0.14,0.146
0.502,0.502,0.512,0.512,0.689,0.246,0.369,0.807,0.256,0.794,0.807,0.316,0.789,0.689,0.316,0.807,0.789,0.689,0.162,0.789,0.498,0.819,0.498,0.71,0.789,0.369,0.71,0.807,0.744,0.794,0.744,0.819,0.521,0.772,0.447,0.772,0.859,0.447,0.521,0.859,0.172,0.772,0.726,0.037,0.772,0.859,0.159,0.726,0.097,0.726,0.267,0.133,0.928,0.563,0.699,0.563,0.574,0.573,0.573,0.573,0.752,0.699,0.574,0.699,0.928,0.752,0.685,0.073,0.685,0.954,0.954,0.954,0.121,0.792,0.027,0.065,0.791,0.099,0.937,0.791,0.132,0.792,0.896,0.11,0.058,0.896,0.937,0.067,0.119,0.04,0.792,0.024,0.061,0.1,0.935,0.896,0.198,0.935,0.935,0.073,0.943,0.794,0.083,0.943,0.943,0.092,0.063,0.801,0.801,0.857,0.901,0.898,0.043,0.943,0.098,0.038,0.025,0.801,0.05,0.898,0.062,0.051,0.025,0.024,0.125,0.836,0.036,0.892,0.836,0.967,0.029,0.814,0.03,0.946,0.037,0.981,0.89,0.91,0.81,0.981,0.973,0.035,0.151,0.572,0.973,0.049,0.973,0.981,0.162,0.561,0.723,0.566,0.62,0.038,0.548,0.179,0.811,0.587,0.465,0.721,0.543,0.619,0.554,0.637,0.63,0.852,0.815,0.632
0.852,0.852,0.732,0.732,0.679,0.54,0.975,0.959,0.561,0.962,0.959,0.975,0.961,0.679,0.975,0.959,0.961,0.679,0.903,0.961,0.742,0.948,0.742,0.976,0.961,0.975,0.976,0.959,0.971,0.962,0.971,0.948,0.738,0.939,0.953,0.939,0.854,0.953,0.738,0.854,0.184,0.939,0.842,0.027,0.939,0.854,0.811,0.842,0.013,0.842,0.532,0.17,0.632,0.723,0.674,0.723,0.725,0.621,0.621,0.621,0.873,0.674,0.725,0.674,0.632,0.873,0.942,0.02,0.942,0.746,0.746,0.746,0.147,0.58,0.036,0.155,0.687,0.015,0.691,0.687,0.231,0.58,0.645,0.238,0.024,0.645,0.691,0.165,0.256,0.003,0.58,0.031,0.14,0.202,0.737,0.645,0.264,0.737,0.737,0.153,0.743,0.624,0.022,0.743,0.743,0.022,0.137,0.926,0.926,0.939,0.807,0.383,0.075,0.542,0.222,0.004,0.028,0.628,0.093,0.383,0.132,0.084,0.02,0.066,0.275,0.944,0.004,0.755,0.944,0.434,0.05,0.6,0.051,0.7,0.001,0.721,0.684,0.95,0.861,0.721,0.713,0.006,0.511,0.61,0.713,0.007,0.713,0.721,0.527,0.694,0.727,0.733,0.948,0.011,0.918,0.438,0.962,0.739,0.971,0.77,0.975,0.959,0.884,0.826,0.811,0.991,0.982,0.982
0.841,0.841,0.827,0.827,0.96,0.38,0.655,0.684,0.362,0.731,0.684,0.661,0.667,0.96,0.661,0.684,0.667,0.96,0.516,0.667,0.757,0.685,0.757,0.644,0.667,0.655,0.644,0.684,0.664,0.731,0.664,0.685,0.699,0.615,0.663,0.615,0.95,0.663,0.699,0.95,0.495,0.615,0.952,0.103,0.615,0.95,0.66,0.952,0.318,0.952,0.392,0.567,0.93,0.848,0.945,0.848,0.851,0.934,0.934,0.934,0.583,0.945,0.851,0.945,0.93,0.583,0.601,0.325,0.601,0.785,0.785,0.785,0.585,0.973,0.097,0.55,0.899,0.786,0.884,0.899,0.738,0.973,0.886,0.546,0.425,0.886,0.884,0.58,0.762,0.892,0.973,0.116,0.521,0.526,0.823,0.886,0.589,0.823,0.823,0.547,0.817,0.902,0.808,0.817,0.817,0.618,0.533,0.962,0.962,0.972,0.713,0.909,0.522,0.879,0.587,0.929,0.876,0.907,0.501,0.909,0.514,0.503,0.816,0.548,0.7,0.967,0.784,0.722,0.967,0.644,0.52,0.893,0.557,0.78,0.618,0.909,0.538,0.972,0.599,0.909,0.906,0.63,0.349,0.368,0.906,0.914,0.906,0.909,0.356,0.239,0.361,0.253,0.732,0.908,0.829,0.419,0.85,0.291,0.731,0.374,0.715,0.747,0.841,0.877,0.861,0.474,0.472,0.444
0.915,0.915,0.885,0.885,0.464,0.561,0.689,0.726,0.567,0.781,0.726,0.786,0.645,0.464,0.786,0.726,0.645,0.464,0.374,0.645,0.794,0.783,0.794,0.662,0.645,0.689,0.662,0.726,0.745,0.781,0.745,0.783,0.532,0.58,0.6,0.58,0.381,0.6,0.532,0.381,0.859,0.58,0.367,0.703,0.58,0.381,0.38,0.367,0.014,0.367,0.518,0.863,0.951,0.599,0.396,0.599,0.597,0.349,0.349,0.349,0.738,0.396,0.597,0.396,0.951,0.738,0.711,0.011,0.711,0.886,0.886,0.886,0.707,0.475,0.69,0.649,0.894,0.018,0.904,0.894,0.76,0.475,0.913,0.706,0.009,0.913,0.904,0.651,0.828,0.02,0.475,0.68,0.648,0.678,0.717,0.913,0.377,0.717,0.717,0.644,0.793,0.797,0.019,0.793,0.793,0.026,0.567,0.643,0.643,0.669,0.428,0.408,0.372,0.475,0.618,0.023,0.131,0.817,0.286,0.408,0.58,0.322,0.134,0.367,0.682,0.55,0.027,0.334,0.55,0.214,0.41,0.865,0.392,0.423,0.047,0.923,0.512,0.6,0.388,0.923,0.924,0.091,0.809,0.885,0.924,0.054,0.924,0.923,0.798,0.848,0.894,0.814,0.636,0.048,0.704,0.75,0.728,0.822,0.674,0.875,0.66,0.729,0.634,0.763,0.718,0.933,0.929,0.916
0.048,0.048,0.053,0.053,0.34,0.133,0.466,0.195,0.15,0.226,0.195,0.224,0.368,0.34,0.224,0.195,0.368,0.34,0.681,0.368,0.088,0.191,0.088,0.333,0.368,0.466,0.333,0.195,0.194,0.226,0.194,0.191,0.206,0.18,0.266,0.18,0.63,0.266,0.206,0.63,0.33,0.18,0.439,0.96,0.18,0.63,0.508,0.439,0.322,0.439,0.202,0.196,0.374,0.123,0.649,0.123,0.121,0.385,0.385,0.385,0.19,0.649,0.121,0.649,0.374,0.19,0.183,0.348,0.183,0.245,0.245,0.245,0.618,0.516,0.998,0.177,0.365,0.07,0.364,0.365,0.374,0.516,0.447,0.222,0.311,0.447,0.364,0.173,0.358,0.063,0.516,0.996,0.204,0.23,0.216,0.447,0.37,0.216,0.216,0.191,0.228,0.434,0.076,0.228,0.228,0.048,0.173,0.51,0.51,0.612,0.236,0.545,0.542,0.605,0.237,0.067,0.052,0.477,0.495,0.545,0.212,0.5,0.049,0.565,0.29,0.578,0.04,0.748,0.578,0.184,0.544,0.407,0.571,0.2,0.062,0.494,0.71,0.651,0.747,0.494,0.399,0.068,0.499,0.598,0.399,0.154,0.399,0.494,0.517,0.384,0.628,0.342,0.705,0.127,0.624,0.514,0.74,0.402,0.737,0.612,0.74,0.744,0.625,0.567,0.57,0.816,0.806,0.919
0.935,0.935,0.969,0.969,0.182,0.93,0.976,0.943,0.937,0.994,0.943,0.979,0.946,0.182,0.979,0.943,0.946,0.182,0.112,0.946,0.924,0.964,0.924,0.926,0.946,0.976,0.926,0.943,0.933,0.994,0.933,0.964,0.977,0.952,0.968,0.952,0.078,0.968,0.977,0.078,0.484,0.952,0.106,0.884,0.952,0.078,0.13,0.106,0.978,0.106,0.979,0.475,0.794,0.973,0.089,0.973,0.972,0.078,0.078,0.078,0.978,0.089,0.972,0.089,0.794,0.978,0.914,0.965,0.914,0.755,0.755,0.755,0.577,0.091,0.862,0.51,0.593,0.772,0.575,0.593,0.342,0.091,0.534,0.456,0.984,0.534,0.575,0.525,0.349,0.792,0.091,0.867,0.503,0.479,0.455,0.534,0.108,0.455,0.455,0.516,0.483,0.623,0.791,0.483,0.483,0.776,0.438,0.136,0.136,0.231,0.106,0.171,0.223,0.303,0.412,0.808,0.678,0.654,0.215,0.171,0.418,0.214,0.695,0.301,0.365,0.127,0.78,0.538,0.127,0.111,0.287,0.909,0.281,0.115,0.407,0.256,0.402,0.161,0.54,0.256,0.212,0.482,0.288,0.252,0.212,0.441,0.212,0.256,0.294,0.107,0.194,0.09,0.217,0.443,0.276,0.256,0.149,0.139,0.246,0.267,0.291,0.236,0.255,0.212,0.21,0.212,0.204,0.093
0.732,0.732,0.731,0.731,0.119,0.616,0.728,0.581,0.61,0.457,0.581,0.729,0.551,0.119,0.729,0.581,0.551,0.119,0.381,0.551,0.697,0.442,0.697,0.578,0.551,0.728,0.578,0.581,0.552,0.457,0.552,0.442,0.83,0.514,0.697,0.514,0.11,0.697,0.83,0.11,0.746,0.514,0.112,0.885,0.514,0.11,0.386,0.112,0.555,0.112,0.571,0.718,0.105,0.557,0.122,0.557,0.52,0.125,0.125,0.125,0.355,0.122,0.52,0.122,0.105,0.355,0.544,0.517,0.544,0.144,0.144,0.144,0.693,0.046,0.762,0.681,0.125,0.559,0.153,0.125,0.849,0.046,0.116,0.747,0.409,0.116,0.153,0.684,0.813,0.614,0.046,0.7,0.666,0.75,0.132,0.116,0.192,0.132,0.132,0.66,0.173,0.203,0.577,0.173,0.173,0.682,0.646,0.158,0.158,0.262,0.2,0.208,0.556,0.227,0.733,0.613,0.821,0.215,0.541,0.208,0.627,0.523,0.842,0.66,0.824,0.158,0.873,0.46,0.158,0.18,0.634,0.122,0.633,0.196,0.882,0.16,0.469,0.261,0.397,0.16,0.167,0.903,0.687,0.26,0.167,0.769,0.167,0.16,0.682,0.461,0.308,0.526,0.7,0.77,0.765,0.665,0.599,0.477,0.657,0.278,0.641,0.719,0.728,0.739,0.716,0.375,0.385,0.483
0.71,0.71,0.643,0.643,0.15,0.261,0.624,0.845,0.241,0.559,0.845,0.726,0.832,0.15,0.726,0.845,0.832,0.15,0.329,0.832,0.669,0.598,0.669,0.792,0.832,0.624,0.792,0.845,0.775,0.559,0.775,0.598,0.825,0.857,0.655,0.857,0.131,0.655,0.825,0.131,0.763,0.857,0.137,0.288,0.857,0.131,0.305,0.137,0.579,0.137,0.189,0.762,0.332,0.765,0.112,0.765,0.786,0.103,0.103,0.103,0.627,0.112,0.786,0.112,0.332,0.627,0.828,0.586,0.828,0.233,0.233,0.233,0.701,0.157,0.375,0.487,0.224,0.688,0.269,0.224,0.666,0.157,0.177,0.578,0.521,0.177,0.269,0.439,0.621,0.789,0.157,0.342,0.488,0.571,0.225,0.177,0.132,0.225,0.225,0.435,0.212,0.272,0.622,0.212,0.212,0.714,0.303,0.114,0.114,0.123,0.102,0.049,0.324,0.043,0.467,0.8,0.593,0.301,0.36,0.049,0.284,0.355,0.586,0.145,0.562,0.117,0.557,0.033,0.117,0.107,0.231,0.328,0.228,0.106,0.723,0.15,0.033,0.133,0.023,0.15,0.14,0.586,0.238,0.014,0.14,0.911,0.14,0.15,0.272,0.003,0.013,0.003,0.041,0.874,0.049,0.29,0.081,0.003,0.113,0.012,0.089,0.046,0.055,0.051,0.06,0.179,0.202,0.107
0.914,0.914,0.938,0.938,0.435,0.816,0.726,0.941,0.804,0.96,0.941,0.718,0.927,0.435,0.718,0.941,0.927,0.435,0.478,0.927,0.84,0.961,0.84,0.9,0.927,0.726,0.9,0.941,0.923,0.96,0.923,0.961,0.862,0.88,0.721,0.88,0.33,0.721,0.862,0.33,0.569,0.88,0.324,0.468,0.88,0.33,0.439,0.324,0.748,0.324,0.836,0.549,0.174,0.935,0.475,0.935,0.922,0.545,0.545,0.545,0.931,0.475,0.922,0.475,0.174,0.931,0.853,0.784,0.853,0.074,0.074,0.074,0.741,0.304,0.483,0.825,0.119,0.635,0.054,0.119,0.604,0.304,0.286,0.913,0.826,0.286,0.054,0.851,0.613,0.724,0.304,0.491,0.843,0.906,0.064,0.286,0.504,0.064,0.064,0.863,0.043,0.073,0.662,0.043,0.043,0.805,0.852,0.214,0.214,0.21,0.044,0.341,0.508,0.415,0.886,0.765,0.554,0.138,0.562,0.341,0.778,0.58,0.642,0.504,0.532,0.154,0.822,0.927,0.154,0.144,0.608,0.171,0.609,0.044,0.79,0.405,0.942,0.144,0.945,0.405,0.236,0.64,0.322,0.925,0.236,0.784,0.236,0.405,0.323,0.812,0.916,0.773,0.802,0.787,0.687,0.251,0.35,0.777,0.468,0.926,0.449,0.792,0.697,0.724,0.714,0.482,0.5,0.511
0.262,0.262,0.495,0.495,0.242,0.765,0.408,0.422,0.638,0.387,0.422,0.227,0.733,0.242,0.227,0.422,0.733,0.242,0.316,0.733,0.432,0.235,0.432,0.691,0.733,0.408,0.691,0.422,0.398,0.387,0.398,0.235,0.246,0.402,0.186,0.402,0.512,0.186,0.246,0.512,0.978,0.402,0.662,0.289,0.402,0.512,0.631,0.662,0.386,0.662,0.658,0.983,0.616,0.193,0.437,0.193,0.175,0.567,0.567,0.567,0.206,0.437,0.175,0.437,0.616,0.206,0.367,0.234,0.367,0.476,0.476,0.476,0.868,0.375,0.221,0.877,0.943,0.571,0.818,0.943,0.927,0.375,0.163,0.962,0.275,0.163,0.818,0.948,0.905,0.641,0.375,0.209,0.885,0.936,0.785,0.163,0.392,0.785,0.785,0.96,0.799,0.694,0.413,0.799,0.799,0.584,0.948,0.845,0.845,0.771,0.546,0.347,0.825,0.357,0.961,0.484,0.828,0.694,0.859,0.347,0.956,0.868,0.876,0.732,0.921,0.763,0.689,0.466,0.763,0.454,0.786,0.486,0.816,0.472,0.727,0.09,0.444,0.692,0.45,0.09,0.096,0.669,0.628,0.331,0.096,0.752,0.096,0.09,0.643,0.374,0.355,0.367,0.59,0.64,0.648,0.58,0.624,0.355,0.519,0.334,0.48,0.496,0.486,0.604,0.508,0.396,0.342,0.186
0.004,0.004,0.004,0.004,0.482,0.059,0.003,0.008,0.067,0.006,0.008,0.004,0.007,0.482,0.004,0.008,0.007,0.482,0.522,0.007,0.005,0.008,0.005,0.007,0.007,0.003,0.007,0.008,0.007,0.006,0.007,0.008,0.005,0.01,0.002,0.01,0.46,0.002,0.005,0.46,0.038,0.01,0.564,0.848,0.01,0.46,0.571,0.564,0.854,0.564,0.188,0.035,0.72,0.009,0.42,0.009,0.009,0.453,0.453,0.453,0.007,0.42,0.009,0.42,0.72,0.007,0.011,0.829,0.011,0.622,0.622,0.622,0.083,0.272,0.82,0.038,0.581,0.903,0.681,0.581,0.039,0.272,0.802,0.068,0.821,0.802,0.681,0.046,0.046,0.945,0.272,0.813,0.041,0.053,0.466,0.802,0.381,0.466,0.466,0.047,0.61,0.64,0.9,0.61,0.61,0.92,0.093,0.697,0.697,0.682,0.563,0.693,0.308,0.694,0.155,0.928,0.366,0.68,0.293,0.693,0.111,0.283,0.407,0.321,0.082,0.675,0.94,0.076,0.675,0.581,0.351,0.785,0.366,0.538,0.823,0.634,0.052,0.649,0.059,0.634,0.522,0.409,0.588,0.149,0.522,0.733,0.522,0.634,0.559,0.571,0.124,0.584,0.042,0.689,0.044,0.599,0.139,0.668,0.072,0.123,0.073,0.042,0.042,0.035,0.036,0.154,0.116,0.132
0.022,0.022,0.013,0.013,0.339,0.098,0.029,0.952,0.129,0.849,0.952,0.038,0.943,0.339,0.038,0.952,0.943,0.339,0.619,0.943,0.05,0.853,0.05,0.938,0.943,0.029,0.938,0.952,0.943,0.849,0.943,0.853,0.683,0.98,0.041,0.98,0.318,0.041,0.683,0.318,0.208,0.98,0.322,0.571,0.98,0.318,0.569,0.322,0.956,0.322,0.118,0.258,0.574,0.575,0.295,0.575,0.549,0.309,0.309,0.309,0.909,0.295,0.549,0.295,0.574,0.909,0.965,0.504,0.965,0.585,0.585,0.585,0.216,0.384,0.535,0.144,0.507,0.535,0.538,0.507,0.2,0.384,0.34,0.226,0.541,0.34,0.538,0.154,0.195,0.652,0.384,0.558,0.139,0.213,0.536,0.34,0.862,0.536,0.536,0.143,0.517,0.27,0.601,0.517,0.517,0.826,0.197,0.537,0.537,0.552,0.42,0.521,0.757,0.513,0.283,0.696,0.722,0.272,0.761,0.521,0.189,0.758,0.734,0.926,0.281,0.552,0.887,0.715,0.552,0.463,0.93,0.327,0.924,0.396,0.94,0.209,0.661,0.558,0.874,0.209,0.203,0.918,0.796,0.708,0.203,0.64,0.203,0.209,0.787,0.61,0.555,0.653,0.095,0.678,0.057,0.804,0.248,0.601,0.053,0.555,0.053,0.082,0.045,0.054,0.048,0.459,0.407,0.035
0.996,0.996,0.996,0.996,0.295,0.503,0.99,0.968,0.466,0.943,0.968,0.99,0.98,0.295,0.99,0.968,0.98,0.295,0.719,0.98,0.994,0.953,0.994,0.971,0.98,0.99,0.971,0.968,0.966,0.943,0.966,0.953,0.884,0.992,0.997,0.992,0.547,0.997,0.884,0.547,0.225,0.992,0.868,0.952,0.992,0.547,0.957,0.868,0.926,0.868,0.448,0.234,0.512,0.89,0.302,0.89,0.89,0.706,0.706,0.706,0.974,0.302,0.89,0.302,0.512,0.974,0.981,0.93,0.981,0.613,0.613,0.613,0.238,0.369,0.956,0.167,0.661,0.295,0.584,0.661,0.115,0.369,0.268,0.133,0.922,0.268,0.584,0.171,0.152,0.161,0.369,0.952,0.157,0.129,0.69,0.268,0.468,0.69,0.69,0.161,0.685,0.686,0.294,0.685,0.685,0.279,0.177,0.877,0.877,0.776,0.123,0.56,0.101,0.39,0.141,0.151,0.084,0.735,0.08,0.56,0.174,0.085,0.085,0.102,0.156,0.725,0.203,0.911,0.725,0.075,0.086,0.546,0.09,0.111,0.092,0.368,0.947,0.645,0.301,0.368,0.247,0.113,0.08,0.344,0.247,0.079,0.247,0.368,0.081,0.464,0.551,0.511,0.427,0.069,0.723,0.091,0.642,0.508,0.74,0.688,0.76,0.441,0.661,0.674,0.67,0.257,0.242,0.152
0.749,0.749,0.892,0.892,0.701,0.705,0.352,0.26,0.635,0.153,0.26,0.364,0.261,0.701,0.364,0.26,0.261,0.701,0.212,0.261,0.896,0.173,0.896,0.174,0.261,0.352,0.174,0.26,0.237,0.153,0.237,0.173,0.179,0.229,0.338,0.229,0.868,0.338,0.179,0.868,0.359,0.229,0.753,0.916,0.229,0.868,0.212,0.753,0.199,0.753,0.738,0.304,0.593,0.187,0.775,0.187,0.177,0.482,0.482,0.482,0.229,0.775,0.177,0.775,0.593,0.229,0.278,0.197,0.278,0.853,0.853,0.853,0.603,0.721,0.911,0.521,0.196,0.249,0.485,0.196,0.375,0.721,0.47,0.364,0.171,0.47,0.485,0.445,0.273,0.25,0.721,0.914,0.512,0.426,0.92,0.47,0.27,0.92,0.92,0.448,0.959,0.224,0.184,0.959,0.959,0.147,0.587,0.341,0.341,0.334,0.543,0.432,0.419,0.394,0.495,0.262,0.272,0.156,0.419,0.432,0.551,0.417,0.216,0.523,0.463,0.349,0.1,0.378,0.349,0.415,0.5,0.415,0.468,0.534,0.114,0.324,0.378,0.402,0.209,0.324,0.599,0.415,0.497,0.212,0.599,0.241,0.599,0.324,0.488,0.303,0.222,0.327,0.194,0.31,0.443,0.524,0.328,0.327,0.441,0.22,0.468,0.2,0.457,0.467,0.453,0.466,0.466,0.254
0.917,0.917,0.873,0.873,0.653,0.076,0.64,0.534,0.078,0.531,0.534,0.64,0.496,0.653,0.64,0.534,0.496,0.653,0.178,0.496,0.884,0.582,0.884,0.463,0.496,0.64,0.463,0.534,0.499,0.531,0.499,0.582,0.486,0.752,0.827,0.752,0.543,0.827,0.486,0.543,0.209,0.752,0.449,0.856,0.752,0.543,0.129,0.449,0.833,0.449,0.064,0.179,0.788,0.431,0.728,0.431,0.438,0.647,0.647,0.647,0.734,0.728,0.438,0.728,0.788,0.734,0.707,0.745,0.707,0.521,0.521,0.521,0.202,0.861,0.748,0.522,0.821,0.492,0.72,0.821,0.485,0.861,0.83,0.544,0.797,0.83,0.72,0.478,0.47,0.538,0.861,0.731,0.504,0.613,0.592,0.83,0.36,0.592,0.592,0.474,0.598,0.789,0.46,0.598,0.598,0.475,0.38,0.14,0.14,0.149,0.085,0.117,0.175,0.141,0.518,0.513,0.57,0.827,0.212,0.117,0.382,0.205,0.627,0.233,0.439,0.187,0.518,0.241,0.187,0.117,0.25,0.76,0.261,0.128,0.285,0.903,0.206,0.185,0.184,0.903,0.88,0.241,0.032,0.135,0.88,0.623,0.88,0.903,0.029,0.066,0.087,0.068,0.146,0.615,0.109,0.036,0.088,0.075,0.11,0.091,0.1,0.134,0.108,0.131,0.121,0.088,0.097,0.105
0.007,0.007,0.006,0.006,0.631,0.549,0.009,0.006,0.566,0.005,0.006,0.009,0.006,0.631,0.009,0.006,0.006,0.631,0.687,0.006,0.002,0.009,0.002,0.006,0.006,0.009,0.006,0.006,0.006,0.005,0.006,0.009,0.001,0.002,0.004,0.002,0.594,0.004,0.001,0.594,0.097,0.002,0.613,0.114,0.002,0.594,0.764,0.613,0.266,0.613,0.644,0.096,0.913,0.002,0.467,0.002,0.004,0.487,0.487,0.487,0.002,0.467,0.004,0.467,0.913,0.002,0.002,0.288,0.002,0.819,0.819,0.819,0.143,0.778,0.181,0.16,0.849,0.318,0.858,0.849,0.097,0.778,0.469,0.173,0.272,0.469,0.858,0.172,0.106,0.534,0.778,0.182,0.16,0.158,0.884,0.469,0.791,0.884,0.884,0.169,0.897,0.456,0.428,0.897,0.897,0.706,0.17,0.46,0.46,0.416,0.789,0.442,0.428,0.487,0.18,0.722,0.751,0.437,0.398,0.442,0.17,0.401,0.731,0.415,0.114,0.454,0.739,0.352,0.454,0.721,0.392,0.408,0.38,0.778,0.77,0.309,0.393,0.405,0.194,0.309,0.308,0.453,0.815,0.241,0.308,0.591,0.308,0.309,0.833,0.161,0.206,0.154,0.262,0.772,0.481,0.811,0.483,0.152,0.565,0.205,0.557,0.326,0.427,0.448,0.424,0.599,0.601,0.548
0.726,0.726,0.864,0.864,0.714,0.584,0.749,0.642,0.602,0.606,0.642,0.688,0.671,0.714,0.688,0.642,0.671,0.714,0.508,0.671,0.796,0.523,0.796,0.654,0.671,0.749,0.654,0.642,0.54,0.606,0.54,0.523,0.595,0.624,0.678,0.624,0.741,0.678,0.595,0.741,0.482,0.624,0.505,0.889,0.624,0.741,0.363,0.505,0.162,0.505,0.55,0.484,0.874,0.542,0.514,0.542,0.54,0.406,0.406,0.406,0.475,0.514,0.54,0.514,0.874,0.475,0.574,0.189,0.574,0.843,0.843,0.843,0.326,0.724,0.874,0.833,0.761,0.181,0.926,0.761,0.644,0.724,0.642,0.897,0.213,0.642,0.926,0.835,0.632,0.216,0.724,0.87,0.825,0.899,0.722,0.642,0.765,0.722,0.722,0.828,0.828,0.672,0.181,0.828,0.828,0.19,0.819,0.33,0.33,0.308,0.324,0.215,0.51,0.222,0.881,0.211,0.392,0.65,0.516,0.215,0.812,0.522,0.393,0.599,0.55,0.311,0.235,0.054,0.311,0.353,0.626,0.688,0.622,0.229,0.281,0.293,0.066,0.304,0.088,0.293,0.405,0.474,0.467,0.78,0.405,0.204,0.405,0.293,0.472,0.668,0.523,0.575,0.05,0.204,0.047,0.502,0.055,0.558,0.086,0.449,0.083,0.047,0.048,0.052,0.05,0.048,0.048,0.084
0.204,0.204,0.192,0.192,0.831,0.319,0.377,0.396,0.322,0.535,0.396,0.388,0.374,0.831,0.388,0.396,0.374,0.831,0.734,0.374,0.186,0.505,0.186,0.4,0.374,0.377,0.4,0.396,0.433,0.535,0.433,0.505,0.743,0.577,0.535,0.577,0.9,0.535,0.743,0.9,0.771,0.577,0.888,0.399,0.577,0.9,0.744,0.888,0.791,0.888,0.276,0.745,0.708,0.517,0.886,0.517,0.505,0.878,0.878,0.878,0.672,0.886,0.505,0.886,0.708,0.672,0.656,0.807,0.656,0.977,0.977,0.977,0.795,0.928,0.467,0.485,0.61,0.04,0.663,0.61,0.575,0.928,0.817,0.508,0.831,0.817,0.663,0.428,0.611,0.057,0.928,0.482,0.478,0.596,0.919,0.817,0.904,0.919,0.919,0.424,0.91,0.578,0.034,0.91,0.91,0.071,0.617,0.436,0.436,0.343,0.65,0.471,0.857,0.67,0.671,0.047,0.241,0.581,0.786,0.471,0.658,0.792,0.246,0.847,0.636,0.42,0.12,0.265,0.42,0.67,0.84,0.699,0.845,0.647,0.161,0.595,0.276,0.35,0.28,0.595,0.69,0.497,0.244,0.582,0.69,0.052,0.69,0.595,0.221,0.527,0.668,0.525,0.406,0.049,0.44,0.232,0.547,0.527,0.638,0.672,0.64,0.362,0.458,0.45,0.483,0.431,0.426,0.448
0.943,0.943,0.929,0.929,0.713,0.181,0.893,0.899,0.184,0.692,0.899,0.909,0.855,0.713,0.909,0.899,0.855,0.713,0.896,0.855,0.856,0.747,0.856,0.839,0.855,0.893,0.839,0.899,0.88,0.692,0.88,0.747,0.414,0.768,0.811,0.768,0.903,0.811,0.414,0.903,0.848,0.768,0.88,0.47,0.768,0.903,0.875,0.88,0.544,0.88,0.218,0.92,0.527,0.653,0.731,0.653,0.67,0.689,0.689,0.689,0.569,0.731,0.67,0.731,0.527,0.569,0.689,0.642,0.689,0.884,0.884,0.884,0.96,0.682,0.451,0.722,0.839,0.496,0.849,0.839,0.827,0.682,0.607,0.814,0.639,0.607,0.849,0.691,0.819,0.437,0.682,0.457,0.728,0.8,0.951,0.607,0.762,0.951,0.951,0.745,0.972,0.865,0.561,0.972,0.972,0.461,0.761,0.186,0.186,0.196,0.146,0.164,0.548,0.177,0.836,0.443,0.605,0.831,0.554,0.164,0.754,0.581,0.584,0.473,0.868,0.211,0.391,0.896,0.211,0.109,0.463,0.544,0.472,0.146,0.47,0.949,0.927,0.21,0.918,0.949,0.967,0.636,0.305,0.88,0.967,0.54,0.967,0.949,0.307,0.992,0.903,0.997,0.906,0.547,0.907,0.349,0.979,0.995,0.975,0.903,0.969,0.867,0.897,0.903,0.883,0.914,0.937,0.936
0.157,0.157,0.145,0.145,0.903,0.749,0.154,0.208,0.899,0.41,0.208,0.148,0.279,0.903,0.148,0.208,0.279,0.903,0.35,0.279,0.17,0.35,0.17,0.271,0.279,0.154,0.271,0.208,0.201,0.41,0.201,0.35,0.338,0.328,0.222,0.328,0.262,0.222,0.338,0.262,0.5,0.328,0.253,0.23,0.328,0.262,0.357,0.253,0.782,0.253,0.721,0.383,0.727,0.241,0.94,0.241,0.238,0.951,0.951,0.951,0.448,0.94,0.238,0.94,0.727,0.448,0.321,0.754,0.321,0.782,0.782,0.782,0.299,0.097,0.198,0.326,0.956,0.901,0.952,0.956,0.275,0.097,0.733,0.341,0.773,0.733,0.952,0.347,0.287,0.932,0.097,0.172,0.326,0.306,0.869,0.733,0.744,0.869,0.869,0.341,0.838,0.926,0.912,0.838,0.838,0.957,0.35,0.691,0.691,0.554,0.644,0.731,0.687,0.865,0.344,0.949,0.445,0.921,0.693,0.731,0.356,0.691,0.435,0.708,0.261,0.767,0.967,0.811,0.767,0.811,0.679,0.697,0.679,0.656,0.904,0.882,0.784,0.622,0.76,0.882,0.892,0.475,0.343,0.667,0.892,0.886,0.892,0.882,0.335,0.653,0.695,0.66,0.896,0.891,0.968,0.333,0.816,0.682,0.88,0.664,0.893,0.932,0.949,0.96,0.952,0.873,0.883,0.816
0.391,0.391,0.401,0.401,0.463,0.453,0.295,0.29,0.445,0.255,0.29,0.288,0.281,0.463,0.288,0.29,0.281,0.463,0.272,0.281,0.621,0.261,0.621,0.292,0.281,0.295,0.292,0.29,0.311,0.255,0.311,0.261,0.169,0.455,0.44,0.455,0.494,0.44,0.169,0.494,0.56,0.455,0.541,0.635,0.455,0.494,0.351,0.541,0.068,0.541,0.534,0.374,0.51,0.103,0.481,0.103,0.1,0.403,0.403,0.403,0.438,0.481,0.1,0.481,0.51,0.438,0.43,0.037,0.43,0.468,0.468,0.468,0.439,0.496,0.698,0.218,0.636,0.068,0.713,0.636,0.362,0.496,0.8,0.307,0.059,0.8,0.713,0.228,0.421,0.045,0.496,0.683,0.216,0.281,0.65,0.8,0.18,0.65,0.65,0.221,0.627,0.721,0.11,0.627,0.627,0.127,0.283,0.699,0.699,0.753,0.753,0.745,0.363,0.762,0.343,0.039,0.122,0.715,0.319,0.745,0.285,0.332,0.157,0.434,0.417,0.662,0.033,0.712,0.662,0.832,0.443,0.797,0.428,0.772,0.058,0.427,0.704,0.729,0.868,0.427,0.46,0.136,0.741,0.518,0.46,0.055,0.46,0.427,0.701,0.437,0.388,0.421,0.916,0.055,0.825,0.716,0.959,0.408,0.742,0.337,0.767,0.939,0.848,0.801,0.838,0.563,0.559,0.764
0.666,0.666,0.668,0.668,0.223,0.314,0.699,0.825,0.304,0.991,0.825,0.741,0.752,0.223,0.741,0.825,0.752,0.223,0.183,0.752,0.644,0.972,0.644,0.676,0.752,0.699,0.676,0.825,0.811,0.991,0.811,0.972,0.937,0.782,0.767,0.782,0.4,0.767,0.937,0.4,0.635,0.782,0.422,0.976,0.782,0.4,0.189,0.422,0.714,0.422,0.274,0.576,0.164,0.951,0.345,0.951,0.952,0.367,0.367,0.367,0.967,0.345,0.952,0.345,0.164,0.967,0.759,0.813,0.759,0.264,0.264,0.264,0.639,0.312,0.986,0.255,0.188,0.583,0.193,0.188,0.586,0.312,0.16,0.286,0.772,0.16,0.193,0.241,0.577,0.632,0.312,0.987,0.268,0.322,0.25,0.16,0.184,0.25,0.25,0.261,0.251,0.157,0.512,0.251,0.251,0.777,0.276,0.389,0.389,0.364,0.662,0.485,0.097,0.43,0.388,0.548,0.905,0.164,0.14,0.485,0.233,0.142,0.926,0.095,0.49,0.413,0.738,0.909,0.413,0.658,0.148,0.161,0.15,0.687,0.797,0.194,0.919,0.397,0.866,0.194,0.201,0.945,0.36,0.858,0.201,0.758,0.201,0.194,0.311,0.531,0.838,0.635,0.946,0.638,0.935,0.45,0.646,0.629,0.745,0.746,0.725,0.948,0.977,0.942,0.979,0.522,0.649,0.401
0.155,0.155,0.115,0.115,0.318,0.521,0.104,0.096,0.539,0.225,0.096,0.132,0.074,0.318,0.132,0.096,0.074,0.318,0.355,0.074,0.163,0.319,0.163,0.265,0.074,0.104,0.265,0.096,0.318,0.225,0.318,0.319,0.589,0.087,0.163,0.087,0.555,0.163,0.589,0.555,0.82,0.087,0.552,0.709,0.087,0.555,0.534,0.552,0.406,0.552,0.569,0.811,0.331,0.795,0.357,0.795,0.81,0.492,0.492,0.492,0.237,0.357,0.81,0.357,0.331,0.237,0.351,0.367,0.351,0.136,0.136,0.136,0.869,0.34,0.672,0.756,0.333,0.567,0.395,0.333,0.83,0.34,0.53,0.637,0.373,0.53,0.395,0.679,0.734,0.756,0.34,0.754,0.705,0.712,0.107,0.53,0.339,0.107,0.107,0.688,0.145,0.308,0.689,0.145,0.145,0.62,0.631,0.63,0.63,0.643,0.261,0.444,0.3,0.488,0.577,0.777,0.816,0.357,0.246,0.444,0.648,0.246,0.822,0.286,0.723,0.546,0.463,0.505,0.546,0.2,0.354,0.203,0.323,0.207,0.339,0.461,0.481,0.544,0.575,0.461,0.507,0.731,0.781,0.34,0.507,0.614,0.507,0.461,0.747,0.372,0.42,0.428,0.619,0.642,0.709,0.782,0.347,0.412,0.516,0.382,0.53,0.649,0.695,0.708,0.679,0.404,0.402,0.432
0.963,0.963,0.947,0.947,0.695,0.458,0.67,0.597,0.482,0.735,0.597,0.679,0.575,0.695,0.679,0.597,0.575,0.695,0.78,0.575,0.818,0.808,0.818,0.535,0.575,0.67,0.535,0.597,0.52,0.735,0.52,0.808,0.598,0.541,0.637,0.541,0.927,0.637,0.598,0.927,0.306,0.541,0.945,0.682,0.541,0.927,0.761,0.945,0.237,0.945,0.488,0.338,0.626,0.736,0.928,0.736,0.678,0.946,0.946,0.946,0.741,0.928,0.678,0.928,0.626,0.741,0.456,0.086,0.456,0.458,0.458,0.458,0.446,0.754,0.775,0.164,0.974,0.204,0.949,0.974,0.262,0.754,0.754,0.196,0.178,0.754,0.949,0.161,0.259,0.224,0.754,0.779,0.15,0.204,0.754,0.754,0.717,0.754,0.754,0.144,0.749,0.88,0.308,0.749,0.749,0.238,0.154,0.784,0.784,0.956,0.062,0.228,0.254,0.269,0.217,0.301,0.232,0.911,0.322,0.228,0.148,0.328,0.188,0.362,0.248,0.556,0.313,0.953,0.556,0.033,0.401,0.573,0.419,0.05,0.118,0.971,0.928,0.845,0.93,0.971,0.972,0.2,0.573,0.778,0.972,0.071,0.972,0.971,0.587,0.685,0.737,0.753,0.942,0.085,0.966,0.608,0.963,0.776,0.839,0.764,0.839,0.937,0.984,0.955,0.954,0.951,0.944,0.905
0.064,0.064,0.059,0.059,0.232,0.898,0.102,0.14,0.878,0.08,0.14,0.135,0.109,0.232,0.135,0.14,0.109,0.232,0.482,0.109,0.068,0.098,0.068,0.122,0.109,0.102,0.122,0.14,0.14,0.08,0.14,0.098,0.434,0.144,0.168,0.144,0.518,0.168,0.434,0.518,0.798,0.144,0.438,0.503,0.144,0.518,0.507,0.438,0.502,0.438,0.949,0.789,0.213,0.273,0.325,0.273,0.251,0.414,0.414,0.414,0.079,0.325,0.251,0.325,0.213,0.079,0.163,0.397,0.163,0.097,0.097,0.097,0.613,0.237,0.496,0.838,0.208,0.128,0.212,0.208,0.963,0.237,0.244,0.908,0.403,0.244,0.212,0.843,0.966,0.127,0.237,0.446,0.827,0.908,0.153,0.244,0.354,0.153,0.153,0.834,0.162,0.196,0.116,0.162,0.162,0.24,0.807,0.245,0.245,0.214,0.197,0.103,0.342,0.11,0.877,0.115,0.166,0.22,0.348,0.103,0.777,0.346,0.197,0.454,0.937,0.262,0.292,0.055,0.262,0.163,0.446,0.246,0.441,0.171,0.325,0.221,0.063,0.219,0.066,0.221,0.204,0.155,0.514,0.088,0.204,0.235,0.204,0.221,0.483,0.276,0.065,0.203,0.206,0.197,0.133,0.603,0.202,0.209,0.283,0.062,0.288,0.206,0.117,0.136,0.139,0.469,0.39,0.386
0.528,0.528,0.505,0.505,1.0,0.803,0.385,0.575,0.832,0.649,0.575,0.441,0.515,1.0,0.441,0.575,0.515,1.0,0.553,0.515,0.41,0.696,0.41,0.525,0.515,0.385,0.525,0.575,0.583,0.649,0.583,0.696,0.48,0.653,0.587,0.653,0.982,0.587,0.48,0.982,0.325,0.653,0.986,0.382,0.653,0.982,0.669,0.986,0.168,0.986,0.719,0.357,0.988,0.6,0.969,0.6,0.595,0.976,0.976,0.976,0.684,0.969,0.595,0.969,0.988,0.684,0.661,0.219,0.661,0.979,0.979,0.979,0.315,0.999,0.425,0.455,0.95,0.46,0.942,0.95,0.329,0.999,0.99,0.373,0.254,0.99,0.942,0.458,0.356,0.575,0.999,0.43,0.52,0.361,0.918,0.99,0.652,0.918,0.918,0.529,0.906,0.901,0.409,0.906,0.906,0.353,0.545,0.715,0.715,0.729,0.571,0.749,0.772,0.761,0.494,0.558,0.111,0.93,0.881,0.749,0.464,0.922,0.117,0.614,0.444,0.321,0.439,0.822,0.321,0.622,0.705,0.992,0.751,0.519,0.247,0.964,0.74,0.369,0.775,0.964,0.951,0.112,0.057,0.525,0.951,0.332,0.951,0.964,0.052,0.951,0.579,0.953,0.821,0.431,0.774,0.054,0.815,0.962,0.507,0.559,0.55,0.801,0.793,0.774,0.754,0.768,0.72,0.898
0.388,0.388,0.522,0.522,0.465,0.859,0.75,0.59,0.829,0.673,0.59,0.659,0.66,0.465,0.659,0.59,0.66,0.465,0.353,0.66,0.572,0.632,0.572,0.617,0.66,0.75,0.617,0.59,0.563,0.673,0.563,0.632,0.885,0.505,0.603,0.505,0.832,0.603,0.885,0.832,0.93,0.505,0.857,0.637,0.505,0.832,0.638,0.857,0.863,0.857,0.82,0.925,0.54,0.912,0.85,0.912,0.916,0.898,0.898,0.898,0.674,0.85,0.916,0.85,0.54,0.674,0.533,0.964,0.533,0.964,0.964,0.964,0.878,0.506,0.597,0.875,0.648,0.087,0.535,0.648,0.904,0.506,0.524,0.907,0.968,0.524,0.535,0.864,0.912,0.116,0.506,0.636,0.861,0.904,0.924,0.524,0.111,0.924,0.924,0.859,0.924,0.828,0.123,0.924,0.924,0.105,0.738,0.679,0.679,0.731,0.884,0.291,0.534,0.22,0.789,0.148,0.45,0.851,0.506,0.291,0.728,0.504,0.261,0.469,0.858,0.52,0.126,0.432,0.52,0.676,0.589,0.903,0.606,0.829,0.225,0.492,0.423,0.605,0.366,0.492,0.38,0.411,0.947,0.213,0.38,0.147,0.38,0.492,0.955,0.207,0.246,0.178,0.593,0.199,0.499,0.944,0.233,0.173,0.298,0.251,0.311,0.674,0.55,0.511,0.562,0.39,0.393,0.147
0.782,0.782,0.742,0.742,0.071,0.9,0.658,0.643,0.908,0.477,0.643,0.705,0.562,0.071,0.705,0.643,0.562,0.071,0.059,0.562,0.886,0.531,0.886,0.538,0.562,0.658,0.538,0.643,0.614,0.477,0.614,0.531,0.586,0.594,0.643,0.594,0.15,0.643,0.586,0.15,0.841,0.594,0.144,0.156,0.594,0.15,0.075,0.144,0.113,0.144,0.905,0.867,0.326,0.613,0.161,0.613,0.619,0.156,0.156,0.156,0.528,0.161,0.619,0.161,0.326,0.528,0.527,0.169,0.527,0.277,0.277,0.277,0.874,0.156,0.137,0.753,0.36,0.194,0.392,0.36,0.821,0.156,0.239,0.658,0.155,0.239,0.392,0.693,0.782,0.21,0.156,0.139,0.757,0.781,0.253,0.239,0.059,0.253,0.253,0.645,0.294,0.311,0.209,0.294,0.294,0.203,0.628,0.399,0.399,0.321,0.419,0.499,0.338,0.417,0.704,0.236,0.114,0.303,0.305,0.499,0.625,0.314,0.097,0.327,0.831,0.388,0.142,0.673,0.388,0.57,0.294,0.21,0.304,0.41,0.19,0.285,0.654,0.327,0.662,0.285,0.296,0.164,0.897,0.415,0.296,0.247,0.296,0.285,0.893,0.243,0.373,0.216,0.908,0.245,0.882,0.941,0.921,0.228,0.872,0.409,0.866,0.905,0.918,0.796,0.863,0.948,0.961,0.975
0.764,0.764,0.803,0.803,0.692,0.444,0.881,0.824,0.387,0.929,0.824,0.858,0.839,0.692,0.858,0.824,0.839,0.692,0.73,0.839,0.811,0.929,0.811,0.89,0.839,0.881,0.89,0.824,0.903,0.929,0.903,0.929,0.695,0.838,0.893,0.838,0.787,0.893,0.695,0.787,0.932,0.838,0.837,0.269,0.838,0.787,0.739,0.837,0.667,0.837,0.368,0.916,0.735,0.67,0.827,0.67,0.673,0.875,0.875,0.875,0.916,0.827,0.673,0.827,0.735,0.916,0.917,0.462,0.917,0.535,0.535,0.535,0.799,0.844,0.185,0.92,0.866,0.267,0.837,0.866,0.966,0.844,0.777,0.946,0.484,0.777,0.837,0.925,0.961,0.308,0.844,0.184,0.947,0.969,0.54,0.777,0.393,0.54,0.54,0.931,0.519,0.791,0.391,0.519,0.519,0.743,0.934,0.886,0.886,0.88,0.847,0.619,0.748,0.72,0.952,0.421,0.847,0.828,0.763,0.619,0.946,0.763,0.829,0.734,0.984,0.858,0.871,0.87,0.858,0.419,0.88,0.781,0.848,0.83,0.898,0.469,0.882,0.831,0.845,0.469,0.408,0.909,0.209,0.755,0.408,0.446,0.408,0.469,0.222,0.705,0.711,0.652,0.919,0.501,0.987,0.261,0.575,0.659,0.668,0.745,0.678,0.958,0.969,0.977,0.969,0.81,0.84,0.617
0.369,0.369,0.414,0.414,0.674,0.946,0.486,0.388,0.92,0.318,0.388,0.39,0.576,0.674,0.39,0.388,0.576,0.674,0.43,0.576,0.348,0.187,0.348,0.551,0.576,0.486,0.551,0.388,0.359,0.318,0.359,0.187,0.431,0.556,0.445,0.556,0.628,0.445,0.431,0.628,0.084,0.556,0.778,0.525,0.556,0.628,0.443,0.778,0.764,0.778,0.964,0.078,0.711,0.42,0.628,0.42,0.38,0.771,0.771,0.771,0.307,0.628,0.38,0.628,0.711,0.307,0.526,0.569,0.526,0.776,0.776,0.776,0.067,0.722,0.524,0.096,0.726,0.45,0.695,0.726,0.153,0.722,0.649,0.14,0.525,0.649,0.695,0.097,0.174,0.654,0.722,0.522,0.099,0.127,0.801,0.649,0.333,0.801,0.801,0.099,0.765,0.716,0.471,0.765,0.765,0.455,0.083,0.932,0.932,0.934,0.979,0.734,0.739,0.743,0.108,0.59,0.443,0.773,0.729,0.734,0.091,0.725,0.451,0.745,0.146,0.914,0.451,0.106,0.914,0.834,0.762,0.716,0.759,0.984,0.508,0.876,0.09,0.924,0.166,0.876,0.746,0.14,0.875,0.146,0.746,0.738,0.746,0.876,0.881,0.077,0.121,0.063,0.362,0.687,0.269,0.927,0.469,0.062,0.193,0.129,0.177,0.336,0.25,0.234,0.229,0.26,0.265,0.637
0.876,0.876,0.857,0.857,0.392,0.558,0.959,0.924,0.531,0.952,0.924,0.969,0.903,0.392,0.969,0.924,0.903,0.392,0.341,0.903,0.844,0.974,0.844,0.946,0.903,0.959,0.946,0.924,0.957,0.952,0.957,0.974,0.967,0.931,0.971,0.931,0.036,0.971,0.967,0.036,0.349,0.931,0.034,0.572,0.931,0.036,0.341,0.034,0.832,0.034,0.622,0.381,0.311,0.974,0.4,0.974,0.975,0.502,0.502,0.502,0.954,0.4,0.975,0.4,0.311,0.954,0.943,0.731,0.943,0.712,0.712,0.712,0.228,0.023,0.528,0.282,0.459,0.9,0.47,0.459,0.309,0.023,0.267,0.344,0.75,0.267,0.47,0.288,0.299,0.922,0.023,0.529,0.291,0.345,0.682,0.267,0.248,0.682,0.682,0.281,0.716,0.331,0.853,0.716,0.716,0.858,0.164,0.205,0.205,0.216,0.437,0.247,0.218,0.221,0.206,0.92,0.691,0.31,0.177,0.247,0.18,0.17,0.699,0.225,0.207,0.237,0.901,0.779,0.237,0.377,0.195,0.334,0.198,0.435,0.851,0.43,0.757,0.248,0.765,0.43,0.328,0.844,0.353,0.536,0.328,0.908,0.328,0.43,0.391,0.721,0.709,0.739,0.653,0.91,0.587,0.312,0.682,0.714,0.703,0.731,0.723,0.633,0.649,0.499,0.523,0.579,0.599,0.623
0.135,0.135,0.116,0.116,0.688,0.198,0.135,0.097,0.206,0.109,0.097,0.143,0.075,0.688,0.143,0.097,0.075,0.688,0.89,0.075,0.162,0.116,0.162,0.098,0.075,0.135,0.098,0.097,0.126,0.109,0.126,0.116,0.071,0.102,0.137,0.102,0.886,0.137,0.071,0.886,0.092,0.102,0.87,0.409,0.102,0.886,0.911,0.87,0.012,0.87,0.139,0.119,0.271,0.072,0.869,0.072,0.072,0.854,0.854,0.854,0.162,0.869,0.072,0.869,0.271,0.162,0.159,0.01,0.159,0.423,0.423,0.423,0.137,0.759,0.294,0.146,0.857,0.031,0.749,0.857,0.188,0.759,0.403,0.193,0.01,0.403,0.749,0.181,0.129,0.039,0.759,0.331,0.159,0.199,0.567,0.403,0.722,0.567,0.567,0.173,0.591,0.693,0.016,0.591,0.591,0.031,0.237,0.333,0.333,0.329,0.135,0.042,0.127,0.046,0.225,0.025,0.05,0.72,0.11,0.042,0.226,0.125,0.095,0.107,0.197,0.334,0.045,0.895,0.334,0.103,0.133,0.356,0.135,0.14,0.059,0.722,0.913,0.325,0.865,0.722,0.752,0.13,0.078,0.771,0.752,0.056,0.752,0.722,0.079,0.454,0.665,0.404,0.903,0.027,0.879,0.067,0.947,0.391,0.951,0.646,0.952,0.919,0.823,0.907,0.86,0.947,0.934,0.917
0.191,0.191,0.15,0.15,0.938,0.767,0.216,0.15,0.803,0.106,0.15,0.217,0.126,0.938,0.217,0.15,0.126,0.938,0.753,0.126,0.168,0.112,0.168,0.187,0.126,0.216,0.187,0.15,0.217,0.106,0.217,0.112,0.133,0.209,0.352,0.209,0.581,0.352,0.133,0.581,0.883,0.209,0.516,0.203,0.209,0.581,0.63,0.516,0.356,0.516,0.677,0.913,0.982,0.089,0.811,0.089,0.086,0.72,0.72,0.72,0.258,0.811,0.086,0.811,0.982,0.258,0.336,0.421,0.336,0.951,0.951,0.951,0.903,0.879,0.237,0.578,0.991,0.649,0.988,0.991,0.682,0.879,0.996,0.7,0.421,0.996,0.988,0.631,0.744,0.665,0.879,0.228,0.585,0.642,0.97,0.996,0.945,0.97,0.97,0.63,0.954,0.995,0.607,0.954,0.954,0.484,0.663,0.596,0.596,0.709,0.613,0.847,0.488,0.916,0.823,0.653,0.838,0.997,0.475,0.847,0.674,0.467,0.856,0.487,0.833,0.723,0.678,0.391,0.723,0.49,0.553,0.987,0.546,0.707,0.876,0.996,0.36,0.822,0.401,0.996,0.997,0.904,0.859,0.535,0.997,0.695,0.997,0.996,0.851,0.96,0.553,0.952,0.288,0.733,0.312,0.956,0.243,0.955,0.282,0.549,0.286,0.28,0.314,0.301,0.305,0.254,0.257,0.205
0.059,0.059,0.073,0.073,0.932,0.398,0.044,0.129,0.426,0.147,0.129,0.04,0.176,0.932,0.04,0.129,0.176,0.932,0.997,0.176,0.092,0.096,0.092,0.188,0.176,0.044,0.188,0.129,0.144,0.147,0.144,0.096,0.042,0.128,0.073,0.128,0.764,0.073,0.042,0.764,0.224,0.128,0.805,0.063,0.128,0.764,0.998,0.805,0.232,0.805,0.533,0.361,0.884,0.037,0.767,0.037,0.037,0.825,0.825,0.825,0.094,0.767,0.037,0.767,0.884,0.094,0.127,0.231,0.127,0.748,0.748,0.748,0.491,0.657,0.043,0.213,0.798,0.281,0.751,0.798,0.222,0.657,0.761,0.315,0.229,0.761,0.751,0.282,0.217,0.311,0.657,0.037,0.205,0.292,0.73,0.761,0.993,0.73,0.73,0.258,0.737,0.611,0.269,0.737,0.737,0.324,0.334,0.954,0.954,0.966,0.49,0.953,0.574,0.958,0.38,0.38,0.416,0.633,0.64,0.953,0.311,0.649,0.444,0.725,0.334,0.886,0.462,0.424,0.886,0.812,0.732,0.765,0.73,0.453,0.543,0.724,0.394,0.944,0.432,0.724,0.722,0.345,0.147,0.503,0.722,0.399,0.722,0.724,0.14,0.342,0.422,0.279,0.11,0.439,0.144,0.131,0.158,0.275,0.188,0.422,0.191,0.114,0.128,0.14,0.127,0.186,0.173,0.142
0.344,0.344,0.415,0.415,0.307,0.833,0.371,0.299,0.845,0.336,0.299,0.392,0.286,0.307,0.392,0.299,0.286,0.307,0.117,0.286,0.393,0.323,0.393,0.256,0.286,0.371,0.256,0.299,0.291,0.336,0.291,0.323,0.716,0.212,0.365,0.212,0.532,0.365,0.716,0.532,0.369,0.212,0.582,0.136,0.212,0.532,0.131,0.582,0.072,0.582,0.798,0.332,0.518,0.62,0.398,0.62,0.635,0.448,0.448,0.448,0.327,0.398,0.635,0.398,0.518,0.327,0.247,0.098,0.247,0.442,0.442,0.442,0.221,0.241,0.135,0.261,0.424,0.328,0.418,0.424,0.242,0.241,0.282,0.303,0.139,0.282,0.418,0.258,0.242,0.352,0.241,0.131,0.3,0.313,0.446,0.282,0.127,0.446,0.446,0.298,0.381,0.517,0.436,0.381,0.381,0.189,0.259,0.69,0.69,0.769,0.711,0.742,0.278,0.518,0.307,0.275,0.16,0.51,0.299,0.742,0.251,0.279,0.192,0.275,0.273,0.743,0.226,0.128,0.743,0.77,0.258,0.646,0.235,0.808,0.219,0.529,0.108,0.796,0.172,0.529,0.396,0.205,0.806,0.248,0.396,0.338,0.396,0.529,0.804,0.122,0.225,0.116,0.231,0.252,0.27,0.817,0.267,0.104,0.269,0.241,0.276,0.23,0.263,0.251,0.244,0.465,0.448,0.196
0.214,0.214,0.311,0.311,0.505,0.627,0.641,0.311,0.57,0.319,0.311,0.433,0.504,0.505,0.433,0.311,0.504,0.505,0.05,0.504,0.206,0.209,0.206,0.431,0.504,0.641,0.431,0.311,0.293,0.319,0.293,0.209,0.146,0.213,0.318,0.213,0.296,0.318,0.146,0.296,0.966,0.213,0.118,0.71,0.213,0.296,0.047,0.118,0.51,0.118,0.743,0.938,0.189,0.136,0.252,0.136,0.132,0.119,0.119,0.119,0.17,0.252,0.132,0.252,0.189,0.17,0.213,0.518,0.213,0.173,0.173,0.173,0.831,0.512,0.51,0.848,0.025,0.554,0.055,0.025,0.808,0.512,0.406,0.863,0.496,0.406,0.055,0.855,0.805,0.62,0.512,0.557,0.747,0.874,0.303,0.406,0.039,0.303,0.303,0.806,0.285,0.066,0.544,0.285,0.285,0.488,0.809,0.185,0.185,0.108,0.542,0.598,0.385,0.62,0.859,0.628,0.805,0.031,0.365,0.598,0.808,0.359,0.828,0.552,0.77,0.486,0.613,0.12,0.486,0.76,0.488,0.26,0.506,0.795,0.69,0.038,0.134,0.283,0.271,0.038,0.095,0.817,0.963,0.079,0.095,0.753,0.095,0.038,0.96,0.229,0.093,0.208,0.341,0.734,0.274,0.935,0.093,0.194,0.14,0.079,0.215,0.287,0.178,0.27,0.196,0.286,0.218,0.133
0.595,0.595,0.592,0.592,0.664,0.526,0.73,0.772,0.526,0.699,0.772,0.766,0.71,0.664,0.766,0.772,0.71,0.664,0.772,0.71,0.527,0.73,0.527,0.695,0.71,0.73,0.695,0.772,0.753,0.699,0.753,0.73,0.853,0.754,0.749,0.754,0.796,0.749,0.853,0.796,0.985,0.754,0.795,0.905,0.754,0.796,0.924,0.795,0.768,0.795,0.568,0.995,0.745,0.803,0.62,0.803,0.802,0.619,0.619,0.619,0.775,0.62,0.802,0.62,0.745,0.775,0.71,0.854,0.71,0.704,0.704,0.704,0.957,0.738,0.963,0.961,0.705,0.877,0.738,0.705,0.916,0.738,0.82,0.921,0.857,0.82,0.738,0.956,0.929,0.948,0.738,0.965,0.95,0.913,0.663,0.82,0.813,0.663,0.663,0.944,0.655,0.765,0.842,0.655,0.655,0.931,0.949,0.872,0.872,0.874,0.312,0.882,0.956,0.901,0.915,0.934,0.931,0.781,0.959,0.882,0.938,0.953,0.932,0.984,0.955,0.91,0.983,0.859,0.91,0.385,0.985,0.773,0.985,0.289,0.941,0.654,0.941,0.918,0.734,0.654,0.639,0.959,0.424,0.96,0.639,0.944,0.639,0.654,0.394,0.913,0.984,0.927,0.852,0.933,0.947,0.425,0.911,0.922,0.914,0.986,0.913,0.853,0.948,0.997,0.994,0.915,0.976,0.902
0.494,0.494,0.475,0.475,0.452,0.797,0.906,0.833,0.8,0.968,0.833,0.903,0.782,0.452,0.903,0.833,0.782,0.452,0.092,0.782,0.504,0.957,0.504,0.832,0.782,0.906,0.832,0.833,0.861,0.968,0.861,0.957,0.905,0.797,0.858,0.797,0.159,0.858,0.905,0.159,0.408,0.797,0.199,0.116,0.797,0.159,0.146,0.199,0.454,0.199,0.861,0.421,0.765,0.882,0.297,0.882,0.885,0.534,0.534,0.534,0.949,0.297,0.885,0.297,0.765,0.949,0.878,0.355,0.878,0.705,0.705,0.705,0.348,0.166,0.1,0.118,0.64,0.378,0.725,0.64,0.19,0.166,0.362,0.147,0.31,0.362,0.725,0.11,0.23,0.45,0.166,0.091,0.131,0.153,0.571,0.362,0.071,0.571,0.571,0.122,0.488,0.725,0.349,0.488,0.488,0.51,0.131,0.056,0.056,0.069,0.235,0.03,0.04,0.032,0.16,0.366,0.613,0.73,0.034,0.03,0.129,0.039,0.626,0.049,0.172,0.035,0.506,0.807,0.035,0.177,0.053,0.769,0.056,0.198,0.554,0.158,0.791,0.04,0.805,0.158,0.168,0.42,0.506,0.57,0.168,0.527,0.168,0.158,0.507,0.795,0.605,0.782,0.847,0.444,0.946,0.559,0.783,0.804,0.852,0.621,0.852,0.884,0.924,0.924,0.921,0.949,0.945,0.836
0.287,0.287,0.411,0.411,0.211,0.807,0.264,0.116,0.799,0.259,0.116,0.161,0.195,0.211,0.161,0.116,0.195,0.211,0.087,0.195,0.189,0.121,0.189,0.264,0.195,0.264,0.264,0.116,0.139,0.259,0.139,0.121,0.147,0.142,0.242,0.142,0.337,0.242,0.147,0.337,0.339,0.142,0.464,0.097,0.142,0.337,0.165,0.464,0.298,0.464,0.803,0.272,0.297,0.095,0.314,0.095,0.098,0.379,0.379,0.379,0.111,0.314,0.098,0.314,0.297,0.111,0.189,0.28,0.189,0.231,0.231,0.231,0.425,0.399,0.106,0.279,0.158,0.501,0.188,0.158,0.315,0.399,0.398,0.323,0.24,0.398,0.188,0.295,0.282,0.399,0.399,0.105,0.289,0.293,0.097,0.398,0.168,0.097,0.097,0.3,0.12,0.259,0.448,0.12,0.12,0.428,0.445,0.334,0.334,0.251,0.17,0.121,0.644,0.109,0.376,0.389,0.588,0.246,0.589,0.121,0.461,0.595,0.477,0.72,0.45,0.203,0.349,0.125,0.203,0.185,0.663,0.449,0.685,0.24,0.359,0.254,0.131,0.15,0.093,0.254,0.294,0.538,0.392,0.144,0.294,0.444,0.294,0.254,0.361,0.121,0.164,0.118,0.129,0.383,0.347,0.354,0.297,0.122,0.509,0.155,0.523,0.145,0.305,0.34,0.321,0.554,0.492,0.256
0.839,0.839,0.766,0.766,0.838,0.148,0.601,0.561,0.145,0.377,0.561,0.65,0.491,0.838,0.65,0.561,0.491,0.838,0.547,0.491,0.875,0.413,0.875,0.572,0.491,0.601,0.572,0.561,0.602,0.377,0.602,0.413,0.834,0.621,0.723,0.621,0.355,0.723,0.834,0.355,0.066,0.621,0.404,0.979,0.621,0.355,0.532,0.404,0.769,0.404,0.156,0.084,0.539,0.808,0.522,0.808,0.767,0.572,0.572,0.572,0.463,0.522,0.767,0.522,0.539,0.463,0.613,0.796,0.613,0.459,0.459,0.459,0.179,0.743,0.996,0.491,0.379,0.392,0.37,0.379,0.04,0.743,0.697,0.041,0.804,0.697,0.37,0.508,0.039,0.438,0.743,0.995,0.475,0.033,0.4,0.697,0.51,0.4,0.4,0.482,0.405,0.492,0.385,0.405,0.405,0.404,0.449,0.415,0.415,0.383,0.681,0.287,0.143,0.549,0.036,0.423,0.252,0.467,0.149,0.287,0.413,0.137,0.265,0.21,0.047,0.338,0.254,0.644,0.338,0.397,0.189,0.492,0.194,0.708,0.34,0.479,0.662,0.33,0.777,0.479,0.458,0.28,0.008,0.555,0.458,0.308,0.458,0.479,0.008,0.536,0.509,0.631,0.932,0.332,0.971,0.01,0.932,0.568,0.797,0.475,0.803,0.942,0.922,0.973,0.947,0.978,0.984,0.983
0.316,0.316,0.429,0.429,0.013,0.534,0.279,0.156,0.509,0.166,0.156,0.246,0.187,0.013,0.246,0.156,0.187,0.013,0.604,0.187,0.262,0.141,0.262,0.205,0.187,0.279,0.205,0.156,0.183,0.166,0.183,0.141,0.062,0.163,0.176,0.163,0.013,0.176,0.062,0.013,0.158,0.163,0.012,0.781,0.163,0.013,0.458,0.012,0.557,0.012,0.478,0.198,0.018,0.034,0.012,0.034,0.034,0.013,0.013,0.013,0.121,0.012,0.034,0.012,0.018,0.121,0.154,0.501,0.154,0.083,0.083,0.083,0.402,0.012,0.825,0.381,0.038,0.539,0.059,0.038,0.287,0.012,0.012,0.37,0.536,0.012,0.059,0.356,0.266,0.669,0.012,0.791,0.374,0.369,0.345,0.012,0.441,0.345,0.345,0.338,0.296,0.021,0.351,0.296,0.296,0.289,0.257,0.021,0.021,0.022,0.193,0.04,0.174,0.033,0.377,0.515,0.723,0.021,0.317,0.04,0.255,0.217,0.796,0.25,0.289,0.023,0.377,0.536,0.023,0.153,0.315,0.017,0.293,0.201,0.367,0.014,0.51,0.022,0.576,0.014,0.015,0.493,0.702,0.28,0.015,0.777,0.015,0.014,0.69,0.217,0.262,0.207,0.712,0.57,0.553,0.769,0.402,0.207,0.52,0.256,0.487,0.52,0.693,0.55,0.667,0.415,0.527,0.561
0.891,0.891,0.908,0.908,0.9,0.373,0.922,0.964,0.379,0.984,0.964,0.957,0.951,0.9,0.957,0.964,0.951,0.9,0.761,0.951,0.79,0.996,0.79,0.924,0.951,0.922,0.924,0.964,0.96,0.984,0.96,0.996,0.948,0.962,0.954,0.962,0.127,0.954,0.948,0.127,0.712,0.962,0.11,0.279,0.962,0.127,0.827,0.11,0.577,0.11,0.563,0.687,0.787,0.976,0.972,0.976,0.971,0.952,0.952,0.952,0.986,0.972,0.971,0.972,0.787,0.986,0.944,0.599,0.944,0.645,0.645,0.645,0.394,0.09,0.261,0.583,0.851,0.276,0.801,0.851,0.45,0.09,0.879,0.381,0.59,0.879,0.801,0.648,0.444,0.326,0.09,0.265,0.637,0.365,0.642,0.879,0.911,0.642,0.642,0.691,0.656,0.873,0.281,0.656,0.656,0.191,0.691,0.392,0.392,0.455,0.552,0.348,0.382,0.503,0.399,0.333,0.331,0.902,0.43,0.348,0.665,0.431,0.335,0.532,0.369,0.449,0.248,0.622,0.449,0.216,0.465,0.82,0.479,0.436,0.212,0.889,0.594,0.499,0.704,0.889,0.86,0.372,0.212,0.629,0.86,0.244,0.86,0.889,0.192,0.719,0.636,0.641,0.915,0.269,0.916,0.229,0.666,0.732,0.847,0.633,0.826,0.914,0.92,0.833,0.846,0.813,0.811,0.768
0.927,0.927,0.972,0.972,0.469,0.286,0.943,0.818,0.224,0.871,0.818,0.887,0.897,0.469,0.887,0.818,0.897,0.469,0.721,0.897,0.971,0.727,0.971,0.955,0.897,0.943,0.955,0.818,0.867,0.871,0.867,0.727,0.796,0.795,0.896,0.795,0.336,0.896,0.796,0.336,0.75,0.795,0.363,0.126,0.795,0.336,0.735,0.363,0.351,0.363,0.296,0.726,0.753,0.673,0.315,0.673,0.668,0.328,0.328,0.328,0.695,0.315,0.668,0.315,0.753,0.695,0.893,0.429,0.893,0.713,0.713,0.713,0.479,0.504,0.145,0.653,0.617,0.388,0.617,0.617,0.765,0.504,0.495,0.715,0.377,0.495,0.617,0.67,0.713,0.441,0.504,0.147,0.66,0.738,0.611,0.495,0.516,0.611,0.611,0.671,0.615,0.357,0.379,0.615,0.615,0.272,0.649,0.602,0.602,0.665,0.794,0.776,0.797,0.745,0.691,0.426,0.198,0.383,0.785,0.776,0.661,0.786,0.221,0.653,0.729,0.527,0.381,0.04,0.527,0.791,0.713,0.396,0.712,0.809,0.438,0.345,0.051,0.678,0.052,0.345,0.297,0.125,0.211,0.834,0.297,0.478,0.297,0.345,0.21,0.628,0.842,0.69,0.079,0.49,0.078,0.211,0.46,0.713,0.446,0.855,0.45,0.119,0.064,0.08,0.1,0.262,0.226,0.251
0.234,0.234,0.214,0.214,0.057,0.847,0.13,0.207,0.827,0.103,0.207,0.139,0.215,0.057,0.139,0.207,0.215,0.057,0.179,0.215,0.175,0.1,0.175,0.19,0.215,0.13,0.19,0.207,0.165,0.103,0.165,0.1,0.064,0.215,0.121,0.215,0.048,0.121,0.064,0.048,0.153,0.215,0.061,0.784,0.215,0.048,0.196,0.061,0.603,0.061,0.937,0.186,0.087,0.032,0.057,0.032,0.032,0.068,0.068,0.068,0.102,0.057,0.032,0.057,0.087,0.102,0.207,0.866,0.207,0.035,0.035,0.035,0.218,0.057,0.754,0.093,0.066,0.895,0.051,0.066,0.099,0.057,0.054,0.122,0.752,0.054,0.051,0.095,0.169,0.643,0.057,0.761,0.095,0.114,0.042,0.054,0.145,0.042,0.042,0.094,0.036,0.084,0.894,0.036,0.036,0.793,0.117,0.093,0.093,0.091,0.244,0.135,0.866,0.169,0.166,0.625,0.078,0.086,0.909,0.135,0.107,0.908,0.077,0.881,0.159,0.092,0.548,0.434,0.092,0.27,0.905,0.045,0.921,0.269,0.564,0.077,0.408,0.097,0.403,0.077,0.065,0.073,0.84,0.706,0.065,0.697,0.065,0.077,0.84,0.926,0.712,0.94,0.819,0.632,0.429,0.77,0.97,0.921,0.848,0.716,0.882,0.802,0.489,0.419,0.499,0.825,0.785,0.966
0.821,0.821,0.764,0.764,0.76,0.229,0.735,0.664,0.204,0.488,0.664,0.795,0.393,0.76,0.795,0.664,0.393,0.76,0.506,0.393,0.756,0.534,0.756,0.554,0.393,0.735,0.554,0.664,0.713,0.488,0.713,0.534,0.385,0.652,0.815,0.652,0.945,0.815,0.385,0.945,0.581,0.652,0.941,0.964,0.652,0.945,0.577,0.941,0.586,0.941,0.233,0.489,0.831,0.289,0.47,0.289,0.304,0.436,0.436,0.436,0.53,0.47,0.304,0.47,0.831,0.53,0.52,0.447,0.52,0.852,0.852,0.852,0.558,0.845,0.921,0.547,0.74,0.709,0.721,0.74,0.455,0.845,0.977,0.592,0.381,0.977,0.721,0.521,0.245,0.774,0.845,0.799,0.556,0.624,0.768,0.977,0.73,0.768,0.768,0.521,0.712,0.615,0.716,0.712,0.712,0.9,0.558,0.67,0.67,0.567,0.336,0.536,0.504,0.434,0.653,0.837,0.913,0.67,0.481,0.536,0.541,0.494,0.905,0.456,0.612,0.631,0.902,0.029,0.631,0.401,0.418,0.868,0.435,0.323,0.91,0.543,0.027,0.532,0.043,0.543,0.543,0.944,0.753,0.873,0.543,0.82,0.543,0.543,0.743,0.788,0.851,0.735,0.083,0.843,0.048,0.691,0.109,0.709,0.234,0.839,0.225,0.081,0.051,0.064,0.069,0.235,0.224,0.118
0.321,0.321,0.452,0.452,0.798,0.926,0.541,0.701,0.933,0.726,0.701,0.556,0.725,0.798,0.556,0.701,0.725,0.798,0.857,0.725,0.23,0.742,0.23,0.609,0.725,0.541,0.609,0.701,0.674,0.726,0.674,0.742,0.617,0.662,0.573,0.662,0.981,0.573,0.617,0.981,0.14,0.662,0.962,0.062,0.662,0.981,0.836,0.962,0.03,0.962,0.875,0.11,0.981,0.752,0.981,0.752,0.76,0.956,0.956,0.956,0.724,0.981,0.76,0.981,0.981,0.724,0.594,0.06,0.594,0.942,0.942,0.942,0.142,0.896,0.068,0.128,0.922,0.016,0.882,0.922,0.175,0.896,0.918,0.128,0.043,0.918,0.882,0.119,0.161,0.006,0.896,0.064,0.119,0.138,0.913,0.918,0.397,0.913,0.913,0.111,0.908,0.913,0.015,0.908,0.908,0.012,0.126,0.966,0.966,0.975,0.924,0.952,0.105,0.923,0.13,0.009,0.03,0.929,0.102,0.952,0.123,0.099,0.026,0.059,0.183,0.97,0.01,0.771,0.97,0.961,0.052,0.99,0.054,0.95,0.009,0.901,0.872,0.987,0.789,0.901,0.92,0.029,0.605,0.7,0.92,0.006,0.92,0.901,0.595,0.48,0.715,0.547,0.674,0.007,0.66,0.481,0.235,0.522,0.268,0.689,0.229,0.731,0.598,0.723,0.681,0.601,0.685,0.144
0.259,0.259,0.274,0.274,0.141,0.832,0.155,0.13,0.849,0.196,0.13,0.14,0.136,0.141,0.14,0.13,0.136,0.141,0.197,0.136,0.251,0.148,0.251,0.146,0.136,0.155,0.146,0.13,0.132,0.196,0.132,0.148,0.066,0.13,0.136,0.13,0.251,0.136,0.066,0.251,0.756,0.13,0.298,0.59,0.13,0.251,0.199,0.298,0.17,0.298,0.759,0.71,0.194,0.045,0.192,0.045,0.04,0.218,0.218,0.218,0.15,0.192,0.04,0.192,0.194,0.15,0.112,0.188,0.112,0.212,0.212,0.212,0.886,0.252,0.472,0.665,0.214,0.484,0.207,0.214,0.736,0.252,0.147,0.733,0.22,0.147,0.207,0.662,0.711,0.708,0.252,0.502,0.652,0.748,0.249,0.147,0.422,0.249,0.249,0.636,0.267,0.086,0.547,0.267,0.267,0.405,0.707,0.469,0.469,0.348,0.708,0.33,0.629,0.616,0.81,0.699,0.809,0.084,0.626,0.33,0.68,0.602,0.81,0.603,0.772,0.478,0.558,0.689,0.478,0.655,0.585,0.09,0.591,0.737,0.638,0.172,0.645,0.361,0.619,0.172,0.175,0.764,0.917,0.612,0.175,0.766,0.175,0.172,0.913,0.471,0.661,0.522,0.527,0.746,0.597,0.848,0.75,0.52,0.609,0.648,0.613,0.7,0.659,0.522,0.614,0.748,0.689,0.934
0.567,0.567,0.576,0.576,0.525,0.566,0.923,0.844,0.615,0.635,0.844,0.92,0.89,0.525,0.92,0.844,0.89,0.525,0.453,0.89,0.614,0.755,0.614,0.86,0.89,0.923,0.86,0.844,0.79,0.635,0.79,0.755,0.694,0.84,0.867,0.84,0.145,0.867,0.694,0.145,0.275,0.84,0.162,0.381,0.84,0.145,0.418,0.162,0.731,0.162,0.651,0.303,0.22,0.619,0.214,0.619,0.575,0.279,0.279,0.279,0.733,0.214,0.575,0.214,0.22,0.733,0.803,0.511,0.803,0.281,0.281,0.281,0.551,0.467,0.412,0.372,0.097,0.613,0.093,0.097,0.484,0.467,0.33,0.396,0.563,0.33,0.093,0.405,0.525,0.627,0.467,0.451,0.365,0.359,0.333,0.33,0.707,0.333,0.333,0.398,0.295,0.117,0.747,0.295,0.295,0.693,0.507,0.159,0.159,0.139,0.117,0.562,0.71,0.459,0.55,0.664,0.851,0.108,0.67,0.562,0.506,0.721,0.844,0.506,0.494,0.146,0.578,0.932,0.146,0.413,0.387,0.256,0.429,0.131,0.896,0.144,0.901,0.132,0.833,0.144,0.127,0.914,0.202,0.662,0.127,0.641,0.127,0.144,0.215,0.726,0.672,0.567,0.862,0.748,0.961,0.19,0.98,0.564,0.967,0.659,0.962,0.915,0.954,0.967,0.958,0.944,0.933,0.903
0.844,0.844,0.818,0.818,0.583,0.598,0.794,0.767,0.597,0.844,0.767,0.816,0.684,0.583,0.816,0.767,0.684,0.583,0.089,0.684,0.822,0.862,0.822,0.757,0.684,0.794,0.757,0.767,0.802,0.844,0.802,0.862,0.727,0.715,0.778,0.715,0.172,0.778,0.727,0.172,0.596,0.715,0.304,0.323,0.715,0.172,0.081,0.304,0.493,0.304,0.915,0.672,0.829,0.778,0.097,0.778,0.771,0.154,0.154,0.154,0.837,0.097,0.771,0.097,0.829,0.837,0.742,0.502,0.742,0.702,0.702,0.702,0.436,0.692,0.397,0.84,0.787,0.806,0.758,0.787,0.9,0.692,0.155,0.845,0.447,0.155,0.758,0.825,0.845,0.78,0.692,0.392,0.832,0.85,0.624,0.155,0.726,0.624,0.624,0.816,0.565,0.657,0.821,0.565,0.565,0.806,0.854,0.406,0.406,0.42,0.731,0.75,0.954,0.748,0.848,0.74,0.654,0.679,0.927,0.75,0.85,0.936,0.721,0.963,0.848,0.259,0.693,0.548,0.259,0.804,0.99,0.737,0.987,0.639,0.767,0.17,0.486,0.286,0.358,0.17,0.151,0.757,0.3,0.232,0.151,0.835,0.151,0.17,0.282,0.484,0.276,0.507,0.472,0.797,0.577,0.285,0.459,0.51,0.605,0.327,0.585,0.429,0.666,0.504,0.647,0.231,0.247,0.073
0.611,0.611,0.756,0.756,0.796,0.601,0.744,0.404,0.649,0.341,0.404,0.548,0.569,0.796,0.548,0.404,0.569,0.796,0.405,0.569,0.56,0.182,0.56,0.566,0.569,0.744,0.566,0.404,0.325,0.341,0.325,0.182,0.76,0.371,0.482,0.371,0.414,0.482,0.76,0.414,0.597,0.371,0.417,0.487,0.371,0.414,0.41,0.417,0.536,0.417,0.499,0.68,0.597,0.75,0.494,0.75,0.742,0.474,0.474,0.474,0.243,0.494,0.742,0.494,0.597,0.243,0.361,0.573,0.361,0.419,0.419,0.419,0.818,0.78,0.448,0.533,0.546,0.672,0.549,0.546,0.794,0.78,0.673,0.737,0.553,0.673,0.549,0.562,0.826,0.623,0.78,0.452,0.54,0.634,0.447,0.673,0.433,0.447,0.447,0.599,0.449,0.606,0.616,0.449,0.449,0.529,0.69,0.589,0.589,0.562,0.381,0.835,0.856,0.948,0.831,0.642,0.352,0.612,0.795,0.835,0.709,0.81,0.341,0.793,0.903,0.674,0.455,0.506,0.674,0.708,0.76,0.627,0.773,0.403,0.518,0.438,0.516,0.631,0.614,0.438,0.435,0.303,0.436,0.362,0.435,0.632,0.435,0.438,0.459,0.383,0.315,0.383,0.696,0.673,0.665,0.553,0.768,0.343,0.744,0.308,0.744,0.736,0.639,0.661,0.645,0.888,0.902,0.922
0.103,0.103,0.101,0.101,0.501,0.353,0.127,0.099,0.334,0.05,0.099,0.108,0.096,0.501,0.108,0.099,0.096,0.501,0.664,0.096,0.16,0.071,0.16,0.094,0.096,0.127,0.094,0.099,0.108,0.05,0.108,0.071,0.073,0.117,0.122,0.117,0.177,0.122,0.073,0.177,0.322,0.117,0.15,0.337,0.117,0.177,0.792,0.15,0.648,0.15,0.326,0.324,0.109,0.131,0.232,0.131,0.136,0.189,0.189,0.189,0.073,0.232,0.136,0.232,0.109,0.073,0.119,0.824,0.119,0.11,0.11,0.11,0.567,0.435,0.395,0.438,0.114,0.245,0.117,0.114,0.369,0.435,0.221,0.352,0.848,0.221,0.117,0.463,0.377,0.435,0.435,0.431,0.446,0.357,0.119,0.221,0.881,0.119,0.119,0.468,0.123,0.234,0.203,0.123,0.123,0.301,0.679,0.394,0.394,0.442,0.626,0.398,0.816,0.421,0.488,0.362,0.485,0.234,0.796,0.398,0.632,0.839,0.511,0.943,0.391,0.357,0.543,0.048,0.357,0.582,0.95,0.222,0.948,0.572,0.61,0.143,0.119,0.387,0.089,0.143,0.198,0.537,0.053,0.558,0.198,0.44,0.198,0.143,0.048,0.55,0.435,0.573,0.187,0.37,0.092,0.084,0.935,0.603,0.95,0.453,0.941,0.181,0.095,0.187,0.177,0.281,0.349,0.336
0.006,0.006,0.007,0.007,0.249,0.03,0.01,0.009,0.029,0.009,0.009,0.007,0.01,0.249,0.007,0.009,0.01,0.249,0.402,0.01,0.037,0.012,0.037,0.009,0.01,0.01,0.009,0.009,0.011,0.009,0.011,0.012,0.007,0.013,0.04,0.013,0.325,0.04,0.007,0.325,0.178,0.013,0.301,0.667,0.013,0.325,0.714,0.301,0.814,0.301,0.061,0.176,0.236,0.008,0.442,0.008,0.007,0.425,0.425,0.425,0.023,0.442,0.007,0.442,0.236,0.023,0.013,0.584,0.013,0.455,0.455,0.455,0.347,0.295,0.495,0.089,0.24,0.411,0.248,0.24,0.134,0.295,0.442,0.16,0.572,0.442,0.248,0.098,0.279,0.465,0.295,0.494,0.091,0.143,0.442,0.442,0.257,0.442,0.442,0.103,0.448,0.499,0.396,0.448,0.448,0.612,0.298,0.555,0.555,0.613,0.559,0.475,0.959,0.471,0.414,0.449,0.854,0.452,0.935,0.475,0.312,0.932,0.877,0.994,0.515,0.731,0.698,0.298,0.731,0.606,0.987,0.346,0.992,0.676,0.828,0.394,0.266,0.799,0.22,0.394,0.455,0.911,0.8,0.118,0.455,0.637,0.455,0.394,0.81,0.088,0.112,0.076,0.42,0.625,0.509,0.673,0.405,0.072,0.679,0.126,0.707,0.41,0.447,0.513,0.434,0.804,0.784,0.755
0.681,0.681,0.708,0.708,0.179,0.63,0.419,0.429,0.664,0.337,0.429,0.434,0.361,0.179,0.434,0.429,0.361,0.179,0.667,0.361,0.547,0.37,0.547,0.352,0.361,0.419,0.352,0.429,0.423,0.337,0.423,0.37,0.995,0.426,0.421,0.426,0.36,0.421,0.995,0.36,0.24,0.426,0.349,0.141,0.426,0.36,0.691,0.349,0.59,0.349,0.559,0.256,0.07,0.983,0.536,0.983,0.983,0.517,0.517,0.517,0.386,0.536,0.983,0.536,0.07,0.386,0.443,0.224,0.443,0.067,0.067,0.067,0.134,0.403,0.02,0.115,0.149,0.346,0.122,0.149,0.129,0.403,0.113,0.136,0.299,0.113,0.122,0.126,0.128,0.389,0.403,0.025,0.122,0.112,0.054,0.113,0.801,0.054,0.054,0.128,0.068,0.145,0.41,0.068,0.068,0.44,0.108,0.505,0.505,0.55,0.572,0.391,0.588,0.423,0.08,0.429,0.7,0.182,0.514,0.391,0.112,0.535,0.602,0.394,0.105,0.718,0.476,0.704,0.718,0.714,0.36,0.049,0.354,0.655,0.432,0.342,0.658,0.742,0.708,0.342,0.266,0.587,0.85,0.766,0.266,0.471,0.266,0.342,0.849,0.684,0.758,0.719,0.878,0.473,0.836,0.809,0.77,0.72,0.75,0.752,0.746,0.895,0.821,0.845,0.826,0.95,0.963,0.781
0.136,0.136,0.113,0.113,0.876,0.161,0.142,0.047,0.166,0.078,0.047,0.086,0.11,0.876,0.086,0.047,0.11,0.876,0.811,0.11,0.077,0.038,0.077,0.096,0.11,0.142,0.096,0.047,0.04,0.078,0.04,0.038,0.844,0.077,0.088,0.077,0.928,0.088,0.844,0.928,0.309,0.077,0.922,0.242,0.077,0.928,0.813,0.922,0.29,0.922,0.13,0.325,0.915,0.856,0.864,0.856,0.871,0.857,0.857,0.857,0.054,0.864,0.871,0.864,0.915,0.054,0.037,0.243,0.037,0.913,0.913,0.913,0.341,0.939,0.264,0.298,0.97,0.412,0.954,0.97,0.361,0.939,0.776,0.204,0.238,0.776,0.954,0.176,0.211,0.462,0.939,0.234,0.292,0.31,0.968,0.776,0.886,0.968,0.968,0.171,0.956,0.756,0.423,0.956,0.956,0.327,0.23,0.317,0.317,0.386,0.131,0.074,0.112,0.071,0.269,0.47,0.394,0.741,0.122,0.074,0.183,0.131,0.416,0.064,0.236,0.188,0.329,0.021,0.188,0.147,0.073,0.766,0.078,0.108,0.514,0.787,0.016,0.321,0.021,0.787,0.774,0.545,0.051,0.026,0.774,0.552,0.774,0.787,0.049,0.019,0.029,0.017,0.018,0.581,0.029,0.05,0.03,0.018,0.063,0.024,0.061,0.019,0.031,0.032,0.031,0.036,0.035,0.031
0.269,0.269,0.263,0.263,0.639,0.932,0.18,0.106,0.938,0.077,0.106,0.192,0.108,0.639,0.192,0.106,0.108,0.639,0.294,0.108,0.316,0.088,0.316,0.085,0.108,0.18,0.085,0.106,0.097,0.077,0.097,0.088,0.045,0.124,0.184,0.124,0.092,0.184,0.045,0.092,0.691,0.124,0.132,0.618,0.124,0.092,0.253,0.132,0.876,0.132,0.967,0.743,0.165,0.063,0.099,0.063,0.062,0.139,0.139,0.139,0.101,0.099,0.062,0.099,0.165,0.101,0.117,0.818,0.117,0.198,0.198,0.198,0.786,0.716,0.484,0.968,0.07,0.959,0.052,0.07,0.8,0.716,0.327,0.988,0.862,0.327,0.052,0.97,0.748,0.992,0.716,0.505,0.974,0.988,0.059,0.327,0.528,0.059,0.059,0.975,0.049,0.078,0.931,0.049,0.049,0.849,0.96,0.235,0.235,0.283,0.183,0.415,0.817,0.435,0.985,0.99,0.986,0.122,0.843,0.415,0.964,0.844,0.978,0.95,0.821,0.186,0.988,0.74,0.186,0.43,0.92,0.312,0.942,0.151,0.997,0.088,0.717,0.232,0.755,0.088,0.067,0.983,0.371,0.65,0.067,0.996,0.067,0.088,0.33,0.785,0.544,0.694,0.719,0.993,0.756,0.212,0.6,0.794,0.751,0.585,0.727,0.745,0.723,0.726,0.746,0.472,0.443,0.455
0.667,0.667,0.723,0.723,0.394,0.524,0.979,0.915,0.541,0.713,0.915,0.94,0.91,0.394,0.94,0.915,0.91,0.394,0.396,0.91,0.567,0.613,0.567,0.809,0.91,0.979,0.809,0.915,0.862,0.713,0.862,0.613,0.496,0.806,0.871,0.806,0.703,0.871,0.496,0.703,0.594,0.806,0.458,0.573,0.806,0.703,0.267,0.458,0.333,0.458,0.589,0.609,0.642,0.316,0.52,0.316,0.296,0.498,0.498,0.498,0.639,0.52,0.296,0.52,0.642,0.639,0.778,0.366,0.778,0.37,0.37,0.37,0.543,0.316,0.556,0.625,0.497,0.452,0.476,0.497,0.638,0.316,0.389,0.697,0.336,0.389,0.476,0.611,0.658,0.584,0.316,0.582,0.662,0.699,0.414,0.389,0.121,0.414,0.414,0.651,0.392,0.4,0.43,0.392,0.392,0.474,0.668,0.377,0.377,0.378,0.27,0.317,0.792,0.331,0.742,0.457,0.811,0.409,0.79,0.317,0.699,0.765,0.866,0.866,0.587,0.531,0.612,0.653,0.531,0.311,0.859,0.555,0.862,0.367,0.678,0.119,0.612,0.541,0.628,0.119,0.254,0.797,0.568,0.514,0.254,0.615,0.254,0.119,0.539,0.626,0.734,0.71,0.679,0.515,0.638,0.458,0.446,0.638,0.55,0.74,0.546,0.681,0.685,0.552,0.646,0.834,0.822,0.677
0.983,0.983,0.99,0.99,0.784,0.649,0.669,0.627,0.733,0.538,0.627,0.71,0.554,0.784,0.71,0.627,0.554,0.784,0.511,0.554,0.996,0.608,0.996,0.641,0.554,0.669,0.641,0.627,0.692,0.538,0.692,0.608,0.938,0.595,0.715,0.595,0.943,0.715,0.938,0.943,0.471,0.595,0.93,0.433,0.595,0.943,0.541,0.93,0.398,0.93,0.883,0.542,0.739,0.924,0.916,0.924,0.928,0.905,0.905,0.905,0.653,0.916,0.928,0.916,0.739,0.653,0.719,0.398,0.719,0.566,0.566,0.566,0.33,0.829,0.464,0.511,0.683,0.48,0.716,0.683,0.54,0.829,0.806,0.426,0.338,0.806,0.716,0.546,0.57,0.583,0.829,0.458,0.505,0.401,0.656,0.806,0.675,0.656,0.656,0.507,0.697,0.604,0.464,0.697,0.697,0.469,0.392,0.577,0.577,0.459,0.038,0.24,0.461,0.202,0.311,0.55,0.549,0.599,0.464,0.24,0.388,0.439,0.61,0.464,0.37,0.671,0.458,0.585,0.671,0.042,0.54,0.673,0.475,0.038,0.486,0.794,0.693,0.523,0.721,0.794,0.821,0.458,0.141,0.565,0.821,0.456,0.821,0.794,0.101,0.432,0.692,0.455,0.75,0.474,0.64,0.147,0.837,0.482,0.954,0.666,0.957,0.503,0.78,0.663,0.898,0.621,0.831,0.257
0.832,0.832,0.859,0.859,0.46,0.221,0.572,0.538,0.209,0.363,0.538,0.635,0.411,0.46,0.635,0.538,0.411,0.46,0.319,0.411,0.725,0.402,0.725,0.413,0.411,0.572,0.413,0.538,0.537,0.363,0.537,0.402,0.637,0.472,0.547,0.472,0.415,0.547,0.637,0.415,0.933,0.472,0.498,0.243,0.472,0.415,0.337,0.498,0.247,0.498,0.167,0.936,0.621,0.581,0.65,0.581,0.545,0.747,0.747,0.747,0.335,0.65,0.545,0.65,0.621,0.335,0.479,0.313,0.479,0.795,0.795,0.795,0.776,0.374,0.241,0.73,0.616,0.419,0.726,0.616,0.72,0.374,0.745,0.745,0.284,0.745,0.726,0.701,0.694,0.611,0.374,0.247,0.676,0.764,0.463,0.745,0.229,0.463,0.463,0.666,0.515,0.646,0.451,0.515,0.515,0.48,0.659,0.497,0.497,0.538,0.887,0.813,0.192,0.609,0.714,0.535,0.651,0.535,0.158,0.813,0.594,0.157,0.689,0.316,0.605,0.447,0.582,0.016,0.447,0.897,0.279,0.683,0.275,0.904,0.637,0.58,0.012,0.472,0.017,0.58,0.767,0.715,0.779,0.016,0.767,0.629,0.767,0.58,0.795,0.751,0.016,0.72,0.025,0.583,0.028,0.816,0.046,0.704,0.048,0.015,0.047,0.03,0.028,0.025,0.028,0.068,0.065,0.041
0.874,0.874,0.79,0.79,0.918,0.574,0.857,0.796,0.54,0.571,0.796,0.86,0.799,0.918,0.86,0.796,0.799,0.918,0.975,0.799,0.807,0.604,0.807,0.773,0.799,0.857,0.773,0.796,0.782,0.571,0.782,0.604,0.456,0.932,0.958,0.932,0.662,0.958,0.456,0.662,0.544,0.932,0.652,0.347,0.932,0.662,0.942,0.652,0.727,0.652,0.585,0.577,0.837,0.408,0.909,0.408,0.403,0.871,0.871,0.871,0.749,0.909,0.403,0.909,0.837,0.749,0.912,0.834,0.912,0.894,0.894,0.894,0.521,0.622,0.419,0.548,0.916,0.937,0.94,0.916,0.562,0.622,0.805,0.603,0.824,0.805,0.94,0.569,0.584,0.771,0.622,0.421,0.531,0.584,0.901,0.805,0.868,0.901,0.901,0.54,0.916,0.921,0.903,0.916,0.916,0.917,0.397,0.624,0.624,0.65,0.958,0.957,0.331,0.965,0.4,0.712,0.448,0.916,0.33,0.957,0.358,0.361,0.489,0.332,0.415,0.554,0.907,0.217,0.554,0.996,0.374,0.854,0.445,0.955,0.883,0.821,0.278,0.657,0.189,0.821,0.853,0.34,0.602,0.694,0.853,0.595,0.853,0.821,0.592,0.907,0.645,0.822,0.466,0.605,0.37,0.623,0.625,0.754,0.403,0.56,0.388,0.573,0.282,0.455,0.356,0.329,0.428,0.407
0.98,0.98,0.964,0.964,0.466,0.726,0.513,0.469,0.73,0.907,0.469,0.566,0.437,0.466,0.566,0.469,0.437,0.466,0.349,0.437,0.932,0.893,0.932,0.385,0.437,0.513,0.385,0.469,0.441,0.907,0.441,0.893,0.87,0.408,0.479,0.408,0.603,0.479,0.87,0.603,0.385,0.408,0.612,0.7,0.408,0.603,0.324,0.612,0.641,0.612,0.791,0.395,0.592,0.921,0.847,0.921,0.904,0.774,0.774,0.774,0.893,0.847,0.904,0.847,0.592,0.893,0.394,0.498,0.394,0.396,0.396,0.396,0.342,0.071,0.569,0.212,0.49,0.627,0.507,0.49,0.292,0.071,0.499,0.228,0.444,0.499,0.507,0.184,0.308,0.761,0.071,0.565,0.183,0.269,0.387,0.499,0.067,0.387,0.387,0.174,0.409,0.627,0.699,0.409,0.409,0.762,0.162,0.646,0.646,0.736,0.597,0.067,0.446,0.074,0.238,0.761,0.419,0.604,0.466,0.067,0.177,0.527,0.442,0.539,0.291,0.256,0.761,0.952,0.256,0.099,0.502,0.615,0.573,0.581,0.886,0.73,0.951,0.385,0.792,0.73,0.718,0.326,0.551,0.874,0.718,0.929,0.718,0.73,0.542,0.885,0.889,0.845,0.956,0.924,0.98,0.44,0.999,0.876,0.998,0.985,0.999,0.968,0.98,0.992,0.976,0.953,0.975,0.981
0.94,0.94,0.923,0.923,0.656,0.111,0.751,0.729,0.108,0.861,0.729,0.783,0.708,0.656,0.783,0.729,0.708,0.656,0.538,0.708,0.913,0.909,0.913,0.923,0.708,0.751,0.923,0.729,0.95,0.861,0.95,0.909,0.661,0.753,0.856,0.753,0.716,0.856,0.661,0.716,0.584,0.753,0.709,0.92,0.753,0.716,0.543,0.709,0.159,0.709,0.093,0.708,0.375,0.662,0.631,0.662,0.644,0.635,0.635,0.635,0.872,0.631,0.644,0.631,0.375,0.872,0.892,0.147,0.892,0.537,0.537,0.537,0.623,0.836,0.814,0.474,0.215,0.151,0.231,0.215,0.566,0.836,0.529,0.621,0.153,0.529,0.231,0.54,0.608,0.13,0.836,0.809,0.471,0.57,0.622,0.529,0.525,0.622,0.622,0.515,0.646,0.358,0.173,0.646,0.646,0.173,0.448,0.671,0.671,0.414,0.533,0.842,0.87,0.644,0.545,0.157,0.451,0.306,0.88,0.842,0.45,0.875,0.487,0.201,0.667,0.804,0.137,0.883,0.804,0.554,0.178,0.497,0.212,0.559,0.168,0.28,0.937,0.562,0.773,0.28,0.271,0.279,0.079,0.904,0.271,0.16,0.271,0.28,0.083,0.792,0.878,0.785,0.876,0.191,0.901,0.035,0.927,0.772,0.981,0.91,0.972,0.836,0.953,0.956,0.983,0.968,0.995,0.79
0.504,0.504,0.41,0.41,0.069,0.485,0.413,0.746,0.456,0.57,0.746,0.447,0.712,0.069,0.447,0.746,0.712,0.069,0.039,0.712,0.462,0.61,0.462,0.709,0.712,0.413,0.709,0.746,0.74,0.57,0.74,0.61,0.671,0.741,0.367,0.741,0.034,0.367,0.671,0.034,0.885,0.741,0.041,0.763,0.741,0.034,0.035,0.041,0.952,0.041,0.459,0.907,0.252,0.607,0.019,0.607,0.629,0.018,0.018,0.018,0.607,0.019,0.629,0.019,0.252,0.607,0.736,0.961,0.736,0.347,0.347,0.347,0.902,0.085,0.727,0.678,0.272,0.269,0.265,0.272,0.746,0.085,0.434,0.705,0.957,0.434,0.265,0.678,0.721,0.309,0.085,0.728,0.649,0.732,0.389,0.434,0.026,0.389,0.389,0.646,0.403,0.238,0.263,0.403,0.403,0.262,0.701,0.041,0.041,0.08,0.379,0.402,0.73,0.334,0.758,0.31,0.371,0.209,0.758,0.402,0.684,0.776,0.31,0.688,0.721,0.038,0.317,0.468,0.038,0.7,0.587,0.279,0.666,0.42,0.421,0.26,0.484,0.103,0.522,0.26,0.284,0.61,0.574,0.388,0.284,0.434,0.284,0.26,0.59,0.482,0.441,0.499,0.565,0.441,0.45,0.577,0.687,0.5,0.705,0.431,0.701,0.58,0.49,0.578,0.612,0.784,0.865,0.648
