scan_000,scan_001,scan_002,scan_003,scan_004,scan_005,scan_006,scan_007,scan_008,scan_009,scan_010,scan_011,scan_012,scan_013,scan_014,scan_015,scan_016,scan_017,scan_018,scan_019,scan_020,scan_021,scan_022,scan_023,scan_024,scan_025,scan_026,scan_027,scan_028,scan_029,scan_030,scan_031,scan_032,scan_033,scan_034,scan_035,scan_036,scan_037,scan_038,scan_039,scan_040,scan_041,scan_042,scan_043,scan_044,scan_045,scan_046,scan_047,scan_048,scan_049,scan_050,scan_051,scan_052,scan_053,scan_054,scan_055,scan_056,scan_057,scan_058,scan_059,scan_060,scan_061,scan_062,scan_063,scan_064,scan_065,scan_066,scan_067,scan_068,scan_069,scan_070,scan_071,scan_072,scan_073,scan_074,scan_075,scan_076,scan_077,scan_078,scan_079,scan_080,scan_081,scan_082,scan_083,scan_084,scan_085,scan_086,scan_087,scan_088,scan_089,scan_090,scan_091,scan_092,scan_093,scan_094,scan_095,scan_096,scan_097,scan_098,scan_099,scan_100,scan_101,scan_102,scan_103,scan_104,scan_105,scan_106,scan_107,scan_108,scan_109,scan_110,scan_111,scan_112,scan_113,scan_114,scan_115,scan_116,scan_117,scan_118,scan_119,scan_120,scan_121,scan_122,scan_123,scan_124,scan_125,scan_126,scan_127,scan_128,scan_129,scan_130,scan_131,scan_132,scan_133,scan_134,scan_135,scan_136,scan_137,scan_138,scan_139,scan_140,scan_141,scan_142,scan_143,scan_144,scan_145,scan_146,scan_147,scan_148,scan_149,scan_150,scan_151,scan_152,scan_153,scan_154,scan_155,scan_156,scan_157,scan_158,scan_159,scan_160,scan_161,scan_162,scan_163,scan_164,scan_165,scan_166,scan_167
0.347,0.347,0.309,0.309,0.115,0.955,0.327,0.277,0.947,0.25,0.277,0.347,0.252,0.115,0.347,0.277,0.252,0.115,0.778,0.252,0.35,0.265,0.35,0.284,0.252,0.327,0.284,0.277,0.321,0.25,0.321,0.265,0.438,0.384,0.44,0.384,0.714,0.44,0.438,0.714,0.972,0.384,0.723,0.506,0.384,0.714,0.853,0.723,0.454,0.723,0.83,0.929,0.276,0.211,0.604,0.211,0.201,0.57,0.57,0.57,0.55,0.604,0.201,0.604,0.276,0.55,0.421,0.596,0.421,0.36,0.36,0.36,0.837,0.08,0.664,0.707,0.64,0.813,0.62,0.64,0.883,0.08,0.161,0.803,0.749,0.161,0.62,0.678,0.878,0.833,0.08,0.841,0.694,0.877,0.757,0.161,0.031,0.757,0.757,0.656,0.696,0.478,0.884,0.696,0.696,0.681,0.597,0.784,0.784,0.793,0.652,0.121,0.357,0.12,0.701,0.879,0.443,0.6,0.398,0.121,0.608,0.432,0.51,0.295,0.732,0.834,0.9,0.009,0.834,0.604,0.333,0.295,0.352,0.646,0.927,0.313,0.01,0.829,0.034,0.313,0.302,0.433,0.775,0.004,0.302,0.891,0.302,0.313,0.769,0.001,0.005,0.001,0.144,0.925,0.148,0.76,0.327,0.001,0.365,0.004,0.364,0.11,0.204,0.15,0.207,0.39,0.348,0.362
0.263,0.263,0.297,0.297,0.114,0.531,0.24,0.199,0.554,0.704,0.199,0.261,0.135,0.114,0.261,0.199,0.135,0.114,0.151,0.135,0.528,0.666,0.528,0.126,0.135,0.24,0.126,0.199,0.185,0.704,0.185,0.666,0.424,0.247,0.309,0.247,0.333,0.309,0.424,0.333,0.488,0.247,0.277,0.758,0.247,0.333,0.069,0.277,0.586,0.277,0.754,0.496,0.516,0.27,0.254,0.27,0.259,0.227,0.227,0.227,0.765,0.254,0.259,0.254,0.516,0.765,0.22,0.974,0.22,0.438,0.438,0.438,0.437,0.263,0.921,0.532,0.591,0.585,0.603,0.591,0.493,0.263,0.234,0.591,0.963,0.234,0.603,0.531,0.424,0.545,0.263,0.804,0.513,0.577,0.405,0.234,0.716,0.405,0.405,0.487,0.371,0.609,0.554,0.371,0.371,0.346,0.338,0.525,0.525,0.626,0.756,0.236,0.117,0.346,0.473,0.535,0.191,0.575,0.143,0.236,0.377,0.147,0.178,0.139,0.481,0.441,0.513,0.686,0.441,0.396,0.157,0.544,0.195,0.739,0.305,0.32,0.716,0.523,0.749,0.32,0.345,0.18,0.897,0.505,0.345,0.373,0.345,0.32,0.892,0.51,0.584,0.51,0.777,0.363,0.783,0.865,0.187,0.519,0.143,0.554,0.134,0.777,0.777,0.897,0.857,0.225,0.241,0.168
0.226,0.226,0.132,0.132,0.587,0.782,0.048,0.028,0.809,0.091,0.028,0.088,0.03,0.587,0.088,0.028,0.03,0.587,0.478,0.03,0.398,0.123,0.398,0.033,0.03,0.048,0.033,0.028,0.04,0.091,0.04,0.123,0.931,0.196,0.256,0.196,0.809,0.256,0.931,0.809,0.501,0.196,0.83,0.076,0.196,0.809,0.44,0.83,0.062,0.83,0.988,0.542,0.651,0.473,0.576,0.473,0.439,0.588,0.588,0.588,0.244,0.576,0.439,0.576,0.651,0.244,0.294,0.09,0.294,0.764,0.764,0.764,0.716,0.85,0.095,0.519,0.841,0.201,0.858,0.841,0.572,0.85,0.403,0.582,0.078,0.403,0.858,0.565,0.682,0.268,0.85,0.098,0.497,0.545,0.745,0.403,0.637,0.745,0.745,0.552,0.766,0.782,0.166,0.766,0.766,0.322,0.524,0.292,0.292,0.318,0.614,0.5,0.531,0.568,0.526,0.223,0.836,0.817,0.487,0.5,0.47,0.561,0.848,0.225,0.558,0.262,0.468,0.966,0.262,0.721,0.202,0.612,0.245,0.612,0.562,0.502,0.964,0.294,0.999,0.502,0.503,0.733,0.896,0.902,0.503,0.277,0.503,0.502,0.877,0.815,0.672,0.868,0.998,0.276,0.978,0.86,0.999,0.847,0.988,0.683,0.988,0.994,0.959,0.98,0.964,0.639,0.616,0.667
0.147,0.147,0.149,0.149,0.476,0.146,0.238,0.166,0.09,0.508,0.166,0.264,0.159,0.476,0.264,0.166,0.159,0.476,0.454,0.159,0.367,0.591,0.367,0.149,0.159,0.238,0.149,0.166,0.168,0.508,0.168,0.591,0.69,0.478,0.63,0.478,0.159,0.63,0.69,0.159,0.643,0.478,0.249,0.544,0.478,0.159,0.509,0.249,0.431,0.249,0.283,0.442,0.834,0.385,0.398,0.385,0.377,0.513,0.513,0.513,0.843,0.398,0.377,0.398,0.834,0.843,0.484,0.504,0.484,0.733,0.733,0.733,0.679,0.197,0.517,0.788,0.858,0.586,0.868,0.858,0.79,0.197,0.654,0.883,0.497,0.654,0.868,0.796,0.774,0.629,0.197,0.518,0.77,0.888,0.62,0.654,0.204,0.62,0.62,0.779,0.73,0.775,0.562,0.73,0.73,0.58,0.927,0.558,0.558,0.703,0.55,0.691,0.836,0.762,0.944,0.668,0.32,0.768,0.822,0.691,0.917,0.812,0.327,0.892,0.944,0.504,0.675,0.117,0.504,0.728,0.902,0.721,0.879,0.593,0.717,0.7,0.054,0.627,0.152,0.7,0.674,0.347,0.71,0.684,0.674,0.693,0.674,0.7,0.716,0.588,0.497,0.554,0.253,0.724,0.265,0.695,0.381,0.623,0.462,0.596,0.381,0.298,0.287,0.223,0.249,0.139,0.153,0.116
0.923,0.923,0.875,0.875,0.998,0.058,0.738,0.653,0.058,0.852,0.653,0.727,0.611,0.998,0.727,0.653,0.611,0.998,0.951,0.611,0.886,0.874,0.886,0.774,0.611,0.738,0.774,0.653,0.777,0.852,0.777,0.874,0.609,0.59,0.679,0.59,0.976,0.679,0.609,0.976,0.427,0.59,0.972,0.777,0.59,0.976,0.939,0.972,0.857,0.972,0.09,0.407,0.997,0.611,0.974,0.611,0.618,0.986,0.986,0.986,0.837,0.974,0.618,0.974,0.997,0.837,0.717,0.956,0.717,0.977,0.977,0.977,0.379,0.991,0.958,0.809,0.774,0.423,0.623,0.774,0.87,0.991,0.974,0.912,0.961,0.974,0.623,0.81,0.864,0.54,0.991,0.931,0.785,0.911,0.667,0.974,0.868,0.667,0.667,0.798,0.532,0.518,0.424,0.532,0.532,0.48,0.689,0.935,0.935,0.885,0.754,0.938,0.541,0.869,0.763,0.559,0.532,0.71,0.503,0.938,0.681,0.518,0.55,0.467,0.827,0.938,0.542,0.996,0.938,0.759,0.511,0.981,0.509,0.77,0.621,0.883,0.996,0.89,0.984,0.883,0.834,0.377,0.439,0.855,0.834,0.645,0.834,0.883,0.497,0.758,0.916,0.799,0.995,0.647,0.996,0.302,0.893,0.78,0.815,0.921,0.813,0.985,0.998,0.995,0.999,0.907,0.916,0.903
0.518,0.518,0.343,0.343,0.154,0.417,0.523,0.498,0.4,0.446,0.498,0.587,0.39,0.154,0.587,0.498,0.39,0.154,0.933,0.39,0.301,0.547,0.301,0.447,0.39,0.523,0.447,0.498,0.554,0.446,0.554,0.547,0.212,0.263,0.386,0.263,0.635,0.386,0.212,0.635,0.805,0.263,0.604,0.985,0.263,0.635,0.908,0.604,0.968,0.604,0.228,0.796,0.201,0.395,0.551,0.395,0.416,0.523,0.523,0.523,0.363,0.551,0.416,0.551,0.201,0.363,0.27,0.977,0.27,0.07,0.07,0.07,0.921,0.179,0.979,0.992,0.576,0.996,0.516,0.576,0.817,0.179,0.125,0.961,0.986,0.125,0.516,0.994,0.818,0.882,0.179,0.983,0.992,0.966,0.218,0.125,0.596,0.218,0.218,0.994,0.179,0.576,0.996,0.179,0.179,0.975,0.999,0.358,0.358,0.411,0.805,0.085,0.992,0.108,0.975,0.866,0.861,0.54,0.994,0.085,0.999,0.99,0.967,0.977,0.874,0.252,0.872,0.682,0.252,0.429,0.992,0.339,0.994,0.795,0.916,0.236,0.762,0.441,0.717,0.236,0.254,0.899,0.471,0.795,0.254,0.854,0.254,0.236,0.468,0.789,0.681,0.689,0.509,0.867,0.529,0.486,0.58,0.619,0.673,0.647,0.679,0.522,0.449,0.573,0.466,0.479,0.416,0.533
0.521,0.521,0.763,0.763,0.234,0.035,0.768,0.481,0.037,0.488,0.481,0.696,0.68,0.234,0.696,0.481,0.68,0.234,0.941,0.68,0.807,0.421,0.807,0.749,0.68,0.768,0.749,0.481,0.552,0.488,0.552,0.421,0.961,0.762,0.903,0.762,0.751,0.903,0.961,0.751,0.088,0.762,0.773,0.573,0.762,0.751,0.865,0.773,0.811,0.773,0.028,0.129,0.115,0.872,0.562,0.872,0.841,0.573,0.573,0.573,0.646,0.562,0.841,0.562,0.115,0.646,0.857,0.891,0.857,0.309,0.309,0.309,0.154,0.419,0.723,0.273,0.277,0.606,0.305,0.277,0.084,0.419,0.225,0.111,0.847,0.225,0.305,0.28,0.084,0.591,0.419,0.646,0.258,0.096,0.16,0.225,0.926,0.16,0.16,0.265,0.158,0.139,0.601,0.158,0.158,0.529,0.412,0.871,0.871,0.875,0.962,0.822,0.273,0.812,0.143,0.609,0.463,0.11,0.273,0.822,0.409,0.276,0.483,0.293,0.196,0.847,0.538,0.069,0.847,0.922,0.324,0.201,0.325,0.969,0.488,0.41,0.06,0.846,0.087,0.41,0.487,0.405,0.007,0.133,0.487,0.522,0.487,0.41,0.004,0.439,0.094,0.519,0.017,0.53,0.025,0.002,0.054,0.501,0.08,0.098,0.085,0.023,0.02,0.025,0.021,0.072,0.079,0.07
0.525,0.525,0.524,0.524,0.723,0.665,0.603,0.415,0.684,0.716,0.415,0.562,0.466,0.723,0.562,0.415,0.466,0.723,0.131,0.466,0.75,0.736,0.75,0.497,0.466,0.603,0.497,0.415,0.442,0.716,0.442,0.736,0.854,0.533,0.628,0.533,0.096,0.628,0.854,0.096,0.112,0.533,0.08,0.273,0.533,0.096,0.172,0.08,0.488,0.08,0.74,0.117,0.79,0.517,0.076,0.517,0.491,0.048,0.048,0.048,0.689,0.076,0.491,0.076,0.79,0.689,0.545,0.309,0.545,0.536,0.536,0.536,0.2,0.454,0.254,0.189,0.273,0.487,0.197,0.273,0.198,0.454,0.707,0.188,0.34,0.707,0.197,0.165,0.194,0.179,0.454,0.239,0.217,0.182,0.15,0.707,0.308,0.15,0.15,0.167,0.096,0.189,0.492,0.096,0.096,0.566,0.365,0.534,0.534,0.547,0.163,0.852,0.082,0.849,0.33,0.153,0.052,0.288,0.072,0.852,0.404,0.075,0.053,0.157,0.332,0.509,0.117,0.249,0.509,0.525,0.118,0.434,0.12,0.41,0.179,0.277,0.302,0.531,0.244,0.277,0.204,0.052,0.066,0.384,0.204,0.212,0.204,0.277,0.068,0.363,0.478,0.36,0.435,0.189,0.477,0.056,0.563,0.276,0.728,0.48,0.721,0.441,0.47,0.551,0.529,0.86,0.809,0.472
0.214,0.214,0.272,0.272,0.074,0.8,0.658,0.609,0.798,0.4,0.609,0.584,0.624,0.074,0.584,0.609,0.624,0.074,0.47,0.624,0.498,0.394,0.498,0.59,0.624,0.658,0.59,0.609,0.558,0.4,0.558,0.394,0.48,0.388,0.429,0.388,0.094,0.429,0.48,0.094,0.198,0.388,0.095,0.933,0.388,0.094,0.393,0.095,0.971,0.095,0.544,0.244,0.085,0.844,0.089,0.844,0.862,0.098,0.098,0.098,0.286,0.089,0.862,0.089,0.085,0.286,0.391,0.483,0.391,0.107,0.107,0.107,0.158,0.073,0.573,0.099,0.289,0.177,0.205,0.289,0.172,0.073,0.067,0.084,0.63,0.067,0.205,0.089,0.181,0.097,0.073,0.635,0.101,0.105,0.104,0.067,0.437,0.104,0.104,0.084,0.094,0.076,0.257,0.094,0.094,0.39,0.092,0.248,0.248,0.278,0.332,0.265,0.071,0.191,0.101,0.117,0.127,0.078,0.077,0.265,0.095,0.072,0.109,0.04,0.164,0.28,0.113,0.09,0.28,0.221,0.043,0.062,0.04,0.351,0.14,0.091,0.097,0.311,0.114,0.091,0.093,0.079,0.461,0.142,0.093,0.094,0.093,0.091,0.493,0.184,0.159,0.323,0.241,0.106,0.213,0.511,0.07,0.301,0.088,0.124,0.083,0.227,0.198,0.234,0.232,0.114,0.133,0.043
0.391,0.391,0.324,0.324,0.813,0.605,0.363,0.755,0.576,0.595,0.755,0.378,0.709,0.813,0.378,0.755,0.709,0.813,0.797,0.709,0.48,0.64,0.48,0.65,0.709,0.363,0.65,0.755,0.694,0.595,0.694,0.64,0.826,0.78,0.362,0.78,0.953,0.362,0.826,0.953,0.516,0.78,0.962,0.793,0.78,0.953,0.851,0.962,0.155,0.962,0.331,0.586,0.922,0.712,0.954,0.712,0.714,0.971,0.971,0.971,0.756,0.954,0.714,0.954,0.922,0.756,0.725,0.116,0.725,0.956,0.956,0.956,0.317,0.796,0.768,0.312,0.967,0.195,0.885,0.967,0.347,0.796,0.691,0.274,0.11,0.691,0.885,0.292,0.328,0.117,0.796,0.774,0.298,0.301,0.931,0.691,0.627,0.931,0.931,0.283,0.932,0.949,0.186,0.932,0.932,0.184,0.122,0.964,0.964,0.899,0.685,0.55,0.152,0.323,0.12,0.123,0.171,0.944,0.171,0.55,0.121,0.161,0.17,0.114,0.183,0.843,0.197,0.674,0.843,0.498,0.187,0.92,0.193,0.586,0.205,0.806,0.655,0.75,0.66,0.806,0.754,0.17,0.865,0.515,0.754,0.26,0.754,0.806,0.843,0.635,0.332,0.695,0.23,0.235,0.141,0.755,0.789,0.694,0.229,0.54,0.23,0.308,0.155,0.112,0.118,0.547,0.426,0.49
0.743,0.743,0.755,0.755,0.852,0.466,0.597,0.562,0.498,0.603,0.562,0.644,0.521,0.852,0.644,0.562,0.521,0.852,0.134,0.521,0.943,0.679,0.943,0.494,0.521,0.597,0.494,0.562,0.557,0.603,0.557,0.679,0.713,0.807,0.894,0.807,0.345,0.894,0.713,0.345,0.935,0.807,0.32,0.373,0.807,0.345,0.119,0.32,0.146,0.32,0.608,0.928,0.428,0.554,0.39,0.554,0.542,0.51,0.51,0.51,0.806,0.39,0.542,0.39,0.428,0.806,0.788,0.314,0.788,0.269,0.269,0.269,0.892,0.811,0.554,0.816,0.136,0.105,0.096,0.136,0.708,0.811,0.599,0.89,0.297,0.599,0.096,0.806,0.707,0.203,0.811,0.474,0.834,0.895,0.099,0.599,0.159,0.099,0.099,0.81,0.122,0.113,0.106,0.122,0.122,0.037,0.662,0.422,0.422,0.458,0.367,0.503,0.527,0.777,0.742,0.199,0.31,0.132,0.584,0.503,0.636,0.574,0.314,0.465,0.78,0.307,0.055,1.0,0.307,0.693,0.72,0.271,0.707,0.244,0.064,0.358,1.0,0.342,1.0,0.358,0.301,0.353,0.203,0.998,0.301,0.124,0.301,0.358,0.196,0.991,0.998,0.988,1.0,0.129,0.999,0.237,0.986,0.99,1.0,0.998,0.998,0.997,0.999,0.997,0.998,0.978,0.97,0.999
0.674,0.674,0.675,0.675,0.362,0.097,0.478,0.497,0.088,0.302,0.497,0.567,0.429,0.362,0.567,0.497,0.429,0.362,0.918,0.429,0.724,0.328,0.724,0.459,0.429,0.478,0.459,0.497,0.47,0.302,0.47,0.328,0.466,0.664,0.731,0.664,0.204,0.731,0.466,0.204,0.41,0.664,0.183,0.33,0.664,0.204,0.84,0.183,0.437,0.183,0.073,0.402,0.227,0.229,0.158,0.229,0.221,0.154,0.154,0.154,0.534,0.158,0.221,0.158,0.227,0.534,0.682,0.696,0.682,0.541,0.541,0.541,0.272,0.446,0.345,0.309,0.084,0.581,0.089,0.084,0.338,0.446,0.297,0.343,0.642,0.297,0.089,0.276,0.307,0.67,0.446,0.367,0.303,0.357,0.478,0.297,0.614,0.478,0.478,0.276,0.551,0.141,0.576,0.551,0.551,0.755,0.216,0.528,0.528,0.583,0.301,0.683,0.775,0.688,0.324,0.685,0.747,0.129,0.842,0.683,0.228,0.862,0.702,0.744,0.404,0.46,0.827,0.356,0.46,0.504,0.731,0.199,0.742,0.4,0.556,0.118,0.454,0.533,0.323,0.118,0.121,0.785,0.394,0.752,0.121,0.438,0.121,0.118,0.376,0.503,0.817,0.518,0.649,0.472,0.566,0.336,0.953,0.56,0.941,0.715,0.969,0.675,0.622,0.73,0.775,0.942,0.946,0.794
0.067,0.067,0.098,0.098,0.359,0.277,0.181,0.181,0.167,0.154,0.181,0.174,0.169,0.359,0.174,0.181,0.169,0.359,0.668,0.169,0.201,0.171,0.201,0.178,0.169,0.181,0.178,0.181,0.19,0.154,0.19,0.171,0.168,0.424,0.473,0.424,0.565,0.473,0.168,0.565,0.27,0.424,0.533,0.144,0.424,0.565,0.66,0.533,0.238,0.533,0.237,0.359,0.403,0.094,0.352,0.094,0.092,0.341,0.341,0.341,0.274,0.352,0.092,0.352,0.403,0.274,0.39,0.258,0.39,0.582,0.582,0.582,0.478,0.484,0.105,0.426,0.533,0.27,0.538,0.533,0.275,0.484,0.289,0.322,0.26,0.289,0.538,0.414,0.398,0.375,0.484,0.111,0.448,0.272,0.505,0.289,0.623,0.505,0.505,0.423,0.517,0.487,0.244,0.517,0.517,0.186,0.556,0.63,0.63,0.647,0.741,0.617,0.771,0.625,0.443,0.35,0.168,0.485,0.715,0.617,0.554,0.7,0.127,0.446,0.482,0.654,0.244,0.668,0.654,0.657,0.366,0.46,0.35,0.752,0.308,0.348,0.749,0.67,0.672,0.348,0.347,0.237,0.033,0.759,0.347,0.418,0.347,0.348,0.041,0.657,0.765,0.576,0.819,0.391,0.811,0.038,0.236,0.58,0.318,0.721,0.284,0.83,0.845,0.868,0.892,0.212,0.261,0.555
0.256,0.256,0.331,0.331,0.06,0.393,0.506,0.484,0.446,0.543,0.484,0.492,0.431,0.06,0.492,0.484,0.431,0.06,0.051,0.431,0.752,0.57,0.752,0.426,0.431,0.506,0.426,0.484,0.475,0.543,0.475,0.57,0.807,0.776,0.852,0.776,0.434,0.852,0.807,0.434,0.011,0.776,0.178,0.18,0.776,0.434,0.168,0.178,0.413,0.178,0.828,0.01,0.367,0.471,0.26,0.471,0.443,0.136,0.136,0.136,0.862,0.26,0.443,0.26,0.367,0.862,0.721,0.53,0.721,0.312,0.312,0.312,0.015,0.264,0.181,0.003,0.197,0.566,0.184,0.197,0.003,0.264,0.628,0.007,0.513,0.628,0.184,0.005,0.004,0.522,0.264,0.18,0.003,0.003,0.139,0.628,0.029,0.139,0.139,0.007,0.143,0.414,0.632,0.143,0.143,0.705,0.008,0.368,0.368,0.381,0.61,0.537,0.326,0.51,0.013,0.57,0.185,0.408,0.281,0.537,0.007,0.281,0.124,0.374,0.014,0.328,0.651,0.421,0.328,0.815,0.375,0.437,0.375,0.519,0.702,0.266,0.359,0.369,0.541,0.266,0.26,0.176,0.978,0.358,0.26,0.534,0.26,0.266,0.979,0.249,0.492,0.311,0.773,0.615,0.711,0.981,0.834,0.279,0.887,0.412,0.927,0.731,0.789,0.607,0.729,0.544,0.526,0.631
0.122,0.122,0.136,0.136,0.237,0.041,0.189,0.163,0.047,0.158,0.163,0.183,0.1,0.237,0.183,0.163,0.1,0.237,0.828,0.1,0.451,0.153,0.451,0.127,0.1,0.189,0.127,0.163,0.141,0.158,0.141,0.153,0.375,0.538,0.527,0.538,0.381,0.527,0.375,0.381,0.218,0.538,0.332,0.218,0.538,0.381,0.813,0.332,0.165,0.332,0.431,0.235,0.12,0.105,0.637,0.105,0.099,0.661,0.661,0.661,0.549,0.637,0.099,0.637,0.12,0.549,0.611,0.235,0.611,0.278,0.278,0.278,0.551,0.145,0.217,0.327,0.417,0.232,0.401,0.417,0.153,0.145,0.242,0.169,0.247,0.242,0.401,0.36,0.157,0.336,0.145,0.231,0.321,0.147,0.38,0.242,0.949,0.38,0.38,0.365,0.44,0.556,0.275,0.44,0.44,0.155,0.466,0.071,0.071,0.05,0.043,0.001,0.165,0.001,0.277,0.341,0.178,0.573,0.235,0.001,0.448,0.232,0.078,0.222,0.377,0.06,0.167,0.862,0.06,0.009,0.232,0.239,0.224,0.035,0.13,0.619,0.857,0.045,0.837,0.619,0.589,0.105,0.042,0.572,0.589,0.281,0.589,0.619,0.047,0.7,0.674,0.761,0.889,0.295,0.91,0.039,0.768,0.787,0.591,0.662,0.585,0.939,0.903,0.91,0.921,0.446,0.572,0.621
0.867,0.867,0.703,0.703,0.246,0.306,0.92,0.881,0.311,0.764,0.881,0.947,0.851,0.246,0.947,0.881,0.851,0.246,0.382,0.851,0.553,0.863,0.553,0.816,0.851,0.92,0.816,0.881,0.856,0.764,0.856,0.863,0.281,0.575,0.695,0.575,0.322,0.695,0.281,0.322,0.846,0.575,0.243,0.841,0.575,0.322,0.375,0.243,0.093,0.243,0.174,0.853,0.402,0.594,0.225,0.594,0.625,0.167,0.167,0.167,0.439,0.225,0.625,0.225,0.402,0.439,0.467,0.111,0.467,0.306,0.306,0.306,0.505,0.356,0.7,0.723,0.214,0.183,0.268,0.214,0.773,0.356,0.13,0.702,0.099,0.13,0.268,0.753,0.747,0.195,0.356,0.716,0.71,0.628,0.272,0.13,0.582,0.272,0.272,0.748,0.187,0.332,0.201,0.187,0.187,0.131,0.768,0.203,0.203,0.211,0.252,0.08,0.444,0.08,0.693,0.23,0.535,0.273,0.488,0.08,0.716,0.491,0.526,0.437,0.665,0.186,0.202,0.871,0.186,0.078,0.503,0.466,0.451,0.247,0.228,0.027,0.804,0.156,0.853,0.027,0.042,0.626,0.316,0.604,0.042,0.249,0.042,0.027,0.306,0.575,0.595,0.249,0.934,0.288,0.855,0.244,0.51,0.257,0.647,0.584,0.573,0.946,0.815,0.889,0.859,0.822,0.78,0.602
0.972,0.972,0.935,0.935,0.063,0.325,0.967,0.969,0.254,0.919,0.969,0.974,0.953,0.063,0.974,0.969,0.953,0.063,0.143,0.953,0.935,0.923,0.935,0.948,0.953,0.967,0.948,0.969,0.969,0.919,0.969,0.923,0.916,0.977,0.977,0.977,0.07,0.977,0.916,0.07,0.117,0.977,0.068,0.986,0.977,0.07,0.111,0.068,0.873,0.068,0.218,0.107,0.398,0.867,0.123,0.867,0.861,0.107,0.107,0.107,0.987,0.123,0.861,0.123,0.398,0.987,0.977,0.854,0.977,0.267,0.267,0.267,0.108,0.033,0.991,0.431,0.407,0.959,0.387,0.407,0.194,0.033,0.216,0.143,0.877,0.216,0.387,0.438,0.17,0.79,0.033,0.995,0.364,0.124,0.273,0.216,0.092,0.273,0.273,0.418,0.265,0.208,0.973,0.265,0.265,0.958,0.33,0.002,0.002,0.003,0.008,0.005,0.073,0.005,0.132,0.823,0.955,0.213,0.104,0.005,0.328,0.103,0.973,0.101,0.17,0.003,0.863,0.528,0.003,0.026,0.147,0.325,0.149,0.015,0.934,0.452,0.511,0.004,0.454,0.452,0.576,0.978,0.088,0.412,0.576,0.861,0.576,0.452,0.086,0.202,0.325,0.242,0.324,0.887,0.485,0.087,0.42,0.237,0.545,0.302,0.541,0.411,0.505,0.442,0.453,0.768,0.776,0.562
0.505,0.505,0.603,0.603,0.285,0.042,0.635,0.369,0.038,0.323,0.369,0.52,0.499,0.285,0.52,0.369,0.499,0.285,0.615,0.499,0.335,0.245,0.335,0.518,0.499,0.635,0.518,0.369,0.355,0.323,0.355,0.245,0.361,0.286,0.339,0.286,0.318,0.339,0.361,0.318,0.097,0.286,0.39,0.763,0.286,0.318,0.645,0.39,0.372,0.39,0.046,0.093,0.387,0.522,0.411,0.522,0.536,0.475,0.475,0.475,0.254,0.411,0.536,0.411,0.387,0.254,0.303,0.458,0.303,0.332,0.332,0.332,0.056,0.221,0.8,0.11,0.402,0.709,0.385,0.402,0.094,0.221,0.528,0.153,0.469,0.528,0.385,0.13,0.118,0.642,0.221,0.798,0.114,0.119,0.498,0.528,0.719,0.498,0.498,0.134,0.503,0.416,0.707,0.503,0.503,0.62,0.181,0.431,0.431,0.292,0.401,0.376,0.776,0.309,0.215,0.642,0.028,0.426,0.739,0.376,0.152,0.728,0.026,0.656,0.181,0.376,0.7,0.061,0.376,0.298,0.762,0.352,0.735,0.345,0.638,0.603,0.076,0.238,0.044,0.603,0.633,0.038,0.887,0.031,0.633,0.66,0.633,0.603,0.916,0.013,0.046,0.009,0.198,0.655,0.267,0.919,0.482,0.009,0.377,0.044,0.372,0.211,0.197,0.307,0.218,0.529,0.493,0.553
0.268,0.268,0.308,0.308,0.393,0.297,0.256,0.147,0.272,0.136,0.147,0.289,0.208,0.393,0.289,0.147,0.208,0.393,0.694,0.208,0.052,0.117,0.052,0.231,0.208,0.256,0.231,0.147,0.138,0.136,0.138,0.117,0.268,0.054,0.068,0.054,0.371,0.068,0.268,0.371,0.55,0.054,0.337,0.22,0.054,0.371,0.618,0.337,0.34,0.337,0.146,0.638,0.464,0.636,0.315,0.636,0.674,0.292,0.292,0.292,0.06,0.315,0.674,0.315,0.464,0.06,0.058,0.277,0.058,0.329,0.329,0.329,0.273,0.539,0.213,0.639,0.094,0.531,0.081,0.094,0.536,0.539,0.555,0.788,0.279,0.555,0.081,0.686,0.658,0.333,0.539,0.213,0.665,0.753,0.109,0.555,0.478,0.109,0.109,0.709,0.104,0.089,0.503,0.104,0.104,0.534,0.514,0.154,0.154,0.157,0.139,0.367,0.464,0.361,0.577,0.311,0.384,0.104,0.475,0.367,0.492,0.468,0.381,0.504,0.435,0.17,0.363,0.001,0.17,0.32,0.571,0.496,0.582,0.14,0.307,0.167,0.002,0.18,0.001,0.167,0.167,0.348,0.456,0.002,0.167,0.292,0.167,0.167,0.467,0.338,0.002,0.385,0.019,0.269,0.022,0.47,0.031,0.387,0.044,0.002,0.034,0.021,0.021,0.04,0.042,0.118,0.127,0.006
0.506,0.506,0.437,0.437,0.314,0.465,0.708,0.63,0.532,0.532,0.63,0.755,0.555,0.314,0.755,0.63,0.555,0.314,0.469,0.555,0.322,0.638,0.322,0.712,0.555,0.708,0.712,0.63,0.785,0.532,0.785,0.638,0.175,0.382,0.553,0.382,0.207,0.553,0.175,0.207,0.28,0.382,0.203,0.61,0.382,0.207,0.344,0.203,0.038,0.203,0.351,0.287,0.388,0.236,0.242,0.236,0.234,0.25,0.25,0.25,0.43,0.242,0.234,0.242,0.388,0.43,0.578,0.033,0.578,0.359,0.359,0.359,0.411,0.273,0.527,0.174,0.292,0.079,0.326,0.292,0.14,0.273,0.244,0.083,0.033,0.244,0.326,0.198,0.12,0.092,0.273,0.527,0.171,0.087,0.323,0.244,0.517,0.323,0.323,0.192,0.216,0.206,0.071,0.216,0.216,0.081,0.166,0.405,0.405,0.407,0.651,0.246,0.301,0.258,0.105,0.086,0.154,0.29,0.283,0.246,0.14,0.29,0.149,0.406,0.112,0.291,0.099,0.801,0.291,0.321,0.42,0.445,0.441,0.495,0.113,0.173,0.856,0.282,0.884,0.173,0.172,0.193,0.287,0.691,0.172,0.108,0.172,0.173,0.278,0.593,0.616,0.603,0.916,0.105,0.922,0.314,0.844,0.604,0.915,0.609,0.917,0.909,0.91,0.919,0.906,0.963,0.926,0.978
0.556,0.556,0.549,0.549,0.075,0.287,0.784,0.585,0.317,0.544,0.585,0.762,0.641,0.075,0.762,0.585,0.641,0.075,0.413,0.641,0.855,0.504,0.855,0.561,0.641,0.784,0.561,0.585,0.501,0.544,0.501,0.504,0.889,0.813,0.898,0.813,0.098,0.898,0.889,0.098,0.069,0.813,0.103,0.181,0.813,0.098,0.373,0.103,0.405,0.103,0.742,0.133,0.098,0.721,0.065,0.721,0.713,0.071,0.071,0.071,0.82,0.065,0.713,0.065,0.098,0.82,0.906,0.393,0.906,0.793,0.793,0.793,0.107,0.095,0.178,0.041,0.235,0.594,0.229,0.235,0.063,0.095,0.047,0.068,0.401,0.047,0.229,0.053,0.096,0.667,0.095,0.187,0.042,0.064,0.752,0.047,0.645,0.752,0.752,0.064,0.7,0.38,0.587,0.7,0.7,0.583,0.078,0.278,0.278,0.315,0.127,0.152,0.14,0.131,0.124,0.667,0.866,0.368,0.097,0.152,0.082,0.133,0.83,0.11,0.127,0.316,0.712,0.7,0.316,0.109,0.158,0.297,0.143,0.136,0.756,0.053,0.72,0.262,0.741,0.053,0.056,0.834,0.289,0.475,0.056,0.678,0.056,0.053,0.291,0.394,0.373,0.34,0.821,0.68,0.79,0.275,0.943,0.391,0.87,0.432,0.888,0.86,0.862,0.818,0.834,0.985,0.988,0.943
0.047,0.047,0.029,0.029,0.93,0.168,0.018,0.102,0.196,0.087,0.102,0.013,0.144,0.93,0.013,0.102,0.144,0.93,0.788,0.144,0.007,0.034,0.007,0.135,0.144,0.018,0.135,0.102,0.097,0.087,0.097,0.034,0.143,0.058,0.01,0.058,0.754,0.01,0.143,0.754,0.635,0.058,0.665,0.225,0.058,0.754,0.59,0.665,0.23,0.665,0.121,0.552,0.844,0.199,0.738,0.199,0.2,0.681,0.681,0.681,0.025,0.738,0.2,0.738,0.844,0.025,0.046,0.215,0.046,0.965,0.965,0.965,0.366,0.937,0.324,0.589,0.802,0.235,0.786,0.802,0.464,0.937,0.841,0.623,0.223,0.841,0.786,0.567,0.473,0.095,0.937,0.333,0.579,0.649,0.87,0.841,0.902,0.87,0.87,0.564,0.861,0.836,0.177,0.861,0.861,0.098,0.491,0.847,0.847,0.836,0.965,0.934,0.141,0.939,0.535,0.095,0.334,0.886,0.112,0.934,0.489,0.107,0.341,0.164,0.258,0.944,0.114,0.005,0.944,0.997,0.164,0.929,0.198,0.988,0.166,0.793,0.013,0.928,0.015,0.793,0.812,0.334,0.95,0.111,0.812,0.165,0.812,0.793,0.936,0.251,0.081,0.232,0.001,0.157,0.001,0.934,0.005,0.228,0.003,0.076,0.013,0.001,0.002,0.002,0.001,0.148,0.113,0.001
0.756,0.756,0.727,0.727,0.866,0.923,0.501,0.677,0.928,0.545,0.677,0.524,0.826,0.866,0.524,0.677,0.826,0.866,0.773,0.826,0.614,0.482,0.614,0.845,0.826,0.501,0.845,0.677,0.757,0.545,0.757,0.482,0.937,0.874,0.623,0.874,0.612,0.623,0.937,0.612,0.759,0.874,0.701,0.577,0.874,0.612,0.751,0.701,0.587,0.701,0.842,0.752,0.631,0.73,0.788,0.73,0.725,0.86,0.86,0.86,0.671,0.788,0.725,0.788,0.631,0.671,0.803,0.634,0.803,0.534,0.534,0.534,0.566,0.804,0.612,0.748,0.598,0.74,0.402,0.598,0.807,0.804,0.744,0.743,0.638,0.744,0.402,0.737,0.816,0.335,0.804,0.61,0.684,0.75,0.624,0.744,0.703,0.624,0.624,0.679,0.419,0.223,0.736,0.419,0.419,0.7,0.787,0.605,0.605,0.594,0.535,0.947,0.664,0.947,0.752,0.36,0.08,0.382,0.679,0.947,0.762,0.67,0.077,0.429,0.742,0.483,0.517,0.289,0.483,0.587,0.372,0.503,0.347,0.477,0.561,0.585,0.294,0.471,0.455,0.585,0.403,0.109,0.015,0.407,0.403,0.404,0.403,0.585,0.016,0.471,0.259,0.379,0.225,0.52,0.203,0.012,0.509,0.383,0.502,0.243,0.466,0.225,0.177,0.207,0.189,0.47,0.552,0.504
0.228,0.228,0.233,0.233,0.781,0.274,0.438,0.4,0.341,0.369,0.4,0.33,0.685,0.781,0.33,0.4,0.685,0.781,0.825,0.685,0.321,0.28,0.321,0.625,0.685,0.438,0.625,0.4,0.389,0.369,0.389,0.28,0.492,0.631,0.536,0.631,0.729,0.536,0.492,0.729,0.511,0.631,0.798,0.976,0.631,0.729,0.788,0.798,0.606,0.798,0.486,0.687,0.846,0.59,0.809,0.59,0.605,0.861,0.861,0.861,0.276,0.809,0.605,0.809,0.846,0.276,0.602,0.586,0.602,0.593,0.593,0.593,0.825,0.799,0.905,0.585,0.842,0.834,0.831,0.842,0.636,0.799,0.651,0.677,0.585,0.651,0.831,0.566,0.68,0.773,0.799,0.955,0.521,0.651,0.821,0.651,0.853,0.821,0.821,0.597,0.921,0.709,0.784,0.921,0.921,0.823,0.792,0.873,0.873,0.596,0.448,0.442,0.999,0.308,0.879,0.72,0.723,0.716,0.999,0.442,0.793,0.999,0.805,1.0,0.934,0.902,0.729,0.906,0.902,0.462,1.0,0.676,1.0,0.46,0.867,0.855,0.911,0.739,0.902,0.855,0.817,0.861,0.717,0.972,0.817,0.849,0.817,0.855,0.72,0.937,0.962,0.983,0.586,0.799,0.596,0.906,0.604,0.969,0.727,0.912,0.695,0.583,0.539,0.629,0.562,0.726,0.742,0.635
0.195,0.195,0.253,0.253,0.955,0.813,0.82,0.665,0.831,0.481,0.665,0.548,0.902,0.955,0.548,0.665,0.902,0.955,0.898,0.902,0.281,0.389,0.281,0.857,0.902,0.82,0.857,0.665,0.579,0.481,0.579,0.389,0.596,0.632,0.602,0.632,0.818,0.602,0.596,0.818,0.325,0.632,0.846,0.099,0.632,0.818,0.859,0.846,0.143,0.846,0.922,0.207,0.713,0.675,0.692,0.675,0.708,0.837,0.837,0.837,0.435,0.692,0.708,0.692,0.713,0.435,0.624,0.155,0.624,0.747,0.747,0.747,0.182,0.969,0.109,0.203,0.386,0.262,0.274,0.386,0.229,0.969,0.822,0.204,0.164,0.822,0.274,0.17,0.151,0.275,0.969,0.104,0.187,0.201,0.263,0.822,0.981,0.263,0.263,0.176,0.206,0.408,0.254,0.206,0.206,0.221,0.302,0.624,0.624,0.435,0.304,0.943,0.778,0.937,0.271,0.267,0.132,0.434,0.736,0.943,0.266,0.731,0.153,0.677,0.165,0.699,0.231,0.644,0.699,0.653,0.7,0.829,0.691,0.381,0.189,0.654,0.577,0.529,0.713,0.654,0.338,0.206,0.956,0.327,0.338,0.224,0.338,0.654,0.949,0.281,0.331,0.288,0.357,0.22,0.262,0.946,0.041,0.251,0.048,0.297,0.05,0.374,0.32,0.174,0.227,0.024,0.026,0.155
0.736,0.736,0.641,0.641,0.409,0.363,0.384,0.6,0.333,0.63,0.6,0.381,0.647,0.409,0.381,0.6,0.647,0.409,0.546,0.647,0.518,0.505,0.518,0.612,0.647,0.384,0.612,0.6,0.622,0.63,0.622,0.505,0.748,0.457,0.416,0.457,0.227,0.416,0.748,0.227,0.035,0.457,0.145,0.014,0.457,0.227,0.411,0.145,0.008,0.145,0.383,0.038,0.291,0.314,0.181,0.314,0.289,0.112,0.112,0.112,0.395,0.181,0.289,0.181,0.291,0.395,0.496,0.005,0.496,0.544,0.544,0.544,0.084,0.339,0.018,0.031,0.269,0.011,0.276,0.269,0.067,0.339,0.41,0.048,0.006,0.41,0.276,0.035,0.073,0.012,0.339,0.017,0.029,0.047,0.61,0.41,0.418,0.61,0.61,0.032,0.617,0.352,0.011,0.617,0.617,0.008,0.028,0.403,0.403,0.324,0.773,0.607,0.016,0.551,0.042,0.009,0.009,0.35,0.018,0.607,0.029,0.019,0.012,0.005,0.054,0.577,0.014,0.639,0.577,0.784,0.006,0.393,0.006,0.797,0.008,0.36,0.632,0.435,0.689,0.36,0.363,0.006,0.371,0.38,0.363,0.009,0.363,0.36,0.384,0.329,0.352,0.28,0.663,0.006,0.7,0.331,0.755,0.272,0.694,0.35,0.659,0.621,0.668,0.773,0.774,0.98,0.969,0.9
0.472,0.472,0.275,0.275,0.136,0.008,0.943,0.976,0.007,0.969,0.976,0.949,0.963,0.136,0.949,0.976,0.963,0.136,0.665,0.963,0.812,0.994,0.812,0.976,0.963,0.943,0.976,0.976,0.978,0.969,0.978,0.994,0.968,0.967,0.974,0.967,0.12,0.974,0.968,0.12,0.02,0.967,0.085,0.806,0.967,0.12,0.449,0.085,0.474,0.085,0.004,0.019,0.191,0.884,0.185,0.884,0.858,0.106,0.106,0.106,0.99,0.185,0.858,0.185,0.191,0.99,0.953,0.498,0.953,0.47,0.47,0.47,0.029,0.16,0.728,0.077,0.201,0.56,0.289,0.201,0.077,0.16,0.113,0.064,0.496,0.113,0.289,0.056,0.075,0.612,0.16,0.759,0.066,0.078,0.296,0.113,0.581,0.296,0.296,0.047,0.333,0.242,0.561,0.333,0.333,0.736,0.031,0.242,0.242,0.254,0.865,0.437,0.862,0.444,0.031,0.619,0.255,0.164,0.886,0.437,0.027,0.888,0.337,0.764,0.033,0.351,0.803,0.171,0.351,0.84,0.851,0.148,0.852,0.948,0.8,0.192,0.186,0.37,0.393,0.192,0.273,0.633,0.882,0.332,0.273,0.692,0.273,0.192,0.869,0.469,0.397,0.524,0.378,0.709,0.204,0.861,0.057,0.435,0.11,0.347,0.071,0.356,0.214,0.236,0.25,0.051,0.068,0.09
0.792,0.792,0.848,0.848,0.187,0.716,0.867,0.903,0.695,0.743,0.903,0.859,0.9,0.187,0.859,0.903,0.9,0.187,0.364,0.9,0.875,0.783,0.875,0.916,0.9,0.867,0.916,0.903,0.866,0.743,0.866,0.783,0.97,0.902,0.913,0.902,0.197,0.913,0.97,0.197,0.601,0.902,0.185,0.88,0.902,0.197,0.354,0.185,0.765,0.185,0.602,0.739,0.075,0.933,0.178,0.933,0.916,0.17,0.17,0.17,0.852,0.178,0.916,0.178,0.075,0.852,0.92,0.662,0.92,0.103,0.103,0.103,0.718,0.234,0.856,0.77,0.049,0.148,0.047,0.049,0.709,0.234,0.152,0.635,0.678,0.152,0.047,0.853,0.694,0.152,0.234,0.885,0.794,0.576,0.088,0.152,0.441,0.088,0.088,0.836,0.08,0.056,0.151,0.08,0.08,0.147,0.941,0.266,0.266,0.306,0.265,0.096,0.508,0.095,0.58,0.149,0.262,0.061,0.776,0.096,0.934,0.858,0.277,0.439,0.765,0.299,0.223,0.225,0.299,0.214,0.83,0.069,0.842,0.18,0.084,0.105,0.183,0.319,0.304,0.105,0.098,0.213,0.644,0.19,0.098,0.11,0.098,0.105,0.595,0.218,0.135,0.241,0.748,0.093,0.72,0.616,0.752,0.262,0.732,0.147,0.729,0.667,0.586,0.561,0.553,0.69,0.675,0.788
0.873,0.873,0.819,0.819,0.851,0.909,0.371,0.317,0.93,0.202,0.317,0.443,0.267,0.851,0.443,0.317,0.267,0.851,0.1,0.267,0.984,0.237,0.984,0.245,0.267,0.371,0.245,0.317,0.315,0.202,0.315,0.237,0.899,0.521,0.634,0.521,0.495,0.634,0.899,0.495,0.82,0.521,0.523,0.556,0.521,0.495,0.171,0.523,0.853,0.523,0.944,0.768,0.747,0.787,0.383,0.787,0.781,0.407,0.407,0.407,0.388,0.383,0.781,0.383,0.747,0.388,0.402,0.785,0.402,0.334,0.334,0.334,0.753,0.742,0.587,0.737,0.65,0.274,0.719,0.65,0.661,0.742,0.624,0.65,0.812,0.624,0.719,0.698,0.679,0.318,0.742,0.612,0.682,0.677,0.694,0.624,0.335,0.694,0.694,0.695,0.607,0.783,0.288,0.607,0.607,0.309,0.554,0.325,0.325,0.349,0.335,0.732,0.272,0.729,0.543,0.317,0.738,0.752,0.316,0.732,0.541,0.32,0.739,0.376,0.568,0.285,0.318,0.723,0.285,0.494,0.443,0.769,0.461,0.29,0.433,0.727,0.668,0.317,0.917,0.727,0.688,0.744,0.747,0.777,0.688,0.324,0.688,0.727,0.758,0.684,0.864,0.679,0.738,0.342,0.786,0.843,0.854,0.684,0.923,0.819,0.856,0.759,0.759,0.775,0.736,0.861,0.852,0.813
0.168,0.168,0.133,0.133,0.223,0.326,0.638,0.642,0.307,0.353,0.642,0.731,0.542,0.223,0.731,0.642,0.542,0.223,0.672,0.542,0.134,0.457,0.134,0.567,0.542,0.638,0.567,0.642,0.66,0.353,0.66,0.457,0.197,0.449,0.537,0.449,0.075,0.537,0.197,0.075,0.713,0.449,0.113,0.435,0.449,0.075,0.736,0.113,0.459,0.113,0.279,0.715,0.323,0.223,0.109,0.223,0.227,0.165,0.165,0.165,0.272,0.109,0.227,0.109,0.323,0.272,0.429,0.592,0.429,0.151,0.151,0.151,0.681,0.245,0.373,0.789,0.057,0.751,0.054,0.057,0.656,0.245,0.179,0.493,0.507,0.179,0.054,0.78,0.681,0.824,0.245,0.273,0.864,0.462,0.052,0.179,0.64,0.052,0.052,0.861,0.046,0.093,0.701,0.046,0.046,0.6,0.746,0.469,0.469,0.431,0.396,0.346,0.647,0.339,0.434,0.78,0.288,0.094,0.531,0.346,0.867,0.55,0.309,0.789,0.451,0.582,0.608,0.68,0.582,0.288,0.663,0.355,0.692,0.397,0.583,0.03,0.523,0.501,0.53,0.03,0.02,0.228,0.3,0.323,0.02,0.823,0.02,0.03,0.305,0.488,0.301,0.532,0.849,0.771,0.914,0.277,0.192,0.5,0.206,0.276,0.173,0.888,0.901,0.84,0.816,0.194,0.25,0.401
0.534,0.534,0.539,0.539,0.742,0.695,0.984,0.803,0.68,0.827,0.803,0.864,0.91,0.742,0.864,0.803,0.91,0.742,0.365,0.91,0.487,0.719,0.487,0.957,0.91,0.984,0.957,0.803,0.852,0.827,0.852,0.719,0.575,0.741,0.855,0.741,0.41,0.855,0.575,0.41,0.327,0.741,0.274,0.431,0.741,0.41,0.322,0.274,0.655,0.274,0.8,0.313,0.569,0.476,0.423,0.476,0.462,0.275,0.275,0.275,0.584,0.423,0.462,0.423,0.569,0.584,0.702,0.61,0.702,0.166,0.166,0.166,0.445,0.73,0.409,0.43,0.311,0.453,0.339,0.311,0.346,0.73,0.505,0.559,0.596,0.505,0.339,0.443,0.423,0.533,0.73,0.404,0.428,0.534,0.121,0.505,0.549,0.121,0.121,0.431,0.144,0.385,0.409,0.144,0.144,0.655,0.606,0.809,0.809,0.515,0.7,0.857,0.789,0.541,0.675,0.464,0.576,0.365,0.786,0.857,0.593,0.783,0.64,0.661,0.541,0.85,0.801,0.426,0.85,0.855,0.588,0.362,0.624,0.777,0.766,0.16,0.446,0.626,0.478,0.16,0.203,0.605,0.568,0.23,0.203,0.669,0.203,0.16,0.536,0.175,0.432,0.223,0.572,0.649,0.565,0.524,0.689,0.191,0.552,0.38,0.564,0.558,0.555,0.548,0.549,0.856,0.879,0.87
0.767,0.767,0.716,0.716,0.693,0.812,0.642,0.721,0.858,0.681,0.721,0.634,0.732,0.693,0.634,0.721,0.732,0.693,0.403,0.732,0.93,0.627,0.93,0.729,0.732,0.642,0.729,0.721,0.665,0.681,0.665,0.627,0.77,0.915,0.806,0.915,0.608,0.806,0.77,0.608,0.784,0.915,0.85,0.684,0.915,0.608,0.438,0.85,0.521,0.85,0.926,0.735,0.702,0.714,0.709,0.714,0.72,0.931,0.931,0.931,0.858,0.709,0.72,0.709,0.702,0.858,0.901,0.389,0.901,0.795,0.795,0.795,0.908,0.549,0.712,0.8,0.784,0.595,0.745,0.784,0.673,0.549,0.855,0.802,0.353,0.855,0.745,0.822,0.685,0.586,0.549,0.693,0.796,0.771,0.764,0.855,0.367,0.764,0.764,0.816,0.784,0.841,0.502,0.784,0.784,0.391,0.886,0.261,0.261,0.246,0.142,0.128,0.634,0.181,0.845,0.555,0.12,0.848,0.677,0.128,0.863,0.668,0.116,0.714,0.813,0.212,0.398,0.093,0.212,0.09,0.704,0.913,0.706,0.131,0.406,0.85,0.075,0.211,0.049,0.85,0.79,0.097,0.13,0.867,0.79,0.656,0.79,0.85,0.131,0.83,0.894,0.853,0.145,0.626,0.17,0.084,0.02,0.897,0.055,0.936,0.052,0.158,0.123,0.187,0.132,0.007,0.01,0.076
0.567,0.567,0.619,0.619,0.201,0.135,0.599,0.62,0.162,0.336,0.62,0.594,0.586,0.201,0.594,0.62,0.586,0.201,0.547,0.586,0.973,0.351,0.973,0.515,0.586,0.599,0.515,0.62,0.588,0.336,0.588,0.351,0.59,0.772,0.908,0.772,0.342,0.908,0.59,0.342,0.549,0.772,0.403,0.651,0.772,0.342,0.476,0.403,0.919,0.403,0.576,0.55,0.113,0.555,0.166,0.555,0.533,0.176,0.176,0.176,0.654,0.166,0.533,0.166,0.113,0.654,0.764,0.94,0.764,0.115,0.115,0.115,0.711,0.449,0.696,0.466,0.163,0.953,0.188,0.163,0.534,0.449,0.053,0.675,0.942,0.053,0.188,0.495,0.54,0.872,0.449,0.728,0.502,0.614,0.199,0.053,0.37,0.199,0.199,0.528,0.231,0.335,0.966,0.231,0.231,0.978,0.823,0.478,0.478,0.409,0.533,0.6,0.672,0.53,0.883,0.883,0.737,0.298,0.608,0.6,0.818,0.633,0.733,0.614,0.809,0.467,0.96,0.321,0.467,0.628,0.68,0.173,0.698,0.617,0.953,0.143,0.298,0.481,0.354,0.143,0.184,0.822,0.481,0.293,0.184,0.832,0.184,0.143,0.459,0.168,0.347,0.25,0.432,0.853,0.328,0.443,0.407,0.226,0.499,0.331,0.497,0.442,0.308,0.304,0.281,0.394,0.372,0.448
0.21,0.21,0.249,0.249,0.249,0.142,0.788,0.576,0.134,0.547,0.576,0.672,0.612,0.249,0.672,0.576,0.612,0.249,0.759,0.612,0.682,0.551,0.682,0.622,0.612,0.788,0.622,0.576,0.587,0.547,0.587,0.551,0.737,0.829,0.904,0.829,0.378,0.904,0.737,0.378,0.789,0.829,0.422,0.844,0.829,0.378,0.782,0.422,0.852,0.422,0.095,0.536,0.185,0.534,0.524,0.534,0.531,0.574,0.574,0.574,0.783,0.524,0.531,0.524,0.185,0.783,0.789,0.866,0.789,0.449,0.449,0.449,0.709,0.157,0.782,0.614,0.322,0.869,0.498,0.322,0.598,0.157,0.174,0.632,0.869,0.174,0.498,0.648,0.671,0.956,0.157,0.811,0.625,0.599,0.8,0.174,0.607,0.8,0.8,0.657,0.768,0.61,0.881,0.768,0.768,0.933,0.599,0.615,0.615,0.376,0.538,0.349,0.438,0.199,0.596,0.959,0.929,0.506,0.414,0.349,0.603,0.441,0.929,0.567,0.633,0.608,0.99,0.35,0.608,0.402,0.539,0.175,0.536,0.548,0.858,0.327,0.274,0.356,0.531,0.327,0.361,0.963,0.873,0.724,0.361,0.815,0.361,0.327,0.857,0.759,0.703,0.611,0.316,0.821,0.218,0.817,0.32,0.635,0.383,0.67,0.327,0.302,0.203,0.202,0.167,0.462,0.378,0.691
0.7,0.7,0.633,0.633,0.242,0.075,0.593,0.563,0.085,0.881,0.563,0.609,0.424,0.242,0.609,0.563,0.424,0.242,0.226,0.424,0.737,0.904,0.737,0.479,0.424,0.593,0.479,0.563,0.595,0.881,0.595,0.904,0.646,0.736,0.735,0.736,0.433,0.735,0.646,0.433,0.338,0.736,0.656,0.68,0.736,0.433,0.338,0.656,0.786,0.656,0.104,0.343,0.938,0.663,0.539,0.663,0.662,0.737,0.737,0.737,0.967,0.539,0.662,0.539,0.938,0.967,0.773,0.599,0.773,0.93,0.93,0.93,0.408,0.295,0.621,0.671,0.879,0.042,0.852,0.879,0.286,0.295,0.521,0.732,0.651,0.521,0.852,0.632,0.406,0.07,0.295,0.711,0.658,0.77,0.862,0.521,0.268,0.862,0.862,0.62,0.852,0.746,0.044,0.852,0.852,0.05,0.757,0.21,0.21,0.21,0.751,0.238,0.358,0.229,0.832,0.078,0.186,0.773,0.355,0.238,0.737,0.329,0.19,0.309,0.437,0.156,0.061,0.406,0.156,0.577,0.265,0.858,0.223,0.587,0.078,0.534,0.338,0.143,0.607,0.534,0.516,0.205,0.758,0.522,0.516,0.068,0.516,0.534,0.75,0.37,0.336,0.303,0.029,0.073,0.014,0.745,0.033,0.34,0.049,0.477,0.044,0.024,0.009,0.014,0.01,0.048,0.037,0.081
0.751,0.751,0.737,0.737,0.218,0.629,0.694,0.7,0.603,0.468,0.7,0.733,0.566,0.218,0.733,0.7,0.566,0.218,0.8,0.566,0.632,0.513,0.632,0.594,0.566,0.694,0.594,0.7,0.679,0.468,0.679,0.513,0.691,0.571,0.661,0.571,0.824,0.661,0.691,0.824,0.815,0.571,0.6,0.569,0.571,0.824,0.494,0.6,0.286,0.6,0.3,0.824,0.906,0.961,0.743,0.961,0.956,0.563,0.563,0.563,0.45,0.743,0.956,0.743,0.906,0.45,0.543,0.552,0.543,0.927,0.927,0.927,0.438,0.337,0.689,0.566,0.777,0.652,0.702,0.777,0.527,0.337,0.31,0.555,0.514,0.31,0.702,0.582,0.554,0.674,0.337,0.656,0.528,0.525,0.722,0.31,0.745,0.722,0.722,0.544,0.648,0.124,0.582,0.648,0.648,0.323,0.492,0.848,0.848,0.868,0.686,0.706,0.366,0.666,0.456,0.631,0.707,0.179,0.385,0.706,0.486,0.391,0.735,0.422,0.519,0.908,0.385,0.059,0.908,0.98,0.461,0.188,0.485,0.852,0.628,0.178,0.084,0.915,0.076,0.178,0.173,0.812,0.202,0.119,0.173,0.657,0.173,0.178,0.224,0.47,0.1,0.499,0.223,0.583,0.122,0.21,0.364,0.559,0.397,0.102,0.385,0.155,0.194,0.124,0.206,0.413,0.385,0.564
0.399,0.399,0.434,0.434,0.845,0.538,0.549,0.323,0.587,0.367,0.323,0.544,0.413,0.845,0.544,0.323,0.413,0.845,0.722,0.413,0.231,0.367,0.231,0.356,0.413,0.549,0.356,0.323,0.28,0.367,0.28,0.367,0.335,0.235,0.298,0.235,0.849,0.298,0.335,0.849,0.709,0.235,0.719,0.77,0.235,0.849,0.669,0.719,0.59,0.719,0.592,0.759,0.738,0.619,0.847,0.619,0.664,0.722,0.722,0.722,0.194,0.847,0.664,0.847,0.738,0.194,0.2,0.539,0.2,0.662,0.662,0.662,0.604,0.88,0.733,0.793,0.796,0.651,0.81,0.796,0.924,0.88,0.765,0.856,0.417,0.765,0.81,0.775,0.853,0.659,0.88,0.664,0.772,0.869,0.665,0.765,0.921,0.665,0.665,0.743,0.735,0.7,0.618,0.735,0.735,0.684,0.62,0.918,0.918,0.916,0.697,0.974,0.553,0.968,0.798,0.622,0.582,0.698,0.603,0.974,0.64,0.582,0.563,0.604,0.804,0.92,0.707,0.315,0.92,0.743,0.692,0.616,0.702,0.726,0.579,0.704,0.289,0.922,0.287,0.704,0.747,0.382,0.602,0.276,0.747,0.743,0.747,0.704,0.627,0.561,0.243,0.529,0.519,0.741,0.441,0.583,0.412,0.528,0.353,0.296,0.352,0.461,0.492,0.371,0.447,0.277,0.333,0.674
0.924,0.924,0.917,0.917,0.487,0.573,0.938,0.862,0.529,0.808,0.862,0.944,0.846,0.487,0.944,0.862,0.846,0.487,0.776,0.846,0.877,0.838,0.877,0.854,0.846,0.938,0.854,0.862,0.871,0.808,0.871,0.838,0.977,0.836,0.906,0.836,0.528,0.906,0.977,0.528,0.517,0.836,0.631,0.188,0.836,0.528,0.867,0.631,0.305,0.631,0.406,0.483,0.23,0.678,0.396,0.678,0.62,0.502,0.502,0.502,0.9,0.396,0.62,0.396,0.23,0.9,0.83,0.38,0.83,0.091,0.091,0.091,0.377,0.496,0.2,0.955,0.37,0.609,0.328,0.37,0.653,0.496,0.386,0.686,0.373,0.386,0.328,0.948,0.633,0.631,0.496,0.179,0.944,0.727,0.374,0.386,0.84,0.374,0.374,0.941,0.355,0.255,0.543,0.355,0.355,0.338,0.75,0.813,0.813,0.811,0.451,0.74,0.973,0.75,0.528,0.528,0.484,0.27,0.964,0.74,0.787,0.945,0.505,0.998,0.509,0.763,0.5,0.325,0.763,0.322,0.999,0.174,0.995,0.447,0.414,0.521,0.397,0.773,0.288,0.521,0.469,0.355,0.566,0.527,0.469,0.494,0.469,0.521,0.562,0.426,0.498,0.307,0.537,0.404,0.56,0.579,0.399,0.318,0.407,0.551,0.326,0.517,0.583,0.617,0.65,0.422,0.562,0.376
0.237,0.237,0.234,0.234,0.094,0.559,0.3,0.344,0.542,0.234,0.344,0.229,0.391,0.094,0.229,0.344,0.391,0.094,0.312,0.391,0.21,0.21,0.21,0.328,0.391,0.3,0.328,0.344,0.262,0.234,0.262,0.21,0.532,0.333,0.219,0.333,0.179,0.219,0.532,0.179,0.259,0.333,0.159,0.859,0.333,0.179,0.369,0.159,0.843,0.159,0.312,0.254,0.047,0.886,0.19,0.886,0.843,0.171,0.171,0.171,0.183,0.19,0.843,0.19,0.047,0.183,0.357,0.952,0.357,0.037,0.037,0.037,0.339,0.104,0.853,0.328,0.095,0.993,0.101,0.095,0.291,0.104,0.061,0.29,0.934,0.061,0.101,0.313,0.288,0.951,0.104,0.856,0.323,0.291,0.085,0.061,0.227,0.085,0.085,0.306,0.085,0.077,0.994,0.085,0.085,0.838,0.335,0.083,0.083,0.061,0.225,0.079,0.174,0.088,0.296,0.951,0.734,0.072,0.203,0.079,0.331,0.189,0.809,0.227,0.311,0.091,0.932,0.017,0.091,0.145,0.25,0.049,0.249,0.237,0.905,0.084,0.016,0.064,0.006,0.084,0.095,0.858,0.464,0.014,0.095,0.956,0.095,0.084,0.469,0.004,0.042,0.011,0.124,0.92,0.202,0.459,0.359,0.011,0.47,0.028,0.472,0.151,0.188,0.21,0.165,0.124,0.114,0.218
0.141,0.141,0.202,0.202,0.398,0.134,0.352,0.182,0.126,0.352,0.182,0.275,0.254,0.398,0.275,0.182,0.254,0.398,0.108,0.254,0.273,0.223,0.273,0.263,0.254,0.352,0.263,0.182,0.198,0.352,0.198,0.223,0.9,0.207,0.24,0.207,0.359,0.24,0.9,0.359,0.54,0.207,0.25,0.186,0.207,0.359,0.144,0.25,0.428,0.25,0.252,0.813,0.571,0.855,0.267,0.855,0.837,0.175,0.175,0.175,0.325,0.267,0.837,0.267,0.571,0.325,0.203,0.356,0.203,0.415,0.415,0.415,0.85,0.45,0.141,0.791,0.643,0.505,0.636,0.643,0.698,0.45,0.503,0.917,0.336,0.503,0.636,0.894,0.732,0.514,0.45,0.137,0.792,0.892,0.456,0.503,0.094,0.456,0.456,0.885,0.463,0.637,0.5,0.463,0.463,0.525,0.948,0.11,0.11,0.133,0.46,0.339,0.693,0.343,0.938,0.537,0.339,0.643,0.828,0.339,0.948,0.836,0.362,0.615,0.787,0.103,0.543,0.048,0.103,0.529,0.735,0.574,0.754,0.388,0.684,0.496,0.039,0.169,0.072,0.496,0.495,0.39,0.449,0.044,0.495,0.577,0.495,0.496,0.441,0.036,0.036,0.028,0.013,0.619,0.017,0.417,0.024,0.031,0.039,0.038,0.043,0.015,0.016,0.017,0.013,0.098,0.109,0.029
0.213,0.213,0.246,0.246,0.083,0.354,0.219,0.125,0.357,0.175,0.125,0.19,0.173,0.083,0.19,0.125,0.173,0.083,0.21,0.173,0.187,0.11,0.187,0.182,0.173,0.219,0.182,0.125,0.117,0.175,0.117,0.11,0.666,0.307,0.19,0.307,0.202,0.19,0.666,0.202,0.883,0.307,0.166,0.963,0.307,0.202,0.178,0.166,0.996,0.166,0.717,0.87,0.043,0.452,0.094,0.452,0.431,0.104,0.104,0.104,0.16,0.094,0.431,0.094,0.043,0.16,0.284,0.994,0.284,0.04,0.04,0.04,0.972,0.203,0.977,0.931,0.05,0.912,0.056,0.05,0.851,0.203,0.055,0.928,0.991,0.055,0.056,0.932,0.869,0.958,0.203,0.973,0.933,0.934,0.06,0.055,0.311,0.06,0.06,0.945,0.06,0.055,0.793,0.06,0.06,0.886,0.961,0.217,0.217,0.243,0.26,0.314,0.79,0.253,0.989,0.859,0.449,0.051,0.785,0.314,0.972,0.807,0.459,0.687,0.96,0.187,0.926,0.105,0.187,0.268,0.741,0.043,0.687,0.296,0.967,0.076,0.111,0.285,0.159,0.076,0.078,0.38,0.659,0.168,0.078,0.964,0.078,0.076,0.692,0.038,0.099,0.046,0.146,0.882,0.115,0.683,0.239,0.04,0.271,0.057,0.277,0.105,0.144,0.099,0.142,0.122,0.123,0.106
0.076,0.076,0.095,0.095,0.318,0.61,0.035,0.031,0.593,0.023,0.031,0.033,0.046,0.318,0.033,0.031,0.046,0.318,0.574,0.046,0.006,0.025,0.006,0.046,0.046,0.035,0.046,0.031,0.022,0.023,0.022,0.025,0.056,0.012,0.008,0.012,0.657,0.008,0.056,0.657,0.961,0.012,0.661,0.032,0.012,0.657,0.596,0.661,0.122,0.661,0.779,0.944,0.567,0.134,0.506,0.134,0.144,0.524,0.524,0.524,0.012,0.506,0.144,0.506,0.567,0.012,0.011,0.117,0.011,0.508,0.508,0.508,0.614,0.488,0.028,0.751,0.525,0.228,0.513,0.525,0.895,0.488,0.581,0.847,0.131,0.581,0.513,0.741,0.807,0.363,0.488,0.03,0.74,0.839,0.554,0.581,0.514,0.554,0.554,0.745,0.558,0.571,0.277,0.558,0.558,0.275,0.642,0.806,0.806,0.825,0.778,0.733,0.952,0.727,0.724,0.396,0.382,0.578,0.911,0.733,0.609,0.958,0.286,0.948,0.658,0.738,0.418,0.419,0.738,0.554,0.943,0.609,0.941,0.783,0.386,0.607,0.387,0.769,0.532,0.607,0.631,0.492,0.249,0.507,0.631,0.413,0.631,0.607,0.23,0.494,0.468,0.567,0.747,0.41,0.863,0.208,0.515,0.581,0.455,0.517,0.458,0.727,0.826,0.813,0.804,0.836,0.822,0.493
0.97,0.97,0.92,0.92,0.373,0.928,0.852,0.765,0.927,0.621,0.765,0.871,0.733,0.373,0.871,0.765,0.733,0.373,0.785,0.733,0.925,0.671,0.925,0.702,0.733,0.852,0.702,0.765,0.723,0.621,0.723,0.671,0.518,0.766,0.808,0.766,0.476,0.808,0.518,0.476,0.998,0.766,0.514,0.495,0.766,0.476,0.67,0.514,0.562,0.514,0.942,0.997,0.501,0.494,0.238,0.494,0.535,0.337,0.337,0.337,0.582,0.238,0.535,0.238,0.501,0.582,0.744,0.485,0.744,0.412,0.412,0.412,0.991,0.306,0.406,0.715,0.299,0.48,0.243,0.299,0.959,0.306,0.608,0.776,0.41,0.608,0.243,0.726,0.974,0.352,0.306,0.373,0.742,0.764,0.116,0.608,0.475,0.116,0.116,0.763,0.163,0.263,0.558,0.163,0.163,0.75,0.776,0.546,0.546,0.497,0.728,0.318,0.996,0.476,0.922,0.388,0.53,0.331,0.998,0.318,0.82,0.998,0.508,0.934,0.965,0.642,0.489,0.841,0.642,0.601,0.889,0.479,0.876,0.763,0.483,0.498,0.816,0.539,0.768,0.498,0.411,0.391,0.598,0.768,0.411,0.368,0.411,0.498,0.645,0.592,0.841,0.687,0.914,0.419,0.975,0.574,0.608,0.68,0.526,0.839,0.503,0.949,0.955,0.971,0.948,0.749,0.754,0.753
0.976,0.976,0.967,0.967,0.609,0.793,0.84,0.905,0.824,0.777,0.905,0.81,0.899,0.609,0.81,0.905,0.899,0.609,0.84,0.899,0.843,0.819,0.843,0.898,0.899,0.84,0.898,0.905,0.922,0.777,0.922,0.819,0.52,0.805,0.7,0.805,0.432,0.7,0.52,0.432,0.272,0.805,0.406,0.004,0.805,0.432,0.773,0.406,0.014,0.406,0.678,0.239,0.203,0.524,0.661,0.524,0.512,0.594,0.594,0.594,0.84,0.661,0.512,0.661,0.203,0.84,0.838,0.012,0.838,0.134,0.134,0.134,0.279,0.241,0.001,0.216,0.379,0.018,0.352,0.379,0.146,0.241,0.331,0.121,0.012,0.331,0.352,0.221,0.117,0.024,0.241,0.001,0.209,0.117,0.168,0.331,0.965,0.168,0.168,0.225,0.239,0.497,0.022,0.239,0.239,0.015,0.238,0.371,0.371,0.367,0.206,0.255,0.221,0.281,0.104,0.03,0.113,0.472,0.223,0.255,0.224,0.223,0.131,0.219,0.103,0.412,0.019,0.855,0.412,0.45,0.189,0.365,0.177,0.25,0.021,0.418,0.811,0.411,0.813,0.418,0.513,0.111,0.065,0.758,0.513,0.034,0.513,0.418,0.08,0.583,0.631,0.537,0.86,0.031,0.794,0.112,0.879,0.532,0.506,0.63,0.486,0.879,0.752,0.839,0.792,0.549,0.6,0.963
0.283,0.283,0.312,0.312,0.011,0.2,0.165,0.213,0.205,0.141,0.213,0.165,0.204,0.011,0.165,0.213,0.204,0.011,0.35,0.204,0.702,0.114,0.702,0.223,0.204,0.165,0.223,0.213,0.189,0.141,0.189,0.114,0.436,0.456,0.443,0.456,0.013,0.443,0.436,0.013,0.521,0.456,0.013,0.809,0.456,0.013,0.35,0.013,0.761,0.013,0.407,0.626,0.006,0.131,0.017,0.131,0.123,0.014,0.014,0.014,0.357,0.017,0.123,0.017,0.006,0.357,0.513,0.806,0.513,0.045,0.045,0.045,0.771,0.012,0.955,0.621,0.005,0.902,0.006,0.005,0.554,0.012,0.01,0.538,0.615,0.01,0.006,0.643,0.597,0.771,0.012,0.837,0.653,0.529,0.03,0.01,0.26,0.03,0.03,0.671,0.022,0.017,0.75,0.022,0.022,0.857,0.861,0.008,0.008,0.019,0.034,0.043,0.577,0.046,0.785,0.61,0.608,0.028,0.551,0.043,0.878,0.607,0.766,0.559,0.884,0.009,0.847,0.227,0.009,0.1,0.54,0.04,0.559,0.053,0.865,0.004,0.257,0.03,0.234,0.004,0.01,0.745,0.2,0.139,0.01,0.812,0.01,0.004,0.199,0.136,0.206,0.109,0.041,0.784,0.049,0.179,0.099,0.094,0.101,0.16,0.121,0.035,0.067,0.071,0.098,0.307,0.357,0.101
0.552,0.552,0.501,0.501,0.065,0.838,0.548,0.493,0.836,0.387,0.493,0.589,0.504,0.065,0.589,0.493,0.504,0.065,0.087,0.504,0.463,0.401,0.463,0.445,0.504,0.548,0.445,0.493,0.472,0.387,0.472,0.401,0.32,0.563,0.596,0.563,0.6,0.596,0.32,0.6,0.722,0.563,0.481,0.766,0.563,0.6,0.149,0.481,0.894,0.481,0.841,0.712,0.329,0.458,0.444,0.458,0.472,0.526,0.526,0.526,0.323,0.444,0.472,0.444,0.329,0.323,0.502,0.999,0.502,0.18,0.18,0.18,0.555,0.052,0.801,0.769,0.729,1.0,0.69,0.729,0.613,0.052,0.08,0.553,0.995,0.08,0.69,0.743,0.618,0.979,0.052,0.898,0.744,0.588,0.483,0.08,0.012,0.483,0.483,0.714,0.401,0.809,0.999,0.401,0.401,0.959,0.779,0.397,0.397,0.361,0.221,0.179,0.872,0.169,0.567,0.972,0.585,0.806,0.888,0.179,0.782,0.869,0.585,0.978,0.648,0.618,0.844,0.5,0.618,0.14,0.934,0.385,0.928,0.209,0.893,0.285,0.498,0.54,0.77,0.285,0.314,0.635,0.334,0.312,0.314,0.984,0.314,0.285,0.317,0.207,0.132,0.151,0.906,0.971,0.871,0.296,0.907,0.177,0.857,0.218,0.857,0.934,0.803,0.829,0.832,0.947,0.928,0.986
0.294,0.294,0.298,0.298,0.513,0.313,0.326,0.328,0.45,0.179,0.328,0.318,0.264,0.513,0.318,0.328,0.264,0.513,0.605,0.264,0.441,0.203,0.441,0.272,0.264,0.326,0.272,0.328,0.349,0.179,0.349,0.203,0.481,0.577,0.6,0.577,0.331,0.6,0.481,0.331,0.095,0.577,0.293,0.336,0.577,0.331,0.528,0.293,0.036,0.293,0.411,0.105,0.685,0.394,0.186,0.394,0.406,0.131,0.131,0.131,0.399,0.186,0.406,0.186,0.685,0.399,0.507,0.052,0.507,0.888,0.888,0.888,0.101,0.545,0.358,0.199,0.447,0.083,0.494,0.447,0.11,0.545,0.668,0.292,0.049,0.668,0.494,0.196,0.087,0.058,0.545,0.42,0.216,0.289,0.173,0.668,0.665,0.173,0.173,0.218,0.177,0.276,0.079,0.177,0.177,0.054,0.1,0.47,0.47,0.474,0.593,0.69,0.038,0.713,0.16,0.06,0.091,0.338,0.037,0.69,0.1,0.035,0.085,0.038,0.129,0.554,0.05,0.537,0.554,0.878,0.04,0.693,0.042,0.716,0.057,0.409,0.504,0.537,0.561,0.409,0.41,0.077,0.741,0.687,0.41,0.059,0.41,0.409,0.669,0.749,0.687,0.641,0.133,0.055,0.065,0.631,0.073,0.638,0.077,0.698,0.076,0.069,0.081,0.08,0.094,0.316,0.325,0.052
0.465,0.465,0.595,0.595,0.066,0.355,0.458,0.365,0.32,0.331,0.365,0.472,0.357,0.066,0.472,0.365,0.357,0.066,0.055,0.357,0.218,0.327,0.218,0.403,0.357,0.458,0.403,0.365,0.409,0.331,0.409,0.327,0.765,0.219,0.294,0.219,0.082,0.294,0.765,0.082,0.528,0.219,0.196,0.931,0.219,0.082,0.156,0.196,0.906,0.196,0.183,0.387,0.202,0.792,0.084,0.792,0.765,0.236,0.236,0.236,0.327,0.084,0.765,0.084,0.202,0.327,0.252,0.944,0.252,0.161,0.161,0.161,0.635,0.175,0.916,0.404,0.11,0.975,0.108,0.11,0.44,0.175,0.462,0.368,0.975,0.462,0.108,0.423,0.431,0.984,0.175,0.92,0.421,0.358,0.069,0.462,0.016,0.069,0.069,0.432,0.047,0.117,0.984,0.047,0.047,0.96,0.254,0.202,0.202,0.218,0.418,0.369,0.32,0.396,0.225,0.99,0.925,0.181,0.332,0.369,0.273,0.337,0.899,0.271,0.366,0.095,0.968,0.702,0.095,0.285,0.307,0.417,0.314,0.35,0.947,0.275,0.436,0.111,0.688,0.275,0.307,0.88,0.777,0.393,0.307,0.972,0.307,0.275,0.765,0.116,0.298,0.102,0.919,0.991,0.905,0.818,0.694,0.171,0.717,0.518,0.77,0.908,0.932,0.938,0.938,0.641,0.64,0.648
0.452,0.452,0.67,0.67,0.488,0.606,0.354,0.217,0.633,0.341,0.217,0.265,0.348,0.488,0.265,0.217,0.348,0.488,0.048,0.348,0.368,0.213,0.368,0.346,0.348,0.354,0.346,0.217,0.183,0.341,0.183,0.213,0.82,0.251,0.26,0.251,0.087,0.26,0.82,0.087,0.433,0.251,0.041,0.306,0.251,0.087,0.047,0.041,0.425,0.041,0.623,0.527,0.461,0.767,0.09,0.767,0.783,0.051,0.051,0.051,0.233,0.09,0.783,0.09,0.461,0.233,0.241,0.435,0.241,0.587,0.587,0.587,0.31,0.397,0.273,0.627,0.369,0.731,0.275,0.369,0.761,0.397,0.689,0.73,0.441,0.689,0.275,0.612,0.74,0.805,0.397,0.261,0.594,0.745,0.402,0.689,0.183,0.402,0.402,0.573,0.445,0.4,0.723,0.445,0.445,0.661,0.57,0.111,0.111,0.13,0.323,0.335,0.766,0.374,0.678,0.749,0.137,0.352,0.759,0.335,0.587,0.75,0.227,0.844,0.68,0.11,0.763,0.172,0.11,0.299,0.804,0.607,0.798,0.32,0.771,0.458,0.229,0.136,0.15,0.458,0.497,0.301,0.453,0.078,0.497,0.803,0.497,0.458,0.414,0.014,0.063,0.024,0.345,0.751,0.401,0.355,0.557,0.025,0.663,0.052,0.68,0.306,0.408,0.44,0.421,0.687,0.718,0.085
0.124,0.124,0.131,0.131,0.641,0.043,0.125,0.162,0.045,0.311,0.162,0.125,0.153,0.641,0.125,0.162,0.153,0.641,0.567,0.153,0.3,0.341,0.3,0.232,0.153,0.125,0.232,0.162,0.251,0.311,0.251,0.341,0.644,0.314,0.302,0.314,0.739,0.302,0.644,0.739,0.003,0.314,0.746,0.679,0.314,0.739,0.783,0.746,0.777,0.746,0.034,0.002,0.74,0.362,0.724,0.362,0.341,0.761,0.761,0.761,0.598,0.724,0.341,0.724,0.74,0.598,0.485,0.798,0.485,0.826,0.826,0.826,0.001,0.752,0.731,0.001,0.663,0.837,0.637,0.663,0.001,0.752,0.522,0.001,0.75,0.522,0.637,0.001,0.002,0.921,0.752,0.689,0.001,0.001,0.731,0.522,0.54,0.731,0.731,0.001,0.682,0.675,0.862,0.682,0.682,0.919,0.001,0.868,0.868,0.862,0.989,0.892,0.639,0.954,0.001,0.938,0.037,0.69,0.649,0.892,0.001,0.64,0.036,0.381,0.001,0.867,0.916,0.41,0.867,0.909,0.48,0.766,0.484,0.99,0.964,0.366,0.337,0.86,0.312,0.366,0.355,0.03,0.358,0.497,0.355,0.89,0.355,0.366,0.378,0.433,0.499,0.466,0.557,0.893,0.611,0.343,0.753,0.497,0.753,0.512,0.774,0.549,0.625,0.642,0.613,0.493,0.539,0.574
0.197,0.197,0.168,0.168,0.02,0.842,0.142,0.128,0.867,0.074,0.128,0.184,0.113,0.02,0.184,0.128,0.113,0.02,0.174,0.113,0.096,0.094,0.096,0.12,0.113,0.142,0.12,0.128,0.133,0.074,0.133,0.094,0.058,0.093,0.088,0.093,0.007,0.088,0.058,0.007,0.101,0.093,0.005,0.254,0.093,0.007,0.071,0.005,0.178,0.005,0.868,0.064,0.008,0.086,0.009,0.086,0.093,0.003,0.003,0.003,0.069,0.009,0.093,0.009,0.008,0.069,0.095,0.123,0.095,0.01,0.01,0.01,0.086,0.025,0.256,0.023,0.012,0.102,0.012,0.012,0.03,0.025,0.007,0.031,0.141,0.007,0.012,0.022,0.023,0.136,0.025,0.264,0.025,0.033,0.012,0.007,0.314,0.012,0.012,0.023,0.015,0.011,0.102,0.015,0.015,0.097,0.018,0.065,0.065,0.066,0.06,0.145,0.004,0.148,0.034,0.125,0.044,0.012,0.004,0.145,0.021,0.004,0.047,0.006,0.025,0.071,0.108,0.481,0.071,0.092,0.005,0.01,0.005,0.066,0.123,0.011,0.525,0.081,0.485,0.011,0.012,0.028,0.906,0.343,0.012,0.166,0.012,0.011,0.91,0.087,0.275,0.105,0.418,0.144,0.486,0.94,0.456,0.106,0.579,0.286,0.597,0.569,0.507,0.624,0.498,0.54,0.517,0.3
0.292,0.292,0.303,0.303,0.28,0.784,0.379,0.812,0.769,0.714,0.812,0.473,0.734,0.28,0.473,0.812,0.734,0.28,0.253,0.734,0.175,0.801,0.175,0.831,0.734,0.379,0.831,0.812,0.887,0.714,0.887,0.801,0.257,0.603,0.372,0.603,0.458,0.372,0.257,0.458,0.133,0.603,0.559,0.558,0.603,0.458,0.357,0.559,0.39,0.559,0.815,0.204,0.859,0.431,0.354,0.431,0.445,0.489,0.489,0.489,0.458,0.354,0.445,0.354,0.859,0.458,0.544,0.316,0.544,0.771,0.771,0.771,0.433,0.352,0.654,0.146,0.562,0.302,0.471,0.562,0.187,0.352,0.906,0.154,0.32,0.906,0.471,0.143,0.147,0.224,0.352,0.671,0.153,0.157,0.76,0.906,0.215,0.76,0.76,0.12,0.559,0.507,0.3,0.559,0.559,0.34,0.115,0.43,0.43,0.35,0.895,0.59,0.064,0.662,0.157,0.212,0.179,0.588,0.067,0.59,0.133,0.066,0.184,0.069,0.186,0.342,0.282,0.943,0.342,0.845,0.055,0.787,0.053,0.634,0.218,0.66,0.972,0.34,0.941,0.66,0.583,0.181,0.194,0.969,0.583,0.14,0.583,0.66,0.178,0.889,0.984,0.896,0.969,0.132,0.927,0.236,0.395,0.891,0.172,0.987,0.158,0.966,0.972,0.952,0.981,0.369,0.457,0.386
0.551,0.551,0.612,0.612,0.42,0.843,0.954,0.985,0.861,0.918,0.985,0.966,0.985,0.42,0.966,0.985,0.985,0.42,0.536,0.985,0.655,0.93,0.655,0.994,0.985,0.954,0.994,0.985,0.991,0.918,0.991,0.93,0.761,0.992,0.945,0.992,0.784,0.945,0.761,0.784,0.852,0.992,0.853,0.397,0.992,0.784,0.403,0.853,0.259,0.853,0.855,0.862,0.213,0.646,0.714,0.646,0.694,0.543,0.543,0.543,0.945,0.714,0.694,0.714,0.213,0.945,0.994,0.452,0.994,0.989,0.989,0.989,0.669,0.443,0.407,0.794,0.53,0.655,0.7,0.53,0.898,0.443,0.171,0.871,0.43,0.171,0.7,0.794,0.911,0.689,0.443,0.415,0.827,0.873,0.946,0.171,0.696,0.946,0.946,0.818,0.945,0.742,0.668,0.945,0.945,0.472,0.705,0.634,0.634,0.673,0.478,0.474,0.388,0.504,0.793,0.711,0.65,0.689,0.336,0.474,0.674,0.35,0.656,0.451,0.818,0.77,0.541,0.642,0.77,0.377,0.44,0.292,0.467,0.549,0.624,0.74,0.849,0.79,0.595,0.74,0.811,0.519,0.408,0.495,0.811,0.793,0.811,0.74,0.362,0.615,0.545,0.547,0.768,0.809,0.679,0.433,0.942,0.613,0.906,0.547,0.895,0.747,0.745,0.816,0.843,0.813,0.797,0.412
0.578,0.578,0.656,0.656,0.737,0.727,0.636,0.883,0.738,0.644,0.883,0.598,0.882,0.737,0.598,0.883,0.882,0.737,0.98,0.882,0.78,0.63,0.78,0.843,0.882,0.636,0.843,0.883,0.747,0.644,0.747,0.63,0.354,0.835,0.766,0.835,0.931,0.766,0.354,0.931,0.399,0.835,0.974,0.269,0.835,0.931,0.982,0.974,0.321,0.974,0.844,0.309,0.578,0.258,0.895,0.258,0.239,0.891,0.891,0.891,0.662,0.895,0.239,0.895,0.578,0.662,0.811,0.418,0.811,0.592,0.592,0.592,0.33,0.781,0.321,0.098,0.418,0.109,0.273,0.418,0.268,0.781,0.625,0.147,0.46,0.625,0.273,0.123,0.198,0.138,0.781,0.328,0.098,0.188,0.463,0.625,0.808,0.463,0.463,0.118,0.367,0.431,0.115,0.367,0.367,0.096,0.119,0.311,0.311,0.286,0.229,0.069,0.249,0.082,0.146,0.139,0.306,0.517,0.183,0.069,0.111,0.172,0.304,0.277,0.191,0.4,0.155,0.79,0.4,0.066,0.308,0.643,0.323,0.193,0.193,0.786,0.805,0.35,0.778,0.786,0.802,0.204,0.578,0.864,0.802,0.178,0.802,0.786,0.564,0.828,0.793,0.767,0.917,0.179,0.957,0.596,0.92,0.793,0.969,0.773,0.966,0.922,0.961,0.97,0.971,0.94,0.958,0.953
0.227,0.227,0.278,0.278,0.937,0.082,0.098,0.064,0.101,0.127,0.064,0.096,0.085,0.937,0.096,0.064,0.085,0.937,0.663,0.085,0.617,0.079,0.617,0.075,0.085,0.098,0.075,0.064,0.057,0.127,0.057,0.079,0.592,0.199,0.275,0.199,0.971,0.275,0.592,0.971,0.271,0.199,0.963,0.209,0.199,0.971,0.936,0.963,0.322,0.963,0.251,0.73,0.692,0.235,0.846,0.235,0.222,0.968,0.968,0.968,0.209,0.846,0.222,0.846,0.692,0.209,0.188,0.34,0.188,0.69,0.69,0.69,0.813,0.944,0.246,0.908,0.848,0.545,0.713,0.848,0.585,0.944,0.78,0.876,0.339,0.78,0.713,0.924,0.632,0.565,0.944,0.208,0.913,0.837,0.718,0.78,0.377,0.718,0.718,0.916,0.529,0.891,0.53,0.529,0.529,0.371,0.976,0.996,0.996,0.99,0.546,0.784,0.932,0.782,0.959,0.523,0.391,0.868,0.908,0.784,0.982,0.908,0.38,0.749,0.881,0.949,0.603,0.019,0.949,0.732,0.678,0.826,0.704,0.357,0.4,0.859,0.006,0.993,0.005,0.859,0.863,0.262,0.396,0.103,0.863,0.369,0.863,0.859,0.363,0.049,0.145,0.036,0.031,0.381,0.048,0.575,0.016,0.037,0.093,0.153,0.105,0.034,0.055,0.028,0.029,0.099,0.094,0.03
0.776,0.776,0.587,0.587,0.321,0.254,0.73,0.851,0.152,0.71,0.851,0.866,0.815,0.321,0.866,0.851,0.815,0.321,0.807,0.815,0.494,0.762,0.494,0.78,0.815,0.73,0.78,0.851,0.825,0.71,0.825,0.762,0.25,0.635,0.566,0.635,0.97,0.566,0.25,0.97,0.124,0.635,0.988,0.918,0.635,0.97,0.766,0.988,0.909,0.988,0.112,0.112,0.252,0.365,0.901,0.365,0.405,0.915,0.915,0.915,0.508,0.901,0.405,0.901,0.252,0.508,0.62,0.752,0.62,0.203,0.203,0.203,0.139,0.344,0.904,0.051,0.721,0.676,0.588,0.721,0.056,0.344,0.335,0.051,0.767,0.335,0.588,0.051,0.045,0.669,0.344,0.876,0.051,0.049,0.689,0.335,0.925,0.689,0.689,0.051,0.549,0.745,0.727,0.549,0.549,0.865,0.042,0.776,0.776,0.819,0.788,0.416,0.005,0.556,0.062,0.71,0.458,0.818,0.005,0.416,0.043,0.005,0.386,0.004,0.059,0.84,0.734,0.298,0.84,0.596,0.007,0.379,0.008,0.785,0.668,0.946,0.413,0.803,0.52,0.946,0.931,0.531,0.155,0.716,0.931,0.605,0.931,0.946,0.145,0.92,0.711,0.91,0.272,0.634,0.398,0.134,0.692,0.938,0.708,0.774,0.75,0.287,0.367,0.423,0.388,0.708,0.68,0.639
0.893,0.893,0.877,0.877,0.36,0.311,0.787,0.687,0.344,0.62,0.687,0.84,0.706,0.36,0.84,0.687,0.706,0.36,0.101,0.706,0.979,0.625,0.979,0.697,0.706,0.787,0.697,0.687,0.696,0.62,0.696,0.625,0.754,0.991,0.97,0.991,0.247,0.97,0.754,0.247,0.944,0.991,0.272,0.86,0.991,0.247,0.12,0.272,0.966,0.272,0.44,0.955,0.769,0.417,0.093,0.417,0.391,0.118,0.118,0.118,0.986,0.093,0.391,0.093,0.769,0.986,0.989,0.949,0.989,0.95,0.95,0.95,0.981,0.298,0.872,0.812,0.932,0.758,0.944,0.932,0.865,0.298,0.875,0.858,0.939,0.875,0.944,0.763,0.86,0.775,0.298,0.87,0.85,0.893,0.964,0.875,0.178,0.964,0.964,0.808,0.968,0.921,0.696,0.968,0.968,0.855,0.901,0.48,0.48,0.521,0.799,0.775,0.724,0.624,0.936,0.715,0.577,0.935,0.756,0.775,0.942,0.741,0.628,0.817,0.937,0.468,0.884,0.258,0.468,0.935,0.771,0.877,0.77,0.82,0.849,0.715,0.209,0.508,0.254,0.715,0.644,0.637,0.979,0.287,0.644,0.844,0.644,0.715,0.972,0.377,0.239,0.487,0.2,0.855,0.388,0.651,0.571,0.509,0.764,0.272,0.752,0.252,0.31,0.365,0.299,0.181,0.177,0.11
0.579,0.579,0.447,0.447,0.722,0.742,0.551,0.387,0.747,0.165,0.387,0.509,0.401,0.722,0.509,0.387,0.401,0.722,0.53,0.401,0.416,0.181,0.416,0.39,0.401,0.551,0.39,0.387,0.376,0.165,0.376,0.181,0.508,0.47,0.614,0.47,0.445,0.614,0.508,0.445,0.785,0.47,0.347,0.145,0.47,0.445,0.464,0.347,0.28,0.347,0.776,0.832,0.507,0.853,0.612,0.853,0.865,0.497,0.497,0.497,0.25,0.612,0.865,0.612,0.507,0.25,0.448,0.403,0.448,0.392,0.392,0.392,0.689,0.431,0.176,0.927,0.371,0.396,0.294,0.371,0.59,0.431,0.566,0.602,0.368,0.566,0.294,0.885,0.527,0.531,0.431,0.182,0.923,0.582,0.362,0.566,0.474,0.362,0.362,0.931,0.369,0.268,0.456,0.369,0.369,0.573,0.934,0.703,0.703,0.672,0.516,0.842,0.906,0.763,0.672,0.547,0.769,0.308,0.931,0.842,0.93,0.926,0.808,0.818,0.601,0.631,0.466,0.707,0.631,0.65,0.887,0.427,0.892,0.418,0.958,0.295,0.692,0.603,0.602,0.295,0.268,0.954,0.087,0.557,0.268,0.643,0.268,0.295,0.085,0.496,0.657,0.558,0.356,0.74,0.52,0.096,0.159,0.57,0.142,0.634,0.138,0.368,0.457,0.52,0.5,0.23,0.248,0.179
0.088,0.088,0.103,0.103,0.989,0.732,0.117,0.107,0.741,0.073,0.107,0.133,0.081,0.989,0.133,0.107,0.081,0.989,0.793,0.081,0.072,0.095,0.072,0.096,0.081,0.117,0.096,0.107,0.114,0.073,0.114,0.095,0.062,0.078,0.099,0.078,0.607,0.099,0.062,0.607,0.72,0.078,0.731,0.266,0.078,0.607,0.653,0.731,0.2,0.731,0.81,0.597,0.953,0.075,0.584,0.075,0.077,0.725,0.725,0.725,0.092,0.584,0.077,0.584,0.953,0.092,0.101,0.179,0.101,0.909,0.909,0.909,0.58,0.997,0.226,0.776,0.709,0.331,0.697,0.709,0.744,0.997,0.986,0.758,0.189,0.986,0.697,0.702,0.702,0.467,0.997,0.232,0.829,0.833,0.814,0.986,0.983,0.814,0.814,0.704,0.862,0.834,0.319,0.862,0.862,0.177,0.729,0.893,0.893,0.932,0.114,0.99,0.878,0.996,0.806,0.481,0.592,0.808,0.88,0.99,0.806,0.874,0.638,0.755,0.544,0.849,0.286,0.902,0.849,0.363,0.772,0.968,0.756,0.129,0.388,0.889,0.907,0.921,0.983,0.889,0.83,0.546,0.75,0.932,0.83,0.331,0.83,0.889,0.715,0.904,0.859,0.916,0.798,0.339,0.581,0.707,0.321,0.922,0.214,0.833,0.188,0.829,0.59,0.576,0.582,0.13,0.13,0.348
0.049,0.049,0.049,0.049,0.323,0.595,0.036,0.022,0.621,0.062,0.022,0.035,0.022,0.323,0.035,0.022,0.022,0.323,0.493,0.022,0.043,0.073,0.043,0.03,0.022,0.036,0.03,0.022,0.024,0.062,0.024,0.073,0.05,0.019,0.027,0.019,0.397,0.027,0.05,0.397,0.475,0.019,0.372,0.119,0.019,0.397,0.453,0.372,0.193,0.372,0.911,0.403,0.231,0.092,0.31,0.092,0.1,0.282,0.282,0.282,0.034,0.31,0.1,0.31,0.231,0.034,0.018,0.157,0.018,0.153,0.153,0.153,0.244,0.353,0.152,0.211,0.287,0.248,0.329,0.287,0.239,0.353,0.246,0.208,0.114,0.246,0.329,0.199,0.21,0.314,0.353,0.146,0.218,0.223,0.102,0.246,0.571,0.102,0.102,0.19,0.134,0.344,0.199,0.134,0.134,0.531,0.165,0.336,0.336,0.404,0.801,0.549,0.431,0.545,0.169,0.227,0.491,0.316,0.387,0.549,0.154,0.39,0.476,0.304,0.132,0.344,0.525,0.91,0.344,0.684,0.301,0.251,0.308,0.789,0.687,0.226,0.915,0.431,0.777,0.226,0.233,0.561,0.87,0.93,0.233,0.597,0.233,0.226,0.864,0.935,0.966,0.96,0.623,0.481,0.727,0.835,0.716,0.959,0.788,0.959,0.788,0.656,0.71,0.725,0.706,0.81,0.823,0.797
0.165,0.165,0.345,0.345,0.712,0.41,0.368,0.143,0.368,0.111,0.143,0.244,0.228,0.712,0.244,0.143,0.228,0.712,0.406,0.228,0.188,0.074,0.188,0.341,0.228,0.368,0.341,0.143,0.144,0.111,0.144,0.074,0.294,0.061,0.081,0.061,0.429,0.081,0.294,0.429,0.752,0.061,0.527,0.582,0.061,0.429,0.519,0.527,0.83,0.527,0.344,0.819,0.479,0.509,0.211,0.509,0.528,0.198,0.198,0.198,0.076,0.211,0.528,0.211,0.479,0.076,0.096,0.57,0.096,0.248,0.248,0.248,0.847,0.466,0.649,0.823,0.349,0.593,0.351,0.349,0.809,0.466,0.122,0.77,0.622,0.122,0.351,0.824,0.794,0.722,0.466,0.634,0.824,0.761,0.28,0.122,0.505,0.28,0.28,0.821,0.281,0.162,0.595,0.281,0.281,0.73,0.775,0.141,0.141,0.132,0.342,0.065,0.828,0.081,0.677,0.704,0.869,0.218,0.894,0.065,0.765,0.892,0.88,0.382,0.592,0.107,0.658,0.138,0.107,0.118,0.448,0.161,0.477,0.36,0.664,0.344,0.131,0.095,0.108,0.344,0.209,0.842,0.828,0.098,0.209,0.765,0.209,0.344,0.825,0.066,0.125,0.04,0.301,0.722,0.415,0.794,0.196,0.045,0.442,0.14,0.447,0.289,0.433,0.34,0.344,0.379,0.365,0.692
0.17,0.17,0.196,0.196,0.861,0.101,0.241,0.751,0.064,0.569,0.751,0.219,0.769,0.861,0.219,0.751,0.769,0.861,0.669,0.769,0.254,0.577,0.254,0.767,0.769,0.241,0.767,0.751,0.749,0.569,0.749,0.577,0.475,0.922,0.307,0.922,0.826,0.307,0.475,0.826,0.368,0.922,0.811,0.801,0.922,0.826,0.689,0.811,0.908,0.811,0.066,0.36,0.678,0.35,0.873,0.35,0.339,0.853,0.853,0.853,0.79,0.873,0.339,0.873,0.678,0.79,0.935,0.763,0.935,0.705,0.705,0.705,0.204,0.825,0.439,0.192,0.737,0.903,0.748,0.737,0.316,0.825,0.837,0.251,0.84,0.837,0.748,0.193,0.291,0.883,0.825,0.5,0.194,0.249,0.93,0.837,0.826,0.93,0.93,0.195,0.87,0.901,0.93,0.87,0.87,0.957,0.185,0.954,0.954,0.935,0.87,0.961,0.289,0.927,0.274,0.847,0.336,0.873,0.287,0.961,0.186,0.287,0.255,0.294,0.346,0.98,0.928,0.323,0.98,0.812,0.326,0.703,0.327,0.893,0.961,0.881,0.313,0.964,0.326,0.881,0.899,0.434,0.93,0.26,0.899,0.942,0.899,0.881,0.925,0.921,0.269,0.962,0.383,0.919,0.466,0.97,0.428,0.939,0.461,0.268,0.391,0.437,0.415,0.466,0.384,0.117,0.116,0.008
0.705,0.705,0.672,0.672,0.204,0.645,0.323,0.261,0.628,0.28,0.261,0.325,0.257,0.204,0.325,0.261,0.257,0.204,0.847,0.257,0.744,0.304,0.744,0.197,0.257,0.323,0.197,0.261,0.21,0.28,0.21,0.304,0.817,0.358,0.413,0.358,0.46,0.413,0.817,0.46,0.339,0.358,0.467,0.056,0.358,0.46,0.917,0.467,0.168,0.467,0.859,0.288,0.228,0.718,0.413,0.718,0.754,0.426,0.426,0.426,0.313,0.413,0.754,0.413,0.228,0.313,0.333,0.139,0.333,0.109,0.109,0.109,0.435,0.185,0.061,0.281,0.383,0.139,0.463,0.383,0.479,0.185,0.103,0.449,0.148,0.103,0.463,0.368,0.412,0.045,0.185,0.054,0.295,0.334,0.194,0.103,0.978,0.194,0.194,0.29,0.264,0.351,0.138,0.264,0.264,0.161,0.414,0.559,0.559,0.543,0.49,0.379,0.498,0.394,0.476,0.046,0.228,0.305,0.382,0.379,0.434,0.412,0.225,0.495,0.66,0.578,0.058,0.998,0.578,0.369,0.368,0.14,0.351,0.552,0.089,0.21,0.998,0.583,0.995,0.21,0.213,0.234,0.778,0.808,0.213,0.063,0.213,0.21,0.778,0.903,0.949,0.749,0.652,0.066,0.619,0.772,0.644,0.746,0.809,0.886,0.803,0.662,0.602,0.605,0.597,0.977,0.947,0.91
0.393,0.393,0.34,0.34,0.3,0.686,0.213,0.768,0.673,0.893,0.768,0.098,0.738,0.3,0.098,0.768,0.738,0.3,0.535,0.738,0.167,0.866,0.167,0.771,0.738,0.213,0.771,0.768,0.758,0.893,0.758,0.866,0.353,0.611,0.125,0.611,0.615,0.125,0.353,0.615,0.973,0.611,0.808,0.221,0.611,0.615,0.585,0.808,0.304,0.808,0.622,0.965,0.284,0.546,0.808,0.546,0.599,0.884,0.884,0.884,0.695,0.808,0.599,0.808,0.284,0.695,0.637,0.236,0.637,0.136,0.136,0.136,0.848,0.402,0.16,0.911,0.595,0.282,0.571,0.595,0.956,0.402,0.302,0.924,0.221,0.302,0.571,0.91,0.928,0.317,0.402,0.155,0.907,0.946,0.419,0.302,0.489,0.419,0.419,0.909,0.424,0.402,0.263,0.424,0.424,0.368,0.711,0.959,0.959,0.986,0.582,0.269,0.784,0.295,0.769,0.276,0.291,0.447,0.76,0.269,0.7,0.759,0.282,0.775,0.763,0.799,0.462,0.948,0.799,0.391,0.835,0.265,0.836,0.594,0.545,0.605,0.976,0.916,0.903,0.605,0.532,0.412,0.701,0.974,0.532,0.327,0.532,0.605,0.704,0.985,0.989,0.994,0.641,0.307,0.502,0.737,0.745,0.993,0.292,0.992,0.333,0.684,0.516,0.506,0.539,0.531,0.511,0.361
0.382,0.382,0.398,0.398,0.677,0.397,0.765,0.583,0.346,0.534,0.583,0.683,0.627,0.677,0.683,0.583,0.627,0.677,0.851,0.627,0.264,0.43,0.264,0.695,0.627,0.765,0.695,0.583,0.593,0.534,0.593,0.43,0.53,0.406,0.476,0.406,0.523,0.476,0.53,0.523,0.36,0.406,0.457,0.2,0.406,0.523,0.786,0.457,0.182,0.457,0.202,0.367,0.536,0.685,0.526,0.685,0.677,0.481,0.481,0.481,0.223,0.526,0.677,0.526,0.536,0.223,0.309,0.405,0.309,0.78,0.78,0.78,0.522,0.711,0.332,0.408,0.392,0.435,0.405,0.392,0.543,0.711,0.587,0.456,0.403,0.587,0.405,0.397,0.506,0.174,0.711,0.339,0.416,0.464,0.622,0.587,0.874,0.622,0.622,0.394,0.608,0.537,0.429,0.608,0.608,0.299,0.319,0.064,0.064,0.068,0.002,0.047,0.245,0.059,0.431,0.179,0.071,0.499,0.266,0.047,0.327,0.266,0.076,0.183,0.402,0.05,0.187,0.894,0.05,0.013,0.148,0.499,0.142,0.001,0.134,0.68,0.936,0.061,0.842,0.68,0.679,0.087,0.034,0.823,0.679,0.129,0.679,0.68,0.038,0.604,0.833,0.744,0.957,0.126,0.987,0.046,0.937,0.734,0.806,0.865,0.816,0.963,0.982,0.987,0.987,0.959,0.963,0.844
0.749,0.749,0.78,0.78,0.627,0.089,0.653,0.763,0.1,0.533,0.763,0.676,0.677,0.627,0.676,0.763,0.677,0.627,0.729,0.677,0.577,0.657,0.577,0.636,0.677,0.653,0.636,0.763,0.685,0.533,0.685,0.657,0.211,0.541,0.503,0.541,0.711,0.503,0.211,0.711,0.98,0.541,0.715,0.039,0.541,0.711,0.691,0.715,0.087,0.715,0.075,0.982,0.664,0.291,0.732,0.291,0.308,0.783,0.783,0.783,0.389,0.732,0.308,0.732,0.664,0.389,0.492,0.125,0.492,0.569,0.569,0.569,0.747,0.518,0.041,1.0,0.352,0.241,0.297,0.352,0.997,0.518,0.727,1.0,0.119,0.727,0.297,1.0,0.998,0.305,0.518,0.04,1.0,1.0,0.467,0.727,0.425,0.467,0.467,1.0,0.435,0.434,0.197,0.435,0.435,0.225,0.996,0.822,0.822,0.81,0.912,0.858,0.984,0.852,0.996,0.356,0.358,0.49,0.968,0.858,0.998,0.965,0.371,0.988,0.972,0.889,0.294,0.806,0.889,0.988,0.994,0.748,0.99,0.859,0.232,0.639,0.862,0.879,0.934,0.639,0.645,0.303,0.278,0.871,0.645,0.389,0.645,0.639,0.268,0.766,0.875,0.76,0.65,0.368,0.748,0.224,0.956,0.755,0.829,0.854,0.814,0.726,0.786,0.792,0.725,0.737,0.726,0.392
0.993,0.993,0.992,0.992,0.098,0.291,0.912,0.91,0.257,0.749,0.91,0.919,0.861,0.098,0.919,0.91,0.861,0.098,0.522,0.861,0.94,0.831,0.94,0.887,0.861,0.912,0.887,0.91,0.906,0.749,0.906,0.831,0.669,0.906,0.922,0.906,0.212,0.922,0.669,0.212,0.61,0.906,0.179,0.861,0.906,0.212,0.777,0.179,0.772,0.179,0.531,0.8,0.03,0.472,0.188,0.472,0.483,0.137,0.137,0.137,0.816,0.188,0.483,0.188,0.03,0.816,0.875,0.92,0.875,0.198,0.198,0.198,0.94,0.113,0.97,0.857,0.09,0.713,0.098,0.09,0.755,0.113,0.052,0.804,0.864,0.052,0.098,0.912,0.833,0.954,0.113,0.893,0.87,0.766,0.379,0.052,0.241,0.379,0.379,0.921,0.568,0.222,0.846,0.568,0.568,0.894,0.951,0.393,0.393,0.396,0.468,0.364,0.652,0.356,0.915,0.967,0.86,0.182,0.84,0.364,0.952,0.779,0.868,0.866,0.927,0.436,0.839,0.755,0.436,0.482,0.882,0.068,0.863,0.703,0.88,0.098,0.69,0.443,0.731,0.098,0.107,0.988,0.755,0.454,0.107,0.951,0.107,0.098,0.754,0.309,0.522,0.347,0.473,0.938,0.259,0.736,0.739,0.36,0.684,0.507,0.658,0.389,0.419,0.292,0.43,0.251,0.244,0.274
0.899,0.899,0.842,0.842,0.341,0.335,0.716,0.702,0.304,0.753,0.702,0.766,0.642,0.341,0.766,0.702,0.642,0.341,0.015,0.642,0.596,0.782,0.596,0.687,0.642,0.716,0.687,0.702,0.795,0.753,0.795,0.782,0.319,0.436,0.458,0.436,0.011,0.458,0.319,0.011,0.513,0.436,0.016,0.625,0.436,0.011,0.007,0.016,0.57,0.016,0.181,0.568,0.38,0.409,0.039,0.409,0.412,0.055,0.055,0.055,0.541,0.039,0.412,0.039,0.38,0.541,0.494,0.491,0.494,0.408,0.408,0.408,0.236,0.86,0.787,0.322,0.172,0.174,0.186,0.172,0.426,0.86,0.633,0.393,0.509,0.633,0.186,0.372,0.537,0.281,0.86,0.799,0.322,0.349,0.271,0.633,0.875,0.271,0.271,0.346,0.282,0.483,0.184,0.282,0.282,0.233,0.201,0.193,0.193,0.222,0.248,0.912,0.392,0.918,0.216,0.287,0.606,0.493,0.374,0.912,0.194,0.367,0.619,0.298,0.239,0.218,0.404,0.454,0.218,0.933,0.298,0.624,0.291,0.497,0.509,0.506,0.438,0.393,0.476,0.506,0.468,0.589,0.172,0.462,0.468,0.303,0.468,0.506,0.173,0.252,0.525,0.268,0.797,0.318,0.87,0.212,0.748,0.261,0.852,0.553,0.851,0.814,0.854,0.811,0.806,0.954,0.96,0.706
0.474,0.474,0.508,0.508,0.127,0.561,0.376,0.272,0.636,0.435,0.272,0.322,0.301,0.127,0.322,0.272,0.301,0.127,0.118,0.301,0.604,0.465,0.604,0.304,0.301,0.376,0.304,0.272,0.286,0.435,0.286,0.465,0.696,0.545,0.613,0.545,0.428,0.613,0.696,0.428,0.512,0.545,0.298,0.667,0.545,0.428,0.196,0.298,0.598,0.298,0.589,0.576,0.349,0.349,0.209,0.349,0.351,0.116,0.116,0.116,0.618,0.209,0.351,0.209,0.349,0.618,0.432,0.917,0.432,0.404,0.404,0.404,0.808,0.087,0.655,0.703,0.618,0.991,0.672,0.618,0.264,0.087,0.36,0.289,0.886,0.36,0.672,0.672,0.247,0.992,0.087,0.653,0.688,0.315,0.551,0.36,0.05,0.551,0.551,0.67,0.646,0.248,0.993,0.646,0.646,0.93,0.619,0.592,0.592,0.581,0.702,0.43,0.741,0.306,0.321,0.992,0.569,0.227,0.694,0.43,0.61,0.693,0.587,0.879,0.31,0.626,0.978,0.473,0.626,0.58,0.86,0.226,0.881,0.66,0.984,0.4,0.479,0.543,0.632,0.4,0.321,0.643,0.08,0.641,0.321,0.993,0.321,0.4,0.069,0.712,0.712,0.664,0.781,0.99,0.663,0.066,0.354,0.671,0.317,0.7,0.339,0.8,0.659,0.681,0.675,0.182,0.141,0.411
0.677,0.677,0.637,0.637,0.418,0.636,0.686,0.885,0.705,0.751,0.885,0.669,0.85,0.418,0.669,0.885,0.85,0.418,0.849,0.85,0.844,0.772,0.844,0.823,0.85,0.686,0.823,0.885,0.854,0.751,0.854,0.772,0.73,0.984,0.848,0.984,0.843,0.848,0.73,0.843,0.409,0.984,0.84,0.064,0.984,0.843,0.85,0.84,0.097,0.84,0.913,0.329,0.172,0.488,0.614,0.488,0.488,0.703,0.703,0.703,0.95,0.614,0.488,0.614,0.172,0.95,0.987,0.085,0.987,0.139,0.139,0.139,0.38,0.494,0.063,0.575,0.559,0.14,0.527,0.559,0.648,0.494,0.178,0.543,0.089,0.178,0.527,0.598,0.647,0.107,0.494,0.07,0.545,0.568,0.187,0.178,0.994,0.187,0.187,0.569,0.182,0.608,0.146,0.182,0.182,0.191,0.452,0.781,0.781,0.853,0.246,0.687,0.093,0.653,0.426,0.088,0.059,0.649,0.095,0.687,0.419,0.083,0.056,0.116,0.533,0.761,0.132,0.891,0.761,0.406,0.113,0.311,0.106,0.284,0.142,0.468,0.87,0.838,0.923,0.468,0.423,0.085,0.016,0.707,0.423,0.121,0.423,0.468,0.013,0.845,0.646,0.734,0.728,0.112,0.61,0.008,0.744,0.771,0.766,0.619,0.737,0.733,0.686,0.726,0.687,0.808,0.886,0.88
0.109,0.109,0.096,0.096,0.226,0.898,0.107,0.07,0.893,0.056,0.07,0.123,0.069,0.226,0.123,0.07,0.069,0.226,0.856,0.069,0.104,0.07,0.104,0.069,0.069,0.107,0.069,0.07,0.076,0.056,0.076,0.07,0.037,0.052,0.08,0.052,0.285,0.08,0.037,0.285,0.781,0.052,0.257,0.607,0.052,0.285,0.748,0.257,0.671,0.257,0.918,0.773,0.049,0.05,0.146,0.05,0.05,0.174,0.174,0.174,0.056,0.146,0.05,0.146,0.049,0.056,0.05,0.74,0.05,0.729,0.729,0.729,0.934,0.341,0.683,0.601,0.031,0.854,0.029,0.031,0.528,0.341,0.095,0.698,0.807,0.095,0.029,0.641,0.63,0.839,0.341,0.66,0.57,0.591,0.843,0.095,0.975,0.843,0.843,0.534,0.909,0.075,0.868,0.909,0.909,0.677,0.789,0.596,0.596,0.693,0.673,0.458,0.931,0.429,0.791,0.852,0.821,0.07,0.891,0.458,0.752,0.877,0.829,0.466,0.773,0.597,0.697,0.609,0.597,0.457,0.441,0.065,0.494,0.743,0.715,0.062,0.858,0.676,0.527,0.062,0.059,0.79,0.787,0.541,0.059,0.874,0.059,0.062,0.783,0.262,0.695,0.418,0.695,0.901,0.809,0.886,0.934,0.305,0.671,0.593,0.811,0.646,0.601,0.852,0.798,0.9,0.909,0.941
0.812,0.812,0.682,0.682,0.342,0.706,0.588,0.69,0.703,0.502,0.69,0.775,0.645,0.342,0.775,0.69,0.645,0.342,0.376,0.645,0.637,0.548,0.637,0.629,0.645,0.588,0.629,0.69,0.68,0.502,0.68,0.548,0.539,0.595,0.699,0.595,0.314,0.699,0.539,0.314,0.802,0.595,0.33,0.839,0.595,0.314,0.346,0.33,0.721,0.33,0.565,0.818,0.179,0.337,0.105,0.337,0.323,0.134,0.134,0.134,0.569,0.105,0.323,0.105,0.179,0.569,0.547,0.659,0.547,0.047,0.047,0.047,0.826,0.123,0.854,0.599,0.127,0.509,0.13,0.127,0.844,0.123,0.222,0.725,0.64,0.222,0.13,0.587,0.836,0.596,0.123,0.879,0.701,0.725,0.01,0.222,0.12,0.01,0.01,0.699,0.01,0.098,0.519,0.01,0.01,0.663,0.638,0.486,0.486,0.533,0.151,0.297,0.808,0.424,0.741,0.604,0.575,0.091,0.718,0.297,0.73,0.733,0.716,0.845,0.807,0.542,0.787,0.257,0.542,0.48,0.839,0.116,0.837,0.17,0.72,0.094,0.403,0.565,0.258,0.094,0.077,0.756,0.796,0.351,0.077,0.74,0.077,0.094,0.795,0.318,0.223,0.264,0.524,0.624,0.604,0.814,0.659,0.256,0.675,0.211,0.685,0.546,0.593,0.612,0.591,0.591,0.592,0.684
0.611,0.611,0.664,0.664,0.944,0.495,0.706,0.666,0.52,0.53,0.666,0.692,0.636,0.944,0.692,0.666,0.636,0.944,0.395,0.636,0.469,0.564,0.469,0.575,0.636,0.706,0.575,0.666,0.596,0.53,0.596,0.564,0.28,0.396,0.54,0.396,0.995,0.54,0.28,0.995,0.734,0.396,0.997,0.663,0.396,0.995,0.512,0.997,0.72,0.997,0.371,0.709,0.991,0.398,0.985,0.398,0.42,0.977,0.977,0.977,0.391,0.985,0.42,0.985,0.991,0.391,0.461,0.812,0.461,0.934,0.934,0.934,0.615,0.902,0.746,0.795,0.899,0.857,0.88,0.899,0.913,0.902,0.992,0.731,0.78,0.992,0.88,0.74,0.874,0.973,0.902,0.65,0.793,0.797,0.944,0.992,0.123,0.944,0.944,0.74,0.946,0.937,0.839,0.946,0.946,0.739,0.653,0.199,0.199,0.221,0.458,0.293,0.688,0.368,0.696,0.929,0.259,0.947,0.63,0.293,0.68,0.711,0.27,0.556,0.77,0.202,0.753,0.115,0.202,0.486,0.575,0.962,0.6,0.443,0.901,0.931,0.158,0.228,0.185,0.931,0.916,0.302,0.244,0.4,0.916,0.949,0.916,0.931,0.25,0.449,0.551,0.359,0.293,0.933,0.217,0.286,0.487,0.345,0.576,0.528,0.602,0.274,0.226,0.206,0.209,0.695,0.609,0.661
0.696,0.696,0.659,0.659,0.395,0.901,0.511,0.815,0.937,0.627,0.815,0.455,0.811,0.395,0.455,0.815,0.811,0.395,0.846,0.811,0.438,0.543,0.438,0.841,0.811,0.511,0.841,0.815,0.724,0.627,0.724,0.543,0.442,0.771,0.449,0.771,0.9,0.449,0.442,0.9,0.801,0.771,0.921,0.313,0.771,0.9,0.806,0.921,0.473,0.921,0.91,0.692,0.65,0.426,0.766,0.426,0.429,0.731,0.731,0.731,0.692,0.766,0.429,0.766,0.65,0.692,0.792,0.529,0.792,0.636,0.636,0.636,0.736,0.316,0.392,0.595,0.888,0.289,0.902,0.888,0.736,0.316,0.743,0.662,0.435,0.743,0.902,0.594,0.741,0.346,0.316,0.439,0.589,0.624,0.763,0.743,0.265,0.763,0.763,0.602,0.751,0.892,0.268,0.751,0.751,0.321,0.523,0.721,0.721,0.798,0.971,0.54,0.222,0.544,0.54,0.331,0.269,0.91,0.191,0.54,0.528,0.185,0.292,0.238,0.56,0.668,0.377,0.811,0.668,0.854,0.206,0.818,0.205,0.907,0.45,0.773,0.9,0.758,0.794,0.773,0.824,0.238,0.926,0.486,0.824,0.372,0.824,0.773,0.926,0.578,0.354,0.505,0.187,0.349,0.112,0.932,0.568,0.589,0.134,0.427,0.141,0.183,0.103,0.091,0.095,0.239,0.186,0.702
0.839,0.839,0.584,0.584,0.724,0.529,0.888,0.767,0.499,0.94,0.767,0.899,0.698,0.724,0.899,0.767,0.698,0.724,0.964,0.698,0.86,0.947,0.86,0.713,0.698,0.888,0.713,0.767,0.81,0.94,0.81,0.947,0.773,0.801,0.925,0.801,0.785,0.925,0.773,0.785,0.611,0.801,0.727,0.804,0.801,0.785,0.943,0.727,0.809,0.727,0.467,0.585,0.454,0.937,0.924,0.937,0.945,0.948,0.948,0.948,0.913,0.924,0.945,0.924,0.454,0.913,0.752,0.848,0.752,0.356,0.356,0.356,0.477,0.847,0.946,0.52,0.539,0.071,0.521,0.539,0.252,0.847,0.57,0.442,0.874,0.57,0.521,0.528,0.318,0.134,0.847,0.967,0.546,0.444,0.343,0.57,0.851,0.343,0.343,0.539,0.259,0.647,0.093,0.259,0.259,0.052,0.488,0.716,0.716,0.87,0.444,0.724,0.251,0.88,0.375,0.131,0.305,0.675,0.247,0.724,0.479,0.245,0.366,0.3,0.264,0.797,0.106,0.676,0.797,0.328,0.315,0.516,0.289,0.464,0.117,0.818,0.651,0.918,0.759,0.818,0.801,0.275,0.265,0.371,0.801,0.172,0.801,0.818,0.236,0.955,0.486,0.929,0.074,0.153,0.039,0.167,0.001,0.943,0.024,0.455,0.022,0.072,0.033,0.046,0.049,0.043,0.039,0.01
0.188,0.188,0.163,0.163,0.699,0.437,0.421,0.32,0.403,0.199,0.32,0.402,0.258,0.699,0.402,0.32,0.258,0.699,0.641,0.258,0.563,0.23,0.563,0.249,0.258,0.421,0.249,0.32,0.306,0.199,0.306,0.23,0.561,0.724,0.768,0.724,0.968,0.768,0.561,0.968,0.012,0.724,0.953,0.151,0.724,0.968,0.621,0.953,0.004,0.953,0.687,0.016,0.343,0.307,0.915,0.307,0.301,0.896,0.896,0.896,0.543,0.915,0.301,0.915,0.343,0.543,0.73,0.007,0.73,0.532,0.532,0.532,0.064,0.723,0.529,0.04,0.61,0.008,0.602,0.61,0.031,0.723,0.538,0.047,0.007,0.538,0.602,0.041,0.055,0.014,0.723,0.417,0.035,0.037,0.596,0.538,0.806,0.596,0.596,0.043,0.588,0.756,0.008,0.588,0.588,0.006,0.043,0.677,0.677,0.622,0.893,0.78,0.056,0.59,0.044,0.014,0.039,0.755,0.06,0.78,0.046,0.058,0.042,0.072,0.034,0.697,0.01,0.715,0.697,0.884,0.065,0.552,0.062,0.906,0.016,0.804,0.788,0.663,0.593,0.804,0.82,0.017,0.954,0.402,0.82,0.023,0.82,0.804,0.94,0.681,0.358,0.714,0.809,0.023,0.928,0.942,0.146,0.722,0.019,0.329,0.023,0.876,0.929,0.925,0.931,0.027,0.021,0.166
0.745,0.745,0.829,0.829,0.294,0.764,0.916,0.857,0.754,0.824,0.857,0.95,0.814,0.294,0.95,0.857,0.814,0.294,0.191,0.814,0.719,0.886,0.719,0.849,0.814,0.916,0.849,0.857,0.895,0.824,0.895,0.886,0.381,0.651,0.694,0.651,0.123,0.694,0.381,0.123,0.673,0.651,0.161,0.476,0.651,0.123,0.113,0.161,0.48,0.161,0.603,0.619,0.314,0.508,0.276,0.508,0.507,0.378,0.378,0.378,0.657,0.276,0.507,0.276,0.314,0.657,0.676,0.495,0.676,0.234,0.234,0.234,0.664,0.4,0.584,0.853,0.207,0.129,0.218,0.207,0.705,0.4,0.363,0.916,0.464,0.363,0.218,0.85,0.687,0.108,0.4,0.484,0.847,0.92,0.265,0.363,0.741,0.265,0.265,0.834,0.263,0.311,0.12,0.263,0.263,0.145,0.824,0.048,0.048,0.083,0.134,0.144,0.816,0.162,0.873,0.132,0.282,0.28,0.802,0.144,0.795,0.792,0.394,0.688,0.652,0.067,0.124,0.108,0.067,0.196,0.681,0.344,0.674,0.231,0.182,0.404,0.063,0.096,0.057,0.404,0.392,0.323,0.61,0.616,0.392,0.135,0.392,0.404,0.602,0.268,0.503,0.341,0.207,0.096,0.293,0.62,0.079,0.329,0.12,0.66,0.113,0.237,0.261,0.259,0.224,0.105,0.098,0.137
0.884,0.884,0.912,0.912,0.668,0.991,0.8,0.541,0.992,0.587,0.541,0.812,0.785,0.668,0.812,0.541,0.785,0.668,0.281,0.785,0.759,0.489,0.759,0.761,0.785,0.8,0.761,0.541,0.523,0.587,0.523,0.489,0.683,0.599,0.589,0.599,0.677,0.589,0.683,0.677,0.86,0.599,0.776,0.522,0.599,0.677,0.276,0.776,0.427,0.776,0.989,0.863,0.417,0.757,0.796,0.757,0.76,0.869,0.869,0.869,0.53,0.796,0.76,0.796,0.417,0.53,0.517,0.541,0.517,0.158,0.158,0.158,0.684,0.435,0.565,0.733,0.54,0.789,0.509,0.54,0.691,0.435,0.466,0.814,0.536,0.466,0.509,0.754,0.691,0.813,0.435,0.642,0.632,0.787,0.159,0.466,0.238,0.159,0.159,0.627,0.101,0.318,0.795,0.101,0.101,0.715,0.722,0.582,0.582,0.598,0.819,0.261,0.632,0.274,0.788,0.773,0.571,0.383,0.554,0.261,0.773,0.577,0.581,0.562,0.723,0.561,0.786,0.094,0.561,0.677,0.481,0.361,0.456,0.823,0.794,0.646,0.13,0.575,0.045,0.646,0.553,0.559,0.925,0.439,0.553,0.81,0.553,0.646,0.947,0.358,0.606,0.247,0.016,0.789,0.04,0.95,0.012,0.26,0.031,0.533,0.035,0.018,0.029,0.047,0.038,0.135,0.151,0.018
0.669,0.669,0.671,0.671,0.598,0.964,0.452,0.405,0.974,0.463,0.405,0.486,0.507,0.598,0.486,0.405,0.507,0.598,0.289,0.507,0.445,0.36,0.445,0.432,0.507,0.452,0.432,0.405,0.392,0.463,0.392,0.36,0.75,0.405,0.248,0.405,0.16,0.248,0.75,0.16,0.168,0.405,0.167,0.196,0.405,0.16,0.272,0.167,0.281,0.167,0.761,0.135,0.509,0.849,0.139,0.849,0.849,0.091,0.091,0.091,0.341,0.139,0.849,0.139,0.509,0.341,0.397,0.374,0.397,0.304,0.304,0.304,0.199,0.574,0.302,0.279,0.345,0.4,0.347,0.345,0.235,0.574,0.601,0.238,0.369,0.601,0.347,0.326,0.226,0.38,0.574,0.236,0.3,0.23,0.231,0.601,0.876,0.231,0.231,0.356,0.261,0.329,0.317,0.261,0.261,0.37,0.327,0.006,0.006,0.004,0.025,0.032,0.068,0.027,0.205,0.301,0.079,0.329,0.069,0.032,0.388,0.069,0.114,0.092,0.328,0.012,0.249,0.182,0.012,0.07,0.077,0.458,0.085,0.048,0.226,0.406,0.205,0.006,0.274,0.406,0.413,0.055,0.026,0.467,0.413,0.242,0.413,0.406,0.031,0.514,0.321,0.484,0.101,0.195,0.101,0.042,0.042,0.471,0.027,0.301,0.028,0.131,0.09,0.137,0.124,0.063,0.056,0.102
0.367,0.367,0.366,0.366,0.604,0.223,0.331,0.394,0.267,0.462,0.394,0.468,0.309,0.604,0.468,0.394,0.309,0.604,0.443,0.309,0.153,0.532,0.153,0.352,0.309,0.331,0.352,0.394,0.441,0.462,0.441,0.532,0.18,0.163,0.183,0.163,0.278,0.183,0.18,0.278,0.666,0.163,0.419,0.042,0.163,0.278,0.408,0.419,0.167,0.419,0.297,0.637,0.598,0.26,0.244,0.26,0.274,0.344,0.344,0.344,0.362,0.244,0.274,0.244,0.598,0.362,0.246,0.232,0.246,0.379,0.379,0.379,0.729,0.673,0.05,0.743,0.664,0.305,0.639,0.664,0.7,0.673,0.629,0.791,0.207,0.629,0.639,0.752,0.713,0.233,0.673,0.041,0.814,0.786,0.516,0.629,0.884,0.516,0.516,0.805,0.366,0.471,0.231,0.366,0.366,0.246,0.731,0.618,0.618,0.615,0.509,0.512,0.875,0.525,0.736,0.193,0.695,0.681,0.927,0.512,0.725,0.924,0.686,0.9,0.706,0.59,0.234,0.722,0.59,0.722,0.958,0.477,0.94,0.518,0.498,0.546,0.732,0.568,0.687,0.546,0.385,0.707,0.591,0.838,0.385,0.443,0.385,0.546,0.678,0.988,0.874,0.991,0.406,0.441,0.475,0.664,0.437,0.977,0.416,0.893,0.441,0.366,0.519,0.478,0.547,0.36,0.343,0.359
0.943,0.943,0.934,0.934,0.873,0.071,0.859,0.813,0.072,0.562,0.813,0.874,0.795,0.873,0.874,0.813,0.795,0.873,0.185,0.795,0.998,0.587,0.998,0.675,0.795,0.859,0.675,0.813,0.705,0.562,0.705,0.587,0.727,0.905,0.92,0.905,0.776,0.92,0.727,0.776,0.543,0.905,0.763,0.959,0.905,0.776,0.15,0.763,0.329,0.763,0.258,0.805,0.752,0.34,0.7,0.34,0.319,0.626,0.626,0.626,0.771,0.7,0.319,0.7,0.752,0.771,0.891,0.489,0.891,0.539,0.539,0.539,0.792,0.776,0.91,0.403,0.886,0.465,0.722,0.886,0.257,0.776,0.742,0.299,0.517,0.742,0.722,0.589,0.472,0.498,0.776,0.929,0.4,0.279,0.671,0.742,0.318,0.671,0.671,0.563,0.554,0.899,0.438,0.554,0.554,0.236,0.647,0.805,0.805,0.881,0.919,0.86,0.582,0.934,0.503,0.465,0.353,0.841,0.562,0.86,0.592,0.571,0.414,0.434,0.603,0.846,0.283,0.231,0.846,0.925,0.354,0.775,0.37,0.929,0.289,0.617,0.203,0.908,0.209,0.617,0.702,0.532,0.018,0.121,0.702,0.322,0.702,0.617,0.019,0.395,0.157,0.649,0.548,0.332,0.322,0.019,0.502,0.531,0.46,0.138,0.445,0.473,0.356,0.268,0.336,0.527,0.55,0.547
0.171,0.171,0.248,0.248,0.425,0.999,0.084,0.747,1.0,0.825,0.747,0.09,0.797,0.425,0.09,0.747,0.797,0.425,0.66,0.797,0.146,0.774,0.146,0.808,0.797,0.084,0.808,0.747,0.76,0.825,0.76,0.774,0.907,0.794,0.138,0.794,0.619,0.138,0.907,0.619,0.668,0.794,0.652,0.821,0.794,0.619,0.668,0.652,0.19,0.652,0.965,0.71,0.839,0.801,0.461,0.801,0.79,0.494,0.494,0.494,0.628,0.461,0.79,0.461,0.839,0.628,0.767,0.167,0.767,0.809,0.809,0.809,0.938,0.621,0.868,0.787,0.771,0.256,0.724,0.771,0.887,0.621,0.264,0.835,0.206,0.264,0.724,0.76,0.868,0.609,0.621,0.889,0.79,0.855,0.646,0.264,0.445,0.646,0.646,0.773,0.623,0.145,0.236,0.623,0.623,0.399,0.608,0.547,0.547,0.584,0.25,0.194,0.513,0.224,0.734,0.558,0.139,0.184,0.459,0.194,0.59,0.476,0.161,0.517,0.786,0.647,0.613,0.745,0.647,0.155,0.565,0.179,0.528,0.225,0.554,0.302,0.73,0.674,0.667,0.302,0.229,0.268,0.571,0.472,0.229,0.554,0.229,0.302,0.57,0.497,0.456,0.447,0.174,0.558,0.139,0.584,0.733,0.419,0.15,0.404,0.19,0.201,0.21,0.184,0.173,0.545,0.474,0.733
0.547,0.547,0.486,0.486,0.766,0.894,0.504,0.993,0.881,0.96,0.993,0.518,0.965,0.766,0.518,0.993,0.965,0.766,0.065,0.965,0.668,0.985,0.668,0.946,0.965,0.504,0.946,0.993,0.977,0.96,0.977,0.985,0.792,0.951,0.724,0.951,0.449,0.724,0.792,0.449,0.937,0.951,0.538,0.673,0.951,0.449,0.076,0.538,0.73,0.538,0.752,0.951,0.957,0.97,0.673,0.97,0.964,0.679,0.679,0.679,0.869,0.673,0.964,0.673,0.957,0.869,0.957,0.782,0.957,0.985,0.985,0.985,0.953,0.689,0.775,0.773,0.978,0.421,0.972,0.978,0.805,0.689,0.702,0.843,0.758,0.702,0.972,0.803,0.801,0.204,0.689,0.767,0.734,0.8,0.998,0.702,0.007,0.998,0.998,0.753,0.997,0.973,0.418,0.997,0.997,0.436,0.79,0.035,0.035,0.034,0.095,0.098,0.738,0.105,0.829,0.196,0.438,0.98,0.839,0.098,0.848,0.865,0.45,0.71,0.892,0.039,0.204,0.733,0.039,0.127,0.795,0.985,0.786,0.097,0.239,0.614,0.702,0.053,0.799,0.614,0.587,0.496,0.232,0.585,0.587,0.238,0.587,0.614,0.243,0.566,0.547,0.545,0.565,0.234,0.58,0.198,0.798,0.549,0.797,0.545,0.85,0.553,0.588,0.569,0.587,0.693,0.688,0.66
0.341,0.341,0.346,0.346,0.692,0.272,0.217,0.156,0.221,0.381,0.156,0.233,0.155,0.692,0.233,0.156,0.155,0.692,0.741,0.155,0.815,0.391,0.815,0.154,0.155,0.217,0.154,0.156,0.148,0.381,0.148,0.391,0.494,0.474,0.548,0.474,0.761,0.548,0.494,0.761,0.482,0.474,0.756,0.615,0.474,0.761,0.706,0.756,0.682,0.756,0.584,0.658,0.663,0.197,0.851,0.197,0.185,0.788,0.788,0.788,0.776,0.851,0.185,0.851,0.663,0.776,0.522,0.745,0.522,0.537,0.537,0.537,0.82,0.629,0.533,0.721,0.861,0.68,0.856,0.861,0.724,0.629,0.773,0.78,0.773,0.773,0.856,0.707,0.695,0.763,0.629,0.549,0.689,0.805,0.572,0.773,0.919,0.572,0.572,0.693,0.572,0.762,0.706,0.572,0.572,0.707,0.807,0.672,0.672,0.706,0.996,0.725,0.987,0.709,0.864,0.785,0.928,0.772,0.993,0.725,0.781,0.991,0.936,0.994,0.828,0.74,0.758,0.742,0.74,0.883,0.991,0.631,0.991,0.999,0.917,0.662,0.753,0.76,0.71,0.662,0.656,0.912,0.07,0.897,0.656,0.766,0.656,0.662,0.063,0.771,0.893,0.816,0.812,0.772,0.717,0.047,0.812,0.799,0.869,0.905,0.875,0.775,0.801,0.806,0.871,0.814,0.88,0.99
0.69,0.69,0.793,0.793,0.157,0.078,0.729,0.711,0.076,0.955,0.711,0.74,0.7,0.157,0.74,0.711,0.7,0.157,0.638,0.7,0.569,0.945,0.569,0.686,0.7,0.729,0.686,0.711,0.754,0.955,0.754,0.945,0.824,0.729,0.755,0.729,0.142,0.755,0.824,0.142,0.187,0.729,0.089,0.286,0.729,0.142,0.625,0.089,0.443,0.089,0.152,0.179,0.137,0.756,0.141,0.756,0.734,0.1,0.1,0.1,0.884,0.141,0.734,0.141,0.137,0.884,0.675,0.758,0.675,0.11,0.11,0.11,0.164,0.152,0.42,0.106,0.132,0.962,0.167,0.132,0.185,0.152,0.139,0.136,0.626,0.139,0.167,0.105,0.16,0.97,0.152,0.351,0.128,0.141,0.095,0.139,0.307,0.095,0.095,0.121,0.098,0.114,0.944,0.098,0.098,0.669,0.14,0.604,0.604,0.494,0.618,0.631,0.036,0.269,0.176,0.952,0.898,0.143,0.049,0.631,0.163,0.049,0.909,0.028,0.302,0.541,0.565,0.982,0.541,0.519,0.022,0.208,0.022,0.652,0.743,0.109,0.939,0.544,0.876,0.109,0.094,0.617,0.892,0.934,0.094,0.985,0.094,0.109,0.866,0.873,0.938,0.89,0.775,0.973,0.932,0.898,0.101,0.885,0.038,0.97,0.036,0.771,0.938,0.907,0.915,0.068,0.089,0.143
0.115,0.115,0.1,0.1,0.965,0.592,0.096,0.085,0.595,0.085,0.085,0.104,0.075,0.965,0.104,0.085,0.075,0.965,0.235,0.075,0.076,0.078,0.076,0.091,0.075,0.096,0.091,0.085,0.087,0.085,0.087,0.078,0.016,0.053,0.066,0.053,0.48,0.066,0.016,0.48,0.201,0.053,0.425,0.061,0.053,0.48,0.211,0.425,0.449,0.425,0.572,0.228,0.805,0.017,0.339,0.017,0.019,0.267,0.267,0.267,0.04,0.339,0.019,0.339,0.805,0.04,0.06,0.29,0.06,0.31,0.31,0.31,0.058,0.985,0.067,0.062,0.552,0.121,0.566,0.552,0.098,0.985,0.794,0.086,0.227,0.794,0.566,0.061,0.106,0.186,0.985,0.076,0.06,0.092,0.472,0.794,0.766,0.472,0.472,0.062,0.408,0.657,0.122,0.408,0.408,0.139,0.038,0.253,0.253,0.214,0.498,0.782,0.171,0.73,0.053,0.174,0.315,0.72,0.172,0.782,0.039,0.164,0.328,0.234,0.047,0.272,0.214,0.527,0.272,0.813,0.249,0.8,0.236,0.525,0.287,0.647,0.698,0.241,0.517,0.647,0.654,0.209,0.658,0.773,0.654,0.211,0.654,0.647,0.773,0.926,0.815,0.954,0.714,0.209,0.777,0.687,0.984,0.962,0.99,0.807,0.991,0.838,0.849,0.894,0.883,0.967,0.95,0.938
0.887,0.887,0.843,0.843,0.387,0.797,0.448,0.376,0.755,0.692,0.376,0.49,0.342,0.387,0.49,0.376,0.342,0.387,0.796,0.342,0.964,0.725,0.964,0.3,0.342,0.448,0.3,0.376,0.346,0.692,0.346,0.725,0.929,0.627,0.738,0.627,0.124,0.738,0.929,0.124,0.762,0.627,0.184,0.443,0.627,0.124,0.666,0.184,0.542,0.184,0.659,0.797,0.153,0.788,0.088,0.788,0.789,0.152,0.152,0.152,0.888,0.088,0.789,0.088,0.153,0.888,0.608,0.536,0.608,0.066,0.066,0.066,0.762,0.534,0.35,0.836,0.139,0.738,0.118,0.139,0.907,0.534,0.281,0.905,0.438,0.281,0.118,0.875,0.909,0.769,0.534,0.342,0.812,0.881,0.061,0.281,0.664,0.061,0.061,0.852,0.05,0.073,0.685,0.05,0.05,0.664,0.883,0.473,0.473,0.484,0.35,0.854,0.503,0.829,0.958,0.767,0.97,0.106,0.585,0.854,0.87,0.558,0.975,0.522,0.943,0.268,0.793,0.139,0.268,0.297,0.631,0.315,0.647,0.312,0.836,0.142,0.22,0.308,0.289,0.142,0.106,0.973,0.345,0.203,0.106,0.908,0.106,0.142,0.293,0.594,0.212,0.575,0.292,0.921,0.244,0.22,0.461,0.562,0.291,0.187,0.402,0.319,0.175,0.287,0.248,0.49,0.556,0.328
0.941,0.941,0.916,0.916,0.518,0.773,0.932,0.88,0.794,0.733,0.88,0.929,0.884,0.518,0.929,0.88,0.884,0.518,0.748,0.884,0.926,0.744,0.926,0.861,0.884,0.932,0.861,0.88,0.855,0.733,0.855,0.744,0.675,0.981,0.986,0.981,0.706,0.986,0.675,0.706,0.287,0.981,0.769,0.05,0.981,0.706,0.881,0.769,0.009,0.769,0.585,0.246,0.717,0.492,0.523,0.492,0.474,0.579,0.579,0.579,0.947,0.523,0.474,0.523,0.717,0.947,0.978,0.009,0.978,0.428,0.428,0.428,0.173,0.258,0.07,0.395,0.464,0.013,0.466,0.464,0.407,0.258,0.409,0.415,0.011,0.409,0.466,0.378,0.375,0.02,0.258,0.058,0.449,0.429,0.339,0.409,0.426,0.339,0.339,0.425,0.358,0.275,0.015,0.358,0.358,0.027,0.286,0.846,0.846,0.849,0.845,0.648,0.356,0.66,0.356,0.02,0.094,0.287,0.393,0.648,0.297,0.346,0.094,0.471,0.339,0.853,0.042,0.696,0.853,0.891,0.442,0.471,0.431,0.85,0.047,0.319,0.66,0.853,0.633,0.319,0.326,0.07,0.231,0.793,0.326,0.028,0.326,0.319,0.223,0.829,0.939,0.87,0.569,0.028,0.696,0.248,0.393,0.812,0.196,0.984,0.201,0.605,0.705,0.668,0.676,0.108,0.112,0.163
0.786,0.786,0.8,0.8,0.119,0.632,0.531,0.524,0.615,0.728,0.524,0.561,0.47,0.119,0.561,0.524,0.47,0.119,0.534,0.47,0.629,0.59,0.629,0.57,0.47,0.531,0.57,0.524,0.594,0.728,0.594,0.59,0.796,0.408,0.581,0.408,0.128,0.581,0.796,0.128,0.568,0.408,0.126,0.848,0.408,0.128,0.533,0.126,0.773,0.126,0.593,0.645,0.068,0.693,0.119,0.693,0.651,0.125,0.125,0.125,0.411,0.119,0.651,0.119,0.068,0.411,0.395,0.789,0.395,0.024,0.024,0.024,0.805,0.119,0.781,0.351,0.043,0.363,0.045,0.043,0.574,0.119,0.078,0.486,0.865,0.078,0.045,0.347,0.567,0.373,0.119,0.878,0.36,0.471,0.033,0.078,0.476,0.033,0.033,0.305,0.031,0.072,0.416,0.031,0.031,0.253,0.287,0.334,0.334,0.345,0.677,0.358,0.646,0.357,0.334,0.397,0.874,0.073,0.583,0.358,0.324,0.588,0.902,0.595,0.515,0.382,0.273,0.818,0.382,0.591,0.487,0.088,0.434,0.657,0.324,0.046,0.903,0.399,0.904,0.046,0.048,0.871,0.98,0.639,0.048,0.608,0.048,0.046,0.978,0.452,0.628,0.453,0.993,0.61,0.939,0.872,0.863,0.447,0.822,0.546,0.822,0.995,0.949,0.979,0.98,0.459,0.475,0.642
0.895,0.895,0.887,0.887,0.07,0.576,0.7,0.536,0.574,0.482,0.536,0.624,0.576,0.07,0.624,0.536,0.576,0.07,0.221,0.576,0.584,0.52,0.584,0.501,0.576,0.7,0.501,0.536,0.515,0.482,0.515,0.52,0.333,0.446,0.501,0.446,0.041,0.501,0.333,0.041,0.552,0.446,0.03,0.419,0.446,0.041,0.174,0.03,0.757,0.03,0.638,0.547,0.097,0.532,0.033,0.532,0.551,0.027,0.027,0.027,0.366,0.033,0.551,0.033,0.097,0.366,0.428,0.827,0.428,0.009,0.009,0.009,0.441,0.063,0.463,0.354,0.068,0.911,0.077,0.068,0.431,0.063,0.034,0.34,0.837,0.034,0.077,0.319,0.408,0.926,0.063,0.443,0.365,0.346,0.029,0.034,0.04,0.029,0.029,0.312,0.034,0.028,0.919,0.034,0.034,0.92,0.371,0.117,0.117,0.121,0.188,0.178,0.398,0.194,0.401,0.934,0.94,0.03,0.354,0.178,0.359,0.356,0.928,0.477,0.268,0.158,0.93,0.067,0.158,0.2,0.434,0.044,0.435,0.214,0.93,0.014,0.079,0.158,0.074,0.014,0.019,0.97,0.685,0.678,0.019,0.937,0.019,0.014,0.675,0.364,0.418,0.21,0.373,0.964,0.354,0.639,0.47,0.223,0.73,0.476,0.717,0.35,0.368,0.391,0.404,0.555,0.531,0.383
0.819,0.819,0.754,0.754,0.786,0.423,0.766,0.723,0.421,0.795,0.723,0.829,0.691,0.786,0.829,0.723,0.691,0.786,0.093,0.691,0.507,0.854,0.507,0.719,0.691,0.766,0.719,0.723,0.771,0.795,0.771,0.854,0.196,0.461,0.492,0.461,0.554,0.492,0.196,0.554,0.155,0.461,0.802,0.932,0.461,0.554,0.192,0.802,0.78,0.802,0.292,0.211,0.831,0.603,0.455,0.603,0.647,0.897,0.897,0.897,0.364,0.455,0.647,0.455,0.831,0.364,0.423,0.965,0.423,0.8,0.8,0.8,0.376,0.801,0.844,0.333,0.665,0.976,0.634,0.665,0.336,0.801,0.912,0.419,0.966,0.912,0.634,0.385,0.377,0.969,0.801,0.845,0.346,0.328,0.864,0.912,0.233,0.864,0.864,0.396,0.795,0.401,0.974,0.795,0.795,0.824,0.407,0.652,0.652,0.592,0.41,0.786,0.225,0.803,0.395,0.966,0.844,0.466,0.187,0.786,0.42,0.18,0.839,0.216,0.358,0.429,0.768,0.532,0.429,0.461,0.17,0.811,0.166,0.249,0.898,0.65,0.596,0.417,0.467,0.65,0.6,0.731,0.567,0.926,0.6,0.97,0.6,0.65,0.554,0.808,0.917,0.855,0.673,0.962,0.746,0.42,0.775,0.852,0.841,0.961,0.878,0.683,0.654,0.766,0.671,0.724,0.676,0.712
0.661,0.661,0.579,0.579,0.753,0.414,0.479,0.52,0.329,0.368,0.52,0.527,0.479,0.753,0.527,0.52,0.479,0.753,0.075,0.479,0.382,0.462,0.382,0.435,0.479,0.479,0.435,0.52,0.504,0.368,0.504,0.462,0.137,0.403,0.392,0.403,0.01,0.392,0.137,0.01,0.307,0.403,0.015,0.76,0.403,0.01,0.067,0.015,0.732,0.015,0.381,0.194,0.902,0.164,0.013,0.164,0.162,0.021,0.021,0.021,0.311,0.013,0.162,0.013,0.902,0.311,0.381,0.89,0.381,0.661,0.661,0.661,0.483,0.901,0.809,0.359,0.274,0.64,0.21,0.274,0.397,0.901,0.579,0.254,0.923,0.579,0.21,0.317,0.311,0.444,0.901,0.818,0.314,0.292,0.091,0.579,0.457,0.091,0.091,0.278,0.052,0.16,0.728,0.052,0.052,0.653,0.317,0.096,0.096,0.184,0.307,0.664,0.197,0.651,0.335,0.518,0.218,0.176,0.186,0.664,0.318,0.182,0.205,0.202,0.341,0.114,0.447,0.912,0.114,0.756,0.165,0.139,0.164,0.309,0.53,0.186,0.757,0.229,0.916,0.186,0.099,0.169,0.46,0.982,0.099,0.658,0.099,0.186,0.449,0.922,0.95,0.887,0.8,0.686,0.693,0.403,0.757,0.868,0.879,0.939,0.915,0.668,0.762,0.691,0.649,0.739,0.735,0.78
0.955,0.955,0.922,0.922,0.585,0.367,0.989,0.975,0.34,0.97,0.975,0.983,0.969,0.585,0.983,0.975,0.969,0.585,0.973,0.969,0.793,0.939,0.793,0.936,0.969,0.989,0.936,0.975,0.937,0.97,0.937,0.939,0.527,0.814,0.875,0.814,0.768,0.875,0.527,0.768,0.37,0.814,0.596,0.062,0.814,0.768,0.954,0.596,0.138,0.596,0.29,0.429,0.697,0.76,0.75,0.76,0.785,0.757,0.757,0.757,0.804,0.75,0.785,0.75,0.697,0.804,0.826,0.146,0.826,0.616,0.616,0.616,0.112,0.506,0.114,0.266,0.641,0.163,0.614,0.641,0.326,0.506,0.665,0.17,0.134,0.665,0.614,0.257,0.238,0.128,0.506,0.097,0.313,0.251,0.425,0.665,0.768,0.425,0.425,0.295,0.416,0.583,0.182,0.416,0.416,0.086,0.192,0.046,0.046,0.035,0.07,0.013,0.108,0.012,0.244,0.133,0.049,0.659,0.148,0.013,0.222,0.139,0.054,0.104,0.194,0.021,0.067,0.429,0.021,0.038,0.099,0.695,0.104,0.068,0.051,0.499,0.37,0.016,0.736,0.499,0.332,0.049,0.178,0.763,0.332,0.051,0.332,0.499,0.18,0.764,0.816,0.715,0.753,0.05,0.656,0.199,0.772,0.84,0.813,0.888,0.827,0.642,0.722,0.639,0.681,0.845,0.839,0.734
0.497,0.497,0.614,0.614,0.639,0.585,0.532,0.611,0.584,0.785,0.611,0.512,0.713,0.639,0.512,0.611,0.713,0.639,0.578,0.713,0.437,0.665,0.437,0.769,0.713,0.532,0.769,0.611,0.663,0.785,0.663,0.665,0.4,0.581,0.334,0.581,0.952,0.334,0.4,0.952,0.929,0.581,0.893,0.12,0.581,0.952,0.553,0.893,0.296,0.893,0.387,0.918,0.987,0.511,0.944,0.511,0.521,0.848,0.848,0.848,0.538,0.944,0.521,0.944,0.987,0.538,0.501,0.306,0.501,0.957,0.957,0.957,0.632,0.737,0.099,0.885,0.913,0.513,0.955,0.913,0.886,0.737,0.677,0.881,0.321,0.677,0.955,0.908,0.899,0.601,0.737,0.112,0.866,0.887,0.861,0.677,0.327,0.861,0.861,0.903,0.863,0.84,0.497,0.863,0.863,0.548,0.817,0.762,0.762,0.748,0.65,0.302,0.395,0.337,0.818,0.587,0.333,0.838,0.388,0.302,0.838,0.379,0.343,0.657,0.75,0.815,0.639,0.234,0.815,0.747,0.648,0.79,0.651,0.611,0.538,0.689,0.225,0.806,0.189,0.689,0.643,0.337,0.251,0.898,0.643,0.515,0.643,0.689,0.234,0.89,0.927,0.912,0.247,0.496,0.307,0.306,0.333,0.909,0.68,0.902,0.696,0.271,0.253,0.331,0.278,0.647,0.69,0.508
0.223,0.223,0.215,0.215,0.32,0.133,0.139,0.19,0.12,0.227,0.19,0.122,0.146,0.32,0.122,0.19,0.146,0.32,0.347,0.146,0.081,0.308,0.081,0.2,0.146,0.139,0.2,0.19,0.252,0.227,0.252,0.308,0.068,0.048,0.069,0.048,0.474,0.069,0.068,0.474,0.419,0.048,0.395,0.6,0.048,0.474,0.381,0.395,0.512,0.395,0.062,0.378,0.404,0.21,0.427,0.21,0.237,0.384,0.384,0.384,0.09,0.427,0.237,0.427,0.404,0.09,0.065,0.63,0.065,0.439,0.439,0.439,0.374,0.253,0.652,0.591,0.555,0.555,0.576,0.555,0.508,0.253,0.298,0.691,0.598,0.298,0.576,0.558,0.474,0.554,0.253,0.679,0.606,0.662,0.312,0.298,0.336,0.312,0.312,0.57,0.322,0.521,0.504,0.322,0.322,0.476,0.605,0.885,0.885,0.898,0.785,0.684,0.772,0.775,0.727,0.495,0.693,0.47,0.597,0.684,0.634,0.609,0.709,0.928,0.578,0.863,0.551,0.176,0.863,0.467,0.935,0.338,0.937,0.802,0.645,0.553,0.182,0.896,0.151,0.553,0.607,0.867,0.541,0.373,0.607,0.646,0.607,0.553,0.5,0.865,0.421,0.911,0.038,0.593,0.053,0.533,0.228,0.9,0.408,0.421,0.43,0.033,0.064,0.05,0.06,0.406,0.33,0.134
0.131,0.131,0.15,0.15,0.738,0.73,0.691,0.579,0.724,0.521,0.579,0.604,0.885,0.738,0.604,0.579,0.885,0.738,0.701,0.885,0.122,0.358,0.122,0.724,0.885,0.691,0.724,0.579,0.42,0.521,0.42,0.358,0.542,0.495,0.397,0.495,0.644,0.397,0.542,0.644,0.717,0.495,0.666,0.449,0.495,0.644,0.798,0.666,0.106,0.666,0.595,0.713,0.829,0.286,0.625,0.286,0.268,0.615,0.615,0.615,0.259,0.625,0.268,0.625,0.829,0.259,0.434,0.093,0.434,0.962,0.962,0.962,0.69,0.579,0.521,0.916,0.569,0.223,0.564,0.569,0.857,0.579,0.879,0.823,0.088,0.879,0.564,0.941,0.877,0.267,0.579,0.412,0.917,0.774,0.948,0.879,0.22,0.948,0.948,0.925,0.962,0.565,0.203,0.962,0.962,0.171,0.975,0.614,0.614,0.667,0.662,0.383,0.61,0.438,0.823,0.202,0.619,0.612,0.691,0.383,0.956,0.671,0.662,0.784,0.879,0.56,0.101,0.875,0.56,0.715,0.773,0.823,0.78,0.671,0.131,0.728,0.773,0.592,0.75,0.728,0.745,0.271,0.279,0.798,0.745,0.437,0.745,0.728,0.261,0.746,0.86,0.797,0.764,0.298,0.895,0.317,0.69,0.768,0.819,0.907,0.828,0.763,0.872,0.893,0.88,0.943,0.94,0.874
0.719,0.719,0.655,0.655,0.143,0.028,0.791,0.679,0.028,0.74,0.679,0.825,0.679,0.143,0.825,0.679,0.679,0.143,0.648,0.679,0.461,0.797,0.461,0.693,0.679,0.791,0.693,0.679,0.676,0.74,0.676,0.797,0.348,0.568,0.629,0.568,0.5,0.629,0.348,0.5,0.274,0.568,0.549,0.785,0.568,0.5,0.808,0.549,0.704,0.549,0.018,0.297,0.408,0.627,0.347,0.627,0.641,0.423,0.423,0.423,0.556,0.347,0.641,0.347,0.408,0.556,0.577,0.689,0.577,0.759,0.759,0.759,0.318,0.246,0.812,0.162,0.449,0.778,0.497,0.449,0.231,0.246,0.249,0.203,0.672,0.249,0.497,0.182,0.213,0.757,0.246,0.782,0.159,0.217,0.793,0.249,0.31,0.793,0.793,0.198,0.719,0.277,0.524,0.719,0.719,0.522,0.187,0.686,0.686,0.764,0.881,0.413,0.641,0.519,0.175,0.517,0.366,0.266,0.652,0.413,0.165,0.675,0.433,0.574,0.184,0.585,0.642,0.056,0.585,0.608,0.573,0.172,0.572,0.837,0.772,0.391,0.062,0.664,0.039,0.391,0.42,0.4,0.938,0.015,0.42,0.837,0.42,0.391,0.902,0.019,0.045,0.016,0.127,0.632,0.103,0.847,0.074,0.015,0.268,0.043,0.271,0.143,0.162,0.11,0.169,0.428,0.432,0.186
0.032,0.032,0.028,0.028,0.999,0.67,0.024,0.046,0.682,0.08,0.046,0.024,0.028,0.999,0.024,0.046,0.028,0.999,0.213,0.028,0.035,0.108,0.035,0.025,0.028,0.024,0.025,0.046,0.049,0.08,0.049,0.108,0.046,0.038,0.025,0.038,0.888,0.025,0.046,0.888,0.361,0.038,0.919,0.137,0.038,0.888,0.218,0.919,0.225,0.919,0.799,0.241,0.888,0.063,0.933,0.063,0.065,0.96,0.96,0.96,0.077,0.933,0.065,0.933,0.888,0.077,0.042,0.246,0.042,0.946,0.946,0.946,0.091,0.98,0.184,0.167,0.926,0.483,0.923,0.926,0.115,0.98,0.942,0.182,0.254,0.942,0.923,0.149,0.127,0.56,0.98,0.181,0.151,0.202,0.974,0.942,0.877,0.974,0.974,0.153,0.98,0.957,0.51,0.98,0.98,0.416,0.159,0.766,0.766,0.846,0.994,0.994,0.864,0.982,0.194,0.572,0.603,0.954,0.831,0.994,0.175,0.832,0.715,0.896,0.15,0.732,0.457,0.858,0.732,0.943,0.901,0.931,0.875,0.995,0.543,0.918,0.886,0.815,0.875,0.918,0.906,0.844,0.74,0.717,0.906,0.382,0.906,0.918,0.722,0.456,0.594,0.44,0.162,0.306,0.123,0.69,0.206,0.42,0.27,0.592,0.245,0.181,0.127,0.132,0.14,0.313,0.304,0.333
0.939,0.939,0.921,0.921,0.543,0.096,0.745,0.607,0.083,0.609,0.607,0.694,0.579,0.543,0.694,0.607,0.579,0.543,0.357,0.579,0.818,0.73,0.818,0.481,0.579,0.745,0.481,0.607,0.565,0.609,0.565,0.73,0.267,0.596,0.705,0.596,0.527,0.705,0.267,0.527,0.443,0.596,0.452,0.101,0.596,0.527,0.352,0.452,0.482,0.452,0.077,0.452,0.757,0.389,0.836,0.389,0.385,0.809,0.809,0.809,0.678,0.836,0.385,0.836,0.757,0.678,0.617,0.358,0.617,0.852,0.852,0.852,0.399,0.405,0.097,0.56,0.648,0.536,0.654,0.648,0.404,0.405,0.89,0.479,0.335,0.89,0.654,0.556,0.419,0.599,0.405,0.086,0.551,0.472,0.954,0.89,0.242,0.954,0.954,0.548,0.939,0.948,0.511,0.939,0.939,0.757,0.55,0.461,0.461,0.44,0.565,0.769,0.39,0.733,0.478,0.561,0.676,0.943,0.368,0.769,0.538,0.392,0.71,0.366,0.447,0.321,0.802,0.752,0.321,0.59,0.408,0.876,0.399,0.323,0.887,0.79,0.763,0.33,0.704,0.79,0.798,0.829,0.833,0.436,0.798,0.63,0.798,0.79,0.818,0.451,0.508,0.371,0.938,0.595,0.817,0.767,0.936,0.331,0.931,0.433,0.93,0.955,0.806,0.834,0.822,0.953,0.92,0.935
0.63,0.63,0.764,0.764,0.771,0.501,0.536,0.51,0.568,0.58,0.51,0.528,0.503,0.771,0.528,0.51,0.503,0.771,0.12,0.503,0.735,0.641,0.735,0.509,0.503,0.536,0.509,0.51,0.516,0.58,0.516,0.641,0.531,0.54,0.542,0.54,0.868,0.542,0.531,0.868,0.915,0.54,0.888,0.619,0.54,0.868,0.189,0.888,0.705,0.888,0.643,0.89,0.915,0.784,0.655,0.784,0.777,0.807,0.807,0.807,0.568,0.655,0.777,0.655,0.915,0.568,0.549,0.744,0.549,0.91,0.91,0.91,0.948,0.803,0.769,0.92,0.972,0.101,0.974,0.972,0.923,0.803,0.915,0.784,0.76,0.915,0.974,0.851,0.919,0.143,0.803,0.734,0.833,0.858,0.959,0.915,0.209,0.959,0.959,0.761,0.966,0.914,0.096,0.966,0.966,0.115,0.853,0.718,0.718,0.611,0.262,0.481,0.407,0.694,0.801,0.148,0.253,0.929,0.369,0.481,0.865,0.368,0.262,0.606,0.904,0.773,0.193,0.523,0.773,0.527,0.507,0.943,0.498,0.268,0.132,0.915,0.469,0.709,0.505,0.915,0.835,0.358,0.112,0.254,0.835,0.133,0.835,0.915,0.105,0.609,0.3,0.674,0.538,0.125,0.299,0.26,0.741,0.705,0.45,0.356,0.499,0.57,0.297,0.265,0.28,0.482,0.44,0.881
0.998,0.998,0.995,0.995,0.778,0.555,0.999,0.995,0.545,0.975,0.995,1.0,0.997,0.778,1.0,0.995,0.997,0.778,0.264,0.997,0.992,0.97,0.992,0.995,0.997,0.999,0.995,0.995,0.994,0.975,0.994,0.97,0.702,0.982,0.985,0.982,0.492,0.985,0.702,0.492,0.176,0.982,0.42,0.825,0.982,0.492,0.295,0.42,0.68,0.42,0.53,0.236,0.584,0.807,0.453,0.807,0.798,0.364,0.364,0.364,0.928,0.453,0.798,0.453,0.584,0.928,0.98,0.943,0.98,0.446,0.446,0.446,0.157,0.842,0.81,0.28,0.154,0.952,0.375,0.154,0.181,0.842,0.708,0.22,0.946,0.708,0.375,0.273,0.191,0.952,0.842,0.801,0.276,0.218,0.208,0.708,0.436,0.208,0.208,0.301,0.278,0.294,0.958,0.278,0.278,0.839,0.324,0.839,0.839,0.831,0.491,0.661,0.903,0.725,0.203,0.961,0.997,0.151,0.877,0.661,0.351,0.88,0.995,0.926,0.185,0.802,0.837,0.363,0.802,0.675,0.9,0.614,0.909,0.623,0.871,0.346,0.375,0.845,0.243,0.346,0.376,0.985,0.998,0.311,0.376,0.947,0.376,0.346,0.994,0.24,0.416,0.279,0.446,0.953,0.518,0.996,0.085,0.267,0.102,0.369,0.092,0.458,0.51,0.502,0.489,0.087,0.077,0.126
0.358,0.358,0.35,0.35,0.11,0.688,0.678,0.832,0.71,0.887,0.832,0.709,0.794,0.11,0.709,0.832,0.794,0.11,0.186,0.794,0.583,0.934,0.583,0.839,0.794,0.678,0.839,0.832,0.9,0.887,0.9,0.934,0.862,0.663,0.659,0.663,0.107,0.659,0.862,0.107,0.71,0.663,0.109,0.456,0.663,0.107,0.18,0.109,0.536,0.109,0.666,0.634,0.232,0.989,0.147,0.989,0.99,0.139,0.139,0.139,0.781,0.147,0.99,0.147,0.232,0.781,0.72,0.535,0.72,0.077,0.077,0.077,0.748,0.072,0.426,0.574,0.097,0.776,0.121,0.097,0.723,0.072,0.087,0.631,0.482,0.087,0.121,0.662,0.749,0.633,0.072,0.409,0.583,0.542,0.093,0.087,0.027,0.093,0.093,0.653,0.093,0.178,0.815,0.093,0.093,0.835,0.543,0.235,0.235,0.234,0.51,0.243,0.6,0.285,0.617,0.623,0.653,0.175,0.662,0.243,0.546,0.692,0.664,0.541,0.637,0.275,0.721,0.194,0.275,0.339,0.598,0.218,0.616,0.52,0.765,0.069,0.159,0.289,0.131,0.069,0.07,0.706,0.272,0.148,0.07,0.71,0.07,0.069,0.303,0.261,0.153,0.267,0.125,0.695,0.195,0.353,0.039,0.396,0.17,0.175,0.191,0.127,0.182,0.161,0.156,0.242,0.267,0.228
0.761,0.761,0.742,0.742,0.479,0.85,0.941,0.979,0.842,0.913,0.979,0.943,0.984,0.479,0.943,0.979,0.984,0.479,0.189,0.984,0.896,0.919,0.896,0.975,0.984,0.941,0.975,0.979,0.988,0.913,0.988,0.919,0.896,0.971,0.955,0.971,0.469,0.955,0.896,0.469,0.914,0.971,0.459,0.788,0.971,0.469,0.169,0.459,0.743,0.459,0.759,0.923,0.617,0.759,0.629,0.759,0.748,0.649,0.649,0.649,0.833,0.629,0.748,0.629,0.617,0.833,0.988,0.777,0.988,0.859,0.859,0.859,0.933,0.325,0.84,0.843,0.815,0.703,0.819,0.815,0.953,0.325,0.501,0.911,0.769,0.501,0.819,0.855,0.94,0.684,0.325,0.823,0.853,0.905,0.903,0.501,0.4,0.903,0.903,0.869,0.892,0.913,0.705,0.892,0.892,0.787,0.928,0.828,0.828,0.856,0.683,0.407,0.695,0.64,0.951,0.738,0.825,0.908,0.696,0.407,0.908,0.685,0.811,0.786,0.983,0.91,0.741,0.083,0.91,0.451,0.821,0.62,0.824,0.546,0.778,0.927,0.081,0.91,0.066,0.927,0.937,0.843,0.291,0.079,0.937,0.853,0.937,0.927,0.295,0.966,0.108,0.964,0.358,0.879,0.222,0.273,0.569,0.974,0.649,0.104,0.654,0.303,0.293,0.224,0.3,0.731,0.67,0.638
0.418,0.418,0.467,0.467,0.163,0.047,0.392,0.438,0.042,0.39,0.438,0.465,0.325,0.163,0.465,0.438,0.325,0.163,0.842,0.325,0.699,0.368,0.699,0.389,0.325,0.392,0.389,0.438,0.365,0.39,0.365,0.368,0.894,0.496,0.643,0.496,0.175,0.643,0.894,0.175,0.081,0.496,0.148,0.526,0.496,0.175,0.7,0.148,0.52,0.148,0.017,0.074,0.104,0.808,0.204,0.808,0.782,0.199,0.199,0.199,0.75,0.204,0.782,0.204,0.104,0.75,0.6,0.606,0.6,0.028,0.028,0.028,0.043,0.349,0.477,0.269,0.032,0.664,0.072,0.032,0.179,0.349,0.195,0.148,0.602,0.195,0.072,0.239,0.192,0.672,0.349,0.465,0.245,0.134,0.044,0.195,0.916,0.044,0.044,0.24,0.086,0.035,0.656,0.086,0.086,0.647,0.102,0.169,0.169,0.22,0.424,0.257,0.933,0.257,0.079,0.659,0.946,0.017,0.954,0.257,0.101,0.962,0.837,0.777,0.117,0.152,0.667,0.158,0.152,0.717,0.867,0.151,0.873,0.589,0.685,0.056,0.195,0.226,0.307,0.056,0.105,0.93,0.654,0.787,0.105,0.706,0.105,0.056,0.662,0.702,0.814,0.648,0.379,0.705,0.456,0.706,0.635,0.663,0.683,0.71,0.733,0.506,0.439,0.33,0.322,0.75,0.662,0.812
0.995,0.995,0.976,0.976,0.685,0.687,0.956,0.978,0.696,0.95,0.978,0.981,0.912,0.685,0.981,0.978,0.912,0.685,0.612,0.912,0.958,0.977,0.958,0.886,0.912,0.956,0.886,0.978,0.961,0.95,0.961,0.977,0.589,0.872,0.912,0.872,0.76,0.912,0.589,0.76,1.0,0.872,0.714,0.344,0.872,0.76,0.559,0.714,0.307,0.714,0.691,1.0,0.346,0.957,0.755,0.957,0.959,0.584,0.584,0.584,0.733,0.755,0.959,0.755,0.346,0.733,0.852,0.41,0.852,0.262,0.262,0.262,0.995,0.827,0.403,0.999,0.303,0.344,0.372,0.303,1.0,0.827,0.416,0.998,0.386,0.416,0.372,0.998,0.999,0.737,0.827,0.378,0.998,0.998,0.255,0.416,0.683,0.255,0.255,0.998,0.291,0.516,0.29,0.291,0.291,0.455,0.985,0.649,0.649,0.713,0.96,0.678,0.979,0.699,0.991,0.581,0.943,0.467,0.976,0.678,0.986,0.983,0.943,0.987,0.991,0.81,0.519,0.566,0.81,0.789,0.997,0.391,0.999,0.985,0.625,0.524,0.847,0.865,0.369,0.524,0.584,0.811,0.529,0.346,0.584,0.753,0.584,0.524,0.577,0.27,0.285,0.304,0.533,0.617,0.766,0.458,0.528,0.339,0.424,0.325,0.396,0.539,0.725,0.875,0.912,0.601,0.641,0.466
0.62,0.62,0.779,0.779,0.133,0.998,0.907,0.773,0.998,0.885,0.773,0.911,0.8,0.133,0.911,0.773,0.8,0.133,0.212,0.8,0.928,0.828,0.928,0.778,0.8,0.907,0.778,0.773,0.769,0.885,0.769,0.828,0.98,0.871,0.954,0.871,0.44,0.954,0.98,0.44,0.676,0.871,0.124,0.779,0.871,0.44,0.193,0.124,0.815,0.124,0.979,0.788,0.395,0.681,0.263,0.681,0.646,0.12,0.12,0.12,0.85,0.263,0.646,0.263,0.395,0.85,0.877,0.746,0.877,0.326,0.326,0.326,0.852,0.134,0.71,0.348,0.486,0.821,0.579,0.486,0.45,0.134,0.449,0.387,0.777,0.449,0.579,0.354,0.488,0.905,0.134,0.712,0.334,0.383,0.853,0.449,0.329,0.853,0.853,0.353,0.914,0.467,0.828,0.914,0.914,0.712,0.56,0.192,0.192,0.208,0.545,0.088,0.619,0.084,0.603,0.907,0.971,0.455,0.674,0.088,0.518,0.708,0.964,0.743,0.607,0.18,0.757,0.877,0.18,0.458,0.738,0.228,0.776,0.614,0.873,0.679,0.877,0.175,0.958,0.679,0.707,0.969,0.486,0.776,0.707,0.94,0.707,0.679,0.448,0.961,0.806,0.968,0.994,0.944,0.943,0.438,0.65,0.949,0.836,0.783,0.836,0.923,0.977,0.924,0.969,0.782,0.77,0.866
0.403,0.403,0.332,0.332,0.025,0.779,0.303,0.465,0.786,0.407,0.465,0.327,0.414,0.025,0.327,0.465,0.414,0.025,0.228,0.414,0.372,0.396,0.372,0.438,0.414,0.303,0.438,0.465,0.491,0.407,0.491,0.396,0.523,0.392,0.312,0.392,0.287,0.312,0.523,0.287,0.26,0.392,0.444,0.856,0.392,0.287,0.486,0.444,0.836,0.444,0.684,0.305,0.37,0.686,0.193,0.686,0.684,0.359,0.359,0.359,0.335,0.193,0.684,0.193,0.37,0.335,0.408,0.837,0.408,0.478,0.478,0.478,0.144,0.082,0.847,0.337,0.601,0.926,0.484,0.601,0.396,0.082,0.148,0.441,0.862,0.148,0.484,0.395,0.478,0.99,0.082,0.855,0.372,0.366,0.313,0.148,0.153,0.313,0.313,0.366,0.227,0.474,0.925,0.227,0.227,0.845,0.217,0.749,0.749,0.427,0.436,0.166,0.482,0.072,0.254,0.987,0.904,0.577,0.51,0.166,0.299,0.522,0.905,0.529,0.225,0.473,0.868,0.319,0.473,0.318,0.579,0.31,0.562,0.326,0.801,0.241,0.247,0.242,0.301,0.241,0.232,0.773,0.687,0.335,0.232,0.983,0.232,0.241,0.672,0.2,0.367,0.226,0.521,0.984,0.557,0.526,0.553,0.289,0.66,0.475,0.698,0.445,0.578,0.445,0.467,0.879,0.855,0.324
0.468,0.468,0.551,0.551,0.503,0.924,0.633,0.657,0.884,0.696,0.657,0.547,0.722,0.503,0.547,0.657,0.722,0.503,0.064,0.722,0.591,0.527,0.591,0.73,0.722,0.633,0.73,0.657,0.615,0.696,0.615,0.527,0.952,0.686,0.627,0.686,0.633,0.627,0.952,0.633,0.936,0.686,0.568,0.774,0.686,0.633,0.084,0.568,0.967,0.568,0.735,0.937,0.175,0.742,0.749,0.742,0.709,0.692,0.692,0.692,0.433,0.749,0.709,0.749,0.175,0.433,0.648,0.864,0.648,0.21,0.21,0.21,0.907,0.408,0.633,0.968,0.446,0.614,0.667,0.446,0.947,0.408,0.262,0.948,0.855,0.262,0.667,0.968,0.939,0.764,0.408,0.627,0.964,0.949,0.42,0.262,0.102,0.42,0.42,0.961,0.491,0.314,0.591,0.491,0.491,0.562,0.845,0.173,0.173,0.17,0.198,0.171,0.881,0.159,0.843,0.745,0.401,0.232,0.892,0.171,0.879,0.872,0.409,0.912,0.831,0.197,0.748,0.631,0.197,0.165,0.956,0.076,0.959,0.204,0.791,0.526,0.62,0.206,0.785,0.526,0.683,0.444,0.668,0.451,0.683,0.831,0.683,0.526,0.656,0.32,0.562,0.318,0.836,0.819,0.888,0.727,0.764,0.324,0.786,0.573,0.765,0.861,0.829,0.883,0.833,0.689,0.671,0.915
0.6,0.6,0.543,0.543,0.643,0.111,0.583,0.532,0.103,0.775,0.532,0.638,0.512,0.643,0.638,0.532,0.512,0.643,0.812,0.512,0.486,0.824,0.486,0.451,0.512,0.583,0.451,0.532,0.51,0.775,0.51,0.824,0.301,0.511,0.504,0.511,0.229,0.504,0.301,0.229,0.322,0.511,0.706,0.533,0.511,0.229,0.932,0.706,0.554,0.706,0.069,0.327,0.813,0.482,0.328,0.482,0.498,0.741,0.741,0.741,0.523,0.328,0.498,0.328,0.813,0.523,0.439,0.453,0.439,0.992,0.992,0.992,0.617,0.649,0.478,0.684,0.916,0.399,0.888,0.916,0.601,0.649,0.937,0.785,0.479,0.937,0.888,0.725,0.662,0.15,0.649,0.503,0.681,0.734,0.963,0.937,0.631,0.963,0.963,0.719,0.868,0.92,0.39,0.868,0.868,0.412,0.611,0.9,0.9,0.951,0.341,0.563,0.344,0.533,0.702,0.151,0.518,0.969,0.346,0.563,0.604,0.358,0.542,0.496,0.605,0.825,0.172,0.758,0.825,0.418,0.409,0.919,0.424,0.336,0.229,0.833,0.8,0.893,0.599,0.833,0.792,0.453,0.081,0.582,0.792,0.216,0.792,0.833,0.074,0.62,0.62,0.698,0.656,0.217,0.655,0.078,0.512,0.711,0.712,0.626,0.655,0.623,0.703,0.75,0.782,0.455,0.4,0.219
0.282,0.282,0.115,0.115,0.194,0.021,0.146,0.226,0.024,0.12,0.226,0.285,0.147,0.194,0.285,0.226,0.147,0.194,0.777,0.147,0.174,0.145,0.174,0.13,0.147,0.146,0.13,0.226,0.214,0.12,0.214,0.145,0.111,0.151,0.215,0.151,0.083,0.215,0.111,0.083,0.412,0.151,0.062,0.989,0.151,0.083,0.807,0.062,0.964,0.062,0.02,0.599,0.186,0.185,0.101,0.185,0.191,0.07,0.07,0.07,0.111,0.101,0.191,0.101,0.186,0.111,0.145,0.953,0.145,0.271,0.271,0.271,0.568,0.191,0.981,0.985,0.143,0.958,0.264,0.143,0.848,0.191,0.108,0.887,0.948,0.108,0.264,0.986,0.82,0.88,0.191,0.988,0.985,0.88,0.172,0.108,0.732,0.172,0.172,0.983,0.161,0.169,0.953,0.161,0.161,0.973,0.982,0.112,0.112,0.103,0.209,0.155,0.678,0.127,0.81,0.864,0.953,0.112,0.607,0.155,0.978,0.71,0.939,0.806,0.761,0.104,0.906,0.207,0.104,0.192,0.755,0.121,0.791,0.19,0.938,0.054,0.165,0.113,0.314,0.054,0.102,0.975,0.513,0.177,0.102,0.881,0.102,0.054,0.504,0.078,0.151,0.079,0.539,0.89,0.455,0.416,0.446,0.068,0.507,0.151,0.483,0.666,0.514,0.449,0.472,0.612,0.644,0.447
0.406,0.406,0.28,0.28,0.842,0.232,0.196,0.326,0.227,0.247,0.326,0.315,0.283,0.842,0.315,0.326,0.283,0.842,0.837,0.283,0.308,0.296,0.308,0.41,0.283,0.196,0.41,0.326,0.466,0.247,0.466,0.296,0.151,0.176,0.315,0.176,0.878,0.315,0.151,0.878,0.129,0.176,0.737,0.694,0.176,0.878,0.82,0.737,0.75,0.737,0.113,0.115,0.665,0.205,0.865,0.205,0.212,0.823,0.823,0.823,0.18,0.865,0.212,0.865,0.665,0.18,0.236,0.569,0.236,0.517,0.517,0.517,0.07,0.782,0.586,0.144,0.34,0.488,0.355,0.34,0.102,0.782,0.757,0.091,0.609,0.757,0.355,0.134,0.097,0.214,0.782,0.616,0.157,0.101,0.278,0.757,0.398,0.278,0.278,0.14,0.273,0.299,0.488,0.273,0.273,0.446,0.103,0.516,0.516,0.618,0.087,0.499,0.188,0.565,0.066,0.217,0.204,0.304,0.139,0.499,0.11,0.15,0.218,0.221,0.062,0.447,0.199,0.651,0.447,0.282,0.212,0.598,0.21,0.233,0.238,0.579,0.644,0.621,0.686,0.579,0.543,0.196,0.27,0.907,0.543,0.262,0.543,0.579,0.263,0.981,0.897,0.965,0.826,0.259,0.846,0.259,0.625,0.966,0.574,0.891,0.532,0.793,0.738,0.847,0.727,0.618,0.586,0.916
0.368,0.368,0.404,0.404,0.421,0.32,0.188,0.356,0.31,0.496,0.356,0.119,0.548,0.421,0.119,0.356,0.548,0.421,0.24,0.548,0.158,0.408,0.158,0.552,0.548,0.188,0.552,0.356,0.45,0.496,0.45,0.408,0.278,0.316,0.216,0.316,0.394,0.216,0.278,0.394,0.753,0.316,0.536,0.703,0.316,0.394,0.342,0.536,0.927,0.536,0.263,0.821,0.555,0.302,0.4,0.302,0.311,0.544,0.544,0.544,0.267,0.4,0.311,0.4,0.555,0.267,0.358,0.829,0.358,0.389,0.389,0.389,0.682,0.395,0.76,0.973,0.733,0.291,0.608,0.733,0.803,0.395,0.578,0.87,0.835,0.578,0.608,0.962,0.802,0.359,0.395,0.802,0.97,0.823,0.514,0.578,0.172,0.514,0.514,0.962,0.467,0.705,0.394,0.467,0.467,0.523,0.926,0.601,0.601,0.759,0.776,0.558,0.911,0.669,0.811,0.441,0.896,0.694,0.875,0.558,0.94,0.91,0.746,0.831,0.755,0.425,0.647,0.433,0.425,0.888,0.825,0.659,0.845,0.643,0.682,0.735,0.382,0.546,0.489,0.735,0.641,0.902,0.092,0.423,0.641,0.539,0.641,0.735,0.098,0.219,0.308,0.201,0.391,0.602,0.533,0.101,0.369,0.184,0.328,0.314,0.436,0.404,0.58,0.281,0.382,0.494,0.238,0.509
0.102,0.102,0.05,0.05,0.987,0.409,0.112,0.106,0.369,0.086,0.106,0.185,0.084,0.987,0.185,0.106,0.084,0.987,0.995,0.084,0.107,0.105,0.107,0.08,0.084,0.112,0.08,0.106,0.11,0.086,0.11,0.105,0.116,0.195,0.223,0.195,1.0,0.223,0.116,1.0,0.052,0.195,0.999,0.605,0.195,1.0,0.979,0.999,0.735,0.999,0.609,0.053,0.925,0.101,0.996,0.101,0.094,0.997,0.997,0.997,0.158,0.996,0.094,0.996,0.925,0.158,0.197,0.646,0.197,0.867,0.867,0.867,0.039,0.996,0.579,0.054,0.89,0.806,0.89,0.89,0.04,0.996,0.98,0.061,0.67,0.98,0.89,0.064,0.03,0.449,0.996,0.626,0.055,0.058,0.808,0.98,0.887,0.808,0.808,0.067,0.754,0.812,0.821,0.754,0.754,0.799,0.114,0.979,0.979,0.929,0.852,0.916,0.629,0.761,0.112,0.431,0.234,0.814,0.625,0.916,0.102,0.614,0.22,0.49,0.043,0.977,0.354,0.277,0.977,0.74,0.485,0.898,0.474,0.804,0.149,0.99,0.241,0.917,0.164,0.99,0.986,0.253,0.435,0.939,0.986,0.193,0.986,0.99,0.426,0.959,0.955,0.907,0.366,0.229,0.443,0.413,0.255,0.902,0.205,0.942,0.215,0.426,0.532,0.429,0.479,0.566,0.578,0.086
0.788,0.788,0.708,0.708,0.028,0.197,0.544,0.568,0.178,0.678,0.568,0.582,0.495,0.028,0.582,0.568,0.495,0.028,0.388,0.495,0.684,0.739,0.684,0.437,0.495,0.544,0.437,0.568,0.492,0.678,0.492,0.739,0.399,0.27,0.354,0.27,0.032,0.354,0.399,0.032,0.349,0.27,0.028,0.473,0.27,0.032,0.407,0.028,0.623,0.028,0.191,0.333,0.022,0.779,0.041,0.779,0.813,0.042,0.042,0.042,0.473,0.041,0.813,0.041,0.022,0.473,0.261,0.743,0.261,0.082,0.082,0.082,0.177,0.026,0.429,0.666,0.022,0.476,0.02,0.022,0.582,0.026,0.029,0.454,0.733,0.029,0.02,0.633,0.579,0.831,0.026,0.447,0.697,0.503,0.097,0.029,0.485,0.097,0.097,0.658,0.099,0.02,0.496,0.099,0.099,0.604,0.655,0.223,0.223,0.216,0.675,0.114,0.232,0.178,0.479,0.716,0.587,0.022,0.242,0.114,0.648,0.237,0.673,0.284,0.468,0.234,0.578,0.096,0.234,0.472,0.286,0.026,0.288,0.663,0.626,0.029,0.087,0.222,0.033,0.029,0.031,0.466,0.955,0.038,0.031,0.859,0.031,0.029,0.955,0.231,0.038,0.293,0.085,0.732,0.138,0.945,0.115,0.304,0.259,0.025,0.262,0.149,0.208,0.121,0.185,0.107,0.14,0.078
0.84,0.84,0.741,0.741,0.553,0.567,0.829,0.902,0.638,0.776,0.902,0.796,0.938,0.553,0.796,0.902,0.938,0.553,0.462,0.938,0.821,0.835,0.821,0.95,0.938,0.829,0.95,0.902,0.947,0.776,0.947,0.835,0.612,0.831,0.764,0.831,0.325,0.764,0.612,0.325,0.071,0.831,0.198,0.696,0.831,0.325,0.414,0.198,0.808,0.198,0.637,0.063,0.389,0.835,0.333,0.835,0.832,0.179,0.179,0.179,0.818,0.333,0.832,0.333,0.389,0.818,0.859,0.565,0.859,0.494,0.494,0.494,0.105,0.551,0.602,0.185,0.149,0.598,0.159,0.149,0.155,0.551,0.657,0.166,0.658,0.657,0.159,0.186,0.166,0.637,0.551,0.684,0.182,0.152,0.311,0.657,0.532,0.311,0.311,0.197,0.299,0.319,0.605,0.299,0.299,0.674,0.423,0.092,0.092,0.165,0.032,0.008,0.133,0.011,0.3,0.647,0.637,0.297,0.106,0.008,0.431,0.105,0.633,0.192,0.371,0.075,0.682,0.632,0.075,0.024,0.15,0.518,0.15,0.024,0.686,0.206,0.554,0.122,0.628,0.206,0.211,0.749,0.193,0.344,0.211,0.558,0.211,0.206,0.194,0.911,0.425,0.913,0.668,0.608,0.676,0.19,0.648,0.876,0.656,0.406,0.664,0.641,0.685,0.675,0.663,0.912,0.846,0.703
0.806,0.806,0.813,0.813,0.455,0.95,0.866,0.911,0.959,0.856,0.911,0.849,0.905,0.455,0.849,0.911,0.905,0.455,0.978,0.905,0.947,0.86,0.947,0.858,0.905,0.866,0.858,0.911,0.877,0.856,0.877,0.86,0.698,0.965,0.959,0.965,0.973,0.959,0.698,0.973,0.674,0.965,0.954,0.087,0.965,0.973,0.99,0.954,0.234,0.954,0.991,0.781,0.759,0.47,0.835,0.47,0.501,0.941,0.941,0.941,0.985,0.835,0.501,0.835,0.759,0.985,0.949,0.231,0.949,0.599,0.599,0.599,0.873,0.75,0.1,0.505,0.742,0.397,0.77,0.742,0.654,0.75,0.552,0.55,0.232,0.552,0.77,0.485,0.636,0.44,0.75,0.103,0.447,0.572,0.651,0.552,0.972,0.651,0.651,0.413,0.672,0.567,0.369,0.672,0.672,0.237,0.581,1.0,1.0,0.997,0.549,0.957,0.657,0.966,0.651,0.412,0.21,0.546,0.705,0.957,0.572,0.701,0.203,0.424,0.741,0.994,0.288,0.491,0.994,0.547,0.452,0.587,0.471,0.524,0.319,0.57,0.389,0.994,0.524,0.57,0.601,0.28,0.847,0.519,0.601,0.406,0.601,0.57,0.86,0.66,0.338,0.758,0.563,0.379,0.601,0.81,0.213,0.714,0.204,0.36,0.228,0.59,0.579,0.6,0.575,0.398,0.389,0.135
0.982,0.982,0.952,0.952,0.936,0.373,0.927,0.968,0.382,0.983,0.968,0.946,0.974,0.936,0.946,0.968,0.974,0.936,0.187,0.974,0.882,0.963,0.882,0.986,0.974,0.927,0.986,0.968,0.982,0.983,0.982,0.963,0.63,0.933,0.854,0.933,0.848,0.854,0.63,0.848,0.298,0.933,0.686,0.184,0.933,0.848,0.27,0.686,0.382,0.686,0.414,0.296,0.903,0.752,0.669,0.752,0.755,0.589,0.589,0.589,0.894,0.669,0.755,0.669,0.903,0.894,0.952,0.176,0.952,0.723,0.723,0.723,0.227,0.952,0.143,0.169,0.882,0.213,0.958,0.882,0.21,0.952,0.732,0.189,0.176,0.732,0.958,0.161,0.184,0.303,0.952,0.145,0.199,0.199,0.892,0.732,0.649,0.892,0.892,0.182,0.828,0.898,0.192,0.828,0.828,0.41,0.177,0.921,0.921,0.925,0.813,0.779,0.02,0.813,0.227,0.305,0.036,0.804,0.035,0.779,0.174,0.032,0.034,0.015,0.204,0.904,0.52,0.442,0.904,0.736,0.026,0.868,0.026,0.884,0.286,0.517,0.434,0.932,0.463,0.517,0.66,0.04,0.579,0.877,0.66,0.348,0.66,0.517,0.599,0.731,0.863,0.694,0.61,0.35,0.706,0.626,0.495,0.728,0.672,0.831,0.638,0.715,0.548,0.688,0.559,0.696,0.723,0.365
0.645,0.645,0.517,0.517,0.637,0.242,0.417,0.416,0.239,0.458,0.416,0.572,0.3,0.637,0.572,0.416,0.3,0.637,0.879,0.3,0.79,0.492,0.79,0.299,0.3,0.417,0.299,0.416,0.398,0.458,0.398,0.492,0.374,0.708,0.763,0.708,0.75,0.763,0.374,0.75,0.471,0.708,0.772,0.481,0.708,0.75,0.875,0.772,0.723,0.772,0.149,0.45,0.741,0.242,0.678,0.242,0.253,0.441,0.441,0.441,0.703,0.678,0.253,0.678,0.741,0.703,0.665,0.653,0.665,0.691,0.691,0.691,0.44,0.623,0.325,0.59,0.76,0.21,0.768,0.76,0.468,0.623,0.53,0.52,0.606,0.53,0.768,0.55,0.466,0.178,0.623,0.245,0.604,0.516,0.592,0.53,0.963,0.592,0.592,0.56,0.685,0.437,0.223,0.685,0.685,0.3,0.435,0.745,0.745,0.741,0.358,0.569,0.458,0.563,0.384,0.185,0.574,0.448,0.457,0.569,0.427,0.457,0.53,0.543,0.442,0.79,0.218,0.38,0.79,0.316,0.567,0.478,0.566,0.387,0.261,0.56,0.254,0.8,0.433,0.56,0.539,0.629,0.496,0.842,0.539,0.204,0.539,0.56,0.534,0.947,0.905,0.933,0.644,0.219,0.622,0.538,0.836,0.925,0.775,0.861,0.778,0.697,0.612,0.515,0.522,0.746,0.727,0.769
0.602,0.602,0.522,0.522,0.97,0.594,0.753,0.676,0.559,0.616,0.676,0.789,0.654,0.97,0.789,0.676,0.654,0.97,0.952,0.654,0.44,0.673,0.44,0.669,0.654,0.753,0.669,0.676,0.699,0.616,0.699,0.673,0.613,0.816,0.867,0.816,0.834,0.867,0.613,0.834,0.31,0.816,0.952,0.085,0.816,0.834,0.944,0.952,0.244,0.952,0.439,0.292,0.996,0.803,0.937,0.803,0.804,0.969,0.969,0.969,0.629,0.937,0.804,0.937,0.996,0.629,0.77,0.186,0.77,0.972,0.972,0.972,0.324,0.958,0.082,0.331,0.738,0.202,0.553,0.738,0.372,0.958,0.99,0.244,0.139,0.99,0.553,0.304,0.368,0.194,0.958,0.082,0.32,0.258,0.678,0.99,0.9,0.678,0.678,0.286,0.448,0.502,0.195,0.448,0.448,0.192,0.231,0.988,0.988,0.993,0.839,0.446,0.12,0.62,0.196,0.177,0.54,0.717,0.108,0.446,0.22,0.101,0.477,0.171,0.246,0.991,0.18,0.097,0.991,0.384,0.128,0.957,0.122,0.84,0.2,0.809,0.15,0.982,0.08,0.809,0.652,0.58,0.605,0.06,0.652,0.214,0.652,0.809,0.597,0.209,0.044,0.208,0.257,0.211,0.399,0.724,0.089,0.229,0.402,0.05,0.443,0.228,0.323,0.334,0.361,0.443,0.528,0.213
0.554,0.554,0.61,0.61,0.228,0.218,0.524,0.331,0.276,0.374,0.331,0.419,0.384,0.228,0.419,0.331,0.384,0.228,0.32,0.384,0.338,0.402,0.338,0.363,0.384,0.524,0.363,0.331,0.36,0.374,0.36,0.402,0.134,0.244,0.332,0.244,0.187,0.332,0.134,0.187,0.214,0.244,0.373,0.07,0.244,0.187,0.463,0.373,0.09,0.373,0.206,0.139,0.483,0.177,0.219,0.177,0.176,0.38,0.38,0.38,0.269,0.219,0.176,0.219,0.483,0.269,0.243,0.105,0.243,0.518,0.518,0.518,0.284,0.333,0.049,0.163,0.261,0.196,0.287,0.261,0.26,0.333,0.485,0.141,0.109,0.485,0.287,0.156,0.158,0.163,0.333,0.068,0.13,0.169,0.424,0.485,0.146,0.424,0.424,0.127,0.434,0.285,0.191,0.434,0.434,0.149,0.125,0.163,0.163,0.139,0.057,0.025,0.106,0.015,0.19,0.168,0.219,0.275,0.082,0.025,0.105,0.076,0.209,0.062,0.26,0.226,0.154,0.518,0.226,0.029,0.069,0.535,0.07,0.05,0.121,0.307,0.453,0.1,0.458,0.307,0.337,0.148,0.098,0.329,0.337,0.183,0.337,0.307,0.094,0.365,0.53,0.431,0.387,0.204,0.558,0.085,0.618,0.401,0.653,0.614,0.709,0.443,0.429,0.393,0.332,0.833,0.805,0.647
0.689,0.689,0.531,0.531,0.534,0.868,0.484,0.601,0.847,0.476,0.601,0.636,0.572,0.534,0.636,0.601,0.572,0.534,0.266,0.572,0.747,0.512,0.747,0.574,0.572,0.484,0.574,0.601,0.609,0.476,0.609,0.512,0.956,0.757,0.734,0.757,0.072,0.734,0.956,0.072,0.872,0.757,0.086,0.377,0.757,0.072,0.116,0.086,0.309,0.086,0.877,0.904,0.789,0.812,0.073,0.812,0.805,0.09,0.09,0.09,0.635,0.073,0.805,0.073,0.789,0.635,0.795,0.561,0.795,0.693,0.693,0.693,0.922,0.668,0.488,0.917,0.854,0.681,0.841,0.854,0.955,0.668,0.575,0.944,0.586,0.575,0.841,0.929,0.948,0.841,0.668,0.453,0.899,0.937,0.824,0.575,0.262,0.824,0.824,0.875,0.8,0.404,0.725,0.8,0.8,0.594,0.902,0.39,0.39,0.378,0.239,0.409,0.729,0.375,0.942,0.781,0.887,0.399,0.7,0.409,0.833,0.697,0.831,0.768,0.967,0.459,0.595,0.21,0.459,0.368,0.787,0.42,0.769,0.318,0.602,0.504,0.2,0.493,0.184,0.504,0.489,0.703,0.357,0.194,0.489,0.901,0.489,0.504,0.31,0.105,0.185,0.1,0.314,0.869,0.505,0.363,0.241,0.103,0.136,0.177,0.146,0.38,0.547,0.346,0.381,0.252,0.204,0.222
0.557,0.557,0.68,0.68,0.55,0.392,0.522,0.439,0.393,0.65,0.439,0.414,0.51,0.55,0.414,0.439,0.51,0.55,0.733,0.51,0.373,0.511,0.373,0.493,0.51,0.522,0.493,0.439,0.431,0.65,0.431,0.511,0.576,0.203,0.23,0.203,0.783,0.23,0.576,0.783,0.985,0.203,0.956,0.897,0.203,0.783,0.834,0.956,0.603,0.956,0.299,0.985,0.98,0.729,0.824,0.729,0.739,0.924,0.924,0.924,0.426,0.824,0.739,0.824,0.98,0.426,0.205,0.593,0.205,0.98,0.98,0.98,0.98,0.542,0.838,0.93,0.979,0.516,0.986,0.979,0.927,0.542,0.745,0.951,0.603,0.745,0.986,0.936,0.912,0.577,0.542,0.821,0.909,0.958,0.945,0.745,0.323,0.945,0.945,0.907,0.943,0.832,0.575,0.943,0.943,0.579,0.899,0.851,0.851,0.958,0.531,0.263,0.465,0.354,0.93,0.567,0.594,0.89,0.467,0.263,0.902,0.511,0.59,0.547,0.968,0.623,0.55,0.285,0.623,0.592,0.753,0.784,0.724,0.47,0.571,0.756,0.235,0.906,0.148,0.756,0.771,0.549,0.715,0.894,0.771,0.664,0.771,0.756,0.723,0.739,0.934,0.811,0.265,0.667,0.306,0.826,0.269,0.819,0.422,0.966,0.426,0.246,0.33,0.31,0.335,0.652,0.607,0.441
0.662,0.662,0.665,0.665,0.46,0.02,0.727,0.706,0.019,0.671,0.706,0.655,0.682,0.46,0.655,0.706,0.682,0.46,0.296,0.682,0.817,0.678,0.817,0.758,0.682,0.727,0.758,0.706,0.788,0.671,0.788,0.678,0.869,0.851,0.862,0.851,0.56,0.862,0.869,0.56,0.209,0.851,0.606,0.79,0.851,0.56,0.347,0.606,0.624,0.606,0.036,0.187,0.44,0.918,0.5,0.918,0.925,0.501,0.501,0.501,0.842,0.5,0.925,0.5,0.44,0.842,0.904,0.594,0.904,0.345,0.345,0.345,0.295,0.358,0.827,0.104,0.516,0.818,0.563,0.516,0.127,0.358,0.24,0.161,0.607,0.24,0.563,0.112,0.13,0.706,0.358,0.831,0.129,0.155,0.264,0.24,0.283,0.264,0.264,0.132,0.284,0.604,0.829,0.284,0.284,0.63,0.16,0.747,0.747,0.604,0.483,0.647,0.029,0.432,0.213,0.795,0.918,0.539,0.03,0.647,0.184,0.031,0.896,0.036,0.22,0.705,0.835,0.126,0.705,0.573,0.037,0.455,0.039,0.563,0.782,0.538,0.115,0.548,0.123,0.538,0.545,0.854,0.826,0.185,0.545,0.888,0.545,0.538,0.782,0.133,0.168,0.101,0.12,0.912,0.105,0.725,0.122,0.133,0.191,0.157,0.182,0.101,0.095,0.142,0.126,0.19,0.179,0.117
0.326,0.326,0.327,0.327,0.179,0.974,0.348,0.233,0.976,0.253,0.233,0.311,0.262,0.179,0.311,0.233,0.262,0.179,0.128,0.262,0.375,0.25,0.375,0.229,0.262,0.348,0.229,0.233,0.23,0.253,0.23,0.25,0.628,0.306,0.313,0.306,0.035,0.313,0.628,0.035,0.839,0.306,0.2,0.275,0.306,0.035,0.139,0.2,0.294,0.2,0.99,0.775,0.538,0.551,0.026,0.551,0.566,0.119,0.119,0.119,0.375,0.026,0.566,0.026,0.538,0.375,0.268,0.266,0.268,0.207,0.207,0.207,0.789,0.294,0.211,0.762,0.452,0.717,0.44,0.452,0.831,0.294,0.457,0.817,0.265,0.457,0.44,0.747,0.845,0.785,0.294,0.212,0.752,0.827,0.345,0.457,0.338,0.345,0.345,0.734,0.389,0.484,0.709,0.389,0.389,0.555,0.651,0.015,0.015,0.021,0.113,0.057,0.518,0.07,0.717,0.747,0.826,0.458,0.517,0.057,0.629,0.513,0.844,0.426,0.852,0.008,0.589,0.28,0.008,0.077,0.379,0.564,0.377,0.114,0.574,0.507,0.263,0.012,0.296,0.507,0.396,0.778,0.29,0.517,0.396,0.633,0.396,0.507,0.288,0.577,0.644,0.618,0.647,0.591,0.762,0.231,0.843,0.644,0.93,0.623,0.942,0.691,0.632,0.764,0.636,0.673,0.668,0.608
0.119,0.119,0.116,0.116,0.212,0.785,0.104,0.078,0.781,0.067,0.078,0.112,0.076,0.212,0.112,0.078,0.076,0.212,0.154,0.076,0.147,0.076,0.147,0.072,0.076,0.104,0.072,0.078,0.078,0.067,0.078,0.076,0.071,0.115,0.145,0.115,0.396,0.145,0.071,0.396,0.539,0.115,0.365,0.226,0.115,0.396,0.107,0.365,0.374,0.365,0.748,0.46,0.564,0.066,0.34,0.066,0.069,0.288,0.288,0.288,0.087,0.34,0.069,0.34,0.564,0.087,0.083,0.352,0.083,0.259,0.259,0.259,0.392,0.265,0.164,0.321,0.475,0.463,0.426,0.475,0.362,0.265,0.683,0.307,0.252,0.683,0.426,0.261,0.23,0.311,0.265,0.159,0.307,0.418,0.137,0.683,0.072,0.137,0.137,0.248,0.124,0.37,0.454,0.124,0.124,0.425,0.22,0.195,0.195,0.238,0.36,0.604,0.266,0.521,0.536,0.347,0.128,0.398,0.259,0.604,0.21,0.278,0.138,0.323,0.364,0.232,0.323,0.185,0.232,0.568,0.449,0.611,0.455,0.409,0.267,0.475,0.169,0.279,0.233,0.475,0.452,0.191,0.537,0.023,0.452,0.182,0.452,0.475,0.524,0.542,0.017,0.425,0.079,0.194,0.099,0.392,0.075,0.426,0.084,0.016,0.081,0.107,0.107,0.118,0.096,0.085,0.1,0.118
0.396,0.396,0.585,0.585,0.617,0.401,0.406,0.298,0.412,0.235,0.298,0.294,0.449,0.617,0.294,0.298,0.449,0.617,0.599,0.449,0.768,0.161,0.768,0.424,0.449,0.406,0.424,0.298,0.319,0.235,0.319,0.161,0.304,0.399,0.626,0.399,0.419,0.626,0.304,0.419,0.969,0.399,0.369,0.641,0.399,0.419,0.536,0.369,0.539,0.369,0.327,0.967,0.506,0.083,0.377,0.083,0.075,0.355,0.355,0.355,0.211,0.377,0.075,0.377,0.506,0.211,0.392,0.753,0.392,0.293,0.293,0.293,0.807,0.531,0.708,0.844,0.324,0.67,0.392,0.324,0.769,0.531,0.709,0.742,0.734,0.709,0.392,0.842,0.69,0.229,0.531,0.729,0.857,0.784,0.18,0.709,0.374,0.18,0.18,0.839,0.141,0.506,0.647,0.141,0.141,0.586,0.735,0.503,0.503,0.507,0.527,0.465,0.711,0.627,0.765,0.238,0.599,0.459,0.742,0.465,0.718,0.729,0.565,0.796,0.803,0.591,0.263,0.368,0.591,0.473,0.833,0.45,0.829,0.491,0.34,0.444,0.339,0.562,0.228,0.444,0.492,0.454,0.581,0.514,0.492,0.323,0.492,0.444,0.559,0.744,0.443,0.699,0.507,0.34,0.48,0.475,0.924,0.709,0.861,0.474,0.879,0.41,0.441,0.5,0.485,0.701,0.715,0.714
0.421,0.421,0.566,0.566,0.337,0.864,0.446,0.422,0.828,0.357,0.422,0.452,0.435,0.337,0.452,0.422,0.435,0.337,0.115,0.435,0.47,0.333,0.47,0.425,0.435,0.446,0.425,0.422,0.395,0.357,0.395,0.333,0.619,0.654,0.727,0.654,0.252,0.727,0.619,0.252,0.033,0.654,0.303,0.754,0.654,0.252,0.1,0.303,0.891,0.303,0.662,0.018,0.112,0.334,0.072,0.334,0.3,0.096,0.096,0.096,0.684,0.072,0.3,0.072,0.112,0.684,0.631,0.897,0.631,0.337,0.337,0.337,0.038,0.406,0.795,0.005,0.077,0.968,0.075,0.077,0.014,0.406,0.092,0.008,0.881,0.092,0.075,0.008,0.012,0.925,0.406,0.79,0.005,0.007,0.44,0.092,0.208,0.44,0.44,0.006,0.399,0.094,0.902,0.399,0.399,0.977,0.009,0.576,0.576,0.475,0.576,0.427,0.669,0.322,0.012,0.831,0.246,0.093,0.721,0.427,0.008,0.727,0.244,0.89,0.019,0.558,0.935,0.897,0.558,0.81,0.808,0.118,0.807,0.558,0.998,0.075,0.905,0.486,0.92,0.075,0.069,0.177,0.507,0.83,0.069,0.997,0.069,0.075,0.462,0.658,0.783,0.673,0.962,0.983,0.955,0.532,0.884,0.676,0.898,0.789,0.881,0.943,0.965,0.945,0.958,0.848,0.841,0.946
0.335,0.335,0.193,0.193,0.508,0.968,0.202,0.283,0.954,0.402,0.283,0.153,0.349,0.508,0.153,0.283,0.349,0.508,0.944,0.349,0.332,0.41,0.332,0.273,0.349,0.202,0.273,0.283,0.274,0.402,0.274,0.41,0.297,0.209,0.147,0.209,0.605,0.147,0.297,0.605,0.104,0.209,0.578,0.459,0.209,0.605,0.967,0.578,0.219,0.578,0.867,0.081,0.34,0.383,0.552,0.383,0.379,0.8,0.8,0.8,0.344,0.552,0.379,0.552,0.34,0.344,0.211,0.239,0.211,0.141,0.141,0.141,0.033,0.058,0.367,0.12,0.374,0.03,0.325,0.374,0.037,0.058,0.366,0.037,0.251,0.366,0.325,0.085,0.04,0.042,0.058,0.381,0.112,0.032,0.318,0.366,0.762,0.318,0.318,0.074,0.253,0.347,0.033,0.253,0.253,0.036,0.088,0.774,0.774,0.765,0.258,0.242,0.105,0.208,0.028,0.044,0.022,0.473,0.107,0.242,0.093,0.102,0.024,0.064,0.042,0.781,0.045,0.736,0.781,0.312,0.068,0.342,0.072,0.278,0.05,0.449,0.616,0.779,0.506,0.449,0.374,0.024,0.084,0.48,0.374,0.047,0.374,0.449,0.083,0.241,0.576,0.225,0.661,0.048,0.898,0.083,0.687,0.221,0.811,0.557,0.831,0.679,0.852,0.885,0.824,0.913,0.892,0.535
0.605,0.605,0.573,0.573,0.613,0.165,0.748,0.521,0.136,0.413,0.521,0.62,0.615,0.613,0.62,0.521,0.615,0.613,0.486,0.615,0.696,0.374,0.696,0.646,0.615,0.748,0.646,0.521,0.517,0.413,0.517,0.374,0.995,0.857,0.946,0.857,0.903,0.946,0.995,0.903,0.818,0.857,0.891,0.768,0.857,0.903,0.325,0.891,0.82,0.891,0.256,0.722,0.677,0.656,0.783,0.656,0.617,0.864,0.864,0.864,0.779,0.783,0.617,0.783,0.677,0.779,0.872,0.651,0.872,0.563,0.563,0.563,0.735,0.725,0.818,0.801,0.859,0.783,0.83,0.859,0.909,0.725,0.529,0.844,0.632,0.529,0.83,0.783,0.931,0.742,0.725,0.805,0.823,0.817,0.766,0.529,0.667,0.766,0.766,0.809,0.745,0.794,0.799,0.745,0.745,0.943,0.842,0.627,0.627,0.605,0.617,0.162,0.825,0.164,0.921,0.794,0.974,0.844,0.881,0.162,0.874,0.942,0.96,0.861,0.97,0.692,0.92,0.06,0.692,0.124,0.94,0.726,0.922,0.584,0.973,0.523,0.108,0.69,0.137,0.523,0.507,0.952,0.619,0.122,0.507,0.909,0.507,0.523,0.636,0.54,0.074,0.515,0.327,0.939,0.153,0.483,0.681,0.533,0.61,0.053,0.656,0.412,0.217,0.363,0.298,0.496,0.696,0.779
0.225,0.225,0.212,0.212,0.286,0.554,0.482,0.452,0.591,0.599,0.452,0.597,0.412,0.286,0.597,0.452,0.412,0.286,0.763,0.412,0.669,0.683,0.669,0.383,0.412,0.482,0.383,0.452,0.433,0.599,0.433,0.683,0.716,0.734,0.835,0.734,0.667,0.835,0.716,0.667,0.131,0.734,0.548,0.378,0.734,0.667,0.613,0.548,0.063,0.548,0.766,0.136,0.126,0.533,0.84,0.533,0.49,0.604,0.604,0.604,0.902,0.84,0.49,0.84,0.126,0.902,0.708,0.057,0.708,0.081,0.081,0.081,0.172,0.665,0.438,0.188,0.541,0.038,0.585,0.541,0.171,0.665,0.223,0.135,0.057,0.223,0.585,0.16,0.148,0.043,0.665,0.479,0.186,0.177,0.349,0.223,0.869,0.349,0.349,0.177,0.406,0.496,0.039,0.406,0.406,0.033,0.334,0.633,0.633,0.559,0.713,0.489,0.374,0.35,0.247,0.043,0.03,0.531,0.378,0.489,0.325,0.376,0.027,0.256,0.278,0.658,0.051,0.489,0.658,0.262,0.285,0.155,0.271,0.62,0.058,0.528,0.645,0.673,0.594,0.528,0.76,0.033,0.802,0.829,0.76,0.046,0.76,0.528,0.786,0.668,0.72,0.683,0.568,0.043,0.559,0.658,0.362,0.704,0.428,0.705,0.427,0.478,0.591,0.529,0.611,0.382,0.601,0.759
0.772,0.772,0.788,0.788,0.79,0.837,0.662,0.74,0.868,0.647,0.74,0.753,0.704,0.79,0.753,0.74,0.704,0.79,0.323,0.704,0.975,0.656,0.975,0.785,0.704,0.662,0.785,0.74,0.799,0.647,0.799,0.656,0.951,0.908,0.812,0.908,0.708,0.812,0.951,0.708,0.965,0.908,0.92,0.575,0.908,0.708,0.402,0.92,0.472,0.92,0.929,0.958,0.707,0.932,0.514,0.932,0.94,0.659,0.659,0.659,0.849,0.514,0.94,0.514,0.707,0.849,0.903,0.548,0.903,0.745,0.745,0.745,0.947,0.831,0.399,0.932,0.88,0.304,0.869,0.88,0.932,0.831,0.644,0.907,0.539,0.644,0.869,0.938,0.944,0.48,0.831,0.421,0.932,0.896,0.709,0.644,0.411,0.709,0.709,0.935,0.75,0.733,0.299,0.75,0.75,0.296,0.826,0.645,0.645,0.659,0.868,0.623,0.725,0.589,0.79,0.455,0.332,0.799,0.737,0.623,0.832,0.74,0.33,0.922,0.886,0.637,0.317,0.741,0.637,0.656,0.962,0.653,0.954,0.848,0.264,0.892,0.746,0.582,0.709,0.892,0.805,0.372,0.503,0.574,0.805,0.42,0.805,0.892,0.487,0.953,0.679,0.942,0.89,0.429,0.947,0.494,0.271,0.936,0.159,0.649,0.164,0.844,0.95,0.932,0.943,0.071,0.088,0.144
0.247,0.247,0.2,0.2,0.243,0.342,0.509,0.329,0.303,0.379,0.329,0.494,0.351,0.243,0.494,0.329,0.351,0.243,0.95,0.351,0.084,0.364,0.084,0.337,0.351,0.509,0.337,0.329,0.338,0.379,0.338,0.364,0.664,0.348,0.37,0.348,0.827,0.37,0.664,0.827,0.164,0.348,0.78,0.867,0.348,0.827,0.889,0.78,0.365,0.78,0.259,0.16,0.48,0.977,0.841,0.977,0.967,0.792,0.792,0.792,0.356,0.841,0.967,0.841,0.48,0.356,0.298,0.279,0.298,0.863,0.863,0.863,0.264,0.236,0.542,0.242,0.703,0.639,0.605,0.703,0.208,0.236,0.279,0.282,0.295,0.279,0.605,0.246,0.209,0.686,0.236,0.53,0.242,0.28,0.738,0.279,0.666,0.738,0.738,0.246,0.725,0.869,0.639,0.725,0.725,0.643,0.252,0.906,0.906,0.88,0.77,0.638,0.419,0.817,0.396,0.682,0.972,0.88,0.363,0.638,0.234,0.37,0.977,0.469,0.314,0.946,0.834,0.13,0.946,0.872,0.549,0.755,0.542,0.817,0.838,0.774,0.1,0.925,0.141,0.774,0.578,0.937,0.774,0.129,0.578,0.775,0.578,0.774,0.776,0.054,0.128,0.045,0.284,0.793,0.31,0.833,0.018,0.047,0.02,0.12,0.021,0.323,0.304,0.263,0.279,0.039,0.032,0.096
0.462,0.462,0.311,0.311,0.208,0.193,0.389,0.545,0.179,0.298,0.545,0.407,0.448,0.208,0.407,0.545,0.448,0.208,0.06,0.448,0.224,0.366,0.224,0.452,0.448,0.389,0.452,0.545,0.547,0.298,0.547,0.366,0.087,0.166,0.163,0.166,0.265,0.163,0.087,0.265,0.53,0.166,0.657,0.088,0.166,0.265,0.109,0.657,0.266,0.657,0.12,0.453,0.475,0.221,0.471,0.221,0.246,0.85,0.85,0.85,0.132,0.471,0.246,0.471,0.475,0.132,0.164,0.324,0.164,0.346,0.346,0.346,0.346,0.049,0.118,0.625,0.723,0.392,0.774,0.723,0.713,0.049,0.761,0.769,0.331,0.761,0.774,0.646,0.724,0.436,0.049,0.115,0.636,0.711,0.599,0.761,0.008,0.599,0.599,0.651,0.589,0.808,0.395,0.589,0.589,0.327,0.578,0.389,0.389,0.364,0.526,0.109,0.394,0.146,0.66,0.432,0.629,0.802,0.409,0.109,0.552,0.389,0.602,0.468,0.554,0.333,0.395,0.563,0.333,0.622,0.474,0.706,0.466,0.484,0.453,0.742,0.467,0.302,0.225,0.742,0.869,0.423,0.222,0.256,0.869,0.631,0.869,0.742,0.248,0.163,0.279,0.165,0.235,0.679,0.556,0.347,0.276,0.165,0.382,0.307,0.405,0.241,0.537,0.575,0.521,0.199,0.16,0.203
0.36,0.36,0.421,0.421,0.774,0.095,0.718,0.746,0.149,0.767,0.746,0.647,0.883,0.774,0.647,0.746,0.883,0.774,0.922,0.883,0.296,0.603,0.296,0.87,0.883,0.718,0.87,0.746,0.762,0.767,0.762,0.603,0.368,0.7,0.556,0.7,0.759,0.556,0.368,0.759,0.496,0.7,0.75,0.764,0.7,0.759,0.91,0.75,0.751,0.75,0.143,0.516,0.468,0.485,0.803,0.485,0.482,0.793,0.793,0.793,0.452,0.803,0.482,0.803,0.468,0.452,0.654,0.728,0.654,0.56,0.56,0.56,0.17,0.706,0.779,0.365,0.682,0.719,0.679,0.682,0.518,0.706,0.588,0.411,0.68,0.588,0.679,0.339,0.475,0.777,0.706,0.764,0.367,0.436,0.466,0.588,0.939,0.466,0.466,0.348,0.429,0.645,0.7,0.429,0.429,0.633,0.206,0.947,0.947,0.949,0.795,0.921,0.982,0.931,0.261,0.818,0.216,0.682,0.984,0.921,0.219,0.984,0.2,0.964,0.363,0.963,0.725,0.39,0.963,0.886,0.877,0.539,0.901,0.856,0.666,0.723,0.31,0.951,0.42,0.723,0.743,0.112,0.509,0.62,0.743,0.799,0.743,0.723,0.517,0.457,0.519,0.365,0.602,0.813,0.625,0.697,0.505,0.347,0.541,0.538,0.513,0.617,0.563,0.619,0.627,0.829,0.859,0.632
0.545,0.545,0.607,0.607,0.94,0.271,0.437,0.361,0.293,0.34,0.361,0.438,0.317,0.94,0.438,0.361,0.317,0.94,0.591,0.317,0.694,0.312,0.694,0.291,0.317,0.437,0.291,0.361,0.305,0.34,0.305,0.312,0.679,0.275,0.351,0.275,0.875,0.351,0.679,0.875,0.197,0.275,0.805,0.207,0.275,0.875,0.549,0.805,0.136,0.805,0.213,0.178,0.951,0.755,0.964,0.755,0.77,0.961,0.961,0.961,0.373,0.964,0.77,0.964,0.951,0.373,0.237,0.144,0.237,0.74,0.74,0.74,0.097,0.999,0.497,0.38,0.763,0.151,0.864,0.763,0.403,0.999,0.988,0.321,0.126,0.988,0.864,0.365,0.387,0.067,0.999,0.202,0.384,0.361,0.713,0.988,0.494,0.713,0.713,0.368,0.79,0.845,0.119,0.79,0.79,0.132,0.169,0.942,0.942,0.942,0.704,0.963,0.128,0.962,0.153,0.066,0.108,0.746,0.111,0.963,0.182,0.111,0.068,0.165,0.209,0.954,0.057,0.783,0.954,0.744,0.136,0.94,0.137,0.711,0.062,0.87,0.815,0.961,0.849,0.87,0.958,0.089,0.709,0.996,0.958,0.076,0.958,0.87,0.71,0.973,0.987,0.97,0.863,0.072,0.74,0.593,0.304,0.978,0.307,0.99,0.328,0.841,0.753,0.745,0.759,0.506,0.52,0.173
0.433,0.433,0.279,0.279,0.773,0.241,0.344,0.385,0.23,0.274,0.385,0.434,0.277,0.773,0.434,0.385,0.277,0.773,0.515,0.277,0.546,0.323,0.546,0.267,0.277,0.344,0.267,0.385,0.292,0.274,0.292,0.323,0.554,0.557,0.482,0.557,0.879,0.482,0.554,0.879,0.056,0.557,0.817,0.092,0.557,0.879,0.473,0.817,0.047,0.817,0.245,0.055,0.822,0.261,0.828,0.261,0.24,0.745,0.745,0.745,0.664,0.828,0.24,0.828,0.822,0.664,0.582,0.044,0.582,0.68,0.68,0.68,0.079,0.773,0.107,0.057,0.719,0.051,0.792,0.719,0.036,0.773,0.815,0.056,0.046,0.815,0.792,0.055,0.036,0.05,0.773,0.108,0.058,0.053,0.495,0.815,0.244,0.495,0.495,0.059,0.46,0.855,0.052,0.46,0.46,0.056,0.058,0.378,0.378,0.266,0.028,0.037,0.206,0.034,0.063,0.052,0.064,0.793,0.212,0.037,0.057,0.213,0.07,0.167,0.056,0.345,0.086,0.922,0.345,0.008,0.155,0.835,0.16,0.033,0.036,0.815,0.864,0.22,0.913,0.815,0.831,0.042,0.179,0.537,0.831,0.03,0.831,0.815,0.251,0.515,0.571,0.54,0.979,0.03,0.916,0.235,0.97,0.52,0.891,0.643,0.887,0.965,0.905,0.849,0.873,0.932,0.929,0.987
0.281,0.281,0.362,0.362,0.166,0.204,0.207,0.237,0.236,0.296,0.237,0.179,0.232,0.166,0.179,0.237,0.232,0.166,0.066,0.232,0.585,0.322,0.585,0.262,0.232,0.207,0.262,0.237,0.268,0.296,0.268,0.322,0.933,0.4,0.301,0.4,0.659,0.301,0.933,0.659,0.689,0.4,0.742,0.025,0.4,0.659,0.104,0.742,0.007,0.742,0.435,0.598,0.767,0.616,0.538,0.616,0.557,0.637,0.637,0.637,0.487,0.538,0.557,0.538,0.767,0.487,0.453,0.006,0.453,0.676,0.676,0.676,0.447,0.23,0.03,0.616,0.678,0.031,0.633,0.678,0.243,0.23,0.808,0.374,0.005,0.808,0.633,0.714,0.327,0.052,0.23,0.029,0.767,0.381,0.559,0.808,0.143,0.559,0.559,0.819,0.524,0.689,0.03,0.524,0.524,0.018,0.796,0.1,0.1,0.057,0.007,0.004,0.24,0.002,0.491,0.051,0.251,0.722,0.339,0.004,0.754,0.387,0.195,0.246,0.394,0.055,0.03,0.425,0.055,0.017,0.458,0.753,0.511,0.008,0.046,0.807,0.362,0.029,0.292,0.807,0.793,0.299,0.002,0.321,0.793,0.078,0.793,0.807,0.001,0.232,0.389,0.257,0.053,0.087,0.038,0.001,0.04,0.298,0.067,0.415,0.068,0.052,0.045,0.055,0.062,0.033,0.023,0.063
0.87,0.87,0.753,0.753,0.887,0.269,0.645,0.775,0.223,0.669,0.775,0.72,0.726,0.887,0.72,0.775,0.726,0.887,0.278,0.726,0.755,0.777,0.755,0.766,0.726,0.645,0.766,0.775,0.833,0.669,0.833,0.777,0.411,0.79,0.666,0.79,0.616,0.666,0.411,0.616,0.483,0.79,0.508,0.644,0.79,0.616,0.534,0.508,0.101,0.508,0.162,0.471,0.63,0.599,0.797,0.599,0.591,0.67,0.67,0.67,0.614,0.797,0.591,0.797,0.63,0.614,0.776,0.153,0.776,0.735,0.735,0.735,0.206,0.81,0.605,0.501,0.375,0.326,0.39,0.375,0.625,0.81,0.782,0.568,0.165,0.782,0.39,0.562,0.611,0.3,0.81,0.59,0.578,0.54,0.45,0.782,0.305,0.45,0.45,0.594,0.496,0.563,0.309,0.496,0.496,0.231,0.431,0.912,0.912,0.927,0.263,0.878,0.561,0.912,0.411,0.302,0.705,0.566,0.57,0.878,0.485,0.569,0.753,0.558,0.405,0.875,0.386,0.222,0.875,0.668,0.555,0.78,0.556,0.149,0.479,0.609,0.252,0.935,0.192,0.609,0.619,0.677,0.28,0.336,0.619,0.379,0.619,0.609,0.273,0.301,0.379,0.331,0.329,0.377,0.511,0.142,0.559,0.421,0.665,0.382,0.665,0.532,0.543,0.479,0.534,0.922,0.956,0.761
0.004,0.004,0.005,0.005,0.19,0.032,0.003,0.004,0.034,0.021,0.004,0.002,0.006,0.19,0.002,0.004,0.006,0.19,0.071,0.006,0.058,0.021,0.058,0.007,0.006,0.003,0.007,0.004,0.004,0.021,0.004,0.021,0.09,0.055,0.032,0.055,0.122,0.032,0.09,0.122,0.073,0.055,0.516,0.45,0.055,0.122,0.406,0.516,0.452,0.516,0.129,0.068,0.515,0.029,0.113,0.029,0.027,0.366,0.366,0.366,0.146,0.113,0.027,0.113,0.515,0.146,0.047,0.478,0.047,0.388,0.388,0.388,0.185,0.174,0.415,0.157,0.659,0.656,0.652,0.659,0.218,0.174,0.549,0.198,0.531,0.549,0.652,0.178,0.237,0.679,0.174,0.405,0.168,0.179,0.49,0.549,0.017,0.49,0.49,0.189,0.51,0.744,0.619,0.51,0.51,0.441,0.421,0.674,0.674,0.565,0.115,0.095,0.355,0.094,0.569,0.672,0.311,0.751,0.366,0.095,0.439,0.396,0.307,0.46,0.444,0.474,0.507,0.677,0.474,0.045,0.531,0.493,0.517,0.133,0.598,0.811,0.629,0.438,0.487,0.811,0.814,0.411,0.248,0.215,0.814,0.621,0.814,0.811,0.241,0.294,0.334,0.265,0.134,0.561,0.131,0.234,0.232,0.282,0.319,0.389,0.346,0.146,0.124,0.168,0.158,0.368,0.419,0.141
0.412,0.412,0.387,0.387,0.931,0.689,0.129,0.079,0.733,0.685,0.079,0.154,0.08,0.931,0.154,0.079,0.08,0.931,0.585,0.08,0.612,0.7,0.612,0.076,0.08,0.129,0.076,0.079,0.077,0.685,0.077,0.7,0.856,0.347,0.41,0.347,0.349,0.41,0.856,0.349,0.015,0.347,0.291,0.308,0.347,0.349,0.517,0.291,0.037,0.291,0.865,0.017,0.449,0.484,0.236,0.484,0.45,0.219,0.219,0.219,0.942,0.236,0.45,0.236,0.449,0.942,0.326,0.035,0.326,0.228,0.228,0.228,0.021,0.897,0.317,0.03,0.608,0.021,0.554,0.608,0.023,0.897,0.494,0.017,0.036,0.494,0.554,0.024,0.028,0.016,0.897,0.305,0.026,0.024,0.274,0.494,1.0,0.274,0.274,0.025,0.293,0.599,0.02,0.293,0.293,0.024,0.046,0.679,0.679,0.542,0.598,0.95,0.026,0.876,0.037,0.015,0.011,0.676,0.021,0.95,0.042,0.021,0.009,0.026,0.023,0.695,0.017,0.949,0.695,0.961,0.039,0.725,0.038,0.698,0.019,0.592,0.91,0.586,0.933,0.592,0.542,0.01,0.515,0.745,0.542,0.019,0.542,0.592,0.513,0.667,0.77,0.599,0.725,0.018,0.754,0.52,0.867,0.629,0.929,0.808,0.897,0.701,0.763,0.678,0.667,0.869,0.784,0.796
0.06,0.06,0.056,0.056,0.289,0.442,0.059,0.051,0.404,0.02,0.051,0.063,0.044,0.289,0.063,0.051,0.044,0.289,0.484,0.044,0.021,0.018,0.021,0.037,0.044,0.059,0.037,0.051,0.042,0.02,0.042,0.018,0.02,0.022,0.018,0.022,0.54,0.018,0.02,0.54,0.659,0.022,0.804,0.491,0.022,0.54,0.462,0.804,0.938,0.804,0.394,0.651,0.363,0.062,0.548,0.062,0.064,0.68,0.68,0.68,0.008,0.548,0.064,0.548,0.363,0.008,0.021,0.929,0.021,0.22,0.22,0.22,0.352,0.239,0.454,0.912,0.455,0.754,0.443,0.455,0.502,0.239,0.22,0.865,0.949,0.22,0.443,0.9,0.504,0.617,0.239,0.478,0.873,0.854,0.191,0.22,0.131,0.191,0.191,0.859,0.204,0.522,0.72,0.204,0.204,0.914,0.87,0.926,0.926,0.955,0.791,0.262,0.524,0.425,0.857,0.544,0.596,0.524,0.545,0.262,0.871,0.549,0.578,0.579,0.61,0.816,0.702,0.571,0.816,0.834,0.553,0.444,0.545,0.737,0.547,0.424,0.56,0.891,0.504,0.424,0.343,0.525,0.545,0.458,0.343,0.541,0.343,0.424,0.631,0.603,0.532,0.55,0.806,0.417,0.827,0.703,0.945,0.525,0.979,0.519,0.977,0.832,0.827,0.95,0.935,0.674,0.626,0.483
0.574,0.574,0.631,0.631,0.176,0.545,0.818,0.749,0.534,0.75,0.749,0.653,0.868,0.176,0.653,0.749,0.868,0.176,0.176,0.868,0.621,0.598,0.621,0.834,0.868,0.818,0.834,0.749,0.733,0.75,0.733,0.598,0.857,0.725,0.78,0.725,0.026,0.78,0.857,0.026,0.854,0.725,0.023,0.624,0.725,0.026,0.202,0.023,0.537,0.023,0.597,0.886,0.15,0.836,0.02,0.836,0.812,0.022,0.022,0.022,0.661,0.02,0.812,0.02,0.15,0.661,0.693,0.629,0.693,0.075,0.075,0.075,0.83,0.169,0.553,0.61,0.076,0.259,0.071,0.076,0.829,0.169,0.041,0.782,0.641,0.041,0.071,0.676,0.791,0.296,0.169,0.489,0.611,0.705,0.084,0.041,0.182,0.084,0.084,0.682,0.081,0.009,0.324,0.081,0.081,0.222,0.736,0.181,0.181,0.187,0.879,0.433,0.81,0.475,0.8,0.378,0.455,0.011,0.821,0.433,0.726,0.782,0.511,0.652,0.779,0.177,0.355,0.885,0.177,0.543,0.686,0.05,0.714,0.719,0.212,0.01,0.92,0.187,0.912,0.01,0.009,0.456,0.11,0.973,0.009,0.157,0.009,0.01,0.112,0.791,0.983,0.783,0.635,0.199,0.605,0.089,0.348,0.762,0.489,0.977,0.624,0.64,0.608,0.593,0.608,0.221,0.222,0.384
0.028,0.028,0.052,0.052,0.423,0.09,0.054,0.024,0.087,0.061,0.024,0.027,0.025,0.423,0.027,0.024,0.025,0.423,0.714,0.025,0.074,0.049,0.074,0.027,0.025,0.054,0.027,0.024,0.029,0.061,0.029,0.049,0.014,0.029,0.036,0.029,0.693,0.036,0.014,0.693,0.055,0.029,0.7,0.012,0.029,0.693,0.62,0.7,0.017,0.7,0.048,0.049,0.301,0.021,0.718,0.021,0.021,0.675,0.675,0.675,0.024,0.718,0.021,0.718,0.301,0.024,0.027,0.017,0.027,0.12,0.12,0.12,0.052,0.685,0.011,0.032,0.716,0.026,0.681,0.716,0.028,0.685,0.344,0.044,0.015,0.344,0.681,0.033,0.029,0.023,0.685,0.014,0.028,0.043,0.654,0.344,0.461,0.654,0.654,0.031,0.722,0.603,0.026,0.722,0.722,0.02,0.023,0.585,0.585,0.569,0.914,0.571,0.103,0.571,0.04,0.022,0.04,0.647,0.081,0.571,0.024,0.091,0.038,0.106,0.015,0.669,0.025,0.025,0.669,0.666,0.086,0.314,0.084,0.936,0.034,0.788,0.022,0.633,0.021,0.788,0.751,0.065,0.832,0.08,0.751,0.035,0.751,0.788,0.833,0.069,0.058,0.059,0.014,0.035,0.008,0.85,0.026,0.061,0.012,0.074,0.007,0.016,0.008,0.007,0.006,0.009,0.005,0.053
0.144,0.144,0.113,0.113,0.258,0.23,0.085,0.08,0.184,0.096,0.08,0.111,0.086,0.258,0.111,0.08,0.086,0.258,0.032,0.086,0.237,0.103,0.237,0.086,0.086,0.085,0.086,0.08,0.083,0.096,0.083,0.103,0.125,0.29,0.182,0.29,0.185,0.182,0.125,0.185,0.172,0.29,0.197,0.681,0.29,0.185,0.023,0.197,0.838,0.197,0.333,0.134,0.128,0.033,0.229,0.033,0.03,0.269,0.269,0.269,0.246,0.229,0.03,0.229,0.128,0.246,0.204,0.874,0.204,0.05,0.05,0.05,0.436,0.187,0.72,0.607,0.185,0.942,0.2,0.185,0.628,0.187,0.231,0.64,0.88,0.231,0.2,0.65,0.665,0.933,0.187,0.579,0.671,0.604,0.092,0.231,0.033,0.092,0.092,0.669,0.072,0.179,0.929,0.072,0.072,0.795,0.703,0.376,0.376,0.38,0.577,0.624,0.512,0.631,0.697,0.931,0.899,0.197,0.471,0.624,0.805,0.472,0.901,0.527,0.756,0.431,0.918,0.494,0.431,0.659,0.467,0.096,0.459,0.655,0.805,0.166,0.673,0.439,0.351,0.166,0.2,0.687,0.476,0.283,0.2,0.851,0.2,0.166,0.47,0.176,0.366,0.211,0.29,0.967,0.357,0.423,0.229,0.227,0.054,0.264,0.058,0.342,0.321,0.51,0.429,0.14,0.156,0.241
0.385,0.385,0.548,0.548,0.137,0.84,0.901,0.321,0.837,0.319,0.321,0.466,0.673,0.137,0.466,0.321,0.673,0.137,0.265,0.673,0.251,0.202,0.251,0.7,0.673,0.901,0.7,0.321,0.215,0.319,0.215,0.202,0.419,0.236,0.399,0.236,0.446,0.399,0.419,0.446,0.732,0.236,0.374,0.596,0.236,0.446,0.239,0.374,0.208,0.374,0.802,0.855,0.852,0.529,0.195,0.529,0.539,0.177,0.177,0.177,0.172,0.195,0.539,0.195,0.852,0.172,0.173,0.169,0.173,0.951,0.951,0.951,0.672,0.122,0.466,0.805,0.812,0.111,0.827,0.812,0.82,0.122,0.632,0.747,0.18,0.632,0.827,0.819,0.817,0.116,0.122,0.493,0.783,0.735,0.958,0.632,0.099,0.958,0.958,0.801,0.972,0.758,0.118,0.972,0.972,0.17,0.871,0.321,0.321,0.244,0.679,0.45,0.939,0.303,0.775,0.099,0.263,0.777,0.956,0.45,0.85,0.951,0.279,0.973,0.836,0.334,0.184,0.184,0.334,0.843,0.993,0.722,0.992,0.718,0.214,0.529,0.221,0.259,0.138,0.529,0.435,0.409,0.508,0.143,0.435,0.136,0.435,0.529,0.54,0.072,0.148,0.077,0.181,0.128,0.407,0.372,0.238,0.079,0.125,0.127,0.13,0.168,0.44,0.316,0.362,0.209,0.291,0.217
0.438,0.438,0.433,0.433,0.687,0.167,0.722,0.86,0.213,0.812,0.86,0.735,0.84,0.687,0.735,0.86,0.84,0.687,0.791,0.84,0.894,0.905,0.894,0.876,0.84,0.722,0.876,0.86,0.886,0.812,0.886,0.905,0.659,0.959,0.976,0.959,0.564,0.976,0.659,0.564,0.212,0.959,0.56,0.183,0.959,0.564,0.759,0.56,0.092,0.56,0.342,0.224,0.391,0.58,0.757,0.58,0.545,0.768,0.768,0.768,0.953,0.757,0.545,0.757,0.391,0.953,0.973,0.086,0.973,0.904,0.904,0.904,0.14,0.387,0.166,0.384,0.426,0.043,0.442,0.426,0.364,0.387,0.506,0.417,0.087,0.506,0.442,0.373,0.376,0.008,0.387,0.176,0.381,0.442,0.941,0.506,0.612,0.941,0.941,0.336,0.847,0.594,0.043,0.847,0.847,0.058,0.163,0.709,0.709,0.675,0.75,0.616,0.095,0.509,0.233,0.013,0.024,0.707,0.142,0.616,0.16,0.127,0.013,0.081,0.276,0.713,0.011,0.19,0.713,0.521,0.081,0.888,0.073,0.756,0.014,0.672,0.176,0.693,0.193,0.672,0.694,0.035,0.99,0.208,0.694,0.014,0.694,0.672,0.996,0.1,0.182,0.092,0.468,0.016,0.667,0.998,0.786,0.07,0.758,0.195,0.751,0.654,0.517,0.666,0.509,0.67,0.691,0.662
0.132,0.132,0.359,0.359,0.721,0.025,0.697,0.478,0.023,0.443,0.478,0.498,0.69,0.721,0.498,0.478,0.69,0.721,0.721,0.69,0.141,0.325,0.141,0.764,0.69,0.697,0.764,0.478,0.543,0.443,0.543,0.325,0.526,0.187,0.398,0.187,0.863,0.398,0.526,0.863,0.33,0.187,0.884,0.927,0.187,0.863,0.868,0.884,0.962,0.884,0.021,0.3,0.51,0.725,0.761,0.725,0.742,0.829,0.829,0.829,0.166,0.761,0.742,0.761,0.51,0.166,0.216,0.987,0.216,0.328,0.328,0.328,0.309,0.851,0.896,0.228,0.988,0.89,0.973,0.988,0.358,0.851,0.314,0.272,0.988,0.314,0.973,0.213,0.315,0.932,0.851,0.915,0.184,0.286,0.854,0.314,0.651,0.854,0.854,0.181,0.876,0.983,0.88,0.876,0.876,0.847,0.208,0.907,0.907,0.912,0.612,0.809,0.809,0.781,0.267,0.953,0.675,0.989,0.775,0.809,0.183,0.765,0.65,0.87,0.32,0.894,0.875,0.075,0.894,0.913,0.815,0.513,0.809,0.568,0.848,0.896,0.043,0.907,0.12,0.896,0.841,0.292,0.875,0.199,0.841,0.966,0.841,0.896,0.881,0.275,0.283,0.19,0.305,0.957,0.286,0.849,0.069,0.197,0.092,0.303,0.087,0.299,0.28,0.248,0.221,0.07,0.048,0.224
0.031,0.031,0.086,0.086,0.573,0.233,0.1,0.12,0.246,0.09,0.12,0.061,0.149,0.573,0.061,0.12,0.149,0.573,0.929,0.149,0.02,0.06,0.02,0.167,0.149,0.1,0.167,0.12,0.104,0.09,0.104,0.06,0.115,0.096,0.045,0.096,0.989,0.045,0.115,0.989,0.061,0.096,0.96,0.024,0.096,0.989,0.92,0.96,0.013,0.96,0.231,0.126,0.149,0.227,0.988,0.227,0.238,0.966,0.966,0.966,0.046,0.988,0.238,0.988,0.149,0.046,0.088,0.019,0.088,0.394,0.394,0.394,0.156,0.552,0.021,0.074,0.921,0.017,0.933,0.921,0.061,0.552,0.247,0.069,0.018,0.247,0.933,0.062,0.058,0.005,0.552,0.021,0.064,0.088,0.746,0.247,0.947,0.746,0.746,0.052,0.86,0.939,0.017,0.86,0.86,0.011,0.065,0.982,0.982,0.979,0.894,0.643,0.126,0.632,0.093,0.006,0.016,0.941,0.146,0.643,0.073,0.135,0.016,0.149,0.074,0.996,0.004,0.248,0.996,0.729,0.143,0.166,0.135,0.915,0.007,0.966,0.234,0.997,0.421,0.966,0.991,0.015,0.81,0.421,0.991,0.005,0.991,0.966,0.792,0.278,0.399,0.236,0.603,0.007,0.4,0.752,0.67,0.232,0.711,0.385,0.687,0.648,0.491,0.385,0.473,0.208,0.192,0.152
0.57,0.57,0.771,0.771,0.164,0.53,0.747,0.372,0.555,0.69,0.372,0.517,0.648,0.164,0.517,0.372,0.648,0.164,0.114,0.648,0.776,0.485,0.776,0.655,0.648,0.747,0.655,0.372,0.46,0.69,0.46,0.485,0.622,0.422,0.693,0.422,0.699,0.693,0.622,0.699,0.926,0.422,0.762,0.398,0.422,0.699,0.085,0.762,0.388,0.762,0.495,0.915,0.406,0.44,0.373,0.44,0.437,0.486,0.486,0.486,0.583,0.373,0.437,0.373,0.406,0.583,0.533,0.422,0.533,0.273,0.273,0.273,0.845,0.439,0.498,0.683,0.293,0.329,0.398,0.293,0.839,0.439,0.459,0.857,0.411,0.459,0.398,0.766,0.838,0.234,0.439,0.481,0.675,0.775,0.277,0.459,0.147,0.277,0.277,0.751,0.372,0.541,0.345,0.372,0.372,0.381,0.585,0.715,0.715,0.695,0.631,0.671,0.994,0.739,0.708,0.243,0.656,0.387,0.992,0.671,0.525,0.995,0.725,0.728,0.738,0.687,0.177,0.422,0.687,0.908,0.662,0.346,0.696,0.818,0.27,0.386,0.376,0.707,0.253,0.386,0.504,0.425,0.662,0.11,0.504,0.27,0.504,0.386,0.615,0.045,0.184,0.07,0.376,0.313,0.583,0.668,0.317,0.049,0.483,0.199,0.481,0.414,0.54,0.552,0.49,0.608,0.549,0.431
0.624,0.624,0.676,0.676,0.062,0.761,0.87,0.636,0.753,0.535,0.636,0.797,0.799,0.062,0.797,0.636,0.799,0.062,0.422,0.799,0.712,0.399,0.712,0.757,0.799,0.87,0.757,0.636,0.573,0.535,0.573,0.399,0.586,0.705,0.85,0.705,0.049,0.85,0.586,0.049,0.315,0.705,0.047,0.876,0.705,0.049,0.395,0.047,0.812,0.047,0.482,0.298,0.164,0.202,0.045,0.202,0.189,0.041,0.041,0.041,0.409,0.045,0.189,0.045,0.164,0.409,0.666,0.85,0.666,0.717,0.717,0.717,0.163,0.065,0.891,0.659,0.278,0.175,0.311,0.278,0.605,0.065,0.031,0.644,0.836,0.031,0.311,0.614,0.559,0.141,0.065,0.897,0.633,0.661,0.894,0.031,0.186,0.894,0.894,0.609,0.919,0.008,0.216,0.919,0.919,0.227,0.366,0.134,0.134,0.119,0.759,0.475,0.226,0.372,0.374,0.154,0.034,0.008,0.216,0.475,0.386,0.217,0.032,0.252,0.457,0.163,0.161,0.73,0.163,0.764,0.235,0.009,0.231,0.812,0.191,0.04,0.727,0.135,0.805,0.04,0.05,0.054,0.885,0.839,0.05,0.102,0.05,0.04,0.886,0.75,0.843,0.773,0.945,0.111,0.848,0.852,0.313,0.795,0.1,0.822,0.088,0.941,0.853,0.769,0.86,0.35,0.355,0.321
0.322,0.322,0.616,0.616,0.363,0.593,0.898,0.571,0.596,0.641,0.571,0.689,0.79,0.363,0.689,0.571,0.79,0.363,0.124,0.79,0.594,0.307,0.594,0.739,0.79,0.898,0.739,0.571,0.477,0.641,0.477,0.307,0.443,0.359,0.448,0.359,0.517,0.448,0.443,0.517,0.771,0.359,0.294,0.418,0.359,0.517,0.138,0.294,0.469,0.294,0.382,0.725,0.307,0.563,0.279,0.563,0.594,0.329,0.329,0.329,0.358,0.279,0.594,0.279,0.307,0.358,0.356,0.368,0.356,0.185,0.185,0.185,0.738,0.468,0.379,0.871,0.196,0.371,0.216,0.196,0.889,0.468,0.269,0.829,0.33,0.269,0.216,0.852,0.875,0.34,0.468,0.365,0.902,0.856,0.192,0.269,0.18,0.192,0.192,0.883,0.219,0.217,0.406,0.219,0.219,0.386,0.742,0.182,0.182,0.271,0.11,0.341,0.838,0.336,0.722,0.346,0.446,0.205,0.805,0.341,0.753,0.83,0.466,0.873,0.784,0.265,0.304,0.086,0.265,0.541,0.875,0.254,0.882,0.128,0.236,0.239,0.103,0.332,0.101,0.239,0.228,0.65,0.829,0.045,0.228,0.362,0.228,0.239,0.839,0.031,0.064,0.044,0.338,0.37,0.432,0.857,0.367,0.032,0.755,0.03,0.748,0.315,0.384,0.354,0.312,0.821,0.79,0.495
0.865,0.865,0.893,0.893,0.061,0.872,0.737,0.649,0.912,0.608,0.649,0.667,0.721,0.061,0.667,0.649,0.721,0.061,0.305,0.721,0.948,0.572,0.948,0.628,0.721,0.737,0.628,0.649,0.526,0.608,0.526,0.572,0.719,0.854,0.811,0.854,0.316,0.811,0.719,0.316,0.861,0.854,0.503,0.677,0.854,0.316,0.458,0.503,0.917,0.503,0.951,0.859,0.604,0.664,0.249,0.664,0.657,0.352,0.352,0.352,0.718,0.249,0.657,0.249,0.604,0.718,0.769,0.896,0.769,0.606,0.606,0.606,0.841,0.097,0.678,0.846,0.415,0.484,0.374,0.415,0.934,0.097,0.694,0.9,0.914,0.694,0.374,0.896,0.938,0.17,0.097,0.665,0.844,0.878,0.433,0.694,0.08,0.433,0.433,0.825,0.541,0.638,0.478,0.541,0.541,0.474,0.969,0.929,0.929,0.926,0.808,0.288,0.983,0.37,0.935,0.164,0.48,0.527,0.986,0.288,0.967,0.987,0.535,0.794,0.951,0.912,0.194,0.057,0.912,0.47,0.805,0.654,0.822,0.686,0.284,0.437,0.056,0.913,0.127,0.437,0.517,0.639,0.26,0.192,0.517,0.257,0.517,0.437,0.299,0.138,0.194,0.134,0.645,0.278,0.389,0.393,0.378,0.166,0.447,0.188,0.389,0.578,0.473,0.367,0.441,0.389,0.363,0.561
0.523,0.523,0.451,0.451,0.666,0.331,0.714,0.912,0.468,0.924,0.912,0.815,0.893,0.666,0.815,0.912,0.893,0.666,0.83,0.893,0.533,0.96,0.533,0.866,0.893,0.714,0.866,0.912,0.892,0.924,0.892,0.96,0.654,0.841,0.745,0.841,0.746,0.745,0.654,0.746,0.137,0.841,0.76,0.387,0.841,0.746,0.844,0.76,0.235,0.76,0.287,0.151,0.548,0.819,0.729,0.819,0.8,0.71,0.71,0.71,0.891,0.729,0.8,0.729,0.548,0.891,0.806,0.226,0.806,0.376,0.376,0.376,0.188,0.663,0.368,0.105,0.507,0.419,0.526,0.507,0.197,0.663,0.672,0.174,0.225,0.672,0.526,0.116,0.223,0.33,0.663,0.341,0.107,0.159,0.324,0.672,0.828,0.324,0.324,0.113,0.318,0.395,0.407,0.318,0.318,0.398,0.095,0.513,0.513,0.51,0.055,0.498,0.281,0.48,0.163,0.323,0.379,0.395,0.251,0.498,0.09,0.247,0.432,0.318,0.166,0.53,0.298,0.765,0.53,0.228,0.316,0.545,0.275,0.093,0.294,0.464,0.839,0.513,0.856,0.464,0.488,0.319,0.242,0.563,0.488,0.318,0.488,0.464,0.213,0.274,0.588,0.367,0.949,0.319,0.938,0.172,0.982,0.286,0.956,0.607,0.963,0.957,0.912,0.898,0.889,0.809,0.833,0.832
0.859,0.859,0.902,0.902,0.217,0.738,0.841,0.847,0.702,0.763,0.847,0.808,0.925,0.217,0.808,0.847,0.925,0.217,0.927,0.925,0.692,0.668,0.692,0.928,0.925,0.841,0.928,0.847,0.862,0.763,0.862,0.668,0.605,0.764,0.648,0.764,0.259,0.648,0.605,0.259,0.67,0.764,0.237,0.158,0.764,0.259,0.902,0.237,0.398,0.237,0.61,0.69,0.067,0.893,0.452,0.893,0.897,0.42,0.42,0.42,0.574,0.452,0.897,0.452,0.067,0.574,0.751,0.408,0.751,0.308,0.308,0.308,0.647,0.226,0.17,0.352,0.128,0.557,0.125,0.128,0.359,0.226,0.098,0.451,0.414,0.098,0.125,0.38,0.382,0.71,0.226,0.171,0.34,0.404,0.335,0.098,0.689,0.335,0.335,0.369,0.36,0.1,0.546,0.36,0.36,0.561,0.392,0.377,0.377,0.413,0.672,0.31,0.156,0.413,0.514,0.786,0.774,0.102,0.15,0.31,0.405,0.145,0.761,0.19,0.539,0.461,0.946,0.76,0.461,0.171,0.182,0.094,0.186,0.545,0.95,0.181,0.747,0.473,0.641,0.181,0.185,0.966,0.638,0.711,0.185,0.771,0.185,0.181,0.618,0.788,0.737,0.893,0.63,0.795,0.728,0.756,0.849,0.867,0.737,0.717,0.666,0.698,0.653,0.713,0.639,0.902,0.889,0.845
0.96,0.96,0.965,0.965,0.288,0.794,0.854,0.817,0.8,0.921,0.817,0.887,0.781,0.288,0.887,0.817,0.781,0.288,0.034,0.781,0.901,0.896,0.901,0.755,0.781,0.854,0.755,0.817,0.802,0.921,0.802,0.896,0.739,0.721,0.804,0.721,0.092,0.804,0.739,0.092,0.947,0.721,0.1,0.919,0.721,0.092,0.039,0.1,0.896,0.1,0.73,0.932,0.102,0.876,0.08,0.876,0.875,0.08,0.08,0.08,0.845,0.08,0.875,0.08,0.102,0.845,0.706,0.932,0.706,0.129,0.129,0.129,0.823,0.269,0.897,0.884,0.044,0.695,0.036,0.044,0.83,0.269,0.091,0.867,0.829,0.091,0.036,0.882,0.811,0.725,0.269,0.842,0.895,0.882,0.046,0.091,0.059,0.046,0.046,0.867,0.036,0.065,0.774,0.036,0.036,0.744,0.73,0.167,0.167,0.223,0.395,0.521,0.372,0.503,0.753,0.798,0.51,0.075,0.391,0.521,0.711,0.416,0.487,0.503,0.724,0.171,0.789,0.098,0.171,0.423,0.613,0.134,0.621,0.444,0.862,0.052,0.188,0.231,0.121,0.052,0.045,0.855,0.784,0.006,0.045,0.749,0.045,0.052,0.755,0.006,0.009,0.007,0.308,0.805,0.24,0.646,0.29,0.006,0.334,0.007,0.315,0.377,0.237,0.42,0.369,0.451,0.608,0.262
0.325,0.325,0.351,0.351,0.344,0.855,0.474,0.338,0.857,0.304,0.338,0.457,0.383,0.344,0.457,0.338,0.383,0.344,0.33,0.383,0.453,0.38,0.453,0.359,0.383,0.474,0.359,0.338,0.309,0.304,0.309,0.38,0.927,0.401,0.563,0.401,0.404,0.563,0.927,0.404,0.575,0.401,0.777,0.176,0.401,0.404,0.404,0.777,0.504,0.777,0.741,0.574,0.998,0.86,0.435,0.86,0.873,0.738,0.738,0.738,0.585,0.435,0.873,0.435,0.998,0.585,0.376,0.441,0.376,0.995,0.995,0.995,0.231,0.612,0.297,0.412,0.99,0.548,0.964,0.99,0.408,0.612,0.996,0.522,0.437,0.996,0.964,0.405,0.411,0.621,0.612,0.269,0.404,0.536,0.936,0.996,0.206,0.936,0.936,0.39,0.882,0.927,0.664,0.882,0.882,0.395,0.281,0.779,0.779,0.873,0.17,0.917,0.181,0.886,0.378,0.693,0.623,0.956,0.181,0.917,0.269,0.181,0.541,0.172,0.359,0.707,0.583,0.087,0.707,0.203,0.166,0.995,0.183,0.119,0.586,0.996,0.089,0.74,0.217,0.996,0.992,0.393,0.542,0.181,0.992,0.757,0.992,0.996,0.552,0.154,0.158,0.287,0.409,0.76,0.252,0.68,0.051,0.303,0.162,0.168,0.177,0.407,0.192,0.239,0.237,0.167,0.195,0.095
0.198,0.198,0.139,0.139,0.878,0.62,0.364,0.899,0.611,0.873,0.899,0.432,0.741,0.878,0.432,0.899,0.741,0.878,0.179,0.741,0.767,0.973,0.767,0.783,0.741,0.364,0.783,0.899,0.884,0.873,0.884,0.973,0.777,0.833,0.505,0.833,0.379,0.505,0.777,0.379,0.682,0.833,0.284,0.661,0.833,0.379,0.105,0.284,0.776,0.284,0.778,0.657,0.78,0.879,0.156,0.879,0.877,0.13,0.13,0.13,0.848,0.156,0.877,0.156,0.78,0.848,0.843,0.434,0.843,0.686,0.686,0.686,0.884,0.885,0.754,0.939,0.758,0.323,0.838,0.758,0.912,0.885,0.52,0.816,0.416,0.52,0.838,0.909,0.835,0.482,0.885,0.742,0.936,0.902,0.69,0.52,0.553,0.69,0.69,0.884,0.692,0.821,0.354,0.692,0.692,0.673,0.984,0.171,0.171,0.18,0.149,0.771,0.616,0.783,0.91,0.548,0.605,0.764,0.593,0.771,0.975,0.576,0.538,0.787,0.963,0.231,0.626,0.242,0.231,0.376,0.593,0.813,0.561,0.219,0.592,0.544,0.224,0.256,0.449,0.544,0.476,0.495,0.34,0.213,0.476,0.521,0.476,0.544,0.338,0.075,0.098,0.057,0.7,0.529,0.492,0.456,0.343,0.059,0.264,0.118,0.279,0.649,0.46,0.444,0.433,0.188,0.182,0.267
0.765,0.765,0.719,0.719,0.689,0.535,0.824,0.623,0.383,0.57,0.623,0.848,0.57,0.689,0.848,0.623,0.57,0.689,0.755,0.57,0.704,0.613,0.704,0.563,0.57,0.824,0.563,0.623,0.613,0.57,0.613,0.613,0.274,0.524,0.719,0.524,0.486,0.719,0.274,0.486,0.386,0.524,0.586,0.135,0.524,0.486,0.753,0.586,0.327,0.586,0.34,0.405,0.576,0.428,0.582,0.428,0.461,0.525,0.525,0.525,0.434,0.582,0.461,0.582,0.576,0.434,0.516,0.347,0.516,0.613,0.613,0.613,0.469,0.372,0.191,0.68,0.638,0.116,0.55,0.638,0.586,0.372,0.426,0.728,0.348,0.426,0.55,0.661,0.616,0.123,0.372,0.175,0.683,0.724,0.534,0.426,0.807,0.534,0.534,0.632,0.469,0.738,0.097,0.469,0.469,0.282,0.763,0.684,0.684,0.684,0.592,0.528,0.965,0.515,0.83,0.101,0.362,0.794,0.958,0.528,0.732,0.959,0.349,0.985,0.65,0.722,0.33,0.864,0.722,0.438,0.98,0.708,0.982,0.597,0.321,0.569,0.88,0.724,0.896,0.569,0.634,0.603,0.225,0.673,0.634,0.184,0.634,0.569,0.232,0.88,0.914,0.926,0.948,0.174,0.973,0.241,0.629,0.918,0.771,0.898,0.711,0.91,0.981,0.968,0.973,0.546,0.494,0.463
0.81,0.81,0.806,0.806,0.327,0.459,0.6,0.701,0.483,0.378,0.701,0.777,0.65,0.327,0.777,0.701,0.65,0.327,0.992,0.65,0.608,0.411,0.608,0.642,0.65,0.6,0.642,0.701,0.643,0.378,0.643,0.411,0.682,0.582,0.668,0.582,0.721,0.668,0.682,0.721,0.931,0.582,0.683,0.905,0.582,0.721,0.991,0.683,0.821,0.683,0.556,0.911,0.123,0.818,0.644,0.818,0.825,0.503,0.503,0.503,0.322,0.644,0.825,0.644,0.123,0.322,0.539,0.603,0.539,0.159,0.159,0.159,0.917,0.286,0.894,0.962,0.111,0.881,0.06,0.111,0.978,0.286,0.16,0.963,0.578,0.16,0.06,0.969,0.976,0.874,0.286,0.859,0.952,0.951,0.123,0.16,0.554,0.123,0.123,0.959,0.119,0.062,0.852,0.119,0.119,0.928,0.863,0.884,0.884,0.882,0.955,0.633,0.603,0.604,0.881,0.857,0.758,0.107,0.688,0.633,0.868,0.683,0.803,0.613,0.933,0.879,0.975,0.186,0.879,0.92,0.725,0.131,0.708,0.967,0.995,0.238,0.17,0.872,0.161,0.238,0.196,0.835,0.692,0.2,0.196,0.879,0.196,0.238,0.749,0.165,0.178,0.181,0.384,0.888,0.295,0.838,0.432,0.189,0.702,0.19,0.716,0.341,0.331,0.269,0.307,0.299,0.346,0.294
0.026,0.026,0.022,0.022,0.528,0.235,0.039,0.023,0.261,0.017,0.023,0.046,0.024,0.528,0.046,0.023,0.024,0.528,0.619,0.024,0.008,0.015,0.008,0.026,0.024,0.039,0.026,0.023,0.021,0.017,0.021,0.015,0.013,0.01,0.014,0.01,0.584,0.014,0.013,0.584,0.17,0.01,0.589,0.265,0.01,0.584,0.578,0.589,0.256,0.589,0.281,0.273,0.504,0.067,0.314,0.067,0.081,0.334,0.334,0.334,0.006,0.314,0.081,0.314,0.504,0.006,0.009,0.217,0.009,0.555,0.555,0.555,0.248,0.808,0.639,0.346,0.239,0.415,0.233,0.239,0.227,0.808,0.414,0.257,0.154,0.414,0.233,0.35,0.235,0.507,0.808,0.353,0.324,0.221,0.284,0.414,0.235,0.284,0.284,0.338,0.313,0.251,0.328,0.313,0.313,0.411,0.438,0.506,0.506,0.53,0.928,0.699,0.307,0.703,0.273,0.344,0.402,0.238,0.311,0.699,0.418,0.325,0.547,0.325,0.13,0.66,0.456,0.593,0.66,0.904,0.327,0.58,0.34,0.965,0.455,0.23,0.536,0.655,0.565,0.23,0.221,0.488,0.314,0.728,0.221,0.532,0.221,0.23,0.359,0.414,0.746,0.539,0.542,0.509,0.668,0.312,0.833,0.544,0.781,0.769,0.789,0.524,0.606,0.637,0.576,0.906,0.891,0.735
0.651,0.651,0.736,0.736,0.755,0.25,0.657,0.727,0.255,0.892,0.727,0.642,0.849,0.755,0.642,0.727,0.849,0.755,0.659,0.849,0.706,0.786,0.706,0.82,0.849,0.657,0.82,0.727,0.725,0.892,0.725,0.786,0.811,0.925,0.642,0.925,0.164,0.642,0.811,0.164,0.439,0.925,0.286,0.563,0.925,0.164,0.638,0.286,0.781,0.286,0.357,0.461,0.724,0.679,0.16,0.679,0.653,0.217,0.217,0.217,0.794,0.16,0.653,0.16,0.724,0.794,0.916,0.919,0.916,0.785,0.785,0.785,0.484,0.794,0.653,0.594,0.161,0.791,0.124,0.161,0.561,0.794,0.843,0.637,0.907,0.843,0.124,0.568,0.62,0.749,0.794,0.661,0.56,0.59,0.206,0.843,0.682,0.206,0.206,0.533,0.084,0.144,0.861,0.084,0.084,0.794,0.441,0.552,0.552,0.525,0.827,0.819,0.947,0.696,0.594,0.744,0.398,0.211,0.938,0.819,0.403,0.934,0.393,0.991,0.493,0.614,0.904,0.369,0.614,0.912,0.985,0.834,0.983,0.814,0.839,0.282,0.353,0.596,0.336,0.282,0.22,0.431,0.845,0.792,0.22,0.83,0.22,0.282,0.865,0.612,0.844,0.682,0.414,0.715,0.192,0.935,0.425,0.712,0.212,0.802,0.292,0.293,0.273,0.251,0.282,0.438,0.328,0.645
0.301,0.301,0.258,0.258,0.124,0.337,0.343,0.319,0.324,0.479,0.319,0.469,0.227,0.124,0.469,0.319,0.227,0.124,0.072,0.227,0.225,0.563,0.225,0.233,0.227,0.343,0.233,0.319,0.33,0.479,0.33,0.563,0.408,0.299,0.414,0.299,0.189,0.414,0.408,0.189,0.95,0.299,0.22,0.049,0.299,0.189,0.077,0.22,0.104,0.22,0.401,0.936,0.059,0.644,0.098,0.644,0.663,0.129,0.129,0.129,0.478,0.098,0.663,0.098,0.059,0.478,0.238,0.166,0.238,0.291,0.291,0.291,0.876,0.188,0.044,0.609,0.071,0.227,0.042,0.071,0.832,0.188,0.064,0.739,0.152,0.064,0.042,0.62,0.837,0.279,0.188,0.044,0.617,0.743,0.059,0.064,0.303,0.059,0.059,0.639,0.063,0.064,0.211,0.063,0.063,0.141,0.699,0.106,0.106,0.111,0.361,0.331,0.793,0.327,0.782,0.367,0.433,0.071,0.919,0.331,0.688,0.915,0.419,0.38,0.868,0.129,0.455,0.502,0.129,0.544,0.329,0.067,0.321,0.396,0.649,0.071,0.521,0.131,0.402,0.071,0.055,0.415,0.214,0.299,0.055,0.289,0.055,0.071,0.208,0.305,0.174,0.23,0.588,0.384,0.666,0.158,0.7,0.254,0.536,0.194,0.519,0.655,0.627,0.662,0.652,0.567,0.649,0.687
0.828,0.828,0.821,0.821,0.192,0.634,0.972,0.854,0.56,0.821,0.854,0.968,0.951,0.192,0.968,0.854,0.951,0.192,0.014,0.951,0.686,0.776,0.686,0.909,0.951,0.972,0.909,0.854,0.882,0.821,0.882,0.776,0.573,0.85,0.877,0.85,0.108,0.877,0.573,0.108,0.043,0.85,0.213,0.328,0.85,0.108,0.01,0.213,0.214,0.213,0.621,0.041,0.148,0.7,0.106,0.7,0.642,0.215,0.215,0.215,0.675,0.106,0.642,0.106,0.148,0.675,0.855,0.256,0.855,0.068,0.068,0.068,0.044,0.274,0.382,0.042,0.168,0.475,0.158,0.168,0.053,0.274,0.259,0.027,0.259,0.259,0.158,0.039,0.038,0.504,0.274,0.402,0.043,0.034,0.036,0.259,0.113,0.036,0.036,0.037,0.03,0.361,0.513,0.03,0.03,0.479,0.026,0.723,0.723,0.677,0.659,0.662,0.509,0.643,0.02,0.519,0.785,0.474,0.53,0.662,0.026,0.553,0.781,0.553,0.055,0.73,0.501,0.509,0.73,0.66,0.56,0.279,0.539,0.56,0.597,0.373,0.421,0.705,0.366,0.373,0.387,0.883,0.674,0.17,0.387,0.546,0.387,0.373,0.677,0.149,0.263,0.159,0.504,0.555,0.637,0.665,0.56,0.163,0.635,0.305,0.705,0.543,0.647,0.578,0.596,0.518,0.489,0.786
0.79,0.79,0.712,0.712,0.079,0.147,0.831,0.743,0.188,0.947,0.743,0.83,0.723,0.079,0.83,0.743,0.723,0.079,0.512,0.723,0.869,0.802,0.869,0.806,0.723,0.831,0.806,0.743,0.791,0.947,0.791,0.802,0.898,0.732,0.802,0.732,0.415,0.802,0.898,0.415,0.195,0.732,0.323,0.936,0.732,0.415,0.54,0.323,0.974,0.323,0.377,0.181,0.135,0.894,0.65,0.894,0.903,0.568,0.568,0.568,0.904,0.65,0.903,0.65,0.135,0.904,0.835,0.975,0.835,0.078,0.078,0.078,0.075,0.105,0.944,0.316,0.206,0.954,0.28,0.206,0.414,0.105,0.202,0.359,0.956,0.202,0.28,0.255,0.454,0.853,0.105,0.905,0.31,0.384,0.161,0.202,0.212,0.161,0.161,0.247,0.175,0.281,0.926,0.175,0.175,0.951,0.152,0.341,0.341,0.166,0.376,0.117,0.096,0.053,0.252,0.869,0.241,0.191,0.086,0.117,0.166,0.082,0.226,0.099,0.266,0.442,0.911,0.689,0.442,0.082,0.104,0.194,0.111,0.385,0.473,0.303,0.664,0.217,0.618,0.303,0.349,0.307,0.095,0.853,0.349,0.363,0.349,0.303,0.102,0.676,0.876,0.63,0.551,0.39,0.522,0.102,0.747,0.657,0.651,0.884,0.65,0.54,0.525,0.503,0.518,0.72,0.753,0.434
0.89,0.89,0.872,0.872,0.041,0.811,0.895,0.828,0.822,0.958,0.828,0.868,0.838,0.041,0.868,0.828,0.838,0.041,0.337,0.838,0.792,0.948,0.792,0.8,0.838,0.895,0.8,0.828,0.816,0.958,0.816,0.948,0.671,0.837,0.86,0.837,0.591,0.86,0.671,0.591,0.982,0.837,0.479,0.797,0.837,0.591,0.268,0.479,0.741,0.479,0.85,0.986,0.161,0.746,0.467,0.746,0.74,0.254,0.254,0.254,0.98,0.467,0.74,0.467,0.161,0.98,0.793,0.778,0.793,0.288,0.288,0.288,0.957,0.077,0.739,0.969,0.1,0.774,0.11,0.1,0.92,0.077,0.1,0.957,0.891,0.1,0.11,0.965,0.914,0.804,0.077,0.745,0.972,0.954,0.3,0.1,0.075,0.3,0.3,0.966,0.319,0.21,0.942,0.319,0.319,0.778,0.952,0.326,0.326,0.456,0.802,0.219,0.815,0.117,0.925,0.949,0.837,0.183,0.863,0.219,0.925,0.866,0.821,0.836,0.878,0.443,0.876,0.692,0.443,0.347,0.807,0.162,0.82,0.757,0.911,0.087,0.714,0.466,0.502,0.087,0.097,0.739,0.905,0.368,0.097,0.912,0.097,0.087,0.867,0.3,0.485,0.382,0.567,0.949,0.769,0.819,0.291,0.348,0.119,0.577,0.125,0.559,0.734,0.739,0.74,0.216,0.202,0.261
0.295,0.295,0.281,0.281,0.973,0.671,0.201,0.086,0.649,0.075,0.086,0.17,0.151,0.973,0.17,0.086,0.151,0.973,0.73,0.151,0.143,0.052,0.143,0.115,0.151,0.201,0.115,0.086,0.056,0.075,0.056,0.052,0.799,0.063,0.077,0.063,0.58,0.077,0.799,0.58,0.886,0.063,0.585,0.746,0.063,0.58,0.599,0.585,0.561,0.585,0.722,0.864,0.968,0.649,0.567,0.649,0.626,0.54,0.54,0.54,0.065,0.567,0.626,0.567,0.968,0.065,0.055,0.626,0.055,0.832,0.832,0.832,0.889,0.986,0.837,0.945,0.635,0.7,0.657,0.635,0.963,0.986,0.959,0.971,0.634,0.959,0.657,0.944,0.962,0.745,0.986,0.812,0.971,0.969,0.586,0.959,0.99,0.586,0.586,0.975,0.627,0.698,0.711,0.627,0.627,0.642,0.91,0.536,0.536,0.551,0.228,0.423,0.47,0.659,0.963,0.766,0.639,0.693,0.491,0.423,0.969,0.444,0.659,0.74,0.957,0.662,0.733,0.022,0.662,0.197,0.676,0.946,0.592,0.223,0.529,0.63,0.026,0.679,0.012,0.63,0.695,0.597,0.702,0.001,0.695,0.483,0.695,0.63,0.673,0.008,0.003,0.004,0.034,0.508,0.069,0.757,0.108,0.003,0.114,0.003,0.124,0.042,0.058,0.088,0.089,0.17,0.207,0.185
0.951,0.951,0.857,0.857,0.626,0.625,0.945,0.917,0.646,0.848,0.917,0.936,0.911,0.626,0.936,0.917,0.911,0.626,0.801,0.911,0.988,0.842,0.988,0.883,0.911,0.945,0.883,0.917,0.91,0.848,0.91,0.842,0.923,0.966,0.995,0.966,0.911,0.995,0.923,0.911,0.303,0.966,0.918,0.437,0.966,0.911,0.704,0.918,0.711,0.918,0.847,0.216,0.393,0.642,0.892,0.642,0.666,0.911,0.911,0.911,0.954,0.892,0.666,0.892,0.393,0.954,0.965,0.707,0.965,0.63,0.63,0.63,0.193,0.569,0.469,0.151,0.473,0.867,0.42,0.473,0.221,0.569,0.591,0.196,0.715,0.591,0.42,0.147,0.295,0.886,0.569,0.476,0.163,0.207,0.571,0.591,0.504,0.571,0.571,0.145,0.383,0.547,0.87,0.383,0.383,0.797,0.109,0.795,0.795,0.74,0.646,0.201,0.621,0.145,0.141,0.891,0.56,0.662,0.658,0.201,0.113,0.665,0.54,0.739,0.198,0.611,0.771,0.782,0.611,0.291,0.789,0.778,0.792,0.638,0.719,0.543,0.711,0.557,0.698,0.543,0.493,0.618,0.862,0.833,0.493,0.713,0.493,0.543,0.849,0.963,0.847,0.882,0.869,0.748,0.853,0.809,0.566,0.899,0.5,0.843,0.489,0.816,0.936,0.835,0.908,0.743,0.744,0.418
0.12,0.12,0.079,0.079,0.131,0.712,0.105,0.126,0.709,0.173,0.126,0.078,0.174,0.131,0.078,0.126,0.174,0.131,0.074,0.174,0.025,0.107,0.025,0.199,0.174,0.105,0.199,0.126,0.093,0.173,0.093,0.107,0.189,0.05,0.02,0.05,0.496,0.02,0.189,0.496,0.436,0.05,0.588,0.355,0.05,0.496,0.086,0.588,0.641,0.588,0.683,0.396,0.215,0.354,0.608,0.354,0.38,0.49,0.49,0.49,0.059,0.608,0.38,0.608,0.215,0.059,0.056,0.633,0.056,0.424,0.424,0.424,0.335,0.051,0.432,0.475,0.193,0.6,0.244,0.193,0.352,0.051,0.2,0.484,0.645,0.2,0.244,0.465,0.486,0.579,0.051,0.526,0.466,0.524,0.262,0.2,0.01,0.262,0.262,0.446,0.237,0.306,0.616,0.237,0.237,0.622,0.497,0.501,0.501,0.504,0.871,0.284,0.948,0.284,0.67,0.612,0.704,0.315,0.949,0.284,0.536,0.947,0.658,0.894,0.583,0.589,0.62,0.992,0.589,0.807,0.841,0.154,0.859,0.866,0.757,0.485,0.982,0.57,0.994,0.485,0.49,0.895,1.0,0.981,0.49,0.545,0.49,0.485,1.0,0.902,0.982,0.889,0.991,0.563,0.994,1.0,0.996,0.874,0.997,0.976,1.0,0.998,0.992,0.99,0.99,0.995,0.986,0.957
0.401,0.401,0.455,0.455,0.509,0.745,0.12,0.097,0.723,0.312,0.097,0.136,0.079,0.509,0.136,0.097,0.079,0.509,0.466,0.079,0.393,0.348,0.393,0.097,0.079,0.12,0.097,0.097,0.125,0.312,0.125,0.348,0.547,0.07,0.086,0.07,0.39,0.086,0.547,0.39,0.519,0.07,0.389,0.097,0.07,0.39,0.569,0.389,0.026,0.389,0.813,0.592,0.429,0.436,0.348,0.436,0.428,0.338,0.338,0.338,0.438,0.348,0.428,0.348,0.429,0.438,0.109,0.028,0.109,0.27,0.27,0.27,0.42,0.537,0.094,0.389,0.234,0.058,0.253,0.234,0.323,0.537,0.441,0.485,0.025,0.441,0.253,0.41,0.284,0.078,0.537,0.052,0.376,0.463,0.111,0.441,0.63,0.111,0.111,0.387,0.12,0.2,0.069,0.12,0.12,0.069,0.395,0.51,0.51,0.564,0.5,0.757,0.227,0.757,0.461,0.092,0.374,0.214,0.252,0.757,0.398,0.25,0.293,0.316,0.465,0.419,0.084,0.561,0.419,0.375,0.224,0.375,0.213,0.515,0.11,0.279,0.783,0.487,0.862,0.279,0.266,0.41,0.241,0.51,0.266,0.091,0.266,0.279,0.239,0.282,0.382,0.186,0.511,0.115,0.392,0.215,0.597,0.208,0.602,0.401,0.571,0.486,0.391,0.495,0.448,0.773,0.703,0.888
0.838,0.838,0.905,0.905,0.881,0.416,0.795,0.694,0.437,0.88,0.694,0.8,0.681,0.881,0.8,0.694,0.681,0.881,0.495,0.681,0.573,0.794,0.573,0.651,0.681,0.795,0.651,0.694,0.738,0.88,0.738,0.794,0.351,0.498,0.644,0.498,0.93,0.644,0.351,0.93,0.66,0.498,0.902,0.082,0.498,0.93,0.503,0.902,0.107,0.902,0.236,0.633,0.654,0.595,0.926,0.595,0.562,0.895,0.895,0.895,0.621,0.926,0.562,0.926,0.654,0.621,0.559,0.165,0.559,0.316,0.316,0.316,0.87,0.883,0.083,0.368,0.843,0.076,0.822,0.843,0.356,0.883,0.739,0.403,0.175,0.739,0.822,0.332,0.343,0.172,0.883,0.09,0.336,0.437,0.604,0.739,0.576,0.604,0.604,0.318,0.543,0.795,0.075,0.543,0.543,0.046,0.364,0.126,0.126,0.082,0.009,0.01,0.271,0.007,0.463,0.166,0.046,0.826,0.312,0.01,0.355,0.282,0.046,0.332,0.351,0.083,0.046,0.815,0.083,0.005,0.317,0.688,0.268,0.012,0.023,0.97,0.766,0.056,0.841,0.97,0.973,0.044,0.076,0.836,0.973,0.022,0.973,0.97,0.084,0.689,0.892,0.775,0.41,0.02,0.465,0.088,0.161,0.758,0.197,0.864,0.205,0.394,0.487,0.468,0.471,0.234,0.194,0.125
0.361,0.361,0.391,0.391,0.351,0.74,0.272,0.973,0.748,0.938,0.973,0.277,0.949,0.351,0.277,0.973,0.949,0.351,0.487,0.949,0.26,0.962,0.26,0.949,0.949,0.272,0.949,0.973,0.965,0.938,0.965,0.962,0.356,0.73,0.304,0.73,0.321,0.304,0.356,0.321,0.309,0.73,0.281,0.077,0.73,0.321,0.362,0.281,0.053,0.281,0.47,0.308,0.62,0.78,0.667,0.78,0.814,0.667,0.667,0.667,0.647,0.667,0.814,0.667,0.62,0.647,0.69,0.066,0.69,0.769,0.769,0.769,0.232,0.428,0.136,0.506,0.715,0.15,0.661,0.715,0.597,0.428,0.327,0.548,0.079,0.327,0.661,0.476,0.556,0.139,0.428,0.184,0.455,0.583,0.765,0.327,0.583,0.765,0.765,0.444,0.674,0.298,0.173,0.674,0.674,0.159,0.378,0.166,0.166,0.138,0.547,0.134,0.267,0.142,0.47,0.158,0.152,0.311,0.296,0.134,0.366,0.3,0.134,0.231,0.51,0.225,0.175,0.901,0.225,0.216,0.273,0.157,0.248,0.662,0.204,0.648,0.979,0.193,0.572,0.648,0.582,0.086,0.451,0.608,0.582,0.205,0.582,0.648,0.436,0.59,0.59,0.609,0.496,0.149,0.447,0.446,0.704,0.616,0.258,0.591,0.26,0.418,0.432,0.62,0.543,0.291,0.486,0.545
0.962,0.962,0.949,0.949,0.329,0.536,0.974,0.949,0.565,0.839,0.949,0.979,0.913,0.329,0.979,0.949,0.913,0.329,0.218,0.913,0.879,0.869,0.879,0.941,0.913,0.974,0.941,0.949,0.95,0.839,0.95,0.869,0.685,0.917,0.957,0.917,0.216,0.957,0.685,0.216,0.902,0.917,0.247,0.814,0.917,0.216,0.147,0.247,0.985,0.247,0.345,0.925,0.366,0.897,0.371,0.897,0.92,0.317,0.317,0.317,0.768,0.371,0.92,0.371,0.366,0.768,0.926,0.935,0.926,0.187,0.187,0.187,0.569,0.308,0.926,0.96,0.22,0.819,0.262,0.22,0.939,0.308,0.313,0.922,0.903,0.313,0.262,0.949,0.907,0.894,0.308,0.909,0.976,0.944,0.103,0.313,0.256,0.103,0.103,0.96,0.118,0.257,0.824,0.118,0.118,0.82,0.828,0.44,0.44,0.477,0.306,0.783,0.963,0.85,0.86,0.881,0.389,0.225,0.925,0.783,0.873,0.925,0.43,0.984,0.887,0.424,0.828,0.388,0.424,0.372,0.974,0.282,0.975,0.274,0.258,0.26,0.364,0.469,0.568,0.26,0.278,0.502,0.302,0.456,0.278,0.269,0.278,0.26,0.313,0.342,0.385,0.282,0.835,0.26,0.862,0.378,0.274,0.294,0.201,0.381,0.185,0.852,0.823,0.864,0.811,0.321,0.361,0.122
0.871,0.871,0.86,0.86,0.174,0.68,0.64,0.626,0.618,0.844,0.626,0.739,0.534,0.174,0.739,0.626,0.534,0.174,0.349,0.534,0.863,0.941,0.863,0.609,0.534,0.64,0.609,0.626,0.75,0.844,0.75,0.941,0.454,0.65,0.774,0.65,0.138,0.774,0.454,0.138,0.971,0.65,0.125,0.718,0.65,0.138,0.332,0.125,0.716,0.125,0.64,0.976,0.229,0.501,0.163,0.501,0.517,0.158,0.158,0.158,0.817,0.163,0.517,0.163,0.229,0.817,0.714,0.931,0.714,0.122,0.122,0.122,0.976,0.216,0.807,0.978,0.124,0.963,0.095,0.124,0.97,0.216,0.204,0.965,0.915,0.204,0.095,0.979,0.96,0.994,0.216,0.789,0.98,0.972,0.068,0.204,0.028,0.068,0.068,0.981,0.057,0.147,0.948,0.057,0.057,0.982,0.974,0.234,0.234,0.332,0.597,0.614,0.946,0.496,0.97,0.989,0.612,0.155,0.937,0.614,0.979,0.937,0.648,0.979,0.979,0.258,0.981,0.374,0.258,0.817,0.973,0.248,0.971,0.628,0.928,0.209,0.222,0.38,0.298,0.209,0.189,0.452,0.124,0.53,0.189,0.99,0.189,0.209,0.119,0.221,0.493,0.255,0.679,0.985,0.534,0.129,0.857,0.248,0.776,0.481,0.739,0.788,0.624,0.717,0.728,0.758,0.854,0.889
0.193,0.193,0.158,0.158,0.027,0.372,0.54,0.441,0.423,0.633,0.441,0.521,0.441,0.027,0.521,0.441,0.441,0.027,0.135,0.441,0.205,0.677,0.205,0.381,0.441,0.54,0.381,0.441,0.426,0.633,0.426,0.677,0.65,0.426,0.56,0.426,0.024,0.56,0.65,0.024,0.813,0.426,0.019,0.587,0.426,0.024,0.151,0.019,0.151,0.019,0.498,0.815,0.018,0.829,0.024,0.829,0.816,0.023,0.023,0.023,0.602,0.024,0.816,0.024,0.018,0.602,0.476,0.113,0.476,0.032,0.032,0.032,0.775,0.02,0.702,0.545,0.008,0.276,0.009,0.008,0.674,0.02,0.02,0.554,0.128,0.02,0.009,0.541,0.641,0.129,0.02,0.701,0.537,0.541,0.023,0.02,0.084,0.023,0.023,0.514,0.018,0.012,0.281,0.018,0.018,0.205,0.586,0.093,0.093,0.109,0.294,0.138,0.25,0.135,0.643,0.129,0.097,0.014,0.227,0.138,0.618,0.234,0.096,0.251,0.668,0.144,0.097,0.387,0.144,0.314,0.18,0.027,0.173,0.301,0.075,0.009,0.415,0.15,0.282,0.009,0.011,0.114,0.633,0.164,0.011,0.116,0.011,0.009,0.626,0.112,0.288,0.158,0.639,0.116,0.531,0.922,0.792,0.149,0.821,0.255,0.855,0.637,0.531,0.572,0.584,0.817,0.867,0.893
0.457,0.457,0.623,0.623,0.361,0.406,0.562,0.704,0.366,0.804,0.704,0.543,0.659,0.361,0.543,0.704,0.659,0.361,0.258,0.659,0.343,0.76,0.343,0.734,0.659,0.562,0.734,0.704,0.71,0.804,0.71,0.76,0.223,0.455,0.425,0.455,0.383,0.425,0.223,0.383,0.441,0.455,0.391,0.175,0.455,0.383,0.279,0.391,0.216,0.391,0.207,0.394,0.141,0.424,0.313,0.424,0.438,0.316,0.316,0.316,0.424,0.313,0.438,0.313,0.141,0.424,0.5,0.129,0.5,0.19,0.19,0.19,0.516,0.343,0.185,0.371,0.21,0.04,0.231,0.21,0.28,0.343,0.188,0.336,0.147,0.188,0.231,0.384,0.239,0.047,0.343,0.167,0.349,0.321,0.244,0.188,0.211,0.244,0.244,0.375,0.248,0.207,0.04,0.248,0.248,0.031,0.295,0.284,0.284,0.358,0.042,0.21,0.246,0.241,0.366,0.045,0.192,0.193,0.18,0.21,0.264,0.186,0.183,0.313,0.345,0.286,0.034,0.042,0.286,0.049,0.303,0.209,0.324,0.038,0.06,0.184,0.037,0.345,0.038,0.184,0.198,0.261,0.145,0.611,0.198,0.066,0.198,0.184,0.141,0.42,0.46,0.324,0.07,0.063,0.085,0.146,0.111,0.341,0.163,0.383,0.168,0.065,0.089,0.072,0.072,0.156,0.146,0.146
0.451,0.451,0.389,0.389,0.473,0.153,0.879,0.782,0.207,0.682,0.782,0.858,0.753,0.473,0.858,0.782,0.753,0.473,0.138,0.753,0.241,0.712,0.241,0.779,0.753,0.879,0.779,0.782,0.821,0.682,0.821,0.712,0.559,0.694,0.787,0.694,0.088,0.787,0.559,0.088,0.891,0.694,0.05,0.981,0.694,0.088,0.163,0.05,0.875,0.05,0.185,0.81,0.163,0.6,0.085,0.6,0.679,0.05,0.05,0.05,0.601,0.085,0.679,0.085,0.163,0.601,0.749,0.795,0.749,0.106,0.106,0.106,0.574,0.6,0.966,0.889,0.073,0.828,0.219,0.073,0.902,0.6,0.434,0.773,0.817,0.434,0.219,0.858,0.866,0.784,0.6,0.962,0.898,0.831,0.073,0.434,0.218,0.073,0.073,0.854,0.064,0.227,0.842,0.064,0.064,0.646,0.933,0.418,0.418,0.434,0.796,0.636,0.434,0.652,0.858,0.838,0.544,0.083,0.36,0.636,0.918,0.373,0.554,0.6,0.835,0.399,0.653,0.601,0.399,0.755,0.554,0.197,0.574,0.758,0.734,0.055,0.699,0.426,0.513,0.055,0.132,0.469,0.459,0.45,0.132,0.858,0.132,0.055,0.496,0.91,0.488,0.949,0.599,0.885,0.617,0.544,0.104,0.934,0.36,0.434,0.329,0.562,0.671,0.667,0.724,0.409,0.612,0.201
0.515,0.515,0.852,0.852,0.864,0.705,0.557,0.25,0.687,0.485,0.25,0.366,0.427,0.864,0.366,0.25,0.427,0.864,0.864,0.427,0.537,0.49,0.537,0.658,0.427,0.557,0.658,0.25,0.542,0.485,0.542,0.49,0.507,0.42,0.461,0.42,0.871,0.461,0.507,0.871,0.917,0.42,0.809,0.502,0.42,0.871,0.847,0.809,0.692,0.809,0.673,0.935,0.833,0.265,0.815,0.265,0.262,0.718,0.718,0.718,0.419,0.815,0.262,0.815,0.833,0.419,0.562,0.429,0.562,0.731,0.731,0.731,0.793,0.767,0.284,0.88,0.794,0.454,0.793,0.794,0.836,0.767,0.789,0.828,0.529,0.789,0.793,0.879,0.848,0.523,0.767,0.455,0.88,0.821,0.782,0.789,0.727,0.782,0.782,0.878,0.761,0.815,0.408,0.761,0.761,0.457,0.909,0.764,0.764,0.762,0.37,0.824,0.742,0.799,0.783,0.447,0.632,0.795,0.703,0.824,0.906,0.688,0.636,0.756,0.877,0.806,0.522,0.751,0.806,0.333,0.702,0.646,0.716,0.364,0.679,0.733,0.761,0.791,0.696,0.733,0.775,0.709,0.425,0.881,0.775,0.682,0.775,0.733,0.413,0.968,0.885,0.948,0.465,0.656,0.577,0.445,0.818,0.956,0.659,0.885,0.652,0.434,0.589,0.521,0.516,0.435,0.417,0.524
0.517,0.517,0.511,0.511,0.882,0.262,0.517,0.491,0.259,0.409,0.491,0.622,0.473,0.882,0.622,0.491,0.473,0.882,0.913,0.473,0.872,0.427,0.872,0.484,0.473,0.517,0.484,0.491,0.505,0.409,0.505,0.427,0.917,0.748,0.782,0.748,0.276,0.782,0.917,0.276,0.835,0.748,0.476,0.466,0.748,0.276,0.913,0.476,0.574,0.476,0.308,0.852,0.799,0.564,0.472,0.564,0.541,0.536,0.536,0.536,0.759,0.472,0.541,0.472,0.799,0.759,0.71,0.563,0.71,0.72,0.72,0.72,0.863,0.625,0.474,0.528,0.493,0.368,0.741,0.493,0.819,0.625,0.787,0.681,0.541,0.787,0.741,0.563,0.815,0.066,0.625,0.502,0.534,0.616,0.395,0.787,0.976,0.395,0.395,0.555,0.705,0.63,0.334,0.705,0.705,0.319,0.504,0.206,0.206,0.183,0.643,0.615,0.708,0.772,0.579,0.063,0.356,0.571,0.75,0.615,0.467,0.739,0.276,0.418,0.69,0.172,0.038,0.882,0.172,0.771,0.417,0.723,0.454,0.656,0.032,0.58,0.776,0.155,0.779,0.58,0.651,0.21,0.174,0.65,0.651,0.055,0.651,0.58,0.176,0.647,0.565,0.579,0.53,0.069,0.704,0.139,0.813,0.586,0.863,0.52,0.868,0.456,0.728,0.648,0.654,0.55,0.535,0.446
0.212,0.212,0.184,0.184,0.939,0.383,0.157,0.167,0.386,0.103,0.167,0.162,0.156,0.939,0.162,0.167,0.156,0.939,0.705,0.156,0.094,0.115,0.094,0.163,0.156,0.157,0.163,0.167,0.139,0.103,0.139,0.115,0.082,0.082,0.097,0.082,0.722,0.097,0.082,0.722,0.457,0.082,0.711,0.204,0.082,0.722,0.654,0.711,0.701,0.711,0.405,0.437,0.856,0.19,0.789,0.19,0.196,0.773,0.773,0.773,0.045,0.789,0.196,0.789,0.856,0.045,0.075,0.254,0.075,0.5,0.5,0.5,0.492,0.965,0.291,0.632,0.782,0.301,0.744,0.782,0.6,0.965,0.753,0.729,0.277,0.753,0.744,0.636,0.566,0.434,0.965,0.289,0.647,0.736,0.508,0.753,0.991,0.508,0.508,0.65,0.512,0.925,0.349,0.512,0.512,0.547,0.798,0.586,0.586,0.671,0.64,0.914,0.705,0.977,0.761,0.489,0.818,0.927,0.648,0.914,0.794,0.645,0.881,0.816,0.538,0.822,0.662,0.036,0.822,0.931,0.846,0.81,0.843,0.75,0.639,0.925,0.034,0.839,0.064,0.925,0.908,0.911,0.881,0.005,0.908,0.614,0.908,0.925,0.872,0.063,0.004,0.087,0.057,0.479,0.036,0.889,0.152,0.085,0.109,0.005,0.114,0.07,0.027,0.029,0.026,0.066,0.072,0.247
0.985,0.985,0.946,0.946,0.399,0.575,0.977,0.99,0.597,0.997,0.99,0.991,0.972,0.399,0.991,0.99,0.972,0.399,0.205,0.972,0.963,0.995,0.963,0.984,0.972,0.977,0.984,0.99,0.992,0.997,0.992,0.995,0.837,0.916,0.975,0.916,0.697,0.975,0.837,0.697,0.523,0.916,0.712,0.705,0.916,0.697,0.19,0.712,0.414,0.712,0.477,0.531,0.551,0.888,0.343,0.888,0.88,0.371,0.371,0.371,0.981,0.343,0.88,0.343,0.551,0.981,0.945,0.367,0.945,0.4,0.4,0.4,0.524,0.495,0.631,0.382,0.394,0.596,0.336,0.394,0.512,0.495,0.479,0.42,0.396,0.479,0.336,0.39,0.413,0.623,0.495,0.611,0.361,0.4,0.468,0.479,0.641,0.468,0.468,0.388,0.422,0.578,0.67,0.422,0.422,0.389,0.248,0.744,0.744,0.709,0.665,0.902,0.065,0.787,0.301,0.709,0.657,0.725,0.057,0.902,0.236,0.062,0.651,0.074,0.396,0.735,0.445,0.905,0.735,0.977,0.11,0.716,0.102,0.624,0.275,0.533,0.893,0.717,0.982,0.533,0.429,0.566,0.647,0.929,0.429,0.338,0.429,0.533,0.624,0.807,0.813,0.752,0.959,0.38,0.988,0.713,0.995,0.763,0.998,0.863,0.997,0.977,0.995,0.985,0.986,0.997,0.997,0.997
0.758,0.758,0.654,0.654,0.977,0.694,0.705,0.96,0.589,0.874,0.96,0.768,0.948,0.977,0.768,0.96,0.948,0.977,0.532,0.948,0.915,0.915,0.915,0.938,0.948,0.705,0.938,0.96,0.945,0.874,0.945,0.915,0.895,0.988,0.778,0.988,0.877,0.778,0.895,0.877,0.843,0.988,0.878,0.253,0.988,0.877,0.267,0.878,0.455,0.878,0.77,0.844,0.966,0.857,0.912,0.857,0.827,0.898,0.898,0.898,0.966,0.912,0.827,0.912,0.966,0.966,0.985,0.366,0.985,0.765,0.765,0.765,0.746,0.995,0.245,0.981,0.543,0.679,0.625,0.543,0.926,0.995,0.991,0.983,0.357,0.991,0.625,0.977,0.918,0.832,0.995,0.24,0.978,0.985,0.732,0.991,0.833,0.732,0.732,0.974,0.872,0.67,0.703,0.872,0.872,0.68,0.943,0.275,0.275,0.287,0.497,0.829,0.879,0.879,0.956,0.807,0.221,0.603,0.924,0.829,0.945,0.933,0.243,0.807,0.913,0.34,0.857,0.174,0.34,0.998,0.863,0.923,0.851,0.677,0.89,0.768,0.173,0.348,0.104,0.768,0.887,0.165,0.872,0.531,0.887,0.898,0.887,0.768,0.835,0.484,0.61,0.6,0.047,0.878,0.058,0.793,0.129,0.612,0.041,0.594,0.054,0.036,0.042,0.058,0.063,0.023,0.03,0.061
0.53,0.53,0.484,0.484,0.521,0.315,0.449,0.377,0.298,0.282,0.377,0.514,0.341,0.521,0.514,0.377,0.341,0.521,0.097,0.341,0.357,0.274,0.357,0.313,0.341,0.449,0.313,0.377,0.379,0.282,0.379,0.274,0.102,0.252,0.322,0.252,0.568,0.322,0.102,0.568,0.586,0.252,0.382,0.282,0.252,0.568,0.05,0.382,0.461,0.382,0.22,0.532,0.688,0.151,0.527,0.151,0.155,0.392,0.392,0.392,0.174,0.527,0.155,0.527,0.688,0.174,0.235,0.477,0.235,0.828,0.828,0.828,0.675,0.433,0.476,0.444,0.68,0.524,0.683,0.68,0.329,0.433,0.847,0.542,0.484,0.847,0.683,0.45,0.345,0.299,0.433,0.423,0.443,0.554,0.834,0.847,0.355,0.834,0.834,0.441,0.835,0.814,0.526,0.835,0.835,0.644,0.583,0.153,0.153,0.102,0.333,0.303,0.589,0.276,0.681,0.307,0.092,0.763,0.586,0.303,0.555,0.592,0.082,0.497,0.485,0.296,0.329,0.774,0.296,0.542,0.622,0.74,0.583,0.379,0.315,0.757,0.765,0.194,0.911,0.757,0.763,0.217,0.467,0.904,0.763,0.347,0.763,0.757,0.46,0.642,0.736,0.645,0.726,0.354,0.735,0.432,0.029,0.674,0.013,0.736,0.015,0.73,0.729,0.719,0.72,0.025,0.029,0.035
0.882,0.882,0.758,0.758,0.173,0.759,0.651,0.598,0.729,0.613,0.598,0.757,0.483,0.173,0.757,0.598,0.483,0.173,0.291,0.483,0.695,0.602,0.695,0.673,0.483,0.651,0.673,0.598,0.633,0.613,0.633,0.602,0.329,0.383,0.585,0.383,0.293,0.585,0.329,0.293,0.65,0.383,0.19,0.871,0.383,0.293,0.455,0.19,0.823,0.19,0.339,0.578,0.216,0.545,0.323,0.545,0.563,0.313,0.313,0.313,0.545,0.323,0.563,0.323,0.216,0.545,0.573,0.821,0.573,0.597,0.597,0.597,0.683,0.178,0.907,0.539,0.443,0.908,0.518,0.443,0.672,0.178,0.273,0.497,0.706,0.273,0.518,0.524,0.642,0.982,0.178,0.919,0.542,0.514,0.555,0.273,0.157,0.555,0.555,0.527,0.562,0.509,0.825,0.562,0.562,0.925,0.411,0.245,0.245,0.085,0.318,0.44,0.296,0.239,0.446,0.937,0.658,0.428,0.292,0.44,0.408,0.275,0.698,0.245,0.491,0.215,0.846,0.179,0.215,0.337,0.246,0.252,0.239,0.297,0.844,0.375,0.212,0.079,0.226,0.375,0.444,0.957,0.744,0.072,0.444,0.982,0.444,0.375,0.738,0.398,0.096,0.433,0.554,0.936,0.333,0.712,0.75,0.484,0.802,0.08,0.794,0.5,0.361,0.341,0.395,0.858,0.847,0.856
0.777,0.777,0.77,0.77,0.642,0.876,0.723,0.254,0.866,0.513,0.254,0.588,0.24,0.642,0.588,0.254,0.24,0.642,0.921,0.24,0.535,0.518,0.535,0.634,0.24,0.723,0.634,0.254,0.626,0.513,0.626,0.518,0.47,0.593,0.633,0.593,0.532,0.633,0.47,0.532,0.975,0.593,0.529,0.423,0.593,0.532,0.874,0.529,0.422,0.529,0.883,0.971,0.22,0.266,0.521,0.266,0.257,0.511,0.511,0.511,0.65,0.521,0.257,0.521,0.22,0.65,0.755,0.382,0.755,0.098,0.098,0.098,0.95,0.631,0.481,0.886,0.178,0.492,0.146,0.178,0.954,0.631,0.372,0.943,0.314,0.372,0.146,0.923,0.949,0.181,0.631,0.394,0.855,0.928,0.075,0.372,0.799,0.075,0.075,0.949,0.087,0.211,0.55,0.087,0.087,0.508,0.856,0.772,0.772,0.761,0.8,0.876,0.719,0.882,0.89,0.206,0.515,0.23,0.712,0.876,0.844,0.703,0.482,0.45,0.86,0.752,0.192,0.29,0.752,0.871,0.444,0.267,0.457,0.787,0.276,0.259,0.277,0.742,0.281,0.259,0.279,0.349,0.577,0.219,0.279,0.196,0.279,0.259,0.609,0.85,0.236,0.895,0.075,0.261,0.152,0.678,0.264,0.896,0.337,0.23,0.332,0.162,0.091,0.147,0.082,0.295,0.294,0.246
0.057,0.057,0.043,0.043,0.63,0.361,0.11,0.278,0.306,0.283,0.278,0.16,0.25,0.63,0.16,0.278,0.25,0.63,0.736,0.25,0.23,0.352,0.23,0.196,0.25,0.11,0.196,0.278,0.199,0.283,0.199,0.352,0.522,0.249,0.072,0.249,0.489,0.072,0.522,0.489,0.799,0.249,0.639,0.665,0.249,0.489,0.969,0.639,0.733,0.639,0.31,0.762,0.563,0.49,0.399,0.49,0.468,0.572,0.572,0.572,0.462,0.399,0.468,0.399,0.563,0.462,0.221,0.832,0.221,0.571,0.571,0.571,0.943,0.741,0.803,0.842,0.568,0.771,0.548,0.568,0.788,0.741,0.401,0.806,0.828,0.401,0.548,0.828,0.782,0.791,0.741,0.824,0.841,0.822,0.565,0.401,0.349,0.565,0.565,0.829,0.647,0.559,0.783,0.647,0.647,0.676,0.782,0.752,0.752,0.642,0.182,0.579,0.368,0.58,0.817,0.801,0.777,0.557,0.347,0.579,0.769,0.338,0.787,0.404,0.703,0.445,0.705,0.288,0.445,0.117,0.387,0.523,0.388,0.117,0.514,0.291,0.214,0.354,0.229,0.291,0.406,0.547,0.749,0.334,0.406,0.607,0.406,0.291,0.726,0.259,0.324,0.302,0.184,0.605,0.276,0.763,0.363,0.377,0.122,0.464,0.161,0.197,0.294,0.203,0.134,0.213,0.147,0.23
0.498,0.498,0.452,0.452,0.537,0.104,0.228,0.214,0.113,0.432,0.214,0.321,0.166,0.537,0.321,0.214,0.166,0.537,0.021,0.166,0.658,0.473,0.658,0.179,0.166,0.228,0.179,0.214,0.249,0.432,0.249,0.473,0.567,0.492,0.615,0.492,0.199,0.615,0.567,0.199,0.598,0.492,0.193,0.467,0.492,0.199,0.031,0.193,0.578,0.193,0.109,0.603,0.335,0.32,0.405,0.32,0.334,0.424,0.424,0.424,0.761,0.405,0.334,0.405,0.335,0.761,0.53,0.642,0.53,0.557,0.557,0.557,0.857,0.422,0.528,0.736,0.401,0.312,0.37,0.401,0.499,0.422,0.469,0.478,0.647,0.469,0.37,0.818,0.551,0.368,0.422,0.528,0.766,0.475,0.598,0.469,0.087,0.598,0.598,0.832,0.605,0.426,0.326,0.605,0.605,0.173,0.862,0.62,0.62,0.445,0.23,0.4,0.454,0.216,0.458,0.383,0.692,0.432,0.43,0.4,0.857,0.442,0.68,0.483,0.486,0.617,0.203,0.22,0.617,0.168,0.49,0.533,0.476,0.184,0.265,0.384,0.363,0.314,0.068,0.384,0.366,0.729,0.118,0.088,0.366,0.452,0.366,0.384,0.106,0.114,0.101,0.09,0.149,0.461,0.248,0.108,0.155,0.089,0.287,0.089,0.29,0.16,0.245,0.343,0.34,0.492,0.461,0.313
0.684,0.684,0.557,0.557,0.443,0.57,0.432,0.502,0.556,0.538,0.502,0.48,0.434,0.443,0.48,0.502,0.434,0.443,0.562,0.434,0.932,0.521,0.932,0.531,0.434,0.432,0.531,0.502,0.549,0.538,0.549,0.521,0.831,0.713,0.757,0.713,0.357,0.757,0.831,0.357,0.495,0.713,0.344,0.979,0.713,0.357,0.582,0.344,0.981,0.344,0.591,0.51,0.394,0.341,0.272,0.341,0.315,0.26,0.26,0.26,0.555,0.272,0.315,0.272,0.394,0.555,0.723,0.984,0.723,0.756,0.756,0.756,0.412,0.591,0.888,0.482,0.427,0.943,0.411,0.427,0.497,0.591,0.25,0.496,0.979,0.25,0.411,0.483,0.606,0.942,0.591,0.882,0.519,0.486,0.849,0.25,0.456,0.849,0.849,0.402,0.84,0.42,0.931,0.84,0.84,0.873,0.614,0.511,0.511,0.45,0.298,0.224,0.529,0.192,0.654,0.854,0.85,0.427,0.766,0.224,0.666,0.68,0.795,0.76,0.728,0.362,0.778,0.924,0.362,0.202,0.822,0.415,0.834,0.339,0.616,0.182,0.989,0.283,0.951,0.182,0.188,0.521,0.704,0.922,0.188,0.897,0.188,0.182,0.667,0.899,0.967,0.941,0.968,0.746,0.88,0.806,0.998,0.937,0.995,0.967,0.994,0.873,0.976,0.959,0.996,0.974,0.982,0.669
0.676,0.676,0.443,0.443,0.996,0.037,0.521,0.462,0.039,0.828,0.462,0.571,0.405,0.996,0.571,0.462,0.405,0.996,0.841,0.405,0.57,0.811,0.57,0.458,0.405,0.521,0.458,0.462,0.52,0.828,0.52,0.811,0.49,0.482,0.714,0.482,0.998,0.714,0.49,0.998,0.253,0.482,1.0,0.388,0.482,0.998,0.787,1.0,0.432,1.0,0.057,0.22,0.994,0.614,0.999,0.614,0.675,0.998,0.998,0.998,0.723,0.999,0.675,0.999,0.994,0.723,0.54,0.4,0.54,0.944,0.944,0.944,0.325,1.0,0.451,0.133,0.998,0.386,0.996,0.998,0.245,1.0,0.999,0.185,0.388,0.999,0.996,0.126,0.258,0.369,1.0,0.548,0.135,0.153,0.972,0.999,0.751,0.972,0.972,0.135,0.935,0.978,0.386,0.935,0.935,0.434,0.158,0.974,0.974,0.985,0.949,0.958,0.295,0.956,0.191,0.375,0.716,0.997,0.286,0.958,0.169,0.283,0.694,0.205,0.24,0.975,0.498,0.997,0.975,0.868,0.272,0.994,0.264,0.943,0.769,0.999,0.995,0.953,0.992,0.999,0.999,0.851,0.969,1.0,0.999,0.468,0.999,0.999,0.963,1.0,1.0,1.0,0.992,0.459,0.993,0.994,0.791,1.0,0.742,1.0,0.786,0.996,0.99,0.989,0.989,0.903,0.91,0.566
0.271,0.271,0.458,0.458,0.001,0.487,0.46,0.192,0.486,0.271,0.192,0.231,0.467,0.001,0.231,0.192,0.467,0.001,0.005,0.467,0.083,0.212,0.083,0.428,0.467,0.46,0.428,0.192,0.239,0.271,0.239,0.212,0.506,0.167,0.213,0.167,0.001,0.213,0.506,0.001,0.764,0.167,0.001,0.912,0.167,0.001,0.009,0.001,0.922,0.001,0.508,0.793,0.001,0.809,0.001,0.809,0.831,0.001,0.001,0.001,0.126,0.001,0.831,0.001,0.001,0.126,0.178,0.856,0.178,0.094,0.094,0.094,0.745,0.001,0.903,0.772,0.002,0.966,0.001,0.002,0.804,0.001,0.001,0.777,0.947,0.001,0.001,0.774,0.767,0.96,0.001,0.911,0.787,0.777,0.074,0.001,0.005,0.074,0.074,0.79,0.074,0.001,0.967,0.074,0.074,0.965,0.777,0.001,0.001,0.001,0.059,0.03,0.507,0.036,0.786,0.957,0.827,0.001,0.52,0.03,0.776,0.52,0.76,0.608,0.875,0.001,0.974,0.342,0.001,0.123,0.623,0.001,0.62,0.063,0.971,0.001,0.365,0.001,0.372,0.001,0.001,0.692,0.909,0.349,0.001,0.95,0.001,0.001,0.919,0.148,0.355,0.127,0.06,0.95,0.059,0.748,0.117,0.129,0.081,0.341,0.077,0.045,0.041,0.07,0.046,0.131,0.126,0.071
0.773,0.773,0.738,0.738,0.568,0.776,0.78,0.865,0.813,0.809,0.865,0.791,0.897,0.568,0.791,0.865,0.897,0.568,0.054,0.897,0.929,0.809,0.929,0.869,0.897,0.78,0.869,0.865,0.907,0.809,0.907,0.809,0.731,0.887,0.873,0.887,0.089,0.873,0.731,0.089,0.757,0.887,0.077,0.843,0.887,0.089,0.058,0.077,0.799,0.077,0.947,0.733,0.261,0.658,0.038,0.658,0.654,0.03,0.03,0.03,0.931,0.038,0.654,0.038,0.261,0.931,0.884,0.905,0.884,0.279,0.279,0.279,0.785,0.587,0.909,0.464,0.208,0.925,0.103,0.208,0.688,0.587,0.343,0.509,0.896,0.343,0.103,0.419,0.599,0.696,0.587,0.93,0.405,0.561,0.36,0.343,0.482,0.36,0.36,0.384,0.285,0.262,0.951,0.285,0.285,0.816,0.405,0.118,0.118,0.041,0.272,0.311,0.598,0.156,0.441,0.741,0.792,0.402,0.629,0.311,0.352,0.604,0.804,0.533,0.615,0.125,0.592,0.769,0.125,0.213,0.641,0.215,0.612,0.311,0.708,0.193,0.697,0.051,0.806,0.193,0.085,0.8,0.904,0.492,0.085,0.816,0.085,0.193,0.903,0.491,0.444,0.542,0.734,0.822,0.525,0.863,0.855,0.47,0.796,0.505,0.776,0.692,0.513,0.54,0.484,0.853,0.832,0.949
0.626,0.626,0.661,0.661,0.862,0.481,0.414,0.371,0.457,0.596,0.371,0.489,0.332,0.862,0.489,0.371,0.332,0.862,0.46,0.332,0.485,0.582,0.485,0.256,0.332,0.414,0.256,0.371,0.314,0.596,0.314,0.582,0.318,0.435,0.486,0.435,0.736,0.486,0.318,0.736,0.489,0.435,0.845,0.882,0.435,0.736,0.792,0.845,0.602,0.845,0.305,0.454,0.521,0.423,0.767,0.423,0.408,0.863,0.863,0.863,0.514,0.767,0.408,0.767,0.521,0.514,0.342,0.595,0.342,0.783,0.783,0.783,0.381,0.855,0.735,0.33,0.798,0.436,0.723,0.798,0.487,0.855,0.706,0.358,0.736,0.706,0.723,0.293,0.42,0.439,0.855,0.739,0.329,0.396,0.553,0.706,0.765,0.553,0.553,0.293,0.574,0.806,0.443,0.574,0.574,0.514,0.2,0.68,0.68,0.624,0.563,0.64,0.127,0.664,0.25,0.502,0.783,0.816,0.113,0.64,0.206,0.114,0.745,0.1,0.272,0.624,0.535,0.453,0.624,0.921,0.111,0.63,0.1,0.616,0.634,0.604,0.662,0.535,0.522,0.604,0.591,0.832,0.788,0.688,0.591,0.525,0.591,0.604,0.791,0.528,0.585,0.535,0.792,0.606,0.749,0.894,0.527,0.503,0.551,0.679,0.57,0.791,0.76,0.895,0.902,0.71,0.707,0.773
0.205,0.205,0.203,0.203,0.273,0.195,0.381,0.597,0.2,0.491,0.597,0.365,0.591,0.273,0.365,0.597,0.591,0.273,0.27,0.591,0.46,0.566,0.46,0.589,0.591,0.381,0.589,0.597,0.591,0.491,0.591,0.566,0.821,0.899,0.624,0.899,0.021,0.624,0.821,0.021,0.925,0.899,0.036,0.728,0.899,0.021,0.321,0.036,0.846,0.036,0.326,0.912,0.547,0.556,0.063,0.556,0.532,0.095,0.095,0.095,0.927,0.063,0.532,0.063,0.547,0.927,0.87,0.691,0.87,0.59,0.59,0.59,0.986,0.074,0.751,0.918,0.222,0.816,0.214,0.222,0.96,0.074,0.157,0.954,0.917,0.157,0.214,0.892,0.969,0.711,0.074,0.736,0.859,0.939,0.749,0.157,0.618,0.749,0.749,0.841,0.737,0.038,0.954,0.737,0.737,0.825,0.944,0.322,0.322,0.362,0.126,0.188,0.596,0.177,0.984,0.93,0.952,0.042,0.594,0.188,0.9,0.56,0.942,0.642,0.994,0.097,0.825,0.625,0.097,0.064,0.672,0.056,0.669,0.12,0.885,0.128,0.604,0.186,0.65,0.128,0.074,0.866,0.338,0.69,0.074,0.742,0.074,0.128,0.342,0.879,0.852,0.898,0.621,0.916,0.576,0.276,0.759,0.878,0.389,0.817,0.395,0.615,0.596,0.541,0.557,0.487,0.37,0.924
0.889,0.889,0.865,0.865,0.855,0.881,0.721,0.645,0.897,0.64,0.645,0.752,0.639,0.855,0.752,0.645,0.639,0.855,0.795,0.639,0.849,0.689,0.849,0.895,0.639,0.721,0.895,0.645,0.879,0.64,0.879,0.689,0.855,0.743,0.856,0.743,0.918,0.856,0.855,0.918,0.442,0.743,0.833,0.628,0.743,0.918,0.648,0.833,0.831,0.833,0.876,0.439,0.683,0.827,0.939,0.827,0.809,0.927,0.927,0.927,0.812,0.939,0.809,0.939,0.683,0.812,0.927,0.863,0.927,0.433,0.433,0.433,0.66,0.912,0.671,0.424,0.628,0.984,0.669,0.628,0.463,0.912,0.76,0.421,0.904,0.76,0.669,0.424,0.453,0.999,0.912,0.69,0.431,0.424,0.672,0.76,0.714,0.672,0.672,0.426,0.603,0.732,0.983,0.603,0.603,0.947,0.54,0.981,0.981,0.973,0.861,0.924,0.645,0.967,0.472,0.999,0.427,0.712,0.665,0.924,0.542,0.66,0.425,0.596,0.666,0.982,0.991,0.165,0.982,0.959,0.6,0.715,0.601,0.888,0.652,0.731,0.171,0.976,0.116,0.731,0.753,0.435,0.404,0.011,0.753,0.492,0.753,0.731,0.423,0.002,0.032,0.002,0.237,0.498,0.199,0.468,0.237,0.002,0.182,0.032,0.178,0.265,0.196,0.199,0.202,0.483,0.471,0.291
0.913,0.913,0.93,0.93,0.252,0.815,0.817,0.831,0.821,0.786,0.831,0.886,0.724,0.252,0.886,0.831,0.724,0.252,0.361,0.724,0.938,0.808,0.938,0.731,0.724,0.817,0.731,0.831,0.827,0.786,0.827,0.808,0.732,0.881,0.841,0.881,0.24,0.841,0.732,0.24,0.901,0.881,0.259,0.997,0.881,0.24,0.131,0.259,0.393,0.259,0.806,0.857,0.184,0.773,0.283,0.773,0.775,0.315,0.315,0.315,0.819,0.283,0.775,0.283,0.184,0.819,0.818,0.37,0.818,0.116,0.116,0.116,0.832,0.53,0.994,0.874,0.153,0.494,0.265,0.153,0.98,0.53,0.257,0.921,0.364,0.257,0.265,0.869,0.972,0.555,0.53,0.996,0.837,0.929,0.05,0.257,0.285,0.05,0.05,0.828,0.11,0.243,0.49,0.11,0.11,0.5,0.859,0.237,0.237,0.309,0.73,0.264,0.751,0.344,0.889,0.583,0.664,0.192,0.751,0.264,0.817,0.737,0.732,0.88,0.977,0.433,0.678,0.304,0.433,0.532,0.849,0.221,0.849,0.696,0.678,0.369,0.309,0.502,0.373,0.369,0.526,0.654,0.986,0.158,0.526,0.567,0.526,0.369,0.985,0.46,0.199,0.414,0.655,0.57,0.573,0.971,0.172,0.436,0.046,0.182,0.047,0.586,0.558,0.556,0.544,0.073,0.053,0.287
0.642,0.642,0.581,0.581,0.324,0.478,0.563,0.708,0.469,0.419,0.708,0.697,0.635,0.324,0.697,0.708,0.635,0.324,0.949,0.635,0.344,0.595,0.344,0.623,0.635,0.563,0.623,0.708,0.706,0.419,0.706,0.595,0.33,0.602,0.587,0.602,0.506,0.587,0.33,0.506,0.807,0.602,0.591,0.412,0.602,0.506,0.95,0.591,0.738,0.591,0.336,0.834,0.243,0.57,0.338,0.57,0.583,0.393,0.393,0.393,0.333,0.338,0.583,0.338,0.243,0.333,0.601,0.945,0.601,0.318,0.318,0.318,0.5,0.415,0.742,0.752,0.376,0.99,0.345,0.376,0.757,0.415,0.373,0.752,0.91,0.373,0.345,0.732,0.753,0.989,0.415,0.691,0.75,0.754,0.281,0.373,0.918,0.281,0.281,0.715,0.308,0.386,0.959,0.308,0.308,0.798,0.682,0.549,0.549,0.572,0.212,0.39,0.304,0.451,0.657,0.965,0.865,0.336,0.317,0.39,0.699,0.322,0.882,0.333,0.604,0.448,0.809,0.514,0.448,0.199,0.313,0.294,0.32,0.228,0.596,0.37,0.602,0.479,0.44,0.37,0.317,0.48,0.753,0.651,0.317,0.703,0.317,0.37,0.751,0.506,0.538,0.533,0.332,0.63,0.296,0.684,0.431,0.552,0.689,0.521,0.545,0.286,0.336,0.297,0.337,0.517,0.51,0.51
0.656,0.656,0.649,0.649,0.876,0.303,0.844,0.799,0.296,0.662,0.799,0.863,0.746,0.876,0.863,0.799,0.746,0.876,0.362,0.746,0.274,0.761,0.274,0.689,0.746,0.844,0.689,0.799,0.778,0.662,0.778,0.761,0.262,0.409,0.506,0.409,0.948,0.506,0.262,0.948,0.487,0.409,0.819,0.741,0.409,0.948,0.324,0.819,0.456,0.819,0.224,0.408,0.901,0.578,0.978,0.578,0.592,0.892,0.892,0.892,0.406,0.978,0.592,0.978,0.901,0.406,0.365,0.412,0.365,0.865,0.865,0.865,0.508,0.942,0.483,0.361,0.927,0.339,0.918,0.927,0.58,0.942,0.864,0.459,0.355,0.864,0.918,0.352,0.571,0.367,0.942,0.46,0.369,0.446,0.898,0.864,0.331,0.898,0.898,0.362,0.88,0.895,0.332,0.88,0.88,0.352,0.282,0.898,0.898,0.896,0.967,0.997,0.461,0.999,0.392,0.399,0.125,0.912,0.494,0.997,0.247,0.512,0.173,0.506,0.414,0.985,0.339,0.354,0.985,0.963,0.5,0.86,0.525,0.987,0.061,0.933,0.391,0.983,0.444,0.933,0.939,0.142,0.889,0.887,0.939,0.058,0.939,0.933,0.885,0.736,0.734,0.534,0.715,0.062,0.648,0.856,0.876,0.547,0.82,0.733,0.83,0.737,0.621,0.615,0.567,0.189,0.169,0.251
0.395,0.395,0.323,0.323,0.74,0.27,0.296,0.252,0.282,0.228,0.252,0.274,0.286,0.74,0.274,0.252,0.286,0.74,0.399,0.286,0.327,0.267,0.327,0.242,0.286,0.296,0.242,0.252,0.235,0.228,0.235,0.267,0.511,0.213,0.227,0.213,0.725,0.227,0.511,0.725,0.596,0.213,0.729,0.685,0.213,0.725,0.479,0.729,0.699,0.729,0.378,0.535,0.743,0.858,0.825,0.858,0.876,0.816,0.816,0.816,0.163,0.825,0.876,0.825,0.743,0.163,0.193,0.934,0.193,0.576,0.576,0.576,0.361,0.747,0.953,0.512,0.792,0.699,0.823,0.792,0.513,0.747,0.723,0.508,0.951,0.723,0.823,0.446,0.502,0.191,0.747,0.993,0.485,0.506,0.707,0.723,0.226,0.707,0.707,0.442,0.732,0.872,0.683,0.732,0.732,0.572,0.331,0.756,0.756,0.749,0.991,0.746,0.147,0.626,0.306,0.215,0.264,0.861,0.167,0.746,0.315,0.175,0.263,0.12,0.427,0.724,0.254,0.233,0.724,0.808,0.137,0.794,0.132,0.972,0.317,0.871,0.345,0.731,0.271,0.871,0.836,0.399,0.613,0.306,0.836,0.201,0.836,0.871,0.62,0.215,0.254,0.212,0.47,0.228,0.274,0.406,0.413,0.206,0.6,0.288,0.583,0.463,0.259,0.291,0.302,0.952,0.941,0.673
0.164,0.164,0.29,0.29,0.123,0.451,0.115,0.066,0.452,0.049,0.066,0.093,0.083,0.123,0.093,0.066,0.083,0.123,0.172,0.083,0.042,0.036,0.042,0.07,0.083,0.115,0.07,0.066,0.034,0.049,0.034,0.036,0.142,0.031,0.098,0.031,0.182,0.098,0.142,0.182,0.716,0.031,0.214,0.545,0.031,0.182,0.095,0.214,0.511,0.214,0.493,0.537,0.116,0.255,0.255,0.255,0.273,0.295,0.295,0.295,0.039,0.255,0.273,0.255,0.116,0.039,0.032,0.729,0.032,0.079,0.079,0.079,0.598,0.189,0.73,0.553,0.391,0.782,0.358,0.391,0.412,0.189,0.17,0.63,0.723,0.17,0.358,0.548,0.441,0.521,0.189,0.636,0.574,0.629,0.149,0.17,0.216,0.149,0.149,0.558,0.131,0.392,0.817,0.131,0.131,0.614,0.548,0.562,0.562,0.621,0.826,0.501,0.781,0.518,0.633,0.562,0.669,0.396,0.8,0.501,0.585,0.796,0.682,0.828,0.456,0.512,0.451,0.513,0.512,0.879,0.799,0.152,0.815,0.905,0.428,0.419,0.754,0.587,0.404,0.419,0.393,0.667,0.415,0.543,0.393,0.723,0.393,0.419,0.408,0.34,0.348,0.326,0.067,0.658,0.1,0.402,0.062,0.3,0.085,0.346,0.096,0.08,0.113,0.127,0.146,0.092,0.08,0.136
0.898,0.898,0.878,0.878,0.731,0.489,0.776,0.728,0.546,0.906,0.728,0.838,0.695,0.731,0.838,0.728,0.695,0.731,0.923,0.695,0.685,0.924,0.685,0.701,0.695,0.776,0.701,0.728,0.772,0.906,0.772,0.924,0.422,0.451,0.749,0.451,0.638,0.749,0.422,0.638,0.577,0.451,0.669,0.32,0.451,0.638,0.837,0.669,0.328,0.669,0.433,0.565,0.379,0.576,0.782,0.576,0.577,0.795,0.795,0.795,0.665,0.782,0.577,0.782,0.379,0.665,0.505,0.302,0.505,0.443,0.443,0.443,0.515,0.714,0.311,0.806,0.627,0.406,0.596,0.627,0.63,0.714,0.55,0.663,0.308,0.55,0.596,0.801,0.612,0.22,0.714,0.35,0.791,0.643,0.769,0.55,0.643,0.769,0.769,0.789,0.794,0.729,0.437,0.794,0.794,0.456,0.665,0.879,0.879,0.94,0.855,0.933,0.343,0.808,0.613,0.245,0.377,0.678,0.372,0.933,0.62,0.364,0.392,0.365,0.469,0.854,0.358,0.77,0.854,0.572,0.399,0.579,0.391,0.828,0.283,0.772,0.759,0.924,0.692,0.772,0.752,0.483,0.88,0.437,0.752,0.307,0.752,0.772,0.889,0.324,0.426,0.375,0.462,0.262,0.478,0.705,0.215,0.372,0.363,0.393,0.345,0.471,0.488,0.509,0.482,0.265,0.321,0.388
0.45,0.45,0.815,0.815,0.026,0.072,0.32,0.157,0.071,0.249,0.157,0.181,0.339,0.026,0.181,0.157,0.339,0.026,0.008,0.339,0.349,0.16,0.349,0.343,0.339,0.32,0.343,0.157,0.18,0.249,0.18,0.16,0.202,0.125,0.195,0.125,0.014,0.195,0.202,0.014,0.148,0.125,0.014,0.248,0.125,0.014,0.016,0.014,0.198,0.014,0.03,0.195,0.233,0.263,0.006,0.263,0.283,0.007,0.007,0.007,0.142,0.006,0.283,0.006,0.233,0.142,0.132,0.204,0.132,0.199,0.199,0.199,0.513,0.036,0.274,0.838,0.333,0.309,0.255,0.333,0.401,0.036,0.423,0.81,0.209,0.423,0.255,0.813,0.353,0.457,0.036,0.277,0.856,0.848,0.214,0.423,0.015,0.214,0.214,0.85,0.247,0.297,0.306,0.247,0.247,0.274,0.756,0.187,0.187,0.149,0.137,0.271,0.532,0.27,0.792,0.433,0.76,0.419,0.518,0.271,0.823,0.51,0.825,0.542,0.547,0.115,0.405,0.103,0.115,0.385,0.529,0.227,0.52,0.134,0.464,0.432,0.132,0.102,0.11,0.432,0.309,0.726,0.918,0.326,0.309,0.627,0.309,0.432,0.911,0.493,0.341,0.617,0.004,0.603,0.003,0.873,0.014,0.617,0.009,0.322,0.011,0.003,0.004,0.001,0.002,0.012,0.007,0.005
0.219,0.219,0.144,0.144,0.678,0.106,0.369,0.352,0.112,0.322,0.352,0.439,0.308,0.678,0.439,0.352,0.308,0.678,0.418,0.308,0.406,0.342,0.406,0.307,0.308,0.369,0.307,0.352,0.371,0.322,0.371,0.342,0.829,0.763,0.775,0.763,0.548,0.775,0.829,0.548,0.379,0.763,0.625,0.717,0.763,0.548,0.524,0.625,0.395,0.625,0.295,0.302,0.716,0.719,0.663,0.719,0.712,0.762,0.762,0.762,0.6,0.663,0.712,0.663,0.716,0.6,0.728,0.33,0.728,0.349,0.349,0.349,0.397,0.334,0.695,0.459,0.626,0.245,0.609,0.626,0.548,0.334,0.784,0.501,0.337,0.784,0.609,0.472,0.449,0.26,0.334,0.718,0.407,0.52,0.282,0.784,0.758,0.282,0.282,0.422,0.329,0.595,0.227,0.329,0.329,0.232,0.525,0.8,0.8,0.872,0.417,0.867,0.215,0.795,0.582,0.257,0.529,0.616,0.206,0.867,0.535,0.218,0.49,0.129,0.517,0.733,0.211,0.718,0.733,0.448,0.106,0.644,0.125,0.405,0.202,0.797,0.806,0.801,0.762,0.797,0.766,0.455,0.55,0.819,0.766,0.258,0.766,0.797,0.535,0.769,0.809,0.822,0.66,0.254,0.421,0.674,0.205,0.807,0.423,0.799,0.397,0.597,0.528,0.528,0.633,0.509,0.551,0.128
0.257,0.257,0.175,0.175,0.83,0.061,0.148,0.518,0.065,0.398,0.518,0.192,0.476,0.83,0.192,0.518,0.476,0.83,0.491,0.476,0.31,0.452,0.31,0.492,0.476,0.148,0.492,0.518,0.54,0.398,0.54,0.452,0.642,0.709,0.363,0.709,0.89,0.363,0.642,0.89,0.612,0.709,0.855,0.566,0.709,0.89,0.5,0.855,0.768,0.855,0.203,0.593,0.975,0.22,0.819,0.22,0.206,0.849,0.849,0.849,0.805,0.819,0.206,0.819,0.975,0.805,0.716,0.602,0.716,0.902,0.902,0.902,0.839,0.861,0.473,0.696,0.989,0.62,1.0,0.989,0.815,0.861,0.659,0.703,0.62,0.659,1.0,0.603,0.775,0.613,0.861,0.48,0.679,0.763,0.866,0.659,0.804,0.866,0.866,0.591,0.938,0.879,0.628,0.938,0.938,0.524,0.906,0.479,0.479,0.536,0.821,0.894,0.611,0.856,0.939,0.757,0.195,0.885,0.606,0.894,0.904,0.601,0.189,0.557,0.932,0.536,0.597,0.456,0.536,0.976,0.595,0.846,0.55,0.771,0.472,0.636,0.324,0.566,0.375,0.636,0.681,0.216,0.4,0.457,0.681,0.354,0.681,0.636,0.409,0.974,0.623,0.984,0.258,0.471,0.323,0.497,0.195,0.986,0.35,0.598,0.419,0.224,0.301,0.352,0.341,0.91,0.895,0.161
0.405,0.405,0.338,0.338,0.09,0.212,0.377,0.256,0.237,0.269,0.256,0.354,0.223,0.09,0.354,0.256,0.223,0.09,0.983,0.223,0.805,0.32,0.805,0.172,0.223,0.377,0.172,0.256,0.243,0.269,0.243,0.32,0.718,0.723,0.874,0.723,0.277,0.874,0.718,0.277,0.026,0.723,0.253,0.284,0.723,0.277,0.965,0.253,0.424,0.253,0.639,0.014,0.106,0.296,0.468,0.296,0.284,0.339,0.339,0.339,0.581,0.468,0.284,0.468,0.106,0.581,0.707,0.47,0.707,0.092,0.092,0.092,0.048,0.088,0.33,0.009,0.59,0.628,0.597,0.59,0.008,0.088,0.04,0.015,0.485,0.04,0.597,0.009,0.008,0.837,0.088,0.303,0.009,0.011,0.316,0.04,0.477,0.316,0.316,0.009,0.354,0.221,0.644,0.354,0.354,0.662,0.045,0.628,0.628,0.643,0.886,0.404,0.511,0.445,0.06,0.832,0.043,0.219,0.602,0.404,0.04,0.554,0.041,0.589,0.05,0.675,0.669,0.198,0.675,0.896,0.587,0.103,0.594,0.933,0.788,0.299,0.164,0.702,0.218,0.299,0.256,0.062,0.618,0.081,0.256,0.826,0.256,0.299,0.563,0.123,0.051,0.088,0.403,0.832,0.433,0.657,0.15,0.088,0.127,0.056,0.139,0.43,0.42,0.4,0.358,0.261,0.26,0.318
0.162,0.162,0.13,0.13,0.364,0.181,0.099,0.108,0.169,0.065,0.108,0.142,0.099,0.364,0.142,0.108,0.099,0.364,0.409,0.099,0.125,0.041,0.125,0.1,0.099,0.099,0.1,0.108,0.111,0.065,0.111,0.041,0.124,0.191,0.131,0.191,0.543,0.131,0.124,0.543,0.332,0.191,0.49,0.413,0.191,0.543,0.556,0.49,0.925,0.49,0.456,0.316,0.405,0.074,0.52,0.074,0.073,0.467,0.467,0.467,0.136,0.52,0.073,0.52,0.405,0.136,0.192,0.693,0.192,0.24,0.24,0.24,0.322,0.426,0.49,0.869,0.305,0.859,0.323,0.305,0.173,0.426,0.362,0.202,0.702,0.362,0.323,0.898,0.225,0.909,0.426,0.488,0.911,0.187,0.269,0.362,0.325,0.269,0.269,0.922,0.286,0.43,0.873,0.286,0.286,0.872,0.955,0.399,0.399,0.387,0.518,0.192,0.993,0.428,0.241,0.901,0.591,0.422,0.989,0.192,0.974,0.993,0.593,0.944,0.174,0.488,0.861,0.556,0.488,0.474,0.939,0.473,0.944,0.648,0.943,0.383,0.532,0.456,0.466,0.383,0.373,0.528,0.03,0.544,0.373,0.958,0.373,0.383,0.029,0.402,0.479,0.332,0.107,0.965,0.147,0.016,0.209,0.355,0.261,0.632,0.253,0.147,0.132,0.157,0.145,0.337,0.34,0.214
0.764,0.764,0.863,0.863,0.656,0.398,0.749,0.553,0.398,0.646,0.553,0.57,0.665,0.656,0.57,0.553,0.665,0.656,0.07,0.665,0.756,0.458,0.756,0.657,0.665,0.749,0.657,0.553,0.541,0.646,0.541,0.458,0.653,0.691,0.603,0.691,0.851,0.603,0.653,0.851,0.455,0.691,0.79,0.237,0.691,0.851,0.065,0.79,0.347,0.79,0.266,0.484,0.736,0.565,0.636,0.565,0.579,0.669,0.669,0.669,0.573,0.636,0.579,0.636,0.736,0.573,0.641,0.271,0.641,0.624,0.624,0.624,0.572,0.585,0.26,0.373,0.713,0.416,0.665,0.713,0.402,0.585,0.737,0.452,0.312,0.737,0.665,0.404,0.452,0.524,0.585,0.259,0.338,0.433,0.778,0.737,0.243,0.778,0.778,0.38,0.793,0.612,0.427,0.793,0.793,0.605,0.301,0.701,0.701,0.359,0.031,0.752,0.255,0.655,0.368,0.503,0.538,0.645,0.246,0.752,0.309,0.261,0.478,0.272,0.434,0.515,0.696,0.378,0.515,0.263,0.241,0.77,0.278,0.025,0.811,0.75,0.297,0.265,0.377,0.75,0.822,0.775,0.535,0.285,0.822,0.579,0.822,0.75,0.584,0.285,0.34,0.266,0.296,0.537,0.187,0.454,0.525,0.334,0.485,0.466,0.41,0.278,0.211,0.167,0.174,0.593,0.555,0.563
0.224,0.224,0.469,0.469,0.472,0.074,0.488,0.296,0.13,0.423,0.296,0.282,0.478,0.472,0.282,0.296,0.478,0.472,0.298,0.478,0.718,0.324,0.718,0.471,0.478,0.488,0.471,0.296,0.298,0.423,0.298,0.324,0.729,0.775,0.779,0.775,0.42,0.779,0.729,0.42,0.221,0.775,0.423,0.194,0.775,0.42,0.333,0.423,0.217,0.423,0.243,0.248,0.527,0.617,0.545,0.617,0.632,0.436,0.436,0.436,0.697,0.545,0.632,0.545,0.527,0.697,0.765,0.295,0.765,0.378,0.378,0.378,0.291,0.573,0.243,0.112,0.668,0.242,0.735,0.668,0.134,0.573,0.48,0.139,0.199,0.48,0.735,0.164,0.159,0.026,0.573,0.164,0.105,0.154,0.507,0.48,0.552,0.507,0.507,0.171,0.808,0.68,0.202,0.808,0.808,0.248,0.183,0.438,0.438,0.538,0.092,0.781,0.079,0.672,0.182,0.021,0.047,0.651,0.08,0.781,0.171,0.096,0.057,0.08,0.212,0.486,0.037,0.393,0.486,0.126,0.063,0.548,0.069,0.079,0.041,0.693,0.3,0.51,0.498,0.693,0.788,0.046,0.219,0.422,0.788,0.038,0.788,0.693,0.214,0.745,0.424,0.825,0.662,0.034,0.292,0.288,0.799,0.837,0.446,0.447,0.516,0.626,0.344,0.249,0.308,0.742,0.716,0.549
0.536,0.536,0.487,0.487,0.002,0.889,0.313,0.309,0.827,0.294,0.309,0.484,0.229,0.002,0.484,0.309,0.229,0.002,0.007,0.229,0.436,0.365,0.436,0.239,0.229,0.313,0.239,0.309,0.313,0.294,0.313,0.365,0.758,0.201,0.38,0.201,0.023,0.38,0.758,0.023,0.699,0.201,0.025,0.131,0.201,0.023,0.012,0.025,0.458,0.025,0.878,0.747,0.5,0.891,0.004,0.891,0.863,0.011,0.011,0.011,0.296,0.004,0.863,0.004,0.5,0.296,0.213,0.308,0.213,0.506,0.506,0.506,0.8,0.004,0.128,0.673,0.506,0.803,0.47,0.506,0.903,0.004,0.395,0.759,0.378,0.395,0.47,0.66,0.892,0.809,0.004,0.125,0.668,0.726,0.6,0.395,0.002,0.6,0.6,0.654,0.58,0.388,0.8,0.58,0.58,0.793,0.643,0.049,0.049,0.112,0.554,0.055,0.767,0.05,0.723,0.895,0.99,0.391,0.782,0.055,0.637,0.816,0.966,0.415,0.811,0.046,0.823,0.437,0.046,0.414,0.432,0.329,0.418,0.434,0.819,0.318,0.329,0.085,0.297,0.318,0.25,0.943,0.934,0.278,0.25,0.88,0.25,0.318,0.948,0.12,0.226,0.103,0.601,0.886,0.636,0.853,0.532,0.109,0.807,0.238,0.793,0.585,0.714,0.586,0.63,0.871,0.857,0.656
0.944,0.944,0.925,0.925,0.584,0.051,0.878,0.904,0.041,0.734,0.904,0.893,0.894,0.584,0.893,0.904,0.894,0.584,0.504,0.894,0.9,0.711,0.9,0.853,0.894,0.878,0.853,0.904,0.867,0.734,0.867,0.711,0.39,0.864,0.914,0.864,0.589,0.914,0.39,0.589,0.51,0.864,0.565,0.846,0.864,0.589,0.71,0.565,0.874,0.565,0.052,0.506,0.257,0.434,0.603,0.434,0.432,0.646,0.646,0.646,0.674,0.603,0.432,0.603,0.257,0.674,0.832,0.861,0.832,0.385,0.385,0.385,0.538,0.656,0.849,0.62,0.209,0.906,0.18,0.209,0.379,0.656,0.194,0.265,0.846,0.194,0.18,0.57,0.306,0.899,0.656,0.843,0.619,0.34,0.248,0.194,0.718,0.248,0.248,0.587,0.243,0.226,0.899,0.243,0.243,0.807,0.545,0.802,0.802,0.794,0.447,0.767,0.341,0.748,0.346,0.88,0.878,0.286,0.322,0.767,0.578,0.314,0.877,0.339,0.408,0.791,0.805,0.926,0.791,0.584,0.321,0.324,0.317,0.531,0.923,0.18,0.948,0.811,0.836,0.18,0.122,0.922,0.037,0.88,0.122,0.987,0.122,0.18,0.034,0.691,0.754,0.544,0.855,0.989,0.878,0.041,0.885,0.54,0.911,0.723,0.938,0.898,0.876,0.872,0.872,0.908,0.849,0.97
0.803,0.803,0.924,0.924,0.084,0.628,0.889,0.652,0.608,0.594,0.652,0.736,0.74,0.084,0.736,0.652,0.74,0.084,0.41,0.74,0.845,0.54,0.845,0.914,0.74,0.889,0.914,0.652,0.745,0.594,0.745,0.54,0.8,0.737,0.84,0.737,0.069,0.84,0.8,0.069,0.796,0.737,0.066,0.958,0.737,0.069,0.336,0.066,0.731,0.066,0.417,0.717,0.053,0.942,0.066,0.942,0.939,0.067,0.067,0.067,0.58,0.066,0.939,0.066,0.053,0.58,0.662,0.807,0.662,0.255,0.255,0.255,0.767,0.041,0.93,0.872,0.062,0.807,0.069,0.062,0.826,0.041,0.023,0.792,0.795,0.023,0.069,0.837,0.813,0.887,0.041,0.88,0.861,0.852,0.239,0.023,0.439,0.239,0.239,0.812,0.252,0.003,0.785,0.252,0.252,0.814,0.661,0.221,0.221,0.276,0.691,0.362,0.566,0.364,0.686,0.923,0.794,0.003,0.442,0.362,0.673,0.454,0.791,0.771,0.737,0.31,0.948,0.081,0.31,0.676,0.563,0.005,0.586,0.681,0.955,0.036,0.077,0.379,0.083,0.036,0.027,0.801,0.786,0.034,0.027,0.968,0.027,0.036,0.794,0.024,0.062,0.023,0.242,0.972,0.234,0.845,0.227,0.019,0.433,0.06,0.42,0.231,0.213,0.237,0.216,0.436,0.379,0.296
0.3,0.3,0.369,0.369,0.993,0.333,0.845,0.853,0.358,0.708,0.853,0.869,0.806,0.993,0.869,0.853,0.806,0.993,0.839,0.806,0.764,0.791,0.764,0.826,0.806,0.845,0.826,0.853,0.812,0.708,0.812,0.791,0.529,0.68,0.715,0.68,0.988,0.715,0.529,0.988,0.202,0.68,0.991,0.311,0.68,0.988,0.873,0.991,0.14,0.991,0.434,0.354,0.989,0.583,0.995,0.583,0.588,0.99,0.99,0.99,0.659,0.995,0.588,0.995,0.989,0.659,0.7,0.183,0.7,0.879,0.879,0.879,0.18,0.989,0.413,0.161,0.948,0.136,0.994,0.948,0.251,0.989,0.989,0.245,0.178,0.989,0.994,0.197,0.269,0.148,0.989,0.4,0.152,0.263,0.942,0.989,0.953,0.942,0.942,0.226,0.989,0.97,0.121,0.989,0.989,0.123,0.209,0.838,0.838,0.704,0.859,0.906,0.504,0.773,0.275,0.136,0.197,0.903,0.615,0.906,0.209,0.595,0.222,0.327,0.171,0.803,0.168,0.991,0.803,0.605,0.277,0.916,0.266,0.822,0.199,0.971,0.987,0.671,0.967,0.971,0.983,0.164,0.686,0.883,0.983,0.083,0.983,0.971,0.683,0.753,0.861,0.763,0.424,0.079,0.404,0.682,0.015,0.759,0.025,0.849,0.037,0.457,0.401,0.379,0.423,0.151,0.171,0.026
0.896,0.896,0.895,0.895,0.952,0.809,0.596,0.587,0.699,0.701,0.587,0.635,0.544,0.952,0.635,0.587,0.544,0.952,0.76,0.544,0.848,0.714,0.848,0.708,0.544,0.596,0.708,0.587,0.779,0.701,0.779,0.714,0.437,0.525,0.569,0.525,0.317,0.569,0.437,0.317,0.047,0.525,0.285,0.009,0.525,0.317,0.739,0.285,0.01,0.285,0.68,0.051,0.832,0.589,0.303,0.589,0.631,0.259,0.259,0.259,0.615,0.303,0.631,0.303,0.832,0.615,0.615,0.01,0.615,0.85,0.85,0.85,0.041,0.978,0.009,0.118,0.728,0.006,0.693,0.728,0.143,0.978,0.859,0.133,0.01,0.859,0.693,0.135,0.134,0.011,0.978,0.009,0.123,0.123,0.906,0.859,0.982,0.906,0.906,0.124,0.908,0.635,0.007,0.908,0.908,0.01,0.076,0.363,0.363,0.463,0.933,0.863,0.078,0.867,0.074,0.012,0.021,0.658,0.078,0.863,0.088,0.078,0.025,0.051,0.082,0.25,0.012,0.137,0.25,0.969,0.064,0.841,0.061,0.862,0.012,0.586,0.138,0.333,0.191,0.586,0.637,0.022,0.296,0.128,0.637,0.013,0.637,0.586,0.282,0.623,0.137,0.623,0.303,0.013,0.362,0.354,0.301,0.606,0.42,0.133,0.412,0.336,0.319,0.328,0.321,0.561,0.558,0.433
0.2,0.2,0.269,0.269,0.159,0.985,0.29,0.821,0.984,0.794,0.821,0.158,0.848,0.159,0.158,0.821,0.848,0.159,0.067,0.848,0.209,0.785,0.209,0.848,0.848,0.29,0.848,0.821,0.87,0.794,0.87,0.785,0.872,0.742,0.233,0.742,0.057,0.233,0.872,0.057,0.695,0.742,0.12,0.244,0.742,0.057,0.049,0.12,0.409,0.12,0.881,0.72,0.386,0.995,0.062,0.995,0.997,0.202,0.202,0.202,0.784,0.062,0.997,0.062,0.386,0.784,0.738,0.431,0.738,0.175,0.175,0.175,0.386,0.067,0.215,0.411,0.312,0.785,0.354,0.312,0.532,0.067,0.515,0.43,0.375,0.515,0.354,0.451,0.518,0.779,0.067,0.207,0.419,0.451,0.146,0.515,0.056,0.146,0.146,0.406,0.151,0.423,0.746,0.151,0.151,0.908,0.515,0.344,0.344,0.289,0.297,0.202,0.476,0.244,0.529,0.748,0.531,0.39,0.462,0.202,0.487,0.462,0.603,0.622,0.497,0.322,0.924,0.478,0.322,0.133,0.614,0.368,0.608,0.285,0.979,0.552,0.439,0.298,0.358,0.552,0.603,0.901,0.111,0.37,0.603,0.533,0.603,0.552,0.108,0.337,0.442,0.344,0.103,0.511,0.427,0.079,0.561,0.375,0.62,0.629,0.691,0.097,0.388,0.461,0.408,0.85,0.845,0.108
0.738,0.738,0.684,0.684,0.071,0.05,0.736,0.682,0.046,0.437,0.682,0.761,0.656,0.071,0.761,0.682,0.656,0.071,0.188,0.656,0.611,0.509,0.611,0.58,0.656,0.736,0.58,0.682,0.64,0.437,0.64,0.509,0.191,0.444,0.538,0.444,0.091,0.538,0.191,0.091,0.286,0.444,0.194,0.924,0.444,0.091,0.372,0.194,0.129,0.194,0.026,0.27,0.259,0.327,0.042,0.327,0.321,0.066,0.066,0.066,0.319,0.042,0.321,0.042,0.259,0.319,0.441,0.106,0.441,0.095,0.095,0.095,0.458,0.094,0.985,0.262,0.441,0.084,0.452,0.441,0.345,0.094,0.337,0.288,0.108,0.337,0.452,0.279,0.334,0.189,0.094,0.946,0.29,0.303,0.56,0.337,0.432,0.56,0.56,0.282,0.528,0.367,0.084,0.528,0.528,0.099,0.136,0.433,0.433,0.46,0.419,0.313,0.408,0.377,0.192,0.173,0.773,0.328,0.379,0.313,0.153,0.324,0.818,0.597,0.236,0.435,0.169,0.591,0.435,0.549,0.564,0.345,0.567,0.417,0.277,0.374,0.574,0.449,0.735,0.374,0.37,0.75,0.733,0.466,0.37,0.377,0.37,0.374,0.733,0.537,0.749,0.681,0.862,0.33,0.95,0.797,0.899,0.632,0.965,0.792,0.958,0.858,0.939,0.961,0.942,0.973,0.975,0.908
0.926,0.926,0.884,0.884,0.142,0.658,0.875,0.826,0.725,0.833,0.826,0.89,0.841,0.142,0.89,0.826,0.841,0.142,0.437,0.841,0.924,0.847,0.924,0.893,0.841,0.875,0.893,0.826,0.872,0.833,0.872,0.847,0.756,0.889,0.871,0.889,0.146,0.871,0.756,0.146,0.203,0.889,0.032,0.178,0.889,0.146,0.391,0.032,0.332,0.032,0.606,0.209,0.058,0.948,0.107,0.948,0.908,0.047,0.047,0.047,0.839,0.107,0.908,0.107,0.058,0.839,0.943,0.36,0.943,0.046,0.046,0.046,0.356,0.156,0.169,0.343,0.025,0.064,0.03,0.025,0.38,0.156,0.154,0.331,0.37,0.154,0.03,0.351,0.416,0.082,0.156,0.168,0.299,0.337,0.025,0.154,0.697,0.025,0.025,0.315,0.027,0.031,0.064,0.027,0.027,0.07,0.416,0.208,0.208,0.213,0.339,0.467,0.483,0.261,0.387,0.091,0.22,0.023,0.523,0.467,0.461,0.483,0.24,0.289,0.467,0.241,0.096,0.109,0.241,0.428,0.411,0.092,0.436,0.319,0.168,0.057,0.104,0.247,0.026,0.057,0.063,0.308,0.893,0.007,0.063,0.141,0.063,0.057,0.883,0.196,0.02,0.231,0.119,0.134,0.151,0.864,0.388,0.207,0.435,0.012,0.428,0.18,0.186,0.136,0.177,0.324,0.322,0.297
0.352,0.352,0.307,0.307,0.911,0.015,0.308,0.276,0.014,0.161,0.276,0.342,0.231,0.911,0.342,0.276,0.231,0.911,0.455,0.231,0.181,0.195,0.181,0.218,0.231,0.308,0.218,0.276,0.27,0.161,0.27,0.195,0.079,0.16,0.21,0.16,0.934,0.21,0.079,0.934,0.448,0.16,0.911,0.911,0.16,0.934,0.399,0.911,0.693,0.911,0.016,0.423,0.919,0.126,0.891,0.126,0.114,0.832,0.832,0.832,0.129,0.891,0.114,0.891,0.919,0.129,0.161,0.658,0.161,0.912,0.912,0.912,0.152,0.919,0.997,0.565,0.889,0.624,0.882,0.889,0.433,0.919,0.952,0.409,0.657,0.952,0.882,0.467,0.41,0.432,0.919,1.0,0.566,0.45,0.872,0.952,0.365,0.872,0.872,0.488,0.869,0.868,0.585,0.869,0.869,0.738,0.383,0.594,0.594,0.563,0.408,0.322,0.433,0.353,0.255,0.387,0.206,0.866,0.432,0.322,0.34,0.585,0.25,0.585,0.235,0.526,0.536,0.488,0.526,0.139,0.691,0.964,0.697,0.39,0.467,0.96,0.351,0.478,0.587,0.96,0.962,0.403,0.183,0.385,0.962,0.436,0.962,0.96,0.219,0.72,0.294,0.746,0.805,0.394,0.745,0.216,0.498,0.752,0.338,0.258,0.363,0.799,0.856,0.705,0.78,0.281,0.212,0.372
0.126,0.126,0.125,0.125,0.915,0.237,0.056,0.033,0.154,0.23,0.033,0.08,0.032,0.915,0.08,0.033,0.032,0.915,0.965,0.032,0.183,0.239,0.183,0.024,0.032,0.056,0.024,0.033,0.027,0.23,0.027,0.239,0.441,0.068,0.079,0.068,0.987,0.079,0.441,0.987,0.592,0.068,0.995,0.855,0.068,0.987,0.959,0.995,0.935,0.995,0.141,0.582,0.629,0.277,1.0,0.277,0.286,1.0,1.0,1.0,0.348,1.0,0.286,1.0,0.629,0.348,0.07,0.88,0.07,0.697,0.697,0.697,0.421,0.817,0.806,0.656,0.994,0.723,0.991,0.994,0.506,0.817,0.852,0.667,0.894,0.852,0.991,0.596,0.484,0.626,0.817,0.82,0.614,0.706,0.837,0.852,0.987,0.837,0.837,0.61,0.838,0.752,0.737,0.838,0.838,0.774,0.388,0.874,0.874,0.721,0.594,0.515,0.399,0.465,0.436,0.658,0.161,0.774,0.396,0.515,0.356,0.428,0.152,0.481,0.367,0.793,0.679,0.302,0.793,0.639,0.548,0.457,0.538,0.532,0.713,0.997,0.348,0.64,0.327,0.997,0.994,0.272,0.932,0.147,0.994,0.716,0.994,0.997,0.923,0.071,0.142,0.034,0.634,0.727,0.646,0.866,0.686,0.054,0.676,0.145,0.676,0.644,0.639,0.654,0.657,0.88,0.858,0.68
0.446,0.446,0.378,0.378,0.184,0.739,0.654,0.641,0.712,0.604,0.641,0.677,0.61,0.184,0.677,0.641,0.61,0.184,0.441,0.61,0.772,0.639,0.772,0.683,0.61,0.654,0.683,0.641,0.716,0.604,0.716,0.639,0.955,0.745,0.789,0.745,0.063,0.789,0.955,0.063,0.12,0.745,0.065,0.053,0.745,0.063,0.518,0.065,0.091,0.065,0.559,0.07,0.385,0.694,0.127,0.694,0.692,0.153,0.153,0.153,0.763,0.127,0.692,0.127,0.385,0.763,0.828,0.081,0.828,0.454,0.454,0.454,0.147,0.039,0.042,0.16,0.256,0.159,0.203,0.256,0.152,0.039,0.146,0.119,0.073,0.146,0.203,0.153,0.121,0.184,0.039,0.046,0.146,0.122,0.396,0.146,0.747,0.396,0.396,0.139,0.411,0.129,0.149,0.411,0.411,0.316,0.101,0.033,0.033,0.037,0.117,0.101,0.094,0.093,0.067,0.159,0.364,0.117,0.087,0.101,0.106,0.092,0.315,0.09,0.089,0.04,0.341,0.17,0.04,0.089,0.089,0.21,0.095,0.172,0.18,0.103,0.245,0.047,0.118,0.103,0.096,0.291,0.6,0.317,0.096,0.09,0.096,0.103,0.619,0.14,0.383,0.209,0.152,0.081,0.118,0.466,0.133,0.186,0.187,0.355,0.136,0.086,0.152,0.183,0.203,0.059,0.154,0.325
0.043,0.043,0.064,0.064,0.838,0.483,0.053,0.364,0.456,0.424,0.364,0.049,0.397,0.838,0.049,0.364,0.397,0.838,0.152,0.397,0.177,0.359,0.177,0.398,0.397,0.053,0.398,0.364,0.367,0.424,0.367,0.359,0.528,0.483,0.082,0.483,0.57,0.082,0.528,0.57,0.435,0.483,0.62,0.486,0.483,0.57,0.161,0.62,0.577,0.62,0.788,0.702,0.838,0.18,0.798,0.18,0.171,0.842,0.842,0.842,0.533,0.798,0.171,0.798,0.838,0.533,0.447,0.637,0.447,0.883,0.883,0.883,0.765,0.598,0.589,0.481,0.826,0.663,0.835,0.826,0.484,0.598,0.949,0.622,0.704,0.949,0.835,0.506,0.545,0.802,0.598,0.532,0.351,0.56,0.838,0.949,0.112,0.838,0.838,0.513,0.831,0.88,0.699,0.831,0.831,0.708,0.42,0.338,0.338,0.354,0.143,0.325,0.969,0.312,0.601,0.833,0.622,0.878,0.979,0.325,0.44,0.964,0.546,0.969,0.597,0.349,0.826,0.984,0.349,0.181,0.927,0.933,0.931,0.162,0.835,0.84,0.978,0.352,0.955,0.84,0.888,0.649,0.856,0.89,0.888,0.843,0.888,0.84,0.834,0.761,0.912,0.759,0.26,0.866,0.208,0.761,0.614,0.779,0.076,0.881,0.07,0.191,0.165,0.176,0.182,0.081,0.052,0.867
0.872,0.872,0.846,0.846,0.844,0.668,0.922,0.962,0.731,0.977,0.962,0.901,0.981,0.844,0.901,0.962,0.981,0.844,0.912,0.981,0.836,0.954,0.836,0.922,0.981,0.922,0.922,0.962,0.935,0.977,0.935,0.954,0.778,0.909,0.801,0.909,0.793,0.801,0.778,0.793,0.767,0.909,0.842,0.662,0.909,0.793,0.973,0.842,0.114,0.842,0.682,0.613,0.719,0.911,0.756,0.911,0.907,0.811,0.811,0.811,0.87,0.756,0.907,0.756,0.719,0.87,0.869,0.134,0.869,0.627,0.627,0.627,0.756,0.936,0.659,0.421,0.693,0.477,0.622,0.693,0.406,0.936,0.785,0.31,0.133,0.785,0.622,0.425,0.395,0.502,0.936,0.673,0.467,0.302,0.574,0.785,0.883,0.574,0.574,0.466,0.545,0.476,0.493,0.545,0.545,0.397,0.463,0.74,0.74,0.646,0.24,0.831,0.369,0.863,0.388,0.526,0.636,0.526,0.338,0.831,0.473,0.333,0.63,0.441,0.598,0.747,0.527,0.628,0.747,0.21,0.406,0.691,0.393,0.183,0.408,0.664,0.576,0.698,0.606,0.664,0.594,0.718,0.277,0.258,0.594,0.386,0.594,0.664,0.238,0.146,0.24,0.111,0.778,0.418,0.765,0.189,0.61,0.119,0.367,0.274,0.378,0.836,0.776,0.765,0.762,0.554,0.529,0.859
0.906,0.906,0.927,0.927,0.152,0.371,0.677,0.552,0.284,0.405,0.552,0.698,0.508,0.152,0.698,0.552,0.508,0.152,0.544,0.508,0.968,0.501,0.968,0.496,0.508,0.677,0.496,0.552,0.55,0.405,0.55,0.501,0.703,0.754,0.838,0.754,0.095,0.838,0.703,0.095,0.804,0.754,0.755,0.881,0.754,0.095,0.581,0.755,0.867,0.755,0.41,0.826,0.466,0.924,0.133,0.924,0.955,0.717,0.717,0.717,0.562,0.133,0.955,0.133,0.466,0.562,0.746,0.754,0.746,0.568,0.568,0.568,0.815,0.068,0.882,0.581,0.707,0.653,0.742,0.707,0.722,0.068,0.666,0.7,0.72,0.666,0.742,0.591,0.745,0.673,0.068,0.865,0.553,0.689,0.755,0.666,0.081,0.755,0.755,0.553,0.563,0.757,0.608,0.563,0.563,0.589,0.67,0.568,0.568,0.567,0.477,0.488,0.224,0.347,0.755,0.73,0.96,0.672,0.24,0.488,0.665,0.242,0.952,0.292,0.719,0.267,0.856,0.844,0.267,0.407,0.281,0.549,0.277,0.504,0.933,0.653,0.777,0.43,0.791,0.653,0.639,0.972,0.487,0.749,0.639,0.689,0.639,0.653,0.486,0.786,0.748,0.738,0.843,0.743,0.841,0.264,0.579,0.791,0.894,0.801,0.921,0.806,0.888,0.824,0.862,0.928,0.938,0.827
0.737,0.737,0.724,0.724,0.782,0.338,0.626,0.551,0.345,0.718,0.551,0.612,0.527,0.782,0.612,0.551,0.527,0.782,0.279,0.527,0.856,0.637,0.856,0.505,0.527,0.626,0.505,0.551,0.539,0.718,0.539,0.637,0.678,0.759,0.743,0.759,0.618,0.743,0.678,0.618,0.822,0.759,0.699,0.276,0.759,0.618,0.286,0.699,0.53,0.699,0.198,0.769,0.946,0.406,0.631,0.406,0.356,0.711,0.711,0.711,0.868,0.631,0.356,0.631,0.946,0.868,0.679,0.657,0.679,0.976,0.976,0.976,0.939,0.771,0.354,0.972,0.992,0.739,0.962,0.992,0.969,0.771,0.834,0.958,0.646,0.834,0.962,0.946,0.97,0.716,0.771,0.249,0.963,0.984,0.876,0.834,0.128,0.876,0.876,0.939,0.941,0.971,0.765,0.941,0.941,0.758,0.981,0.748,0.748,0.738,0.502,0.629,0.849,0.858,0.985,0.719,0.901,0.957,0.859,0.629,0.966,0.868,0.819,0.905,0.987,0.769,0.718,0.36,0.769,0.442,0.891,0.951,0.887,0.386,0.636,0.906,0.332,0.712,0.386,0.906,0.849,0.676,0.528,0.313,0.849,0.809,0.849,0.906,0.585,0.203,0.271,0.183,0.203,0.864,0.184,0.517,0.405,0.211,0.785,0.299,0.781,0.243,0.215,0.135,0.153,0.195,0.101,0.124
0.868,0.868,0.864,0.864,0.27,0.987,0.942,0.924,0.987,0.956,0.924,0.907,0.934,0.27,0.907,0.924,0.934,0.27,0.631,0.934,0.809,0.984,0.809,0.934,0.934,0.942,0.934,0.924,0.929,0.956,0.929,0.984,0.734,0.948,0.917,0.948,0.585,0.917,0.734,0.585,0.851,0.948,0.556,0.261,0.948,0.585,0.622,0.556,0.366,0.556,0.931,0.854,0.303,0.778,0.569,0.778,0.776,0.614,0.614,0.614,0.866,0.569,0.776,0.569,0.303,0.866,0.937,0.372,0.937,0.217,0.217,0.217,0.812,0.35,0.294,0.223,0.164,0.469,0.279,0.164,0.594,0.35,0.389,0.373,0.347,0.389,0.279,0.307,0.57,0.376,0.35,0.28,0.241,0.356,0.287,0.389,0.277,0.287,0.287,0.324,0.251,0.304,0.45,0.251,0.251,0.565,0.347,0.353,0.353,0.344,0.154,0.056,0.534,0.058,0.34,0.402,0.102,0.201,0.445,0.056,0.373,0.492,0.11,0.551,0.432,0.336,0.596,0.685,0.336,0.063,0.586,0.331,0.577,0.181,0.298,0.355,0.656,0.338,0.559,0.355,0.461,0.068,0.656,0.395,0.461,0.167,0.461,0.355,0.661,0.311,0.469,0.29,0.816,0.177,0.945,0.719,0.785,0.326,0.899,0.487,0.914,0.819,0.908,0.931,0.888,0.99,0.989,0.959
0.978,0.978,0.98,0.98,0.203,0.953,0.786,0.75,0.921,0.635,0.75,0.746,0.783,0.203,0.746,0.75,0.783,0.203,0.049,0.783,0.977,0.619,0.977,0.773,0.783,0.786,0.773,0.75,0.752,0.635,0.752,0.619,0.704,0.952,0.958,0.952,0.09,0.958,0.704,0.09,0.678,0.952,0.092,0.149,0.952,0.09,0.04,0.092,0.027,0.092,0.927,0.708,0.434,0.615,0.183,0.615,0.587,0.188,0.188,0.188,0.782,0.183,0.587,0.183,0.434,0.782,0.946,0.034,0.946,0.804,0.804,0.804,0.851,0.14,0.208,0.374,0.563,0.059,0.557,0.563,0.612,0.14,0.604,0.59,0.034,0.604,0.557,0.401,0.516,0.074,0.14,0.174,0.385,0.626,0.807,0.604,0.132,0.807,0.807,0.405,0.82,0.687,0.06,0.82,0.82,0.071,0.675,0.231,0.231,0.24,0.843,0.391,0.732,0.378,0.822,0.074,0.069,0.65,0.71,0.391,0.677,0.694,0.073,0.751,0.824,0.246,0.083,0.123,0.246,0.952,0.705,0.529,0.66,0.846,0.143,0.588,0.096,0.26,0.221,0.588,0.568,0.059,0.564,0.101,0.568,0.109,0.568,0.588,0.568,0.618,0.09,0.495,0.443,0.117,0.419,0.578,0.25,0.537,0.439,0.105,0.437,0.455,0.462,0.405,0.446,0.253,0.198,0.655
0.484,0.484,0.422,0.422,0.7,0.113,0.663,0.81,0.098,0.637,0.81,0.713,0.657,0.7,0.713,0.81,0.657,0.7,0.874,0.657,0.287,0.682,0.287,0.809,0.657,0.663,0.809,0.81,0.851,0.637,0.851,0.682,0.602,0.622,0.517,0.622,0.534,0.517,0.602,0.534,0.193,0.622,0.511,0.915,0.622,0.534,0.846,0.511,0.977,0.511,0.041,0.183,0.54,0.883,0.326,0.883,0.892,0.365,0.365,0.365,0.52,0.326,0.892,0.326,0.54,0.52,0.677,0.65,0.677,0.377,0.377,0.377,0.197,0.597,0.771,0.138,0.342,0.141,0.208,0.342,0.163,0.597,0.611,0.159,0.802,0.611,0.208,0.121,0.145,0.187,0.597,0.916,0.213,0.178,0.158,0.611,0.498,0.158,0.158,0.185,0.209,0.259,0.16,0.209,0.209,0.31,0.074,0.622,0.622,0.86,0.302,0.709,0.239,0.57,0.083,0.192,0.042,0.364,0.307,0.709,0.116,0.301,0.049,0.215,0.138,0.523,0.261,0.67,0.523,0.571,0.184,0.559,0.171,0.281,0.148,0.257,0.691,0.855,0.772,0.257,0.187,0.131,0.72,0.694,0.187,0.104,0.187,0.257,0.701,0.467,0.578,0.437,0.83,0.098,0.9,0.769,0.044,0.45,0.132,0.62,0.131,0.808,0.916,0.923,0.933,0.569,0.472,0.147
0.735,0.735,0.744,0.744,0.305,0.332,0.808,0.512,0.314,0.601,0.512,0.591,0.716,0.305,0.591,0.512,0.716,0.305,0.902,0.716,0.628,0.448,0.628,0.706,0.716,0.808,0.706,0.512,0.465,0.601,0.465,0.448,0.355,0.472,0.557,0.472,0.298,0.557,0.355,0.298,0.396,0.472,0.263,0.153,0.472,0.298,0.78,0.263,0.566,0.263,0.293,0.388,0.426,0.17,0.223,0.17,0.161,0.196,0.196,0.196,0.477,0.223,0.161,0.223,0.426,0.477,0.493,0.525,0.493,0.853,0.853,0.853,0.151,0.268,0.214,0.416,0.537,0.714,0.552,0.537,0.175,0.268,0.186,0.364,0.468,0.186,0.552,0.407,0.174,0.807,0.268,0.188,0.402,0.367,0.703,0.186,0.674,0.703,0.703,0.389,0.711,0.015,0.724,0.711,0.711,0.651,0.343,0.299,0.299,0.168,0.296,0.333,0.248,0.273,0.322,0.808,0.328,0.015,0.274,0.333,0.32,0.248,0.339,0.364,0.149,0.279,0.79,0.868,0.279,0.531,0.338,0.017,0.334,0.272,0.843,0.13,0.767,0.142,0.83,0.13,0.138,0.342,0.962,0.665,0.138,0.824,0.138,0.13,0.966,0.522,0.632,0.613,0.116,0.847,0.078,0.909,0.032,0.608,0.063,0.685,0.051,0.13,0.075,0.085,0.08,0.126,0.149,0.062
0.731,0.731,0.735,0.735,0.719,0.519,0.804,0.766,0.424,0.597,0.766,0.833,0.736,0.719,0.833,0.766,0.736,0.719,0.494,0.736,0.662,0.693,0.662,0.726,0.736,0.804,0.726,0.766,0.765,0.597,0.765,0.693,0.54,0.64,0.682,0.64,0.488,0.682,0.54,0.488,0.52,0.64,0.653,0.442,0.64,0.488,0.478,0.653,0.516,0.653,0.246,0.524,0.52,0.921,0.298,0.921,0.935,0.383,0.383,0.383,0.5,0.298,0.935,0.298,0.52,0.5,0.589,0.624,0.589,0.437,0.437,0.437,0.628,0.809,0.484,0.914,0.522,0.565,0.496,0.522,0.965,0.809,0.704,0.94,0.594,0.704,0.496,0.902,0.951,0.744,0.809,0.444,0.912,0.953,0.441,0.704,0.184,0.441,0.441,0.905,0.418,0.697,0.528,0.418,0.418,0.595,0.767,0.845,0.845,0.858,0.661,0.62,0.924,0.613,0.891,0.764,0.9,0.646,0.887,0.62,0.778,0.916,0.9,0.924,0.917,0.819,0.681,0.853,0.819,0.941,0.911,0.836,0.92,0.863,0.77,0.849,0.828,0.788,0.899,0.849,0.713,0.936,0.127,0.631,0.713,0.813,0.713,0.849,0.135,0.341,0.405,0.295,0.852,0.807,0.829,0.141,0.908,0.44,0.942,0.599,0.943,0.81,0.834,0.804,0.815,0.376,0.351,0.221
0.161,0.161,0.18,0.18,0.199,0.617,0.119,0.667,0.523,0.564,0.667,0.126,0.625,0.199,0.126,0.667,0.625,0.199,0.095,0.625,0.18,0.467,0.18,0.621,0.625,0.119,0.621,0.667,0.649,0.564,0.649,0.467,0.482,0.808,0.311,0.808,0.553,0.311,0.482,0.553,0.766,0.808,0.577,0.482,0.808,0.553,0.129,0.577,0.54,0.577,0.901,0.668,0.477,0.207,0.285,0.207,0.202,0.3,0.3,0.3,0.666,0.285,0.202,0.285,0.477,0.666,0.817,0.703,0.817,0.442,0.442,0.442,0.7,0.136,0.63,0.765,0.45,0.636,0.458,0.45,0.747,0.136,0.531,0.797,0.709,0.531,0.458,0.79,0.744,0.383,0.136,0.628,0.805,0.79,0.611,0.531,0.078,0.611,0.611,0.82,0.667,0.69,0.65,0.667,0.667,0.509,0.908,0.402,0.402,0.382,0.863,0.454,0.97,0.468,0.837,0.372,0.425,0.665,0.961,0.454,0.936,0.961,0.421,0.953,0.863,0.378,0.429,0.795,0.378,0.768,0.937,0.536,0.949,0.838,0.644,0.548,0.832,0.368,0.623,0.548,0.609,0.675,0.294,0.483,0.609,0.498,0.609,0.548,0.27,0.331,0.546,0.281,0.536,0.5,0.512,0.182,0.466,0.299,0.311,0.492,0.273,0.503,0.561,0.432,0.511,0.088,0.036,0.752
0.78,0.78,0.751,0.751,0.105,0.005,0.744,0.872,0.005,0.968,0.872,0.75,0.869,0.105,0.75,0.872,0.869,0.105,0.033,0.869,0.508,0.951,0.508,0.874,0.869,0.744,0.874,0.872,0.857,0.968,0.857,0.951,0.78,0.738,0.55,0.738,0.132,0.55,0.78,0.132,0.096,0.738,0.118,0.815,0.738,0.132,0.046,0.118,0.814,0.118,0.006,0.162,0.378,0.973,0.214,0.973,0.968,0.189,0.189,0.189,0.774,0.214,0.968,0.214,0.378,0.774,0.671,0.946,0.671,0.127,0.127,0.127,0.082,0.089,0.9,0.079,0.171,0.622,0.126,0.171,0.065,0.089,0.207,0.065,0.92,0.207,0.126,0.07,0.099,0.6,0.089,0.795,0.062,0.069,0.081,0.207,0.127,0.081,0.081,0.065,0.069,0.133,0.681,0.069,0.069,0.539,0.04,0.31,0.31,0.202,0.599,0.136,0.581,0.205,0.058,0.681,0.907,0.195,0.716,0.136,0.035,0.809,0.926,0.833,0.068,0.249,0.614,0.418,0.249,0.629,0.886,0.318,0.886,0.572,0.336,0.261,0.388,0.266,0.482,0.261,0.281,0.87,0.696,0.314,0.281,0.672,0.281,0.261,0.689,0.263,0.413,0.274,0.417,0.687,0.45,0.858,0.701,0.265,0.488,0.418,0.478,0.392,0.459,0.439,0.468,0.385,0.414,0.808
0.262,0.262,0.445,0.445,0.306,0.791,0.673,0.425,0.774,0.574,0.425,0.379,0.629,0.306,0.379,0.425,0.629,0.306,0.334,0.629,0.233,0.425,0.233,0.674,0.629,0.673,0.674,0.425,0.493,0.574,0.493,0.425,0.233,0.233,0.323,0.233,0.479,0.323,0.233,0.479,0.395,0.233,0.398,0.523,0.233,0.479,0.271,0.398,0.224,0.398,0.703,0.376,0.542,0.275,0.374,0.275,0.28,0.235,0.235,0.235,0.287,0.374,0.28,0.374,0.542,0.287,0.276,0.248,0.276,0.406,0.406,0.406,0.462,0.338,0.328,0.158,0.534,0.346,0.595,0.534,0.267,0.338,0.73,0.241,0.25,0.73,0.595,0.169,0.275,0.401,0.338,0.38,0.177,0.204,0.378,0.73,0.361,0.378,0.378,0.156,0.487,0.444,0.399,0.487,0.487,0.348,0.151,0.316,0.316,0.342,0.85,0.387,0.506,0.471,0.202,0.425,0.5,0.344,0.529,0.387,0.156,0.528,0.573,0.617,0.226,0.423,0.467,0.014,0.423,0.811,0.599,0.677,0.618,0.902,0.536,0.576,0.014,0.436,0.019,0.576,0.691,0.606,0.767,0.07,0.691,0.527,0.691,0.576,0.739,0.167,0.06,0.187,0.081,0.443,0.097,0.699,0.308,0.17,0.099,0.059,0.104,0.093,0.084,0.097,0.086,0.21,0.131,0.417
0.848,0.848,0.747,0.747,0.44,0.498,0.659,0.699,0.495,0.554,0.699,0.832,0.614,0.44,0.832,0.699,0.614,0.44,0.273,0.614,0.49,0.655,0.49,0.539,0.614,0.659,0.539,0.699,0.712,0.554,0.712,0.655,0.164,0.36,0.495,0.36,0.643,0.495,0.164,0.643,0.387,0.36,0.519,0.948,0.36,0.643,0.466,0.519,0.834,0.519,0.492,0.362,0.847,0.29,0.446,0.29,0.305,0.345,0.345,0.345,0.273,0.446,0.305,0.446,0.847,0.273,0.328,0.818,0.328,0.674,0.674,0.674,0.373,0.493,0.925,0.378,0.575,0.601,0.805,0.575,0.635,0.493,0.475,0.44,0.81,0.475,0.805,0.374,0.613,0.528,0.493,0.944,0.389,0.474,0.568,0.475,0.163,0.568,0.568,0.385,0.52,0.425,0.572,0.52,0.52,0.728,0.294,0.638,0.638,0.566,0.953,0.652,0.119,0.576,0.402,0.47,0.3,0.418,0.135,0.652,0.305,0.136,0.299,0.117,0.535,0.607,0.478,0.505,0.607,0.716,0.117,0.484,0.118,0.921,0.343,0.345,0.571,0.534,0.491,0.345,0.335,0.297,0.317,0.414,0.335,0.387,0.335,0.345,0.332,0.478,0.461,0.456,0.706,0.385,0.751,0.504,0.719,0.442,0.896,0.396,0.891,0.718,0.691,0.801,0.753,0.734,0.71,0.851
0.956,0.956,0.991,0.991,0.797,0.225,0.987,0.724,0.242,0.703,0.724,0.783,0.939,0.797,0.783,0.724,0.939,0.797,0.345,0.939,0.945,0.525,0.945,0.931,0.939,0.987,0.931,0.724,0.674,0.703,0.674,0.525,0.541,0.811,0.868,0.811,0.908,0.868,0.541,0.908,0.014,0.811,0.9,0.348,0.811,0.908,0.36,0.9,0.445,0.9,0.122,0.012,0.643,0.591,0.69,0.591,0.567,0.914,0.914,0.914,0.636,0.69,0.567,0.69,0.643,0.636,0.742,0.185,0.742,0.594,0.594,0.594,0.01,0.606,0.623,0.055,0.809,0.25,0.578,0.809,0.011,0.606,0.671,0.004,0.242,0.671,0.578,0.043,0.01,0.257,0.606,0.733,0.052,0.005,0.46,0.671,0.473,0.46,0.46,0.044,0.353,0.706,0.26,0.353,0.353,0.305,0.049,0.043,0.043,0.045,0.089,0.05,0.006,0.057,0.005,0.255,0.156,0.87,0.006,0.05,0.048,0.006,0.193,0.007,0.008,0.07,0.212,0.661,0.07,0.094,0.009,0.727,0.009,0.101,0.21,0.878,0.695,0.074,0.638,0.878,0.575,0.187,0.059,0.664,0.575,0.284,0.575,0.878,0.054,0.464,0.727,0.561,0.848,0.272,0.791,0.055,0.895,0.508,0.975,0.678,0.978,0.824,0.82,0.886,0.905,0.945,0.943,0.891
0.018,0.018,0.016,0.016,0.095,0.87,0.012,0.011,0.923,0.005,0.011,0.019,0.008,0.095,0.019,0.011,0.008,0.095,0.057,0.008,0.01,0.006,0.01,0.005,0.008,0.012,0.005,0.011,0.007,0.005,0.007,0.006,0.007,0.003,0.006,0.003,0.071,0.006,0.007,0.071,0.248,0.003,0.076,0.531,0.003,0.071,0.126,0.076,0.855,0.076,0.785,0.393,0.498,0.019,0.112,0.019,0.02,0.103,0.103,0.103,0.004,0.112,0.02,0.112,0.498,0.004,0.004,0.845,0.004,0.687,0.687,0.687,0.52,0.057,0.693,0.663,0.524,0.823,0.256,0.524,0.165,0.057,0.145,0.562,0.853,0.145,0.256,0.645,0.227,0.876,0.057,0.63,0.654,0.468,0.454,0.145,0.011,0.454,0.454,0.647,0.306,0.021,0.917,0.306,0.306,0.892,0.698,0.179,0.179,0.274,0.399,0.392,0.328,0.483,0.523,0.944,0.986,0.034,0.289,0.392,0.668,0.31,0.988,0.476,0.274,0.169,0.937,0.526,0.169,0.697,0.323,0.041,0.332,0.414,0.945,0.077,0.482,0.224,0.553,0.077,0.046,0.983,0.89,0.434,0.046,0.894,0.046,0.077,0.878,0.45,0.517,0.381,0.576,0.951,0.586,0.904,0.766,0.404,0.774,0.43,0.764,0.74,0.63,0.588,0.648,0.231,0.266,0.319
0.021,0.021,0.015,0.015,0.611,0.06,0.043,0.036,0.05,0.029,0.036,0.041,0.038,0.611,0.041,0.036,0.038,0.611,0.116,0.038,0.123,0.032,0.123,0.044,0.038,0.043,0.044,0.036,0.037,0.029,0.037,0.032,0.1,0.17,0.205,0.17,0.275,0.205,0.1,0.275,0.83,0.17,0.135,0.074,0.17,0.275,0.056,0.135,0.303,0.135,0.199,0.59,0.594,0.048,0.454,0.048,0.044,0.272,0.272,0.272,0.156,0.454,0.044,0.454,0.594,0.156,0.149,0.391,0.149,0.683,0.683,0.683,0.803,0.71,0.119,0.84,0.58,0.705,0.649,0.58,0.627,0.71,0.844,0.807,0.427,0.844,0.649,0.843,0.655,0.656,0.71,0.14,0.84,0.82,0.733,0.844,0.415,0.733,0.733,0.858,0.731,0.858,0.684,0.731,0.731,0.735,0.919,0.305,0.305,0.327,0.901,0.795,0.654,0.837,0.885,0.574,0.718,0.874,0.675,0.795,0.935,0.661,0.699,0.707,0.782,0.567,0.528,0.504,0.567,0.658,0.682,0.855,0.685,0.924,0.548,0.461,0.5,0.569,0.546,0.461,0.529,0.836,0.629,0.302,0.529,0.625,0.529,0.461,0.628,0.151,0.189,0.075,0.705,0.535,0.561,0.586,0.151,0.102,0.165,0.17,0.128,0.78,0.497,0.653,0.546,0.175,0.338,0.349
0.663,0.663,0.554,0.554,0.904,0.289,0.618,0.57,0.295,0.503,0.57,0.688,0.545,0.904,0.688,0.57,0.545,0.904,0.915,0.545,0.667,0.53,0.667,0.672,0.545,0.618,0.672,0.57,0.743,0.503,0.743,0.53,0.724,0.882,0.866,0.882,0.924,0.866,0.724,0.924,0.591,0.882,0.912,0.65,0.882,0.924,0.904,0.912,0.957,0.912,0.578,0.764,0.865,0.392,0.984,0.392,0.398,0.974,0.974,0.974,0.865,0.984,0.398,0.984,0.865,0.865,0.934,0.961,0.934,0.738,0.738,0.738,0.89,0.845,0.444,0.657,0.911,0.909,0.916,0.911,0.725,0.845,0.918,0.69,0.958,0.918,0.916,0.704,0.773,0.842,0.845,0.459,0.561,0.648,0.811,0.918,0.588,0.811,0.811,0.617,0.799,0.857,0.922,0.799,0.799,0.918,0.83,0.58,0.58,0.548,0.312,0.509,0.651,0.5,0.82,0.836,0.791,0.875,0.611,0.509,0.791,0.626,0.816,0.757,0.825,0.599,0.888,0.535,0.599,0.435,0.534,0.911,0.519,0.277,0.868,0.934,0.51,0.56,0.592,0.934,0.974,0.825,0.184,0.771,0.974,0.833,0.974,0.934,0.206,0.507,0.683,0.49,0.494,0.834,0.507,0.31,0.866,0.485,0.492,0.674,0.5,0.534,0.477,0.592,0.554,0.609,0.593,0.805
0.339,0.339,0.333,0.333,0.811,0.119,0.416,0.201,0.145,0.273,0.201,0.406,0.203,0.811,0.406,0.201,0.203,0.811,0.19,0.203,0.318,0.258,0.318,0.201,0.203,0.416,0.201,0.201,0.219,0.273,0.219,0.258,0.972,0.385,0.52,0.385,0.733,0.52,0.972,0.733,0.301,0.385,0.564,0.475,0.385,0.733,0.247,0.564,0.397,0.564,0.192,0.291,1.0,0.592,0.765,0.592,0.569,0.697,0.697,0.697,0.466,0.765,0.569,0.765,1.0,0.466,0.347,0.725,0.347,0.998,0.998,0.998,0.261,0.891,0.642,0.173,0.98,0.426,0.97,0.98,0.262,0.891,0.958,0.218,0.783,0.958,0.97,0.185,0.317,0.537,0.891,0.594,0.158,0.196,0.913,0.958,0.691,0.913,0.913,0.162,0.942,0.986,0.448,0.942,0.942,0.432,0.172,0.319,0.319,0.295,0.391,0.653,0.163,0.649,0.224,0.589,0.8,0.985,0.159,0.653,0.168,0.183,0.639,0.243,0.325,0.264,0.416,0.045,0.264,0.803,0.244,0.999,0.253,0.313,0.357,0.872,0.025,0.233,0.041,0.872,0.892,0.638,0.382,0.054,0.892,0.511,0.892,0.872,0.356,0.035,0.068,0.049,0.137,0.503,0.277,0.368,0.332,0.062,0.326,0.091,0.36,0.163,0.254,0.215,0.198,0.476,0.456,0.404
0.844,0.844,0.892,0.892,0.303,0.322,0.825,0.535,0.313,0.483,0.535,0.701,0.598,0.303,0.701,0.535,0.598,0.303,0.875,0.598,0.521,0.44,0.521,0.608,0.598,0.825,0.608,0.535,0.533,0.483,0.533,0.44,0.131,0.291,0.361,0.291,0.257,0.361,0.131,0.257,0.49,0.291,0.146,0.108,0.291,0.257,0.885,0.146,0.15,0.146,0.247,0.476,0.044,0.175,0.078,0.175,0.175,0.078,0.078,0.078,0.261,0.078,0.175,0.078,0.044,0.261,0.302,0.228,0.302,0.058,0.058,0.058,0.406,0.396,0.092,0.18,0.019,0.44,0.014,0.019,0.215,0.396,0.155,0.118,0.219,0.155,0.014,0.171,0.175,0.412,0.396,0.095,0.215,0.125,0.009,0.155,0.962,0.009,0.009,0.212,0.024,0.054,0.477,0.024,0.024,0.256,0.207,0.273,0.273,0.728,0.56,0.552,0.759,0.704,0.135,0.43,0.876,0.054,0.748,0.552,0.244,0.752,0.845,0.721,0.245,0.533,0.227,0.941,0.533,0.72,0.726,0.167,0.736,0.516,0.366,0.045,0.941,0.747,0.948,0.045,0.03,0.82,0.943,0.989,0.03,0.457,0.03,0.045,0.935,0.971,0.953,0.987,0.977,0.485,0.951,0.912,0.71,0.98,0.794,0.954,0.782,0.945,0.986,0.976,0.994,0.866,0.877,0.519
0.984,0.984,0.982,0.982,0.183,0.681,0.914,0.944,0.654,0.798,0.944,0.93,0.947,0.183,0.93,0.944,0.947,0.183,0.666,0.947,0.796,0.859,0.796,0.956,0.947,0.914,0.956,0.944,0.956,0.798,0.956,0.859,0.465,0.947,0.886,0.947,0.135,0.886,0.465,0.135,0.831,0.947,0.111,0.92,0.947,0.135,0.617,0.111,0.795,0.111,0.547,0.843,0.17,0.463,0.11,0.463,0.466,0.089,0.089,0.089,0.871,0.11,0.466,0.11,0.17,0.871,0.947,0.784,0.947,0.089,0.089,0.089,0.662,0.183,0.976,0.533,0.079,0.876,0.093,0.079,0.596,0.183,0.097,0.584,0.74,0.097,0.093,0.515,0.585,0.865,0.183,0.975,0.488,0.595,0.127,0.097,0.928,0.127,0.127,0.477,0.171,0.019,0.876,0.171,0.171,0.875,0.408,0.286,0.286,0.298,0.875,0.443,0.285,0.491,0.466,0.851,0.393,0.018,0.224,0.443,0.396,0.238,0.453,0.247,0.487,0.327,0.843,0.102,0.327,0.786,0.196,0.064,0.199,0.908,0.861,0.012,0.099,0.331,0.091,0.012,0.016,0.421,0.985,0.43,0.016,0.899,0.016,0.012,0.98,0.375,0.412,0.338,0.518,0.84,0.291,0.961,0.418,0.352,0.335,0.397,0.296,0.537,0.306,0.358,0.375,0.266,0.271,0.575
0.82,0.82,0.861,0.861,0.606,0.882,0.906,0.76,0.902,0.688,0.76,0.889,0.755,0.606,0.889,0.76,0.755,0.606,0.77,0.755,0.866,0.647,0.866,0.807,0.755,0.906,0.807,0.76,0.817,0.688,0.817,0.647,1.0,0.768,0.821,0.768,0.755,0.821,1.0,0.755,0.365,0.768,0.775,0.353,0.768,0.755,0.829,0.775,0.278,0.775,0.858,0.353,0.823,0.715,0.601,0.715,0.687,0.582,0.582,0.582,0.643,0.601,0.687,0.601,0.823,0.643,0.76,0.517,0.76,0.973,0.973,0.973,0.369,0.548,0.424,0.193,0.902,0.49,0.91,0.902,0.265,0.548,0.429,0.201,0.424,0.429,0.91,0.18,0.256,0.558,0.548,0.414,0.192,0.211,0.984,0.429,0.521,0.984,0.984,0.193,0.992,0.677,0.489,0.992,0.992,0.621,0.292,0.834,0.834,0.934,0.178,0.798,0.612,0.807,0.291,0.506,0.722,0.67,0.533,0.798,0.213,0.524,0.607,0.79,0.425,0.842,0.738,0.683,0.842,0.469,0.656,0.563,0.659,0.283,0.744,0.473,0.591,0.934,0.654,0.473,0.481,0.766,0.705,0.618,0.481,0.653,0.481,0.473,0.695,0.418,0.663,0.376,0.671,0.677,0.699,0.799,0.524,0.378,0.618,0.612,0.621,0.647,0.688,0.676,0.673,0.68,0.669,0.588
0.686,0.686,0.768,0.768,0.514,0.798,0.477,0.515,0.815,0.397,0.515,0.569,0.42,0.514,0.569,0.515,0.42,0.514,0.647,0.42,0.766,0.438,0.766,0.448,0.42,0.477,0.448,0.515,0.572,0.397,0.572,0.438,0.416,0.747,0.826,0.747,0.897,0.826,0.416,0.897,0.514,0.747,0.854,0.315,0.747,0.897,0.646,0.854,0.616,0.854,0.9,0.625,0.369,0.173,0.844,0.173,0.163,0.827,0.827,0.827,0.753,0.844,0.163,0.844,0.369,0.753,0.684,0.701,0.684,0.322,0.322,0.322,0.864,0.517,0.326,0.338,0.744,0.735,0.738,0.744,0.489,0.517,0.282,0.382,0.66,0.282,0.738,0.349,0.418,0.859,0.517,0.355,0.354,0.423,0.661,0.282,0.822,0.661,0.661,0.379,0.663,0.824,0.697,0.663,0.663,0.848,0.657,0.977,0.977,0.937,0.722,0.592,0.842,0.517,0.564,0.853,0.81,0.824,0.814,0.592,0.683,0.82,0.852,0.946,0.606,0.99,0.977,0.508,0.99,0.874,0.93,0.401,0.939,0.722,0.696,0.879,0.599,0.966,0.36,0.879,0.866,0.845,0.916,0.595,0.866,0.785,0.866,0.879,0.92,0.95,0.759,0.831,0.657,0.823,0.609,0.967,0.763,0.754,0.573,0.88,0.512,0.709,0.628,0.707,0.743,0.393,0.377,0.841
0.065,0.065,0.092,0.092,0.805,0.136,0.069,0.111,0.177,0.059,0.111,0.07,0.103,0.805,0.07,0.111,0.103,0.805,0.371,0.103,0.204,0.062,0.204,0.099,0.103,0.069,0.099,0.111,0.109,0.059,0.109,0.062,0.156,0.256,0.276,0.256,0.549,0.276,0.156,0.549,0.461,0.256,0.619,0.233,0.256,0.549,0.377,0.619,0.385,0.619,0.238,0.529,0.671,0.085,0.71,0.085,0.091,0.764,0.764,0.764,0.151,0.71,0.091,0.71,0.671,0.151,0.264,0.345,0.264,0.44,0.44,0.44,0.416,0.713,0.312,0.785,0.532,0.447,0.399,0.532,0.762,0.713,0.609,0.854,0.341,0.609,0.399,0.795,0.759,0.532,0.713,0.286,0.78,0.863,0.422,0.609,0.189,0.422,0.422,0.796,0.481,0.289,0.666,0.481,0.481,0.326,0.733,0.933,0.933,0.915,0.985,0.848,0.783,0.838,0.814,0.743,0.765,0.282,0.779,0.848,0.733,0.772,0.706,0.754,0.73,0.933,0.384,0.238,0.933,0.661,0.711,0.686,0.72,0.996,0.434,0.567,0.248,0.939,0.346,0.567,0.579,0.568,0.695,0.365,0.579,0.573,0.579,0.567,0.65,0.21,0.439,0.202,0.186,0.767,0.143,0.643,0.573,0.214,0.413,0.386,0.439,0.266,0.169,0.139,0.178,0.624,0.559,0.295
0.19,0.19,0.204,0.204,0.178,0.003,0.422,0.343,0.003,0.221,0.343,0.444,0.296,0.178,0.444,0.343,0.296,0.178,0.372,0.296,0.202,0.289,0.202,0.265,0.296,0.422,0.265,0.343,0.31,0.221,0.31,0.289,0.193,0.319,0.426,0.319,0.188,0.426,0.193,0.188,0.007,0.319,0.235,0.047,0.319,0.188,0.31,0.235,0.075,0.235,0.003,0.022,0.124,0.249,0.083,0.249,0.263,0.109,0.109,0.109,0.193,0.083,0.263,0.083,0.124,0.193,0.299,0.091,0.299,0.263,0.263,0.263,0.004,0.173,0.052,0.021,0.141,0.127,0.132,0.141,0.004,0.173,0.133,0.005,0.1,0.133,0.132,0.013,0.003,0.102,0.173,0.055,0.015,0.008,0.415,0.133,0.312,0.415,0.415,0.016,0.388,0.219,0.129,0.388,0.388,0.182,0.027,0.423,0.423,0.426,0.387,0.568,0.919,0.588,0.008,0.096,0.549,0.194,0.833,0.568,0.022,0.887,0.422,0.967,0.003,0.324,0.122,0.463,0.324,0.508,0.963,0.13,0.956,0.393,0.161,0.169,0.597,0.323,0.564,0.169,0.182,0.258,0.362,0.577,0.182,0.139,0.182,0.169,0.388,0.354,0.555,0.235,0.318,0.16,0.164,0.285,0.022,0.273,0.04,0.511,0.045,0.314,0.176,0.18,0.196,0.083,0.103,0.017
0.011,0.011,0.013,0.013,0.919,0.118,0.022,0.018,0.095,0.012,0.018,0.02,0.016,0.919,0.02,0.018,0.016,0.919,0.975,0.016,0.009,0.014,0.009,0.016,0.016,0.022,0.016,0.018,0.016,0.012,0.016,0.014,0.006,0.008,0.012,0.008,0.955,0.012,0.006,0.955,0.289,0.008,0.959,0.117,0.008,0.955,0.955,0.959,0.24,0.959,0.087,0.153,0.841,0.006,0.911,0.006,0.005,0.888,0.888,0.888,0.009,0.911,0.005,0.911,0.841,0.009,0.008,0.21,0.008,0.818,0.818,0.818,0.238,0.953,0.081,0.318,0.844,0.273,0.845,0.844,0.263,0.953,0.828,0.28,0.191,0.828,0.845,0.27,0.195,0.453,0.953,0.077,0.326,0.294,0.902,0.828,0.901,0.902,0.902,0.299,0.825,0.64,0.234,0.825,0.825,0.257,0.397,0.95,0.95,0.965,0.963,0.839,0.493,0.835,0.317,0.41,0.67,0.629,0.454,0.839,0.417,0.448,0.755,0.713,0.215,0.903,0.307,0.136,0.903,0.932,0.765,0.658,0.734,0.914,0.399,0.909,0.16,0.929,0.093,0.909,0.909,0.722,0.236,0.055,0.909,0.424,0.909,0.909,0.231,0.461,0.084,0.536,0.39,0.365,0.453,0.205,0.493,0.529,0.701,0.066,0.714,0.378,0.392,0.453,0.386,0.672,0.664,0.5
0.935,0.935,0.854,0.854,0.406,0.443,0.797,0.842,0.439,0.555,0.842,0.897,0.805,0.406,0.897,0.842,0.805,0.406,0.053,0.805,0.838,0.605,0.838,0.715,0.805,0.797,0.715,0.842,0.814,0.555,0.814,0.605,0.332,0.685,0.813,0.685,0.354,0.813,0.332,0.354,0.739,0.685,0.248,0.138,0.685,0.354,0.066,0.248,0.253,0.248,0.45,0.736,0.59,0.442,0.21,0.442,0.449,0.184,0.184,0.184,0.513,0.21,0.449,0.21,0.59,0.513,0.661,0.264,0.661,0.492,0.492,0.492,0.86,0.399,0.167,0.729,0.81,0.3,0.806,0.81,0.637,0.399,0.688,0.682,0.267,0.688,0.806,0.705,0.614,0.344,0.399,0.162,0.686,0.722,0.801,0.688,0.064,0.801,0.801,0.694,0.664,0.786,0.313,0.664,0.664,0.179,0.654,0.453,0.453,0.58,0.517,0.555,0.625,0.743,0.698,0.348,0.236,0.825,0.62,0.555,0.667,0.618,0.228,0.778,0.503,0.503,0.186,0.318,0.503,0.394,0.757,0.683,0.764,0.533,0.072,0.858,0.276,0.609,0.432,0.858,0.832,0.22,0.239,0.941,0.832,0.071,0.832,0.858,0.271,0.942,0.928,0.93,0.351,0.068,0.325,0.311,0.457,0.929,0.434,0.897,0.432,0.402,0.334,0.191,0.226,0.453,0.452,0.595
0.024,0.024,0.073,0.073,0.707,0.057,0.2,0.165,0.123,0.164,0.165,0.105,0.345,0.707,0.105,0.165,0.345,0.707,0.783,0.345,0.031,0.104,0.031,0.364,0.345,0.2,0.364,0.165,0.151,0.164,0.151,0.104,0.983,0.308,0.156,0.308,0.303,0.156,0.983,0.303,0.38,0.308,0.357,0.484,0.308,0.303,0.809,0.357,0.839,0.357,0.307,0.584,0.558,0.975,0.392,0.975,0.974,0.469,0.469,0.469,0.275,0.392,0.974,0.392,0.558,0.275,0.369,0.553,0.369,0.57,0.57,0.57,0.53,0.639,0.255,0.427,0.445,0.561,0.508,0.445,0.602,0.639,0.647,0.616,0.54,0.647,0.508,0.526,0.814,0.492,0.639,0.253,0.461,0.43,0.578,0.647,0.839,0.578,0.578,0.52,0.624,0.557,0.606,0.624,0.624,0.817,0.818,0.577,0.577,0.652,0.191,0.818,0.413,0.818,0.777,0.55,0.42,0.464,0.428,0.818,0.834,0.415,0.494,0.443,0.858,0.454,0.665,0.358,0.454,0.76,0.403,0.617,0.415,0.169,0.774,0.301,0.312,0.538,0.266,0.301,0.296,0.445,0.147,0.156,0.296,0.502,0.296,0.301,0.167,0.125,0.129,0.116,0.322,0.574,0.413,0.13,0.048,0.112,0.061,0.132,0.078,0.373,0.437,0.456,0.391,0.089,0.071,0.306
0.798,0.798,0.789,0.789,0.888,0.691,0.939,0.927,0.69,0.87,0.927,0.913,0.923,0.888,0.913,0.927,0.923,0.888,0.91,0.923,0.698,0.903,0.698,0.896,0.923,0.939,0.896,0.927,0.938,0.87,0.938,0.903,0.663,0.752,0.77,0.752,0.964,0.77,0.663,0.964,0.649,0.752,0.965,0.489,0.752,0.964,0.916,0.965,0.197,0.965,0.664,0.672,0.667,0.899,0.982,0.899,0.896,0.978,0.978,0.978,0.74,0.982,0.896,0.982,0.667,0.74,0.784,0.194,0.784,0.682,0.682,0.682,0.763,0.888,0.447,0.456,0.919,0.033,0.895,0.919,0.741,0.888,0.805,0.628,0.172,0.805,0.895,0.482,0.705,0.044,0.888,0.485,0.438,0.665,0.787,0.805,0.955,0.787,0.787,0.462,0.788,0.853,0.037,0.788,0.788,0.051,0.477,0.998,0.998,0.998,0.9,0.977,0.477,0.97,0.583,0.048,0.247,0.867,0.472,0.977,0.453,0.443,0.248,0.224,0.53,0.997,0.06,0.691,0.997,0.737,0.215,0.7,0.23,0.779,0.071,0.981,0.835,0.998,0.803,0.981,0.956,0.273,0.336,0.815,0.956,0.056,0.956,0.981,0.333,0.743,0.907,0.789,0.697,0.049,0.734,0.213,0.377,0.783,0.211,0.887,0.193,0.717,0.635,0.762,0.747,0.141,0.225,0.654
0.697,0.697,0.701,0.701,0.356,0.936,0.801,0.877,0.946,0.879,0.877,0.771,0.908,0.356,0.771,0.877,0.908,0.356,0.043,0.908,0.62,0.823,0.62,0.923,0.908,0.801,0.923,0.877,0.909,0.879,0.909,0.823,0.467,0.793,0.741,0.793,0.148,0.741,0.467,0.148,0.504,0.793,0.172,0.593,0.793,0.148,0.055,0.172,0.728,0.172,0.723,0.49,0.169,0.62,0.194,0.62,0.633,0.186,0.186,0.186,0.681,0.194,0.633,0.194,0.169,0.681,0.816,0.666,0.816,0.285,0.285,0.285,0.843,0.307,0.57,0.682,0.468,0.361,0.431,0.468,0.645,0.307,0.182,0.668,0.671,0.182,0.431,0.699,0.668,0.327,0.307,0.569,0.706,0.667,0.334,0.182,0.13,0.334,0.334,0.713,0.33,0.287,0.412,0.33,0.33,0.265,0.531,0.241,0.241,0.25,0.542,0.456,0.496,0.46,0.464,0.369,0.485,0.306,0.484,0.456,0.553,0.474,0.481,0.419,0.625,0.211,0.372,0.843,0.211,0.626,0.39,0.313,0.336,0.513,0.447,0.096,0.825,0.221,0.808,0.096,0.076,0.448,0.879,0.699,0.076,0.367,0.076,0.096,0.88,0.699,0.802,0.7,0.392,0.415,0.364,0.937,0.615,0.7,0.168,0.576,0.18,0.423,0.353,0.458,0.436,0.183,0.247,0.614
0.994,0.994,0.945,0.945,0.282,0.711,0.962,0.953,0.726,0.869,0.953,0.971,0.952,0.282,0.971,0.953,0.952,0.282,0.757,0.952,1.0,0.876,1.0,0.935,0.952,0.962,0.935,0.953,0.936,0.869,0.936,0.876,0.992,0.995,0.992,0.995,0.238,0.992,0.992,0.238,0.641,0.995,0.238,0.093,0.995,0.238,0.735,0.238,0.011,0.238,0.817,0.583,0.131,0.724,0.136,0.724,0.69,0.138,0.138,0.138,1.0,0.136,0.69,0.136,0.131,1.0,1.0,0.013,1.0,0.069,0.069,0.069,0.544,0.329,0.078,0.576,0.035,0.019,0.043,0.035,0.686,0.329,0.15,0.571,0.013,0.15,0.043,0.592,0.674,0.031,0.329,0.081,0.582,0.557,0.04,0.15,0.891,0.04,0.04,0.603,0.043,0.034,0.014,0.043,0.043,0.022,0.363,0.505,0.505,0.648,0.966,0.319,0.157,0.263,0.36,0.024,0.107,0.035,0.185,0.319,0.33,0.176,0.12,0.396,0.448,0.356,0.036,0.798,0.356,0.695,0.332,0.052,0.356,0.957,0.059,0.089,0.889,0.654,0.816,0.089,0.087,0.159,0.521,0.622,0.087,0.036,0.087,0.089,0.519,0.586,0.691,0.585,0.479,0.039,0.448,0.441,0.157,0.59,0.128,0.658,0.149,0.375,0.503,0.426,0.432,0.163,0.139,0.371
0.259,0.259,0.236,0.236,0.366,0.754,0.184,0.189,0.785,0.098,0.189,0.194,0.157,0.366,0.194,0.189,0.157,0.366,0.206,0.157,0.269,0.111,0.269,0.157,0.157,0.184,0.157,0.189,0.179,0.098,0.179,0.111,0.176,0.31,0.249,0.31,0.369,0.249,0.176,0.369,0.853,0.31,0.473,0.865,0.31,0.369,0.428,0.473,0.341,0.473,0.658,0.851,0.485,0.071,0.201,0.071,0.067,0.309,0.309,0.309,0.19,0.201,0.067,0.201,0.485,0.19,0.295,0.409,0.295,0.335,0.335,0.335,0.901,0.424,0.669,0.866,0.295,0.746,0.223,0.295,0.587,0.424,0.67,0.599,0.474,0.67,0.223,0.823,0.615,0.728,0.424,0.814,0.821,0.635,0.223,0.67,0.523,0.223,0.223,0.782,0.153,0.224,0.752,0.153,0.153,0.367,0.868,0.665,0.665,0.66,0.902,0.869,0.797,0.874,0.685,0.674,0.712,0.263,0.783,0.869,0.836,0.79,0.741,0.75,0.695,0.68,0.556,0.837,0.68,0.687,0.724,0.601,0.712,0.93,0.631,0.47,0.756,0.672,0.751,0.47,0.391,0.798,0.128,0.596,0.391,0.702,0.391,0.47,0.125,0.438,0.531,0.391,0.831,0.702,0.865,0.123,0.584,0.427,0.674,0.53,0.657,0.804,0.836,0.876,0.809,0.625,0.636,0.525
0.914,0.914,0.913,0.913,0.121,0.54,0.828,0.807,0.525,0.872,0.807,0.814,0.775,0.121,0.814,0.807,0.775,0.121,0.823,0.775,0.673,0.916,0.673,0.855,0.775,0.828,0.855,0.807,0.883,0.872,0.883,0.916,0.323,0.553,0.673,0.553,0.424,0.673,0.323,0.424,0.647,0.553,0.418,0.142,0.553,0.424,0.671,0.418,0.318,0.418,0.412,0.604,0.05,0.537,0.341,0.537,0.55,0.322,0.322,0.322,0.577,0.341,0.55,0.341,0.05,0.577,0.65,0.333,0.65,0.056,0.056,0.056,0.395,0.142,0.168,0.941,0.423,0.496,0.447,0.423,0.789,0.142,0.057,0.925,0.344,0.057,0.447,0.883,0.908,0.301,0.142,0.206,0.927,0.93,0.141,0.057,0.628,0.141,0.141,0.876,0.139,0.195,0.471,0.139,0.139,0.36,0.783,0.439,0.439,0.524,0.787,0.324,0.892,0.31,0.898,0.297,0.465,0.146,0.904,0.324,0.77,0.885,0.456,0.781,0.669,0.633,0.276,0.273,0.633,0.918,0.793,0.046,0.772,0.764,0.299,0.312,0.561,0.638,0.291,0.312,0.371,0.619,0.329,0.562,0.371,0.33,0.371,0.312,0.314,0.396,0.667,0.471,0.232,0.32,0.384,0.491,0.624,0.472,0.49,0.666,0.511,0.229,0.372,0.411,0.383,0.278,0.277,0.397
0.768,0.768,0.969,0.969,0.941,0.353,0.965,0.722,0.489,0.791,0.722,0.719,0.919,0.941,0.719,0.722,0.919,0.941,0.127,0.919,0.727,0.545,0.727,0.96,0.919,0.965,0.96,0.722,0.686,0.791,0.686,0.545,0.489,0.63,0.65,0.63,0.865,0.65,0.489,0.865,0.027,0.63,0.812,0.067,0.63,0.865,0.21,0.812,0.109,0.812,0.48,0.027,0.982,0.579,0.882,0.579,0.584,0.886,0.886,0.886,0.529,0.882,0.584,0.882,0.982,0.529,0.673,0.121,0.673,0.939,0.939,0.939,0.018,0.938,0.072,0.08,0.652,0.082,0.658,0.652,0.092,0.938,0.936,0.093,0.168,0.936,0.658,0.074,0.113,0.039,0.938,0.059,0.081,0.076,0.825,0.936,0.221,0.825,0.825,0.078,0.841,0.551,0.068,0.841,0.841,0.04,0.057,0.222,0.222,0.182,0.097,0.589,0.008,0.579,0.049,0.039,0.074,0.568,0.008,0.589,0.06,0.008,0.064,0.009,0.066,0.2,0.028,0.214,0.2,0.338,0.011,0.591,0.011,0.083,0.026,0.91,0.227,0.162,0.216,0.91,0.848,0.063,0.06,0.498,0.848,0.037,0.848,0.91,0.049,0.353,0.423,0.428,0.342,0.033,0.423,0.076,0.258,0.424,0.106,0.351,0.119,0.393,0.363,0.435,0.379,0.075,0.074,0.094
0.311,0.311,0.475,0.475,0.853,0.261,0.4,0.241,0.277,0.24,0.241,0.22,0.41,0.853,0.22,0.241,0.41,0.853,0.706,0.41,0.208,0.138,0.208,0.375,0.41,0.4,0.375,0.241,0.213,0.24,0.213,0.138,0.244,0.119,0.096,0.119,0.85,0.096,0.244,0.85,0.222,0.119,0.864,0.121,0.119,0.85,0.69,0.864,0.261,0.864,0.169,0.366,0.618,0.312,0.779,0.312,0.318,0.815,0.815,0.815,0.102,0.779,0.318,0.779,0.618,0.102,0.119,0.211,0.119,0.512,0.512,0.512,0.205,0.881,0.073,0.198,0.523,0.185,0.51,0.523,0.141,0.881,0.74,0.231,0.246,0.74,0.51,0.25,0.228,0.25,0.881,0.133,0.189,0.19,0.499,0.74,0.708,0.499,0.499,0.234,0.495,0.714,0.316,0.495,0.495,0.35,0.141,0.391,0.391,0.41,0.096,0.154,0.013,0.182,0.103,0.248,0.395,0.727,0.015,0.154,0.136,0.02,0.413,0.041,0.147,0.408,0.328,0.029,0.408,0.106,0.041,0.785,0.047,0.086,0.352,0.738,0.028,0.427,0.02,0.738,0.71,0.366,0.288,0.04,0.71,0.321,0.71,0.738,0.32,0.257,0.03,0.199,0.094,0.29,0.162,0.272,0.214,0.19,0.391,0.027,0.406,0.091,0.135,0.16,0.147,0.403,0.429,0.268
0.192,0.192,0.185,0.185,0.099,0.284,0.271,0.342,0.385,0.438,0.342,0.291,0.372,0.099,0.291,0.342,0.372,0.099,0.019,0.372,0.443,0.446,0.443,0.294,0.372,0.271,0.294,0.342,0.328,0.438,0.328,0.446,0.418,0.561,0.51,0.561,0.036,0.51,0.418,0.036,0.243,0.561,0.035,0.579,0.561,0.036,0.032,0.035,0.819,0.035,0.765,0.272,0.439,0.241,0.029,0.241,0.249,0.024,0.024,0.024,0.652,0.029,0.249,0.029,0.439,0.652,0.518,0.774,0.518,0.296,0.296,0.296,0.212,0.084,0.776,0.103,0.347,0.669,0.371,0.347,0.183,0.084,0.307,0.134,0.739,0.307,0.371,0.099,0.132,0.575,0.084,0.773,0.108,0.164,0.291,0.307,0.018,0.291,0.291,0.102,0.307,0.15,0.661,0.307,0.307,0.704,0.182,0.017,0.017,0.025,0.131,0.035,0.151,0.037,0.253,0.565,0.881,0.135,0.175,0.035,0.18,0.171,0.878,0.135,0.303,0.02,0.611,0.177,0.02,0.031,0.171,0.286,0.174,0.13,0.594,0.203,0.18,0.028,0.215,0.203,0.237,0.807,0.652,0.305,0.237,0.584,0.237,0.203,0.685,0.117,0.213,0.096,0.56,0.575,0.422,0.688,0.664,0.087,0.685,0.223,0.693,0.598,0.436,0.437,0.442,0.851,0.821,0.476
0.394,0.394,0.342,0.342,0.483,0.24,0.232,0.288,0.249,0.121,0.288,0.334,0.186,0.483,0.334,0.288,0.186,0.483,0.161,0.186,0.543,0.151,0.543,0.194,0.186,0.232,0.194,0.288,0.289,0.121,0.289,0.151,0.287,0.174,0.206,0.174,0.366,0.206,0.287,0.366,0.19,0.174,0.368,0.682,0.174,0.366,0.251,0.368,0.71,0.368,0.189,0.202,0.333,0.372,0.234,0.372,0.381,0.271,0.271,0.271,0.127,0.234,0.381,0.234,0.333,0.127,0.179,0.376,0.179,0.323,0.323,0.323,0.228,0.368,0.352,0.606,0.567,0.479,0.449,0.567,0.67,0.368,0.285,0.717,0.391,0.285,0.449,0.658,0.582,0.598,0.368,0.32,0.672,0.768,0.365,0.285,0.214,0.365,0.365,0.667,0.423,0.504,0.532,0.423,0.423,0.678,0.726,0.367,0.367,0.414,0.375,0.727,0.938,0.673,0.749,0.467,0.567,0.513,0.94,0.727,0.692,0.92,0.583,0.868,0.808,0.385,0.483,0.313,0.385,0.408,0.781,0.465,0.788,0.342,0.459,0.218,0.281,0.414,0.261,0.218,0.11,0.36,0.01,0.123,0.11,0.575,0.11,0.218,0.012,0.103,0.166,0.154,0.38,0.437,0.313,0.024,0.486,0.156,0.611,0.172,0.593,0.33,0.342,0.275,0.318,0.616,0.581,0.439
0.885,0.885,0.838,0.838,0.367,0.804,0.407,0.404,0.614,0.494,0.404,0.482,0.352,0.367,0.482,0.404,0.352,0.367,0.935,0.352,0.651,0.558,0.651,0.317,0.352,0.407,0.317,0.404,0.373,0.494,0.373,0.558,0.606,0.224,0.42,0.224,0.606,0.42,0.606,0.606,0.183,0.224,0.561,0.249,0.224,0.606,0.951,0.561,0.171,0.561,0.614,0.174,0.599,0.816,0.515,0.816,0.87,0.447,0.447,0.447,0.337,0.515,0.87,0.515,0.599,0.337,0.207,0.198,0.207,0.741,0.741,0.741,0.3,0.388,0.203,0.232,0.348,0.239,0.291,0.348,0.192,0.388,0.487,0.26,0.238,0.487,0.291,0.242,0.199,0.348,0.388,0.205,0.259,0.246,0.236,0.487,0.601,0.236,0.236,0.236,0.315,0.393,0.208,0.315,0.315,0.312,0.4,0.831,0.831,0.871,0.858,0.826,0.409,0.875,0.423,0.273,0.903,0.492,0.418,0.826,0.433,0.409,0.801,0.431,0.327,0.882,0.373,0.895,0.882,0.898,0.394,0.64,0.401,0.717,0.345,0.274,0.926,0.885,0.815,0.274,0.174,0.564,0.966,0.785,0.174,0.663,0.174,0.274,0.959,0.768,0.937,0.826,0.941,0.671,0.983,0.975,0.966,0.801,0.989,0.903,0.992,0.933,0.958,0.949,0.976,0.993,0.987,0.966
0.699,0.699,0.66,0.66,0.322,0.472,0.529,0.804,0.491,0.501,0.804,0.541,0.796,0.322,0.541,0.804,0.796,0.322,0.26,0.796,0.69,0.601,0.69,0.737,0.796,0.529,0.737,0.804,0.793,0.501,0.793,0.601,0.421,0.784,0.691,0.784,0.579,0.691,0.421,0.579,0.244,0.784,0.454,0.819,0.784,0.579,0.41,0.454,0.753,0.454,0.461,0.191,0.11,0.567,0.322,0.567,0.595,0.394,0.394,0.394,0.537,0.322,0.595,0.322,0.11,0.537,0.753,0.681,0.753,0.561,0.561,0.561,0.304,0.477,0.59,0.097,0.2,0.78,0.173,0.2,0.144,0.477,0.076,0.116,0.654,0.076,0.173,0.091,0.135,0.821,0.477,0.645,0.099,0.174,0.623,0.076,0.771,0.623,0.623,0.086,0.586,0.448,0.791,0.586,0.586,0.827,0.171,0.589,0.589,0.577,0.152,0.621,0.29,0.606,0.236,0.873,0.968,0.435,0.344,0.621,0.145,0.38,0.972,0.459,0.229,0.659,0.88,0.933,0.659,0.26,0.319,0.097,0.38,0.188,0.82,0.252,0.918,0.63,0.771,0.252,0.298,0.917,0.308,0.679,0.298,0.791,0.298,0.252,0.283,0.858,0.83,0.946,0.466,0.848,0.541,0.204,0.678,0.905,0.641,0.796,0.673,0.498,0.504,0.537,0.499,0.781,0.708,0.801
0.159,0.159,0.121,0.121,0.165,0.318,0.164,0.144,0.288,0.427,0.144,0.188,0.141,0.165,0.188,0.144,0.141,0.165,0.85,0.141,0.215,0.429,0.215,0.162,0.141,0.164,0.162,0.144,0.16,0.427,0.16,0.429,0.479,0.19,0.229,0.19,0.219,0.229,0.479,0.219,0.122,0.19,0.216,0.255,0.19,0.219,0.819,0.216,0.614,0.216,0.221,0.166,0.087,0.61,0.205,0.61,0.623,0.214,0.214,0.214,0.345,0.205,0.623,0.205,0.087,0.345,0.185,0.572,0.185,0.13,0.13,0.13,0.476,0.167,0.221,0.735,0.169,0.744,0.09,0.169,0.657,0.167,0.118,0.774,0.559,0.118,0.09,0.723,0.725,0.628,0.167,0.218,0.693,0.84,0.23,0.118,0.579,0.23,0.23,0.711,0.133,0.104,0.754,0.133,0.133,0.782,0.781,0.09,0.09,0.098,0.192,0.216,0.536,0.225,0.876,0.636,0.483,0.172,0.521,0.216,0.802,0.575,0.467,0.507,0.495,0.08,0.694,0.076,0.08,0.27,0.438,0.113,0.47,0.195,0.551,0.126,0.059,0.103,0.071,0.126,0.061,0.31,0.971,0.041,0.061,0.602,0.061,0.126,0.975,0.147,0.035,0.138,0.044,0.636,0.092,0.991,0.17,0.137,0.242,0.031,0.246,0.051,0.07,0.078,0.065,0.267,0.205,0.167
0.766,0.766,0.782,0.782,0.558,0.055,0.711,0.844,0.062,0.934,0.844,0.675,0.844,0.558,0.675,0.844,0.844,0.558,0.197,0.844,0.931,0.926,0.931,0.836,0.844,0.711,0.836,0.844,0.843,0.934,0.843,0.926,0.746,0.932,0.892,0.932,0.113,0.892,0.746,0.113,0.351,0.932,0.091,0.776,0.932,0.113,0.096,0.091,0.74,0.091,0.097,0.342,0.199,0.631,0.161,0.631,0.611,0.126,0.126,0.126,0.96,0.161,0.611,0.161,0.199,0.96,0.932,0.695,0.932,0.169,0.169,0.169,0.616,0.412,0.835,0.907,0.102,0.76,0.113,0.102,0.535,0.412,0.284,0.488,0.689,0.284,0.113,0.864,0.596,0.812,0.412,0.888,0.937,0.439,0.071,0.284,0.257,0.071,0.071,0.926,0.102,0.196,0.735,0.102,0.102,0.76,0.912,0.267,0.267,0.281,0.632,0.748,0.691,0.734,0.52,0.777,0.708,0.235,0.663,0.748,0.915,0.651,0.778,0.863,0.675,0.374,0.745,0.218,0.374,0.649,0.816,0.234,0.826,0.68,0.721,0.154,0.199,0.391,0.26,0.154,0.13,0.728,0.023,0.127,0.13,0.905,0.13,0.154,0.014,0.08,0.161,0.084,0.194,0.868,0.237,0.027,0.444,0.078,0.594,0.163,0.59,0.198,0.276,0.242,0.274,0.633,0.576,0.585
0.078,0.078,0.053,0.053,0.749,0.849,0.052,0.019,0.863,0.016,0.019,0.022,0.02,0.749,0.022,0.019,0.02,0.749,0.723,0.02,0.034,0.013,0.034,0.018,0.02,0.052,0.018,0.019,0.015,0.016,0.015,0.013,0.16,0.015,0.035,0.015,0.651,0.035,0.16,0.651,0.369,0.015,0.633,0.208,0.015,0.651,0.799,0.633,0.43,0.633,0.94,0.517,0.734,0.299,0.416,0.299,0.329,0.625,0.625,0.625,0.014,0.416,0.329,0.416,0.734,0.014,0.014,0.443,0.014,0.835,0.835,0.835,0.467,0.74,0.442,0.41,0.159,0.766,0.224,0.159,0.306,0.74,0.655,0.487,0.493,0.655,0.224,0.415,0.397,0.754,0.74,0.297,0.399,0.466,0.544,0.655,0.663,0.544,0.544,0.424,0.676,0.449,0.648,0.676,0.676,0.468,0.339,0.742,0.742,0.733,0.952,0.641,0.324,0.665,0.44,0.652,0.572,0.317,0.343,0.641,0.295,0.345,0.647,0.359,0.206,0.58,0.437,0.615,0.58,0.594,0.311,0.75,0.319,0.767,0.457,0.376,0.626,0.559,0.826,0.376,0.283,0.781,0.736,0.994,0.283,0.863,0.283,0.376,0.744,0.814,0.922,0.817,0.946,0.8,0.834,0.605,0.801,0.821,0.827,0.941,0.874,0.92,0.851,0.757,0.81,0.863,0.819,0.988
0.196,0.196,0.165,0.165,0.633,0.918,0.177,0.386,0.929,0.211,0.386,0.187,0.367,0.633,0.187,0.386,0.367,0.633,0.255,0.367,0.253,0.208,0.253,0.319,0.367,0.177,0.319,0.386,0.35,0.211,0.35,0.208,0.112,0.239,0.197,0.239,0.249,0.197,0.112,0.249,0.903,0.239,0.327,0.874,0.239,0.249,0.241,0.327,0.954,0.327,0.966,0.9,0.399,0.135,0.22,0.135,0.134,0.249,0.249,0.249,0.203,0.22,0.134,0.22,0.399,0.203,0.224,0.756,0.224,0.167,0.167,0.167,0.967,0.762,0.859,0.947,0.221,0.873,0.152,0.221,0.843,0.762,0.499,0.975,0.797,0.499,0.152,0.953,0.856,0.525,0.762,0.858,0.959,0.973,0.371,0.499,0.296,0.371,0.371,0.964,0.268,0.199,0.879,0.268,0.268,0.98,0.957,0.409,0.409,0.478,0.961,0.887,0.806,0.847,0.974,0.522,0.786,0.215,0.757,0.887,0.976,0.769,0.849,0.886,0.871,0.721,0.648,0.939,0.721,0.939,0.862,0.403,0.862,0.799,0.669,0.469,0.912,0.759,0.888,0.469,0.353,0.527,0.941,0.856,0.353,0.907,0.353,0.469,0.924,0.804,0.803,0.818,0.503,0.892,0.352,0.808,0.474,0.815,0.593,0.791,0.598,0.413,0.362,0.359,0.373,0.587,0.604,0.705
0.779,0.779,0.767,0.767,0.293,0.626,0.63,0.839,0.669,0.835,0.839,0.758,0.856,0.293,0.758,0.839,0.856,0.293,0.003,0.856,0.539,0.861,0.539,0.753,0.856,0.63,0.753,0.839,0.751,0.835,0.751,0.861,0.634,0.579,0.676,0.579,0.002,0.676,0.634,0.002,0.587,0.579,0.002,0.469,0.579,0.002,0.003,0.002,0.205,0.002,0.478,0.6,0.146,0.906,0.022,0.906,0.904,0.015,0.015,0.015,0.72,0.022,0.904,0.022,0.146,0.72,0.553,0.131,0.553,0.784,0.784,0.784,0.759,0.382,0.157,0.393,0.211,0.22,0.241,0.211,0.441,0.382,0.255,0.438,0.145,0.255,0.241,0.4,0.38,0.227,0.382,0.114,0.406,0.518,0.915,0.255,0.914,0.915,0.915,0.411,0.934,0.187,0.204,0.934,0.934,0.393,0.473,0.057,0.057,0.096,0.249,0.701,0.115,0.72,0.452,0.226,0.292,0.166,0.085,0.701,0.454,0.089,0.295,0.169,0.488,0.14,0.266,0.34,0.14,0.797,0.103,0.176,0.108,0.541,0.195,0.099,0.323,0.213,0.409,0.099,0.114,0.265,0.823,0.66,0.114,0.134,0.114,0.099,0.819,0.303,0.542,0.335,0.058,0.131,0.071,0.868,0.097,0.346,0.104,0.423,0.109,0.076,0.068,0.082,0.09,0.198,0.21,0.189
0.752,0.752,0.759,0.759,0.902,0.226,0.761,0.954,0.247,0.967,0.954,0.608,0.993,0.902,0.608,0.954,0.993,0.902,0.987,0.993,0.897,0.871,0.897,0.988,0.993,0.761,0.988,0.954,0.932,0.967,0.932,0.871,0.766,0.937,0.792,0.937,0.876,0.792,0.766,0.876,0.553,0.937,0.759,0.356,0.937,0.876,0.953,0.759,0.285,0.759,0.262,0.502,0.674,0.847,0.919,0.847,0.845,0.825,0.825,0.825,0.822,0.919,0.845,0.919,0.674,0.822,0.921,0.583,0.921,0.391,0.391,0.391,0.088,0.941,0.357,0.675,0.836,0.438,0.901,0.836,0.19,0.941,0.802,0.755,0.443,0.802,0.901,0.68,0.2,0.53,0.941,0.346,0.667,0.738,0.608,0.802,0.979,0.608,0.608,0.685,0.771,0.928,0.388,0.771,0.771,0.214,0.542,0.92,0.92,0.946,0.283,0.928,0.768,0.925,0.57,0.5,0.396,0.811,0.73,0.928,0.562,0.767,0.436,0.875,0.162,0.961,0.262,0.458,0.961,0.517,0.876,0.61,0.844,0.389,0.268,0.791,0.468,0.979,0.299,0.791,0.933,0.364,0.213,0.516,0.933,0.507,0.933,0.791,0.182,0.565,0.495,0.642,0.499,0.462,0.497,0.15,0.224,0.605,0.208,0.486,0.243,0.494,0.502,0.608,0.624,0.377,0.413,0.056
0.053,0.053,0.067,0.067,0.382,0.137,0.086,0.573,0.161,0.393,0.573,0.091,0.574,0.382,0.091,0.573,0.574,0.382,0.712,0.574,0.048,0.443,0.048,0.543,0.574,0.086,0.543,0.573,0.566,0.393,0.566,0.443,0.363,0.693,0.164,0.693,0.594,0.164,0.363,0.594,0.016,0.693,0.774,0.52,0.693,0.594,0.869,0.774,0.734,0.774,0.168,0.033,0.608,0.195,0.606,0.195,0.183,0.759,0.759,0.759,0.565,0.606,0.183,0.606,0.608,0.565,0.657,0.723,0.657,0.37,0.37,0.37,0.065,0.336,0.504,0.064,0.585,0.856,0.606,0.585,0.029,0.336,0.514,0.034,0.71,0.514,0.606,0.08,0.041,0.935,0.336,0.508,0.065,0.03,0.375,0.514,0.391,0.375,0.375,0.09,0.398,0.667,0.811,0.398,0.398,0.883,0.09,0.114,0.114,0.06,0.018,0.021,0.08,0.021,0.041,0.889,0.95,0.631,0.092,0.021,0.098,0.094,0.955,0.134,0.04,0.068,0.905,0.673,0.068,0.022,0.12,0.481,0.117,0.011,0.718,0.503,0.638,0.037,0.797,0.503,0.555,0.968,0.078,0.55,0.555,0.737,0.555,0.503,0.076,0.641,0.5,0.59,0.157,0.706,0.214,0.057,0.345,0.556,0.269,0.541,0.248,0.17,0.184,0.195,0.172,0.736,0.665,0.501
0.511,0.511,0.589,0.589,0.233,0.914,0.169,0.113,0.917,0.694,0.113,0.18,0.126,0.233,0.18,0.113,0.126,0.233,0.173,0.126,0.734,0.596,0.734,0.125,0.126,0.169,0.125,0.113,0.119,0.694,0.119,0.596,0.818,0.136,0.204,0.136,0.35,0.204,0.818,0.35,0.467,0.136,0.408,0.043,0.136,0.35,0.384,0.408,0.183,0.408,0.909,0.455,0.531,0.748,0.365,0.748,0.741,0.454,0.454,0.454,0.729,0.365,0.741,0.365,0.531,0.729,0.146,0.082,0.146,0.877,0.877,0.877,0.542,0.225,0.032,0.244,0.48,0.164,0.472,0.48,0.331,0.225,0.556,0.317,0.115,0.556,0.472,0.243,0.34,0.253,0.225,0.031,0.247,0.317,0.905,0.556,0.438,0.905,0.905,0.242,0.918,0.956,0.238,0.918,0.918,0.284,0.31,0.115,0.115,0.11,0.393,0.16,0.565,0.11,0.358,0.309,0.593,0.892,0.68,0.16,0.3,0.695,0.693,0.414,0.33,0.065,0.265,0.414,0.065,0.578,0.371,0.856,0.374,0.372,0.245,0.801,0.395,0.063,0.627,0.801,0.759,0.535,0.851,0.578,0.759,0.285,0.759,0.801,0.746,0.348,0.299,0.169,0.439,0.344,0.316,0.776,0.565,0.143,0.688,0.251,0.616,0.338,0.407,0.381,0.431,0.325,0.412,0.406
0.059,0.059,0.106,0.106,0.469,0.599,0.13,0.037,0.67,0.037,0.037,0.076,0.07,0.469,0.076,0.037,0.07,0.469,0.269,0.07,0.42,0.037,0.42,0.056,0.07,0.13,0.056,0.037,0.054,0.037,0.054,0.037,0.859,0.21,0.264,0.21,0.664,0.264,0.859,0.664,0.249,0.21,0.638,0.422,0.21,0.664,0.575,0.638,0.769,0.638,0.874,0.286,0.588,0.514,0.363,0.514,0.492,0.368,0.368,0.368,0.208,0.363,0.492,0.363,0.588,0.208,0.273,0.202,0.273,0.575,0.575,0.575,0.383,0.729,0.487,0.369,0.5,0.452,0.517,0.5,0.376,0.729,0.809,0.367,0.21,0.809,0.517,0.331,0.458,0.508,0.729,0.504,0.383,0.406,0.606,0.809,0.66,0.606,0.606,0.376,0.536,0.79,0.44,0.536,0.536,0.931,0.496,0.236,0.236,0.203,0.168,0.355,0.423,0.319,0.593,0.525,0.87,0.775,0.44,0.355,0.512,0.436,0.853,0.519,0.619,0.247,0.91,0.364,0.247,0.243,0.528,0.734,0.514,0.126,0.859,0.782,0.349,0.215,0.376,0.782,0.799,0.933,0.948,0.252,0.799,0.62,0.799,0.782,0.933,0.462,0.205,0.386,0.664,0.625,0.635,0.947,0.709,0.385,0.709,0.221,0.812,0.657,0.569,0.685,0.658,0.676,0.57,0.923
0.52,0.52,0.51,0.51,0.538,0.863,0.36,0.322,0.874,0.236,0.322,0.372,0.273,0.538,0.372,0.322,0.273,0.538,0.046,0.273,0.458,0.236,0.458,0.327,0.273,0.36,0.327,0.322,0.357,0.236,0.357,0.236,0.593,0.215,0.283,0.215,0.519,0.283,0.593,0.519,0.932,0.215,0.487,0.465,0.215,0.519,0.042,0.487,0.627,0.487,0.795,0.867,0.414,0.865,0.488,0.865,0.888,0.487,0.487,0.487,0.232,0.488,0.888,0.488,0.414,0.232,0.278,0.706,0.278,0.305,0.305,0.305,0.791,0.627,0.385,0.942,0.36,0.769,0.361,0.36,0.951,0.627,0.47,0.934,0.718,0.47,0.361,0.957,0.95,0.917,0.627,0.466,0.954,0.938,0.293,0.47,0.052,0.293,0.293,0.963,0.303,0.427,0.759,0.303,0.303,0.866,0.893,0.952,0.952,0.95,0.586,0.816,0.871,0.84,0.878,0.916,0.832,0.416,0.885,0.816,0.892,0.859,0.812,0.856,0.935,0.955,0.877,0.229,0.955,0.674,0.896,0.425,0.883,0.621,0.884,0.466,0.414,0.952,0.262,0.466,0.466,0.6,0.478,0.677,0.466,0.829,0.466,0.466,0.474,0.424,0.634,0.516,0.381,0.786,0.603,0.485,0.668,0.513,0.798,0.708,0.835,0.364,0.565,0.574,0.592,0.38,0.476,0.151
0.612,0.612,0.481,0.481,0.038,0.934,0.499,0.678,0.932,0.81,0.678,0.464,0.675,0.038,0.464,0.678,0.675,0.038,0.167,0.675,0.77,0.856,0.77,0.685,0.675,0.499,0.685,0.678,0.658,0.81,0.658,0.856,0.772,0.849,0.728,0.849,0.018,0.728,0.772,0.018,0.91,0.849,0.011,0.813,0.849,0.018,0.132,0.011,0.912,0.011,0.948,0.952,0.02,0.64,0.027,0.64,0.621,0.017,0.017,0.017,0.948,0.027,0.621,0.027,0.02,0.948,0.865,0.853,0.865,0.03,0.03,0.03,0.993,0.031,0.792,0.909,0.004,0.353,0.004,0.004,0.878,0.031,0.009,0.903,0.897,0.009,0.004,0.926,0.885,0.422,0.031,0.77,0.947,0.904,0.058,0.009,0.119,0.058,0.058,0.954,0.061,0.004,0.43,0.061,0.061,0.47,0.837,0.061,0.061,0.086,0.284,0.417,0.443,0.448,0.815,0.474,0.701,0.004,0.5,0.417,0.887,0.507,0.676,0.523,0.889,0.089,0.545,0.438,0.089,0.566,0.756,0.016,0.76,0.271,0.553,0.008,0.356,0.124,0.465,0.008,0.005,0.646,0.894,0.338,0.005,0.561,0.005,0.008,0.894,0.296,0.201,0.343,0.023,0.541,0.042,0.905,0.28,0.263,0.045,0.191,0.038,0.017,0.05,0.027,0.028,0.074,0.069,0.344
0.206,0.206,0.186,0.186,0.139,0.391,0.316,0.269,0.22,0.163,0.269,0.29,0.244,0.139,0.29,0.269,0.244,0.139,0.386,0.244,0.135,0.201,0.135,0.244,0.244,0.316,0.244,0.269,0.294,0.163,0.294,0.201,0.069,0.149,0.172,0.149,0.111,0.172,0.069,0.111,0.879,0.149,0.029,0.697,0.149,0.111,0.368,0.029,0.86,0.029,0.209,0.689,0.143,0.091,0.143,0.091,0.098,0.081,0.081,0.081,0.107,0.143,0.098,0.143,0.143,0.107,0.153,0.534,0.153,0.387,0.387,0.387,0.609,0.25,0.544,0.443,0.112,0.777,0.109,0.112,0.652,0.25,0.048,0.481,0.552,0.048,0.109,0.416,0.558,0.943,0.25,0.535,0.42,0.512,0.283,0.048,0.135,0.283,0.283,0.393,0.28,0.067,0.837,0.28,0.28,0.912,0.419,0.165,0.165,0.2,0.493,0.468,0.517,0.436,0.49,0.96,0.568,0.065,0.496,0.468,0.425,0.438,0.591,0.633,0.628,0.274,0.965,0.559,0.274,0.654,0.636,0.102,0.56,0.669,0.976,0.023,0.54,0.271,0.55,0.023,0.018,0.522,0.929,0.342,0.018,0.91,0.018,0.023,0.912,0.126,0.23,0.164,0.427,0.929,0.532,0.901,0.847,0.145,0.471,0.317,0.456,0.511,0.493,0.491,0.475,0.637,0.583,0.807
0.378,0.378,0.349,0.349,0.945,0.997,0.311,0.284,0.997,0.183,0.284,0.326,0.206,0.945,0.326,0.284,0.206,0.945,0.786,0.206,0.395,0.216,0.395,0.235,0.206,0.311,0.235,0.284,0.261,0.183,0.261,0.216,0.162,0.364,0.427,0.364,0.796,0.427,0.162,0.796,0.729,0.364,0.827,0.343,0.364,0.796,0.861,0.827,0.7,0.827,0.995,0.719,0.796,0.088,0.87,0.088,0.089,0.822,0.822,0.822,0.332,0.87,0.089,0.87,0.796,0.332,0.405,0.775,0.405,0.811,0.811,0.811,0.708,0.925,0.4,0.827,0.78,0.236,0.76,0.78,0.754,0.925,0.887,0.885,0.677,0.887,0.76,0.815,0.686,0.274,0.925,0.392,0.871,0.897,0.639,0.887,0.971,0.639,0.639,0.872,0.699,0.765,0.242,0.699,0.699,0.204,0.786,0.53,0.53,0.392,0.556,0.518,0.494,0.564,0.852,0.27,0.112,0.831,0.473,0.518,0.809,0.471,0.099,0.689,0.617,0.62,0.219,0.246,0.62,0.208,0.505,0.798,0.568,0.467,0.42,0.862,0.259,0.45,0.245,0.862,0.904,0.074,0.868,0.487,0.904,0.361,0.904,0.862,0.855,0.523,0.487,0.491,0.505,0.351,0.549,0.888,0.416,0.518,0.496,0.526,0.493,0.485,0.533,0.533,0.533,0.511,0.5,0.606
0.239,0.239,0.211,0.211,0.943,0.551,0.284,0.264,0.509,0.453,0.264,0.316,0.28,0.943,0.316,0.264,0.28,0.943,0.626,0.28,0.402,0.495,0.402,0.401,0.28,0.284,0.401,0.264,0.37,0.453,0.37,0.495,0.459,0.445,0.511,0.445,0.769,0.511,0.459,0.769,0.292,0.445,0.725,0.323,0.445,0.769,0.544,0.725,0.594,0.725,0.657,0.323,0.973,0.269,0.834,0.269,0.245,0.748,0.748,0.748,0.627,0.834,0.245,0.834,0.973,0.627,0.515,0.819,0.515,0.954,0.954,0.954,0.293,0.992,0.387,0.283,0.862,0.748,0.832,0.862,0.211,0.992,0.961,0.205,0.86,0.961,0.832,0.309,0.18,0.825,0.992,0.366,0.277,0.192,0.921,0.961,0.956,0.921,0.921,0.294,0.949,0.962,0.775,0.949,0.949,0.78,0.445,0.676,0.676,0.743,0.634,0.886,0.897,0.914,0.179,0.826,0.877,0.967,0.878,0.886,0.442,0.873,0.874,0.878,0.14,0.683,0.818,0.328,0.683,0.887,0.87,0.974,0.869,0.6,0.71,0.923,0.369,0.751,0.097,0.923,0.919,0.884,0.185,0.077,0.919,0.804,0.919,0.923,0.193,0.042,0.054,0.039,0.252,0.815,0.463,0.191,0.26,0.042,0.169,0.07,0.189,0.304,0.472,0.517,0.512,0.364,0.408,0.341
0.269,0.269,0.266,0.266,0.279,0.471,0.09,0.084,0.494,0.2,0.084,0.121,0.062,0.279,0.121,0.084,0.062,0.279,0.018,0.062,0.633,0.172,0.633,0.062,0.062,0.09,0.062,0.084,0.074,0.2,0.074,0.172,0.19,0.165,0.389,0.165,0.201,0.389,0.19,0.201,0.609,0.165,0.439,0.664,0.165,0.201,0.045,0.439,0.681,0.439,0.672,0.622,0.935,0.056,0.208,0.056,0.051,0.379,0.379,0.379,0.354,0.208,0.051,0.208,0.935,0.354,0.198,0.647,0.198,0.881,0.881,0.881,0.732,0.332,0.574,0.841,0.772,0.767,0.708,0.772,0.806,0.332,0.987,0.901,0.623,0.987,0.708,0.905,0.79,0.65,0.332,0.568,0.86,0.842,0.444,0.987,0.042,0.444,0.444,0.902,0.341,0.839,0.81,0.341,0.341,0.842,0.884,0.413,0.413,0.438,0.816,0.609,0.484,0.599,0.911,0.689,0.788,0.845,0.449,0.609,0.895,0.463,0.772,0.538,0.866,0.288,0.791,0.836,0.288,0.581,0.501,0.952,0.504,0.706,0.983,0.828,0.822,0.31,0.676,0.828,0.815,0.934,0.309,0.482,0.815,0.751,0.815,0.828,0.304,0.224,0.462,0.174,0.942,0.777,0.958,0.334,0.912,0.183,0.937,0.473,0.94,0.929,0.954,0.928,0.929,0.921,0.897,0.897
0.098,0.098,0.148,0.148,0.238,0.382,0.234,0.218,0.334,0.279,0.218,0.198,0.183,0.238,0.198,0.218,0.183,0.238,0.853,0.183,0.118,0.292,0.118,0.192,0.183,0.234,0.192,0.218,0.263,0.279,0.263,0.292,0.835,0.334,0.221,0.334,0.596,0.221,0.835,0.596,0.938,0.334,0.602,0.798,0.334,0.596,0.738,0.602,0.951,0.602,0.429,0.922,0.138,0.838,0.48,0.838,0.822,0.569,0.569,0.569,0.51,0.48,0.822,0.48,0.138,0.51,0.321,0.93,0.321,0.183,0.183,0.183,0.944,0.348,0.743,0.754,0.237,0.568,0.298,0.237,0.849,0.348,0.137,0.832,0.857,0.137,0.298,0.77,0.893,0.559,0.348,0.709,0.764,0.809,0.305,0.137,0.472,0.305,0.305,0.774,0.345,0.572,0.549,0.345,0.345,0.683,0.81,0.472,0.472,0.776,0.689,0.804,0.909,0.702,0.9,0.54,0.793,0.522,0.865,0.804,0.815,0.846,0.637,0.939,0.911,0.841,0.715,0.336,0.841,0.537,0.915,0.298,0.91,0.694,0.722,0.205,0.423,0.784,0.401,0.205,0.299,0.862,0.493,0.403,0.299,0.613,0.299,0.205,0.482,0.389,0.459,0.339,0.735,0.604,0.678,0.461,0.518,0.338,0.623,0.483,0.67,0.67,0.638,0.566,0.55,0.78,0.751,0.624
0.235,0.235,0.191,0.191,0.343,0.771,0.193,0.275,0.779,0.272,0.275,0.209,0.374,0.343,0.209,0.275,0.374,0.343,0.36,0.374,0.326,0.233,0.326,0.332,0.374,0.193,0.332,0.275,0.277,0.272,0.277,0.233,0.12,0.186,0.177,0.186,0.421,0.177,0.12,0.421,0.691,0.186,0.43,0.436,0.186,0.421,0.376,0.43,0.51,0.43,0.734,0.623,0.413,0.118,0.116,0.118,0.122,0.15,0.15,0.15,0.198,0.116,0.122,0.116,0.413,0.198,0.163,0.444,0.163,0.48,0.48,0.48,0.192,0.403,0.422,0.593,0.511,0.668,0.589,0.511,0.717,0.403,0.206,0.665,0.415,0.206,0.589,0.593,0.696,0.707,0.403,0.436,0.602,0.68,0.531,0.206,0.695,0.531,0.531,0.607,0.533,0.712,0.651,0.533,0.533,0.765,0.499,0.494,0.494,0.54,0.743,0.761,0.884,0.629,0.551,0.661,0.847,0.592,0.788,0.761,0.503,0.826,0.857,0.763,0.569,0.343,0.838,0.908,0.343,0.99,0.751,0.47,0.752,0.637,0.895,0.293,0.848,0.339,0.901,0.293,0.427,0.976,0.713,0.914,0.427,0.871,0.427,0.293,0.708,0.854,0.911,0.835,0.904,0.712,0.919,0.749,0.896,0.834,0.974,0.93,0.971,0.905,0.918,0.914,0.914,0.551,0.617,0.511
0.917,0.917,0.963,0.963,0.991,0.496,0.913,0.661,0.541,0.788,0.661,0.88,0.728,0.991,0.88,0.661,0.728,0.991,0.93,0.728,0.679,0.635,0.679,0.744,0.728,0.913,0.744,0.661,0.667,0.788,0.667,0.635,0.745,0.466,0.722,0.466,0.982,0.722,0.745,0.982,0.893,0.466,0.872,0.519,0.466,0.982,0.856,0.872,0.9,0.872,0.483,0.858,0.936,0.513,0.992,0.513,0.473,0.887,0.887,0.887,0.501,0.992,0.473,0.992,0.936,0.501,0.491,0.757,0.491,0.847,0.847,0.847,0.824,0.993,0.261,0.778,0.776,0.755,0.801,0.776,0.66,0.993,0.984,0.577,0.708,0.984,0.801,0.779,0.595,0.701,0.993,0.276,0.702,0.556,0.806,0.984,0.837,0.806,0.806,0.698,0.819,0.768,0.769,0.819,0.819,0.832,0.669,0.339,0.339,0.253,0.005,0.048,0.282,0.06,0.548,0.713,0.798,0.758,0.424,0.048,0.657,0.435,0.767,0.351,0.744,0.238,0.84,0.932,0.238,0.015,0.382,0.927,0.382,0.005,0.962,0.842,0.891,0.112,0.88,0.842,0.964,0.994,0.073,0.712,0.964,0.64,0.964,0.842,0.073,0.796,0.69,0.774,0.907,0.713,0.904,0.09,0.841,0.775,0.837,0.695,0.846,0.93,0.935,0.828,0.923,0.895,0.896,0.962
0.351,0.351,0.341,0.341,0.482,0.552,0.225,0.712,0.577,0.527,0.712,0.262,0.596,0.482,0.262,0.712,0.596,0.482,0.883,0.596,0.564,0.658,0.564,0.508,0.596,0.225,0.508,0.712,0.664,0.527,0.664,0.658,0.502,0.715,0.378,0.715,0.935,0.378,0.502,0.935,0.88,0.715,0.948,0.782,0.715,0.935,0.818,0.948,0.417,0.948,0.95,0.694,0.662,0.281,0.883,0.281,0.277,0.947,0.947,0.947,0.769,0.883,0.277,0.883,0.662,0.769,0.713,0.589,0.713,0.567,0.567,0.567,0.888,0.766,0.688,0.611,0.814,0.786,0.881,0.814,0.733,0.766,0.388,0.72,0.589,0.388,0.881,0.61,0.722,0.86,0.766,0.696,0.556,0.74,0.55,0.388,0.77,0.55,0.55,0.547,0.619,0.896,0.77,0.619,0.619,0.552,0.618,0.78,0.78,0.724,0.208,0.215,0.53,0.22,0.768,0.868,0.543,0.833,0.48,0.215,0.675,0.591,0.576,0.407,0.829,0.754,0.713,0.66,0.754,0.096,0.425,0.666,0.475,0.2,0.227,0.572,0.621,0.686,0.475,0.572,0.67,0.575,0.919,0.689,0.67,0.384,0.67,0.572,0.922,0.833,0.865,0.86,0.605,0.367,0.826,0.71,0.49,0.85,0.7,0.838,0.731,0.728,0.748,0.783,0.694,0.445,0.441,0.408
0.989,0.989,0.99,0.99,0.622,0.944,0.99,0.945,0.935,0.899,0.945,0.984,0.977,0.622,0.984,0.945,0.977,0.622,0.994,0.977,0.991,0.889,0.991,0.964,0.977,0.99,0.964,0.945,0.917,0.899,0.917,0.889,0.838,0.978,0.99,0.978,0.815,0.99,0.838,0.815,0.788,0.978,0.923,0.767,0.978,0.815,0.993,0.923,0.438,0.923,0.969,0.78,0.633,0.744,0.921,0.744,0.766,0.882,0.882,0.882,0.969,0.921,0.766,0.921,0.633,0.969,0.976,0.49,0.976,0.601,0.601,0.601,0.758,0.453,0.679,0.749,0.864,0.198,0.896,0.864,0.787,0.453,0.758,0.775,0.462,0.758,0.896,0.738,0.743,0.364,0.453,0.64,0.733,0.776,0.927,0.758,0.684,0.927,0.927,0.722,0.973,0.761,0.255,0.973,0.973,0.24,0.679,0.861,0.861,0.919,0.647,0.17,0.421,0.237,0.725,0.411,0.473,0.703,0.42,0.17,0.671,0.418,0.423,0.515,0.802,0.872,0.315,0.764,0.872,0.174,0.547,0.702,0.537,0.689,0.432,0.817,0.533,0.927,0.732,0.817,0.868,0.424,0.555,0.325,0.868,0.609,0.868,0.817,0.547,0.757,0.265,0.805,0.81,0.612,0.844,0.489,0.702,0.816,0.804,0.394,0.804,0.817,0.825,0.68,0.656,0.82,0.868,0.899
0.178,0.178,0.147,0.147,0.946,0.341,0.058,0.073,0.326,0.064,0.073,0.065,0.057,0.946,0.065,0.073,0.057,0.946,0.424,0.057,0.13,0.089,0.13,0.057,0.057,0.058,0.057,0.073,0.072,0.064,0.072,0.089,0.063,0.117,0.108,0.117,0.921,0.108,0.063,0.921,0.063,0.117,0.925,0.227,0.117,0.921,0.416,0.925,0.105,0.925,0.291,0.061,0.812,0.065,0.833,0.065,0.074,0.806,0.806,0.806,0.089,0.833,0.074,0.833,0.812,0.089,0.116,0.07,0.116,0.887,0.887,0.887,0.061,0.889,0.225,0.048,0.947,0.045,0.927,0.947,0.086,0.889,0.821,0.052,0.063,0.821,0.927,0.045,0.091,0.046,0.889,0.215,0.044,0.05,0.693,0.821,0.35,0.693,0.693,0.046,0.689,0.718,0.036,0.689,0.689,0.055,0.034,0.894,0.894,0.855,0.338,0.68,0.125,0.635,0.032,0.038,0.065,0.705,0.136,0.68,0.036,0.137,0.061,0.121,0.032,0.898,0.052,0.56,0.898,0.701,0.151,0.72,0.148,0.463,0.038,0.798,0.58,0.861,0.718,0.798,0.809,0.056,0.12,0.521,0.809,0.025,0.809,0.798,0.124,0.211,0.521,0.312,0.857,0.029,0.719,0.178,0.947,0.297,0.978,0.377,0.976,0.88,0.689,0.732,0.712,0.855,0.837,0.849
0.03,0.03,0.032,0.032,0.427,0.07,0.021,0.172,0.175,0.151,0.172,0.017,0.142,0.427,0.017,0.172,0.142,0.427,0.268,0.142,0.067,0.168,0.067,0.141,0.142,0.021,0.141,0.172,0.155,0.151,0.155,0.168,0.661,0.324,0.054,0.324,0.439,0.054,0.661,0.439,0.285,0.324,0.575,0.455,0.324,0.439,0.361,0.575,0.856,0.575,0.269,0.434,0.857,0.246,0.293,0.246,0.229,0.485,0.485,0.485,0.236,0.293,0.229,0.293,0.857,0.236,0.279,0.564,0.279,0.728,0.728,0.728,0.337,0.511,0.183,0.455,0.942,0.592,0.906,0.942,0.531,0.511,0.848,0.429,0.574,0.848,0.906,0.429,0.463,0.553,0.511,0.193,0.468,0.448,0.881,0.848,0.321,0.881,0.881,0.451,0.752,0.693,0.719,0.752,0.752,0.462,0.596,0.544,0.544,0.441,0.423,0.252,0.597,0.207,0.584,0.65,0.875,0.78,0.667,0.252,0.584,0.654,0.863,0.258,0.59,0.511,0.51,0.72,0.511,0.365,0.218,0.626,0.221,0.461,0.331,0.956,0.663,0.429,0.609,0.956,0.93,0.468,0.757,0.772,0.93,0.583,0.93,0.956,0.771,0.997,0.825,0.995,0.024,0.681,0.03,0.722,0.03,0.996,0.032,0.842,0.029,0.027,0.023,0.034,0.03,0.006,0.008,0.007
0.034,0.034,0.075,0.075,0.962,0.983,0.077,0.035,0.969,0.05,0.035,0.056,0.05,0.962,0.056,0.035,0.05,0.962,0.667,0.05,0.086,0.022,0.086,0.055,0.05,0.077,0.055,0.035,0.041,0.05,0.041,0.022,0.277,0.097,0.136,0.097,0.99,0.136,0.277,0.99,0.542,0.097,0.979,0.73,0.097,0.99,0.742,0.979,0.544,0.979,1.0,0.341,0.949,0.226,0.987,0.226,0.226,0.97,0.97,0.97,0.081,0.987,0.226,0.987,0.949,0.081,0.098,0.698,0.098,0.797,0.797,0.797,0.659,0.979,0.581,0.26,0.95,0.549,0.952,0.95,0.351,0.979,0.968,0.305,0.679,0.968,0.952,0.265,0.356,0.546,0.979,0.592,0.235,0.308,0.904,0.968,0.399,0.904,0.904,0.235,0.871,0.969,0.384,0.871,0.871,0.424,0.417,0.888,0.888,0.976,0.644,0.992,0.57,0.994,0.367,0.554,0.338,0.974,0.536,0.992,0.412,0.53,0.353,0.578,0.47,0.9,0.459,0.028,0.9,0.455,0.736,0.905,0.737,0.645,0.555,0.962,0.024,0.984,0.082,0.962,0.96,0.396,0.665,0.036,0.96,0.641,0.96,0.962,0.658,0.085,0.007,0.078,0.068,0.651,0.064,0.592,0.123,0.071,0.091,0.01,0.098,0.053,0.06,0.052,0.053,0.021,0.018,0.042
0.644,0.644,0.696,0.696,0.014,0.56,0.646,0.639,0.562,0.363,0.639,0.652,0.667,0.014,0.652,0.639,0.667,0.014,0.383,0.667,0.414,0.35,0.414,0.631,0.667,0.646,0.631,0.639,0.598,0.363,0.598,0.35,0.428,0.609,0.647,0.609,0.234,0.647,0.428,0.234,0.85,0.609,0.064,0.357,0.609,0.234,0.252,0.064,0.492,0.064,0.598,0.856,0.063,0.239,0.296,0.239,0.224,0.058,0.058,0.058,0.422,0.296,0.224,0.296,0.063,0.422,0.556,0.348,0.556,0.157,0.157,0.157,0.706,0.016,0.334,0.691,0.014,0.46,0.025,0.014,0.916,0.016,0.102,0.754,0.481,0.102,0.025,0.655,0.924,0.544,0.016,0.313,0.621,0.762,0.169,0.102,0.141,0.169,0.169,0.599,0.232,0.049,0.459,0.232,0.232,0.307,0.527,0.02,0.02,0.031,0.036,0.081,0.2,0.086,0.6,0.538,0.598,0.02,0.192,0.081,0.45,0.21,0.403,0.185,0.798,0.049,0.327,0.525,0.049,0.071,0.257,0.124,0.25,0.057,0.397,0.021,0.344,0.059,0.257,0.021,0.072,0.339,0.688,0.339,0.072,0.543,0.072,0.021,0.703,0.234,0.467,0.289,0.449,0.531,0.758,0.64,0.373,0.316,0.59,0.493,0.567,0.467,0.7,0.577,0.606,0.202,0.217,0.643
0.64,0.64,0.482,0.482,0.276,0.814,0.552,0.384,0.812,0.268,0.384,0.557,0.361,0.276,0.557,0.384,0.361,0.276,0.55,0.361,0.483,0.295,0.483,0.384,0.361,0.552,0.384,0.384,0.419,0.268,0.419,0.295,0.282,0.468,0.484,0.468,0.503,0.484,0.282,0.503,0.988,0.468,0.4,0.755,0.468,0.503,0.424,0.4,0.865,0.4,0.851,0.992,0.467,0.191,0.529,0.191,0.184,0.342,0.342,0.342,0.505,0.529,0.184,0.529,0.467,0.505,0.354,0.951,0.354,0.156,0.156,0.156,0.954,0.471,0.877,0.888,0.739,0.351,0.796,0.739,0.935,0.471,0.467,0.938,0.944,0.467,0.796,0.817,0.964,0.549,0.471,0.846,0.903,0.945,0.638,0.467,0.616,0.638,0.638,0.814,0.596,0.703,0.362,0.596,0.596,0.57,0.755,0.6,0.6,0.686,0.54,0.374,0.422,0.382,0.932,0.487,0.98,0.625,0.436,0.374,0.777,0.425,0.987,0.43,0.953,0.712,0.71,0.773,0.712,0.723,0.419,0.412,0.422,0.53,0.81,0.885,0.79,0.718,0.664,0.885,0.943,0.955,0.997,0.47,0.943,0.729,0.943,0.885,0.997,0.709,0.515,0.647,0.892,0.753,0.839,0.997,0.81,0.665,0.871,0.359,0.861,0.862,0.882,0.837,0.886,0.878,0.894,0.952
0.056,0.056,0.042,0.042,0.432,0.038,0.05,0.034,0.033,0.025,0.034,0.053,0.023,0.432,0.053,0.034,0.023,0.432,0.576,0.023,0.019,0.031,0.019,0.028,0.023,0.05,0.028,0.034,0.044,0.025,0.044,0.031,0.01,0.013,0.017,0.013,0.7,0.017,0.01,0.7,0.491,0.013,0.82,0.352,0.013,0.7,0.624,0.82,0.284,0.82,0.025,0.5,0.963,0.031,0.499,0.031,0.033,0.535,0.535,0.535,0.013,0.499,0.033,0.499,0.963,0.013,0.015,0.303,0.015,0.823,0.823,0.823,0.404,0.423,0.369,0.517,0.955,0.193,0.894,0.955,0.342,0.423,0.882,0.434,0.313,0.882,0.894,0.481,0.297,0.176,0.423,0.357,0.541,0.452,0.89,0.882,0.423,0.89,0.89,0.5,0.813,0.749,0.276,0.813,0.813,0.293,0.461,0.852,0.852,0.79,0.782,0.594,0.923,0.642,0.532,0.258,0.677,0.835,0.861,0.594,0.475,0.857,0.641,0.32,0.399,0.777,0.251,0.472,0.777,0.354,0.32,0.85,0.294,0.695,0.221,0.899,0.598,0.727,0.525,0.899,0.825,0.688,0.038,0.944,0.825,0.349,0.825,0.899,0.032,0.897,0.977,0.901,0.829,0.329,0.767,0.02,0.98,0.908,0.973,0.975,0.961,0.847,0.796,0.809,0.842,0.597,0.767,0.672
0.886,0.886,0.88,0.88,0.146,0.157,0.811,0.798,0.131,0.957,0.798,0.824,0.671,0.146,0.824,0.798,0.671,0.146,0.789,0.671,0.833,0.952,0.833,0.644,0.671,0.811,0.644,0.798,0.789,0.957,0.789,0.952,0.981,0.667,0.781,0.667,0.777,0.781,0.981,0.777,0.59,0.667,0.73,0.769,0.667,0.777,0.76,0.73,0.788,0.73,0.158,0.457,0.491,0.854,0.763,0.854,0.829,0.673,0.673,0.673,0.999,0.763,0.829,0.763,0.491,0.999,0.669,0.673,0.669,0.325,0.325,0.325,0.595,0.083,0.677,0.652,0.909,0.616,0.931,0.909,0.75,0.083,0.175,0.695,0.726,0.175,0.931,0.586,0.776,0.66,0.083,0.674,0.643,0.676,0.859,0.175,0.536,0.859,0.859,0.596,0.839,0.581,0.607,0.839,0.839,0.648,0.672,0.958,0.958,0.961,0.926,0.875,0.203,0.83,0.751,0.569,0.811,0.576,0.275,0.875,0.653,0.214,0.822,0.341,0.708,0.952,0.435,0.678,0.952,0.928,0.3,0.327,0.296,0.91,0.601,0.661,0.642,0.957,0.871,0.661,0.772,0.804,0.912,0.821,0.772,0.639,0.772,0.661,0.917,0.723,0.867,0.732,0.956,0.534,0.926,0.907,0.903,0.731,0.957,0.844,0.956,0.956,0.922,0.878,0.865,0.745,0.666,0.421
0.822,0.822,0.787,0.787,0.736,0.449,0.461,0.525,0.474,0.68,0.525,0.531,0.567,0.736,0.531,0.525,0.567,0.736,0.573,0.567,0.424,0.675,0.424,0.55,0.567,0.461,0.55,0.525,0.524,0.68,0.524,0.675,0.398,0.258,0.202,0.258,0.412,0.202,0.398,0.412,0.865,0.258,0.388,0.372,0.258,0.412,0.538,0.388,0.66,0.388,0.282,0.794,0.635,0.505,0.384,0.505,0.51,0.335,0.335,0.335,0.528,0.384,0.51,0.384,0.635,0.528,0.232,0.568,0.232,0.699,0.699,0.699,0.721,0.608,0.435,0.572,0.839,0.443,0.877,0.839,0.751,0.608,0.878,0.722,0.537,0.878,0.877,0.583,0.72,0.543,0.608,0.383,0.51,0.731,0.747,0.878,0.567,0.747,0.747,0.578,0.654,0.929,0.453,0.654,0.654,0.396,0.588,0.815,0.815,0.809,0.623,0.406,0.702,0.398,0.721,0.593,0.523,0.901,0.723,0.406,0.575,0.725,0.492,0.518,0.721,0.832,0.66,0.963,0.832,0.362,0.518,0.768,0.523,0.749,0.437,0.655,0.957,0.819,0.956,0.655,0.729,0.719,0.801,0.876,0.729,0.299,0.729,0.655,0.84,0.756,0.819,0.735,0.975,0.338,0.979,0.938,0.997,0.738,0.994,0.83,0.995,0.984,0.971,0.974,0.966,0.532,0.518,0.235
0.638,0.638,0.594,0.594,0.096,0.748,0.573,0.485,0.73,0.645,0.485,0.578,0.488,0.096,0.578,0.485,0.488,0.096,0.342,0.488,0.154,0.633,0.154,0.477,0.488,0.573,0.477,0.485,0.507,0.645,0.507,0.633,0.417,0.171,0.187,0.171,0.172,0.187,0.417,0.172,0.29,0.171,0.186,0.28,0.171,0.172,0.283,0.186,0.202,0.186,0.56,0.275,0.132,0.278,0.053,0.278,0.265,0.057,0.057,0.057,0.383,0.053,0.265,0.053,0.132,0.383,0.169,0.162,0.169,0.059,0.059,0.059,0.216,0.15,0.389,0.292,0.28,0.249,0.26,0.28,0.284,0.15,0.138,0.278,0.371,0.138,0.26,0.278,0.251,0.263,0.15,0.349,0.275,0.277,0.347,0.138,0.164,0.347,0.347,0.296,0.317,0.261,0.467,0.317,0.317,0.701,0.349,0.514,0.514,0.491,0.753,0.666,0.886,0.745,0.344,0.358,0.257,0.267,0.846,0.666,0.353,0.824,0.236,0.971,0.248,0.531,0.656,0.367,0.531,0.769,0.931,0.164,0.933,0.761,0.493,0.195,0.204,0.503,0.321,0.195,0.222,0.47,0.614,0.399,0.222,0.25,0.222,0.195,0.594,0.698,0.244,0.665,0.489,0.275,0.442,0.654,0.521,0.646,0.564,0.344,0.562,0.396,0.387,0.434,0.505,0.769,0.827,0.627
0.289,0.289,0.287,0.287,0.302,0.388,0.258,0.204,0.38,0.193,0.204,0.237,0.217,0.302,0.237,0.204,0.217,0.302,0.646,0.217,0.386,0.217,0.386,0.221,0.217,0.258,0.221,0.204,0.246,0.193,0.246,0.217,0.913,0.2,0.284,0.2,0.493,0.284,0.913,0.493,0.453,0.2,0.507,0.857,0.2,0.493,0.715,0.507,0.203,0.507,0.324,0.435,0.127,0.974,0.355,0.974,0.973,0.391,0.391,0.391,0.324,0.355,0.973,0.355,0.127,0.324,0.229,0.193,0.229,0.397,0.397,0.397,0.62,0.478,0.75,0.605,0.151,0.367,0.166,0.151,0.382,0.478,0.192,0.596,0.197,0.192,0.166,0.59,0.322,0.561,0.478,0.761,0.609,0.611,0.336,0.192,0.844,0.336,0.336,0.604,0.344,0.239,0.368,0.344,0.344,0.354,0.601,0.7,0.7,0.688,0.215,0.486,0.207,0.596,0.522,0.52,0.227,0.224,0.217,0.486,0.615,0.211,0.185,0.143,0.556,0.734,0.424,0.816,0.734,0.287,0.152,0.136,0.162,0.253,0.522,0.243,0.677,0.723,0.764,0.243,0.251,0.259,0.261,0.895,0.251,0.604,0.251,0.243,0.26,0.763,0.849,0.692,0.076,0.539,0.029,0.405,0.087,0.697,0.086,0.876,0.089,0.068,0.031,0.031,0.035,0.113,0.104,0.088
0.222,0.222,0.207,0.207,0.624,0.485,0.132,0.399,0.49,0.224,0.399,0.197,0.253,0.624,0.197,0.399,0.253,0.624,0.634,0.253,0.113,0.264,0.113,0.247,0.253,0.132,0.247,0.399,0.381,0.224,0.381,0.264,0.103,0.234,0.144,0.234,0.943,0.144,0.103,0.943,0.405,0.234,0.863,0.185,0.234,0.943,0.487,0.863,0.12,0.863,0.476,0.443,0.494,0.129,0.963,0.129,0.131,0.932,0.932,0.932,0.189,0.963,0.131,0.963,0.494,0.189,0.234,0.115,0.234,0.899,0.899,0.899,0.61,0.681,0.193,0.527,0.457,0.217,0.594,0.457,0.405,0.681,0.508,0.482,0.103,0.508,0.594,0.525,0.388,0.242,0.681,0.198,0.514,0.504,0.919,0.508,0.678,0.919,0.919,0.509,0.897,0.851,0.172,0.897,0.897,0.158,0.354,0.93,0.93,0.676,0.476,0.812,0.607,0.764,0.352,0.198,0.158,0.766,0.469,0.812,0.348,0.477,0.18,0.716,0.28,0.981,0.191,0.804,0.981,0.781,0.694,0.414,0.695,0.508,0.251,0.816,0.792,0.833,0.866,0.816,0.897,0.113,0.245,0.652,0.897,0.246,0.897,0.816,0.245,0.909,0.665,0.877,0.9,0.208,0.869,0.262,0.082,0.849,0.03,0.588,0.025,0.917,0.855,0.869,0.85,0.02,0.025,0.188
0.72,0.72,0.642,0.642,0.754,0.582,0.617,0.744,0.588,0.48,0.744,0.749,0.701,0.754,0.749,0.744,0.701,0.754,0.446,0.701,0.906,0.554,0.906,0.633,0.701,0.617,0.633,0.744,0.722,0.48,0.722,0.554,0.378,0.834,0.853,0.834,0.19,0.853,0.378,0.19,0.825,0.834,0.175,0.521,0.834,0.19,0.3,0.175,0.784,0.175,0.674,0.763,0.166,0.273,0.277,0.273,0.271,0.285,0.285,0.285,0.608,0.277,0.271,0.277,0.166,0.608,0.836,0.815,0.836,0.17,0.17,0.17,0.854,0.658,0.47,0.868,0.103,0.845,0.127,0.103,0.89,0.658,0.32,0.846,0.821,0.32,0.127,0.887,0.91,0.855,0.658,0.473,0.867,0.81,0.106,0.32,0.753,0.106,0.106,0.844,0.128,0.271,0.874,0.128,0.128,0.833,0.793,0.296,0.296,0.399,0.457,0.502,0.69,0.646,0.868,0.87,0.862,0.274,0.676,0.502,0.803,0.669,0.86,0.632,0.894,0.352,0.851,0.57,0.352,0.745,0.577,0.296,0.615,0.394,0.615,0.115,0.519,0.437,0.801,0.115,0.144,0.782,0.42,0.682,0.144,0.819,0.144,0.115,0.419,0.694,0.51,0.663,0.899,0.814,0.842,0.426,0.961,0.668,0.953,0.508,0.949,0.9,0.779,0.845,0.791,0.868,0.82,0.83
0.456,0.456,0.376,0.376,0.206,0.198,0.512,0.778,0.171,0.668,0.778,0.603,0.616,0.206,0.603,0.778,0.616,0.206,0.999,0.616,0.482,0.646,0.482,0.583,0.616,0.512,0.583,0.778,0.753,0.668,0.753,0.646,0.752,0.789,0.819,0.789,0.418,0.819,0.752,0.418,0.449,0.789,0.442,0.351,0.789,0.418,1.0,0.442,0.207,0.442,0.115,0.397,0.174,0.272,0.513,0.272,0.242,0.558,0.558,0.558,0.644,0.513,0.242,0.513,0.174,0.644,0.845,0.154,0.845,0.32,0.32,0.32,0.519,0.17,0.252,0.74,0.434,0.063,0.427,0.434,0.785,0.17,0.176,0.745,0.146,0.176,0.427,0.668,0.738,0.098,0.17,0.266,0.725,0.792,0.397,0.176,0.948,0.397,0.397,0.648,0.376,0.543,0.105,0.376,0.376,0.118,0.471,0.722,0.722,0.715,0.882,0.397,0.545,0.449,0.541,0.188,0.385,0.363,0.575,0.397,0.436,0.546,0.254,0.699,0.589,0.689,0.205,0.237,0.689,0.535,0.668,0.235,0.672,0.951,0.246,0.435,0.166,0.689,0.248,0.435,0.445,0.486,0.869,0.832,0.445,0.147,0.445,0.435,0.842,0.798,0.895,0.839,0.317,0.251,0.334,0.882,0.105,0.866,0.249,0.89,0.267,0.329,0.329,0.266,0.272,0.121,0.125,0.363
0.299,0.299,0.292,0.292,0.893,0.03,0.613,0.629,0.03,0.577,0.629,0.679,0.541,0.893,0.679,0.629,0.541,0.893,0.744,0.541,0.799,0.685,0.799,0.606,0.541,0.613,0.606,0.629,0.617,0.577,0.617,0.685,0.658,0.867,0.952,0.867,0.881,0.952,0.658,0.881,0.017,0.867,0.851,0.386,0.867,0.881,0.663,0.851,0.519,0.851,0.024,0.011,0.514,0.285,0.92,0.285,0.282,0.899,0.899,0.899,0.943,0.92,0.282,0.92,0.514,0.943,0.931,0.451,0.931,0.758,0.758,0.758,0.007,0.884,0.512,0.008,0.461,0.431,0.436,0.461,0.019,0.884,0.862,0.011,0.434,0.862,0.436,0.006,0.022,0.429,0.884,0.511,0.007,0.012,0.937,0.862,0.936,0.937,0.937,0.004,0.906,0.881,0.439,0.906,0.906,0.485,0.003,0.89,0.89,0.923,0.977,0.982,0.737,0.988,0.003,0.424,0.144,0.917,0.777,0.982,0.003,0.745,0.143,0.659,0.004,0.895,0.495,0.754,0.895,0.981,0.64,0.825,0.642,0.973,0.503,0.493,0.83,0.931,0.812,0.493,0.515,0.162,0.735,0.942,0.515,0.411,0.515,0.493,0.688,0.704,0.881,0.684,0.926,0.414,0.793,0.704,0.83,0.719,0.856,0.875,0.819,0.886,0.832,0.851,0.884,0.657,0.692,0.38
0.404,0.404,0.403,0.403,0.368,0.873,0.49,0.411,0.854,0.169,0.411,0.405,0.304,0.368,0.405,0.411,0.304,0.368,0.165,0.304,0.5,0.227,0.5,0.266,0.304,0.49,0.266,0.411,0.378,0.169,0.378,0.227,0.11,0.277,0.293,0.277,0.156,0.293,0.11,0.156,0.318,0.277,0.171,0.274,0.277,0.156,0.208,0.171,0.185,0.171,0.773,0.268,0.456,0.145,0.114,0.145,0.167,0.155,0.155,0.155,0.114,0.114,0.167,0.114,0.456,0.114,0.242,0.178,0.242,0.258,0.258,0.258,0.511,0.379,0.3,0.75,0.479,0.53,0.481,0.479,0.577,0.379,0.205,0.771,0.192,0.205,0.481,0.692,0.508,0.339,0.379,0.317,0.622,0.785,0.233,0.205,0.368,0.233,0.233,0.696,0.279,0.092,0.536,0.279,0.279,0.188,0.716,0.456,0.456,0.528,0.82,0.47,0.292,0.537,0.821,0.385,0.604,0.082,0.272,0.47,0.775,0.291,0.618,0.343,0.562,0.411,0.11,0.051,0.411,0.893,0.343,0.058,0.344,0.754,0.248,0.198,0.041,0.489,0.055,0.198,0.155,0.338,0.964,0.248,0.155,0.432,0.155,0.198,0.977,0.242,0.304,0.2,0.005,0.435,0.007,0.98,0.037,0.198,0.108,0.304,0.101,0.006,0.007,0.012,0.012,0.041,0.046,0.046
0.636,0.636,0.499,0.499,0.512,0.105,0.436,0.558,0.116,0.518,0.558,0.539,0.444,0.512,0.539,0.558,0.444,0.512,0.497,0.444,0.475,0.612,0.475,0.473,0.444,0.436,0.473,0.558,0.581,0.518,0.581,0.612,0.166,0.192,0.251,0.192,0.484,0.251,0.166,0.484,0.252,0.192,0.335,0.31,0.192,0.484,0.562,0.335,0.497,0.335,0.071,0.243,0.433,0.602,0.447,0.602,0.608,0.289,0.289,0.289,0.162,0.447,0.608,0.447,0.433,0.162,0.209,0.332,0.209,0.425,0.425,0.425,0.223,0.674,0.257,0.35,0.313,0.271,0.673,0.313,0.112,0.674,0.75,0.273,0.358,0.75,0.673,0.357,0.104,0.21,0.674,0.27,0.359,0.239,0.326,0.75,0.375,0.326,0.326,0.364,0.437,0.641,0.233,0.437,0.437,0.226,0.297,0.497,0.497,0.375,0.13,0.199,0.102,0.201,0.22,0.189,0.254,0.356,0.079,0.199,0.294,0.08,0.26,0.087,0.131,0.37,0.396,0.486,0.37,0.128,0.084,0.528,0.086,0.137,0.389,0.46,0.441,0.281,0.645,0.46,0.757,0.269,0.133,0.532,0.757,0.298,0.757,0.46,0.132,0.273,0.417,0.294,0.036,0.274,0.027,0.156,0.021,0.309,0.021,0.414,0.02,0.046,0.026,0.033,0.031,0.064,0.06,0.072
0.629,0.629,0.598,0.598,0.213,0.597,0.951,0.939,0.624,0.89,0.939,0.976,0.879,0.213,0.976,0.939,0.879,0.213,0.702,0.879,0.473,0.881,0.473,0.868,0.879,0.951,0.868,0.939,0.912,0.89,0.912,0.881,0.655,0.87,0.937,0.87,0.558,0.937,0.655,0.558,0.667,0.87,0.532,0.901,0.87,0.558,0.642,0.532,0.76,0.532,0.79,0.66,0.486,0.804,0.495,0.804,0.793,0.428,0.428,0.428,0.742,0.495,0.793,0.495,0.486,0.742,0.799,0.737,0.799,0.855,0.855,0.855,0.714,0.205,0.876,0.891,0.466,0.741,0.474,0.466,0.756,0.205,0.248,0.714,0.727,0.248,0.474,0.914,0.758,0.69,0.205,0.907,0.885,0.733,0.679,0.248,0.402,0.679,0.679,0.895,0.694,0.286,0.836,0.694,0.694,0.911,0.916,0.641,0.641,0.501,0.579,0.163,0.821,0.196,0.795,0.787,0.809,0.31,0.909,0.163,0.894,0.879,0.827,0.68,0.746,0.548,0.89,0.75,0.548,0.185,0.814,0.266,0.783,0.502,0.785,0.364,0.802,0.397,0.755,0.364,0.328,0.913,0.516,0.87,0.328,0.624,0.328,0.364,0.527,0.866,0.836,0.728,0.709,0.699,0.785,0.505,0.059,0.725,0.115,0.92,0.091,0.746,0.74,0.703,0.685,0.254,0.281,0.16
0.641,0.641,0.632,0.632,0.284,0.418,0.574,0.494,0.514,0.382,0.494,0.546,0.461,0.284,0.546,0.494,0.461,0.284,0.367,0.461,0.782,0.407,0.782,0.533,0.461,0.574,0.533,0.494,0.514,0.382,0.514,0.407,0.747,0.753,0.751,0.753,0.716,0.751,0.747,0.716,0.679,0.753,0.443,0.616,0.753,0.716,0.296,0.443,0.828,0.443,0.729,0.686,0.891,0.601,0.778,0.601,0.585,0.694,0.694,0.694,0.712,0.778,0.585,0.778,0.891,0.712,0.821,0.501,0.821,0.757,0.757,0.757,0.777,0.849,0.549,0.713,0.501,0.684,0.493,0.501,0.684,0.849,0.826,0.54,0.569,0.826,0.493,0.771,0.625,0.698,0.849,0.576,0.729,0.499,0.333,0.826,0.319,0.333,0.333,0.707,0.312,0.6,0.787,0.312,0.312,0.913,0.743,0.86,0.86,0.848,0.709,0.861,0.519,0.862,0.618,0.783,0.548,0.604,0.505,0.861,0.74,0.485,0.612,0.684,0.645,0.909,0.913,0.322,0.909,0.967,0.633,0.882,0.627,0.824,0.729,0.696,0.308,0.902,0.197,0.696,0.65,0.489,0.348,0.387,0.65,0.68,0.65,0.696,0.354,0.243,0.482,0.258,0.382,0.661,0.562,0.366,0.591,0.284,0.559,0.47,0.574,0.36,0.656,0.481,0.646,0.873,0.865,0.579
0.782,0.782,0.776,0.776,0.195,0.474,0.839,0.863,0.492,0.886,0.863,0.813,0.784,0.195,0.813,0.863,0.784,0.195,0.557,0.784,0.853,0.895,0.853,0.791,0.784,0.839,0.791,0.863,0.845,0.886,0.845,0.895,0.79,0.891,0.843,0.891,0.105,0.843,0.79,0.105,0.756,0.891,0.096,0.676,0.891,0.105,0.779,0.096,0.622,0.096,0.264,0.748,0.253,0.843,0.126,0.843,0.869,0.11,0.11,0.11,0.78,0.126,0.869,0.126,0.253,0.78,0.894,0.597,0.894,0.147,0.147,0.147,0.75,0.071,0.558,0.542,0.122,0.779,0.1,0.122,0.522,0.071,0.143,0.544,0.558,0.143,0.1,0.523,0.517,0.616,0.071,0.562,0.533,0.547,0.152,0.143,0.802,0.152,0.152,0.519,0.1,0.057,0.786,0.1,0.1,0.791,0.572,0.373,0.373,0.4,0.111,0.316,0.587,0.371,0.587,0.729,0.913,0.059,0.56,0.316,0.556,0.573,0.851,0.44,0.512,0.346,0.593,0.452,0.346,0.241,0.392,0.095,0.416,0.16,0.759,0.17,0.399,0.347,0.411,0.17,0.199,0.814,0.121,0.786,0.199,0.755,0.199,0.17,0.12,0.509,0.692,0.508,0.204,0.845,0.154,0.148,0.478,0.49,0.312,0.687,0.321,0.226,0.15,0.108,0.114,0.24,0.265,0.531
0.121,0.121,0.08,0.08,0.26,0.221,0.447,0.549,0.212,0.509,0.549,0.501,0.491,0.26,0.501,0.549,0.491,0.26,0.556,0.491,0.421,0.444,0.421,0.664,0.491,0.447,0.664,0.549,0.669,0.509,0.669,0.444,0.876,0.703,0.723,0.703,0.086,0.723,0.876,0.086,0.672,0.703,0.142,0.645,0.703,0.086,0.686,0.142,0.613,0.142,0.485,0.456,0.117,0.806,0.145,0.806,0.801,0.148,0.148,0.148,0.754,0.145,0.801,0.145,0.117,0.754,0.809,0.551,0.809,0.2,0.2,0.2,0.856,0.248,0.559,0.42,0.099,0.798,0.088,0.099,0.611,0.248,0.167,0.49,0.521,0.167,0.088,0.422,0.586,0.849,0.248,0.702,0.433,0.497,0.124,0.167,0.706,0.124,0.124,0.433,0.111,0.158,0.777,0.111,0.111,0.856,0.483,0.32,0.32,0.331,0.467,0.222,0.48,0.248,0.552,0.82,0.982,0.171,0.532,0.222,0.482,0.525,0.991,0.367,0.698,0.36,0.836,0.612,0.36,0.237,0.386,0.213,0.368,0.469,0.817,0.144,0.582,0.373,0.611,0.144,0.14,0.96,0.552,0.737,0.14,0.836,0.14,0.144,0.514,0.373,0.697,0.514,0.675,0.833,0.588,0.407,0.139,0.489,0.183,0.772,0.207,0.594,0.667,0.57,0.662,0.136,0.143,0.675
0.763,0.763,0.662,0.662,0.762,0.508,0.687,0.459,0.527,0.275,0.459,0.602,0.547,0.762,0.602,0.459,0.547,0.762,0.932,0.547,0.387,0.232,0.387,0.472,0.547,0.687,0.472,0.459,0.405,0.275,0.405,0.232,0.446,0.387,0.469,0.387,0.674,0.469,0.446,0.674,0.342,0.387,0.677,0.262,0.387,0.674,0.929,0.677,0.652,0.677,0.402,0.425,0.637,0.531,0.731,0.531,0.553,0.701,0.701,0.701,0.219,0.731,0.553,0.731,0.637,0.219,0.332,0.522,0.332,0.677,0.677,0.677,0.35,0.724,0.287,0.783,0.751,0.374,0.731,0.751,0.647,0.724,0.705,0.707,0.555,0.705,0.731,0.628,0.689,0.381,0.724,0.244,0.782,0.637,0.895,0.705,0.882,0.895,0.895,0.676,0.898,0.624,0.363,0.898,0.898,0.439,0.778,0.476,0.476,0.727,0.792,0.991,0.98,0.961,0.665,0.38,0.642,0.641,0.969,0.991,0.789,0.971,0.627,0.995,0.769,0.527,0.492,0.49,0.527,0.897,0.983,0.565,0.98,0.74,0.494,0.67,0.509,0.646,0.396,0.67,0.68,0.574,0.041,0.333,0.68,0.516,0.68,0.67,0.04,0.441,0.391,0.407,0.275,0.554,0.212,0.04,0.27,0.433,0.427,0.349,0.444,0.279,0.199,0.279,0.235,0.244,0.235,0.098
0.987,0.987,0.962,0.962,0.377,0.799,0.971,0.915,0.707,0.951,0.915,0.959,0.926,0.377,0.959,0.915,0.926,0.377,0.691,0.926,0.957,0.942,0.957,0.897,0.926,0.971,0.897,0.915,0.913,0.951,0.913,0.942,0.565,0.901,0.928,0.901,0.74,0.928,0.565,0.74,0.358,0.901,0.944,0.674,0.901,0.74,0.919,0.944,0.342,0.944,0.749,0.215,0.639,0.708,0.72,0.708,0.719,0.93,0.93,0.93,0.808,0.72,0.719,0.72,0.639,0.808,0.834,0.294,0.834,0.77,0.77,0.77,0.218,0.575,0.468,0.17,0.891,0.333,0.876,0.891,0.274,0.575,0.856,0.216,0.309,0.856,0.876,0.212,0.253,0.46,0.575,0.513,0.173,0.184,0.979,0.856,0.495,0.979,0.979,0.221,0.928,0.967,0.338,0.928,0.928,0.554,0.303,0.567,0.567,0.553,0.453,0.711,0.375,0.712,0.286,0.444,0.341,0.991,0.3,0.711,0.291,0.339,0.347,0.569,0.29,0.421,0.534,0.851,0.421,0.711,0.361,0.925,0.397,0.423,0.484,0.819,0.813,0.425,0.867,0.819,0.828,0.386,0.791,0.955,0.828,0.474,0.828,0.819,0.807,0.97,0.98,0.973,0.936,0.434,0.974,0.606,0.932,0.97,0.98,0.986,0.981,0.94,0.975,0.953,0.956,0.941,0.936,0.933
0.005,0.005,0.006,0.006,0.997,0.675,0.008,0.014,0.671,0.015,0.014,0.007,0.013,0.997,0.007,0.014,0.013,0.997,0.808,0.013,0.018,0.017,0.018,0.01,0.013,0.008,0.01,0.014,0.01,0.015,0.01,0.017,0.005,0.007,0.016,0.007,0.889,0.016,0.005,0.889,0.092,0.007,0.87,0.928,0.007,0.889,0.827,0.87,0.708,0.87,0.712,0.083,0.947,0.005,0.99,0.005,0.006,0.999,0.999,0.999,0.01,0.99,0.006,0.99,0.947,0.01,0.007,0.923,0.007,0.843,0.843,0.843,0.095,0.856,0.986,0.313,0.951,0.612,0.851,0.951,0.222,0.856,0.978,0.263,0.916,0.978,0.851,0.268,0.273,0.624,0.856,0.987,0.292,0.311,0.761,0.978,0.794,0.761,0.761,0.268,0.542,0.813,0.592,0.542,0.542,0.521,0.275,0.97,0.97,0.994,0.957,0.973,0.585,0.955,0.288,0.601,0.697,0.933,0.639,0.973,0.274,0.629,0.774,0.726,0.187,0.782,0.514,0.647,0.782,0.841,0.785,0.958,0.784,0.963,0.587,0.972,0.653,0.901,0.757,0.972,0.922,0.761,0.936,0.546,0.922,0.665,0.922,0.972,0.938,0.199,0.272,0.254,0.91,0.622,0.818,0.913,0.811,0.24,0.86,0.269,0.882,0.913,0.797,0.807,0.796,0.889,0.86,0.992
0.01,0.01,0.012,0.012,0.612,0.486,0.011,0.006,0.46,0.004,0.006,0.01,0.005,0.612,0.01,0.006,0.005,0.612,0.904,0.005,0.014,0.004,0.014,0.004,0.005,0.011,0.004,0.006,0.005,0.004,0.005,0.004,0.004,0.006,0.007,0.006,0.832,0.007,0.004,0.832,0.127,0.006,0.758,0.223,0.006,0.832,0.938,0.758,0.352,0.758,0.391,0.127,0.196,0.004,0.741,0.004,0.004,0.709,0.709,0.709,0.005,0.741,0.004,0.741,0.196,0.005,0.005,0.433,0.005,0.144,0.144,0.144,0.134,0.636,0.135,0.257,0.186,0.629,0.227,0.186,0.087,0.636,0.352,0.191,0.377,0.352,0.227,0.286,0.079,0.619,0.636,0.149,0.27,0.185,0.196,0.352,0.871,0.196,0.196,0.308,0.246,0.359,0.627,0.246,0.246,0.543,0.376,0.17,0.17,0.169,0.22,0.097,0.471,0.119,0.303,0.615,0.807,0.299,0.464,0.097,0.37,0.496,0.807,0.403,0.111,0.136,0.606,0.847,0.136,0.095,0.439,0.26,0.458,0.144,0.589,0.379,0.834,0.147,0.773,0.379,0.433,0.736,0.049,0.698,0.433,0.587,0.433,0.379,0.046,0.728,0.75,0.73,0.01,0.646,0.005,0.044,0.028,0.611,0.004,0.74,0.012,0.01,0.003,0.003,0.003,0.053,0.064,0.1
0.027,0.027,0.026,0.026,0.239,0.836,0.016,0.017,0.871,0.007,0.017,0.023,0.015,0.239,0.023,0.017,0.015,0.239,0.925,0.015,0.109,0.011,0.109,0.014,0.015,0.016,0.014,0.017,0.014,0.007,0.014,0.011,0.045,0.044,0.071,0.044,0.797,0.071,0.045,0.797,0.582,0.044,0.828,0.264,0.044,0.797,0.974,0.828,0.191,0.828,0.996,0.438,0.21,0.024,0.751,0.024,0.024,0.796,0.796,0.796,0.022,0.751,0.024,0.751,0.21,0.022,0.043,0.197,0.043,0.253,0.253,0.253,0.626,0.317,0.198,0.811,0.825,0.113,0.803,0.825,0.368,0.317,0.191,0.699,0.203,0.191,0.803,0.772,0.384,0.219,0.317,0.219,0.779,0.674,0.657,0.191,0.594,0.657,0.657,0.764,0.724,0.96,0.116,0.724,0.724,0.169,0.811,0.375,0.375,0.312,0.411,0.131,0.599,0.13,0.692,0.211,0.104,0.961,0.567,0.131,0.822,0.58,0.106,0.334,0.496,0.313,0.207,0.666,0.313,0.166,0.348,0.648,0.337,0.369,0.223,0.532,0.657,0.243,0.674,0.532,0.369,0.082,0.263,0.753,0.369,0.256,0.369,0.532,0.264,0.868,0.845,0.897,0.87,0.267,0.881,0.249,0.974,0.853,0.992,0.836,0.98,0.869,0.874,0.87,0.866,0.598,0.59,0.532
0.586,0.586,0.666,0.666,0.396,0.009,0.575,0.285,0.009,0.345,0.285,0.44,0.469,0.396,0.44,0.285,0.469,0.396,0.423,0.469,0.466,0.238,0.466,0.405,0.469,0.575,0.405,0.285,0.271,0.345,0.271,0.238,0.874,0.327,0.439,0.327,0.609,0.439,0.874,0.609,0.053,0.327,0.649,0.219,0.327,0.609,0.485,0.649,0.442,0.649,0.01,0.109,0.879,0.912,0.417,0.912,0.901,0.457,0.457,0.457,0.315,0.417,0.901,0.417,0.879,0.315,0.293,0.214,0.293,0.755,0.755,0.755,0.036,0.563,0.154,0.029,0.688,0.224,0.688,0.688,0.062,0.563,0.622,0.032,0.256,0.622,0.688,0.023,0.077,0.407,0.563,0.147,0.03,0.038,0.619,0.622,0.458,0.619,0.619,0.019,0.629,0.73,0.28,0.629,0.629,0.375,0.01,0.731,0.731,0.783,0.591,0.913,0.209,0.871,0.018,0.45,0.175,0.741,0.201,0.913,0.013,0.198,0.16,0.223,0.024,0.696,0.48,0.205,0.696,0.5,0.204,0.912,0.185,0.69,0.52,0.42,0.278,0.757,0.357,0.42,0.39,0.183,0.961,0.265,0.39,0.383,0.39,0.42,0.964,0.166,0.251,0.148,0.192,0.426,0.205,0.876,0.403,0.132,0.458,0.228,0.495,0.176,0.233,0.169,0.184,0.419,0.428,0.276
0.073,0.073,0.063,0.063,0.92,0.088,0.04,0.032,0.068,0.031,0.032,0.047,0.031,0.92,0.047,0.032,0.031,0.92,0.885,0.031,0.173,0.035,0.173,0.041,0.031,0.04,0.041,0.032,0.038,0.031,0.038,0.035,0.14,0.229,0.196,0.229,0.391,0.196,0.14,0.391,0.002,0.229,0.466,0.241,0.229,0.391,0.88,0.466,0.609,0.466,0.127,0.003,0.703,0.081,0.533,0.081,0.079,0.528,0.528,0.528,0.161,0.533,0.079,0.533,0.703,0.161,0.248,0.601,0.248,0.684,0.684,0.684,0.002,0.791,0.232,0.002,0.433,0.332,0.619,0.433,0.002,0.791,0.812,0.002,0.593,0.812,0.619,0.002,0.001,0.222,0.791,0.234,0.002,0.002,0.31,0.812,0.858,0.31,0.31,0.002,0.292,0.614,0.312,0.292,0.292,0.244,0.002,0.539,0.539,0.534,0.512,0.883,0.342,0.872,0.002,0.225,0.281,0.56,0.315,0.883,0.002,0.311,0.285,0.373,0.002,0.506,0.153,0.857,0.506,0.501,0.34,0.732,0.333,0.543,0.181,0.59,0.845,0.5,0.834,0.59,0.599,0.279,0.475,0.561,0.599,0.23,0.599,0.59,0.491,0.861,0.622,0.8,0.825,0.246,0.708,0.412,0.842,0.827,0.924,0.616,0.894,0.859,0.735,0.69,0.709,0.899,0.911,0.934
0.376,0.376,0.316,0.316,0.401,0.178,0.151,0.118,0.146,0.15,0.118,0.196,0.104,0.401,0.196,0.118,0.104,0.401,0.524,0.104,0.12,0.183,0.12,0.121,0.104,0.151,0.121,0.118,0.129,0.15,0.129,0.183,0.061,0.045,0.064,0.045,0.626,0.064,0.061,0.626,0.373,0.045,0.545,0.961,0.045,0.626,0.649,0.545,1.0,0.545,0.068,0.247,0.345,0.16,0.478,0.16,0.174,0.434,0.434,0.434,0.068,0.478,0.174,0.478,0.345,0.068,0.041,0.989,0.041,0.289,0.289,0.289,0.365,0.638,0.913,0.441,0.318,0.994,0.396,0.318,0.419,0.638,0.28,0.345,0.984,0.28,0.396,0.441,0.347,0.892,0.638,0.923,0.445,0.39,0.681,0.28,0.729,0.681,0.681,0.439,0.638,0.475,0.995,0.638,0.638,0.998,0.367,0.227,0.227,0.299,0.266,0.234,0.56,0.231,0.32,0.871,0.757,0.38,0.451,0.234,0.35,0.473,0.769,0.583,0.309,0.253,0.897,0.946,0.253,0.3,0.647,0.34,0.632,0.248,0.908,0.255,0.967,0.296,0.987,0.255,0.289,0.846,0.082,0.964,0.289,0.884,0.289,0.255,0.082,0.952,0.925,0.978,0.85,0.897,0.781,0.081,0.802,0.972,0.801,0.934,0.795,0.823,0.794,0.759,0.793,0.426,0.421,0.465
0.503,0.503,0.743,0.743,0.018,0.453,0.464,0.228,0.417,0.33,0.228,0.298,0.455,0.018,0.298,0.228,0.455,0.018,0.103,0.455,0.289,0.177,0.289,0.379,0.455,0.464,0.379,0.228,0.181,0.33,0.181,0.177,0.87,0.129,0.201,0.129,0.025,0.201,0.87,0.025,0.979,0.129,0.02,0.947,0.129,0.025,0.213,0.02,0.989,0.02,0.463,0.981,0.04,0.573,0.035,0.573,0.52,0.036,0.036,0.036,0.106,0.035,0.52,0.035,0.04,0.106,0.144,0.995,0.144,0.233,0.233,0.233,0.928,0.013,0.95,0.709,0.091,0.526,0.085,0.091,0.914,0.013,0.068,0.805,0.992,0.068,0.085,0.729,0.904,0.452,0.013,0.957,0.717,0.791,0.235,0.068,0.114,0.235,0.235,0.721,0.244,0.134,0.568,0.244,0.244,0.506,0.688,0.047,0.047,0.059,0.135,0.092,0.683,0.087,0.771,0.484,0.355,0.13,0.792,0.092,0.728,0.842,0.325,0.508,0.841,0.062,0.561,0.213,0.062,0.111,0.61,0.104,0.606,0.138,0.418,0.085,0.147,0.071,0.14,0.085,0.08,0.509,0.728,0.035,0.08,0.402,0.08,0.085,0.772,0.183,0.018,0.205,0.205,0.458,0.305,0.726,0.34,0.243,0.453,0.04,0.448,0.239,0.257,0.27,0.246,0.556,0.547,0.453
0.843,0.843,0.851,0.851,0.502,0.989,0.93,0.982,0.991,0.925,0.982,0.878,0.999,0.502,0.878,0.982,0.999,0.502,0.893,0.999,0.919,0.888,0.919,0.993,0.999,0.93,0.993,0.982,0.966,0.925,0.966,0.888,0.975,0.974,0.915,0.974,0.463,0.915,0.975,0.463,0.524,0.974,0.552,0.866,0.974,0.463,0.86,0.552,0.898,0.552,0.98,0.515,0.198,0.944,0.443,0.944,0.928,0.52,0.52,0.52,0.867,0.443,0.928,0.443,0.198,0.867,0.971,0.889,0.971,0.235,0.235,0.235,0.894,0.516,0.885,0.728,0.431,0.832,0.252,0.431,0.868,0.516,0.187,0.808,0.933,0.187,0.252,0.742,0.882,0.632,0.516,0.877,0.68,0.83,0.322,0.187,0.952,0.322,0.322,0.727,0.295,0.214,0.83,0.295,0.295,0.83,0.633,0.609,0.609,0.513,0.982,0.904,0.648,0.903,0.757,0.691,0.223,0.256,0.731,0.904,0.627,0.742,0.148,0.352,0.909,0.538,0.921,0.929,0.538,0.877,0.523,0.16,0.478,0.964,0.798,0.472,0.928,0.448,0.947,0.472,0.368,0.132,0.381,0.947,0.368,0.477,0.368,0.472,0.406,0.929,0.995,0.936,0.954,0.526,0.98,0.557,0.928,0.948,0.848,0.969,0.912,0.975,0.963,0.972,0.949,0.207,0.117,0.685
0.673,0.673,0.694,0.694,0.923,0.533,0.71,0.528,0.566,0.514,0.528,0.674,0.56,0.923,0.674,0.528,0.56,0.923,0.297,0.56,0.899,0.526,0.899,0.476,0.56,0.71,0.476,0.528,0.456,0.514,0.456,0.526,0.652,0.924,0.938,0.924,0.732,0.938,0.652,0.732,0.235,0.924,0.877,0.19,0.924,0.732,0.277,0.877,0.179,0.877,0.745,0.252,0.821,0.352,0.866,0.352,0.335,0.917,0.917,0.917,0.872,0.866,0.335,0.866,0.821,0.872,0.9,0.207,0.9,0.754,0.754,0.754,0.259,0.834,0.163,0.093,0.708,0.158,0.647,0.708,0.15,0.834,0.898,0.247,0.211,0.898,0.647,0.106,0.152,0.286,0.834,0.196,0.1,0.269,0.674,0.898,0.356,0.674,0.674,0.112,0.621,0.686,0.156,0.621,0.621,0.117,0.228,0.119,0.119,0.148,0.041,0.07,0.086,0.077,0.27,0.272,0.224,0.739,0.102,0.07,0.211,0.1,0.167,0.07,0.222,0.113,0.166,0.48,0.113,0.053,0.062,0.863,0.064,0.049,0.266,0.694,0.502,0.154,0.591,0.694,0.723,0.143,0.067,0.193,0.723,0.245,0.723,0.694,0.072,0.428,0.197,0.329,0.643,0.236,0.755,0.063,0.619,0.417,0.777,0.201,0.682,0.63,0.766,0.754,0.757,0.653,0.719,0.202
0.303,0.303,0.221,0.221,0.14,0.126,0.586,0.73,0.115,0.529,0.73,0.68,0.664,0.14,0.68,0.73,0.664,0.14,0.216,0.664,0.252,0.653,0.252,0.613,0.664,0.586,0.613,0.73,0.714,0.529,0.714,0.653,0.225,0.606,0.59,0.606,0.338,0.59,0.225,0.338,0.16,0.606,0.157,0.179,0.606,0.338,0.098,0.157,0.066,0.157,0.148,0.085,0.3,0.342,0.367,0.342,0.349,0.284,0.284,0.284,0.431,0.367,0.349,0.367,0.3,0.431,0.576,0.083,0.576,0.218,0.218,0.218,0.179,0.202,0.149,0.143,0.281,0.135,0.322,0.281,0.121,0.202,0.364,0.104,0.111,0.364,0.322,0.148,0.141,0.18,0.202,0.152,0.14,0.109,0.504,0.364,0.469,0.504,0.504,0.146,0.546,0.849,0.136,0.546,0.546,0.126,0.121,0.088,0.088,0.08,0.27,0.151,0.087,0.144,0.075,0.194,0.299,0.769,0.084,0.151,0.115,0.081,0.303,0.125,0.078,0.166,0.138,0.465,0.166,0.167,0.1,0.377,0.093,0.355,0.141,0.385,0.518,0.137,0.673,0.385,0.439,0.32,0.035,0.886,0.439,0.236,0.439,0.385,0.035,0.797,0.696,0.762,0.799,0.258,0.775,0.022,0.596,0.695,0.359,0.732,0.414,0.813,0.773,0.787,0.783,0.311,0.356,0.683
0.487,0.487,0.397,0.397,0.161,0.525,0.496,0.488,0.567,0.314,0.488,0.563,0.419,0.161,0.563,0.488,0.419,0.161,0.527,0.419,0.506,0.372,0.506,0.396,0.419,0.496,0.396,0.488,0.481,0.314,0.481,0.372,0.256,0.279,0.391,0.279,0.304,0.391,0.256,0.304,0.751,0.279,0.177,0.991,0.279,0.304,0.614,0.177,0.98,0.177,0.529,0.776,0.023,0.353,0.213,0.353,0.372,0.185,0.185,0.185,0.304,0.213,0.372,0.213,0.023,0.304,0.355,0.983,0.355,0.071,0.071,0.071,0.575,0.322,0.988,0.669,0.029,0.643,0.028,0.029,0.86,0.322,0.035,0.753,0.982,0.035,0.028,0.667,0.822,0.64,0.322,0.986,0.676,0.807,0.041,0.035,0.21,0.041,0.041,0.675,0.078,0.032,0.57,0.078,0.078,0.64,0.704,0.447,0.447,0.421,0.93,0.639,0.873,0.609,0.773,0.645,0.557,0.037,0.795,0.639,0.748,0.788,0.569,0.732,0.768,0.494,0.659,0.189,0.494,0.826,0.71,0.035,0.666,0.911,0.262,0.1,0.264,0.46,0.102,0.1,0.1,0.583,0.161,0.025,0.1,0.247,0.1,0.1,0.159,0.064,0.011,0.042,0.22,0.265,0.319,0.174,0.197,0.036,0.154,0.011,0.135,0.089,0.381,0.452,0.462,0.449,0.577,0.307
0.038,0.038,0.033,0.033,0.761,0.609,0.041,0.114,0.658,0.089,0.114,0.05,0.105,0.761,0.05,0.114,0.105,0.761,0.695,0.105,0.028,0.092,0.028,0.105,0.105,0.041,0.105,0.114,0.12,0.089,0.12,0.092,0.036,0.106,0.048,0.106,0.645,0.048,0.036,0.645,0.791,0.106,0.581,0.075,0.106,0.645,0.72,0.581,0.268,0.581,0.479,0.79,0.715,0.03,0.465,0.03,0.029,0.444,0.444,0.444,0.07,0.465,0.029,0.465,0.715,0.07,0.103,0.132,0.103,0.744,0.744,0.744,0.657,0.675,0.058,0.558,0.736,0.199,0.696,0.736,0.551,0.675,0.817,0.598,0.118,0.817,0.696,0.504,0.576,0.167,0.675,0.062,0.565,0.657,0.848,0.817,0.73,0.848,0.848,0.581,0.779,0.828,0.176,0.779,0.779,0.46,0.509,0.651,0.651,0.627,0.834,0.452,0.925,0.456,0.602,0.161,0.726,0.907,0.923,0.452,0.58,0.919,0.687,0.898,0.514,0.748,0.49,0.845,0.748,0.381,0.893,0.796,0.893,0.738,0.461,0.695,0.851,0.735,0.869,0.695,0.628,0.373,0.634,0.704,0.628,0.251,0.628,0.695,0.663,0.801,0.652,0.84,0.099,0.216,0.089,0.691,0.1,0.844,0.231,0.653,0.112,0.116,0.078,0.075,0.075,0.191,0.128,0.055
0.587,0.587,0.564,0.564,0.325,0.094,0.395,0.495,0.091,0.5,0.495,0.551,0.447,0.325,0.551,0.495,0.447,0.325,0.986,0.447,0.472,0.565,0.472,0.487,0.447,0.395,0.487,0.495,0.537,0.5,0.537,0.565,0.938,0.712,0.591,0.712,0.96,0.591,0.938,0.96,0.375,0.712,0.98,0.483,0.712,0.96,0.978,0.98,0.421,0.98,0.078,0.281,0.534,0.706,0.913,0.706,0.669,0.983,0.983,0.983,0.713,0.913,0.669,0.913,0.534,0.713,0.699,0.328,0.699,0.58,0.58,0.58,0.263,0.607,0.486,0.4,0.833,0.26,0.862,0.833,0.333,0.607,0.62,0.473,0.288,0.62,0.862,0.388,0.287,0.293,0.607,0.501,0.454,0.495,0.809,0.62,0.897,0.809,0.809,0.438,0.857,0.903,0.224,0.857,0.857,0.356,0.253,0.976,0.976,1.0,0.68,0.53,0.515,0.463,0.337,0.282,0.411,0.879,0.541,0.53,0.322,0.559,0.321,0.413,0.304,0.999,0.428,0.645,0.999,0.303,0.302,0.615,0.335,0.585,0.575,0.873,0.728,1.0,0.335,0.873,0.91,0.653,0.771,0.353,0.91,0.319,0.91,0.873,0.78,0.308,0.583,0.457,0.073,0.317,0.06,0.685,0.072,0.462,0.098,0.569,0.1,0.083,0.073,0.079,0.093,0.155,0.161,0.242
0.11,0.11,0.094,0.094,0.676,0.296,0.023,0.31,0.225,0.566,0.31,0.031,0.389,0.676,0.031,0.31,0.389,0.676,0.208,0.389,0.015,0.537,0.015,0.385,0.389,0.023,0.385,0.31,0.276,0.566,0.276,0.537,0.427,0.231,0.011,0.231,0.309,0.011,0.427,0.309,0.708,0.231,0.279,0.157,0.231,0.309,0.155,0.279,0.373,0.279,0.261,0.588,0.745,0.674,0.55,0.674,0.673,0.515,0.515,0.515,0.331,0.55,0.673,0.55,0.745,0.331,0.183,0.349,0.183,0.499,0.499,0.499,0.72,0.373,0.187,0.898,0.689,0.564,0.6,0.689,0.841,0.373,0.792,0.919,0.334,0.792,0.6,0.893,0.865,0.808,0.373,0.166,0.921,0.913,0.476,0.792,0.224,0.476,0.476,0.92,0.391,0.632,0.551,0.391,0.391,0.65,0.795,0.454,0.454,0.432,0.853,0.742,0.989,0.685,0.835,0.79,0.46,0.761,0.985,0.742,0.821,0.981,0.475,0.99,0.799,0.496,0.865,0.251,0.496,0.71,0.988,0.776,0.989,0.855,0.854,0.853,0.449,0.474,0.187,0.853,0.682,0.465,0.958,0.725,0.682,0.944,0.682,0.853,0.953,0.581,0.744,0.624,0.141,0.934,0.125,0.74,0.484,0.583,0.237,0.806,0.217,0.109,0.134,0.141,0.136,0.272,0.49,0.28
0.585,0.585,0.639,0.639,0.795,0.852,0.553,0.675,0.843,0.737,0.675,0.506,0.761,0.795,0.506,0.675,0.761,0.795,0.696,0.761,0.576,0.746,0.576,0.716,0.761,0.553,0.716,0.675,0.624,0.737,0.624,0.746,0.649,0.583,0.447,0.583,0.882,0.447,0.649,0.882,0.225,0.583,0.862,0.235,0.583,0.882,0.698,0.862,0.218,0.862,0.675,0.245,0.648,0.979,0.857,0.979,0.978,0.841,0.841,0.841,0.591,0.857,0.978,0.857,0.648,0.591,0.557,0.102,0.557,0.516,0.516,0.516,0.332,0.788,0.188,0.194,0.617,0.231,0.613,0.617,0.189,0.788,0.612,0.243,0.096,0.612,0.613,0.189,0.274,0.269,0.788,0.189,0.178,0.237,0.562,0.612,0.585,0.562,0.562,0.157,0.555,0.691,0.27,0.555,0.555,0.207,0.261,0.688,0.688,0.812,0.583,0.89,0.306,0.8,0.369,0.308,0.145,0.673,0.284,0.89,0.282,0.289,0.144,0.236,0.368,0.715,0.296,0.178,0.715,0.665,0.161,0.675,0.17,0.575,0.416,0.739,0.11,0.807,0.19,0.739,0.73,0.194,0.061,0.284,0.73,0.326,0.73,0.739,0.058,0.321,0.264,0.27,0.328,0.336,0.386,0.058,0.439,0.258,0.39,0.203,0.421,0.325,0.332,0.526,0.399,0.584,0.647,0.339
0.635,0.635,0.568,0.568,0.494,0.428,0.944,0.888,0.431,0.642,0.888,0.958,0.854,0.494,0.958,0.888,0.854,0.494,0.421,0.854,0.579,0.702,0.579,0.833,0.854,0.944,0.833,0.888,0.768,0.642,0.768,0.702,0.471,0.728,0.817,0.728,0.628,0.817,0.471,0.628,0.888,0.728,0.553,0.99,0.728,0.628,0.269,0.553,0.703,0.553,0.441,0.877,0.585,0.618,0.697,0.618,0.643,0.658,0.658,0.658,0.67,0.697,0.643,0.697,0.585,0.67,0.743,0.71,0.743,0.631,0.631,0.631,0.766,0.513,0.947,0.904,0.757,0.613,0.787,0.757,0.915,0.513,0.598,0.886,0.705,0.598,0.787,0.878,0.942,0.765,0.513,0.943,0.892,0.886,0.653,0.598,0.239,0.653,0.653,0.868,0.681,0.883,0.624,0.681,0.681,0.682,0.838,0.738,0.738,0.609,0.635,0.557,0.87,0.49,0.902,0.768,0.685,0.869,0.851,0.557,0.835,0.841,0.743,0.691,0.854,0.746,0.673,0.283,0.746,0.557,0.742,0.673,0.729,0.661,0.877,0.905,0.347,0.62,0.363,0.905,0.845,0.659,0.383,0.624,0.845,0.9,0.845,0.905,0.372,0.555,0.709,0.566,0.555,0.904,0.355,0.325,0.247,0.561,0.386,0.671,0.359,0.538,0.373,0.49,0.515,0.27,0.257,0.64
0.127,0.127,0.122,0.122,0.059,0.615,0.124,0.099,0.606,0.114,0.099,0.134,0.091,0.059,0.134,0.099,0.091,0.059,0.169,0.091,0.133,0.131,0.133,0.114,0.091,0.124,0.114,0.099,0.128,0.114,0.128,0.131,0.119,0.108,0.13,0.108,0.076,0.13,0.119,0.076,0.532,0.108,0.082,0.303,0.108,0.076,0.203,0.082,0.275,0.082,0.594,0.489,0.051,0.159,0.087,0.159,0.165,0.099,0.099,0.099,0.147,0.087,0.165,0.087,0.051,0.147,0.131,0.247,0.131,0.43,0.43,0.43,0.741,0.038,0.258,0.301,0.117,0.261,0.115,0.117,0.394,0.038,0.037,0.414,0.229,0.037,0.115,0.284,0.464,0.316,0.038,0.284,0.287,0.422,0.438,0.037,0.175,0.438,0.438,0.281,0.471,0.233,0.269,0.471,0.471,0.268,0.362,0.04,0.04,0.063,0.064,0.208,0.19,0.215,0.457,0.32,0.498,0.222,0.195,0.208,0.306,0.197,0.509,0.186,0.381,0.045,0.287,0.054,0.045,0.122,0.211,0.142,0.207,0.071,0.256,0.059,0.078,0.069,0.132,0.059,0.058,0.476,0.332,0.043,0.058,0.276,0.058,0.059,0.334,0.378,0.026,0.423,0.291,0.285,0.366,0.304,0.162,0.429,0.151,0.037,0.171,0.309,0.302,0.389,0.359,0.308,0.276,0.249
0.074,0.074,0.097,0.097,0.889,0.932,0.166,0.14,0.934,0.115,0.14,0.097,0.205,0.889,0.097,0.14,0.205,0.889,0.639,0.205,0.062,0.113,0.062,0.203,0.205,0.166,0.203,0.14,0.135,0.115,0.135,0.113,0.177,0.091,0.113,0.091,0.728,0.113,0.177,0.728,0.276,0.091,0.597,0.046,0.091,0.728,0.541,0.597,0.094,0.597,0.949,0.392,0.958,0.244,0.635,0.244,0.247,0.539,0.539,0.539,0.066,0.635,0.247,0.635,0.958,0.066,0.076,0.099,0.076,0.768,0.768,0.768,0.425,0.945,0.059,0.759,0.892,0.074,0.922,0.892,0.461,0.945,0.636,0.513,0.07,0.636,0.922,0.739,0.386,0.106,0.945,0.061,0.776,0.53,0.884,0.636,0.88,0.884,0.884,0.765,0.827,0.847,0.07,0.827,0.827,0.116,0.748,0.829,0.829,0.897,0.831,0.737,0.843,0.819,0.519,0.107,0.214,0.798,0.823,0.737,0.768,0.814,0.213,0.827,0.412,0.795,0.125,0.552,0.795,0.582,0.729,0.789,0.755,0.712,0.094,0.628,0.791,0.826,0.655,0.628,0.605,0.369,0.603,0.603,0.605,0.096,0.605,0.628,0.625,0.533,0.451,0.483,0.445,0.09,0.395,0.51,0.817,0.431,0.4,0.45,0.48,0.491,0.445,0.496,0.45,0.642,0.639,0.746
0.02,0.02,0.023,0.023,0.807,0.013,0.015,0.015,0.013,0.008,0.015,0.014,0.004,0.807,0.014,0.015,0.004,0.807,0.971,0.004,0.239,0.008,0.239,0.015,0.004,0.015,0.015,0.015,0.019,0.008,0.019,0.008,0.075,0.046,0.095,0.046,0.917,0.095,0.075,0.917,0.022,0.046,0.882,0.256,0.046,0.917,0.972,0.882,0.824,0.882,0.051,0.029,0.787,0.012,0.976,0.012,0.01,0.964,0.964,0.964,0.061,0.976,0.01,0.976,0.787,0.061,0.089,0.654,0.089,0.474,0.474,0.474,0.423,0.743,0.241,0.046,0.837,0.575,0.866,0.837,0.043,0.743,0.868,0.054,0.649,0.868,0.866,0.049,0.043,0.885,0.743,0.252,0.049,0.045,0.655,0.868,0.813,0.655,0.655,0.053,0.686,0.771,0.553,0.686,0.686,0.672,0.188,0.656,0.656,0.678,0.504,0.698,0.323,0.723,0.279,0.861,0.505,0.783,0.329,0.698,0.193,0.334,0.518,0.237,0.153,0.684,0.762,0.711,0.684,0.637,0.314,0.861,0.305,0.544,0.449,0.907,0.787,0.722,0.693,0.907,0.932,0.501,0.914,0.705,0.932,0.629,0.932,0.907,0.915,0.906,0.781,0.914,0.742,0.659,0.701,0.928,0.82,0.907,0.853,0.771,0.872,0.748,0.709,0.785,0.781,0.87,0.83,0.907
0.327,0.327,0.33,0.33,0.906,0.662,0.347,0.834,0.688,0.706,0.834,0.348,0.875,0.906,0.348,0.834,0.875,0.906,0.593,0.875,0.609,0.722,0.609,0.818,0.875,0.347,0.818,0.834,0.826,0.706,0.826,0.722,0.558,0.662,0.234,0.662,0.967,0.234,0.558,0.967,0.698,0.662,0.958,0.562,0.662,0.967,0.709,0.958,0.871,0.958,0.732,0.731,0.959,0.798,0.945,0.798,0.826,0.953,0.953,0.953,0.59,0.945,0.826,0.945,0.959,0.59,0.659,0.913,0.659,0.916,0.916,0.916,0.474,0.864,0.585,0.452,0.958,0.467,0.954,0.958,0.729,0.864,0.899,0.483,0.901,0.899,0.954,0.462,0.653,0.47,0.864,0.557,0.473,0.447,0.831,0.899,0.615,0.831,0.831,0.454,0.855,0.955,0.473,0.855,0.855,0.417,0.372,0.597,0.597,0.668,0.082,0.459,0.15,0.316,0.38,0.461,0.23,0.925,0.133,0.459,0.383,0.11,0.261,0.21,0.624,0.61,0.393,0.407,0.61,0.275,0.179,0.982,0.127,0.084,0.23,0.922,0.432,0.681,0.5,0.922,0.935,0.264,0.293,0.195,0.935,0.336,0.935,0.922,0.301,0.351,0.17,0.355,0.139,0.31,0.063,0.321,0.202,0.351,0.042,0.169,0.041,0.145,0.065,0.06,0.066,0.078,0.09,0.437
0.863,0.863,0.811,0.811,0.484,0.977,0.607,0.673,0.975,0.657,0.673,0.684,0.631,0.484,0.684,0.673,0.631,0.484,0.931,0.631,0.914,0.703,0.914,0.587,0.631,0.607,0.587,0.673,0.662,0.657,0.662,0.703,0.599,0.928,0.878,0.928,0.431,0.878,0.599,0.431,0.182,0.928,0.483,0.547,0.928,0.431,0.946,0.483,0.317,0.483,0.946,0.321,0.592,0.405,0.438,0.405,0.376,0.522,0.522,0.522,0.896,0.438,0.376,0.438,0.592,0.896,0.902,0.286,0.902,0.459,0.459,0.459,0.564,0.527,0.457,0.164,0.436,0.186,0.389,0.436,0.261,0.527,0.631,0.215,0.266,0.631,0.389,0.158,0.262,0.221,0.527,0.446,0.144,0.219,0.331,0.631,0.954,0.331,0.331,0.137,0.25,0.278,0.193,0.25,0.25,0.306,0.105,0.144,0.144,0.131,0.128,0.106,0.049,0.099,0.125,0.22,0.233,0.377,0.05,0.106,0.125,0.047,0.223,0.06,0.21,0.147,0.303,0.614,0.147,0.098,0.049,0.556,0.05,0.127,0.244,0.253,0.539,0.133,0.796,0.253,0.264,0.255,0.405,0.415,0.264,0.175,0.264,0.253,0.433,0.292,0.274,0.269,0.937,0.171,0.885,0.415,0.915,0.187,0.971,0.154,0.986,0.962,0.846,0.779,0.786,0.962,0.925,0.944
0.878,0.878,0.839,0.839,0.158,0.865,0.865,0.878,0.873,0.731,0.878,0.876,0.867,0.158,0.876,0.878,0.867,0.158,0.552,0.867,0.91,0.747,0.91,0.829,0.867,0.865,0.829,0.878,0.864,0.731,0.864,0.747,0.753,0.957,0.918,0.957,0.436,0.918,0.753,0.436,0.735,0.957,0.15,0.518,0.957,0.436,0.546,0.15,0.408,0.15,0.769,0.745,0.105,0.552,0.485,0.552,0.523,0.169,0.169,0.169,0.836,0.485,0.523,0.485,0.105,0.836,0.972,0.465,0.972,0.088,0.088,0.088,0.742,0.3,0.455,0.294,0.137,0.473,0.181,0.137,0.501,0.3,0.11,0.335,0.458,0.11,0.181,0.277,0.509,0.654,0.3,0.449,0.249,0.35,0.119,0.11,0.451,0.119,0.119,0.241,0.146,0.06,0.508,0.146,0.146,0.559,0.284,0.37,0.37,0.461,0.471,0.306,0.78,0.446,0.299,0.665,0.885,0.076,0.589,0.306,0.262,0.54,0.935,0.745,0.439,0.694,0.754,0.435,0.694,0.107,0.545,0.117,0.524,0.466,0.866,0.212,0.427,0.772,0.263,0.212,0.216,0.928,0.809,0.769,0.216,0.752,0.216,0.212,0.832,0.696,0.888,0.772,0.388,0.792,0.602,0.701,0.781,0.766,0.437,0.892,0.461,0.431,0.599,0.649,0.56,0.516,0.525,0.774
0.548,0.548,0.472,0.472,0.983,0.584,0.672,0.705,0.635,0.591,0.705,0.778,0.626,0.983,0.778,0.705,0.626,0.983,0.582,0.626,0.422,0.632,0.422,0.546,0.626,0.672,0.546,0.705,0.655,0.591,0.655,0.632,0.309,0.677,0.651,0.677,0.363,0.651,0.309,0.363,0.593,0.677,0.501,0.213,0.677,0.363,0.568,0.501,0.346,0.501,0.313,0.757,0.944,0.391,0.61,0.391,0.402,0.784,0.784,0.784,0.515,0.61,0.402,0.61,0.944,0.515,0.621,0.297,0.621,0.873,0.873,0.873,0.642,0.921,0.205,0.602,0.866,0.457,0.778,0.866,0.679,0.921,0.888,0.565,0.349,0.888,0.778,0.611,0.728,0.513,0.921,0.199,0.687,0.533,0.869,0.888,0.945,0.869,0.869,0.701,0.759,0.83,0.482,0.759,0.759,0.527,0.607,0.441,0.441,0.455,0.259,0.304,0.318,0.302,0.627,0.529,0.474,0.889,0.337,0.304,0.703,0.348,0.446,0.398,0.76,0.451,0.546,0.94,0.451,0.146,0.479,0.966,0.49,0.239,0.611,0.651,0.902,0.455,0.96,0.651,0.491,0.545,0.005,0.938,0.491,0.662,0.491,0.651,0.005,0.867,0.839,0.842,0.931,0.676,0.883,0.006,0.993,0.88,0.959,0.922,0.967,0.942,0.885,0.867,0.877,0.999,0.999,0.842
0.28,0.28,0.53,0.53,0.297,0.447,0.643,0.455,0.436,0.464,0.455,0.513,0.603,0.297,0.513,0.455,0.603,0.297,0.085,0.603,0.399,0.339,0.399,0.572,0.603,0.643,0.572,0.455,0.408,0.464,0.408,0.339,0.882,0.5,0.583,0.5,0.17,0.583,0.882,0.17,0.777,0.5,0.23,0.957,0.5,0.17,0.024,0.23,0.762,0.23,0.507,0.839,0.546,0.668,0.177,0.668,0.619,0.16,0.16,0.16,0.378,0.177,0.619,0.177,0.546,0.378,0.396,0.835,0.396,0.341,0.341,0.341,0.73,0.194,0.932,0.766,0.587,0.946,0.617,0.587,0.943,0.194,0.46,0.888,0.815,0.46,0.617,0.776,0.929,0.963,0.194,0.91,0.831,0.876,0.442,0.46,0.053,0.442,0.442,0.837,0.402,0.084,0.949,0.402,0.402,0.868,0.881,0.488,0.488,0.712,0.817,0.717,0.794,0.752,0.945,0.968,0.517,0.087,0.781,0.717,0.922,0.781,0.491,0.804,0.95,0.592,0.917,0.653,0.592,0.719,0.768,0.196,0.775,0.892,0.704,0.278,0.643,0.748,0.756,0.278,0.287,0.491,0.207,0.637,0.287,0.776,0.287,0.278,0.2,0.425,0.572,0.357,0.93,0.775,0.8,0.201,0.535,0.356,0.549,0.574,0.568,0.874,0.873,0.802,0.869,0.754,0.826,0.728
0.409,0.409,0.268,0.268,0.295,0.26,0.485,0.754,0.327,0.421,0.754,0.629,0.658,0.295,0.629,0.754,0.658,0.295,0.451,0.658,0.371,0.474,0.371,0.605,0.658,0.485,0.605,0.754,0.713,0.421,0.713,0.474,0.214,0.552,0.451,0.552,0.372,0.451,0.214,0.372,0.608,0.552,0.409,0.395,0.552,0.372,0.444,0.409,0.582,0.409,0.16,0.577,0.089,0.379,0.337,0.379,0.394,0.367,0.367,0.367,0.283,0.337,0.394,0.337,0.089,0.283,0.529,0.643,0.529,0.368,0.368,0.368,0.407,0.331,0.518,0.722,0.182,0.852,0.195,0.182,0.641,0.331,0.261,0.678,0.685,0.261,0.195,0.696,0.673,0.948,0.331,0.492,0.732,0.653,0.584,0.261,0.46,0.584,0.584,0.728,0.547,0.324,0.856,0.547,0.547,0.749,0.568,0.533,0.533,0.574,0.222,0.195,0.944,0.408,0.521,0.932,0.998,0.278,0.936,0.195,0.597,0.938,0.998,0.809,0.618,0.588,0.804,0.637,0.588,0.25,0.828,0.187,0.835,0.254,0.972,0.286,0.671,0.678,0.742,0.286,0.315,0.995,0.083,0.674,0.315,0.978,0.315,0.286,0.078,0.774,0.647,0.802,0.515,0.987,0.469,0.071,0.329,0.81,0.368,0.608,0.416,0.37,0.518,0.412,0.491,0.685,0.632,0.26
0.09,0.09,0.077,0.077,0.453,0.722,0.18,0.152,0.719,0.155,0.152,0.166,0.124,0.453,0.166,0.152,0.124,0.453,0.028,0.124,0.057,0.166,0.057,0.106,0.124,0.18,0.106,0.152,0.134,0.155,0.134,0.166,0.096,0.102,0.092,0.102,0.151,0.092,0.096,0.151,0.347,0.102,0.119,0.292,0.102,0.151,0.015,0.119,0.302,0.119,0.798,0.352,0.33,0.136,0.299,0.136,0.14,0.252,0.252,0.252,0.082,0.299,0.14,0.299,0.33,0.082,0.092,0.392,0.092,0.423,0.423,0.423,0.074,0.249,0.339,0.385,0.502,0.556,0.505,0.502,0.206,0.249,0.421,0.311,0.395,0.421,0.505,0.34,0.224,0.541,0.249,0.337,0.362,0.296,0.407,0.421,0.082,0.407,0.407,0.309,0.426,0.462,0.584,0.426,0.426,0.51,0.359,0.23,0.23,0.255,0.793,0.576,0.418,0.654,0.231,0.556,0.621,0.469,0.394,0.576,0.329,0.395,0.582,0.484,0.113,0.266,0.625,0.049,0.266,0.881,0.37,0.525,0.407,0.791,0.681,0.399,0.053,0.329,0.046,0.399,0.382,0.647,0.716,0.03,0.382,0.555,0.382,0.399,0.691,0.028,0.014,0.029,0.049,0.564,0.046,0.77,0.027,0.026,0.082,0.013,0.117,0.039,0.051,0.042,0.044,0.115,0.092,0.079
0.036,0.036,0.048,0.048,0.526,0.858,0.246,0.223,0.844,0.327,0.223,0.283,0.198,0.526,0.283,0.223,0.198,0.526,0.822,0.198,0.156,0.378,0.156,0.188,0.198,0.246,0.188,0.223,0.22,0.327,0.22,0.378,0.435,0.346,0.523,0.346,0.867,0.523,0.435,0.867,0.233,0.346,0.806,0.358,0.346,0.867,0.726,0.806,0.659,0.806,0.728,0.256,0.297,0.358,0.817,0.358,0.357,0.856,0.856,0.856,0.521,0.817,0.357,0.817,0.297,0.521,0.329,0.734,0.329,0.343,0.343,0.343,0.581,0.654,0.44,0.781,0.291,0.428,0.315,0.291,0.76,0.654,0.375,0.794,0.707,0.375,0.315,0.804,0.793,0.354,0.654,0.428,0.849,0.789,0.447,0.375,0.724,0.447,0.447,0.857,0.453,0.799,0.425,0.453,0.453,0.986,0.753,0.812,0.812,0.801,0.442,0.777,0.749,0.768,0.78,0.33,0.602,0.729,0.849,0.777,0.738,0.847,0.629,0.774,0.805,0.666,0.858,0.776,0.666,0.34,0.798,0.364,0.811,0.435,0.889,0.69,0.705,0.662,0.87,0.69,0.685,0.799,0.691,0.67,0.685,0.415,0.685,0.69,0.711,0.504,0.678,0.719,0.974,0.388,0.925,0.796,0.68,0.706,0.83,0.694,0.839,0.98,0.934,0.896,0.895,0.374,0.327,0.876
0.969,0.969,0.943,0.943,0.895,0.526,0.834,0.835,0.476,0.67,0.835,0.909,0.703,0.895,0.909,0.835,0.703,0.895,0.656,0.703,0.769,0.71,0.769,0.742,0.703,0.834,0.742,0.835,0.859,0.67,0.859,0.71,0.226,0.523,0.68,0.523,0.945,0.68,0.226,0.945,0.01,0.523,0.93,0.753,0.523,0.945,0.758,0.93,0.886,0.93,0.321,0.013,0.921,0.366,0.928,0.366,0.382,0.866,0.866,0.866,0.498,0.928,0.382,0.928,0.921,0.498,0.514,0.768,0.514,0.775,0.775,0.775,0.022,0.7,0.667,0.017,0.84,0.935,0.899,0.84,0.01,0.7,0.981,0.02,0.849,0.981,0.899,0.021,0.013,0.718,0.7,0.715,0.016,0.015,0.652,0.981,0.179,0.652,0.652,0.021,0.772,0.837,0.96,0.772,0.772,0.989,0.017,0.785,0.785,0.889,0.102,0.161,0.055,0.193,0.015,0.753,0.319,0.809,0.054,0.161,0.012,0.052,0.302,0.078,0.012,0.789,0.896,0.714,0.789,0.224,0.078,0.816,0.078,0.176,0.918,0.937,0.687,0.898,0.809,0.937,0.963,0.524,0.352,0.542,0.963,0.731,0.963,0.937,0.34,0.98,0.689,0.947,0.955,0.735,0.959,0.364,0.951,0.951,0.916,0.763,0.946,0.978,0.967,0.941,0.95,0.73,0.714,0.787
0.533,0.533,0.509,0.509,0.307,0.196,0.559,0.556,0.211,0.943,0.556,0.555,0.565,0.307,0.555,0.556,0.565,0.307,0.091,0.565,0.542,0.88,0.542,0.596,0.565,0.559,0.596,0.556,0.553,0.943,0.553,0.88,0.726,0.48,0.507,0.48,0.377,0.507,0.726,0.377,0.392,0.48,0.269,0.389,0.48,0.377,0.191,0.269,0.163,0.269,0.457,0.488,0.519,0.677,0.35,0.677,0.695,0.201,0.201,0.201,0.701,0.35,0.695,0.35,0.519,0.701,0.509,0.229,0.509,0.252,0.252,0.252,0.534,0.461,0.341,0.919,0.323,0.219,0.556,0.323,0.395,0.461,0.471,0.375,0.273,0.471,0.556,0.931,0.351,0.265,0.461,0.326,0.891,0.316,0.299,0.471,0.145,0.299,0.299,0.912,0.287,0.39,0.252,0.287,0.287,0.213,0.963,0.537,0.537,0.452,0.804,0.756,0.51,0.693,0.407,0.283,0.099,0.262,0.525,0.756,0.949,0.466,0.083,0.702,0.441,0.691,0.222,0.055,0.691,0.847,0.606,0.44,0.597,0.776,0.363,0.232,0.047,0.616,0.117,0.232,0.395,0.225,0.063,0.191,0.395,0.311,0.395,0.232,0.055,0.04,0.147,0.062,0.228,0.337,0.241,0.062,0.23,0.055,0.217,0.152,0.223,0.247,0.266,0.219,0.225,0.065,0.066,0.064
0.423,0.423,0.529,0.529,0.814,0.374,0.578,0.614,0.425,0.449,0.614,0.613,0.595,0.814,0.613,0.614,0.595,0.814,0.132,0.595,0.648,0.48,0.648,0.499,0.595,0.578,0.499,0.614,0.592,0.449,0.592,0.48,0.328,0.865,0.796,0.865,0.194,0.796,0.328,0.194,0.798,0.865,0.227,0.699,0.865,0.194,0.125,0.227,0.418,0.227,0.54,0.895,0.927,0.237,0.269,0.237,0.233,0.242,0.242,0.242,0.706,0.269,0.233,0.269,0.927,0.706,0.851,0.326,0.851,0.991,0.991,0.991,0.983,0.699,0.571,0.761,0.586,0.495,0.628,0.586,0.84,0.699,0.83,0.861,0.325,0.83,0.628,0.788,0.863,0.602,0.699,0.553,0.778,0.836,0.81,0.83,0.547,0.81,0.81,0.804,0.742,0.659,0.495,0.742,0.742,0.376,0.88,0.449,0.449,0.582,0.347,0.899,0.976,0.932,0.927,0.551,0.564,0.759,0.995,0.899,0.939,0.992,0.449,0.993,0.973,0.477,0.684,0.424,0.477,0.718,0.995,0.963,0.996,0.401,0.746,0.536,0.586,0.602,0.365,0.536,0.538,0.541,0.649,0.657,0.538,0.617,0.538,0.536,0.702,0.524,0.579,0.553,0.73,0.578,0.731,0.75,0.602,0.566,0.617,0.638,0.674,0.713,0.769,0.884,0.879,0.499,0.536,0.843
0.864,0.864,0.909,0.909,0.815,0.757,0.891,0.838,0.717,0.915,0.838,0.822,0.987,0.815,0.822,0.838,0.987,0.815,0.164,0.987,0.779,0.623,0.779,0.979,0.987,0.891,0.979,0.838,0.763,0.915,0.763,0.623,0.844,0.848,0.74,0.848,0.47,0.74,0.844,0.47,0.312,0.848,0.413,0.11,0.848,0.47,0.082,0.413,0.13,0.413,0.71,0.303,0.409,0.502,0.58,0.502,0.463,0.554,0.554,0.554,0.603,0.58,0.463,0.58,0.409,0.603,0.814,0.156,0.814,0.268,0.268,0.268,0.362,0.578,0.122,0.132,0.387,0.052,0.4,0.387,0.135,0.578,0.543,0.097,0.14,0.543,0.4,0.127,0.146,0.064,0.578,0.129,0.115,0.09,0.356,0.543,0.421,0.356,0.356,0.129,0.195,0.295,0.055,0.195,0.195,0.059,0.131,0.365,0.365,0.313,0.106,0.763,0.021,0.797,0.111,0.075,0.087,0.291,0.014,0.763,0.126,0.014,0.074,0.016,0.148,0.338,0.069,0.679,0.338,0.434,0.018,0.394,0.018,0.102,0.049,0.494,0.721,0.318,0.744,0.494,0.57,0.078,0.561,0.493,0.57,0.049,0.57,0.494,0.518,0.38,0.539,0.389,0.878,0.057,0.864,0.632,0.837,0.422,0.886,0.552,0.849,0.857,0.85,0.853,0.84,0.778,0.782,0.634
0.207,0.207,0.174,0.174,0.924,0.462,0.792,0.695,0.388,0.557,0.695,0.769,0.708,0.924,0.769,0.695,0.708,0.924,0.369,0.708,0.102,0.604,0.102,0.714,0.708,0.792,0.714,0.695,0.689,0.557,0.689,0.604,0.167,0.527,0.608,0.527,0.915,0.608,0.167,0.915,0.346,0.527,0.901,0.217,0.527,0.915,0.308,0.901,0.895,0.901,0.249,0.222,0.814,0.295,0.909,0.295,0.317,0.904,0.904,0.904,0.342,0.909,0.317,0.909,0.814,0.342,0.525,0.152,0.525,0.787,0.787,0.787,0.196,0.951,0.267,0.676,0.697,0.106,0.691,0.697,0.622,0.951,0.814,0.671,0.186,0.814,0.691,0.647,0.603,0.157,0.951,0.293,0.678,0.694,0.847,0.814,0.534,0.847,0.847,0.697,0.816,0.85,0.113,0.816,0.816,0.339,0.696,0.775,0.775,0.595,0.211,0.716,0.261,0.746,0.705,0.163,0.383,0.842,0.222,0.716,0.736,0.227,0.365,0.383,0.411,0.743,0.474,0.404,0.743,0.142,0.405,0.872,0.376,0.229,0.582,0.769,0.392,0.554,0.523,0.769,0.778,0.321,0.333,0.68,0.778,0.176,0.778,0.769,0.322,0.76,0.559,0.629,0.339,0.184,0.342,0.301,0.33,0.661,0.213,0.55,0.2,0.328,0.26,0.325,0.247,0.031,0.031,0.041
0.466,0.466,0.405,0.405,0.436,0.364,0.337,0.421,0.352,0.366,0.421,0.384,0.32,0.436,0.384,0.421,0.32,0.436,0.012,0.32,0.126,0.375,0.126,0.373,0.32,0.337,0.373,0.421,0.486,0.366,0.486,0.375,0.201,0.168,0.224,0.168,0.144,0.224,0.201,0.144,0.437,0.168,0.123,0.555,0.168,0.144,0.008,0.123,0.621,0.123,0.241,0.419,0.932,0.453,0.227,0.453,0.477,0.2,0.2,0.2,0.206,0.227,0.477,0.227,0.932,0.206,0.187,0.615,0.187,0.721,0.721,0.721,0.382,0.421,0.53,0.264,0.981,0.445,0.967,0.981,0.391,0.421,0.567,0.357,0.475,0.567,0.967,0.263,0.438,0.313,0.421,0.486,0.282,0.344,0.851,0.567,0.324,0.851,0.851,0.279,0.843,0.963,0.516,0.843,0.843,0.259,0.204,0.404,0.404,0.365,0.104,0.164,0.063,0.271,0.258,0.366,0.095,0.964,0.063,0.164,0.207,0.068,0.091,0.097,0.217,0.366,0.198,0.007,0.366,0.147,0.088,0.871,0.074,0.106,0.22,0.759,0.004,0.396,0.003,0.759,0.716,0.095,0.181,0.019,0.716,0.398,0.716,0.759,0.177,0.043,0.019,0.032,0.022,0.383,0.034,0.177,0.344,0.035,0.304,0.02,0.272,0.019,0.04,0.032,0.037,0.056,0.082,0.023
0.702,0.702,0.563,0.563,0.901,0.548,0.634,0.612,0.572,0.634,0.612,0.734,0.539,0.901,0.734,0.612,0.539,0.901,0.637,0.539,0.552,0.624,0.552,0.512,0.539,0.634,0.512,0.612,0.577,0.634,0.577,0.624,0.736,0.672,0.816,0.672,0.778,0.816,0.736,0.778,0.704,0.672,0.736,0.504,0.672,0.778,0.716,0.736,0.401,0.736,0.693,0.711,0.788,0.238,0.849,0.238,0.218,0.831,0.831,0.831,0.696,0.849,0.218,0.849,0.788,0.696,0.644,0.35,0.644,0.644,0.644,0.644,0.925,0.929,0.453,0.649,0.761,0.2,0.725,0.761,0.753,0.929,0.818,0.693,0.659,0.818,0.725,0.663,0.777,0.273,0.929,0.431,0.638,0.679,0.708,0.818,0.548,0.708,0.708,0.655,0.781,0.65,0.336,0.781,0.781,0.355,0.737,0.127,0.127,0.104,0.063,0.135,0.351,0.074,0.746,0.468,0.277,0.655,0.356,0.135,0.696,0.352,0.297,0.412,0.788,0.157,0.442,0.443,0.157,0.134,0.431,0.788,0.425,0.064,0.55,0.766,0.508,0.138,0.427,0.766,0.777,0.591,0.346,0.315,0.777,0.304,0.777,0.766,0.326,0.189,0.333,0.182,0.703,0.499,0.66,0.322,0.491,0.136,0.494,0.319,0.446,0.75,0.724,0.63,0.788,0.288,0.306,0.784
0.49,0.49,0.518,0.518,0.093,0.635,0.287,0.224,0.54,0.238,0.224,0.266,0.202,0.093,0.266,0.224,0.202,0.093,0.256,0.202,0.425,0.268,0.425,0.187,0.202,0.287,0.187,0.224,0.211,0.238,0.211,0.268,0.292,0.353,0.365,0.353,0.103,0.365,0.292,0.103,0.648,0.353,0.129,0.094,0.353,0.103,0.28,0.129,0.184,0.129,0.573,0.616,0.272,0.172,0.061,0.172,0.168,0.079,0.079,0.079,0.408,0.061,0.168,0.061,0.272,0.408,0.352,0.172,0.352,0.145,0.145,0.145,0.644,0.125,0.129,0.483,0.29,0.279,0.353,0.29,0.541,0.125,0.142,0.412,0.166,0.142,0.353,0.394,0.523,0.272,0.125,0.12,0.508,0.47,0.171,0.142,0.045,0.171,0.171,0.41,0.186,0.087,0.278,0.186,0.186,0.295,0.517,0.13,0.13,0.143,0.185,0.045,0.331,0.035,0.475,0.256,0.601,0.081,0.288,0.045,0.504,0.286,0.597,0.402,0.58,0.119,0.383,0.958,0.119,0.041,0.388,0.153,0.417,0.118,0.456,0.117,0.952,0.075,0.783,0.117,0.117,0.658,0.311,0.672,0.117,0.283,0.117,0.117,0.316,0.726,0.721,0.724,0.824,0.287,0.89,0.225,0.756,0.744,0.832,0.725,0.824,0.821,0.893,0.86,0.846,0.835,0.814,0.74
0.191,0.191,0.201,0.201,0.287,0.653,0.154,0.138,0.678,0.097,0.138,0.164,0.109,0.287,0.164,0.138,0.109,0.287,0.644,0.109,0.103,0.067,0.103,0.143,0.109,0.154,0.143,0.138,0.116,0.097,0.116,0.067,0.105,0.089,0.074,0.089,0.546,0.074,0.105,0.546,0.082,0.089,0.601,0.334,0.089,0.546,0.677,0.601,0.724,0.601,0.651,0.088,0.134,0.219,0.712,0.219,0.232,0.684,0.684,0.684,0.041,0.712,0.232,0.712,0.134,0.041,0.069,0.655,0.069,0.101,0.101,0.101,0.027,0.163,0.532,0.039,0.429,0.442,0.406,0.429,0.018,0.163,0.283,0.029,0.712,0.283,0.406,0.034,0.027,0.197,0.163,0.454,0.034,0.028,0.154,0.283,0.351,0.154,0.154,0.018,0.148,0.481,0.458,0.148,0.148,0.567,0.019,0.881,0.881,0.769,0.907,0.478,0.047,0.403,0.019,0.284,0.222,0.494,0.043,0.478,0.025,0.042,0.207,0.055,0.018,0.896,0.22,0.343,0.896,0.806,0.058,0.165,0.056,0.925,0.096,0.64,0.333,0.778,0.364,0.64,0.616,0.157,0.301,0.146,0.616,0.079,0.616,0.64,0.285,0.58,0.19,0.608,0.401,0.161,0.382,0.263,0.374,0.607,0.298,0.197,0.355,0.391,0.3,0.37,0.311,0.42,0.362,0.389
0.293,0.293,0.274,0.274,0.897,0.21,0.285,0.184,0.217,0.109,0.184,0.307,0.207,0.897,0.307,0.184,0.207,0.897,0.947,0.207,0.28,0.082,0.28,0.215,0.207,0.285,0.215,0.184,0.166,0.109,0.166,0.082,0.146,0.272,0.385,0.272,0.965,0.385,0.146,0.965,0.229,0.272,0.985,0.228,0.272,0.965,0.914,0.985,0.233,0.985,0.318,0.205,0.731,0.027,0.986,0.027,0.026,0.993,0.993,0.993,0.118,0.986,0.026,0.986,0.731,0.118,0.245,0.238,0.245,0.524,0.524,0.524,0.455,0.974,0.231,0.513,0.914,0.154,0.789,0.914,0.272,0.974,0.827,0.286,0.214,0.827,0.789,0.514,0.3,0.199,0.974,0.262,0.505,0.264,0.82,0.827,0.935,0.82,0.82,0.495,0.668,0.769,0.134,0.668,0.668,0.198,0.671,0.973,0.973,0.971,0.762,0.967,0.896,0.963,0.399,0.175,0.256,0.914,0.876,0.967,0.67,0.876,0.232,0.874,0.389,0.986,0.285,0.957,0.986,0.589,0.88,0.685,0.861,0.684,0.341,0.955,0.904,0.98,0.98,0.955,0.876,0.753,0.027,0.911,0.876,0.268,0.876,0.955,0.026,0.825,0.878,0.854,0.952,0.268,0.965,0.035,0.829,0.875,0.904,0.895,0.911,0.96,0.947,0.93,0.911,0.935,0.934,0.94
0.38,0.38,0.704,0.704,0.777,0.823,0.715,0.85,0.879,0.705,0.85,0.595,0.915,0.777,0.595,0.85,0.915,0.777,0.713,0.915,0.616,0.697,0.616,0.879,0.915,0.715,0.879,0.85,0.832,0.705,0.832,0.697,0.738,0.964,0.859,0.964,0.932,0.859,0.738,0.932,0.994,0.964,0.924,0.964,0.964,0.932,0.696,0.924,0.93,0.924,0.917,0.995,0.742,0.689,0.854,0.689,0.688,0.69,0.69,0.69,0.719,0.854,0.688,0.854,0.742,0.719,0.944,0.9,0.944,0.553,0.553,0.553,0.99,0.469,0.961,0.951,0.698,0.949,0.666,0.698,0.968,0.469,0.858,0.978,0.83,0.858,0.666,0.955,0.988,0.957,0.469,0.956,0.956,0.977,0.546,0.858,0.199,0.546,0.546,0.952,0.507,0.525,0.893,0.507,0.507,0.863,0.978,0.983,0.983,0.96,0.763,0.534,0.703,0.247,0.979,0.888,0.754,0.589,0.754,0.534,0.977,0.78,0.752,0.86,0.986,0.868,0.766,0.568,0.868,0.453,0.904,0.71,0.906,0.742,0.864,0.865,0.562,0.99,0.748,0.865,0.891,0.625,0.794,0.389,0.891,0.801,0.891,0.865,0.779,0.513,0.402,0.43,0.659,0.798,0.816,0.768,0.732,0.432,0.369,0.402,0.282,0.661,0.754,0.697,0.664,0.774,0.829,0.577
0.33,0.33,0.247,0.247,0.358,0.4,0.197,0.21,0.503,0.324,0.21,0.227,0.194,0.358,0.227,0.21,0.194,0.358,0.852,0.194,0.435,0.345,0.435,0.145,0.194,0.197,0.145,0.21,0.195,0.324,0.195,0.345,0.635,0.555,0.418,0.555,0.717,0.418,0.635,0.717,0.754,0.555,0.692,0.722,0.555,0.717,0.882,0.692,0.84,0.692,0.782,0.883,0.304,0.368,0.589,0.368,0.364,0.602,0.602,0.602,0.688,0.589,0.364,0.589,0.304,0.688,0.603,0.867,0.603,0.239,0.239,0.239,0.897,0.311,0.713,0.896,0.41,0.759,0.422,0.41,0.778,0.311,0.333,0.904,0.731,0.333,0.422,0.889,0.769,0.76,0.311,0.704,0.9,0.917,0.591,0.333,0.358,0.591,0.591,0.889,0.615,0.469,0.689,0.615,0.615,0.871,0.93,0.841,0.841,0.833,0.938,0.7,0.659,0.701,0.947,0.651,0.956,0.437,0.61,0.7,0.921,0.642,0.949,0.81,0.848,0.876,0.87,0.32,0.876,0.802,0.852,0.319,0.828,0.9,0.935,0.361,0.372,0.866,0.383,0.361,0.386,0.874,0.902,0.534,0.386,0.928,0.386,0.361,0.896,0.36,0.66,0.434,0.084,0.876,0.044,0.87,0.191,0.425,0.105,0.625,0.103,0.074,0.054,0.041,0.054,0.055,0.062,0.149
0.541,0.541,0.697,0.697,0.369,0.972,0.459,0.762,0.971,0.719,0.762,0.371,0.789,0.369,0.371,0.762,0.789,0.369,0.346,0.789,0.51,0.742,0.51,0.772,0.789,0.459,0.772,0.762,0.831,0.719,0.831,0.742,0.775,0.778,0.437,0.778,0.581,0.437,0.775,0.581,0.579,0.778,0.682,0.069,0.778,0.581,0.363,0.682,0.187,0.682,0.963,0.601,0.718,0.643,0.45,0.643,0.607,0.56,0.56,0.56,0.908,0.45,0.607,0.45,0.718,0.908,0.862,0.201,0.862,0.816,0.816,0.816,0.819,0.481,0.08,0.375,0.399,0.322,0.477,0.399,0.427,0.481,0.91,0.384,0.228,0.91,0.477,0.389,0.494,0.411,0.481,0.075,0.337,0.333,0.41,0.91,0.512,0.41,0.41,0.383,0.45,0.688,0.296,0.45,0.45,0.328,0.484,0.864,0.864,0.894,0.943,0.903,0.297,0.896,0.498,0.355,0.419,0.562,0.261,0.903,0.488,0.257,0.389,0.094,0.616,0.864,0.45,0.292,0.864,0.938,0.091,0.874,0.087,0.962,0.291,0.62,0.256,0.867,0.315,0.62,0.789,0.318,0.275,0.504,0.789,0.243,0.789,0.62,0.296,0.302,0.548,0.243,0.216,0.232,0.135,0.502,0.488,0.25,0.235,0.525,0.242,0.217,0.112,0.12,0.117,0.326,0.284,0.715
0.104,0.104,0.173,0.173,0.757,0.781,0.546,0.259,0.799,0.328,0.259,0.345,0.386,0.757,0.345,0.259,0.386,0.757,0.496,0.386,0.171,0.261,0.171,0.582,0.386,0.546,0.582,0.259,0.423,0.328,0.423,0.261,0.925,0.278,0.493,0.278,0.586,0.493,0.925,0.586,0.907,0.278,0.567,0.278,0.278,0.586,0.771,0.567,0.22,0.567,0.826,0.907,0.649,0.999,0.656,0.999,0.996,0.638,0.638,0.638,0.502,0.656,0.996,0.656,0.649,0.502,0.531,0.249,0.531,0.495,0.495,0.495,0.731,0.662,0.207,0.903,0.671,0.05,0.685,0.671,0.941,0.662,0.662,0.933,0.185,0.662,0.685,0.907,0.933,0.068,0.662,0.21,0.879,0.927,0.552,0.662,0.487,0.552,0.552,0.873,0.679,0.741,0.034,0.679,0.679,0.111,0.855,0.304,0.304,0.117,0.107,0.105,0.455,0.052,0.896,0.047,0.13,0.734,0.6,0.105,0.783,0.598,0.14,0.524,0.941,0.283,0.121,0.127,0.283,0.085,0.562,0.67,0.557,0.161,0.176,0.682,0.156,0.093,0.163,0.682,0.687,0.12,0.437,0.229,0.687,0.086,0.687,0.682,0.454,0.579,0.242,0.503,0.032,0.061,0.035,0.509,0.019,0.499,0.016,0.245,0.014,0.029,0.037,0.044,0.051,0.013,0.009,0.111
0.194,0.194,0.192,0.192,0.594,0.247,0.123,0.142,0.251,0.131,0.142,0.145,0.123,0.594,0.145,0.142,0.123,0.594,0.75,0.123,0.354,0.136,0.354,0.144,0.123,0.123,0.144,0.142,0.146,0.131,0.146,0.136,0.288,0.228,0.255,0.228,0.578,0.255,0.288,0.578,0.492,0.228,0.738,0.38,0.228,0.578,0.63,0.738,0.433,0.738,0.413,0.48,0.668,0.193,0.571,0.193,0.19,0.713,0.713,0.713,0.299,0.571,0.19,0.571,0.668,0.299,0.269,0.437,0.269,0.786,0.786,0.786,0.454,0.765,0.362,0.247,0.565,0.246,0.656,0.565,0.249,0.765,0.777,0.259,0.385,0.777,0.656,0.217,0.266,0.241,0.765,0.413,0.23,0.332,0.721,0.777,0.642,0.721,0.721,0.239,0.573,0.748,0.232,0.573,0.573,0.245,0.385,0.102,0.102,0.052,0.038,0.139,0.199,0.113,0.468,0.235,0.346,0.738,0.208,0.139,0.387,0.209,0.382,0.156,0.241,0.047,0.215,0.854,0.047,0.057,0.172,0.745,0.165,0.06,0.215,0.716,0.954,0.026,0.93,0.716,0.741,0.584,0.206,0.888,0.741,0.227,0.741,0.716,0.216,0.958,0.903,0.975,0.209,0.225,0.266,0.271,0.164,0.979,0.188,0.848,0.181,0.248,0.243,0.166,0.164,0.112,0.18,0.157
0.302,0.302,0.286,0.286,0.241,0.452,0.294,0.175,0.466,0.309,0.175,0.284,0.154,0.241,0.284,0.175,0.154,0.241,0.202,0.154,0.444,0.392,0.444,0.134,0.154,0.294,0.134,0.175,0.15,0.309,0.15,0.392,0.812,0.177,0.403,0.177,0.292,0.403,0.812,0.292,0.345,0.177,0.097,0.444,0.177,0.292,0.148,0.097,0.739,0.097,0.555,0.278,0.277,0.881,0.331,0.881,0.881,0.087,0.087,0.087,0.423,0.331,0.881,0.331,0.277,0.423,0.154,0.697,0.154,0.049,0.049,0.049,0.122,0.266,0.515,0.184,0.054,0.677,0.063,0.054,0.266,0.266,0.317,0.156,0.665,0.317,0.063,0.175,0.279,0.803,0.266,0.487,0.175,0.148,0.007,0.317,0.671,0.007,0.007,0.17,0.016,0.132,0.698,0.016,0.016,0.607,0.218,0.362,0.362,0.346,0.605,0.581,0.788,0.698,0.197,0.811,0.768,0.105,0.808,0.581,0.227,0.798,0.836,0.588,0.19,0.479,0.755,0.412,0.479,0.545,0.524,0.261,0.57,0.842,0.832,0.106,0.343,0.49,0.481,0.106,0.128,0.925,0.57,0.571,0.128,0.796,0.128,0.106,0.593,0.388,0.645,0.401,0.341,0.824,0.509,0.613,0.207,0.366,0.336,0.636,0.334,0.301,0.501,0.302,0.389,0.415,0.434,0.237
0.712,0.712,0.746,0.746,0.334,0.144,0.742,0.594,0.151,0.295,0.594,0.726,0.59,0.334,0.726,0.594,0.59,0.334,0.29,0.59,0.835,0.37,0.835,0.547,0.59,0.742,0.547,0.594,0.555,0.295,0.555,0.37,0.668,0.614,0.75,0.614,0.223,0.75,0.668,0.223,0.652,0.614,0.297,0.222,0.614,0.223,0.248,0.297,0.4,0.297,0.1,0.61,0.29,0.796,0.168,0.796,0.794,0.228,0.228,0.228,0.346,0.168,0.794,0.168,0.29,0.346,0.595,0.293,0.595,0.266,0.266,0.266,0.54,0.556,0.229,0.47,0.202,0.534,0.201,0.202,0.212,0.556,0.546,0.436,0.264,0.546,0.201,0.409,0.219,0.517,0.556,0.223,0.475,0.502,0.166,0.546,0.366,0.166,0.166,0.427,0.169,0.247,0.525,0.169,0.169,0.469,0.516,0.64,0.64,0.588,0.536,0.279,0.36,0.362,0.55,0.573,0.326,0.233,0.376,0.279,0.496,0.374,0.461,0.408,0.382,0.572,0.481,0.037,0.572,0.259,0.46,0.534,0.465,0.529,0.372,0.207,0.04,0.509,0.037,0.207,0.195,0.263,0.947,0.039,0.195,0.32,0.195,0.207,0.97,0.429,0.027,0.496,0.008,0.401,0.024,0.982,0.002,0.407,0.002,0.029,0.002,0.012,0.025,0.011,0.016,0.016,0.016,0.002
0.428,0.428,0.41,0.41,0.383,0.285,0.426,0.537,0.235,0.553,0.537,0.453,0.486,0.383,0.453,0.537,0.486,0.383,0.686,0.486,0.362,0.636,0.362,0.624,0.486,0.426,0.624,0.537,0.675,0.553,0.675,0.636,0.221,0.343,0.36,0.343,0.288,0.36,0.221,0.288,0.793,0.343,0.27,0.499,0.343,0.288,0.679,0.27,0.759,0.27,0.265,0.77,0.088,0.322,0.199,0.322,0.333,0.223,0.223,0.223,0.457,0.199,0.333,0.199,0.088,0.457,0.532,0.773,0.532,0.505,0.505,0.505,0.883,0.275,0.691,0.73,0.036,0.901,0.035,0.036,0.876,0.275,0.209,0.757,0.784,0.209,0.035,0.749,0.913,0.871,0.275,0.727,0.721,0.739,0.715,0.209,0.864,0.715,0.715,0.744,0.677,0.167,0.865,0.677,0.677,0.788,0.825,0.708,0.708,0.781,0.864,0.532,0.481,0.68,0.869,0.848,0.796,0.177,0.577,0.532,0.819,0.564,0.793,0.493,0.834,0.745,0.796,0.167,0.745,0.809,0.384,0.257,0.385,0.841,0.892,0.102,0.168,0.82,0.238,0.102,0.112,0.789,0.392,0.655,0.112,0.915,0.112,0.102,0.397,0.374,0.567,0.286,0.451,0.908,0.311,0.521,0.852,0.31,0.679,0.568,0.647,0.332,0.425,0.314,0.428,0.306,0.307,0.409
0.296,0.296,0.263,0.263,0.348,0.384,0.935,0.9,0.339,0.98,0.9,0.923,0.924,0.348,0.923,0.9,0.924,0.348,0.697,0.924,0.29,0.988,0.29,0.91,0.924,0.935,0.91,0.9,0.903,0.98,0.903,0.988,0.631,0.926,0.943,0.926,0.246,0.943,0.631,0.246,0.45,0.926,0.242,0.58,0.926,0.246,0.68,0.242,0.035,0.242,0.296,0.514,0.168,0.842,0.547,0.842,0.848,0.533,0.533,0.533,0.854,0.547,0.848,0.547,0.168,0.854,0.914,0.027,0.914,0.836,0.836,0.836,0.624,0.028,0.418,0.556,0.326,0.027,0.257,0.326,0.523,0.028,0.254,0.569,0.026,0.254,0.257,0.533,0.487,0.038,0.028,0.416,0.575,0.615,0.785,0.254,0.668,0.785,0.785,0.516,0.755,0.229,0.027,0.755,0.755,0.026,0.44,0.527,0.527,0.544,0.84,0.353,0.387,0.385,0.525,0.04,0.203,0.226,0.285,0.353,0.447,0.273,0.199,0.29,0.455,0.564,0.039,0.278,0.564,0.765,0.183,0.186,0.169,0.879,0.066,0.478,0.275,0.573,0.239,0.478,0.506,0.252,0.907,0.262,0.506,0.077,0.506,0.478,0.931,0.559,0.388,0.538,0.245,0.08,0.37,0.952,0.053,0.538,0.057,0.392,0.055,0.26,0.402,0.339,0.38,0.019,0.015,0.165
0.664,0.664,0.618,0.618,0.928,0.948,0.936,0.923,0.919,0.803,0.923,0.952,0.906,0.928,0.952,0.923,0.906,0.928,0.61,0.906,0.701,0.851,0.701,0.904,0.906,0.936,0.904,0.923,0.926,0.803,0.926,0.851,0.501,0.751,0.805,0.751,0.985,0.805,0.501,0.985,0.987,0.751,0.983,0.316,0.751,0.985,0.769,0.983,0.086,0.983,0.775,0.964,0.858,0.722,0.893,0.722,0.749,0.857,0.857,0.857,0.64,0.893,0.749,0.893,0.858,0.64,0.758,0.227,0.758,0.936,0.936,0.936,0.739,0.928,0.741,0.851,0.824,0.388,0.84,0.824,0.957,0.928,0.917,0.902,0.212,0.917,0.84,0.833,0.963,0.474,0.928,0.749,0.91,0.956,0.85,0.917,0.569,0.85,0.85,0.886,0.824,0.933,0.318,0.824,0.824,0.193,0.621,0.96,0.96,0.962,0.205,0.915,0.869,0.992,0.737,0.483,0.343,0.92,0.903,0.915,0.697,0.896,0.335,0.663,0.806,0.96,0.362,0.18,0.96,0.447,0.65,0.885,0.643,0.23,0.527,0.911,0.217,0.963,0.203,0.911,0.929,0.365,0.536,0.826,0.929,0.54,0.929,0.911,0.566,0.621,0.777,0.604,0.437,0.549,0.543,0.603,0.376,0.599,0.584,0.713,0.563,0.507,0.434,0.507,0.457,0.735,0.717,0.292
0.033,0.033,0.03,0.03,0.662,0.978,0.042,0.093,0.982,0.077,0.093,0.06,0.082,0.662,0.06,0.093,0.082,0.662,0.139,0.082,0.039,0.099,0.039,0.085,0.082,0.042,0.085,0.093,0.1,0.077,0.1,0.099,0.052,0.103,0.062,0.103,0.214,0.062,0.052,0.214,0.884,0.103,0.173,0.941,0.103,0.214,0.072,0.173,0.963,0.173,0.872,0.891,0.646,0.079,0.507,0.079,0.083,0.452,0.452,0.452,0.057,0.507,0.083,0.507,0.646,0.057,0.099,0.878,0.099,0.522,0.522,0.522,0.809,0.756,0.797,0.987,0.679,0.481,0.703,0.679,0.743,0.756,0.653,0.908,0.819,0.653,0.703,0.988,0.81,0.708,0.756,0.776,0.99,0.9,0.535,0.653,0.838,0.535,0.535,0.987,0.556,0.727,0.426,0.556,0.556,0.591,0.992,0.563,0.563,0.629,0.877,0.169,0.817,0.175,0.954,0.683,0.888,0.702,0.836,0.169,0.995,0.854,0.889,0.82,0.776,0.711,0.698,0.619,0.711,0.269,0.831,0.736,0.864,0.958,0.792,0.492,0.737,0.701,0.677,0.492,0.541,0.869,0.708,0.431,0.541,0.808,0.541,0.492,0.719,0.392,0.357,0.358,0.514,0.73,0.503,0.765,0.507,0.344,0.303,0.34,0.338,0.536,0.498,0.505,0.487,0.355,0.35,0.917
0.665,0.665,0.627,0.627,0.1,0.724,0.66,0.869,0.791,0.799,0.869,0.661,0.87,0.1,0.661,0.869,0.87,0.1,0.126,0.87,0.671,0.77,0.671,0.85,0.87,0.66,0.85,0.869,0.846,0.799,0.846,0.77,0.524,0.861,0.753,0.861,0.242,0.753,0.524,0.242,0.3,0.861,0.181,0.834,0.861,0.242,0.087,0.181,0.677,0.181,0.747,0.331,0.471,0.737,0.24,0.737,0.746,0.114,0.114,0.114,0.722,0.24,0.746,0.24,0.471,0.722,0.853,0.786,0.853,0.172,0.172,0.172,0.334,0.046,0.865,0.217,0.227,0.506,0.425,0.227,0.348,0.046,0.356,0.363,0.766,0.356,0.425,0.312,0.361,0.086,0.046,0.872,0.224,0.306,0.178,0.356,0.03,0.178,0.178,0.302,0.197,0.245,0.481,0.197,0.197,0.378,0.211,0.412,0.412,0.436,0.372,0.342,0.495,0.307,0.256,0.082,0.114,0.207,0.477,0.342,0.205,0.469,0.103,0.395,0.203,0.42,0.088,0.271,0.42,0.507,0.401,0.181,0.41,0.378,0.116,0.314,0.226,0.452,0.416,0.314,0.531,0.134,0.811,0.357,0.531,0.117,0.531,0.314,0.805,0.813,0.401,0.918,0.57,0.113,0.489,0.728,0.539,0.832,0.429,0.259,0.46,0.608,0.542,0.372,0.415,0.761,0.702,0.665
0.492,0.492,0.525,0.525,0.269,0.943,0.581,0.479,0.941,0.386,0.479,0.607,0.422,0.269,0.607,0.479,0.422,0.269,0.276,0.422,0.497,0.464,0.497,0.48,0.422,0.581,0.48,0.479,0.496,0.386,0.496,0.464,0.633,0.491,0.577,0.491,0.582,0.577,0.633,0.582,0.978,0.491,0.428,0.332,0.491,0.582,0.176,0.428,0.174,0.428,0.852,0.984,0.754,0.904,0.512,0.904,0.924,0.375,0.375,0.375,0.456,0.512,0.924,0.512,0.754,0.456,0.555,0.163,0.555,0.53,0.53,0.53,0.936,0.257,0.337,0.69,0.767,0.28,0.733,0.767,0.881,0.257,0.405,0.726,0.17,0.405,0.733,0.708,0.889,0.271,0.257,0.331,0.704,0.708,0.435,0.405,0.253,0.435,0.435,0.71,0.41,0.432,0.297,0.41,0.41,0.337,0.636,0.243,0.243,0.28,0.472,0.632,0.397,0.587,0.658,0.262,0.143,0.468,0.4,0.632,0.647,0.402,0.136,0.24,0.743,0.222,0.277,0.164,0.222,0.763,0.248,0.411,0.251,0.408,0.325,0.457,0.167,0.255,0.188,0.457,0.646,0.211,0.411,0.117,0.646,0.266,0.646,0.457,0.395,0.701,0.039,0.621,0.475,0.266,0.528,0.571,0.424,0.639,0.478,0.064,0.505,0.568,0.464,0.531,0.451,0.572,0.541,0.47
0.089,0.089,0.078,0.078,0.949,0.346,0.155,0.15,0.335,0.125,0.15,0.176,0.132,0.949,0.176,0.15,0.132,0.949,0.614,0.132,0.108,0.149,0.108,0.113,0.132,0.155,0.113,0.15,0.143,0.125,0.143,0.149,0.114,0.132,0.152,0.132,0.937,0.152,0.114,0.937,0.13,0.132,0.892,0.452,0.132,0.937,0.589,0.892,0.926,0.892,0.487,0.155,0.804,0.125,0.907,0.125,0.125,0.88,0.88,0.88,0.133,0.907,0.125,0.907,0.804,0.133,0.135,0.914,0.135,0.565,0.565,0.565,0.242,0.954,0.408,0.345,0.747,0.886,0.73,0.747,0.216,0.954,0.829,0.323,0.882,0.829,0.73,0.356,0.201,0.75,0.954,0.372,0.339,0.322,0.583,0.829,0.788,0.583,0.583,0.352,0.557,0.811,0.835,0.557,0.557,0.891,0.311,0.892,0.892,0.828,0.507,0.844,0.294,0.788,0.257,0.776,0.652,0.837,0.303,0.844,0.304,0.327,0.642,0.393,0.195,0.905,0.849,0.88,0.905,0.398,0.415,0.865,0.405,0.527,0.842,0.781,0.97,0.971,0.986,0.781,0.857,0.711,0.538,0.837,0.857,0.748,0.857,0.781,0.531,0.727,0.774,0.429,0.789,0.806,0.714,0.563,0.788,0.512,0.751,0.697,0.753,0.828,0.68,0.758,0.756,0.378,0.358,0.298
0.133,0.133,0.145,0.145,0.616,0.36,0.194,0.179,0.392,0.171,0.179,0.106,0.334,0.616,0.106,0.179,0.334,0.616,0.774,0.334,0.139,0.077,0.139,0.344,0.334,0.194,0.344,0.179,0.173,0.171,0.173,0.077,0.219,0.264,0.112,0.264,0.515,0.112,0.219,0.515,0.507,0.264,0.573,0.03,0.264,0.515,0.79,0.573,0.057,0.573,0.724,0.336,0.457,0.045,0.448,0.045,0.038,0.491,0.491,0.491,0.148,0.448,0.038,0.448,0.457,0.148,0.23,0.065,0.23,0.369,0.369,0.369,0.582,0.637,0.039,0.285,0.593,0.176,0.504,0.593,0.437,0.637,0.481,0.379,0.068,0.481,0.504,0.318,0.394,0.165,0.637,0.035,0.267,0.387,0.481,0.481,0.739,0.481,0.481,0.316,0.352,0.267,0.206,0.352,0.352,0.076,0.413,0.063,0.063,0.088,0.049,0.034,0.236,0.039,0.533,0.181,0.078,0.345,0.309,0.034,0.371,0.313,0.13,0.095,0.639,0.022,0.09,0.239,0.022,0.052,0.188,0.4,0.188,0.03,0.109,0.575,0.266,0.043,0.089,0.575,0.525,0.036,0.201,0.377,0.525,0.221,0.525,0.575,0.185,0.289,0.597,0.314,0.061,0.239,0.223,0.126,0.683,0.332,0.54,0.565,0.543,0.081,0.183,0.196,0.21,0.404,0.354,0.4
0.169,0.169,0.091,0.091,0.644,0.027,0.135,0.119,0.035,0.101,0.119,0.149,0.097,0.644,0.149,0.119,0.097,0.644,0.679,0.097,0.467,0.093,0.467,0.109,0.097,0.135,0.109,0.119,0.118,0.101,0.118,0.093,0.228,0.534,0.621,0.534,0.622,0.621,0.228,0.622,0.175,0.534,0.662,0.26,0.534,0.622,0.711,0.662,0.177,0.662,0.17,0.266,0.25,0.076,0.579,0.076,0.066,0.634,0.634,0.634,0.403,0.579,0.066,0.579,0.25,0.403,0.594,0.191,0.594,0.531,0.531,0.531,0.25,0.651,0.272,0.084,0.472,0.253,0.478,0.472,0.055,0.651,0.235,0.088,0.194,0.235,0.478,0.094,0.112,0.297,0.651,0.25,0.087,0.067,0.363,0.235,0.446,0.363,0.363,0.087,0.655,0.316,0.243,0.655,0.655,0.194,0.098,0.33,0.33,0.283,0.12,0.472,0.022,0.405,0.096,0.299,0.201,0.32,0.019,0.472,0.097,0.017,0.196,0.018,0.106,0.318,0.246,0.935,0.318,0.188,0.021,0.247,0.021,0.123,0.216,0.333,0.938,0.25,0.825,0.333,0.313,0.186,0.933,0.754,0.313,0.22,0.313,0.333,0.899,0.81,0.782,0.841,0.896,0.223,0.924,0.917,0.906,0.822,0.944,0.782,0.955,0.914,0.924,0.927,0.944,0.983,0.985,0.939
0.43,0.43,0.479,0.479,0.292,0.826,0.628,0.592,0.816,0.84,0.592,0.65,0.601,0.292,0.65,0.592,0.601,0.292,0.368,0.601,0.217,0.743,0.217,0.62,0.601,0.628,0.62,0.592,0.576,0.84,0.576,0.743,0.364,0.443,0.376,0.443,0.683,0.376,0.364,0.683,0.633,0.443,0.791,0.514,0.443,0.683,0.508,0.791,0.5,0.791,0.385,0.674,0.321,0.711,0.516,0.711,0.738,0.651,0.651,0.651,0.561,0.516,0.738,0.516,0.321,0.561,0.383,0.844,0.383,0.188,0.188,0.188,0.59,0.324,0.502,0.499,0.298,0.572,0.303,0.298,0.695,0.324,0.446,0.521,0.876,0.446,0.303,0.489,0.717,0.73,0.324,0.517,0.49,0.581,0.136,0.446,0.6,0.136,0.136,0.486,0.145,0.349,0.599,0.145,0.145,0.308,0.632,0.896,0.896,0.913,0.521,0.361,0.618,0.349,0.706,0.718,0.931,0.341,0.673,0.361,0.621,0.649,0.923,0.669,0.783,0.871,0.368,0.337,0.871,0.274,0.817,0.255,0.782,0.674,0.707,0.678,0.328,0.889,0.367,0.678,0.675,0.828,0.983,0.227,0.675,0.87,0.675,0.678,0.984,0.314,0.247,0.351,0.429,0.872,0.426,0.985,0.394,0.416,0.592,0.28,0.588,0.424,0.346,0.378,0.33,0.706,0.704,0.482
0.797,0.797,0.786,0.786,0.545,0.177,0.934,0.898,0.148,0.805,0.898,0.942,0.88,0.545,0.942,0.898,0.88,0.545,0.895,0.88,0.676,0.816,0.676,0.867,0.88,0.934,0.867,0.898,0.863,0.805,0.863,0.816,0.367,0.681,0.773,0.681,0.547,0.773,0.367,0.547,0.317,0.681,0.535,0.46,0.681,0.547,0.852,0.535,0.698,0.535,0.047,0.31,0.46,0.713,0.74,0.713,0.699,0.756,0.756,0.756,0.597,0.74,0.699,0.74,0.46,0.597,0.74,0.964,0.74,0.713,0.713,0.713,0.114,0.272,0.789,0.219,0.588,0.825,0.577,0.588,0.295,0.272,0.347,0.157,0.97,0.347,0.577,0.207,0.205,0.675,0.272,0.76,0.196,0.215,0.856,0.347,0.866,0.856,0.856,0.209,0.846,0.505,0.838,0.846,0.846,0.769,0.184,0.782,0.782,0.635,0.515,0.384,0.066,0.447,0.131,0.756,0.61,0.505,0.048,0.384,0.181,0.057,0.663,0.049,0.156,0.571,0.74,0.947,0.571,0.277,0.051,0.519,0.055,0.288,0.728,0.44,0.949,0.387,0.898,0.44,0.45,0.679,0.047,0.854,0.45,0.787,0.45,0.44,0.061,0.767,0.919,0.837,0.887,0.883,0.962,0.065,0.901,0.869,0.94,0.91,0.934,0.901,0.968,0.954,0.968,0.938,0.954,0.96
0.657,0.657,0.644,0.644,0.22,0.821,0.408,0.318,0.835,0.258,0.318,0.428,0.288,0.22,0.428,0.318,0.288,0.22,0.318,0.288,0.788,0.277,0.788,0.297,0.288,0.408,0.297,0.318,0.333,0.258,0.333,0.277,0.426,0.394,0.544,0.394,0.31,0.544,0.426,0.31,0.963,0.394,0.261,0.773,0.394,0.31,0.386,0.261,0.791,0.261,0.845,0.968,0.431,0.386,0.503,0.386,0.392,0.413,0.413,0.413,0.382,0.503,0.392,0.503,0.431,0.382,0.412,0.895,0.412,0.399,0.399,0.399,0.973,0.209,0.784,0.996,0.732,0.721,0.794,0.732,0.988,0.209,0.159,0.992,0.883,0.159,0.794,0.995,0.991,0.592,0.209,0.777,0.996,0.994,0.727,0.159,0.448,0.727,0.727,0.993,0.76,0.5,0.676,0.76,0.76,0.781,0.998,0.185,0.185,0.154,0.33,0.153,0.962,0.136,0.995,0.611,0.984,0.379,0.953,0.153,0.989,0.954,0.981,0.918,0.995,0.199,0.568,0.839,0.199,0.226,0.971,0.206,0.969,0.299,0.777,0.501,0.779,0.173,0.874,0.501,0.624,0.981,0.878,0.988,0.624,0.806,0.624,0.501,0.905,0.965,0.947,0.862,0.925,0.812,0.838,0.831,0.952,0.914,0.909,0.983,0.918,0.871,0.926,0.848,0.925,0.864,0.816,0.823
0.375,0.375,0.368,0.368,0.13,0.234,0.214,0.194,0.238,0.457,0.194,0.267,0.199,0.13,0.267,0.194,0.199,0.13,0.414,0.199,0.364,0.498,0.364,0.18,0.199,0.214,0.18,0.194,0.186,0.457,0.186,0.498,0.651,0.52,0.269,0.52,0.806,0.269,0.651,0.806,0.161,0.52,0.922,0.366,0.52,0.806,0.32,0.922,0.639,0.922,0.436,0.197,0.288,0.399,0.759,0.399,0.396,0.902,0.902,0.902,0.897,0.759,0.396,0.759,0.288,0.897,0.534,0.719,0.534,0.14,0.14,0.14,0.246,0.18,0.398,0.278,0.579,0.597,0.551,0.579,0.309,0.18,0.213,0.338,0.753,0.213,0.551,0.29,0.314,0.677,0.18,0.499,0.181,0.309,0.094,0.213,0.023,0.094,0.094,0.264,0.088,0.564,0.614,0.088,0.088,0.575,0.313,0.739,0.739,0.52,0.328,0.356,0.07,0.321,0.415,0.727,0.745,0.587,0.07,0.356,0.321,0.07,0.734,0.054,0.424,0.855,0.635,0.705,0.855,0.292,0.057,0.288,0.057,0.522,0.7,0.328,0.489,0.713,0.569,0.328,0.424,0.816,0.364,0.273,0.424,0.746,0.424,0.328,0.351,0.605,0.284,0.564,0.76,0.796,0.672,0.449,0.292,0.574,0.131,0.468,0.137,0.803,0.737,0.672,0.573,0.232,0.234,0.468
0.967,0.967,0.926,0.926,0.109,0.107,0.94,0.882,0.109,0.822,0.882,0.925,0.792,0.109,0.925,0.882,0.792,0.109,0.389,0.792,0.639,0.891,0.639,0.88,0.792,0.94,0.88,0.882,0.865,0.822,0.865,0.891,0.357,0.624,0.72,0.624,0.289,0.72,0.357,0.289,0.904,0.624,0.402,0.971,0.624,0.289,0.29,0.402,0.892,0.402,0.126,0.889,0.207,0.469,0.275,0.469,0.464,0.405,0.405,0.405,0.626,0.275,0.464,0.275,0.207,0.626,0.67,0.91,0.67,0.514,0.514,0.514,0.891,0.135,0.989,0.284,0.118,0.794,0.112,0.118,0.671,0.135,0.245,0.463,0.77,0.245,0.112,0.269,0.623,0.505,0.135,0.981,0.266,0.449,0.493,0.245,0.047,0.493,0.493,0.252,0.509,0.143,0.631,0.509,0.509,0.909,0.251,0.583,0.583,0.638,0.654,0.422,0.053,0.549,0.506,0.492,0.879,0.144,0.059,0.422,0.246,0.054,0.879,0.061,0.516,0.481,0.353,0.392,0.481,0.405,0.071,0.212,0.068,0.635,0.354,0.163,0.557,0.547,0.342,0.163,0.158,0.893,0.876,0.391,0.158,0.675,0.158,0.163,0.862,0.336,0.636,0.406,0.528,0.689,0.795,0.731,0.729,0.327,0.889,0.586,0.852,0.504,0.764,0.677,0.717,0.839,0.835,0.776
0.646,0.646,0.593,0.593,0.394,0.268,0.486,0.605,0.321,0.497,0.605,0.626,0.456,0.394,0.626,0.605,0.456,0.394,0.735,0.456,0.479,0.575,0.479,0.454,0.456,0.486,0.454,0.605,0.606,0.497,0.606,0.575,0.311,0.354,0.381,0.354,0.326,0.381,0.311,0.326,0.219,0.354,0.766,0.751,0.354,0.326,0.963,0.766,0.877,0.766,0.384,0.251,0.751,0.647,0.372,0.647,0.682,0.665,0.665,0.665,0.302,0.372,0.682,0.372,0.751,0.302,0.316,0.849,0.316,0.64,0.64,0.64,0.142,0.507,0.764,0.267,0.711,0.883,0.74,0.711,0.546,0.507,0.714,0.349,0.845,0.714,0.74,0.228,0.366,0.845,0.507,0.752,0.269,0.372,0.404,0.714,0.796,0.404,0.404,0.232,0.387,0.78,0.827,0.387,0.387,0.923,0.222,0.702,0.702,0.696,0.523,0.766,0.116,0.77,0.315,0.755,0.919,0.778,0.129,0.766,0.226,0.113,0.959,0.071,0.297,0.414,0.883,0.475,0.414,0.726,0.079,0.797,0.071,0.375,0.929,0.805,0.455,0.386,0.479,0.805,0.627,0.868,0.105,0.218,0.627,0.876,0.627,0.805,0.103,0.703,0.365,0.781,0.464,0.801,0.516,0.124,0.653,0.72,0.627,0.352,0.619,0.477,0.5,0.504,0.486,0.738,0.743,0.906
0.655,0.655,0.506,0.506,0.457,0.048,0.806,0.823,0.056,0.752,0.823,0.846,0.77,0.457,0.846,0.823,0.77,0.457,0.119,0.77,0.488,0.813,0.488,0.765,0.77,0.806,0.765,0.823,0.847,0.752,0.847,0.813,0.377,0.707,0.685,0.707,0.4,0.685,0.377,0.4,0.493,0.707,0.35,0.996,0.707,0.4,0.114,0.35,0.995,0.35,0.079,0.52,0.247,0.474,0.566,0.474,0.471,0.462,0.462,0.462,0.587,0.566,0.471,0.566,0.247,0.587,0.664,0.986,0.664,0.194,0.194,0.194,0.237,0.546,0.999,0.705,0.041,0.931,0.079,0.041,0.223,0.546,0.563,0.21,0.998,0.563,0.079,0.706,0.244,0.691,0.546,0.999,0.712,0.209,0.113,0.563,0.467,0.113,0.113,0.7,0.107,0.118,0.986,0.107,0.107,0.992,0.715,0.295,0.295,0.311,0.325,0.531,0.427,0.527,0.214,0.735,0.814,0.064,0.528,0.531,0.709,0.487,0.869,0.537,0.188,0.38,0.817,0.886,0.38,0.599,0.556,0.451,0.565,0.374,0.841,0.049,0.924,0.418,0.914,0.049,0.135,0.904,0.051,0.917,0.135,0.684,0.135,0.049,0.051,0.784,0.776,0.794,0.944,0.791,0.92,0.036,0.887,0.802,0.928,0.768,0.945,0.925,0.921,0.918,0.926,0.958,0.973,0.951
0.208,0.208,0.108,0.108,0.785,0.228,0.375,0.845,0.234,0.649,0.845,0.515,0.786,0.785,0.515,0.845,0.786,0.785,0.794,0.786,0.121,0.745,0.121,0.763,0.786,0.375,0.763,0.845,0.829,0.649,0.829,0.745,0.314,0.62,0.287,0.62,0.773,0.287,0.314,0.773,0.968,0.62,0.879,0.307,0.62,0.773,0.789,0.879,0.429,0.879,0.137,0.879,0.817,0.56,0.785,0.56,0.568,0.928,0.928,0.928,0.518,0.785,0.568,0.785,0.817,0.518,0.632,0.488,0.632,0.714,0.714,0.714,0.774,0.838,0.31,0.995,0.633,0.42,0.699,0.633,0.992,0.838,0.908,0.997,0.492,0.908,0.699,0.997,0.992,0.478,0.838,0.29,0.997,0.996,0.517,0.908,0.865,0.517,0.517,0.997,0.526,0.725,0.447,0.526,0.526,0.486,0.997,0.765,0.765,0.752,0.818,0.952,0.974,0.95,0.999,0.541,0.459,0.638,0.987,0.952,0.994,0.994,0.391,0.997,0.996,0.415,0.629,0.814,0.415,0.9,0.996,0.832,0.997,0.775,0.931,0.844,0.701,0.409,0.658,0.844,0.903,0.932,0.463,0.896,0.903,0.248,0.903,0.844,0.52,0.931,0.915,0.945,0.371,0.308,0.209,0.638,0.696,0.947,0.529,0.911,0.528,0.3,0.251,0.201,0.257,0.076,0.07,0.14
0.453,0.453,0.409,0.409,0.615,0.065,0.266,0.22,0.097,0.162,0.22,0.271,0.245,0.615,0.271,0.22,0.245,0.615,0.71,0.245,0.189,0.157,0.189,0.216,0.245,0.266,0.216,0.22,0.229,0.162,0.229,0.157,0.341,0.144,0.146,0.144,0.858,0.146,0.341,0.858,0.352,0.144,0.873,0.832,0.144,0.858,0.701,0.873,0.662,0.873,0.065,0.318,0.265,0.475,0.762,0.475,0.504,0.714,0.714,0.714,0.109,0.762,0.504,0.762,0.265,0.109,0.113,0.735,0.113,0.184,0.184,0.184,0.502,0.69,0.836,0.465,0.384,0.515,0.393,0.384,0.556,0.69,0.502,0.45,0.79,0.502,0.393,0.458,0.564,0.248,0.69,0.828,0.47,0.457,0.039,0.502,0.859,0.039,0.039,0.473,0.067,0.491,0.515,0.067,0.067,0.422,0.418,0.835,0.835,0.797,0.944,0.879,0.187,0.9,0.492,0.239,0.169,0.482,0.177,0.879,0.444,0.17,0.172,0.201,0.499,0.827,0.181,0.202,0.827,0.767,0.19,0.483,0.202,0.94,0.209,0.732,0.145,0.78,0.155,0.732,0.804,0.093,0.959,0.069,0.804,0.339,0.804,0.732,0.974,0.047,0.086,0.051,0.077,0.352,0.032,0.976,0.112,0.05,0.161,0.087,0.144,0.049,0.052,0.03,0.052,0.133,0.15,0.065
0.459,0.459,0.681,0.681,0.251,0.596,0.431,0.242,0.664,0.699,0.242,0.425,0.33,0.251,0.425,0.242,0.33,0.251,0.137,0.33,0.391,0.661,0.391,0.37,0.33,0.431,0.37,0.242,0.281,0.699,0.281,0.661,0.286,0.246,0.319,0.246,0.443,0.319,0.286,0.443,0.981,0.246,0.299,0.627,0.246,0.443,0.165,0.299,0.534,0.299,0.574,0.988,0.167,0.468,0.618,0.468,0.496,0.463,0.463,0.463,0.46,0.618,0.496,0.618,0.167,0.46,0.165,0.591,0.165,0.513,0.513,0.513,0.988,0.58,0.656,0.982,0.336,0.868,0.476,0.336,0.981,0.58,0.177,0.982,0.548,0.177,0.476,0.966,0.965,0.641,0.58,0.621,0.979,0.99,0.492,0.177,0.24,0.492,0.492,0.957,0.489,0.407,0.766,0.489,0.489,0.645,0.92,0.297,0.297,0.326,0.609,0.221,0.499,0.218,0.952,0.591,0.843,0.254,0.476,0.221,0.919,0.467,0.842,0.704,0.964,0.314,0.632,0.583,0.314,0.311,0.634,0.1,0.644,0.564,0.688,0.35,0.524,0.355,0.507,0.35,0.544,0.892,0.816,0.583,0.544,0.591,0.544,0.35,0.81,0.499,0.58,0.584,0.552,0.525,0.715,0.836,0.231,0.645,0.272,0.648,0.291,0.571,0.701,0.71,0.679,0.263,0.251,0.764
0.156,0.156,0.151,0.151,0.317,0.444,0.118,0.391,0.451,0.229,0.391,0.141,0.359,0.317,0.141,0.391,0.359,0.317,0.419,0.359,0.415,0.252,0.415,0.367,0.359,0.118,0.367,0.391,0.393,0.229,0.393,0.252,0.161,0.519,0.274,0.519,0.129,0.274,0.161,0.129,0.353,0.519,0.152,0.374,0.519,0.129,0.297,0.152,0.376,0.152,0.469,0.441,0.107,0.082,0.189,0.082,0.08,0.111,0.111,0.111,0.367,0.189,0.08,0.189,0.107,0.367,0.541,0.527,0.541,0.138,0.138,0.138,0.649,0.276,0.52,0.225,0.093,0.503,0.092,0.093,0.27,0.276,0.236,0.271,0.456,0.236,0.092,0.22,0.277,0.476,0.276,0.523,0.236,0.278,0.177,0.236,0.328,0.177,0.177,0.231,0.184,0.205,0.442,0.184,0.184,0.511,0.279,0.097,0.097,0.108,0.398,0.577,0.09,0.547,0.327,0.486,0.445,0.196,0.089,0.577,0.29,0.09,0.443,0.046,0.529,0.056,0.503,0.735,0.056,0.564,0.036,0.203,0.03,0.382,0.539,0.113,0.623,0.066,0.723,0.113,0.111,0.464,0.255,0.471,0.111,0.461,0.111,0.113,0.298,0.481,0.419,0.419,0.459,0.48,0.439,0.476,0.658,0.458,0.518,0.472,0.509,0.436,0.382,0.344,0.326,0.728,0.606,0.879
0.51,0.51,0.393,0.393,0.405,0.467,0.547,0.419,0.461,0.537,0.419,0.627,0.477,0.405,0.627,0.419,0.477,0.405,0.344,0.477,0.353,0.503,0.353,0.446,0.477,0.547,0.446,0.419,0.401,0.537,0.401,0.503,0.154,0.194,0.259,0.194,0.305,0.259,0.154,0.305,0.057,0.194,0.399,0.43,0.194,0.305,0.431,0.399,0.485,0.399,0.319,0.058,0.224,0.206,0.292,0.206,0.216,0.343,0.343,0.343,0.292,0.292,0.216,0.292,0.224,0.292,0.195,0.814,0.195,0.416,0.416,0.416,0.067,0.754,0.489,0.233,0.325,0.576,0.364,0.325,0.083,0.754,0.399,0.194,0.743,0.399,0.364,0.235,0.109,0.392,0.754,0.519,0.24,0.162,0.515,0.399,0.516,0.515,0.515,0.245,0.48,0.31,0.522,0.48,0.48,0.637,0.268,0.491,0.491,0.488,0.824,0.696,0.734,0.715,0.167,0.339,0.74,0.283,0.69,0.696,0.283,0.672,0.643,0.877,0.125,0.601,0.409,0.964,0.601,0.864,0.764,0.193,0.787,0.676,0.445,0.518,0.929,0.567,0.891,0.518,0.417,0.51,0.965,0.805,0.417,0.317,0.417,0.518,0.958,0.649,0.829,0.658,0.458,0.309,0.526,0.923,0.467,0.685,0.577,0.703,0.622,0.518,0.486,0.489,0.463,0.79,0.803,0.65
0.167,0.167,0.195,0.195,0.311,0.755,0.317,0.279,0.77,0.225,0.279,0.296,0.306,0.311,0.296,0.279,0.306,0.311,0.468,0.306,0.635,0.241,0.635,0.225,0.306,0.317,0.225,0.279,0.242,0.225,0.242,0.241,0.763,0.657,0.718,0.657,0.167,0.718,0.763,0.167,0.96,0.657,0.313,0.224,0.657,0.167,0.513,0.313,0.124,0.313,0.974,0.957,0.264,0.419,0.197,0.419,0.419,0.293,0.293,0.293,0.49,0.197,0.419,0.197,0.264,0.49,0.56,0.205,0.56,0.29,0.29,0.29,0.987,0.267,0.298,0.779,0.046,0.216,0.099,0.046,0.874,0.267,0.681,0.84,0.127,0.681,0.099,0.807,0.897,0.245,0.267,0.298,0.808,0.816,0.182,0.681,0.378,0.182,0.182,0.827,0.362,0.154,0.222,0.362,0.362,0.153,0.965,0.444,0.444,0.512,0.573,0.493,0.949,0.47,0.937,0.232,0.147,0.068,0.915,0.493,0.965,0.922,0.146,0.92,0.954,0.392,0.173,0.904,0.392,0.536,0.783,0.527,0.8,0.419,0.172,0.149,0.861,0.434,0.971,0.149,0.291,0.158,0.765,0.708,0.291,0.291,0.291,0.149,0.747,0.824,0.618,0.778,0.983,0.292,0.971,0.647,0.726,0.717,0.754,0.61,0.718,0.99,0.964,0.967,0.962,0.796,0.815,0.911
0.88,0.88,0.809,0.809,0.869,0.758,0.982,0.987,0.643,0.971,0.987,0.982,0.982,0.869,0.982,0.987,0.982,0.869,0.192,0.982,0.665,0.979,0.665,0.977,0.982,0.982,0.977,0.987,0.985,0.971,0.985,0.979,0.543,0.939,0.942,0.939,0.141,0.942,0.543,0.141,0.848,0.939,0.205,0.95,0.939,0.141,0.263,0.205,0.719,0.205,0.604,0.88,0.669,0.676,0.807,0.676,0.678,0.868,0.868,0.868,0.827,0.807,0.678,0.807,0.669,0.827,0.95,0.618,0.95,0.317,0.317,0.317,0.814,0.279,0.951,0.929,0.817,0.284,0.836,0.817,0.833,0.279,0.569,0.936,0.692,0.569,0.836,0.935,0.867,0.357,0.279,0.932,0.908,0.925,0.698,0.569,0.51,0.698,0.698,0.911,0.738,0.941,0.404,0.738,0.738,0.382,0.954,0.298,0.298,0.348,0.595,0.872,0.706,0.866,0.961,0.376,0.683,0.856,0.853,0.872,0.947,0.853,0.671,0.829,0.926,0.108,0.389,0.931,0.108,0.919,0.908,0.433,0.908,0.452,0.422,0.884,0.925,0.151,0.863,0.884,0.846,0.577,0.189,0.751,0.846,0.464,0.846,0.884,0.212,0.628,0.826,0.602,0.964,0.406,0.989,0.186,0.888,0.627,0.707,0.826,0.773,0.964,0.983,0.986,0.975,0.434,0.382,0.834
0.329,0.329,0.237,0.237,0.653,0.958,0.261,0.45,0.978,0.219,0.45,0.332,0.371,0.653,0.332,0.45,0.371,0.653,0.924,0.371,0.595,0.262,0.595,0.316,0.371,0.261,0.316,0.45,0.407,0.219,0.407,0.262,0.395,0.584,0.308,0.584,0.87,0.308,0.395,0.87,0.333,0.584,0.781,0.364,0.584,0.87,0.888,0.781,0.402,0.781,0.976,0.332,0.09,0.217,0.885,0.217,0.231,0.782,0.782,0.782,0.414,0.885,0.231,0.885,0.09,0.414,0.583,0.67,0.583,0.154,0.154,0.154,0.327,0.852,0.323,0.821,0.223,0.839,0.448,0.223,0.727,0.852,0.121,0.624,0.532,0.121,0.448,0.809,0.731,0.82,0.852,0.356,0.819,0.631,0.147,0.121,0.79,0.147,0.147,0.802,0.207,0.479,0.797,0.207,0.207,0.59,0.758,0.899,0.899,0.857,0.707,0.715,0.497,0.679,0.585,0.804,0.471,0.378,0.444,0.715,0.755,0.459,0.435,0.444,0.679,0.845,0.604,0.892,0.845,0.686,0.421,0.108,0.404,0.877,0.604,0.565,0.96,0.786,0.821,0.565,0.714,0.311,0.468,0.85,0.714,0.714,0.714,0.565,0.466,0.564,0.648,0.506,0.741,0.704,0.658,0.545,0.971,0.487,0.88,0.613,0.86,0.708,0.704,0.747,0.795,0.897,0.902,0.271
0.344,0.344,0.337,0.337,0.338,0.544,0.305,0.221,0.537,0.18,0.221,0.306,0.215,0.338,0.306,0.221,0.215,0.338,0.056,0.215,0.681,0.198,0.681,0.209,0.215,0.305,0.209,0.221,0.233,0.18,0.233,0.198,0.269,0.572,0.671,0.572,0.335,0.671,0.269,0.335,0.873,0.572,0.081,0.669,0.572,0.335,0.061,0.081,0.35,0.081,0.699,0.953,0.436,0.138,0.359,0.138,0.133,0.097,0.097,0.097,0.463,0.359,0.133,0.359,0.436,0.463,0.563,0.373,0.563,0.347,0.347,0.347,0.946,0.385,0.411,0.72,0.288,0.498,0.437,0.288,0.816,0.385,0.525,0.831,0.399,0.525,0.437,0.797,0.786,0.511,0.385,0.375,0.69,0.894,0.294,0.525,0.09,0.294,0.294,0.775,0.305,0.146,0.523,0.305,0.305,0.606,0.885,0.366,0.366,0.403,0.534,0.447,0.805,0.532,0.875,0.539,0.369,0.12,0.848,0.447,0.842,0.849,0.351,0.58,0.89,0.559,0.774,0.539,0.559,0.679,0.566,0.281,0.575,0.731,0.263,0.095,0.506,0.553,0.539,0.095,0.133,0.56,0.254,0.352,0.133,0.144,0.133,0.095,0.246,0.725,0.322,0.75,0.667,0.18,0.53,0.226,0.816,0.713,0.844,0.316,0.825,0.444,0.726,0.511,0.731,0.896,0.8,0.726
0.172,0.172,0.179,0.179,0.468,0.316,0.161,0.316,0.374,0.189,0.316,0.137,0.318,0.468,0.137,0.316,0.318,0.468,0.401,0.318,0.613,0.189,0.613,0.323,0.318,0.161,0.323,0.316,0.347,0.189,0.347,0.189,0.316,0.548,0.237,0.548,0.529,0.237,0.316,0.529,0.024,0.548,0.404,0.166,0.548,0.529,0.392,0.404,0.077,0.404,0.803,0.032,0.512,0.115,0.389,0.115,0.11,0.332,0.332,0.332,0.237,0.389,0.11,0.389,0.512,0.237,0.508,0.062,0.508,0.942,0.942,0.942,0.068,0.47,0.139,0.026,0.572,0.179,0.632,0.572,0.052,0.47,0.559,0.041,0.065,0.559,0.632,0.036,0.061,0.208,0.47,0.128,0.033,0.041,0.648,0.559,0.298,0.648,0.648,0.039,0.639,0.719,0.185,0.639,0.639,0.105,0.097,0.188,0.188,0.226,0.789,0.203,0.442,0.262,0.159,0.204,0.347,0.686,0.474,0.203,0.109,0.461,0.318,0.621,0.189,0.209,0.129,0.192,0.209,0.359,0.607,0.492,0.595,0.766,0.102,0.814,0.194,0.24,0.165,0.814,0.823,0.163,0.221,0.042,0.823,0.164,0.823,0.814,0.217,0.551,0.056,0.454,0.355,0.156,0.273,0.252,0.222,0.434,0.33,0.067,0.337,0.358,0.314,0.285,0.328,0.315,0.323,0.538
0.305,0.305,0.209,0.209,0.402,0.191,0.289,0.262,0.252,0.552,0.262,0.382,0.167,0.402,0.382,0.262,0.167,0.402,0.199,0.167,0.157,0.621,0.157,0.129,0.167,0.289,0.129,0.262,0.212,0.552,0.212,0.621,0.222,0.112,0.188,0.112,0.161,0.188,0.222,0.161,0.418,0.112,0.122,0.197,0.112,0.161,0.17,0.122,0.487,0.122,0.177,0.293,0.762,0.351,0.14,0.351,0.35,0.161,0.161,0.161,0.407,0.14,0.35,0.14,0.762,0.407,0.11,0.547,0.11,0.89,0.89,0.89,0.221,0.319,0.202,0.355,0.25,0.763,0.174,0.25,0.571,0.319,0.606,0.41,0.546,0.606,0.174,0.328,0.544,0.815,0.319,0.178,0.355,0.46,0.539,0.606,0.397,0.539,0.539,0.327,0.468,0.391,0.863,0.468,0.468,0.761,0.322,0.294,0.294,0.304,0.513,0.58,0.194,0.612,0.393,0.856,0.527,0.389,0.198,0.58,0.319,0.196,0.434,0.262,0.385,0.245,0.769,0.154,0.245,0.642,0.231,0.909,0.233,0.523,0.569,0.595,0.107,0.336,0.063,0.595,0.462,0.537,0.821,0.009,0.462,0.601,0.462,0.595,0.821,0.131,0.012,0.12,0.177,0.693,0.479,0.834,0.609,0.122,0.603,0.015,0.637,0.206,0.393,0.301,0.297,0.548,0.339,0.527
0.343,0.343,0.381,0.381,0.765,0.915,0.223,0.818,0.904,0.586,0.818,0.279,0.759,0.765,0.279,0.818,0.759,0.765,0.982,0.759,0.317,0.713,0.317,0.684,0.759,0.223,0.684,0.818,0.782,0.586,0.782,0.713,0.971,0.719,0.253,0.719,0.661,0.253,0.971,0.661,0.538,0.719,0.61,0.028,0.719,0.661,0.983,0.61,0.08,0.61,0.905,0.481,0.374,0.963,0.574,0.963,0.949,0.532,0.532,0.532,0.607,0.574,0.949,0.574,0.374,0.607,0.678,0.042,0.678,0.504,0.504,0.504,0.497,0.777,0.019,0.263,0.238,0.085,0.239,0.238,0.305,0.777,0.456,0.326,0.04,0.456,0.239,0.258,0.302,0.065,0.777,0.018,0.253,0.343,0.234,0.456,0.97,0.234,0.234,0.251,0.2,0.175,0.126,0.2,0.2,0.166,0.289,0.658,0.658,0.78,0.81,0.439,0.219,0.464,0.376,0.077,0.351,0.163,0.249,0.439,0.286,0.263,0.34,0.187,0.343,0.517,0.078,0.636,0.517,0.309,0.239,0.378,0.243,0.768,0.081,0.447,0.595,0.7,0.434,0.447,0.425,0.103,0.69,0.9,0.425,0.103,0.425,0.447,0.687,0.826,0.909,0.838,0.471,0.094,0.673,0.57,0.562,0.851,0.865,0.908,0.84,0.56,0.678,0.651,0.661,0.756,0.747,0.331
0.599,0.599,0.599,0.599,0.129,0.941,0.355,0.306,0.895,0.996,0.306,0.363,0.284,0.129,0.363,0.306,0.284,0.129,0.339,0.284,0.581,0.968,0.581,0.289,0.284,0.355,0.289,0.306,0.317,0.996,0.317,0.968,0.879,0.373,0.475,0.373,0.04,0.475,0.879,0.04,0.143,0.373,0.022,0.073,0.373,0.04,0.159,0.022,0.243,0.022,0.818,0.182,0.283,0.998,0.264,0.998,1.0,0.297,0.297,0.297,0.916,0.264,1.0,0.264,0.283,0.916,0.361,0.396,0.361,0.214,0.214,0.214,0.195,0.093,0.134,0.124,0.225,0.642,0.23,0.225,0.105,0.093,0.38,0.087,0.423,0.38,0.23,0.129,0.092,0.639,0.093,0.19,0.109,0.084,0.105,0.38,0.332,0.105,0.105,0.114,0.116,0.258,0.669,0.116,0.116,0.317,0.124,0.07,0.07,0.126,0.203,0.745,0.567,0.585,0.1,0.692,0.663,0.252,0.591,0.745,0.108,0.589,0.649,0.619,0.11,0.121,0.382,0.226,0.121,0.399,0.674,0.304,0.678,0.304,0.452,0.294,0.198,0.212,0.31,0.294,0.308,0.655,0.09,0.226,0.308,0.674,0.308,0.294,0.09,0.081,0.258,0.083,0.199,0.739,0.121,0.095,0.225,0.095,0.199,0.235,0.195,0.148,0.164,0.113,0.155,0.235,0.228,0.208
0.938,0.938,0.933,0.933,0.555,0.488,0.785,0.783,0.504,0.643,0.783,0.843,0.766,0.555,0.843,0.783,0.766,0.555,0.745,0.766,0.976,0.748,0.976,0.747,0.766,0.785,0.747,0.783,0.775,0.643,0.775,0.748,0.834,0.897,0.971,0.897,0.696,0.971,0.834,0.696,0.194,0.897,0.726,0.511,0.897,0.696,0.793,0.726,0.039,0.726,0.535,0.199,0.793,0.613,0.335,0.613,0.589,0.358,0.358,0.358,0.889,0.335,0.589,0.335,0.793,0.889,0.873,0.051,0.873,0.73,0.73,0.73,0.245,0.475,0.471,0.63,0.667,0.072,0.524,0.667,0.481,0.475,0.889,0.647,0.042,0.889,0.524,0.578,0.445,0.059,0.475,0.469,0.657,0.684,0.519,0.889,0.121,0.519,0.519,0.608,0.377,0.524,0.081,0.377,0.377,0.066,0.336,0.711,0.711,0.509,0.334,0.189,0.403,0.115,0.397,0.072,0.07,0.66,0.452,0.189,0.378,0.407,0.079,0.361,0.286,0.595,0.118,0.873,0.595,0.225,0.544,0.812,0.564,0.361,0.111,0.719,0.831,0.388,0.844,0.719,0.629,0.146,0.326,0.731,0.629,0.054,0.629,0.719,0.386,0.713,0.708,0.671,0.719,0.058,0.724,0.315,0.838,0.724,0.874,0.75,0.87,0.735,0.707,0.716,0.672,0.621,0.433,0.44
0.528,0.528,0.65,0.65,0.116,0.619,0.519,0.785,0.75,0.698,0.785,0.574,0.804,0.116,0.574,0.785,0.804,0.116,0.039,0.804,0.723,0.695,0.723,0.759,0.804,0.519,0.759,0.785,0.742,0.698,0.742,0.695,0.676,0.963,0.909,0.963,0.065,0.909,0.676,0.065,0.605,0.963,0.09,0.17,0.963,0.065,0.06,0.09,0.311,0.09,0.733,0.648,0.145,0.437,0.068,0.437,0.53,0.102,0.102,0.102,0.977,0.068,0.53,0.068,0.145,0.977,0.963,0.466,0.963,0.409,0.409,0.409,0.828,0.21,0.171,0.508,0.456,0.502,0.49,0.456,0.457,0.21,0.124,0.6,0.5,0.124,0.49,0.507,0.447,0.557,0.21,0.173,0.498,0.535,0.418,0.124,0.111,0.418,0.418,0.494,0.436,0.097,0.52,0.436,0.436,0.44,0.6,0.148,0.148,0.195,0.452,0.212,0.891,0.279,0.644,0.606,0.235,0.084,0.901,0.212,0.589,0.882,0.264,0.893,0.745,0.139,0.657,0.146,0.139,0.427,0.907,0.146,0.913,0.449,0.619,0.229,0.142,0.184,0.154,0.229,0.217,0.316,0.436,0.7,0.217,0.549,0.217,0.229,0.439,0.558,0.797,0.594,0.347,0.58,0.275,0.488,0.158,0.587,0.346,0.765,0.239,0.269,0.299,0.273,0.284,0.677,0.733,0.209
0.975,0.975,0.979,0.979,0.593,0.657,0.996,0.994,0.666,0.999,0.994,0.994,0.994,0.593,0.994,0.994,0.994,0.593,0.859,0.994,0.985,0.996,0.985,0.996,0.994,0.996,0.996,0.994,0.993,0.999,0.993,0.996,0.962,0.983,0.991,0.983,0.617,0.991,0.962,0.617,0.809,0.983,0.624,0.417,0.983,0.617,0.761,0.624,0.775,0.624,0.707,0.848,0.7,0.981,0.858,0.981,0.98,0.87,0.87,0.87,0.983,0.858,0.98,0.858,0.7,0.983,0.979,0.797,0.979,0.763,0.763,0.763,0.971,0.571,0.582,0.54,0.786,0.72,0.718,0.786,0.595,0.571,0.686,0.504,0.776,0.686,0.718,0.551,0.53,0.473,0.571,0.567,0.535,0.553,0.751,0.686,0.904,0.751,0.751,0.546,0.695,0.702,0.721,0.695,0.695,0.748,0.63,0.895,0.895,0.792,0.755,0.954,0.675,0.945,0.494,0.418,0.397,0.73,0.656,0.954,0.614,0.637,0.455,0.274,0.678,0.883,0.773,0.157,0.883,0.816,0.359,0.684,0.357,0.746,0.781,0.82,0.21,0.776,0.128,0.82,0.701,0.64,0.253,0.174,0.701,0.503,0.701,0.82,0.269,0.122,0.186,0.15,0.335,0.482,0.405,0.313,0.531,0.141,0.556,0.2,0.586,0.383,0.35,0.459,0.405,0.905,0.917,0.62
0.106,0.106,0.375,0.375,0.481,0.76,0.359,0.208,0.758,0.195,0.208,0.155,0.464,0.481,0.155,0.208,0.464,0.481,0.906,0.464,0.558,0.133,0.558,0.457,0.464,0.359,0.457,0.208,0.207,0.195,0.207,0.133,0.483,0.416,0.456,0.416,0.614,0.456,0.483,0.614,0.23,0.416,0.684,0.174,0.416,0.614,0.883,0.684,0.189,0.684,0.886,0.377,0.465,0.326,0.556,0.326,0.307,0.666,0.666,0.666,0.226,0.556,0.307,0.556,0.465,0.226,0.427,0.182,0.427,0.241,0.241,0.241,0.712,0.524,0.155,0.268,0.327,0.048,0.313,0.327,0.357,0.524,0.573,0.386,0.208,0.573,0.313,0.288,0.37,0.053,0.524,0.148,0.233,0.353,0.285,0.573,0.679,0.285,0.285,0.266,0.346,0.554,0.051,0.346,0.346,0.049,0.459,0.916,0.916,0.918,0.979,0.888,0.146,0.929,0.606,0.053,0.048,0.564,0.149,0.888,0.397,0.148,0.052,0.207,0.565,0.778,0.044,0.316,0.778,0.955,0.177,0.456,0.184,0.959,0.056,0.263,0.29,0.813,0.437,0.263,0.235,0.11,0.671,0.236,0.235,0.069,0.235,0.263,0.681,0.283,0.183,0.284,0.575,0.059,0.482,0.714,0.578,0.252,0.342,0.18,0.39,0.624,0.483,0.417,0.422,0.538,0.465,0.892
0.166,0.166,0.138,0.138,0.076,0.183,0.088,0.567,0.159,0.505,0.567,0.084,0.63,0.076,0.084,0.567,0.63,0.076,0.2,0.63,0.097,0.415,0.097,0.61,0.63,0.088,0.61,0.567,0.536,0.505,0.536,0.415,0.246,0.556,0.056,0.556,0.253,0.056,0.246,0.253,0.5,0.556,0.201,0.24,0.556,0.253,0.194,0.201,0.141,0.201,0.316,0.553,0.027,0.317,0.305,0.317,0.31,0.245,0.245,0.245,0.338,0.305,0.31,0.305,0.027,0.338,0.486,0.206,0.486,0.061,0.061,0.061,0.358,0.109,0.259,0.214,0.265,0.244,0.348,0.265,0.258,0.109,0.026,0.262,0.216,0.026,0.348,0.202,0.234,0.212,0.109,0.254,0.226,0.265,0.055,0.026,0.278,0.055,0.055,0.204,0.068,0.041,0.228,0.068,0.068,0.172,0.138,0.039,0.039,0.046,0.047,0.006,0.045,0.017,0.173,0.218,0.193,0.036,0.045,0.006,0.149,0.05,0.171,0.043,0.261,0.027,0.174,0.713,0.027,0.028,0.056,0.021,0.063,0.037,0.162,0.223,0.609,0.033,0.822,0.223,0.262,0.133,0.323,0.865,0.262,0.219,0.262,0.223,0.319,0.617,0.763,0.662,0.096,0.166,0.045,0.266,0.341,0.62,0.144,0.778,0.179,0.106,0.032,0.036,0.023,0.467,0.329,0.322
0.685,0.685,0.686,0.686,0.175,0.777,0.846,0.595,0.878,0.576,0.595,0.806,0.6,0.175,0.806,0.595,0.6,0.175,0.716,0.6,0.516,0.516,0.516,0.541,0.6,0.846,0.541,0.595,0.57,0.576,0.57,0.516,0.545,0.488,0.663,0.488,0.883,0.663,0.545,0.883,0.388,0.488,0.903,0.281,0.488,0.883,0.835,0.903,0.33,0.903,0.611,0.301,0.535,0.909,0.826,0.909,0.936,0.907,0.907,0.907,0.446,0.826,0.936,0.826,0.535,0.446,0.451,0.425,0.451,0.364,0.364,0.364,0.262,0.144,0.319,0.495,0.974,0.571,0.998,0.974,0.639,0.144,0.391,0.557,0.425,0.391,0.998,0.51,0.649,0.548,0.144,0.309,0.48,0.526,0.994,0.391,0.435,0.994,0.994,0.501,1.0,0.997,0.539,1.0,1.0,0.444,0.51,0.571,0.571,0.483,0.904,0.562,0.259,0.582,0.554,0.577,0.502,0.992,0.232,0.562,0.506,0.244,0.496,0.317,0.667,0.493,0.486,0.268,0.493,0.795,0.26,0.618,0.263,0.878,0.593,0.958,0.546,0.482,0.176,0.958,0.99,0.166,0.532,0.106,0.99,0.637,0.99,0.958,0.502,0.088,0.156,0.106,0.158,0.663,0.476,0.383,0.193,0.126,0.137,0.162,0.123,0.15,0.418,0.682,0.585,0.137,0.211,0.269
0.142,0.142,0.082,0.082,0.744,0.55,0.101,0.523,0.544,0.3,0.523,0.101,0.408,0.744,0.101,0.523,0.408,0.744,0.358,0.408,0.256,0.356,0.256,0.365,0.408,0.101,0.365,0.523,0.449,0.3,0.449,0.356,0.521,0.437,0.168,0.437,0.949,0.168,0.521,0.949,0.625,0.437,0.941,0.252,0.437,0.949,0.592,0.941,0.391,0.941,0.558,0.65,0.726,0.387,0.942,0.387,0.387,0.956,0.956,0.956,0.37,0.942,0.387,0.942,0.726,0.37,0.463,0.808,0.463,0.671,0.671,0.671,0.951,0.697,0.242,0.807,0.655,0.212,0.675,0.655,0.667,0.697,0.901,0.676,0.818,0.901,0.675,0.814,0.659,0.151,0.697,0.255,0.815,0.723,0.612,0.901,0.49,0.612,0.612,0.815,0.6,0.766,0.207,0.6,0.6,0.215,0.801,0.911,0.911,0.864,0.247,0.951,0.559,0.941,0.666,0.145,0.466,0.821,0.568,0.951,0.757,0.502,0.48,0.735,0.644,0.812,0.133,0.672,0.812,0.345,0.82,0.838,0.751,0.202,0.178,0.924,0.67,0.77,0.619,0.924,0.858,0.335,0.126,0.459,0.858,0.159,0.858,0.924,0.13,0.381,0.722,0.41,0.173,0.151,0.124,0.153,0.458,0.393,0.202,0.719,0.213,0.21,0.147,0.122,0.127,0.489,0.438,0.77
0.679,0.679,0.836,0.836,0.839,0.386,0.734,0.66,0.376,0.444,0.66,0.711,0.558,0.839,0.711,0.66,0.558,0.839,0.499,0.558,0.512,0.514,0.512,0.557,0.558,0.734,0.557,0.66,0.599,0.444,0.599,0.514,0.299,0.345,0.415,0.345,0.737,0.415,0.299,0.737,0.621,0.345,0.691,0.326,0.345,0.737,0.489,0.691,0.339,0.691,0.368,0.656,0.271,0.528,0.864,0.528,0.559,0.824,0.824,0.824,0.263,0.864,0.559,0.864,0.271,0.263,0.343,0.369,0.343,0.967,0.967,0.967,0.916,0.719,0.363,0.82,0.382,0.054,0.391,0.382,0.905,0.719,0.813,0.855,0.366,0.813,0.391,0.812,0.862,0.057,0.719,0.359,0.862,0.86,0.951,0.813,0.59,0.951,0.951,0.862,0.958,0.923,0.054,0.958,0.958,0.062,0.77,0.174,0.174,0.186,0.035,0.123,0.7,0.133,0.826,0.059,0.303,0.905,0.689,0.123,0.852,0.682,0.308,0.462,0.83,0.191,0.054,0.008,0.191,0.072,0.427,0.875,0.428,0.031,0.069,0.724,0.008,0.21,0.013,0.724,0.69,0.298,0.046,0.567,0.69,0.07,0.69,0.724,0.045,0.367,0.536,0.333,0.089,0.067,0.056,0.054,0.058,0.362,0.06,0.485,0.049,0.071,0.059,0.09,0.073,0.104,0.081,0.103
0.542,0.542,0.559,0.559,0.449,0.347,0.387,0.487,0.3,0.486,0.487,0.488,0.331,0.449,0.488,0.487,0.331,0.449,0.693,0.331,0.304,0.58,0.304,0.312,0.331,0.387,0.312,0.487,0.476,0.486,0.476,0.58,0.207,0.268,0.349,0.268,0.456,0.349,0.207,0.456,0.359,0.268,0.381,0.239,0.268,0.456,0.627,0.381,0.325,0.381,0.301,0.372,0.157,0.284,0.621,0.284,0.285,0.541,0.541,0.541,0.377,0.621,0.285,0.621,0.157,0.377,0.277,0.209,0.277,0.283,0.283,0.283,0.256,0.287,0.206,0.258,0.561,0.348,0.57,0.561,0.2,0.287,0.199,0.13,0.224,0.199,0.57,0.266,0.252,0.451,0.287,0.221,0.262,0.128,0.699,0.199,0.82,0.699,0.699,0.27,0.727,0.674,0.361,0.727,0.727,0.431,0.194,0.612,0.612,0.383,0.427,0.567,0.185,0.245,0.107,0.42,0.688,0.639,0.221,0.567,0.19,0.22,0.7,0.136,0.094,0.605,0.691,0.166,0.605,0.254,0.14,0.224,0.158,0.438,0.581,0.584,0.148,0.472,0.182,0.584,0.671,0.5,0.655,0.105,0.671,0.442,0.671,0.584,0.659,0.881,0.116,0.869,0.226,0.477,0.197,0.759,0.248,0.879,0.448,0.107,0.438,0.205,0.305,0.155,0.244,0.452,0.453,0.187
0.113,0.113,0.099,0.099,0.546,0.176,0.091,0.087,0.193,0.054,0.087,0.1,0.054,0.546,0.1,0.087,0.054,0.546,0.429,0.054,0.069,0.064,0.069,0.074,0.054,0.091,0.074,0.087,0.091,0.054,0.091,0.064,0.031,0.047,0.06,0.047,0.487,0.06,0.031,0.487,0.146,0.047,0.704,0.916,0.047,0.487,0.537,0.704,0.88,0.704,0.222,0.143,0.371,0.043,0.56,0.043,0.054,0.559,0.559,0.559,0.032,0.56,0.054,0.56,0.371,0.032,0.061,0.884,0.061,0.42,0.42,0.42,0.391,0.613,0.933,0.183,0.27,0.749,0.288,0.27,0.203,0.613,0.425,0.279,0.912,0.425,0.288,0.179,0.207,0.733,0.613,0.924,0.193,0.273,0.394,0.425,0.787,0.394,0.394,0.187,0.334,0.435,0.758,0.334,0.334,0.494,0.23,0.902,0.902,0.895,0.578,0.722,0.505,0.755,0.438,0.695,0.922,0.417,0.511,0.722,0.249,0.506,0.908,0.662,0.237,0.873,0.44,0.936,0.873,0.762,0.51,0.447,0.533,0.639,0.546,0.183,0.916,0.911,0.921,0.183,0.19,0.941,0.45,0.86,0.19,0.777,0.19,0.183,0.528,0.912,0.805,0.894,0.976,0.738,0.96,0.652,0.88,0.862,0.596,0.827,0.62,0.972,0.978,0.966,0.972,0.725,0.653,0.93
0.278,0.278,0.325,0.325,0.776,0.831,0.37,0.348,0.81,0.198,0.348,0.368,0.312,0.776,0.368,0.348,0.312,0.776,0.408,0.312,0.34,0.219,0.34,0.308,0.312,0.37,0.308,0.348,0.323,0.198,0.323,0.219,0.241,0.372,0.463,0.372,0.454,0.463,0.241,0.454,0.775,0.372,0.361,0.655,0.372,0.454,0.317,0.361,0.978,0.361,0.762,0.728,0.87,0.259,0.437,0.259,0.261,0.326,0.326,0.326,0.285,0.437,0.261,0.437,0.87,0.285,0.373,0.969,0.373,0.715,0.715,0.715,0.665,0.82,0.711,0.478,0.727,0.913,0.769,0.727,0.573,0.82,0.943,0.505,0.974,0.943,0.769,0.453,0.587,0.983,0.82,0.72,0.44,0.528,0.669,0.943,0.545,0.669,0.669,0.456,0.527,0.715,0.94,0.527,0.527,0.946,0.393,0.518,0.518,0.606,0.883,0.893,0.164,0.905,0.512,0.982,0.911,0.784,0.162,0.893,0.376,0.165,0.912,0.123,0.686,0.643,0.988,0.312,0.643,0.865,0.173,0.779,0.178,0.931,0.795,0.824,0.475,0.728,0.222,0.824,0.853,0.958,0.527,0.172,0.853,0.883,0.853,0.824,0.548,0.076,0.176,0.055,0.442,0.816,0.521,0.623,0.626,0.057,0.654,0.117,0.64,0.449,0.49,0.562,0.59,0.764,0.729,0.507
0.564,0.564,0.791,0.791,0.725,0.427,0.533,0.145,0.508,0.241,0.145,0.337,0.294,0.725,0.337,0.145,0.294,0.725,0.936,0.294,0.4,0.205,0.4,0.301,0.294,0.533,0.301,0.145,0.162,0.241,0.162,0.205,0.667,0.141,0.199,0.141,0.639,0.199,0.667,0.639,0.694,0.141,0.697,0.602,0.141,0.639,0.941,0.697,0.817,0.697,0.711,0.902,0.373,0.287,0.611,0.287,0.293,0.629,0.629,0.629,0.195,0.611,0.293,0.611,0.373,0.195,0.14,0.648,0.14,0.551,0.551,0.551,0.715,0.499,0.448,0.686,0.49,0.843,0.482,0.49,0.892,0.499,0.348,0.734,0.592,0.348,0.482,0.654,0.85,0.738,0.499,0.464,0.652,0.732,0.382,0.348,0.677,0.382,0.382,0.644,0.35,0.473,0.844,0.35,0.35,0.821,0.707,0.859,0.859,0.886,0.95,0.585,0.76,0.618,0.778,0.754,0.44,0.51,0.761,0.585,0.702,0.802,0.471,0.449,0.905,0.891,0.75,0.588,0.891,0.746,0.414,0.461,0.442,0.952,0.747,0.61,0.587,0.894,0.684,0.61,0.549,0.59,0.738,0.52,0.549,0.719,0.549,0.61,0.763,0.568,0.465,0.512,0.802,0.731,0.639,0.585,0.734,0.534,0.793,0.484,0.808,0.818,0.636,0.643,0.629,0.178,0.118,0.342
0.086,0.086,0.069,0.069,0.822,0.468,0.087,0.109,0.535,0.081,0.109,0.138,0.09,0.822,0.138,0.109,0.09,0.822,0.402,0.09,0.066,0.097,0.066,0.078,0.09,0.087,0.078,0.109,0.098,0.081,0.098,0.097,0.064,0.099,0.104,0.099,0.34,0.104,0.064,0.34,0.531,0.099,0.288,0.802,0.099,0.34,0.353,0.288,0.199,0.288,0.489,0.659,0.76,0.059,0.822,0.059,0.059,0.808,0.808,0.808,0.098,0.822,0.059,0.822,0.76,0.098,0.102,0.203,0.102,0.479,0.479,0.479,0.717,0.605,0.911,0.302,0.634,0.376,0.763,0.634,0.443,0.605,0.751,0.275,0.205,0.751,0.763,0.297,0.446,0.485,0.605,0.902,0.318,0.281,0.65,0.751,0.185,0.65,0.65,0.271,0.744,0.673,0.344,0.744,0.744,0.364,0.308,0.551,0.551,0.545,0.32,0.755,0.662,0.759,0.297,0.476,0.7,0.558,0.613,0.755,0.326,0.608,0.727,0.513,0.4,0.6,0.401,0.794,0.6,0.335,0.533,0.718,0.53,0.384,0.39,0.55,0.734,0.59,0.596,0.55,0.738,0.467,0.343,0.713,0.738,0.506,0.738,0.55,0.403,0.41,0.7,0.438,0.619,0.474,0.806,0.229,0.574,0.408,0.648,0.712,0.649,0.619,0.839,0.746,0.713,0.605,0.462,0.983
0.769,0.769,0.515,0.515,0.566,0.463,0.51,0.615,0.401,0.819,0.615,0.553,0.55,0.566,0.553,0.615,0.55,0.566,0.68,0.55,0.515,0.843,0.515,0.529,0.55,0.51,0.529,0.615,0.602,0.819,0.602,0.843,0.253,0.46,0.558,0.46,0.251,0.558,0.253,0.251,0.569,0.46,0.424,0.57,0.46,0.251,0.804,0.424,0.67,0.424,0.23,0.723,0.786,0.454,0.316,0.454,0.48,0.409,0.409,0.409,0.472,0.316,0.48,0.316,0.786,0.472,0.431,0.54,0.431,0.704,0.704,0.704,0.633,0.568,0.599,0.727,0.442,0.63,0.475,0.442,0.846,0.568,0.811,0.878,0.52,0.811,0.475,0.745,0.855,0.653,0.568,0.477,0.757,0.866,0.607,0.811,0.644,0.607,0.607,0.778,0.552,0.681,0.667,0.552,0.552,0.917,0.784,0.821,0.821,0.847,0.717,0.554,0.928,0.542,0.844,0.697,0.736,0.593,0.948,0.554,0.801,0.946,0.62,0.897,0.908,0.609,0.874,0.629,0.609,0.962,0.953,0.746,0.96,0.64,0.939,0.497,0.608,0.66,0.712,0.497,0.556,0.536,0.682,0.594,0.556,0.701,0.556,0.497,0.705,0.645,0.475,0.478,0.879,0.643,0.837,0.676,0.325,0.475,0.296,0.482,0.31,0.853,0.843,0.83,0.853,0.361,0.41,0.284
0.488,0.488,0.408,0.408,0.577,0.203,0.43,0.486,0.195,0.416,0.486,0.47,0.44,0.577,0.47,0.486,0.44,0.577,0.737,0.44,0.446,0.423,0.446,0.429,0.44,0.43,0.429,0.486,0.464,0.416,0.464,0.423,0.976,0.417,0.359,0.417,0.59,0.359,0.976,0.59,0.245,0.417,0.334,0.048,0.417,0.59,0.77,0.334,0.041,0.334,0.103,0.257,0.561,0.956,0.473,0.956,0.948,0.31,0.31,0.31,0.479,0.473,0.948,0.473,0.561,0.479,0.418,0.055,0.418,0.319,0.319,0.319,0.132,0.632,0.085,0.206,0.558,0.035,0.502,0.558,0.176,0.632,0.394,0.269,0.058,0.394,0.502,0.209,0.19,0.041,0.632,0.087,0.185,0.261,0.401,0.394,0.937,0.401,0.401,0.191,0.368,0.466,0.05,0.368,0.368,0.03,0.164,0.01,0.01,0.013,0.04,0.002,0.111,0.01,0.211,0.055,0.077,0.502,0.109,0.002,0.155,0.109,0.06,0.089,0.172,0.01,0.031,0.047,0.01,0.025,0.098,0.54,0.096,0.044,0.055,0.343,0.032,0.024,0.035,0.343,0.574,0.058,0.224,0.189,0.574,0.065,0.574,0.343,0.218,0.067,0.152,0.072,0.009,0.078,0.015,0.242,0.035,0.082,0.064,0.179,0.074,0.009,0.018,0.013,0.008,0.015,0.02,0.033
0.111,0.111,0.089,0.089,0.67,0.045,0.093,0.088,0.04,0.066,0.088,0.107,0.072,0.67,0.107,0.088,0.072,0.67,0.739,0.072,0.022,0.08,0.022,0.095,0.072,0.093,0.095,0.088,0.121,0.066,0.121,0.08,0.027,0.018,0.023,0.018,0.177,0.023,0.027,0.177,0.106,0.018,0.138,0.849,0.018,0.177,0.703,0.138,0.947,0.138,0.023,0.097,0.539,0.1,0.282,0.1,0.108,0.208,0.208,0.208,0.015,0.282,0.108,0.282,0.539,0.015,0.02,0.954,0.02,0.383,0.383,0.383,0.103,0.398,0.857,0.36,0.189,0.667,0.192,0.189,0.124,0.398,0.523,0.347,0.929,0.523,0.192,0.386,0.122,0.727,0.398,0.833,0.382,0.386,0.205,0.523,0.896,0.205,0.205,0.401,0.214,0.598,0.609,0.214,0.214,0.851,0.346,0.477,0.477,0.352,0.954,0.536,0.426,0.379,0.336,0.819,0.37,0.507,0.456,0.536,0.372,0.411,0.342,0.612,0.116,0.64,0.887,0.655,0.64,0.597,0.665,0.312,0.683,0.977,0.957,0.484,0.685,0.492,0.548,0.484,0.572,0.506,0.91,0.846,0.572,0.822,0.572,0.484,0.908,0.979,0.891,0.985,0.766,0.86,0.771,0.979,0.875,0.987,0.901,0.878,0.909,0.749,0.782,0.774,0.785,0.84,0.836,0.848
0.476,0.476,0.577,0.577,0.16,0.01,0.468,0.28,0.008,0.493,0.28,0.276,0.363,0.16,0.276,0.28,0.363,0.16,0.288,0.363,0.392,0.486,0.392,0.339,0.363,0.468,0.339,0.28,0.285,0.493,0.285,0.486,0.385,0.321,0.252,0.321,0.261,0.252,0.385,0.261,0.041,0.321,0.265,0.199,0.321,0.261,0.356,0.265,0.494,0.265,0.007,0.075,0.151,0.318,0.287,0.318,0.302,0.277,0.277,0.277,0.483,0.287,0.302,0.287,0.151,0.483,0.313,0.461,0.313,0.202,0.202,0.202,0.02,0.132,0.269,0.086,0.243,0.59,0.266,0.243,0.068,0.132,0.354,0.085,0.402,0.354,0.266,0.079,0.071,0.597,0.132,0.22,0.08,0.085,0.47,0.354,0.246,0.47,0.47,0.088,0.327,0.456,0.449,0.327,0.327,0.885,0.067,0.372,0.372,0.412,0.737,0.33,0.547,0.369,0.084,0.453,0.487,0.445,0.501,0.33,0.071,0.527,0.396,0.638,0.07,0.404,0.898,0.821,0.404,0.534,0.576,0.195,0.573,0.748,0.904,0.405,0.846,0.433,0.89,0.405,0.47,0.63,0.831,0.971,0.47,0.763,0.47,0.405,0.87,0.989,0.971,0.989,0.592,0.787,0.547,0.986,0.795,0.989,0.639,0.965,0.628,0.613,0.511,0.538,0.52,0.318,0.303,0.413
0.091,0.091,0.093,0.093,0.698,0.994,0.126,0.096,0.996,0.082,0.096,0.131,0.092,0.698,0.131,0.096,0.092,0.698,0.537,0.092,0.193,0.1,0.193,0.089,0.092,0.126,0.089,0.096,0.094,0.082,0.094,0.1,0.091,0.146,0.185,0.146,0.351,0.185,0.091,0.351,0.923,0.146,0.343,0.658,0.146,0.351,0.443,0.343,0.944,0.343,0.998,0.906,0.611,0.055,0.324,0.055,0.056,0.304,0.304,0.304,0.139,0.324,0.056,0.324,0.611,0.139,0.139,0.973,0.139,0.352,0.352,0.352,0.974,0.643,0.783,0.818,0.409,0.815,0.346,0.409,0.896,0.643,0.548,0.897,0.971,0.548,0.346,0.805,0.821,0.748,0.643,0.785,0.811,0.899,0.259,0.548,0.669,0.259,0.259,0.781,0.217,0.458,0.695,0.217,0.217,0.726,0.888,0.345,0.345,0.316,0.47,0.778,0.613,0.766,0.94,0.726,0.893,0.424,0.657,0.778,0.849,0.641,0.911,0.737,0.915,0.387,0.723,0.709,0.387,0.766,0.721,0.592,0.71,0.487,0.748,0.353,0.647,0.357,0.604,0.353,0.277,0.931,0.839,0.61,0.277,0.789,0.277,0.353,0.836,0.287,0.601,0.322,0.743,0.758,0.868,0.733,0.652,0.295,0.491,0.603,0.449,0.801,0.822,0.825,0.801,0.456,0.479,0.884
0.481,0.481,0.361,0.361,0.333,0.515,0.921,0.936,0.496,0.823,0.936,0.955,0.907,0.333,0.955,0.936,0.907,0.333,0.517,0.907,0.407,0.845,0.407,0.907,0.907,0.921,0.907,0.936,0.943,0.823,0.943,0.845,0.866,0.856,0.865,0.856,0.961,0.865,0.866,0.961,0.711,0.856,0.971,0.67,0.856,0.961,0.828,0.971,0.579,0.971,0.528,0.724,0.505,0.793,0.856,0.793,0.788,0.818,0.818,0.818,0.711,0.856,0.788,0.856,0.505,0.711,0.858,0.456,0.858,0.414,0.414,0.414,0.751,0.217,0.753,0.852,0.56,0.489,0.626,0.56,0.766,0.217,0.439,0.765,0.452,0.439,0.626,0.785,0.768,0.572,0.217,0.731,0.83,0.765,0.545,0.439,0.122,0.545,0.545,0.762,0.548,0.653,0.485,0.548,0.548,0.578,0.924,0.987,0.987,0.966,0.833,0.625,0.839,0.647,0.848,0.671,0.504,0.583,0.752,0.625,0.92,0.749,0.553,0.901,0.851,0.989,0.643,0.512,0.989,0.636,0.845,0.551,0.855,0.803,0.534,0.747,0.628,0.991,0.473,0.747,0.705,0.609,0.262,0.961,0.705,0.499,0.705,0.747,0.253,0.946,0.988,0.957,0.404,0.576,0.42,0.218,0.662,0.96,0.557,0.995,0.546,0.363,0.438,0.487,0.47,0.187,0.176,0.159
0.118,0.118,0.061,0.061,0.091,0.719,0.108,0.103,0.778,0.04,0.103,0.118,0.071,0.091,0.118,0.103,0.071,0.091,0.432,0.071,0.063,0.048,0.063,0.077,0.071,0.108,0.077,0.103,0.088,0.04,0.088,0.048,0.023,0.066,0.115,0.066,0.562,0.115,0.023,0.562,0.423,0.066,0.456,0.335,0.066,0.562,0.43,0.456,0.707,0.456,0.892,0.448,0.066,0.023,0.6,0.023,0.023,0.431,0.431,0.431,0.049,0.6,0.023,0.6,0.066,0.049,0.057,0.68,0.057,0.084,0.084,0.084,0.593,0.112,0.361,0.498,0.462,0.88,0.46,0.462,0.388,0.112,0.058,0.603,0.729,0.058,0.46,0.493,0.435,0.923,0.112,0.376,0.518,0.64,0.21,0.058,0.412,0.21,0.21,0.515,0.255,0.439,0.834,0.255,0.255,0.876,0.612,0.607,0.607,0.636,0.484,0.1,0.43,0.089,0.69,0.875,0.63,0.439,0.427,0.1,0.625,0.424,0.759,0.502,0.344,0.439,0.927,0.585,0.439,0.198,0.498,0.099,0.486,0.482,0.921,0.439,0.689,0.384,0.839,0.439,0.52,0.702,0.813,0.533,0.52,0.941,0.52,0.439,0.814,0.589,0.564,0.601,0.337,0.909,0.378,0.862,0.135,0.588,0.284,0.59,0.261,0.351,0.348,0.387,0.387,0.169,0.152,0.145
0.186,0.186,0.182,0.182,0.332,0.283,0.15,0.155,0.263,0.168,0.155,0.195,0.16,0.332,0.195,0.155,0.16,0.332,0.52,0.16,0.091,0.143,0.091,0.171,0.16,0.15,0.171,0.155,0.145,0.168,0.145,0.143,0.195,0.105,0.128,0.105,0.171,0.128,0.195,0.171,0.715,0.105,0.168,0.589,0.105,0.171,0.502,0.168,0.29,0.168,0.315,0.962,0.445,0.427,0.153,0.427,0.442,0.163,0.163,0.163,0.104,0.153,0.442,0.153,0.445,0.104,0.108,0.237,0.108,0.097,0.097,0.097,0.794,0.328,0.791,0.573,0.43,0.369,0.317,0.43,0.666,0.328,0.336,0.506,0.217,0.336,0.317,0.455,0.628,0.402,0.328,0.753,0.53,0.622,0.133,0.336,0.704,0.133,0.133,0.417,0.123,0.236,0.367,0.123,0.123,0.438,0.639,0.329,0.329,0.386,0.433,0.753,0.637,0.769,0.709,0.384,0.841,0.264,0.644,0.753,0.664,0.646,0.697,0.869,0.595,0.287,0.599,0.876,0.287,0.945,0.858,0.462,0.866,0.425,0.643,0.176,0.853,0.344,0.91,0.176,0.15,0.697,0.418,0.756,0.15,0.562,0.15,0.176,0.428,0.687,0.84,0.77,0.986,0.521,0.964,0.345,0.987,0.796,0.985,0.871,0.982,0.987,0.966,0.956,0.96,0.969,0.961,0.979
0.809,0.809,0.824,0.824,0.727,0.825,0.619,0.647,0.826,0.747,0.647,0.599,0.609,0.727,0.599,0.647,0.609,0.727,0.698,0.609,0.888,0.788,0.888,0.63,0.609,0.619,0.63,0.647,0.657,0.747,0.657,0.788,0.486,0.716,0.686,0.716,0.979,0.686,0.486,0.979,0.898,0.716,0.97,0.324,0.716,0.979,0.705,0.97,0.595,0.97,0.784,0.845,0.758,0.499,0.874,0.499,0.508,0.865,0.865,0.865,0.81,0.874,0.508,0.874,0.758,0.81,0.726,0.682,0.726,0.493,0.493,0.493,0.97,0.547,0.61,0.893,0.896,0.665,0.878,0.896,0.675,0.547,0.768,0.877,0.673,0.768,0.878,0.904,0.676,0.552,0.547,0.603,0.886,0.867,0.429,0.768,0.259,0.429,0.429,0.896,0.457,0.831,0.604,0.457,0.457,0.641,0.922,0.468,0.468,0.7,0.978,0.354,0.761,0.409,0.904,0.536,0.493,0.891,0.735,0.354,0.931,0.718,0.469,0.811,0.74,0.369,0.567,0.846,0.369,0.69,0.774,0.687,0.778,0.974,0.523,0.938,0.612,0.612,0.804,0.938,0.912,0.499,0.531,0.847,0.912,0.485,0.912,0.938,0.512,0.841,0.761,0.716,0.677,0.483,0.585,0.624,0.442,0.789,0.77,0.835,0.78,0.665,0.609,0.406,0.493,0.645,0.54,0.722
0.42,0.42,0.45,0.45,0.507,0.775,0.237,0.229,0.771,0.222,0.229,0.243,0.246,0.507,0.243,0.229,0.246,0.507,0.23,0.246,0.566,0.185,0.566,0.236,0.246,0.237,0.236,0.229,0.222,0.222,0.222,0.185,0.998,0.427,0.423,0.427,0.168,0.423,0.998,0.168,0.446,0.427,0.256,0.107,0.427,0.168,0.335,0.256,0.386,0.256,0.903,0.426,0.298,0.736,0.221,0.736,0.71,0.213,0.213,0.213,0.351,0.221,0.71,0.221,0.298,0.351,0.456,0.526,0.456,0.373,0.373,0.373,0.56,0.103,0.131,0.222,0.474,0.761,0.454,0.474,0.354,0.103,0.296,0.303,0.519,0.296,0.454,0.241,0.379,0.911,0.103,0.132,0.26,0.284,0.314,0.296,0.222,0.314,0.314,0.275,0.407,0.446,0.755,0.407,0.407,0.532,0.479,0.121,0.121,0.114,0.235,0.104,0.73,0.153,0.53,0.892,0.799,0.441,0.699,0.104,0.499,0.735,0.785,0.627,0.646,0.15,0.688,0.622,0.15,0.173,0.416,0.333,0.439,0.234,0.253,0.573,0.575,0.117,0.584,0.573,0.418,0.586,0.283,0.661,0.418,0.46,0.418,0.573,0.281,0.882,0.675,0.874,0.787,0.47,0.756,0.352,0.778,0.881,0.89,0.668,0.845,0.757,0.757,0.723,0.749,0.469,0.515,0.731
0.108,0.108,0.102,0.102,0.96,0.08,0.033,0.191,0.079,0.377,0.191,0.057,0.14,0.96,0.057,0.191,0.14,0.96,0.882,0.14,0.262,0.4,0.262,0.142,0.14,0.033,0.142,0.191,0.187,0.377,0.187,0.4,0.478,0.376,0.151,0.376,0.936,0.151,0.478,0.936,0.089,0.376,0.969,0.098,0.376,0.936,0.848,0.969,0.345,0.969,0.163,0.111,0.993,0.292,0.961,0.292,0.294,0.98,0.98,0.98,0.698,0.961,0.294,0.961,0.993,0.698,0.371,0.415,0.371,0.822,0.822,0.822,0.367,0.949,0.101,0.205,0.918,0.662,0.92,0.918,0.074,0.949,0.994,0.132,0.412,0.994,0.92,0.206,0.081,0.655,0.949,0.105,0.2,0.121,0.863,0.994,0.781,0.863,0.863,0.194,0.789,0.947,0.646,0.789,0.789,0.542,0.162,0.792,0.792,0.854,0.828,0.911,1.0,0.86,0.113,0.638,0.293,0.955,0.997,0.911,0.159,0.997,0.287,0.958,0.086,0.739,0.634,0.953,0.739,0.903,0.925,0.997,0.929,0.825,0.676,0.944,0.98,0.799,0.962,0.944,0.957,0.392,0.069,0.948,0.957,0.759,0.957,0.944,0.065,0.916,0.961,0.903,0.397,0.778,0.331,0.049,0.883,0.924,0.256,0.985,0.208,0.468,0.298,0.336,0.286,0.444,0.344,0.912
0.694,0.694,0.648,0.648,0.474,0.806,0.762,0.622,0.772,0.495,0.622,0.76,0.605,0.474,0.76,0.622,0.605,0.474,0.751,0.605,0.597,0.499,0.597,0.586,0.605,0.762,0.586,0.622,0.607,0.495,0.607,0.499,0.926,0.706,0.765,0.706,0.206,0.765,0.926,0.206,0.454,0.706,0.207,0.299,0.706,0.206,0.744,0.207,0.17,0.207,0.836,0.382,0.292,0.357,0.558,0.357,0.325,0.479,0.479,0.479,0.693,0.558,0.325,0.558,0.292,0.693,0.703,0.15,0.703,0.249,0.249,0.249,0.64,0.293,0.541,0.437,0.267,0.181,0.316,0.267,0.517,0.293,0.308,0.531,0.163,0.308,0.316,0.468,0.521,0.159,0.293,0.389,0.418,0.519,0.238,0.308,0.821,0.238,0.238,0.429,0.267,0.279,0.161,0.267,0.267,0.283,0.533,0.026,0.026,0.036,0.16,0.344,0.365,0.317,0.614,0.097,0.106,0.242,0.421,0.344,0.523,0.386,0.104,0.321,0.64,0.044,0.346,0.11,0.044,0.433,0.337,0.3,0.306,0.243,0.311,0.283,0.125,0.06,0.042,0.283,0.318,0.122,0.623,0.232,0.318,0.225,0.318,0.283,0.607,0.206,0.363,0.228,0.261,0.207,0.321,0.588,0.218,0.222,0.305,0.345,0.316,0.175,0.247,0.347,0.325,0.423,0.392,0.373
0.389,0.389,0.46,0.46,0.837,0.356,0.503,0.349,0.389,0.442,0.349,0.395,0.377,0.837,0.395,0.349,0.377,0.837,0.792,0.377,0.536,0.349,0.536,0.345,0.377,0.503,0.345,0.349,0.362,0.442,0.362,0.349,0.964,0.697,0.576,0.697,0.588,0.576,0.964,0.588,0.476,0.697,0.594,0.795,0.697,0.588,0.725,0.594,0.476,0.594,0.617,0.44,0.682,0.955,0.511,0.955,0.947,0.464,0.464,0.464,0.517,0.511,0.947,0.511,0.682,0.517,0.579,0.713,0.579,0.528,0.528,0.528,0.643,0.918,0.88,0.303,0.714,0.33,0.767,0.714,0.429,0.918,0.749,0.369,0.741,0.749,0.767,0.335,0.433,0.472,0.918,0.874,0.296,0.326,0.593,0.749,0.943,0.593,0.593,0.358,0.576,0.784,0.342,0.576,0.576,0.202,0.358,0.029,0.029,0.04,0.201,0.074,0.091,0.103,0.412,0.478,0.416,0.792,0.096,0.074,0.349,0.097,0.447,0.119,0.543,0.061,0.256,0.012,0.061,0.194,0.123,0.729,0.115,0.194,0.24,0.898,0.012,0.078,0.002,0.898,0.862,0.389,0.256,0.024,0.862,0.301,0.862,0.898,0.289,0.011,0.049,0.01,0.069,0.282,0.057,0.232,0.221,0.008,0.233,0.051,0.176,0.055,0.066,0.054,0.064,0.11,0.135,0.236
0.4,0.4,0.494,0.494,0.5,0.141,0.385,0.638,0.124,0.741,0.638,0.422,0.666,0.5,0.422,0.638,0.666,0.5,0.779,0.666,0.283,0.583,0.283,0.617,0.666,0.385,0.617,0.638,0.611,0.741,0.611,0.583,0.707,0.487,0.244,0.487,0.655,0.244,0.707,0.655,0.814,0.487,0.675,0.288,0.487,0.655,0.659,0.675,0.353,0.675,0.096,0.846,0.586,0.401,0.62,0.401,0.369,0.643,0.643,0.643,0.525,0.62,0.369,0.62,0.586,0.525,0.48,0.242,0.48,0.712,0.712,0.712,0.737,0.672,0.303,0.756,0.421,0.414,0.381,0.421,0.81,0.672,0.642,0.736,0.269,0.642,0.381,0.791,0.826,0.419,0.672,0.314,0.746,0.709,0.617,0.642,0.393,0.617,0.617,0.794,0.566,0.433,0.434,0.566,0.566,0.551,0.576,0.636,0.636,0.702,0.905,0.482,0.3,0.435,0.62,0.454,0.805,0.457,0.373,0.482,0.586,0.408,0.623,0.213,0.846,0.622,0.605,0.617,0.622,0.828,0.346,0.581,0.371,0.889,0.654,0.745,0.649,0.682,0.536,0.745,0.779,0.447,0.223,0.692,0.779,0.365,0.779,0.745,0.24,0.707,0.821,0.707,0.686,0.416,0.539,0.329,0.383,0.707,0.404,0.852,0.411,0.602,0.587,0.477,0.551,0.6,0.521,0.516
0.615,0.615,0.625,0.625,0.416,0.801,0.931,0.971,0.808,0.927,0.971,0.937,0.966,0.416,0.937,0.971,0.966,0.416,0.391,0.966,0.501,0.898,0.501,0.968,0.966,0.931,0.968,0.971,0.962,0.927,0.962,0.898,0.883,0.941,0.95,0.941,0.26,0.95,0.883,0.26,0.264,0.941,0.266,0.939,0.941,0.26,0.426,0.266,0.228,0.266,0.825,0.233,0.244,0.928,0.206,0.928,0.909,0.194,0.194,0.194,0.912,0.206,0.909,0.206,0.244,0.912,0.89,0.19,0.89,0.196,0.196,0.196,0.444,0.432,0.908,0.915,0.454,0.357,0.519,0.454,0.872,0.432,0.184,0.848,0.187,0.184,0.519,0.89,0.871,0.497,0.432,0.912,0.897,0.879,0.43,0.184,0.717,0.43,0.43,0.874,0.514,0.661,0.337,0.514,0.514,0.458,0.839,0.238,0.238,0.279,0.354,0.328,0.673,0.352,0.812,0.443,0.746,0.635,0.612,0.328,0.837,0.625,0.731,0.644,0.893,0.298,0.537,0.757,0.298,0.468,0.572,0.263,0.58,0.492,0.653,0.316,0.729,0.36,0.724,0.316,0.336,0.757,0.827,0.442,0.336,0.514,0.336,0.316,0.853,0.489,0.67,0.686,0.861,0.569,0.849,0.965,0.89,0.654,0.725,0.652,0.726,0.877,0.847,0.934,0.893,0.651,0.794,0.964
0.058,0.058,0.055,0.055,0.729,0.243,0.049,0.03,0.24,0.052,0.03,0.051,0.033,0.729,0.051,0.03,0.033,0.729,0.045,0.033,0.149,0.054,0.149,0.035,0.033,0.049,0.035,0.03,0.032,0.052,0.032,0.054,0.077,0.081,0.09,0.081,0.669,0.09,0.077,0.669,0.059,0.081,0.761,0.019,0.081,0.669,0.063,0.761,0.015,0.761,0.341,0.062,0.916,0.025,0.82,0.025,0.025,0.862,0.862,0.862,0.13,0.82,0.025,0.82,0.916,0.13,0.087,0.021,0.087,0.805,0.805,0.805,0.062,0.462,0.023,0.087,0.985,0.005,0.924,0.985,0.078,0.462,0.938,0.113,0.02,0.938,0.924,0.095,0.086,0.007,0.462,0.022,0.089,0.115,0.817,0.938,0.019,0.817,0.817,0.089,0.671,0.915,0.005,0.671,0.671,0.005,0.053,0.349,0.349,0.357,0.415,0.276,0.014,0.21,0.07,0.011,0.007,0.983,0.017,0.276,0.054,0.015,0.007,0.014,0.091,0.355,0.008,0.395,0.355,0.374,0.013,0.969,0.014,0.427,0.011,0.994,0.366,0.416,0.438,0.994,0.981,0.007,0.557,0.33,0.981,0.01,0.981,0.994,0.549,0.347,0.472,0.277,0.488,0.01,0.495,0.551,0.463,0.313,0.503,0.535,0.522,0.496,0.469,0.395,0.377,0.727,0.731,0.403
0.427,0.427,0.432,0.432,0.658,0.305,0.403,0.295,0.309,0.306,0.295,0.37,0.329,0.658,0.37,0.295,0.329,0.658,0.857,0.329,0.646,0.286,0.646,0.387,0.329,0.403,0.387,0.295,0.324,0.306,0.324,0.286,0.994,0.485,0.582,0.485,0.782,0.582,0.994,0.782,0.103,0.485,0.843,0.125,0.485,0.782,0.906,0.843,0.125,0.843,0.253,0.124,0.855,0.873,0.317,0.873,0.828,0.349,0.349,0.349,0.641,0.317,0.828,0.317,0.855,0.641,0.465,0.149,0.465,0.99,0.99,0.99,0.117,0.407,0.108,0.142,0.881,0.316,0.873,0.881,0.157,0.407,0.477,0.124,0.159,0.477,0.873,0.142,0.163,0.192,0.407,0.102,0.141,0.132,0.989,0.477,0.371,0.989,0.989,0.143,0.984,0.566,0.315,0.984,0.984,0.189,0.127,0.06,0.06,0.014,0.019,0.018,0.032,0.006,0.117,0.231,0.188,0.563,0.039,0.018,0.129,0.037,0.177,0.025,0.126,0.059,0.19,0.2,0.059,0.016,0.025,0.619,0.025,0.017,0.169,0.615,0.193,0.013,0.252,0.615,0.636,0.195,0.159,0.094,0.636,0.194,0.636,0.615,0.156,0.033,0.073,0.033,0.481,0.19,0.555,0.151,0.427,0.033,0.475,0.085,0.476,0.451,0.545,0.525,0.519,0.668,0.673,0.756
0.883,0.883,0.968,0.968,0.672,0.827,0.952,0.8,0.833,0.77,0.8,0.938,0.931,0.672,0.938,0.8,0.931,0.672,0.592,0.931,0.987,0.727,0.987,0.925,0.931,0.952,0.925,0.8,0.803,0.77,0.803,0.727,0.936,0.912,0.932,0.912,0.954,0.932,0.936,0.954,0.87,0.912,0.973,0.899,0.912,0.954,0.717,0.973,0.863,0.973,0.829,0.873,0.286,0.832,0.927,0.832,0.823,0.95,0.95,0.95,0.813,0.927,0.823,0.927,0.286,0.813,0.919,0.962,0.919,0.461,0.461,0.461,0.979,0.853,0.928,0.855,0.865,0.729,0.867,0.865,0.835,0.853,0.292,0.772,0.96,0.292,0.867,0.863,0.881,0.863,0.853,0.927,0.843,0.778,0.706,0.292,0.894,0.706,0.706,0.856,0.741,0.818,0.809,0.741,0.741,0.934,0.925,0.901,0.901,0.866,0.99,0.611,0.96,0.832,0.748,0.885,0.932,0.82,0.966,0.611,0.924,0.96,0.916,0.952,0.857,0.911,0.95,0.459,0.911,0.936,0.968,0.273,0.963,0.979,0.823,0.932,0.611,0.824,0.227,0.932,0.917,0.979,0.455,0.092,0.917,0.728,0.917,0.932,0.477,0.297,0.261,0.348,0.453,0.754,0.774,0.394,0.688,0.369,0.805,0.231,0.807,0.563,0.743,0.857,0.817,0.793,0.878,0.61
0.954,0.954,0.944,0.944,0.232,0.083,0.98,0.997,0.128,0.973,0.997,0.96,0.992,0.232,0.96,0.997,0.992,0.232,0.633,0.992,0.97,0.967,0.97,0.997,0.992,0.98,0.997,0.997,0.998,0.973,0.998,0.967,0.94,0.996,0.927,0.996,0.792,0.927,0.94,0.792,0.881,0.996,0.834,0.817,0.996,0.792,0.727,0.834,0.489,0.834,0.187,0.966,0.423,0.887,0.742,0.887,0.867,0.662,0.662,0.662,0.963,0.742,0.867,0.742,0.423,0.963,0.991,0.842,0.991,0.702,0.702,0.702,0.997,0.24,0.919,0.71,0.179,0.955,0.168,0.179,0.908,0.24,0.166,0.837,0.854,0.166,0.168,0.728,0.901,0.949,0.24,0.921,0.723,0.799,0.656,0.166,0.085,0.656,0.656,0.703,0.577,0.212,0.955,0.577,0.577,0.81,0.808,0.543,0.543,0.486,0.426,0.305,0.71,0.365,0.893,0.956,0.934,0.277,0.626,0.305,0.812,0.632,0.925,0.854,0.896,0.678,0.869,0.937,0.678,0.355,0.761,0.335,0.777,0.44,0.969,0.397,0.922,0.595,0.648,0.397,0.32,0.897,0.504,0.424,0.32,0.975,0.32,0.397,0.457,0.765,0.643,0.636,0.827,0.952,0.991,0.465,0.613,0.55,0.333,0.818,0.38,0.834,0.993,0.994,0.974,0.297,0.272,0.611
0.266,0.266,0.282,0.282,0.191,0.895,0.293,0.188,0.898,0.11,0.188,0.305,0.19,0.191,0.305,0.188,0.19,0.191,0.671,0.19,0.323,0.129,0.323,0.19,0.19,0.293,0.19,0.188,0.197,0.11,0.197,0.129,0.901,0.454,0.494,0.454,0.273,0.494,0.901,0.273,0.297,0.454,0.232,0.757,0.454,0.273,0.681,0.232,0.051,0.232,0.764,0.37,0.056,0.797,0.259,0.797,0.732,0.225,0.225,0.225,0.188,0.259,0.732,0.259,0.056,0.188,0.452,0.148,0.452,0.243,0.243,0.243,0.503,0.235,0.883,0.557,0.13,0.152,0.114,0.13,0.692,0.235,0.071,0.738,0.12,0.071,0.114,0.659,0.733,0.173,0.235,0.894,0.564,0.744,0.253,0.071,0.879,0.253,0.253,0.665,0.238,0.088,0.147,0.238,0.238,0.083,0.896,0.584,0.584,0.664,0.684,0.485,0.9,0.801,0.908,0.157,0.372,0.136,0.871,0.485,0.923,0.886,0.399,0.625,0.859,0.63,0.095,0.721,0.63,0.55,0.582,0.081,0.622,0.733,0.188,0.134,0.818,0.665,0.716,0.134,0.115,0.331,0.032,0.889,0.115,0.279,0.115,0.134,0.036,0.734,0.932,0.819,0.793,0.314,0.651,0.059,0.316,0.818,0.315,0.927,0.311,0.756,0.641,0.72,0.746,0.186,0.168,0.464
0.519,0.519,0.582,0.582,0.898,0.908,0.397,0.314,0.888,0.42,0.314,0.43,0.337,0.898,0.43,0.314,0.337,0.898,0.97,0.337,0.797,0.484,0.797,0.38,0.337,0.397,0.38,0.314,0.424,0.42,0.424,0.484,0.868,0.53,0.512,0.53,0.909,0.512,0.868,0.909,0.142,0.53,0.904,0.51,0.53,0.909,0.971,0.904,0.553,0.904,0.814,0.119,0.488,0.735,0.863,0.735,0.747,0.933,0.933,0.933,0.63,0.863,0.747,0.863,0.488,0.63,0.61,0.484,0.61,0.604,0.604,0.604,0.235,0.899,0.346,0.108,0.583,0.542,0.611,0.583,0.18,0.899,0.592,0.122,0.499,0.592,0.611,0.108,0.172,0.529,0.899,0.418,0.106,0.127,0.512,0.592,0.986,0.512,0.512,0.105,0.534,0.515,0.556,0.534,0.534,0.336,0.072,0.565,0.565,0.499,0.389,0.193,0.202,0.206,0.095,0.521,0.287,0.55,0.209,0.193,0.064,0.253,0.294,0.191,0.121,0.354,0.452,0.796,0.354,0.093,0.251,0.597,0.267,0.362,0.377,0.713,0.841,0.324,0.882,0.713,0.692,0.201,0.479,0.899,0.692,0.409,0.692,0.713,0.483,0.857,0.923,0.833,0.721,0.463,0.616,0.541,0.962,0.828,0.954,0.883,0.952,0.765,0.552,0.645,0.586,0.783,0.804,0.905
0.692,0.692,0.76,0.76,0.728,0.643,0.884,0.794,0.679,0.884,0.794,0.818,0.778,0.728,0.818,0.794,0.778,0.728,0.988,0.778,0.732,0.805,0.732,0.797,0.778,0.884,0.797,0.794,0.774,0.884,0.774,0.805,0.699,0.655,0.772,0.655,0.323,0.772,0.699,0.323,0.808,0.655,0.311,0.896,0.655,0.323,0.985,0.311,0.633,0.311,0.739,0.795,0.728,0.74,0.686,0.74,0.717,0.653,0.653,0.653,0.663,0.686,0.717,0.686,0.728,0.663,0.596,0.486,0.596,0.812,0.812,0.812,0.895,0.129,0.821,0.858,0.604,0.552,0.575,0.604,0.95,0.129,0.676,0.942,0.445,0.676,0.575,0.865,0.958,0.688,0.129,0.744,0.872,0.941,0.804,0.676,0.798,0.804,0.804,0.877,0.792,0.517,0.527,0.792,0.792,0.636,0.739,0.697,0.697,0.841,0.568,0.815,0.677,0.767,0.849,0.657,0.766,0.536,0.622,0.815,0.746,0.594,0.545,0.637,0.936,0.656,0.615,0.565,0.656,0.632,0.604,0.652,0.596,0.576,0.822,0.633,0.707,0.892,0.557,0.633,0.585,0.951,0.485,0.757,0.585,0.612,0.585,0.633,0.49,0.631,0.873,0.68,0.617,0.573,0.78,0.478,0.384,0.696,0.438,0.858,0.417,0.62,0.75,0.791,0.779,0.519,0.62,0.544
0.103,0.103,0.123,0.123,0.497,0.94,0.176,0.196,0.925,0.172,0.196,0.182,0.219,0.497,0.182,0.196,0.219,0.497,0.196,0.219,0.132,0.187,0.132,0.21,0.219,0.176,0.21,0.196,0.216,0.172,0.216,0.187,0.122,0.206,0.173,0.206,0.718,0.173,0.122,0.718,0.527,0.206,0.614,0.354,0.206,0.718,0.207,0.614,0.343,0.614,0.862,0.507,0.419,0.139,0.804,0.139,0.143,0.631,0.631,0.631,0.123,0.804,0.143,0.804,0.419,0.123,0.17,0.556,0.17,0.246,0.246,0.246,0.573,0.564,0.289,0.45,0.275,0.112,0.43,0.275,0.447,0.564,0.544,0.407,0.545,0.544,0.43,0.408,0.44,0.137,0.564,0.379,0.472,0.476,0.183,0.544,0.165,0.183,0.183,0.43,0.283,0.454,0.108,0.283,0.283,0.104,0.547,0.872,0.872,0.888,0.854,0.792,0.586,0.827,0.61,0.13,0.539,0.313,0.631,0.792,0.547,0.61,0.499,0.485,0.501,0.962,0.13,0.148,0.962,0.79,0.433,0.511,0.403,0.854,0.164,0.287,0.149,0.969,0.177,0.287,0.356,0.374,0.171,0.167,0.356,0.151,0.356,0.287,0.166,0.43,0.154,0.427,0.166,0.148,0.196,0.197,0.233,0.379,0.409,0.125,0.394,0.209,0.219,0.22,0.231,0.303,0.302,0.216
0.821,0.821,0.834,0.834,0.551,0.603,0.897,0.907,0.746,0.847,0.907,0.918,0.903,0.551,0.918,0.907,0.903,0.551,0.047,0.903,0.806,0.833,0.806,0.878,0.903,0.897,0.878,0.907,0.896,0.847,0.896,0.833,0.462,0.883,0.857,0.883,0.376,0.857,0.462,0.376,0.062,0.883,0.206,0.974,0.883,0.376,0.035,0.206,0.764,0.206,0.809,0.076,0.455,0.52,0.391,0.52,0.522,0.204,0.204,0.204,0.735,0.391,0.522,0.391,0.455,0.735,0.854,0.661,0.854,0.396,0.396,0.396,0.057,0.595,0.978,0.081,0.353,0.659,0.335,0.353,0.072,0.595,0.54,0.042,0.664,0.54,0.335,0.078,0.063,0.495,0.595,0.98,0.072,0.044,0.461,0.54,0.756,0.461,0.461,0.071,0.339,0.371,0.658,0.339,0.339,0.686,0.079,0.034,0.034,0.02,0.013,0.283,0.101,0.129,0.047,0.477,0.119,0.372,0.103,0.283,0.062,0.088,0.128,0.047,0.063,0.079,0.475,0.699,0.079,0.15,0.06,0.49,0.06,0.023,0.402,0.268,0.704,0.057,0.823,0.268,0.261,0.173,0.269,0.767,0.261,0.446,0.261,0.268,0.277,0.525,0.764,0.523,0.814,0.442,0.808,0.257,0.78,0.535,0.838,0.766,0.792,0.846,0.785,0.803,0.776,0.522,0.689,0.993
0.448,0.448,0.459,0.459,0.017,0.109,0.398,0.263,0.096,0.433,0.263,0.423,0.295,0.017,0.423,0.263,0.295,0.017,0.017,0.295,0.711,0.45,0.711,0.321,0.295,0.398,0.321,0.263,0.24,0.433,0.24,0.45,0.886,0.569,0.684,0.569,0.101,0.684,0.886,0.101,0.478,0.569,0.087,0.692,0.569,0.101,0.017,0.087,0.956,0.087,0.416,0.494,0.656,0.439,0.079,0.439,0.411,0.083,0.083,0.083,0.787,0.079,0.411,0.079,0.656,0.787,0.609,0.907,0.609,0.558,0.558,0.558,0.661,0.019,0.799,0.658,0.986,0.504,0.984,0.986,0.529,0.019,0.509,0.664,0.937,0.509,0.984,0.697,0.621,0.556,0.019,0.78,0.641,0.641,0.795,0.509,0.093,0.795,0.795,0.674,0.832,0.989,0.494,0.832,0.832,0.557,0.86,0.168,0.168,0.153,0.271,0.28,0.573,0.499,0.779,0.53,0.45,0.988,0.642,0.28,0.862,0.62,0.468,0.698,0.815,0.207,0.761,0.441,0.207,0.477,0.794,0.661,0.796,0.267,0.755,0.977,0.325,0.201,0.424,0.977,0.953,0.592,0.781,0.378,0.953,0.615,0.953,0.977,0.797,0.193,0.327,0.224,0.648,0.592,0.62,0.877,0.826,0.235,0.858,0.338,0.858,0.634,0.642,0.542,0.537,0.568,0.579,0.315
0.549,0.549,0.837,0.837,0.909,0.96,0.826,0.617,0.963,0.834,0.617,0.586,0.864,0.909,0.586,0.617,0.864,0.909,0.465,0.864,0.598,0.491,0.598,0.835,0.864,0.826,0.835,0.617,0.535,0.834,0.535,0.491,0.617,0.636,0.698,0.636,0.299,0.698,0.617,0.299,0.207,0.636,0.421,0.029,0.636,0.299,0.339,0.421,0.081,0.421,0.967,0.237,0.945,0.672,0.754,0.672,0.676,0.833,0.833,0.833,0.566,0.754,0.676,0.754,0.945,0.566,0.599,0.084,0.599,0.703,0.703,0.703,0.183,0.566,0.027,0.289,0.934,0.138,0.968,0.934,0.177,0.566,0.788,0.444,0.082,0.788,0.968,0.361,0.185,0.164,0.566,0.027,0.279,0.438,0.868,0.788,0.454,0.868,0.868,0.367,0.913,0.988,0.154,0.913,0.913,0.114,0.342,0.616,0.616,0.449,0.777,0.588,0.373,0.639,0.389,0.191,0.225,0.971,0.38,0.588,0.345,0.382,0.202,0.39,0.167,0.653,0.147,0.371,0.653,0.511,0.363,0.89,0.367,0.745,0.196,0.623,0.431,0.447,0.35,0.623,0.547,0.229,0.819,0.508,0.547,0.197,0.547,0.623,0.823,0.625,0.592,0.659,0.015,0.2,0.006,0.885,0.008,0.642,0.01,0.542,0.008,0.014,0.006,0.008,0.009,0.005,0.006,0.003
0.92,0.92,0.957,0.957,0.808,0.503,0.871,0.627,0.375,0.73,0.627,0.873,0.777,0.808,0.873,0.627,0.777,0.808,0.407,0.777,0.944,0.618,0.944,0.798,0.777,0.871,0.798,0.627,0.627,0.73,0.627,0.618,0.72,0.929,0.923,0.929,0.365,0.923,0.72,0.365,0.583,0.929,0.497,0.234,0.929,0.365,0.432,0.497,0.045,0.497,0.421,0.642,0.797,0.639,0.592,0.639,0.64,0.728,0.728,0.728,0.745,0.592,0.64,0.592,0.797,0.745,0.898,0.046,0.898,0.584,0.584,0.584,0.594,0.604,0.189,0.568,0.481,0.075,0.599,0.481,0.476,0.604,0.669,0.533,0.038,0.669,0.599,0.571,0.483,0.158,0.604,0.278,0.576,0.538,0.319,0.669,0.409,0.319,0.319,0.583,0.409,0.643,0.065,0.409,0.409,0.084,0.469,0.076,0.076,0.044,0.017,0.076,0.445,0.071,0.501,0.16,0.479,0.484,0.433,0.076,0.49,0.514,0.451,0.531,0.449,0.051,0.131,0.142,0.051,0.046,0.601,0.777,0.607,0.006,0.135,0.743,0.136,0.031,0.136,0.743,0.63,0.25,0.165,0.093,0.63,0.188,0.63,0.743,0.164,0.129,0.111,0.128,0.365,0.191,0.339,0.159,0.459,0.152,0.661,0.108,0.724,0.408,0.315,0.32,0.261,0.628,0.534,0.548
0.18,0.18,0.126,0.126,0.013,0.22,0.226,0.291,0.219,0.192,0.291,0.288,0.234,0.013,0.288,0.291,0.234,0.013,0.079,0.234,0.137,0.218,0.137,0.278,0.234,0.226,0.278,0.291,0.356,0.192,0.356,0.218,0.568,0.58,0.387,0.58,0.038,0.387,0.568,0.038,0.755,0.58,0.034,0.428,0.58,0.038,0.092,0.034,0.525,0.034,0.497,0.783,0.108,0.374,0.037,0.374,0.393,0.026,0.026,0.026,0.506,0.037,0.393,0.037,0.108,0.506,0.696,0.56,0.696,0.284,0.284,0.284,0.924,0.021,0.647,0.665,0.188,0.648,0.202,0.188,0.68,0.021,0.015,0.838,0.512,0.015,0.202,0.674,0.778,0.43,0.021,0.573,0.662,0.779,0.288,0.015,0.11,0.288,0.288,0.684,0.328,0.083,0.665,0.328,0.328,0.625,0.803,0.089,0.089,0.093,0.315,0.113,0.644,0.116,0.874,0.44,0.461,0.074,0.64,0.113,0.804,0.639,0.47,0.593,0.903,0.094,0.53,0.487,0.094,0.286,0.632,0.045,0.638,0.314,0.613,0.033,0.474,0.107,0.58,0.033,0.039,0.416,0.599,0.249,0.039,0.5,0.039,0.033,0.666,0.316,0.318,0.498,0.737,0.548,0.488,0.673,0.643,0.477,0.514,0.277,0.594,0.635,0.592,0.583,0.692,0.537,0.554,0.427
0.704,0.704,0.591,0.591,0.499,0.321,0.333,0.374,0.308,0.177,0.374,0.463,0.272,0.499,0.463,0.374,0.272,0.499,0.596,0.272,0.299,0.242,0.299,0.23,0.272,0.333,0.23,0.374,0.301,0.177,0.301,0.242,0.27,0.259,0.345,0.259,0.319,0.345,0.27,0.319,0.636,0.259,0.331,0.765,0.259,0.319,0.539,0.331,0.648,0.331,0.161,0.557,0.357,0.187,0.207,0.187,0.179,0.183,0.183,0.183,0.145,0.207,0.179,0.207,0.357,0.145,0.189,0.96,0.189,0.648,0.648,0.648,0.344,0.442,0.641,0.376,0.042,0.872,0.021,0.042,0.607,0.442,0.675,0.445,0.985,0.675,0.021,0.399,0.607,0.934,0.442,0.648,0.368,0.456,0.165,0.675,0.578,0.165,0.165,0.399,0.109,0.165,0.927,0.109,0.109,0.753,0.267,0.385,0.385,0.394,0.474,0.978,0.457,0.991,0.326,0.921,0.77,0.25,0.46,0.978,0.253,0.46,0.788,0.654,0.445,0.501,0.822,0.74,0.501,0.83,0.625,0.749,0.587,0.324,0.85,0.043,0.74,0.495,0.552,0.043,0.033,0.852,0.742,0.331,0.033,0.878,0.033,0.043,0.736,0.28,0.292,0.325,0.674,0.835,0.552,0.773,0.655,0.246,0.761,0.249,0.759,0.611,0.529,0.606,0.54,0.635,0.638,0.587
0.784,0.784,0.734,0.734,0.266,0.572,0.622,0.738,0.441,0.573,0.738,0.67,0.669,0.266,0.67,0.738,0.669,0.266,0.766,0.669,0.687,0.66,0.687,0.662,0.669,0.622,0.662,0.738,0.74,0.573,0.74,0.66,0.236,0.613,0.717,0.613,0.747,0.717,0.236,0.747,0.556,0.613,0.795,0.054,0.613,0.747,0.911,0.795,0.156,0.795,0.474,0.558,0.082,0.397,0.705,0.397,0.417,0.851,0.851,0.851,0.425,0.705,0.417,0.705,0.082,0.425,0.616,0.363,0.616,0.173,0.173,0.173,0.34,0.172,0.103,0.865,0.677,0.444,0.591,0.677,0.752,0.172,0.135,0.713,0.319,0.135,0.591,0.86,0.797,0.563,0.172,0.101,0.848,0.71,0.637,0.135,0.78,0.637,0.637,0.824,0.658,0.59,0.518,0.658,0.658,0.203,0.802,0.69,0.69,0.719,0.219,0.455,0.697,0.501,0.659,0.669,0.365,0.636,0.67,0.455,0.764,0.656,0.384,0.421,0.634,0.677,0.336,0.852,0.677,0.685,0.436,0.106,0.409,0.201,0.128,0.705,0.821,0.714,0.617,0.705,0.606,0.694,0.727,0.394,0.606,0.163,0.606,0.705,0.768,0.532,0.408,0.504,0.43,0.215,0.563,0.839,0.526,0.493,0.565,0.411,0.527,0.516,0.57,0.571,0.566,0.08,0.063,0.113
0.422,0.422,0.377,0.377,0.597,0.199,0.428,0.507,0.197,0.239,0.507,0.549,0.416,0.597,0.549,0.507,0.416,0.597,0.843,0.416,0.17,0.315,0.17,0.366,0.416,0.428,0.366,0.507,0.495,0.239,0.495,0.315,0.074,0.173,0.198,0.173,0.211,0.198,0.074,0.211,0.728,0.173,0.262,0.381,0.173,0.211,0.817,0.262,0.514,0.262,0.136,0.63,0.311,0.178,0.482,0.178,0.188,0.419,0.419,0.419,0.101,0.482,0.188,0.482,0.311,0.101,0.162,0.708,0.162,0.872,0.872,0.872,0.489,0.193,0.561,0.474,0.144,0.784,0.207,0.144,0.349,0.193,0.402,0.53,0.663,0.402,0.207,0.464,0.255,0.838,0.193,0.491,0.524,0.575,0.518,0.402,0.761,0.518,0.518,0.518,0.611,0.327,0.816,0.611,0.611,0.853,0.369,0.252,0.252,0.235,0.243,0.898,0.254,0.877,0.45,0.825,0.871,0.358,0.244,0.898,0.416,0.239,0.883,0.173,0.361,0.193,0.832,0.398,0.193,0.416,0.134,0.645,0.151,0.22,0.716,0.306,0.452,0.183,0.345,0.306,0.305,0.747,0.393,0.186,0.305,0.773,0.305,0.306,0.473,0.818,0.207,0.82,0.163,0.742,0.157,0.506,0.171,0.817,0.192,0.217,0.183,0.141,0.139,0.131,0.13,0.111,0.124,0.183
0.856,0.856,0.868,0.868,0.055,0.805,0.789,0.737,0.819,0.981,0.737,0.772,0.707,0.055,0.772,0.737,0.707,0.055,0.05,0.707,0.861,0.969,0.861,0.762,0.707,0.789,0.762,0.737,0.79,0.981,0.79,0.969,0.785,0.74,0.839,0.74,0.435,0.839,0.785,0.435,0.677,0.74,0.362,0.416,0.74,0.435,0.033,0.362,0.771,0.362,0.62,0.688,0.012,0.959,0.356,0.959,0.953,0.216,0.216,0.216,0.923,0.356,0.953,0.356,0.012,0.923,0.75,0.794,0.75,0.006,0.006,0.006,0.713,0.062,0.417,0.357,0.037,0.814,0.08,0.037,0.485,0.062,0.022,0.563,0.8,0.022,0.08,0.426,0.589,0.852,0.062,0.437,0.392,0.445,0.017,0.022,0.076,0.017,0.017,0.472,0.028,0.116,0.806,0.028,0.028,0.777,0.386,0.068,0.068,0.072,0.44,0.115,0.131,0.118,0.484,0.855,0.611,0.066,0.132,0.115,0.389,0.124,0.606,0.107,0.623,0.098,0.777,0.748,0.098,0.351,0.094,0.024,0.099,0.424,0.886,0.189,0.819,0.099,0.62,0.189,0.252,0.71,0.615,0.559,0.252,0.783,0.252,0.189,0.651,0.535,0.554,0.444,0.646,0.797,0.595,0.659,0.927,0.453,0.958,0.559,0.96,0.671,0.581,0.632,0.589,0.886,0.898,0.95
0.594,0.594,0.526,0.526,0.713,0.854,0.668,0.519,0.855,0.618,0.519,0.628,0.536,0.713,0.628,0.519,0.536,0.713,0.87,0.536,0.389,0.589,0.389,0.549,0.536,0.668,0.549,0.519,0.532,0.618,0.532,0.589,0.512,0.434,0.497,0.434,0.77,0.497,0.512,0.77,0.77,0.434,0.832,0.604,0.434,0.77,0.898,0.832,0.546,0.832,0.76,0.612,0.696,0.764,0.701,0.764,0.706,0.75,0.75,0.75,0.531,0.701,0.706,0.701,0.696,0.531,0.414,0.581,0.414,0.791,0.791,0.791,0.618,0.797,0.594,0.862,0.915,0.265,0.87,0.915,0.618,0.797,0.583,0.5,0.553,0.583,0.87,0.845,0.669,0.291,0.797,0.596,0.869,0.478,0.677,0.583,0.372,0.677,0.677,0.848,0.669,0.754,0.219,0.669,0.669,0.229,0.641,0.992,0.992,0.988,0.715,0.67,0.432,0.833,0.382,0.26,0.625,0.771,0.431,0.67,0.689,0.437,0.624,0.655,0.504,0.976,0.275,0.236,0.976,0.647,0.55,0.632,0.549,0.755,0.5,0.71,0.191,0.988,0.201,0.71,0.717,0.85,0.403,0.152,0.717,0.542,0.717,0.71,0.385,0.587,0.139,0.557,0.394,0.552,0.434,0.326,0.549,0.568,0.643,0.135,0.636,0.406,0.427,0.457,0.464,0.733,0.828,0.651
0.204,0.204,0.152,0.152,0.007,0.276,0.351,0.534,0.279,0.862,0.534,0.429,0.417,0.007,0.429,0.534,0.417,0.007,0.159,0.417,0.25,0.872,0.25,0.423,0.417,0.351,0.423,0.534,0.548,0.862,0.548,0.872,0.875,0.479,0.417,0.479,0.003,0.417,0.875,0.003,0.73,0.479,0.003,0.451,0.479,0.003,0.2,0.003,0.523,0.003,0.494,0.816,0.002,0.833,0.005,0.833,0.819,0.005,0.005,0.005,0.757,0.005,0.819,0.005,0.002,0.757,0.498,0.64,0.498,0.135,0.135,0.135,0.929,0.005,0.537,0.579,0.003,0.66,0.003,0.003,0.768,0.005,0.002,0.687,0.605,0.002,0.003,0.579,0.677,0.753,0.005,0.514,0.593,0.683,0.145,0.002,0.073,0.145,0.145,0.6,0.135,0.01,0.66,0.135,0.135,0.717,0.532,0.021,0.021,0.027,0.291,0.075,0.686,0.075,0.595,0.81,0.344,0.009,0.774,0.075,0.537,0.776,0.348,0.336,0.638,0.03,0.8,0.385,0.03,0.261,0.486,0.011,0.472,0.257,0.559,0.002,0.367,0.036,0.33,0.002,0.002,0.153,0.33,0.145,0.002,0.581,0.002,0.002,0.324,0.041,0.222,0.035,0.527,0.635,0.519,0.305,0.554,0.039,0.668,0.164,0.69,0.464,0.482,0.534,0.504,0.592,0.651,0.438
0.971,0.971,0.94,0.94,0.433,0.249,0.796,0.792,0.262,0.933,0.792,0.78,0.813,0.433,0.78,0.792,0.813,0.433,0.561,0.813,0.839,0.927,0.839,0.875,0.813,0.796,0.875,0.792,0.901,0.933,0.901,0.927,0.86,0.687,0.733,0.687,0.713,0.733,0.86,0.713,0.545,0.687,0.673,0.599,0.687,0.713,0.65,0.673,0.833,0.673,0.515,0.665,0.383,0.988,0.626,0.988,0.988,0.562,0.562,0.562,0.91,0.626,0.988,0.626,0.383,0.91,0.804,0.638,0.804,0.25,0.25,0.25,0.904,0.345,0.703,0.543,0.599,0.674,0.714,0.599,0.56,0.345,0.524,0.643,0.682,0.524,0.714,0.615,0.672,0.11,0.345,0.663,0.536,0.592,0.524,0.524,0.449,0.524,0.524,0.618,0.656,0.816,0.672,0.656,0.656,0.593,0.648,0.863,0.863,0.852,0.758,0.789,0.704,0.678,0.688,0.113,0.371,0.692,0.704,0.789,0.641,0.72,0.358,0.211,0.711,0.857,0.15,0.466,0.857,0.593,0.153,0.567,0.182,0.732,0.19,0.663,0.522,0.822,0.767,0.663,0.837,0.451,0.65,0.629,0.837,0.143,0.837,0.663,0.545,0.717,0.654,0.722,0.402,0.142,0.338,0.369,0.605,0.736,0.646,0.677,0.618,0.357,0.366,0.274,0.396,0.515,0.444,0.552
0.312,0.312,0.318,0.318,0.981,0.273,0.27,0.896,0.287,0.744,0.896,0.301,0.86,0.981,0.301,0.896,0.86,0.981,0.584,0.86,0.388,0.787,0.388,0.838,0.86,0.27,0.838,0.896,0.88,0.744,0.88,0.787,0.307,0.57,0.192,0.57,0.963,0.192,0.307,0.963,0.304,0.57,0.949,0.112,0.57,0.963,0.609,0.949,0.227,0.949,0.166,0.203,0.908,0.498,0.991,0.498,0.515,0.979,0.979,0.979,0.464,0.991,0.515,0.991,0.908,0.464,0.628,0.063,0.628,0.844,0.844,0.844,0.26,0.966,0.124,0.154,0.952,0.103,0.948,0.952,0.228,0.966,0.93,0.173,0.074,0.93,0.948,0.15,0.206,0.096,0.966,0.121,0.15,0.171,0.955,0.93,0.748,0.955,0.955,0.149,0.911,0.976,0.133,0.911,0.911,0.165,0.117,0.99,0.99,0.931,0.633,0.999,0.028,0.949,0.129,0.127,0.088,0.979,0.02,0.999,0.119,0.024,0.088,0.029,0.133,0.995,0.146,0.275,0.995,0.839,0.024,0.939,0.024,0.702,0.16,0.78,0.405,0.92,0.413,0.78,0.797,0.075,0.739,0.239,0.797,0.088,0.797,0.78,0.756,0.399,0.35,0.502,0.1,0.11,0.074,0.83,0.468,0.521,0.186,0.239,0.155,0.112,0.071,0.077,0.07,0.057,0.067,0.458
0.321,0.321,0.317,0.317,0.673,0.294,0.279,0.203,0.289,0.974,0.203,0.312,0.213,0.673,0.312,0.203,0.213,0.673,0.738,0.213,0.337,0.971,0.337,0.287,0.213,0.279,0.287,0.203,0.293,0.974,0.293,0.971,0.954,0.32,0.421,0.32,0.642,0.421,0.954,0.642,0.288,0.32,0.678,0.713,0.32,0.642,0.757,0.678,0.237,0.678,0.288,0.263,0.093,0.95,0.638,0.95,0.929,0.656,0.656,0.656,0.881,0.638,0.929,0.638,0.093,0.881,0.344,0.16,0.344,0.033,0.033,0.033,0.316,0.833,0.588,0.288,0.156,0.161,0.163,0.156,0.498,0.833,0.189,0.351,0.198,0.189,0.163,0.248,0.444,0.111,0.833,0.614,0.278,0.409,0.117,0.189,0.829,0.117,0.117,0.233,0.095,0.188,0.157,0.095,0.095,0.106,0.348,0.107,0.107,0.118,0.02,0.015,0.176,0.023,0.357,0.119,0.041,0.255,0.114,0.015,0.338,0.117,0.039,0.122,0.406,0.063,0.077,0.872,0.063,0.023,0.133,0.158,0.128,0.021,0.093,0.388,0.85,0.08,0.831,0.388,0.464,0.034,0.086,0.78,0.464,0.126,0.464,0.388,0.097,0.956,0.88,0.969,0.929,0.133,0.956,0.093,0.9,0.967,0.851,0.866,0.801,0.948,0.952,0.942,0.924,0.92,0.913,0.972
0.287,0.287,0.21,0.21,0.404,0.012,0.233,0.301,0.012,0.204,0.301,0.328,0.266,0.404,0.328,0.301,0.266,0.404,0.321,0.266,0.246,0.235,0.246,0.238,0.266,0.233,0.238,0.301,0.284,0.204,0.284,0.235,0.099,0.179,0.318,0.179,0.181,0.318,0.099,0.181,0.067,0.179,0.151,0.877,0.179,0.181,0.281,0.151,0.813,0.151,0.012,0.042,0.675,0.143,0.191,0.143,0.151,0.173,0.173,0.173,0.143,0.191,0.151,0.191,0.675,0.143,0.175,0.702,0.175,0.375,0.375,0.375,0.045,0.525,0.971,0.037,0.478,0.578,0.491,0.478,0.049,0.525,0.458,0.038,0.796,0.458,0.491,0.037,0.039,0.414,0.525,0.972,0.038,0.039,0.561,0.458,0.55,0.561,0.561,0.034,0.579,0.405,0.622,0.579,0.579,0.731,0.037,0.5,0.5,0.514,0.196,0.307,0.042,0.296,0.009,0.436,0.226,0.384,0.041,0.307,0.045,0.046,0.174,0.039,0.009,0.214,0.497,0.107,0.214,0.319,0.044,0.39,0.043,0.208,0.349,0.254,0.08,0.269,0.18,0.254,0.258,0.305,0.17,0.903,0.258,0.3,0.258,0.254,0.165,0.724,0.926,0.815,0.367,0.343,0.387,0.163,0.083,0.785,0.126,0.87,0.11,0.343,0.313,0.295,0.264,0.328,0.316,0.121
0.742,0.742,0.706,0.706,0.107,0.602,0.435,0.373,0.598,0.329,0.373,0.475,0.314,0.107,0.475,0.373,0.314,0.107,0.14,0.314,0.551,0.398,0.551,0.434,0.314,0.435,0.434,0.373,0.499,0.329,0.499,0.398,0.238,0.262,0.367,0.262,0.13,0.367,0.238,0.13,0.714,0.262,0.139,0.534,0.262,0.13,0.122,0.139,0.848,0.139,0.526,0.646,0.192,0.288,0.174,0.288,0.291,0.197,0.197,0.197,0.321,0.174,0.291,0.174,0.192,0.321,0.399,0.836,0.399,0.737,0.737,0.737,0.858,0.121,0.657,0.597,0.229,0.804,0.245,0.229,0.677,0.121,0.128,0.696,0.693,0.128,0.245,0.637,0.71,0.817,0.121,0.602,0.646,0.65,0.675,0.128,0.416,0.675,0.675,0.692,0.774,0.018,0.679,0.774,0.774,0.629,0.674,0.27,0.27,0.291,0.39,0.266,0.502,0.272,0.72,0.821,0.889,0.019,0.508,0.266,0.707,0.516,0.891,0.641,0.785,0.269,0.63,0.384,0.269,0.37,0.697,0.032,0.703,0.439,0.641,0.157,0.418,0.287,0.4,0.157,0.159,0.748,0.59,0.32,0.159,0.828,0.159,0.157,0.583,0.9,0.453,0.852,0.756,0.828,0.606,0.611,0.777,0.846,0.697,0.368,0.707,0.685,0.646,0.626,0.674,0.585,0.613,0.623
0.107,0.107,0.118,0.118,0.75,0.216,0.073,0.124,0.208,0.132,0.124,0.052,0.12,0.75,0.052,0.124,0.12,0.75,0.814,0.12,0.207,0.158,0.207,0.148,0.12,0.073,0.148,0.124,0.175,0.132,0.175,0.158,0.469,0.22,0.129,0.22,0.507,0.129,0.469,0.507,0.685,0.22,0.387,0.548,0.22,0.507,0.849,0.387,0.258,0.387,0.225,0.729,0.508,0.542,0.602,0.542,0.543,0.449,0.449,0.449,0.155,0.602,0.543,0.602,0.508,0.155,0.271,0.402,0.271,0.647,0.647,0.647,0.532,0.688,0.707,0.617,0.355,0.413,0.36,0.355,0.786,0.688,0.641,0.833,0.311,0.641,0.36,0.665,0.886,0.41,0.688,0.699,0.596,0.767,0.448,0.641,0.686,0.448,0.448,0.631,0.421,0.396,0.322,0.421,0.421,0.23,0.772,0.876,0.876,0.9,0.499,0.918,0.558,0.922,0.894,0.315,0.174,0.326,0.539,0.918,0.742,0.547,0.216,0.601,0.85,0.93,0.252,0.925,0.93,0.652,0.496,0.728,0.5,0.512,0.242,0.271,0.95,0.873,0.885,0.271,0.362,0.129,0.558,0.794,0.362,0.403,0.362,0.271,0.546,0.869,0.762,0.858,0.972,0.324,0.909,0.522,0.824,0.855,0.715,0.795,0.606,0.97,0.906,0.936,0.932,0.41,0.431,0.327
0.71,0.71,0.731,0.731,0.942,0.293,0.329,0.159,0.312,0.59,0.159,0.236,0.224,0.942,0.236,0.159,0.224,0.942,0.603,0.224,0.586,0.549,0.586,0.251,0.224,0.329,0.251,0.159,0.226,0.59,0.226,0.549,0.412,0.156,0.217,0.156,0.636,0.217,0.412,0.636,0.499,0.156,0.587,0.956,0.156,0.636,0.498,0.587,0.933,0.587,0.404,0.504,0.937,0.311,0.96,0.311,0.306,0.936,0.936,0.936,0.57,0.96,0.306,0.96,0.937,0.57,0.19,0.899,0.19,0.926,0.926,0.926,0.448,0.866,0.973,0.463,0.996,0.405,0.992,0.996,0.454,0.866,1.0,0.57,0.905,1.0,0.992,0.449,0.47,0.627,0.866,0.976,0.446,0.566,0.962,1.0,0.997,0.962,0.962,0.435,0.963,0.987,0.411,0.963,0.963,0.466,0.384,0.793,0.793,0.679,0.678,1.0,0.876,0.989,0.447,0.63,0.83,0.99,0.864,1.0,0.392,0.855,0.792,0.908,0.458,0.837,0.554,0.332,0.837,0.926,0.856,0.959,0.857,0.605,0.401,0.998,0.331,0.613,0.379,0.998,0.998,0.86,0.711,0.411,0.998,0.611,0.998,0.998,0.721,0.754,0.377,0.736,0.448,0.633,0.459,0.732,0.721,0.71,0.692,0.335,0.684,0.525,0.405,0.486,0.418,0.766,0.762,0.757
0.314,0.314,0.291,0.291,0.541,0.557,0.439,0.35,0.648,0.35,0.35,0.478,0.274,0.541,0.478,0.35,0.274,0.541,0.28,0.274,0.278,0.335,0.278,0.391,0.274,0.439,0.391,0.35,0.417,0.35,0.417,0.335,0.891,0.298,0.47,0.298,0.389,0.47,0.891,0.389,0.031,0.298,0.445,0.648,0.298,0.389,0.262,0.445,0.646,0.445,0.786,0.034,0.77,0.895,0.297,0.895,0.898,0.336,0.336,0.336,0.402,0.297,0.898,0.297,0.77,0.402,0.389,0.669,0.389,0.49,0.49,0.49,0.035,0.502,0.675,0.045,0.851,0.853,0.826,0.851,0.025,0.502,0.61,0.03,0.683,0.61,0.826,0.065,0.024,0.89,0.502,0.678,0.046,0.029,0.549,0.61,0.471,0.549,0.549,0.07,0.63,0.577,0.896,0.63,0.63,0.907,0.062,0.773,0.773,0.921,0.721,0.695,0.868,0.584,0.022,0.927,0.528,0.591,0.899,0.695,0.07,0.899,0.588,0.921,0.049,0.731,0.934,0.121,0.731,0.475,0.92,0.594,0.907,0.813,0.954,0.594,0.106,0.876,0.086,0.594,0.558,0.557,0.793,0.136,0.558,0.914,0.558,0.594,0.826,0.058,0.041,0.037,0.393,0.902,0.287,0.783,0.19,0.038,0.189,0.039,0.187,0.381,0.263,0.24,0.22,0.314,0.311,0.474
0.524,0.524,0.444,0.444,0.149,0.703,0.495,0.884,0.694,0.723,0.884,0.566,0.881,0.149,0.566,0.884,0.881,0.149,0.102,0.881,0.19,0.751,0.19,0.852,0.881,0.495,0.852,0.884,0.868,0.723,0.868,0.751,0.3,0.629,0.329,0.629,0.258,0.329,0.3,0.258,0.631,0.629,0.158,0.888,0.629,0.258,0.091,0.158,0.884,0.158,0.562,0.566,0.666,0.571,0.184,0.571,0.613,0.105,0.105,0.105,0.493,0.184,0.613,0.184,0.666,0.493,0.597,0.937,0.597,0.87,0.87,0.87,0.482,0.148,0.972,0.402,0.656,0.862,0.569,0.656,0.453,0.148,0.585,0.534,0.964,0.585,0.569,0.412,0.439,0.939,0.148,0.979,0.386,0.537,0.268,0.585,0.079,0.268,0.268,0.4,0.218,0.607,0.897,0.218,0.218,0.924,0.465,0.172,0.172,0.177,0.156,0.504,0.319,0.621,0.607,0.955,0.894,0.64,0.279,0.504,0.455,0.285,0.906,0.226,0.596,0.195,0.942,0.603,0.195,0.327,0.245,0.707,0.244,0.153,0.83,0.612,0.569,0.209,0.534,0.612,0.53,0.721,0.627,0.455,0.53,0.772,0.53,0.612,0.605,0.495,0.464,0.592,0.138,0.811,0.165,0.587,0.409,0.622,0.361,0.456,0.401,0.137,0.158,0.149,0.2,0.576,0.567,0.067
0.054,0.054,0.045,0.045,0.582,0.866,0.057,0.063,0.869,0.248,0.063,0.048,0.063,0.582,0.048,0.063,0.063,0.582,0.687,0.063,0.106,0.282,0.106,0.128,0.063,0.057,0.128,0.063,0.142,0.248,0.142,0.282,0.247,0.157,0.119,0.157,0.542,0.119,0.247,0.542,0.293,0.157,0.563,0.468,0.157,0.542,0.641,0.563,0.575,0.563,0.824,0.445,0.532,0.224,0.433,0.224,0.225,0.37,0.37,0.37,0.31,0.433,0.225,0.433,0.532,0.31,0.253,0.32,0.253,0.501,0.501,0.501,0.523,0.497,0.281,0.598,0.623,0.635,0.66,0.623,0.178,0.497,0.764,0.329,0.328,0.764,0.66,0.588,0.217,0.666,0.497,0.291,0.572,0.33,0.635,0.764,0.62,0.635,0.635,0.556,0.649,0.561,0.641,0.649,0.649,0.615,0.487,0.55,0.55,0.398,0.668,0.449,0.277,0.419,0.218,0.634,0.327,0.579,0.268,0.449,0.463,0.262,0.332,0.303,0.283,0.723,0.61,0.688,0.723,0.336,0.264,0.667,0.273,0.869,0.617,0.706,0.678,0.55,0.682,0.706,0.74,0.274,0.25,0.524,0.74,0.642,0.74,0.706,0.242,0.436,0.483,0.412,0.42,0.613,0.458,0.28,0.874,0.39,0.248,0.425,0.35,0.416,0.444,0.418,0.416,0.627,0.532,0.854
0.936,0.936,0.899,0.899,0.994,0.381,0.565,0.37,0.364,0.391,0.37,0.601,0.323,0.994,0.601,0.37,0.323,0.994,0.315,0.323,0.778,0.481,0.778,0.338,0.323,0.565,0.338,0.37,0.386,0.391,0.386,0.481,0.389,0.282,0.49,0.282,0.629,0.49,0.389,0.629,0.749,0.282,0.571,0.297,0.282,0.629,0.33,0.571,0.204,0.571,0.348,0.671,0.995,0.558,0.698,0.558,0.526,0.476,0.476,0.476,0.365,0.698,0.526,0.698,0.995,0.365,0.305,0.25,0.305,0.924,0.924,0.924,0.694,0.957,0.279,0.664,0.338,0.387,0.433,0.338,0.33,0.957,0.998,0.33,0.274,0.998,0.433,0.724,0.32,0.384,0.957,0.282,0.649,0.327,0.254,0.998,0.354,0.254,0.254,0.659,0.269,0.406,0.364,0.269,0.269,0.366,0.686,0.685,0.685,0.454,0.671,0.966,0.379,0.94,0.263,0.324,0.436,0.37,0.335,0.966,0.63,0.326,0.46,0.664,0.224,0.768,0.367,0.114,0.768,0.846,0.591,0.993,0.591,0.827,0.327,0.394,0.095,0.577,0.143,0.394,0.454,0.293,0.235,0.064,0.454,0.423,0.454,0.394,0.222,0.465,0.043,0.474,0.249,0.421,0.243,0.253,0.297,0.504,0.324,0.041,0.314,0.22,0.189,0.244,0.161,0.245,0.249,0.257
0.007,0.007,0.004,0.004,0.376,0.255,0.005,0.06,0.244,0.03,0.06,0.006,0.058,0.376,0.006,0.06,0.058,0.376,0.355,0.058,0.003,0.04,0.003,0.06,0.058,0.005,0.06,0.06,0.069,0.03,0.069,0.04,0.054,0.073,0.004,0.073,0.425,0.004,0.054,0.425,0.257,0.073,0.582,0.952,0.073,0.425,0.606,0.582,0.911,0.582,0.386,0.168,0.443,0.06,0.581,0.06,0.06,0.754,0.754,0.754,0.051,0.581,0.06,0.581,0.443,0.051,0.078,0.886,0.078,0.488,0.488,0.488,0.307,0.285,0.706,0.1,0.781,0.969,0.746,0.781,0.237,0.285,0.3,0.184,0.889,0.3,0.746,0.107,0.26,0.988,0.285,0.738,0.104,0.183,0.676,0.3,0.539,0.676,0.676,0.108,0.64,0.293,0.98,0.64,0.64,0.963,0.143,0.415,0.415,0.372,0.348,0.225,0.542,0.325,0.223,0.997,0.992,0.332,0.555,0.225,0.147,0.531,0.992,0.594,0.292,0.403,0.999,0.881,0.403,0.326,0.602,0.285,0.63,0.353,0.996,0.5,0.823,0.376,0.855,0.5,0.422,0.98,0.473,0.848,0.422,0.992,0.422,0.5,0.464,0.466,0.807,0.468,0.3,0.999,0.172,0.58,0.873,0.478,0.262,0.8,0.34,0.28,0.166,0.208,0.201,0.694,0.695,0.658
0.522,0.522,0.556,0.556,0.102,0.159,0.475,0.522,0.173,0.334,0.522,0.462,0.475,0.102,0.462,0.522,0.475,0.102,0.594,0.475,0.937,0.354,0.937,0.498,0.475,0.475,0.498,0.522,0.562,0.334,0.562,0.354,0.457,0.815,0.888,0.815,0.255,0.888,0.457,0.255,0.866,0.815,0.314,0.937,0.815,0.255,0.697,0.314,0.914,0.314,0.379,0.841,0.111,0.161,0.3,0.161,0.15,0.377,0.377,0.377,0.725,0.3,0.15,0.3,0.111,0.725,0.842,0.733,0.842,0.044,0.044,0.044,0.877,0.081,0.89,0.835,0.045,0.817,0.044,0.045,0.801,0.081,0.073,0.879,0.768,0.073,0.044,0.849,0.819,0.964,0.081,0.875,0.809,0.871,0.067,0.073,0.304,0.067,0.067,0.817,0.073,0.204,0.891,0.073,0.073,0.858,0.966,0.364,0.364,0.32,0.365,0.469,0.901,0.406,0.955,0.988,0.581,0.152,0.895,0.469,0.944,0.902,0.559,0.938,0.924,0.406,0.943,0.401,0.406,0.281,0.941,0.129,0.942,0.403,0.776,0.174,0.378,0.362,0.294,0.174,0.21,0.657,0.663,0.288,0.21,0.842,0.21,0.174,0.648,0.328,0.27,0.313,0.11,0.906,0.161,0.608,0.181,0.374,0.243,0.278,0.229,0.139,0.128,0.162,0.125,0.226,0.236,0.142
0.931,0.931,0.911,0.911,0.04,0.299,0.847,0.919,0.291,0.815,0.919,0.835,0.956,0.04,0.835,0.919,0.956,0.04,0.084,0.956,0.84,0.812,0.84,0.969,0.956,0.847,0.969,0.919,0.97,0.815,0.97,0.812,0.473,0.893,0.791,0.893,0.05,0.791,0.473,0.05,0.74,0.893,0.052,0.943,0.893,0.05,0.083,0.052,0.929,0.052,0.2,0.737,0.017,0.623,0.046,0.623,0.635,0.045,0.045,0.045,0.715,0.046,0.635,0.046,0.017,0.715,0.897,0.892,0.897,0.023,0.023,0.023,0.48,0.037,0.983,0.662,0.023,0.9,0.023,0.023,0.885,0.037,0.024,0.799,0.928,0.024,0.023,0.677,0.876,0.897,0.037,0.968,0.705,0.808,0.045,0.024,0.074,0.045,0.045,0.672,0.048,0.03,0.91,0.048,0.048,0.881,0.539,0.125,0.125,0.106,0.157,0.12,0.467,0.09,0.716,0.914,0.891,0.033,0.697,0.12,0.601,0.662,0.892,0.693,0.79,0.135,0.831,0.08,0.135,0.076,0.809,0.025,0.839,0.189,0.899,0.032,0.071,0.114,0.145,0.032,0.035,0.881,0.589,0.016,0.035,0.918,0.035,0.032,0.579,0.026,0.008,0.017,0.309,0.918,0.258,0.472,0.16,0.017,0.141,0.009,0.132,0.395,0.187,0.243,0.17,0.262,0.258,0.289
0.485,0.485,0.396,0.396,0.415,0.307,0.491,0.513,0.27,0.36,0.513,0.596,0.446,0.415,0.596,0.513,0.446,0.415,0.092,0.446,0.385,0.437,0.385,0.331,0.446,0.491,0.331,0.513,0.467,0.36,0.467,0.437,0.165,0.355,0.465,0.355,0.039,0.465,0.165,0.039,0.045,0.355,0.043,0.086,0.355,0.039,0.164,0.043,0.028,0.043,0.211,0.073,0.234,0.243,0.025,0.243,0.255,0.031,0.031,0.031,0.268,0.025,0.255,0.025,0.234,0.268,0.324,0.036,0.324,0.28,0.28,0.28,0.063,0.31,0.098,0.049,0.146,0.032,0.282,0.146,0.06,0.31,0.299,0.05,0.037,0.299,0.282,0.047,0.072,0.037,0.31,0.088,0.047,0.056,0.252,0.299,0.14,0.252,0.252,0.045,0.254,0.438,0.032,0.254,0.254,0.017,0.03,0.213,0.213,0.242,0.232,0.34,0.009,0.401,0.035,0.035,0.017,0.268,0.009,0.34,0.032,0.009,0.014,0.011,0.038,0.248,0.021,0.596,0.248,0.229,0.012,0.553,0.012,0.383,0.02,0.078,0.503,0.39,0.418,0.078,0.092,0.011,0.52,0.348,0.092,0.018,0.092,0.078,0.484,0.376,0.312,0.39,0.653,0.017,0.877,0.437,0.765,0.384,0.914,0.362,0.9,0.774,0.791,0.796,0.722,0.709,0.756,0.616
0.795,0.795,0.812,0.812,0.145,0.45,0.815,0.596,0.462,0.904,0.596,0.788,0.628,0.145,0.788,0.596,0.628,0.145,0.223,0.628,0.412,0.662,0.412,0.544,0.628,0.815,0.544,0.596,0.636,0.904,0.636,0.662,0.472,0.539,0.535,0.539,0.675,0.535,0.472,0.675,0.905,0.539,0.676,0.411,0.539,0.675,0.292,0.676,0.651,0.676,0.25,0.865,0.522,0.497,0.693,0.497,0.481,0.719,0.719,0.719,0.596,0.693,0.481,0.693,0.522,0.596,0.477,0.52,0.477,0.622,0.622,0.622,0.535,0.138,0.493,0.877,0.404,0.607,0.415,0.404,0.852,0.138,0.476,0.786,0.566,0.476,0.415,0.832,0.843,0.153,0.138,0.483,0.893,0.828,0.725,0.476,0.156,0.725,0.725,0.849,0.743,0.885,0.625,0.743,0.743,0.714,0.834,0.691,0.691,0.711,0.958,0.247,0.915,0.24,0.797,0.182,0.512,0.898,0.952,0.247,0.799,0.95,0.512,0.949,0.688,0.714,0.195,0.827,0.714,0.706,0.986,0.774,0.984,0.944,0.213,0.762,0.789,0.721,0.738,0.762,0.762,0.417,0.534,0.656,0.762,0.271,0.762,0.762,0.522,0.422,0.823,0.494,0.64,0.277,0.618,0.566,0.499,0.486,0.481,0.834,0.475,0.68,0.616,0.587,0.572,0.298,0.318,0.317
0.86,0.86,0.881,0.881,0.138,0.778,0.838,0.98,0.767,0.853,0.98,0.884,0.988,0.138,0.884,0.98,0.988,0.138,0.248,0.988,0.643,0.935,0.643,0.953,0.988,0.838,0.953,0.98,0.973,0.853,0.973,0.935,0.493,0.88,0.683,0.88,0.525,0.683,0.493,0.525,0.247,0.88,0.224,0.165,0.88,0.525,0.088,0.224,0.153,0.224,0.653,0.212,0.447,0.705,0.228,0.705,0.668,0.072,0.072,0.072,0.838,0.228,0.668,0.228,0.447,0.838,0.868,0.05,0.868,0.366,0.366,0.366,0.19,0.111,0.038,0.275,0.192,0.044,0.129,0.192,0.315,0.111,0.696,0.316,0.056,0.696,0.129,0.254,0.305,0.029,0.111,0.037,0.273,0.335,0.487,0.696,0.188,0.487,0.487,0.26,0.451,0.523,0.047,0.451,0.451,0.08,0.247,0.348,0.348,0.265,0.446,0.232,0.035,0.18,0.295,0.029,0.005,0.599,0.04,0.232,0.245,0.033,0.005,0.05,0.234,0.525,0.032,0.224,0.525,0.782,0.05,0.438,0.045,0.577,0.018,0.217,0.23,0.395,0.356,0.217,0.17,0.005,0.913,0.247,0.17,0.016,0.17,0.217,0.913,0.121,0.163,0.094,0.315,0.014,0.353,0.884,0.267,0.101,0.362,0.141,0.356,0.263,0.351,0.333,0.314,0.562,0.557,0.455
0.173,0.173,0.157,0.157,0.661,0.621,0.264,0.17,0.715,0.178,0.17,0.278,0.168,0.661,0.278,0.17,0.168,0.661,0.715,0.168,0.114,0.22,0.114,0.175,0.168,0.264,0.175,0.17,0.231,0.178,0.231,0.22,0.118,0.101,0.226,0.101,0.62,0.226,0.118,0.62,0.389,0.101,0.617,0.571,0.101,0.62,0.674,0.617,0.1,0.617,0.579,0.389,0.744,0.203,0.517,0.203,0.213,0.521,0.521,0.521,0.153,0.517,0.213,0.517,0.744,0.153,0.158,0.222,0.158,0.762,0.762,0.762,0.353,0.703,0.564,0.485,0.74,0.287,0.752,0.74,0.302,0.703,0.836,0.609,0.167,0.836,0.752,0.44,0.337,0.307,0.703,0.563,0.453,0.571,0.621,0.836,0.75,0.621,0.621,0.419,0.675,0.646,0.214,0.675,0.675,0.218,0.434,0.875,0.875,0.883,0.305,0.793,0.237,0.865,0.605,0.277,0.325,0.621,0.226,0.793,0.385,0.222,0.378,0.197,0.416,0.886,0.28,0.024,0.886,0.439,0.214,0.655,0.218,0.365,0.468,0.835,0.035,0.882,0.04,0.835,0.826,0.439,0.422,0.957,0.826,0.626,0.826,0.835,0.42,0.892,0.913,0.899,0.178,0.6,0.061,0.444,0.063,0.893,0.068,0.925,0.08,0.14,0.097,0.098,0.121,0.06,0.055,0.181
0.07,0.07,0.066,0.066,0.61,0.612,0.08,0.059,0.629,0.045,0.059,0.082,0.066,0.61,0.082,0.059,0.066,0.61,0.141,0.066,0.195,0.029,0.195,0.059,0.066,0.08,0.059,0.059,0.059,0.045,0.059,0.029,0.038,0.159,0.207,0.159,0.649,0.207,0.038,0.649,0.013,0.159,0.664,0.038,0.159,0.649,0.185,0.664,0.061,0.664,0.751,0.008,0.679,0.015,0.659,0.015,0.013,0.648,0.648,0.648,0.1,0.659,0.013,0.659,0.679,0.1,0.152,0.053,0.152,0.656,0.656,0.656,0.016,0.602,0.048,0.012,0.884,0.086,0.937,0.884,0.009,0.602,0.498,0.026,0.052,0.498,0.937,0.011,0.007,0.127,0.602,0.048,0.013,0.027,0.66,0.498,0.252,0.66,0.66,0.01,0.637,0.863,0.073,0.637,0.637,0.092,0.025,0.019,0.019,0.011,0.029,0.022,0.158,0.028,0.056,0.106,0.103,0.839,0.158,0.022,0.023,0.159,0.112,0.138,0.029,0.011,0.091,0.641,0.011,0.03,0.131,0.524,0.129,0.02,0.017,0.721,0.782,0.005,0.708,0.721,0.75,0.06,0.122,0.814,0.75,0.027,0.75,0.721,0.15,0.87,0.785,0.814,0.622,0.025,0.493,0.308,0.623,0.767,0.791,0.743,0.756,0.596,0.447,0.598,0.532,0.718,0.785,0.69
0.463,0.463,0.436,0.436,0.193,0.99,0.386,0.427,0.973,0.233,0.427,0.385,0.395,0.193,0.385,0.427,0.395,0.193,0.569,0.395,0.319,0.256,0.319,0.382,0.395,0.386,0.382,0.427,0.422,0.233,0.422,0.256,0.173,0.419,0.411,0.419,0.337,0.411,0.173,0.337,0.875,0.419,0.329,0.35,0.419,0.337,0.728,0.329,0.468,0.329,0.981,0.789,0.785,0.186,0.235,0.186,0.187,0.283,0.283,0.283,0.262,0.235,0.187,0.235,0.785,0.262,0.403,0.462,0.403,0.716,0.716,0.716,0.589,0.37,0.393,0.643,0.743,0.57,0.716,0.743,0.623,0.37,0.717,0.819,0.53,0.717,0.716,0.642,0.699,0.547,0.37,0.395,0.781,0.746,0.792,0.717,0.466,0.792,0.792,0.786,0.818,0.62,0.569,0.818,0.818,0.467,0.656,0.268,0.268,0.147,0.085,0.233,0.349,0.107,0.764,0.553,0.578,0.661,0.349,0.233,0.691,0.361,0.609,0.65,0.685,0.176,0.39,0.983,0.176,0.16,0.744,0.839,0.738,0.109,0.495,0.477,0.884,0.058,0.919,0.477,0.505,0.503,0.597,0.79,0.505,0.652,0.505,0.477,0.58,0.732,0.701,0.723,0.989,0.657,0.982,0.562,0.511,0.601,0.642,0.859,0.688,0.991,0.974,0.957,0.922,0.771,0.786,0.302
0.823,0.823,0.816,0.816,0.809,0.786,0.77,0.757,0.765,0.959,0.757,0.807,0.745,0.809,0.807,0.757,0.745,0.809,0.833,0.745,0.965,0.938,0.965,0.745,0.745,0.77,0.745,0.757,0.755,0.959,0.755,0.938,0.842,0.862,0.837,0.862,0.571,0.837,0.842,0.571,0.889,0.862,0.541,0.327,0.862,0.571,0.741,0.541,0.172,0.541,0.834,0.898,0.764,0.922,0.483,0.922,0.917,0.456,0.456,0.456,0.946,0.483,0.917,0.483,0.764,0.946,0.791,0.177,0.791,0.545,0.545,0.545,0.859,0.802,0.286,0.828,0.746,0.448,0.743,0.746,0.884,0.802,0.722,0.85,0.177,0.722,0.743,0.825,0.884,0.587,0.802,0.308,0.858,0.87,0.521,0.722,0.764,0.521,0.521,0.855,0.54,0.533,0.392,0.54,0.54,0.473,0.797,0.83,0.83,0.806,0.435,0.849,0.412,0.796,0.808,0.552,0.672,0.529,0.438,0.849,0.76,0.419,0.688,0.436,0.916,0.823,0.518,0.066,0.823,0.612,0.463,0.795,0.483,0.445,0.541,0.445,0.055,0.796,0.008,0.445,0.459,0.604,0.458,0.102,0.459,0.632,0.459,0.445,0.475,0.086,0.172,0.064,0.051,0.64,0.098,0.63,0.149,0.065,0.135,0.126,0.169,0.054,0.088,0.089,0.076,0.236,0.227,0.105
0.069,0.069,0.127,0.127,0.972,0.608,0.182,0.164,0.677,0.088,0.164,0.175,0.161,0.972,0.175,0.164,0.161,0.972,0.177,0.161,0.478,0.102,0.478,0.161,0.161,0.182,0.161,0.164,0.154,0.088,0.154,0.102,0.271,0.45,0.488,0.45,0.115,0.488,0.271,0.115,0.171,0.45,0.154,0.478,0.45,0.115,0.102,0.154,0.484,0.154,0.716,0.141,0.969,0.103,0.51,0.103,0.096,0.609,0.609,0.609,0.312,0.51,0.096,0.51,0.969,0.312,0.424,0.709,0.424,0.815,0.815,0.815,0.167,0.384,0.628,0.123,0.931,0.554,0.879,0.931,0.126,0.384,0.956,0.128,0.867,0.956,0.879,0.102,0.098,0.426,0.384,0.714,0.131,0.143,0.773,0.956,0.608,0.773,0.773,0.104,0.747,0.876,0.744,0.747,0.747,0.428,0.157,0.239,0.239,0.219,0.067,0.174,0.38,0.19,0.193,0.405,0.824,0.938,0.361,0.174,0.157,0.363,0.797,0.423,0.211,0.3,0.206,0.719,0.3,0.048,0.373,0.932,0.378,0.082,0.398,0.718,0.693,0.261,0.685,0.718,0.676,0.914,0.92,0.696,0.676,0.52,0.676,0.718,0.918,0.673,0.65,0.69,0.856,0.66,0.946,0.92,0.964,0.637,0.799,0.564,0.815,0.867,0.879,0.879,0.812,0.956,0.944,0.991
0.242,0.242,0.245,0.245,0.101,0.38,0.585,0.65,0.475,0.659,0.65,0.615,0.529,0.101,0.615,0.65,0.529,0.101,0.283,0.529,0.325,0.691,0.325,0.419,0.529,0.585,0.419,0.65,0.589,0.659,0.589,0.691,0.68,0.696,0.706,0.696,0.18,0.706,0.68,0.18,0.867,0.696,0.17,0.554,0.696,0.18,0.39,0.17,0.379,0.17,0.644,0.836,0.942,0.53,0.385,0.53,0.465,0.372,0.372,0.372,0.863,0.385,0.465,0.385,0.942,0.863,0.66,0.371,0.66,0.925,0.925,0.925,0.899,0.09,0.34,0.586,0.976,0.478,0.977,0.976,0.904,0.09,0.982,0.751,0.35,0.982,0.977,0.584,0.903,0.477,0.09,0.312,0.612,0.704,0.966,0.982,0.038,0.966,0.966,0.652,0.931,0.977,0.468,0.931,0.931,0.504,0.759,0.293,0.293,0.341,0.352,0.231,0.605,0.203,0.834,0.452,0.412,0.981,0.543,0.231,0.714,0.543,0.406,0.322,0.931,0.304,0.574,0.592,0.304,0.444,0.331,0.988,0.331,0.31,0.51,0.983,0.566,0.359,0.533,0.983,0.987,0.381,0.748,0.429,0.987,0.41,0.987,0.983,0.774,0.431,0.39,0.445,0.502,0.397,0.499,0.452,0.3,0.479,0.374,0.391,0.369,0.526,0.452,0.484,0.445,0.636,0.648,0.556
0.022,0.022,0.031,0.031,0.355,0.845,0.045,0.026,0.85,0.032,0.026,0.036,0.034,0.355,0.036,0.026,0.034,0.355,0.415,0.034,0.029,0.047,0.029,0.034,0.034,0.045,0.034,0.026,0.028,0.032,0.028,0.047,0.011,0.026,0.038,0.026,0.587,0.038,0.011,0.587,0.136,0.026,0.499,0.013,0.026,0.587,0.594,0.499,0.033,0.499,0.889,0.213,0.57,0.014,0.652,0.014,0.015,0.561,0.561,0.561,0.031,0.652,0.015,0.652,0.57,0.031,0.028,0.032,0.028,0.453,0.453,0.453,0.093,0.59,0.01,0.069,0.629,0.034,0.624,0.629,0.109,0.59,0.496,0.078,0.031,0.496,0.624,0.093,0.14,0.056,0.59,0.008,0.075,0.063,0.59,0.496,0.396,0.59,0.59,0.092,0.592,0.528,0.035,0.592,0.592,0.053,0.08,0.335,0.335,0.527,0.119,0.36,0.195,0.462,0.092,0.062,0.196,0.521,0.179,0.36,0.084,0.173,0.291,0.26,0.096,0.323,0.064,0.405,0.323,0.223,0.141,0.381,0.157,0.121,0.092,0.665,0.368,0.458,0.519,0.665,0.655,0.1,0.624,0.73,0.655,0.08,0.655,0.665,0.614,0.659,0.719,0.751,0.513,0.082,0.567,0.645,0.138,0.74,0.097,0.709,0.099,0.527,0.556,0.565,0.561,0.077,0.075,0.139
0.74,0.74,0.903,0.903,0.571,0.492,0.683,0.474,0.543,0.858,0.474,0.564,0.622,0.571,0.564,0.474,0.622,0.571,0.905,0.622,0.729,0.576,0.729,0.553,0.622,0.683,0.553,0.474,0.463,0.858,0.463,0.576,0.757,0.656,0.675,0.656,0.786,0.675,0.757,0.786,0.151,0.656,0.786,0.09,0.656,0.786,0.838,0.786,0.145,0.786,0.7,0.142,0.382,0.846,0.801,0.846,0.807,0.774,0.774,0.774,0.714,0.801,0.807,0.801,0.382,0.714,0.622,0.329,0.622,0.664,0.664,0.664,0.225,0.593,0.054,0.092,0.395,0.391,0.378,0.395,0.089,0.593,0.339,0.08,0.305,0.339,0.378,0.118,0.066,0.475,0.593,0.092,0.093,0.081,0.588,0.339,0.661,0.588,0.588,0.115,0.714,0.315,0.47,0.714,0.714,0.183,0.123,0.023,0.023,0.01,0.027,0.031,0.034,0.018,0.091,0.524,0.298,0.394,0.022,0.031,0.128,0.025,0.312,0.019,0.105,0.028,0.278,0.888,0.028,0.018,0.016,0.383,0.015,0.026,0.118,0.515,0.844,0.008,0.965,0.515,0.533,0.147,0.103,0.901,0.533,0.288,0.533,0.515,0.101,0.69,0.775,0.66,0.6,0.312,0.523,0.094,0.396,0.666,0.519,0.779,0.523,0.484,0.576,0.469,0.536,0.747,0.773,0.689
0.116,0.116,0.076,0.076,0.454,0.874,0.25,0.375,0.76,0.866,0.375,0.389,0.255,0.454,0.389,0.375,0.255,0.454,0.718,0.255,0.099,0.878,0.099,0.404,0.255,0.25,0.404,0.375,0.497,0.866,0.497,0.878,0.476,0.198,0.17,0.198,0.272,0.17,0.476,0.272,0.336,0.198,0.241,0.875,0.198,0.272,0.695,0.241,0.61,0.241,0.737,0.326,0.16,0.577,0.38,0.577,0.59,0.353,0.353,0.353,0.77,0.38,0.59,0.38,0.16,0.77,0.497,0.479,0.497,0.633,0.633,0.633,0.76,0.312,0.709,0.256,0.106,0.615,0.105,0.106,0.449,0.312,0.193,0.252,0.59,0.193,0.105,0.245,0.451,0.614,0.312,0.786,0.255,0.271,0.485,0.193,0.333,0.485,0.485,0.243,0.233,0.082,0.621,0.233,0.233,0.812,0.436,0.361,0.361,0.33,0.52,0.337,0.82,0.387,0.425,0.687,0.514,0.095,0.732,0.337,0.438,0.722,0.533,0.489,0.542,0.48,0.746,0.918,0.48,0.627,0.447,0.138,0.46,0.65,0.767,0.129,0.882,0.406,0.944,0.129,0.149,0.533,0.991,0.765,0.149,0.811,0.149,0.129,0.991,0.574,0.801,0.652,0.631,0.808,0.653,0.984,0.856,0.692,0.756,0.79,0.762,0.687,0.681,0.601,0.614,0.852,0.863,0.847
0.785,0.785,0.91,0.91,0.261,0.737,0.827,0.814,0.728,0.826,0.814,0.764,0.921,0.261,0.764,0.814,0.921,0.261,0.643,0.921,0.98,0.826,0.98,0.908,0.921,0.827,0.908,0.814,0.815,0.826,0.815,0.826,0.665,0.979,0.983,0.979,0.756,0.983,0.665,0.756,0.509,0.979,0.544,0.017,0.979,0.756,0.657,0.544,0.05,0.544,0.837,0.807,0.237,0.461,0.735,0.461,0.423,0.512,0.512,0.512,0.956,0.735,0.423,0.735,0.237,0.956,0.956,0.089,0.956,0.227,0.227,0.227,0.459,0.362,0.022,0.55,0.334,0.173,0.533,0.334,0.73,0.362,0.342,0.649,0.116,0.342,0.533,0.572,0.748,0.302,0.362,0.025,0.543,0.617,0.762,0.342,0.604,0.762,0.762,0.568,0.848,0.671,0.225,0.848,0.848,0.16,0.45,0.465,0.465,0.47,0.105,0.274,0.293,0.334,0.5,0.362,0.267,0.523,0.262,0.274,0.449,0.249,0.278,0.285,0.593,0.682,0.201,0.579,0.682,0.283,0.279,0.219,0.301,0.146,0.295,0.488,0.553,0.669,0.675,0.488,0.622,0.26,0.021,0.222,0.622,0.401,0.622,0.488,0.021,0.851,0.328,0.902,0.78,0.396,0.691,0.018,0.821,0.894,0.835,0.291,0.829,0.729,0.706,0.679,0.696,0.885,0.838,0.857
0.516,0.516,0.427,0.427,0.345,0.927,0.259,0.83,0.967,0.857,0.83,0.46,0.798,0.345,0.46,0.83,0.798,0.345,0.482,0.798,0.413,0.855,0.413,0.863,0.798,0.259,0.863,0.83,0.842,0.857,0.842,0.855,0.903,0.673,0.263,0.673,0.284,0.263,0.903,0.284,0.367,0.673,0.174,0.492,0.673,0.284,0.548,0.174,0.794,0.174,0.838,0.339,0.236,0.964,0.302,0.964,0.971,0.221,0.221,0.221,0.831,0.302,0.971,0.302,0.236,0.831,0.787,0.813,0.787,0.064,0.064,0.064,0.29,0.305,0.524,0.831,0.251,0.831,0.306,0.251,0.411,0.305,0.267,0.35,0.806,0.267,0.306,0.844,0.385,0.851,0.305,0.534,0.81,0.27,0.122,0.267,0.217,0.122,0.122,0.822,0.13,0.338,0.848,0.13,0.13,0.8,0.771,0.152,0.152,0.231,0.329,0.278,0.451,0.355,0.243,0.846,0.583,0.22,0.441,0.278,0.739,0.43,0.631,0.536,0.35,0.185,0.859,0.681,0.185,0.505,0.468,0.245,0.464,0.471,0.894,0.248,0.797,0.292,0.406,0.248,0.378,0.613,0.141,0.272,0.378,0.943,0.378,0.248,0.149,0.156,0.196,0.123,0.206,0.946,0.33,0.132,0.302,0.113,0.432,0.193,0.413,0.276,0.338,0.46,0.458,0.571,0.544,0.336
0.725,0.725,0.966,0.966,0.57,0.532,0.777,0.335,0.563,0.465,0.335,0.451,0.638,0.57,0.451,0.335,0.638,0.57,0.503,0.638,0.63,0.279,0.63,0.578,0.638,0.777,0.578,0.335,0.288,0.465,0.288,0.279,0.504,0.323,0.498,0.323,0.235,0.498,0.504,0.235,0.959,0.323,0.165,0.675,0.323,0.235,0.51,0.165,0.937,0.165,0.444,0.969,0.418,0.298,0.364,0.298,0.288,0.346,0.346,0.346,0.212,0.364,0.288,0.364,0.418,0.212,0.24,0.901,0.24,0.313,0.313,0.313,0.956,0.335,0.765,0.89,0.344,0.973,0.377,0.344,0.977,0.335,0.418,0.931,0.968,0.418,0.377,0.867,0.981,0.98,0.335,0.597,0.929,0.922,0.383,0.418,0.653,0.383,0.383,0.919,0.39,0.358,0.964,0.39,0.39,0.888,0.872,0.108,0.108,0.267,0.29,0.087,0.609,0.124,0.916,0.977,0.648,0.355,0.634,0.087,0.882,0.627,0.666,0.741,0.899,0.085,0.902,0.341,0.085,0.157,0.666,0.429,0.663,0.306,0.764,0.288,0.442,0.216,0.308,0.288,0.275,0.356,0.83,0.197,0.275,0.792,0.275,0.288,0.828,0.089,0.177,0.14,0.712,0.803,0.77,0.887,0.703,0.134,0.521,0.178,0.51,0.722,0.744,0.722,0.719,0.704,0.678,0.618
0.983,0.983,0.985,0.985,0.23,0.185,0.957,0.901,0.182,0.903,0.901,0.945,0.917,0.23,0.945,0.901,0.917,0.23,0.224,0.917,0.99,0.887,0.99,0.891,0.917,0.957,0.891,0.901,0.905,0.903,0.905,0.887,0.958,0.93,0.96,0.93,0.222,0.96,0.958,0.222,0.584,0.93,0.287,0.584,0.93,0.222,0.288,0.287,0.783,0.287,0.154,0.675,0.609,0.696,0.212,0.696,0.667,0.268,0.268,0.268,0.94,0.212,0.667,0.212,0.609,0.94,0.941,0.873,0.941,0.866,0.866,0.866,0.866,0.252,0.848,0.187,0.748,0.851,0.682,0.748,0.37,0.252,0.646,0.308,0.9,0.646,0.682,0.152,0.323,0.888,0.252,0.819,0.191,0.293,0.889,0.646,0.118,0.889,0.889,0.164,0.853,0.666,0.908,0.853,0.853,0.953,0.263,0.283,0.283,0.229,0.648,0.209,0.166,0.3,0.364,0.897,0.842,0.68,0.197,0.209,0.259,0.203,0.823,0.203,0.375,0.256,0.947,0.353,0.256,0.379,0.2,0.454,0.217,0.601,0.942,0.583,0.386,0.196,0.256,0.583,0.563,0.865,0.129,0.448,0.563,0.927,0.563,0.583,0.122,0.404,0.575,0.426,0.577,0.959,0.802,0.103,0.315,0.463,0.622,0.646,0.576,0.52,0.798,0.789,0.7,0.916,0.906,0.568
0.527,0.527,0.56,0.56,0.428,0.217,0.298,0.281,0.218,0.542,0.281,0.333,0.235,0.428,0.333,0.281,0.235,0.428,0.4,0.235,0.268,0.574,0.268,0.29,0.235,0.298,0.29,0.281,0.273,0.542,0.273,0.574,0.204,0.15,0.159,0.15,0.8,0.159,0.204,0.8,0.174,0.15,0.747,0.922,0.15,0.8,0.291,0.747,0.905,0.747,0.14,0.163,0.354,0.245,0.722,0.245,0.248,0.62,0.62,0.62,0.386,0.722,0.248,0.722,0.354,0.386,0.174,0.87,0.174,0.465,0.465,0.465,0.323,0.748,0.85,0.127,0.673,0.978,0.707,0.673,0.073,0.748,0.415,0.06,0.875,0.415,0.707,0.128,0.065,0.959,0.748,0.848,0.133,0.061,0.682,0.415,0.885,0.682,0.682,0.125,0.715,0.819,0.979,0.715,0.715,0.991,0.168,0.712,0.712,0.669,0.486,0.572,0.291,0.691,0.071,0.962,0.725,0.801,0.276,0.572,0.151,0.269,0.705,0.314,0.057,0.764,0.979,0.687,0.764,0.869,0.309,0.622,0.299,0.537,0.997,0.634,0.931,0.745,0.651,0.634,0.626,0.674,0.588,0.851,0.626,0.995,0.626,0.634,0.582,0.643,0.769,0.725,0.547,0.993,0.569,0.696,0.587,0.687,0.681,0.785,0.71,0.616,0.582,0.744,0.769,0.543,0.625,0.744
0.046,0.046,0.039,0.039,0.735,0.506,0.032,0.058,0.55,0.038,0.058,0.059,0.041,0.735,0.059,0.058,0.041,0.735,0.555,0.041,0.04,0.045,0.04,0.058,0.041,0.032,0.058,0.058,0.071,0.038,0.071,0.045,0.041,0.039,0.037,0.039,0.857,0.037,0.041,0.857,0.227,0.039,0.667,0.649,0.039,0.857,0.355,0.667,0.583,0.667,0.55,0.206,0.83,0.078,0.838,0.078,0.084,0.672,0.672,0.672,0.027,0.838,0.084,0.838,0.83,0.027,0.03,0.686,0.03,0.694,0.694,0.694,0.313,0.822,0.625,0.497,0.92,0.69,0.939,0.92,0.335,0.822,0.853,0.611,0.698,0.853,0.939,0.503,0.348,0.793,0.822,0.587,0.501,0.606,0.75,0.853,0.56,0.75,0.75,0.51,0.81,0.945,0.872,0.81,0.81,0.665,0.462,0.914,0.914,0.914,0.925,0.535,0.841,0.507,0.515,0.844,0.638,0.926,0.883,0.535,0.456,0.893,0.665,0.639,0.397,0.968,0.67,0.968,0.968,0.645,0.759,0.819,0.731,0.903,0.726,0.919,0.898,0.949,0.977,0.919,0.918,0.751,0.228,0.905,0.918,0.72,0.918,0.919,0.252,0.844,0.91,0.803,0.185,0.725,0.11,0.338,0.306,0.757,0.177,0.9,0.147,0.174,0.115,0.105,0.103,0.196,0.173,0.471
0.148,0.148,0.154,0.154,0.042,0.37,0.095,0.074,0.37,0.143,0.074,0.099,0.052,0.042,0.099,0.074,0.052,0.042,0.293,0.052,0.036,0.163,0.036,0.064,0.052,0.095,0.064,0.074,0.084,0.143,0.084,0.163,0.06,0.024,0.043,0.024,0.477,0.043,0.06,0.477,0.786,0.024,0.595,0.687,0.024,0.477,0.409,0.595,0.742,0.595,0.274,0.611,0.706,0.121,0.151,0.121,0.124,0.496,0.496,0.496,0.085,0.151,0.124,0.151,0.706,0.085,0.025,0.353,0.025,0.441,0.441,0.441,0.553,0.064,0.552,0.829,0.544,0.546,0.567,0.544,0.745,0.064,0.756,0.914,0.381,0.756,0.567,0.83,0.67,0.294,0.064,0.606,0.835,0.919,0.188,0.756,0.071,0.188,0.188,0.826,0.22,0.57,0.637,0.22,0.22,0.956,0.765,0.354,0.354,0.338,0.309,0.287,0.733,0.298,0.828,0.336,0.856,0.637,0.747,0.287,0.744,0.738,0.756,0.772,0.631,0.371,0.529,0.85,0.371,0.325,0.695,0.602,0.667,0.317,0.603,0.779,0.817,0.371,0.743,0.779,0.773,0.863,0.499,0.748,0.773,0.414,0.773,0.779,0.498,0.597,0.853,0.387,0.796,0.428,0.75,0.44,0.917,0.438,0.908,0.86,0.901,0.787,0.799,0.734,0.777,0.765,0.779,0.817
0.834,0.834,0.777,0.777,0.884,0.001,0.306,0.248,0.001,0.134,0.248,0.324,0.188,0.884,0.324,0.248,0.188,0.884,0.863,0.188,0.917,0.152,0.917,0.205,0.188,0.306,0.205,0.248,0.269,0.134,0.269,0.152,0.823,0.386,0.442,0.386,0.771,0.442,0.823,0.771,0.006,0.386,0.796,0.608,0.386,0.771,0.791,0.796,0.088,0.796,0.001,0.005,0.962,0.799,0.876,0.799,0.799,0.946,0.946,0.946,0.164,0.876,0.799,0.876,0.962,0.164,0.374,0.151,0.374,0.959,0.959,0.959,0.032,0.68,0.758,0.025,0.975,0.057,0.99,0.975,0.026,0.68,0.88,0.028,0.142,0.88,0.99,0.02,0.021,0.101,0.68,0.746,0.027,0.031,0.887,0.88,0.893,0.887,0.887,0.022,0.856,0.994,0.059,0.856,0.856,0.043,0.02,0.572,0.572,0.496,0.166,0.244,0.097,0.233,0.038,0.073,0.229,0.972,0.101,0.244,0.017,0.104,0.267,0.178,0.037,0.621,0.027,0.96,0.621,0.175,0.181,0.967,0.181,0.143,0.033,0.903,0.947,0.519,0.936,0.903,0.893,0.069,0.441,0.811,0.893,0.115,0.893,0.903,0.41,0.622,0.868,0.661,0.638,0.077,0.705,0.501,0.822,0.683,0.845,0.873,0.833,0.686,0.658,0.683,0.645,0.898,0.93,0.657
0.603,0.603,0.492,0.492,0.019,0.15,0.429,0.355,0.133,0.371,0.355,0.458,0.315,0.019,0.458,0.355,0.315,0.019,0.004,0.315,0.582,0.397,0.582,0.33,0.315,0.429,0.33,0.355,0.372,0.371,0.372,0.397,0.276,0.351,0.462,0.351,0.051,0.462,0.276,0.051,0.072,0.351,0.055,0.909,0.351,0.051,0.011,0.055,0.878,0.055,0.125,0.165,0.003,0.2,0.032,0.2,0.198,0.028,0.028,0.028,0.441,0.032,0.198,0.032,0.003,0.441,0.366,0.879,0.366,0.001,0.001,0.001,0.121,0.044,0.78,0.044,0.001,0.775,0.002,0.001,0.07,0.044,0.004,0.082,0.827,0.004,0.002,0.066,0.115,0.861,0.044,0.781,0.045,0.062,0.001,0.004,0.013,0.001,0.001,0.054,0.001,0.002,0.753,0.001,0.001,0.762,0.068,0.164,0.164,0.134,0.559,0.258,0.58,0.214,0.086,0.835,0.691,0.002,0.614,0.258,0.066,0.619,0.721,0.674,0.104,0.203,0.871,0.169,0.203,0.341,0.733,0.002,0.747,0.557,0.879,0.006,0.201,0.172,0.508,0.006,0.006,0.576,0.999,0.165,0.006,0.886,0.006,0.006,0.999,0.065,0.112,0.069,0.516,0.857,0.515,0.995,0.455,0.064,0.607,0.082,0.614,0.435,0.574,0.547,0.615,0.454,0.443,0.543
0.846,0.846,0.773,0.773,0.01,0.79,0.728,0.848,0.749,0.793,0.848,0.784,0.719,0.01,0.784,0.848,0.719,0.01,0.272,0.719,0.715,0.825,0.715,0.709,0.719,0.728,0.709,0.848,0.781,0.793,0.781,0.825,0.881,0.812,0.711,0.812,0.339,0.711,0.881,0.339,0.502,0.812,0.283,0.953,0.812,0.339,0.212,0.283,0.665,0.283,0.808,0.512,0.033,0.717,0.162,0.717,0.701,0.124,0.124,0.124,0.976,0.162,0.701,0.162,0.033,0.976,0.768,0.542,0.768,0.321,0.321,0.321,0.465,0.007,0.968,0.446,0.183,0.788,0.29,0.183,0.609,0.007,0.017,0.376,0.528,0.017,0.29,0.473,0.651,0.857,0.007,0.964,0.458,0.348,0.25,0.017,0.271,0.25,0.25,0.478,0.31,0.32,0.764,0.31,0.31,0.767,0.387,0.369,0.369,0.649,0.584,0.108,0.217,0.091,0.314,0.802,0.987,0.236,0.228,0.108,0.401,0.228,0.978,0.148,0.587,0.394,0.854,0.665,0.394,0.293,0.144,0.03,0.145,0.566,0.932,0.215,0.624,0.588,0.848,0.215,0.231,0.996,0.642,0.625,0.231,0.945,0.231,0.215,0.652,0.708,0.523,0.619,0.884,0.83,0.779,0.656,0.723,0.652,0.839,0.522,0.843,0.912,0.768,0.742,0.732,0.979,0.967,0.904
0.101,0.101,0.197,0.197,0.198,0.267,0.156,0.039,0.316,0.027,0.039,0.073,0.088,0.198,0.073,0.039,0.088,0.198,0.182,0.088,0.538,0.033,0.538,0.053,0.088,0.156,0.053,0.039,0.025,0.027,0.025,0.033,0.388,0.137,0.132,0.137,0.662,0.132,0.388,0.662,0.727,0.137,0.629,0.613,0.137,0.662,0.236,0.629,0.612,0.629,0.694,0.939,0.768,0.114,0.557,0.114,0.106,0.585,0.585,0.585,0.119,0.557,0.106,0.557,0.768,0.119,0.094,0.675,0.094,0.659,0.659,0.659,0.855,0.616,0.638,0.747,0.807,0.09,0.751,0.807,0.685,0.616,0.799,0.634,0.582,0.799,0.751,0.755,0.709,0.093,0.616,0.669,0.737,0.609,0.497,0.799,0.508,0.497,0.497,0.75,0.478,0.601,0.086,0.478,0.478,0.073,0.829,0.312,0.312,0.212,0.676,0.764,0.941,0.622,0.767,0.094,0.093,0.667,0.943,0.764,0.81,0.943,0.081,0.801,0.735,0.24,0.111,0.449,0.24,0.856,0.659,0.639,0.658,0.697,0.138,0.952,0.667,0.171,0.122,0.952,0.927,0.135,0.331,0.124,0.927,0.195,0.927,0.952,0.302,0.082,0.146,0.124,0.298,0.172,0.707,0.294,0.422,0.121,0.561,0.174,0.579,0.283,0.684,0.854,0.827,0.8,0.802,0.676
0.413,0.413,0.402,0.402,0.379,0.988,0.374,0.437,0.99,0.375,0.437,0.523,0.313,0.379,0.523,0.437,0.313,0.379,0.827,0.313,0.37,0.441,0.37,0.34,0.313,0.374,0.34,0.437,0.437,0.375,0.437,0.441,0.31,0.366,0.459,0.366,0.574,0.459,0.31,0.574,0.403,0.366,0.378,0.598,0.366,0.574,0.784,0.378,0.79,0.378,0.973,0.38,0.35,0.376,0.696,0.376,0.367,0.527,0.527,0.527,0.397,0.696,0.367,0.696,0.35,0.397,0.378,0.612,0.378,0.123,0.123,0.123,0.296,0.242,0.475,0.425,0.259,0.697,0.213,0.259,0.434,0.242,0.368,0.394,0.614,0.368,0.213,0.444,0.403,0.752,0.242,0.566,0.432,0.398,0.114,0.368,0.592,0.114,0.114,0.437,0.114,0.36,0.739,0.114,0.114,0.828,0.361,0.704,0.704,0.726,0.625,0.428,0.335,0.44,0.353,0.796,0.098,0.367,0.318,0.428,0.367,0.316,0.092,0.348,0.39,0.906,0.879,0.626,0.906,0.555,0.437,0.33,0.384,0.688,0.924,0.392,0.594,0.897,0.64,0.392,0.409,0.136,0.024,0.425,0.409,0.814,0.409,0.392,0.024,0.883,0.446,0.828,0.867,0.841,0.831,0.025,0.712,0.838,0.752,0.446,0.722,0.856,0.837,0.815,0.825,0.788,0.783,0.762
0.003,0.003,0.002,0.002,0.365,0.893,0.002,0.002,0.906,0.003,0.002,0.003,0.002,0.365,0.003,0.002,0.002,0.365,0.725,0.002,0.002,0.003,0.002,0.002,0.002,0.002,0.002,0.002,0.002,0.003,0.002,0.003,0.002,0.001,0.001,0.001,0.603,0.001,0.002,0.603,0.24,0.001,0.718,0.902,0.001,0.603,0.763,0.718,0.837,0.718,0.943,0.218,0.554,0.003,0.32,0.003,0.003,0.402,0.402,0.402,0.002,0.32,0.003,0.32,0.554,0.002,0.001,0.851,0.001,0.92,0.92,0.92,0.159,0.567,0.934,0.122,0.249,0.809,0.267,0.249,0.191,0.567,0.607,0.138,0.863,0.607,0.267,0.141,0.177,0.518,0.567,0.928,0.119,0.113,0.734,0.607,0.611,0.734,0.734,0.147,0.718,0.384,0.843,0.718,0.718,0.905,0.133,0.732,0.732,0.773,0.986,0.476,0.655,0.458,0.152,0.532,0.645,0.359,0.672,0.476,0.142,0.666,0.678,0.761,0.118,0.507,0.616,0.175,0.507,0.776,0.769,0.435,0.771,0.976,0.633,0.281,0.207,0.706,0.198,0.281,0.295,0.673,0.611,0.107,0.295,0.559,0.295,0.281,0.646,0.663,0.124,0.651,0.36,0.59,0.376,0.542,0.645,0.743,0.735,0.121,0.697,0.352,0.357,0.361,0.385,0.805,0.825,0.777
0.929,0.929,0.886,0.886,0.784,0.969,0.88,0.793,0.952,0.91,0.793,0.851,0.82,0.784,0.851,0.793,0.82,0.784,0.717,0.82,0.745,0.803,0.745,0.814,0.82,0.88,0.814,0.793,0.796,0.91,0.796,0.803,0.743,0.817,0.882,0.817,0.459,0.882,0.743,0.459,0.032,0.817,0.555,0.385,0.817,0.459,0.656,0.555,0.515,0.555,0.982,0.015,0.642,0.83,0.532,0.83,0.839,0.517,0.517,0.517,0.876,0.532,0.839,0.532,0.642,0.876,0.756,0.649,0.756,0.752,0.752,0.752,0.025,0.858,0.377,0.016,0.62,0.29,0.522,0.62,0.021,0.858,0.562,0.014,0.568,0.562,0.522,0.025,0.018,0.206,0.858,0.363,0.017,0.016,0.812,0.562,0.907,0.812,0.812,0.028,0.806,0.642,0.248,0.806,0.806,0.228,0.039,0.207,0.207,0.172,0.274,0.435,0.196,0.421,0.021,0.19,0.265,0.679,0.17,0.435,0.03,0.199,0.274,0.159,0.031,0.093,0.163,0.974,0.093,0.383,0.159,0.663,0.159,0.199,0.192,0.618,0.955,0.083,0.954,0.618,0.571,0.198,0.022,0.807,0.571,0.223,0.571,0.618,0.025,0.975,0.738,0.951,0.804,0.214,0.757,0.023,0.796,0.941,0.842,0.84,0.799,0.769,0.804,0.696,0.737,0.939,0.84,0.918
0.052,0.052,0.038,0.038,0.77,0.317,0.026,0.012,0.297,0.071,0.012,0.029,0.018,0.77,0.029,0.012,0.018,0.77,0.438,0.018,0.024,0.083,0.024,0.02,0.018,0.026,0.02,0.012,0.018,0.071,0.018,0.083,0.088,0.009,0.013,0.009,0.742,0.013,0.088,0.742,0.378,0.009,0.857,0.016,0.009,0.742,0.451,0.857,0.055,0.857,0.268,0.479,0.699,0.123,0.818,0.123,0.13,0.7,0.7,0.7,0.086,0.818,0.13,0.818,0.699,0.086,0.01,0.041,0.01,0.626,0.626,0.626,0.417,0.83,0.012,0.438,0.681,0.069,0.815,0.681,0.125,0.83,0.516,0.142,0.047,0.516,0.815,0.437,0.116,0.083,0.83,0.016,0.478,0.197,0.532,0.516,0.382,0.532,0.532,0.471,0.561,0.764,0.087,0.561,0.561,0.067,0.439,0.854,0.854,0.904,0.807,0.736,0.668,0.737,0.116,0.1,0.142,0.737,0.707,0.736,0.452,0.684,0.137,0.673,0.072,0.887,0.079,0.439,0.887,0.957,0.834,0.66,0.812,0.899,0.158,0.559,0.435,0.937,0.484,0.559,0.769,0.184,0.074,0.806,0.769,0.119,0.769,0.559,0.075,0.556,0.704,0.501,0.256,0.141,0.263,0.052,0.055,0.492,0.075,0.684,0.075,0.27,0.262,0.288,0.29,0.097,0.111,0.068
0.703,0.703,0.592,0.592,0.486,0.91,0.887,0.977,0.939,0.807,0.977,0.964,0.922,0.486,0.964,0.977,0.922,0.486,0.397,0.922,0.733,0.844,0.733,0.93,0.922,0.887,0.93,0.977,0.975,0.807,0.975,0.844,0.603,0.969,0.944,0.969,0.423,0.944,0.603,0.423,0.765,0.969,0.415,0.309,0.969,0.423,0.374,0.415,0.396,0.415,0.934,0.581,0.556,0.51,0.376,0.51,0.537,0.362,0.362,0.362,0.847,0.376,0.537,0.376,0.556,0.847,0.975,0.616,0.975,0.554,0.554,0.554,0.671,0.479,0.29,0.461,0.351,0.424,0.344,0.351,0.783,0.479,0.504,0.595,0.591,0.504,0.344,0.488,0.788,0.566,0.479,0.345,0.471,0.645,0.458,0.504,0.29,0.458,0.458,0.497,0.456,0.283,0.461,0.456,0.456,0.596,0.571,0.382,0.382,0.389,0.412,0.674,0.682,0.674,0.676,0.582,0.819,0.292,0.58,0.674,0.57,0.596,0.815,0.488,0.789,0.409,0.776,0.482,0.409,0.754,0.345,0.586,0.383,0.43,0.751,0.396,0.486,0.421,0.556,0.396,0.402,0.819,0.653,0.408,0.402,0.578,0.402,0.396,0.629,0.379,0.553,0.48,0.264,0.587,0.284,0.629,0.084,0.449,0.176,0.453,0.199,0.262,0.238,0.299,0.251,0.333,0.308,0.226
0.245,0.245,0.224,0.224,0.441,0.861,0.14,0.894,0.907,0.674,0.894,0.159,0.858,0.441,0.159,0.894,0.858,0.441,0.57,0.858,0.206,0.773,0.206,0.864,0.858,0.14,0.864,0.894,0.858,0.674,0.858,0.773,0.272,0.698,0.203,0.698,0.043,0.203,0.272,0.043,0.215,0.698,0.058,0.507,0.698,0.043,0.733,0.058,0.486,0.058,0.783,0.242,0.1,0.363,0.104,0.363,0.373,0.142,0.142,0.142,0.56,0.104,0.373,0.104,0.1,0.56,0.715,0.684,0.715,0.333,0.333,0.333,0.634,0.774,0.539,0.363,0.024,0.846,0.022,0.024,0.425,0.774,0.353,0.432,0.694,0.353,0.022,0.494,0.427,0.797,0.774,0.551,0.379,0.408,0.221,0.353,0.565,0.221,0.221,0.44,0.215,0.157,0.819,0.215,0.215,0.729,0.691,0.142,0.142,0.144,0.167,0.681,0.883,0.695,0.711,0.809,0.739,0.165,0.85,0.681,0.698,0.818,0.646,0.534,0.629,0.105,0.722,0.761,0.105,0.619,0.492,0.469,0.501,0.141,0.552,0.042,0.769,0.11,0.925,0.042,0.047,0.923,0.648,0.861,0.047,0.574,0.047,0.042,0.642,0.598,0.8,0.628,0.214,0.553,0.088,0.619,0.714,0.481,0.107,0.821,0.107,0.238,0.098,0.074,0.079,0.129,0.164,0.649
0.902,0.902,0.955,0.955,0.106,0.611,0.872,0.967,0.667,0.778,0.967,0.879,0.978,0.106,0.879,0.967,0.978,0.106,0.816,0.978,0.841,0.792,0.841,0.903,0.978,0.872,0.903,0.967,0.878,0.778,0.878,0.792,0.779,0.875,0.818,0.875,0.158,0.818,0.779,0.158,0.836,0.875,0.305,0.172,0.875,0.158,0.823,0.305,0.27,0.305,0.636,0.766,0.503,0.774,0.135,0.774,0.744,0.203,0.203,0.203,0.732,0.135,0.744,0.135,0.503,0.732,0.839,0.22,0.839,0.663,0.663,0.663,0.784,0.153,0.186,0.926,0.147,0.296,0.142,0.147,0.398,0.153,0.287,0.301,0.218,0.287,0.142,0.93,0.365,0.466,0.153,0.185,0.925,0.325,0.408,0.287,0.297,0.408,0.408,0.932,0.277,0.135,0.291,0.277,0.277,0.302,0.878,0.424,0.424,0.401,0.688,0.542,0.92,0.535,0.28,0.446,0.542,0.138,0.962,0.542,0.891,0.952,0.556,0.907,0.284,0.612,0.337,0.749,0.612,0.814,0.964,0.48,0.973,0.667,0.525,0.065,0.625,0.561,0.643,0.065,0.062,0.704,0.489,0.663,0.062,0.568,0.062,0.065,0.488,0.64,0.93,0.615,0.438,0.597,0.367,0.534,0.286,0.551,0.51,0.937,0.524,0.409,0.358,0.382,0.349,0.488,0.643,0.178
0.061,0.061,0.072,0.072,0.245,0.049,0.051,0.081,0.052,0.055,0.081,0.054,0.065,0.245,0.054,0.081,0.065,0.245,0.03,0.065,0.519,0.05,0.519,0.061,0.065,0.051,0.061,0.081,0.09,0.055,0.09,0.05,0.213,0.462,0.406,0.462,0.077,0.406,0.213,0.077,0.258,0.462,0.072,0.232,0.462,0.077,0.025,0.072,0.419,0.072,0.455,0.289,0.658,0.044,0.134,0.044,0.04,0.082,0.082,0.082,0.359,0.134,0.04,0.134,0.658,0.359,0.409,0.341,0.409,0.673,0.673,0.673,0.541,0.492,0.153,0.186,0.18,0.077,0.251,0.18,0.255,0.492,0.443,0.235,0.418,0.443,0.251,0.192,0.203,0.113,0.492,0.194,0.197,0.222,0.243,0.443,0.103,0.243,0.243,0.203,0.338,0.176,0.053,0.338,0.338,0.029,0.507,0.274,0.274,0.282,0.781,0.124,0.305,0.125,0.518,0.07,0.124,0.18,0.345,0.124,0.526,0.323,0.145,0.464,0.55,0.401,0.068,0.695,0.401,0.178,0.426,0.351,0.421,0.872,0.105,0.249,0.874,0.392,0.733,0.249,0.263,0.222,0.186,0.923,0.263,0.13,0.263,0.249,0.187,0.917,0.924,0.915,0.818,0.097,0.879,0.11,0.675,0.919,0.859,0.923,0.826,0.864,0.807,0.888,0.909,0.681,0.646,0.67
0.619,0.619,0.534,0.534,0.006,0.767,0.564,0.805,0.72,0.871,0.805,0.654,0.776,0.006,0.654,0.805,0.776,0.006,0.54,0.776,0.864,0.902,0.864,0.728,0.776,0.564,0.728,0.805,0.767,0.871,0.767,0.902,0.873,0.907,0.797,0.907,0.533,0.797,0.873,0.533,0.077,0.907,0.471,0.783,0.907,0.533,0.304,0.471,0.447,0.471,0.924,0.08,0.009,0.851,0.634,0.851,0.846,0.592,0.592,0.592,0.958,0.634,0.846,0.634,0.009,0.958,0.907,0.43,0.907,0.004,0.004,0.004,0.076,0.008,0.756,0.107,0.282,0.701,0.612,0.282,0.079,0.008,0.003,0.077,0.397,0.003,0.612,0.103,0.085,0.78,0.008,0.758,0.113,0.077,0.09,0.003,0.299,0.09,0.09,0.111,0.454,0.621,0.716,0.454,0.454,0.679,0.132,0.663,0.663,0.599,0.898,0.196,0.286,0.242,0.088,0.762,0.915,0.314,0.253,0.196,0.132,0.255,0.921,0.34,0.098,0.701,0.683,0.728,0.701,0.211,0.291,0.003,0.302,0.913,0.754,0.15,0.745,0.648,0.766,0.15,0.34,0.847,0.785,0.646,0.34,0.872,0.34,0.15,0.808,0.665,0.724,0.676,0.498,0.858,0.5,0.723,0.663,0.69,0.763,0.706,0.758,0.438,0.526,0.501,0.513,0.834,0.772,0.536
0.246,0.246,0.23,0.23,0.976,0.379,0.137,0.148,0.405,0.146,0.148,0.157,0.125,0.976,0.157,0.148,0.125,0.976,0.892,0.125,0.199,0.147,0.199,0.139,0.125,0.137,0.139,0.148,0.167,0.146,0.167,0.147,0.129,0.085,0.15,0.085,0.688,0.15,0.129,0.688,0.408,0.085,0.58,0.1,0.085,0.688,0.814,0.58,0.135,0.58,0.524,0.4,0.911,0.209,0.875,0.209,0.217,0.814,0.814,0.814,0.108,0.875,0.217,0.875,0.911,0.108,0.093,0.126,0.093,0.997,0.997,0.997,0.229,0.981,0.089,0.159,0.357,0.099,0.307,0.357,0.271,0.981,0.963,0.228,0.174,0.963,0.307,0.188,0.193,0.215,0.981,0.117,0.138,0.236,0.37,0.963,0.835,0.37,0.37,0.174,0.167,0.45,0.109,0.167,0.167,0.235,0.154,0.113,0.113,0.023,0.037,0.033,0.04,0.022,0.238,0.21,0.376,0.572,0.034,0.033,0.162,0.034,0.256,0.033,0.197,0.106,0.24,0.684,0.106,0.019,0.031,0.948,0.034,0.032,0.211,0.681,0.892,0.027,0.868,0.681,0.653,0.199,0.079,0.945,0.653,0.16,0.653,0.681,0.077,0.996,0.954,0.997,0.727,0.154,0.675,0.072,0.661,0.995,0.745,0.916,0.74,0.663,0.721,0.671,0.726,0.688,0.686,0.636
0.249,0.249,0.169,0.169,0.863,0.9,0.106,0.095,0.915,0.118,0.095,0.129,0.06,0.863,0.129,0.095,0.06,0.863,0.111,0.06,0.046,0.112,0.046,0.067,0.06,0.106,0.067,0.095,0.099,0.118,0.099,0.112,0.032,0.028,0.047,0.028,0.416,0.047,0.032,0.416,0.239,0.028,0.426,0.156,0.028,0.416,0.157,0.426,0.044,0.426,0.902,0.227,0.92,0.037,0.734,0.037,0.041,0.844,0.844,0.844,0.058,0.734,0.041,0.734,0.92,0.058,0.039,0.038,0.039,0.767,0.767,0.767,0.396,0.498,0.126,0.584,0.619,0.095,0.59,0.619,0.455,0.498,0.953,0.629,0.039,0.953,0.59,0.575,0.532,0.133,0.498,0.156,0.573,0.639,0.615,0.953,0.098,0.615,0.615,0.529,0.581,0.617,0.085,0.581,0.581,0.077,0.573,0.209,0.209,0.236,0.253,0.431,0.576,0.452,0.7,0.143,0.312,0.664,0.482,0.431,0.561,0.489,0.376,0.544,0.715,0.155,0.109,0.476,0.155,0.187,0.568,0.918,0.602,0.222,0.12,0.699,0.481,0.167,0.555,0.699,0.615,0.172,0.754,0.307,0.615,0.142,0.615,0.699,0.759,0.239,0.36,0.321,0.304,0.147,0.271,0.467,0.398,0.29,0.279,0.42,0.287,0.251,0.311,0.225,0.239,0.323,0.27,0.518
0.04,0.04,0.037,0.037,0.905,0.222,0.03,0.021,0.231,0.024,0.021,0.039,0.017,0.905,0.039,0.021,0.017,0.905,0.64,0.017,0.037,0.027,0.037,0.019,0.017,0.03,0.019,0.021,0.023,0.024,0.023,0.027,0.022,0.02,0.046,0.02,0.986,0.046,0.022,0.986,0.064,0.02,0.99,0.772,0.02,0.986,0.565,0.99,0.672,0.99,0.165,0.065,0.948,0.034,0.941,0.034,0.039,0.952,0.952,0.952,0.023,0.941,0.039,0.941,0.948,0.023,0.022,0.567,0.022,0.876,0.876,0.876,0.034,0.962,0.635,0.053,0.906,0.618,0.903,0.906,0.091,0.962,0.904,0.055,0.595,0.904,0.903,0.046,0.083,0.365,0.962,0.644,0.056,0.06,0.928,0.904,0.692,0.928,0.928,0.049,0.836,0.946,0.633,0.836,0.836,0.685,0.063,0.941,0.941,0.941,0.485,0.96,0.214,0.948,0.077,0.368,0.134,0.942,0.234,0.96,0.067,0.241,0.129,0.194,0.079,0.943,0.469,0.945,0.943,0.753,0.213,0.98,0.215,0.489,0.243,0.939,0.944,0.936,0.929,0.939,0.942,0.171,0.625,0.931,0.942,0.337,0.942,0.939,0.587,0.932,0.933,0.94,0.864,0.334,0.941,0.636,0.722,0.944,0.892,0.918,0.88,0.893,0.909,0.933,0.903,0.553,0.614,0.699
0.233,0.233,0.223,0.223,0.865,0.516,0.249,0.173,0.548,0.769,0.173,0.26,0.162,0.865,0.26,0.173,0.162,0.865,0.474,0.162,0.381,0.806,0.381,0.138,0.162,0.249,0.138,0.173,0.147,0.769,0.147,0.806,0.939,0.273,0.409,0.273,0.687,0.409,0.939,0.687,0.076,0.273,0.539,0.454,0.273,0.687,0.472,0.539,0.229,0.539,0.517,0.079,0.723,0.962,0.85,0.962,0.952,0.812,0.812,0.812,0.914,0.85,0.952,0.85,0.723,0.914,0.233,0.263,0.233,0.621,0.621,0.621,0.118,0.599,0.472,0.088,0.649,0.327,0.753,0.649,0.097,0.599,0.825,0.096,0.293,0.825,0.753,0.096,0.101,0.437,0.599,0.522,0.086,0.099,0.462,0.825,0.41,0.462,0.462,0.101,0.486,0.569,0.347,0.486,0.486,0.418,0.142,0.883,0.883,0.817,0.098,0.37,0.364,0.297,0.127,0.475,0.802,0.532,0.358,0.37,0.118,0.362,0.768,0.346,0.169,0.866,0.432,0.611,0.866,0.161,0.356,0.742,0.346,0.099,0.542,0.645,0.537,0.816,0.571,0.645,0.787,0.587,0.666,0.289,0.787,0.444,0.787,0.645,0.654,0.208,0.22,0.251,0.467,0.495,0.536,0.675,0.637,0.179,0.52,0.181,0.555,0.512,0.515,0.475,0.496,0.732,0.75,0.864
0.308,0.308,0.418,0.418,0.706,0.995,0.556,0.412,0.986,0.452,0.412,0.525,0.487,0.706,0.525,0.412,0.487,0.706,0.7,0.487,0.433,0.314,0.433,0.46,0.487,0.556,0.46,0.412,0.353,0.452,0.353,0.314,0.934,0.3,0.382,0.3,0.509,0.382,0.934,0.509,0.463,0.3,0.342,0.586,0.3,0.509,0.435,0.342,0.593,0.342,0.955,0.482,0.983,0.926,0.781,0.926,0.922,0.621,0.621,0.621,0.524,0.781,0.922,0.781,0.983,0.524,0.288,0.584,0.288,0.983,0.983,0.983,0.585,0.84,0.716,0.677,0.944,0.589,0.983,0.944,0.813,0.84,0.972,0.685,0.584,0.972,0.983,0.682,0.824,0.417,0.84,0.694,0.67,0.668,0.973,0.972,0.636,0.973,0.973,0.681,0.967,0.979,0.634,0.967,0.967,0.711,0.685,0.255,0.255,0.264,0.543,0.945,0.441,0.926,0.687,0.469,0.441,0.976,0.429,0.945,0.685,0.427,0.44,0.561,0.839,0.329,0.714,0.485,0.329,0.968,0.569,0.986,0.558,0.569,0.491,0.961,0.477,0.325,0.443,0.961,0.95,0.478,0.725,0.251,0.95,0.699,0.95,0.961,0.737,0.226,0.238,0.157,0.517,0.631,0.713,0.781,0.423,0.153,0.512,0.208,0.506,0.505,0.695,0.664,0.653,0.491,0.407,0.954
0.264,0.264,0.239,0.239,0.313,0.419,0.601,0.797,0.48,0.478,0.797,0.658,0.676,0.313,0.658,0.797,0.676,0.313,0.181,0.676,0.194,0.506,0.194,0.756,0.676,0.601,0.756,0.797,0.784,0.478,0.784,0.506,0.912,0.594,0.595,0.594,0.22,0.595,0.912,0.22,0.152,0.594,0.264,0.035,0.594,0.22,0.152,0.264,0.034,0.264,0.424,0.13,0.139,0.943,0.182,0.943,0.933,0.147,0.147,0.147,0.476,0.182,0.933,0.182,0.139,0.476,0.652,0.067,0.652,0.232,0.232,0.232,0.133,0.327,0.036,0.136,0.083,0.07,0.086,0.083,0.311,0.327,0.208,0.187,0.053,0.208,0.086,0.136,0.325,0.105,0.327,0.033,0.166,0.198,0.164,0.208,0.348,0.164,0.164,0.166,0.174,0.125,0.056,0.174,0.174,0.045,0.155,0.052,0.052,0.049,0.033,0.017,0.037,0.02,0.184,0.108,0.123,0.116,0.036,0.017,0.192,0.036,0.141,0.048,0.313,0.038,0.071,0.832,0.038,0.004,0.035,0.159,0.036,0.022,0.076,0.104,0.863,0.035,0.774,0.104,0.116,0.092,0.227,0.605,0.116,0.149,0.116,0.104,0.227,0.401,0.371,0.253,0.374,0.123,0.365,0.279,0.153,0.247,0.094,0.479,0.115,0.331,0.34,0.415,0.367,0.15,0.115,0.442
0.94,0.94,0.932,0.932,0.471,0.847,0.779,0.559,0.872,0.845,0.559,0.809,0.619,0.471,0.809,0.559,0.619,0.471,0.498,0.619,0.949,0.721,0.949,0.616,0.619,0.779,0.616,0.559,0.582,0.845,0.582,0.721,0.76,0.76,0.851,0.76,0.647,0.851,0.76,0.647,0.618,0.76,0.622,0.331,0.76,0.647,0.437,0.622,0.522,0.622,0.839,0.754,0.463,0.433,0.748,0.433,0.404,0.724,0.724,0.724,0.785,0.748,0.404,0.748,0.463,0.785,0.782,0.436,0.782,0.265,0.265,0.265,0.543,0.386,0.449,0.477,0.321,0.603,0.412,0.321,0.49,0.386,0.325,0.588,0.506,0.325,0.412,0.513,0.498,0.827,0.386,0.467,0.5,0.544,0.413,0.325,0.302,0.413,0.413,0.535,0.508,0.477,0.678,0.508,0.508,0.49,0.505,0.314,0.314,0.297,0.076,0.213,0.33,0.222,0.566,0.839,0.749,0.406,0.321,0.213,0.51,0.309,0.751,0.189,0.567,0.325,0.421,0.599,0.325,0.058,0.234,0.452,0.241,0.073,0.499,0.462,0.7,0.312,0.758,0.462,0.5,0.426,0.79,0.539,0.5,0.818,0.5,0.462,0.816,0.411,0.54,0.388,0.669,0.871,0.721,0.672,0.669,0.364,0.69,0.51,0.7,0.704,0.727,0.731,0.683,0.815,0.873,0.886
0.532,0.532,0.446,0.446,0.462,0.42,0.794,0.736,0.463,0.922,0.736,0.827,0.768,0.462,0.827,0.736,0.768,0.462,0.428,0.768,0.571,0.885,0.571,0.777,0.768,0.794,0.777,0.736,0.759,0.922,0.759,0.885,0.723,0.781,0.799,0.781,0.233,0.799,0.723,0.233,0.246,0.781,0.116,0.403,0.781,0.233,0.284,0.116,0.675,0.116,0.454,0.261,0.613,0.67,0.368,0.67,0.661,0.27,0.27,0.27,0.743,0.368,0.661,0.368,0.613,0.743,0.786,0.876,0.786,0.365,0.365,0.365,0.239,0.617,0.452,0.428,0.331,0.965,0.343,0.331,0.624,0.617,0.71,0.586,0.82,0.71,0.343,0.447,0.637,0.967,0.617,0.43,0.462,0.562,0.062,0.71,0.465,0.062,0.062,0.469,0.083,0.412,0.97,0.083,0.083,0.878,0.485,0.448,0.448,0.503,0.857,0.862,0.175,0.887,0.592,0.976,0.924,0.346,0.169,0.862,0.469,0.167,0.947,0.184,0.697,0.498,0.938,0.317,0.498,0.929,0.178,0.606,0.18,0.821,0.845,0.491,0.317,0.521,0.337,0.491,0.58,0.876,0.045,0.41,0.58,0.892,0.58,0.491,0.064,0.233,0.349,0.203,0.59,0.896,0.613,0.034,0.74,0.202,0.868,0.337,0.877,0.65,0.549,0.623,0.568,0.918,0.915,0.736
0.201,0.201,0.188,0.188,0.257,0.693,0.145,0.207,0.701,0.147,0.207,0.103,0.184,0.257,0.103,0.207,0.184,0.257,0.317,0.184,0.129,0.146,0.129,0.159,0.184,0.145,0.159,0.207,0.153,0.147,0.153,0.146,0.085,0.113,0.118,0.113,0.294,0.118,0.085,0.294,0.167,0.113,0.289,0.44,0.113,0.294,0.685,0.289,0.804,0.289,0.695,0.164,0.069,0.097,0.217,0.097,0.101,0.238,0.238,0.238,0.117,0.217,0.101,0.217,0.069,0.117,0.117,0.523,0.117,0.41,0.41,0.41,0.137,0.283,0.434,0.126,0.105,0.688,0.102,0.105,0.107,0.283,0.132,0.089,0.556,0.132,0.102,0.12,0.114,0.694,0.283,0.432,0.137,0.093,0.384,0.132,0.021,0.384,0.384,0.13,0.38,0.354,0.731,0.38,0.38,0.94,0.12,0.128,0.128,0.189,0.326,0.191,0.274,0.219,0.085,0.737,0.966,0.353,0.254,0.191,0.127,0.252,0.974,0.306,0.076,0.096,0.958,0.135,0.096,0.247,0.284,0.442,0.282,0.354,0.968,0.147,0.121,0.152,0.285,0.147,0.139,0.961,0.144,0.169,0.139,0.8,0.139,0.147,0.158,0.06,0.088,0.099,0.229,0.818,0.194,0.155,0.284,0.081,0.309,0.123,0.297,0.2,0.229,0.204,0.23,0.56,0.585,0.423
0.961,0.961,0.894,0.894,0.24,0.266,0.928,0.871,0.285,0.802,0.871,0.967,0.872,0.24,0.967,0.871,0.872,0.24,0.862,0.872,0.644,0.862,0.644,0.877,0.872,0.928,0.877,0.871,0.876,0.802,0.876,0.862,0.41,0.688,0.784,0.688,0.887,0.784,0.41,0.887,0.574,0.688,0.859,0.479,0.688,0.887,0.723,0.859,0.251,0.859,0.074,0.606,0.614,0.671,0.76,0.671,0.698,0.826,0.826,0.826,0.638,0.76,0.698,0.76,0.614,0.638,0.681,0.261,0.681,0.726,0.726,0.726,0.547,0.301,0.45,0.457,0.961,0.285,0.946,0.961,0.413,0.301,0.623,0.593,0.287,0.623,0.946,0.456,0.405,0.315,0.301,0.44,0.492,0.584,0.844,0.623,0.646,0.844,0.844,0.496,0.905,0.922,0.292,0.905,0.905,0.303,0.502,0.796,0.796,0.821,0.935,0.612,0.743,0.615,0.634,0.314,0.457,0.949,0.728,0.612,0.519,0.751,0.473,0.742,0.38,0.808,0.295,0.181,0.808,0.989,0.767,0.57,0.799,0.909,0.353,0.986,0.146,0.835,0.095,0.986,0.98,0.458,0.76,0.324,0.98,0.346,0.98,0.986,0.742,0.332,0.296,0.384,0.165,0.348,0.233,0.739,0.199,0.403,0.388,0.295,0.415,0.213,0.242,0.19,0.194,0.533,0.561,0.198
0.151,0.151,0.161,0.161,0.29,0.457,0.187,0.101,0.526,0.344,0.101,0.201,0.128,0.29,0.201,0.101,0.128,0.29,0.244,0.128,0.266,0.321,0.266,0.122,0.128,0.187,0.122,0.101,0.108,0.344,0.108,0.321,0.585,0.223,0.357,0.223,0.21,0.357,0.585,0.21,0.114,0.223,0.141,0.732,0.223,0.21,0.183,0.141,0.439,0.141,0.607,0.2,0.24,0.569,0.226,0.569,0.572,0.218,0.218,0.218,0.396,0.226,0.572,0.226,0.24,0.396,0.214,0.577,0.214,0.272,0.272,0.272,0.187,0.314,0.668,0.13,0.397,0.356,0.407,0.397,0.111,0.314,0.093,0.112,0.523,0.093,0.407,0.114,0.094,0.398,0.314,0.657,0.121,0.135,0.589,0.093,0.287,0.589,0.589,0.126,0.564,0.23,0.321,0.564,0.564,0.304,0.153,0.257,0.257,0.337,0.656,0.368,0.961,0.526,0.199,0.37,0.655,0.239,0.957,0.368,0.188,0.955,0.657,0.963,0.159,0.294,0.348,0.786,0.294,0.724,0.966,0.145,0.958,0.678,0.425,0.227,0.824,0.389,0.781,0.227,0.181,0.571,0.683,0.799,0.181,0.509,0.181,0.227,0.697,0.847,0.931,0.741,0.544,0.505,0.412,0.689,0.567,0.73,0.686,0.867,0.689,0.481,0.495,0.545,0.552,0.629,0.564,0.723
0.479,0.479,0.468,0.468,0.422,0.803,0.717,0.707,0.652,0.902,0.707,0.747,0.651,0.422,0.747,0.707,0.651,0.422,0.675,0.651,0.601,0.858,0.601,0.641,0.651,0.717,0.641,0.707,0.7,0.902,0.7,0.858,0.851,0.821,0.891,0.821,0.72,0.891,0.851,0.72,0.147,0.821,0.703,0.464,0.821,0.72,0.687,0.703,0.314,0.703,0.849,0.23,0.43,0.652,0.531,0.652,0.649,0.443,0.443,0.443,0.893,0.531,0.649,0.531,0.43,0.893,0.766,0.386,0.766,0.845,0.845,0.845,0.16,0.318,0.374,0.094,0.378,0.087,0.369,0.378,0.09,0.318,0.586,0.15,0.343,0.586,0.369,0.133,0.155,0.121,0.318,0.398,0.094,0.108,0.805,0.586,0.413,0.805,0.805,0.116,0.859,0.711,0.067,0.859,0.859,0.065,0.111,0.29,0.29,0.339,0.349,0.282,0.184,0.301,0.136,0.104,0.516,0.81,0.205,0.282,0.12,0.205,0.377,0.296,0.151,0.311,0.116,0.208,0.311,0.201,0.233,0.842,0.27,0.335,0.156,0.613,0.196,0.306,0.168,0.613,0.678,0.422,0.772,0.063,0.678,0.215,0.678,0.613,0.815,0.878,0.118,0.92,0.121,0.17,0.231,0.693,0.148,0.903,0.302,0.113,0.285,0.108,0.231,0.221,0.229,0.401,0.397,0.171
0.175,0.175,0.194,0.194,0.564,0.265,0.133,0.115,0.268,0.411,0.115,0.172,0.102,0.564,0.172,0.115,0.102,0.564,0.194,0.102,0.101,0.435,0.101,0.094,0.102,0.133,0.094,0.115,0.123,0.411,0.123,0.435,0.136,0.087,0.101,0.087,0.226,0.101,0.136,0.226,0.451,0.087,0.217,0.982,0.087,0.226,0.145,0.217,0.94,0.217,0.277,0.475,0.807,0.166,0.497,0.166,0.169,0.473,0.473,0.473,0.271,0.497,0.169,0.497,0.807,0.271,0.079,0.981,0.079,0.681,0.681,0.681,0.333,0.255,0.99,0.937,0.612,0.95,0.621,0.612,0.592,0.255,0.383,0.83,0.983,0.383,0.621,0.922,0.598,0.177,0.255,0.991,0.967,0.89,0.668,0.383,0.17,0.668,0.668,0.971,0.691,0.368,0.961,0.691,0.691,0.927,0.915,0.548,0.548,0.613,0.45,0.658,0.75,0.667,0.863,0.162,0.202,0.333,0.744,0.658,0.98,0.743,0.201,0.783,0.797,0.495,0.209,0.038,0.495,0.252,0.77,0.354,0.773,0.315,0.217,0.309,0.031,0.589,0.075,0.309,0.33,0.235,0.054,0.449,0.33,0.244,0.33,0.309,0.062,0.627,0.344,0.581,0.08,0.245,0.08,0.043,0.165,0.565,0.236,0.353,0.255,0.067,0.087,0.062,0.069,0.384,0.36,0.154
0.251,0.251,0.229,0.229,0.424,0.124,0.186,0.174,0.114,0.139,0.174,0.241,0.148,0.424,0.241,0.174,0.148,0.424,0.769,0.148,0.055,0.173,0.055,0.14,0.148,0.186,0.14,0.174,0.171,0.139,0.171,0.173,0.055,0.062,0.075,0.062,0.812,0.075,0.055,0.812,0.034,0.062,0.765,0.368,0.062,0.812,0.922,0.765,0.619,0.765,0.076,0.031,0.396,0.158,0.877,0.158,0.178,0.799,0.799,0.799,0.054,0.877,0.178,0.877,0.396,0.054,0.045,0.614,0.045,0.451,0.451,0.451,0.03,0.544,0.315,0.061,0.367,0.704,0.421,0.367,0.045,0.544,0.33,0.075,0.557,0.33,0.421,0.059,0.042,0.801,0.544,0.41,0.068,0.055,0.629,0.33,0.32,0.629,0.629,0.075,0.643,0.628,0.717,0.643,0.643,0.745,0.071,0.675,0.675,0.689,0.295,0.421,0.63,0.41,0.061,0.793,0.993,0.598,0.647,0.421,0.074,0.653,0.993,0.808,0.044,0.78,0.743,0.151,0.78,0.102,0.838,0.571,0.847,0.255,0.851,0.691,0.143,0.785,0.211,0.691,0.673,0.974,0.805,0.099,0.673,0.967,0.673,0.691,0.803,0.051,0.093,0.061,0.421,0.943,0.468,0.788,0.469,0.056,0.528,0.093,0.581,0.334,0.442,0.408,0.397,0.798,0.769,0.612
0.757,0.757,0.72,0.72,0.08,0.907,0.394,0.409,0.89,0.592,0.409,0.5,0.298,0.08,0.5,0.409,0.298,0.08,0.549,0.298,0.589,0.649,0.589,0.31,0.298,0.394,0.31,0.409,0.43,0.592,0.43,0.649,0.347,0.287,0.371,0.287,0.176,0.371,0.347,0.176,0.957,0.287,0.144,0.367,0.287,0.176,0.366,0.144,0.744,0.144,0.679,0.942,0.653,0.582,0.043,0.582,0.602,0.025,0.025,0.025,0.465,0.043,0.602,0.043,0.653,0.465,0.306,0.86,0.306,0.52,0.52,0.52,0.941,0.061,0.336,0.952,0.542,0.727,0.549,0.542,0.976,0.061,0.59,0.953,0.813,0.59,0.549,0.939,0.986,0.799,0.061,0.329,0.945,0.963,0.432,0.59,0.526,0.432,0.432,0.937,0.464,0.495,0.745,0.464,0.464,0.635,0.898,0.416,0.416,0.369,0.439,0.759,0.935,0.687,0.929,0.788,0.525,0.476,0.934,0.759,0.899,0.936,0.608,0.975,0.958,0.457,0.652,0.347,0.457,0.648,0.978,0.386,0.976,0.488,0.667,0.692,0.321,0.41,0.384,0.692,0.706,0.49,0.855,0.297,0.706,0.868,0.706,0.692,0.741,0.192,0.31,0.118,0.731,0.827,0.57,0.662,0.685,0.127,0.677,0.229,0.671,0.693,0.682,0.604,0.67,0.683,0.739,0.745
0.123,0.123,0.11,0.11,0.732,0.746,0.122,0.071,0.732,0.063,0.071,0.117,0.111,0.732,0.117,0.071,0.111,0.732,0.662,0.111,0.054,0.098,0.054,0.104,0.111,0.122,0.104,0.071,0.092,0.063,0.092,0.098,0.051,0.041,0.059,0.041,0.481,0.059,0.051,0.481,0.391,0.041,0.612,0.668,0.041,0.481,0.619,0.612,0.949,0.612,0.893,0.654,0.415,0.053,0.459,0.053,0.055,0.699,0.699,0.699,0.055,0.459,0.055,0.459,0.415,0.055,0.053,0.922,0.053,0.591,0.591,0.591,0.733,0.716,0.69,0.887,0.463,0.977,0.365,0.463,0.764,0.716,0.465,0.547,0.926,0.465,0.365,0.891,0.726,0.795,0.716,0.703,0.919,0.549,0.421,0.465,0.814,0.421,0.421,0.915,0.537,0.381,0.977,0.537,0.537,0.971,0.917,0.623,0.623,0.562,0.812,0.513,0.908,0.474,0.604,0.805,0.873,0.478,0.914,0.513,0.946,0.911,0.87,0.814,0.752,0.359,0.808,0.134,0.359,0.625,0.823,0.409,0.789,0.693,0.852,0.629,0.394,0.326,0.125,0.629,0.384,0.965,0.062,0.196,0.384,0.852,0.384,0.629,0.059,0.084,0.155,0.097,0.319,0.852,0.438,0.064,0.296,0.092,0.393,0.149,0.407,0.292,0.424,0.721,0.66,0.604,0.787,0.191
0.357,0.357,0.334,0.334,0.135,0.975,0.152,0.359,0.97,0.439,0.359,0.28,0.281,0.135,0.28,0.359,0.281,0.135,0.598,0.281,0.212,0.449,0.212,0.311,0.281,0.152,0.311,0.359,0.416,0.439,0.416,0.449,0.55,0.297,0.143,0.297,0.835,0.143,0.55,0.835,0.924,0.297,0.68,0.477,0.297,0.835,0.571,0.68,0.688,0.68,0.96,0.903,0.82,0.612,0.747,0.612,0.574,0.76,0.76,0.76,0.547,0.747,0.574,0.747,0.82,0.547,0.345,0.588,0.345,0.864,0.864,0.864,0.853,0.508,0.412,0.854,0.876,0.194,0.86,0.876,0.842,0.508,0.81,0.735,0.6,0.81,0.86,0.834,0.854,0.321,0.508,0.429,0.842,0.755,0.873,0.81,0.383,0.873,0.873,0.842,0.858,0.862,0.174,0.858,0.858,0.276,0.831,0.818,0.818,0.691,0.653,0.705,0.857,0.611,0.744,0.313,0.283,0.877,0.843,0.705,0.825,0.829,0.319,0.909,0.774,0.942,0.281,0.573,0.942,0.861,0.892,0.828,0.888,0.629,0.329,0.886,0.492,0.884,0.496,0.886,0.872,0.471,0.306,0.309,0.872,0.425,0.872,0.886,0.294,0.265,0.395,0.285,0.853,0.395,0.671,0.293,0.417,0.288,0.343,0.459,0.354,0.868,0.72,0.61,0.669,0.4,0.425,0.57
0.826,0.826,0.874,0.874,0.563,0.652,0.542,0.336,0.689,0.365,0.336,0.446,0.442,0.563,0.446,0.336,0.442,0.563,0.734,0.442,0.452,0.373,0.452,0.433,0.442,0.542,0.433,0.336,0.331,0.365,0.331,0.373,0.324,0.431,0.467,0.431,0.726,0.467,0.324,0.726,0.955,0.431,0.782,0.803,0.431,0.726,0.651,0.782,0.807,0.782,0.632,0.978,0.129,0.348,0.737,0.348,0.309,0.779,0.779,0.779,0.281,0.737,0.309,0.737,0.129,0.281,0.38,0.762,0.38,0.718,0.718,0.718,0.958,0.586,0.694,0.961,0.469,0.793,0.423,0.469,0.991,0.586,0.718,0.987,0.87,0.718,0.423,0.978,0.989,0.772,0.586,0.7,0.958,0.989,0.891,0.718,0.527,0.891,0.891,0.984,0.805,0.378,0.743,0.805,0.805,0.743,0.973,0.667,0.667,0.77,0.138,0.847,0.416,0.844,0.992,0.816,0.164,0.547,0.493,0.847,0.981,0.426,0.142,0.717,0.989,0.766,0.749,0.247,0.766,0.366,0.635,0.711,0.705,0.197,0.309,0.683,0.238,0.871,0.311,0.683,0.669,0.104,0.522,0.16,0.669,0.491,0.669,0.683,0.503,0.057,0.167,0.086,0.472,0.413,0.409,0.576,0.479,0.074,0.722,0.155,0.633,0.454,0.413,0.441,0.434,0.595,0.711,0.921
0.959,0.959,0.956,0.956,0.947,0.48,0.925,0.859,0.419,0.661,0.859,0.915,0.886,0.947,0.915,0.859,0.886,0.947,0.533,0.886,0.748,0.716,0.748,0.885,0.886,0.925,0.885,0.859,0.853,0.661,0.853,0.716,0.273,0.689,0.81,0.689,0.82,0.81,0.273,0.82,0.134,0.689,0.836,0.205,0.689,0.82,0.643,0.836,0.239,0.836,0.193,0.176,0.695,0.301,0.971,0.301,0.313,0.967,0.967,0.967,0.492,0.971,0.313,0.971,0.695,0.492,0.688,0.255,0.688,0.372,0.372,0.372,0.146,0.667,0.179,0.139,0.636,0.365,0.711,0.636,0.106,0.667,0.857,0.07,0.243,0.857,0.711,0.145,0.102,0.39,0.667,0.186,0.156,0.073,0.437,0.857,0.721,0.437,0.437,0.159,0.485,0.854,0.355,0.485,0.485,0.365,0.13,0.836,0.836,0.816,0.918,0.901,0.468,0.924,0.043,0.391,0.41,0.813,0.552,0.901,0.124,0.5,0.412,0.514,0.093,0.686,0.359,0.909,0.686,0.91,0.592,0.786,0.603,0.896,0.393,0.875,0.984,0.703,0.9,0.875,0.882,0.487,0.05,0.906,0.882,0.313,0.882,0.875,0.048,0.908,0.941,0.876,0.868,0.325,0.948,0.032,0.835,0.86,0.872,0.935,0.903,0.875,0.917,0.937,0.936,0.744,0.661,0.772
0.482,0.482,0.456,0.456,0.886,0.014,0.424,0.56,0.015,0.638,0.56,0.496,0.5,0.886,0.496,0.56,0.5,0.886,0.65,0.5,0.232,0.578,0.232,0.615,0.5,0.424,0.615,0.56,0.629,0.638,0.629,0.578,0.677,0.389,0.246,0.389,0.592,0.246,0.677,0.592,0.037,0.389,0.609,0.034,0.389,0.592,0.588,0.609,0.065,0.609,0.013,0.04,0.568,0.954,0.867,0.954,0.957,0.926,0.926,0.926,0.488,0.867,0.957,0.867,0.568,0.488,0.474,0.039,0.474,0.463,0.463,0.463,0.013,0.555,0.045,0.007,0.413,0.012,0.226,0.413,0.012,0.555,0.721,0.01,0.041,0.721,0.226,0.007,0.014,0.015,0.555,0.047,0.006,0.01,0.242,0.721,0.586,0.242,0.242,0.008,0.15,0.503,0.013,0.15,0.15,0.012,0.004,0.383,0.383,0.368,0.655,0.259,0.003,0.288,0.006,0.016,0.023,0.605,0.003,0.259,0.005,0.003,0.021,0.003,0.006,0.348,0.013,0.159,0.348,0.256,0.003,0.681,0.003,0.479,0.015,0.802,0.163,0.335,0.153,0.802,0.749,0.027,0.497,0.27,0.749,0.017,0.749,0.802,0.509,0.186,0.29,0.17,0.164,0.019,0.227,0.519,0.261,0.161,0.357,0.281,0.404,0.182,0.225,0.188,0.18,0.62,0.506,0.415
0.855,0.855,0.823,0.823,0.831,0.434,0.771,0.776,0.447,0.756,0.776,0.742,0.791,0.831,0.742,0.776,0.791,0.831,0.948,0.791,0.708,0.779,0.708,0.711,0.791,0.771,0.711,0.776,0.719,0.756,0.719,0.779,0.744,0.652,0.652,0.652,0.048,0.652,0.744,0.048,0.934,0.652,0.375,0.206,0.652,0.048,0.956,0.375,0.247,0.375,0.286,0.963,0.638,0.951,0.049,0.951,0.941,0.172,0.172,0.172,0.656,0.049,0.941,0.049,0.638,0.656,0.711,0.278,0.711,0.574,0.574,0.574,0.913,0.647,0.209,0.86,0.081,0.366,0.031,0.081,0.942,0.647,0.767,0.927,0.271,0.767,0.031,0.881,0.922,0.465,0.647,0.226,0.845,0.933,0.1,0.767,0.72,0.1,0.1,0.865,0.038,0.037,0.346,0.038,0.038,0.329,0.673,0.225,0.225,0.302,0.432,0.336,0.628,0.417,0.787,0.505,0.442,0.097,0.661,0.336,0.658,0.658,0.357,0.37,0.791,0.141,0.46,0.497,0.141,0.441,0.521,0.562,0.515,0.42,0.43,0.221,0.457,0.157,0.317,0.221,0.038,0.622,0.198,0.217,0.038,0.493,0.038,0.221,0.179,0.611,0.249,0.675,0.58,0.473,0.664,0.157,0.697,0.701,0.747,0.323,0.738,0.629,0.774,0.652,0.755,0.767,0.798,0.738
0.688,0.688,0.636,0.636,0.082,0.073,0.905,0.95,0.077,0.949,0.95,0.928,0.909,0.082,0.928,0.95,0.909,0.082,0.379,0.909,0.499,0.932,0.499,0.943,0.909,0.905,0.943,0.95,0.939,0.949,0.939,0.932,0.579,0.806,0.844,0.806,0.279,0.844,0.579,0.279,0.949,0.806,0.346,0.405,0.806,0.279,0.397,0.346,0.589,0.346,0.098,0.919,0.214,0.931,0.442,0.931,0.954,0.453,0.453,0.453,0.667,0.442,0.954,0.442,0.214,0.667,0.78,0.421,0.78,0.177,0.177,0.177,0.961,0.075,0.301,0.763,0.497,0.725,0.455,0.497,0.936,0.075,0.038,0.834,0.419,0.038,0.455,0.816,0.936,0.63,0.075,0.354,0.759,0.85,0.486,0.038,0.139,0.486,0.486,0.795,0.462,0.616,0.823,0.462,0.462,0.691,0.805,0.84,0.84,0.877,0.769,0.378,0.917,0.399,0.841,0.676,0.34,0.63,0.841,0.378,0.841,0.85,0.317,0.759,0.906,0.869,0.479,0.143,0.869,0.471,0.801,0.29,0.79,0.78,0.073,0.088,0.231,0.881,0.2,0.088,0.103,0.42,0.734,0.033,0.103,0.106,0.103,0.088,0.684,0.034,0.053,0.054,0.5,0.138,0.51,0.785,0.09,0.048,0.069,0.046,0.059,0.489,0.461,0.53,0.609,0.067,0.042,0.589
0.853,0.853,0.929,0.929,0.532,0.962,0.902,0.729,0.977,0.836,0.729,0.91,0.763,0.532,0.91,0.729,0.763,0.532,0.707,0.763,0.823,0.734,0.823,0.746,0.763,0.902,0.746,0.729,0.711,0.836,0.711,0.734,0.827,0.522,0.525,0.522,0.798,0.525,0.827,0.798,0.741,0.522,0.526,0.528,0.522,0.798,0.683,0.526,0.584,0.526,0.78,0.753,0.377,0.88,0.425,0.88,0.868,0.642,0.642,0.642,0.571,0.425,0.868,0.425,0.377,0.571,0.565,0.875,0.565,0.197,0.197,0.197,0.549,0.28,0.525,0.407,0.316,0.541,0.242,0.316,0.604,0.28,0.513,0.469,0.842,0.513,0.242,0.369,0.55,0.448,0.28,0.652,0.439,0.49,0.24,0.513,0.593,0.24,0.24,0.391,0.266,0.244,0.483,0.266,0.266,0.4,0.262,0.897,0.897,0.867,0.2,0.141,0.155,0.173,0.339,0.365,0.309,0.241,0.134,0.141,0.277,0.138,0.288,0.177,0.461,0.856,0.431,0.303,0.856,0.195,0.149,0.408,0.156,0.27,0.29,0.562,0.318,0.817,0.512,0.562,0.412,0.375,0.852,0.316,0.412,0.448,0.412,0.562,0.848,0.49,0.217,0.443,0.461,0.392,0.406,0.9,0.72,0.382,0.652,0.198,0.653,0.542,0.456,0.476,0.514,0.785,0.74,0.659
0.388,0.388,0.399,0.399,0.804,0.343,0.322,0.616,0.315,0.524,0.616,0.491,0.485,0.804,0.491,0.616,0.485,0.804,0.113,0.485,0.366,0.581,0.366,0.444,0.485,0.322,0.444,0.616,0.561,0.524,0.561,0.581,0.22,0.458,0.282,0.458,0.567,0.282,0.22,0.567,0.868,0.458,0.687,0.82,0.458,0.567,0.143,0.687,0.907,0.687,0.257,0.835,0.652,0.36,0.672,0.36,0.37,0.81,0.81,0.81,0.42,0.672,0.37,0.672,0.652,0.42,0.442,0.776,0.442,0.595,0.595,0.595,0.705,0.728,0.861,0.817,0.616,0.916,0.56,0.616,0.542,0.728,0.648,0.813,0.804,0.648,0.56,0.884,0.519,0.953,0.728,0.834,0.798,0.815,0.627,0.648,0.357,0.627,0.627,0.864,0.288,0.463,0.936,0.288,0.288,0.849,0.931,0.968,0.968,0.964,0.951,0.907,0.971,0.958,0.738,0.943,0.679,0.544,0.972,0.907,0.911,0.972,0.712,0.983,0.671,0.958,0.811,0.903,0.958,0.964,0.977,0.557,0.972,0.926,0.87,0.642,0.908,0.965,0.824,0.642,0.56,0.668,0.779,0.587,0.56,0.957,0.56,0.642,0.787,0.518,0.669,0.45,0.637,0.976,0.784,0.734,0.695,0.464,0.945,0.633,0.941,0.55,0.898,0.704,0.887,0.982,0.984,0.598
0.461,0.461,0.461,0.461,0.874,0.841,0.958,0.961,0.892,0.901,0.961,0.963,0.986,0.874,0.963,0.961,0.986,0.874,0.425,0.986,0.636,0.917,0.636,0.98,0.986,0.958,0.98,0.961,0.987,0.901,0.987,0.917,0.725,0.986,0.953,0.986,0.774,0.953,0.725,0.774,0.996,0.986,0.72,0.862,0.986,0.774,0.446,0.72,0.866,0.72,0.677,0.996,0.607,0.739,0.699,0.739,0.745,0.645,0.645,0.645,0.861,0.699,0.745,0.699,0.607,0.861,0.964,0.904,0.964,0.429,0.429,0.429,1.0,0.745,0.931,0.994,0.328,0.863,0.259,0.328,0.998,0.745,0.699,0.993,0.932,0.699,0.259,0.992,0.996,0.936,0.745,0.895,0.995,0.993,0.266,0.699,0.223,0.266,0.266,0.991,0.156,0.25,0.854,0.156,0.156,0.836,0.99,0.754,0.754,0.82,0.428,0.989,0.726,0.81,0.994,0.903,0.958,0.321,0.635,0.989,0.991,0.707,0.982,0.966,0.997,0.798,0.855,0.42,0.798,0.598,0.952,0.474,0.964,0.473,0.907,0.482,0.384,0.862,0.49,0.482,0.414,0.76,0.273,0.738,0.414,0.934,0.414,0.482,0.255,0.591,0.582,0.492,0.596,0.923,0.381,0.281,0.551,0.507,0.387,0.567,0.322,0.577,0.386,0.398,0.409,0.602,0.734,0.895
0.816,0.816,0.897,0.897,0.929,0.792,0.83,0.54,0.817,0.396,0.54,0.66,0.727,0.929,0.66,0.54,0.727,0.929,0.878,0.727,0.829,0.311,0.829,0.638,0.727,0.83,0.638,0.54,0.402,0.396,0.402,0.311,0.802,0.503,0.689,0.503,0.972,0.689,0.802,0.972,0.11,0.503,0.976,0.384,0.503,0.972,0.961,0.976,0.11,0.976,0.774,0.108,0.99,0.913,0.771,0.913,0.932,0.791,0.791,0.791,0.352,0.771,0.932,0.771,0.99,0.352,0.503,0.088,0.503,0.891,0.891,0.891,0.257,0.972,0.446,0.076,0.945,0.046,0.898,0.945,0.113,0.972,0.979,0.167,0.092,0.979,0.898,0.09,0.164,0.063,0.972,0.452,0.083,0.144,0.779,0.979,0.931,0.779,0.779,0.096,0.797,0.951,0.045,0.797,0.797,0.047,0.315,0.606,0.606,0.59,0.108,0.389,0.807,0.36,0.469,0.064,0.096,0.96,0.854,0.389,0.333,0.843,0.093,0.957,0.249,0.405,0.056,0.193,0.405,0.105,0.97,0.972,0.968,0.058,0.08,0.943,0.187,0.403,0.088,0.943,0.902,0.096,0.135,0.056,0.902,0.089,0.902,0.943,0.143,0.061,0.113,0.058,0.24,0.086,0.445,0.147,0.382,0.077,0.589,0.078,0.632,0.232,0.443,0.47,0.495,0.787,0.748,0.491
0.364,0.364,0.435,0.435,0.635,0.125,0.38,0.341,0.17,0.244,0.341,0.404,0.311,0.635,0.404,0.341,0.311,0.635,0.175,0.311,0.862,0.26,0.862,0.357,0.311,0.38,0.357,0.341,0.361,0.244,0.361,0.26,0.358,0.876,0.836,0.876,0.468,0.836,0.358,0.468,0.228,0.876,0.47,0.642,0.876,0.468,0.117,0.47,0.893,0.47,0.153,0.253,0.235,0.174,0.362,0.174,0.16,0.388,0.388,0.388,0.613,0.362,0.16,0.362,0.235,0.613,0.797,0.859,0.797,0.381,0.381,0.381,0.288,0.749,0.619,0.569,0.363,0.918,0.319,0.363,0.578,0.749,0.129,0.672,0.843,0.129,0.319,0.564,0.605,0.974,0.749,0.584,0.58,0.67,0.304,0.129,0.443,0.304,0.304,0.575,0.332,0.3,0.92,0.332,0.332,0.939,0.519,0.523,0.523,0.576,0.803,0.77,0.762,0.689,0.653,0.984,0.755,0.361,0.636,0.77,0.53,0.643,0.838,0.864,0.52,0.55,0.963,0.44,0.55,0.966,0.713,0.303,0.741,0.867,0.974,0.251,0.412,0.581,0.529,0.251,0.282,0.671,0.274,0.845,0.282,0.976,0.282,0.251,0.265,0.982,0.837,0.982,0.607,0.992,0.712,0.346,0.639,0.984,0.882,0.832,0.893,0.589,0.732,0.699,0.735,0.911,0.905,0.852
0.071,0.071,0.054,0.054,0.447,0.696,0.067,0.048,0.737,0.035,0.048,0.075,0.04,0.447,0.075,0.048,0.04,0.447,0.844,0.04,0.033,0.046,0.033,0.051,0.04,0.067,0.051,0.048,0.065,0.035,0.065,0.046,0.015,0.023,0.041,0.023,0.572,0.041,0.015,0.572,0.525,0.023,0.688,0.08,0.023,0.572,0.843,0.688,0.072,0.688,0.801,0.539,0.293,0.032,0.594,0.032,0.032,0.712,0.712,0.712,0.02,0.594,0.032,0.594,0.293,0.02,0.024,0.124,0.024,0.808,0.808,0.808,0.466,0.425,0.084,0.286,0.536,0.251,0.382,0.536,0.375,0.425,0.382,0.27,0.123,0.382,0.382,0.214,0.261,0.055,0.425,0.089,0.28,0.339,0.587,0.382,0.74,0.587,0.587,0.222,0.631,0.49,0.251,0.631,0.631,0.152,0.189,0.427,0.427,0.56,0.937,0.846,0.636,0.888,0.185,0.057,0.061,0.453,0.638,0.846,0.187,0.622,0.059,0.291,0.242,0.347,0.053,0.584,0.347,0.972,0.451,0.476,0.468,0.928,0.085,0.687,0.573,0.446,0.549,0.687,0.519,0.137,0.297,0.573,0.519,0.092,0.519,0.687,0.335,0.409,0.454,0.473,0.604,0.089,0.624,0.388,0.649,0.461,0.636,0.428,0.648,0.631,0.522,0.579,0.48,0.442,0.454,0.492
0.085,0.085,0.083,0.083,0.547,0.029,0.089,0.069,0.029,0.079,0.069,0.087,0.077,0.547,0.087,0.069,0.077,0.547,0.309,0.077,0.238,0.09,0.238,0.079,0.077,0.089,0.079,0.069,0.068,0.079,0.068,0.09,0.092,0.185,0.228,0.185,0.464,0.228,0.092,0.464,0.102,0.185,0.482,0.293,0.185,0.464,0.371,0.482,0.25,0.482,0.054,0.089,0.437,0.038,0.666,0.038,0.035,0.674,0.674,0.674,0.157,0.666,0.035,0.666,0.437,0.157,0.181,0.265,0.181,0.311,0.311,0.311,0.072,0.718,0.349,0.396,0.465,0.128,0.467,0.465,0.247,0.718,0.534,0.529,0.236,0.534,0.467,0.466,0.248,0.162,0.718,0.347,0.375,0.481,0.417,0.534,0.28,0.417,0.417,0.47,0.513,0.676,0.104,0.513,0.513,0.112,0.489,0.741,0.741,0.753,0.541,0.83,0.113,0.826,0.611,0.152,0.083,0.512,0.128,0.83,0.474,0.13,0.071,0.179,0.267,0.75,0.128,0.635,0.75,0.272,0.169,0.6,0.172,0.836,0.15,0.644,0.752,0.765,0.747,0.644,0.618,0.094,0.792,0.474,0.618,0.191,0.618,0.644,0.796,0.463,0.557,0.455,0.131,0.168,0.113,0.903,0.168,0.539,0.157,0.516,0.152,0.129,0.101,0.104,0.111,0.164,0.197,0.177
0.698,0.698,0.54,0.54,0.465,0.887,0.445,0.928,0.886,0.79,0.928,0.499,0.803,0.465,0.499,0.928,0.803,0.465,0.025,0.803,0.456,0.836,0.456,0.859,0.803,0.445,0.859,0.928,0.874,0.79,0.874,0.836,0.689,0.675,0.327,0.675,0.334,0.327,0.689,0.334,0.548,0.675,0.309,0.189,0.675,0.334,0.043,0.309,0.312,0.309,0.866,0.628,0.072,0.845,0.381,0.845,0.834,0.415,0.415,0.415,0.721,0.381,0.834,0.381,0.072,0.721,0.801,0.497,0.801,0.403,0.403,0.403,0.829,0.609,0.151,0.439,0.066,0.591,0.067,0.066,0.559,0.609,0.404,0.545,0.495,0.404,0.067,0.474,0.719,0.59,0.609,0.142,0.424,0.513,0.361,0.404,0.097,0.361,0.361,0.474,0.349,0.555,0.578,0.349,0.349,0.427,0.521,0.487,0.487,0.465,0.374,0.402,0.449,0.441,0.679,0.59,0.671,0.565,0.399,0.402,0.522,0.399,0.684,0.371,0.753,0.549,0.602,0.089,0.549,0.42,0.259,0.504,0.247,0.415,0.651,0.219,0.07,0.491,0.124,0.219,0.18,0.712,0.646,0.857,0.18,0.634,0.18,0.219,0.617,0.521,0.9,0.459,0.15,0.638,0.136,0.812,0.616,0.467,0.29,0.851,0.349,0.234,0.122,0.102,0.087,0.471,0.364,0.56
0.255,0.255,0.206,0.206,0.262,0.044,0.22,0.136,0.049,0.107,0.136,0.263,0.15,0.262,0.263,0.136,0.15,0.262,0.444,0.15,0.168,0.125,0.168,0.169,0.15,0.22,0.169,0.136,0.132,0.107,0.132,0.125,0.086,0.107,0.169,0.107,0.193,0.169,0.086,0.193,0.049,0.107,0.182,0.529,0.107,0.193,0.413,0.182,0.697,0.182,0.032,0.046,0.136,0.189,0.179,0.189,0.194,0.181,0.181,0.181,0.072,0.179,0.194,0.179,0.136,0.072,0.123,0.833,0.123,0.104,0.104,0.104,0.023,0.281,0.648,0.119,0.107,0.933,0.106,0.107,0.071,0.281,0.203,0.158,0.878,0.203,0.106,0.125,0.069,0.907,0.281,0.505,0.132,0.145,0.142,0.203,0.394,0.142,0.142,0.123,0.137,0.234,0.943,0.137,0.137,0.786,0.108,0.352,0.352,0.333,0.496,0.414,0.027,0.55,0.145,0.912,0.743,0.229,0.029,0.414,0.103,0.028,0.711,0.035,0.071,0.367,0.799,0.697,0.367,0.395,0.034,0.307,0.032,0.465,0.869,0.135,0.636,0.364,0.642,0.135,0.137,0.797,0.23,0.747,0.137,0.938,0.137,0.135,0.228,0.895,0.635,0.922,0.762,0.93,0.659,0.255,0.39,0.93,0.314,0.631,0.302,0.652,0.736,0.646,0.734,0.282,0.335,0.619
0.824,0.824,0.879,0.879,0.372,0.835,0.998,0.92,0.853,0.984,0.92,0.985,0.933,0.372,0.985,0.92,0.933,0.372,0.845,0.933,0.892,0.918,0.892,0.982,0.933,0.998,0.982,0.92,0.96,0.984,0.96,0.918,0.813,0.94,0.98,0.94,0.704,0.98,0.813,0.704,0.99,0.94,0.659,0.883,0.94,0.704,0.926,0.659,0.607,0.659,0.957,0.987,0.828,0.77,0.665,0.77,0.784,0.769,0.769,0.769,0.88,0.665,0.784,0.665,0.828,0.88,0.929,0.611,0.929,0.45,0.45,0.45,0.994,0.726,0.952,0.83,0.385,0.8,0.45,0.385,0.952,0.726,0.452,0.913,0.635,0.452,0.45,0.857,0.961,0.625,0.726,0.94,0.802,0.909,0.308,0.452,0.519,0.308,0.308,0.835,0.297,0.397,0.813,0.297,0.297,0.79,0.794,0.643,0.643,0.76,0.505,0.556,0.473,0.823,0.846,0.635,0.38,0.335,0.465,0.556,0.743,0.48,0.369,0.539,0.988,0.719,0.623,0.445,0.719,0.635,0.456,0.699,0.487,0.496,0.185,0.216,0.635,0.795,0.666,0.216,0.253,0.407,0.874,0.966,0.253,0.2,0.253,0.216,0.845,0.82,0.96,0.709,0.832,0.162,0.899,0.832,0.628,0.797,0.655,0.945,0.66,0.892,0.897,0.978,0.967,0.59,0.61,0.451
0.328,0.328,0.214,0.214,0.964,0.817,0.192,0.407,0.838,0.47,0.407,0.224,0.344,0.964,0.224,0.407,0.344,0.964,0.523,0.344,0.447,0.47,0.447,0.283,0.344,0.192,0.283,0.407,0.345,0.47,0.345,0.47,0.623,0.676,0.22,0.676,0.631,0.22,0.623,0.631,0.871,0.676,0.671,0.081,0.676,0.631,0.396,0.671,0.206,0.671,0.475,0.704,0.981,0.233,0.917,0.233,0.214,0.945,0.945,0.945,0.855,0.917,0.214,0.917,0.981,0.855,0.701,0.118,0.701,0.981,0.981,0.981,0.319,0.95,0.161,0.531,0.997,0.204,0.997,0.997,0.694,0.95,0.927,0.491,0.101,0.927,0.997,0.549,0.622,0.23,0.95,0.107,0.549,0.492,0.947,0.927,0.773,0.947,0.947,0.565,0.922,0.995,0.164,0.922,0.922,0.347,0.546,0.59,0.59,0.663,0.413,0.988,0.674,0.987,0.546,0.165,0.342,0.995,0.734,0.988,0.567,0.747,0.493,0.884,0.725,0.505,0.349,0.357,0.505,0.951,0.922,1.0,0.924,0.486,0.466,0.985,0.326,0.58,0.334,0.985,0.97,0.401,0.192,0.375,0.97,0.34,0.97,0.985,0.203,0.245,0.496,0.237,0.426,0.257,0.464,0.251,0.679,0.231,0.666,0.494,0.667,0.488,0.411,0.465,0.414,0.875,0.883,0.818
0.957,0.957,0.808,0.808,0.72,0.714,0.851,0.986,0.751,0.952,0.986,0.948,0.971,0.72,0.948,0.986,0.971,0.72,0.896,0.971,0.816,0.949,0.816,0.973,0.971,0.851,0.973,0.986,0.99,0.952,0.99,0.949,0.557,0.892,0.803,0.892,0.64,0.803,0.557,0.64,0.774,0.892,0.635,0.247,0.892,0.64,0.923,0.635,0.262,0.635,0.6,0.782,0.525,0.903,0.432,0.903,0.9,0.478,0.478,0.478,0.786,0.432,0.9,0.432,0.525,0.786,0.86,0.234,0.86,0.361,0.361,0.361,0.861,0.872,0.223,0.724,0.242,0.315,0.185,0.242,0.564,0.872,0.495,0.764,0.245,0.495,0.185,0.719,0.565,0.332,0.872,0.224,0.788,0.773,0.118,0.495,0.795,0.118,0.118,0.769,0.106,0.198,0.329,0.106,0.106,0.385,0.809,0.928,0.928,0.803,0.062,0.843,0.623,0.677,0.87,0.303,0.501,0.244,0.627,0.843,0.797,0.636,0.502,0.576,0.586,0.936,0.239,0.477,0.936,0.144,0.581,0.568,0.628,0.062,0.183,0.222,0.461,0.823,0.589,0.222,0.16,0.505,0.44,0.279,0.16,0.15,0.16,0.222,0.465,0.39,0.429,0.292,0.018,0.143,0.011,0.6,0.017,0.287,0.028,0.422,0.026,0.022,0.017,0.015,0.011,0.008,0.012,0.014
0.614,0.614,0.533,0.533,0.696,0.736,0.816,0.89,0.722,0.953,0.89,0.795,0.876,0.696,0.795,0.89,0.876,0.696,0.908,0.876,0.588,0.944,0.588,0.882,0.876,0.816,0.882,0.89,0.888,0.953,0.888,0.944,0.993,0.914,0.833,0.914,0.794,0.833,0.993,0.794,0.597,0.914,0.789,0.822,0.914,0.794,0.89,0.789,0.881,0.789,0.75,0.556,0.8,0.972,0.794,0.972,0.966,0.778,0.778,0.778,0.933,0.794,0.966,0.794,0.8,0.933,0.896,0.749,0.896,0.882,0.882,0.882,0.405,0.731,0.632,0.3,0.787,0.619,0.798,0.787,0.514,0.731,0.667,0.372,0.717,0.667,0.798,0.302,0.524,0.649,0.731,0.695,0.305,0.37,0.84,0.667,0.908,0.84,0.84,0.307,0.854,0.685,0.741,0.854,0.854,0.74,0.199,0.953,0.953,0.981,0.308,0.93,0.488,0.99,0.31,0.763,0.133,0.644,0.468,0.93,0.204,0.456,0.105,0.442,0.409,0.969,0.739,0.994,0.969,0.352,0.497,0.696,0.51,0.325,0.612,0.794,0.986,0.973,0.998,0.794,0.796,0.29,0.406,0.958,0.796,0.661,0.796,0.794,0.404,0.978,0.948,0.972,0.997,0.682,0.954,0.429,1.0,0.983,0.972,0.938,0.974,0.967,0.988,0.946,0.985,0.964,0.927,0.968
0.062,0.062,0.058,0.058,0.517,0.245,0.251,0.232,0.29,0.16,0.232,0.269,0.226,0.517,0.269,0.232,0.226,0.517,0.575,0.226,0.221,0.165,0.221,0.204,0.226,0.251,0.204,0.232,0.224,0.16,0.224,0.165,0.71,0.554,0.611,0.554,0.511,0.611,0.71,0.511,0.132,0.554,0.515,0.298,0.554,0.511,0.583,0.515,0.47,0.515,0.66,0.152,0.332,0.369,0.553,0.369,0.345,0.564,0.564,0.564,0.558,0.553,0.345,0.553,0.332,0.558,0.564,0.449,0.564,0.487,0.487,0.487,0.37,0.43,0.293,0.218,0.412,0.733,0.419,0.412,0.142,0.43,0.355,0.183,0.421,0.355,0.419,0.119,0.154,0.739,0.43,0.283,0.208,0.16,0.558,0.355,0.573,0.558,0.558,0.128,0.618,0.417,0.675,0.618,0.618,0.563,0.167,0.496,0.496,0.628,0.657,0.884,0.563,0.842,0.17,0.694,0.289,0.46,0.515,0.884,0.2,0.509,0.333,0.356,0.243,0.476,0.622,0.23,0.476,0.791,0.322,0.406,0.318,0.633,0.692,0.429,0.175,0.668,0.32,0.429,0.426,0.544,0.136,0.214,0.426,0.756,0.426,0.429,0.121,0.205,0.173,0.184,0.31,0.708,0.294,0.125,0.242,0.204,0.341,0.202,0.323,0.347,0.228,0.255,0.19,0.513,0.463,0.41
0.572,0.572,0.395,0.395,0.789,0.883,0.425,0.389,0.875,0.383,0.389,0.369,0.368,0.789,0.369,0.389,0.368,0.789,0.753,0.368,0.657,0.332,0.657,0.355,0.368,0.425,0.355,0.389,0.34,0.383,0.34,0.332,0.587,0.605,0.632,0.605,0.51,0.632,0.587,0.51,0.81,0.605,0.579,0.493,0.605,0.51,0.712,0.579,0.591,0.579,0.871,0.809,0.359,0.568,0.657,0.568,0.581,0.683,0.683,0.683,0.471,0.657,0.581,0.657,0.359,0.471,0.592,0.502,0.592,0.26,0.26,0.26,0.651,0.56,0.634,0.522,0.577,0.417,0.388,0.577,0.553,0.56,0.491,0.428,0.554,0.491,0.388,0.518,0.503,0.723,0.56,0.667,0.54,0.432,0.475,0.491,0.881,0.475,0.475,0.485,0.381,0.656,0.652,0.381,0.381,0.675,0.446,0.569,0.569,0.554,0.337,0.539,0.26,0.607,0.381,0.723,0.965,0.791,0.207,0.539,0.424,0.224,0.961,0.208,0.463,0.638,0.686,0.856,0.638,0.332,0.197,0.572,0.214,0.402,0.711,0.737,0.826,0.643,0.985,0.737,0.471,0.944,0.445,0.928,0.471,0.745,0.471,0.737,0.435,0.846,0.786,0.883,0.967,0.75,0.873,0.448,0.957,0.887,0.84,0.784,0.82,0.961,0.848,0.863,0.828,0.948,0.955,0.989
0.039,0.039,0.034,0.034,0.527,0.568,0.037,0.025,0.612,0.022,0.025,0.038,0.027,0.527,0.038,0.025,0.027,0.527,0.684,0.027,0.041,0.026,0.041,0.022,0.027,0.037,0.022,0.025,0.026,0.022,0.026,0.026,0.012,0.025,0.033,0.025,0.401,0.033,0.012,0.401,0.588,0.025,0.412,0.698,0.025,0.401,0.74,0.412,0.222,0.412,0.49,0.56,0.341,0.008,0.403,0.008,0.008,0.398,0.398,0.398,0.019,0.403,0.008,0.403,0.341,0.019,0.023,0.147,0.023,0.314,0.314,0.314,0.722,0.614,0.569,0.462,0.494,0.24,0.456,0.494,0.466,0.614,0.294,0.709,0.155,0.294,0.456,0.574,0.573,0.322,0.614,0.575,0.45,0.63,0.354,0.294,0.647,0.354,0.354,0.557,0.417,0.334,0.253,0.417,0.417,0.199,0.478,0.396,0.396,0.558,0.956,0.868,0.978,0.897,0.641,0.294,0.322,0.3,0.99,0.868,0.435,0.98,0.417,0.885,0.438,0.391,0.302,0.729,0.391,0.892,0.881,0.274,0.874,0.947,0.237,0.29,0.786,0.512,0.621,0.29,0.311,0.578,0.63,0.634,0.311,0.265,0.311,0.29,0.622,0.607,0.702,0.626,0.776,0.233,0.893,0.621,0.761,0.621,0.746,0.693,0.76,0.826,0.816,0.902,0.844,0.246,0.243,0.664
0.145,0.145,0.313,0.313,0.086,0.422,0.335,0.603,0.497,0.426,0.603,0.215,0.588,0.086,0.215,0.603,0.588,0.086,0.062,0.588,0.329,0.478,0.329,0.555,0.588,0.335,0.555,0.603,0.575,0.426,0.575,0.478,0.687,0.761,0.431,0.761,0.047,0.431,0.687,0.047,0.662,0.761,0.048,0.724,0.761,0.047,0.059,0.048,0.618,0.048,0.541,0.663,0.031,0.274,0.019,0.274,0.252,0.032,0.032,0.032,0.747,0.019,0.252,0.019,0.031,0.747,0.763,0.826,0.763,0.036,0.036,0.036,0.761,0.126,0.685,0.966,0.065,0.938,0.041,0.065,0.944,0.126,0.021,0.962,0.782,0.021,0.041,0.97,0.959,0.972,0.126,0.685,0.938,0.957,0.019,0.021,0.057,0.019,0.019,0.943,0.021,0.014,0.915,0.021,0.021,0.766,0.946,0.226,0.226,0.261,0.624,0.393,0.404,0.411,0.973,0.948,0.906,0.045,0.426,0.393,0.959,0.421,0.866,0.846,0.962,0.178,0.909,0.397,0.178,0.778,0.644,0.022,0.633,0.59,0.872,0.024,0.327,0.197,0.338,0.024,0.015,0.94,0.867,0.266,0.015,0.921,0.015,0.024,0.876,0.284,0.345,0.207,0.478,0.881,0.641,0.927,0.654,0.215,0.597,0.343,0.604,0.576,0.633,0.633,0.617,0.475,0.496,0.366
0.683,0.683,0.567,0.567,0.15,0.127,0.476,0.542,0.139,0.7,0.542,0.641,0.445,0.15,0.641,0.542,0.445,0.15,0.458,0.445,0.891,0.705,0.891,0.469,0.445,0.476,0.469,0.542,0.494,0.7,0.494,0.705,0.947,0.744,0.87,0.744,0.081,0.87,0.947,0.081,0.144,0.744,0.071,0.133,0.744,0.081,0.412,0.071,0.169,0.071,0.083,0.113,0.263,0.813,0.115,0.813,0.797,0.093,0.093,0.093,0.89,0.115,0.797,0.115,0.263,0.89,0.781,0.12,0.781,0.669,0.669,0.669,0.059,0.133,0.172,0.215,0.335,0.142,0.301,0.335,0.393,0.133,0.083,0.256,0.157,0.083,0.301,0.223,0.342,0.166,0.133,0.16,0.203,0.256,0.614,0.083,0.778,0.614,0.614,0.21,0.598,0.052,0.155,0.598,0.598,0.264,0.11,0.156,0.156,0.136,0.216,0.359,0.287,0.492,0.151,0.18,0.472,0.05,0.302,0.359,0.114,0.303,0.501,0.244,0.154,0.188,0.232,0.263,0.188,0.609,0.252,0.077,0.256,0.24,0.271,0.138,0.383,0.168,0.388,0.138,0.141,0.288,0.514,0.104,0.141,0.21,0.141,0.138,0.442,0.169,0.16,0.233,0.254,0.242,0.302,0.457,0.052,0.219,0.07,0.134,0.062,0.259,0.354,0.296,0.346,0.052,0.078,0.049
0.739,0.739,0.733,0.733,0.948,0.231,0.752,0.892,0.25,0.675,0.892,0.823,0.821,0.948,0.823,0.892,0.821,0.948,0.651,0.821,0.834,0.735,0.834,0.805,0.821,0.752,0.805,0.892,0.834,0.675,0.834,0.735,0.944,0.77,0.771,0.77,0.957,0.771,0.944,0.957,0.602,0.77,0.932,0.904,0.77,0.957,0.664,0.932,0.778,0.932,0.408,0.561,0.705,0.861,0.977,0.861,0.852,0.957,0.957,0.957,0.651,0.977,0.852,0.977,0.705,0.651,0.745,0.877,0.745,0.898,0.898,0.898,0.811,0.914,0.826,0.537,0.803,0.891,0.807,0.803,0.696,0.914,0.796,0.566,0.895,0.796,0.807,0.522,0.584,0.68,0.914,0.725,0.555,0.593,0.97,0.796,0.85,0.97,0.97,0.525,0.977,0.826,0.887,0.977,0.977,0.841,0.579,0.394,0.394,0.468,0.244,0.425,0.382,0.442,0.631,0.579,0.284,0.828,0.434,0.425,0.498,0.515,0.234,0.409,0.672,0.243,0.524,0.266,0.243,0.24,0.464,0.806,0.479,0.221,0.478,0.949,0.267,0.297,0.318,0.949,0.951,0.313,0.367,0.54,0.951,0.61,0.951,0.949,0.366,0.344,0.629,0.369,0.169,0.584,0.183,0.384,0.375,0.38,0.449,0.624,0.44,0.157,0.206,0.192,0.213,0.356,0.388,0.303
0.915,0.915,0.871,0.871,0.625,0.405,0.823,0.938,0.422,0.937,0.938,0.885,0.877,0.625,0.885,0.938,0.877,0.625,0.059,0.877,0.717,0.958,0.717,0.937,0.877,0.823,0.937,0.938,0.981,0.937,0.981,0.958,0.448,0.791,0.697,0.791,0.681,0.697,0.448,0.681,0.697,0.791,0.55,0.027,0.791,0.681,0.041,0.55,0.119,0.55,0.372,0.698,0.315,0.8,0.83,0.8,0.878,0.696,0.696,0.696,0.687,0.83,0.878,0.83,0.315,0.687,0.737,0.18,0.737,0.482,0.482,0.482,0.668,0.411,0.035,0.435,0.435,0.307,0.486,0.435,0.537,0.411,0.582,0.437,0.171,0.582,0.486,0.434,0.539,0.445,0.411,0.034,0.457,0.428,0.696,0.582,0.151,0.696,0.696,0.452,0.688,0.649,0.32,0.688,0.688,0.2,0.403,0.737,0.737,0.758,0.844,0.308,0.109,0.318,0.404,0.449,0.973,0.618,0.105,0.308,0.407,0.112,0.951,0.093,0.505,0.596,0.255,0.344,0.596,0.484,0.135,0.289,0.138,0.849,0.269,0.658,0.34,0.691,0.45,0.658,0.742,0.681,0.426,0.729,0.742,0.564,0.742,0.658,0.431,0.693,0.747,0.639,0.306,0.562,0.221,0.414,0.779,0.641,0.587,0.812,0.611,0.31,0.265,0.356,0.372,0.158,0.317,0.398
0.639,0.639,0.647,0.647,0.62,0.51,0.518,0.634,0.505,0.626,0.634,0.526,0.604,0.62,0.526,0.634,0.604,0.62,0.479,0.604,0.309,0.62,0.309,0.593,0.604,0.518,0.593,0.634,0.651,0.626,0.651,0.62,0.433,0.646,0.366,0.646,0.583,0.366,0.433,0.583,0.779,0.646,0.524,0.595,0.646,0.583,0.483,0.524,0.154,0.524,0.471,0.653,0.565,0.628,0.598,0.628,0.697,0.519,0.519,0.519,0.527,0.598,0.697,0.598,0.565,0.527,0.569,0.135,0.569,0.526,0.526,0.526,0.591,0.536,0.235,0.467,0.517,0.229,0.5,0.517,0.711,0.536,0.584,0.48,0.137,0.584,0.5,0.42,0.645,0.28,0.536,0.242,0.456,0.531,0.297,0.584,0.509,0.297,0.297,0.421,0.274,0.562,0.196,0.274,0.274,0.181,0.373,0.392,0.392,0.237,0.079,0.375,0.229,0.171,0.435,0.332,0.431,0.584,0.241,0.375,0.382,0.236,0.37,0.204,0.417,0.434,0.509,0.091,0.434,0.152,0.256,0.585,0.227,0.067,0.64,0.256,0.135,0.219,0.157,0.256,0.276,0.276,0.211,0.073,0.276,0.471,0.276,0.256,0.204,0.812,0.025,0.768,0.311,0.423,0.359,0.185,0.189,0.682,0.16,0.034,0.148,0.361,0.202,0.338,0.268,0.396,0.424,0.082
0.789,0.789,0.74,0.74,0.87,0.507,0.661,0.572,0.507,0.908,0.572,0.729,0.551,0.87,0.729,0.572,0.551,0.87,0.831,0.551,0.505,0.922,0.505,0.54,0.551,0.661,0.54,0.572,0.578,0.908,0.578,0.922,0.485,0.404,0.487,0.404,0.745,0.487,0.485,0.745,0.819,0.404,0.764,0.64,0.404,0.745,0.966,0.764,0.636,0.764,0.322,0.755,0.659,0.825,0.695,0.825,0.847,0.723,0.723,0.723,0.668,0.695,0.847,0.695,0.659,0.668,0.401,0.963,0.401,0.61,0.61,0.61,0.658,0.932,0.627,0.734,0.488,0.898,0.468,0.488,0.873,0.932,0.776,0.809,0.89,0.776,0.468,0.744,0.883,0.635,0.932,0.647,0.731,0.796,0.53,0.776,0.501,0.53,0.53,0.742,0.538,0.532,0.768,0.538,0.538,0.741,0.812,0.713,0.713,0.705,0.729,0.595,0.707,0.839,0.867,0.508,0.795,0.569,0.571,0.595,0.796,0.613,0.824,0.731,0.84,0.598,0.422,0.6,0.598,0.491,0.652,0.76,0.637,0.801,0.745,0.711,0.494,0.641,0.67,0.711,0.731,0.838,0.525,0.76,0.731,0.722,0.731,0.711,0.51,0.737,0.787,0.801,0.877,0.81,0.856,0.38,0.85,0.774,0.75,0.739,0.768,0.911,0.831,0.712,0.733,0.497,0.598,0.489
0.083,0.083,0.19,0.19,0.592,0.017,0.136,0.396,0.016,0.342,0.396,0.116,0.411,0.592,0.116,0.396,0.411,0.592,0.475,0.411,0.298,0.306,0.298,0.414,0.411,0.136,0.414,0.396,0.377,0.342,0.377,0.306,0.379,0.786,0.268,0.786,0.767,0.268,0.379,0.767,0.115,0.786,0.815,0.407,0.786,0.767,0.602,0.815,0.301,0.815,0.042,0.099,0.872,0.146,0.73,0.146,0.132,0.794,0.794,0.794,0.552,0.73,0.132,0.73,0.872,0.552,0.761,0.114,0.761,0.76,0.76,0.76,0.253,0.712,0.327,0.417,0.912,0.122,0.907,0.912,0.159,0.712,0.483,0.145,0.15,0.483,0.907,0.342,0.167,0.13,0.712,0.265,0.417,0.139,0.882,0.483,0.561,0.882,0.882,0.354,0.875,0.796,0.144,0.875,0.875,0.696,0.506,0.969,0.969,0.983,0.924,0.654,0.168,0.682,0.158,0.167,0.086,0.822,0.211,0.654,0.5,0.208,0.097,0.188,0.158,0.984,0.703,0.092,0.984,0.906,0.242,0.584,0.219,0.901,0.683,0.787,0.066,0.992,0.109,0.787,0.733,0.223,0.011,0.053,0.733,0.161,0.733,0.787,0.009,0.02,0.082,0.014,0.026,0.165,0.02,0.003,0.119,0.014,0.148,0.073,0.167,0.02,0.024,0.019,0.022,0.079,0.095,0.024
0.331,0.331,0.441,0.441,0.264,0.352,0.467,0.354,0.318,0.215,0.354,0.445,0.289,0.264,0.445,0.354,0.289,0.264,0.516,0.289,0.664,0.255,0.664,0.264,0.289,0.467,0.264,0.354,0.329,0.215,0.329,0.255,0.574,0.302,0.348,0.302,0.73,0.348,0.574,0.73,0.145,0.302,0.821,0.796,0.302,0.73,0.824,0.821,0.508,0.821,0.323,0.161,0.524,0.896,0.622,0.896,0.883,0.691,0.691,0.691,0.17,0.622,0.883,0.622,0.524,0.17,0.272,0.532,0.272,0.274,0.274,0.274,0.116,0.375,0.863,0.171,0.546,0.342,0.546,0.546,0.139,0.375,0.341,0.14,0.565,0.341,0.546,0.157,0.171,0.441,0.375,0.866,0.161,0.181,0.386,0.341,0.752,0.386,0.386,0.163,0.382,0.575,0.413,0.382,0.382,0.311,0.246,0.66,0.66,0.766,0.917,0.173,0.747,0.235,0.18,0.507,0.43,0.561,0.819,0.173,0.208,0.804,0.472,0.862,0.221,0.539,0.366,0.307,0.539,0.234,0.813,0.423,0.816,0.857,0.469,0.596,0.288,0.642,0.3,0.596,0.657,0.394,0.7,0.295,0.657,0.45,0.657,0.596,0.706,0.322,0.38,0.409,0.217,0.533,0.264,0.787,0.198,0.406,0.466,0.333,0.463,0.218,0.25,0.246,0.241,0.25,0.255,0.225
0.721,0.721,0.717,0.717,0.646,0.655,0.693,0.698,0.6,0.843,0.698,0.663,0.714,0.646,0.663,0.698,0.714,0.646,0.613,0.714,0.305,0.765,0.305,0.659,0.714,0.693,0.659,0.698,0.684,0.843,0.684,0.765,0.751,0.623,0.579,0.623,0.169,0.579,0.751,0.169,0.426,0.623,0.245,0.113,0.623,0.169,0.6,0.245,0.113,0.245,0.519,0.351,0.9,0.777,0.203,0.777,0.836,0.427,0.427,0.427,0.739,0.203,0.836,0.203,0.9,0.739,0.598,0.168,0.598,0.971,0.971,0.971,0.138,0.436,0.091,0.329,0.752,0.168,0.41,0.752,0.386,0.436,0.736,0.298,0.125,0.736,0.41,0.234,0.383,0.31,0.436,0.085,0.348,0.36,0.744,0.736,0.738,0.744,0.744,0.255,0.612,0.387,0.162,0.612,0.612,0.258,0.161,0.288,0.288,0.422,0.199,0.464,0.182,0.478,0.189,0.266,0.313,0.615,0.229,0.464,0.177,0.212,0.338,0.15,0.219,0.308,0.292,0.613,0.308,0.346,0.222,0.903,0.211,0.276,0.225,0.702,0.592,0.457,0.583,0.702,0.208,0.344,0.976,0.372,0.208,0.24,0.208,0.702,0.983,0.554,0.376,0.463,0.491,0.226,0.545,0.989,0.322,0.483,0.696,0.354,0.639,0.555,0.557,0.524,0.535,0.622,0.66,0.747
0.442,0.442,0.406,0.406,0.315,0.654,0.625,0.59,0.668,0.436,0.59,0.649,0.553,0.315,0.649,0.59,0.553,0.315,0.404,0.553,0.383,0.5,0.383,0.537,0.553,0.625,0.537,0.59,0.59,0.436,0.59,0.5,0.487,0.573,0.756,0.573,0.392,0.756,0.487,0.392,0.009,0.573,0.312,0.01,0.573,0.392,0.439,0.312,0.005,0.312,0.63,0.007,0.31,0.407,0.475,0.407,0.413,0.499,0.499,0.499,0.586,0.475,0.413,0.475,0.31,0.586,0.59,0.004,0.59,0.225,0.225,0.225,0.003,0.451,0.008,0.011,0.218,0.004,0.161,0.218,0.02,0.451,0.376,0.016,0.004,0.376,0.161,0.012,0.015,0.01,0.451,0.01,0.011,0.013,0.128,0.376,0.34,0.128,0.128,0.012,0.112,0.225,0.004,0.112,0.112,0.004,0.006,0.381,0.381,0.42,0.311,0.494,0.002,0.494,0.011,0.005,0.004,0.253,0.002,0.494,0.01,0.002,0.004,0.002,0.017,0.213,0.005,0.219,0.213,0.678,0.002,0.326,0.002,0.261,0.006,0.443,0.197,0.245,0.306,0.443,0.351,0.002,0.402,0.087,0.351,0.007,0.351,0.443,0.407,0.225,0.061,0.22,0.682,0.004,0.582,0.48,0.312,0.225,0.21,0.065,0.226,0.658,0.672,0.597,0.642,0.248,0.232,0.425
0.202,0.202,0.183,0.183,0.068,0.282,0.102,0.154,0.283,0.122,0.154,0.077,0.152,0.068,0.077,0.154,0.152,0.068,0.069,0.152,0.165,0.155,0.165,0.15,0.152,0.102,0.15,0.154,0.163,0.122,0.163,0.155,0.295,0.283,0.123,0.283,0.027,0.123,0.295,0.027,0.005,0.283,0.021,0.42,0.283,0.027,0.02,0.021,0.709,0.021,0.314,0.006,0.038,0.214,0.014,0.214,0.208,0.013,0.013,0.013,0.217,0.014,0.208,0.014,0.038,0.217,0.297,0.668,0.297,0.027,0.027,0.027,0.008,0.091,0.401,0.006,0.055,0.992,0.058,0.055,0.005,0.091,0.014,0.003,0.656,0.014,0.058,0.004,0.005,0.92,0.091,0.396,0.008,0.004,0.034,0.014,0.043,0.034,0.034,0.005,0.033,0.063,0.978,0.033,0.033,0.976,0.007,0.075,0.075,0.127,0.363,0.218,0.173,0.188,0.007,0.909,0.957,0.057,0.16,0.218,0.009,0.162,0.985,0.196,0.005,0.117,0.824,0.495,0.117,0.279,0.186,0.047,0.187,0.356,0.821,0.037,0.547,0.126,0.518,0.037,0.04,0.946,0.428,0.233,0.04,0.973,0.04,0.037,0.418,0.152,0.457,0.168,0.104,0.941,0.083,0.451,0.281,0.167,0.332,0.463,0.357,0.156,0.092,0.095,0.1,0.44,0.405,0.148
0.152,0.152,0.135,0.135,0.438,0.574,0.167,0.112,0.581,0.099,0.112,0.207,0.134,0.438,0.207,0.112,0.134,0.438,0.509,0.134,0.098,0.071,0.098,0.116,0.134,0.167,0.116,0.112,0.086,0.099,0.086,0.071,0.035,0.083,0.137,0.083,0.652,0.137,0.035,0.652,0.444,0.083,0.642,0.561,0.083,0.652,0.511,0.642,0.367,0.642,0.654,0.513,0.278,0.058,0.49,0.058,0.057,0.468,0.468,0.468,0.029,0.49,0.057,0.49,0.278,0.029,0.068,0.275,0.068,0.727,0.727,0.727,0.359,0.653,0.433,0.299,0.571,0.702,0.561,0.571,0.23,0.653,0.198,0.378,0.345,0.198,0.561,0.346,0.298,0.705,0.653,0.552,0.284,0.318,0.741,0.198,0.463,0.741,0.741,0.343,0.782,0.331,0.636,0.782,0.782,0.383,0.258,0.451,0.451,0.479,0.734,0.603,0.144,0.617,0.265,0.698,0.273,0.322,0.137,0.603,0.252,0.12,0.238,0.059,0.233,0.472,0.274,0.053,0.472,0.853,0.048,0.183,0.052,0.71,0.384,0.351,0.05,0.497,0.111,0.351,0.35,0.151,0.631,0.161,0.35,0.685,0.35,0.351,0.634,0.18,0.131,0.214,0.255,0.7,0.25,0.618,0.523,0.203,0.537,0.142,0.557,0.297,0.207,0.232,0.191,0.691,0.706,0.506
0.553,0.553,0.42,0.42,0.516,0.385,0.637,0.795,0.305,0.651,0.795,0.728,0.754,0.516,0.728,0.795,0.754,0.516,0.945,0.754,0.374,0.699,0.374,0.752,0.754,0.637,0.752,0.795,0.786,0.651,0.786,0.699,0.794,0.792,0.737,0.792,0.38,0.737,0.794,0.38,0.862,0.792,0.654,0.513,0.792,0.38,0.933,0.654,0.69,0.654,0.42,0.726,0.306,0.683,0.192,0.683,0.693,0.319,0.319,0.319,0.726,0.192,0.693,0.192,0.306,0.726,0.779,0.831,0.779,0.162,0.162,0.162,0.982,0.652,0.507,0.963,0.279,0.225,0.22,0.279,0.919,0.652,0.303,0.973,0.798,0.303,0.22,0.964,0.905,0.374,0.652,0.545,0.946,0.971,0.229,0.303,0.911,0.229,0.229,0.947,0.3,0.26,0.169,0.3,0.3,0.404,0.959,0.669,0.669,0.687,0.508,0.371,0.378,0.367,0.966,0.293,0.784,0.318,0.497,0.371,0.95,0.586,0.886,0.647,0.961,0.422,0.392,0.446,0.422,0.392,0.75,0.308,0.753,0.456,0.332,0.194,0.458,0.467,0.51,0.194,0.161,0.611,0.444,0.702,0.161,0.312,0.161,0.194,0.429,0.655,0.688,0.696,0.72,0.264,0.85,0.387,0.174,0.618,0.19,0.711,0.225,0.712,0.778,0.844,0.76,0.168,0.216,0.572
0.509,0.509,0.718,0.718,0.259,0.034,0.783,0.578,0.032,0.588,0.578,0.743,0.752,0.259,0.743,0.578,0.752,0.259,0.158,0.752,0.529,0.515,0.529,0.721,0.752,0.783,0.721,0.578,0.67,0.588,0.67,0.515,0.588,0.438,0.528,0.438,0.166,0.528,0.588,0.166,0.204,0.438,0.195,0.236,0.438,0.166,0.177,0.195,0.121,0.195,0.059,0.188,0.444,0.637,0.273,0.637,0.616,0.29,0.29,0.29,0.398,0.273,0.616,0.273,0.444,0.398,0.466,0.08,0.466,0.405,0.405,0.405,0.208,0.228,0.144,0.588,0.476,0.093,0.487,0.476,0.312,0.228,0.361,0.227,0.098,0.361,0.487,0.557,0.308,0.062,0.228,0.123,0.496,0.262,0.369,0.361,0.196,0.369,0.369,0.476,0.365,0.536,0.091,0.365,0.365,0.12,0.503,0.012,0.012,0.007,0.011,0.029,0.138,0.03,0.212,0.049,0.012,0.53,0.144,0.029,0.502,0.143,0.015,0.079,0.307,0.023,0.063,0.241,0.023,0.014,0.087,0.485,0.089,0.009,0.068,0.362,0.246,0.009,0.305,0.362,0.359,0.02,0.009,0.31,0.359,0.082,0.359,0.362,0.006,0.455,0.317,0.475,0.287,0.075,0.288,0.01,0.303,0.474,0.43,0.3,0.424,0.29,0.241,0.294,0.233,0.206,0.188,0.195
0.825,0.825,0.7,0.7,0.466,0.933,0.992,0.946,0.949,0.849,0.946,0.992,0.954,0.466,0.992,0.946,0.954,0.466,0.307,0.954,0.865,0.834,0.865,0.933,0.954,0.992,0.933,0.946,0.923,0.849,0.923,0.834,0.648,0.976,0.999,0.976,0.393,0.999,0.648,0.393,0.675,0.976,0.377,0.993,0.976,0.393,0.307,0.377,0.932,0.377,0.959,0.677,0.358,0.495,0.33,0.495,0.5,0.299,0.299,0.299,0.939,0.33,0.5,0.33,0.358,0.939,0.968,0.982,0.968,0.297,0.297,0.297,0.833,0.48,1.0,0.775,0.086,0.864,0.107,0.086,0.859,0.48,0.268,0.86,0.981,0.268,0.107,0.799,0.87,0.683,0.48,0.998,0.768,0.851,0.031,0.268,0.228,0.031,0.031,0.797,0.09,0.13,0.867,0.09,0.09,0.877,0.877,0.471,0.471,0.379,0.14,0.176,0.526,0.234,0.924,0.675,0.428,0.096,0.516,0.176,0.86,0.523,0.428,0.52,0.971,0.464,0.775,0.917,0.464,0.149,0.578,0.347,0.569,0.167,0.6,0.047,0.945,0.349,0.991,0.047,0.127,0.548,0.548,0.933,0.127,0.55,0.127,0.047,0.55,0.945,0.908,0.977,0.828,0.588,0.59,0.567,0.782,0.963,0.849,0.882,0.847,0.7,0.604,0.661,0.678,0.762,0.76,0.727
0.384,0.384,0.299,0.299,0.596,0.174,0.427,0.351,0.164,0.184,0.351,0.502,0.271,0.596,0.502,0.351,0.271,0.596,0.62,0.271,0.265,0.2,0.265,0.255,0.271,0.427,0.255,0.351,0.341,0.184,0.341,0.2,0.155,0.222,0.4,0.222,0.577,0.4,0.155,0.577,0.356,0.222,0.636,0.988,0.222,0.577,0.647,0.636,0.316,0.636,0.175,0.404,0.676,0.23,0.419,0.23,0.241,0.577,0.577,0.577,0.149,0.419,0.241,0.419,0.676,0.149,0.227,0.335,0.227,0.386,0.386,0.386,0.426,0.669,0.993,0.46,0.953,0.394,0.886,0.953,0.471,0.669,0.413,0.475,0.351,0.413,0.886,0.402,0.417,0.455,0.669,0.982,0.442,0.527,0.896,0.413,0.737,0.896,0.896,0.395,0.89,0.613,0.335,0.89,0.89,0.423,0.355,0.216,0.216,0.227,0.392,0.466,0.348,0.453,0.42,0.393,0.545,0.726,0.371,0.466,0.332,0.365,0.562,0.399,0.295,0.229,0.433,0.099,0.229,0.606,0.412,0.522,0.411,0.367,0.373,0.412,0.085,0.239,0.078,0.412,0.405,0.437,0.149,0.606,0.405,0.429,0.405,0.412,0.134,0.368,0.507,0.319,0.32,0.411,0.348,0.176,0.263,0.336,0.322,0.639,0.312,0.32,0.324,0.329,0.315,0.468,0.582,0.199
0.035,0.035,0.084,0.084,0.978,0.945,0.075,0.067,0.943,0.06,0.067,0.089,0.067,0.978,0.089,0.067,0.067,0.978,0.955,0.067,0.047,0.039,0.047,0.071,0.067,0.075,0.071,0.067,0.082,0.06,0.082,0.039,0.018,0.059,0.076,0.059,0.898,0.076,0.018,0.898,0.028,0.059,0.95,0.461,0.059,0.898,0.949,0.95,0.532,0.95,0.928,0.026,0.986,0.013,0.929,0.013,0.014,0.973,0.973,0.973,0.048,0.929,0.014,0.929,0.986,0.048,0.062,0.455,0.062,0.948,0.948,0.948,0.014,0.977,0.522,0.085,0.929,0.52,0.921,0.929,0.048,0.977,0.995,0.079,0.601,0.995,0.921,0.082,0.051,0.603,0.977,0.558,0.084,0.075,0.877,0.995,0.944,0.877,0.877,0.077,0.851,0.907,0.564,0.851,0.851,0.451,0.052,0.492,0.492,0.353,0.073,0.565,0.118,0.566,0.052,0.575,0.068,0.904,0.152,0.565,0.049,0.158,0.067,0.147,0.027,0.395,0.443,0.772,0.395,0.141,0.199,0.983,0.2,0.081,0.419,0.969,0.63,0.284,0.892,0.969,0.975,0.098,0.766,0.912,0.975,0.711,0.975,0.969,0.767,0.901,0.945,0.881,0.883,0.672,0.83,0.89,0.555,0.889,0.553,0.958,0.517,0.885,0.863,0.85,0.83,0.319,0.313,0.976
0.254,0.254,0.205,0.205,0.296,0.766,0.191,0.255,0.761,0.166,0.255,0.216,0.189,0.296,0.216,0.255,0.189,0.296,0.903,0.189,0.138,0.204,0.138,0.184,0.189,0.191,0.184,0.255,0.247,0.166,0.247,0.204,0.139,0.162,0.121,0.162,0.271,0.121,0.139,0.271,0.9,0.162,0.074,0.271,0.162,0.271,0.931,0.074,0.194,0.074,0.757,0.822,0.014,0.184,0.152,0.184,0.186,0.056,0.056,0.056,0.167,0.152,0.186,0.152,0.014,0.167,0.157,0.288,0.157,0.017,0.017,0.017,0.652,0.254,0.262,0.654,0.009,0.169,0.015,0.009,0.77,0.254,0.127,0.748,0.258,0.127,0.015,0.727,0.718,0.2,0.254,0.251,0.699,0.7,0.027,0.127,0.999,0.027,0.027,0.788,0.032,0.079,0.127,0.032,0.032,0.11,0.666,0.036,0.036,0.029,0.026,0.067,0.383,0.056,0.704,0.155,0.499,0.039,0.381,0.067,0.679,0.369,0.367,0.324,0.739,0.053,0.119,0.133,0.053,0.042,0.341,0.057,0.427,0.028,0.115,0.034,0.162,0.042,0.142,0.034,0.084,0.14,0.267,0.643,0.084,0.255,0.084,0.034,0.226,0.638,0.526,0.633,0.375,0.201,0.344,0.243,0.851,0.63,0.662,0.491,0.669,0.367,0.347,0.401,0.41,0.43,0.537,0.704
0.897,0.897,0.936,0.936,0.819,0.899,0.946,0.914,0.908,0.789,0.914,0.969,0.916,0.819,0.969,0.914,0.916,0.819,0.326,0.916,0.971,0.799,0.971,0.884,0.916,0.946,0.884,0.914,0.889,0.789,0.889,0.799,0.638,0.96,0.993,0.96,0.958,0.993,0.638,0.958,0.319,0.96,0.977,0.878,0.96,0.958,0.294,0.977,0.885,0.977,0.925,0.234,0.331,0.536,0.932,0.536,0.513,0.972,0.972,0.972,0.911,0.932,0.513,0.932,0.331,0.911,0.958,0.846,0.958,0.201,0.201,0.201,0.667,0.857,0.878,0.604,0.765,0.934,0.809,0.765,0.668,0.857,0.605,0.688,0.913,0.605,0.809,0.496,0.635,0.929,0.857,0.852,0.59,0.712,0.364,0.605,0.276,0.364,0.364,0.491,0.644,0.894,0.937,0.644,0.644,0.803,0.627,0.993,0.993,0.999,0.746,0.948,0.717,0.91,0.699,0.95,0.735,0.807,0.669,0.948,0.623,0.667,0.723,0.718,0.726,0.987,0.895,0.376,0.987,0.669,0.784,0.316,0.761,0.769,0.86,0.957,0.476,0.995,0.178,0.957,0.901,0.908,0.703,0.183,0.901,0.65,0.901,0.957,0.7,0.079,0.164,0.076,0.297,0.756,0.408,0.73,0.516,0.076,0.637,0.156,0.643,0.284,0.296,0.436,0.365,0.463,0.47,0.364
0.094,0.094,0.117,0.117,0.932,0.086,0.074,0.052,0.107,0.068,0.052,0.085,0.059,0.932,0.085,0.052,0.059,0.932,0.511,0.059,0.471,0.061,0.471,0.049,0.059,0.074,0.049,0.052,0.053,0.068,0.053,0.061,0.172,0.418,0.394,0.418,0.846,0.394,0.172,0.846,0.03,0.418,0.751,0.898,0.418,0.846,0.493,0.751,0.668,0.751,0.375,0.077,0.94,0.039,0.587,0.039,0.036,0.58,0.58,0.58,0.372,0.587,0.036,0.587,0.94,0.372,0.407,0.839,0.407,0.871,0.871,0.871,0.071,0.818,0.887,0.043,0.773,0.385,0.71,0.773,0.034,0.818,0.923,0.103,0.816,0.923,0.71,0.087,0.06,0.461,0.818,0.891,0.048,0.059,0.683,0.923,0.294,0.683,0.683,0.08,0.65,0.683,0.36,0.65,0.65,0.344,0.19,0.617,0.617,0.416,0.604,0.116,0.048,0.1,0.232,0.415,0.1,0.715,0.064,0.116,0.196,0.067,0.098,0.056,0.231,0.471,0.34,0.915,0.471,0.084,0.075,0.864,0.082,0.483,0.35,0.789,0.867,0.27,0.886,0.789,0.758,0.076,0.604,0.99,0.758,0.467,0.758,0.789,0.596,0.923,0.992,0.943,0.97,0.409,0.94,0.661,0.976,0.94,0.903,0.994,0.898,0.976,0.93,0.901,0.897,0.992,0.977,0.948
0.744,0.744,0.978,0.978,0.603,0.892,0.857,0.447,0.9,0.667,0.447,0.659,0.742,0.603,0.659,0.447,0.742,0.603,0.398,0.742,0.52,0.353,0.52,0.654,0.742,0.857,0.654,0.447,0.412,0.667,0.412,0.353,0.37,0.397,0.432,0.397,0.451,0.432,0.37,0.451,0.78,0.397,0.525,0.409,0.397,0.451,0.459,0.525,0.849,0.525,0.796,0.779,0.582,0.325,0.591,0.325,0.344,0.618,0.618,0.618,0.282,0.591,0.344,0.591,0.582,0.282,0.372,0.628,0.372,0.643,0.643,0.643,0.74,0.44,0.233,0.476,0.631,0.842,0.641,0.631,0.739,0.44,0.643,0.556,0.624,0.643,0.641,0.43,0.723,0.914,0.44,0.26,0.429,0.578,0.666,0.643,0.154,0.666,0.666,0.409,0.684,0.586,0.789,0.684,0.684,0.899,0.38,0.644,0.644,0.774,0.968,0.692,0.218,0.479,0.459,0.964,0.944,0.581,0.215,0.692,0.36,0.204,0.938,0.199,0.63,0.529,0.864,0.232,0.529,0.703,0.176,0.502,0.168,0.954,0.914,0.549,0.133,0.632,0.232,0.549,0.684,0.909,0.975,0.237,0.684,0.969,0.684,0.549,0.981,0.247,0.126,0.217,0.457,0.982,0.47,0.958,0.366,0.209,0.53,0.185,0.544,0.482,0.467,0.289,0.292,0.558,0.633,0.522
0.006,0.006,0.009,0.009,0.442,0.036,0.006,0.072,0.044,0.057,0.072,0.005,0.045,0.442,0.005,0.072,0.045,0.442,0.907,0.045,0.004,0.065,0.004,0.065,0.045,0.006,0.065,0.072,0.081,0.057,0.081,0.065,0.025,0.035,0.002,0.035,0.597,0.002,0.025,0.597,0.506,0.035,0.611,0.771,0.035,0.597,0.93,0.611,0.924,0.611,0.038,0.269,0.294,0.057,0.44,0.057,0.058,0.437,0.437,0.437,0.036,0.44,0.058,0.44,0.294,0.036,0.04,0.95,0.04,0.984,0.984,0.984,0.799,0.821,0.843,0.636,0.133,0.802,0.116,0.133,0.374,0.821,0.455,0.502,0.936,0.455,0.116,0.67,0.331,0.798,0.821,0.839,0.62,0.489,0.94,0.455,0.603,0.94,0.94,0.645,0.953,0.753,0.794,0.953,0.953,0.802,0.717,0.673,0.673,0.725,0.878,0.922,0.721,0.938,0.555,0.664,0.616,0.75,0.713,0.922,0.66,0.704,0.605,0.54,0.329,0.655,0.815,0.664,0.655,0.97,0.59,0.754,0.581,0.875,0.725,0.45,0.631,0.699,0.737,0.45,0.475,0.794,0.5,0.645,0.475,0.616,0.475,0.45,0.443,0.447,0.661,0.527,0.348,0.581,0.127,0.381,0.598,0.41,0.251,0.544,0.289,0.349,0.131,0.146,0.139,0.578,0.367,0.719
0.408,0.408,0.392,0.392,0.743,0.726,0.735,0.672,0.776,0.431,0.672,0.695,0.735,0.743,0.695,0.672,0.735,0.743,0.803,0.735,0.784,0.39,0.784,0.76,0.735,0.735,0.76,0.672,0.687,0.431,0.687,0.39,0.965,0.639,0.657,0.639,0.913,0.657,0.965,0.913,0.573,0.639,0.847,0.059,0.639,0.913,0.675,0.847,0.068,0.847,0.583,0.525,0.988,0.992,0.643,0.992,0.991,0.734,0.734,0.734,0.418,0.643,0.991,0.643,0.988,0.418,0.625,0.189,0.625,0.868,0.868,0.868,0.723,0.709,0.074,0.648,0.965,0.36,0.985,0.965,0.519,0.709,0.518,0.551,0.249,0.518,0.985,0.649,0.568,0.484,0.709,0.072,0.624,0.501,0.92,0.518,0.723,0.92,0.92,0.625,0.955,0.252,0.374,0.955,0.955,0.281,0.587,0.922,0.922,0.972,0.98,0.97,0.942,0.965,0.51,0.438,0.521,0.249,0.95,0.97,0.563,0.94,0.507,0.927,0.599,0.951,0.387,0.4,0.951,0.944,0.948,0.337,0.948,0.983,0.446,0.508,0.371,0.956,0.521,0.508,0.442,0.3,0.137,0.345,0.442,0.552,0.442,0.508,0.093,0.253,0.359,0.216,0.75,0.527,0.626,0.086,0.808,0.213,0.917,0.313,0.913,0.6,0.767,0.603,0.767,0.816,0.812,0.795
1.0,1.0,1.0,1.0,0.227,0.004,0.97,0.963,0.004,0.882,0.963,0.98,0.94,0.227,0.98,0.963,0.94,0.227,0.872,0.94,0.953,0.911,0.953,0.962,0.94,0.97,0.962,0.963,0.955,0.882,0.955,0.911,0.645,0.832,0.893,0.832,0.922,0.893,0.645,0.922,0.025,0.832,0.966,0.005,0.832,0.922,0.749,0.966,0.018,0.966,0.005,0.024,0.851,0.907,0.904,0.907,0.944,0.843,0.843,0.843,0.673,0.904,0.944,0.904,0.851,0.673,0.81,0.024,0.81,0.583,0.583,0.583,0.024,0.118,0.006,0.035,0.823,0.062,0.825,0.823,0.075,0.118,0.692,0.049,0.024,0.692,0.825,0.03,0.062,0.088,0.118,0.006,0.04,0.08,0.563,0.692,0.269,0.563,0.563,0.036,0.595,0.735,0.062,0.595,0.595,0.041,0.016,0.98,0.98,0.969,0.288,0.044,0.31,0.045,0.026,0.084,0.153,0.733,0.352,0.044,0.006,0.331,0.156,0.4,0.039,0.965,0.049,0.951,0.965,0.059,0.472,0.807,0.503,0.286,0.1,0.471,0.934,0.926,0.926,0.471,0.467,0.138,0.169,0.952,0.467,0.093,0.467,0.471,0.153,0.885,0.969,0.872,0.751,0.091,0.698,0.228,0.603,0.877,0.706,0.962,0.699,0.72,0.663,0.808,0.808,0.692,0.667,0.53
0.095,0.095,0.31,0.31,0.71,0.163,0.224,0.135,0.127,0.206,0.135,0.092,0.29,0.71,0.092,0.135,0.29,0.71,0.942,0.29,0.214,0.14,0.214,0.22,0.29,0.224,0.22,0.135,0.131,0.206,0.131,0.14,0.57,0.361,0.265,0.361,0.256,0.265,0.57,0.256,0.748,0.361,0.3,0.759,0.361,0.256,0.928,0.3,0.634,0.3,0.171,0.803,0.645,0.429,0.29,0.429,0.421,0.404,0.404,0.404,0.265,0.29,0.421,0.29,0.645,0.265,0.322,0.447,0.322,0.401,0.401,0.401,0.804,0.458,0.77,0.398,0.448,0.641,0.155,0.448,0.483,0.458,0.438,0.431,0.453,0.438,0.155,0.452,0.534,0.774,0.458,0.747,0.437,0.376,0.276,0.438,0.805,0.276,0.276,0.482,0.089,0.09,0.499,0.089,0.089,0.445,0.39,0.027,0.027,0.016,0.03,0.011,0.167,0.009,0.39,0.7,0.696,0.231,0.156,0.011,0.429,0.251,0.724,0.108,0.398,0.018,0.585,0.295,0.018,0.034,0.174,0.554,0.19,0.029,0.528,0.199,0.218,0.014,0.509,0.199,0.065,0.651,0.162,0.443,0.065,0.726,0.065,0.199,0.168,0.352,0.231,0.196,0.744,0.744,0.752,0.17,0.496,0.21,0.372,0.293,0.288,0.724,0.79,0.724,0.699,0.63,0.768,0.804
0.539,0.539,0.465,0.465,0.053,0.862,0.543,0.48,0.887,0.305,0.48,0.639,0.407,0.053,0.639,0.48,0.407,0.053,0.104,0.407,0.526,0.382,0.526,0.439,0.407,0.543,0.439,0.48,0.508,0.305,0.508,0.382,0.555,0.453,0.64,0.453,0.073,0.64,0.555,0.073,0.79,0.453,0.039,0.646,0.453,0.073,0.053,0.039,0.501,0.039,0.885,0.812,0.064,0.701,0.092,0.701,0.716,0.039,0.039,0.039,0.393,0.092,0.716,0.092,0.064,0.393,0.454,0.48,0.454,0.195,0.195,0.195,0.648,0.102,0.747,0.774,0.074,0.728,0.057,0.074,0.822,0.102,0.105,0.841,0.498,0.105,0.057,0.786,0.834,0.732,0.102,0.769,0.762,0.825,0.181,0.105,0.207,0.181,0.181,0.76,0.256,0.086,0.748,0.256,0.256,0.737,0.821,0.005,0.005,0.006,0.261,0.159,0.758,0.167,0.825,0.752,0.937,0.098,0.753,0.159,0.798,0.724,0.934,0.843,0.826,0.014,0.781,0.704,0.014,0.323,0.854,0.086,0.81,0.279,0.891,0.081,0.658,0.02,0.832,0.081,0.119,0.948,0.62,0.581,0.119,0.906,0.119,0.081,0.588,0.73,0.598,0.677,0.834,0.907,0.652,0.594,0.627,0.699,0.714,0.478,0.73,0.732,0.821,0.635,0.765,0.83,0.843,0.72
0.143,0.143,0.285,0.285,0.826,0.024,0.171,0.068,0.021,0.053,0.068,0.11,0.13,0.826,0.11,0.068,0.13,0.826,0.866,0.13,0.235,0.023,0.235,0.087,0.13,0.171,0.087,0.068,0.047,0.053,0.047,0.023,0.463,0.088,0.084,0.088,0.939,0.084,0.463,0.939,0.119,0.088,0.935,0.585,0.088,0.939,0.8,0.935,0.551,0.935,0.019,0.118,0.845,0.13,0.703,0.13,0.116,0.721,0.721,0.721,0.053,0.703,0.116,0.703,0.845,0.053,0.072,0.69,0.072,0.968,0.968,0.968,0.099,0.865,0.496,0.394,0.871,0.671,0.847,0.871,0.193,0.865,0.716,0.219,0.56,0.716,0.847,0.316,0.168,0.796,0.865,0.533,0.39,0.245,0.933,0.716,0.754,0.933,0.933,0.319,0.957,0.944,0.62,0.957,0.957,0.544,0.191,0.803,0.803,0.777,0.355,0.866,0.77,0.913,0.099,0.812,0.056,0.95,0.725,0.866,0.173,0.726,0.045,0.491,0.136,0.776,0.548,0.402,0.776,0.681,0.594,0.96,0.551,0.321,0.531,0.668,0.42,0.762,0.542,0.668,0.721,0.067,0.519,0.206,0.721,0.807,0.721,0.668,0.576,0.111,0.136,0.081,0.733,0.85,0.824,0.663,0.865,0.073,0.772,0.171,0.775,0.706,0.83,0.827,0.836,0.877,0.903,0.909
0.379,0.379,0.364,0.364,0.18,0.511,0.252,0.951,0.502,0.989,0.951,0.349,0.92,0.18,0.349,0.951,0.92,0.18,0.041,0.92,0.198,0.993,0.198,0.919,0.92,0.252,0.919,0.951,0.957,0.989,0.957,0.993,0.908,0.953,0.35,0.953,0.25,0.35,0.908,0.25,0.036,0.953,0.345,0.055,0.953,0.25,0.057,0.345,0.099,0.345,0.588,0.028,0.725,0.958,0.306,0.958,0.96,0.395,0.395,0.395,0.978,0.306,0.96,0.306,0.725,0.978,0.961,0.095,0.961,0.628,0.628,0.628,0.049,0.177,0.04,0.059,0.745,0.187,0.726,0.745,0.058,0.177,0.713,0.043,0.094,0.713,0.726,0.052,0.056,0.304,0.177,0.039,0.054,0.051,0.58,0.713,0.009,0.58,0.58,0.048,0.599,0.71,0.171,0.599,0.599,0.174,0.055,0.635,0.635,0.644,0.731,0.461,0.212,0.43,0.054,0.312,0.181,0.719,0.189,0.461,0.05,0.195,0.155,0.111,0.065,0.489,0.308,0.734,0.489,0.866,0.107,0.682,0.113,0.765,0.32,0.736,0.603,0.526,0.681,0.736,0.719,0.363,0.569,0.473,0.719,0.222,0.719,0.736,0.574,0.319,0.502,0.396,0.395,0.25,0.324,0.552,0.651,0.381,0.501,0.571,0.469,0.311,0.335,0.384,0.353,0.143,0.174,0.351
0.598,0.598,0.575,0.575,0.054,0.683,0.655,0.843,0.61,0.666,0.843,0.723,0.808,0.054,0.723,0.843,0.808,0.054,0.237,0.808,0.489,0.715,0.489,0.775,0.808,0.655,0.775,0.843,0.822,0.666,0.822,0.715,0.369,0.731,0.678,0.731,0.054,0.678,0.369,0.054,0.763,0.731,0.067,0.847,0.731,0.054,0.235,0.067,0.625,0.067,0.509,0.787,0.114,0.5,0.169,0.5,0.505,0.149,0.149,0.149,0.578,0.169,0.505,0.169,0.114,0.578,0.719,0.562,0.719,0.152,0.152,0.152,0.348,0.017,0.802,0.702,0.108,0.528,0.144,0.108,0.827,0.017,0.099,0.74,0.61,0.099,0.144,0.673,0.693,0.371,0.017,0.887,0.673,0.826,0.162,0.099,0.205,0.162,0.162,0.643,0.172,0.218,0.521,0.172,0.172,0.545,0.637,0.069,0.069,0.069,0.267,0.063,0.681,0.067,0.669,0.352,0.111,0.19,0.645,0.063,0.628,0.635,0.111,0.821,0.793,0.086,0.378,0.408,0.086,0.296,0.67,0.244,0.681,0.232,0.296,0.116,0.307,0.086,0.368,0.116,0.126,0.083,0.984,0.201,0.126,0.333,0.126,0.116,0.988,0.17,0.127,0.178,0.295,0.305,0.257,0.978,0.391,0.192,0.493,0.189,0.501,0.25,0.289,0.254,0.288,0.904,0.939,0.255
0.216,0.216,0.32,0.32,0.347,0.672,0.332,0.735,0.681,0.912,0.735,0.346,0.653,0.347,0.346,0.735,0.653,0.347,0.652,0.653,0.53,0.943,0.53,0.66,0.653,0.332,0.66,0.735,0.744,0.912,0.744,0.943,0.583,0.647,0.379,0.647,0.513,0.379,0.583,0.513,0.329,0.647,0.522,0.379,0.647,0.513,0.662,0.522,0.513,0.522,0.618,0.259,0.037,0.605,0.329,0.605,0.597,0.347,0.347,0.347,0.877,0.329,0.597,0.329,0.037,0.877,0.633,0.72,0.633,0.935,0.935,0.935,0.297,0.323,0.39,0.562,0.158,0.855,0.157,0.158,0.322,0.323,0.131,0.312,0.73,0.131,0.157,0.561,0.276,0.893,0.323,0.411,0.562,0.368,0.929,0.131,0.45,0.929,0.929,0.567,0.965,0.14,0.885,0.965,0.965,0.768,0.664,0.67,0.67,0.708,0.529,0.73,0.801,0.534,0.409,0.926,0.494,0.137,0.806,0.73,0.622,0.799,0.522,0.855,0.305,0.717,0.816,0.767,0.717,0.524,0.84,0.12,0.84,0.517,0.936,0.244,0.703,0.649,0.729,0.244,0.24,0.818,0.176,0.588,0.24,0.974,0.24,0.244,0.192,0.517,0.447,0.488,0.132,0.974,0.086,0.104,0.034,0.488,0.158,0.451,0.127,0.142,0.099,0.109,0.116,0.345,0.239,0.075
0.847,0.847,0.869,0.869,0.291,0.952,0.988,0.965,0.953,0.765,0.965,0.993,0.957,0.291,0.993,0.965,0.957,0.291,0.86,0.957,0.922,0.718,0.922,0.972,0.957,0.988,0.972,0.965,0.98,0.765,0.98,0.718,0.534,0.86,0.91,0.86,0.854,0.91,0.534,0.854,0.989,0.86,0.898,0.539,0.86,0.854,0.826,0.898,0.81,0.898,0.821,0.993,0.096,0.477,0.839,0.477,0.451,0.83,0.83,0.83,0.66,0.839,0.451,0.839,0.096,0.66,0.772,0.933,0.772,0.548,0.548,0.548,0.978,0.342,0.607,0.923,0.553,0.822,0.706,0.553,0.945,0.342,0.115,0.946,0.927,0.115,0.706,0.937,0.966,0.787,0.342,0.605,0.918,0.942,0.83,0.115,0.93,0.83,0.83,0.927,0.842,0.53,0.749,0.842,0.842,0.631,0.988,0.629,0.629,0.818,0.999,0.426,0.635,0.684,0.962,0.74,0.813,0.425,0.835,0.426,0.984,0.87,0.897,0.916,0.98,0.261,0.575,0.956,0.261,0.822,0.982,0.126,0.988,0.96,0.537,0.616,0.985,0.424,0.981,0.616,0.686,0.737,0.972,0.991,0.686,0.786,0.686,0.616,0.971,0.905,0.979,0.823,0.897,0.652,0.845,0.871,0.601,0.863,0.657,0.982,0.704,0.944,0.866,0.882,0.885,0.7,0.569,0.928
0.874,0.874,0.833,0.833,0.578,0.179,0.864,0.988,0.153,0.941,0.988,0.891,0.979,0.578,0.891,0.988,0.979,0.578,0.052,0.979,0.567,0.975,0.567,0.978,0.979,0.864,0.978,0.988,0.983,0.941,0.983,0.975,0.572,0.913,0.726,0.913,0.267,0.726,0.572,0.267,0.335,0.913,0.546,0.487,0.913,0.267,0.051,0.546,0.186,0.546,0.107,0.365,0.863,0.901,0.25,0.901,0.913,0.32,0.32,0.32,0.773,0.25,0.913,0.25,0.863,0.773,0.908,0.24,0.908,0.742,0.742,0.742,0.252,0.64,0.618,0.379,0.624,0.381,0.58,0.624,0.446,0.64,0.311,0.406,0.244,0.311,0.58,0.338,0.437,0.55,0.64,0.564,0.388,0.405,0.712,0.311,0.541,0.712,0.712,0.355,0.645,0.246,0.37,0.645,0.645,0.349,0.299,0.817,0.817,0.716,0.764,0.734,0.44,0.601,0.342,0.545,0.595,0.289,0.397,0.734,0.308,0.383,0.572,0.526,0.318,0.606,0.547,0.595,0.606,0.562,0.546,0.422,0.619,0.753,0.606,0.246,0.706,0.68,0.659,0.246,0.165,0.802,0.928,0.623,0.165,0.673,0.165,0.246,0.942,0.722,0.602,0.693,0.37,0.696,0.341,0.941,0.289,0.624,0.376,0.585,0.375,0.353,0.274,0.377,0.368,0.776,0.817,0.283
0.366,0.366,0.347,0.347,0.51,0.896,0.183,0.171,0.903,0.092,0.171,0.225,0.115,0.51,0.225,0.171,0.115,0.51,0.431,0.115,0.522,0.127,0.522,0.131,0.115,0.183,0.131,0.171,0.172,0.092,0.172,0.127,0.144,0.183,0.179,0.183,0.441,0.179,0.144,0.441,0.254,0.183,0.592,0.592,0.183,0.441,0.364,0.592,0.271,0.592,0.895,0.304,0.248,0.107,0.346,0.107,0.105,0.389,0.389,0.389,0.176,0.346,0.105,0.346,0.248,0.176,0.177,0.375,0.177,0.294,0.294,0.294,0.282,0.394,0.536,0.451,0.419,0.402,0.395,0.419,0.303,0.394,0.319,0.309,0.356,0.319,0.395,0.49,0.286,0.431,0.394,0.543,0.465,0.234,0.204,0.319,0.248,0.204,0.204,0.524,0.185,0.662,0.419,0.185,0.185,0.262,0.613,0.61,0.61,0.508,0.626,0.348,0.752,0.397,0.266,0.46,0.252,0.508,0.755,0.348,0.599,0.719,0.272,0.448,0.227,0.319,0.375,0.468,0.319,0.493,0.47,0.37,0.481,0.542,0.304,0.542,0.59,0.272,0.457,0.542,0.499,0.314,0.025,0.34,0.499,0.388,0.499,0.542,0.028,0.552,0.353,0.551,0.687,0.358,0.886,0.037,0.529,0.602,0.704,0.378,0.713,0.61,0.861,0.92,0.878,0.535,0.498,0.358
0.499,0.499,0.411,0.411,0.244,0.102,0.53,0.501,0.092,0.441,0.501,0.593,0.43,0.244,0.593,0.501,0.43,0.244,0.583,0.43,0.282,0.517,0.282,0.399,0.43,0.53,0.399,0.501,0.469,0.441,0.469,0.517,0.198,0.197,0.258,0.197,0.557,0.258,0.198,0.557,0.404,0.197,0.651,0.906,0.197,0.557,0.56,0.651,0.992,0.651,0.055,0.505,0.616,0.331,0.588,0.331,0.355,0.381,0.381,0.381,0.298,0.588,0.355,0.588,0.616,0.298,0.222,0.988,0.222,0.421,0.421,0.421,0.529,0.171,0.767,0.739,0.566,0.997,0.559,0.566,0.422,0.171,0.526,0.737,0.989,0.526,0.559,0.736,0.542,0.995,0.171,0.815,0.72,0.719,0.484,0.526,0.035,0.484,0.484,0.723,0.518,0.531,0.997,0.518,0.518,0.999,0.609,0.837,0.837,0.802,0.285,0.167,0.417,0.165,0.729,0.996,0.853,0.559,0.463,0.167,0.632,0.45,0.865,0.378,0.489,0.487,1.0,0.605,0.487,0.186,0.462,0.657,0.446,0.159,0.986,0.398,0.544,0.628,0.644,0.398,0.431,0.903,0.457,0.441,0.431,0.977,0.431,0.398,0.452,0.217,0.262,0.119,0.072,0.981,0.075,0.474,0.066,0.135,0.153,0.254,0.157,0.064,0.053,0.063,0.055,0.05,0.044,0.025
0.581,0.581,0.439,0.439,0.913,0.011,0.746,0.787,0.011,0.523,0.787,0.816,0.668,0.913,0.816,0.787,0.668,0.913,0.979,0.668,0.56,0.606,0.56,0.579,0.668,0.746,0.579,0.787,0.673,0.523,0.673,0.606,0.449,0.785,0.885,0.785,0.894,0.885,0.449,0.894,0.058,0.785,0.897,0.908,0.785,0.894,0.912,0.897,0.879,0.897,0.011,0.123,0.587,0.455,0.821,0.455,0.486,0.835,0.835,0.835,0.599,0.821,0.486,0.821,0.587,0.599,0.734,0.726,0.734,0.62,0.62,0.62,0.073,0.955,0.927,0.063,0.484,0.706,0.465,0.484,0.044,0.955,0.658,0.035,0.713,0.658,0.465,0.044,0.054,0.762,0.955,0.925,0.067,0.052,0.613,0.658,0.934,0.613,0.613,0.042,0.633,0.29,0.712,0.633,0.633,0.826,0.035,0.938,0.938,0.967,0.733,0.996,0.615,1.0,0.033,0.751,0.923,0.33,0.578,0.996,0.037,0.572,0.907,0.545,0.052,0.927,0.845,0.542,0.927,0.999,0.53,0.475,0.553,0.847,0.96,0.638,0.669,0.968,0.551,0.638,0.625,0.986,0.621,0.359,0.625,0.873,0.625,0.638,0.635,0.216,0.326,0.171,0.722,0.87,0.732,0.496,0.898,0.253,0.962,0.321,0.869,0.643,0.814,0.782,0.863,0.991,0.992,0.883
0.805,0.805,0.801,0.801,0.349,0.931,0.81,0.77,0.938,0.841,0.77,0.821,0.737,0.349,0.821,0.77,0.737,0.349,0.236,0.737,0.941,0.839,0.941,0.696,0.737,0.81,0.696,0.77,0.748,0.841,0.748,0.839,0.849,0.895,0.931,0.895,0.116,0.931,0.849,0.116,0.4,0.895,0.163,0.375,0.895,0.116,0.24,0.163,0.128,0.163,0.986,0.409,0.287,0.762,0.231,0.762,0.743,0.296,0.296,0.296,0.835,0.231,0.743,0.231,0.287,0.835,0.88,0.241,0.88,0.351,0.351,0.351,0.464,0.207,0.265,0.202,0.212,0.292,0.271,0.212,0.318,0.207,0.147,0.294,0.235,0.147,0.271,0.218,0.371,0.264,0.207,0.247,0.167,0.247,0.644,0.147,0.468,0.644,0.644,0.169,0.697,0.153,0.261,0.697,0.697,0.196,0.15,0.003,0.003,0.002,0.016,0.009,0.03,0.008,0.195,0.263,0.09,0.141,0.047,0.009,0.144,0.044,0.126,0.02,0.279,0.002,0.185,0.574,0.002,0.007,0.028,0.147,0.027,0.014,0.173,0.125,0.555,0.002,0.544,0.125,0.12,0.101,0.164,0.447,0.12,0.344,0.12,0.125,0.161,0.31,0.537,0.402,0.875,0.301,0.913,0.149,0.919,0.392,0.951,0.509,0.948,0.882,0.859,0.903,0.852,0.887,0.904,0.902
0.454,0.454,0.474,0.474,0.691,0.937,0.579,0.78,0.916,0.607,0.78,0.54,0.855,0.691,0.54,0.78,0.855,0.691,0.781,0.855,0.312,0.524,0.312,0.81,0.855,0.579,0.81,0.78,0.794,0.607,0.794,0.524,0.845,0.726,0.342,0.726,0.422,0.342,0.845,0.422,0.085,0.726,0.446,0.006,0.726,0.422,0.75,0.446,0.001,0.446,0.953,0.096,0.407,0.741,0.53,0.741,0.751,0.47,0.47,0.47,0.575,0.53,0.751,0.53,0.407,0.575,0.655,0.002,0.655,0.596,0.596,0.596,0.168,0.261,0.014,0.201,0.294,0.002,0.272,0.294,0.196,0.261,0.49,0.163,0.002,0.49,0.272,0.227,0.222,0.002,0.261,0.012,0.257,0.14,0.658,0.49,0.834,0.658,0.658,0.273,0.661,0.375,0.002,0.661,0.661,0.003,0.235,0.151,0.151,0.152,0.351,0.747,0.054,0.756,0.177,0.002,0.002,0.41,0.056,0.747,0.261,0.059,0.002,0.053,0.319,0.148,0.003,0.274,0.148,0.915,0.046,0.5,0.046,0.448,0.003,0.38,0.268,0.149,0.428,0.38,0.408,0.003,0.057,0.355,0.408,0.001,0.408,0.38,0.067,0.198,0.266,0.218,0.234,0.001,0.188,0.091,0.339,0.216,0.473,0.265,0.465,0.187,0.17,0.171,0.186,0.634,0.637,0.332
0.149,0.149,0.14,0.14,0.957,0.935,0.113,0.055,0.95,0.1,0.055,0.124,0.053,0.957,0.124,0.055,0.053,0.957,0.292,0.053,0.378,0.12,0.378,0.039,0.053,0.113,0.039,0.055,0.067,0.1,0.067,0.12,0.183,0.135,0.286,0.135,0.862,0.286,0.183,0.862,0.135,0.135,0.824,0.322,0.135,0.862,0.245,0.824,0.41,0.824,0.938,0.128,0.874,0.137,0.78,0.137,0.137,0.753,0.753,0.753,0.199,0.78,0.137,0.78,0.874,0.199,0.148,0.508,0.148,0.615,0.615,0.615,0.127,0.964,0.436,0.693,0.86,0.398,0.863,0.86,0.655,0.964,0.806,0.712,0.543,0.806,0.863,0.717,0.638,0.442,0.964,0.419,0.661,0.716,0.729,0.806,0.245,0.729,0.729,0.641,0.756,0.904,0.387,0.756,0.756,0.341,0.536,0.079,0.079,0.113,0.003,0.041,0.135,0.044,0.663,0.439,0.447,0.883,0.125,0.041,0.54,0.119,0.411,0.193,0.643,0.092,0.216,0.329,0.092,0.003,0.194,0.88,0.197,0.002,0.222,0.856,0.292,0.128,0.452,0.856,0.885,0.332,0.143,0.228,0.885,0.451,0.885,0.856,0.138,0.502,0.21,0.574,0.558,0.448,0.695,0.08,0.36,0.578,0.257,0.212,0.268,0.551,0.655,0.659,0.595,0.102,0.099,0.422
0.051,0.051,0.047,0.047,0.132,0.208,0.158,0.13,0.185,0.354,0.13,0.127,0.196,0.132,0.127,0.13,0.196,0.132,0.112,0.196,0.017,0.257,0.017,0.183,0.196,0.158,0.183,0.13,0.157,0.354,0.157,0.257,0.148,0.057,0.051,0.057,0.36,0.051,0.148,0.36,0.295,0.057,0.367,0.147,0.057,0.36,0.121,0.367,0.36,0.367,0.135,0.284,0.187,0.316,0.159,0.316,0.332,0.151,0.151,0.151,0.116,0.159,0.332,0.159,0.187,0.116,0.054,0.364,0.054,0.035,0.035,0.035,0.191,0.116,0.22,0.578,0.138,0.358,0.139,0.138,0.634,0.116,0.345,0.537,0.276,0.345,0.139,0.534,0.643,0.351,0.116,0.23,0.571,0.57,0.032,0.345,0.195,0.032,0.032,0.53,0.035,0.296,0.266,0.035,0.035,0.373,0.602,0.446,0.446,0.294,0.397,0.667,0.997,0.32,0.576,0.322,0.714,0.296,1.0,0.667,0.583,1.0,0.703,0.96,0.49,0.44,0.464,0.118,0.44,0.62,0.981,0.132,0.977,0.348,0.439,0.325,0.105,0.293,0.056,0.325,0.344,0.628,0.523,0.021,0.344,0.585,0.344,0.325,0.505,0.015,0.08,0.015,0.189,0.49,0.285,0.516,0.064,0.018,0.133,0.088,0.145,0.214,0.224,0.272,0.234,0.125,0.11,0.093
0.595,0.595,0.498,0.498,0.825,0.565,0.469,0.849,0.564,0.929,0.849,0.447,0.928,0.825,0.447,0.849,0.928,0.825,0.286,0.928,0.33,0.868,0.33,0.913,0.928,0.469,0.913,0.849,0.787,0.929,0.787,0.868,0.786,0.668,0.336,0.668,0.689,0.336,0.786,0.689,0.555,0.668,0.623,0.711,0.668,0.689,0.229,0.623,0.344,0.623,0.5,0.548,0.955,0.985,0.79,0.985,0.985,0.706,0.706,0.706,0.631,0.79,0.985,0.79,0.955,0.631,0.663,0.338,0.663,0.949,0.949,0.949,0.557,0.887,0.681,0.755,0.904,0.527,0.905,0.904,0.776,0.887,0.957,0.744,0.384,0.957,0.905,0.73,0.787,0.62,0.887,0.632,0.753,0.751,0.971,0.957,0.657,0.971,0.971,0.726,0.974,0.954,0.377,0.974,0.974,0.43,0.844,0.743,0.743,0.796,0.669,0.833,0.953,0.884,0.813,0.437,0.357,0.952,0.933,0.833,0.843,0.928,0.329,0.936,0.849,0.829,0.494,0.409,0.829,0.432,0.965,0.904,0.957,0.728,0.521,0.975,0.33,0.868,0.514,0.975,0.976,0.24,0.807,0.363,0.976,0.707,0.976,0.975,0.831,0.157,0.225,0.176,0.636,0.654,0.235,0.666,0.667,0.164,0.72,0.158,0.719,0.469,0.416,0.211,0.342,0.296,0.309,0.346
0.471,0.471,0.453,0.453,1.0,0.707,0.535,0.418,0.742,0.301,0.418,0.474,0.511,1.0,0.474,0.418,0.511,1.0,0.909,0.511,0.27,0.222,0.27,0.524,0.511,0.535,0.524,0.418,0.459,0.301,0.459,0.222,0.935,0.516,0.48,0.516,0.975,0.48,0.935,0.975,0.816,0.516,0.942,0.94,0.516,0.975,0.942,0.942,0.134,0.942,0.736,0.829,0.926,0.761,0.878,0.761,0.759,0.855,0.855,0.855,0.306,0.878,0.759,0.878,0.926,0.306,0.613,0.11,0.613,0.937,0.937,0.937,0.871,0.987,0.892,0.913,0.819,0.18,0.884,0.819,0.774,0.987,0.977,0.749,0.102,0.977,0.884,0.917,0.762,0.389,0.987,0.908,0.905,0.73,0.776,0.977,0.996,0.776,0.776,0.913,0.896,0.848,0.165,0.896,0.896,0.255,0.858,0.932,0.932,0.834,0.97,0.971,0.735,0.978,0.715,0.371,0.173,0.767,0.664,0.971,0.861,0.65,0.176,0.84,0.717,0.919,0.357,0.155,0.919,0.974,0.827,0.956,0.805,0.938,0.486,0.904,0.122,0.847,0.067,0.904,0.865,0.119,0.679,0.083,0.865,0.412,0.865,0.904,0.665,0.09,0.103,0.095,0.065,0.432,0.158,0.741,0.098,0.096,0.116,0.081,0.118,0.066,0.145,0.096,0.085,0.219,0.193,0.182
0.876,0.876,0.827,0.827,0.493,0.312,0.812,0.833,0.44,0.551,0.833,0.867,0.772,0.493,0.867,0.833,0.772,0.493,0.229,0.772,0.496,0.634,0.496,0.77,0.772,0.812,0.77,0.833,0.835,0.551,0.835,0.634,0.265,0.513,0.529,0.513,0.632,0.529,0.265,0.632,0.604,0.513,0.613,0.16,0.513,0.632,0.228,0.613,0.132,0.613,0.26,0.386,0.601,0.456,0.504,0.456,0.46,0.455,0.455,0.455,0.361,0.504,0.46,0.504,0.601,0.361,0.51,0.133,0.51,0.641,0.641,0.641,0.526,0.557,0.19,0.708,0.594,0.275,0.429,0.594,0.871,0.557,0.693,0.898,0.122,0.693,0.429,0.757,0.902,0.261,0.557,0.163,0.664,0.802,0.673,0.693,0.282,0.673,0.673,0.756,0.49,0.654,0.218,0.49,0.49,0.358,0.745,0.699,0.699,0.795,0.15,0.584,0.489,0.593,0.859,0.261,0.207,0.823,0.485,0.584,0.731,0.486,0.21,0.458,0.781,0.774,0.458,0.61,0.774,0.189,0.334,0.82,0.36,0.174,0.533,0.671,0.618,0.825,0.614,0.671,0.565,0.145,0.154,0.535,0.565,0.297,0.565,0.671,0.142,0.751,0.463,0.627,0.689,0.299,0.681,0.133,0.641,0.65,0.63,0.457,0.554,0.618,0.644,0.59,0.684,0.366,0.268,0.927
0.5,0.5,0.527,0.527,0.492,0.357,0.307,0.379,0.378,0.303,0.379,0.387,0.36,0.492,0.387,0.379,0.36,0.492,0.821,0.36,0.468,0.276,0.468,0.358,0.36,0.307,0.358,0.379,0.415,0.303,0.415,0.276,0.346,0.592,0.474,0.592,0.573,0.474,0.346,0.573,0.498,0.592,0.417,0.267,0.592,0.573,0.863,0.417,0.499,0.417,0.655,0.621,0.14,0.108,0.429,0.108,0.102,0.303,0.303,0.303,0.371,0.429,0.102,0.429,0.14,0.371,0.63,0.492,0.63,0.06,0.06,0.06,0.565,0.473,0.307,0.29,0.306,0.517,0.446,0.306,0.297,0.473,0.258,0.246,0.322,0.258,0.446,0.305,0.313,0.788,0.473,0.304,0.302,0.235,0.101,0.258,0.731,0.101,0.101,0.332,0.225,0.292,0.33,0.225,0.225,0.501,0.455,0.768,0.768,0.952,0.911,0.564,0.479,0.753,0.345,0.628,0.176,0.162,0.478,0.564,0.441,0.455,0.192,0.552,0.388,0.948,0.426,0.849,0.948,0.86,0.574,0.093,0.571,0.864,0.512,0.359,0.838,0.946,0.864,0.359,0.434,0.219,0.19,0.985,0.434,0.764,0.434,0.359,0.209,0.987,0.899,0.976,0.894,0.641,0.961,0.14,0.938,0.965,0.779,0.896,0.763,0.947,0.969,0.947,0.97,0.93,0.914,0.977
0.013,0.013,0.008,0.008,0.846,0.091,0.01,0.013,0.108,0.019,0.013,0.021,0.01,0.846,0.021,0.013,0.01,0.846,0.94,0.01,0.011,0.019,0.011,0.008,0.01,0.01,0.008,0.013,0.013,0.019,0.013,0.019,0.017,0.005,0.009,0.005,0.833,0.009,0.017,0.833,0.331,0.005,0.787,0.251,0.005,0.833,0.893,0.787,0.369,0.787,0.176,0.221,0.681,0.028,0.868,0.028,0.031,0.867,0.867,0.867,0.016,0.868,0.031,0.868,0.681,0.016,0.006,0.282,0.006,0.525,0.525,0.525,0.326,0.863,0.218,0.314,0.699,0.43,0.629,0.699,0.355,0.863,0.775,0.389,0.363,0.775,0.629,0.337,0.404,0.483,0.863,0.352,0.315,0.411,0.57,0.775,0.809,0.57,0.57,0.289,0.427,0.596,0.423,0.427,0.427,0.342,0.357,0.889,0.889,0.767,0.71,0.932,0.223,0.902,0.424,0.501,0.698,0.723,0.233,0.932,0.347,0.235,0.574,0.278,0.379,0.915,0.413,0.255,0.915,0.595,0.263,0.694,0.279,0.636,0.378,0.845,0.355,0.761,0.347,0.845,0.783,0.806,0.427,0.523,0.783,0.43,0.783,0.845,0.422,0.629,0.514,0.612,0.372,0.382,0.347,0.385,0.357,0.598,0.626,0.506,0.603,0.34,0.369,0.368,0.411,0.152,0.159,0.104
0.47,0.47,0.496,0.496,0.108,0.601,0.843,0.943,0.683,0.986,0.943,0.86,0.961,0.108,0.86,0.943,0.961,0.108,0.207,0.961,0.887,0.983,0.887,0.959,0.961,0.843,0.959,0.943,0.933,0.986,0.933,0.983,0.984,0.997,0.969,0.997,0.472,0.969,0.984,0.472,0.277,0.997,0.405,0.907,0.997,0.472,0.278,0.405,0.669,0.405,0.875,0.267,0.275,0.765,0.224,0.765,0.737,0.166,0.166,0.166,0.996,0.224,0.737,0.224,0.275,0.996,0.999,0.809,0.999,0.121,0.121,0.121,0.409,0.1,0.813,0.224,0.381,0.73,0.457,0.381,0.292,0.1,0.278,0.302,0.771,0.278,0.457,0.249,0.35,0.7,0.1,0.826,0.237,0.29,0.131,0.278,0.034,0.131,0.131,0.253,0.168,0.558,0.747,0.168,0.168,0.716,0.356,0.474,0.474,0.466,0.823,0.146,0.363,0.149,0.428,0.746,0.917,0.489,0.348,0.146,0.375,0.341,0.898,0.505,0.369,0.491,0.692,0.267,0.491,0.154,0.543,0.421,0.548,0.794,0.474,0.606,0.284,0.464,0.29,0.606,0.667,0.875,0.886,0.205,0.667,0.501,0.667,0.606,0.895,0.67,0.28,0.644,0.493,0.522,0.425,0.921,0.401,0.647,0.543,0.266,0.539,0.448,0.465,0.535,0.558,0.682,0.65,0.477
0.392,0.392,0.384,0.384,0.632,0.514,0.342,0.324,0.515,0.257,0.324,0.399,0.279,0.632,0.399,0.324,0.279,0.632,0.589,0.279,0.523,0.287,0.523,0.279,0.279,0.342,0.279,0.324,0.318,0.257,0.318,0.287,0.2,0.24,0.393,0.24,0.623,0.393,0.2,0.623,0.731,0.24,0.574,0.75,0.24,0.623,0.547,0.574,0.664,0.574,0.504,0.828,0.625,0.335,0.746,0.335,0.342,0.707,0.707,0.707,0.213,0.746,0.342,0.746,0.625,0.213,0.226,0.578,0.226,0.614,0.614,0.614,0.743,0.624,0.687,0.49,0.701,0.257,0.712,0.701,0.566,0.624,0.545,0.46,0.676,0.545,0.712,0.469,0.575,0.249,0.624,0.741,0.477,0.483,0.595,0.545,0.662,0.595,0.595,0.463,0.591,0.499,0.323,0.591,0.591,0.263,0.375,0.581,0.581,0.614,0.757,0.834,0.121,0.864,0.398,0.29,0.182,0.498,0.117,0.834,0.381,0.115,0.159,0.126,0.522,0.603,0.257,0.506,0.603,0.924,0.127,0.388,0.123,0.744,0.281,0.752,0.424,0.608,0.516,0.752,0.755,0.116,0.853,0.131,0.755,0.253,0.755,0.752,0.868,0.195,0.169,0.163,0.69,0.3,0.677,0.943,0.127,0.169,0.221,0.213,0.197,0.676,0.649,0.581,0.593,0.269,0.253,0.498
0.675,0.675,0.601,0.601,0.701,0.741,0.598,0.565,0.773,0.559,0.565,0.479,0.633,0.701,0.479,0.565,0.633,0.701,0.354,0.633,0.642,0.615,0.642,0.677,0.633,0.598,0.677,0.565,0.682,0.559,0.682,0.615,0.391,0.565,0.53,0.565,0.646,0.53,0.391,0.646,0.431,0.565,0.713,0.109,0.565,0.646,0.289,0.713,0.232,0.713,0.725,0.344,0.714,0.37,0.715,0.37,0.36,0.797,0.797,0.797,0.588,0.715,0.36,0.715,0.714,0.588,0.687,0.218,0.687,0.773,0.773,0.773,0.527,0.655,0.112,0.39,0.971,0.266,0.928,0.971,0.448,0.655,0.851,0.472,0.181,0.851,0.928,0.403,0.443,0.345,0.655,0.109,0.425,0.426,0.99,0.851,0.291,0.99,0.99,0.436,0.954,0.919,0.25,0.954,0.954,0.247,0.337,0.755,0.755,0.714,0.972,0.76,0.072,0.778,0.422,0.325,0.141,0.977,0.075,0.76,0.334,0.073,0.191,0.127,0.472,0.716,0.311,0.018,0.716,0.801,0.108,0.859,0.124,0.953,0.328,0.995,0.018,0.65,0.053,0.995,0.971,0.123,0.312,0.134,0.971,0.335,0.971,0.995,0.272,0.992,0.087,0.99,0.172,0.327,0.072,0.217,0.347,0.992,0.276,0.109,0.257,0.121,0.082,0.065,0.078,0.217,0.223,0.275
0.439,0.439,0.485,0.485,0.956,0.458,0.65,0.648,0.445,0.43,0.648,0.687,0.592,0.956,0.687,0.648,0.592,0.956,0.024,0.592,0.404,0.507,0.404,0.581,0.592,0.65,0.581,0.648,0.639,0.43,0.639,0.507,0.185,0.442,0.534,0.442,0.274,0.534,0.185,0.274,0.958,0.442,0.37,0.81,0.442,0.274,0.019,0.37,0.412,0.37,0.361,0.979,0.887,0.252,0.559,0.252,0.27,0.663,0.663,0.663,0.36,0.559,0.27,0.559,0.887,0.36,0.438,0.413,0.438,0.874,0.874,0.874,0.968,0.877,0.914,0.933,0.928,0.214,0.926,0.928,0.967,0.877,0.945,0.97,0.449,0.945,0.926,0.952,0.967,0.342,0.877,0.922,0.928,0.959,0.835,0.945,0.444,0.835,0.835,0.942,0.802,0.94,0.262,0.802,0.802,0.185,0.95,0.138,0.138,0.259,0.48,0.768,0.591,0.811,0.981,0.335,0.659,0.958,0.65,0.768,0.932,0.663,0.681,0.528,0.966,0.066,0.242,0.582,0.066,0.266,0.642,0.978,0.648,0.404,0.339,0.861,0.583,0.181,0.582,0.861,0.776,0.698,0.676,0.481,0.776,0.376,0.776,0.861,0.676,0.843,0.549,0.865,0.344,0.369,0.35,0.72,0.22,0.864,0.24,0.532,0.244,0.379,0.341,0.326,0.355,0.223,0.219,0.444
0.728,0.728,0.667,0.667,0.412,0.816,0.731,0.544,0.78,0.422,0.544,0.725,0.552,0.412,0.725,0.544,0.552,0.412,0.155,0.552,0.819,0.456,0.819,0.545,0.552,0.731,0.545,0.544,0.551,0.422,0.551,0.456,0.571,0.827,0.842,0.827,0.502,0.842,0.571,0.502,0.966,0.827,0.41,0.96,0.827,0.502,0.158,0.41,0.568,0.41,0.908,0.959,0.929,0.167,0.694,0.167,0.154,0.596,0.596,0.596,0.801,0.694,0.154,0.694,0.929,0.801,0.82,0.472,0.82,0.827,0.827,0.827,0.969,0.409,0.917,0.956,0.982,0.711,0.969,0.982,0.966,0.409,0.384,0.988,0.488,0.384,0.969,0.961,0.971,0.858,0.409,0.934,0.955,0.983,0.9,0.384,0.181,0.9,0.9,0.953,0.887,0.192,0.76,0.887,0.887,0.773,0.911,0.843,0.843,0.844,0.264,0.645,0.694,0.908,0.96,0.898,0.967,0.198,0.681,0.645,0.912,0.677,0.94,0.703,0.985,0.899,0.962,0.808,0.899,0.205,0.679,0.22,0.67,0.263,0.875,0.395,0.77,0.828,0.765,0.395,0.4,0.672,0.596,0.788,0.4,0.989,0.4,0.395,0.556,0.781,0.832,0.755,0.759,0.995,0.86,0.531,0.946,0.732,0.935,0.767,0.951,0.794,0.828,0.9,0.882,0.339,0.295,0.75
0.93,0.93,0.984,0.984,0.856,0.63,0.96,0.87,0.625,0.762,0.87,0.892,0.895,0.856,0.892,0.87,0.895,0.856,0.195,0.895,0.883,0.664,0.883,0.889,0.895,0.96,0.889,0.87,0.849,0.762,0.849,0.664,0.285,0.746,0.783,0.746,0.112,0.783,0.285,0.112,0.718,0.746,0.093,0.975,0.746,0.112,0.205,0.093,0.071,0.093,0.37,0.697,0.749,0.33,0.243,0.33,0.328,0.229,0.229,0.229,0.551,0.243,0.328,0.243,0.749,0.551,0.724,0.112,0.724,0.533,0.533,0.533,0.584,0.814,0.936,0.582,0.717,0.115,0.645,0.717,0.69,0.814,0.819,0.589,0.086,0.819,0.645,0.512,0.663,0.069,0.814,0.904,0.598,0.596,0.67,0.819,0.715,0.67,0.67,0.522,0.57,0.485,0.088,0.57,0.57,0.057,0.422,0.099,0.099,0.094,0.364,0.772,0.929,0.834,0.547,0.056,0.155,0.567,0.928,0.772,0.422,0.904,0.154,0.857,0.532,0.118,0.04,0.3,0.118,0.785,0.874,0.761,0.865,0.494,0.045,0.676,0.303,0.125,0.212,0.676,0.672,0.118,0.266,0.12,0.672,0.05,0.672,0.676,0.254,0.326,0.075,0.256,0.302,0.047,0.417,0.184,0.328,0.224,0.378,0.077,0.393,0.261,0.398,0.471,0.481,0.565,0.58,0.55
0.267,0.267,0.265,0.265,0.702,0.579,0.555,0.304,0.617,0.335,0.304,0.529,0.393,0.702,0.529,0.304,0.393,0.702,0.69,0.393,0.417,0.284,0.417,0.362,0.393,0.555,0.362,0.304,0.296,0.335,0.296,0.284,0.283,0.393,0.546,0.393,0.885,0.546,0.283,0.885,0.452,0.393,0.868,0.079,0.393,0.885,0.639,0.868,0.283,0.868,0.568,0.319,0.495,0.247,0.733,0.247,0.264,0.727,0.727,0.727,0.295,0.733,0.264,0.733,0.495,0.295,0.398,0.394,0.398,0.603,0.603,0.603,0.203,0.577,0.068,0.901,0.467,0.736,0.404,0.467,0.43,0.577,0.634,0.334,0.387,0.634,0.404,0.868,0.432,0.735,0.577,0.053,0.877,0.319,0.685,0.634,0.793,0.685,0.685,0.846,0.659,0.618,0.776,0.659,0.659,0.334,0.723,0.88,0.88,0.982,0.92,0.366,0.487,0.434,0.248,0.775,0.57,0.696,0.527,0.366,0.721,0.534,0.589,0.651,0.422,0.809,0.371,0.663,0.809,0.502,0.637,0.595,0.64,0.873,0.672,0.763,0.654,0.974,0.547,0.763,0.668,0.821,0.052,0.675,0.668,0.739,0.668,0.763,0.05,0.819,0.698,0.766,0.754,0.776,0.799,0.053,0.536,0.749,0.731,0.696,0.681,0.767,0.802,0.861,0.838,0.563,0.523,0.164
0.309,0.309,0.262,0.262,0.024,0.302,0.173,0.206,0.301,0.21,0.206,0.208,0.195,0.024,0.208,0.206,0.195,0.024,0.271,0.195,0.078,0.164,0.078,0.166,0.195,0.173,0.166,0.206,0.201,0.21,0.201,0.164,0.203,0.098,0.07,0.098,0.02,0.07,0.203,0.02,0.806,0.098,0.017,0.542,0.098,0.02,0.282,0.017,0.667,0.017,0.343,0.732,0.499,0.309,0.021,0.309,0.361,0.018,0.018,0.018,0.121,0.021,0.361,0.021,0.499,0.121,0.097,0.607,0.097,0.497,0.497,0.497,0.631,0.032,0.54,0.637,0.123,0.16,0.25,0.123,0.735,0.032,0.05,0.673,0.51,0.05,0.25,0.599,0.65,0.183,0.032,0.571,0.639,0.707,0.423,0.05,0.659,0.423,0.423,0.566,0.412,0.069,0.15,0.412,0.412,0.119,0.561,0.094,0.094,0.077,0.094,0.19,0.269,0.172,0.616,0.142,0.687,0.026,0.236,0.19,0.559,0.206,0.722,0.486,0.71,0.081,0.162,0.464,0.081,0.104,0.457,0.302,0.462,0.111,0.201,0.025,0.47,0.068,0.453,0.025,0.025,0.504,0.22,0.413,0.025,0.231,0.025,0.025,0.186,0.19,0.435,0.172,0.506,0.185,0.542,0.221,0.245,0.158,0.37,0.424,0.366,0.638,0.544,0.627,0.623,0.192,0.19,0.767
0.881,0.881,0.904,0.904,0.835,0.286,0.966,0.925,0.269,0.876,0.925,0.961,0.945,0.835,0.961,0.925,0.945,0.835,0.427,0.945,0.918,0.879,0.918,0.971,0.945,0.966,0.971,0.925,0.959,0.876,0.959,0.879,0.782,0.936,0.972,0.936,0.801,0.972,0.782,0.801,0.34,0.936,0.858,0.159,0.936,0.801,0.525,0.858,0.073,0.858,0.133,0.315,0.885,0.75,0.881,0.75,0.786,0.958,0.958,0.958,0.879,0.881,0.786,0.881,0.885,0.879,0.933,0.043,0.933,0.857,0.857,0.857,0.271,0.819,0.145,0.366,0.868,0.067,0.791,0.868,0.417,0.819,0.919,0.344,0.043,0.919,0.791,0.33,0.359,0.06,0.819,0.144,0.341,0.382,0.771,0.919,0.566,0.771,0.771,0.311,0.651,0.627,0.089,0.651,0.651,0.064,0.205,0.318,0.318,0.178,0.006,0.023,0.124,0.025,0.269,0.076,0.029,0.731,0.11,0.023,0.191,0.149,0.029,0.102,0.374,0.192,0.082,0.866,0.192,0.001,0.129,0.921,0.133,0.007,0.052,0.93,0.661,0.097,0.82,0.93,0.925,0.021,0.1,0.824,0.925,0.039,0.925,0.93,0.088,0.715,0.889,0.743,0.612,0.054,0.385,0.106,0.294,0.726,0.313,0.816,0.317,0.593,0.481,0.431,0.443,0.373,0.352,0.32
0.879,0.879,0.888,0.888,0.995,0.026,0.904,0.908,0.027,0.83,0.908,0.916,0.901,0.995,0.916,0.908,0.901,0.995,0.711,0.901,0.95,0.807,0.95,0.902,0.901,0.904,0.902,0.908,0.915,0.83,0.915,0.807,0.988,0.993,0.949,0.993,0.91,0.949,0.988,0.91,0.826,0.993,0.881,0.618,0.993,0.91,0.794,0.881,0.91,0.881,0.044,0.714,0.977,0.811,0.899,0.811,0.78,0.871,0.871,0.871,0.997,0.899,0.78,0.899,0.977,0.997,0.992,0.902,0.992,0.953,0.953,0.953,0.788,0.982,0.697,0.922,0.835,0.86,0.853,0.835,0.687,0.982,0.947,0.932,0.921,0.947,0.853,0.897,0.754,0.702,0.982,0.775,0.922,0.932,0.858,0.947,0.515,0.858,0.858,0.924,0.867,0.911,0.904,0.867,0.867,0.88,0.979,0.972,0.972,0.892,0.564,0.962,0.995,0.911,0.988,0.722,0.64,0.893,0.996,0.962,0.987,0.996,0.645,0.954,0.777,0.972,0.795,0.286,0.972,0.829,0.955,0.992,0.95,0.599,0.677,0.893,0.161,0.848,0.398,0.893,0.89,0.661,0.351,0.649,0.89,0.7,0.89,0.893,0.336,0.362,0.626,0.309,0.05,0.494,0.013,0.537,0.013,0.28,0.005,0.622,0.003,0.032,0.014,0.006,0.007,0.03,0.014,0.034
0.363,0.363,0.597,0.597,0.581,0.244,0.402,0.662,0.347,0.593,0.662,0.437,0.608,0.581,0.437,0.662,0.608,0.581,0.704,0.608,0.8,0.552,0.8,0.69,0.608,0.402,0.69,0.662,0.727,0.593,0.727,0.552,0.808,0.894,0.641,0.894,0.991,0.641,0.808,0.991,0.551,0.894,0.998,0.543,0.894,0.991,0.747,0.998,0.503,0.998,0.516,0.432,0.451,0.632,0.979,0.632,0.609,0.985,0.985,0.985,0.857,0.979,0.609,0.979,0.451,0.857,0.94,0.6,0.94,0.374,0.374,0.374,0.692,0.515,0.636,0.839,0.873,0.625,0.855,0.873,0.678,0.515,0.351,0.477,0.611,0.351,0.855,0.866,0.703,0.729,0.515,0.649,0.774,0.485,0.768,0.351,0.543,0.768,0.768,0.799,0.791,0.912,0.6,0.791,0.791,0.493,0.949,0.666,0.666,0.791,0.366,0.42,0.958,0.502,0.703,0.778,0.674,0.918,0.946,0.42,0.951,0.957,0.701,0.733,0.659,0.514,0.687,0.979,0.514,0.61,0.684,0.418,0.662,0.331,0.739,0.942,0.974,0.696,0.939,0.942,0.924,0.562,0.325,0.718,0.924,0.834,0.924,0.942,0.315,0.546,0.753,0.669,0.71,0.863,0.787,0.351,0.647,0.679,0.803,0.759,0.772,0.696,0.765,0.756,0.754,0.966,0.968,0.742
0.298,0.298,0.295,0.295,0.772,0.832,0.16,0.104,0.802,0.676,0.104,0.167,0.119,0.772,0.167,0.104,0.119,0.772,0.719,0.119,0.419,0.65,0.419,0.083,0.119,0.16,0.083,0.104,0.058,0.676,0.058,0.65,0.814,0.257,0.32,0.257,0.514,0.32,0.814,0.514,0.829,0.257,0.353,0.362,0.257,0.514,0.673,0.353,0.779,0.353,0.932,0.881,0.557,0.396,0.484,0.396,0.374,0.287,0.287,0.287,0.951,0.484,0.374,0.484,0.557,0.951,0.184,0.936,0.184,0.422,0.422,0.422,0.842,0.732,0.462,0.521,0.191,0.533,0.169,0.191,0.575,0.732,0.619,0.606,0.868,0.619,0.169,0.527,0.562,0.585,0.732,0.391,0.506,0.594,0.222,0.619,0.827,0.222,0.222,0.505,0.176,0.326,0.491,0.176,0.176,0.452,0.555,0.123,0.123,0.125,0.383,0.198,0.537,0.287,0.664,0.546,0.822,0.269,0.538,0.198,0.549,0.551,0.875,0.636,0.736,0.164,0.559,0.262,0.164,0.515,0.619,0.713,0.611,0.411,0.642,0.172,0.24,0.153,0.223,0.172,0.306,0.795,0.387,0.294,0.306,0.636,0.306,0.172,0.411,0.567,0.342,0.565,0.549,0.599,0.612,0.556,0.453,0.672,0.867,0.32,0.876,0.452,0.693,0.585,0.707,0.923,0.932,0.778
0.622,0.622,0.497,0.497,0.328,0.002,0.357,0.431,0.002,0.612,0.431,0.454,0.333,0.328,0.454,0.431,0.333,0.328,0.081,0.333,0.377,0.674,0.377,0.348,0.333,0.357,0.348,0.431,0.404,0.612,0.404,0.674,0.327,0.25,0.243,0.25,0.448,0.243,0.327,0.448,0.191,0.25,0.393,0.671,0.25,0.448,0.029,0.393,0.939,0.393,0.002,0.14,0.318,0.446,0.537,0.446,0.444,0.459,0.459,0.459,0.535,0.537,0.444,0.537,0.318,0.535,0.283,0.903,0.283,0.08,0.08,0.08,0.081,0.32,0.793,0.113,0.51,0.98,0.501,0.51,0.156,0.32,0.511,0.092,0.844,0.511,0.501,0.068,0.105,0.981,0.32,0.772,0.111,0.137,0.207,0.511,0.191,0.207,0.207,0.056,0.242,0.282,0.969,0.242,0.242,0.964,0.048,0.18,0.18,0.201,0.186,0.126,0.744,0.141,0.108,0.981,0.969,0.285,0.72,0.126,0.051,0.717,0.956,0.919,0.099,0.297,0.987,0.618,0.297,0.204,0.91,0.407,0.88,0.166,0.94,0.581,0.718,0.291,0.486,0.581,0.598,0.907,0.789,0.277,0.598,0.936,0.598,0.581,0.798,0.227,0.484,0.222,0.876,0.963,0.778,0.821,0.935,0.242,0.902,0.452,0.908,0.82,0.793,0.714,0.768,0.917,0.942,0.514
0.477,0.477,0.419,0.419,0.354,0.092,0.502,0.457,0.086,0.308,0.457,0.568,0.353,0.354,0.568,0.457,0.353,0.354,0.316,0.353,0.288,0.377,0.288,0.388,0.353,0.502,0.388,0.457,0.525,0.308,0.525,0.377,0.104,0.254,0.33,0.254,0.886,0.33,0.104,0.886,0.857,0.254,0.955,0.735,0.254,0.886,0.634,0.955,0.952,0.955,0.061,0.866,0.375,0.196,0.859,0.196,0.204,0.9,0.9,0.9,0.177,0.859,0.204,0.859,0.375,0.177,0.244,0.885,0.244,0.556,0.556,0.556,0.67,0.302,0.575,0.814,0.933,0.889,0.961,0.933,0.621,0.302,0.201,0.697,0.902,0.201,0.961,0.827,0.66,0.806,0.302,0.559,0.868,0.654,0.594,0.201,0.107,0.594,0.594,0.892,0.804,0.959,0.895,0.804,0.804,0.944,0.849,0.71,0.71,0.698,0.874,0.492,0.549,0.536,0.68,0.817,0.977,0.899,0.579,0.492,0.858,0.59,0.99,0.584,0.702,0.645,0.949,0.567,0.645,0.682,0.558,0.369,0.584,0.673,0.888,0.516,0.444,0.629,0.493,0.516,0.478,0.997,0.684,0.485,0.478,0.704,0.478,0.516,0.696,0.596,0.398,0.513,0.666,0.718,0.798,0.568,0.57,0.444,0.532,0.566,0.526,0.627,0.775,0.814,0.632,0.503,0.449,0.678
0.163,0.163,0.187,0.187,0.552,0.403,0.222,0.122,0.409,0.13,0.122,0.232,0.129,0.552,0.232,0.122,0.129,0.552,0.889,0.129,0.228,0.128,0.228,0.147,0.129,0.222,0.147,0.122,0.136,0.13,0.136,0.128,0.15,0.111,0.214,0.111,0.94,0.214,0.15,0.94,0.505,0.111,0.961,0.283,0.111,0.94,0.976,0.961,0.528,0.961,0.359,0.495,0.195,0.213,0.837,0.213,0.223,0.839,0.839,0.839,0.11,0.837,0.223,0.837,0.195,0.11,0.118,0.604,0.118,0.16,0.16,0.16,0.355,0.683,0.282,0.277,0.832,0.582,0.773,0.832,0.381,0.683,0.226,0.297,0.573,0.226,0.773,0.289,0.399,0.818,0.683,0.292,0.261,0.285,0.368,0.226,0.929,0.368,0.368,0.269,0.505,0.827,0.544,0.505,0.505,0.289,0.323,0.727,0.727,0.654,0.148,0.538,0.385,0.586,0.373,0.75,0.271,0.871,0.407,0.538,0.307,0.397,0.418,0.492,0.352,0.71,0.569,0.27,0.71,0.131,0.536,0.217,0.531,0.15,0.56,0.746,0.314,0.606,0.242,0.746,0.785,0.326,0.669,0.598,0.785,0.736,0.785,0.746,0.686,0.437,0.568,0.336,0.385,0.701,0.327,0.45,0.352,0.335,0.308,0.572,0.331,0.291,0.41,0.39,0.494,0.37,0.533,0.258
0.185,0.185,0.167,0.167,0.659,0.577,0.138,0.129,0.586,0.083,0.129,0.156,0.116,0.659,0.156,0.129,0.116,0.659,0.782,0.116,0.124,0.101,0.124,0.119,0.116,0.138,0.119,0.129,0.13,0.083,0.13,0.101,0.083,0.104,0.107,0.104,0.978,0.107,0.083,0.978,0.484,0.104,0.986,0.516,0.104,0.978,0.756,0.986,0.628,0.986,0.468,0.451,0.518,0.122,0.973,0.122,0.129,0.975,0.975,0.975,0.073,0.973,0.129,0.973,0.518,0.073,0.091,0.533,0.091,0.462,0.462,0.462,0.49,0.837,0.6,0.881,0.924,0.349,0.947,0.924,0.583,0.837,0.621,0.718,0.544,0.621,0.947,0.899,0.617,0.37,0.837,0.654,0.881,0.702,0.885,0.621,0.789,0.885,0.885,0.906,0.91,0.961,0.359,0.91,0.91,0.419,0.897,0.984,0.984,0.984,0.923,0.566,0.921,0.598,0.691,0.381,0.883,0.975,0.889,0.566,0.905,0.878,0.873,0.795,0.423,0.953,0.499,0.125,0.953,0.89,0.766,0.561,0.774,0.834,0.618,0.902,0.091,0.943,0.134,0.902,0.873,0.734,0.146,0.263,0.873,0.537,0.873,0.902,0.152,0.181,0.215,0.156,0.208,0.616,0.336,0.16,0.06,0.15,0.036,0.206,0.048,0.277,0.326,0.178,0.143,0.153,0.122,0.087
0.866,0.866,0.663,0.663,0.052,0.152,0.903,0.855,0.18,0.658,0.855,0.939,0.812,0.052,0.939,0.855,0.812,0.052,0.621,0.812,0.647,0.781,0.647,0.792,0.812,0.903,0.792,0.855,0.828,0.658,0.828,0.781,0.403,0.674,0.8,0.674,0.186,0.8,0.403,0.186,0.623,0.674,0.212,0.833,0.674,0.186,0.616,0.212,0.948,0.212,0.11,0.349,0.046,0.559,0.27,0.559,0.624,0.311,0.311,0.311,0.532,0.27,0.624,0.27,0.046,0.532,0.639,0.694,0.639,0.021,0.021,0.021,0.525,0.047,0.721,0.238,0.236,0.384,0.292,0.236,0.367,0.047,0.042,0.264,0.716,0.042,0.292,0.24,0.296,0.446,0.047,0.73,0.289,0.259,0.14,0.042,0.334,0.14,0.14,0.274,0.115,0.232,0.378,0.115,0.115,0.619,0.214,0.4,0.4,0.442,0.184,0.156,0.851,0.187,0.309,0.421,0.776,0.16,0.91,0.156,0.198,0.834,0.806,0.626,0.298,0.499,0.727,0.928,0.499,0.206,0.583,0.079,0.589,0.164,0.773,0.066,0.94,0.639,0.814,0.066,0.101,0.539,0.315,0.94,0.101,0.529,0.101,0.066,0.321,0.837,0.978,0.932,0.851,0.65,0.969,0.323,0.794,0.932,0.897,0.979,0.886,0.903,0.895,0.965,0.941,0.957,0.937,0.79
0.933,0.933,0.939,0.939,0.103,0.339,0.885,0.873,0.36,0.772,0.873,0.898,0.825,0.103,0.898,0.873,0.825,0.103,0.682,0.825,0.907,0.815,0.907,0.92,0.825,0.885,0.92,0.873,0.942,0.772,0.942,0.815,0.535,0.782,0.9,0.782,0.061,0.9,0.535,0.061,0.153,0.782,0.053,0.007,0.782,0.061,0.754,0.053,0.03,0.053,0.235,0.086,0.084,0.862,0.034,0.862,0.889,0.034,0.034,0.034,0.611,0.034,0.889,0.034,0.084,0.611,0.841,0.031,0.841,0.481,0.481,0.481,0.087,0.164,0.007,0.09,0.011,0.02,0.013,0.011,0.101,0.164,0.069,0.045,0.029,0.069,0.013,0.069,0.049,0.018,0.164,0.007,0.088,0.068,0.325,0.069,0.776,0.325,0.325,0.068,0.302,0.026,0.021,0.302,0.302,0.021,0.06,0.56,0.56,0.518,0.916,0.56,0.011,0.574,0.046,0.018,0.013,0.032,0.01,0.56,0.063,0.011,0.011,0.017,0.087,0.432,0.026,0.59,0.432,0.805,0.01,0.089,0.01,0.832,0.031,0.013,0.559,0.401,0.598,0.013,0.013,0.013,0.626,0.653,0.013,0.02,0.013,0.013,0.621,0.964,0.682,0.992,0.718,0.021,0.801,0.589,0.477,0.971,0.575,0.635,0.542,0.766,0.746,0.826,0.763,0.721,0.701,0.693
0.15,0.15,0.146,0.146,0.791,0.502,0.288,0.424,0.501,0.315,0.424,0.352,0.373,0.791,0.352,0.424,0.373,0.791,0.448,0.373,0.152,0.369,0.152,0.415,0.373,0.288,0.415,0.424,0.44,0.315,0.44,0.369,0.495,0.641,0.513,0.641,0.367,0.513,0.495,0.367,0.615,0.641,0.218,0.934,0.641,0.367,0.37,0.218,0.712,0.218,0.462,0.53,0.628,0.356,0.332,0.356,0.347,0.18,0.18,0.18,0.617,0.332,0.347,0.332,0.628,0.617,0.735,0.741,0.735,0.635,0.635,0.635,0.588,0.894,0.879,0.832,0.101,0.553,0.156,0.101,0.549,0.894,0.798,0.618,0.763,0.798,0.156,0.787,0.5,0.568,0.894,0.851,0.765,0.6,0.078,0.798,0.39,0.078,0.078,0.747,0.082,0.137,0.559,0.082,0.082,0.442,0.644,0.072,0.072,0.124,0.197,0.605,0.874,0.508,0.488,0.576,0.361,0.092,0.912,0.605,0.649,0.89,0.359,0.932,0.483,0.315,0.465,0.223,0.315,0.367,0.936,0.588,0.919,0.205,0.532,0.224,0.269,0.346,0.39,0.224,0.27,0.44,0.356,0.635,0.27,0.623,0.27,0.224,0.361,0.852,0.68,0.851,0.566,0.627,0.414,0.328,0.125,0.865,0.219,0.682,0.196,0.574,0.385,0.447,0.394,0.249,0.28,0.352
0.607,0.607,0.71,0.71,0.535,0.663,0.587,0.745,0.691,0.684,0.745,0.673,0.683,0.535,0.673,0.745,0.683,0.535,0.37,0.683,0.666,0.731,0.666,0.676,0.683,0.587,0.676,0.745,0.766,0.684,0.766,0.731,0.352,0.678,0.71,0.678,0.417,0.71,0.352,0.417,0.571,0.678,0.45,0.748,0.678,0.417,0.422,0.45,0.084,0.45,0.649,0.594,0.777,0.324,0.555,0.324,0.363,0.632,0.632,0.632,0.705,0.555,0.363,0.555,0.777,0.705,0.697,0.064,0.697,0.675,0.675,0.675,0.403,0.315,0.698,0.418,0.943,0.068,0.93,0.943,0.459,0.315,0.803,0.413,0.061,0.803,0.93,0.387,0.389,0.126,0.315,0.631,0.412,0.467,0.748,0.803,0.219,0.748,0.748,0.378,0.748,0.882,0.074,0.748,0.748,0.095,0.291,0.317,0.317,0.293,0.346,0.496,0.17,0.514,0.35,0.121,0.316,0.902,0.173,0.496,0.287,0.146,0.306,0.155,0.393,0.301,0.115,0.756,0.301,0.334,0.105,0.857,0.109,0.238,0.219,0.895,0.715,0.257,0.626,0.895,0.894,0.208,0.651,0.935,0.894,0.158,0.894,0.895,0.639,0.853,0.886,0.824,0.091,0.15,0.094,0.564,0.481,0.833,0.316,0.919,0.388,0.128,0.114,0.066,0.059,0.448,0.245,0.571
0.209,0.209,0.256,0.256,0.056,0.407,0.31,0.604,0.397,0.473,0.604,0.339,0.617,0.056,0.339,0.604,0.617,0.056,0.393,0.617,0.248,0.428,0.248,0.601,0.617,0.31,0.601,0.604,0.569,0.473,0.569,0.428,0.325,0.464,0.291,0.464,0.074,0.291,0.325,0.074,0.468,0.464,0.088,0.626,0.464,0.074,0.417,0.088,0.495,0.088,0.267,0.469,0.171,0.654,0.069,0.654,0.683,0.108,0.108,0.108,0.253,0.069,0.683,0.069,0.171,0.253,0.422,0.518,0.422,0.211,0.211,0.211,0.556,0.079,0.722,0.587,0.109,0.675,0.119,0.109,0.509,0.079,0.214,0.608,0.518,0.214,0.119,0.569,0.51,0.719,0.079,0.74,0.539,0.655,0.29,0.214,0.171,0.29,0.29,0.55,0.326,0.136,0.677,0.326,0.326,0.61,0.577,0.579,0.579,0.591,0.608,0.405,0.551,0.497,0.637,0.725,0.49,0.131,0.489,0.405,0.605,0.494,0.498,0.452,0.494,0.522,0.636,0.753,0.522,0.704,0.455,0.178,0.394,0.627,0.438,0.231,0.683,0.556,0.818,0.231,0.202,0.402,0.327,0.552,0.202,0.449,0.202,0.231,0.327,0.339,0.49,0.328,0.428,0.438,0.6,0.382,0.346,0.337,0.465,0.504,0.433,0.417,0.573,0.616,0.563,0.038,0.041,0.037
0.654,0.654,0.634,0.634,0.588,0.517,0.494,0.39,0.524,0.515,0.39,0.545,0.34,0.588,0.545,0.39,0.34,0.588,0.826,0.34,0.561,0.508,0.561,0.315,0.34,0.494,0.315,0.39,0.369,0.515,0.369,0.508,0.227,0.331,0.453,0.331,0.653,0.453,0.227,0.653,0.913,0.331,0.618,0.498,0.331,0.653,0.857,0.618,0.695,0.618,0.554,0.914,0.778,0.248,0.596,0.248,0.254,0.612,0.612,0.612,0.48,0.596,0.254,0.596,0.778,0.48,0.341,0.291,0.341,0.634,0.634,0.634,0.927,0.596,0.356,0.873,0.749,0.634,0.779,0.749,0.93,0.596,0.436,0.923,0.317,0.436,0.779,0.876,0.923,0.783,0.596,0.384,0.926,0.907,0.469,0.436,0.83,0.469,0.469,0.923,0.585,0.777,0.602,0.585,0.585,0.733,0.813,0.308,0.308,0.522,0.416,0.385,0.486,0.443,0.917,0.731,0.855,0.691,0.604,0.385,0.771,0.628,0.871,0.445,0.907,0.194,0.842,0.451,0.194,0.349,0.718,0.764,0.713,0.328,0.608,0.354,0.564,0.361,0.255,0.354,0.446,0.872,0.737,0.319,0.446,0.644,0.446,0.354,0.714,0.182,0.414,0.24,0.369,0.645,0.683,0.879,0.634,0.238,0.562,0.403,0.504,0.318,0.664,0.728,0.723,0.285,0.402,0.29
0.606,0.606,0.516,0.516,0.253,0.638,0.48,0.469,0.552,0.617,0.469,0.69,0.402,0.253,0.69,0.469,0.402,0.253,0.037,0.402,0.359,0.67,0.359,0.442,0.402,0.48,0.442,0.469,0.53,0.617,0.53,0.67,0.452,0.269,0.428,0.269,0.037,0.428,0.452,0.037,0.778,0.269,0.051,0.203,0.269,0.037,0.037,0.051,0.394,0.051,0.539,0.774,0.026,0.758,0.128,0.758,0.778,0.178,0.178,0.178,0.415,0.128,0.778,0.128,0.026,0.415,0.318,0.439,0.318,0.007,0.007,0.007,0.586,0.054,0.138,0.678,0.013,0.378,0.01,0.013,0.738,0.054,0.063,0.733,0.442,0.063,0.01,0.691,0.756,0.326,0.054,0.201,0.715,0.741,0.006,0.063,0.062,0.006,0.006,0.739,0.006,0.047,0.396,0.006,0.006,0.546,0.836,0.105,0.105,0.115,0.585,0.533,0.899,0.54,0.872,0.373,0.715,0.038,0.905,0.533,0.859,0.901,0.667,0.609,0.713,0.142,0.553,0.084,0.142,0.75,0.519,0.059,0.495,0.554,0.59,0.072,0.119,0.159,0.096,0.072,0.066,0.774,0.337,0.463,0.066,0.431,0.066,0.072,0.323,0.238,0.436,0.238,0.246,0.493,0.159,0.333,0.277,0.233,0.356,0.398,0.319,0.288,0.16,0.23,0.192,0.48,0.514,0.239
0.432,0.432,0.477,0.477,0.015,0.856,0.685,0.554,0.829,0.623,0.554,0.691,0.559,0.015,0.691,0.554,0.559,0.015,0.411,0.559,0.513,0.628,0.513,0.462,0.559,0.685,0.462,0.554,0.479,0.623,0.479,0.628,0.503,0.374,0.454,0.374,0.203,0.454,0.503,0.203,0.224,0.374,0.199,0.257,0.374,0.203,0.448,0.199,0.131,0.199,0.624,0.25,0.052,0.572,0.075,0.572,0.58,0.156,0.156,0.156,0.504,0.075,0.58,0.075,0.052,0.504,0.35,0.13,0.35,0.052,0.052,0.052,0.312,0.04,0.201,0.109,0.088,0.126,0.065,0.088,0.076,0.04,0.027,0.057,0.136,0.027,0.065,0.113,0.082,0.085,0.04,0.209,0.117,0.066,0.07,0.027,0.058,0.07,0.07,0.117,0.07,0.051,0.128,0.07,0.07,0.138,0.139,0.013,0.013,0.012,0.09,0.026,0.039,0.033,0.073,0.085,0.122,0.063,0.042,0.026,0.15,0.041,0.118,0.034,0.075,0.019,0.139,0.153,0.019,0.13,0.042,0.083,0.041,0.088,0.095,0.028,0.174,0.019,0.186,0.028,0.022,0.179,0.543,0.126,0.022,0.073,0.022,0.028,0.526,0.023,0.141,0.021,0.476,0.074,0.397,0.492,0.349,0.023,0.547,0.167,0.559,0.479,0.4,0.45,0.444,0.623,0.623,0.475
0.875,0.875,0.831,0.831,0.854,0.646,0.837,0.779,0.599,0.568,0.779,0.839,0.779,0.854,0.839,0.779,0.779,0.854,0.813,0.779,0.72,0.644,0.72,0.79,0.779,0.837,0.79,0.779,0.807,0.568,0.807,0.644,0.224,0.518,0.667,0.518,0.92,0.667,0.224,0.92,0.908,0.518,0.91,0.811,0.518,0.92,0.775,0.91,0.766,0.91,0.352,0.888,0.537,0.443,0.903,0.443,0.456,0.903,0.903,0.903,0.387,0.903,0.456,0.903,0.537,0.387,0.481,0.865,0.481,0.476,0.476,0.476,0.577,0.923,0.748,0.81,0.362,0.999,0.368,0.362,0.796,0.923,0.6,0.872,0.931,0.6,0.368,0.756,0.804,1.0,0.923,0.757,0.82,0.901,0.381,0.6,0.803,0.381,0.381,0.772,0.59,0.424,0.998,0.59,0.59,0.902,0.695,0.794,0.794,0.907,0.974,0.955,0.727,0.952,0.766,1.0,0.988,0.409,0.557,0.955,0.693,0.541,0.984,0.631,0.621,0.913,0.959,0.86,0.913,0.984,0.512,0.583,0.518,0.975,0.987,0.363,0.894,0.93,0.653,0.363,0.438,0.99,0.898,0.464,0.438,1.0,0.438,0.363,0.901,0.446,0.452,0.555,0.277,1.0,0.166,0.973,0.35,0.543,0.381,0.437,0.358,0.223,0.18,0.163,0.204,0.12,0.086,0.2
0.229,0.229,0.244,0.244,0.679,0.29,0.441,0.392,0.275,0.394,0.392,0.471,0.482,0.679,0.471,0.392,0.482,0.679,0.156,0.482,0.409,0.331,0.409,0.618,0.482,0.441,0.618,0.392,0.528,0.394,0.528,0.331,0.556,0.526,0.639,0.526,0.666,0.639,0.556,0.666,0.933,0.526,0.616,0.864,0.526,0.666,0.425,0.616,0.32,0.616,0.512,0.92,0.893,0.142,0.568,0.142,0.139,0.474,0.474,0.474,0.567,0.568,0.139,0.568,0.893,0.567,0.705,0.469,0.705,0.819,0.819,0.819,0.838,0.588,0.734,0.645,0.875,0.449,0.929,0.875,0.867,0.588,0.881,0.715,0.48,0.881,0.929,0.605,0.832,0.539,0.588,0.771,0.66,0.714,0.816,0.881,0.279,0.816,0.816,0.629,0.879,0.918,0.484,0.879,0.879,0.449,0.732,0.763,0.763,0.839,0.664,0.808,0.653,0.793,0.85,0.557,0.73,0.888,0.628,0.808,0.712,0.624,0.736,0.882,0.912,0.865,0.516,0.93,0.865,0.417,0.909,0.961,0.89,0.604,0.584,0.796,0.881,0.886,0.574,0.796,0.813,0.777,0.846,0.479,0.813,0.588,0.813,0.796,0.904,0.327,0.427,0.261,0.746,0.579,0.82,0.892,0.783,0.296,0.888,0.498,0.889,0.719,0.842,0.795,0.819,0.989,0.993,0.741
0.727,0.727,0.709,0.709,0.917,0.704,0.516,0.505,0.65,0.428,0.505,0.617,0.459,0.917,0.617,0.505,0.459,0.917,0.732,0.459,0.578,0.523,0.578,0.525,0.459,0.516,0.525,0.505,0.648,0.428,0.648,0.523,0.372,0.473,0.562,0.473,0.37,0.562,0.372,0.37,0.547,0.473,0.366,0.842,0.473,0.37,0.628,0.366,0.801,0.366,0.538,0.468,0.853,0.481,0.469,0.481,0.475,0.461,0.461,0.461,0.526,0.469,0.475,0.469,0.853,0.526,0.561,0.871,0.561,0.825,0.825,0.825,0.285,0.89,0.869,0.401,0.173,0.971,0.162,0.173,0.444,0.89,0.886,0.327,0.861,0.886,0.162,0.345,0.372,0.985,0.89,0.853,0.394,0.38,0.502,0.886,0.831,0.502,0.502,0.342,0.4,0.34,0.972,0.4,0.4,0.981,0.249,0.668,0.668,0.661,0.892,0.984,0.172,0.983,0.222,0.983,0.731,0.133,0.165,0.984,0.215,0.169,0.655,0.144,0.271,0.708,0.97,0.209,0.708,0.821,0.163,0.817,0.139,0.883,0.637,0.264,0.184,0.716,0.246,0.264,0.207,0.664,0.612,0.115,0.207,0.592,0.207,0.264,0.598,0.108,0.171,0.091,0.386,0.69,0.246,0.529,0.6,0.097,0.719,0.183,0.642,0.345,0.283,0.228,0.266,0.66,0.654,0.578
0.008,0.008,0.007,0.007,0.004,0.076,0.009,0.02,0.074,0.011,0.02,0.008,0.021,0.004,0.008,0.02,0.021,0.004,0.157,0.021,0.023,0.012,0.023,0.021,0.021,0.009,0.021,0.02,0.02,0.011,0.02,0.012,0.109,0.06,0.03,0.06,0.006,0.03,0.109,0.006,0.844,0.06,0.009,0.383,0.06,0.006,0.22,0.009,0.306,0.009,0.184,0.887,0.024,0.049,0.003,0.049,0.043,0.004,0.004,0.004,0.042,0.003,0.043,0.003,0.024,0.042,0.049,0.322,0.049,0.073,0.073,0.073,0.849,0.003,0.276,0.738,0.033,0.441,0.032,0.033,0.726,0.003,0.013,0.884,0.323,0.013,0.032,0.758,0.795,0.463,0.003,0.33,0.73,0.749,0.037,0.013,0.705,0.037,0.037,0.784,0.04,0.033,0.445,0.04,0.04,0.426,0.962,0.031,0.031,0.039,0.155,0.064,0.853,0.078,0.99,0.459,0.787,0.041,0.824,0.064,0.97,0.817,0.669,0.834,0.796,0.036,0.454,0.201,0.036,0.116,0.802,0.033,0.818,0.147,0.526,0.015,0.154,0.054,0.103,0.015,0.014,0.693,0.996,0.05,0.014,0.513,0.014,0.015,0.998,0.059,0.102,0.038,0.011,0.515,0.026,0.966,0.077,0.034,0.053,0.095,0.073,0.007,0.035,0.024,0.025,0.082,0.057,0.109
0.055,0.055,0.162,0.162,0.429,0.413,0.082,0.05,0.429,0.149,0.05,0.044,0.098,0.429,0.044,0.05,0.098,0.429,0.764,0.098,0.394,0.087,0.394,0.102,0.098,0.082,0.102,0.05,0.055,0.149,0.055,0.087,0.701,0.142,0.154,0.142,0.907,0.154,0.701,0.907,0.044,0.142,0.779,0.063,0.142,0.907,0.563,0.779,0.215,0.779,0.663,0.052,0.928,0.421,0.889,0.421,0.389,0.746,0.746,0.746,0.181,0.889,0.389,0.889,0.928,0.181,0.155,0.283,0.155,0.947,0.947,0.947,0.054,0.768,0.087,0.036,0.838,0.429,0.9,0.838,0.038,0.768,0.846,0.018,0.248,0.846,0.9,0.028,0.033,0.388,0.768,0.083,0.032,0.02,0.952,0.846,0.605,0.952,0.952,0.026,0.926,0.846,0.385,0.926,0.926,0.297,0.087,0.909,0.909,0.92,0.711,0.395,0.866,0.4,0.048,0.413,0.373,0.836,0.858,0.395,0.069,0.889,0.395,0.906,0.06,0.983,0.238,0.152,0.983,0.616,0.869,0.889,0.872,0.815,0.361,0.894,0.116,0.981,0.105,0.894,0.856,0.322,0.77,0.017,0.856,0.458,0.856,0.894,0.762,0.021,0.047,0.03,0.268,0.453,0.369,0.829,0.106,0.029,0.033,0.047,0.031,0.322,0.29,0.318,0.273,0.037,0.028,0.416
0.015,0.015,0.011,0.011,0.464,0.539,0.034,0.061,0.539,0.105,0.061,0.026,0.068,0.464,0.026,0.061,0.068,0.464,0.439,0.068,0.026,0.106,0.026,0.068,0.068,0.034,0.068,0.061,0.039,0.105,0.039,0.106,0.13,0.069,0.021,0.069,0.71,0.021,0.13,0.71,0.381,0.069,0.632,0.105,0.069,0.71,0.389,0.632,0.029,0.632,0.564,0.538,0.53,0.192,0.717,0.192,0.197,0.601,0.601,0.601,0.096,0.717,0.197,0.717,0.53,0.096,0.084,0.029,0.084,0.498,0.498,0.498,0.688,0.562,0.071,0.246,0.778,0.092,0.818,0.778,0.22,0.562,0.474,0.267,0.032,0.474,0.818,0.272,0.31,0.115,0.562,0.067,0.309,0.276,0.566,0.474,0.288,0.566,0.566,0.349,0.593,0.843,0.08,0.593,0.593,0.094,0.381,0.535,0.535,0.541,0.314,0.749,0.546,0.706,0.465,0.103,0.554,0.812,0.512,0.749,0.459,0.578,0.424,0.411,0.484,0.562,0.112,0.47,0.562,0.28,0.369,0.59,0.355,0.302,0.241,0.753,0.459,0.552,0.387,0.753,0.839,0.523,0.292,0.529,0.839,0.213,0.839,0.753,0.292,0.585,0.558,0.578,0.048,0.237,0.107,0.247,0.617,0.593,0.035,0.527,0.04,0.044,0.086,0.117,0.097,0.173,0.105,0.671
0.568,0.568,0.578,0.578,0.029,0.618,0.61,0.46,0.66,0.693,0.46,0.6,0.388,0.029,0.6,0.46,0.388,0.029,0.011,0.388,0.672,0.687,0.672,0.408,0.388,0.61,0.408,0.46,0.421,0.693,0.421,0.687,0.56,0.512,0.571,0.512,0.14,0.571,0.56,0.14,0.823,0.512,0.134,0.726,0.512,0.14,0.034,0.134,0.861,0.134,0.676,0.683,0.152,0.479,0.081,0.479,0.476,0.084,0.084,0.084,0.73,0.081,0.476,0.081,0.152,0.73,0.504,0.487,0.504,0.254,0.254,0.254,0.687,0.11,0.598,0.875,0.135,0.403,0.19,0.135,0.626,0.11,0.181,0.894,0.522,0.181,0.19,0.847,0.646,0.406,0.11,0.615,0.878,0.91,0.449,0.181,0.166,0.449,0.449,0.882,0.53,0.181,0.352,0.53,0.53,0.478,0.634,0.417,0.417,0.418,0.327,0.445,0.492,0.359,0.694,0.351,0.778,0.14,0.573,0.445,0.662,0.552,0.779,0.611,0.585,0.456,0.335,0.359,0.456,0.492,0.688,0.11,0.679,0.329,0.477,0.196,0.239,0.574,0.144,0.196,0.271,0.554,0.988,0.209,0.271,0.49,0.271,0.196,0.987,0.143,0.214,0.16,0.035,0.445,0.016,0.972,0.095,0.172,0.074,0.236,0.064,0.03,0.013,0.01,0.014,0.058,0.065,0.107
0.386,0.386,0.357,0.357,0.91,0.674,0.321,0.185,0.716,0.174,0.185,0.287,0.285,0.91,0.287,0.185,0.285,0.91,0.162,0.285,0.328,0.142,0.328,0.274,0.285,0.321,0.274,0.185,0.188,0.174,0.188,0.142,0.636,0.326,0.353,0.326,0.692,0.353,0.636,0.692,0.657,0.326,0.626,0.944,0.326,0.692,0.316,0.626,0.986,0.626,0.726,0.7,0.72,0.507,0.739,0.507,0.554,0.654,0.654,0.654,0.165,0.739,0.554,0.739,0.72,0.165,0.296,0.966,0.296,0.813,0.813,0.813,0.63,0.903,0.858,0.634,0.722,0.422,0.715,0.722,0.581,0.903,0.883,0.654,0.973,0.883,0.715,0.634,0.581,0.395,0.903,0.938,0.597,0.664,0.737,0.883,0.503,0.737,0.737,0.595,0.71,0.772,0.307,0.71,0.71,0.415,0.645,0.086,0.086,0.055,0.065,0.007,0.284,0.016,0.689,0.286,0.415,0.744,0.314,0.007,0.596,0.306,0.497,0.344,0.747,0.145,0.361,0.063,0.145,0.02,0.347,0.844,0.339,0.075,0.578,0.761,0.086,0.072,0.065,0.761,0.744,0.53,0.157,0.761,0.744,0.29,0.744,0.761,0.147,0.862,0.671,0.847,0.037,0.244,0.119,0.136,0.109,0.825,0.265,0.57,0.275,0.04,0.085,0.073,0.071,0.166,0.208,0.074
0.072,0.072,0.226,0.226,0.304,0.667,0.295,0.044,0.661,0.058,0.044,0.069,0.22,0.304,0.069,0.044,0.22,0.304,0.699,0.22,0.075,0.024,0.075,0.207,0.22,0.295,0.207,0.044,0.031,0.058,0.031,0.024,0.393,0.079,0.102,0.079,0.561,0.102,0.393,0.561,0.023,0.079,0.534,0.885,0.079,0.561,0.58,0.534,0.953,0.534,0.698,0.043,0.125,0.393,0.505,0.393,0.395,0.635,0.635,0.635,0.05,0.505,0.395,0.505,0.125,0.05,0.08,0.84,0.08,0.125,0.125,0.125,0.006,0.538,0.898,0.015,0.364,0.858,0.333,0.364,0.007,0.538,0.21,0.009,0.834,0.21,0.333,0.018,0.011,0.924,0.538,0.903,0.018,0.009,0.216,0.21,0.676,0.216,0.216,0.027,0.262,0.546,0.847,0.262,0.262,0.962,0.033,0.466,0.466,0.451,0.282,0.22,0.832,0.221,0.017,0.92,0.6,0.574,0.789,0.22,0.041,0.784,0.61,0.841,0.01,0.416,0.967,0.314,0.416,0.148,0.853,0.204,0.87,0.256,0.912,0.225,0.293,0.413,0.422,0.225,0.168,0.582,0.354,0.182,0.168,0.855,0.168,0.225,0.35,0.07,0.193,0.08,0.739,0.851,0.504,0.375,0.672,0.075,0.749,0.196,0.777,0.678,0.554,0.498,0.545,0.811,0.807,0.829
0.888,0.888,0.889,0.889,0.31,0.886,0.89,0.926,0.905,0.76,0.926,0.903,0.914,0.31,0.903,0.926,0.914,0.31,0.254,0.914,0.996,0.79,0.996,0.911,0.914,0.89,0.911,0.926,0.904,0.76,0.904,0.79,0.88,1.0,0.997,1.0,0.734,0.997,0.88,0.734,0.671,1.0,0.749,0.277,1.0,0.734,0.146,0.749,0.415,0.749,0.987,0.589,0.765,0.566,0.639,0.566,0.548,0.613,0.613,0.613,0.957,0.639,0.548,0.639,0.765,0.957,0.998,0.296,0.998,0.588,0.588,0.588,0.834,0.46,0.253,0.633,0.895,0.434,0.959,0.895,0.343,0.46,0.393,0.266,0.272,0.393,0.959,0.685,0.292,0.14,0.46,0.217,0.613,0.299,0.978,0.393,0.138,0.978,0.978,0.646,0.899,0.409,0.357,0.899,0.899,0.487,0.683,0.028,0.028,0.054,0.103,0.082,0.424,0.083,0.221,0.17,0.027,0.404,0.419,0.082,0.661,0.405,0.028,0.22,0.376,0.033,0.145,0.493,0.033,0.115,0.223,0.23,0.208,0.139,0.136,0.626,0.334,0.067,0.492,0.626,0.662,0.025,0.001,0.775,0.662,0.203,0.662,0.626,0.002,0.792,0.792,0.806,0.482,0.192,0.571,0.007,0.904,0.808,0.847,0.804,0.821,0.433,0.605,0.564,0.604,0.925,0.921,0.894
0.77,0.77,0.757,0.757,0.645,0.752,0.976,0.937,0.825,0.855,0.937,0.97,0.93,0.645,0.97,0.937,0.93,0.645,0.601,0.93,0.826,0.882,0.826,0.862,0.93,0.976,0.862,0.937,0.928,0.855,0.928,0.882,0.809,0.95,0.981,0.95,0.518,0.981,0.809,0.518,0.768,0.95,0.558,0.91,0.95,0.518,0.655,0.558,0.826,0.558,0.753,0.799,0.572,0.781,0.386,0.781,0.779,0.399,0.399,0.399,0.887,0.386,0.779,0.386,0.572,0.887,0.913,0.711,0.913,0.897,0.897,0.897,0.862,0.54,0.873,0.731,0.632,0.647,0.646,0.632,0.911,0.54,0.637,0.853,0.778,0.637,0.646,0.731,0.916,0.736,0.54,0.914,0.738,0.857,0.935,0.637,0.388,0.935,0.935,0.738,0.924,0.548,0.657,0.924,0.924,0.632,0.738,0.218,0.218,0.191,0.164,0.089,0.339,0.126,0.854,0.76,0.682,0.543,0.325,0.089,0.729,0.351,0.757,0.401,0.947,0.228,0.695,0.149,0.228,0.176,0.389,0.494,0.386,0.154,0.31,0.539,0.094,0.204,0.167,0.539,0.567,0.623,0.414,0.1,0.567,0.53,0.567,0.539,0.415,0.738,0.079,0.849,0.333,0.543,0.312,0.358,0.342,0.823,0.425,0.049,0.422,0.335,0.352,0.366,0.398,0.116,0.12,0.436
0.272,0.272,0.365,0.365,0.371,0.509,0.206,0.065,0.533,0.129,0.065,0.115,0.127,0.371,0.115,0.065,0.127,0.371,0.865,0.127,0.554,0.096,0.554,0.11,0.127,0.206,0.11,0.065,0.06,0.129,0.06,0.096,0.425,0.169,0.341,0.169,0.499,0.341,0.425,0.499,0.223,0.169,0.485,0.177,0.169,0.499,0.886,0.485,0.451,0.485,0.727,0.306,0.41,0.404,0.358,0.404,0.4,0.354,0.354,0.354,0.131,0.358,0.4,0.358,0.41,0.131,0.13,0.688,0.13,0.807,0.807,0.807,0.636,0.509,0.192,0.445,0.341,0.486,0.341,0.341,0.467,0.509,0.288,0.439,0.755,0.288,0.341,0.398,0.448,0.538,0.509,0.192,0.414,0.494,0.705,0.288,0.782,0.705,0.705,0.397,0.68,0.345,0.464,0.68,0.68,0.357,0.526,0.437,0.437,0.417,0.574,0.432,0.353,0.482,0.561,0.513,0.426,0.34,0.351,0.432,0.511,0.36,0.429,0.375,0.602,0.388,0.379,0.778,0.388,0.533,0.364,0.424,0.366,0.583,0.278,0.234,0.723,0.405,0.439,0.234,0.247,0.569,0.153,0.36,0.247,0.531,0.247,0.234,0.151,0.549,0.32,0.598,0.441,0.489,0.687,0.135,0.201,0.584,0.415,0.312,0.384,0.567,0.629,0.689,0.682,0.343,0.436,0.399
0.319,0.319,0.217,0.217,0.651,0.301,0.253,0.496,0.299,0.325,0.496,0.338,0.425,0.651,0.338,0.496,0.425,0.651,0.551,0.425,0.148,0.393,0.148,0.392,0.425,0.253,0.392,0.496,0.461,0.325,0.461,0.393,0.206,0.365,0.16,0.365,0.427,0.16,0.206,0.427,0.108,0.365,0.359,0.071,0.365,0.427,0.57,0.359,0.133,0.359,0.197,0.045,0.256,0.289,0.689,0.289,0.298,0.595,0.595,0.595,0.303,0.689,0.298,0.689,0.256,0.303,0.334,0.097,0.334,0.193,0.193,0.193,0.031,0.391,0.069,0.068,0.26,0.167,0.312,0.26,0.088,0.391,0.326,0.095,0.083,0.326,0.312,0.083,0.074,0.16,0.391,0.06,0.071,0.095,0.226,0.326,0.564,0.226,0.226,0.082,0.235,0.442,0.142,0.235,0.235,0.074,0.086,0.303,0.303,0.321,0.231,0.959,0.017,0.957,0.106,0.105,0.081,0.433,0.016,0.959,0.08,0.016,0.09,0.027,0.122,0.39,0.065,0.586,0.39,0.857,0.027,0.185,0.028,0.275,0.097,0.455,0.778,0.42,0.761,0.455,0.561,0.053,0.657,0.999,0.561,0.152,0.561,0.455,0.638,0.994,0.999,0.996,0.608,0.103,0.68,0.61,0.132,0.998,0.278,0.999,0.254,0.614,0.648,0.655,0.579,0.264,0.509,0.044
0.569,0.569,0.507,0.507,0.335,0.939,0.915,0.916,0.966,0.82,0.916,0.855,0.918,0.335,0.855,0.916,0.918,0.335,0.396,0.918,0.85,0.818,0.85,0.894,0.918,0.915,0.894,0.916,0.908,0.82,0.908,0.818,0.966,0.927,0.929,0.927,0.787,0.929,0.966,0.787,0.216,0.927,0.627,0.3,0.927,0.787,0.303,0.627,0.356,0.627,0.999,0.217,0.08,0.621,0.774,0.621,0.575,0.611,0.611,0.611,0.8,0.774,0.575,0.774,0.08,0.8,0.911,0.55,0.911,0.042,0.042,0.042,0.603,0.474,0.371,0.546,0.489,0.393,0.507,0.489,0.277,0.474,0.263,0.195,0.429,0.263,0.507,0.553,0.27,0.36,0.474,0.408,0.516,0.205,0.202,0.263,0.537,0.202,0.202,0.506,0.335,0.429,0.343,0.335,0.335,0.298,0.708,0.746,0.746,0.732,0.479,0.672,0.764,0.831,0.144,0.414,0.118,0.393,0.719,0.672,0.659,0.715,0.115,0.473,0.202,0.852,0.289,0.781,0.852,0.859,0.357,0.078,0.372,0.654,0.394,0.414,0.751,0.827,0.828,0.414,0.514,0.13,0.14,0.612,0.514,0.465,0.514,0.414,0.129,0.415,0.581,0.403,0.965,0.487,0.84,0.121,0.657,0.354,0.581,0.578,0.558,0.907,0.9,0.82,0.874,0.594,0.504,0.793
0.947,0.947,0.691,0.691,0.524,0.679,0.892,0.952,0.706,0.936,0.952,0.908,0.873,0.524,0.908,0.952,0.873,0.524,0.096,0.873,0.895,0.981,0.895,0.837,0.873,0.892,0.837,0.952,0.894,0.936,0.894,0.981,0.67,0.779,0.822,0.779,0.45,0.822,0.67,0.45,0.745,0.779,0.392,0.749,0.779,0.45,0.103,0.392,0.847,0.392,0.567,0.706,0.425,0.738,0.451,0.738,0.763,0.397,0.397,0.397,0.921,0.451,0.763,0.451,0.425,0.921,0.771,0.742,0.771,0.339,0.339,0.339,0.656,0.505,0.386,0.516,0.162,0.694,0.179,0.162,0.521,0.505,0.453,0.468,0.823,0.453,0.179,0.545,0.489,0.856,0.505,0.364,0.504,0.441,0.157,0.453,0.533,0.157,0.157,0.502,0.165,0.164,0.772,0.165,0.165,0.929,0.538,0.272,0.272,0.272,0.465,0.694,0.37,0.683,0.445,0.894,0.916,0.212,0.365,0.694,0.539,0.375,0.924,0.163,0.46,0.289,0.971,0.348,0.289,0.733,0.145,0.459,0.141,0.377,0.988,0.341,0.433,0.267,0.37,0.341,0.367,0.809,0.168,0.282,0.367,0.857,0.367,0.341,0.162,0.361,0.307,0.244,0.197,0.898,0.229,0.164,0.62,0.266,0.508,0.29,0.367,0.173,0.172,0.335,0.269,0.162,0.229,0.739
0.588,0.588,0.783,0.783,0.485,0.17,0.629,0.337,0.163,0.188,0.337,0.397,0.415,0.485,0.397,0.337,0.415,0.485,0.121,0.415,0.933,0.214,0.933,0.402,0.415,0.629,0.402,0.337,0.325,0.188,0.325,0.214,0.798,0.34,0.499,0.34,0.408,0.499,0.798,0.408,0.181,0.34,0.498,0.701,0.34,0.408,0.197,0.498,0.195,0.498,0.167,0.147,0.147,0.547,0.479,0.547,0.493,0.578,0.578,0.578,0.221,0.479,0.493,0.479,0.147,0.221,0.31,0.208,0.31,0.507,0.507,0.507,0.145,0.705,0.777,0.245,0.422,0.022,0.254,0.422,0.31,0.705,0.329,0.25,0.202,0.329,0.254,0.211,0.289,0.022,0.705,0.763,0.231,0.26,0.743,0.329,0.824,0.743,0.743,0.208,0.628,0.498,0.028,0.628,0.628,0.085,0.146,0.521,0.521,0.555,0.929,0.864,0.827,0.892,0.246,0.034,0.105,0.483,0.844,0.864,0.135,0.831,0.102,0.499,0.289,0.534,0.105,0.807,0.534,0.779,0.517,0.356,0.535,0.961,0.122,0.39,0.812,0.579,0.852,0.39,0.286,0.398,0.131,0.658,0.286,0.031,0.286,0.39,0.127,0.639,0.718,0.64,0.939,0.038,0.953,0.207,0.735,0.628,0.846,0.656,0.883,0.968,0.923,0.94,0.92,0.893,0.869,0.981
0.369,0.369,0.39,0.39,0.069,0.747,0.28,0.202,0.788,0.191,0.202,0.299,0.191,0.069,0.299,0.202,0.191,0.069,0.201,0.191,0.341,0.211,0.341,0.168,0.191,0.28,0.168,0.202,0.206,0.191,0.206,0.211,0.342,0.218,0.235,0.218,0.133,0.235,0.342,0.133,0.314,0.218,0.319,0.995,0.218,0.133,0.314,0.319,0.998,0.319,0.767,0.295,0.698,0.382,0.18,0.382,0.397,0.421,0.421,0.421,0.231,0.18,0.397,0.18,0.698,0.231,0.225,0.998,0.225,0.776,0.776,0.776,0.283,0.06,0.995,0.399,0.805,0.964,0.814,0.805,0.399,0.06,0.786,0.455,1.0,0.786,0.814,0.382,0.415,0.946,0.06,0.992,0.352,0.465,0.802,0.786,0.1,0.802,0.802,0.339,0.763,0.751,0.965,0.763,0.763,0.961,0.382,0.436,0.436,0.462,0.459,0.147,0.795,0.16,0.474,0.945,0.951,0.713,0.794,0.147,0.336,0.778,0.95,0.839,0.436,0.33,0.952,0.461,0.33,0.371,0.837,0.737,0.83,0.432,0.804,0.92,0.291,0.322,0.419,0.92,0.895,0.949,0.951,0.296,0.895,0.825,0.895,0.92,0.956,0.153,0.257,0.185,0.274,0.826,0.396,0.988,0.256,0.259,0.164,0.279,0.174,0.312,0.349,0.345,0.376,0.275,0.199,0.282
0.333,0.333,0.48,0.48,0.319,0.795,0.497,0.947,0.686,0.781,0.947,0.618,0.896,0.319,0.618,0.947,0.896,0.319,0.767,0.896,0.302,0.852,0.302,0.952,0.896,0.497,0.952,0.947,0.976,0.781,0.976,0.852,0.331,0.666,0.424,0.666,0.307,0.424,0.331,0.307,0.534,0.666,0.316,0.977,0.666,0.307,0.776,0.316,0.961,0.316,0.669,0.485,0.208,0.43,0.535,0.43,0.469,0.63,0.63,0.63,0.62,0.535,0.469,0.535,0.208,0.62,0.783,0.928,0.783,0.181,0.181,0.181,0.646,0.199,0.962,0.448,0.286,0.865,0.199,0.286,0.707,0.199,0.301,0.516,0.879,0.301,0.199,0.457,0.692,0.819,0.199,0.978,0.422,0.543,0.341,0.301,0.861,0.341,0.341,0.448,0.343,0.46,0.826,0.343,0.343,0.955,0.474,0.42,0.42,0.48,0.88,0.873,0.247,0.841,0.562,0.758,0.324,0.486,0.245,0.873,0.464,0.243,0.326,0.308,0.714,0.41,0.922,0.883,0.41,0.965,0.275,0.374,0.276,0.881,0.783,0.415,0.872,0.463,0.846,0.415,0.419,0.419,0.903,0.74,0.419,0.724,0.419,0.415,0.861,0.682,0.726,0.769,0.584,0.67,0.593,0.931,0.715,0.689,0.469,0.734,0.457,0.612,0.623,0.58,0.625,0.441,0.501,0.931
0.783,0.783,0.798,0.798,0.562,0.788,0.404,0.297,0.801,0.284,0.297,0.449,0.291,0.562,0.449,0.297,0.291,0.562,0.002,0.291,0.889,0.319,0.889,0.335,0.291,0.404,0.335,0.297,0.352,0.284,0.352,0.319,0.949,0.476,0.539,0.476,0.136,0.539,0.949,0.136,0.833,0.476,0.233,0.508,0.476,0.136,0.022,0.233,0.392,0.233,0.921,0.921,0.835,0.929,0.06,0.929,0.912,0.088,0.088,0.088,0.468,0.06,0.912,0.06,0.835,0.468,0.462,0.496,0.462,0.782,0.782,0.782,0.878,0.354,0.523,0.507,0.755,0.377,0.821,0.755,0.615,0.354,0.272,0.597,0.494,0.272,0.821,0.535,0.61,0.608,0.354,0.458,0.512,0.62,0.649,0.272,0.049,0.649,0.649,0.538,0.702,0.781,0.435,0.702,0.702,0.464,0.534,0.662,0.662,0.707,0.336,0.644,0.887,0.513,0.556,0.654,0.721,0.788,0.922,0.644,0.483,0.921,0.748,0.914,0.651,0.576,0.621,0.345,0.576,0.607,0.924,0.837,0.912,0.264,0.68,0.233,0.552,0.6,0.499,0.233,0.177,0.716,0.957,0.564,0.177,0.864,0.177,0.233,0.965,0.286,0.415,0.363,0.704,0.865,0.491,0.883,0.508,0.314,0.608,0.37,0.572,0.805,0.496,0.715,0.688,0.596,0.56,0.681
0.658,0.658,0.699,0.699,0.759,0.448,0.855,0.748,0.478,0.472,0.748,0.844,0.76,0.759,0.844,0.748,0.76,0.759,0.526,0.76,0.972,0.568,0.972,0.738,0.76,0.855,0.738,0.748,0.668,0.472,0.668,0.568,0.771,0.945,0.984,0.945,0.825,0.984,0.771,0.825,0.919,0.945,0.8,0.873,0.945,0.825,0.543,0.8,0.969,0.8,0.755,0.885,0.884,0.486,0.813,0.486,0.478,0.752,0.752,0.752,0.901,0.813,0.478,0.813,0.884,0.901,0.928,0.804,0.928,0.875,0.875,0.875,0.931,0.806,0.83,0.863,0.897,0.772,0.857,0.897,0.74,0.806,0.838,0.906,0.884,0.838,0.857,0.861,0.764,0.661,0.806,0.813,0.838,0.824,0.901,0.838,0.496,0.901,0.901,0.838,0.823,0.684,0.845,0.823,0.823,0.983,0.827,0.545,0.545,0.506,0.369,0.619,0.602,0.495,0.816,0.733,0.882,0.708,0.605,0.619,0.83,0.605,0.872,0.769,0.772,0.482,0.951,0.971,0.482,0.344,0.739,0.773,0.732,0.422,0.786,0.908,0.994,0.419,0.95,0.908,0.803,0.565,0.911,0.937,0.803,0.651,0.803,0.908,0.893,0.943,0.956,0.956,0.886,0.664,0.902,0.957,0.948,0.946,0.976,0.943,0.973,0.887,0.887,0.943,0.939,0.994,0.998,0.833
0.436,0.436,0.4,0.4,0.82,0.961,0.413,0.368,0.964,0.218,0.368,0.519,0.302,0.82,0.519,0.368,0.302,0.82,0.416,0.302,0.403,0.278,0.403,0.288,0.302,0.413,0.288,0.368,0.312,0.218,0.312,0.278,0.149,0.238,0.358,0.238,0.896,0.358,0.149,0.896,0.736,0.238,0.909,0.553,0.238,0.896,0.423,0.909,0.915,0.909,0.906,0.664,0.783,0.152,0.962,0.152,0.152,0.976,0.976,0.976,0.26,0.962,0.152,0.962,0.783,0.26,0.219,0.739,0.219,0.66,0.66,0.66,0.822,0.377,0.596,0.65,0.96,0.957,0.957,0.96,0.765,0.377,0.72,0.79,0.775,0.72,0.957,0.644,0.729,0.238,0.377,0.619,0.642,0.772,0.77,0.72,0.23,0.77,0.77,0.637,0.764,0.965,0.956,0.764,0.764,0.972,0.725,0.57,0.57,0.65,0.873,0.227,0.975,0.267,0.805,0.233,0.045,0.962,0.975,0.227,0.708,0.985,0.05,0.999,0.792,0.547,0.264,0.548,0.547,0.487,0.998,0.782,0.998,0.88,0.365,0.963,0.541,0.653,0.57,0.963,0.944,0.051,0.044,0.802,0.944,0.329,0.944,0.963,0.039,0.571,0.73,0.635,0.396,0.321,0.54,0.031,0.585,0.595,0.64,0.731,0.641,0.501,0.551,0.467,0.477,0.421,0.393,0.487
0.139,0.139,0.119,0.119,0.446,0.259,0.195,0.366,0.26,0.771,0.366,0.353,0.238,0.446,0.353,0.366,0.238,0.446,0.163,0.238,0.197,0.768,0.197,0.281,0.238,0.195,0.281,0.366,0.4,0.771,0.4,0.768,0.784,0.35,0.285,0.35,0.044,0.285,0.784,0.044,0.921,0.35,0.045,0.446,0.35,0.044,0.16,0.045,0.236,0.045,0.396,0.909,0.219,0.625,0.294,0.625,0.606,0.308,0.308,0.308,0.926,0.294,0.606,0.294,0.219,0.926,0.386,0.269,0.386,0.055,0.055,0.055,0.935,0.07,0.51,0.938,0.121,0.45,0.117,0.121,0.985,0.07,0.293,0.966,0.296,0.293,0.117,0.96,0.978,0.496,0.07,0.554,0.943,0.964,0.077,0.293,0.173,0.077,0.077,0.944,0.071,0.151,0.472,0.071,0.071,0.394,0.903,0.067,0.067,0.078,0.171,0.125,0.956,0.138,0.918,0.504,0.388,0.145,0.951,0.125,0.901,0.949,0.39,0.725,0.984,0.082,0.427,0.616,0.082,0.233,0.734,0.169,0.758,0.185,0.475,0.3,0.659,0.09,0.668,0.3,0.257,0.387,0.328,0.367,0.257,0.571,0.257,0.3,0.328,0.177,0.411,0.142,0.871,0.545,0.832,0.258,0.575,0.144,0.866,0.395,0.832,0.866,0.87,0.832,0.868,0.828,0.888,0.701
0.535,0.535,0.58,0.58,0.078,0.581,0.453,0.61,0.573,0.712,0.61,0.503,0.564,0.078,0.503,0.61,0.564,0.078,0.234,0.564,0.401,0.764,0.401,0.535,0.564,0.453,0.535,0.61,0.584,0.712,0.584,0.764,0.5,0.515,0.515,0.515,0.068,0.515,0.5,0.068,0.18,0.515,0.084,0.858,0.515,0.068,0.285,0.084,0.383,0.084,0.43,0.154,0.421,0.789,0.165,0.789,0.803,0.191,0.191,0.191,0.717,0.165,0.803,0.165,0.421,0.717,0.488,0.384,0.488,0.799,0.799,0.799,0.338,0.027,0.852,0.235,0.47,0.359,0.473,0.47,0.36,0.027,0.072,0.199,0.407,0.072,0.473,0.187,0.336,0.209,0.027,0.827,0.238,0.238,0.78,0.072,0.316,0.78,0.78,0.199,0.796,0.382,0.366,0.796,0.796,0.413,0.224,0.214,0.214,0.23,0.712,0.228,0.089,0.228,0.217,0.224,0.146,0.36,0.074,0.228,0.216,0.071,0.132,0.077,0.349,0.219,0.306,0.954,0.219,0.514,0.083,0.291,0.077,0.715,0.306,0.074,0.992,0.232,0.943,0.074,0.067,0.244,0.286,0.915,0.067,0.239,0.067,0.074,0.311,0.755,0.946,0.717,0.985,0.243,0.976,0.239,0.793,0.806,0.522,0.947,0.53,0.974,0.985,0.992,0.997,0.477,0.445,0.625
0.565,0.565,0.502,0.502,0.477,0.562,0.671,0.613,0.558,0.415,0.613,0.7,0.537,0.477,0.7,0.613,0.537,0.477,0.099,0.537,0.514,0.534,0.514,0.464,0.537,0.671,0.464,0.613,0.513,0.415,0.513,0.534,0.255,0.447,0.502,0.447,0.312,0.502,0.255,0.312,0.154,0.447,0.351,0.781,0.447,0.312,0.14,0.351,0.643,0.351,0.358,0.189,0.802,0.416,0.218,0.416,0.487,0.231,0.231,0.231,0.278,0.218,0.487,0.218,0.802,0.278,0.382,0.724,0.382,0.6,0.6,0.6,0.43,0.671,0.666,0.15,0.596,0.373,0.655,0.596,0.151,0.671,0.902,0.213,0.69,0.902,0.655,0.172,0.137,0.415,0.671,0.668,0.164,0.191,0.634,0.902,0.089,0.634,0.634,0.18,0.662,0.636,0.401,0.662,0.662,0.25,0.18,0.177,0.177,0.156,0.123,0.321,0.835,0.313,0.206,0.404,0.597,0.586,0.917,0.321,0.178,0.914,0.622,0.904,0.23,0.153,0.26,0.701,0.153,0.245,0.916,0.805,0.917,0.115,0.297,0.54,0.709,0.132,0.714,0.54,0.581,0.636,0.125,0.892,0.581,0.417,0.581,0.54,0.137,0.842,0.887,0.785,0.561,0.407,0.587,0.12,0.501,0.824,0.477,0.879,0.485,0.595,0.61,0.582,0.616,0.302,0.319,0.496
0.99,0.99,0.996,0.996,0.8,0.965,0.983,0.909,0.988,0.875,0.909,0.954,0.892,0.8,0.954,0.909,0.892,0.8,0.044,0.892,0.982,0.893,0.982,0.9,0.892,0.983,0.9,0.909,0.924,0.875,0.924,0.893,0.85,0.904,0.94,0.904,0.362,0.94,0.85,0.362,0.281,0.904,0.325,0.103,0.904,0.362,0.021,0.325,0.056,0.325,0.807,0.381,0.876,0.84,0.345,0.84,0.835,0.307,0.307,0.307,0.802,0.345,0.835,0.345,0.876,0.802,0.879,0.073,0.879,0.918,0.918,0.918,0.269,0.739,0.127,0.282,0.77,0.23,0.766,0.77,0.149,0.739,0.321,0.287,0.085,0.321,0.766,0.348,0.211,0.185,0.739,0.13,0.281,0.224,0.719,0.321,0.254,0.719,0.719,0.32,0.712,0.22,0.221,0.712,0.712,0.109,0.345,0.095,0.095,0.042,0.015,0.016,0.148,0.014,0.287,0.203,0.359,0.2,0.25,0.016,0.38,0.284,0.322,0.326,0.263,0.052,0.142,0.587,0.052,0.006,0.276,0.223,0.312,0.019,0.144,0.317,0.585,0.022,0.636,0.317,0.339,0.19,0.142,0.722,0.339,0.263,0.339,0.317,0.148,0.413,0.766,0.415,0.35,0.227,0.36,0.152,0.656,0.409,0.782,0.755,0.757,0.354,0.365,0.448,0.419,0.705,0.693,0.59
0.023,0.023,0.024,0.024,0.908,0.877,0.038,0.047,0.877,0.044,0.047,0.04,0.049,0.908,0.04,0.047,0.049,0.908,0.088,0.049,0.045,0.051,0.045,0.031,0.049,0.038,0.031,0.047,0.035,0.044,0.035,0.051,0.049,0.065,0.055,0.065,0.017,0.055,0.049,0.017,0.284,0.065,0.06,0.296,0.065,0.017,0.054,0.06,0.212,0.06,0.915,0.411,0.729,0.077,0.016,0.077,0.078,0.035,0.035,0.035,0.062,0.016,0.078,0.016,0.729,0.062,0.063,0.267,0.063,0.426,0.426,0.426,0.36,0.815,0.335,0.179,0.087,0.563,0.038,0.087,0.299,0.815,0.539,0.176,0.299,0.539,0.038,0.183,0.319,0.647,0.815,0.336,0.198,0.163,0.087,0.539,0.53,0.087,0.087,0.202,0.065,0.068,0.598,0.065,0.065,0.526,0.232,0.129,0.129,0.128,0.255,0.46,0.543,0.38,0.2,0.644,0.839,0.1,0.587,0.46,0.271,0.565,0.856,0.675,0.356,0.076,0.677,0.938,0.076,0.579,0.522,0.575,0.527,0.182,0.674,0.114,0.963,0.089,0.857,0.114,0.034,0.788,0.163,0.882,0.034,0.795,0.034,0.114,0.157,0.636,0.824,0.711,0.932,0.733,0.835,0.169,0.742,0.698,0.695,0.786,0.694,0.87,0.914,0.859,0.928,0.949,0.951,0.937
0.835,0.835,0.844,0.844,0.68,0.763,0.682,0.739,0.74,0.686,0.739,0.737,0.606,0.68,0.737,0.739,0.606,0.68,0.38,0.606,0.878,0.717,0.878,0.828,0.606,0.682,0.828,0.739,0.875,0.686,0.875,0.717,0.686,0.879,0.847,0.879,0.239,0.847,0.686,0.239,0.603,0.879,0.254,0.445,0.879,0.239,0.469,0.254,0.793,0.254,0.888,0.721,0.894,0.438,0.491,0.438,0.426,0.516,0.516,0.516,0.885,0.491,0.426,0.491,0.894,0.885,0.942,0.75,0.942,0.658,0.658,0.658,0.887,0.288,0.395,0.94,0.683,0.522,0.678,0.683,0.863,0.288,0.872,0.955,0.762,0.872,0.678,0.933,0.891,0.662,0.288,0.371,0.935,0.95,0.503,0.872,0.086,0.503,0.503,0.936,0.494,0.747,0.534,0.494,0.494,0.623,0.937,0.458,0.458,0.371,0.34,0.708,0.898,0.594,0.949,0.708,0.536,0.754,0.918,0.708,0.897,0.913,0.604,0.849,0.883,0.43,0.674,0.788,0.43,0.33,0.884,0.899,0.884,0.305,0.659,0.659,0.694,0.367,0.81,0.659,0.638,0.457,0.981,0.599,0.638,0.688,0.638,0.659,0.962,0.57,0.666,0.481,0.183,0.734,0.18,0.944,0.548,0.495,0.129,0.657,0.15,0.185,0.191,0.144,0.148,0.047,0.049,0.546
0.681,0.681,0.778,0.778,0.733,0.59,0.566,0.956,0.594,0.911,0.956,0.535,0.943,0.733,0.535,0.956,0.943,0.733,0.894,0.943,0.654,0.883,0.654,0.915,0.943,0.566,0.915,0.956,0.897,0.911,0.897,0.883,0.423,0.722,0.578,0.722,0.859,0.578,0.423,0.859,0.1,0.722,0.874,0.581,0.722,0.859,0.842,0.874,0.252,0.874,0.453,0.12,0.816,0.704,0.898,0.704,0.736,0.894,0.894,0.894,0.658,0.898,0.736,0.898,0.816,0.658,0.733,0.272,0.733,0.858,0.858,0.858,0.106,0.682,0.736,0.181,0.984,0.521,0.978,0.984,0.099,0.682,0.568,0.18,0.28,0.568,0.978,0.216,0.15,0.57,0.682,0.721,0.179,0.142,0.828,0.568,0.563,0.828,0.828,0.223,0.786,0.877,0.565,0.786,0.786,0.475,0.29,0.642,0.642,0.623,0.223,0.291,0.485,0.232,0.186,0.614,0.936,0.909,0.392,0.291,0.292,0.404,0.927,0.683,0.128,0.639,0.558,0.803,0.639,0.246,0.643,0.763,0.639,0.242,0.922,0.76,0.943,0.598,0.615,0.76,0.735,0.91,0.51,0.669,0.735,0.835,0.735,0.76,0.501,0.479,0.586,0.362,0.135,0.79,0.095,0.484,0.451,0.415,0.282,0.606,0.283,0.118,0.111,0.143,0.154,0.579,0.467,0.379
0.46,0.46,0.5,0.5,0.044,0.547,0.528,0.33,0.39,0.266,0.33,0.516,0.321,0.044,0.516,0.33,0.321,0.044,0.25,0.321,0.307,0.355,0.307,0.395,0.321,0.528,0.395,0.33,0.435,0.266,0.435,0.355,0.344,0.315,0.373,0.315,0.208,0.373,0.344,0.208,0.863,0.315,0.221,0.639,0.315,0.208,0.234,0.221,0.678,0.221,0.443,0.946,0.021,0.412,0.176,0.412,0.414,0.193,0.193,0.193,0.328,0.176,0.414,0.176,0.021,0.328,0.436,0.771,0.436,0.008,0.008,0.008,0.831,0.042,0.566,0.515,0.052,0.71,0.052,0.052,0.616,0.042,0.011,0.512,0.808,0.011,0.052,0.5,0.664,0.648,0.042,0.618,0.525,0.523,0.028,0.011,0.177,0.028,0.028,0.503,0.025,0.061,0.713,0.025,0.025,0.747,0.513,0.587,0.587,0.593,0.628,0.143,0.129,0.143,0.502,0.646,0.741,0.062,0.121,0.143,0.484,0.126,0.74,0.152,0.642,0.446,0.54,0.415,0.446,0.425,0.146,0.014,0.154,0.51,0.648,0.083,0.322,0.454,0.613,0.083,0.073,0.783,0.462,0.446,0.073,0.697,0.073,0.083,0.445,0.272,0.393,0.213,0.84,0.691,0.682,0.424,0.336,0.188,0.325,0.429,0.308,0.833,0.692,0.589,0.618,0.521,0.499,0.459
0.723,0.723,0.79,0.79,0.875,0.435,0.756,0.895,0.41,0.932,0.895,0.852,0.874,0.875,0.852,0.895,0.874,0.875,0.587,0.874,0.881,0.953,0.881,0.865,0.874,0.756,0.865,0.895,0.921,0.932,0.921,0.953,0.967,0.955,0.966,0.955,0.811,0.966,0.967,0.811,0.242,0.955,0.797,0.021,0.955,0.811,0.762,0.797,0.032,0.797,0.661,0.258,0.543,0.946,0.787,0.946,0.93,0.803,0.803,0.803,0.992,0.787,0.93,0.787,0.543,0.992,0.966,0.049,0.966,0.903,0.903,0.903,0.274,0.924,0.024,0.458,0.554,0.066,0.532,0.554,0.08,0.924,0.571,0.076,0.048,0.571,0.532,0.463,0.057,0.084,0.924,0.024,0.378,0.086,0.871,0.571,0.792,0.871,0.871,0.37,0.885,0.413,0.061,0.885,0.885,0.035,0.424,0.054,0.054,0.058,0.05,0.012,0.061,0.026,0.081,0.079,0.116,0.451,0.065,0.012,0.357,0.063,0.101,0.105,0.051,0.069,0.074,0.766,0.069,0.012,0.109,0.487,0.103,0.04,0.082,0.624,0.688,0.065,0.827,0.624,0.602,0.115,0.055,0.995,0.602,0.101,0.602,0.624,0.056,0.986,0.996,0.986,0.408,0.109,0.3,0.073,0.494,0.988,0.628,0.997,0.625,0.427,0.303,0.323,0.333,0.357,0.398,0.314
0.493,0.493,0.651,0.651,0.752,0.087,0.508,0.267,0.07,0.214,0.267,0.396,0.382,0.752,0.396,0.267,0.382,0.752,0.674,0.382,0.913,0.206,0.913,0.322,0.382,0.508,0.322,0.267,0.264,0.214,0.264,0.206,0.948,0.692,0.721,0.692,0.505,0.721,0.948,0.505,0.261,0.692,0.698,0.27,0.692,0.505,0.73,0.698,0.363,0.698,0.108,0.487,0.602,0.776,0.772,0.776,0.762,0.901,0.901,0.901,0.539,0.772,0.762,0.772,0.602,0.539,0.629,0.325,0.629,0.402,0.402,0.402,0.268,0.456,0.27,0.993,0.647,0.409,0.586,0.647,0.629,0.456,0.746,0.638,0.306,0.746,0.586,0.993,0.58,0.447,0.456,0.233,0.993,0.672,0.358,0.746,0.559,0.358,0.358,0.992,0.316,0.651,0.398,0.316,0.316,0.315,0.986,0.869,0.869,0.775,0.913,0.546,0.916,0.751,0.661,0.429,0.849,0.666,0.9,0.546,0.983,0.907,0.82,0.961,0.584,0.796,0.414,0.188,0.796,0.842,0.96,0.613,0.967,0.92,0.395,0.808,0.407,0.754,0.173,0.808,0.728,0.517,0.389,0.376,0.728,0.35,0.728,0.808,0.337,0.355,0.52,0.432,0.269,0.347,0.226,0.342,0.118,0.418,0.193,0.41,0.186,0.219,0.284,0.43,0.452,0.286,0.437,0.077
0.001,0.001,0.001,0.001,0.607,0.264,0.001,0.001,0.216,0.001,0.001,0.001,0.001,0.607,0.001,0.001,0.001,0.607,0.974,0.001,0.001,0.001,0.001,0.001,0.001,0.001,0.001,0.001,0.001,0.001,0.001,0.001,0.001,0.002,0.003,0.002,0.701,0.003,0.001,0.701,0.238,0.002,0.794,0.719,0.002,0.701,0.977,0.794,0.805,0.794,0.223,0.422,0.317,0.001,0.54,0.001,0.001,0.633,0.633,0.633,0.003,0.54,0.001,0.54,0.317,0.003,0.002,0.788,0.002,0.298,0.298,0.298,0.189,0.626,0.645,0.386,0.527,0.885,0.48,0.527,0.241,0.626,0.447,0.494,0.811,0.447,0.48,0.435,0.357,0.901,0.626,0.713,0.391,0.403,0.543,0.447,0.998,0.543,0.543,0.45,0.733,0.58,0.875,0.733,0.733,0.85,0.604,0.944,0.944,0.851,0.921,0.956,0.34,0.921,0.572,0.908,0.304,0.62,0.334,0.956,0.6,0.315,0.301,0.362,0.216,0.928,0.953,0.975,0.928,0.958,0.353,0.317,0.338,0.918,0.714,0.53,0.968,0.844,0.945,0.53,0.474,0.477,0.524,0.968,0.474,0.709,0.474,0.53,0.589,0.848,0.901,0.832,0.92,0.707,0.744,0.602,0.914,0.861,0.691,0.933,0.677,0.916,0.81,0.755,0.807,0.965,0.949,0.914
0.671,0.671,0.646,0.646,0.601,0.493,0.45,0.644,0.549,0.806,0.644,0.344,0.823,0.601,0.344,0.644,0.823,0.601,0.166,0.823,0.544,0.597,0.544,0.819,0.823,0.45,0.819,0.644,0.659,0.806,0.659,0.597,0.884,0.695,0.404,0.695,0.78,0.404,0.884,0.78,0.737,0.695,0.696,0.49,0.695,0.78,0.099,0.696,0.493,0.696,0.566,0.734,0.693,0.38,0.852,0.38,0.348,0.785,0.785,0.785,0.748,0.852,0.348,0.852,0.693,0.748,0.736,0.395,0.736,0.665,0.665,0.665,0.625,0.738,0.705,0.777,0.808,0.51,0.799,0.808,0.917,0.738,0.69,0.889,0.4,0.69,0.799,0.784,0.915,0.526,0.738,0.622,0.728,0.885,0.783,0.69,0.648,0.783,0.783,0.73,0.706,0.917,0.566,0.706,0.706,0.499,0.766,0.194,0.194,0.204,0.183,0.317,0.845,0.329,0.903,0.608,0.872,0.887,0.816,0.317,0.734,0.815,0.85,0.773,0.945,0.126,0.637,0.69,0.126,0.387,0.748,0.759,0.762,0.203,0.712,0.891,0.719,0.123,0.691,0.891,0.911,0.889,0.391,0.827,0.911,0.538,0.911,0.891,0.389,0.55,0.827,0.568,0.749,0.621,0.669,0.356,0.931,0.53,0.705,0.722,0.662,0.839,0.715,0.836,0.739,0.919,0.907,0.861
0.14,0.14,0.199,0.199,0.85,0.116,0.338,0.29,0.137,0.182,0.29,0.373,0.248,0.85,0.373,0.29,0.248,0.85,0.799,0.248,0.095,0.228,0.095,0.243,0.248,0.338,0.243,0.29,0.3,0.182,0.3,0.228,0.04,0.124,0.167,0.124,0.914,0.167,0.04,0.914,0.721,0.124,0.927,0.71,0.124,0.914,0.785,0.927,0.889,0.927,0.102,0.617,0.612,0.069,0.936,0.069,0.07,0.944,0.944,0.944,0.099,0.936,0.07,0.936,0.612,0.099,0.124,0.872,0.124,0.419,0.419,0.419,0.349,0.873,0.724,0.804,0.505,0.875,0.529,0.505,0.339,0.873,0.771,0.546,0.893,0.771,0.529,0.811,0.344,0.891,0.873,0.724,0.806,0.546,0.399,0.771,0.917,0.399,0.399,0.803,0.396,0.602,0.888,0.396,0.396,0.948,0.744,0.85,0.85,0.878,0.501,0.765,0.746,0.668,0.524,0.963,0.129,0.607,0.709,0.765,0.735,0.709,0.107,0.566,0.348,0.836,0.976,0.693,0.836,0.388,0.597,0.705,0.617,0.535,0.605,0.564,0.615,0.814,0.753,0.564,0.573,0.254,0.419,0.721,0.573,0.479,0.573,0.564,0.427,0.654,0.751,0.733,0.67,0.457,0.742,0.391,0.065,0.751,0.18,0.745,0.165,0.702,0.677,0.727,0.659,0.273,0.242,0.281
0.444,0.444,0.428,0.428,0.45,0.456,0.345,0.586,0.517,0.389,0.586,0.398,0.54,0.45,0.398,0.586,0.54,0.45,0.538,0.54,0.45,0.442,0.45,0.562,0.54,0.345,0.562,0.586,0.6,0.389,0.6,0.442,0.431,0.71,0.419,0.71,0.53,0.419,0.431,0.53,0.211,0.71,0.512,0.168,0.71,0.53,0.474,0.512,0.022,0.512,0.546,0.15,0.269,0.361,0.436,0.361,0.358,0.471,0.471,0.471,0.54,0.436,0.358,0.436,0.269,0.54,0.722,0.015,0.722,0.085,0.085,0.085,0.126,0.489,0.102,0.147,0.284,0.014,0.222,0.284,0.129,0.489,0.215,0.126,0.016,0.215,0.222,0.14,0.128,0.028,0.489,0.099,0.134,0.129,0.257,0.215,0.624,0.257,0.257,0.133,0.147,0.163,0.018,0.147,0.147,0.038,0.126,0.464,0.464,0.549,0.699,0.591,0.033,0.645,0.156,0.033,0.058,0.271,0.025,0.591,0.123,0.026,0.063,0.031,0.201,0.455,0.043,0.311,0.455,0.497,0.023,0.243,0.023,0.685,0.044,0.242,0.393,0.52,0.286,0.242,0.206,0.041,0.152,0.22,0.206,0.044,0.206,0.242,0.16,0.106,0.203,0.137,0.154,0.044,0.142,0.161,0.41,0.146,0.445,0.205,0.408,0.199,0.146,0.125,0.129,0.795,0.795,0.205
0.234,0.234,0.462,0.462,0.618,0.206,0.281,0.443,0.256,0.624,0.443,0.218,0.637,0.618,0.218,0.443,0.637,0.618,0.492,0.637,0.24,0.431,0.24,0.648,0.637,0.281,0.648,0.443,0.429,0.624,0.429,0.431,0.537,0.182,0.231,0.182,0.698,0.231,0.537,0.698,0.882,0.182,0.733,0.8,0.182,0.698,0.552,0.733,0.527,0.733,0.234,0.924,0.732,0.684,0.546,0.684,0.65,0.587,0.587,0.587,0.239,0.546,0.65,0.546,0.732,0.239,0.176,0.704,0.176,0.51,0.51,0.51,0.893,0.779,0.886,0.928,0.503,0.608,0.453,0.503,0.921,0.779,0.468,0.926,0.655,0.468,0.453,0.92,0.941,0.622,0.779,0.861,0.901,0.915,0.346,0.468,0.44,0.346,0.346,0.887,0.18,0.305,0.589,0.18,0.18,0.671,0.921,0.937,0.937,0.876,0.765,0.936,0.692,0.951,0.92,0.625,0.711,0.301,0.617,0.936,0.914,0.611,0.617,0.712,0.955,0.923,0.644,0.499,0.923,0.875,0.796,0.241,0.819,0.751,0.818,0.519,0.505,0.857,0.344,0.519,0.524,0.826,0.908,0.432,0.524,0.695,0.524,0.519,0.927,0.875,0.386,0.863,0.281,0.714,0.173,0.897,0.223,0.857,0.38,0.372,0.374,0.171,0.278,0.186,0.267,0.201,0.191,0.212
0.722,0.722,0.489,0.489,0.17,0.549,0.577,0.764,0.571,0.707,0.764,0.646,0.649,0.17,0.646,0.764,0.649,0.17,0.664,0.649,0.677,0.775,0.677,0.627,0.649,0.577,0.627,0.764,0.731,0.707,0.731,0.775,0.458,0.616,0.533,0.616,0.703,0.533,0.458,0.703,0.94,0.616,0.69,0.447,0.616,0.703,0.866,0.69,0.796,0.69,0.438,0.943,0.73,0.688,0.688,0.688,0.689,0.765,0.765,0.765,0.563,0.688,0.689,0.688,0.73,0.563,0.568,0.862,0.568,0.651,0.651,0.651,0.949,0.304,0.505,0.882,0.549,0.893,0.547,0.549,0.949,0.304,0.315,0.937,0.793,0.315,0.547,0.88,0.926,0.912,0.304,0.494,0.888,0.94,0.813,0.315,0.384,0.813,0.813,0.893,0.74,0.74,0.889,0.74,0.74,0.901,0.84,0.648,0.648,0.717,0.705,0.508,0.799,0.33,0.901,0.911,0.678,0.721,0.81,0.508,0.846,0.803,0.692,0.554,0.882,0.718,0.919,0.62,0.718,0.463,0.561,0.733,0.526,0.511,0.926,0.6,0.588,0.461,0.563,0.6,0.611,0.684,0.013,0.246,0.611,0.916,0.611,0.6,0.022,0.435,0.422,0.448,0.685,0.913,0.792,0.015,0.183,0.4,0.436,0.374,0.521,0.689,0.795,0.77,0.77,0.842,0.752,0.35
0.407,0.407,0.423,0.423,0.41,0.018,0.315,0.659,0.017,0.86,0.659,0.222,0.764,0.41,0.222,0.659,0.764,0.41,0.984,0.764,0.38,0.756,0.38,0.704,0.764,0.315,0.704,0.659,0.628,0.86,0.628,0.756,0.885,0.604,0.281,0.604,0.315,0.281,0.885,0.315,0.054,0.604,0.328,0.167,0.604,0.315,0.984,0.328,0.299,0.328,0.014,0.091,0.492,0.994,0.46,0.994,0.995,0.458,0.458,0.458,0.724,0.46,0.995,0.46,0.492,0.724,0.581,0.357,0.581,0.608,0.608,0.608,0.165,0.27,0.199,0.073,0.669,0.508,0.677,0.669,0.137,0.27,0.304,0.131,0.326,0.304,0.677,0.077,0.173,0.413,0.27,0.169,0.073,0.097,0.784,0.304,0.942,0.784,0.784,0.081,0.66,0.701,0.475,0.66,0.66,0.491,0.059,0.45,0.45,0.366,0.233,0.703,0.161,0.493,0.069,0.456,0.295,0.718,0.163,0.703,0.058,0.16,0.29,0.235,0.108,0.497,0.438,0.743,0.497,0.57,0.219,0.625,0.196,0.322,0.127,0.416,0.71,0.48,0.719,0.416,0.36,0.061,0.49,0.863,0.36,0.171,0.36,0.416,0.461,0.915,0.842,0.928,0.111,0.159,0.07,0.447,0.086,0.92,0.087,0.837,0.09,0.117,0.062,0.068,0.061,0.197,0.158,0.132
0.546,0.546,0.638,0.638,0.134,0.807,0.434,0.346,0.804,0.316,0.346,0.377,0.381,0.134,0.377,0.346,0.381,0.134,0.617,0.381,0.66,0.3,0.66,0.353,0.381,0.434,0.353,0.346,0.316,0.316,0.316,0.3,0.806,0.377,0.464,0.377,0.757,0.464,0.806,0.757,0.724,0.377,0.458,0.535,0.377,0.757,0.505,0.458,0.725,0.458,0.714,0.894,0.924,0.72,0.812,0.72,0.722,0.747,0.747,0.747,0.336,0.812,0.722,0.812,0.924,0.336,0.363,0.59,0.363,0.778,0.778,0.778,0.985,0.581,0.556,0.534,0.828,0.293,0.783,0.828,0.714,0.581,0.673,0.689,0.597,0.673,0.783,0.554,0.757,0.378,0.581,0.544,0.538,0.678,0.479,0.673,0.06,0.479,0.479,0.562,0.414,0.665,0.303,0.414,0.414,0.421,0.76,0.429,0.429,0.556,0.906,0.659,0.912,0.671,0.913,0.316,0.297,0.781,0.935,0.659,0.779,0.932,0.313,0.706,0.922,0.762,0.388,0.064,0.762,0.88,0.617,0.928,0.652,0.916,0.444,0.589,0.157,0.798,0.219,0.589,0.661,0.395,0.895,0.216,0.661,0.488,0.661,0.589,0.934,0.357,0.18,0.275,0.288,0.373,0.15,0.791,0.337,0.27,0.244,0.176,0.259,0.337,0.193,0.362,0.301,0.338,0.513,0.615
0.732,0.732,0.678,0.678,0.112,0.446,0.648,0.606,0.394,0.565,0.606,0.686,0.549,0.112,0.686,0.606,0.549,0.112,0.225,0.549,0.555,0.629,0.555,0.591,0.549,0.648,0.591,0.606,0.65,0.565,0.65,0.629,0.308,0.551,0.664,0.551,0.262,0.664,0.308,0.262,0.642,0.551,0.219,0.485,0.551,0.262,0.173,0.219,0.683,0.219,0.309,0.649,0.544,0.557,0.291,0.557,0.586,0.237,0.237,0.237,0.496,0.291,0.586,0.291,0.544,0.496,0.419,0.401,0.419,0.743,0.743,0.743,0.401,0.128,0.404,0.742,0.644,0.233,0.643,0.644,0.71,0.128,0.14,0.666,0.49,0.14,0.643,0.675,0.716,0.251,0.128,0.399,0.747,0.671,0.716,0.14,0.15,0.716,0.716,0.686,0.72,0.12,0.246,0.72,0.72,0.26,0.593,0.136,0.136,0.146,0.056,0.175,0.193,0.189,0.531,0.252,0.314,0.122,0.243,0.175,0.624,0.24,0.32,0.354,0.614,0.174,0.284,0.046,0.174,0.081,0.35,0.122,0.345,0.076,0.351,0.139,0.038,0.176,0.062,0.139,0.136,0.287,0.226,0.027,0.136,0.305,0.136,0.139,0.225,0.519,0.023,0.549,0.168,0.326,0.22,0.145,0.036,0.569,0.079,0.026,0.079,0.136,0.205,0.213,0.211,0.044,0.045,0.012
0.925,0.925,0.998,0.998,0.092,0.81,0.969,0.49,0.797,0.758,0.49,0.657,0.802,0.092,0.657,0.49,0.802,0.092,0.325,0.802,0.785,0.336,0.785,0.83,0.802,0.969,0.83,0.49,0.453,0.758,0.453,0.336,0.632,0.504,0.631,0.504,0.919,0.631,0.632,0.919,0.355,0.504,0.768,0.62,0.504,0.919,0.232,0.768,0.368,0.768,0.701,0.384,0.756,0.782,0.439,0.782,0.796,0.248,0.248,0.248,0.4,0.439,0.796,0.439,0.756,0.4,0.536,0.499,0.536,0.779,0.779,0.779,0.305,0.066,0.506,0.213,0.724,0.418,0.601,0.724,0.145,0.066,0.542,0.11,0.508,0.542,0.601,0.224,0.156,0.594,0.066,0.556,0.205,0.098,0.602,0.542,0.003,0.602,0.602,0.201,0.439,0.464,0.403,0.439,0.439,0.269,0.264,0.904,0.904,0.786,0.915,0.084,0.575,0.15,0.115,0.602,0.348,0.608,0.601,0.084,0.25,0.606,0.336,0.48,0.157,0.971,0.473,0.521,0.971,0.426,0.493,0.638,0.493,0.993,0.323,0.476,0.447,0.875,0.415,0.476,0.463,0.558,0.546,0.364,0.463,0.169,0.463,0.476,0.516,0.752,0.396,0.757,0.222,0.196,0.27,0.55,0.331,0.764,0.417,0.4,0.423,0.267,0.322,0.257,0.319,0.458,0.455,0.428
0.232,0.232,0.322,0.322,0.59,0.067,0.283,0.153,0.067,0.116,0.153,0.211,0.175,0.59,0.211,0.153,0.175,0.59,0.39,0.175,0.376,0.109,0.376,0.206,0.175,0.283,0.206,0.153,0.165,0.116,0.165,0.109,0.249,0.289,0.25,0.289,0.658,0.25,0.249,0.658,0.599,0.289,0.663,0.212,0.289,0.658,0.387,0.663,0.255,0.663,0.208,0.564,0.623,0.07,0.707,0.07,0.063,0.702,0.702,0.702,0.216,0.707,0.063,0.707,0.623,0.216,0.3,0.251,0.3,0.527,0.527,0.527,0.394,0.761,0.055,0.695,0.483,0.493,0.441,0.483,0.718,0.761,0.682,0.71,0.188,0.682,0.441,0.688,0.683,0.703,0.761,0.066,0.677,0.728,0.389,0.682,0.149,0.389,0.389,0.666,0.379,0.486,0.356,0.379,0.379,0.407,0.481,0.77,0.77,0.744,0.575,0.463,0.544,0.572,0.591,0.56,0.91,0.525,0.559,0.463,0.476,0.557,0.946,0.417,0.545,0.831,0.505,0.825,0.831,0.317,0.4,0.636,0.396,0.592,0.691,0.717,0.829,0.787,0.873,0.717,0.748,0.878,0.438,0.796,0.748,0.744,0.748,0.717,0.458,0.711,0.848,0.81,0.629,0.614,0.457,0.404,0.107,0.769,0.047,0.754,0.039,0.579,0.523,0.454,0.507,0.096,0.097,0.073
0.275,0.275,0.242,0.242,0.229,0.647,0.215,0.216,0.657,0.137,0.216,0.251,0.172,0.229,0.251,0.216,0.172,0.229,0.295,0.172,0.39,0.159,0.39,0.189,0.172,0.215,0.189,0.216,0.223,0.137,0.223,0.159,0.117,0.127,0.148,0.127,0.444,0.148,0.117,0.444,0.707,0.127,0.438,0.198,0.127,0.444,0.329,0.438,0.098,0.438,0.705,0.696,0.076,0.198,0.304,0.198,0.205,0.331,0.331,0.331,0.093,0.304,0.205,0.304,0.076,0.093,0.125,0.119,0.125,0.275,0.275,0.275,0.764,0.244,0.195,0.784,0.069,0.321,0.066,0.069,0.746,0.244,0.156,0.826,0.095,0.156,0.066,0.769,0.73,0.366,0.244,0.172,0.777,0.843,0.569,0.156,0.373,0.569,0.569,0.776,0.501,0.148,0.256,0.501,0.501,0.372,0.678,0.324,0.324,0.27,0.116,0.522,0.667,0.469,0.743,0.292,0.354,0.188,0.733,0.522,0.643,0.73,0.361,0.676,0.758,0.339,0.491,0.016,0.339,0.164,0.743,0.123,0.748,0.107,0.451,0.152,0.019,0.276,0.022,0.152,0.134,0.34,0.769,0.068,0.134,0.565,0.134,0.152,0.788,0.055,0.071,0.047,0.259,0.546,0.236,0.822,0.114,0.043,0.254,0.068,0.233,0.253,0.168,0.303,0.208,0.142,0.231,0.323
0.857,0.857,0.81,0.81,0.4,0.148,0.498,0.482,0.147,0.536,0.482,0.619,0.418,0.4,0.619,0.482,0.418,0.4,0.877,0.418,0.775,0.528,0.775,0.502,0.418,0.498,0.502,0.482,0.529,0.536,0.529,0.528,0.822,0.536,0.584,0.536,0.795,0.584,0.822,0.795,0.589,0.536,0.689,0.721,0.536,0.795,0.901,0.689,0.555,0.689,0.196,0.571,0.309,0.834,0.682,0.834,0.806,0.583,0.583,0.583,0.903,0.682,0.806,0.682,0.309,0.903,0.607,0.387,0.607,0.489,0.489,0.489,0.357,0.465,0.851,0.711,0.551,0.529,0.573,0.551,0.818,0.465,0.35,0.811,0.581,0.35,0.573,0.716,0.809,0.534,0.465,0.977,0.726,0.813,0.501,0.35,0.889,0.501,0.501,0.718,0.587,0.455,0.653,0.587,0.587,0.461,0.749,0.692,0.692,0.72,0.275,0.226,0.298,0.289,0.824,0.662,0.727,0.397,0.327,0.226,0.756,0.344,0.579,0.329,0.801,0.619,0.504,0.276,0.619,0.151,0.378,0.262,0.392,0.258,0.738,0.527,0.215,0.636,0.431,0.527,0.502,0.508,0.939,0.404,0.502,0.519,0.502,0.527,0.954,0.886,0.369,0.925,0.102,0.607,0.144,0.815,0.282,0.911,0.037,0.409,0.042,0.103,0.12,0.092,0.081,0.001,0.001,0.083
0.854,0.854,0.873,0.873,0.451,0.314,0.994,0.999,0.273,0.992,0.999,0.988,1.0,0.451,0.988,0.999,1.0,0.451,0.765,1.0,0.904,0.976,0.904,0.999,1.0,0.994,0.999,0.999,0.999,0.992,0.999,0.976,0.99,0.998,0.989,0.998,0.691,0.989,0.99,0.691,0.57,0.998,0.668,0.13,0.998,0.691,0.692,0.668,0.064,0.668,0.201,0.497,0.273,0.996,0.628,0.996,0.998,0.593,0.593,0.593,0.974,0.628,0.998,0.628,0.273,0.974,0.997,0.061,0.997,0.178,0.178,0.178,0.473,0.52,0.14,0.259,0.203,0.221,0.258,0.203,0.294,0.52,0.309,0.306,0.062,0.309,0.258,0.256,0.332,0.24,0.52,0.127,0.221,0.305,0.309,0.309,0.8,0.309,0.309,0.213,0.181,0.428,0.217,0.181,0.181,0.243,0.278,0.602,0.602,0.6,0.742,0.586,0.523,0.555,0.348,0.244,0.478,0.366,0.535,0.586,0.24,0.537,0.484,0.535,0.255,0.636,0.259,0.259,0.636,0.638,0.537,0.287,0.544,0.778,0.257,0.342,0.249,0.611,0.251,0.342,0.381,0.438,0.472,0.3,0.381,0.229,0.381,0.342,0.492,0.949,0.256,0.95,0.043,0.255,0.082,0.581,0.05,0.955,0.184,0.315,0.219,0.057,0.056,0.064,0.058,0.026,0.027,0.02
0.95,0.95,0.941,0.941,0.353,0.905,0.883,0.79,0.901,0.572,0.79,0.894,0.773,0.353,0.894,0.79,0.773,0.353,0.08,0.773,0.774,0.669,0.774,0.682,0.773,0.883,0.682,0.79,0.677,0.572,0.677,0.669,0.35,0.612,0.712,0.612,0.104,0.712,0.35,0.104,0.21,0.612,0.105,0.761,0.612,0.104,0.089,0.105,0.904,0.105,0.563,0.255,0.482,0.487,0.121,0.487,0.497,0.127,0.127,0.127,0.454,0.121,0.497,0.121,0.482,0.454,0.612,0.938,0.612,0.471,0.471,0.471,0.254,0.347,0.912,0.514,0.337,0.712,0.295,0.337,0.39,0.347,0.512,0.536,0.941,0.512,0.295,0.502,0.442,0.61,0.347,0.936,0.552,0.539,0.279,0.512,0.286,0.279,0.279,0.536,0.275,0.389,0.812,0.275,0.275,0.688,0.617,0.007,0.007,0.008,0.176,0.078,0.186,0.101,0.64,0.666,0.719,0.403,0.161,0.078,0.571,0.166,0.708,0.18,0.426,0.006,0.685,0.333,0.006,0.19,0.191,0.36,0.176,0.173,0.732,0.146,0.32,0.011,0.472,0.146,0.143,0.803,0.384,0.291,0.143,0.606,0.143,0.146,0.4,0.139,0.15,0.085,0.299,0.666,0.134,0.558,0.334,0.1,0.239,0.148,0.22,0.282,0.14,0.152,0.171,0.069,0.085,0.253
0.591,0.591,0.713,0.713,0.549,0.723,0.492,0.367,0.768,0.611,0.367,0.36,0.524,0.549,0.36,0.367,0.524,0.549,0.958,0.524,0.742,0.434,0.742,0.576,0.524,0.492,0.576,0.367,0.396,0.611,0.396,0.434,0.326,0.471,0.479,0.471,0.551,0.479,0.326,0.551,0.384,0.471,0.53,0.742,0.471,0.551,0.964,0.53,0.381,0.53,0.459,0.371,0.077,0.25,0.357,0.25,0.25,0.301,0.301,0.301,0.416,0.357,0.25,0.357,0.077,0.416,0.459,0.351,0.459,0.245,0.245,0.245,0.233,0.417,0.672,0.344,0.115,0.543,0.177,0.115,0.369,0.417,0.432,0.405,0.374,0.432,0.177,0.344,0.381,0.542,0.417,0.687,0.35,0.415,0.409,0.432,0.878,0.409,0.409,0.361,0.493,0.377,0.563,0.493,0.493,0.447,0.37,0.681,0.681,0.824,0.629,0.516,0.475,0.663,0.471,0.516,0.4,0.26,0.481,0.516,0.379,0.475,0.444,0.5,0.431,0.728,0.448,0.068,0.728,0.63,0.516,0.184,0.516,0.672,0.517,0.132,0.112,0.85,0.098,0.132,0.171,0.627,0.977,0.789,0.171,0.472,0.171,0.132,0.93,0.948,0.656,0.927,0.354,0.455,0.279,0.951,0.257,0.931,0.32,0.627,0.353,0.415,0.249,0.312,0.287,0.334,0.29,0.347
0.56,0.56,0.668,0.668,0.531,0.661,0.244,0.169,0.645,0.138,0.169,0.202,0.221,0.531,0.202,0.169,0.221,0.531,0.068,0.221,0.517,0.121,0.517,0.228,0.221,0.244,0.228,0.169,0.178,0.138,0.178,0.121,0.306,0.155,0.175,0.155,0.329,0.175,0.306,0.329,0.445,0.155,0.349,0.472,0.155,0.329,0.074,0.349,0.298,0.349,0.52,0.379,0.36,0.336,0.349,0.336,0.337,0.351,0.351,0.351,0.138,0.349,0.337,0.349,0.36,0.138,0.142,0.259,0.142,0.519,0.519,0.519,0.351,0.526,0.397,0.208,0.44,0.408,0.462,0.44,0.283,0.526,0.4,0.225,0.263,0.4,0.462,0.205,0.299,0.571,0.526,0.407,0.212,0.212,0.451,0.4,0.701,0.451,0.451,0.214,0.497,0.56,0.397,0.497,0.497,0.489,0.257,0.277,0.277,0.314,0.658,0.726,0.435,0.718,0.228,0.564,0.52,0.545,0.499,0.726,0.258,0.482,0.626,0.602,0.353,0.224,0.552,0.558,0.224,0.844,0.655,0.491,0.636,0.607,0.63,0.101,0.49,0.264,0.56,0.101,0.083,0.46,0.56,0.58,0.083,0.788,0.083,0.101,0.529,0.236,0.314,0.276,0.817,0.77,0.923,0.49,0.767,0.278,0.768,0.376,0.796,0.85,0.84,0.908,0.82,0.914,0.908,0.583
0.084,0.084,0.035,0.035,0.572,0.82,0.109,0.054,0.832,0.042,0.054,0.144,0.064,0.572,0.144,0.054,0.064,0.572,0.998,0.064,0.082,0.044,0.082,0.063,0.064,0.109,0.063,0.054,0.063,0.042,0.063,0.044,0.081,0.064,0.124,0.064,0.228,0.124,0.081,0.228,0.302,0.064,0.208,0.115,0.064,0.228,0.996,0.208,0.117,0.208,0.945,0.311,0.281,0.153,0.501,0.153,0.159,0.565,0.565,0.565,0.052,0.501,0.159,0.501,0.281,0.052,0.064,0.107,0.064,0.417,0.417,0.417,0.389,0.195,0.09,0.681,0.573,0.131,0.451,0.573,0.477,0.195,0.243,0.781,0.08,0.243,0.451,0.715,0.49,0.048,0.195,0.093,0.655,0.757,0.605,0.243,0.938,0.605,0.605,0.661,0.575,0.341,0.124,0.575,0.575,0.144,0.687,0.425,0.425,0.443,0.567,0.551,0.377,0.559,0.774,0.037,0.237,0.374,0.403,0.551,0.65,0.42,0.219,0.328,0.513,0.475,0.047,0.199,0.475,0.713,0.29,0.299,0.3,0.462,0.065,0.598,0.216,0.484,0.278,0.598,0.458,0.281,0.212,0.816,0.458,0.048,0.458,0.598,0.175,0.653,0.854,0.705,0.363,0.046,0.326,0.309,0.285,0.686,0.306,0.825,0.309,0.296,0.371,0.286,0.338,0.091,0.102,0.259
0.372,0.372,0.305,0.305,0.523,0.098,0.356,0.398,0.093,0.461,0.398,0.361,0.192,0.523,0.361,0.398,0.192,0.523,0.9,0.192,0.439,0.497,0.439,0.195,0.192,0.356,0.195,0.398,0.32,0.461,0.32,0.497,0.429,0.37,0.375,0.37,0.912,0.375,0.429,0.912,0.417,0.37,0.813,0.886,0.37,0.912,0.719,0.813,0.972,0.813,0.067,0.444,0.985,0.343,0.948,0.343,0.326,0.938,0.938,0.938,0.679,0.948,0.326,0.948,0.985,0.679,0.425,0.958,0.425,0.917,0.917,0.917,0.4,0.841,0.846,0.714,0.966,0.805,0.981,0.966,0.689,0.841,0.916,0.594,0.962,0.916,0.981,0.718,0.734,0.811,0.841,0.862,0.739,0.586,0.897,0.916,0.417,0.897,0.897,0.732,0.933,0.972,0.804,0.933,0.933,0.792,0.761,0.19,0.19,0.252,0.555,0.41,0.661,0.457,0.573,0.83,0.981,0.966,0.619,0.41,0.784,0.599,0.971,0.681,0.684,0.149,0.886,0.334,0.149,0.694,0.651,0.908,0.653,0.734,0.906,0.973,0.304,0.223,0.331,0.973,0.954,0.956,0.395,0.662,0.954,0.866,0.954,0.973,0.401,0.403,0.43,0.404,0.248,0.889,0.29,0.435,0.677,0.441,0.76,0.462,0.755,0.264,0.267,0.276,0.255,0.791,0.764,0.755
0.891,0.891,0.847,0.847,0.683,0.75,0.767,0.546,0.693,0.622,0.546,0.79,0.585,0.683,0.79,0.546,0.585,0.683,0.658,0.585,0.808,0.631,0.808,0.667,0.585,0.767,0.667,0.546,0.641,0.622,0.641,0.631,0.392,0.484,0.573,0.484,0.926,0.573,0.392,0.926,0.922,0.484,0.876,0.978,0.484,0.926,0.608,0.876,0.988,0.876,0.571,0.93,0.689,0.653,0.953,0.653,0.671,0.879,0.879,0.879,0.509,0.953,0.671,0.953,0.689,0.509,0.471,0.979,0.471,0.564,0.564,0.564,0.952,0.836,0.924,0.876,0.69,0.988,0.824,0.69,0.861,0.836,0.561,0.762,0.977,0.561,0.824,0.859,0.851,0.971,0.836,0.906,0.876,0.78,0.533,0.561,0.775,0.533,0.533,0.897,0.525,0.737,0.992,0.525,0.525,1.0,0.874,0.991,0.991,0.957,0.866,0.9,0.934,0.971,0.809,0.978,0.975,0.656,0.929,0.9,0.876,0.917,0.969,0.871,0.775,0.998,0.997,0.703,0.998,0.798,0.903,0.651,0.905,0.868,0.992,0.73,0.652,0.989,0.697,0.73,0.806,0.962,0.664,0.433,0.806,0.991,0.806,0.73,0.637,0.293,0.404,0.305,0.912,0.986,0.907,0.617,0.861,0.306,0.816,0.399,0.797,0.936,0.88,0.855,0.835,0.707,0.682,0.781
0.623,0.623,0.728,0.728,0.188,0.031,0.644,0.467,0.026,0.615,0.467,0.456,0.607,0.188,0.456,0.467,0.607,0.188,0.086,0.607,0.832,0.483,0.832,0.632,0.607,0.644,0.632,0.467,0.49,0.615,0.49,0.483,0.722,0.357,0.472,0.357,0.485,0.472,0.722,0.485,0.348,0.357,0.376,0.568,0.357,0.485,0.08,0.376,0.644,0.376,0.037,0.346,0.039,0.633,0.408,0.633,0.634,0.298,0.298,0.298,0.428,0.408,0.634,0.408,0.039,0.428,0.384,0.747,0.384,0.019,0.019,0.019,0.28,0.278,0.79,0.248,0.028,0.732,0.034,0.028,0.385,0.278,0.111,0.249,0.681,0.111,0.034,0.229,0.461,0.896,0.278,0.743,0.228,0.275,0.021,0.111,0.054,0.021,0.021,0.207,0.026,0.107,0.662,0.026,0.026,0.535,0.236,0.517,0.517,0.589,0.587,0.298,0.858,0.291,0.262,0.834,0.662,0.085,0.879,0.298,0.212,0.864,0.674,0.895,0.214,0.663,0.661,0.002,0.663,0.459,0.895,0.053,0.898,0.61,0.803,0.308,0.001,0.725,0.01,0.308,0.428,0.632,0.466,0.061,0.428,0.935,0.428,0.308,0.416,0.012,0.037,0.025,0.156,0.884,0.096,0.436,0.278,0.022,0.149,0.024,0.142,0.166,0.093,0.083,0.088,0.035,0.043,0.172
0.447,0.447,0.463,0.463,0.767,0.699,0.805,0.829,0.718,0.672,0.829,0.881,0.731,0.767,0.881,0.829,0.731,0.767,0.483,0.731,0.462,0.741,0.462,0.788,0.731,0.805,0.788,0.829,0.838,0.672,0.838,0.741,0.371,0.683,0.845,0.683,0.951,0.845,0.371,0.951,0.742,0.683,0.968,0.008,0.683,0.951,0.516,0.968,0.021,0.968,0.731,0.602,0.626,0.641,0.93,0.641,0.665,0.889,0.889,0.889,0.542,0.93,0.665,0.93,0.626,0.542,0.638,0.014,0.638,0.483,0.483,0.483,0.258,0.772,0.005,0.454,0.538,0.024,0.615,0.538,0.442,0.772,0.5,0.314,0.014,0.5,0.615,0.383,0.391,0.032,0.772,0.005,0.408,0.389,0.295,0.5,0.109,0.295,0.295,0.326,0.249,0.482,0.019,0.249,0.249,0.023,0.34,0.698,0.698,0.745,0.53,0.506,0.278,0.461,0.281,0.025,0.089,0.555,0.267,0.506,0.285,0.265,0.095,0.331,0.323,0.581,0.035,0.812,0.581,0.389,0.294,0.582,0.272,0.347,0.04,0.48,0.794,0.604,0.918,0.48,0.465,0.039,0.953,0.484,0.465,0.032,0.465,0.48,0.944,0.315,0.609,0.5,0.902,0.027,0.743,0.916,0.275,0.342,0.405,0.531,0.371,0.831,0.841,0.736,0.823,0.615,0.466,0.174
0.39,0.39,0.358,0.358,0.704,0.171,0.667,0.891,0.214,0.632,0.891,0.706,0.857,0.704,0.706,0.891,0.857,0.704,0.761,0.857,0.634,0.622,0.634,0.827,0.857,0.667,0.827,0.891,0.818,0.632,0.818,0.622,0.987,0.987,0.934,0.987,0.899,0.934,0.987,0.899,0.008,0.987,0.848,0.525,0.987,0.899,0.801,0.848,0.717,0.848,0.118,0.009,0.352,0.783,0.776,0.783,0.761,0.735,0.735,0.735,0.936,0.776,0.761,0.776,0.352,0.936,0.981,0.769,0.981,0.774,0.774,0.774,0.053,0.783,0.557,0.02,0.356,0.838,0.394,0.356,0.039,0.783,0.533,0.019,0.779,0.533,0.394,0.016,0.037,0.889,0.783,0.565,0.019,0.021,0.68,0.533,0.786,0.68,0.68,0.017,0.687,0.41,0.84,0.687,0.687,0.77,0.05,0.94,0.94,0.968,0.899,0.953,0.211,0.964,0.068,0.89,0.941,0.343,0.182,0.953,0.052,0.178,0.933,0.307,0.109,0.95,0.867,0.835,0.95,0.985,0.292,0.396,0.298,0.784,0.959,0.667,0.89,0.978,0.763,0.667,0.715,0.929,0.102,0.774,0.715,0.954,0.715,0.667,0.104,0.634,0.739,0.587,0.801,0.954,0.911,0.109,0.827,0.662,0.629,0.824,0.629,0.789,0.877,0.944,0.898,0.703,0.763,0.709
0.529,0.529,0.774,0.774,0.859,0.851,0.558,0.292,0.899,0.362,0.292,0.424,0.468,0.859,0.424,0.292,0.468,0.859,0.926,0.468,0.587,0.188,0.587,0.44,0.468,0.558,0.44,0.292,0.257,0.362,0.257,0.188,0.741,0.158,0.225,0.158,0.884,0.225,0.741,0.884,0.291,0.158,0.86,0.163,0.158,0.884,0.96,0.86,0.334,0.86,0.72,0.317,0.691,0.828,0.965,0.828,0.842,0.981,0.981,0.981,0.205,0.965,0.842,0.965,0.691,0.205,0.151,0.317,0.151,0.841,0.841,0.841,0.443,0.393,0.21,0.469,0.797,0.518,0.782,0.797,0.649,0.393,0.797,0.572,0.316,0.797,0.782,0.461,0.656,0.551,0.393,0.257,0.469,0.567,0.742,0.797,0.932,0.742,0.742,0.46,0.893,0.982,0.506,0.893,0.893,0.518,0.41,0.661,0.661,0.619,0.636,0.871,0.94,0.923,0.477,0.543,0.524,0.968,0.916,0.871,0.368,0.93,0.527,0.98,0.579,0.783,0.563,0.082,0.783,0.788,0.967,0.907,0.97,0.79,0.413,0.822,0.093,0.768,0.05,0.822,0.708,0.459,0.502,0.012,0.708,0.517,0.708,0.822,0.489,0.005,0.01,0.005,0.218,0.514,0.318,0.473,0.254,0.004,0.215,0.008,0.214,0.172,0.281,0.284,0.252,0.383,0.359,0.312
0.16,0.16,0.134,0.134,0.52,0.445,0.41,0.453,0.28,0.32,0.453,0.461,0.398,0.52,0.461,0.453,0.398,0.52,0.67,0.398,0.09,0.383,0.09,0.43,0.398,0.41,0.43,0.453,0.382,0.32,0.382,0.383,0.245,0.255,0.279,0.255,0.977,0.279,0.245,0.977,0.794,0.255,0.943,0.026,0.255,0.977,0.637,0.943,0.211,0.943,0.216,0.804,0.709,0.466,0.91,0.466,0.484,0.726,0.726,0.726,0.251,0.91,0.484,0.91,0.709,0.251,0.263,0.159,0.263,0.803,0.803,0.803,0.867,0.378,0.033,0.704,0.874,0.328,0.874,0.874,0.811,0.378,0.697,0.727,0.135,0.697,0.874,0.679,0.812,0.424,0.378,0.028,0.748,0.747,0.932,0.697,0.134,0.932,0.932,0.731,0.948,0.985,0.34,0.948,0.948,0.234,0.567,0.997,0.997,0.975,0.988,0.673,0.5,0.402,0.642,0.386,0.238,0.984,0.502,0.673,0.633,0.493,0.258,0.727,0.654,0.988,0.253,0.027,0.988,0.56,0.671,0.867,0.69,0.989,0.359,0.839,0.045,0.986,0.048,0.839,0.867,0.233,0.639,0.154,0.867,0.456,0.867,0.839,0.644,0.385,0.119,0.227,0.193,0.454,0.211,0.686,0.475,0.281,0.598,0.106,0.552,0.204,0.173,0.227,0.181,0.498,0.505,0.454
0.922,0.922,0.907,0.907,0.048,0.616,0.961,0.918,0.623,0.942,0.918,0.957,0.932,0.048,0.957,0.918,0.932,0.048,0.246,0.932,0.966,0.933,0.966,0.942,0.932,0.961,0.942,0.918,0.934,0.942,0.934,0.933,0.953,0.98,0.988,0.98,0.302,0.988,0.953,0.302,0.946,0.98,0.275,0.509,0.98,0.302,0.231,0.275,0.737,0.275,0.445,0.973,0.005,0.969,0.175,0.969,0.963,0.141,0.141,0.141,0.938,0.175,0.963,0.175,0.005,0.938,0.982,0.817,0.982,0.002,0.002,0.002,0.942,0.19,0.543,0.493,0.016,0.278,0.018,0.016,0.659,0.19,0.008,0.67,0.822,0.008,0.018,0.595,0.667,0.308,0.19,0.56,0.395,0.659,0.003,0.008,0.169,0.003,0.003,0.579,0.003,0.066,0.265,0.003,0.003,0.29,0.433,0.631,0.631,0.539,0.939,0.665,0.95,0.552,0.649,0.288,0.584,0.058,0.942,0.665,0.472,0.944,0.592,0.929,0.664,0.702,0.297,0.306,0.702,0.8,0.864,0.004,0.899,0.87,0.381,0.133,0.306,0.558,0.397,0.133,0.183,0.72,0.607,0.503,0.183,0.357,0.183,0.133,0.657,0.276,0.655,0.31,0.55,0.346,0.608,0.598,0.544,0.245,0.566,0.644,0.663,0.466,0.679,0.625,0.626,0.763,0.736,0.534
0.455,0.455,0.47,0.47,0.554,0.19,0.442,0.353,0.202,0.156,0.353,0.487,0.269,0.554,0.487,0.353,0.269,0.554,0.869,0.269,0.429,0.178,0.429,0.261,0.269,0.442,0.261,0.353,0.359,0.156,0.359,0.178,0.637,0.312,0.337,0.312,0.602,0.337,0.637,0.602,0.149,0.312,0.528,0.238,0.312,0.602,0.862,0.528,0.267,0.528,0.082,0.145,0.158,0.885,0.573,0.885,0.891,0.445,0.445,0.445,0.225,0.573,0.891,0.573,0.158,0.225,0.338,0.362,0.338,0.126,0.126,0.126,0.21,0.482,0.295,0.297,0.23,0.255,0.147,0.23,0.164,0.482,0.492,0.105,0.362,0.492,0.147,0.324,0.143,0.298,0.482,0.319,0.21,0.102,0.135,0.492,0.909,0.135,0.135,0.344,0.077,0.291,0.249,0.077,0.077,0.273,0.304,0.124,0.124,0.107,0.051,0.094,0.642,0.073,0.149,0.3,0.403,0.401,0.66,0.094,0.27,0.644,0.4,0.479,0.238,0.13,0.332,0.547,0.13,0.06,0.459,0.246,0.492,0.055,0.334,0.448,0.526,0.101,0.501,0.448,0.274,0.805,0.075,0.361,0.274,0.309,0.274,0.448,0.071,0.472,0.392,0.435,0.512,0.311,0.584,0.028,0.706,0.506,0.733,0.357,0.736,0.487,0.597,0.74,0.761,0.862,0.871,0.604
0.841,0.841,0.835,0.835,0.456,0.789,0.807,0.753,0.727,0.917,0.753,0.836,0.72,0.456,0.836,0.753,0.72,0.456,0.009,0.72,0.927,0.912,0.927,0.663,0.72,0.807,0.663,0.753,0.704,0.917,0.704,0.912,0.787,0.769,0.872,0.769,0.019,0.872,0.787,0.019,0.311,0.769,0.026,0.512,0.769,0.019,0.001,0.026,0.466,0.026,0.702,0.201,0.144,0.687,0.023,0.687,0.67,0.04,0.04,0.04,0.973,0.023,0.67,0.023,0.144,0.973,0.757,0.623,0.757,0.043,0.043,0.043,0.226,0.218,0.501,0.226,0.04,0.847,0.046,0.04,0.314,0.218,0.089,0.318,0.643,0.089,0.046,0.275,0.39,0.862,0.218,0.521,0.272,0.227,0.02,0.089,0.022,0.02,0.02,0.321,0.017,0.096,0.771,0.017,0.017,0.713,0.404,0.014,0.014,0.015,0.145,0.06,0.59,0.055,0.385,0.791,0.681,0.08,0.582,0.06,0.462,0.563,0.718,0.66,0.555,0.005,0.779,0.265,0.005,0.253,0.667,0.114,0.676,0.187,0.966,0.068,0.258,0.007,0.38,0.068,0.041,0.624,0.764,0.13,0.041,0.887,0.041,0.068,0.785,0.091,0.2,0.125,0.627,0.842,0.607,0.764,0.361,0.09,0.216,0.165,0.221,0.736,0.484,0.599,0.476,0.271,0.312,0.264
0.608,0.608,0.44,0.44,0.147,0.537,0.42,0.381,0.518,0.454,0.381,0.441,0.354,0.147,0.441,0.381,0.354,0.147,0.545,0.354,0.736,0.466,0.736,0.427,0.354,0.42,0.427,0.381,0.489,0.454,0.489,0.466,0.969,0.506,0.588,0.506,0.311,0.588,0.969,0.311,0.962,0.506,0.521,0.727,0.506,0.311,0.467,0.521,0.943,0.521,0.713,0.954,0.579,0.971,0.284,0.971,0.969,0.305,0.305,0.305,0.731,0.284,0.969,0.284,0.579,0.731,0.732,0.869,0.732,0.781,0.781,0.781,0.92,0.137,0.828,0.698,0.645,0.836,0.732,0.645,0.866,0.137,0.616,0.818,0.909,0.616,0.732,0.712,0.9,0.747,0.137,0.762,0.716,0.737,0.957,0.616,0.142,0.957,0.957,0.717,0.971,0.807,0.781,0.971,0.971,0.71,0.804,0.309,0.309,0.317,0.619,0.412,0.782,0.423,0.802,0.732,0.408,0.785,0.78,0.412,0.814,0.762,0.524,0.555,0.952,0.372,0.706,0.432,0.372,0.634,0.43,0.605,0.432,0.659,0.231,0.748,0.404,0.394,0.412,0.748,0.782,0.296,0.205,0.438,0.782,0.264,0.782,0.748,0.195,0.616,0.441,0.643,0.535,0.247,0.631,0.261,0.859,0.681,0.8,0.436,0.787,0.564,0.617,0.638,0.622,0.284,0.264,0.337
0.371,0.371,0.356,0.356,0.832,0.345,0.362,0.273,0.336,0.197,0.273,0.403,0.275,0.832,0.403,0.273,0.275,0.832,0.489,0.275,0.548,0.225,0.548,0.237,0.275,0.362,0.237,0.273,0.265,0.197,0.265,0.225,0.133,0.39,0.572,0.39,0.595,0.572,0.133,0.595,0.469,0.39,0.492,0.471,0.39,0.595,0.445,0.492,0.901,0.492,0.337,0.491,0.615,0.116,0.583,0.116,0.112,0.549,0.549,0.549,0.297,0.583,0.112,0.583,0.615,0.297,0.4,0.947,0.4,0.753,0.753,0.753,0.45,0.846,0.41,0.768,0.487,0.987,0.499,0.487,0.458,0.846,0.615,0.56,0.943,0.615,0.499,0.765,0.46,0.991,0.846,0.406,0.763,0.55,0.452,0.615,0.836,0.452,0.452,0.752,0.441,0.422,0.985,0.441,0.441,0.993,0.658,0.574,0.574,0.64,0.405,0.946,0.715,0.943,0.487,0.991,0.994,0.44,0.687,0.946,0.646,0.678,0.994,0.719,0.507,0.646,0.994,0.884,0.646,0.783,0.673,0.704,0.677,0.338,0.999,0.33,0.803,0.734,0.86,0.33,0.379,1.0,0.694,0.715,0.379,0.999,0.379,0.33,0.694,0.742,0.673,0.706,0.978,0.997,0.931,0.82,0.95,0.677,0.85,0.641,0.866,0.973,0.945,0.905,0.891,0.643,0.712,0.838
0.37,0.37,0.3,0.3,0.162,0.377,0.349,0.432,0.479,0.372,0.432,0.364,0.453,0.162,0.364,0.432,0.453,0.162,0.471,0.453,0.258,0.417,0.258,0.416,0.453,0.349,0.416,0.432,0.397,0.372,0.397,0.417,0.24,0.267,0.212,0.267,0.399,0.212,0.24,0.399,0.941,0.267,0.431,0.678,0.267,0.399,0.526,0.431,0.272,0.431,0.302,0.876,0.478,0.373,0.301,0.373,0.386,0.28,0.28,0.28,0.284,0.301,0.386,0.301,0.478,0.284,0.258,0.26,0.258,0.915,0.915,0.915,0.587,0.346,0.817,0.647,0.741,0.288,0.582,0.741,0.721,0.346,0.237,0.68,0.261,0.237,0.582,0.625,0.697,0.276,0.346,0.896,0.645,0.692,0.95,0.237,0.743,0.95,0.95,0.626,0.916,0.672,0.273,0.916,0.916,0.528,0.493,0.411,0.411,0.428,0.449,0.657,0.893,0.657,0.586,0.246,0.245,0.79,0.872,0.657,0.515,0.871,0.235,0.753,0.548,0.413,0.391,0.308,0.413,0.73,0.745,0.596,0.74,0.534,0.38,0.483,0.346,0.44,0.349,0.483,0.473,0.285,0.139,0.187,0.473,0.232,0.473,0.483,0.146,0.093,0.316,0.145,0.14,0.203,0.19,0.168,0.126,0.105,0.223,0.234,0.203,0.138,0.209,0.198,0.195,0.365,0.376,0.207
0.912,0.912,0.915,0.915,0.081,0.236,0.919,0.856,0.243,0.792,0.856,0.933,0.847,0.081,0.933,0.856,0.847,0.081,0.506,0.847,0.999,0.841,0.999,0.811,0.847,0.919,0.811,0.856,0.824,0.792,0.824,0.841,0.846,0.931,0.964,0.931,0.066,0.964,0.846,0.066,0.226,0.931,0.031,0.29,0.931,0.066,0.765,0.031,0.524,0.031,0.111,0.177,0.01,0.629,0.103,0.629,0.593,0.054,0.054,0.054,0.809,0.103,0.593,0.103,0.01,0.809,0.909,0.73,0.909,0.048,0.048,0.048,0.178,0.045,0.305,0.128,0.01,0.75,0.011,0.01,0.167,0.045,0.046,0.16,0.721,0.046,0.011,0.111,0.189,0.836,0.045,0.288,0.127,0.168,0.08,0.046,0.528,0.08,0.08,0.11,0.066,0.039,0.715,0.066,0.066,0.818,0.099,0.073,0.073,0.084,0.344,0.14,0.521,0.166,0.14,0.806,0.914,0.021,0.522,0.14,0.096,0.505,0.904,0.463,0.176,0.102,0.882,0.762,0.102,0.361,0.515,0.015,0.497,0.436,0.896,0.079,0.785,0.105,0.543,0.079,0.079,0.873,0.808,0.388,0.079,0.932,0.079,0.079,0.811,0.793,0.621,0.78,0.769,0.931,0.915,0.634,0.983,0.786,0.986,0.618,0.993,0.812,0.907,0.846,0.864,0.976,0.98,0.967
0.354,0.354,0.372,0.372,0.716,0.173,0.218,0.219,0.157,0.104,0.219,0.35,0.136,0.716,0.35,0.219,0.136,0.716,0.04,0.136,0.2,0.148,0.2,0.133,0.136,0.218,0.133,0.219,0.228,0.104,0.228,0.148,0.053,0.131,0.193,0.131,0.522,0.193,0.053,0.522,0.874,0.131,0.509,0.965,0.131,0.522,0.038,0.509,0.959,0.509,0.092,0.792,0.432,0.104,0.554,0.104,0.107,0.542,0.542,0.542,0.064,0.554,0.107,0.554,0.432,0.064,0.126,0.921,0.126,0.393,0.393,0.393,0.902,0.66,0.842,0.792,0.366,0.841,0.349,0.366,0.78,0.66,0.558,0.766,0.925,0.558,0.349,0.746,0.711,0.87,0.66,0.835,0.807,0.814,0.175,0.558,0.037,0.175,0.175,0.749,0.136,0.363,0.849,0.136,0.136,0.896,0.752,0.694,0.694,0.601,0.948,0.693,0.72,0.538,0.784,0.886,0.729,0.371,0.624,0.693,0.763,0.648,0.762,0.803,0.729,0.703,0.878,0.386,0.703,0.901,0.73,0.402,0.745,0.937,0.827,0.393,0.357,0.607,0.267,0.393,0.399,0.696,0.848,0.255,0.399,0.841,0.399,0.393,0.79,0.71,0.235,0.572,0.708,0.846,0.633,0.786,0.762,0.6,0.74,0.242,0.743,0.707,0.538,0.636,0.524,0.719,0.7,0.803
0.653,0.653,0.822,0.822,0.224,0.564,0.481,0.24,0.619,0.277,0.24,0.38,0.336,0.224,0.38,0.24,0.336,0.224,0.17,0.336,0.743,0.194,0.743,0.377,0.336,0.481,0.377,0.24,0.237,0.277,0.237,0.194,0.709,0.295,0.532,0.295,0.097,0.532,0.709,0.097,0.655,0.295,0.13,0.363,0.295,0.097,0.259,0.13,0.38,0.13,0.843,0.679,0.094,0.608,0.122,0.608,0.578,0.162,0.162,0.162,0.27,0.122,0.578,0.122,0.094,0.27,0.325,0.519,0.325,0.264,0.264,0.264,0.77,0.056,0.222,0.494,0.098,0.658,0.091,0.098,0.702,0.056,0.349,0.558,0.392,0.349,0.091,0.484,0.648,0.829,0.056,0.238,0.491,0.573,0.32,0.349,0.116,0.32,0.32,0.481,0.359,0.264,0.645,0.359,0.359,0.403,0.544,0.287,0.287,0.277,0.768,0.217,0.439,0.197,0.549,0.841,0.963,0.259,0.506,0.217,0.557,0.501,0.957,0.273,0.716,0.242,0.645,0.032,0.242,0.207,0.268,0.229,0.259,0.725,0.829,0.187,0.09,0.227,0.032,0.187,0.193,0.967,0.949,0.25,0.193,0.686,0.193,0.187,0.941,0.101,0.384,0.152,0.122,0.665,0.174,0.968,0.226,0.155,0.375,0.388,0.453,0.125,0.116,0.189,0.183,0.582,0.615,0.299
0.426,0.426,0.535,0.535,0.511,0.229,0.245,0.176,0.342,0.299,0.176,0.234,0.163,0.511,0.234,0.176,0.163,0.511,0.335,0.163,0.559,0.357,0.559,0.198,0.163,0.245,0.198,0.176,0.225,0.299,0.225,0.357,0.434,0.368,0.326,0.368,0.324,0.326,0.434,0.324,0.308,0.368,0.384,0.143,0.368,0.324,0.255,0.384,0.069,0.384,0.272,0.385,0.801,0.212,0.311,0.212,0.207,0.244,0.244,0.244,0.7,0.311,0.207,0.311,0.801,0.7,0.437,0.058,0.437,0.732,0.732,0.732,0.418,0.695,0.137,0.746,0.813,0.107,0.854,0.813,0.325,0.695,0.602,0.328,0.072,0.602,0.854,0.72,0.339,0.124,0.695,0.134,0.755,0.355,0.73,0.602,0.462,0.73,0.73,0.725,0.817,0.759,0.132,0.817,0.817,0.087,0.565,0.357,0.357,0.385,0.888,0.712,0.837,0.735,0.313,0.169,0.159,0.747,0.77,0.712,0.576,0.754,0.15,0.692,0.296,0.428,0.157,0.797,0.428,0.954,0.502,0.593,0.449,0.829,0.157,0.826,0.81,0.462,0.843,0.826,0.794,0.324,0.019,0.779,0.794,0.156,0.794,0.826,0.015,0.719,0.752,0.784,0.526,0.23,0.634,0.014,0.445,0.772,0.585,0.797,0.591,0.565,0.585,0.621,0.578,0.427,0.39,0.499
0.666,0.666,0.721,0.721,0.963,0.064,0.584,0.471,0.066,0.293,0.471,0.685,0.438,0.963,0.685,0.471,0.438,0.963,0.881,0.438,0.831,0.34,0.831,0.418,0.438,0.584,0.418,0.471,0.474,0.293,0.474,0.34,0.647,0.598,0.713,0.598,0.297,0.713,0.647,0.297,0.992,0.598,0.491,0.863,0.598,0.297,0.935,0.491,0.897,0.491,0.064,0.98,0.882,0.264,0.792,0.264,0.244,0.802,0.802,0.802,0.497,0.792,0.244,0.792,0.882,0.497,0.588,0.727,0.588,0.961,0.961,0.961,0.728,0.65,0.503,0.943,0.922,0.773,0.915,0.922,0.948,0.65,0.863,0.974,0.686,0.863,0.915,0.943,0.954,0.767,0.65,0.62,0.951,0.96,0.96,0.863,0.969,0.96,0.96,0.948,0.978,0.909,0.733,0.978,0.978,0.86,0.947,0.706,0.706,0.771,0.638,0.377,0.731,0.437,0.977,0.701,0.834,0.916,0.714,0.377,0.955,0.713,0.832,0.824,0.969,0.602,0.821,0.339,0.602,0.235,0.78,0.891,0.768,0.668,0.825,0.869,0.232,0.591,0.237,0.869,0.913,0.84,0.085,0.703,0.913,0.902,0.913,0.869,0.087,0.733,0.788,0.74,0.307,0.88,0.394,0.113,0.402,0.739,0.538,0.787,0.561,0.333,0.389,0.337,0.32,0.702,0.745,0.368
0.648,0.648,0.604,0.604,0.384,0.642,0.689,0.68,0.632,0.813,0.68,0.702,0.696,0.384,0.702,0.68,0.696,0.384,0.453,0.696,0.428,0.724,0.428,0.68,0.696,0.689,0.68,0.68,0.661,0.813,0.661,0.724,0.749,0.591,0.541,0.591,0.313,0.541,0.749,0.313,0.812,0.591,0.267,0.164,0.591,0.313,0.529,0.267,0.242,0.267,0.449,0.772,0.205,0.68,0.388,0.68,0.629,0.348,0.348,0.348,0.519,0.388,0.629,0.388,0.205,0.519,0.552,0.307,0.552,0.112,0.112,0.112,0.744,0.36,0.174,0.692,0.264,0.372,0.187,0.264,0.938,0.36,0.43,0.827,0.307,0.43,0.187,0.733,0.932,0.393,0.36,0.177,0.714,0.874,0.12,0.43,0.529,0.12,0.12,0.724,0.142,0.494,0.381,0.142,0.142,0.345,0.53,0.384,0.384,0.397,0.101,0.507,0.49,0.505,0.772,0.409,0.559,0.496,0.504,0.507,0.558,0.495,0.528,0.433,0.81,0.427,0.412,0.962,0.427,0.305,0.454,0.371,0.453,0.078,0.48,0.427,0.909,0.444,0.966,0.427,0.485,0.602,0.572,0.744,0.485,0.408,0.485,0.427,0.606,0.527,0.795,0.625,0.953,0.42,0.97,0.694,0.99,0.603,0.983,0.692,0.983,0.969,0.953,0.963,0.951,0.775,0.789,0.84
0.496,0.496,0.519,0.519,0.974,0.729,0.908,0.906,0.538,0.779,0.906,0.934,0.852,0.974,0.934,0.906,0.852,0.974,0.997,0.852,0.622,0.814,0.622,0.787,0.852,0.908,0.787,0.906,0.836,0.779,0.836,0.814,0.397,0.658,0.732,0.658,0.893,0.732,0.397,0.893,0.557,0.658,0.94,0.122,0.658,0.893,0.997,0.94,0.161,0.94,0.525,0.551,0.704,0.655,0.908,0.655,0.659,0.677,0.677,0.677,0.612,0.908,0.659,0.908,0.704,0.612,0.623,0.127,0.623,0.696,0.696,0.696,0.654,0.678,0.12,0.644,0.766,0.188,0.837,0.766,0.699,0.678,0.733,0.683,0.153,0.733,0.837,0.616,0.631,0.154,0.678,0.126,0.666,0.69,0.797,0.733,0.632,0.797,0.797,0.638,0.873,0.889,0.148,0.873,0.873,0.13,0.635,0.143,0.143,0.164,0.046,0.062,0.233,0.049,0.71,0.172,0.231,0.8,0.26,0.062,0.635,0.268,0.245,0.35,0.656,0.165,0.126,0.085,0.165,0.011,0.344,0.747,0.361,0.043,0.133,0.81,0.092,0.144,0.051,0.81,0.952,0.121,0.31,0.204,0.952,0.18,0.952,0.81,0.33,0.134,0.234,0.133,0.117,0.205,0.149,0.398,0.279,0.118,0.198,0.219,0.172,0.12,0.153,0.159,0.159,0.04,0.035,0.356
0.362,0.362,0.321,0.321,0.247,0.709,0.231,0.212,0.711,0.254,0.212,0.248,0.171,0.247,0.248,0.212,0.171,0.247,0.233,0.171,0.216,0.301,0.216,0.146,0.171,0.231,0.146,0.212,0.184,0.254,0.184,0.301,0.135,0.095,0.134,0.095,0.126,0.134,0.135,0.126,0.279,0.095,0.147,0.382,0.095,0.126,0.264,0.147,0.276,0.147,0.787,0.383,0.361,0.188,0.059,0.188,0.193,0.068,0.068,0.068,0.201,0.059,0.193,0.059,0.361,0.201,0.1,0.225,0.1,0.667,0.667,0.667,0.331,0.292,0.419,0.137,0.252,0.313,0.277,0.252,0.259,0.292,0.484,0.171,0.226,0.484,0.277,0.098,0.149,0.285,0.292,0.427,0.122,0.189,0.585,0.484,0.083,0.585,0.585,0.093,0.565,0.394,0.325,0.565,0.565,0.602,0.104,0.133,0.133,0.12,0.456,0.29,0.723,0.252,0.142,0.31,0.759,0.354,0.711,0.29,0.083,0.696,0.66,0.455,0.177,0.128,0.572,0.916,0.128,0.239,0.509,0.357,0.489,0.399,0.387,0.622,0.878,0.12,0.881,0.622,0.569,0.598,0.321,0.726,0.569,0.278,0.569,0.622,0.308,0.776,0.851,0.861,0.632,0.304,0.654,0.389,0.76,0.904,0.516,0.846,0.525,0.58,0.661,0.614,0.6,0.826,0.732,0.729
0.154,0.154,0.137,0.137,0.186,0.263,0.06,0.09,0.241,0.401,0.09,0.108,0.039,0.186,0.108,0.09,0.039,0.186,0.016,0.039,0.179,0.461,0.179,0.032,0.039,0.06,0.032,0.09,0.08,0.401,0.08,0.461,0.23,0.051,0.065,0.051,0.099,0.065,0.23,0.099,0.208,0.051,0.075,0.637,0.051,0.099,0.013,0.075,0.729,0.075,0.219,0.229,0.459,0.268,0.17,0.268,0.266,0.207,0.207,0.207,0.412,0.17,0.266,0.17,0.459,0.412,0.036,0.494,0.036,0.7,0.7,0.7,0.451,0.162,0.719,0.51,0.769,0.252,0.808,0.769,0.436,0.162,0.359,0.507,0.636,0.359,0.808,0.505,0.555,0.237,0.162,0.803,0.503,0.434,0.5,0.359,0.096,0.5,0.5,0.498,0.506,0.682,0.31,0.506,0.506,0.584,0.61,0.228,0.228,0.239,0.443,0.301,0.522,0.332,0.59,0.319,0.33,0.652,0.458,0.301,0.606,0.464,0.316,0.265,0.524,0.263,0.594,0.309,0.263,0.671,0.22,0.464,0.22,0.468,0.573,0.456,0.243,0.286,0.269,0.456,0.455,0.295,0.166,0.188,0.455,0.207,0.455,0.456,0.172,0.113,0.191,0.089,0.545,0.291,0.462,0.23,0.385,0.099,0.459,0.257,0.468,0.584,0.6,0.513,0.697,0.654,0.713,0.338
0.231,0.231,0.218,0.218,0.431,0.583,0.07,0.197,0.62,0.226,0.197,0.086,0.117,0.431,0.086,0.197,0.117,0.431,0.618,0.117,0.219,0.254,0.219,0.123,0.117,0.07,0.123,0.197,0.156,0.226,0.156,0.254,0.184,0.172,0.085,0.172,0.707,0.085,0.184,0.707,0.343,0.172,0.685,0.691,0.172,0.707,0.471,0.685,0.115,0.685,0.647,0.307,0.711,0.208,0.664,0.208,0.21,0.556,0.556,0.556,0.222,0.664,0.21,0.664,0.711,0.222,0.16,0.109,0.16,0.521,0.521,0.521,0.289,0.363,0.717,0.145,0.528,0.132,0.52,0.528,0.25,0.363,0.482,0.223,0.121,0.482,0.52,0.167,0.264,0.255,0.363,0.672,0.143,0.203,0.477,0.482,0.431,0.477,0.477,0.158,0.455,0.508,0.159,0.455,0.455,0.238,0.149,0.244,0.244,0.269,0.187,0.326,0.411,0.333,0.183,0.229,0.209,0.509,0.435,0.326,0.146,0.41,0.224,0.509,0.161,0.281,0.269,0.355,0.281,0.324,0.491,0.689,0.45,0.196,0.344,0.25,0.497,0.309,0.6,0.25,0.249,0.178,0.681,0.565,0.249,0.314,0.249,0.25,0.655,0.432,0.431,0.364,0.115,0.293,0.132,0.648,0.462,0.293,0.222,0.294,0.218,0.094,0.142,0.126,0.149,0.534,0.46,0.394
0.174,0.174,0.12,0.12,0.05,0.351,0.103,0.056,0.367,0.047,0.056,0.095,0.073,0.05,0.095,0.056,0.073,0.05,0.99,0.073,0.351,0.043,0.351,0.066,0.073,0.103,0.066,0.056,0.062,0.047,0.062,0.043,0.414,0.243,0.211,0.243,0.67,0.211,0.414,0.67,0.278,0.243,0.537,0.128,0.243,0.67,0.98,0.537,0.407,0.537,0.601,0.264,0.073,0.262,0.706,0.262,0.251,0.552,0.552,0.552,0.168,0.706,0.251,0.706,0.073,0.168,0.212,0.339,0.212,0.509,0.509,0.509,0.171,0.055,0.11,0.362,0.354,0.407,0.356,0.354,0.361,0.055,0.051,0.395,0.262,0.051,0.356,0.366,0.374,0.328,0.055,0.096,0.353,0.395,0.344,0.051,0.815,0.344,0.344,0.359,0.431,0.183,0.382,0.431,0.431,0.414,0.26,0.398,0.398,0.391,0.174,0.177,0.112,0.217,0.323,0.304,0.183,0.217,0.13,0.177,0.257,0.155,0.179,0.075,0.331,0.326,0.441,0.899,0.326,0.358,0.096,0.055,0.097,0.132,0.224,0.213,0.875,0.334,0.893,0.213,0.179,0.371,0.661,0.743,0.179,0.192,0.179,0.213,0.679,0.888,0.767,0.919,0.943,0.175,0.968,0.801,0.988,0.915,0.996,0.761,0.996,0.954,0.956,0.962,0.953,1.0,1.0,0.996
0.718,0.718,0.478,0.478,0.953,0.248,0.319,0.333,0.278,0.153,0.333,0.351,0.212,0.953,0.351,0.333,0.212,0.953,0.953,0.212,0.923,0.193,0.923,0.173,0.212,0.319,0.173,0.333,0.283,0.153,0.283,0.193,0.783,0.378,0.508,0.378,0.981,0.508,0.783,0.981,0.58,0.378,0.907,0.723,0.378,0.981,0.924,0.907,0.714,0.907,0.298,0.534,0.861,0.521,0.955,0.521,0.485,0.878,0.878,0.878,0.353,0.955,0.485,0.955,0.861,0.353,0.336,0.299,0.336,0.88,0.88,0.88,0.499,0.967,0.5,0.552,0.905,0.456,0.859,0.905,0.526,0.967,0.951,0.633,0.302,0.951,0.859,0.537,0.541,0.527,0.967,0.524,0.605,0.658,0.788,0.951,0.823,0.788,0.788,0.59,0.849,0.797,0.417,0.849,0.849,0.45,0.443,0.925,0.925,0.908,0.273,0.908,0.617,0.919,0.542,0.457,0.495,0.834,0.643,0.908,0.471,0.638,0.557,0.363,0.536,0.959,0.402,0.335,0.959,0.454,0.365,0.883,0.364,0.224,0.415,0.813,0.448,0.942,0.196,0.813,0.819,0.494,0.585,0.125,0.819,0.44,0.819,0.813,0.541,0.382,0.092,0.37,0.215,0.475,0.224,0.555,0.092,0.37,0.371,0.097,0.336,0.193,0.235,0.217,0.228,0.29,0.324,0.586
0.217,0.217,0.354,0.354,0.775,0.099,0.198,0.161,0.104,0.152,0.161,0.193,0.177,0.775,0.193,0.161,0.177,0.775,0.554,0.177,0.828,0.167,0.828,0.174,0.177,0.198,0.174,0.161,0.161,0.152,0.161,0.167,0.366,0.608,0.658,0.608,0.764,0.658,0.366,0.764,0.702,0.608,0.695,0.807,0.608,0.764,0.367,0.695,0.647,0.695,0.139,0.827,0.91,0.15,0.773,0.15,0.141,0.687,0.687,0.687,0.44,0.773,0.141,0.773,0.91,0.44,0.542,0.645,0.542,0.82,0.82,0.82,0.874,0.862,0.773,0.347,0.936,0.37,0.936,0.936,0.324,0.862,0.929,0.392,0.65,0.929,0.936,0.283,0.364,0.657,0.862,0.765,0.331,0.419,0.841,0.929,0.626,0.841,0.841,0.263,0.829,0.916,0.373,0.829,0.829,0.387,0.288,0.522,0.522,0.535,0.909,0.547,0.913,0.539,0.383,0.621,0.846,0.931,0.874,0.547,0.265,0.883,0.695,0.369,0.475,0.632,0.586,0.838,0.632,0.772,0.349,0.897,0.342,0.904,0.806,0.936,0.772,0.637,0.639,0.936,0.915,0.885,0.119,0.536,0.915,0.735,0.915,0.936,0.133,0.539,0.48,0.517,0.842,0.762,0.949,0.117,0.435,0.51,0.451,0.438,0.462,0.849,0.962,0.912,0.934,0.74,0.755,0.76
0.804,0.804,0.635,0.635,0.969,0.808,0.396,0.472,0.846,0.8,0.472,0.417,0.423,0.969,0.417,0.472,0.423,0.969,0.502,0.423,0.67,0.857,0.67,0.342,0.423,0.396,0.342,0.472,0.38,0.8,0.38,0.857,0.505,0.329,0.289,0.329,0.537,0.289,0.505,0.537,0.39,0.329,0.63,0.211,0.329,0.537,0.385,0.63,0.604,0.63,0.518,0.47,0.458,0.444,0.814,0.444,0.44,0.766,0.766,0.766,0.907,0.814,0.44,0.814,0.458,0.907,0.368,0.674,0.368,0.861,0.861,0.861,0.461,0.984,0.237,0.364,0.346,0.602,0.31,0.346,0.217,0.984,0.944,0.217,0.772,0.944,0.31,0.376,0.243,0.216,0.984,0.258,0.335,0.206,0.772,0.944,0.845,0.772,0.772,0.36,0.635,0.86,0.512,0.635,0.635,0.558,0.353,0.621,0.621,0.607,0.884,0.891,0.258,0.894,0.161,0.176,0.47,0.86,0.258,0.891,0.364,0.259,0.458,0.312,0.244,0.574,0.188,0.771,0.574,0.971,0.289,0.902,0.28,0.876,0.235,0.703,0.712,0.555,0.792,0.703,0.597,0.428,0.215,0.943,0.597,0.273,0.597,0.703,0.221,0.893,0.743,0.685,0.885,0.27,0.917,0.209,0.814,0.721,0.883,0.78,0.867,0.896,0.868,0.916,0.867,0.854,0.899,0.887
0.153,0.153,0.243,0.243,0.686,0.175,0.163,0.363,0.08,0.677,0.363,0.147,0.347,0.686,0.147,0.363,0.347,0.686,0.329,0.347,0.115,0.737,0.115,0.333,0.347,0.163,0.333,0.363,0.339,0.677,0.339,0.737,0.218,0.12,0.093,0.12,0.373,0.093,0.218,0.373,0.382,0.12,0.475,0.831,0.12,0.373,0.326,0.475,0.323,0.475,0.063,0.375,0.923,0.441,0.342,0.441,0.448,0.425,0.425,0.425,0.384,0.342,0.448,0.342,0.923,0.384,0.121,0.2,0.121,0.928,0.928,0.928,0.209,0.589,0.874,0.177,0.954,0.31,0.943,0.954,0.224,0.589,0.976,0.212,0.201,0.976,0.943,0.184,0.202,0.29,0.589,0.867,0.202,0.194,0.939,0.976,0.587,0.939,0.939,0.184,0.94,0.792,0.348,0.94,0.94,0.538,0.145,0.337,0.337,0.424,0.237,0.788,0.145,0.845,0.166,0.333,0.858,0.805,0.145,0.788,0.17,0.144,0.763,0.153,0.142,0.331,0.663,0.805,0.331,0.217,0.168,0.852,0.163,0.206,0.705,0.792,0.833,0.415,0.678,0.792,0.78,0.771,0.138,0.39,0.78,0.596,0.78,0.792,0.114,0.444,0.42,0.405,0.422,0.557,0.514,0.137,0.582,0.399,0.515,0.469,0.535,0.401,0.535,0.508,0.526,0.714,0.697,0.605
0.429,0.429,0.371,0.371,0.812,0.819,0.39,0.599,0.852,0.526,0.599,0.412,0.582,0.812,0.412,0.599,0.582,0.812,0.802,0.582,0.763,0.536,0.763,0.705,0.582,0.39,0.705,0.599,0.721,0.526,0.721,0.536,0.941,0.853,0.742,0.853,0.829,0.742,0.941,0.829,0.842,0.853,0.856,0.611,0.853,0.829,0.855,0.856,0.019,0.856,0.997,0.847,0.493,0.575,0.799,0.575,0.57,0.689,0.689,0.689,0.832,0.799,0.57,0.799,0.493,0.832,0.905,0.018,0.905,0.432,0.432,0.432,0.882,0.735,0.815,0.906,0.271,0.023,0.332,0.271,0.643,0.735,0.435,0.639,0.019,0.435,0.332,0.901,0.701,0.025,0.735,0.806,0.874,0.638,0.567,0.435,0.428,0.567,0.567,0.91,0.626,0.549,0.024,0.626,0.626,0.014,0.58,0.247,0.247,0.247,0.069,0.086,0.384,0.14,0.43,0.023,0.073,0.495,0.405,0.086,0.616,0.372,0.08,0.388,0.521,0.239,0.024,0.658,0.239,0.074,0.469,0.508,0.445,0.08,0.029,0.425,0.726,0.28,0.946,0.425,0.448,0.09,0.108,0.813,0.448,0.033,0.448,0.425,0.111,0.871,0.866,0.697,0.681,0.032,0.428,0.119,0.8,0.716,0.876,0.803,0.841,0.742,0.397,0.532,0.502,0.892,0.9,0.837
0.952,0.952,0.973,0.973,0.205,0.651,0.798,0.655,0.674,0.863,0.655,0.77,0.578,0.205,0.77,0.655,0.578,0.205,0.572,0.578,0.867,0.8,0.867,0.736,0.578,0.798,0.736,0.655,0.792,0.863,0.792,0.8,0.774,0.517,0.672,0.517,0.411,0.672,0.774,0.411,0.474,0.517,0.464,0.433,0.517,0.411,0.601,0.464,0.558,0.464,0.432,0.43,0.13,0.856,0.42,0.856,0.866,0.488,0.488,0.488,0.777,0.42,0.866,0.42,0.13,0.777,0.604,0.631,0.604,0.257,0.257,0.257,0.57,0.186,0.514,0.405,0.199,0.166,0.182,0.199,0.332,0.186,0.221,0.237,0.652,0.221,0.182,0.371,0.333,0.196,0.186,0.52,0.377,0.268,0.74,0.221,0.193,0.74,0.74,0.34,0.642,0.348,0.168,0.642,0.642,0.148,0.329,0.647,0.647,0.617,0.566,0.223,0.153,0.236,0.226,0.195,0.184,0.376,0.164,0.223,0.323,0.163,0.204,0.14,0.232,0.583,0.156,0.111,0.583,0.143,0.156,0.278,0.152,0.505,0.147,0.273,0.151,0.549,0.133,0.273,0.259,0.16,0.234,0.271,0.259,0.174,0.259,0.273,0.233,0.22,0.291,0.239,0.279,0.178,0.254,0.188,0.471,0.268,0.398,0.256,0.403,0.382,0.246,0.392,0.35,0.45,0.565,0.513
0.741,0.741,0.883,0.883,0.958,0.491,0.86,0.663,0.528,0.498,0.663,0.794,0.694,0.958,0.794,0.663,0.694,0.958,0.676,0.694,0.989,0.479,0.989,0.679,0.694,0.86,0.679,0.663,0.652,0.498,0.652,0.479,0.451,0.962,0.968,0.962,0.83,0.968,0.451,0.83,0.179,0.962,0.869,0.434,0.962,0.83,0.745,0.869,0.26,0.869,0.873,0.219,0.712,0.225,0.791,0.225,0.219,0.883,0.883,0.883,0.792,0.791,0.219,0.791,0.712,0.792,0.959,0.224,0.959,0.685,0.685,0.685,0.696,0.948,0.285,0.323,0.477,0.297,0.384,0.477,0.207,0.948,0.884,0.232,0.22,0.884,0.384,0.334,0.242,0.387,0.948,0.369,0.426,0.21,0.249,0.884,0.811,0.249,0.249,0.447,0.173,0.526,0.284,0.173,0.173,0.409,0.453,0.844,0.844,0.845,0.269,0.965,0.861,0.972,0.307,0.359,0.942,0.609,0.867,0.965,0.577,0.86,0.903,0.822,0.285,0.775,0.566,0.934,0.775,0.301,0.946,0.879,0.946,0.259,0.609,0.765,0.933,0.771,0.953,0.765,0.535,0.919,0.089,0.987,0.535,0.405,0.535,0.765,0.089,0.855,0.92,0.88,0.996,0.389,0.992,0.098,0.963,0.859,0.963,0.909,0.916,0.992,0.991,0.993,0.992,0.909,0.953,0.984
0.336,0.336,0.335,0.335,0.967,0.258,0.545,0.557,0.189,0.456,0.557,0.534,0.562,0.967,0.534,0.557,0.562,0.967,0.525,0.562,0.674,0.519,0.674,0.588,0.562,0.545,0.588,0.557,0.608,0.456,0.608,0.519,0.986,0.89,0.876,0.89,0.497,0.876,0.986,0.497,0.169,0.89,0.531,0.966,0.89,0.497,0.497,0.531,0.518,0.531,0.423,0.1,0.984,0.69,0.613,0.69,0.644,0.59,0.59,0.59,0.736,0.613,0.644,0.613,0.984,0.736,0.864,0.796,0.864,0.894,0.894,0.894,0.184,0.501,0.964,0.156,0.548,0.698,0.537,0.548,0.161,0.501,0.993,0.192,0.752,0.993,0.537,0.154,0.182,0.118,0.501,0.971,0.148,0.18,0.577,0.993,0.52,0.577,0.577,0.131,0.571,0.678,0.626,0.571,0.571,0.582,0.221,0.509,0.509,0.557,0.649,0.841,0.083,0.63,0.305,0.098,0.018,0.671,0.098,0.841,0.237,0.087,0.022,0.083,0.282,0.398,0.176,0.914,0.398,0.512,0.076,0.989,0.083,0.547,0.165,0.677,0.921,0.651,0.915,0.677,0.704,0.023,0.233,0.976,0.704,0.155,0.704,0.677,0.256,0.898,0.959,0.871,0.231,0.146,0.169,0.254,0.212,0.871,0.28,0.955,0.264,0.384,0.218,0.212,0.238,0.106,0.119,0.27
0.508,0.508,0.629,0.629,0.357,0.556,0.538,0.347,0.58,0.606,0.347,0.286,0.58,0.357,0.286,0.347,0.58,0.357,0.622,0.58,0.223,0.414,0.223,0.486,0.58,0.538,0.486,0.347,0.41,0.606,0.41,0.414,0.848,0.425,0.478,0.425,0.296,0.478,0.848,0.296,0.2,0.425,0.307,0.333,0.425,0.296,0.623,0.307,0.687,0.307,0.582,0.175,0.173,0.9,0.281,0.9,0.885,0.192,0.192,0.192,0.459,0.281,0.885,0.281,0.173,0.459,0.42,0.621,0.42,0.238,0.238,0.238,0.214,0.284,0.355,0.135,0.145,0.82,0.148,0.145,0.253,0.284,0.256,0.165,0.629,0.256,0.148,0.139,0.254,0.844,0.284,0.338,0.118,0.156,0.193,0.256,0.725,0.193,0.193,0.122,0.191,0.159,0.853,0.191,0.191,0.861,0.135,0.452,0.452,0.325,0.596,0.642,0.831,0.414,0.174,0.858,0.082,0.157,0.834,0.642,0.112,0.835,0.075,0.853,0.213,0.545,0.903,0.104,0.545,0.41,0.872,0.191,0.877,0.608,0.76,0.197,0.082,0.382,0.156,0.197,0.248,0.081,0.584,0.132,0.248,0.73,0.248,0.197,0.6,0.048,0.078,0.052,0.313,0.766,0.281,0.604,0.414,0.051,0.698,0.099,0.712,0.321,0.256,0.28,0.263,0.613,0.634,0.765
0.974,0.974,0.989,0.989,0.745,0.959,0.981,0.913,0.926,0.935,0.913,0.953,0.962,0.745,0.953,0.913,0.962,0.745,0.275,0.962,0.876,0.848,0.876,0.97,0.962,0.981,0.97,0.913,0.898,0.935,0.898,0.848,0.733,0.847,0.916,0.847,0.705,0.916,0.733,0.705,0.447,0.847,0.605,0.632,0.847,0.705,0.383,0.605,0.638,0.605,0.891,0.399,0.368,0.791,0.77,0.791,0.795,0.671,0.671,0.671,0.814,0.77,0.795,0.77,0.368,0.814,0.874,0.474,0.874,0.652,0.652,0.652,0.639,0.676,0.608,0.563,0.437,0.715,0.438,0.437,0.798,0.676,0.695,0.626,0.525,0.695,0.438,0.519,0.721,0.695,0.676,0.607,0.557,0.687,0.633,0.695,0.546,0.633,0.633,0.517,0.716,0.501,0.714,0.716,0.716,0.779,0.464,0.966,0.966,0.779,0.735,0.827,0.466,0.575,0.612,0.706,0.797,0.503,0.563,0.827,0.443,0.529,0.813,0.41,0.709,0.907,0.82,0.95,0.907,0.94,0.499,0.419,0.43,0.774,0.787,0.72,0.961,0.694,0.854,0.72,0.698,0.699,0.282,0.809,0.698,0.774,0.698,0.72,0.29,0.706,0.799,0.771,0.881,0.831,0.952,0.34,0.994,0.809,0.982,0.894,0.989,0.842,0.979,0.96,0.959,0.881,0.931,0.858
0.348,0.348,0.36,0.36,0.769,0.251,0.336,0.345,0.248,0.326,0.345,0.32,0.319,0.769,0.32,0.345,0.319,0.769,0.089,0.319,0.342,0.395,0.342,0.369,0.319,0.336,0.369,0.345,0.447,0.326,0.447,0.395,0.29,0.221,0.3,0.221,0.541,0.3,0.29,0.541,0.686,0.221,0.477,0.187,0.221,0.541,0.13,0.477,0.517,0.477,0.194,0.756,0.815,0.459,0.63,0.459,0.455,0.6,0.6,0.6,0.291,0.63,0.455,0.63,0.815,0.291,0.208,0.5,0.208,0.84,0.84,0.84,0.68,0.933,0.173,0.554,0.795,0.507,0.776,0.795,0.451,0.933,0.924,0.461,0.473,0.924,0.776,0.58,0.528,0.362,0.933,0.183,0.55,0.392,0.832,0.924,0.638,0.832,0.832,0.577,0.822,0.838,0.54,0.822,0.822,0.541,0.566,0.682,0.682,0.616,0.934,0.939,0.785,0.915,0.302,0.401,0.482,0.865,0.804,0.939,0.527,0.773,0.448,0.218,0.433,0.72,0.502,0.391,0.72,0.975,0.267,0.949,0.285,0.978,0.515,0.868,0.381,0.661,0.382,0.868,0.861,0.817,0.031,0.241,0.861,0.397,0.861,0.868,0.03,0.159,0.323,0.175,0.407,0.408,0.472,0.029,0.545,0.175,0.568,0.358,0.54,0.44,0.455,0.494,0.455,0.507,0.473,0.732
0.668,0.668,0.673,0.673,0.411,0.992,0.572,0.527,0.993,0.276,0.527,0.532,0.583,0.411,0.532,0.527,0.583,0.411,0.82,0.583,0.837,0.317,0.837,0.569,0.583,0.572,0.569,0.527,0.506,0.276,0.506,0.317,0.597,0.619,0.646,0.619,0.735,0.646,0.597,0.735,0.47,0.619,0.583,0.104,0.619,0.735,0.795,0.583,0.116,0.583,0.933,0.465,0.176,0.79,0.646,0.79,0.75,0.636,0.636,0.636,0.451,0.646,0.75,0.646,0.176,0.451,0.614,0.145,0.614,0.087,0.087,0.087,0.561,0.504,0.116,0.409,0.408,0.286,0.403,0.408,0.565,0.504,0.316,0.492,0.143,0.316,0.403,0.406,0.553,0.218,0.504,0.138,0.43,0.496,0.155,0.316,0.755,0.155,0.155,0.415,0.14,0.451,0.272,0.14,0.14,0.217,0.3,0.038,0.038,0.043,0.004,0.024,0.303,0.029,0.433,0.205,0.421,0.442,0.37,0.024,0.313,0.355,0.457,0.347,0.5,0.042,0.21,0.436,0.042,0.01,0.381,0.348,0.379,0.003,0.159,0.451,0.422,0.044,0.395,0.451,0.494,0.283,0.268,0.362,0.494,0.233,0.494,0.451,0.279,0.248,0.356,0.278,0.434,0.252,0.429,0.292,0.699,0.269,0.399,0.375,0.4,0.4,0.453,0.388,0.4,0.666,0.619,0.942
0.434,0.434,0.626,0.626,0.708,0.833,0.443,0.238,0.834,0.376,0.238,0.252,0.463,0.708,0.252,0.238,0.463,0.708,0.359,0.463,0.549,0.243,0.549,0.478,0.463,0.443,0.478,0.238,0.253,0.376,0.253,0.243,0.819,0.305,0.388,0.305,0.873,0.388,0.819,0.873,0.15,0.305,0.803,0.345,0.305,0.873,0.253,0.803,0.552,0.803,0.692,0.169,0.473,0.945,0.951,0.945,0.946,0.919,0.919,0.919,0.294,0.951,0.946,0.951,0.473,0.294,0.29,0.417,0.29,0.436,0.436,0.436,0.251,0.611,0.32,0.182,0.801,0.165,0.8,0.801,0.201,0.611,0.772,0.258,0.45,0.772,0.8,0.174,0.212,0.205,0.611,0.322,0.19,0.266,0.416,0.772,0.36,0.416,0.416,0.175,0.43,0.591,0.187,0.43,0.43,0.167,0.196,0.098,0.098,0.101,0.175,0.129,0.327,0.152,0.245,0.219,0.387,0.597,0.324,0.129,0.195,0.33,0.426,0.276,0.294,0.111,0.237,0.021,0.111,0.068,0.283,0.628,0.286,0.178,0.302,0.863,0.021,0.115,0.031,0.863,0.807,0.406,0.424,0.155,0.807,0.302,0.807,0.863,0.437,0.092,0.107,0.065,0.078,0.273,0.146,0.453,0.2,0.084,0.452,0.101,0.376,0.1,0.151,0.129,0.123,0.276,0.396,0.301
0.953,0.953,0.964,0.964,0.959,0.161,0.582,0.602,0.174,0.347,0.602,0.712,0.492,0.959,0.712,0.602,0.492,0.959,0.58,0.492,0.959,0.439,0.959,0.47,0.492,0.582,0.47,0.602,0.564,0.347,0.564,0.439,0.762,0.514,0.607,0.514,0.941,0.607,0.762,0.941,0.616,0.514,0.937,0.399,0.514,0.941,0.532,0.937,0.257,0.937,0.157,0.486,0.862,0.541,0.853,0.541,0.502,0.776,0.776,0.776,0.702,0.853,0.502,0.853,0.862,0.702,0.512,0.173,0.512,0.79,0.79,0.79,0.518,0.943,0.443,0.436,0.639,0.147,0.671,0.639,0.589,0.943,0.897,0.381,0.19,0.897,0.671,0.448,0.588,0.213,0.943,0.434,0.511,0.371,0.702,0.897,0.574,0.702,0.702,0.493,0.798,0.734,0.178,0.798,0.798,0.335,0.457,0.191,0.191,0.158,0.058,0.046,0.354,0.047,0.403,0.214,0.556,0.551,0.33,0.046,0.421,0.342,0.531,0.124,0.588,0.109,0.345,0.253,0.109,0.035,0.154,0.886,0.167,0.059,0.273,0.874,0.542,0.082,0.158,0.874,0.852,0.594,0.004,0.617,0.852,0.131,0.852,0.874,0.003,0.483,0.604,0.511,0.273,0.283,0.572,0.004,0.882,0.523,0.947,0.707,0.923,0.403,0.399,0.743,0.741,0.599,0.806,0.353
0.907,0.907,0.804,0.804,0.153,0.993,0.848,0.893,0.994,0.726,0.893,0.912,0.843,0.153,0.912,0.893,0.843,0.153,0.026,0.843,0.884,0.757,0.884,0.793,0.843,0.848,0.793,0.893,0.848,0.726,0.848,0.757,0.96,0.804,0.82,0.804,0.473,0.82,0.96,0.473,0.803,0.804,0.54,0.633,0.804,0.473,0.07,0.54,0.851,0.54,0.936,0.802,0.267,0.772,0.422,0.772,0.771,0.619,0.619,0.619,0.791,0.422,0.771,0.422,0.267,0.791,0.813,0.622,0.813,0.222,0.222,0.222,0.757,0.213,0.375,0.668,0.377,0.281,0.408,0.377,0.794,0.213,0.387,0.768,0.627,0.387,0.408,0.681,0.798,0.405,0.213,0.368,0.634,0.782,0.26,0.387,0.068,0.26,0.26,0.668,0.314,0.48,0.298,0.314,0.314,0.162,0.486,0.807,0.807,0.736,0.551,0.363,0.548,0.299,0.559,0.379,0.497,0.454,0.549,0.363,0.411,0.536,0.523,0.767,0.632,0.556,0.213,0.594,0.556,0.415,0.715,0.309,0.718,0.555,0.255,0.547,0.543,0.475,0.43,0.547,0.59,0.512,0.635,0.257,0.59,0.375,0.59,0.547,0.604,0.171,0.302,0.132,0.593,0.355,0.723,0.837,0.805,0.174,0.943,0.339,0.935,0.592,0.781,0.656,0.714,0.929,0.87,0.696
0.494,0.494,0.367,0.367,0.207,0.186,0.382,0.461,0.156,0.213,0.461,0.497,0.356,0.207,0.497,0.461,0.356,0.207,0.324,0.356,0.222,0.273,0.222,0.368,0.356,0.382,0.368,0.461,0.452,0.213,0.452,0.273,0.107,0.225,0.278,0.225,0.118,0.278,0.107,0.118,0.515,0.225,0.107,0.87,0.225,0.118,0.261,0.107,0.99,0.107,0.081,0.464,0.07,0.182,0.167,0.182,0.192,0.144,0.144,0.144,0.187,0.167,0.192,0.167,0.07,0.187,0.249,0.997,0.249,0.053,0.053,0.053,0.315,0.233,0.906,0.342,0.034,0.989,0.033,0.034,0.423,0.233,0.082,0.39,0.996,0.082,0.033,0.343,0.476,0.996,0.233,0.89,0.387,0.385,0.047,0.082,0.385,0.047,0.047,0.372,0.041,0.04,0.987,0.041,0.041,0.984,0.237,0.512,0.512,0.511,0.278,0.453,0.638,0.522,0.289,0.998,0.613,0.048,0.576,0.453,0.276,0.584,0.635,0.682,0.208,0.604,0.986,0.07,0.604,0.212,0.714,0.066,0.739,0.368,0.207,0.05,0.057,0.599,0.029,0.05,0.051,0.581,0.888,0.488,0.051,0.189,0.051,0.05,0.888,0.606,0.577,0.721,0.128,0.186,0.315,0.918,0.061,0.733,0.263,0.497,0.265,0.099,0.403,0.446,0.437,0.432,0.423,0.12
0.155,0.155,0.153,0.153,0.798,0.543,0.029,0.089,0.472,0.159,0.089,0.028,0.078,0.798,0.028,0.089,0.078,0.798,0.564,0.078,0.151,0.19,0.151,0.092,0.078,0.029,0.092,0.089,0.107,0.159,0.107,0.19,0.263,0.09,0.039,0.09,0.668,0.039,0.263,0.668,0.977,0.09,0.693,0.448,0.09,0.668,0.48,0.693,0.661,0.693,0.46,0.974,0.868,0.319,0.832,0.319,0.324,0.819,0.819,0.819,0.159,0.832,0.324,0.832,0.868,0.159,0.106,0.632,0.106,0.851,0.851,0.851,0.964,0.645,0.46,0.971,0.939,0.722,0.909,0.939,0.987,0.645,0.759,0.964,0.621,0.759,0.909,0.967,0.984,0.766,0.645,0.457,0.973,0.968,0.909,0.759,0.86,0.909,0.909,0.972,0.891,0.707,0.686,0.891,0.891,0.721,0.987,0.219,0.219,0.232,0.461,0.529,0.968,0.384,0.987,0.792,0.833,0.706,0.945,0.529,0.985,0.973,0.91,0.989,0.978,0.154,0.711,0.331,0.154,0.692,0.919,0.672,0.93,0.37,0.338,0.827,0.352,0.202,0.231,0.827,0.847,0.7,0.995,0.108,0.847,0.595,0.847,0.827,0.993,0.074,0.229,0.117,0.046,0.62,0.084,0.992,0.452,0.098,0.023,0.22,0.017,0.048,0.079,0.081,0.084,0.062,0.076,0.367
0.988,0.988,0.974,0.974,0.575,0.685,0.836,0.932,0.685,0.987,0.932,0.875,0.904,0.575,0.875,0.932,0.904,0.575,0.442,0.904,0.934,0.991,0.934,0.918,0.904,0.836,0.918,0.932,0.93,0.987,0.93,0.991,0.989,0.903,0.88,0.903,0.601,0.88,0.989,0.601,0.206,0.903,0.486,0.102,0.903,0.601,0.429,0.486,0.18,0.486,0.667,0.158,0.673,0.935,0.843,0.935,0.918,0.716,0.716,0.716,0.998,0.843,0.918,0.843,0.673,0.998,0.954,0.141,0.954,0.598,0.598,0.598,0.169,0.369,0.043,0.489,0.622,0.319,0.664,0.622,0.706,0.369,0.527,0.466,0.156,0.527,0.664,0.487,0.712,0.35,0.369,0.049,0.483,0.477,0.758,0.527,0.292,0.758,0.758,0.483,0.78,0.801,0.241,0.78,0.78,0.252,0.482,0.265,0.265,0.257,0.694,0.309,0.178,0.335,0.379,0.271,0.031,0.749,0.12,0.309,0.478,0.131,0.031,0.229,0.473,0.282,0.316,0.823,0.282,0.548,0.226,0.671,0.222,0.682,0.037,0.568,0.798,0.274,0.802,0.568,0.608,0.032,0.036,0.791,0.608,0.024,0.608,0.568,0.037,0.864,0.818,0.909,0.52,0.024,0.64,0.03,0.577,0.898,0.631,0.811,0.646,0.497,0.637,0.628,0.594,0.882,0.901,0.633
0.114,0.114,0.065,0.065,0.539,0.878,0.092,0.075,0.882,0.039,0.075,0.109,0.074,0.539,0.109,0.075,0.074,0.539,0.771,0.074,0.127,0.059,0.127,0.073,0.074,0.092,0.073,0.075,0.079,0.039,0.079,0.059,0.047,0.121,0.116,0.121,0.52,0.116,0.047,0.52,0.544,0.121,0.488,0.162,0.121,0.52,0.682,0.488,0.565,0.488,0.884,0.433,0.324,0.04,0.394,0.04,0.045,0.406,0.406,0.406,0.084,0.394,0.045,0.394,0.324,0.084,0.12,0.751,0.12,0.475,0.475,0.475,0.701,0.51,0.296,0.726,0.216,0.888,0.198,0.216,0.704,0.51,0.381,0.75,0.851,0.381,0.198,0.75,0.626,0.823,0.51,0.295,0.741,0.759,0.337,0.381,0.726,0.337,0.337,0.77,0.324,0.27,0.918,0.324,0.324,0.692,0.85,0.331,0.331,0.301,0.293,0.396,0.456,0.422,0.838,0.9,0.667,0.246,0.495,0.396,0.855,0.488,0.652,0.697,0.8,0.396,0.794,0.113,0.396,0.284,0.693,0.467,0.688,0.269,0.591,0.298,0.128,0.341,0.166,0.298,0.293,0.877,0.469,0.084,0.293,0.734,0.293,0.298,0.53,0.632,0.122,0.655,0.188,0.757,0.182,0.37,0.124,0.591,0.178,0.114,0.204,0.164,0.109,0.115,0.074,0.017,0.022,0.038
0.9,0.9,0.885,0.885,0.035,0.802,0.589,0.67,0.803,0.755,0.67,0.583,0.643,0.035,0.583,0.67,0.643,0.035,0.775,0.643,0.902,0.769,0.902,0.653,0.643,0.589,0.653,0.67,0.681,0.755,0.681,0.769,0.864,0.66,0.777,0.66,0.395,0.777,0.864,0.395,0.956,0.66,0.363,0.536,0.66,0.395,0.778,0.363,0.862,0.363,0.897,0.949,0.042,0.604,0.336,0.604,0.601,0.264,0.264,0.264,0.982,0.336,0.601,0.336,0.042,0.982,0.718,0.617,0.718,0.057,0.057,0.057,0.975,0.01,0.563,0.97,0.126,0.986,0.145,0.126,0.9,0.01,0.062,0.986,0.616,0.062,0.145,0.974,0.953,0.998,0.01,0.577,0.962,0.979,0.056,0.062,0.202,0.056,0.056,0.968,0.059,0.174,0.99,0.059,0.059,0.879,0.945,0.445,0.445,0.356,0.772,0.254,0.685,0.246,0.964,0.993,0.939,0.159,0.659,0.254,0.933,0.647,0.953,0.592,0.982,0.524,0.891,0.291,0.524,0.449,0.616,0.085,0.563,0.81,0.752,0.153,0.253,0.527,0.214,0.153,0.148,0.758,0.843,0.419,0.148,0.846,0.148,0.153,0.858,0.291,0.494,0.439,0.508,0.843,0.554,0.828,0.638,0.414,0.664,0.439,0.634,0.492,0.56,0.549,0.548,0.717,0.722,0.694
0.334,0.334,0.276,0.276,0.714,0.349,0.239,0.716,0.384,0.531,0.716,0.256,0.687,0.714,0.256,0.716,0.687,0.714,0.625,0.687,0.255,0.533,0.255,0.703,0.687,0.239,0.703,0.716,0.697,0.531,0.697,0.533,0.217,0.542,0.242,0.542,0.679,0.242,0.217,0.679,0.939,0.542,0.801,0.98,0.542,0.679,0.572,0.801,0.997,0.801,0.364,0.96,0.721,0.254,0.816,0.254,0.267,0.874,0.874,0.874,0.436,0.816,0.267,0.816,0.721,0.436,0.554,1.0,0.554,0.653,0.653,0.653,0.898,0.8,0.956,0.936,0.894,0.459,0.844,0.894,0.975,0.8,0.66,0.956,0.999,0.66,0.844,0.927,0.946,0.493,0.8,0.939,0.924,0.948,0.636,0.66,0.3,0.636,0.636,0.917,0.523,0.804,0.46,0.523,0.523,0.569,0.895,0.867,0.867,0.924,0.837,0.865,0.863,0.771,0.948,0.511,0.609,0.803,0.817,0.865,0.886,0.903,0.561,0.793,0.928,0.82,0.488,0.54,0.82,0.956,0.728,0.53,0.726,0.882,0.599,0.929,0.584,0.94,0.391,0.929,0.879,0.74,0.804,0.592,0.879,0.433,0.879,0.929,0.732,0.8,0.725,0.653,0.105,0.444,0.081,0.67,0.447,0.675,0.089,0.701,0.094,0.161,0.121,0.076,0.122,0.349,0.366,0.391
0.849,0.849,0.85,0.85,0.122,0.224,0.861,0.811,0.229,0.774,0.811,0.872,0.829,0.122,0.872,0.811,0.829,0.122,0.939,0.829,0.688,0.729,0.688,0.921,0.829,0.861,0.921,0.811,0.873,0.774,0.873,0.729,0.919,0.777,0.815,0.777,0.491,0.815,0.919,0.491,0.269,0.777,0.356,0.623,0.777,0.491,0.879,0.356,0.04,0.356,0.229,0.294,0.448,0.984,0.549,0.984,0.979,0.442,0.442,0.442,0.69,0.549,0.979,0.549,0.448,0.69,0.807,0.06,0.807,0.371,0.371,0.371,0.278,0.154,0.508,0.526,0.529,0.053,0.64,0.529,0.632,0.154,0.104,0.523,0.051,0.104,0.64,0.529,0.666,0.072,0.154,0.539,0.558,0.517,0.392,0.104,0.363,0.392,0.392,0.508,0.474,0.443,0.046,0.474,0.474,0.042,0.628,0.407,0.407,0.645,0.724,0.738,0.322,0.836,0.598,0.068,0.217,0.348,0.263,0.738,0.612,0.254,0.212,0.357,0.577,0.444,0.048,0.217,0.444,0.899,0.335,0.293,0.329,0.595,0.067,0.123,0.213,0.624,0.106,0.123,0.169,0.139,0.386,0.916,0.169,0.087,0.169,0.123,0.329,0.957,0.896,0.906,0.469,0.083,0.346,0.825,0.538,0.95,0.472,0.944,0.473,0.439,0.379,0.262,0.296,0.353,0.283,0.592
0.762,0.762,0.769,0.769,0.386,0.464,0.701,0.591,0.51,0.528,0.591,0.756,0.557,0.386,0.756,0.591,0.557,0.386,0.588,0.557,0.619,0.559,0.619,0.564,0.557,0.701,0.564,0.591,0.545,0.528,0.545,0.559,0.517,0.549,0.586,0.549,0.157,0.586,0.517,0.157,0.773,0.549,0.099,0.39,0.549,0.157,0.626,0.099,0.313,0.099,0.356,0.761,0.246,0.805,0.421,0.805,0.82,0.33,0.33,0.33,0.507,0.421,0.82,0.421,0.246,0.507,0.511,0.262,0.511,0.287,0.287,0.287,0.47,0.227,0.372,0.983,0.296,0.389,0.424,0.296,0.993,0.227,0.219,0.994,0.257,0.219,0.424,0.991,0.997,0.418,0.227,0.362,0.989,0.992,0.301,0.219,0.76,0.301,0.301,0.996,0.357,0.119,0.372,0.357,0.357,0.484,1.0,0.198,0.198,0.205,0.62,0.286,0.998,0.294,1.0,0.419,0.172,0.148,0.973,0.286,1.0,0.974,0.233,0.996,0.998,0.233,0.532,0.447,0.233,0.725,0.945,0.105,0.961,0.613,0.44,0.365,0.52,0.237,0.456,0.365,0.432,0.764,0.78,0.817,0.432,0.341,0.432,0.365,0.789,0.877,0.857,0.867,0.46,0.341,0.375,0.805,0.121,0.886,0.103,0.899,0.093,0.421,0.374,0.519,0.508,0.045,0.047,0.047
0.65,0.65,0.814,0.814,0.051,0.166,0.76,0.547,0.21,0.6,0.547,0.645,0.646,0.051,0.645,0.547,0.646,0.051,0.035,0.646,0.846,0.614,0.846,0.568,0.646,0.76,0.568,0.547,0.473,0.6,0.473,0.614,0.828,0.69,0.793,0.69,0.031,0.793,0.828,0.031,0.572,0.69,0.038,0.268,0.69,0.031,0.044,0.038,0.147,0.038,0.144,0.549,0.312,0.584,0.091,0.584,0.555,0.092,0.092,0.092,0.685,0.091,0.555,0.091,0.312,0.685,0.635,0.223,0.635,0.469,0.469,0.469,0.384,0.015,0.314,0.414,0.504,0.065,0.584,0.504,0.363,0.015,0.151,0.427,0.233,0.151,0.584,0.391,0.378,0.08,0.015,0.316,0.435,0.459,0.697,0.151,0.046,0.697,0.697,0.404,0.703,0.309,0.1,0.703,0.703,0.044,0.272,0.159,0.159,0.15,0.136,0.059,0.447,0.092,0.351,0.116,0.352,0.248,0.411,0.059,0.293,0.406,0.289,0.607,0.392,0.133,0.066,0.657,0.133,0.125,0.683,0.15,0.634,0.11,0.074,0.265,0.601,0.127,0.656,0.265,0.327,0.328,0.365,0.259,0.327,0.074,0.327,0.265,0.393,0.267,0.248,0.248,0.79,0.102,0.833,0.399,0.858,0.285,0.967,0.233,0.964,0.811,0.758,0.771,0.716,0.872,0.881,0.82
0.337,0.337,0.296,0.296,0.697,0.591,0.57,0.796,0.585,0.45,0.796,0.577,0.662,0.697,0.577,0.796,0.662,0.697,0.322,0.662,0.434,0.476,0.434,0.597,0.662,0.57,0.597,0.796,0.692,0.45,0.692,0.476,0.549,0.825,0.522,0.825,0.406,0.522,0.549,0.406,0.876,0.825,0.322,0.926,0.825,0.406,0.26,0.322,0.942,0.322,0.686,0.74,0.325,0.489,0.449,0.489,0.495,0.265,0.265,0.265,0.632,0.449,0.495,0.449,0.325,0.632,0.778,0.948,0.778,0.358,0.358,0.358,0.932,0.657,0.96,0.946,0.12,0.94,0.178,0.12,0.986,0.657,0.27,0.979,0.945,0.27,0.178,0.945,0.987,0.975,0.657,0.961,0.953,0.978,0.201,0.27,0.274,0.201,0.201,0.95,0.183,0.152,0.952,0.183,0.183,0.979,0.983,0.196,0.196,0.181,0.356,0.544,0.894,0.707,0.993,0.975,0.268,0.139,0.896,0.544,0.929,0.891,0.283,0.785,0.993,0.29,0.993,0.952,0.29,0.496,0.888,0.399,0.878,0.366,0.977,0.092,0.942,0.236,0.974,0.092,0.166,0.37,0.814,0.868,0.166,0.963,0.166,0.092,0.827,0.664,0.877,0.548,0.971,0.947,0.892,0.8,0.967,0.64,0.895,0.814,0.89,0.971,0.899,0.865,0.876,0.786,0.741,0.969
0.948,0.948,0.859,0.859,0.802,0.857,0.868,0.972,0.91,0.979,0.972,0.972,0.898,0.802,0.972,0.972,0.898,0.802,0.144,0.898,0.762,0.972,0.762,0.917,0.898,0.868,0.917,0.972,0.958,0.979,0.958,0.972,0.717,0.84,0.879,0.84,0.43,0.879,0.717,0.43,0.97,0.84,0.318,0.994,0.84,0.43,0.101,0.318,0.506,0.318,0.937,0.97,0.85,0.747,0.653,0.747,0.728,0.534,0.534,0.534,0.972,0.653,0.728,0.653,0.85,0.972,0.84,0.722,0.84,0.749,0.749,0.749,0.816,0.77,0.974,0.976,0.94,0.375,0.887,0.94,0.994,0.77,0.842,0.98,0.792,0.842,0.887,0.981,0.993,0.469,0.77,0.953,0.969,0.961,0.845,0.842,0.499,0.845,0.845,0.979,0.826,0.964,0.41,0.826,0.826,0.208,0.938,0.561,0.561,0.467,0.381,0.987,0.579,0.993,0.923,0.48,0.579,0.951,0.595,0.987,0.938,0.583,0.6,0.85,0.974,0.729,0.29,0.536,0.729,0.356,0.812,0.814,0.825,0.406,0.355,0.954,0.527,0.61,0.526,0.954,0.972,0.388,0.359,0.354,0.972,0.426,0.972,0.954,0.346,0.313,0.428,0.337,0.362,0.449,0.349,0.33,0.543,0.283,0.612,0.495,0.613,0.327,0.377,0.349,0.37,0.784,0.793,0.377
0.284,0.284,0.26,0.26,0.634,0.946,0.273,0.435,0.918,0.585,0.435,0.255,0.45,0.634,0.255,0.435,0.45,0.634,0.6,0.45,0.311,0.422,0.311,0.411,0.45,0.273,0.411,0.435,0.335,0.585,0.335,0.422,0.797,0.459,0.316,0.459,0.788,0.316,0.797,0.788,0.629,0.459,0.841,0.823,0.459,0.788,0.894,0.841,0.749,0.841,0.935,0.526,0.634,0.297,0.605,0.297,0.281,0.698,0.698,0.698,0.427,0.605,0.281,0.605,0.634,0.427,0.37,0.78,0.37,0.543,0.543,0.543,0.487,0.784,0.729,0.422,0.518,0.682,0.534,0.518,0.452,0.784,0.448,0.471,0.799,0.448,0.534,0.392,0.457,0.428,0.784,0.677,0.41,0.498,0.724,0.448,0.694,0.724,0.724,0.386,0.77,0.54,0.691,0.77,0.77,0.843,0.425,0.961,0.961,0.948,0.997,0.799,0.154,0.881,0.507,0.403,0.167,0.552,0.174,0.799,0.437,0.184,0.182,0.195,0.48,0.922,0.628,0.969,0.922,0.87,0.205,0.547,0.203,0.998,0.84,0.433,0.901,0.888,0.935,0.433,0.415,0.359,0.97,0.858,0.415,0.434,0.415,0.433,0.973,0.799,0.872,0.827,0.698,0.422,0.805,0.908,0.311,0.826,0.421,0.973,0.502,0.784,0.881,0.81,0.875,0.663,0.631,0.243
0.317,0.317,0.353,0.353,0.467,0.476,0.324,0.362,0.481,0.51,0.362,0.323,0.378,0.467,0.323,0.362,0.378,0.467,0.565,0.378,0.358,0.454,0.358,0.36,0.378,0.324,0.36,0.362,0.336,0.51,0.336,0.454,0.607,0.344,0.314,0.344,0.743,0.314,0.607,0.743,0.627,0.344,0.735,0.127,0.344,0.743,0.615,0.735,0.137,0.735,0.625,0.667,0.18,0.451,0.713,0.451,0.435,0.685,0.685,0.685,0.622,0.713,0.435,0.713,0.18,0.622,0.346,0.096,0.346,0.168,0.168,0.168,0.885,0.533,0.156,0.864,0.272,0.298,0.193,0.272,0.475,0.533,0.251,0.527,0.06,0.251,0.193,0.862,0.501,0.353,0.533,0.135,0.875,0.532,0.251,0.251,0.48,0.251,0.251,0.845,0.201,0.33,0.271,0.201,0.201,0.325,0.631,0.855,0.855,0.891,0.822,0.885,0.41,0.861,0.4,0.353,0.573,0.312,0.446,0.885,0.595,0.439,0.586,0.51,0.45,0.861,0.381,0.299,0.861,0.683,0.471,0.233,0.469,0.86,0.421,0.454,0.285,0.887,0.353,0.454,0.48,0.621,0.068,0.253,0.48,0.37,0.48,0.454,0.079,0.255,0.209,0.229,0.487,0.371,0.424,0.099,0.546,0.234,0.463,0.222,0.477,0.429,0.466,0.383,0.438,0.329,0.288,0.488
0.092,0.092,0.059,0.059,0.53,0.622,0.064,0.04,0.676,0.048,0.04,0.062,0.036,0.53,0.062,0.04,0.036,0.53,0.105,0.036,0.131,0.068,0.131,0.045,0.036,0.064,0.045,0.04,0.048,0.048,0.048,0.068,0.194,0.084,0.106,0.084,0.11,0.106,0.194,0.11,0.622,0.084,0.326,0.458,0.084,0.11,0.182,0.326,0.548,0.326,0.697,0.605,0.89,0.169,0.099,0.169,0.166,0.312,0.312,0.312,0.095,0.099,0.166,0.099,0.89,0.095,0.107,0.284,0.107,0.886,0.886,0.886,0.821,0.664,0.378,0.615,0.907,0.569,0.755,0.907,0.662,0.664,0.854,0.592,0.3,0.854,0.755,0.542,0.525,0.644,0.664,0.403,0.599,0.669,0.815,0.854,0.392,0.815,0.815,0.523,0.787,0.906,0.517,0.787,0.787,0.588,0.68,0.502,0.502,0.384,0.869,0.689,0.345,0.65,0.712,0.479,0.628,0.937,0.34,0.689,0.651,0.336,0.742,0.416,0.683,0.579,0.641,0.212,0.579,0.894,0.413,0.936,0.429,0.897,0.67,0.877,0.25,0.453,0.25,0.877,0.764,0.823,0.072,0.5,0.764,0.676,0.764,0.877,0.07,0.343,0.518,0.352,0.497,0.519,0.632,0.05,0.73,0.388,0.818,0.602,0.842,0.519,0.564,0.527,0.51,0.603,0.618,0.682
0.771,0.771,0.82,0.82,0.6,0.415,0.793,0.715,0.453,0.745,0.715,0.828,0.73,0.6,0.828,0.715,0.73,0.6,0.976,0.73,0.954,0.68,0.954,0.717,0.73,0.793,0.717,0.715,0.698,0.745,0.698,0.68,0.928,0.923,0.93,0.923,0.814,0.93,0.928,0.814,0.952,0.923,0.679,0.155,0.923,0.814,0.903,0.679,0.649,0.679,0.652,0.956,0.776,0.919,0.786,0.919,0.893,0.608,0.608,0.608,0.906,0.786,0.893,0.786,0.776,0.906,0.915,0.321,0.915,0.655,0.655,0.655,0.836,0.535,0.115,0.689,0.589,0.833,0.495,0.589,0.742,0.535,0.892,0.778,0.283,0.892,0.495,0.721,0.796,0.712,0.535,0.11,0.727,0.742,0.528,0.892,0.511,0.528,0.528,0.785,0.438,0.356,0.788,0.438,0.438,0.808,0.719,0.957,0.957,0.939,0.744,0.702,0.362,0.868,0.789,0.677,0.829,0.446,0.364,0.702,0.758,0.371,0.672,0.386,0.689,0.973,0.894,0.004,0.973,0.552,0.407,0.752,0.44,0.675,0.876,0.323,0.02,0.948,0.009,0.323,0.297,0.886,0.968,0.992,0.297,0.778,0.297,0.323,0.967,0.993,0.994,0.993,0.045,0.728,0.054,0.956,0.244,0.997,0.293,0.991,0.301,0.075,0.057,0.086,0.106,0.372,0.487,0.329
0.042,0.042,0.036,0.036,0.169,0.947,0.028,0.027,0.951,0.026,0.027,0.03,0.026,0.169,0.03,0.027,0.026,0.169,0.747,0.026,0.027,0.028,0.027,0.029,0.026,0.028,0.029,0.027,0.03,0.026,0.03,0.028,0.024,0.021,0.024,0.021,0.196,0.024,0.024,0.196,0.533,0.021,0.292,0.243,0.021,0.196,0.732,0.292,0.295,0.292,0.971,0.643,0.036,0.042,0.325,0.042,0.047,0.333,0.333,0.333,0.018,0.325,0.047,0.325,0.036,0.018,0.019,0.482,0.019,0.212,0.212,0.212,0.481,0.13,0.266,0.341,0.026,0.35,0.04,0.026,0.337,0.13,0.075,0.341,0.477,0.075,0.04,0.333,0.338,0.462,0.13,0.302,0.319,0.341,0.241,0.075,0.369,0.241,0.241,0.322,0.363,0.059,0.353,0.363,0.363,0.278,0.351,0.011,0.011,0.009,0.014,0.02,0.114,0.024,0.427,0.466,0.115,0.04,0.118,0.02,0.374,0.118,0.121,0.166,0.145,0.015,0.247,0.89,0.015,0.032,0.229,0.073,0.234,0.013,0.371,0.051,0.809,0.017,0.8,0.051,0.054,0.091,0.369,0.584,0.054,0.504,0.054,0.051,0.392,0.637,0.603,0.745,0.532,0.523,0.628,0.341,0.787,0.761,0.58,0.681,0.592,0.572,0.619,0.474,0.483,0.679,0.524,0.666
0.048,0.048,0.027,0.027,0.574,0.103,0.027,0.127,0.075,0.251,0.127,0.034,0.108,0.574,0.034,0.127,0.108,0.574,0.542,0.108,0.236,0.24,0.236,0.111,0.108,0.027,0.111,0.127,0.105,0.251,0.105,0.24,0.439,0.469,0.142,0.469,0.398,0.142,0.439,0.398,0.14,0.469,0.74,0.317,0.469,0.398,0.418,0.74,0.148,0.74,0.365,0.157,0.774,0.162,0.401,0.162,0.148,0.668,0.668,0.668,0.676,0.401,0.148,0.401,0.774,0.676,0.426,0.243,0.426,0.609,0.609,0.609,0.32,0.751,0.494,0.052,0.692,0.411,0.568,0.692,0.117,0.751,0.762,0.101,0.222,0.762,0.568,0.071,0.1,0.256,0.751,0.497,0.053,0.083,0.576,0.762,0.275,0.576,0.576,0.072,0.502,0.629,0.391,0.502,0.502,0.343,0.212,0.771,0.771,0.8,0.814,0.649,0.554,0.597,0.201,0.24,0.552,0.724,0.633,0.649,0.218,0.634,0.613,0.302,0.262,0.813,0.37,0.507,0.813,0.882,0.295,0.827,0.311,0.819,0.333,0.428,0.417,0.841,0.319,0.428,0.43,0.473,0.693,0.235,0.43,0.199,0.43,0.428,0.748,0.423,0.534,0.465,0.213,0.183,0.239,0.559,0.564,0.482,0.225,0.502,0.234,0.23,0.275,0.238,0.24,0.495,0.411,0.539
0.345,0.345,0.306,0.306,0.352,0.5,0.174,0.529,0.458,0.292,0.529,0.14,0.48,0.352,0.14,0.529,0.48,0.352,0.34,0.48,0.234,0.33,0.234,0.528,0.48,0.174,0.528,0.529,0.519,0.292,0.519,0.33,0.42,0.429,0.094,0.429,0.375,0.094,0.42,0.375,0.567,0.429,0.451,0.917,0.429,0.375,0.302,0.451,0.983,0.451,0.685,0.684,0.061,0.234,0.351,0.234,0.203,0.357,0.357,0.357,0.301,0.351,0.203,0.351,0.061,0.301,0.433,0.976,0.433,0.022,0.022,0.022,0.663,0.361,0.935,0.548,0.215,0.824,0.104,0.215,0.599,0.361,0.109,0.515,0.978,0.109,0.104,0.552,0.629,0.83,0.361,0.951,0.527,0.521,0.049,0.109,0.115,0.049,0.049,0.541,0.044,0.043,0.882,0.044,0.044,0.801,0.626,0.659,0.659,0.701,0.927,0.436,0.854,0.488,0.636,0.91,0.566,0.046,0.857,0.436,0.598,0.845,0.584,0.799,0.661,0.676,0.908,0.545,0.676,0.409,0.797,0.125,0.806,0.919,0.903,0.202,0.589,0.704,0.275,0.202,0.234,0.588,0.841,0.566,0.234,0.889,0.234,0.202,0.847,0.48,0.563,0.485,0.039,0.948,0.041,0.79,0.182,0.476,0.145,0.579,0.16,0.038,0.039,0.053,0.043,0.465,0.439,0.19
0.566,0.566,0.613,0.613,0.21,0.963,0.594,0.332,0.936,0.373,0.332,0.448,0.406,0.21,0.448,0.332,0.406,0.21,0.094,0.406,0.547,0.27,0.547,0.393,0.406,0.594,0.393,0.332,0.254,0.373,0.254,0.27,0.721,0.61,0.609,0.61,0.384,0.609,0.721,0.384,0.421,0.61,0.744,0.439,0.61,0.384,0.108,0.744,0.529,0.744,0.993,0.424,0.452,0.709,0.361,0.709,0.66,0.715,0.715,0.715,0.448,0.361,0.66,0.361,0.452,0.448,0.506,0.445,0.506,0.435,0.435,0.435,0.446,0.26,0.445,0.332,0.451,0.117,0.444,0.451,0.456,0.26,0.286,0.37,0.551,0.286,0.444,0.306,0.434,0.155,0.26,0.555,0.333,0.378,0.457,0.286,0.066,0.457,0.457,0.28,0.459,0.418,0.153,0.459,0.459,0.151,0.321,0.823,0.823,0.526,0.242,0.294,0.334,0.282,0.444,0.197,0.36,0.414,0.413,0.294,0.31,0.431,0.363,0.342,0.419,0.45,0.235,0.124,0.45,0.209,0.402,0.443,0.426,0.135,0.186,0.267,0.113,0.254,0.139,0.267,0.325,0.52,0.632,0.052,0.325,0.097,0.325,0.267,0.69,0.052,0.069,0.063,0.486,0.139,0.368,0.746,0.43,0.066,0.513,0.072,0.492,0.45,0.414,0.373,0.42,0.2,0.206,0.112
0.746,0.746,0.765,0.765,0.064,0.951,0.591,0.492,0.96,0.412,0.492,0.579,0.465,0.064,0.579,0.492,0.465,0.064,0.452,0.465,0.903,0.455,0.903,0.542,0.465,0.591,0.542,0.492,0.568,0.412,0.568,0.455,0.978,0.8,0.834,0.8,0.079,0.834,0.978,0.079,0.706,0.8,0.078,0.289,0.8,0.079,0.501,0.078,0.727,0.078,0.964,0.716,0.057,0.982,0.074,0.982,0.982,0.069,0.069,0.069,0.642,0.074,0.982,0.074,0.057,0.642,0.85,0.503,0.85,0.119,0.119,0.119,0.749,0.086,0.275,0.642,0.082,0.439,0.087,0.082,0.737,0.086,0.036,0.741,0.448,0.036,0.087,0.664,0.746,0.403,0.086,0.275,0.628,0.752,0.148,0.036,0.404,0.148,0.148,0.64,0.149,0.016,0.379,0.149,0.149,0.571,0.681,0.232,0.232,0.251,0.112,0.315,0.242,0.314,0.754,0.382,0.363,0.016,0.214,0.315,0.613,0.215,0.364,0.241,0.704,0.278,0.57,0.281,0.278,0.264,0.352,0.023,0.33,0.175,0.65,0.044,0.567,0.295,0.249,0.044,0.049,0.362,0.175,0.112,0.049,0.51,0.049,0.044,0.17,0.03,0.134,0.073,0.415,0.518,0.46,0.192,0.534,0.08,0.588,0.136,0.565,0.46,0.458,0.838,0.845,0.95,0.981,0.601
0.045,0.045,0.04,0.04,0.885,0.818,0.013,0.009,0.814,0.018,0.009,0.011,0.012,0.885,0.011,0.009,0.012,0.885,0.611,0.012,0.087,0.02,0.087,0.009,0.012,0.013,0.009,0.009,0.012,0.018,0.012,0.02,0.03,0.017,0.022,0.017,0.906,0.022,0.03,0.906,0.196,0.017,0.867,0.63,0.017,0.906,0.558,0.867,0.702,0.867,0.719,0.226,0.84,0.026,0.823,0.026,0.028,0.813,0.813,0.813,0.033,0.823,0.028,0.823,0.84,0.033,0.017,0.327,0.017,0.794,0.794,0.794,0.166,0.908,0.271,0.613,0.72,0.626,0.802,0.72,0.242,0.908,0.832,0.324,0.463,0.832,0.802,0.619,0.231,0.758,0.908,0.3,0.669,0.314,0.688,0.832,0.863,0.688,0.688,0.69,0.701,0.773,0.71,0.701,0.701,0.874,0.697,0.736,0.736,0.763,0.987,0.497,0.787,0.498,0.394,0.813,0.546,0.753,0.762,0.497,0.741,0.795,0.552,0.865,0.275,0.685,0.933,0.662,0.685,0.553,0.912,0.791,0.902,0.997,0.944,0.611,0.666,0.737,0.942,0.611,0.596,0.725,0.723,0.862,0.596,0.82,0.596,0.611,0.64,0.714,0.44,0.62,0.626,0.859,0.697,0.39,0.839,0.626,0.828,0.503,0.823,0.674,0.64,0.67,0.628,0.837,0.866,0.882
0.904,0.904,0.855,0.855,0.544,0.192,0.669,0.393,0.19,0.46,0.393,0.59,0.502,0.544,0.59,0.393,0.502,0.544,0.083,0.502,0.379,0.436,0.379,0.639,0.502,0.669,0.639,0.393,0.434,0.46,0.434,0.436,0.359,0.216,0.306,0.216,0.224,0.306,0.359,0.224,0.255,0.216,0.192,0.653,0.216,0.224,0.068,0.192,0.209,0.192,0.134,0.262,0.573,0.581,0.268,0.581,0.598,0.205,0.205,0.205,0.38,0.268,0.598,0.268,0.573,0.38,0.33,0.175,0.33,0.46,0.46,0.46,0.372,0.401,0.786,0.744,0.403,0.061,0.416,0.403,0.57,0.401,0.572,0.564,0.182,0.572,0.416,0.709,0.526,0.077,0.401,0.84,0.745,0.589,0.488,0.572,0.251,0.488,0.488,0.705,0.499,0.55,0.072,0.499,0.499,0.068,0.663,0.351,0.351,0.374,0.43,0.919,0.361,0.916,0.508,0.08,0.213,0.443,0.333,0.919,0.639,0.332,0.217,0.345,0.608,0.389,0.072,0.033,0.389,0.734,0.374,0.55,0.353,0.559,0.146,0.554,0.042,0.428,0.047,0.554,0.557,0.248,0.199,0.049,0.557,0.062,0.557,0.554,0.202,0.107,0.052,0.107,0.191,0.065,0.178,0.206,0.265,0.104,0.289,0.045,0.299,0.249,0.159,0.2,0.166,0.16,0.155,0.31
0.019,0.019,0.019,0.019,0.308,0.394,0.02,0.005,0.433,0.01,0.005,0.018,0.009,0.308,0.018,0.005,0.009,0.308,0.287,0.009,0.061,0.009,0.061,0.012,0.009,0.02,0.012,0.005,0.009,0.01,0.009,0.009,0.021,0.032,0.057,0.032,0.49,0.057,0.021,0.49,0.906,0.032,0.472,0.9,0.032,0.49,0.293,0.472,0.42,0.472,0.763,0.629,0.241,0.01,0.668,0.01,0.009,0.676,0.676,0.676,0.017,0.668,0.009,0.668,0.241,0.017,0.031,0.598,0.031,0.224,0.224,0.224,0.875,0.414,0.959,0.559,0.578,0.764,0.572,0.578,0.53,0.414,0.291,0.524,0.588,0.291,0.572,0.509,0.28,0.947,0.414,0.949,0.588,0.66,0.303,0.291,0.452,0.303,0.303,0.542,0.27,0.535,0.751,0.27,0.27,0.556,0.692,0.725,0.725,0.742,0.548,0.735,0.757,0.726,0.683,0.935,1.0,0.624,0.763,0.735,0.719,0.757,0.999,0.802,0.527,0.888,0.86,0.399,0.888,0.401,0.819,0.249,0.814,0.581,0.91,0.688,0.38,0.88,0.451,0.688,0.635,0.998,0.54,0.298,0.635,0.93,0.635,0.688,0.616,0.187,0.295,0.193,0.546,0.915,0.551,0.607,0.576,0.195,0.544,0.318,0.515,0.628,0.499,0.584,0.497,0.632,0.645,0.48
0.117,0.117,0.101,0.101,0.648,0.006,0.274,0.289,0.01,0.212,0.289,0.355,0.2,0.648,0.355,0.289,0.2,0.648,0.818,0.2,0.064,0.259,0.064,0.254,0.2,0.274,0.254,0.289,0.363,0.212,0.363,0.259,0.121,0.178,0.27,0.178,0.353,0.27,0.121,0.353,0.32,0.178,0.231,0.652,0.178,0.353,0.803,0.231,0.331,0.231,0.009,0.276,0.603,0.168,0.599,0.168,0.172,0.438,0.438,0.438,0.152,0.599,0.172,0.599,0.603,0.152,0.228,0.438,0.228,0.65,0.65,0.65,0.155,0.746,0.785,0.165,0.499,0.737,0.653,0.499,0.186,0.746,0.519,0.164,0.428,0.519,0.653,0.177,0.144,0.668,0.746,0.796,0.17,0.167,0.701,0.519,0.819,0.701,0.701,0.179,0.775,0.663,0.756,0.775,0.775,0.505,0.17,0.73,0.73,0.739,0.254,0.148,0.262,0.163,0.138,0.663,0.895,0.511,0.264,0.148,0.176,0.277,0.915,0.36,0.107,0.76,0.531,0.576,0.76,0.101,0.236,0.635,0.24,0.217,0.3,0.322,0.622,0.741,0.78,0.322,0.449,0.755,0.284,0.873,0.449,0.475,0.449,0.322,0.275,0.63,0.808,0.595,0.485,0.469,0.256,0.298,0.142,0.564,0.286,0.673,0.276,0.541,0.277,0.278,0.309,0.259,0.314,0.15
0.753,0.753,0.807,0.807,0.375,0.187,0.712,0.686,0.166,0.519,0.686,0.751,0.711,0.375,0.751,0.686,0.711,0.375,0.891,0.711,0.962,0.561,0.962,0.72,0.711,0.712,0.72,0.686,0.73,0.519,0.73,0.561,0.997,0.758,0.785,0.758,0.218,0.785,0.997,0.218,0.828,0.758,0.324,0.66,0.758,0.218,0.896,0.324,0.89,0.324,0.21,0.837,0.092,0.987,0.387,0.987,0.983,0.45,0.45,0.45,0.707,0.387,0.983,0.387,0.092,0.707,0.785,0.847,0.785,0.179,0.179,0.179,0.783,0.229,0.545,0.883,0.373,0.878,0.225,0.373,0.982,0.229,0.085,0.967,0.841,0.085,0.225,0.906,0.982,0.902,0.229,0.516,0.851,0.955,0.398,0.085,0.849,0.398,0.398,0.891,0.337,0.186,0.855,0.337,0.337,0.819,0.819,0.315,0.315,0.288,0.359,0.107,0.773,0.106,0.897,0.872,0.806,0.261,0.791,0.107,0.808,0.797,0.828,0.563,0.918,0.35,0.833,0.496,0.35,0.315,0.707,0.09,0.668,0.392,0.699,0.347,0.572,0.303,0.389,0.347,0.255,0.752,0.347,0.626,0.255,0.798,0.255,0.347,0.353,0.747,0.714,0.678,0.618,0.769,0.741,0.357,0.981,0.729,0.993,0.699,0.99,0.601,0.756,0.797,0.802,0.951,0.966,0.919
0.349,0.349,0.425,0.425,0.86,0.007,0.383,0.313,0.006,0.144,0.313,0.388,0.297,0.86,0.388,0.313,0.297,0.86,0.758,0.297,0.653,0.196,0.653,0.28,0.297,0.383,0.28,0.313,0.307,0.144,0.307,0.196,0.317,0.477,0.617,0.477,0.779,0.617,0.317,0.779,0.084,0.477,0.739,0.321,0.477,0.779,0.729,0.739,0.096,0.739,0.008,0.054,0.627,0.222,0.681,0.222,0.243,0.571,0.571,0.571,0.29,0.681,0.243,0.681,0.627,0.29,0.413,0.103,0.413,0.464,0.464,0.464,0.012,0.874,0.249,0.082,0.535,0.134,0.535,0.535,0.05,0.874,0.741,0.066,0.106,0.741,0.535,0.097,0.052,0.04,0.874,0.246,0.092,0.048,0.489,0.741,0.957,0.489,0.489,0.106,0.498,0.75,0.125,0.498,0.498,0.122,0.029,0.82,0.82,0.772,0.286,0.677,0.308,0.736,0.016,0.041,0.067,0.832,0.298,0.677,0.038,0.296,0.069,0.299,0.016,0.821,0.033,0.779,0.821,0.413,0.278,0.65,0.283,0.376,0.028,0.674,0.735,0.756,0.84,0.674,0.614,0.126,0.39,0.628,0.614,0.043,0.614,0.674,0.396,0.52,0.466,0.472,0.901,0.04,0.918,0.434,0.295,0.491,0.152,0.496,0.126,0.938,0.869,0.899,0.849,0.371,0.427,0.277
0.009,0.009,0.01,0.01,0.263,0.973,0.014,0.008,0.92,0.006,0.008,0.012,0.011,0.263,0.012,0.008,0.011,0.263,0.836,0.011,0.013,0.005,0.013,0.011,0.011,0.014,0.011,0.008,0.008,0.006,0.008,0.005,0.009,0.016,0.019,0.016,0.81,0.019,0.009,0.81,0.039,0.016,0.783,0.15,0.016,0.81,0.734,0.783,0.043,0.783,0.977,0.025,0.328,0.007,0.616,0.007,0.007,0.531,0.531,0.531,0.011,0.616,0.007,0.616,0.328,0.011,0.016,0.04,0.016,0.111,0.111,0.111,0.005,0.259,0.15,0.019,0.33,0.036,0.32,0.33,0.022,0.259,0.305,0.024,0.044,0.305,0.32,0.017,0.025,0.021,0.259,0.143,0.02,0.022,0.198,0.305,0.673,0.198,0.198,0.015,0.205,0.256,0.042,0.205,0.205,0.061,0.024,0.753,0.753,0.938,0.701,0.583,0.085,0.648,0.039,0.028,0.01,0.357,0.073,0.583,0.031,0.079,0.01,0.084,0.036,0.69,0.041,0.529,0.69,0.538,0.066,0.323,0.067,0.704,0.024,0.24,0.672,0.9,0.74,0.24,0.242,0.016,0.714,0.397,0.242,0.015,0.242,0.24,0.693,0.26,0.319,0.191,0.765,0.015,0.739,0.569,0.671,0.173,0.729,0.261,0.706,0.695,0.67,0.798,0.787,0.915,0.893,0.826
0.711,0.711,0.521,0.521,0.857,0.871,0.68,0.725,0.811,0.851,0.725,0.765,0.634,0.857,0.765,0.725,0.634,0.857,0.79,0.634,0.345,0.894,0.345,0.619,0.634,0.68,0.619,0.725,0.642,0.851,0.642,0.894,0.693,0.626,0.716,0.626,0.819,0.716,0.693,0.819,0.377,0.626,0.708,0.546,0.626,0.819,0.764,0.708,0.56,0.708,0.612,0.478,0.655,0.892,0.831,0.892,0.886,0.72,0.72,0.72,0.741,0.831,0.886,0.831,0.655,0.741,0.585,0.516,0.585,0.357,0.357,0.357,0.301,0.886,0.567,0.311,0.609,0.638,0.694,0.609,0.377,0.886,0.734,0.383,0.533,0.734,0.694,0.315,0.392,0.584,0.886,0.57,0.286,0.374,0.717,0.734,0.746,0.717,0.717,0.313,0.821,0.728,0.638,0.821,0.821,0.66,0.234,0.146,0.146,0.122,0.121,0.186,0.046,0.096,0.304,0.599,0.072,0.648,0.033,0.186,0.239,0.04,0.072,0.076,0.315,0.161,0.609,0.813,0.161,0.258,0.073,0.664,0.075,0.116,0.163,0.537,0.799,0.121,0.652,0.537,0.666,0.08,0.339,0.644,0.666,0.209,0.666,0.537,0.318,0.547,0.653,0.622,0.822,0.169,0.796,0.327,0.38,0.625,0.614,0.642,0.605,0.843,0.787,0.767,0.764,0.485,0.481,0.345
0.286,0.286,0.156,0.156,0.097,0.734,0.373,0.44,0.744,0.286,0.44,0.481,0.394,0.097,0.481,0.44,0.394,0.097,0.476,0.394,0.089,0.362,0.089,0.35,0.394,0.373,0.35,0.44,0.487,0.286,0.487,0.362,0.477,0.379,0.395,0.379,0.15,0.395,0.477,0.15,0.185,0.379,0.137,0.152,0.379,0.15,0.433,0.137,0.126,0.137,0.506,0.167,0.034,0.695,0.064,0.695,0.726,0.065,0.065,0.065,0.34,0.064,0.726,0.064,0.034,0.34,0.41,0.137,0.41,0.013,0.013,0.013,0.181,0.114,0.162,0.06,0.027,0.1,0.024,0.027,0.081,0.114,0.044,0.074,0.129,0.044,0.024,0.06,0.064,0.1,0.114,0.158,0.061,0.072,0.024,0.044,0.345,0.024,0.024,0.063,0.02,0.05,0.101,0.02,0.02,0.079,0.064,0.25,0.25,0.263,0.469,0.292,0.122,0.305,0.076,0.115,0.032,0.044,0.127,0.292,0.055,0.108,0.033,0.168,0.083,0.273,0.081,0.403,0.273,0.424,0.195,0.039,0.153,0.478,0.087,0.041,0.4,0.288,0.446,0.041,0.044,0.029,0.743,0.157,0.044,0.122,0.044,0.041,0.761,0.246,0.232,0.173,0.534,0.127,0.597,0.859,0.096,0.22,0.295,0.21,0.307,0.581,0.572,0.622,0.638,0.359,0.458,0.059
0.365,0.365,0.674,0.674,0.336,0.986,0.571,0.227,0.962,0.262,0.227,0.3,0.489,0.336,0.3,0.227,0.489,0.336,0.109,0.489,0.227,0.141,0.227,0.453,0.489,0.571,0.453,0.227,0.174,0.262,0.174,0.141,0.759,0.261,0.344,0.261,0.205,0.344,0.759,0.205,0.299,0.261,0.133,0.736,0.261,0.205,0.048,0.133,0.436,0.133,0.856,0.299,0.416,0.716,0.164,0.716,0.753,0.086,0.086,0.086,0.204,0.164,0.753,0.164,0.416,0.204,0.21,0.555,0.21,0.427,0.427,0.427,0.277,0.367,0.644,0.291,0.496,0.243,0.545,0.496,0.199,0.367,0.369,0.242,0.524,0.369,0.545,0.285,0.196,0.239,0.367,0.617,0.332,0.257,0.455,0.369,0.424,0.455,0.455,0.334,0.515,0.696,0.215,0.515,0.515,0.19,0.21,0.178,0.178,0.198,0.162,0.285,0.132,0.283,0.187,0.237,0.29,0.626,0.119,0.285,0.232,0.121,0.284,0.088,0.199,0.184,0.221,0.015,0.184,0.158,0.095,0.43,0.101,0.177,0.233,0.512,0.029,0.214,0.017,0.512,0.51,0.485,0.494,0.013,0.51,0.259,0.51,0.512,0.485,0.01,0.034,0.003,0.052,0.289,0.091,0.482,0.091,0.005,0.181,0.017,0.159,0.05,0.094,0.084,0.067,0.227,0.32,0.133
0.996,0.996,0.993,0.993,0.126,0.309,0.466,0.308,0.292,0.978,0.308,0.536,0.299,0.126,0.536,0.308,0.299,0.126,0.332,0.299,0.908,0.959,0.908,0.24,0.299,0.466,0.24,0.308,0.25,0.978,0.25,0.959,0.594,0.494,0.67,0.494,0.184,0.67,0.594,0.184,0.364,0.494,0.188,0.83,0.494,0.184,0.309,0.188,0.797,0.188,0.15,0.324,0.193,0.751,0.071,0.751,0.757,0.074,0.074,0.074,0.874,0.071,0.757,0.071,0.193,0.874,0.468,0.731,0.468,0.34,0.34,0.34,0.224,0.224,0.82,0.473,0.224,0.178,0.228,0.224,0.415,0.224,0.059,0.355,0.737,0.059,0.228,0.381,0.355,0.244,0.224,0.83,0.393,0.379,0.597,0.059,0.036,0.597,0.597,0.323,0.634,0.005,0.179,0.634,0.634,0.627,0.306,0.204,0.204,0.188,0.378,0.334,0.279,0.29,0.21,0.247,0.063,0.005,0.295,0.334,0.243,0.305,0.086,0.254,0.192,0.217,0.672,0.967,0.217,0.43,0.225,0.013,0.238,0.358,0.501,0.048,0.956,0.207,0.865,0.048,0.057,0.188,0.353,0.825,0.057,0.28,0.057,0.048,0.367,0.685,0.82,0.727,0.927,0.224,0.906,0.36,0.91,0.723,0.936,0.81,0.933,0.951,0.915,0.89,0.894,0.975,0.976,0.958
0.332,0.332,0.271,0.271,0.715,0.209,0.147,0.195,0.209,0.145,0.195,0.169,0.138,0.715,0.169,0.195,0.138,0.715,0.996,0.138,0.348,0.184,0.348,0.153,0.138,0.147,0.153,0.195,0.192,0.145,0.192,0.184,0.128,0.204,0.236,0.204,0.763,0.236,0.128,0.763,0.138,0.204,0.771,0.294,0.204,0.763,0.998,0.771,0.358,0.771,0.188,0.149,0.619,0.144,0.764,0.144,0.156,0.763,0.763,0.763,0.135,0.764,0.156,0.764,0.619,0.135,0.166,0.385,0.166,0.969,0.969,0.969,0.275,0.696,0.402,0.178,0.705,0.567,0.728,0.705,0.328,0.696,0.774,0.261,0.29,0.774,0.728,0.253,0.362,0.588,0.696,0.424,0.176,0.248,0.982,0.774,0.988,0.982,0.982,0.217,0.982,0.91,0.552,0.982,0.982,0.601,0.203,0.729,0.729,0.734,0.234,0.731,0.263,0.728,0.293,0.578,0.199,0.882,0.23,0.731,0.199,0.207,0.206,0.311,0.281,0.744,0.649,0.694,0.744,0.539,0.27,0.853,0.261,0.216,0.66,0.83,0.86,0.752,0.616,0.83,0.838,0.221,0.003,0.96,0.838,0.628,0.838,0.83,0.011,0.944,0.944,0.924,0.399,0.623,0.32,0.067,0.918,0.913,0.783,0.928,0.853,0.405,0.345,0.369,0.402,0.812,0.851,0.707
0.877,0.877,0.901,0.901,0.236,0.644,0.947,0.861,0.692,0.721,0.861,0.92,0.889,0.236,0.92,0.861,0.889,0.236,0.029,0.889,0.969,0.723,0.969,0.873,0.889,0.947,0.873,0.861,0.819,0.721,0.819,0.723,0.788,0.935,0.994,0.935,0.131,0.994,0.788,0.131,0.341,0.935,0.14,0.657,0.935,0.131,0.03,0.14,0.434,0.14,0.863,0.348,0.636,0.518,0.171,0.518,0.571,0.222,0.222,0.222,0.823,0.171,0.571,0.171,0.636,0.823,0.883,0.334,0.883,0.467,0.467,0.467,0.442,0.196,0.555,0.141,0.695,0.157,0.709,0.695,0.285,0.196,0.153,0.193,0.352,0.153,0.709,0.146,0.257,0.156,0.196,0.541,0.147,0.166,0.616,0.153,0.322,0.616,0.616,0.152,0.613,0.755,0.152,0.613,0.613,0.211,0.176,0.175,0.175,0.163,0.666,0.679,0.024,0.67,0.229,0.15,0.513,0.74,0.023,0.679,0.13,0.022,0.543,0.03,0.401,0.182,0.228,0.128,0.182,0.752,0.033,0.801,0.037,0.455,0.427,0.27,0.072,0.165,0.112,0.27,0.244,0.612,0.849,0.022,0.244,0.218,0.244,0.27,0.851,0.317,0.033,0.342,0.389,0.198,0.481,0.902,0.386,0.423,0.482,0.035,0.479,0.387,0.451,0.364,0.305,0.416,0.384,0.382
0.25,0.25,0.379,0.379,0.66,0.395,0.277,0.434,0.391,0.361,0.434,0.242,0.472,0.66,0.242,0.434,0.472,0.66,0.381,0.472,0.411,0.388,0.411,0.449,0.472,0.277,0.449,0.434,0.425,0.361,0.425,0.388,0.513,0.265,0.181,0.265,0.382,0.181,0.513,0.382,0.838,0.265,0.615,0.972,0.265,0.382,0.348,0.615,0.371,0.615,0.452,0.751,0.964,0.821,0.462,0.821,0.844,0.627,0.627,0.627,0.238,0.462,0.844,0.462,0.964,0.238,0.266,0.476,0.266,0.914,0.914,0.914,0.545,0.61,0.943,0.701,0.983,0.562,0.95,0.983,0.845,0.61,0.967,0.767,0.472,0.967,0.95,0.703,0.844,0.582,0.61,0.97,0.722,0.76,0.907,0.967,0.386,0.907,0.907,0.712,0.85,0.76,0.531,0.85,0.85,0.517,0.582,0.281,0.281,0.16,0.072,0.042,0.311,0.032,0.635,0.597,0.489,0.852,0.28,0.042,0.626,0.293,0.555,0.379,0.757,0.151,0.588,0.522,0.151,0.027,0.435,0.767,0.406,0.047,0.675,0.984,0.426,0.077,0.469,0.984,0.946,0.242,0.37,0.511,0.946,0.747,0.946,0.984,0.375,0.538,0.615,0.541,0.126,0.755,0.129,0.395,0.489,0.517,0.226,0.663,0.202,0.098,0.157,0.114,0.119,0.327,0.214,0.37
0.24,0.24,0.109,0.109,0.397,0.46,0.072,0.245,0.464,0.261,0.245,0.081,0.181,0.397,0.081,0.245,0.181,0.397,0.245,0.181,0.06,0.316,0.06,0.136,0.181,0.072,0.136,0.245,0.205,0.261,0.205,0.316,0.497,0.094,0.061,0.094,0.409,0.061,0.497,0.409,0.984,0.094,0.385,0.762,0.094,0.409,0.442,0.385,0.869,0.385,0.39,0.989,0.476,0.635,0.492,0.635,0.645,0.46,0.46,0.46,0.184,0.492,0.645,0.492,0.476,0.184,0.085,0.7,0.085,0.724,0.724,0.724,0.653,0.309,0.658,0.964,0.389,0.894,0.338,0.389,0.779,0.309,0.424,0.929,0.787,0.424,0.338,0.971,0.779,0.867,0.309,0.723,0.948,0.931,0.509,0.424,0.542,0.509,0.509,0.955,0.475,0.419,0.892,0.475,0.475,0.91,0.852,0.611,0.611,0.585,0.836,0.606,0.91,0.558,0.804,0.849,0.335,0.45,0.944,0.606,0.845,0.939,0.464,0.91,0.534,0.641,0.881,0.989,0.641,0.917,0.894,0.515,0.9,0.713,0.753,0.563,0.981,0.593,0.997,0.563,0.551,0.479,0.446,0.97,0.551,0.712,0.551,0.563,0.43,0.918,0.968,0.923,0.839,0.72,0.836,0.527,0.318,0.923,0.252,0.953,0.194,0.854,0.808,0.821,0.805,0.658,0.721,0.335
0.291,0.291,0.225,0.225,0.623,0.588,0.248,0.132,0.627,0.108,0.132,0.204,0.201,0.623,0.204,0.132,0.201,0.623,0.688,0.201,0.306,0.072,0.306,0.176,0.201,0.248,0.176,0.132,0.106,0.108,0.106,0.072,0.101,0.18,0.267,0.18,0.749,0.267,0.101,0.749,0.665,0.18,0.721,0.453,0.18,0.749,0.672,0.721,0.201,0.721,0.587,0.703,0.528,0.018,0.802,0.018,0.016,0.77,0.77,0.77,0.12,0.802,0.016,0.802,0.528,0.12,0.171,0.161,0.171,0.473,0.473,0.473,0.677,0.823,0.601,0.725,0.485,0.234,0.492,0.485,0.888,0.823,0.678,0.761,0.169,0.678,0.492,0.683,0.688,0.099,0.823,0.461,0.65,0.861,0.525,0.678,0.639,0.525,0.525,0.678,0.522,0.445,0.194,0.522,0.522,0.392,0.815,0.788,0.788,0.789,0.692,0.896,0.936,0.899,0.884,0.112,0.248,0.462,0.977,0.896,0.824,0.978,0.237,0.624,0.823,0.859,0.164,0.64,0.859,0.804,0.669,0.649,0.694,0.691,0.177,0.627,0.55,0.856,0.646,0.627,0.566,0.378,0.373,0.954,0.566,0.105,0.566,0.627,0.37,0.936,0.986,0.939,0.724,0.108,0.564,0.233,0.358,0.926,0.31,0.989,0.341,0.639,0.665,0.413,0.501,0.586,0.588,0.424
0.829,0.829,0.766,0.766,0.726,0.563,0.769,0.618,0.449,0.713,0.618,0.773,0.519,0.726,0.773,0.618,0.519,0.726,0.991,0.519,0.801,0.728,0.801,0.514,0.519,0.769,0.514,0.618,0.614,0.713,0.614,0.728,0.384,0.532,0.665,0.532,0.905,0.665,0.384,0.905,0.595,0.532,0.89,0.733,0.532,0.905,0.986,0.89,0.533,0.89,0.514,0.567,0.622,0.445,0.879,0.445,0.453,0.872,0.872,0.872,0.655,0.879,0.453,0.879,0.622,0.655,0.479,0.378,0.479,0.801,0.801,0.801,0.627,0.722,0.58,0.406,0.887,0.666,0.911,0.887,0.469,0.722,0.603,0.404,0.394,0.603,0.911,0.413,0.465,0.741,0.722,0.463,0.397,0.407,0.991,0.603,0.89,0.991,0.991,0.392,0.998,0.887,0.69,0.998,0.998,0.568,0.296,0.161,0.161,0.062,0.077,0.019,0.074,0.013,0.312,0.774,0.534,0.864,0.141,0.019,0.343,0.156,0.514,0.086,0.464,0.131,0.425,0.739,0.131,0.033,0.102,0.758,0.11,0.065,0.507,0.825,0.713,0.05,0.694,0.825,0.886,0.723,0.208,0.875,0.886,0.79,0.886,0.825,0.211,0.972,0.942,0.979,0.678,0.817,0.859,0.287,0.711,0.976,0.834,0.915,0.837,0.754,0.812,0.873,0.831,0.844,0.864,0.846
0.079,0.079,0.062,0.062,0.444,0.362,0.063,0.062,0.365,0.043,0.062,0.071,0.056,0.444,0.071,0.062,0.056,0.444,0.78,0.056,0.044,0.057,0.044,0.048,0.056,0.063,0.048,0.062,0.07,0.043,0.07,0.057,0.028,0.033,0.042,0.033,0.471,0.042,0.028,0.471,0.125,0.033,0.44,0.349,0.033,0.471,0.752,0.44,0.354,0.44,0.425,0.121,0.054,0.051,0.486,0.051,0.053,0.433,0.433,0.433,0.028,0.486,0.053,0.486,0.054,0.028,0.034,0.471,0.034,0.065,0.065,0.065,0.102,0.448,0.614,0.125,0.165,0.145,0.191,0.165,0.132,0.448,0.084,0.072,0.461,0.084,0.191,0.115,0.124,0.146,0.448,0.613,0.124,0.082,0.215,0.084,0.922,0.215,0.215,0.107,0.194,0.18,0.14,0.194,0.194,0.163,0.094,0.719,0.719,0.751,0.932,0.84,0.325,0.821,0.064,0.146,0.051,0.156,0.341,0.84,0.086,0.319,0.051,0.145,0.046,0.727,0.141,0.578,0.727,0.916,0.13,0.07,0.119,0.912,0.043,0.162,0.65,0.766,0.701,0.162,0.164,0.047,0.196,0.98,0.164,0.064,0.164,0.162,0.191,0.914,0.951,0.875,0.774,0.06,0.71,0.219,0.985,0.912,0.991,0.932,0.984,0.76,0.719,0.776,0.794,0.772,0.85,0.791
0.555,0.555,0.528,0.528,0.283,0.054,0.278,0.334,0.051,0.359,0.334,0.393,0.251,0.283,0.393,0.334,0.251,0.283,0.22,0.251,0.22,0.403,0.22,0.26,0.251,0.278,0.26,0.334,0.267,0.359,0.267,0.403,0.158,0.123,0.135,0.123,0.264,0.135,0.158,0.264,0.566,0.123,0.48,0.565,0.123,0.264,0.319,0.48,0.868,0.48,0.06,0.563,0.27,0.323,0.232,0.323,0.365,0.466,0.466,0.466,0.182,0.232,0.365,0.232,0.27,0.182,0.122,0.62,0.122,0.484,0.484,0.484,0.55,0.532,0.36,0.819,0.16,0.558,0.165,0.16,0.48,0.532,0.638,0.896,0.613,0.638,0.165,0.84,0.471,0.74,0.532,0.385,0.789,0.898,0.33,0.638,0.364,0.33,0.33,0.811,0.294,0.527,0.596,0.294,0.294,0.659,0.791,0.556,0.556,0.573,0.719,0.627,0.643,0.628,0.914,0.686,0.823,0.504,0.637,0.627,0.75,0.631,0.802,0.766,0.673,0.594,0.782,0.747,0.594,0.556,0.712,0.637,0.717,0.609,0.847,0.326,0.682,0.597,0.928,0.326,0.38,0.738,0.575,0.71,0.38,0.67,0.38,0.326,0.581,0.35,0.614,0.424,0.779,0.764,0.716,0.463,0.693,0.502,0.814,0.659,0.805,0.681,0.676,0.698,0.701,0.824,0.818,0.751
0.775,0.775,0.748,0.748,0.03,0.824,0.632,0.588,0.789,0.861,0.588,0.699,0.554,0.03,0.699,0.588,0.554,0.03,0.077,0.554,0.758,0.875,0.758,0.522,0.554,0.632,0.522,0.588,0.563,0.861,0.563,0.875,0.515,0.637,0.489,0.637,0.028,0.489,0.515,0.028,0.899,0.637,0.006,0.631,0.637,0.028,0.093,0.006,0.509,0.006,0.656,0.896,0.048,0.691,0.051,0.691,0.704,0.033,0.033,0.033,0.639,0.051,0.704,0.051,0.048,0.639,0.619,0.377,0.619,0.026,0.026,0.026,0.915,0.237,0.766,0.921,0.092,0.525,0.05,0.092,0.989,0.237,0.107,0.977,0.365,0.107,0.05,0.911,0.983,0.593,0.237,0.719,0.934,0.976,0.015,0.107,0.447,0.015,0.015,0.93,0.013,0.19,0.466,0.013,0.013,0.618,0.833,0.078,0.078,0.091,0.214,0.401,0.902,0.404,0.943,0.586,0.831,0.174,0.897,0.401,0.854,0.898,0.794,0.705,0.959,0.132,0.78,0.46,0.132,0.68,0.699,0.133,0.701,0.337,0.78,0.155,0.501,0.145,0.332,0.155,0.152,0.9,0.822,0.163,0.152,0.599,0.152,0.155,0.824,0.135,0.204,0.141,0.595,0.585,0.703,0.855,0.323,0.138,0.207,0.204,0.198,0.725,0.718,0.665,0.637,0.268,0.262,0.263
0.08,0.08,0.068,0.068,0.222,0.033,0.061,0.053,0.031,0.028,0.053,0.067,0.048,0.222,0.067,0.053,0.048,0.222,0.058,0.048,0.05,0.038,0.05,0.047,0.048,0.061,0.047,0.053,0.061,0.028,0.061,0.038,0.019,0.034,0.05,0.034,0.482,0.05,0.019,0.482,0.263,0.034,0.435,0.617,0.034,0.482,0.062,0.435,0.706,0.435,0.031,0.569,0.045,0.022,0.36,0.022,0.022,0.363,0.363,0.363,0.03,0.36,0.022,0.36,0.045,0.03,0.035,0.772,0.035,0.018,0.018,0.018,0.434,0.166,0.662,0.298,0.078,0.835,0.128,0.078,0.301,0.166,0.114,0.418,0.781,0.114,0.128,0.327,0.301,0.843,0.166,0.67,0.264,0.487,0.004,0.114,0.088,0.004,0.004,0.303,0.004,0.122,0.85,0.004,0.004,0.581,0.398,0.279,0.279,0.437,0.708,0.403,0.501,0.562,0.46,0.877,0.79,0.123,0.514,0.403,0.358,0.517,0.843,0.63,0.354,0.535,0.607,0.156,0.535,0.561,0.608,0.112,0.579,0.708,0.513,0.107,0.244,0.563,0.259,0.107,0.175,0.69,0.101,0.096,0.175,0.569,0.175,0.107,0.092,0.029,0.083,0.019,0.405,0.609,0.335,0.1,0.415,0.028,0.644,0.092,0.63,0.399,0.24,0.404,0.39,0.667,0.658,0.449
0.813,0.813,0.817,0.817,0.682,0.132,0.886,0.569,0.187,0.797,0.569,0.754,0.688,0.682,0.754,0.569,0.688,0.682,0.654,0.688,0.396,0.654,0.396,0.751,0.688,0.886,0.751,0.569,0.618,0.797,0.618,0.654,0.413,0.535,0.645,0.535,0.686,0.645,0.413,0.686,0.895,0.535,0.788,0.136,0.535,0.686,0.454,0.788,0.118,0.788,0.233,0.916,0.965,0.535,0.721,0.535,0.506,0.708,0.708,0.708,0.475,0.721,0.506,0.721,0.965,0.475,0.571,0.075,0.571,0.889,0.889,0.889,0.846,0.648,0.159,0.87,0.991,0.097,0.98,0.991,0.847,0.648,0.941,0.849,0.075,0.941,0.98,0.877,0.852,0.033,0.648,0.165,0.883,0.847,0.976,0.941,0.401,0.976,0.976,0.899,0.936,0.992,0.112,0.936,0.936,0.125,0.835,0.588,0.588,0.532,0.204,0.083,0.391,0.102,0.865,0.031,0.19,0.996,0.353,0.083,0.792,0.299,0.117,0.482,0.923,0.368,0.016,0.648,0.368,0.062,0.508,0.953,0.507,0.156,0.022,0.947,0.534,0.316,0.581,0.947,0.948,0.117,0.039,0.303,0.948,0.041,0.948,0.947,0.042,0.288,0.305,0.234,0.837,0.041,0.753,0.048,0.37,0.255,0.457,0.371,0.487,0.845,0.697,0.706,0.634,0.803,0.853,0.24
0.808,0.808,0.795,0.795,0.654,0.202,0.923,0.935,0.191,0.838,0.935,0.932,0.967,0.654,0.932,0.935,0.967,0.654,0.819,0.967,0.852,0.732,0.852,0.965,0.967,0.923,0.965,0.935,0.931,0.838,0.931,0.732,0.525,0.852,0.849,0.852,0.723,0.849,0.525,0.723,0.091,0.852,0.741,0.406,0.852,0.723,0.802,0.741,0.02,0.741,0.128,0.098,0.64,0.585,0.64,0.585,0.552,0.678,0.678,0.678,0.737,0.64,0.552,0.64,0.64,0.737,0.847,0.022,0.847,0.55,0.55,0.55,0.042,0.661,0.56,0.047,0.764,0.041,0.78,0.764,0.069,0.661,0.679,0.053,0.021,0.679,0.78,0.042,0.068,0.019,0.661,0.462,0.05,0.071,0.659,0.679,0.855,0.659,0.659,0.041,0.61,0.787,0.031,0.61,0.61,0.034,0.012,0.801,0.801,0.815,0.706,0.479,0.015,0.481,0.024,0.019,0.025,0.728,0.031,0.479,0.016,0.03,0.023,0.022,0.03,0.753,0.02,0.97,0.753,0.523,0.019,0.604,0.019,0.647,0.025,0.495,0.977,0.764,0.85,0.495,0.699,0.026,0.871,0.893,0.699,0.021,0.699,0.495,0.884,0.839,0.862,0.844,0.915,0.022,0.977,0.954,0.959,0.87,0.981,0.823,0.979,0.918,0.98,0.981,0.984,0.988,0.991,0.98
0.23,0.23,0.227,0.227,0.652,0.205,0.568,0.58,0.215,0.605,0.58,0.495,0.686,0.652,0.495,0.58,0.686,0.652,0.943,0.686,0.484,0.584,0.484,0.733,0.686,0.568,0.733,0.58,0.621,0.605,0.621,0.584,0.871,0.824,0.739,0.824,0.874,0.739,0.871,0.874,0.425,0.824,0.866,0.725,0.824,0.874,0.864,0.866,0.608,0.866,0.362,0.459,0.581,0.408,0.894,0.408,0.368,0.838,0.838,0.838,0.975,0.894,0.368,0.894,0.581,0.975,0.837,0.44,0.837,0.411,0.411,0.411,0.605,0.787,0.749,0.271,0.509,0.631,0.544,0.509,0.334,0.787,0.396,0.388,0.42,0.396,0.544,0.31,0.349,0.681,0.787,0.751,0.265,0.365,0.529,0.396,0.895,0.529,0.529,0.314,0.519,0.534,0.642,0.519,0.519,0.709,0.377,0.28,0.28,0.233,0.331,0.187,0.753,0.161,0.481,0.648,0.58,0.449,0.74,0.187,0.335,0.746,0.519,0.372,0.649,0.271,0.724,0.671,0.271,0.329,0.312,0.222,0.31,0.333,0.658,0.669,0.627,0.225,0.661,0.669,0.725,0.776,0.271,0.859,0.725,0.589,0.725,0.669,0.274,0.785,0.822,0.845,0.913,0.565,0.887,0.165,0.389,0.842,0.331,0.841,0.313,0.895,0.89,0.862,0.87,0.224,0.224,0.485
0.419,0.419,0.328,0.328,0.816,0.084,0.263,0.303,0.14,0.408,0.303,0.356,0.21,0.816,0.356,0.303,0.21,0.816,0.348,0.21,0.36,0.487,0.36,0.252,0.21,0.263,0.252,0.303,0.326,0.408,0.326,0.487,0.127,0.193,0.272,0.193,0.68,0.272,0.127,0.68,0.44,0.193,0.505,0.53,0.193,0.68,0.227,0.505,0.789,0.505,0.049,0.431,0.917,0.149,0.671,0.149,0.149,0.39,0.39,0.39,0.277,0.671,0.149,0.671,0.917,0.277,0.18,0.909,0.18,0.963,0.963,0.963,0.303,0.869,0.788,0.502,0.885,0.787,0.871,0.885,0.42,0.869,0.921,0.356,0.885,0.921,0.871,0.491,0.407,0.864,0.869,0.726,0.479,0.359,0.977,0.921,0.261,0.977,0.977,0.445,0.981,0.587,0.729,0.981,0.981,0.813,0.402,0.598,0.598,0.631,0.931,0.905,0.959,0.873,0.251,0.822,0.72,0.57,0.971,0.905,0.394,0.967,0.798,0.83,0.308,0.688,0.925,0.327,0.688,0.993,0.788,0.576,0.794,0.923,0.883,0.848,0.513,0.72,0.573,0.848,0.898,0.695,0.759,0.465,0.898,0.827,0.898,0.848,0.752,0.705,0.368,0.597,0.752,0.774,0.535,0.779,0.713,0.609,0.769,0.413,0.779,0.798,0.524,0.634,0.647,0.884,0.89,0.816
0.918,0.918,0.914,0.914,0.979,0.475,0.821,0.664,0.477,0.52,0.664,0.804,0.699,0.979,0.804,0.664,0.699,0.979,0.294,0.699,0.811,0.553,0.811,0.678,0.699,0.821,0.678,0.664,0.653,0.52,0.653,0.553,0.373,0.633,0.744,0.633,0.466,0.744,0.373,0.466,0.827,0.633,0.358,0.747,0.633,0.466,0.327,0.358,0.747,0.358,0.204,0.801,0.739,0.549,0.683,0.549,0.547,0.624,0.624,0.624,0.467,0.683,0.547,0.683,0.739,0.467,0.524,0.83,0.524,0.896,0.896,0.896,0.638,0.321,0.899,0.661,0.459,0.334,0.359,0.459,0.748,0.321,0.7,0.674,0.831,0.7,0.359,0.601,0.736,0.356,0.321,0.86,0.631,0.693,0.826,0.7,0.854,0.826,0.826,0.554,0.767,0.346,0.311,0.767,0.767,0.21,0.584,0.787,0.787,0.807,0.867,0.646,0.557,0.637,0.652,0.343,0.808,0.465,0.558,0.646,0.602,0.556,0.775,0.729,0.72,0.811,0.243,0.484,0.811,0.777,0.706,0.762,0.709,0.853,0.282,0.758,0.437,0.83,0.535,0.758,0.663,0.701,0.797,0.452,0.663,0.421,0.663,0.758,0.777,0.383,0.47,0.262,0.642,0.43,0.686,0.717,0.622,0.302,0.624,0.465,0.626,0.677,0.674,0.749,0.69,0.831,0.777,0.862
0.507,0.507,0.505,0.505,0.299,0.164,0.527,0.637,0.106,0.652,0.637,0.625,0.49,0.299,0.625,0.637,0.49,0.299,0.031,0.49,0.625,0.696,0.625,0.485,0.49,0.527,0.485,0.637,0.61,0.652,0.61,0.696,0.315,0.588,0.688,0.588,0.781,0.688,0.315,0.781,0.22,0.588,0.655,0.246,0.588,0.781,0.026,0.655,0.362,0.655,0.056,0.18,0.827,0.378,0.744,0.378,0.399,0.732,0.732,0.732,0.616,0.744,0.399,0.744,0.827,0.616,0.551,0.537,0.551,0.988,0.988,0.988,0.186,0.459,0.228,0.387,0.925,0.237,0.935,0.925,0.131,0.459,0.895,0.365,0.408,0.895,0.935,0.311,0.126,0.372,0.459,0.235,0.413,0.394,0.995,0.895,0.032,0.995,0.995,0.363,0.994,0.974,0.23,0.994,0.994,0.133,0.333,0.077,0.077,0.087,0.012,0.172,0.283,0.226,0.276,0.363,0.751,0.982,0.248,0.172,0.346,0.26,0.783,0.283,0.152,0.101,0.17,0.079,0.101,0.055,0.247,0.878,0.242,0.016,0.28,0.951,0.036,0.108,0.073,0.951,0.94,0.772,0.594,0.427,0.94,0.495,0.94,0.951,0.567,0.419,0.343,0.308,0.033,0.491,0.077,0.512,0.067,0.333,0.118,0.387,0.116,0.026,0.061,0.051,0.047,0.119,0.096,0.048
0.512,0.512,0.512,0.512,0.591,0.053,0.451,0.388,0.084,0.317,0.388,0.418,0.392,0.591,0.418,0.388,0.392,0.591,0.13,0.392,0.697,0.386,0.697,0.361,0.392,0.451,0.361,0.388,0.387,0.317,0.387,0.386,0.942,0.341,0.39,0.341,0.673,0.39,0.942,0.673,0.376,0.341,0.709,0.202,0.341,0.673,0.225,0.709,0.287,0.709,0.142,0.356,0.553,0.986,0.745,0.986,0.987,0.755,0.755,0.755,0.511,0.745,0.987,0.745,0.553,0.511,0.34,0.337,0.34,0.706,0.706,0.706,0.13,0.913,0.212,0.121,0.675,0.501,0.692,0.675,0.158,0.913,0.725,0.107,0.36,0.725,0.692,0.151,0.131,0.324,0.913,0.204,0.116,0.112,0.842,0.725,0.301,0.842,0.842,0.142,0.833,0.736,0.487,0.833,0.833,0.537,0.128,0.493,0.493,0.505,0.421,0.937,0.28,0.878,0.065,0.357,0.278,0.732,0.188,0.937,0.107,0.192,0.253,0.387,0.102,0.546,0.701,0.602,0.546,0.378,0.36,0.668,0.358,0.303,0.812,0.831,0.491,0.545,0.63,0.831,0.864,0.552,0.197,0.242,0.864,0.272,0.864,0.831,0.198,0.158,0.268,0.177,0.616,0.24,0.722,0.203,0.252,0.212,0.288,0.324,0.256,0.606,0.702,0.499,0.556,0.559,0.584,0.13
0.093,0.093,0.09,0.09,0.741,0.155,0.083,0.042,0.199,0.126,0.042,0.072,0.061,0.741,0.072,0.042,0.061,0.741,0.49,0.061,0.093,0.091,0.093,0.054,0.061,0.083,0.054,0.042,0.036,0.126,0.036,0.091,0.601,0.071,0.111,0.071,0.869,0.111,0.601,0.869,0.634,0.071,0.785,0.666,0.071,0.869,0.46,0.785,0.859,0.785,0.369,0.554,0.867,0.371,0.949,0.371,0.353,0.935,0.935,0.935,0.32,0.949,0.353,0.949,0.867,0.32,0.067,0.924,0.067,0.901,0.901,0.901,0.493,0.635,0.726,0.6,0.8,0.985,0.68,0.8,0.821,0.635,0.939,0.684,0.924,0.939,0.68,0.608,0.772,0.607,0.635,0.735,0.608,0.718,0.852,0.939,0.234,0.852,0.852,0.611,0.83,0.82,0.989,0.83,0.83,0.945,0.762,0.432,0.432,0.459,0.698,0.548,0.777,0.56,0.847,0.643,0.742,0.857,0.797,0.548,0.747,0.793,0.754,0.758,0.93,0.519,0.562,0.168,0.519,0.643,0.661,0.926,0.664,0.701,0.623,0.974,0.255,0.517,0.241,0.974,0.959,0.742,0.377,0.28,0.959,0.655,0.959,0.974,0.357,0.393,0.281,0.47,0.474,0.692,0.568,0.344,0.454,0.516,0.479,0.232,0.45,0.533,0.546,0.684,0.64,0.583,0.573,0.721
0.986,0.986,0.994,0.994,0.448,0.518,0.997,0.97,0.511,0.944,0.97,0.997,0.975,0.448,0.997,0.97,0.975,0.448,0.673,0.975,0.905,0.982,0.905,0.939,0.975,0.997,0.939,0.97,0.968,0.944,0.968,0.982,0.625,0.809,0.901,0.809,0.119,0.901,0.625,0.119,0.083,0.809,0.225,0.033,0.809,0.119,0.743,0.225,0.076,0.225,0.437,0.106,0.177,0.871,0.251,0.871,0.894,0.446,0.446,0.446,0.83,0.251,0.894,0.251,0.177,0.83,0.827,0.077,0.827,0.282,0.282,0.282,0.202,0.2,0.034,0.05,0.19,0.13,0.154,0.19,0.054,0.2,0.149,0.039,0.076,0.149,0.154,0.04,0.07,0.12,0.2,0.036,0.041,0.035,0.17,0.149,0.353,0.17,0.17,0.04,0.223,0.142,0.123,0.223,0.223,0.136,0.041,0.608,0.608,0.633,0.464,0.457,0.852,0.486,0.051,0.135,0.038,0.178,0.83,0.457,0.034,0.821,0.037,0.629,0.088,0.65,0.148,0.987,0.65,0.51,0.749,0.225,0.719,0.55,0.124,0.137,0.99,0.692,0.949,0.137,0.088,0.037,0.429,0.967,0.088,0.12,0.088,0.137,0.421,0.928,0.94,0.938,0.999,0.122,1.0,0.577,0.992,0.935,0.999,0.963,0.999,1.0,1.0,1.0,1.0,0.996,0.994,0.998
0.794,0.794,0.891,0.891,0.684,0.846,0.676,0.719,0.83,0.93,0.719,0.703,0.584,0.684,0.703,0.719,0.584,0.684,0.752,0.584,0.738,0.986,0.738,0.585,0.584,0.676,0.585,0.719,0.735,0.93,0.735,0.986,0.461,0.638,0.636,0.638,0.671,0.636,0.461,0.671,0.35,0.638,0.66,0.425,0.638,0.671,0.746,0.66,0.585,0.66,0.631,0.325,0.589,0.692,0.615,0.692,0.685,0.576,0.576,0.576,0.815,0.615,0.685,0.615,0.589,0.815,0.643,0.473,0.643,0.542,0.542,0.542,0.485,0.795,0.485,0.21,0.661,0.644,0.689,0.661,0.226,0.795,0.597,0.233,0.446,0.597,0.689,0.225,0.197,0.709,0.795,0.475,0.204,0.213,0.428,0.597,0.832,0.428,0.428,0.215,0.378,0.652,0.623,0.378,0.378,0.616,0.318,0.54,0.54,0.531,0.885,0.87,0.371,0.776,0.285,0.728,0.859,0.695,0.367,0.87,0.311,0.377,0.858,0.55,0.27,0.584,0.671,0.621,0.584,0.823,0.506,0.521,0.543,0.956,0.656,0.684,0.606,0.528,0.745,0.684,0.689,0.669,0.259,0.746,0.689,0.758,0.689,0.684,0.257,0.563,0.735,0.583,0.77,0.752,0.431,0.289,0.891,0.571,0.843,0.753,0.809,0.781,0.553,0.451,0.449,0.888,0.919,0.814
0.576,0.576,0.546,0.546,0.525,0.396,0.525,0.417,0.387,0.291,0.417,0.421,0.432,0.525,0.421,0.417,0.432,0.525,0.985,0.432,0.408,0.299,0.408,0.412,0.432,0.525,0.412,0.417,0.448,0.291,0.448,0.299,0.093,0.211,0.335,0.211,0.457,0.335,0.093,0.457,0.04,0.211,0.474,0.015,0.211,0.457,0.994,0.474,0.031,0.474,0.35,0.037,0.242,0.096,0.494,0.096,0.097,0.553,0.553,0.553,0.215,0.494,0.097,0.494,0.242,0.215,0.223,0.037,0.223,0.114,0.114,0.114,0.046,0.464,0.015,0.241,0.263,0.047,0.234,0.263,0.118,0.464,0.431,0.151,0.035,0.431,0.234,0.281,0.103,0.061,0.464,0.013,0.25,0.17,0.048,0.431,0.992,0.048,0.048,0.288,0.054,0.238,0.049,0.054,0.054,0.088,0.276,0.853,0.853,0.906,0.945,0.707,0.64,0.742,0.164,0.067,0.101,0.251,0.618,0.707,0.275,0.612,0.122,0.672,0.178,0.877,0.14,0.624,0.877,0.995,0.638,0.27,0.623,0.895,0.108,0.245,0.966,0.904,0.348,0.245,0.285,0.182,0.706,0.518,0.285,0.067,0.285,0.245,0.728,0.553,0.504,0.476,0.614,0.064,0.882,0.708,0.541,0.468,0.693,0.49,0.668,0.622,0.86,0.975,0.977,0.802,0.924,0.783
0.273,0.273,0.252,0.252,0.848,0.43,0.367,0.287,0.415,0.187,0.287,0.375,0.222,0.848,0.375,0.287,0.222,0.848,0.147,0.222,0.41,0.197,0.41,0.296,0.222,0.367,0.296,0.287,0.368,0.187,0.368,0.197,0.157,0.212,0.34,0.212,0.654,0.34,0.157,0.654,0.581,0.212,0.705,0.612,0.212,0.654,0.186,0.705,0.722,0.705,0.399,0.67,0.898,0.176,0.458,0.176,0.177,0.369,0.369,0.369,0.179,0.458,0.177,0.458,0.898,0.179,0.262,0.705,0.262,0.919,0.919,0.919,0.755,0.829,0.626,0.847,0.962,0.762,0.941,0.962,0.812,0.829,0.925,0.76,0.7,0.925,0.941,0.767,0.737,0.678,0.829,0.68,0.832,0.819,0.855,0.925,0.722,0.855,0.855,0.793,0.728,0.9,0.659,0.728,0.728,0.775,0.865,0.866,0.866,0.893,0.727,0.935,0.943,0.944,0.855,0.616,0.68,0.932,0.921,0.935,0.866,0.923,0.696,0.935,0.812,0.925,0.577,0.122,0.925,0.506,0.947,0.893,0.938,0.705,0.572,0.989,0.109,0.947,0.309,0.989,0.989,0.534,0.307,0.554,0.989,0.717,0.989,0.989,0.309,0.271,0.286,0.204,0.501,0.637,0.298,0.318,0.869,0.194,0.787,0.284,0.784,0.515,0.272,0.277,0.253,0.777,0.791,0.758
0.999,0.999,0.999,0.999,0.519,0.424,0.993,0.991,0.432,0.928,0.991,0.995,0.98,0.519,0.995,0.991,0.98,0.519,0.331,0.98,0.89,0.94,0.89,0.983,0.98,0.993,0.983,0.991,0.995,0.928,0.995,0.94,0.7,0.818,0.861,0.818,0.2,0.861,0.7,0.2,0.328,0.818,0.176,0.59,0.818,0.2,0.298,0.176,0.899,0.176,0.51,0.414,0.529,0.99,0.266,0.99,0.989,0.226,0.226,0.226,0.704,0.266,0.989,0.266,0.529,0.704,0.805,0.888,0.805,0.292,0.292,0.292,0.536,0.364,0.551,0.195,0.31,0.678,0.314,0.31,0.421,0.364,0.68,0.23,0.899,0.68,0.314,0.201,0.409,0.759,0.364,0.54,0.225,0.244,0.22,0.68,0.026,0.22,0.22,0.216,0.241,0.339,0.63,0.241,0.241,0.639,0.24,0.467,0.467,0.423,0.716,0.832,0.052,0.454,0.292,0.627,0.456,0.339,0.044,0.832,0.241,0.043,0.42,0.045,0.43,0.492,0.784,0.716,0.492,0.664,0.054,0.546,0.051,0.729,0.518,0.571,0.674,0.468,0.727,0.571,0.612,0.418,0.945,0.416,0.612,0.466,0.612,0.571,0.961,0.304,0.458,0.383,0.841,0.357,0.813,0.987,0.673,0.323,0.65,0.458,0.631,0.762,0.792,0.866,0.789,0.722,0.694,0.42
0.402,0.402,0.374,0.374,0.529,0.542,0.179,0.211,0.519,0.639,0.211,0.135,0.233,0.529,0.135,0.211,0.233,0.529,0.539,0.233,0.213,0.593,0.213,0.219,0.233,0.179,0.219,0.211,0.258,0.639,0.258,0.593,0.266,0.205,0.158,0.205,0.575,0.158,0.266,0.575,0.266,0.205,0.493,0.106,0.205,0.575,0.461,0.493,0.052,0.493,0.244,0.26,0.204,0.388,0.577,0.388,0.418,0.505,0.505,0.505,0.47,0.577,0.418,0.577,0.204,0.47,0.247,0.069,0.247,0.133,0.133,0.133,0.39,0.554,0.113,0.372,0.248,0.268,0.217,0.248,0.445,0.554,0.419,0.398,0.067,0.419,0.217,0.367,0.421,0.282,0.554,0.106,0.373,0.421,0.065,0.419,0.681,0.065,0.065,0.381,0.075,0.128,0.24,0.075,0.075,0.143,0.269,0.564,0.564,0.471,0.682,0.593,0.359,0.591,0.308,0.268,0.407,0.147,0.331,0.593,0.279,0.335,0.404,0.353,0.357,0.635,0.179,0.834,0.635,0.858,0.304,0.253,0.316,0.687,0.249,0.305,0.82,0.515,0.895,0.305,0.323,0.368,0.24,0.59,0.323,0.334,0.323,0.305,0.258,0.633,0.742,0.634,0.732,0.316,0.764,0.265,0.4,0.678,0.645,0.747,0.599,0.739,0.711,0.761,0.718,0.859,0.844,0.435
0.997,0.997,0.997,0.997,0.926,0.884,0.986,0.959,0.86,0.964,0.959,0.975,0.976,0.926,0.975,0.959,0.976,0.926,0.219,0.976,0.978,0.955,0.978,0.981,0.976,0.986,0.981,0.959,0.971,0.964,0.971,0.955,0.867,0.972,0.982,0.972,0.799,0.982,0.867,0.799,0.424,0.972,0.822,0.816,0.972,0.799,0.242,0.822,0.973,0.822,0.833,0.472,0.806,0.794,0.983,0.794,0.758,0.988,0.988,0.988,0.899,0.983,0.758,0.983,0.806,0.899,0.969,0.955,0.969,0.854,0.854,0.854,0.607,0.708,0.922,0.19,0.75,0.81,0.757,0.75,0.254,0.708,0.871,0.32,0.95,0.871,0.757,0.262,0.335,0.776,0.708,0.942,0.201,0.297,0.857,0.871,0.247,0.857,0.857,0.254,0.874,0.844,0.796,0.874,0.874,0.882,0.202,0.945,0.945,0.945,0.281,0.714,0.081,0.758,0.442,0.772,0.588,0.847,0.09,0.714,0.214,0.084,0.56,0.113,0.681,0.932,0.76,0.417,0.932,0.222,0.138,0.803,0.161,0.287,0.737,0.94,0.385,0.933,0.407,0.94,0.961,0.55,0.385,0.502,0.961,0.718,0.961,0.94,0.38,0.794,0.516,0.791,0.624,0.729,0.807,0.595,0.682,0.794,0.736,0.489,0.742,0.796,0.595,0.788,0.574,0.883,0.887,0.869
0.596,0.596,0.471,0.471,0.281,0.238,0.576,0.517,0.233,0.264,0.517,0.611,0.462,0.281,0.611,0.517,0.462,0.281,0.89,0.462,0.455,0.303,0.455,0.436,0.462,0.576,0.436,0.517,0.444,0.264,0.444,0.303,0.106,0.402,0.524,0.402,0.155,0.524,0.106,0.155,0.414,0.402,0.355,0.041,0.402,0.155,0.876,0.355,0.173,0.355,0.182,0.415,0.083,0.127,0.138,0.127,0.127,0.314,0.314,0.314,0.249,0.138,0.127,0.138,0.083,0.249,0.379,0.174,0.379,0.698,0.698,0.698,0.488,0.438,0.031,0.85,0.104,0.341,0.059,0.104,0.603,0.438,0.094,0.92,0.184,0.094,0.059,0.871,0.601,0.341,0.438,0.032,0.803,0.912,0.759,0.094,0.65,0.759,0.759,0.813,0.636,0.078,0.327,0.636,0.636,0.359,0.857,0.044,0.044,0.047,0.084,0.068,0.571,0.069,0.912,0.337,0.417,0.127,0.383,0.068,0.785,0.433,0.41,0.377,0.611,0.017,0.399,0.396,0.017,0.182,0.398,0.101,0.398,0.054,0.577,0.064,0.299,0.025,0.341,0.064,0.029,0.432,0.132,0.927,0.029,0.484,0.029,0.064,0.126,0.77,0.929,0.848,0.609,0.488,0.674,0.127,0.21,0.83,0.441,0.948,0.399,0.603,0.594,0.554,0.538,0.397,0.448,0.272
0.398,0.398,0.407,0.407,0.031,0.926,0.79,0.696,0.957,0.648,0.696,0.786,0.644,0.031,0.786,0.696,0.644,0.031,0.252,0.644,0.802,0.617,0.802,0.584,0.644,0.79,0.584,0.696,0.707,0.648,0.707,0.617,0.804,0.934,0.978,0.934,0.058,0.978,0.804,0.058,0.613,0.934,0.108,0.527,0.934,0.058,0.243,0.108,0.663,0.108,0.975,0.572,0.326,0.448,0.05,0.448,0.425,0.123,0.123,0.123,0.937,0.05,0.425,0.05,0.326,0.937,0.917,0.66,0.917,0.97,0.97,0.97,0.817,0.098,0.465,0.415,0.526,0.264,0.543,0.526,0.608,0.098,0.116,0.422,0.666,0.116,0.543,0.428,0.652,0.399,0.098,0.471,0.415,0.453,0.997,0.116,0.255,0.997,0.997,0.408,0.995,0.109,0.305,0.995,0.995,0.437,0.518,0.139,0.139,0.089,0.141,0.103,0.829,0.068,0.513,0.435,0.673,0.111,0.862,0.103,0.481,0.844,0.67,0.911,0.563,0.12,0.403,0.077,0.12,0.073,0.868,0.115,0.871,0.072,0.471,0.145,0.074,0.07,0.113,0.145,0.145,0.497,0.837,0.221,0.145,0.385,0.145,0.145,0.837,0.307,0.282,0.161,0.202,0.436,0.206,0.671,0.397,0.148,0.228,0.252,0.252,0.186,0.154,0.185,0.163,0.184,0.269,0.385
0.417,0.417,0.415,0.415,0.788,0.156,0.899,0.933,0.16,0.735,0.933,0.931,0.97,0.788,0.931,0.933,0.97,0.788,0.772,0.97,0.442,0.758,0.442,0.947,0.97,0.899,0.947,0.933,0.94,0.735,0.94,0.758,0.852,0.973,0.884,0.973,0.942,0.884,0.852,0.942,0.313,0.973,0.947,0.259,0.973,0.942,0.767,0.947,0.378,0.947,0.186,0.285,0.621,0.864,0.918,0.864,0.811,0.908,0.908,0.908,0.828,0.918,0.811,0.918,0.621,0.828,0.974,0.399,0.974,0.546,0.546,0.546,0.125,0.898,0.147,0.175,0.827,0.362,0.785,0.827,0.24,0.898,0.45,0.149,0.404,0.45,0.785,0.162,0.204,0.382,0.898,0.15,0.18,0.158,0.459,0.45,0.784,0.459,0.459,0.165,0.482,0.539,0.501,0.482,0.482,0.212,0.129,0.915,0.915,0.922,0.384,0.739,0.123,0.747,0.118,0.4,0.28,0.518,0.123,0.739,0.164,0.123,0.271,0.085,0.179,0.924,0.171,0.501,0.924,0.54,0.09,0.332,0.09,0.514,0.167,0.708,0.485,0.938,0.445,0.708,0.693,0.226,0.689,0.223,0.693,0.352,0.693,0.708,0.707,0.095,0.175,0.112,0.579,0.362,0.627,0.582,0.314,0.116,0.542,0.192,0.536,0.535,0.662,0.65,0.695,0.346,0.347,0.265
0.016,0.016,0.02,0.02,0.498,0.906,0.047,0.077,0.885,0.123,0.077,0.037,0.093,0.498,0.037,0.077,0.093,0.498,0.685,0.093,0.016,0.137,0.016,0.098,0.093,0.047,0.098,0.077,0.085,0.123,0.085,0.137,0.138,0.109,0.049,0.109,0.536,0.049,0.138,0.536,0.066,0.109,0.926,0.02,0.109,0.536,0.925,0.926,0.06,0.926,0.835,0.05,0.819,0.216,0.493,0.216,0.22,0.912,0.912,0.912,0.105,0.493,0.22,0.493,0.819,0.105,0.105,0.048,0.105,0.81,0.81,0.81,0.078,0.55,0.026,0.207,0.584,0.153,0.555,0.584,0.085,0.55,0.507,0.172,0.064,0.507,0.555,0.204,0.076,0.09,0.55,0.026,0.22,0.161,0.753,0.507,0.231,0.753,0.753,0.219,0.723,0.626,0.17,0.723,0.723,0.108,0.219,0.943,0.943,0.947,0.552,0.776,0.736,0.634,0.204,0.089,0.24,0.654,0.717,0.776,0.238,0.732,0.251,0.747,0.064,0.945,0.085,0.777,0.945,0.673,0.717,0.869,0.725,0.476,0.152,0.336,0.743,0.821,0.845,0.336,0.267,0.227,0.518,0.589,0.267,0.181,0.267,0.336,0.511,0.778,0.406,0.656,0.266,0.158,0.278,0.54,0.088,0.66,0.283,0.669,0.274,0.273,0.286,0.271,0.271,0.203,0.183,0.054
0.064,0.064,0.25,0.25,0.799,0.673,0.758,0.234,0.647,0.256,0.234,0.259,0.618,0.799,0.259,0.234,0.618,0.799,0.92,0.618,0.128,0.124,0.128,0.6,0.618,0.758,0.6,0.234,0.191,0.256,0.191,0.124,0.444,0.248,0.162,0.248,0.997,0.162,0.444,0.997,0.192,0.248,0.996,0.314,0.248,0.997,0.884,0.996,0.642,0.996,0.804,0.186,0.809,0.09,0.905,0.09,0.088,0.923,0.923,0.923,0.115,0.905,0.088,0.905,0.809,0.115,0.25,0.927,0.25,0.908,0.908,0.908,0.363,0.871,0.519,0.325,0.901,0.917,0.904,0.901,0.373,0.871,0.866,0.342,0.866,0.866,0.904,0.287,0.393,0.459,0.871,0.482,0.342,0.324,0.961,0.866,0.712,0.961,0.961,0.291,0.979,0.874,0.878,0.979,0.979,0.809,0.559,0.903,0.903,0.917,0.889,0.882,0.981,0.859,0.482,0.427,0.194,0.896,0.988,0.882,0.581,0.988,0.181,0.95,0.62,0.901,0.571,0.173,0.901,0.987,0.917,0.83,0.923,0.927,0.607,0.968,0.118,0.919,0.208,0.968,0.979,0.214,0.746,0.667,0.979,0.526,0.979,0.968,0.729,0.505,0.699,0.61,0.233,0.547,0.177,0.782,0.163,0.536,0.138,0.716,0.156,0.195,0.221,0.165,0.199,0.084,0.073,0.375
0.138,0.138,0.124,0.124,0.088,0.578,0.255,0.742,0.575,0.831,0.742,0.281,0.782,0.088,0.281,0.742,0.782,0.088,0.566,0.782,0.184,0.846,0.184,0.799,0.782,0.255,0.799,0.742,0.797,0.831,0.797,0.846,0.996,0.843,0.5,0.843,0.33,0.5,0.996,0.33,0.199,0.843,0.306,0.929,0.843,0.33,0.555,0.306,0.993,0.306,0.831,0.231,0.028,0.648,0.23,0.648,0.614,0.128,0.128,0.128,0.922,0.23,0.614,0.23,0.028,0.922,0.888,0.992,0.888,0.067,0.067,0.067,0.398,0.143,0.92,0.196,0.063,0.995,0.073,0.063,0.188,0.143,0.032,0.283,0.99,0.032,0.073,0.222,0.283,0.997,0.143,0.96,0.149,0.242,0.211,0.032,0.105,0.211,0.211,0.188,0.226,0.11,0.991,0.226,0.226,0.996,0.428,0.428,0.428,0.429,0.747,0.351,0.712,0.45,0.497,0.995,0.781,0.099,0.621,0.351,0.361,0.712,0.789,0.665,0.454,0.568,0.998,0.82,0.568,0.313,0.612,0.031,0.59,0.622,1.0,0.082,0.793,0.631,0.586,0.082,0.086,0.839,0.114,0.727,0.086,0.998,0.086,0.082,0.116,0.543,0.831,0.531,0.436,0.998,0.524,0.118,0.871,0.553,0.601,0.853,0.708,0.428,0.476,0.464,0.371,0.753,0.766,0.557
0.346,0.346,0.448,0.448,0.022,0.541,0.472,0.643,0.553,0.455,0.643,0.408,0.621,0.022,0.408,0.643,0.621,0.022,0.352,0.621,0.315,0.562,0.315,0.556,0.621,0.472,0.556,0.643,0.586,0.455,0.586,0.562,0.365,0.242,0.377,0.242,0.055,0.377,0.365,0.055,0.282,0.242,0.056,0.116,0.242,0.055,0.341,0.056,0.082,0.056,0.374,0.283,0.007,0.41,0.054,0.41,0.409,0.06,0.06,0.06,0.317,0.054,0.409,0.054,0.007,0.317,0.239,0.068,0.239,0.005,0.005,0.005,0.281,0.048,0.133,0.423,0.02,0.118,0.019,0.02,0.663,0.048,0.012,0.585,0.066,0.012,0.019,0.48,0.639,0.112,0.048,0.116,0.451,0.597,0.005,0.012,0.162,0.005,0.005,0.512,0.007,0.022,0.114,0.007,0.007,0.107,0.389,0.037,0.037,0.051,0.189,0.111,0.077,0.114,0.495,0.114,0.2,0.024,0.091,0.111,0.413,0.095,0.197,0.112,0.559,0.048,0.127,0.444,0.048,0.22,0.122,0.012,0.146,0.211,0.091,0.031,0.44,0.062,0.279,0.031,0.032,0.155,0.498,0.151,0.032,0.085,0.032,0.031,0.508,0.037,0.133,0.067,0.171,0.084,0.238,0.601,0.351,0.053,0.339,0.11,0.304,0.188,0.234,0.313,0.291,0.386,0.48,0.304
0.543,0.543,0.503,0.503,0.868,0.859,0.462,0.731,0.865,0.516,0.731,0.45,0.712,0.868,0.45,0.731,0.712,0.868,0.513,0.712,0.65,0.529,0.65,0.699,0.712,0.462,0.699,0.731,0.734,0.516,0.734,0.529,0.957,0.898,0.568,0.898,0.694,0.568,0.957,0.694,0.559,0.898,0.672,0.614,0.898,0.694,0.488,0.672,0.63,0.672,0.914,0.57,0.941,0.92,0.704,0.92,0.923,0.575,0.575,0.575,0.727,0.704,0.923,0.704,0.941,0.727,0.866,0.8,0.866,0.952,0.952,0.952,0.512,0.87,0.969,0.317,0.432,0.93,0.445,0.432,0.474,0.87,0.971,0.36,0.757,0.971,0.445,0.336,0.467,0.945,0.87,0.959,0.294,0.336,0.245,0.971,0.535,0.245,0.245,0.333,0.211,0.353,0.913,0.211,0.211,0.869,0.314,0.109,0.109,0.097,0.1,0.15,0.16,0.202,0.316,0.922,0.82,0.413,0.178,0.15,0.289,0.168,0.8,0.23,0.477,0.123,0.907,0.921,0.123,0.114,0.228,0.881,0.235,0.1,0.837,0.578,0.953,0.116,0.859,0.578,0.528,0.787,0.319,0.918,0.528,0.896,0.528,0.578,0.349,0.777,0.943,0.804,0.757,0.899,0.76,0.386,0.939,0.776,0.921,0.904,0.902,0.669,0.78,0.76,0.813,0.607,0.599,0.381
0.087,0.087,0.107,0.107,0.023,0.682,0.361,0.499,0.663,0.27,0.499,0.391,0.506,0.023,0.391,0.499,0.506,0.023,0.48,0.506,0.068,0.305,0.068,0.466,0.506,0.361,0.466,0.499,0.438,0.27,0.438,0.305,0.51,0.313,0.328,0.313,0.067,0.328,0.51,0.067,0.8,0.313,0.049,0.838,0.313,0.067,0.49,0.049,0.976,0.049,0.577,0.811,0.004,0.491,0.047,0.491,0.527,0.046,0.046,0.046,0.191,0.047,0.527,0.047,0.004,0.191,0.28,0.957,0.28,0.014,0.014,0.014,0.79,0.029,0.804,0.845,0.006,0.92,0.008,0.006,0.937,0.029,0.016,0.891,0.967,0.016,0.008,0.873,0.957,0.962,0.029,0.809,0.854,0.868,0.043,0.016,0.379,0.043,0.043,0.871,0.037,0.044,0.877,0.037,0.037,0.926,0.936,0.091,0.091,0.142,0.277,0.272,0.848,0.243,0.95,0.902,0.477,0.047,0.847,0.272,0.941,0.875,0.529,0.859,0.976,0.175,0.94,0.833,0.175,0.614,0.942,0.028,0.927,0.3,0.103,0.019,0.775,0.23,0.807,0.019,0.028,0.538,0.952,0.63,0.028,0.187,0.028,0.019,0.96,0.516,0.658,0.353,0.455,0.176,0.317,0.974,0.307,0.398,0.48,0.65,0.484,0.346,0.422,0.305,0.426,0.395,0.442,0.668
0.919,0.919,0.977,0.977,0.506,0.728,0.515,0.397,0.714,0.203,0.397,0.426,0.421,0.506,0.426,0.397,0.421,0.506,0.308,0.421,0.761,0.226,0.761,0.422,0.421,0.515,0.422,0.397,0.366,0.203,0.366,0.226,0.488,0.38,0.438,0.38,0.217,0.438,0.488,0.217,0.109,0.38,0.341,0.949,0.38,0.217,0.313,0.341,0.994,0.341,0.681,0.122,0.165,0.539,0.157,0.539,0.514,0.135,0.135,0.135,0.224,0.157,0.514,0.157,0.165,0.224,0.256,0.968,0.256,0.215,0.215,0.215,0.15,0.455,0.918,0.065,0.021,0.967,0.017,0.021,0.095,0.455,0.228,0.073,0.959,0.228,0.017,0.048,0.095,0.938,0.455,0.917,0.063,0.1,0.008,0.228,0.572,0.008,0.008,0.055,0.009,0.053,0.963,0.009,0.009,0.995,0.084,0.162,0.162,0.249,0.371,0.066,0.23,0.098,0.097,0.94,0.703,0.052,0.225,0.066,0.072,0.225,0.714,0.266,0.081,0.1,0.972,0.455,0.1,0.061,0.238,0.349,0.262,0.349,0.949,0.06,0.465,0.188,0.429,0.06,0.052,0.727,0.447,0.461,0.052,0.962,0.052,0.06,0.456,0.23,0.491,0.273,0.543,0.977,0.496,0.507,0.588,0.236,0.571,0.426,0.58,0.557,0.534,0.546,0.542,0.351,0.341,0.637
0.862,0.862,0.953,0.953,0.267,0.976,0.881,0.836,0.961,0.739,0.836,0.941,0.853,0.267,0.941,0.836,0.853,0.267,0.18,0.853,0.873,0.778,0.873,0.846,0.853,0.881,0.846,0.836,0.804,0.739,0.804,0.778,0.58,0.665,0.702,0.665,0.237,0.702,0.58,0.237,0.416,0.665,0.229,0.011,0.665,0.237,0.345,0.229,0.003,0.229,0.811,0.363,0.218,0.355,0.289,0.355,0.34,0.286,0.286,0.286,0.738,0.289,0.34,0.289,0.218,0.738,0.712,0.003,0.712,0.39,0.39,0.39,0.27,0.223,0.016,0.116,0.262,0.001,0.27,0.262,0.317,0.223,0.266,0.146,0.003,0.266,0.27,0.131,0.281,0.001,0.223,0.015,0.082,0.133,0.427,0.266,0.33,0.427,0.427,0.103,0.446,0.369,0.001,0.446,0.446,0.001,0.107,0.249,0.249,0.284,0.714,0.525,0.031,0.548,0.137,0.001,0.003,0.349,0.027,0.525,0.099,0.018,0.003,0.023,0.182,0.303,0.001,0.581,0.303,0.672,0.014,0.343,0.013,0.714,0.001,0.284,0.48,0.327,0.468,0.284,0.29,0.004,0.817,0.549,0.29,0.002,0.29,0.284,0.897,0.475,0.599,0.408,0.684,0.002,0.761,0.926,0.905,0.411,0.744,0.558,0.744,0.664,0.783,0.702,0.698,0.857,0.813,0.839
0.643,0.643,0.473,0.473,0.665,0.534,0.704,0.691,0.561,0.817,0.691,0.631,0.793,0.665,0.631,0.691,0.793,0.665,0.529,0.793,0.791,0.667,0.791,0.795,0.793,0.704,0.795,0.691,0.728,0.817,0.728,0.667,0.825,0.671,0.526,0.671,0.295,0.526,0.825,0.295,0.644,0.671,0.244,0.068,0.671,0.295,0.351,0.244,0.269,0.244,0.491,0.609,0.356,0.993,0.607,0.993,0.993,0.605,0.605,0.605,0.803,0.607,0.993,0.607,0.356,0.803,0.685,0.181,0.685,0.208,0.208,0.208,0.71,0.521,0.046,0.381,0.4,0.325,0.286,0.4,0.389,0.521,0.488,0.448,0.196,0.488,0.286,0.396,0.4,0.52,0.521,0.042,0.396,0.469,0.261,0.488,0.562,0.261,0.261,0.403,0.166,0.374,0.358,0.166,0.166,0.628,0.399,0.282,0.282,0.351,0.429,0.634,0.257,0.749,0.499,0.542,0.789,0.52,0.237,0.634,0.458,0.246,0.764,0.267,0.476,0.306,0.69,0.349,0.306,0.478,0.297,0.242,0.309,0.371,0.733,0.557,0.315,0.377,0.277,0.557,0.595,0.853,0.883,0.379,0.595,0.548,0.595,0.557,0.874,0.299,0.387,0.246,0.413,0.567,0.402,0.96,0.353,0.249,0.474,0.364,0.491,0.397,0.375,0.376,0.347,0.564,0.568,0.517
0.411,0.411,0.416,0.416,0.408,0.215,0.513,0.685,0.204,0.754,0.685,0.53,0.575,0.408,0.53,0.685,0.575,0.408,0.897,0.575,0.336,0.817,0.336,0.604,0.575,0.513,0.604,0.685,0.708,0.754,0.708,0.817,0.339,0.43,0.305,0.43,0.938,0.305,0.339,0.938,0.462,0.43,0.915,0.393,0.43,0.938,0.821,0.915,0.291,0.915,0.132,0.624,0.912,0.597,0.958,0.597,0.61,0.929,0.929,0.929,0.564,0.958,0.61,0.958,0.912,0.564,0.449,0.346,0.449,0.929,0.929,0.929,0.494,0.427,0.425,0.555,0.968,0.433,0.966,0.968,0.547,0.427,0.656,0.525,0.372,0.656,0.966,0.532,0.515,0.487,0.427,0.445,0.61,0.558,0.996,0.656,0.155,0.996,0.996,0.588,0.999,0.859,0.455,0.999,0.999,0.481,0.448,0.759,0.759,0.746,0.645,0.704,0.52,0.7,0.462,0.485,0.643,0.849,0.492,0.704,0.513,0.481,0.625,0.586,0.384,0.826,0.523,0.927,0.826,0.436,0.525,0.743,0.541,0.666,0.622,0.86,0.883,0.802,0.894,0.86,0.77,0.918,0.064,0.648,0.77,0.56,0.77,0.86,0.06,0.787,0.811,0.731,0.846,0.516,0.772,0.068,0.968,0.77,0.824,0.788,0.834,0.807,0.73,0.78,0.742,0.789,0.775,0.785
0.842,0.842,0.805,0.805,0.067,0.731,0.874,0.876,0.616,0.995,0.876,0.9,0.833,0.067,0.9,0.876,0.833,0.067,0.145,0.833,0.798,0.999,0.798,0.871,0.833,0.874,0.871,0.876,0.927,0.995,0.927,0.999,0.684,0.682,0.828,0.682,0.563,0.828,0.684,0.563,0.948,0.682,0.36,0.824,0.682,0.563,0.11,0.36,0.696,0.36,0.586,0.945,0.344,0.868,0.586,0.868,0.856,0.509,0.509,0.509,0.962,0.586,0.856,0.586,0.344,0.962,0.748,0.636,0.748,0.206,0.206,0.206,0.676,0.247,0.774,0.758,0.756,0.849,0.761,0.756,0.837,0.247,0.056,0.708,0.633,0.056,0.761,0.735,0.872,0.847,0.247,0.792,0.76,0.715,0.246,0.056,0.176,0.246,0.246,0.735,0.271,0.071,0.851,0.271,0.271,0.732,0.59,0.443,0.443,0.29,0.851,0.523,0.791,0.342,0.571,0.863,0.561,0.069,0.771,0.523,0.55,0.785,0.515,0.891,0.748,0.5,0.708,0.999,0.5,0.574,0.861,0.061,0.856,0.891,0.853,0.136,0.999,0.29,0.989,0.136,0.154,0.443,0.667,0.953,0.154,0.805,0.154,0.136,0.664,0.977,0.993,0.971,0.908,0.861,0.963,0.633,0.877,0.975,0.938,0.993,0.922,0.931,0.973,0.973,0.979,0.794,0.781,0.782
0.187,0.187,0.177,0.177,0.171,0.698,0.325,0.327,0.655,0.186,0.327,0.386,0.268,0.171,0.386,0.327,0.268,0.171,0.375,0.268,0.166,0.234,0.166,0.268,0.268,0.325,0.268,0.327,0.291,0.186,0.291,0.234,0.108,0.181,0.266,0.181,0.388,0.266,0.108,0.388,0.565,0.181,0.304,0.279,0.181,0.388,0.311,0.304,0.37,0.304,0.626,0.545,0.183,0.194,0.409,0.194,0.199,0.318,0.318,0.318,0.14,0.409,0.199,0.409,0.183,0.14,0.186,0.528,0.186,0.031,0.031,0.031,0.599,0.182,0.306,0.618,0.204,0.85,0.263,0.204,0.64,0.182,0.241,0.692,0.405,0.241,0.263,0.609,0.619,0.873,0.182,0.274,0.584,0.72,0.089,0.241,0.295,0.089,0.089,0.572,0.127,0.228,0.78,0.127,0.127,0.666,0.622,0.26,0.26,0.285,0.161,0.267,0.745,0.268,0.731,0.799,0.644,0.24,0.741,0.267,0.591,0.736,0.765,0.475,0.572,0.295,0.719,0.269,0.295,0.232,0.453,0.189,0.437,0.192,0.815,0.185,0.27,0.313,0.24,0.185,0.304,0.717,0.616,0.445,0.304,0.925,0.304,0.185,0.59,0.214,0.524,0.195,0.564,0.837,0.363,0.498,0.642,0.2,0.554,0.431,0.56,0.459,0.448,0.386,0.474,0.177,0.279,0.169
0.1,0.1,0.114,0.114,0.621,0.079,0.243,0.177,0.061,0.209,0.177,0.25,0.241,0.621,0.25,0.177,0.241,0.621,0.243,0.241,0.051,0.192,0.051,0.234,0.241,0.243,0.234,0.177,0.164,0.209,0.164,0.192,0.141,0.077,0.078,0.077,0.512,0.078,0.141,0.512,0.422,0.077,0.835,0.845,0.077,0.512,0.306,0.835,0.572,0.835,0.039,0.337,0.967,0.4,0.487,0.4,0.457,0.817,0.817,0.817,0.083,0.487,0.457,0.487,0.967,0.083,0.074,0.732,0.074,0.933,0.933,0.933,0.255,0.828,0.727,0.339,0.625,0.689,0.668,0.625,0.234,0.828,0.973,0.186,0.696,0.973,0.668,0.329,0.232,0.721,0.828,0.816,0.33,0.193,0.548,0.973,0.339,0.548,0.548,0.329,0.56,0.739,0.535,0.56,0.56,0.443,0.36,0.306,0.306,0.268,0.276,0.245,0.264,0.251,0.15,0.673,0.349,0.745,0.27,0.245,0.344,0.267,0.374,0.33,0.143,0.26,0.453,0.31,0.26,0.169,0.325,0.965,0.322,0.157,0.436,0.755,0.358,0.208,0.23,0.755,0.8,0.27,0.313,0.135,0.8,0.556,0.8,0.755,0.344,0.056,0.165,0.066,0.336,0.618,0.418,0.397,0.049,0.069,0.059,0.159,0.06,0.236,0.431,0.35,0.435,0.294,0.292,0.18
0.037,0.037,0.07,0.07,0.221,0.911,0.078,0.531,0.896,0.548,0.531,0.045,0.481,0.221,0.045,0.531,0.481,0.221,0.01,0.481,0.053,0.6,0.053,0.532,0.481,0.078,0.532,0.531,0.603,0.548,0.603,0.6,0.578,0.413,0.052,0.413,0.062,0.052,0.578,0.062,0.173,0.413,0.061,0.091,0.413,0.062,0.006,0.061,0.196,0.061,0.743,0.173,0.316,0.848,0.058,0.848,0.859,0.049,0.049,0.049,0.485,0.058,0.859,0.058,0.316,0.485,0.446,0.257,0.446,0.302,0.302,0.302,0.388,0.176,0.121,0.367,0.32,0.272,0.34,0.32,0.321,0.176,0.454,0.332,0.27,0.454,0.34,0.358,0.304,0.277,0.176,0.122,0.366,0.351,0.203,0.454,0.194,0.203,0.203,0.357,0.203,0.582,0.264,0.203,0.203,0.272,0.458,0.184,0.184,0.159,0.313,0.575,0.709,0.608,0.455,0.265,0.511,0.585,0.702,0.575,0.41,0.699,0.486,0.748,0.428,0.235,0.324,0.731,0.235,0.825,0.722,0.382,0.722,0.38,0.346,0.602,0.684,0.19,0.728,0.602,0.604,0.343,0.18,0.245,0.604,0.306,0.604,0.602,0.19,0.119,0.403,0.18,0.095,0.302,0.055,0.2,0.506,0.193,0.043,0.365,0.082,0.113,0.047,0.057,0.048,0.247,0.233,0.686
0.908,0.908,0.986,0.986,0.763,0.916,0.933,0.674,0.849,0.475,0.674,0.865,0.75,0.763,0.865,0.674,0.75,0.763,0.798,0.75,0.936,0.541,0.936,0.727,0.75,0.933,0.727,0.674,0.717,0.475,0.717,0.541,0.289,0.564,0.825,0.564,0.86,0.825,0.289,0.86,0.646,0.564,0.885,0.998,0.564,0.86,0.836,0.885,0.832,0.885,0.665,0.631,0.782,0.267,0.896,0.267,0.29,0.922,0.922,0.922,0.503,0.896,0.29,0.896,0.782,0.503,0.574,0.521,0.574,0.893,0.893,0.893,0.422,0.694,0.901,0.646,0.872,0.511,0.892,0.872,0.633,0.694,0.755,0.705,0.502,0.755,0.892,0.6,0.592,0.583,0.694,0.901,0.637,0.729,0.726,0.755,0.94,0.726,0.726,0.598,0.773,0.776,0.498,0.773,0.773,0.806,0.312,0.962,0.962,0.98,0.825,0.668,0.436,0.567,0.361,0.607,0.375,0.757,0.423,0.668,0.298,0.423,0.398,0.319,0.403,0.967,0.736,0.71,0.967,0.927,0.339,0.792,0.303,0.809,0.379,0.764,0.914,0.954,0.585,0.764,0.791,0.203,0.756,0.723,0.791,0.315,0.791,0.764,0.77,0.601,0.71,0.589,0.785,0.315,0.857,0.911,0.916,0.597,0.912,0.661,0.864,0.745,0.892,0.948,0.946,0.924,0.972,0.945
0.748,0.748,0.84,0.84,0.077,0.553,0.611,0.509,0.521,0.579,0.509,0.58,0.525,0.077,0.58,0.509,0.525,0.077,0.916,0.525,0.626,0.599,0.626,0.507,0.525,0.611,0.507,0.509,0.518,0.579,0.518,0.599,0.533,0.41,0.653,0.41,0.405,0.653,0.533,0.405,0.738,0.41,0.455,0.854,0.41,0.405,0.872,0.455,0.979,0.455,0.366,0.82,0.06,0.661,0.366,0.661,0.656,0.416,0.416,0.416,0.516,0.366,0.656,0.366,0.06,0.516,0.393,0.802,0.393,0.051,0.051,0.051,0.686,0.034,0.778,0.153,0.228,0.661,0.246,0.228,0.219,0.034,0.079,0.239,0.745,0.079,0.246,0.144,0.215,0.713,0.034,0.755,0.165,0.25,0.373,0.079,0.315,0.373,0.373,0.155,0.34,0.202,0.557,0.34,0.34,0.703,0.137,0.498,0.498,0.476,0.28,0.419,0.684,0.427,0.347,0.724,0.884,0.208,0.483,0.419,0.137,0.562,0.888,0.549,0.287,0.508,0.72,0.462,0.508,0.342,0.484,0.051,0.482,0.266,0.784,0.22,0.425,0.483,0.575,0.22,0.218,0.857,0.587,0.392,0.218,0.694,0.218,0.22,0.573,0.859,0.346,0.829,0.423,0.698,0.44,0.637,0.283,0.839,0.354,0.306,0.324,0.39,0.417,0.483,0.454,0.391,0.404,0.369
0.965,0.965,0.866,0.866,0.177,0.404,0.759,0.734,0.343,0.725,0.734,0.803,0.684,0.177,0.803,0.734,0.684,0.177,0.501,0.684,0.683,0.749,0.683,0.743,0.684,0.759,0.743,0.734,0.78,0.725,0.78,0.749,0.229,0.543,0.597,0.543,0.347,0.597,0.229,0.347,0.692,0.543,0.234,0.89,0.543,0.347,0.382,0.234,0.984,0.234,0.273,0.678,0.285,0.425,0.241,0.425,0.436,0.206,0.206,0.206,0.482,0.241,0.436,0.241,0.285,0.482,0.538,0.898,0.538,0.124,0.124,0.124,0.509,0.181,0.841,0.641,0.255,0.462,0.284,0.255,0.631,0.181,0.126,0.704,0.918,0.126,0.284,0.63,0.591,0.536,0.181,0.783,0.695,0.682,0.189,0.126,0.2,0.189,0.189,0.689,0.21,0.07,0.444,0.21,0.21,0.42,0.764,0.419,0.419,0.493,0.601,0.57,0.406,0.529,0.673,0.512,0.753,0.056,0.395,0.57,0.811,0.357,0.771,0.461,0.574,0.555,0.521,0.147,0.555,0.576,0.41,0.072,0.362,0.481,0.463,0.14,0.101,0.571,0.146,0.14,0.153,0.689,0.994,0.852,0.153,0.544,0.153,0.14,0.989,0.729,0.773,0.808,0.211,0.55,0.345,0.999,0.071,0.777,0.096,0.756,0.095,0.244,0.316,0.29,0.265,0.09,0.087,0.031
0.077,0.077,0.06,0.06,0.407,0.571,0.065,0.045,0.602,0.051,0.045,0.074,0.055,0.407,0.074,0.045,0.055,0.407,0.299,0.055,0.111,0.069,0.111,0.043,0.055,0.065,0.043,0.045,0.05,0.051,0.05,0.069,0.072,0.074,0.103,0.074,0.221,0.103,0.072,0.221,0.321,0.074,0.21,0.686,0.074,0.221,0.379,0.21,0.44,0.21,0.458,0.373,0.837,0.099,0.321,0.099,0.104,0.472,0.472,0.472,0.08,0.321,0.104,0.321,0.837,0.08,0.066,0.428,0.066,0.638,0.638,0.638,0.294,0.62,0.665,0.204,0.606,0.632,0.705,0.606,0.307,0.62,0.831,0.224,0.426,0.831,0.705,0.191,0.294,0.714,0.62,0.676,0.195,0.232,0.537,0.831,0.407,0.537,0.537,0.183,0.657,0.619,0.654,0.657,0.657,0.719,0.195,0.016,0.016,0.032,0.086,0.038,0.315,0.043,0.239,0.8,0.296,0.533,0.304,0.038,0.189,0.271,0.28,0.391,0.335,0.025,0.848,0.132,0.025,0.091,0.362,0.674,0.363,0.074,0.92,0.741,0.137,0.039,0.149,0.741,0.821,0.442,0.375,0.037,0.821,0.817,0.821,0.741,0.368,0.204,0.065,0.296,0.289,0.849,0.411,0.365,0.144,0.365,0.111,0.069,0.122,0.281,0.378,0.433,0.393,0.205,0.185,0.08
0.316,0.316,0.319,0.319,0.185,0.227,0.444,0.236,0.232,0.459,0.236,0.314,0.305,0.185,0.314,0.236,0.305,0.185,0.88,0.305,0.293,0.281,0.293,0.354,0.305,0.444,0.354,0.236,0.311,0.459,0.311,0.281,0.657,0.161,0.261,0.161,0.625,0.261,0.657,0.625,0.56,0.161,0.46,0.591,0.161,0.625,0.611,0.46,0.581,0.46,0.178,0.607,0.772,0.87,0.648,0.87,0.89,0.495,0.495,0.495,0.235,0.648,0.89,0.648,0.772,0.235,0.206,0.671,0.206,0.869,0.869,0.869,0.695,0.41,0.592,0.509,0.762,0.54,0.736,0.762,0.682,0.41,0.905,0.614,0.687,0.905,0.736,0.511,0.684,0.605,0.41,0.585,0.493,0.623,0.924,0.905,0.442,0.924,0.924,0.504,0.902,0.664,0.542,0.902,0.902,0.465,0.43,0.333,0.333,0.319,0.454,0.543,0.162,0.569,0.537,0.613,0.276,0.697,0.126,0.543,0.414,0.134,0.266,0.174,0.613,0.586,0.417,0.031,0.586,0.479,0.167,0.714,0.179,0.538,0.443,0.631,0.023,0.525,0.023,0.631,0.62,0.482,0.992,0.01,0.62,0.399,0.62,0.631,0.992,0.003,0.021,0.008,0.25,0.402,0.329,0.99,0.175,0.01,0.373,0.023,0.361,0.295,0.325,0.218,0.262,0.179,0.17,0.04
0.414,0.414,0.382,0.382,0.419,0.16,0.297,0.401,0.143,0.289,0.401,0.331,0.335,0.419,0.331,0.401,0.335,0.419,0.703,0.335,0.244,0.334,0.244,0.325,0.335,0.297,0.325,0.401,0.391,0.289,0.391,0.334,0.235,0.241,0.238,0.241,0.598,0.238,0.235,0.598,0.858,0.241,0.598,0.756,0.241,0.598,0.676,0.598,0.8,0.598,0.089,0.825,0.351,0.606,0.502,0.606,0.612,0.64,0.64,0.64,0.185,0.502,0.612,0.502,0.351,0.185,0.194,0.858,0.194,0.299,0.299,0.299,0.596,0.503,0.617,0.504,0.302,0.247,0.309,0.302,0.482,0.503,0.312,0.581,0.612,0.312,0.309,0.492,0.45,0.278,0.503,0.58,0.495,0.58,0.217,0.312,0.625,0.217,0.217,0.479,0.178,0.313,0.285,0.178,0.178,0.223,0.468,0.865,0.865,0.832,0.767,0.787,0.663,0.82,0.553,0.28,0.551,0.309,0.653,0.787,0.445,0.652,0.537,0.788,0.576,0.878,0.182,0.534,0.878,0.705,0.758,0.328,0.766,0.826,0.247,0.337,0.516,0.854,0.612,0.337,0.324,0.357,0.842,0.621,0.324,0.39,0.324,0.337,0.822,0.572,0.639,0.467,0.788,0.405,0.866,0.804,0.828,0.522,0.927,0.665,0.884,0.776,0.819,0.793,0.79,0.32,0.315,0.407
0.288,0.288,0.383,0.383,0.99,0.188,0.353,0.158,0.172,0.19,0.158,0.178,0.27,0.99,0.178,0.158,0.27,0.99,0.899,0.27,0.291,0.156,0.291,0.269,0.27,0.353,0.269,0.158,0.2,0.19,0.2,0.156,0.17,0.441,0.352,0.441,0.634,0.352,0.17,0.634,0.334,0.441,0.823,0.47,0.441,0.634,0.918,0.823,0.637,0.823,0.605,0.368,0.883,0.041,0.793,0.041,0.037,0.885,0.885,0.885,0.241,0.793,0.037,0.793,0.883,0.241,0.457,0.467,0.457,0.846,0.846,0.846,0.507,0.934,0.322,0.34,0.694,0.579,0.644,0.694,0.504,0.934,0.903,0.38,0.503,0.903,0.644,0.323,0.496,0.581,0.934,0.311,0.283,0.414,0.54,0.903,0.915,0.54,0.54,0.262,0.404,0.72,0.462,0.404,0.404,0.459,0.427,0.819,0.819,0.911,0.993,0.762,0.844,0.87,0.48,0.471,0.908,0.779,0.856,0.762,0.391,0.9,0.918,0.943,0.474,0.814,0.493,0.517,0.814,0.895,0.885,0.901,0.915,0.971,0.768,0.812,0.535,0.842,0.554,0.812,0.786,0.83,0.399,0.81,0.786,0.553,0.786,0.812,0.383,0.919,0.684,0.892,0.791,0.451,0.725,0.425,0.743,0.895,0.569,0.901,0.582,0.778,0.751,0.784,0.799,0.53,0.497,0.473
0.791,0.791,0.799,0.799,0.985,0.885,0.463,0.382,0.911,0.715,0.382,0.55,0.366,0.985,0.55,0.382,0.366,0.985,0.968,0.366,0.76,0.681,0.76,0.643,0.366,0.463,0.643,0.382,0.645,0.715,0.645,0.681,0.979,0.562,0.687,0.562,0.996,0.687,0.979,0.996,0.494,0.562,0.984,0.609,0.562,0.996,0.952,0.984,0.308,0.984,0.896,0.499,0.943,0.824,0.998,0.824,0.792,0.996,0.996,0.996,0.949,0.998,0.792,0.998,0.943,0.949,0.762,0.301,0.762,0.938,0.938,0.938,0.558,0.971,0.604,0.472,0.977,0.324,0.993,0.977,0.767,0.971,0.934,0.641,0.332,0.934,0.993,0.477,0.735,0.289,0.971,0.582,0.499,0.633,0.938,0.934,0.985,0.938,0.938,0.511,0.97,0.835,0.38,0.97,0.97,0.804,0.652,0.975,0.975,0.874,0.217,0.685,0.216,0.76,0.648,0.327,0.92,0.797,0.196,0.685,0.569,0.194,0.776,0.269,0.816,0.916,0.726,0.12,0.916,0.219,0.376,0.772,0.359,0.236,0.595,0.992,0.295,0.753,0.119,0.992,0.985,0.945,0.151,0.513,0.985,0.358,0.985,0.992,0.154,0.5,0.625,0.559,0.195,0.398,0.304,0.24,0.522,0.567,0.55,0.611,0.577,0.167,0.37,0.414,0.531,0.305,0.345,0.629
0.858,0.858,0.796,0.796,0.274,0.292,0.72,0.71,0.281,0.467,0.71,0.837,0.623,0.274,0.837,0.71,0.623,0.274,0.304,0.623,0.602,0.522,0.602,0.607,0.623,0.72,0.607,0.71,0.701,0.467,0.701,0.522,0.188,0.559,0.594,0.559,0.263,0.594,0.188,0.263,0.832,0.559,0.132,0.891,0.559,0.263,0.135,0.132,0.411,0.132,0.227,0.899,0.262,0.251,0.434,0.251,0.275,0.401,0.401,0.401,0.334,0.434,0.275,0.434,0.262,0.334,0.478,0.319,0.478,0.354,0.354,0.354,0.719,0.868,0.814,0.544,0.46,0.617,0.397,0.46,0.72,0.868,0.553,0.612,0.315,0.553,0.397,0.538,0.75,0.692,0.868,0.797,0.6,0.61,0.434,0.553,0.995,0.434,0.434,0.593,0.432,0.704,0.612,0.432,0.432,0.598,0.472,0.135,0.135,0.129,0.001,0.626,0.268,0.724,0.534,0.734,0.921,0.743,0.269,0.626,0.52,0.258,0.948,0.28,0.622,0.16,0.772,0.598,0.16,0.044,0.271,0.436,0.265,0.004,0.73,0.632,0.579,0.139,0.775,0.632,0.592,0.989,0.257,0.685,0.592,0.794,0.592,0.632,0.259,0.548,0.668,0.632,0.795,0.783,0.643,0.307,0.929,0.524,0.905,0.561,0.91,0.797,0.669,0.595,0.621,0.955,0.957,0.955
0.85,0.85,0.856,0.856,0.005,0.366,0.799,0.809,0.362,0.578,0.809,0.759,0.835,0.005,0.759,0.809,0.835,0.005,0.013,0.835,0.691,0.573,0.691,0.803,0.835,0.799,0.803,0.809,0.773,0.578,0.773,0.573,0.615,0.799,0.832,0.799,0.03,0.832,0.615,0.03,0.746,0.799,0.04,0.999,0.799,0.03,0.028,0.04,0.315,0.04,0.392,0.644,0.103,0.609,0.007,0.609,0.615,0.009,0.009,0.009,0.637,0.007,0.615,0.007,0.103,0.637,0.739,0.199,0.739,0.076,0.076,0.076,0.567,0.009,0.939,0.391,0.07,0.208,0.083,0.07,0.584,0.009,0.158,0.476,0.195,0.158,0.083,0.393,0.59,0.175,0.009,0.933,0.37,0.488,0.072,0.158,0.006,0.072,0.072,0.373,0.056,0.216,0.22,0.056,0.056,0.32,0.326,0.132,0.132,0.145,0.571,0.071,0.142,0.079,0.454,0.183,0.279,0.189,0.155,0.071,0.339,0.154,0.305,0.132,0.54,0.134,0.258,0.365,0.134,0.137,0.125,0.128,0.112,0.741,0.279,0.122,0.301,0.148,0.284,0.122,0.146,0.333,0.573,0.067,0.146,0.185,0.146,0.122,0.56,0.025,0.055,0.031,0.556,0.197,0.729,0.622,0.631,0.03,0.703,0.058,0.701,0.453,0.741,0.663,0.668,0.823,0.778,0.792
0.13,0.13,0.104,0.104,0.057,0.151,0.141,0.253,0.141,0.358,0.253,0.12,0.216,0.057,0.12,0.253,0.216,0.057,0.129,0.216,0.073,0.313,0.073,0.222,0.216,0.141,0.222,0.253,0.194,0.358,0.194,0.313,0.209,0.075,0.04,0.075,0.143,0.04,0.209,0.143,0.522,0.075,0.128,0.496,0.075,0.143,0.094,0.128,0.545,0.128,0.117,0.29,0.258,0.516,0.125,0.516,0.549,0.115,0.115,0.115,0.134,0.125,0.549,0.125,0.258,0.134,0.086,0.765,0.086,0.301,0.301,0.301,0.354,0.099,0.615,0.622,0.602,0.583,0.598,0.602,0.505,0.099,0.442,0.601,0.852,0.442,0.598,0.623,0.495,0.58,0.099,0.6,0.592,0.627,0.321,0.442,0.069,0.321,0.321,0.592,0.331,0.708,0.61,0.331,0.331,0.611,0.592,0.155,0.155,0.199,0.388,0.183,0.321,0.174,0.509,0.592,0.451,0.7,0.313,0.183,0.579,0.304,0.564,0.209,0.362,0.124,0.617,0.554,0.124,0.38,0.237,0.398,0.229,0.327,0.655,0.751,0.61,0.141,0.61,0.751,0.726,0.427,0.917,0.512,0.726,0.618,0.726,0.751,0.914,0.222,0.624,0.271,0.093,0.684,0.021,0.854,0.076,0.311,0.034,0.529,0.033,0.056,0.028,0.026,0.034,0.014,0.013,0.123
0.044,0.044,0.044,0.044,0.298,0.108,0.097,0.057,0.111,0.041,0.057,0.083,0.089,0.298,0.083,0.057,0.089,0.298,0.754,0.089,0.178,0.03,0.178,0.084,0.089,0.097,0.084,0.057,0.051,0.041,0.051,0.03,0.178,0.152,0.155,0.152,0.085,0.155,0.178,0.085,0.93,0.152,0.223,0.25,0.152,0.085,0.702,0.223,0.632,0.223,0.304,0.934,0.19,0.098,0.111,0.098,0.103,0.195,0.195,0.195,0.113,0.111,0.103,0.111,0.19,0.113,0.133,0.678,0.133,0.117,0.117,0.117,0.881,0.201,0.25,0.596,0.113,0.87,0.094,0.113,0.658,0.201,0.074,0.653,0.653,0.074,0.094,0.577,0.608,0.604,0.201,0.267,0.626,0.695,0.051,0.074,0.507,0.051,0.051,0.576,0.055,0.045,0.832,0.055,0.055,0.884,0.78,0.531,0.531,0.57,0.607,0.32,0.823,0.315,0.866,0.6,0.804,0.067,0.812,0.32,0.826,0.808,0.826,0.899,0.942,0.485,0.646,0.095,0.485,0.567,0.844,0.087,0.808,0.644,0.657,0.07,0.088,0.506,0.059,0.07,0.043,0.666,0.66,0.032,0.043,0.598,0.043,0.07,0.611,0.032,0.095,0.026,0.179,0.586,0.255,0.766,0.497,0.024,0.615,0.084,0.609,0.153,0.307,0.25,0.293,0.473,0.447,0.357
0.659,0.659,0.645,0.645,0.197,0.88,0.69,0.584,0.883,0.598,0.584,0.707,0.528,0.197,0.707,0.584,0.528,0.197,0.962,0.528,0.532,0.611,0.532,0.666,0.528,0.69,0.666,0.584,0.63,0.598,0.63,0.611,0.847,0.615,0.709,0.615,0.478,0.709,0.847,0.478,0.928,0.615,0.462,0.688,0.615,0.478,0.958,0.462,0.841,0.462,0.88,0.869,0.071,0.768,0.397,0.768,0.756,0.4,0.4,0.4,0.694,0.397,0.756,0.397,0.071,0.694,0.692,0.881,0.692,0.096,0.096,0.096,0.865,0.212,0.725,0.905,0.058,0.646,0.123,0.058,0.853,0.212,0.06,0.798,0.832,0.06,0.123,0.925,0.825,0.81,0.212,0.717,0.889,0.798,0.064,0.06,0.602,0.064,0.064,0.918,0.192,0.112,0.629,0.192,0.192,0.649,0.9,0.41,0.41,0.36,0.786,0.598,0.699,0.644,0.756,0.684,0.212,0.101,0.671,0.598,0.884,0.664,0.188,0.616,0.873,0.49,0.717,0.187,0.49,0.739,0.63,0.08,0.598,0.845,0.549,0.119,0.242,0.459,0.195,0.119,0.091,0.127,0.298,0.478,0.091,0.761,0.091,0.119,0.297,0.569,0.374,0.591,0.294,0.759,0.544,0.514,0.646,0.563,0.56,0.326,0.587,0.385,0.489,0.591,0.528,0.757,0.738,0.749
0.537,0.537,0.605,0.605,0.756,0.308,0.733,0.808,0.356,0.687,0.808,0.714,0.78,0.756,0.714,0.808,0.78,0.756,0.417,0.78,0.599,0.692,0.599,0.794,0.78,0.733,0.794,0.808,0.809,0.687,0.809,0.692,0.768,0.954,0.956,0.954,0.269,0.956,0.768,0.269,0.68,0.954,0.302,0.921,0.954,0.269,0.299,0.302,0.858,0.302,0.543,0.685,0.597,0.467,0.476,0.467,0.441,0.506,0.506,0.506,0.952,0.476,0.441,0.476,0.597,0.952,0.983,0.925,0.983,0.552,0.552,0.552,0.768,0.78,0.824,0.603,0.39,0.905,0.299,0.39,0.763,0.78,0.427,0.636,0.908,0.427,0.299,0.606,0.76,0.918,0.78,0.768,0.627,0.652,0.315,0.427,0.433,0.315,0.315,0.628,0.47,0.253,0.909,0.47,0.47,0.893,0.832,0.289,0.289,0.273,0.31,0.204,0.631,0.23,0.839,0.936,0.999,0.307,0.498,0.204,0.839,0.6,1.0,0.779,0.891,0.335,0.956,0.972,0.335,0.159,0.535,0.692,0.631,0.262,0.951,0.331,0.993,0.305,0.973,0.331,0.28,0.999,0.501,0.946,0.28,0.92,0.28,0.331,0.515,0.938,0.991,0.959,0.844,0.932,0.944,0.7,0.593,0.964,0.658,0.981,0.601,0.851,0.919,0.909,0.881,0.874,0.884,0.821
0.431,0.431,0.553,0.553,0.255,0.18,0.615,0.511,0.192,0.297,0.511,0.614,0.436,0.255,0.614,0.511,0.436,0.255,0.231,0.436,0.955,0.297,0.955,0.42,0.436,0.615,0.42,0.511,0.5,0.297,0.5,0.297,0.401,0.803,0.889,0.803,0.236,0.889,0.401,0.236,0.371,0.803,0.226,0.146,0.803,0.236,0.222,0.226,0.357,0.226,0.446,0.33,0.274,0.165,0.1,0.165,0.157,0.101,0.101,0.101,0.594,0.1,0.157,0.1,0.274,0.594,0.741,0.365,0.741,0.209,0.209,0.209,0.613,0.416,0.148,0.274,0.314,0.211,0.342,0.314,0.244,0.416,0.218,0.371,0.342,0.218,0.342,0.298,0.22,0.087,0.416,0.141,0.306,0.347,0.174,0.218,0.236,0.174,0.174,0.337,0.19,0.095,0.229,0.19,0.19,0.142,0.46,0.147,0.147,0.123,0.404,0.372,0.604,0.389,0.608,0.102,0.11,0.086,0.588,0.372,0.428,0.539,0.123,0.288,0.466,0.198,0.134,0.53,0.198,0.485,0.466,0.084,0.443,0.373,0.054,0.165,0.512,0.166,0.515,0.165,0.176,0.102,0.9,0.211,0.176,0.053,0.176,0.165,0.928,0.501,0.289,0.526,0.055,0.053,0.018,0.896,0.023,0.514,0.011,0.282,0.009,0.063,0.015,0.021,0.018,0.036,0.05,0.091
0.157,0.157,0.142,0.142,0.69,0.917,0.236,0.186,0.924,0.232,0.186,0.308,0.139,0.69,0.308,0.186,0.139,0.69,0.518,0.139,0.211,0.269,0.211,0.137,0.139,0.236,0.137,0.186,0.203,0.232,0.203,0.269,0.113,0.184,0.29,0.184,0.559,0.29,0.113,0.559,0.458,0.184,0.504,0.836,0.184,0.559,0.507,0.504,0.288,0.504,0.912,0.458,0.562,0.124,0.395,0.124,0.121,0.36,0.36,0.36,0.23,0.395,0.121,0.395,0.562,0.23,0.182,0.336,0.182,0.958,0.958,0.958,0.402,0.734,0.832,0.31,0.24,0.559,0.248,0.24,0.35,0.734,0.51,0.229,0.324,0.51,0.248,0.301,0.33,0.715,0.734,0.706,0.328,0.233,0.949,0.51,0.635,0.949,0.949,0.33,0.947,0.249,0.541,0.947,0.947,0.53,0.352,0.557,0.557,0.322,0.324,0.343,0.606,0.264,0.311,0.712,0.817,0.234,0.59,0.343,0.39,0.702,0.835,0.62,0.337,0.284,0.704,0.907,0.284,0.651,0.832,0.517,0.832,0.186,0.661,0.214,0.742,0.16,0.878,0.214,0.191,0.808,0.718,0.803,0.191,0.691,0.191,0.214,0.73,0.809,0.757,0.703,0.452,0.678,0.446,0.875,0.606,0.742,0.426,0.738,0.452,0.446,0.454,0.357,0.378,0.748,0.72,0.831
0.158,0.158,0.155,0.155,0.614,0.319,0.159,0.116,0.302,0.046,0.116,0.161,0.107,0.614,0.161,0.116,0.107,0.614,0.571,0.107,0.164,0.063,0.164,0.101,0.107,0.159,0.101,0.116,0.122,0.046,0.122,0.063,0.065,0.145,0.184,0.145,0.504,0.184,0.065,0.504,0.111,0.145,0.51,0.606,0.145,0.504,0.495,0.51,0.293,0.51,0.335,0.11,0.337,0.073,0.509,0.073,0.071,0.492,0.492,0.492,0.074,0.509,0.071,0.509,0.337,0.074,0.147,0.233,0.147,0.191,0.191,0.191,0.161,0.769,0.624,0.095,0.317,0.143,0.278,0.317,0.108,0.769,0.371,0.063,0.234,0.371,0.278,0.104,0.111,0.169,0.769,0.598,0.097,0.065,0.225,0.371,0.652,0.225,0.225,0.1,0.198,0.364,0.145,0.198,0.198,0.266,0.118,0.475,0.475,0.546,0.687,0.91,0.092,0.946,0.089,0.187,0.06,0.436,0.088,0.91,0.117,0.093,0.065,0.115,0.114,0.552,0.319,0.538,0.552,0.794,0.097,0.366,0.098,0.723,0.312,0.367,0.499,0.584,0.558,0.367,0.342,0.207,0.583,0.619,0.342,0.168,0.342,0.367,0.572,0.748,0.55,0.79,0.587,0.181,0.506,0.644,0.581,0.811,0.535,0.562,0.538,0.566,0.52,0.482,0.506,0.512,0.527,0.622
0.469,0.469,0.304,0.304,0.536,0.971,0.26,0.574,0.965,0.44,0.574,0.336,0.454,0.536,0.336,0.574,0.454,0.536,0.628,0.454,0.229,0.502,0.229,0.4,0.454,0.26,0.4,0.574,0.531,0.44,0.531,0.502,0.251,0.433,0.2,0.433,0.712,0.2,0.251,0.712,0.485,0.433,0.608,0.304,0.433,0.712,0.551,0.608,0.226,0.608,0.972,0.466,0.47,0.332,0.518,0.332,0.346,0.66,0.66,0.66,0.417,0.518,0.346,0.518,0.47,0.417,0.415,0.514,0.415,0.777,0.777,0.777,0.623,0.572,0.421,0.449,0.658,0.584,0.756,0.658,0.507,0.572,0.649,0.416,0.538,0.649,0.756,0.436,0.468,0.576,0.572,0.334,0.464,0.427,0.925,0.649,0.801,0.925,0.925,0.457,0.904,0.778,0.583,0.904,0.904,0.401,0.449,0.459,0.459,0.579,0.19,0.241,0.18,0.265,0.449,0.588,0.706,0.704,0.115,0.241,0.46,0.14,0.713,0.259,0.365,0.417,0.484,0.352,0.417,0.119,0.258,0.497,0.307,0.235,0.489,0.558,0.408,0.516,0.381,0.558,0.659,0.614,0.36,0.292,0.659,0.708,0.659,0.558,0.36,0.648,0.253,0.482,0.129,0.726,0.108,0.32,0.465,0.405,0.294,0.24,0.281,0.122,0.104,0.106,0.104,0.241,0.172,0.192
0.851,0.851,0.802,0.802,0.986,0.627,0.679,0.801,0.637,0.653,0.801,0.776,0.842,0.986,0.776,0.801,0.842,0.986,0.959,0.842,0.725,0.69,0.725,0.821,0.842,0.679,0.821,0.801,0.8,0.653,0.8,0.69,0.584,0.826,0.786,0.826,0.98,0.786,0.584,0.98,0.795,0.826,0.964,0.622,0.826,0.98,0.937,0.964,0.457,0.964,0.596,0.838,0.875,0.915,0.946,0.915,0.938,0.906,0.906,0.906,0.633,0.946,0.938,0.946,0.875,0.633,0.829,0.513,0.829,0.821,0.821,0.821,0.691,0.988,0.643,0.848,0.937,0.58,0.96,0.937,0.906,0.988,0.876,0.895,0.483,0.876,0.96,0.829,0.83,0.699,0.988,0.639,0.93,0.924,0.819,0.876,0.927,0.819,0.819,0.933,0.812,0.984,0.545,0.812,0.812,0.463,0.891,0.999,0.999,0.996,0.147,0.975,0.437,0.981,0.967,0.717,0.418,0.948,0.461,0.975,0.881,0.447,0.385,0.405,0.862,1.0,0.633,0.98,1.0,0.177,0.445,0.945,0.438,0.145,0.462,0.967,0.959,0.999,0.927,0.967,0.982,0.376,0.699,0.951,0.982,0.505,0.982,0.967,0.775,0.884,0.981,0.873,0.963,0.504,0.896,0.792,0.923,0.888,0.795,0.949,0.817,0.952,0.94,0.88,0.93,0.698,0.659,0.877
0.632,0.632,0.565,0.565,0.196,0.194,0.309,0.251,0.224,0.581,0.251,0.297,0.17,0.196,0.297,0.251,0.17,0.196,0.392,0.17,0.854,0.609,0.854,0.185,0.17,0.309,0.185,0.251,0.221,0.581,0.221,0.609,0.74,0.475,0.619,0.475,0.153,0.619,0.74,0.153,0.363,0.475,0.149,0.408,0.475,0.153,0.452,0.149,0.569,0.149,0.159,0.345,0.348,0.659,0.2,0.659,0.636,0.187,0.187,0.187,0.744,0.2,0.636,0.2,0.348,0.744,0.472,0.575,0.472,0.67,0.67,0.67,0.685,0.303,0.546,0.525,0.411,0.317,0.376,0.411,0.525,0.303,0.306,0.465,0.571,0.306,0.376,0.546,0.56,0.142,0.303,0.506,0.529,0.443,0.582,0.306,0.414,0.582,0.582,0.545,0.606,0.28,0.295,0.606,0.606,0.377,0.444,0.053,0.053,0.09,0.213,0.347,0.332,0.366,0.408,0.128,0.933,0.293,0.282,0.347,0.406,0.308,0.876,0.249,0.6,0.041,0.35,0.116,0.041,0.419,0.282,0.32,0.284,0.155,0.347,0.297,0.223,0.076,0.077,0.297,0.292,0.705,0.574,0.085,0.292,0.235,0.292,0.297,0.569,0.094,0.072,0.113,0.064,0.213,0.145,0.667,0.203,0.114,0.299,0.09,0.249,0.06,0.096,0.13,0.12,0.425,0.459,0.196
0.968,0.968,0.919,0.919,0.916,0.376,0.873,0.852,0.377,0.859,0.852,0.905,0.801,0.916,0.905,0.852,0.801,0.916,0.861,0.801,0.885,0.892,0.885,0.89,0.801,0.873,0.89,0.852,0.902,0.859,0.902,0.892,0.681,0.858,0.905,0.858,0.856,0.905,0.681,0.856,0.205,0.858,0.844,0.14,0.858,0.856,0.845,0.844,0.264,0.844,0.332,0.214,0.878,0.745,0.897,0.745,0.768,0.881,0.881,0.881,0.824,0.897,0.768,0.897,0.878,0.824,0.895,0.213,0.895,0.625,0.625,0.625,0.131,0.926,0.075,0.221,0.691,0.295,0.593,0.691,0.225,0.926,0.877,0.253,0.241,0.877,0.593,0.181,0.271,0.438,0.926,0.071,0.229,0.252,0.426,0.877,0.633,0.426,0.426,0.186,0.321,0.574,0.286,0.321,0.321,0.242,0.113,0.301,0.301,0.224,0.022,0.073,0.043,0.062,0.139,0.463,0.406,0.742,0.032,0.073,0.122,0.039,0.438,0.058,0.173,0.255,0.322,0.977,0.255,0.021,0.059,0.84,0.059,0.034,0.383,0.776,0.991,0.163,0.996,0.776,0.722,0.354,0.397,0.986,0.722,0.359,0.722,0.776,0.382,0.969,0.976,0.952,0.693,0.386,0.517,0.377,0.819,0.954,0.396,0.972,0.365,0.607,0.716,0.497,0.686,0.146,0.165,0.248
0.799,0.799,0.797,0.797,0.688,0.891,0.75,0.866,0.82,0.656,0.866,0.798,0.81,0.688,0.798,0.866,0.81,0.688,0.481,0.81,0.912,0.708,0.912,0.781,0.81,0.75,0.781,0.866,0.839,0.656,0.839,0.708,0.833,0.869,0.788,0.869,0.822,0.788,0.833,0.822,0.859,0.869,0.778,0.837,0.869,0.822,0.405,0.778,0.829,0.778,0.812,0.778,0.913,0.91,0.784,0.91,0.919,0.74,0.74,0.74,0.672,0.784,0.919,0.784,0.913,0.672,0.825,0.717,0.825,0.695,0.695,0.695,0.886,0.835,0.816,0.732,0.973,0.874,0.965,0.973,0.918,0.835,0.94,0.869,0.735,0.94,0.965,0.808,0.934,0.646,0.835,0.808,0.822,0.795,0.875,0.94,0.538,0.875,0.875,0.881,0.877,0.98,0.869,0.877,0.877,0.895,0.706,0.882,0.882,0.909,0.856,0.675,0.786,0.71,0.77,0.641,0.337,0.986,0.803,0.675,0.829,0.8,0.345,0.792,0.939,0.89,0.582,0.479,0.89,0.588,0.811,0.924,0.804,0.807,0.385,0.964,0.451,0.923,0.48,0.964,0.968,0.579,0.544,0.417,0.968,0.381,0.968,0.964,0.557,0.256,0.481,0.291,0.711,0.331,0.776,0.709,0.145,0.321,0.195,0.454,0.184,0.721,0.699,0.763,0.689,0.541,0.503,0.22
0.258,0.258,0.251,0.251,0.867,0.256,0.34,0.305,0.294,0.194,0.305,0.335,0.287,0.867,0.335,0.305,0.287,0.867,0.956,0.287,0.423,0.246,0.423,0.303,0.287,0.34,0.303,0.305,0.327,0.194,0.327,0.246,0.252,0.576,0.622,0.576,0.864,0.622,0.252,0.864,0.562,0.576,0.829,0.154,0.576,0.864,0.897,0.829,0.248,0.829,0.548,0.54,0.905,0.181,0.886,0.181,0.173,0.854,0.854,0.854,0.404,0.886,0.173,0.886,0.905,0.404,0.586,0.221,0.586,0.547,0.547,0.547,0.674,0.97,0.106,0.388,0.775,0.277,0.701,0.775,0.54,0.97,0.935,0.47,0.237,0.935,0.701,0.364,0.462,0.306,0.97,0.131,0.403,0.51,0.538,0.935,0.923,0.538,0.538,0.374,0.511,0.692,0.293,0.511,0.511,0.406,0.35,0.356,0.356,0.323,0.109,0.25,0.067,0.277,0.527,0.321,0.331,0.674,0.061,0.25,0.354,0.061,0.35,0.096,0.571,0.357,0.415,0.264,0.357,0.075,0.092,0.866,0.088,0.087,0.485,0.785,0.251,0.315,0.313,0.785,0.72,0.329,0.158,0.171,0.72,0.36,0.72,0.785,0.188,0.896,0.162,0.904,0.699,0.364,0.621,0.339,0.738,0.901,0.81,0.166,0.806,0.705,0.614,0.618,0.61,0.344,0.334,0.33
0.787,0.787,0.785,0.785,0.181,0.624,0.541,0.433,0.63,0.231,0.433,0.538,0.426,0.181,0.538,0.433,0.426,0.181,0.919,0.426,0.898,0.231,0.898,0.409,0.426,0.541,0.409,0.433,0.418,0.231,0.418,0.231,0.959,0.537,0.601,0.537,0.046,0.601,0.959,0.046,0.606,0.537,0.044,0.111,0.537,0.046,0.905,0.044,0.279,0.044,0.853,0.707,0.438,0.866,0.144,0.866,0.864,0.14,0.14,0.14,0.445,0.144,0.864,0.144,0.438,0.445,0.519,0.323,0.519,0.523,0.523,0.523,0.666,0.053,0.123,0.295,0.651,0.404,0.63,0.651,0.327,0.053,0.224,0.423,0.329,0.224,0.63,0.353,0.557,0.319,0.053,0.118,0.345,0.388,0.581,0.224,0.892,0.581,0.581,0.277,0.584,0.168,0.422,0.584,0.584,0.33,0.456,0.058,0.058,0.073,0.146,0.119,0.205,0.122,0.483,0.416,0.476,0.158,0.218,0.119,0.457,0.231,0.614,0.264,0.699,0.074,0.42,0.141,0.074,0.067,0.305,0.156,0.315,0.125,0.567,0.188,0.14,0.091,0.147,0.188,0.205,0.678,0.553,0.018,0.205,0.478,0.205,0.188,0.506,0.4,0.048,0.458,0.212,0.528,0.179,0.609,0.211,0.46,0.358,0.048,0.318,0.19,0.149,0.172,0.162,0.354,0.349,0.479
0.075,0.075,0.046,0.046,0.95,0.649,0.066,0.049,0.582,0.093,0.049,0.094,0.043,0.95,0.094,0.049,0.043,0.95,0.811,0.043,0.059,0.119,0.059,0.036,0.043,0.066,0.036,0.049,0.043,0.093,0.043,0.119,0.044,0.037,0.063,0.037,0.789,0.063,0.044,0.789,0.157,0.037,0.702,0.935,0.037,0.789,0.737,0.702,0.767,0.702,0.522,0.137,0.952,0.061,0.723,0.061,0.061,0.664,0.664,0.664,0.078,0.723,0.061,0.723,0.952,0.078,0.044,0.787,0.044,0.739,0.739,0.739,0.143,0.959,0.745,0.091,0.319,0.79,0.236,0.319,0.148,0.959,0.962,0.12,0.789,0.962,0.236,0.086,0.125,0.391,0.959,0.732,0.102,0.107,0.195,0.962,0.757,0.195,0.195,0.095,0.189,0.365,0.818,0.189,0.189,0.904,0.106,0.355,0.355,0.444,0.57,0.791,0.414,0.792,0.128,0.361,0.215,0.412,0.41,0.791,0.104,0.4,0.23,0.532,0.141,0.373,0.449,0.654,0.373,0.827,0.57,0.947,0.576,0.57,0.504,0.441,0.634,0.477,0.776,0.441,0.372,0.33,0.731,0.963,0.372,0.391,0.372,0.441,0.813,0.894,0.952,0.885,0.696,0.353,0.436,0.747,0.55,0.882,0.146,0.946,0.162,0.723,0.55,0.427,0.583,0.258,0.196,0.652
0.634,0.634,0.832,0.832,0.709,0.52,0.813,0.436,0.578,0.602,0.436,0.581,0.749,0.709,0.581,0.436,0.749,0.709,0.886,0.749,0.656,0.318,0.656,0.571,0.749,0.813,0.571,0.436,0.337,0.602,0.337,0.318,0.776,0.452,0.746,0.452,0.933,0.746,0.776,0.933,0.156,0.452,0.938,0.983,0.452,0.933,0.934,0.938,0.845,0.938,0.533,0.208,0.446,0.414,0.871,0.414,0.403,0.836,0.836,0.836,0.326,0.871,0.403,0.871,0.446,0.326,0.394,0.939,0.394,0.761,0.761,0.761,0.308,0.843,0.984,0.155,0.514,0.144,0.558,0.514,0.123,0.843,0.497,0.123,0.906,0.497,0.558,0.173,0.138,0.145,0.843,0.989,0.154,0.118,0.822,0.497,0.906,0.822,0.822,0.173,0.809,0.538,0.141,0.809,0.809,0.113,0.186,0.761,0.761,0.634,0.343,0.942,0.059,0.893,0.122,0.126,0.165,0.548,0.052,0.942,0.185,0.048,0.194,0.068,0.207,0.758,0.104,0.052,0.758,0.82,0.061,0.514,0.058,0.294,0.104,0.77,0.051,0.683,0.028,0.77,0.765,0.144,0.04,0.14,0.765,0.137,0.765,0.77,0.033,0.097,0.123,0.13,0.083,0.121,0.168,0.06,0.12,0.107,0.167,0.115,0.192,0.082,0.23,0.173,0.179,0.233,0.285,0.326
0.837,0.837,0.794,0.794,0.818,0.046,0.647,0.671,0.053,0.711,0.671,0.681,0.494,0.818,0.681,0.671,0.494,0.818,0.531,0.494,0.781,0.827,0.781,0.53,0.494,0.647,0.53,0.671,0.693,0.711,0.693,0.827,0.34,0.587,0.547,0.587,0.624,0.547,0.34,0.624,0.25,0.587,0.599,0.572,0.587,0.624,0.477,0.599,0.686,0.599,0.033,0.282,0.299,0.496,0.561,0.496,0.511,0.493,0.493,0.493,0.606,0.561,0.511,0.561,0.299,0.606,0.591,0.791,0.591,0.189,0.189,0.189,0.292,0.582,0.572,0.293,0.175,0.811,0.175,0.175,0.213,0.582,0.577,0.426,0.759,0.577,0.175,0.295,0.214,0.355,0.582,0.588,0.297,0.417,0.19,0.577,0.555,0.19,0.19,0.297,0.272,0.545,0.798,0.272,0.272,0.699,0.277,0.542,0.542,0.481,0.445,0.11,0.415,0.123,0.405,0.349,0.886,0.534,0.425,0.11,0.278,0.479,0.895,0.521,0.228,0.625,0.293,0.893,0.625,0.251,0.527,0.488,0.522,0.528,0.558,0.292,0.871,0.518,0.975,0.292,0.312,0.887,0.378,0.919,0.312,0.594,0.312,0.292,0.398,0.984,0.779,0.953,0.182,0.582,0.16,0.43,0.178,0.953,0.297,0.735,0.293,0.203,0.161,0.148,0.157,0.34,0.391,0.21
0.306,0.306,0.22,0.22,0.657,0.528,0.537,0.543,0.536,0.846,0.543,0.656,0.457,0.657,0.656,0.543,0.457,0.657,0.456,0.457,0.15,0.897,0.15,0.443,0.457,0.537,0.443,0.543,0.538,0.846,0.538,0.897,0.337,0.421,0.477,0.421,0.842,0.477,0.337,0.842,0.241,0.421,0.793,0.129,0.421,0.842,0.631,0.793,0.095,0.793,0.488,0.192,0.58,0.462,0.711,0.462,0.467,0.688,0.688,0.688,0.682,0.711,0.467,0.711,0.58,0.682,0.362,0.092,0.362,0.911,0.911,0.911,0.12,0.805,0.088,0.249,0.718,0.124,0.764,0.718,0.29,0.805,0.928,0.446,0.093,0.928,0.764,0.325,0.293,0.201,0.805,0.091,0.252,0.391,0.911,0.928,0.654,0.911,0.911,0.331,0.907,0.842,0.131,0.907,0.907,0.286,0.27,0.948,0.948,0.989,0.503,0.79,0.336,0.907,0.429,0.171,0.378,0.84,0.35,0.79,0.242,0.353,0.383,0.435,0.324,0.794,0.338,0.986,0.794,0.611,0.45,0.892,0.448,0.509,0.396,0.823,0.969,0.914,0.99,0.823,0.88,0.652,0.678,0.908,0.88,0.261,0.88,0.823,0.682,0.78,0.87,0.616,0.909,0.249,0.851,0.698,0.136,0.573,0.194,0.889,0.241,0.891,0.896,0.79,0.856,0.412,0.484,0.058
0.277,0.277,0.222,0.222,0.2,0.631,0.121,0.299,0.704,0.26,0.299,0.199,0.326,0.2,0.199,0.299,0.326,0.2,0.724,0.326,0.162,0.302,0.162,0.253,0.326,0.121,0.253,0.299,0.342,0.26,0.342,0.302,0.216,0.303,0.166,0.303,0.282,0.166,0.216,0.282,0.546,0.303,0.258,0.818,0.303,0.282,0.699,0.258,0.864,0.258,0.706,0.391,0.081,0.179,0.253,0.179,0.181,0.239,0.239,0.239,0.266,0.253,0.181,0.253,0.081,0.266,0.337,0.838,0.337,0.074,0.074,0.074,0.375,0.222,0.839,0.959,0.116,0.768,0.14,0.116,0.928,0.222,0.134,0.959,0.839,0.134,0.14,0.942,0.849,0.782,0.222,0.832,0.941,0.967,0.079,0.134,0.736,0.079,0.079,0.929,0.079,0.182,0.782,0.079,0.079,0.734,0.892,0.495,0.495,0.495,0.784,0.574,0.568,0.583,0.941,0.797,0.522,0.168,0.553,0.574,0.889,0.555,0.513,0.649,0.844,0.54,0.747,0.106,0.54,0.662,0.609,0.109,0.641,0.808,0.775,0.175,0.129,0.522,0.126,0.175,0.224,0.685,0.305,0.225,0.224,0.762,0.224,0.175,0.339,0.306,0.434,0.452,0.148,0.781,0.12,0.295,0.154,0.43,0.246,0.39,0.24,0.133,0.125,0.134,0.151,0.557,0.603,0.066
0.44,0.44,0.52,0.52,0.792,0.408,0.221,0.133,0.319,0.076,0.133,0.27,0.145,0.792,0.27,0.133,0.145,0.792,0.505,0.145,0.454,0.088,0.454,0.151,0.145,0.221,0.151,0.133,0.149,0.076,0.149,0.088,0.455,0.138,0.28,0.138,0.348,0.28,0.455,0.348,0.943,0.138,0.437,0.72,0.138,0.348,0.38,0.437,0.785,0.437,0.215,0.94,0.502,0.66,0.543,0.66,0.702,0.538,0.538,0.538,0.079,0.543,0.702,0.543,0.502,0.079,0.128,0.76,0.128,0.276,0.276,0.276,0.905,0.165,0.547,0.949,0.581,0.899,0.587,0.581,0.972,0.165,0.685,0.96,0.744,0.685,0.587,0.947,0.975,0.854,0.165,0.589,0.965,0.962,0.34,0.685,0.558,0.34,0.34,0.965,0.443,0.655,0.903,0.443,0.443,0.844,0.914,0.541,0.541,0.453,0.299,0.853,0.986,0.439,0.919,0.865,0.868,0.519,0.982,0.853,0.883,0.982,0.913,0.883,0.946,0.575,0.819,0.732,0.575,0.465,0.866,0.558,0.867,0.334,0.826,0.707,0.958,0.4,0.721,0.707,0.697,0.682,0.861,0.804,0.697,0.839,0.697,0.707,0.85,0.811,0.798,0.614,0.808,0.854,0.847,0.91,0.832,0.651,0.961,0.675,0.954,0.802,0.784,0.939,0.896,0.971,0.978,0.873
0.582,0.582,0.449,0.449,0.98,0.98,0.539,0.948,0.972,0.784,0.948,0.616,0.935,0.98,0.616,0.948,0.935,0.98,0.038,0.935,0.783,0.837,0.783,0.944,0.935,0.539,0.944,0.948,0.951,0.784,0.951,0.837,0.865,0.911,0.655,0.911,0.344,0.655,0.865,0.344,0.701,0.911,0.427,0.37,0.911,0.344,0.052,0.427,0.46,0.427,0.923,0.744,0.979,0.98,0.684,0.98,0.984,0.772,0.772,0.772,0.728,0.684,0.984,0.684,0.979,0.728,0.846,0.244,0.846,0.922,0.922,0.922,0.872,0.79,0.251,0.717,0.923,0.338,0.938,0.923,0.703,0.79,0.985,0.706,0.282,0.985,0.938,0.734,0.714,0.202,0.79,0.271,0.707,0.699,0.912,0.985,0.27,0.912,0.912,0.72,0.929,0.936,0.371,0.929,0.929,0.597,0.8,0.084,0.084,0.065,0.08,0.133,0.514,0.112,0.718,0.241,0.631,0.921,0.537,0.133,0.759,0.526,0.532,0.618,0.794,0.043,0.356,0.01,0.043,0.172,0.618,0.954,0.604,0.051,0.426,0.864,0.007,0.04,0.004,0.864,0.87,0.879,0.388,0.166,0.87,0.217,0.87,0.864,0.399,0.144,0.179,0.206,0.028,0.241,0.047,0.269,0.253,0.182,0.323,0.173,0.306,0.028,0.043,0.045,0.04,0.502,0.516,0.266
0.802,0.802,0.693,0.693,0.567,0.58,0.917,0.922,0.557,0.877,0.922,0.917,0.927,0.567,0.917,0.922,0.927,0.567,0.222,0.927,0.893,0.864,0.893,0.912,0.927,0.917,0.912,0.922,0.944,0.877,0.944,0.864,0.614,0.956,0.963,0.956,0.059,0.963,0.614,0.059,0.894,0.956,0.057,0.78,0.956,0.059,0.136,0.057,0.934,0.057,0.523,0.861,0.268,0.63,0.031,0.63,0.735,0.02,0.02,0.02,0.944,0.031,0.735,0.031,0.268,0.944,0.96,0.828,0.96,0.477,0.477,0.477,0.787,0.529,0.67,0.679,0.039,0.752,0.061,0.039,0.824,0.529,0.461,0.746,0.826,0.461,0.061,0.666,0.781,0.85,0.529,0.683,0.644,0.756,0.355,0.461,0.763,0.355,0.355,0.635,0.364,0.185,0.773,0.364,0.364,0.936,0.676,0.051,0.051,0.099,0.589,0.688,0.796,0.731,0.739,0.845,0.763,0.142,0.729,0.688,0.678,0.76,0.728,0.876,0.843,0.054,0.98,0.865,0.054,0.569,0.85,0.41,0.85,0.503,0.985,0.035,0.899,0.104,0.931,0.035,0.06,0.73,0.84,0.921,0.06,0.862,0.06,0.035,0.844,0.762,0.904,0.836,0.707,0.895,0.647,0.789,0.933,0.835,0.738,0.872,0.735,0.703,0.615,0.733,0.715,0.656,0.655,0.878
0.916,0.916,0.958,0.958,0.647,0.967,0.948,0.964,0.98,0.832,0.964,0.977,0.955,0.647,0.977,0.964,0.955,0.647,0.963,0.955,0.961,0.789,0.961,0.924,0.955,0.948,0.924,0.964,0.918,0.832,0.918,0.789,0.767,0.884,0.911,0.884,0.727,0.911,0.767,0.727,0.997,0.884,0.67,0.712,0.884,0.727,0.927,0.67,0.754,0.67,0.854,0.991,0.474,0.728,0.658,0.728,0.727,0.617,0.617,0.617,0.811,0.658,0.727,0.658,0.474,0.811,0.878,0.764,0.878,0.766,0.766,0.766,0.977,0.485,0.491,0.986,0.482,0.745,0.525,0.482,0.946,0.485,0.663,0.968,0.774,0.663,0.525,0.989,0.943,0.717,0.485,0.542,0.975,0.965,0.687,0.663,0.735,0.687,0.687,0.989,0.698,0.579,0.767,0.698,0.698,0.783,0.968,0.3,0.3,0.343,0.667,0.477,0.754,0.42,0.928,0.736,0.976,0.542,0.868,0.477,0.968,0.909,0.958,0.825,0.919,0.312,0.792,0.878,0.312,0.948,0.89,0.498,0.891,0.615,0.797,0.637,0.866,0.374,0.725,0.637,0.727,0.971,0.707,0.569,0.727,0.754,0.727,0.637,0.734,0.582,0.593,0.562,0.691,0.749,0.788,0.842,0.921,0.596,0.922,0.654,0.931,0.636,0.696,0.644,0.62,0.807,0.765,0.86
0.845,0.845,0.845,0.845,0.982,0.692,0.929,0.942,0.651,0.867,0.942,0.882,0.95,0.982,0.882,0.942,0.95,0.982,0.336,0.95,0.64,0.867,0.64,0.929,0.95,0.929,0.929,0.942,0.925,0.867,0.925,0.867,0.843,0.885,0.759,0.885,0.709,0.759,0.843,0.709,0.184,0.885,0.411,0.291,0.885,0.709,0.331,0.411,0.774,0.411,0.419,0.196,0.939,0.941,0.902,0.941,0.958,0.686,0.686,0.686,0.798,0.902,0.958,0.902,0.939,0.798,0.861,0.652,0.861,0.982,0.982,0.982,0.22,0.882,0.117,0.2,0.79,0.895,0.727,0.79,0.13,0.882,0.966,0.226,0.701,0.966,0.727,0.195,0.136,0.941,0.882,0.136,0.169,0.255,0.969,0.966,0.91,0.969,0.969,0.178,0.923,0.829,0.89,0.923,0.923,0.897,0.226,0.687,0.687,0.568,0.561,0.995,0.446,0.998,0.298,0.947,0.439,0.854,0.453,0.995,0.217,0.446,0.431,0.17,0.175,0.767,0.944,0.071,0.767,0.876,0.101,0.971,0.094,0.618,0.814,0.775,0.098,0.687,0.011,0.775,0.81,0.408,0.117,0.84,0.81,0.725,0.81,0.775,0.118,0.666,0.838,0.753,0.042,0.719,0.176,0.116,0.08,0.656,0.175,0.714,0.224,0.043,0.141,0.216,0.175,0.228,0.289,0.092
0.66,0.66,0.541,0.541,0.883,0.13,0.276,0.239,0.186,0.558,0.239,0.304,0.218,0.883,0.304,0.239,0.218,0.883,0.806,0.218,0.624,0.608,0.624,0.186,0.218,0.276,0.186,0.239,0.202,0.558,0.202,0.608,0.905,0.335,0.402,0.335,0.962,0.402,0.905,0.962,0.438,0.335,0.917,0.258,0.335,0.962,0.796,0.917,0.426,0.917,0.19,0.421,0.843,0.71,0.972,0.71,0.721,0.877,0.877,0.877,0.68,0.972,0.721,0.972,0.843,0.68,0.251,0.397,0.251,0.629,0.629,0.629,0.329,0.807,0.277,0.564,0.712,0.499,0.883,0.712,0.642,0.807,0.931,0.605,0.44,0.931,0.883,0.536,0.634,0.5,0.807,0.332,0.568,0.621,0.523,0.931,0.81,0.523,0.523,0.54,0.488,0.926,0.671,0.488,0.488,0.564,0.535,0.971,0.971,0.974,0.322,0.895,0.386,0.901,0.624,0.494,0.713,0.789,0.402,0.895,0.543,0.384,0.653,0.494,0.525,0.966,0.344,0.961,0.966,0.412,0.552,0.917,0.512,0.475,0.54,0.95,0.876,0.96,0.969,0.95,0.977,0.608,0.763,0.92,0.977,0.497,0.977,0.95,0.724,0.967,0.812,0.981,0.99,0.502,0.998,0.823,0.774,0.981,0.638,0.856,0.672,0.993,0.996,0.991,0.982,0.504,0.387,0.743
0.136,0.136,0.129,0.129,0.834,0.375,0.162,0.205,0.371,0.113,0.205,0.217,0.164,0.834,0.217,0.205,0.164,0.834,0.961,0.164,0.085,0.15,0.085,0.164,0.164,0.162,0.164,0.205,0.208,0.113,0.208,0.15,0.059,0.13,0.11,0.13,0.923,0.11,0.059,0.923,0.098,0.13,0.906,0.06,0.13,0.923,0.948,0.906,0.123,0.906,0.355,0.17,0.914,0.109,0.952,0.109,0.113,0.949,0.949,0.949,0.071,0.952,0.113,0.952,0.914,0.071,0.127,0.142,0.127,0.96,0.96,0.96,0.217,0.906,0.066,0.131,0.97,0.337,0.949,0.97,0.122,0.906,0.795,0.127,0.13,0.795,0.949,0.132,0.093,0.423,0.906,0.064,0.139,0.151,0.983,0.795,0.959,0.983,0.983,0.148,0.985,0.952,0.308,0.985,0.985,0.294,0.156,0.246,0.246,0.262,0.045,0.072,0.179,0.051,0.172,0.394,0.053,0.946,0.168,0.072,0.141,0.174,0.043,0.27,0.139,0.257,0.406,0.859,0.257,0.047,0.243,0.91,0.257,0.041,0.448,0.832,0.739,0.268,0.746,0.832,0.859,0.066,0.276,0.936,0.859,0.481,0.859,0.832,0.262,0.887,0.97,0.884,0.147,0.456,0.193,0.267,0.758,0.873,0.13,0.964,0.12,0.159,0.212,0.205,0.152,0.292,0.22,0.768
0.27,0.27,0.514,0.514,0.631,0.211,0.312,0.082,0.206,0.117,0.082,0.114,0.176,0.631,0.114,0.082,0.176,0.631,0.211,0.176,0.161,0.053,0.161,0.17,0.176,0.312,0.17,0.082,0.064,0.117,0.064,0.053,0.089,0.036,0.073,0.036,0.66,0.073,0.089,0.66,0.234,0.036,0.886,0.812,0.036,0.66,0.201,0.886,0.748,0.886,0.172,0.322,0.775,0.035,0.617,0.035,0.034,0.852,0.852,0.852,0.047,0.617,0.034,0.617,0.775,0.047,0.033,0.82,0.033,0.688,0.688,0.688,0.219,0.727,0.811,0.231,0.666,0.927,0.651,0.666,0.182,0.727,0.536,0.285,0.872,0.536,0.651,0.231,0.188,0.881,0.727,0.829,0.223,0.282,0.542,0.536,0.148,0.542,0.542,0.22,0.521,0.472,0.957,0.521,0.521,0.95,0.178,0.824,0.824,0.84,0.829,0.828,0.957,0.789,0.219,0.887,0.699,0.463,0.965,0.828,0.179,0.969,0.72,0.976,0.168,0.88,0.957,0.011,0.88,0.838,0.979,0.35,0.979,0.861,0.975,0.505,0.005,0.87,0.018,0.505,0.522,0.759,0.974,0.082,0.522,0.965,0.522,0.505,0.976,0.016,0.05,0.018,0.071,0.968,0.175,0.959,0.188,0.021,0.351,0.063,0.343,0.079,0.167,0.138,0.133,0.392,0.275,0.138
0.894,0.894,0.876,0.876,0.118,0.912,0.853,0.874,0.914,0.966,0.874,0.888,0.827,0.118,0.888,0.874,0.827,0.118,0.804,0.827,0.825,0.98,0.825,0.825,0.827,0.853,0.825,0.874,0.885,0.966,0.885,0.98,0.566,0.586,0.593,0.586,0.178,0.593,0.566,0.178,0.563,0.586,0.143,0.879,0.586,0.178,0.718,0.143,0.888,0.143,0.792,0.503,0.55,0.841,0.198,0.841,0.85,0.133,0.133,0.133,0.767,0.198,0.85,0.198,0.55,0.767,0.587,0.665,0.587,0.549,0.549,0.549,0.453,0.117,0.762,0.442,0.213,0.458,0.131,0.213,0.52,0.117,0.164,0.514,0.695,0.164,0.131,0.417,0.493,0.491,0.117,0.766,0.427,0.564,0.691,0.164,0.144,0.691,0.691,0.398,0.594,0.355,0.465,0.594,0.594,0.408,0.271,0.483,0.483,0.637,0.224,0.197,0.098,0.204,0.363,0.442,0.507,0.487,0.138,0.197,0.28,0.122,0.517,0.158,0.41,0.469,0.434,0.746,0.469,0.273,0.185,0.405,0.189,0.21,0.476,0.026,0.755,0.532,0.726,0.026,0.023,0.336,0.324,0.82,0.023,0.482,0.023,0.026,0.355,0.998,0.906,0.998,0.893,0.447,0.929,0.303,0.991,0.994,0.984,0.906,0.987,0.897,0.92,0.935,0.927,0.986,0.983,0.995
0.318,0.318,0.373,0.373,0.717,0.056,0.268,0.271,0.059,0.205,0.271,0.313,0.197,0.717,0.313,0.271,0.197,0.717,0.727,0.197,0.313,0.209,0.313,0.211,0.197,0.268,0.211,0.271,0.255,0.205,0.255,0.209,0.404,0.126,0.122,0.126,0.744,0.122,0.404,0.744,0.163,0.126,0.745,0.992,0.126,0.744,0.805,0.745,0.941,0.745,0.043,0.138,0.497,0.817,0.619,0.817,0.838,0.586,0.586,0.586,0.122,0.619,0.838,0.619,0.497,0.122,0.129,0.959,0.129,0.538,0.538,0.538,0.136,0.644,0.992,0.561,0.73,0.55,0.662,0.73,0.168,0.644,0.64,0.206,0.955,0.64,0.662,0.555,0.165,0.687,0.644,0.965,0.603,0.226,0.643,0.64,0.634,0.643,0.643,0.605,0.601,0.459,0.905,0.601,0.601,0.433,0.788,0.789,0.789,0.782,0.514,0.796,0.748,0.779,0.188,0.969,0.392,0.516,0.745,0.796,0.79,0.714,0.323,0.694,0.16,0.804,0.511,0.065,0.804,0.793,0.763,0.603,0.733,0.507,0.435,0.423,0.049,0.789,0.058,0.423,0.383,0.341,0.028,0.059,0.383,0.666,0.383,0.423,0.027,0.017,0.057,0.022,0.123,0.894,0.114,0.026,0.003,0.02,0.014,0.054,0.006,0.111,0.129,0.093,0.113,0.011,0.017,0.022
0.203,0.203,0.261,0.261,0.047,0.288,0.153,0.149,0.323,0.142,0.149,0.206,0.106,0.047,0.206,0.149,0.106,0.047,0.171,0.106,0.492,0.169,0.492,0.118,0.106,0.153,0.118,0.149,0.152,0.142,0.152,0.169,0.147,0.301,0.346,0.301,0.162,0.346,0.147,0.162,0.837,0.301,0.131,0.715,0.301,0.162,0.221,0.131,0.58,0.131,0.481,0.743,0.322,0.084,0.118,0.084,0.086,0.182,0.182,0.182,0.252,0.118,0.086,0.118,0.322,0.252,0.257,0.799,0.257,0.515,0.515,0.515,0.919,0.238,0.737,0.91,0.343,0.974,0.3,0.343,0.8,0.238,0.365,0.822,0.742,0.365,0.3,0.903,0.805,0.987,0.238,0.817,0.89,0.818,0.464,0.365,0.551,0.464,0.464,0.9,0.461,0.209,0.976,0.461,0.461,0.966,0.882,0.35,0.35,0.329,0.475,0.741,0.814,0.754,0.794,0.986,0.996,0.221,0.829,0.741,0.888,0.827,0.996,0.915,0.842,0.513,0.992,0.976,0.513,0.749,0.913,0.301,0.911,0.561,0.989,0.577,0.906,0.47,0.879,0.577,0.483,0.993,0.673,0.568,0.483,0.996,0.483,0.577,0.671,0.372,0.651,0.316,0.529,0.996,0.575,0.653,0.387,0.373,0.454,0.809,0.425,0.495,0.62,0.485,0.527,0.501,0.519,0.591
0.211,0.211,0.344,0.344,0.675,0.207,0.726,0.837,0.194,0.898,0.837,0.623,0.887,0.675,0.623,0.837,0.887,0.675,0.434,0.887,0.176,0.853,0.176,0.961,0.887,0.726,0.961,0.837,0.919,0.898,0.919,0.853,0.509,0.802,0.747,0.802,0.55,0.747,0.509,0.55,0.89,0.802,0.478,0.97,0.802,0.55,0.436,0.478,0.605,0.478,0.13,0.948,0.86,0.465,0.728,0.465,0.454,0.374,0.374,0.374,0.76,0.728,0.454,0.728,0.86,0.76,0.849,0.779,0.849,0.798,0.798,0.798,0.752,0.704,0.998,0.638,0.662,0.645,0.771,0.662,0.784,0.704,0.833,0.656,0.791,0.833,0.771,0.607,0.763,0.693,0.704,0.997,0.601,0.685,0.4,0.833,0.825,0.4,0.4,0.624,0.625,0.585,0.718,0.625,0.625,0.507,0.49,0.307,0.307,0.395,0.797,0.859,0.463,0.93,0.655,0.782,0.506,0.461,0.45,0.859,0.507,0.445,0.407,0.685,0.609,0.317,0.638,0.848,0.317,0.937,0.584,0.894,0.656,0.805,0.392,0.656,0.814,0.383,0.907,0.656,0.781,0.345,0.167,0.719,0.781,0.469,0.781,0.656,0.171,0.534,0.729,0.573,0.059,0.375,0.076,0.173,0.266,0.592,0.117,0.746,0.102,0.078,0.077,0.048,0.032,0.127,0.058,0.584
0.495,0.495,0.37,0.37,0.168,0.33,0.707,0.619,0.408,0.905,0.619,0.738,0.493,0.168,0.738,0.619,0.493,0.168,0.384,0.493,0.59,0.901,0.59,0.483,0.493,0.707,0.483,0.619,0.605,0.905,0.605,0.901,0.836,0.756,0.827,0.756,0.327,0.827,0.836,0.327,0.001,0.756,0.295,0.169,0.756,0.327,0.415,0.295,0.241,0.295,0.499,0.001,0.188,0.81,0.312,0.81,0.817,0.253,0.253,0.253,0.941,0.312,0.817,0.312,0.188,0.941,0.64,0.252,0.64,0.502,0.502,0.502,0.009,0.208,0.216,0.013,0.244,0.314,0.293,0.244,0.013,0.208,0.271,0.013,0.2,0.271,0.293,0.01,0.017,0.421,0.208,0.222,0.014,0.014,0.411,0.271,0.629,0.411,0.411,0.011,0.301,0.493,0.258,0.301,0.301,0.314,0.021,0.085,0.085,0.141,0.078,0.036,0.134,0.04,0.027,0.389,0.076,0.475,0.21,0.036,0.019,0.177,0.087,0.228,0.028,0.034,0.343,0.282,0.034,0.054,0.203,0.363,0.204,0.085,0.454,0.349,0.265,0.084,0.293,0.349,0.407,0.2,0.043,0.356,0.407,0.378,0.407,0.349,0.044,0.29,0.364,0.259,0.431,0.322,0.452,0.051,0.379,0.239,0.517,0.449,0.49,0.462,0.446,0.518,0.517,0.417,0.395,0.71
0.852,0.852,0.781,0.781,0.793,0.077,0.751,0.802,0.073,0.625,0.802,0.857,0.693,0.793,0.857,0.802,0.693,0.793,1.0,0.693,0.751,0.684,0.751,0.698,0.693,0.751,0.698,0.802,0.783,0.625,0.783,0.684,0.349,0.628,0.79,0.628,0.663,0.79,0.349,0.663,0.08,0.628,0.64,0.124,0.628,0.663,0.995,0.64,0.297,0.64,0.07,0.078,0.886,0.55,0.947,0.55,0.558,0.954,0.954,0.954,0.522,0.947,0.558,0.947,0.886,0.522,0.627,0.683,0.627,0.856,0.856,0.856,0.094,0.441,0.344,0.102,0.793,0.904,0.762,0.793,0.119,0.441,0.738,0.129,0.567,0.738,0.762,0.11,0.123,0.877,0.441,0.229,0.09,0.126,0.775,0.738,0.464,0.775,0.775,0.098,0.776,0.791,0.757,0.776,0.776,0.497,0.096,0.671,0.671,0.571,0.998,0.976,0.592,0.935,0.13,0.742,0.897,0.786,0.54,0.976,0.076,0.504,0.937,0.623,0.134,0.726,0.557,0.301,0.726,0.992,0.475,0.873,0.48,0.992,0.632,0.509,0.342,0.619,0.403,0.509,0.486,0.708,0.803,0.609,0.486,0.741,0.486,0.509,0.801,0.863,0.56,0.886,0.562,0.639,0.65,0.802,0.176,0.892,0.073,0.534,0.072,0.548,0.683,0.56,0.57,0.029,0.024,0.193
0.716,0.716,0.918,0.918,0.836,0.138,0.781,0.714,0.135,0.549,0.714,0.834,0.689,0.836,0.834,0.714,0.689,0.836,0.642,0.689,0.757,0.471,0.757,0.784,0.689,0.781,0.784,0.714,0.556,0.549,0.556,0.471,0.405,0.285,0.343,0.285,0.901,0.343,0.405,0.901,0.406,0.285,0.831,0.894,0.285,0.901,0.595,0.831,0.615,0.831,0.124,0.34,0.904,0.645,0.88,0.645,0.696,0.804,0.804,0.804,0.444,0.88,0.696,0.88,0.904,0.444,0.315,0.361,0.315,0.834,0.834,0.834,0.424,0.892,0.513,0.716,0.946,0.472,0.951,0.946,0.614,0.892,0.907,0.399,0.383,0.907,0.951,0.71,0.511,0.331,0.892,0.601,0.751,0.41,0.943,0.907,0.419,0.943,0.943,0.737,0.96,0.861,0.56,0.96,0.96,0.603,0.625,0.905,0.905,0.959,0.72,0.838,0.658,0.815,0.365,0.406,0.435,0.843,0.686,0.838,0.642,0.659,0.445,0.791,0.508,0.964,0.331,0.326,0.964,0.775,0.824,0.833,0.823,0.591,0.382,0.926,0.416,0.985,0.16,0.926,0.938,0.189,0.017,0.109,0.938,0.343,0.938,0.926,0.018,0.096,0.097,0.131,0.325,0.44,0.38,0.021,0.18,0.124,0.385,0.079,0.298,0.275,0.506,0.428,0.541,0.665,0.627,0.194
0.672,0.672,0.692,0.692,0.087,0.713,0.609,0.582,0.777,0.691,0.582,0.705,0.563,0.087,0.705,0.582,0.563,0.087,0.581,0.563,0.481,0.688,0.481,0.551,0.563,0.609,0.551,0.582,0.58,0.691,0.58,0.688,0.445,0.508,0.496,0.508,0.386,0.496,0.445,0.386,0.995,0.508,0.436,0.078,0.508,0.386,0.591,0.436,0.245,0.436,0.575,0.994,0.347,0.823,0.424,0.823,0.833,0.477,0.477,0.477,0.443,0.424,0.833,0.424,0.347,0.443,0.464,0.187,0.464,0.579,0.579,0.579,0.96,0.101,0.093,0.953,0.779,0.47,0.686,0.779,0.973,0.101,0.043,0.93,0.239,0.043,0.686,0.956,0.979,0.611,0.101,0.1,0.942,0.921,0.754,0.043,0.524,0.754,0.754,0.946,0.704,0.103,0.476,0.704,0.704,0.333,0.905,0.849,0.849,0.822,0.984,0.487,0.966,0.477,0.907,0.571,0.244,0.118,0.981,0.487,0.872,0.977,0.163,0.974,0.897,0.848,0.463,0.828,0.848,0.603,0.987,0.029,0.986,0.982,0.535,0.262,0.784,0.81,0.872,0.262,0.272,0.306,0.483,0.878,0.272,0.648,0.272,0.262,0.494,0.775,0.705,0.798,0.767,0.601,0.738,0.442,0.754,0.792,0.808,0.726,0.798,0.761,0.687,0.718,0.677,0.431,0.386,0.559
0.125,0.125,0.085,0.085,0.849,0.982,0.127,0.105,0.983,0.07,0.105,0.143,0.094,0.849,0.143,0.105,0.094,0.849,0.586,0.094,0.1,0.084,0.1,0.088,0.094,0.127,0.088,0.105,0.095,0.07,0.095,0.084,0.033,0.08,0.089,0.08,0.346,0.089,0.033,0.346,0.105,0.08,0.282,0.404,0.08,0.346,0.579,0.282,0.389,0.282,0.985,0.094,0.66,0.047,0.43,0.047,0.048,0.408,0.408,0.408,0.067,0.43,0.048,0.43,0.66,0.067,0.082,0.416,0.082,0.611,0.611,0.611,0.128,0.764,0.405,0.14,0.233,0.197,0.209,0.233,0.104,0.764,0.627,0.152,0.382,0.627,0.209,0.122,0.187,0.075,0.764,0.397,0.145,0.176,0.213,0.627,0.57,0.213,0.213,0.138,0.208,0.325,0.19,0.208,0.208,0.197,0.175,0.524,0.524,0.487,0.403,0.881,0.084,0.906,0.207,0.065,0.055,0.362,0.1,0.881,0.138,0.098,0.044,0.128,0.2,0.664,0.059,0.197,0.664,0.714,0.115,0.744,0.105,0.359,0.042,0.321,0.139,0.622,0.207,0.321,0.341,0.043,0.719,0.418,0.341,0.042,0.341,0.321,0.698,0.407,0.407,0.449,0.112,0.042,0.052,0.625,0.204,0.454,0.227,0.348,0.27,0.126,0.072,0.043,0.057,0.159,0.178,0.233
0.58,0.58,0.476,0.476,0.595,0.189,0.412,0.325,0.183,0.348,0.325,0.341,0.369,0.595,0.341,0.325,0.369,0.595,0.835,0.369,0.243,0.475,0.243,0.324,0.369,0.412,0.324,0.325,0.29,0.348,0.29,0.475,0.187,0.153,0.194,0.153,0.847,0.194,0.187,0.847,0.065,0.153,0.849,0.003,0.153,0.847,0.833,0.849,0.006,0.849,0.151,0.044,0.746,0.42,0.641,0.42,0.434,0.73,0.73,0.73,0.2,0.641,0.434,0.641,0.746,0.2,0.138,0.011,0.138,0.806,0.806,0.806,0.04,0.717,0.002,0.018,0.818,0.009,0.817,0.818,0.027,0.717,0.87,0.023,0.009,0.87,0.817,0.019,0.016,0.009,0.717,0.002,0.022,0.025,0.916,0.87,0.903,0.916,0.916,0.02,0.912,0.875,0.009,0.912,0.912,0.007,0.011,0.927,0.927,0.863,0.903,0.855,0.025,0.816,0.01,0.01,0.026,0.897,0.028,0.855,0.015,0.029,0.03,0.013,0.007,0.881,0.007,0.789,0.881,0.837,0.015,0.751,0.017,0.886,0.009,0.901,0.836,0.909,0.597,0.901,0.875,0.019,0.761,0.676,0.875,0.012,0.875,0.901,0.727,0.482,0.608,0.461,0.239,0.012,0.185,0.721,0.113,0.466,0.253,0.752,0.231,0.235,0.255,0.308,0.316,0.309,0.383,0.153
0.559,0.559,0.555,0.555,0.003,0.131,0.52,0.503,0.122,0.539,0.503,0.637,0.396,0.003,0.637,0.503,0.396,0.003,0.063,0.396,0.524,0.585,0.524,0.475,0.396,0.52,0.475,0.503,0.544,0.539,0.544,0.585,0.21,0.266,0.43,0.266,0.004,0.43,0.21,0.004,0.09,0.266,0.037,0.794,0.266,0.004,0.124,0.037,0.526,0.037,0.099,0.071,0.055,0.333,0.011,0.333,0.352,0.053,0.053,0.053,0.347,0.011,0.352,0.011,0.055,0.347,0.317,0.882,0.317,0.039,0.039,0.039,0.077,0.002,0.732,0.117,0.17,0.574,0.136,0.17,0.269,0.002,0.045,0.181,0.887,0.045,0.136,0.117,0.218,0.19,0.002,0.705,0.126,0.214,0.163,0.045,0.044,0.163,0.163,0.119,0.126,0.403,0.577,0.126,0.126,0.454,0.075,0.004,0.004,0.005,0.093,0.027,0.044,0.031,0.154,0.184,0.211,0.537,0.053,0.027,0.078,0.056,0.221,0.052,0.12,0.004,0.178,0.211,0.004,0.08,0.067,0.06,0.065,0.092,0.145,0.28,0.189,0.003,0.129,0.28,0.226,0.239,0.014,0.057,0.226,0.186,0.226,0.28,0.017,0.128,0.091,0.146,0.368,0.202,0.216,0.013,0.552,0.16,0.456,0.083,0.435,0.305,0.258,0.241,0.258,0.542,0.553,0.697
0.807,0.807,0.705,0.705,0.202,0.86,0.649,0.864,0.845,0.954,0.864,0.82,0.771,0.202,0.82,0.864,0.771,0.202,0.133,0.771,0.531,0.909,0.531,0.789,0.771,0.649,0.789,0.864,0.916,0.954,0.916,0.909,0.706,0.823,0.677,0.823,0.022,0.677,0.706,0.022,0.139,0.823,0.024,0.474,0.823,0.022,0.106,0.024,0.496,0.024,0.744,0.125,0.533,0.743,0.018,0.743,0.718,0.01,0.01,0.01,0.917,0.018,0.718,0.018,0.533,0.917,0.892,0.582,0.892,0.966,0.966,0.966,0.175,0.522,0.441,0.129,0.35,0.446,0.366,0.35,0.133,0.522,0.635,0.099,0.577,0.635,0.366,0.137,0.133,0.377,0.522,0.468,0.172,0.103,0.818,0.635,0.453,0.818,0.818,0.15,0.864,0.893,0.4,0.864,0.864,0.201,0.116,0.074,0.074,0.067,0.245,0.398,0.107,0.418,0.078,0.338,0.294,0.846,0.116,0.398,0.158,0.116,0.242,0.082,0.124,0.201,0.291,0.362,0.201,0.558,0.116,0.99,0.107,0.165,0.137,0.329,0.551,0.146,0.442,0.329,0.358,0.23,0.8,0.318,0.358,0.145,0.358,0.329,0.802,0.185,0.509,0.115,0.263,0.163,0.181,0.798,0.59,0.11,0.065,0.309,0.069,0.242,0.22,0.209,0.26,0.094,0.107,0.819
0.48,0.48,0.289,0.289,0.758,0.158,0.229,0.246,0.155,0.948,0.246,0.247,0.247,0.758,0.247,0.246,0.247,0.758,0.257,0.247,0.649,0.966,0.649,0.177,0.247,0.229,0.177,0.246,0.236,0.948,0.236,0.966,0.801,0.337,0.457,0.337,0.447,0.457,0.801,0.447,0.267,0.337,0.643,0.402,0.337,0.447,0.214,0.643,0.787,0.643,0.645,0.413,0.575,0.651,0.431,0.651,0.637,0.622,0.622,0.622,0.955,0.431,0.637,0.431,0.575,0.955,0.331,0.554,0.331,0.578,0.578,0.578,0.528,0.778,0.388,0.148,0.3,0.77,0.133,0.3,0.3,0.778,0.661,0.296,0.447,0.661,0.133,0.166,0.316,0.349,0.778,0.387,0.155,0.307,0.289,0.661,0.47,0.289,0.289,0.172,0.155,0.336,0.702,0.155,0.155,0.887,0.243,0.328,0.328,0.105,0.462,0.491,0.679,0.331,0.372,0.298,0.547,0.302,0.684,0.491,0.251,0.679,0.52,0.73,0.526,0.407,0.598,0.411,0.407,0.403,0.803,0.573,0.801,0.421,0.566,0.389,0.374,0.161,0.635,0.389,0.212,0.551,0.565,0.244,0.212,0.508,0.212,0.389,0.543,0.346,0.211,0.26,0.758,0.532,0.773,0.5,0.216,0.307,0.274,0.227,0.295,0.751,0.694,0.748,0.665,0.525,0.512,0.396
0.831,0.831,0.695,0.695,0.803,0.473,0.471,0.43,0.513,0.484,0.43,0.507,0.38,0.803,0.507,0.43,0.38,0.803,0.645,0.38,0.939,0.496,0.939,0.386,0.38,0.471,0.386,0.43,0.446,0.484,0.446,0.496,0.841,0.529,0.654,0.529,0.969,0.654,0.841,0.969,0.916,0.529,0.967,0.002,0.529,0.969,0.731,0.967,0.016,0.967,0.69,0.927,0.644,0.548,0.906,0.548,0.503,0.943,0.943,0.943,0.935,0.906,0.503,0.906,0.644,0.935,0.487,0.023,0.487,0.605,0.605,0.605,0.725,0.935,0.003,0.623,0.731,0.028,0.788,0.731,0.758,0.935,0.712,0.711,0.017,0.712,0.788,0.624,0.766,0.035,0.935,0.003,0.648,0.681,0.695,0.712,0.779,0.695,0.695,0.664,0.765,0.817,0.023,0.765,0.765,0.032,0.549,0.081,0.081,0.079,0.133,0.014,0.235,0.004,0.619,0.027,0.14,0.83,0.297,0.014,0.594,0.312,0.151,0.214,0.814,0.058,0.07,0.284,0.058,0.039,0.266,0.781,0.26,0.113,0.077,0.686,0.336,0.052,0.303,0.686,0.712,0.128,0.115,0.681,0.712,0.075,0.712,0.686,0.117,0.951,0.64,0.921,0.136,0.07,0.137,0.143,0.177,0.91,0.355,0.68,0.33,0.144,0.126,0.133,0.128,0.466,0.502,0.232
0.544,0.544,0.231,0.231,0.489,0.455,0.418,0.268,0.455,0.307,0.268,0.343,0.338,0.489,0.343,0.268,0.338,0.489,0.073,0.338,0.324,0.346,0.324,0.314,0.338,0.418,0.314,0.268,0.287,0.307,0.287,0.346,0.153,0.232,0.257,0.232,0.152,0.257,0.153,0.152,0.684,0.232,0.228,0.987,0.232,0.152,0.09,0.228,0.955,0.228,0.503,0.559,0.97,0.201,0.13,0.201,0.211,0.224,0.224,0.224,0.214,0.13,0.211,0.13,0.97,0.214,0.191,0.894,0.191,0.986,0.986,0.986,0.571,0.558,0.975,0.957,0.811,0.884,0.754,0.811,0.494,0.558,0.701,0.352,0.898,0.701,0.754,0.959,0.481,0.916,0.558,0.974,0.957,0.393,0.711,0.701,0.267,0.711,0.711,0.958,0.708,0.177,0.894,0.708,0.708,0.811,0.935,0.678,0.678,0.655,0.973,0.821,0.834,0.798,0.377,0.915,0.261,0.173,0.82,0.821,0.937,0.852,0.268,0.888,0.429,0.667,0.862,0.203,0.667,0.914,0.906,0.258,0.921,0.955,0.919,0.601,0.192,0.644,0.264,0.601,0.55,0.573,0.056,0.499,0.55,0.948,0.55,0.601,0.053,0.68,0.535,0.739,0.625,0.945,0.591,0.061,0.44,0.718,0.669,0.523,0.661,0.672,0.567,0.568,0.555,0.301,0.296,0.254
0.892,0.892,0.841,0.841,0.734,0.28,0.876,0.772,0.274,0.993,0.772,0.853,0.817,0.734,0.853,0.772,0.817,0.734,0.606,0.817,0.794,0.987,0.794,0.813,0.817,0.876,0.813,0.772,0.844,0.993,0.844,0.987,0.595,0.67,0.729,0.67,0.817,0.729,0.595,0.817,0.296,0.67,0.839,0.557,0.67,0.817,0.535,0.839,0.713,0.839,0.179,0.279,0.954,0.947,0.753,0.947,0.961,0.798,0.798,0.798,0.788,0.753,0.961,0.753,0.954,0.788,0.727,0.544,0.727,0.975,0.975,0.975,0.247,0.67,0.55,0.32,0.949,0.551,0.932,0.949,0.32,0.67,0.589,0.408,0.564,0.589,0.932,0.377,0.285,0.761,0.67,0.561,0.347,0.412,0.833,0.589,0.067,0.833,0.833,0.382,0.845,0.529,0.548,0.845,0.845,0.624,0.429,0.857,0.857,0.842,0.835,0.505,0.882,0.633,0.485,0.702,0.563,0.514,0.87,0.505,0.426,0.861,0.777,0.852,0.334,0.788,0.751,0.744,0.788,0.526,0.74,0.629,0.728,0.865,0.75,0.51,0.725,0.794,0.562,0.51,0.498,0.596,0.099,0.739,0.498,0.784,0.498,0.51,0.115,0.56,0.79,0.702,0.483,0.717,0.361,0.131,0.5,0.548,0.548,0.868,0.533,0.53,0.355,0.403,0.425,0.588,0.635,0.708
0.584,0.584,0.707,0.707,0.764,0.304,0.695,0.561,0.33,0.265,0.561,0.662,0.546,0.764,0.662,0.561,0.546,0.764,0.969,0.546,0.858,0.294,0.858,0.511,0.546,0.695,0.511,0.561,0.511,0.265,0.511,0.294,0.447,0.795,0.896,0.795,0.593,0.896,0.447,0.593,0.703,0.795,0.634,0.567,0.795,0.593,0.975,0.634,0.601,0.634,0.418,0.666,0.411,0.253,0.378,0.253,0.279,0.48,0.48,0.48,0.669,0.378,0.279,0.378,0.411,0.669,0.798,0.605,0.798,0.281,0.281,0.281,0.781,0.757,0.568,0.815,0.372,0.637,0.232,0.372,0.728,0.757,0.422,0.763,0.667,0.422,0.232,0.793,0.842,0.503,0.757,0.574,0.758,0.758,0.267,0.422,0.974,0.267,0.267,0.758,0.202,0.102,0.635,0.202,0.202,0.626,0.846,0.603,0.603,0.625,0.316,0.553,0.798,0.614,0.803,0.473,0.845,0.167,0.855,0.553,0.816,0.84,0.814,0.305,0.766,0.557,0.444,0.824,0.557,0.404,0.342,0.334,0.365,0.307,0.508,0.304,0.795,0.572,0.795,0.304,0.241,0.762,0.247,0.64,0.241,0.524,0.241,0.304,0.28,0.836,0.637,0.782,0.858,0.506,0.874,0.427,0.965,0.765,0.964,0.615,0.968,0.837,0.858,0.871,0.858,0.96,0.964,0.975
0.966,0.966,0.96,0.96,0.151,0.715,0.926,0.868,0.697,0.878,0.868,0.94,0.866,0.151,0.94,0.868,0.866,0.151,0.306,0.866,0.88,0.907,0.88,0.796,0.866,0.926,0.796,0.868,0.82,0.878,0.82,0.907,0.863,0.659,0.73,0.659,0.125,0.73,0.863,0.125,0.357,0.659,0.236,0.427,0.659,0.125,0.244,0.236,0.375,0.236,0.668,0.361,0.079,0.669,0.149,0.669,0.652,0.251,0.251,0.251,0.873,0.149,0.652,0.149,0.079,0.873,0.626,0.427,0.626,0.041,0.041,0.041,0.612,0.151,0.343,0.434,0.08,0.162,0.051,0.08,0.435,0.151,0.169,0.489,0.354,0.169,0.051,0.454,0.48,0.182,0.151,0.307,0.532,0.479,0.042,0.169,0.167,0.042,0.042,0.561,0.029,0.126,0.135,0.029,0.029,0.157,0.562,0.724,0.724,0.608,0.779,0.573,0.337,0.351,0.563,0.147,0.054,0.216,0.323,0.573,0.654,0.318,0.055,0.385,0.573,0.629,0.248,0.044,0.629,0.773,0.38,0.135,0.408,0.76,0.292,0.269,0.058,0.476,0.069,0.269,0.214,0.05,0.303,0.509,0.214,0.237,0.214,0.269,0.331,0.254,0.361,0.297,0.326,0.187,0.156,0.371,0.371,0.292,0.509,0.448,0.52,0.344,0.163,0.321,0.306,0.341,0.286,0.393
0.562,0.562,0.615,0.615,0.475,0.751,0.514,0.635,0.787,0.404,0.635,0.504,0.67,0.475,0.504,0.635,0.67,0.475,0.981,0.67,0.645,0.405,0.645,0.665,0.67,0.514,0.665,0.635,0.597,0.404,0.597,0.405,0.639,0.574,0.656,0.574,0.414,0.656,0.639,0.414,0.909,0.574,0.463,0.044,0.574,0.414,0.989,0.463,0.158,0.463,0.882,0.831,0.42,0.682,0.295,0.682,0.707,0.385,0.385,0.385,0.392,0.295,0.707,0.295,0.42,0.392,0.567,0.312,0.567,0.447,0.447,0.447,0.704,0.736,0.047,0.813,0.276,0.538,0.379,0.276,0.858,0.736,0.724,0.882,0.327,0.724,0.379,0.821,0.921,0.685,0.736,0.08,0.816,0.859,0.406,0.724,0.951,0.406,0.406,0.831,0.484,0.584,0.555,0.484,0.484,0.435,0.82,0.646,0.646,0.699,0.63,0.877,0.722,0.895,0.882,0.696,0.892,0.481,0.708,0.877,0.856,0.716,0.89,0.634,0.9,0.615,0.601,0.727,0.615,0.889,0.646,0.542,0.629,0.8,0.736,0.413,0.748,0.736,0.769,0.413,0.527,0.763,0.857,0.477,0.527,0.76,0.527,0.413,0.859,0.244,0.4,0.252,0.918,0.763,0.737,0.878,0.954,0.205,0.893,0.384,0.906,0.884,0.833,0.794,0.851,0.611,0.542,0.771
0.613,0.613,0.583,0.583,0.933,0.369,0.456,0.406,0.395,0.894,0.406,0.4,0.433,0.933,0.4,0.406,0.433,0.933,0.855,0.433,0.631,0.78,0.631,0.527,0.433,0.456,0.527,0.406,0.485,0.894,0.485,0.78,0.791,0.465,0.554,0.465,0.765,0.554,0.791,0.765,0.792,0.465,0.621,0.148,0.465,0.765,0.665,0.621,0.176,0.621,0.422,0.676,0.605,0.587,0.662,0.587,0.582,0.603,0.603,0.603,0.898,0.662,0.582,0.662,0.605,0.898,0.566,0.39,0.566,0.666,0.666,0.666,0.342,0.96,0.224,0.697,0.181,0.41,0.334,0.181,0.901,0.96,0.652,0.851,0.433,0.652,0.334,0.711,0.937,0.211,0.96,0.214,0.719,0.841,0.491,0.652,0.783,0.491,0.491,0.733,0.614,0.269,0.432,0.614,0.614,0.483,0.822,0.259,0.259,0.215,0.129,0.312,0.491,0.26,0.892,0.251,0.453,0.186,0.47,0.312,0.813,0.422,0.488,0.56,0.902,0.276,0.233,0.913,0.276,0.18,0.541,0.641,0.534,0.124,0.252,0.235,0.913,0.244,0.905,0.235,0.472,0.243,0.295,0.993,0.472,0.208,0.472,0.235,0.276,0.96,0.985,0.934,0.723,0.263,0.692,0.283,0.925,0.928,0.873,0.98,0.928,0.714,0.733,0.658,0.773,0.405,0.369,0.85
0.134,0.134,0.141,0.141,0.089,0.72,0.175,0.151,0.698,0.842,0.151,0.205,0.137,0.089,0.205,0.151,0.137,0.089,0.743,0.137,0.079,0.821,0.079,0.16,0.137,0.175,0.16,0.151,0.169,0.842,0.169,0.821,0.932,0.288,0.374,0.288,0.455,0.374,0.932,0.455,0.283,0.288,0.301,0.551,0.288,0.455,0.557,0.301,0.277,0.301,0.82,0.312,0.481,0.983,0.202,0.983,0.981,0.209,0.209,0.209,0.821,0.202,0.981,0.202,0.481,0.821,0.304,0.388,0.304,0.448,0.448,0.448,0.611,0.159,0.94,0.486,0.545,0.672,0.531,0.545,0.41,0.159,0.26,0.62,0.253,0.26,0.531,0.516,0.422,0.697,0.159,0.918,0.494,0.552,0.527,0.26,0.346,0.527,0.527,0.526,0.492,0.35,0.567,0.492,0.492,0.492,0.557,0.421,0.421,0.425,0.783,0.495,0.954,0.485,0.645,0.584,0.469,0.342,0.963,0.495,0.551,0.963,0.489,0.942,0.575,0.418,0.56,0.555,0.418,0.586,0.926,0.353,0.903,0.781,0.673,0.513,0.545,0.422,0.54,0.513,0.46,0.352,0.398,0.428,0.46,0.75,0.46,0.513,0.446,0.838,0.378,0.879,0.251,0.628,0.215,0.677,0.011,0.884,0.017,0.366,0.016,0.272,0.181,0.175,0.16,0.042,0.054,0.028
0.353,0.353,0.219,0.219,0.275,0.721,0.257,0.383,0.662,0.287,0.383,0.303,0.376,0.275,0.303,0.383,0.376,0.275,0.232,0.376,0.247,0.329,0.247,0.334,0.376,0.257,0.334,0.383,0.383,0.287,0.383,0.329,0.076,0.226,0.189,0.226,0.147,0.189,0.076,0.147,0.942,0.226,0.094,0.36,0.226,0.147,0.112,0.094,0.611,0.094,0.793,0.917,0.206,0.112,0.132,0.112,0.111,0.076,0.076,0.076,0.192,0.132,0.111,0.132,0.206,0.192,0.201,0.549,0.201,0.015,0.015,0.015,0.798,0.243,0.342,0.902,0.089,0.765,0.055,0.089,0.879,0.243,0.23,0.91,0.504,0.23,0.055,0.915,0.894,0.822,0.243,0.348,0.914,0.918,0.053,0.23,0.106,0.053,0.053,0.888,0.042,0.115,0.761,0.042,0.042,0.906,0.854,0.149,0.149,0.175,0.736,0.249,0.991,0.386,0.934,0.829,0.565,0.119,0.991,0.249,0.896,0.989,0.601,0.937,0.91,0.216,0.936,0.129,0.216,0.738,0.899,0.182,0.916,0.772,0.991,0.151,0.144,0.258,0.236,0.151,0.129,0.556,0.798,0.149,0.129,0.926,0.129,0.151,0.841,0.11,0.114,0.166,0.109,0.96,0.037,0.775,0.103,0.125,0.066,0.116,0.063,0.124,0.034,0.038,0.036,0.387,0.406,0.039
0.265,0.265,0.302,0.302,0.768,0.772,0.185,0.141,0.775,0.263,0.141,0.173,0.165,0.768,0.173,0.141,0.165,0.768,0.507,0.165,0.155,0.229,0.155,0.285,0.165,0.185,0.285,0.141,0.238,0.263,0.238,0.229,0.313,0.14,0.141,0.14,0.648,0.141,0.313,0.648,0.594,0.14,0.807,0.462,0.14,0.648,0.584,0.807,0.423,0.807,0.696,0.533,0.641,0.328,0.609,0.328,0.316,0.789,0.789,0.789,0.21,0.609,0.316,0.609,0.641,0.21,0.215,0.442,0.215,0.931,0.931,0.931,0.314,0.812,0.384,0.419,0.495,0.238,0.373,0.495,0.298,0.812,0.839,0.353,0.455,0.839,0.373,0.427,0.428,0.147,0.812,0.358,0.374,0.298,0.631,0.839,0.531,0.631,0.631,0.407,0.693,0.625,0.436,0.693,0.693,0.164,0.379,0.46,0.46,0.446,0.528,0.578,0.104,0.466,0.272,0.278,0.434,0.538,0.099,0.578,0.395,0.106,0.331,0.098,0.299,0.302,0.102,0.078,0.302,0.575,0.072,0.934,0.076,0.413,0.079,0.489,0.083,0.304,0.175,0.489,0.534,0.236,0.093,0.058,0.534,0.154,0.534,0.489,0.113,0.009,0.031,0.02,0.282,0.221,0.272,0.162,0.31,0.016,0.329,0.022,0.342,0.285,0.222,0.261,0.223,0.5,0.468,0.551
0.489,0.489,0.571,0.571,0.009,0.149,0.554,0.789,0.144,0.729,0.789,0.483,0.743,0.009,0.483,0.789,0.743,0.009,0.082,0.743,0.534,0.694,0.534,0.718,0.743,0.554,0.718,0.789,0.72,0.729,0.72,0.694,0.92,0.6,0.45,0.6,0.015,0.45,0.92,0.015,0.585,0.6,0.012,0.739,0.6,0.015,0.064,0.012,0.684,0.012,0.105,0.575,0.011,0.822,0.015,0.822,0.855,0.012,0.012,0.012,0.749,0.015,0.855,0.015,0.011,0.749,0.646,0.811,0.646,0.038,0.038,0.038,0.472,0.014,0.761,0.619,0.007,0.812,0.007,0.007,0.591,0.014,0.005,0.716,0.814,0.005,0.007,0.635,0.6,0.937,0.014,0.756,0.63,0.686,0.011,0.005,0.136,0.011,0.011,0.63,0.011,0.006,0.82,0.011,0.011,0.89,0.574,0.059,0.059,0.075,0.083,0.181,0.624,0.17,0.629,0.925,0.732,0.006,0.544,0.181,0.566,0.545,0.737,0.832,0.564,0.088,0.964,0.294,0.088,0.083,0.775,0.008,0.795,0.094,0.956,0.005,0.202,0.098,0.339,0.005,0.004,0.921,0.608,0.076,0.004,0.939,0.004,0.005,0.633,0.102,0.11,0.108,0.433,0.924,0.553,0.627,0.611,0.086,0.414,0.137,0.455,0.419,0.404,0.438,0.329,0.424,0.246,0.245
0.667,0.667,0.679,0.679,0.843,0.844,0.754,0.668,0.862,0.654,0.668,0.767,0.655,0.843,0.767,0.668,0.655,0.843,0.467,0.655,0.713,0.672,0.713,0.668,0.655,0.754,0.668,0.668,0.672,0.654,0.672,0.672,0.815,0.873,0.864,0.873,0.966,0.864,0.815,0.966,0.824,0.873,0.982,0.784,0.873,0.966,0.496,0.982,0.946,0.982,0.87,0.85,0.972,0.586,0.827,0.586,0.564,0.78,0.78,0.78,0.905,0.827,0.564,0.827,0.972,0.905,0.863,0.98,0.863,0.923,0.923,0.923,0.912,0.963,0.864,0.688,0.87,0.972,0.846,0.87,0.877,0.963,0.824,0.645,0.976,0.824,0.846,0.639,0.715,0.93,0.963,0.836,0.692,0.806,0.756,0.824,0.343,0.756,0.756,0.636,0.717,0.864,0.968,0.717,0.717,0.985,0.887,0.856,0.856,0.903,0.194,0.676,0.66,0.857,0.827,0.942,0.733,0.924,0.743,0.676,0.875,0.766,0.689,0.837,0.885,0.844,0.945,0.597,0.844,0.153,0.777,0.942,0.781,0.207,0.978,0.836,0.641,0.874,0.79,0.836,0.843,0.663,0.549,0.555,0.843,0.96,0.843,0.836,0.558,0.619,0.706,0.582,0.717,0.956,0.546,0.59,0.784,0.649,0.586,0.702,0.627,0.738,0.562,0.66,0.705,0.77,0.761,0.913
0.221,0.221,0.301,0.301,0.37,0.412,0.388,0.209,0.43,0.181,0.209,0.246,0.293,0.37,0.246,0.209,0.293,0.37,0.993,0.293,0.491,0.154,0.491,0.293,0.293,0.388,0.293,0.209,0.209,0.181,0.209,0.154,0.728,0.411,0.401,0.411,0.695,0.401,0.728,0.695,0.6,0.411,0.732,0.805,0.411,0.695,0.988,0.732,0.694,0.732,0.451,0.587,0.091,0.588,0.632,0.588,0.573,0.771,0.771,0.771,0.368,0.632,0.573,0.632,0.091,0.368,0.359,0.505,0.359,0.165,0.165,0.165,0.772,0.553,0.616,0.954,0.607,0.588,0.635,0.607,0.795,0.553,0.168,0.893,0.527,0.168,0.635,0.958,0.8,0.645,0.553,0.697,0.95,0.884,0.232,0.168,0.966,0.232,0.232,0.956,0.473,0.376,0.597,0.473,0.473,0.519,0.958,0.814,0.814,0.784,0.726,0.599,0.819,0.554,0.836,0.69,0.177,0.491,0.826,0.599,0.954,0.81,0.215,0.902,0.855,0.838,0.732,0.427,0.838,0.513,0.898,0.144,0.896,0.759,0.588,0.722,0.402,0.793,0.423,0.722,0.564,0.327,0.209,0.269,0.564,0.536,0.564,0.722,0.205,0.132,0.311,0.155,0.692,0.56,0.684,0.175,0.63,0.168,0.3,0.287,0.32,0.531,0.788,0.611,0.758,0.524,0.45,0.46
0.356,0.356,0.273,0.273,0.48,0.348,0.247,0.222,0.35,0.128,0.222,0.24,0.211,0.48,0.24,0.222,0.211,0.48,0.178,0.211,0.331,0.139,0.331,0.208,0.211,0.247,0.208,0.222,0.232,0.128,0.232,0.139,0.199,0.342,0.383,0.342,0.056,0.383,0.199,0.056,0.434,0.342,0.046,0.829,0.342,0.056,0.188,0.046,0.083,0.046,0.472,0.446,0.489,0.12,0.07,0.12,0.118,0.062,0.062,0.062,0.289,0.07,0.118,0.07,0.489,0.289,0.327,0.094,0.327,0.486,0.486,0.486,0.46,0.679,0.805,0.551,0.297,0.192,0.269,0.297,0.289,0.679,0.44,0.19,0.097,0.44,0.269,0.621,0.309,0.258,0.679,0.869,0.548,0.208,0.298,0.44,0.389,0.298,0.298,0.612,0.26,0.121,0.198,0.26,0.26,0.156,0.72,0.045,0.045,0.07,0.414,0.408,0.802,0.605,0.23,0.249,0.302,0.126,0.807,0.408,0.72,0.777,0.36,0.8,0.288,0.084,0.183,0.373,0.084,0.824,0.69,0.441,0.661,0.626,0.197,0.179,0.41,0.109,0.316,0.179,0.157,0.304,0.048,0.374,0.157,0.206,0.157,0.179,0.043,0.498,0.309,0.57,0.484,0.222,0.527,0.069,0.599,0.643,0.739,0.327,0.734,0.465,0.559,0.609,0.588,0.684,0.725,0.39
0.342,0.342,0.385,0.385,0.268,0.12,0.262,0.183,0.129,0.14,0.183,0.23,0.187,0.268,0.23,0.183,0.187,0.268,0.488,0.187,0.765,0.182,0.765,0.212,0.187,0.262,0.212,0.183,0.218,0.14,0.218,0.182,0.688,0.566,0.638,0.566,0.195,0.638,0.688,0.195,0.374,0.566,0.407,0.574,0.566,0.195,0.499,0.407,0.658,0.407,0.28,0.416,0.93,0.294,0.187,0.294,0.287,0.327,0.327,0.327,0.453,0.187,0.287,0.187,0.93,0.453,0.523,0.574,0.523,0.884,0.884,0.884,0.431,0.22,0.845,0.276,0.855,0.514,0.934,0.855,0.287,0.22,0.997,0.396,0.575,0.997,0.934,0.362,0.245,0.489,0.22,0.847,0.288,0.241,0.867,0.997,0.237,0.867,0.867,0.328,0.895,0.958,0.514,0.895,0.895,0.67,0.401,0.122,0.122,0.092,0.024,0.049,0.256,0.048,0.328,0.491,0.242,0.936,0.256,0.049,0.365,0.256,0.239,0.232,0.326,0.099,0.65,0.382,0.099,0.086,0.227,0.996,0.232,0.018,0.544,0.948,0.316,0.073,0.28,0.948,0.949,0.249,0.563,0.275,0.949,0.4,0.949,0.948,0.565,0.476,0.306,0.522,0.161,0.4,0.308,0.525,0.408,0.473,0.511,0.328,0.508,0.189,0.288,0.214,0.215,0.399,0.422,0.461
0.76,0.76,0.752,0.752,0.272,0.949,0.955,0.889,0.944,0.865,0.889,0.962,0.941,0.272,0.962,0.889,0.941,0.272,0.149,0.941,0.851,0.84,0.851,0.888,0.941,0.955,0.888,0.889,0.86,0.865,0.86,0.84,0.514,0.91,0.902,0.91,0.332,0.902,0.514,0.332,0.912,0.91,0.338,0.683,0.91,0.332,0.162,0.338,0.763,0.338,0.869,0.893,0.254,0.544,0.369,0.544,0.565,0.373,0.373,0.373,0.772,0.369,0.565,0.369,0.254,0.772,0.885,0.926,0.885,0.244,0.244,0.244,0.937,0.215,0.831,0.965,0.157,0.982,0.137,0.157,0.996,0.215,0.19,0.989,0.94,0.19,0.137,0.973,0.994,0.993,0.215,0.85,0.974,0.988,0.645,0.19,0.117,0.645,0.645,0.973,0.652,0.101,0.982,0.652,0.652,0.935,0.97,0.211,0.211,0.256,0.58,0.399,0.538,0.391,0.982,0.994,0.989,0.103,0.566,0.399,0.963,0.587,0.986,0.723,0.981,0.227,0.966,0.923,0.227,0.163,0.778,0.119,0.779,0.553,0.913,0.121,0.852,0.273,0.937,0.121,0.125,0.982,0.931,0.801,0.125,0.922,0.125,0.121,0.952,0.6,0.76,0.586,0.865,0.914,0.843,0.939,0.881,0.615,0.934,0.813,0.932,0.848,0.864,0.843,0.847,0.646,0.629,0.737
0.937,0.937,0.928,0.928,0.922,0.787,0.968,0.94,0.783,0.907,0.94,0.956,0.946,0.922,0.956,0.94,0.946,0.922,0.911,0.946,0.993,0.908,0.993,0.945,0.946,0.968,0.945,0.94,0.941,0.907,0.941,0.908,0.93,0.994,0.996,0.994,0.994,0.996,0.93,0.994,0.004,0.994,0.992,0.231,0.994,0.994,0.892,0.992,0.448,0.992,0.715,0.004,0.791,0.626,0.993,0.626,0.596,0.991,0.991,0.991,0.991,0.993,0.596,0.993,0.791,0.991,0.995,0.493,0.995,0.645,0.645,0.645,0.028,0.905,0.263,0.004,0.917,0.39,0.912,0.917,0.006,0.905,0.926,0.006,0.515,0.926,0.912,0.003,0.006,0.471,0.905,0.279,0.004,0.006,0.7,0.926,0.984,0.7,0.7,0.003,0.753,0.931,0.402,0.753,0.753,0.363,0.005,0.263,0.263,0.192,0.487,0.13,0.057,0.25,0.004,0.488,0.18,0.928,0.066,0.13,0.004,0.065,0.162,0.044,0.011,0.259,0.38,0.297,0.259,0.373,0.052,0.765,0.048,0.48,0.33,0.988,0.219,0.198,0.224,0.988,0.988,0.174,0.096,0.818,0.988,0.455,0.988,0.988,0.1,0.832,0.898,0.83,0.574,0.464,0.657,0.092,0.533,0.841,0.606,0.924,0.645,0.682,0.69,0.711,0.643,0.675,0.683,0.429
0.445,0.445,0.388,0.388,0.008,0.586,0.623,0.771,0.59,0.584,0.771,0.64,0.725,0.008,0.64,0.771,0.725,0.008,0.595,0.725,0.525,0.616,0.525,0.732,0.725,0.623,0.732,0.771,0.776,0.584,0.776,0.616,0.291,0.51,0.384,0.51,0.008,0.384,0.291,0.008,0.964,0.51,0.008,0.787,0.51,0.008,0.597,0.008,0.718,0.008,0.393,0.961,0.015,0.45,0.008,0.45,0.459,0.006,0.006,0.006,0.35,0.008,0.459,0.008,0.015,0.35,0.387,0.805,0.387,0.011,0.011,0.011,0.84,0.006,0.798,0.948,0.056,0.951,0.039,0.056,0.958,0.006,0.006,0.949,0.803,0.006,0.039,0.921,0.956,0.903,0.006,0.81,0.939,0.975,0.054,0.006,0.61,0.054,0.054,0.87,0.039,0.007,0.939,0.039,0.039,0.84,0.913,0.022,0.022,0.033,0.368,0.102,0.478,0.104,0.972,0.928,0.909,0.007,0.408,0.102,0.916,0.388,0.944,0.568,0.949,0.029,0.77,0.279,0.029,0.364,0.627,0.007,0.673,0.395,0.857,0.007,0.282,0.041,0.115,0.007,0.007,0.615,0.745,0.144,0.007,0.903,0.007,0.007,0.757,0.223,0.221,0.368,0.17,0.94,0.14,0.715,0.156,0.368,0.25,0.184,0.216,0.177,0.138,0.151,0.137,0.1,0.136,0.308
0.377,0.377,0.336,0.336,0.891,0.062,0.302,0.286,0.055,0.29,0.286,0.362,0.263,0.891,0.362,0.286,0.263,0.891,0.858,0.263,0.163,0.31,0.163,0.25,0.263,0.302,0.25,0.286,0.295,0.29,0.295,0.31,0.145,0.143,0.254,0.143,0.984,0.254,0.145,0.984,0.797,0.143,0.978,0.74,0.143,0.984,0.871,0.978,0.491,0.978,0.035,0.849,0.825,0.344,0.967,0.344,0.375,0.934,0.934,0.934,0.141,0.967,0.375,0.967,0.825,0.141,0.141,0.625,0.141,0.83,0.83,0.83,0.903,0.973,0.938,0.899,0.853,0.599,0.914,0.853,0.676,0.973,0.835,0.941,0.604,0.835,0.914,0.913,0.727,0.454,0.973,0.947,0.865,0.936,0.865,0.835,0.606,0.865,0.865,0.898,0.889,0.866,0.58,0.889,0.889,0.722,0.929,0.79,0.79,0.963,1.0,0.329,0.792,0.388,0.965,0.563,0.779,0.787,0.698,0.329,0.926,0.686,0.884,0.582,0.566,0.824,0.41,0.474,0.824,0.792,0.391,0.824,0.354,1.0,0.724,0.851,0.531,0.977,0.483,0.851,0.921,0.648,0.877,0.781,0.921,0.85,0.921,0.851,0.873,0.933,0.731,0.937,0.087,0.788,0.126,0.66,0.335,0.942,0.22,0.744,0.222,0.073,0.148,0.103,0.107,0.222,0.201,0.596
0.32,0.32,0.442,0.442,0.452,0.429,0.267,0.42,0.428,0.54,0.42,0.235,0.538,0.452,0.235,0.42,0.538,0.452,0.972,0.538,0.295,0.445,0.295,0.488,0.538,0.267,0.488,0.42,0.39,0.54,0.39,0.445,0.182,0.309,0.208,0.309,0.758,0.208,0.182,0.758,0.236,0.309,0.743,0.421,0.309,0.758,0.987,0.743,0.085,0.743,0.376,0.338,0.28,0.256,0.758,0.256,0.26,0.744,0.744,0.744,0.228,0.758,0.26,0.758,0.28,0.228,0.286,0.054,0.286,0.15,0.15,0.15,0.201,0.528,0.338,0.336,0.768,0.056,0.843,0.768,0.293,0.528,0.34,0.221,0.055,0.34,0.843,0.296,0.259,0.073,0.528,0.323,0.304,0.254,0.64,0.34,0.847,0.64,0.64,0.261,0.609,0.731,0.057,0.609,0.609,0.103,0.193,0.717,0.717,0.718,0.613,0.713,0.244,0.697,0.155,0.071,0.075,0.688,0.231,0.713,0.201,0.221,0.062,0.131,0.163,0.749,0.098,0.784,0.749,0.445,0.124,0.19,0.121,0.458,0.114,0.652,0.855,0.746,0.861,0.652,0.677,0.057,0.834,0.91,0.677,0.06,0.677,0.652,0.82,0.652,0.921,0.787,0.054,0.056,0.031,0.803,0.426,0.8,0.051,0.929,0.046,0.047,0.03,0.037,0.045,0.165,0.129,0.607
0.35,0.35,0.314,0.314,0.012,0.122,0.134,0.131,0.132,0.133,0.131,0.146,0.122,0.012,0.146,0.131,0.122,0.012,0.001,0.122,0.659,0.144,0.659,0.152,0.122,0.134,0.152,0.131,0.159,0.133,0.159,0.144,0.711,0.271,0.368,0.271,0.012,0.368,0.711,0.012,0.578,0.271,0.01,0.789,0.271,0.012,0.004,0.01,0.913,0.01,0.276,0.401,0.025,0.257,0.012,0.257,0.236,0.008,0.008,0.008,0.314,0.012,0.236,0.012,0.025,0.314,0.349,0.972,0.349,0.016,0.016,0.016,0.562,0.011,0.704,0.383,0.017,0.919,0.016,0.017,0.428,0.011,0.019,0.51,0.965,0.019,0.016,0.439,0.456,0.91,0.011,0.748,0.398,0.458,0.016,0.019,0.02,0.016,0.016,0.464,0.014,0.013,0.932,0.014,0.014,0.916,0.591,0.041,0.041,0.048,0.088,0.053,0.46,0.065,0.667,0.904,0.198,0.013,0.561,0.053,0.532,0.498,0.214,0.432,0.594,0.057,0.915,0.221,0.057,0.11,0.494,0.019,0.433,0.096,0.878,0.02,0.228,0.055,0.199,0.02,0.021,0.278,0.512,0.095,0.021,0.929,0.021,0.02,0.451,0.039,0.104,0.053,0.056,0.917,0.128,0.679,0.147,0.058,0.345,0.13,0.325,0.059,0.102,0.128,0.108,0.132,0.163,0.069
0.383,0.383,0.284,0.284,0.671,0.411,0.358,0.646,0.47,0.343,0.646,0.413,0.561,0.671,0.413,0.646,0.561,0.671,0.967,0.561,0.493,0.46,0.493,0.558,0.561,0.358,0.558,0.646,0.62,0.343,0.62,0.46,0.673,0.699,0.324,0.699,0.855,0.324,0.673,0.855,0.769,0.699,0.852,0.895,0.699,0.855,0.981,0.852,0.282,0.852,0.4,0.86,0.362,0.908,0.805,0.908,0.911,0.79,0.79,0.79,0.474,0.805,0.911,0.805,0.362,0.474,0.691,0.3,0.691,0.363,0.363,0.363,0.945,0.792,0.923,0.771,0.603,0.401,0.618,0.603,0.771,0.792,0.451,0.719,0.285,0.451,0.618,0.778,0.829,0.433,0.792,0.913,0.761,0.701,0.573,0.451,0.905,0.573,0.573,0.754,0.653,0.639,0.383,0.653,0.653,0.318,0.668,0.75,0.75,0.788,0.975,0.813,0.627,0.883,0.625,0.417,0.702,0.633,0.646,0.813,0.619,0.597,0.691,0.581,0.682,0.755,0.347,0.826,0.755,0.96,0.615,0.373,0.614,0.97,0.403,0.725,0.873,0.782,0.819,0.725,0.734,0.645,0.238,0.975,0.734,0.566,0.734,0.725,0.237,0.927,0.99,0.931,0.854,0.559,0.759,0.268,0.259,0.921,0.23,0.988,0.21,0.881,0.772,0.692,0.703,0.312,0.31,0.309
0.424,0.424,0.355,0.355,0.414,0.063,0.56,0.516,0.089,0.522,0.516,0.558,0.496,0.414,0.558,0.516,0.496,0.414,0.023,0.496,0.203,0.592,0.203,0.456,0.496,0.56,0.456,0.516,0.522,0.522,0.522,0.592,0.174,0.412,0.483,0.412,0.356,0.483,0.174,0.356,0.128,0.412,0.38,0.659,0.412,0.356,0.036,0.38,0.326,0.38,0.05,0.184,0.591,0.228,0.457,0.228,0.23,0.465,0.465,0.465,0.401,0.457,0.23,0.457,0.591,0.401,0.406,0.311,0.406,0.466,0.466,0.466,0.306,0.351,0.64,0.234,0.964,0.267,0.995,0.964,0.365,0.351,0.232,0.293,0.255,0.232,0.995,0.259,0.396,0.32,0.351,0.604,0.214,0.267,0.923,0.232,0.168,0.923,0.923,0.238,0.959,0.694,0.279,0.959,0.959,0.267,0.198,0.254,0.254,0.43,0.627,0.158,0.302,0.198,0.234,0.328,0.135,0.687,0.308,0.158,0.197,0.347,0.158,0.13,0.265,0.189,0.407,0.973,0.189,0.304,0.192,0.336,0.192,0.72,0.368,0.438,0.971,0.378,0.858,0.438,0.404,0.212,0.243,0.831,0.404,0.353,0.404,0.438,0.266,0.485,0.835,0.638,0.95,0.345,0.997,0.421,0.476,0.653,0.784,0.855,0.771,0.982,0.989,0.999,0.988,0.147,0.091,0.865
0.359,0.359,0.386,0.386,0.748,0.295,0.168,0.231,0.355,0.385,0.231,0.212,0.18,0.748,0.212,0.231,0.18,0.748,0.267,0.18,0.352,0.413,0.352,0.271,0.18,0.168,0.271,0.231,0.344,0.385,0.344,0.413,0.243,0.381,0.338,0.381,0.343,0.338,0.243,0.343,0.118,0.381,0.296,0.729,0.381,0.343,0.305,0.296,0.674,0.296,0.354,0.131,0.319,0.183,0.237,0.183,0.182,0.241,0.241,0.241,0.484,0.237,0.182,0.237,0.319,0.484,0.495,0.823,0.495,0.143,0.143,0.143,0.123,0.618,0.867,0.305,0.205,0.907,0.183,0.205,0.383,0.618,0.141,0.4,0.859,0.141,0.183,0.321,0.324,0.966,0.618,0.926,0.291,0.416,0.151,0.141,0.87,0.151,0.151,0.31,0.125,0.171,0.934,0.125,0.125,0.949,0.475,0.103,0.103,0.095,0.122,0.118,0.389,0.137,0.355,0.98,0.626,0.199,0.422,0.118,0.451,0.413,0.644,0.498,0.342,0.037,0.929,0.627,0.037,0.132,0.526,0.264,0.54,0.105,0.79,0.372,0.646,0.049,0.739,0.372,0.354,0.641,0.417,0.383,0.354,0.845,0.354,0.372,0.434,0.387,0.41,0.38,0.553,0.891,0.444,0.462,0.441,0.386,0.527,0.416,0.514,0.561,0.43,0.462,0.439,0.575,0.595,0.478
0.747,0.747,0.698,0.698,0.583,0.796,0.995,0.957,0.796,0.994,0.957,0.999,0.936,0.583,0.999,0.957,0.936,0.583,0.888,0.936,0.795,0.997,0.795,0.967,0.936,0.995,0.967,0.957,0.989,0.994,0.989,0.997,0.604,0.798,0.936,0.798,0.358,0.936,0.604,0.358,0.661,0.798,0.348,0.065,0.798,0.358,0.811,0.348,0.192,0.348,0.671,0.693,0.49,0.938,0.414,0.938,0.937,0.274,0.274,0.274,0.829,0.414,0.937,0.414,0.49,0.829,0.867,0.195,0.867,0.236,0.236,0.236,0.868,0.523,0.065,0.432,0.038,0.354,0.027,0.038,0.567,0.523,0.463,0.503,0.193,0.463,0.027,0.431,0.627,0.334,0.523,0.056,0.452,0.565,0.026,0.463,0.898,0.026,0.026,0.416,0.008,0.085,0.341,0.008,0.008,0.332,0.48,0.695,0.695,0.67,0.703,0.63,0.312,0.641,0.589,0.329,0.748,0.114,0.29,0.63,0.432,0.288,0.747,0.279,0.591,0.704,0.313,0.15,0.704,0.613,0.355,0.463,0.313,0.7,0.46,0.112,0.272,0.744,0.27,0.112,0.089,0.767,0.884,0.051,0.089,0.48,0.089,0.112,0.882,0.536,0.059,0.588,0.447,0.484,0.454,0.867,0.094,0.575,0.139,0.055,0.129,0.422,0.485,0.443,0.469,0.484,0.409,0.229
0.486,0.486,0.493,0.493,0.914,0.019,0.405,0.358,0.018,0.217,0.358,0.401,0.303,0.914,0.401,0.358,0.303,0.914,0.957,0.303,0.271,0.249,0.271,0.259,0.303,0.405,0.259,0.358,0.302,0.217,0.302,0.249,0.095,0.188,0.241,0.188,0.999,0.241,0.095,0.999,0.042,0.188,0.987,0.302,0.188,0.999,0.891,0.987,0.399,0.987,0.015,0.02,0.897,0.156,0.969,0.156,0.17,0.921,0.921,0.921,0.128,0.969,0.17,0.969,0.897,0.128,0.172,0.667,0.172,0.746,0.746,0.746,0.011,0.947,0.278,0.101,0.863,0.781,0.749,0.863,0.064,0.947,0.9,0.098,0.788,0.9,0.749,0.1,0.048,0.724,0.947,0.248,0.11,0.12,0.662,0.9,0.958,0.662,0.662,0.109,0.673,0.87,0.763,0.673,0.673,0.374,0.077,0.919,0.919,0.943,0.588,0.845,0.159,0.891,0.072,0.655,0.424,0.915,0.122,0.845,0.085,0.129,0.516,0.151,0.026,0.947,0.394,0.195,0.947,0.655,0.142,0.937,0.14,0.602,0.313,0.854,0.178,0.962,0.206,0.854,0.923,0.383,0.217,0.959,0.923,0.296,0.923,0.854,0.201,0.925,0.935,0.792,0.285,0.28,0.373,0.181,0.586,0.753,0.741,0.931,0.728,0.258,0.343,0.353,0.352,0.439,0.464,0.445
0.583,0.583,0.732,0.732,0.235,0.966,0.291,0.244,0.979,0.333,0.244,0.292,0.256,0.235,0.292,0.244,0.256,0.235,0.327,0.256,0.562,0.376,0.562,0.378,0.256,0.291,0.378,0.244,0.343,0.333,0.343,0.376,0.343,0.293,0.325,0.293,0.183,0.325,0.343,0.183,0.726,0.293,0.101,0.869,0.293,0.183,0.233,0.101,0.818,0.101,0.794,0.738,0.279,0.347,0.274,0.347,0.338,0.164,0.164,0.164,0.376,0.274,0.338,0.274,0.279,0.376,0.267,0.857,0.267,0.336,0.336,0.336,0.413,0.147,0.902,0.484,0.304,0.844,0.321,0.304,0.462,0.147,0.227,0.526,0.856,0.227,0.321,0.499,0.429,0.84,0.147,0.9,0.46,0.507,0.134,0.227,0.702,0.134,0.134,0.455,0.29,0.203,0.86,0.29,0.29,0.915,0.406,0.224,0.224,0.245,0.89,0.2,0.763,0.195,0.504,0.85,0.945,0.134,0.773,0.2,0.4,0.763,0.93,0.77,0.336,0.254,0.893,0.993,0.254,0.49,0.865,0.141,0.868,0.851,0.799,0.156,0.983,0.278,0.968,0.156,0.265,0.916,0.982,0.844,0.265,0.924,0.265,0.156,0.982,0.831,0.973,0.908,0.813,0.903,0.81,0.948,0.54,0.916,0.495,0.971,0.529,0.795,0.813,0.812,0.818,0.429,0.394,0.227
0.59,0.59,0.64,0.64,0.871,0.214,0.819,0.688,0.265,0.837,0.688,0.782,0.705,0.871,0.782,0.688,0.705,0.871,0.461,0.705,0.911,0.832,0.911,0.649,0.705,0.819,0.649,0.688,0.637,0.837,0.637,0.832,0.91,0.975,0.941,0.975,0.84,0.941,0.91,0.84,0.782,0.975,0.748,0.808,0.975,0.84,0.419,0.748,0.835,0.748,0.395,0.84,0.6,0.519,0.727,0.519,0.494,0.61,0.61,0.61,0.988,0.727,0.494,0.727,0.6,0.988,0.951,0.715,0.951,0.632,0.632,0.632,0.959,0.927,0.87,0.76,0.6,0.189,0.659,0.6,0.823,0.927,0.807,0.866,0.732,0.807,0.659,0.792,0.898,0.231,0.927,0.791,0.797,0.793,0.628,0.807,0.43,0.628,0.628,0.791,0.683,0.803,0.18,0.683,0.683,0.178,0.848,0.939,0.939,0.954,0.602,0.897,0.671,0.933,0.895,0.221,0.812,0.77,0.722,0.897,0.78,0.723,0.834,0.708,0.864,0.939,0.23,0.261,0.939,0.495,0.696,0.662,0.699,0.571,0.285,0.726,0.206,0.95,0.17,0.726,0.703,0.849,0.818,0.268,0.703,0.293,0.703,0.726,0.712,0.686,0.293,0.668,0.271,0.284,0.343,0.754,0.926,0.673,0.789,0.26,0.81,0.208,0.39,0.375,0.427,0.713,0.687,0.653
0.081,0.081,0.166,0.166,0.413,0.129,0.111,0.094,0.142,0.201,0.094,0.066,0.114,0.413,0.066,0.094,0.114,0.413,0.262,0.114,0.347,0.135,0.347,0.117,0.114,0.111,0.117,0.094,0.096,0.201,0.096,0.135,0.234,0.208,0.139,0.208,0.555,0.139,0.234,0.555,0.306,0.208,0.517,0.305,0.208,0.555,0.343,0.517,0.404,0.517,0.398,0.358,0.086,0.054,0.407,0.054,0.049,0.43,0.43,0.43,0.256,0.407,0.049,0.407,0.086,0.256,0.217,0.359,0.217,0.146,0.146,0.146,0.321,0.359,0.308,0.335,0.061,0.657,0.068,0.061,0.465,0.359,0.332,0.458,0.361,0.332,0.068,0.355,0.512,0.734,0.359,0.318,0.317,0.369,0.156,0.332,0.709,0.156,0.156,0.347,0.152,0.237,0.617,0.152,0.152,0.488,0.494,0.529,0.529,0.402,0.562,0.721,0.192,0.676,0.486,0.705,0.553,0.21,0.193,0.721,0.497,0.2,0.5,0.217,0.561,0.463,0.627,0.819,0.463,0.466,0.216,0.256,0.216,0.565,0.362,0.148,0.807,0.363,0.817,0.148,0.194,0.713,0.944,0.778,0.194,0.416,0.194,0.148,0.939,0.79,0.834,0.776,0.688,0.376,0.548,0.914,0.809,0.75,0.767,0.829,0.767,0.688,0.536,0.536,0.525,0.52,0.587,0.597
0.473,0.473,0.621,0.621,0.569,0.182,0.616,0.215,0.165,0.285,0.215,0.268,0.518,0.569,0.268,0.215,0.518,0.569,0.022,0.518,0.605,0.174,0.605,0.51,0.518,0.616,0.51,0.215,0.177,0.285,0.177,0.174,0.991,0.369,0.574,0.369,0.387,0.574,0.991,0.387,0.632,0.369,0.211,0.424,0.369,0.387,0.014,0.211,0.263,0.211,0.156,0.541,0.422,0.936,0.534,0.936,0.934,0.325,0.325,0.325,0.234,0.534,0.934,0.534,0.422,0.234,0.312,0.285,0.312,0.444,0.444,0.444,0.552,0.916,0.427,0.503,0.498,0.088,0.483,0.498,0.749,0.916,0.674,0.511,0.281,0.674,0.483,0.46,0.77,0.03,0.916,0.45,0.581,0.548,0.439,0.674,0.68,0.439,0.439,0.571,0.428,0.623,0.103,0.428,0.428,0.089,0.5,0.566,0.566,0.502,0.422,0.851,0.405,0.904,0.558,0.036,0.162,0.613,0.401,0.851,0.564,0.401,0.164,0.42,0.82,0.736,0.023,0.035,0.736,0.748,0.418,0.73,0.414,0.332,0.048,0.784,0.064,0.695,0.014,0.784,0.795,0.294,0.454,0.02,0.795,0.029,0.795,0.784,0.373,0.007,0.028,0.006,0.082,0.037,0.109,0.332,0.11,0.007,0.05,0.033,0.057,0.077,0.13,0.193,0.245,0.022,0.061,0.05
0.706,0.706,0.688,0.688,0.496,0.162,0.487,0.476,0.203,0.445,0.476,0.493,0.497,0.496,0.493,0.476,0.497,0.496,0.227,0.497,0.703,0.451,0.703,0.565,0.497,0.487,0.565,0.476,0.567,0.445,0.567,0.451,0.402,0.318,0.559,0.318,0.539,0.559,0.402,0.539,0.324,0.318,0.566,0.229,0.318,0.539,0.318,0.566,0.16,0.566,0.155,0.369,0.899,0.493,0.593,0.493,0.509,0.551,0.551,0.551,0.343,0.593,0.509,0.593,0.899,0.343,0.404,0.188,0.404,0.943,0.943,0.943,0.23,0.49,0.239,0.239,0.877,0.055,0.942,0.877,0.4,0.49,0.754,0.281,0.151,0.754,0.942,0.238,0.369,0.091,0.49,0.256,0.256,0.287,0.967,0.754,0.197,0.967,0.967,0.25,0.927,0.856,0.058,0.927,0.927,0.048,0.179,0.825,0.825,0.89,0.6,0.48,0.265,0.623,0.209,0.124,0.26,0.765,0.257,0.48,0.161,0.23,0.229,0.384,0.218,0.785,0.075,0.431,0.785,0.796,0.377,0.922,0.369,0.574,0.088,0.591,0.676,0.851,0.325,0.591,0.648,0.247,0.806,0.409,0.648,0.057,0.648,0.591,0.799,0.298,0.512,0.374,0.118,0.071,0.232,0.824,0.449,0.428,0.533,0.419,0.498,0.088,0.223,0.327,0.354,0.699,0.73,0.494
0.729,0.729,0.75,0.75,0.459,0.121,0.702,0.824,0.081,0.988,0.824,0.745,0.715,0.459,0.745,0.824,0.715,0.459,0.709,0.715,0.678,0.992,0.678,0.801,0.715,0.702,0.801,0.824,0.83,0.988,0.83,0.992,0.627,0.839,0.704,0.839,0.821,0.704,0.627,0.821,0.188,0.839,0.895,0.647,0.839,0.821,0.909,0.895,0.435,0.895,0.04,0.185,0.484,0.815,0.777,0.815,0.824,0.82,0.82,0.82,0.929,0.777,0.824,0.777,0.484,0.929,0.796,0.448,0.796,0.94,0.94,0.94,0.109,0.565,0.353,0.541,0.686,0.218,0.765,0.686,0.17,0.565,0.564,0.214,0.465,0.564,0.765,0.508,0.179,0.223,0.565,0.34,0.554,0.229,0.926,0.564,0.777,0.926,0.926,0.521,0.937,0.658,0.237,0.937,0.937,0.18,0.293,0.858,0.858,0.91,0.794,0.656,0.346,0.851,0.126,0.25,0.062,0.632,0.31,0.656,0.303,0.302,0.066,0.287,0.101,0.759,0.189,0.896,0.759,0.902,0.198,0.538,0.175,0.619,0.126,0.749,0.935,0.808,0.932,0.749,0.767,0.071,0.012,0.834,0.767,0.1,0.767,0.749,0.01,0.802,0.918,0.795,0.811,0.101,0.789,0.005,0.889,0.798,0.877,0.926,0.862,0.822,0.824,0.709,0.752,0.97,0.965,0.81
0.374,0.374,0.608,0.608,0.12,0.749,0.409,0.315,0.675,0.582,0.315,0.394,0.307,0.12,0.394,0.315,0.307,0.12,0.44,0.307,0.592,0.531,0.592,0.298,0.307,0.409,0.298,0.315,0.299,0.582,0.299,0.531,0.95,0.407,0.561,0.407,0.173,0.561,0.95,0.173,0.576,0.407,0.187,0.524,0.407,0.173,0.378,0.187,0.55,0.187,0.619,0.655,0.39,0.702,0.055,0.702,0.703,0.077,0.077,0.077,0.752,0.055,0.703,0.055,0.39,0.752,0.385,0.305,0.385,0.205,0.205,0.205,0.6,0.204,0.329,0.471,0.198,0.532,0.196,0.198,0.296,0.204,0.277,0.315,0.31,0.277,0.196,0.486,0.36,0.658,0.204,0.361,0.476,0.312,0.13,0.277,0.225,0.13,0.13,0.461,0.157,0.099,0.457,0.157,0.157,0.658,0.511,0.575,0.575,0.597,0.118,0.38,0.4,0.324,0.294,0.678,0.149,0.108,0.519,0.38,0.509,0.519,0.125,0.47,0.293,0.502,0.73,0.416,0.502,0.215,0.404,0.238,0.402,0.112,0.272,0.191,0.484,0.578,0.374,0.191,0.142,0.108,0.053,0.468,0.142,0.173,0.142,0.191,0.057,0.805,0.381,0.786,0.456,0.164,0.487,0.074,0.513,0.781,0.484,0.367,0.494,0.529,0.512,0.543,0.581,0.461,0.624,0.716
0.513,0.513,0.536,0.536,0.556,0.469,0.624,0.781,0.465,0.748,0.781,0.605,0.774,0.556,0.605,0.781,0.774,0.556,0.635,0.774,0.418,0.796,0.418,0.786,0.774,0.624,0.786,0.781,0.798,0.748,0.798,0.796,0.396,0.684,0.531,0.684,0.748,0.531,0.396,0.748,0.126,0.684,0.71,0.48,0.684,0.748,0.55,0.71,0.887,0.71,0.513,0.104,0.67,0.574,0.597,0.574,0.6,0.537,0.537,0.537,0.589,0.597,0.6,0.597,0.67,0.589,0.667,0.45,0.667,0.708,0.708,0.708,0.234,0.619,0.755,0.237,0.491,0.621,0.642,0.491,0.128,0.619,0.318,0.175,0.628,0.318,0.642,0.264,0.11,0.512,0.619,0.825,0.248,0.149,0.647,0.318,0.693,0.647,0.647,0.272,0.757,0.553,0.704,0.757,0.757,0.785,0.305,0.626,0.626,0.681,0.125,0.785,0.714,0.774,0.168,0.603,0.752,0.515,0.749,0.785,0.296,0.755,0.707,0.711,0.146,0.52,0.709,0.551,0.52,0.518,0.603,0.495,0.645,0.142,0.662,0.403,0.717,0.614,0.579,0.403,0.416,0.511,0.258,0.783,0.416,0.447,0.416,0.403,0.244,0.806,0.717,0.688,0.888,0.572,0.891,0.183,0.846,0.737,0.826,0.77,0.791,0.921,0.8,0.929,0.937,0.741,0.746,0.947
0.112,0.112,0.074,0.074,0.381,0.913,0.071,0.395,0.909,0.255,0.395,0.151,0.358,0.381,0.151,0.395,0.358,0.381,0.433,0.358,0.43,0.263,0.43,0.371,0.358,0.071,0.371,0.395,0.403,0.255,0.403,0.263,0.621,0.423,0.149,0.423,0.516,0.149,0.621,0.516,0.967,0.423,0.432,0.432,0.423,0.516,0.42,0.432,0.564,0.432,0.983,0.977,0.737,0.28,0.246,0.28,0.269,0.22,0.22,0.22,0.307,0.246,0.269,0.246,0.737,0.307,0.443,0.714,0.443,0.689,0.689,0.689,0.992,0.445,0.548,0.997,0.754,0.83,0.82,0.754,0.995,0.445,0.894,0.996,0.703,0.894,0.82,0.996,0.995,0.9,0.445,0.509,0.994,0.997,0.846,0.894,0.497,0.846,0.846,0.995,0.915,0.975,0.841,0.915,0.915,0.577,0.994,0.778,0.778,0.823,0.887,0.925,0.93,0.936,0.998,0.905,0.927,0.953,0.932,0.925,0.993,0.931,0.893,0.848,0.999,0.833,0.814,0.737,0.833,0.911,0.883,0.851,0.889,0.98,0.846,0.917,0.736,0.869,0.663,0.917,0.967,0.859,0.937,0.42,0.967,0.875,0.967,0.917,0.9,0.325,0.627,0.441,0.377,0.905,0.225,0.895,0.464,0.446,0.218,0.604,0.258,0.42,0.327,0.245,0.327,0.3,0.184,0.936
0.307,0.307,0.283,0.283,0.88,0.169,0.47,0.378,0.138,0.185,0.378,0.435,0.346,0.88,0.435,0.378,0.346,0.88,0.989,0.346,0.144,0.199,0.144,0.241,0.346,0.47,0.241,0.378,0.304,0.185,0.304,0.199,0.169,0.11,0.218,0.11,0.853,0.218,0.169,0.853,0.526,0.11,0.865,0.457,0.11,0.853,0.992,0.865,0.736,0.865,0.094,0.436,0.992,0.384,0.916,0.384,0.415,0.962,0.962,0.962,0.091,0.916,0.415,0.916,0.992,0.091,0.09,0.816,0.09,0.987,0.987,0.987,0.241,0.744,0.292,0.672,0.788,0.206,0.829,0.788,0.416,0.744,0.983,0.575,0.85,0.983,0.829,0.669,0.455,0.284,0.744,0.438,0.696,0.601,0.829,0.983,0.872,0.829,0.829,0.673,0.837,0.897,0.209,0.837,0.837,0.154,0.684,0.978,0.978,0.879,0.891,0.805,0.728,0.855,0.647,0.295,0.665,0.922,0.765,0.805,0.655,0.786,0.675,0.738,0.291,0.94,0.2,0.02,0.94,0.832,0.782,0.987,0.802,0.874,0.301,0.982,0.011,0.777,0.024,0.982,0.984,0.543,0.349,0.048,0.984,0.453,0.984,0.982,0.369,0.018,0.016,0.012,0.007,0.446,0.01,0.297,0.006,0.013,0.018,0.021,0.019,0.008,0.012,0.009,0.015,0.01,0.011,0.011
0.726,0.726,0.726,0.726,0.231,0.524,0.757,0.713,0.547,0.796,0.713,0.724,0.663,0.231,0.724,0.713,0.663,0.231,0.447,0.663,0.6,0.804,0.6,0.802,0.663,0.757,0.802,0.713,0.813,0.796,0.813,0.804,0.641,0.509,0.604,0.509,0.134,0.604,0.641,0.134,0.877,0.509,0.114,0.515,0.509,0.134,0.434,0.114,0.758,0.114,0.689,0.874,0.381,0.939,0.261,0.939,0.931,0.24,0.24,0.24,0.708,0.261,0.931,0.261,0.381,0.708,0.636,0.679,0.636,0.261,0.261,0.261,0.909,0.115,0.511,0.706,0.508,0.861,0.514,0.508,0.697,0.115,0.445,0.821,0.675,0.445,0.514,0.701,0.823,0.676,0.115,0.512,0.709,0.788,0.352,0.445,0.613,0.352,0.352,0.706,0.159,0.631,0.808,0.159,0.159,0.829,0.727,0.183,0.183,0.185,0.074,0.165,0.352,0.179,0.877,0.626,0.772,0.622,0.359,0.165,0.724,0.381,0.75,0.501,0.888,0.19,0.806,0.33,0.19,0.112,0.396,0.431,0.381,0.104,0.627,0.649,0.261,0.199,0.268,0.649,0.617,0.754,0.177,0.162,0.617,0.727,0.617,0.649,0.174,0.557,0.188,0.556,0.283,0.773,0.451,0.222,0.372,0.61,0.534,0.209,0.534,0.355,0.468,0.419,0.424,0.723,0.724,0.558
0.41,0.41,0.488,0.488,0.984,0.334,0.688,0.5,0.406,0.471,0.5,0.716,0.523,0.984,0.716,0.5,0.523,0.984,0.51,0.523,0.58,0.459,0.58,0.417,0.523,0.688,0.417,0.5,0.399,0.471,0.399,0.459,0.742,0.866,0.924,0.866,0.956,0.924,0.742,0.956,0.079,0.866,0.975,0.835,0.866,0.956,0.491,0.975,0.62,0.975,0.65,0.084,0.826,0.506,0.956,0.506,0.489,0.965,0.965,0.965,0.796,0.956,0.489,0.956,0.826,0.796,0.882,0.557,0.882,0.838,0.838,0.838,0.149,0.994,0.609,0.034,0.831,0.683,0.812,0.831,0.082,0.994,0.965,0.067,0.608,0.965,0.812,0.054,0.108,0.509,0.994,0.599,0.031,0.057,0.799,0.965,0.599,0.799,0.799,0.05,0.783,0.865,0.688,0.783,0.783,0.56,0.081,0.891,0.891,0.694,0.321,0.211,0.06,0.158,0.087,0.549,0.555,0.895,0.068,0.211,0.081,0.064,0.534,0.103,0.1,0.893,0.4,0.809,0.893,0.097,0.093,0.938,0.092,0.429,0.259,0.852,0.888,0.635,0.72,0.852,0.829,0.436,0.342,0.633,0.829,0.439,0.829,0.852,0.345,0.573,0.677,0.606,0.701,0.425,0.644,0.396,0.093,0.594,0.26,0.651,0.235,0.779,0.577,0.674,0.603,0.414,0.482,0.279
0.105,0.105,0.294,0.294,0.301,0.219,0.076,0.526,0.226,0.563,0.526,0.058,0.522,0.301,0.058,0.526,0.522,0.301,0.356,0.522,0.112,0.542,0.112,0.474,0.522,0.076,0.474,0.526,0.375,0.563,0.375,0.542,0.548,0.325,0.034,0.325,0.28,0.034,0.548,0.28,0.849,0.325,0.16,0.538,0.325,0.28,0.258,0.16,0.531,0.16,0.164,0.933,0.733,0.875,0.318,0.875,0.882,0.168,0.168,0.168,0.385,0.318,0.882,0.318,0.733,0.385,0.335,0.801,0.335,0.535,0.535,0.535,0.548,0.452,0.686,0.577,0.706,0.485,0.562,0.706,0.701,0.452,0.849,0.613,0.669,0.849,0.562,0.581,0.594,0.564,0.452,0.708,0.577,0.603,0.663,0.849,0.479,0.663,0.663,0.58,0.553,0.52,0.507,0.553,0.553,0.388,0.537,0.302,0.302,0.31,0.068,0.168,0.539,0.183,0.574,0.595,0.624,0.669,0.542,0.168,0.524,0.542,0.615,0.64,0.452,0.353,0.471,0.04,0.353,0.138,0.654,0.623,0.654,0.07,0.47,0.582,0.048,0.343,0.107,0.582,0.456,0.732,0.526,0.207,0.456,0.622,0.456,0.582,0.571,0.173,0.192,0.221,0.108,0.653,0.066,0.46,0.056,0.275,0.09,0.244,0.084,0.084,0.046,0.049,0.05,0.18,0.162,0.021
0.182,0.182,0.181,0.181,0.073,0.461,0.131,0.123,0.506,0.469,0.123,0.13,0.143,0.073,0.13,0.123,0.143,0.073,0.689,0.143,0.242,0.404,0.242,0.158,0.143,0.131,0.158,0.123,0.127,0.469,0.127,0.404,0.897,0.214,0.171,0.214,0.016,0.171,0.897,0.016,0.477,0.214,0.033,0.629,0.214,0.016,0.755,0.033,0.333,0.033,0.789,0.519,0.029,0.732,0.044,0.732,0.729,0.059,0.059,0.059,0.553,0.044,0.729,0.044,0.029,0.553,0.199,0.273,0.199,0.054,0.054,0.054,0.773,0.085,0.611,0.745,0.142,0.471,0.15,0.142,0.893,0.085,0.039,0.8,0.289,0.039,0.15,0.802,0.861,0.171,0.085,0.637,0.713,0.803,0.209,0.039,0.621,0.209,0.209,0.783,0.385,0.415,0.446,0.385,0.385,0.536,0.677,0.14,0.14,0.171,0.345,0.296,0.564,0.311,0.695,0.156,0.508,0.281,0.439,0.296,0.676,0.451,0.558,0.746,0.707,0.143,0.272,0.003,0.143,0.452,0.589,0.038,0.605,0.293,0.322,0.2,0.003,0.179,0.007,0.2,0.245,0.516,0.606,0.003,0.245,0.234,0.245,0.2,0.61,0.046,0.001,0.041,0.106,0.206,0.05,0.628,0.143,0.044,0.14,0.001,0.153,0.119,0.048,0.039,0.033,0.157,0.121,0.215
0.381,0.381,0.545,0.545,0.211,0.614,0.863,0.816,0.607,0.655,0.816,0.842,0.762,0.211,0.842,0.816,0.762,0.211,0.946,0.762,0.363,0.72,0.363,0.754,0.762,0.863,0.754,0.816,0.808,0.655,0.808,0.72,0.387,0.642,0.776,0.642,0.248,0.776,0.387,0.248,0.536,0.642,0.252,0.052,0.642,0.248,0.907,0.252,0.162,0.252,0.427,0.511,0.308,0.598,0.239,0.598,0.638,0.258,0.258,0.258,0.559,0.239,0.638,0.239,0.308,0.559,0.647,0.245,0.647,0.344,0.344,0.344,0.583,0.271,0.051,0.518,0.257,0.427,0.261,0.257,0.473,0.271,0.18,0.424,0.204,0.18,0.261,0.617,0.514,0.464,0.271,0.045,0.522,0.338,0.286,0.18,0.842,0.286,0.286,0.601,0.392,0.191,0.433,0.392,0.392,0.587,0.541,0.485,0.485,0.49,0.752,0.613,0.812,0.581,0.341,0.458,0.647,0.187,0.798,0.613,0.544,0.813,0.679,0.565,0.273,0.532,0.68,0.206,0.532,0.77,0.727,0.24,0.73,0.835,0.703,0.124,0.123,0.524,0.425,0.124,0.124,0.45,0.64,0.741,0.124,0.647,0.124,0.124,0.632,0.783,0.856,0.737,0.27,0.596,0.337,0.515,0.268,0.778,0.44,0.874,0.467,0.268,0.36,0.332,0.356,0.229,0.189,0.537
0.241,0.241,0.232,0.232,0.73,0.085,0.372,0.312,0.078,0.242,0.312,0.374,0.282,0.73,0.374,0.312,0.282,0.73,0.681,0.282,0.87,0.221,0.87,0.248,0.282,0.372,0.248,0.312,0.308,0.242,0.308,0.221,0.705,0.844,0.794,0.844,0.916,0.794,0.705,0.916,0.113,0.844,0.88,0.851,0.844,0.916,0.825,0.88,0.965,0.88,0.38,0.102,0.881,0.3,0.862,0.3,0.276,0.847,0.847,0.847,0.795,0.862,0.276,0.862,0.881,0.795,0.812,0.916,0.812,0.719,0.719,0.719,0.385,0.789,0.875,0.067,0.956,0.797,0.982,0.956,0.057,0.789,0.922,0.058,0.919,0.922,0.982,0.075,0.078,0.814,0.789,0.864,0.07,0.046,0.992,0.922,0.506,0.992,0.992,0.094,0.993,0.996,0.805,0.993,0.993,0.789,0.242,0.936,0.936,0.93,0.637,0.773,0.687,0.741,0.259,0.837,0.985,0.973,0.692,0.773,0.312,0.691,0.983,0.286,0.247,0.921,0.798,0.607,0.921,0.294,0.293,0.887,0.292,0.539,0.802,0.976,0.496,0.859,0.637,0.976,0.993,0.891,0.355,0.671,0.993,0.955,0.993,0.976,0.379,0.454,0.511,0.552,0.349,0.961,0.282,0.471,0.612,0.557,0.578,0.581,0.548,0.359,0.295,0.256,0.236,0.671,0.605,0.698
0.815,0.815,0.87,0.87,0.326,0.669,0.699,0.769,0.579,0.664,0.769,0.741,0.788,0.326,0.741,0.769,0.788,0.326,0.042,0.788,0.942,0.733,0.942,0.851,0.788,0.699,0.851,0.769,0.893,0.664,0.893,0.733,0.708,0.918,0.89,0.918,0.475,0.89,0.708,0.475,0.231,0.918,0.484,0.329,0.918,0.475,0.128,0.484,0.089,0.484,0.615,0.198,0.365,0.411,0.464,0.411,0.383,0.432,0.432,0.432,0.878,0.464,0.383,0.464,0.365,0.878,0.938,0.076,0.938,0.216,0.216,0.216,0.249,0.29,0.37,0.229,0.405,0.119,0.417,0.405,0.214,0.29,0.229,0.197,0.071,0.229,0.417,0.19,0.265,0.188,0.29,0.344,0.244,0.175,0.219,0.229,0.309,0.219,0.219,0.227,0.24,0.127,0.107,0.24,0.24,0.091,0.563,0.637,0.637,0.55,0.394,0.424,0.528,0.426,0.319,0.178,0.274,0.115,0.509,0.424,0.548,0.508,0.281,0.546,0.44,0.784,0.103,0.978,0.784,0.278,0.557,0.149,0.488,0.472,0.174,0.311,0.962,0.732,0.963,0.311,0.364,0.385,0.799,0.601,0.364,0.179,0.364,0.311,0.804,0.416,0.605,0.394,0.763,0.173,0.508,0.774,0.542,0.358,0.418,0.6,0.442,0.758,0.494,0.473,0.478,0.944,0.952,0.502
0.597,0.597,0.792,0.792,0.219,0.903,0.399,0.198,0.839,0.313,0.198,0.254,0.31,0.219,0.254,0.198,0.31,0.219,0.873,0.31,0.607,0.224,0.607,0.275,0.31,0.399,0.275,0.198,0.17,0.313,0.17,0.224,0.892,0.139,0.18,0.139,0.838,0.18,0.892,0.838,0.541,0.139,0.928,0.04,0.139,0.838,0.962,0.928,0.023,0.928,0.86,0.771,0.566,0.402,0.848,0.402,0.371,0.84,0.84,0.84,0.229,0.848,0.371,0.848,0.566,0.229,0.15,0.03,0.15,0.38,0.38,0.38,0.608,0.158,0.096,0.878,0.428,0.039,0.409,0.428,0.962,0.158,0.385,0.939,0.023,0.385,0.409,0.856,0.952,0.036,0.158,0.05,0.894,0.952,0.317,0.385,0.342,0.317,0.317,0.863,0.298,0.597,0.029,0.298,0.298,0.1,0.649,0.985,0.985,0.991,0.992,0.483,0.428,0.638,0.73,0.032,0.399,0.614,0.415,0.483,0.69,0.417,0.495,0.695,0.817,0.929,0.094,0.549,0.929,0.848,0.698,0.505,0.689,0.968,0.155,0.474,0.529,0.972,0.392,0.474,0.441,0.461,0.401,0.398,0.441,0.04,0.441,0.474,0.374,0.405,0.25,0.346,0.525,0.036,0.383,0.348,0.607,0.357,0.558,0.332,0.566,0.508,0.383,0.38,0.36,0.437,0.435,0.512
0.577,0.577,0.495,0.495,0.858,0.252,0.614,0.593,0.264,0.355,0.593,0.693,0.532,0.858,0.693,0.593,0.532,0.858,0.508,0.532,0.365,0.424,0.365,0.513,0.532,0.614,0.513,0.593,0.585,0.355,0.585,0.424,0.179,0.349,0.518,0.349,0.741,0.518,0.179,0.741,0.07,0.349,0.576,0.192,0.349,0.741,0.457,0.576,0.563,0.576,0.205,0.06,0.282,0.282,0.624,0.282,0.292,0.548,0.548,0.548,0.218,0.624,0.292,0.624,0.282,0.218,0.319,0.766,0.319,0.941,0.941,0.941,0.08,0.878,0.23,0.07,0.315,0.734,0.523,0.315,0.1,0.878,0.778,0.117,0.848,0.778,0.523,0.073,0.107,0.846,0.878,0.243,0.076,0.104,0.735,0.778,0.711,0.735,0.735,0.076,0.834,0.95,0.801,0.834,0.834,0.724,0.085,0.758,0.758,0.785,0.942,0.774,0.593,0.794,0.133,0.862,0.961,0.862,0.596,0.774,0.091,0.581,0.941,0.564,0.137,0.706,0.752,0.829,0.706,0.699,0.611,0.976,0.599,0.932,0.741,0.465,0.801,0.743,0.711,0.465,0.552,0.784,0.094,0.556,0.552,0.869,0.552,0.465,0.091,0.391,0.527,0.489,0.807,0.877,0.867,0.075,0.941,0.494,0.885,0.515,0.892,0.773,0.927,0.833,0.907,0.715,0.657,0.582
0.836,0.836,0.826,0.826,0.605,0.735,0.802,0.989,0.792,0.768,0.989,0.856,0.983,0.605,0.856,0.989,0.983,0.605,0.42,0.983,0.707,0.75,0.707,0.974,0.983,0.802,0.974,0.989,0.984,0.768,0.984,0.75,0.61,0.958,0.883,0.958,0.805,0.883,0.61,0.805,0.415,0.958,0.825,0.058,0.958,0.805,0.629,0.825,0.111,0.825,0.823,0.418,0.194,0.523,0.725,0.523,0.519,0.751,0.751,0.751,0.909,0.725,0.519,0.725,0.194,0.909,0.967,0.104,0.967,0.226,0.226,0.226,0.475,0.677,0.06,0.803,0.564,0.171,0.506,0.564,0.825,0.677,0.212,0.863,0.107,0.212,0.506,0.8,0.827,0.193,0.677,0.057,0.784,0.862,0.496,0.212,0.867,0.496,0.496,0.78,0.458,0.544,0.212,0.458,0.458,0.279,0.702,0.87,0.87,0.901,0.936,0.697,0.846,0.686,0.76,0.201,0.272,0.606,0.801,0.697,0.672,0.789,0.252,0.823,0.833,0.926,0.208,0.215,0.926,0.983,0.76,0.28,0.757,0.945,0.129,0.729,0.185,0.941,0.265,0.729,0.709,0.414,0.68,0.308,0.709,0.099,0.709,0.729,0.68,0.924,0.339,0.878,0.088,0.114,0.104,0.553,0.186,0.945,0.179,0.275,0.206,0.087,0.083,0.087,0.092,0.464,0.401,0.305
0.682,0.682,0.723,0.723,0.783,0.327,0.985,0.958,0.338,0.946,0.958,0.99,0.937,0.783,0.99,0.958,0.937,0.783,0.122,0.937,0.746,0.936,0.746,0.951,0.937,0.985,0.951,0.958,0.963,0.946,0.963,0.936,0.877,0.888,0.947,0.888,0.465,0.947,0.877,0.465,0.607,0.888,0.468,0.826,0.888,0.465,0.123,0.468,0.567,0.468,0.271,0.591,0.866,0.863,0.726,0.863,0.872,0.729,0.729,0.729,0.92,0.726,0.872,0.726,0.866,0.92,0.889,0.608,0.889,0.913,0.913,0.913,0.818,0.389,0.829,0.944,0.829,0.724,0.75,0.829,0.65,0.389,0.816,0.824,0.599,0.816,0.75,0.951,0.678,0.794,0.389,0.873,0.961,0.804,0.71,0.816,0.039,0.71,0.71,0.969,0.67,0.77,0.734,0.67,0.67,0.756,0.918,0.462,0.462,0.62,0.572,0.527,0.824,0.524,0.732,0.803,0.954,0.776,0.758,0.527,0.957,0.748,0.963,0.838,0.687,0.478,0.829,0.9,0.478,0.7,0.847,0.679,0.831,0.596,0.74,0.843,0.885,0.615,0.906,0.843,0.855,0.942,0.482,0.8,0.855,0.649,0.855,0.843,0.471,0.545,0.789,0.543,0.676,0.629,0.437,0.337,0.633,0.546,0.486,0.815,0.518,0.716,0.48,0.463,0.44,0.154,0.106,0.6
0.958,0.958,0.942,0.942,0.801,0.441,0.9,0.921,0.467,0.773,0.921,0.921,0.942,0.801,0.921,0.921,0.942,0.801,0.829,0.942,0.909,0.873,0.909,0.954,0.942,0.9,0.954,0.921,0.946,0.773,0.946,0.873,0.598,0.968,0.965,0.968,0.576,0.965,0.598,0.576,0.561,0.968,0.401,0.287,0.968,0.576,0.688,0.401,0.45,0.401,0.613,0.742,0.75,0.447,0.564,0.447,0.446,0.356,0.356,0.356,0.915,0.564,0.446,0.564,0.75,0.915,0.986,0.58,0.986,0.529,0.529,0.529,0.637,0.907,0.238,0.24,0.38,0.757,0.515,0.38,0.472,0.907,0.869,0.348,0.58,0.869,0.515,0.303,0.477,0.768,0.907,0.272,0.243,0.283,0.338,0.869,0.713,0.338,0.338,0.298,0.483,0.333,0.762,0.483,0.483,0.693,0.245,0.38,0.38,0.71,0.622,0.429,0.11,0.531,0.278,0.765,0.724,0.272,0.094,0.429,0.255,0.099,0.73,0.066,0.498,0.518,0.716,0.988,0.518,0.787,0.047,0.678,0.049,0.653,0.492,0.685,0.917,0.804,0.993,0.685,0.774,0.793,0.85,0.924,0.774,0.619,0.774,0.685,0.846,0.716,0.855,0.747,0.921,0.669,0.942,0.807,0.958,0.747,0.91,0.952,0.904,0.919,0.928,0.921,0.917,0.926,0.912,0.898
0.833,0.833,0.756,0.756,0.445,0.436,0.674,0.651,0.438,0.507,0.651,0.717,0.589,0.445,0.717,0.651,0.589,0.445,0.568,0.589,0.731,0.569,0.731,0.548,0.589,0.674,0.548,0.651,0.612,0.507,0.612,0.569,0.415,0.499,0.466,0.499,0.613,0.466,0.415,0.613,0.651,0.499,0.707,0.429,0.499,0.613,0.822,0.707,0.645,0.707,0.284,0.573,0.159,0.607,0.525,0.607,0.628,0.655,0.655,0.655,0.461,0.525,0.628,0.525,0.159,0.461,0.46,0.852,0.46,0.221,0.221,0.221,0.439,0.576,0.576,0.487,0.396,0.921,0.35,0.396,0.617,0.576,0.096,0.549,0.805,0.096,0.35,0.421,0.563,0.589,0.576,0.531,0.463,0.555,0.197,0.096,0.422,0.197,0.197,0.465,0.193,0.131,0.906,0.193,0.193,0.822,0.368,0.65,0.65,0.653,0.473,0.471,0.765,0.473,0.448,0.629,0.835,0.125,0.701,0.471,0.384,0.687,0.749,0.762,0.523,0.651,0.476,0.413,0.651,0.276,0.708,0.163,0.715,0.454,0.49,0.408,0.443,0.659,0.511,0.408,0.329,0.81,0.838,0.547,0.329,0.635,0.329,0.408,0.83,0.349,0.409,0.393,0.615,0.648,0.43,0.811,0.87,0.402,0.572,0.444,0.578,0.71,0.428,0.492,0.492,0.526,0.602,0.871
0.693,0.693,0.729,0.729,0.437,0.648,0.465,0.293,0.653,0.56,0.293,0.415,0.225,0.437,0.415,0.293,0.225,0.437,0.363,0.225,0.721,0.588,0.721,0.292,0.225,0.465,0.292,0.293,0.384,0.56,0.384,0.588,0.254,0.26,0.514,0.26,0.556,0.514,0.254,0.556,0.918,0.26,0.371,0.361,0.26,0.556,0.481,0.371,0.656,0.371,0.542,0.926,0.896,0.308,0.456,0.308,0.297,0.23,0.23,0.23,0.495,0.456,0.297,0.456,0.896,0.495,0.311,0.545,0.311,0.839,0.839,0.839,0.998,0.149,0.309,0.974,0.883,0.539,0.919,0.883,0.854,0.149,0.77,0.947,0.55,0.77,0.919,0.984,0.859,0.615,0.149,0.321,0.982,0.943,0.968,0.77,0.091,0.968,0.968,0.988,0.976,0.699,0.574,0.976,0.976,0.698,0.995,0.811,0.811,0.804,0.59,0.758,0.972,0.784,0.926,0.707,0.854,0.595,0.96,0.758,0.996,0.97,0.861,0.951,0.956,0.935,0.866,0.717,0.935,0.516,0.928,0.634,0.953,0.664,0.937,0.754,0.741,0.958,0.73,0.754,0.84,0.792,0.636,0.695,0.84,0.781,0.84,0.754,0.649,0.697,0.74,0.667,0.713,0.836,0.629,0.649,0.806,0.582,0.773,0.764,0.761,0.69,0.723,0.669,0.721,0.806,0.792,0.677
0.029,0.029,0.025,0.025,0.879,0.44,0.144,0.098,0.454,0.069,0.098,0.128,0.118,0.879,0.128,0.098,0.118,0.879,0.436,0.118,0.032,0.081,0.032,0.108,0.118,0.144,0.108,0.098,0.101,0.069,0.101,0.081,0.057,0.086,0.087,0.086,0.844,0.087,0.057,0.844,0.121,0.086,0.818,0.066,0.086,0.844,0.441,0.818,0.078,0.818,0.388,0.148,0.836,0.072,0.888,0.072,0.072,0.859,0.859,0.859,0.043,0.888,0.072,0.888,0.836,0.043,0.073,0.045,0.073,0.709,0.709,0.709,0.09,0.922,0.037,0.071,0.804,0.049,0.813,0.804,0.114,0.922,0.867,0.114,0.05,0.867,0.813,0.109,0.139,0.051,0.922,0.043,0.091,0.094,0.63,0.867,0.841,0.63,0.63,0.083,0.69,0.724,0.048,0.69,0.69,0.06,0.073,0.886,0.886,0.865,0.862,0.998,0.051,0.995,0.09,0.054,0.02,0.709,0.058,0.998,0.092,0.053,0.017,0.057,0.144,0.917,0.076,0.383,0.917,0.978,0.045,0.756,0.044,0.796,0.086,0.841,0.428,0.905,0.169,0.841,0.854,0.031,0.899,0.184,0.854,0.061,0.854,0.841,0.929,0.13,0.276,0.167,0.243,0.051,0.449,0.936,0.572,0.154,0.467,0.253,0.474,0.245,0.463,0.394,0.313,0.644,0.628,0.486
0.827,0.827,0.784,0.784,0.747,0.359,0.91,0.867,0.361,0.697,0.867,0.906,0.839,0.747,0.906,0.867,0.839,0.747,0.412,0.839,0.773,0.701,0.773,0.832,0.839,0.91,0.832,0.867,0.841,0.697,0.841,0.701,0.546,0.739,0.83,0.739,0.836,0.83,0.546,0.836,0.038,0.739,0.641,0.095,0.739,0.836,0.365,0.641,0.012,0.641,0.306,0.036,0.412,0.89,0.845,0.89,0.906,0.641,0.641,0.641,0.554,0.845,0.906,0.845,0.412,0.554,0.698,0.008,0.698,0.155,0.155,0.155,0.017,0.839,0.062,0.066,0.704,0.007,0.94,0.704,0.035,0.839,0.537,0.04,0.008,0.537,0.94,0.058,0.035,0.013,0.839,0.074,0.077,0.042,0.603,0.537,0.857,0.603,0.603,0.06,0.865,0.89,0.006,0.865,0.865,0.009,0.066,0.923,0.923,0.737,0.995,0.814,0.05,0.969,0.036,0.008,0.014,0.663,0.046,0.814,0.075,0.045,0.02,0.042,0.021,0.974,0.015,0.243,0.974,0.994,0.032,0.376,0.031,0.994,0.013,0.953,0.26,0.895,0.34,0.953,0.978,0.018,0.104,0.525,0.978,0.011,0.978,0.953,0.128,0.384,0.529,0.301,0.573,0.011,0.615,0.115,0.878,0.291,0.884,0.513,0.873,0.556,0.607,0.596,0.569,0.849,0.861,0.875
0.467,0.467,0.611,0.611,0.84,0.768,0.692,0.402,0.793,0.288,0.402,0.533,0.556,0.84,0.533,0.402,0.556,0.84,0.937,0.556,0.705,0.179,0.705,0.504,0.556,0.692,0.504,0.402,0.266,0.288,0.266,0.179,0.853,0.597,0.606,0.597,0.544,0.606,0.853,0.544,0.656,0.597,0.562,0.541,0.597,0.544,0.945,0.562,0.827,0.562,0.904,0.632,0.931,0.831,0.925,0.831,0.802,0.918,0.918,0.918,0.316,0.925,0.802,0.925,0.931,0.316,0.575,0.641,0.575,0.974,0.974,0.974,0.601,0.5,0.464,0.255,0.963,0.455,0.908,0.963,0.384,0.5,0.84,0.295,0.619,0.84,0.908,0.251,0.402,0.494,0.5,0.433,0.271,0.304,0.922,0.84,0.899,0.922,0.922,0.267,0.903,0.679,0.452,0.903,0.903,0.496,0.495,0.639,0.639,0.61,0.896,0.94,0.316,0.909,0.639,0.482,0.864,0.748,0.32,0.94,0.508,0.297,0.817,0.212,0.691,0.563,0.539,0.041,0.563,0.996,0.253,0.709,0.225,0.89,0.62,0.799,0.044,0.536,0.054,0.799,0.711,0.92,0.517,0.008,0.711,0.58,0.711,0.799,0.532,0.022,0.006,0.013,0.159,0.54,0.21,0.536,0.14,0.012,0.504,0.006,0.496,0.192,0.178,0.231,0.197,0.61,0.611,0.231
0.099,0.099,0.164,0.164,0.032,0.279,0.235,0.178,0.253,0.207,0.178,0.191,0.292,0.032,0.191,0.178,0.292,0.032,0.263,0.292,0.259,0.13,0.259,0.295,0.292,0.235,0.295,0.178,0.196,0.207,0.196,0.13,0.694,0.237,0.303,0.237,0.231,0.303,0.694,0.231,0.401,0.237,0.209,0.852,0.237,0.231,0.334,0.209,0.573,0.209,0.255,0.374,0.223,0.622,0.256,0.622,0.604,0.243,0.243,0.243,0.28,0.256,0.604,0.256,0.223,0.28,0.291,0.463,0.291,0.131,0.131,0.131,0.429,0.069,0.744,0.538,0.458,0.577,0.464,0.458,0.669,0.069,0.39,0.655,0.516,0.39,0.464,0.618,0.675,0.665,0.069,0.75,0.507,0.647,0.138,0.39,0.213,0.138,0.138,0.582,0.236,0.568,0.593,0.236,0.236,0.759,0.724,0.532,0.532,0.586,0.193,0.582,0.656,0.619,0.707,0.759,0.448,0.456,0.768,0.582,0.682,0.768,0.437,0.97,0.778,0.543,0.785,0.112,0.543,0.255,0.921,0.284,0.926,0.213,0.671,0.272,0.155,0.585,0.172,0.272,0.346,0.507,0.299,0.066,0.346,0.57,0.346,0.272,0.287,0.161,0.115,0.215,0.219,0.683,0.171,0.256,0.046,0.196,0.083,0.119,0.097,0.202,0.2,0.181,0.219,0.109,0.213,0.204
0.68,0.68,0.617,0.617,0.579,0.92,0.774,0.996,0.913,1.0,0.996,0.862,0.99,0.579,0.862,0.996,0.99,0.579,0.198,0.99,0.476,1.0,0.476,1.0,0.99,0.774,1.0,0.996,1.0,1.0,1.0,1.0,0.906,0.989,0.708,0.989,0.494,0.708,0.906,0.494,0.074,0.989,0.434,0.638,0.989,0.494,0.153,0.434,0.918,0.434,0.861,0.039,0.435,0.991,0.466,0.991,0.994,0.376,0.376,0.376,0.994,0.466,0.994,0.466,0.435,0.994,0.996,0.967,0.996,0.223,0.223,0.223,0.047,0.824,0.65,0.022,0.177,0.96,0.164,0.177,0.033,0.824,0.398,0.025,0.969,0.398,0.164,0.027,0.034,0.977,0.824,0.659,0.021,0.023,0.108,0.398,0.041,0.108,0.108,0.024,0.105,0.138,0.962,0.105,0.105,0.941,0.036,0.504,0.504,0.552,0.42,0.8,0.448,0.828,0.045,0.979,0.464,0.121,0.404,0.8,0.028,0.398,0.405,0.425,0.041,0.672,0.973,0.725,0.672,0.712,0.397,0.322,0.373,0.54,0.98,0.208,0.796,0.71,0.488,0.208,0.238,0.513,0.113,0.29,0.238,0.988,0.238,0.208,0.139,0.235,0.433,0.298,0.786,0.988,0.937,0.193,0.419,0.315,0.327,0.46,0.344,0.815,0.933,0.917,0.913,0.89,0.935,0.432
0.373,0.373,0.454,0.454,0.417,0.64,0.725,0.741,0.639,0.909,0.741,0.575,0.748,0.417,0.575,0.741,0.748,0.417,0.31,0.748,0.346,0.89,0.346,0.74,0.748,0.725,0.74,0.741,0.761,0.909,0.761,0.89,0.538,0.56,0.552,0.56,0.191,0.552,0.538,0.191,0.459,0.56,0.396,0.4,0.56,0.191,0.301,0.396,0.462,0.396,0.59,0.501,0.545,0.753,0.095,0.753,0.773,0.291,0.291,0.291,0.71,0.095,0.773,0.095,0.545,0.71,0.57,0.531,0.57,0.722,0.722,0.722,0.65,0.519,0.333,0.799,0.605,0.685,0.542,0.605,0.864,0.519,0.367,0.935,0.526,0.367,0.542,0.82,0.847,0.636,0.519,0.388,0.825,0.914,0.72,0.367,0.263,0.72,0.72,0.843,0.665,0.468,0.693,0.665,0.665,0.617,0.889,0.256,0.256,0.225,0.761,0.438,0.583,0.528,0.953,0.64,0.962,0.431,0.524,0.438,0.851,0.544,0.945,0.635,0.869,0.162,0.664,0.467,0.162,0.476,0.514,0.506,0.532,0.556,0.742,0.377,0.411,0.13,0.448,0.377,0.284,0.735,0.109,0.173,0.284,0.767,0.284,0.377,0.107,0.104,0.12,0.093,0.066,0.668,0.087,0.105,0.246,0.093,0.071,0.112,0.066,0.062,0.076,0.116,0.091,0.31,0.256,0.528
0.573,0.573,0.576,0.576,0.182,0.081,0.832,0.709,0.063,0.702,0.709,0.793,0.837,0.182,0.793,0.709,0.837,0.182,0.136,0.837,0.675,0.663,0.675,0.905,0.837,0.832,0.905,0.709,0.84,0.702,0.84,0.663,0.963,0.783,0.829,0.783,0.109,0.829,0.963,0.109,0.268,0.783,0.117,0.942,0.783,0.109,0.141,0.117,0.556,0.117,0.195,0.223,0.109,0.965,0.173,0.965,0.977,0.145,0.145,0.145,0.851,0.173,0.977,0.173,0.109,0.851,0.893,0.566,0.893,0.1,0.1,0.1,0.176,0.184,0.949,0.287,0.114,0.258,0.111,0.114,0.166,0.184,0.119,0.361,0.587,0.119,0.111,0.291,0.229,0.379,0.184,0.958,0.268,0.362,0.083,0.119,0.125,0.083,0.083,0.259,0.076,0.025,0.259,0.076,0.076,0.251,0.332,0.401,0.401,0.406,0.357,0.628,0.139,0.561,0.416,0.408,0.109,0.031,0.124,0.628,0.337,0.125,0.135,0.137,0.316,0.402,0.217,0.531,0.402,0.698,0.126,0.042,0.131,0.343,0.07,0.067,0.507,0.407,0.538,0.067,0.09,0.064,0.432,0.558,0.09,0.113,0.09,0.067,0.479,0.544,0.501,0.56,0.027,0.124,0.033,0.635,0.009,0.555,0.006,0.499,0.005,0.041,0.038,0.023,0.027,0.002,0.003,0.004
0.621,0.621,0.596,0.596,0.316,0.04,0.724,0.575,0.036,0.447,0.575,0.715,0.543,0.316,0.715,0.575,0.543,0.316,0.577,0.543,0.267,0.42,0.267,0.521,0.543,0.724,0.521,0.575,0.534,0.447,0.534,0.42,0.163,0.294,0.433,0.294,0.599,0.433,0.163,0.599,0.529,0.294,0.496,0.214,0.294,0.599,0.605,0.496,0.144,0.496,0.027,0.639,0.209,0.364,0.426,0.364,0.39,0.35,0.35,0.35,0.22,0.426,0.39,0.426,0.209,0.22,0.353,0.108,0.353,0.637,0.637,0.637,0.174,0.313,0.196,0.53,0.42,0.172,0.38,0.42,0.147,0.313,0.238,0.284,0.112,0.238,0.38,0.478,0.161,0.236,0.313,0.203,0.544,0.331,0.625,0.238,0.434,0.625,0.625,0.49,0.641,0.399,0.163,0.641,0.641,0.146,0.432,0.833,0.833,0.837,0.69,0.441,0.088,0.459,0.235,0.207,0.084,0.388,0.071,0.441,0.466,0.077,0.1,0.133,0.135,0.779,0.16,0.204,0.779,0.559,0.114,0.25,0.114,0.606,0.125,0.159,0.211,0.834,0.205,0.159,0.131,0.072,0.246,0.366,0.131,0.132,0.131,0.159,0.229,0.359,0.505,0.356,0.006,0.119,0.009,0.196,0.01,0.317,0.022,0.514,0.024,0.005,0.011,0.016,0.017,0.046,0.033,0.013
0.709,0.709,0.652,0.652,0.608,0.523,0.211,0.274,0.53,0.243,0.274,0.238,0.265,0.608,0.238,0.274,0.265,0.608,0.868,0.265,0.565,0.309,0.565,0.226,0.265,0.211,0.226,0.274,0.248,0.243,0.248,0.309,0.83,0.311,0.296,0.311,0.336,0.296,0.83,0.336,0.624,0.311,0.379,0.201,0.311,0.336,0.839,0.379,0.213,0.379,0.363,0.595,0.225,0.976,0.544,0.976,0.975,0.599,0.599,0.599,0.379,0.544,0.975,0.544,0.225,0.379,0.255,0.23,0.255,0.503,0.503,0.503,0.341,0.326,0.18,0.797,0.254,0.184,0.194,0.254,0.925,0.326,0.323,0.852,0.24,0.323,0.194,0.777,0.917,0.252,0.326,0.195,0.804,0.781,0.609,0.323,0.848,0.609,0.609,0.746,0.472,0.241,0.181,0.472,0.472,0.271,0.598,0.726,0.726,0.722,0.606,0.434,0.988,0.433,0.668,0.242,0.157,0.279,0.978,0.434,0.644,0.986,0.157,0.992,0.838,0.661,0.314,0.919,0.661,0.633,0.976,0.305,0.987,0.498,0.37,0.34,0.927,0.652,0.979,0.34,0.3,0.266,0.48,0.766,0.3,0.428,0.3,0.34,0.533,0.644,0.693,0.571,0.4,0.427,0.309,0.367,0.448,0.541,0.524,0.688,0.507,0.521,0.27,0.293,0.285,0.402,0.38,0.573
0.443,0.443,0.394,0.394,0.43,0.676,0.314,0.451,0.609,0.766,0.451,0.411,0.451,0.43,0.411,0.451,0.451,0.43,0.59,0.451,0.464,0.82,0.464,0.56,0.451,0.314,0.56,0.451,0.656,0.766,0.656,0.82,0.464,0.432,0.317,0.432,0.241,0.317,0.464,0.241,0.733,0.432,0.24,0.603,0.432,0.241,0.514,0.24,0.49,0.24,0.537,0.579,0.384,0.593,0.097,0.593,0.603,0.122,0.122,0.122,0.764,0.097,0.603,0.097,0.384,0.764,0.68,0.468,0.68,0.331,0.331,0.331,0.754,0.447,0.74,0.753,0.06,0.191,0.078,0.06,0.799,0.447,0.346,0.874,0.436,0.346,0.078,0.789,0.828,0.076,0.447,0.707,0.724,0.865,0.2,0.346,0.522,0.2,0.2,0.759,0.234,0.058,0.175,0.234,0.234,0.216,0.47,0.482,0.482,0.433,0.815,0.686,0.877,0.656,0.544,0.069,0.586,0.049,0.906,0.686,0.465,0.897,0.599,0.923,0.553,0.551,0.165,0.606,0.551,0.867,0.871,0.17,0.86,0.806,0.184,0.022,0.46,0.485,0.624,0.022,0.026,0.61,0.835,0.956,0.026,0.112,0.026,0.022,0.838,0.773,0.694,0.793,0.48,0.107,0.39,0.891,0.797,0.773,0.379,0.793,0.368,0.552,0.396,0.36,0.374,0.161,0.2,0.593
0.437,0.437,0.426,0.426,0.58,0.432,0.304,0.428,0.426,0.267,0.428,0.319,0.355,0.58,0.319,0.428,0.355,0.58,0.914,0.355,0.334,0.361,0.334,0.374,0.355,0.304,0.374,0.428,0.457,0.267,0.457,0.361,0.302,0.398,0.209,0.398,0.209,0.209,0.302,0.209,0.847,0.398,0.5,0.272,0.398,0.209,0.999,0.5,0.666,0.5,0.389,0.842,0.781,0.503,0.108,0.503,0.524,0.387,0.387,0.387,0.247,0.108,0.524,0.108,0.781,0.247,0.388,0.42,0.388,0.921,0.921,0.921,0.41,0.859,0.197,0.786,0.574,0.491,0.432,0.574,0.933,0.859,0.791,0.783,0.422,0.791,0.432,0.69,0.887,0.562,0.859,0.211,0.775,0.883,0.52,0.791,0.347,0.52,0.52,0.691,0.325,0.513,0.509,0.325,0.325,0.513,0.64,0.804,0.804,0.75,0.537,0.718,0.649,0.603,0.726,0.568,0.452,0.628,0.683,0.718,0.631,0.657,0.462,0.427,0.694,0.665,0.515,0.985,0.665,0.702,0.446,0.862,0.447,0.579,0.511,0.52,0.951,0.625,0.988,0.52,0.443,0.66,0.776,0.95,0.443,0.445,0.443,0.52,0.809,0.999,0.975,0.999,0.589,0.452,0.594,0.762,0.185,0.999,0.171,0.978,0.209,0.625,0.618,0.555,0.571,0.26,0.226,0.032
0.014,0.014,0.014,0.014,0.559,0.112,0.017,0.01,0.105,0.014,0.01,0.015,0.007,0.559,0.015,0.01,0.007,0.559,0.238,0.007,0.038,0.016,0.038,0.006,0.007,0.017,0.006,0.01,0.006,0.014,0.006,0.016,0.029,0.014,0.028,0.014,0.462,0.028,0.029,0.462,0.362,0.014,0.397,0.295,0.014,0.462,0.224,0.397,0.355,0.397,0.119,0.225,0.462,0.011,0.496,0.011,0.011,0.448,0.448,0.448,0.037,0.496,0.011,0.496,0.462,0.037,0.013,0.423,0.013,0.619,0.619,0.619,0.162,0.39,0.288,0.479,0.7,0.535,0.734,0.7,0.353,0.39,0.444,0.587,0.409,0.444,0.734,0.47,0.321,0.481,0.39,0.296,0.482,0.605,0.86,0.444,0.405,0.86,0.86,0.449,0.884,0.743,0.586,0.884,0.884,0.482,0.785,0.189,0.189,0.207,0.319,0.27,0.622,0.275,0.856,0.498,0.432,0.711,0.546,0.27,0.767,0.535,0.408,0.701,0.528,0.236,0.666,0.52,0.236,0.29,0.66,0.468,0.655,0.352,0.629,0.621,0.53,0.253,0.703,0.621,0.64,0.267,0.967,0.701,0.64,0.462,0.64,0.621,0.968,0.477,0.589,0.42,0.702,0.577,0.688,0.969,0.886,0.395,0.968,0.539,0.962,0.764,0.613,0.695,0.635,0.552,0.548,0.405
0.181,0.181,0.176,0.176,0.951,0.298,0.199,0.357,0.325,0.351,0.357,0.258,0.322,0.951,0.258,0.357,0.322,0.951,0.624,0.322,0.504,0.385,0.504,0.277,0.322,0.199,0.277,0.357,0.278,0.351,0.278,0.385,0.468,0.828,0.637,0.828,0.904,0.637,0.468,0.904,0.237,0.828,0.887,0.884,0.828,0.904,0.603,0.887,0.92,0.887,0.627,0.172,0.869,0.24,0.994,0.24,0.228,0.987,0.987,0.987,0.686,0.994,0.228,0.994,0.869,0.686,0.79,0.911,0.79,0.772,0.772,0.772,0.215,0.909,0.796,0.096,0.846,0.914,0.897,0.846,0.136,0.909,0.92,0.081,0.888,0.92,0.897,0.063,0.119,0.976,0.909,0.8,0.095,0.114,0.88,0.92,0.656,0.88,0.88,0.066,0.917,0.981,0.871,0.917,0.917,0.952,0.148,0.507,0.507,0.666,0.79,0.545,0.716,0.546,0.171,0.958,0.84,0.965,0.787,0.545,0.139,0.771,0.841,0.858,0.193,0.537,0.954,0.638,0.537,0.851,0.848,0.849,0.846,0.83,0.965,0.867,0.613,0.749,0.605,0.867,0.914,0.78,0.768,0.636,0.914,0.946,0.914,0.867,0.743,0.626,0.686,0.577,0.683,0.928,0.578,0.744,0.737,0.572,0.79,0.676,0.802,0.734,0.65,0.559,0.607,0.838,0.728,0.43
0.002,0.002,0.003,0.003,0.746,0.902,0.004,0.003,0.859,0.002,0.003,0.004,0.003,0.746,0.004,0.003,0.003,0.746,0.56,0.003,0.005,0.002,0.005,0.003,0.003,0.004,0.003,0.003,0.003,0.002,0.003,0.002,0.008,0.004,0.005,0.004,0.772,0.005,0.008,0.772,0.075,0.004,0.59,0.193,0.004,0.772,0.265,0.59,0.273,0.59,0.958,0.087,0.956,0.009,0.855,0.009,0.012,0.767,0.767,0.767,0.001,0.855,0.012,0.855,0.956,0.001,0.003,0.274,0.003,0.862,0.862,0.862,0.1,0.983,0.194,0.227,0.957,0.12,0.953,0.957,0.12,0.983,0.964,0.178,0.294,0.964,0.953,0.23,0.08,0.109,0.983,0.2,0.219,0.172,0.781,0.964,0.688,0.781,0.781,0.23,0.778,0.991,0.111,0.778,0.778,0.135,0.215,0.484,0.484,0.639,0.798,0.972,0.058,0.975,0.162,0.11,0.187,0.993,0.051,0.972,0.221,0.051,0.208,0.063,0.069,0.817,0.149,0.589,0.817,0.979,0.053,0.944,0.054,0.991,0.119,0.993,0.463,0.864,0.497,0.993,0.997,0.167,0.029,0.243,0.997,0.114,0.997,0.993,0.023,0.646,0.26,0.742,0.803,0.118,0.935,0.033,0.909,0.745,0.812,0.31,0.818,0.783,0.902,0.906,0.904,0.827,0.81,0.965
0.589,0.589,0.429,0.429,0.918,0.598,0.937,0.934,0.631,0.546,0.934,0.965,0.888,0.918,0.965,0.934,0.888,0.918,0.817,0.888,0.606,0.626,0.606,0.881,0.888,0.937,0.881,0.934,0.914,0.546,0.914,0.626,0.564,0.773,0.939,0.773,0.946,0.939,0.564,0.946,0.554,0.773,0.933,0.635,0.773,0.946,0.768,0.933,0.478,0.933,0.501,0.463,0.88,0.596,0.935,0.596,0.561,0.92,0.92,0.92,0.604,0.935,0.561,0.935,0.88,0.604,0.759,0.383,0.759,0.964,0.964,0.964,0.468,0.917,0.676,0.592,0.869,0.792,0.917,0.869,0.782,0.917,0.873,0.723,0.491,0.873,0.917,0.64,0.84,0.726,0.917,0.688,0.585,0.703,0.918,0.873,0.818,0.918,0.918,0.633,0.883,0.942,0.663,0.883,0.883,0.512,0.843,0.967,0.967,0.977,0.492,0.983,0.238,0.976,0.862,0.617,0.635,0.906,0.271,0.983,0.84,0.272,0.654,0.512,0.898,0.956,0.477,0.252,0.956,0.947,0.351,0.906,0.349,0.453,0.585,0.921,0.398,0.97,0.179,0.921,0.928,0.572,0.858,0.381,0.928,0.593,0.928,0.921,0.871,0.683,0.313,0.701,0.425,0.501,0.598,0.881,0.134,0.702,0.173,0.298,0.163,0.447,0.675,0.693,0.666,0.33,0.337,0.206
0.934,0.934,0.947,0.947,0.046,0.479,1.0,0.983,0.488,0.916,0.983,0.996,0.989,0.046,0.996,0.983,0.989,0.046,0.203,0.989,0.995,0.92,0.995,0.991,0.989,1.0,0.991,0.983,0.974,0.916,0.974,0.92,0.888,0.99,0.998,0.99,0.139,0.998,0.888,0.139,0.787,0.99,0.121,0.312,0.99,0.139,0.195,0.121,0.246,0.121,0.496,0.767,0.255,0.997,0.082,0.997,0.992,0.064,0.064,0.064,0.97,0.082,0.992,0.082,0.255,0.97,0.99,0.216,0.99,0.382,0.382,0.382,0.796,0.022,0.383,0.895,0.232,0.687,0.285,0.232,0.891,0.022,0.136,0.868,0.231,0.136,0.285,0.848,0.89,0.756,0.022,0.39,0.916,0.769,0.372,0.136,0.137,0.372,0.372,0.88,0.425,0.511,0.649,0.425,0.425,0.353,0.864,0.251,0.251,0.217,0.406,0.18,0.718,0.147,0.781,0.784,0.368,0.43,0.616,0.18,0.88,0.698,0.368,0.715,0.872,0.377,0.411,0.944,0.377,0.489,0.719,0.387,0.749,0.45,0.053,0.237,0.932,0.328,0.952,0.237,0.246,0.168,0.216,0.874,0.246,0.107,0.246,0.237,0.207,0.782,0.858,0.788,0.961,0.104,0.966,0.223,0.969,0.79,0.778,0.805,0.785,0.959,0.97,0.955,0.952,0.347,0.298,0.497
0.128,0.128,0.16,0.16,0.664,0.701,0.128,0.11,0.642,0.364,0.11,0.139,0.095,0.664,0.139,0.11,0.095,0.664,0.815,0.095,0.119,0.387,0.119,0.081,0.095,0.128,0.081,0.11,0.103,0.364,0.103,0.387,0.924,0.067,0.091,0.067,0.803,0.091,0.924,0.803,0.166,0.067,0.799,0.346,0.067,0.803,0.708,0.799,0.324,0.799,0.561,0.101,0.877,1.0,0.775,1.0,0.999,0.736,0.736,0.736,0.609,0.775,0.999,0.775,0.877,0.609,0.052,0.276,0.052,0.842,0.842,0.842,0.115,0.775,0.577,0.078,0.9,0.283,0.976,0.9,0.138,0.775,0.914,0.144,0.268,0.914,0.976,0.076,0.153,0.292,0.775,0.547,0.079,0.136,0.888,0.914,0.769,0.888,0.888,0.079,0.969,0.968,0.302,0.969,0.969,0.224,0.083,0.946,0.946,0.944,0.409,0.931,0.275,0.92,0.165,0.306,0.468,0.911,0.291,0.931,0.077,0.292,0.465,0.257,0.155,0.862,0.226,0.759,0.862,0.308,0.28,0.9,0.281,0.363,0.318,0.987,0.648,0.877,0.601,0.987,0.995,0.656,0.495,0.369,0.995,0.355,0.995,0.987,0.476,0.406,0.37,0.349,0.597,0.372,0.49,0.439,0.621,0.349,0.616,0.471,0.589,0.573,0.509,0.455,0.459,0.711,0.684,0.763
0.415,0.415,0.363,0.363,0.76,0.69,0.254,0.257,0.7,0.148,0.257,0.31,0.214,0.76,0.31,0.257,0.214,0.76,0.353,0.214,0.226,0.17,0.226,0.214,0.214,0.254,0.214,0.257,0.259,0.148,0.259,0.17,0.066,0.164,0.176,0.164,0.243,0.176,0.066,0.243,0.159,0.164,0.18,0.051,0.164,0.243,0.154,0.18,0.079,0.18,0.688,0.144,0.61,0.08,0.441,0.08,0.085,0.396,0.396,0.396,0.124,0.441,0.085,0.441,0.61,0.124,0.159,0.128,0.159,0.496,0.496,0.496,0.129,0.594,0.056,0.089,0.247,0.11,0.357,0.247,0.116,0.594,0.65,0.106,0.113,0.65,0.357,0.084,0.09,0.071,0.594,0.063,0.069,0.111,0.536,0.65,0.359,0.536,0.536,0.058,0.597,0.512,0.099,0.597,0.597,0.128,0.056,0.2,0.2,0.167,0.4,0.51,0.89,0.467,0.102,0.061,0.249,0.4,0.941,0.51,0.047,0.948,0.273,0.31,0.085,0.23,0.123,0.023,0.23,0.52,0.261,0.799,0.246,0.426,0.139,0.357,0.033,0.2,0.052,0.357,0.447,0.317,0.204,0.453,0.447,0.146,0.447,0.357,0.22,0.608,0.445,0.756,0.142,0.14,0.133,0.18,0.299,0.691,0.344,0.441,0.431,0.165,0.137,0.182,0.187,0.342,0.373,0.541
0.909,0.909,0.95,0.95,0.694,0.869,0.772,0.761,0.864,0.724,0.761,0.845,0.594,0.694,0.845,0.761,0.594,0.694,0.649,0.594,0.827,0.74,0.827,0.645,0.594,0.772,0.645,0.761,0.709,0.724,0.709,0.74,0.406,0.621,0.762,0.621,0.813,0.762,0.406,0.813,0.986,0.621,0.814,0.938,0.621,0.813,0.658,0.814,0.921,0.814,0.887,0.95,0.761,0.435,0.736,0.435,0.424,0.743,0.743,0.743,0.653,0.736,0.424,0.736,0.761,0.653,0.558,0.993,0.558,0.736,0.736,0.736,0.989,0.691,0.982,0.892,0.63,0.627,0.61,0.63,0.929,0.691,0.684,0.945,0.994,0.684,0.61,0.895,0.92,0.682,0.691,0.984,0.852,0.923,0.823,0.684,0.486,0.823,0.823,0.847,0.814,0.274,0.643,0.814,0.814,0.654,0.816,0.233,0.233,0.26,0.172,0.26,0.698,0.212,0.933,0.679,0.627,0.284,0.726,0.26,0.8,0.753,0.611,0.752,0.92,0.22,0.699,0.942,0.22,0.184,0.716,0.453,0.746,0.152,0.695,0.675,0.923,0.235,0.924,0.675,0.664,0.724,0.721,0.733,0.664,0.667,0.664,0.675,0.717,0.614,0.566,0.569,0.872,0.711,0.821,0.418,0.902,0.708,0.918,0.798,0.924,0.84,0.818,0.7,0.771,0.894,0.872,0.92
0.717,0.717,0.544,0.544,0.374,0.521,0.334,0.41,0.482,0.567,0.41,0.357,0.387,0.374,0.357,0.41,0.387,0.374,0.217,0.387,0.789,0.579,0.789,0.406,0.387,0.334,0.406,0.41,0.458,0.567,0.458,0.579,0.569,0.819,0.57,0.819,0.442,0.57,0.569,0.442,0.817,0.819,0.352,0.415,0.819,0.442,0.184,0.352,0.483,0.352,0.502,0.814,0.251,0.415,0.418,0.415,0.401,0.451,0.451,0.451,0.746,0.418,0.401,0.418,0.251,0.746,0.922,0.687,0.922,0.231,0.231,0.231,0.697,0.514,0.591,0.608,0.361,0.84,0.302,0.361,0.834,0.514,0.274,0.721,0.668,0.274,0.302,0.604,0.841,0.781,0.514,0.578,0.595,0.666,0.224,0.274,0.16,0.224,0.224,0.621,0.311,0.235,0.807,0.311,0.311,0.453,0.569,0.553,0.553,0.492,0.179,0.112,0.317,0.157,0.628,0.761,0.69,0.245,0.293,0.112,0.573,0.294,0.79,0.282,0.767,0.616,0.591,0.712,0.616,0.065,0.299,0.211,0.304,0.171,0.665,0.276,0.64,0.551,0.47,0.276,0.243,0.714,0.38,0.341,0.243,0.721,0.243,0.276,0.387,0.427,0.543,0.46,0.477,0.598,0.403,0.35,0.64,0.439,0.762,0.537,0.749,0.493,0.395,0.355,0.351,0.433,0.446,0.73
0.531,0.531,0.491,0.491,0.478,0.867,0.833,0.508,0.856,0.41,0.508,0.61,0.747,0.478,0.61,0.508,0.747,0.478,0.061,0.747,0.693,0.291,0.693,0.652,0.747,0.833,0.652,0.508,0.468,0.41,0.468,0.291,0.715,0.501,0.567,0.501,0.213,0.567,0.715,0.213,0.638,0.501,0.239,0.301,0.501,0.213,0.073,0.239,0.3,0.239,0.898,0.817,0.453,0.699,0.412,0.699,0.7,0.417,0.417,0.417,0.374,0.412,0.7,0.412,0.453,0.374,0.49,0.298,0.49,0.457,0.457,0.457,0.9,0.219,0.299,0.488,0.611,0.222,0.638,0.611,0.719,0.219,0.595,0.652,0.286,0.595,0.638,0.53,0.783,0.226,0.219,0.299,0.484,0.625,0.414,0.595,0.055,0.414,0.414,0.499,0.465,0.592,0.205,0.465,0.465,0.209,0.476,0.327,0.327,0.258,0.506,0.526,0.572,0.407,0.646,0.213,0.163,0.611,0.564,0.526,0.477,0.533,0.187,0.605,0.677,0.32,0.225,0.381,0.32,0.483,0.664,0.446,0.665,0.499,0.274,0.481,0.495,0.263,0.405,0.481,0.398,0.231,0.431,0.607,0.398,0.252,0.398,0.481,0.381,0.473,0.617,0.442,0.352,0.231,0.358,0.376,0.173,0.455,0.321,0.72,0.303,0.317,0.364,0.396,0.348,0.128,0.137,0.526
0.514,0.514,0.923,0.923,0.254,0.828,0.842,0.413,0.823,0.434,0.413,0.41,0.834,0.254,0.41,0.413,0.834,0.254,0.742,0.834,0.465,0.272,0.465,0.694,0.834,0.842,0.694,0.413,0.406,0.434,0.406,0.272,0.656,0.546,0.485,0.546,0.61,0.485,0.656,0.61,0.626,0.546,0.518,0.709,0.546,0.61,0.667,0.518,0.782,0.518,0.718,0.627,0.313,0.726,0.645,0.726,0.731,0.704,0.704,0.704,0.24,0.645,0.731,0.645,0.313,0.24,0.473,0.79,0.473,0.171,0.171,0.171,0.449,0.291,0.772,0.447,0.438,0.547,0.367,0.438,0.579,0.291,0.358,0.467,0.618,0.358,0.367,0.418,0.492,0.435,0.291,0.722,0.434,0.431,0.227,0.358,0.609,0.227,0.227,0.428,0.228,0.342,0.414,0.228,0.228,0.772,0.325,0.578,0.578,0.662,0.941,0.754,0.149,0.658,0.331,0.407,0.205,0.411,0.157,0.754,0.302,0.157,0.3,0.141,0.443,0.693,0.446,0.073,0.693,0.982,0.121,0.269,0.147,0.949,0.187,0.381,0.069,0.688,0.1,0.381,0.334,0.218,0.924,0.026,0.334,0.226,0.334,0.381,0.937,0.118,0.013,0.135,0.361,0.188,0.297,0.924,0.421,0.12,0.609,0.014,0.595,0.372,0.292,0.311,0.289,0.65,0.656,0.565
0.571,0.571,0.57,0.57,0.111,0.257,0.595,0.825,0.258,0.663,0.825,0.648,0.807,0.111,0.648,0.825,0.807,0.111,0.15,0.807,0.81,0.686,0.81,0.822,0.807,0.595,0.822,0.825,0.837,0.663,0.837,0.686,0.43,0.896,0.752,0.896,0.121,0.752,0.43,0.121,0.653,0.896,0.11,0.84,0.896,0.121,0.166,0.11,0.842,0.11,0.403,0.806,0.226,0.329,0.12,0.329,0.322,0.117,0.117,0.117,0.755,0.12,0.322,0.12,0.226,0.755,0.794,0.942,0.794,0.413,0.413,0.413,0.844,0.106,0.967,0.67,0.219,0.983,0.215,0.219,0.693,0.106,0.112,0.453,0.957,0.112,0.215,0.631,0.572,0.906,0.106,0.969,0.656,0.455,0.327,0.112,0.129,0.327,0.327,0.616,0.304,0.17,0.981,0.304,0.304,0.742,0.701,0.262,0.262,0.248,0.402,0.142,0.393,0.128,0.575,0.884,0.686,0.169,0.386,0.142,0.686,0.393,0.69,0.474,0.701,0.305,0.485,0.394,0.305,0.129,0.495,0.177,0.502,0.412,0.563,0.11,0.35,0.277,0.371,0.11,0.109,0.553,0.407,0.234,0.109,0.856,0.109,0.11,0.405,0.487,0.187,0.507,0.359,0.829,0.374,0.401,0.514,0.48,0.555,0.237,0.584,0.339,0.328,0.309,0.277,0.664,0.63,0.644
0.637,0.637,0.588,0.588,0.968,0.281,0.652,0.589,0.228,0.448,0.589,0.666,0.514,0.968,0.666,0.589,0.514,0.968,0.473,0.514,0.871,0.488,0.871,0.52,0.514,0.652,0.52,0.589,0.583,0.448,0.583,0.488,0.382,0.767,0.795,0.767,0.452,0.795,0.382,0.452,0.068,0.767,0.429,0.083,0.767,0.452,0.574,0.429,0.152,0.429,0.294,0.059,0.933,0.279,0.869,0.279,0.278,0.787,0.787,0.787,0.634,0.869,0.278,0.869,0.933,0.634,0.754,0.17,0.754,0.892,0.892,0.892,0.141,0.646,0.077,0.033,0.93,0.203,0.893,0.93,0.032,0.646,0.946,0.059,0.162,0.946,0.893,0.029,0.032,0.262,0.646,0.079,0.037,0.054,0.917,0.946,0.933,0.917,0.917,0.033,0.92,0.878,0.21,0.92,0.92,0.261,0.032,0.878,0.878,0.843,0.385,0.949,0.075,0.973,0.05,0.264,0.066,0.913,0.076,0.949,0.033,0.074,0.084,0.109,0.045,0.835,0.334,0.45,0.835,0.481,0.112,0.915,0.116,0.398,0.391,0.857,0.401,0.812,0.528,0.857,0.816,0.141,0.901,0.435,0.816,0.282,0.816,0.857,0.907,0.486,0.335,0.53,0.782,0.297,0.736,0.915,0.684,0.526,0.583,0.361,0.612,0.772,0.749,0.781,0.772,0.606,0.495,0.798
0.593,0.593,0.339,0.339,0.718,0.49,0.55,0.466,0.42,0.321,0.466,0.476,0.535,0.718,0.476,0.466,0.535,0.718,0.728,0.535,0.749,0.337,0.749,0.495,0.535,0.55,0.495,0.466,0.498,0.321,0.498,0.337,0.64,0.644,0.61,0.644,0.925,0.61,0.64,0.925,0.326,0.644,0.757,0.903,0.644,0.925,0.652,0.757,0.792,0.757,0.353,0.335,0.708,0.543,0.931,0.543,0.529,0.775,0.775,0.775,0.469,0.931,0.529,0.931,0.708,0.469,0.672,0.685,0.672,0.585,0.585,0.585,0.213,0.798,0.86,0.243,0.471,0.896,0.503,0.471,0.304,0.798,0.766,0.248,0.684,0.766,0.503,0.237,0.303,0.828,0.798,0.793,0.251,0.253,0.579,0.766,0.483,0.579,0.579,0.244,0.55,0.722,0.822,0.55,0.55,0.656,0.197,0.291,0.291,0.303,0.165,0.052,0.143,0.076,0.208,0.815,0.668,0.683,0.14,0.052,0.203,0.188,0.57,0.2,0.252,0.337,0.654,0.498,0.337,0.135,0.209,0.771,0.212,0.282,0.693,0.587,0.487,0.299,0.426,0.587,0.554,0.567,0.582,0.615,0.554,0.69,0.554,0.587,0.538,0.442,0.676,0.479,0.583,0.794,0.599,0.612,0.219,0.443,0.498,0.655,0.488,0.582,0.568,0.594,0.53,0.46,0.492,0.523
0.781,0.781,0.624,0.624,0.739,0.35,0.62,0.624,0.359,0.589,0.624,0.71,0.573,0.739,0.71,0.624,0.573,0.739,0.106,0.573,0.96,0.594,0.96,0.599,0.573,0.62,0.599,0.624,0.604,0.589,0.604,0.594,0.781,0.942,0.919,0.942,0.545,0.919,0.781,0.545,0.087,0.942,0.551,0.731,0.942,0.545,0.118,0.551,0.502,0.551,0.527,0.072,0.353,0.46,0.428,0.46,0.407,0.484,0.484,0.484,0.932,0.428,0.407,0.428,0.353,0.932,0.962,0.627,0.962,0.204,0.204,0.204,0.104,0.733,0.531,0.027,0.285,0.633,0.221,0.285,0.041,0.733,0.574,0.046,0.617,0.574,0.221,0.032,0.059,0.468,0.733,0.537,0.036,0.04,0.098,0.574,0.266,0.098,0.098,0.038,0.097,0.288,0.579,0.097,0.097,0.609,0.07,0.519,0.519,0.5,0.317,0.729,0.62,0.705,0.094,0.434,0.526,0.325,0.609,0.729,0.065,0.616,0.503,0.571,0.092,0.528,0.584,0.608,0.528,0.39,0.465,0.321,0.444,0.273,0.505,0.382,0.57,0.499,0.566,0.382,0.331,0.526,0.637,0.642,0.331,0.274,0.331,0.382,0.613,0.323,0.561,0.399,0.928,0.271,0.858,0.655,0.825,0.451,0.925,0.724,0.925,0.904,0.871,0.842,0.855,0.937,0.945,0.971
0.973,0.973,0.959,0.959,0.104,0.678,0.949,0.981,0.735,0.891,0.981,0.973,0.96,0.104,0.973,0.981,0.96,0.104,0.553,0.96,0.994,0.87,0.994,0.94,0.96,0.949,0.94,0.981,0.953,0.891,0.953,0.87,0.887,0.985,0.973,0.985,0.163,0.973,0.887,0.163,0.466,0.985,0.115,0.161,0.985,0.163,0.545,0.115,0.746,0.115,0.557,0.42,0.035,0.852,0.137,0.852,0.857,0.094,0.094,0.094,0.93,0.137,0.857,0.137,0.035,0.93,0.984,0.511,0.984,0.003,0.003,0.003,0.498,0.155,0.366,0.66,0.072,0.345,0.084,0.072,0.544,0.155,0.066,0.567,0.549,0.066,0.084,0.652,0.491,0.499,0.155,0.327,0.708,0.574,0.066,0.066,0.513,0.066,0.066,0.688,0.092,0.105,0.393,0.092,0.092,0.448,0.467,0.34,0.34,0.489,0.226,0.418,0.42,0.326,0.418,0.509,0.93,0.09,0.39,0.418,0.505,0.403,0.92,0.487,0.459,0.386,0.526,0.669,0.386,0.103,0.542,0.034,0.521,0.245,0.762,0.097,0.639,0.541,0.788,0.097,0.123,0.906,0.628,0.735,0.123,0.576,0.123,0.097,0.764,0.434,0.587,0.422,0.947,0.544,0.872,0.841,0.973,0.456,0.854,0.575,0.871,0.95,0.894,0.892,0.9,0.927,0.948,0.961
0.176,0.176,0.178,0.178,0.35,0.016,0.318,0.16,0.02,0.246,0.16,0.223,0.23,0.35,0.223,0.16,0.23,0.35,0.319,0.23,0.511,0.191,0.511,0.191,0.23,0.318,0.191,0.16,0.112,0.246,0.112,0.191,0.407,0.544,0.575,0.544,0.604,0.575,0.407,0.604,0.232,0.544,0.603,0.318,0.544,0.604,0.206,0.603,0.85,0.603,0.106,0.473,0.302,0.102,0.806,0.102,0.095,0.875,0.875,0.875,0.572,0.806,0.095,0.806,0.302,0.572,0.548,0.51,0.548,0.35,0.35,0.35,0.786,0.483,0.348,0.172,0.785,0.114,0.816,0.785,0.238,0.483,0.239,0.234,0.486,0.239,0.816,0.176,0.241,0.125,0.483,0.335,0.162,0.216,0.626,0.239,0.687,0.626,0.626,0.161,0.666,0.888,0.098,0.666,0.666,0.277,0.32,0.791,0.791,0.805,0.922,0.817,0.574,0.786,0.413,0.093,0.437,0.876,0.599,0.817,0.314,0.603,0.427,0.181,0.582,0.897,0.326,0.817,0.897,0.95,0.208,0.621,0.194,0.981,0.375,0.876,0.854,0.899,0.909,0.876,0.86,0.446,0.191,0.782,0.86,0.275,0.86,0.876,0.189,0.817,0.794,0.754,0.783,0.256,0.782,0.144,0.848,0.756,0.78,0.775,0.769,0.77,0.77,0.752,0.744,0.984,0.971,0.932
0.98,0.98,0.97,0.97,0.966,0.115,0.964,0.984,0.099,0.982,0.984,0.987,0.964,0.966,0.987,0.984,0.964,0.966,0.867,0.964,0.916,0.989,0.916,0.958,0.964,0.964,0.958,0.984,0.954,0.982,0.954,0.989,0.973,0.946,0.933,0.946,0.892,0.933,0.973,0.892,0.503,0.946,0.914,0.704,0.946,0.892,0.858,0.914,0.21,0.914,0.093,0.528,0.71,0.94,0.884,0.94,0.942,0.913,0.913,0.913,0.989,0.884,0.942,0.884,0.71,0.989,0.948,0.158,0.948,0.607,0.607,0.607,0.491,0.975,0.248,0.319,0.734,0.355,0.698,0.734,0.392,0.975,0.913,0.433,0.144,0.913,0.698,0.3,0.373,0.506,0.975,0.263,0.308,0.461,0.767,0.913,0.852,0.767,0.767,0.284,0.736,0.873,0.351,0.736,0.736,0.429,0.223,0.735,0.735,0.697,0.725,0.61,0.594,0.738,0.338,0.527,0.762,0.894,0.547,0.61,0.223,0.548,0.744,0.686,0.306,0.741,0.576,0.543,0.741,0.644,0.747,0.808,0.721,0.721,0.614,0.912,0.6,0.715,0.276,0.912,0.889,0.95,0.318,0.176,0.889,0.59,0.889,0.912,0.325,0.237,0.143,0.32,0.113,0.571,0.186,0.373,0.141,0.33,0.185,0.143,0.175,0.115,0.174,0.222,0.205,0.317,0.287,0.176
0.734,0.734,0.702,0.702,0.847,0.066,0.782,0.726,0.057,0.683,0.726,0.805,0.652,0.847,0.805,0.726,0.652,0.847,0.343,0.652,0.427,0.767,0.427,0.637,0.652,0.782,0.637,0.726,0.741,0.683,0.741,0.767,0.215,0.352,0.543,0.352,0.828,0.543,0.215,0.828,0.473,0.352,0.837,0.714,0.352,0.828,0.47,0.837,0.543,0.837,0.045,0.32,0.392,0.432,0.795,0.432,0.458,0.758,0.758,0.758,0.442,0.795,0.458,0.795,0.392,0.442,0.339,0.559,0.339,0.367,0.367,0.367,0.266,0.896,0.673,0.251,0.329,0.537,0.331,0.329,0.34,0.896,0.639,0.325,0.542,0.639,0.331,0.215,0.326,0.618,0.896,0.643,0.222,0.31,0.51,0.639,0.672,0.51,0.51,0.196,0.504,0.519,0.613,0.504,0.504,0.72,0.147,0.913,0.913,0.928,0.481,0.985,0.779,0.985,0.264,0.624,0.614,0.541,0.769,0.985,0.143,0.764,0.544,0.881,0.269,0.885,0.619,0.434,0.885,0.741,0.859,0.541,0.858,0.416,0.706,0.338,0.464,0.903,0.352,0.338,0.319,0.791,0.782,0.304,0.319,0.668,0.319,0.338,0.784,0.508,0.455,0.493,0.454,0.673,0.379,0.615,0.868,0.496,0.817,0.407,0.754,0.316,0.53,0.409,0.58,0.193,0.259,0.54
0.475,0.475,0.38,0.38,0.216,0.059,0.433,0.429,0.054,0.399,0.429,0.554,0.35,0.216,0.554,0.429,0.35,0.216,0.215,0.35,0.842,0.406,0.842,0.376,0.35,0.433,0.376,0.429,0.385,0.399,0.385,0.406,0.551,0.704,0.807,0.704,0.364,0.807,0.551,0.364,0.397,0.704,0.268,0.955,0.704,0.364,0.181,0.268,0.903,0.268,0.18,0.395,0.2,0.338,0.288,0.338,0.327,0.21,0.21,0.21,0.691,0.288,0.327,0.288,0.2,0.691,0.729,0.918,0.729,0.072,0.072,0.072,0.517,0.282,0.963,0.253,0.155,0.948,0.204,0.155,0.319,0.282,0.217,0.209,0.953,0.217,0.204,0.236,0.329,0.878,0.282,0.963,0.234,0.24,0.057,0.217,0.108,0.057,0.057,0.229,0.058,0.201,0.935,0.058,0.058,0.796,0.285,0.285,0.285,0.335,0.749,0.602,0.076,0.577,0.26,0.843,0.651,0.154,0.083,0.602,0.267,0.086,0.677,0.073,0.378,0.332,0.731,0.575,0.332,0.708,0.08,0.192,0.081,0.786,0.694,0.158,0.563,0.423,0.7,0.158,0.225,0.741,0.82,0.884,0.225,0.671,0.225,0.158,0.812,0.529,0.89,0.708,0.772,0.642,0.803,0.846,0.77,0.693,0.878,0.913,0.899,0.752,0.805,0.701,0.73,0.968,0.962,0.802
0.26,0.26,0.277,0.277,0.971,0.068,0.275,0.266,0.06,0.31,0.266,0.245,0.316,0.971,0.245,0.266,0.316,0.971,0.692,0.316,0.117,0.244,0.117,0.309,0.316,0.275,0.309,0.266,0.279,0.31,0.279,0.244,0.067,0.154,0.117,0.154,0.684,0.117,0.067,0.684,0.855,0.154,0.647,0.578,0.154,0.684,0.694,0.647,0.883,0.647,0.053,0.947,0.934,0.117,0.975,0.117,0.12,0.984,0.984,0.984,0.125,0.975,0.12,0.975,0.934,0.125,0.134,0.908,0.134,0.837,0.837,0.837,0.963,0.692,0.495,0.924,0.987,0.941,0.988,0.987,0.856,0.692,0.97,0.981,0.746,0.97,0.988,0.934,0.879,0.94,0.692,0.538,0.92,0.98,0.886,0.97,0.38,0.886,0.886,0.928,0.901,0.99,0.742,0.901,0.901,0.831,0.847,0.707,0.707,0.826,0.158,0.75,0.689,0.804,0.946,0.771,0.912,0.987,0.746,0.75,0.847,0.756,0.962,0.397,0.914,0.375,0.764,0.469,0.375,0.156,0.551,0.97,0.554,0.098,0.9,1.0,0.45,0.617,0.41,1.0,1.0,0.896,0.361,0.75,1.0,0.917,1.0,1.0,0.394,0.834,0.85,0.777,0.331,0.782,0.251,0.477,0.433,0.805,0.57,0.857,0.6,0.362,0.232,0.229,0.222,0.335,0.331,0.285
0.218,0.218,0.267,0.267,0.78,0.494,0.149,0.684,0.493,0.517,0.684,0.203,0.66,0.78,0.203,0.684,0.66,0.78,0.485,0.66,0.169,0.571,0.169,0.598,0.66,0.149,0.598,0.684,0.666,0.517,0.666,0.571,0.474,0.649,0.14,0.649,0.526,0.14,0.474,0.526,0.976,0.649,0.542,0.702,0.649,0.526,0.482,0.542,0.987,0.542,0.428,0.972,0.376,0.657,0.565,0.657,0.672,0.591,0.591,0.591,0.512,0.565,0.672,0.565,0.376,0.512,0.605,0.843,0.605,0.431,0.431,0.431,0.966,0.879,0.467,0.984,0.393,0.947,0.281,0.393,0.974,0.879,0.594,0.99,0.765,0.594,0.281,0.982,0.98,0.866,0.879,0.472,0.986,0.987,0.228,0.594,0.69,0.228,0.228,0.982,0.224,0.254,0.914,0.224,0.224,0.968,0.972,0.591,0.591,0.632,0.488,0.587,0.818,0.681,0.968,0.703,0.816,0.386,0.813,0.587,0.971,0.801,0.854,0.815,0.901,0.657,0.544,0.869,0.657,0.618,0.842,0.341,0.833,0.441,0.26,0.555,0.869,0.697,0.847,0.555,0.54,0.813,0.866,0.491,0.54,0.345,0.54,0.555,0.854,0.25,0.664,0.416,0.582,0.253,0.494,0.933,0.434,0.343,0.406,0.667,0.387,0.502,0.527,0.493,0.488,0.573,0.508,0.663
0.063,0.063,0.088,0.088,0.629,0.725,0.031,0.041,0.764,0.102,0.041,0.032,0.037,0.629,0.032,0.041,0.037,0.629,0.834,0.037,0.056,0.118,0.056,0.038,0.037,0.031,0.038,0.041,0.046,0.102,0.046,0.118,0.097,0.043,0.031,0.043,0.762,0.031,0.097,0.762,0.696,0.043,0.767,0.594,0.043,0.762,0.815,0.767,0.335,0.767,0.797,0.641,0.496,0.14,0.67,0.14,0.145,0.647,0.647,0.647,0.094,0.67,0.145,0.67,0.496,0.094,0.037,0.212,0.037,0.642,0.642,0.642,0.432,0.615,0.458,0.523,0.83,0.382,0.834,0.83,0.593,0.615,0.493,0.579,0.213,0.493,0.834,0.547,0.706,0.397,0.615,0.456,0.526,0.515,0.953,0.493,0.924,0.953,0.953,0.543,0.991,0.779,0.469,0.991,0.991,0.576,0.529,0.751,0.751,0.69,0.407,0.473,0.396,0.52,0.516,0.531,0.55,0.796,0.389,0.473,0.534,0.394,0.539,0.478,0.453,0.807,0.508,0.16,0.807,0.348,0.476,0.537,0.473,0.501,0.519,0.714,0.153,0.755,0.295,0.714,0.736,0.68,0.372,0.116,0.736,0.473,0.736,0.714,0.352,0.044,0.089,0.048,0.45,0.542,0.498,0.291,0.803,0.063,0.723,0.111,0.702,0.49,0.409,0.512,0.413,0.759,0.774,0.718
0.561,0.561,0.523,0.523,0.681,0.981,0.639,0.473,0.981,0.487,0.473,0.708,0.443,0.681,0.708,0.473,0.443,0.681,0.623,0.443,0.709,0.55,0.709,0.465,0.443,0.639,0.465,0.473,0.503,0.487,0.503,0.55,0.519,0.648,0.725,0.648,0.1,0.725,0.519,0.1,0.669,0.648,0.162,0.636,0.648,0.1,0.523,0.162,0.559,0.162,0.994,0.68,0.541,0.422,0.077,0.422,0.433,0.132,0.132,0.132,0.699,0.077,0.433,0.077,0.541,0.699,0.658,0.663,0.658,0.71,0.71,0.71,0.514,0.715,0.578,0.628,0.226,0.519,0.189,0.226,0.5,0.715,0.576,0.642,0.631,0.576,0.189,0.573,0.499,0.501,0.715,0.515,0.623,0.697,0.557,0.576,0.597,0.557,0.557,0.586,0.476,0.321,0.474,0.476,0.476,0.515,0.623,0.593,0.593,0.729,0.377,0.803,0.288,0.848,0.713,0.472,0.496,0.373,0.301,0.803,0.669,0.295,0.536,0.337,0.471,0.787,0.487,0.633,0.787,0.836,0.287,0.627,0.293,0.562,0.524,0.402,0.681,0.852,0.362,0.402,0.303,0.662,0.641,0.469,0.303,0.496,0.303,0.402,0.709,0.492,0.607,0.52,0.13,0.468,0.067,0.777,0.078,0.505,0.174,0.589,0.17,0.135,0.069,0.107,0.101,0.144,0.221,0.119
0.714,0.714,0.762,0.762,0.277,0.765,0.67,0.463,0.795,0.629,0.463,0.592,0.571,0.277,0.592,0.463,0.571,0.277,0.457,0.571,0.593,0.556,0.593,0.49,0.571,0.67,0.49,0.463,0.478,0.629,0.478,0.556,0.38,0.428,0.521,0.428,0.352,0.521,0.38,0.352,0.337,0.428,0.315,0.517,0.428,0.352,0.484,0.315,0.441,0.315,0.721,0.355,0.118,0.418,0.585,0.418,0.43,0.566,0.566,0.566,0.544,0.585,0.43,0.585,0.118,0.544,0.435,0.457,0.435,0.137,0.137,0.137,0.267,0.622,0.492,0.37,0.359,0.379,0.363,0.359,0.488,0.622,0.172,0.443,0.318,0.172,0.363,0.37,0.479,0.309,0.622,0.55,0.356,0.44,0.332,0.172,0.395,0.332,0.332,0.35,0.375,0.373,0.405,0.375,0.375,0.313,0.28,0.018,0.018,0.024,0.023,0.04,0.27,0.041,0.362,0.326,0.323,0.303,0.305,0.04,0.263,0.321,0.344,0.281,0.492,0.026,0.25,0.546,0.026,0.056,0.328,0.171,0.341,0.027,0.431,0.43,0.538,0.021,0.495,0.43,0.484,0.514,0.188,0.489,0.484,0.395,0.484,0.43,0.181,0.229,0.489,0.317,0.613,0.424,0.768,0.166,0.708,0.274,0.605,0.5,0.61,0.653,0.739,0.778,0.778,0.514,0.596,0.414
0.793,0.793,0.867,0.867,0.505,0.942,0.894,0.504,0.948,0.504,0.504,0.781,0.787,0.505,0.781,0.504,0.787,0.505,0.871,0.787,0.509,0.347,0.509,0.782,0.787,0.894,0.782,0.504,0.502,0.504,0.502,0.347,0.239,0.497,0.445,0.497,0.403,0.445,0.239,0.403,0.564,0.497,0.441,0.392,0.497,0.403,0.895,0.441,0.557,0.441,0.954,0.669,0.342,0.154,0.477,0.154,0.147,0.53,0.53,0.53,0.309,0.477,0.147,0.477,0.342,0.309,0.375,0.824,0.375,0.701,0.701,0.701,0.703,0.392,0.381,0.859,0.258,0.673,0.247,0.258,0.91,0.392,0.357,0.801,0.801,0.357,0.247,0.886,0.925,0.816,0.392,0.581,0.846,0.864,0.791,0.357,0.675,0.791,0.791,0.879,0.844,0.284,0.722,0.844,0.844,0.55,0.866,0.655,0.655,0.778,0.74,0.251,0.601,0.293,0.758,0.779,0.728,0.334,0.565,0.251,0.853,0.593,0.784,0.67,0.921,0.593,0.676,0.99,0.593,0.819,0.629,0.509,0.635,0.773,0.735,0.463,0.997,0.73,0.938,0.463,0.421,0.984,0.477,0.879,0.421,0.865,0.421,0.463,0.478,0.779,0.771,0.672,0.98,0.825,0.995,0.487,0.517,0.67,0.476,0.762,0.464,0.983,0.997,0.998,0.995,0.238,0.252,0.311
0.687,0.687,0.653,0.653,0.491,0.697,0.301,0.468,0.743,0.346,0.468,0.329,0.437,0.491,0.329,0.468,0.437,0.491,0.242,0.437,0.74,0.379,0.74,0.506,0.437,0.301,0.506,0.468,0.521,0.346,0.521,0.379,0.943,0.838,0.649,0.838,0.407,0.649,0.943,0.407,0.999,0.838,0.489,0.242,0.838,0.407,0.388,0.489,0.626,0.489,0.822,0.999,0.401,0.859,0.393,0.859,0.851,0.483,0.483,0.483,0.677,0.393,0.851,0.393,0.401,0.677,0.91,0.822,0.91,0.242,0.242,0.242,0.999,0.467,0.661,0.998,0.217,0.708,0.135,0.217,0.999,0.467,0.37,0.999,0.719,0.37,0.135,0.999,1.0,0.792,0.467,0.572,0.999,0.999,0.076,0.37,0.728,0.076,0.076,0.999,0.049,0.303,0.581,0.049,0.049,0.69,0.993,0.767,0.767,0.683,0.581,0.794,0.918,0.843,0.997,0.67,0.983,0.381,0.818,0.794,0.992,0.823,0.98,0.986,1.0,0.737,0.624,0.58,0.737,0.742,0.975,0.384,0.974,0.603,0.897,0.352,0.724,0.667,0.631,0.352,0.269,0.938,0.927,0.406,0.269,0.782,0.269,0.352,0.943,0.201,0.33,0.162,0.911,0.737,0.694,0.955,0.86,0.157,0.71,0.27,0.732,0.835,0.713,0.753,0.826,0.697,0.674,0.603
0.017,0.017,0.021,0.021,0.988,0.607,0.025,0.016,0.569,0.013,0.016,0.025,0.019,0.988,0.025,0.016,0.019,0.988,0.848,0.019,0.012,0.007,0.012,0.017,0.019,0.025,0.017,0.016,0.017,0.013,0.017,0.007,0.003,0.011,0.015,0.011,0.974,0.015,0.003,0.974,0.305,0.011,0.989,0.778,0.011,0.974,0.832,0.989,0.691,0.989,0.599,0.271,0.971,0.002,0.989,0.002,0.002,0.994,0.994,0.994,0.007,0.989,0.002,0.989,0.971,0.007,0.012,0.692,0.012,0.999,0.999,0.999,0.276,0.998,0.808,0.306,0.993,0.799,0.979,0.993,0.256,0.998,0.909,0.401,0.661,0.909,0.979,0.299,0.24,0.913,0.998,0.788,0.325,0.413,0.988,0.909,0.967,0.988,0.988,0.285,0.99,0.993,0.803,0.99,0.99,0.969,0.394,0.989,0.989,0.987,0.771,0.979,0.937,0.979,0.539,0.919,0.89,0.994,0.926,0.979,0.43,0.929,0.855,0.917,0.25,0.978,0.985,0.516,0.978,0.849,0.879,0.977,0.895,0.692,0.874,0.98,0.528,0.975,0.394,0.98,0.965,0.939,0.722,0.224,0.965,0.696,0.965,0.98,0.63,0.512,0.241,0.354,0.578,0.721,0.815,0.692,0.48,0.389,0.621,0.267,0.741,0.744,0.673,0.768,0.708,0.388,0.381,0.754
0.274,0.274,0.235,0.235,0.557,0.633,0.143,0.139,0.64,0.208,0.139,0.213,0.096,0.557,0.213,0.139,0.096,0.557,0.762,0.096,0.16,0.207,0.16,0.093,0.096,0.143,0.093,0.139,0.137,0.208,0.137,0.207,0.08,0.1,0.105,0.1,0.891,0.105,0.08,0.891,0.402,0.1,0.939,0.872,0.1,0.891,0.781,0.939,0.549,0.939,0.781,0.277,0.583,0.064,0.474,0.064,0.062,0.518,0.518,0.518,0.175,0.474,0.062,0.474,0.583,0.175,0.104,0.677,0.104,0.814,0.814,0.814,0.211,0.42,0.752,0.272,0.791,0.306,0.781,0.791,0.273,0.42,0.779,0.276,0.697,0.779,0.781,0.267,0.246,0.246,0.42,0.754,0.293,0.288,0.777,0.779,0.5,0.777,0.777,0.287,0.785,0.823,0.283,0.785,0.785,0.176,0.213,0.599,0.599,0.68,0.693,0.728,0.191,0.802,0.29,0.209,0.136,0.829,0.219,0.728,0.229,0.216,0.198,0.162,0.223,0.673,0.152,0.911,0.673,0.431,0.23,0.741,0.228,0.683,0.208,0.887,0.93,0.729,0.94,0.887,0.884,0.192,0.491,0.841,0.884,0.254,0.884,0.887,0.539,0.692,0.715,0.764,0.987,0.218,0.99,0.508,0.831,0.784,0.721,0.741,0.723,0.986,0.984,0.983,0.983,0.751,0.759,0.713
0.73,0.73,0.715,0.715,0.669,0.425,0.664,0.631,0.363,0.512,0.631,0.721,0.568,0.669,0.721,0.631,0.568,0.669,0.303,0.568,0.502,0.544,0.502,0.692,0.568,0.664,0.692,0.631,0.703,0.512,0.703,0.544,0.275,0.371,0.396,0.371,0.902,0.396,0.275,0.902,0.683,0.371,0.896,0.689,0.371,0.902,0.359,0.896,0.541,0.896,0.373,0.673,0.773,0.634,0.81,0.634,0.681,0.801,0.801,0.801,0.305,0.81,0.681,0.81,0.773,0.305,0.489,0.783,0.489,0.996,0.996,0.996,0.539,0.844,0.597,0.624,0.753,0.098,0.759,0.753,0.569,0.844,0.42,0.607,0.756,0.42,0.759,0.597,0.548,0.119,0.844,0.595,0.586,0.612,1.0,0.42,0.273,1.0,1.0,0.551,0.996,0.552,0.066,0.996,0.996,0.093,0.454,0.538,0.538,0.517,0.039,0.122,0.453,0.111,0.432,0.09,0.27,0.535,0.412,0.122,0.423,0.44,0.275,0.275,0.407,0.397,0.087,0.81,0.397,0.113,0.383,0.426,0.387,0.042,0.09,0.666,0.808,0.358,0.798,0.666,0.665,0.125,0.15,0.977,0.665,0.118,0.665,0.666,0.136,0.827,0.965,0.891,0.988,0.13,0.984,0.138,0.913,0.89,0.939,0.96,0.939,0.988,0.994,0.982,0.991,0.998,0.996,0.994
0.464,0.464,0.669,0.669,0.209,0.756,0.365,0.282,0.745,0.349,0.282,0.221,0.403,0.209,0.221,0.282,0.403,0.209,0.117,0.403,0.71,0.343,0.71,0.326,0.403,0.365,0.326,0.282,0.26,0.349,0.26,0.343,0.714,0.304,0.333,0.304,0.093,0.333,0.714,0.093,0.892,0.304,0.106,0.391,0.304,0.093,0.079,0.106,0.465,0.106,0.756,0.91,0.397,0.82,0.102,0.82,0.83,0.075,0.075,0.075,0.369,0.102,0.83,0.102,0.397,0.369,0.301,0.507,0.301,0.398,0.398,0.398,0.622,0.383,0.28,0.651,0.513,0.19,0.541,0.513,0.88,0.383,0.407,0.812,0.572,0.407,0.541,0.713,0.895,0.247,0.383,0.306,0.674,0.801,0.306,0.407,0.258,0.306,0.306,0.767,0.361,0.44,0.189,0.361,0.361,0.285,0.734,0.264,0.264,0.296,0.3,0.682,0.183,0.69,0.887,0.234,0.509,0.438,0.204,0.682,0.717,0.201,0.506,0.253,0.853,0.393,0.333,0.026,0.393,0.624,0.254,0.472,0.254,0.316,0.442,0.561,0.015,0.402,0.016,0.561,0.586,0.67,0.921,0.141,0.586,0.38,0.586,0.561,0.932,0.174,0.117,0.149,0.098,0.36,0.2,0.827,0.137,0.162,0.255,0.146,0.28,0.096,0.195,0.164,0.144,0.134,0.093,0.127
0.012,0.012,0.018,0.018,0.961,0.023,0.019,0.007,0.022,0.009,0.007,0.016,0.014,0.961,0.016,0.007,0.014,0.961,0.787,0.014,0.11,0.01,0.11,0.013,0.014,0.019,0.013,0.007,0.011,0.009,0.011,0.01,0.039,0.042,0.083,0.042,0.928,0.083,0.039,0.928,0.394,0.042,0.931,0.342,0.042,0.928,0.678,0.931,0.403,0.931,0.08,0.447,0.974,0.016,0.95,0.016,0.017,0.955,0.955,0.955,0.035,0.95,0.017,0.95,0.974,0.035,0.051,0.446,0.051,0.978,0.978,0.978,0.563,0.875,0.316,0.413,0.995,0.32,0.963,0.995,0.378,0.875,0.975,0.541,0.432,0.975,0.963,0.445,0.459,0.458,0.875,0.294,0.436,0.491,0.999,0.975,0.733,0.999,0.999,0.467,0.988,0.998,0.289,0.988,0.988,0.362,0.747,0.995,0.995,0.992,0.976,0.968,0.865,0.986,0.735,0.377,0.815,0.999,0.89,0.968,0.715,0.884,0.81,0.724,0.653,0.992,0.408,0.577,0.992,0.617,0.649,0.935,0.646,0.946,0.487,0.945,0.593,0.987,0.578,0.945,0.941,0.601,0.506,0.444,0.941,0.551,0.941,0.945,0.561,0.44,0.533,0.373,0.833,0.492,0.876,0.543,0.944,0.308,0.825,0.373,0.838,0.865,0.838,0.887,0.854,0.843,0.848,0.929
0.979,0.979,0.971,0.971,0.576,0.904,0.959,0.992,0.945,0.939,0.992,0.978,0.968,0.576,0.978,0.992,0.968,0.576,0.559,0.968,0.663,0.921,0.663,0.966,0.968,0.959,0.966,0.992,0.986,0.939,0.986,0.921,0.516,0.944,0.921,0.944,0.286,0.921,0.516,0.286,0.316,0.944,0.447,0.018,0.944,0.286,0.567,0.447,0.048,0.447,0.84,0.412,0.45,0.723,0.578,0.723,0.705,0.628,0.628,0.628,0.734,0.578,0.705,0.578,0.45,0.734,0.925,0.056,0.925,0.338,0.338,0.338,0.51,0.413,0.02,0.468,0.425,0.096,0.434,0.425,0.576,0.413,0.417,0.539,0.054,0.417,0.434,0.56,0.644,0.094,0.413,0.019,0.523,0.508,0.39,0.417,0.655,0.39,0.39,0.559,0.394,0.461,0.095,0.394,0.394,0.075,0.616,0.917,0.917,0.85,0.603,0.669,0.376,0.512,0.682,0.109,0.329,0.444,0.375,0.669,0.663,0.349,0.324,0.389,0.657,0.87,0.107,0.272,0.87,0.488,0.367,0.404,0.389,0.58,0.17,0.442,0.273,0.774,0.414,0.442,0.508,0.351,0.195,0.264,0.508,0.125,0.508,0.442,0.163,0.53,0.278,0.411,0.736,0.137,0.702,0.214,0.718,0.394,0.497,0.25,0.47,0.743,0.652,0.631,0.601,0.614,0.597,0.89
0.977,0.977,0.972,0.972,0.751,0.482,0.882,0.846,0.414,0.782,0.846,0.85,0.816,0.751,0.85,0.846,0.816,0.751,0.302,0.816,0.824,0.752,0.824,0.812,0.816,0.882,0.812,0.846,0.805,0.782,0.805,0.752,0.789,0.669,0.736,0.669,0.361,0.736,0.789,0.361,0.413,0.669,0.127,0.494,0.669,0.361,0.179,0.127,0.576,0.127,0.33,0.518,0.684,0.967,0.216,0.967,0.972,0.073,0.073,0.073,0.619,0.216,0.972,0.216,0.684,0.619,0.689,0.538,0.689,0.692,0.692,0.692,0.537,0.816,0.606,0.629,0.799,0.5,0.67,0.799,0.638,0.816,0.541,0.651,0.534,0.541,0.67,0.629,0.64,0.671,0.816,0.633,0.629,0.656,0.385,0.541,0.622,0.385,0.385,0.623,0.351,0.328,0.48,0.351,0.351,0.54,0.751,0.332,0.332,0.355,0.279,0.909,0.907,0.853,0.759,0.688,0.767,0.488,0.882,0.909,0.749,0.895,0.867,0.925,0.663,0.437,0.549,0.92,0.437,0.78,0.905,0.389,0.914,0.344,0.557,0.777,0.896,0.605,0.908,0.777,0.61,0.743,0.433,0.872,0.61,0.802,0.61,0.777,0.481,0.741,0.884,0.712,0.922,0.71,0.933,0.523,0.922,0.703,0.95,0.917,0.957,0.937,0.925,0.922,0.916,0.847,0.885,0.985
0.707,0.707,0.513,0.513,0.256,0.39,0.454,0.608,0.379,0.339,0.608,0.576,0.516,0.256,0.576,0.608,0.516,0.256,0.678,0.516,0.541,0.381,0.541,0.482,0.516,0.454,0.482,0.608,0.571,0.339,0.571,0.381,0.231,0.493,0.436,0.493,0.621,0.436,0.231,0.621,0.162,0.493,0.628,0.503,0.493,0.621,0.564,0.628,0.87,0.628,0.254,0.156,0.154,0.339,0.37,0.339,0.359,0.439,0.439,0.439,0.258,0.37,0.359,0.37,0.154,0.258,0.458,0.834,0.458,0.108,0.108,0.108,0.119,0.34,0.431,0.254,0.131,0.928,0.172,0.131,0.066,0.34,0.324,0.1,0.871,0.324,0.172,0.252,0.053,0.915,0.34,0.529,0.312,0.138,0.107,0.324,0.406,0.107,0.107,0.317,0.117,0.301,0.938,0.117,0.117,0.938,0.426,0.783,0.783,0.603,0.841,0.517,0.774,0.489,0.121,0.918,0.88,0.323,0.825,0.517,0.494,0.805,0.894,0.782,0.073,0.709,0.931,0.557,0.709,0.499,0.792,0.214,0.793,0.727,0.982,0.368,0.548,0.645,0.537,0.368,0.375,0.864,0.511,0.613,0.375,0.979,0.375,0.368,0.499,0.443,0.541,0.446,0.444,0.98,0.245,0.591,0.537,0.445,0.734,0.524,0.727,0.47,0.201,0.282,0.256,0.577,0.545,0.25
0.416,0.416,0.569,0.569,0.65,0.1,0.809,0.697,0.117,0.738,0.697,0.826,0.718,0.65,0.826,0.697,0.718,0.65,0.726,0.718,0.716,0.738,0.716,0.67,0.718,0.809,0.67,0.697,0.644,0.738,0.644,0.738,0.803,0.702,0.809,0.702,0.65,0.809,0.803,0.65,0.256,0.702,0.838,0.552,0.702,0.65,0.772,0.838,0.319,0.838,0.329,0.265,0.424,0.65,0.623,0.65,0.627,0.781,0.781,0.781,0.624,0.623,0.627,0.623,0.424,0.624,0.695,0.281,0.695,0.256,0.256,0.256,0.456,0.753,0.509,0.166,0.657,0.335,0.616,0.657,0.282,0.753,0.486,0.24,0.284,0.486,0.616,0.155,0.268,0.225,0.753,0.536,0.16,0.274,0.35,0.486,0.598,0.35,0.35,0.151,0.405,0.383,0.314,0.405,0.405,0.28,0.173,0.554,0.554,0.516,0.674,0.099,0.041,0.097,0.242,0.222,0.414,0.392,0.038,0.099,0.172,0.038,0.397,0.024,0.259,0.569,0.136,0.196,0.569,0.249,0.029,0.555,0.029,0.699,0.112,0.434,0.236,0.511,0.283,0.434,0.397,0.346,0.622,0.784,0.397,0.177,0.397,0.434,0.591,0.624,0.791,0.654,0.155,0.167,0.167,0.479,0.749,0.633,0.347,0.737,0.383,0.132,0.136,0.197,0.193,0.363,0.488,0.503
0.932,0.932,0.954,0.954,0.934,0.438,0.778,0.72,0.442,0.888,0.72,0.801,0.674,0.934,0.801,0.72,0.674,0.934,0.558,0.674,0.82,0.91,0.82,0.64,0.674,0.778,0.64,0.72,0.702,0.888,0.702,0.91,0.6,0.601,0.754,0.601,0.807,0.754,0.6,0.807,0.189,0.601,0.716,0.893,0.601,0.807,0.573,0.716,0.991,0.716,0.397,0.19,0.96,0.925,0.8,0.925,0.926,0.657,0.657,0.657,0.625,0.8,0.926,0.8,0.96,0.625,0.584,0.841,0.584,0.679,0.679,0.679,0.393,0.976,0.819,0.176,0.941,0.892,0.975,0.941,0.184,0.976,0.969,0.177,0.838,0.969,0.975,0.138,0.183,0.908,0.976,0.881,0.142,0.186,0.686,0.969,0.408,0.686,0.686,0.141,0.729,0.953,0.886,0.729,0.729,0.994,0.309,0.734,0.734,0.747,0.739,0.719,0.45,0.732,0.371,0.874,0.938,0.94,0.455,0.719,0.268,0.449,0.965,0.587,0.277,0.634,0.983,0.183,0.634,0.831,0.58,0.975,0.588,0.736,0.948,0.778,0.172,0.666,0.202,0.778,0.878,0.894,0.989,0.071,0.878,0.981,0.878,0.778,0.995,0.474,0.029,0.477,0.18,0.97,0.189,0.983,0.234,0.469,0.392,0.096,0.409,0.085,0.244,0.14,0.105,0.28,0.278,0.097
0.604,0.604,0.574,0.574,0.903,0.848,0.743,0.581,0.759,0.962,0.581,0.671,0.62,0.903,0.671,0.581,0.62,0.903,0.934,0.62,0.303,0.964,0.303,0.523,0.62,0.743,0.523,0.581,0.559,0.962,0.559,0.964,0.643,0.502,0.491,0.502,0.845,0.491,0.643,0.845,0.344,0.502,0.916,0.93,0.502,0.845,0.899,0.916,0.958,0.916,0.532,0.334,0.81,0.769,0.768,0.769,0.723,0.858,0.858,0.858,0.751,0.768,0.723,0.768,0.81,0.751,0.499,0.755,0.499,0.817,0.817,0.817,0.207,0.946,0.682,0.867,0.867,0.078,0.772,0.867,0.734,0.946,0.893,0.659,0.809,0.893,0.772,0.874,0.761,0.104,0.946,0.675,0.884,0.675,0.98,0.893,0.989,0.98,0.98,0.904,0.95,0.833,0.082,0.95,0.95,0.241,0.867,0.949,0.949,0.861,0.964,0.929,0.86,0.785,0.684,0.12,0.148,0.923,0.838,0.929,0.903,0.828,0.168,0.889,0.733,0.884,0.27,0.791,0.884,0.949,0.843,0.822,0.853,0.95,0.326,0.888,0.722,0.767,0.851,0.888,0.808,0.161,0.645,0.885,0.808,0.138,0.808,0.888,0.66,0.672,0.902,0.691,0.898,0.155,0.903,0.751,0.438,0.688,0.687,0.877,0.692,0.932,0.867,0.874,0.821,0.171,0.175,0.057
0.946,0.946,0.938,0.938,0.638,0.589,0.975,0.791,0.626,0.66,0.791,0.935,0.89,0.638,0.935,0.791,0.89,0.638,0.784,0.89,0.786,0.676,0.786,0.892,0.89,0.975,0.892,0.791,0.801,0.66,0.801,0.676,0.46,0.643,0.758,0.643,0.676,0.758,0.46,0.676,0.018,0.643,0.645,0.089,0.643,0.676,0.83,0.645,0.164,0.645,0.317,0.023,0.854,0.754,0.633,0.754,0.772,0.557,0.557,0.557,0.481,0.633,0.772,0.633,0.854,0.481,0.634,0.171,0.634,0.654,0.654,0.654,0.069,0.584,0.158,0.134,0.557,0.34,0.627,0.557,0.059,0.584,0.687,0.137,0.179,0.687,0.627,0.088,0.067,0.425,0.584,0.154,0.12,0.13,0.366,0.687,0.455,0.366,0.366,0.085,0.348,0.322,0.365,0.348,0.348,0.402,0.144,0.934,0.934,0.933,0.969,0.889,0.333,0.89,0.181,0.445,0.131,0.324,0.277,0.889,0.131,0.279,0.166,0.335,0.095,0.941,0.423,0.296,0.941,0.991,0.33,0.802,0.295,0.966,0.482,0.422,0.237,0.955,0.235,0.422,0.44,0.099,0.304,0.046,0.44,0.407,0.44,0.422,0.307,0.062,0.105,0.05,0.244,0.45,0.314,0.319,0.194,0.052,0.366,0.128,0.386,0.222,0.317,0.3,0.275,0.332,0.368,0.521
0.652,0.652,0.55,0.55,0.938,0.3,0.419,0.27,0.286,0.245,0.27,0.358,0.276,0.938,0.358,0.27,0.276,0.938,0.683,0.276,0.432,0.283,0.432,0.258,0.276,0.419,0.258,0.27,0.275,0.245,0.275,0.283,0.098,0.276,0.369,0.276,0.804,0.369,0.098,0.804,0.093,0.276,0.81,0.215,0.276,0.804,0.635,0.81,0.181,0.81,0.214,0.069,0.864,0.132,0.9,0.132,0.138,0.939,0.939,0.939,0.171,0.9,0.138,0.9,0.864,0.171,0.259,0.138,0.259,0.994,0.994,0.994,0.066,0.759,0.268,0.23,0.898,0.308,0.889,0.898,0.174,0.759,0.911,0.255,0.138,0.911,0.889,0.233,0.186,0.329,0.759,0.228,0.227,0.225,0.987,0.911,0.816,0.987,0.987,0.228,0.987,0.943,0.333,0.987,0.987,0.195,0.396,0.728,0.728,0.485,0.075,0.88,0.22,0.383,0.282,0.364,0.317,0.963,0.166,0.88,0.402,0.153,0.375,0.16,0.254,0.698,0.312,0.623,0.698,0.437,0.085,0.941,0.091,0.069,0.367,0.913,0.633,0.432,0.625,0.913,0.874,0.277,0.077,0.983,0.874,0.351,0.874,0.913,0.081,0.954,0.957,0.966,0.267,0.378,0.26,0.128,0.324,0.973,0.394,0.956,0.377,0.255,0.282,0.283,0.276,0.149,0.148,0.156
0.248,0.248,0.326,0.326,0.439,0.34,0.391,0.235,0.337,0.556,0.235,0.295,0.178,0.439,0.295,0.235,0.178,0.439,0.81,0.178,0.105,0.453,0.105,0.165,0.178,0.391,0.165,0.235,0.176,0.556,0.176,0.453,0.552,0.116,0.127,0.116,0.861,0.127,0.552,0.861,0.776,0.116,0.875,0.396,0.116,0.861,0.722,0.875,0.471,0.875,0.338,0.875,0.427,0.662,0.943,0.662,0.63,0.951,0.951,0.951,0.3,0.943,0.63,0.943,0.427,0.3,0.111,0.404,0.111,0.455,0.455,0.455,0.678,0.634,0.428,0.977,0.878,0.623,0.839,0.878,0.875,0.634,0.473,0.952,0.451,0.473,0.839,0.975,0.839,0.573,0.634,0.495,0.981,0.926,0.522,0.473,0.856,0.522,0.522,0.977,0.602,0.905,0.64,0.602,0.602,0.754,0.876,0.769,0.769,0.665,0.842,0.608,0.859,0.553,0.831,0.62,0.863,0.858,0.793,0.608,0.877,0.77,0.717,0.798,0.845,0.772,0.439,0.995,0.772,0.257,0.81,0.439,0.803,0.917,0.441,0.959,0.988,0.781,0.972,0.959,0.966,0.62,0.601,0.797,0.966,0.6,0.966,0.959,0.586,0.874,0.78,0.846,0.745,0.594,0.661,0.597,0.208,0.872,0.267,0.718,0.251,0.711,0.742,0.647,0.738,0.358,0.293,0.567
0.22,0.22,0.213,0.213,0.265,0.31,0.242,0.26,0.322,0.252,0.26,0.253,0.239,0.265,0.253,0.26,0.239,0.265,0.731,0.239,0.297,0.271,0.297,0.347,0.239,0.242,0.347,0.26,0.374,0.252,0.374,0.271,0.242,0.486,0.481,0.486,0.052,0.481,0.242,0.052,0.383,0.486,0.098,0.549,0.486,0.052,0.661,0.098,0.464,0.098,0.275,0.28,0.142,0.232,0.086,0.232,0.235,0.121,0.121,0.121,0.39,0.086,0.235,0.086,0.142,0.39,0.546,0.475,0.546,0.468,0.468,0.468,0.24,0.355,0.516,0.757,0.03,0.611,0.026,0.03,0.236,0.355,0.233,0.362,0.47,0.233,0.026,0.694,0.233,0.574,0.355,0.51,0.743,0.375,0.377,0.233,0.791,0.377,0.377,0.716,0.395,0.074,0.615,0.395,0.395,0.592,0.624,0.271,0.271,0.3,0.362,0.52,0.88,0.578,0.198,0.585,0.519,0.079,0.772,0.52,0.611,0.806,0.521,0.847,0.18,0.244,0.693,0.338,0.244,0.707,0.897,0.231,0.894,0.341,0.709,0.017,0.296,0.275,0.359,0.017,0.017,0.686,0.73,0.984,0.017,0.518,0.017,0.017,0.725,0.876,0.936,0.866,0.755,0.524,0.592,0.642,0.519,0.843,0.613,0.914,0.607,0.782,0.645,0.557,0.599,0.411,0.375,0.824
0.068,0.068,0.057,0.057,0.049,0.97,0.055,0.038,0.968,0.072,0.038,0.055,0.035,0.049,0.055,0.038,0.035,0.049,0.078,0.035,0.049,0.085,0.049,0.04,0.035,0.055,0.04,0.038,0.045,0.072,0.045,0.085,0.043,0.03,0.053,0.03,0.137,0.053,0.043,0.137,0.078,0.03,0.07,0.022,0.03,0.137,0.167,0.07,0.046,0.07,0.978,0.082,0.189,0.052,0.154,0.052,0.052,0.063,0.063,0.063,0.075,0.154,0.052,0.154,0.189,0.075,0.038,0.025,0.038,0.176,0.176,0.176,0.06,0.12,0.013,0.152,0.414,0.029,0.439,0.414,0.047,0.12,0.197,0.125,0.03,0.197,0.439,0.163,0.046,0.034,0.12,0.011,0.136,0.131,0.275,0.197,0.051,0.275,0.275,0.144,0.415,0.302,0.038,0.415,0.415,0.072,0.093,0.359,0.359,0.161,0.519,0.256,0.299,0.139,0.08,0.042,0.033,0.247,0.342,0.256,0.087,0.34,0.035,0.338,0.061,0.51,0.073,0.372,0.51,0.585,0.473,0.392,0.463,0.67,0.083,0.289,0.305,0.321,0.324,0.289,0.294,0.045,0.973,0.21,0.294,0.052,0.294,0.289,0.969,0.099,0.351,0.139,0.585,0.052,0.467,0.963,0.84,0.123,0.831,0.271,0.848,0.575,0.471,0.424,0.417,0.716,0.698,0.725
0.425,0.425,0.413,0.413,0.695,0.753,0.401,0.258,0.708,0.759,0.258,0.383,0.249,0.695,0.383,0.258,0.249,0.695,0.657,0.249,0.618,0.755,0.618,0.213,0.249,0.401,0.213,0.258,0.227,0.759,0.227,0.755,0.89,0.617,0.69,0.617,0.467,0.69,0.89,0.467,0.428,0.617,0.414,0.426,0.617,0.467,0.61,0.414,0.231,0.414,0.633,0.328,0.338,0.673,0.651,0.673,0.648,0.597,0.597,0.597,0.968,0.651,0.648,0.651,0.338,0.968,0.58,0.304,0.58,0.342,0.342,0.342,0.302,0.641,0.283,0.197,0.388,0.437,0.489,0.388,0.205,0.641,0.408,0.115,0.298,0.408,0.489,0.208,0.216,0.488,0.641,0.281,0.239,0.106,0.48,0.408,0.993,0.48,0.48,0.257,0.531,0.488,0.428,0.531,0.531,0.502,0.25,0.632,0.632,0.685,0.081,0.185,0.198,0.255,0.134,0.51,0.386,0.369,0.238,0.185,0.288,0.229,0.354,0.25,0.251,0.565,0.506,0.163,0.565,0.04,0.262,0.272,0.269,0.091,0.565,0.315,0.134,0.594,0.174,0.315,0.401,0.256,0.252,0.553,0.401,0.535,0.401,0.315,0.247,0.976,0.569,0.857,0.522,0.538,0.435,0.238,0.707,0.856,0.724,0.548,0.745,0.509,0.435,0.425,0.406,0.58,0.574,0.599
0.715,0.715,0.739,0.739,0.64,0.546,0.59,0.632,0.448,0.506,0.632,0.522,0.717,0.64,0.522,0.632,0.717,0.64,0.543,0.717,0.369,0.493,0.369,0.725,0.717,0.59,0.725,0.632,0.601,0.506,0.601,0.493,0.36,0.507,0.405,0.507,0.841,0.405,0.36,0.841,0.821,0.507,0.861,0.371,0.507,0.841,0.53,0.861,0.336,0.861,0.232,0.741,0.441,0.786,0.716,0.786,0.821,0.705,0.705,0.705,0.329,0.716,0.821,0.716,0.441,0.329,0.483,0.414,0.483,0.213,0.213,0.213,0.496,0.63,0.244,0.861,0.556,0.649,0.54,0.556,0.964,0.63,0.433,0.915,0.466,0.433,0.54,0.831,0.968,0.664,0.63,0.285,0.896,0.908,0.256,0.433,0.313,0.256,0.256,0.901,0.258,0.573,0.573,0.258,0.258,0.471,0.841,0.664,0.664,0.657,0.91,0.811,0.967,0.806,0.909,0.637,0.848,0.553,0.955,0.811,0.831,0.953,0.833,0.671,0.876,0.681,0.496,0.245,0.681,0.873,0.538,0.413,0.609,0.843,0.506,0.531,0.177,0.685,0.333,0.531,0.548,0.769,0.156,0.494,0.548,0.732,0.548,0.531,0.155,0.356,0.287,0.334,0.419,0.716,0.371,0.194,0.166,0.312,0.056,0.342,0.056,0.425,0.339,0.319,0.283,0.243,0.203,0.089
0.963,0.963,0.961,0.961,0.156,0.888,0.835,0.841,0.889,0.727,0.841,0.896,0.739,0.156,0.896,0.841,0.739,0.156,0.239,0.739,0.974,0.707,0.974,0.768,0.739,0.835,0.768,0.841,0.811,0.727,0.811,0.707,0.608,0.822,0.897,0.822,0.198,0.897,0.608,0.198,0.991,0.822,0.26,0.597,0.822,0.198,0.23,0.26,0.6,0.26,0.67,0.983,0.032,0.665,0.155,0.665,0.658,0.262,0.262,0.262,0.853,0.155,0.658,0.155,0.032,0.853,0.822,0.644,0.822,0.02,0.02,0.02,0.955,0.251,0.699,0.988,0.053,0.654,0.037,0.053,0.94,0.251,0.086,0.991,0.714,0.086,0.037,0.985,0.935,0.778,0.251,0.844,0.983,0.991,0.002,0.086,0.192,0.002,0.002,0.98,0.002,0.048,0.687,0.002,0.002,0.784,0.932,0.573,0.573,0.415,0.292,0.511,0.83,0.721,0.957,0.814,0.641,0.06,0.837,0.511,0.885,0.838,0.668,0.955,0.861,0.458,0.885,0.162,0.458,0.386,0.961,0.048,0.966,0.474,0.855,0.131,0.141,0.351,0.302,0.131,0.081,0.593,0.593,0.501,0.081,0.821,0.081,0.131,0.674,0.172,0.506,0.33,0.334,0.844,0.303,0.565,0.53,0.178,0.634,0.488,0.644,0.307,0.264,0.348,0.294,0.478,0.507,0.402
0.796,0.796,0.749,0.749,0.309,0.052,0.507,0.533,0.043,0.418,0.533,0.678,0.452,0.309,0.678,0.533,0.452,0.309,0.463,0.452,0.449,0.477,0.449,0.467,0.452,0.507,0.467,0.533,0.484,0.418,0.484,0.477,0.171,0.363,0.455,0.363,0.102,0.455,0.171,0.102,0.05,0.363,0.164,0.892,0.363,0.102,0.447,0.164,0.96,0.164,0.029,0.057,0.133,0.231,0.278,0.231,0.256,0.44,0.44,0.44,0.245,0.278,0.256,0.278,0.133,0.245,0.323,0.991,0.323,0.063,0.063,0.063,0.098,0.297,0.881,0.028,0.241,0.979,0.138,0.241,0.051,0.297,0.081,0.036,0.987,0.081,0.138,0.026,0.05,0.986,0.297,0.884,0.024,0.036,0.184,0.081,0.376,0.184,0.184,0.03,0.257,0.184,0.971,0.257,0.257,0.967,0.022,0.276,0.276,0.336,0.441,0.559,0.401,0.602,0.03,0.985,0.666,0.223,0.406,0.559,0.02,0.414,0.683,0.454,0.048,0.206,0.939,0.726,0.206,0.393,0.488,0.111,0.491,0.485,0.963,0.111,0.675,0.246,0.76,0.111,0.064,0.642,0.94,0.602,0.064,0.994,0.064,0.111,0.945,0.93,0.63,0.917,0.924,0.994,0.854,0.844,0.949,0.933,0.949,0.605,0.95,0.89,0.891,0.841,0.784,0.931,0.923,0.982
0.563,0.563,0.63,0.63,0.38,0.656,0.505,0.456,0.634,0.451,0.456,0.431,0.531,0.38,0.431,0.456,0.531,0.38,0.385,0.531,0.276,0.412,0.276,0.595,0.531,0.505,0.595,0.456,0.432,0.451,0.432,0.412,0.303,0.362,0.277,0.362,0.524,0.277,0.303,0.524,0.811,0.362,0.569,0.954,0.362,0.524,0.633,0.569,0.876,0.569,0.409,0.791,0.56,0.367,0.508,0.367,0.378,0.5,0.5,0.5,0.207,0.508,0.378,0.508,0.56,0.207,0.281,0.664,0.281,0.617,0.617,0.617,0.835,0.444,0.98,0.822,0.332,0.939,0.327,0.332,0.869,0.444,0.437,0.899,0.751,0.437,0.327,0.838,0.873,0.922,0.444,0.985,0.818,0.903,0.482,0.437,0.698,0.482,0.482,0.833,0.42,0.66,0.9,0.42,0.42,0.859,0.774,0.955,0.955,0.827,0.872,0.596,0.462,0.278,0.851,0.933,0.761,0.582,0.466,0.596,0.774,0.484,0.786,0.456,0.87,0.931,0.914,0.14,0.931,0.623,0.52,0.697,0.529,0.831,0.833,0.551,0.179,0.858,0.194,0.551,0.521,0.915,0.554,0.18,0.521,0.911,0.521,0.551,0.575,0.584,0.144,0.509,0.286,0.856,0.062,0.547,0.46,0.545,0.224,0.129,0.237,0.196,0.106,0.067,0.112,0.279,0.274,0.695
0.55,0.55,0.62,0.62,0.619,0.637,0.896,0.689,0.641,0.897,0.689,0.87,0.83,0.619,0.87,0.689,0.83,0.619,0.768,0.83,0.574,0.759,0.574,0.856,0.83,0.896,0.856,0.689,0.736,0.897,0.736,0.759,0.536,0.625,0.76,0.625,0.368,0.76,0.536,0.368,0.366,0.625,0.416,0.319,0.625,0.368,0.707,0.416,0.159,0.416,0.551,0.35,0.511,0.85,0.307,0.85,0.86,0.324,0.324,0.324,0.648,0.307,0.86,0.307,0.511,0.648,0.656,0.143,0.656,0.434,0.434,0.434,0.501,0.583,0.227,0.209,0.246,0.104,0.24,0.246,0.246,0.583,0.698,0.277,0.161,0.698,0.24,0.203,0.142,0.132,0.583,0.225,0.211,0.377,0.453,0.698,0.744,0.453,0.453,0.205,0.433,0.312,0.11,0.433,0.433,0.121,0.233,0.799,0.799,0.658,0.663,0.484,0.13,0.543,0.325,0.141,0.381,0.327,0.154,0.484,0.23,0.151,0.379,0.118,0.253,0.83,0.143,0.013,0.83,0.443,0.132,0.577,0.136,0.747,0.194,0.401,0.009,0.656,0.027,0.401,0.377,0.484,0.815,0.113,0.377,0.19,0.377,0.401,0.8,0.212,0.085,0.188,0.097,0.193,0.102,0.964,0.298,0.181,0.349,0.1,0.347,0.09,0.133,0.111,0.15,0.215,0.218,0.184
0.754,0.754,0.775,0.775,0.435,0.919,0.665,0.654,0.933,0.37,0.654,0.704,0.581,0.435,0.704,0.654,0.581,0.435,0.45,0.581,0.603,0.371,0.603,0.577,0.581,0.665,0.577,0.654,0.623,0.37,0.623,0.371,0.44,0.567,0.625,0.567,0.268,0.625,0.44,0.268,0.772,0.567,0.276,0.414,0.567,0.268,0.4,0.276,0.103,0.276,0.846,0.691,0.296,0.464,0.353,0.464,0.47,0.323,0.323,0.323,0.449,0.353,0.47,0.353,0.296,0.449,0.55,0.1,0.55,0.192,0.192,0.192,0.801,0.603,0.43,0.58,0.148,0.343,0.153,0.148,0.563,0.603,0.334,0.561,0.117,0.334,0.153,0.585,0.577,0.394,0.603,0.448,0.616,0.569,0.143,0.334,0.7,0.143,0.143,0.634,0.129,0.231,0.35,0.129,0.129,0.239,0.65,0.056,0.056,0.064,0.053,0.237,0.696,0.249,0.568,0.426,0.444,0.228,0.706,0.237,0.761,0.705,0.439,0.591,0.511,0.087,0.365,0.37,0.087,0.231,0.746,0.358,0.711,0.061,0.376,0.31,0.456,0.092,0.699,0.31,0.288,0.89,0.123,0.46,0.288,0.394,0.288,0.31,0.144,0.258,0.437,0.299,0.859,0.399,0.912,0.187,0.894,0.23,0.933,0.408,0.936,0.894,0.913,0.904,0.919,0.801,0.856,0.34
0.575,0.575,0.711,0.711,0.705,0.47,0.393,0.483,0.471,0.945,0.483,0.477,0.404,0.705,0.477,0.483,0.404,0.705,0.098,0.404,0.615,0.957,0.615,0.372,0.404,0.393,0.372,0.483,0.454,0.945,0.454,0.957,0.618,0.679,0.66,0.679,0.637,0.66,0.618,0.637,0.681,0.679,0.593,0.775,0.679,0.637,0.115,0.593,0.95,0.593,0.32,0.699,0.487,0.703,0.489,0.703,0.733,0.386,0.386,0.386,0.875,0.489,0.733,0.489,0.487,0.875,0.606,0.803,0.606,0.33,0.33,0.33,0.495,0.543,0.593,0.925,0.187,0.882,0.283,0.187,0.759,0.543,0.618,0.532,0.786,0.618,0.283,0.916,0.742,0.927,0.543,0.609,0.94,0.579,0.185,0.618,0.161,0.185,0.185,0.934,0.212,0.307,0.924,0.212,0.212,0.988,0.89,0.653,0.653,0.529,0.641,0.451,0.8,0.392,0.496,0.946,0.959,0.295,0.784,0.451,0.91,0.774,0.976,0.813,0.662,0.627,0.982,0.84,0.627,0.646,0.752,0.236,0.744,0.632,0.993,0.378,0.827,0.504,0.634,0.378,0.394,0.926,0.106,0.548,0.394,0.913,0.394,0.378,0.095,0.458,0.476,0.436,0.571,0.935,0.685,0.111,0.845,0.457,0.487,0.501,0.348,0.545,0.731,0.751,0.803,0.176,0.132,0.641
0.483,0.483,0.288,0.288,0.81,0.123,0.282,0.243,0.119,0.259,0.243,0.42,0.243,0.81,0.42,0.243,0.243,0.81,0.514,0.243,0.722,0.285,0.722,0.32,0.243,0.282,0.32,0.243,0.351,0.259,0.351,0.285,0.264,0.395,0.662,0.395,0.665,0.662,0.264,0.665,0.099,0.395,0.646,0.036,0.395,0.665,0.542,0.646,0.049,0.646,0.123,0.066,0.624,0.163,0.654,0.163,0.158,0.555,0.555,0.555,0.499,0.654,0.158,0.654,0.624,0.499,0.593,0.016,0.593,0.418,0.418,0.418,0.037,0.854,0.017,0.083,0.654,0.01,0.607,0.654,0.042,0.854,0.664,0.062,0.028,0.664,0.607,0.067,0.031,0.006,0.854,0.02,0.096,0.074,0.367,0.664,0.344,0.367,0.367,0.091,0.403,0.644,0.012,0.403,0.403,0.025,0.047,0.887,0.887,0.905,0.897,0.807,0.012,0.814,0.055,0.007,0.019,0.619,0.013,0.807,0.061,0.012,0.018,0.021,0.035,0.818,0.009,0.457,0.818,0.709,0.02,0.589,0.02,0.887,0.01,0.803,0.36,0.831,0.399,0.803,0.842,0.014,0.434,0.654,0.842,0.008,0.842,0.803,0.44,0.822,0.638,0.812,0.238,0.009,0.289,0.408,0.273,0.82,0.41,0.64,0.429,0.233,0.333,0.258,0.303,0.472,0.43,0.234
0.458,0.458,0.417,0.417,0.021,0.431,0.341,0.339,0.381,0.38,0.339,0.376,0.328,0.021,0.376,0.339,0.328,0.021,0.123,0.328,0.426,0.363,0.426,0.318,0.328,0.341,0.318,0.339,0.364,0.38,0.364,0.363,0.432,0.284,0.31,0.284,0.009,0.31,0.432,0.009,0.165,0.284,0.018,0.126,0.284,0.009,0.175,0.018,0.024,0.018,0.466,0.067,0.019,0.667,0.01,0.667,0.691,0.019,0.019,0.019,0.288,0.01,0.691,0.01,0.019,0.288,0.308,0.026,0.308,0.025,0.025,0.025,0.113,0.018,0.079,0.115,0.015,0.015,0.005,0.015,0.16,0.018,0.018,0.094,0.027,0.018,0.005,0.101,0.129,0.004,0.018,0.078,0.085,0.11,0.022,0.018,0.133,0.022,0.022,0.099,0.005,0.023,0.01,0.005,0.005,0.016,0.082,0.042,0.042,0.056,0.18,0.207,0.019,0.213,0.098,0.004,0.006,0.055,0.024,0.207,0.079,0.023,0.006,0.012,0.119,0.035,0.006,0.667,0.035,0.353,0.017,0.054,0.016,0.191,0.004,0.016,0.493,0.046,0.734,0.016,0.008,0.008,0.697,0.697,0.008,0.006,0.008,0.016,0.699,0.408,0.745,0.486,0.882,0.008,0.763,0.738,0.674,0.614,0.412,0.748,0.451,0.786,0.844,0.729,0.837,0.539,0.538,0.925
0.678,0.678,0.558,0.558,0.821,0.829,0.561,0.718,0.805,0.665,0.718,0.505,0.672,0.821,0.505,0.718,0.672,0.821,0.616,0.672,0.54,0.704,0.54,0.661,0.672,0.561,0.661,0.718,0.678,0.665,0.678,0.704,0.982,0.72,0.551,0.72,0.461,0.551,0.982,0.461,0.42,0.72,0.433,0.347,0.72,0.461,0.554,0.433,0.377,0.433,0.848,0.546,0.472,0.874,0.47,0.874,0.854,0.429,0.429,0.429,0.834,0.47,0.854,0.47,0.472,0.834,0.747,0.379,0.747,0.668,0.668,0.668,0.471,0.9,0.313,0.635,0.646,0.432,0.631,0.646,0.772,0.9,0.412,0.779,0.379,0.412,0.631,0.638,0.799,0.443,0.9,0.301,0.587,0.717,0.827,0.412,0.941,0.827,0.827,0.613,0.952,0.611,0.441,0.952,0.952,0.533,0.694,0.087,0.087,0.038,0.091,0.205,0.231,0.121,0.833,0.422,0.537,0.602,0.2,0.205,0.694,0.219,0.551,0.394,0.819,0.073,0.612,0.8,0.073,0.31,0.274,0.428,0.274,0.09,0.701,0.541,0.696,0.038,0.835,0.541,0.501,0.54,0.058,0.812,0.501,0.487,0.501,0.541,0.052,0.679,0.796,0.765,0.895,0.486,0.797,0.045,0.972,0.727,0.9,0.727,0.896,0.935,0.809,0.799,0.75,0.936,0.918,0.855
0.066,0.066,0.105,0.105,0.25,0.702,0.068,0.168,0.736,0.124,0.168,0.068,0.158,0.25,0.068,0.168,0.158,0.25,0.809,0.158,0.284,0.086,0.284,0.156,0.158,0.068,0.156,0.168,0.14,0.124,0.14,0.086,0.81,0.281,0.165,0.281,0.413,0.165,0.81,0.413,0.64,0.281,0.449,0.123,0.281,0.413,0.797,0.449,0.166,0.449,0.93,0.701,0.197,0.553,0.334,0.553,0.534,0.403,0.403,0.403,0.144,0.334,0.534,0.334,0.197,0.144,0.231,0.287,0.231,0.237,0.237,0.237,0.699,0.38,0.13,0.626,0.119,0.205,0.141,0.119,0.562,0.38,0.165,0.657,0.278,0.165,0.141,0.626,0.661,0.312,0.38,0.124,0.615,0.608,0.132,0.165,0.429,0.132,0.132,0.619,0.164,0.149,0.235,0.164,0.164,0.137,0.659,0.797,0.797,0.799,0.849,0.444,0.35,0.472,0.632,0.274,0.649,0.17,0.417,0.444,0.645,0.378,0.594,0.263,0.762,0.805,0.229,0.039,0.805,0.265,0.296,0.207,0.29,0.942,0.423,0.296,0.027,0.818,0.092,0.296,0.236,0.361,0.712,0.089,0.236,0.459,0.236,0.296,0.74,0.068,0.077,0.043,0.151,0.433,0.201,0.753,0.443,0.041,0.419,0.075,0.471,0.104,0.179,0.145,0.212,0.617,0.522,0.419
0.183,0.183,0.081,0.081,0.663,0.66,0.081,0.784,0.659,0.9,0.784,0.132,0.71,0.663,0.132,0.784,0.71,0.663,0.607,0.71,0.172,0.925,0.172,0.656,0.71,0.081,0.656,0.784,0.695,0.9,0.695,0.925,0.904,0.749,0.133,0.749,0.437,0.133,0.904,0.437,0.265,0.749,0.386,0.263,0.749,0.437,0.576,0.386,0.475,0.386,0.704,0.232,0.722,0.826,0.595,0.826,0.808,0.547,0.547,0.547,0.971,0.595,0.808,0.595,0.722,0.971,0.704,0.571,0.704,0.586,0.586,0.586,0.371,0.476,0.247,0.699,0.521,0.336,0.469,0.521,0.568,0.476,0.715,0.499,0.487,0.715,0.469,0.689,0.583,0.416,0.476,0.241,0.703,0.482,0.446,0.715,0.427,0.446,0.446,0.687,0.479,0.622,0.421,0.479,0.479,0.292,0.71,0.229,0.229,0.241,0.774,0.635,0.338,0.692,0.439,0.392,0.71,0.685,0.319,0.635,0.705,0.317,0.758,0.355,0.446,0.183,0.236,0.831,0.183,0.907,0.358,0.647,0.348,0.782,0.314,0.597,0.842,0.203,0.679,0.597,0.647,0.765,0.02,0.586,0.647,0.547,0.647,0.597,0.02,0.595,0.871,0.631,0.025,0.497,0.019,0.017,0.309,0.631,0.001,0.776,0.001,0.037,0.019,0.018,0.02,0.003,0.002,0.286
0.708,0.708,0.622,0.622,0.016,0.253,0.411,0.47,0.266,0.895,0.47,0.427,0.4,0.016,0.427,0.47,0.4,0.016,0.036,0.4,0.741,0.914,0.741,0.349,0.4,0.411,0.349,0.47,0.427,0.895,0.427,0.914,0.911,0.558,0.471,0.558,0.029,0.471,0.911,0.029,0.856,0.558,0.007,0.914,0.558,0.029,0.002,0.007,0.715,0.007,0.367,0.784,0.334,0.839,0.052,0.839,0.818,0.016,0.016,0.016,0.995,0.052,0.818,0.052,0.334,0.995,0.537,0.712,0.537,0.353,0.353,0.353,0.521,0.108,0.834,0.802,0.52,0.945,0.479,0.52,0.552,0.108,0.535,0.495,0.699,0.535,0.479,0.854,0.426,0.95,0.108,0.857,0.8,0.511,0.328,0.535,0.289,0.328,0.328,0.851,0.309,0.648,0.945,0.309,0.309,0.99,0.869,0.055,0.055,0.053,0.524,0.601,0.626,0.487,0.467,0.973,0.838,0.735,0.678,0.601,0.89,0.674,0.847,0.575,0.391,0.112,0.989,0.524,0.112,0.757,0.628,0.395,0.613,0.793,0.952,0.556,0.515,0.094,0.494,0.556,0.593,0.848,0.116,0.579,0.593,0.971,0.593,0.556,0.11,0.369,0.685,0.306,0.531,0.975,0.689,0.107,0.319,0.35,0.275,0.672,0.294,0.499,0.747,0.516,0.71,0.289,0.301,0.17
0.617,0.617,0.542,0.542,0.47,0.762,0.696,0.538,0.756,0.575,0.538,0.606,0.577,0.47,0.606,0.538,0.577,0.47,0.311,0.577,0.859,0.645,0.859,0.519,0.577,0.696,0.519,0.538,0.527,0.575,0.527,0.645,0.672,0.846,0.858,0.846,0.355,0.858,0.672,0.355,0.481,0.846,0.251,0.634,0.846,0.355,0.217,0.251,0.617,0.251,0.864,0.555,0.694,0.697,0.719,0.697,0.639,0.623,0.623,0.623,0.789,0.719,0.639,0.719,0.694,0.789,0.848,0.672,0.848,0.581,0.581,0.581,0.427,0.876,0.663,0.824,0.783,0.808,0.79,0.783,0.496,0.876,0.726,0.402,0.648,0.726,0.79,0.87,0.552,0.869,0.876,0.681,0.828,0.373,0.618,0.726,0.658,0.618,0.618,0.853,0.632,0.615,0.814,0.632,0.632,0.903,0.991,0.342,0.342,0.377,0.227,0.72,0.847,0.708,0.56,0.824,0.057,0.617,0.86,0.72,0.99,0.837,0.048,0.962,0.612,0.466,0.889,0.05,0.466,0.615,0.969,0.566,0.978,0.28,0.881,0.941,0.046,0.505,0.099,0.941,0.9,0.309,0.071,0.178,0.9,0.877,0.9,0.941,0.066,0.109,0.245,0.129,0.21,0.9,0.261,0.07,0.217,0.13,0.241,0.289,0.266,0.194,0.248,0.235,0.176,0.375,0.403,0.131
0.901,0.901,0.89,0.89,0.495,0.71,0.911,0.822,0.713,0.92,0.822,0.902,0.862,0.495,0.902,0.822,0.862,0.495,0.11,0.862,0.952,0.946,0.952,0.927,0.862,0.911,0.927,0.822,0.911,0.92,0.911,0.946,0.922,0.886,0.935,0.886,0.149,0.935,0.922,0.149,0.273,0.886,0.112,0.171,0.886,0.149,0.075,0.112,0.31,0.112,0.819,0.274,0.238,0.766,0.406,0.766,0.73,0.414,0.414,0.414,0.919,0.406,0.73,0.406,0.238,0.919,0.939,0.253,0.939,0.128,0.128,0.128,0.347,0.491,0.132,0.307,0.231,0.025,0.237,0.231,0.288,0.491,0.322,0.236,0.275,0.322,0.237,0.274,0.312,0.027,0.491,0.151,0.344,0.243,0.063,0.322,0.063,0.063,0.063,0.325,0.062,0.173,0.025,0.062,0.062,0.019,0.256,0.062,0.062,0.081,0.159,0.137,0.069,0.134,0.237,0.026,0.015,0.206,0.055,0.137,0.284,0.055,0.019,0.067,0.301,0.116,0.022,0.492,0.116,0.302,0.07,0.168,0.066,0.148,0.027,0.211,0.473,0.129,0.447,0.211,0.178,0.012,0.844,0.496,0.178,0.026,0.178,0.211,0.887,0.412,0.474,0.469,0.651,0.026,0.726,0.784,0.807,0.465,0.862,0.44,0.854,0.66,0.698,0.738,0.711,0.799,0.796,0.766
0.811,0.811,0.858,0.858,0.899,0.639,0.703,0.454,0.604,0.673,0.454,0.664,0.599,0.899,0.664,0.454,0.599,0.899,0.749,0.599,0.638,0.409,0.638,0.489,0.599,0.703,0.489,0.454,0.388,0.673,0.388,0.409,0.544,0.448,0.422,0.448,0.569,0.422,0.544,0.569,0.029,0.448,0.584,0.191,0.448,0.569,0.812,0.584,0.221,0.584,0.545,0.035,0.606,0.727,0.542,0.727,0.724,0.514,0.514,0.514,0.432,0.542,0.724,0.542,0.606,0.432,0.43,0.219,0.43,0.788,0.788,0.788,0.05,0.793,0.165,0.038,0.676,0.146,0.695,0.676,0.024,0.793,0.823,0.022,0.215,0.823,0.695,0.038,0.026,0.149,0.793,0.17,0.039,0.017,0.893,0.823,0.96,0.893,0.893,0.035,0.866,0.767,0.139,0.866,0.866,0.124,0.054,0.24,0.24,0.151,0.054,0.077,0.023,0.061,0.025,0.138,0.138,0.76,0.026,0.077,0.056,0.027,0.133,0.037,0.058,0.27,0.137,0.604,0.27,0.05,0.038,0.717,0.035,0.056,0.154,0.566,0.556,0.191,0.545,0.566,0.577,0.088,0.097,0.405,0.577,0.127,0.577,0.566,0.099,0.228,0.337,0.194,0.51,0.12,0.332,0.097,0.355,0.185,0.352,0.336,0.335,0.476,0.291,0.226,0.27,0.447,0.415,0.52
0.313,0.313,0.49,0.49,0.036,0.718,0.339,0.265,0.739,0.318,0.265,0.257,0.327,0.036,0.257,0.265,0.327,0.036,0.338,0.327,0.356,0.288,0.356,0.329,0.327,0.339,0.329,0.265,0.272,0.318,0.272,0.288,0.591,0.367,0.446,0.367,0.06,0.446,0.591,0.06,0.141,0.367,0.102,0.505,0.367,0.06,0.421,0.102,0.349,0.102,0.919,0.171,0.574,0.375,0.028,0.375,0.366,0.085,0.085,0.085,0.405,0.028,0.366,0.028,0.574,0.405,0.367,0.419,0.367,0.566,0.566,0.566,0.727,0.05,0.459,0.377,0.152,0.693,0.134,0.152,0.439,0.05,0.729,0.518,0.467,0.729,0.134,0.442,0.538,0.595,0.05,0.496,0.363,0.435,0.342,0.729,0.061,0.342,0.342,0.443,0.276,0.266,0.603,0.276,0.276,0.612,0.498,0.131,0.131,0.194,0.373,0.157,0.588,0.154,0.597,0.649,0.654,0.265,0.682,0.157,0.48,0.676,0.661,0.53,0.7,0.016,0.59,0.058,0.016,0.248,0.657,0.783,0.657,0.212,0.635,0.324,0.061,0.048,0.081,0.324,0.352,0.634,0.729,0.35,0.352,0.677,0.352,0.324,0.713,0.312,0.198,0.315,0.167,0.688,0.106,0.681,0.068,0.328,0.112,0.311,0.133,0.215,0.108,0.1,0.11,0.054,0.051,0.395
0.633,0.633,0.687,0.687,0.214,0.956,0.526,0.514,0.942,0.492,0.514,0.416,0.364,0.214,0.416,0.514,0.364,0.214,0.314,0.364,0.803,0.567,0.803,0.351,0.364,0.526,0.351,0.514,0.483,0.492,0.483,0.567,0.624,0.733,0.598,0.733,0.042,0.598,0.624,0.042,0.878,0.733,0.059,0.55,0.733,0.042,0.275,0.059,0.97,0.059,0.984,0.868,0.101,0.449,0.048,0.449,0.422,0.061,0.061,0.061,0.592,0.048,0.422,0.048,0.101,0.592,0.653,0.996,0.653,0.083,0.083,0.083,0.962,0.192,0.965,0.897,0.085,0.944,0.097,0.085,0.814,0.192,0.049,0.845,0.993,0.049,0.097,0.919,0.858,0.875,0.192,0.966,0.863,0.844,0.176,0.049,0.387,0.176,0.176,0.914,0.221,0.106,0.947,0.221,0.221,0.987,0.923,0.05,0.05,0.076,0.173,0.149,0.665,0.155,0.88,0.896,0.867,0.088,0.632,0.149,0.928,0.623,0.917,0.734,0.837,0.078,0.892,0.65,0.078,0.446,0.658,0.063,0.68,0.179,0.902,0.061,0.568,0.106,0.706,0.061,0.053,0.888,0.698,0.528,0.053,0.867,0.053,0.061,0.753,0.345,0.449,0.35,0.54,0.911,0.283,0.771,0.776,0.271,0.384,0.405,0.379,0.513,0.312,0.253,0.304,0.304,0.254,0.717
0.558,0.558,0.431,0.431,0.806,0.402,0.612,0.566,0.407,0.403,0.566,0.643,0.52,0.806,0.643,0.566,0.52,0.806,0.459,0.52,0.7,0.494,0.7,0.503,0.52,0.612,0.503,0.566,0.56,0.403,0.56,0.494,0.322,0.585,0.62,0.585,0.453,0.62,0.322,0.453,0.275,0.585,0.448,0.41,0.585,0.453,0.593,0.448,0.676,0.448,0.426,0.364,0.748,0.304,0.59,0.304,0.312,0.644,0.644,0.644,0.491,0.59,0.312,0.59,0.748,0.491,0.527,0.546,0.527,0.54,0.54,0.54,0.265,0.701,0.376,0.334,0.512,0.848,0.663,0.512,0.478,0.701,0.547,0.3,0.639,0.547,0.663,0.314,0.352,0.919,0.701,0.343,0.371,0.42,0.541,0.547,0.873,0.541,0.541,0.345,0.582,0.723,0.883,0.582,0.582,0.846,0.298,0.36,0.36,0.408,0.061,0.92,0.54,0.98,0.329,0.939,0.978,0.58,0.572,0.92,0.363,0.567,0.979,0.643,0.413,0.363,0.901,0.101,0.363,0.179,0.621,0.698,0.626,0.052,0.915,0.479,0.126,0.465,0.171,0.479,0.512,0.987,0.421,0.09,0.512,0.923,0.512,0.479,0.412,0.155,0.04,0.143,0.353,0.927,0.23,0.379,0.128,0.139,0.285,0.042,0.263,0.294,0.268,0.264,0.31,0.381,0.566,0.084
0.927,0.927,0.975,0.975,0.346,0.114,0.862,0.777,0.11,0.636,0.777,0.817,0.756,0.346,0.817,0.777,0.756,0.346,0.209,0.756,0.946,0.659,0.946,0.741,0.756,0.862,0.741,0.777,0.729,0.636,0.729,0.659,0.909,0.938,0.967,0.938,0.724,0.967,0.909,0.724,0.186,0.938,0.694,0.984,0.938,0.724,0.257,0.694,0.654,0.694,0.116,0.193,0.976,0.698,0.691,0.698,0.711,0.65,0.65,0.65,0.895,0.691,0.711,0.691,0.976,0.895,0.871,0.781,0.871,0.831,0.831,0.831,0.222,0.434,0.957,0.149,0.834,0.932,0.828,0.834,0.233,0.434,0.565,0.211,0.747,0.565,0.828,0.168,0.236,0.961,0.434,0.899,0.183,0.22,0.739,0.565,0.104,0.739,0.739,0.154,0.762,0.721,0.928,0.762,0.762,0.867,0.255,0.024,0.024,0.022,0.195,0.054,0.136,0.038,0.332,0.924,0.995,0.714,0.151,0.054,0.248,0.142,0.997,0.142,0.383,0.031,0.961,0.541,0.031,0.043,0.119,0.896,0.126,0.158,0.994,0.657,0.471,0.032,0.69,0.657,0.546,0.991,0.423,0.576,0.546,0.98,0.546,0.657,0.447,0.386,0.45,0.366,0.847,0.979,0.63,0.56,0.746,0.325,0.875,0.563,0.885,0.785,0.643,0.522,0.602,0.825,0.801,0.775
0.733,0.733,0.606,0.606,0.703,0.328,0.814,0.897,0.328,0.722,0.897,0.802,0.891,0.703,0.802,0.897,0.891,0.703,0.854,0.891,0.557,0.754,0.557,0.906,0.891,0.814,0.906,0.897,0.899,0.722,0.899,0.754,0.985,0.921,0.881,0.921,0.766,0.881,0.985,0.766,0.294,0.921,0.717,0.945,0.921,0.766,0.816,0.717,0.982,0.717,0.442,0.314,0.549,0.902,0.66,0.902,0.899,0.639,0.639,0.639,0.762,0.66,0.899,0.66,0.549,0.762,0.912,0.978,0.912,0.395,0.395,0.395,0.419,0.686,0.929,0.304,0.368,0.887,0.435,0.368,0.409,0.686,0.56,0.319,0.98,0.56,0.435,0.271,0.367,0.879,0.686,0.945,0.285,0.363,0.292,0.56,0.977,0.292,0.292,0.258,0.32,0.366,0.907,0.32,0.32,0.942,0.266,0.555,0.555,0.537,0.642,0.806,0.228,0.805,0.391,0.867,0.634,0.237,0.278,0.806,0.256,0.28,0.782,0.161,0.518,0.521,0.995,0.785,0.521,0.696,0.162,0.448,0.13,0.598,0.863,0.446,0.865,0.507,0.897,0.446,0.437,0.898,0.617,0.965,0.437,0.848,0.437,0.446,0.603,0.934,0.964,0.967,0.933,0.873,0.819,0.411,0.989,0.961,0.96,0.968,0.97,0.906,0.878,0.819,0.899,0.891,0.874,0.974
0.54,0.54,0.401,0.401,0.125,0.89,0.299,0.3,0.876,0.926,0.3,0.442,0.237,0.125,0.442,0.3,0.237,0.125,0.285,0.237,0.249,0.928,0.249,0.217,0.237,0.299,0.217,0.3,0.332,0.926,0.332,0.928,0.921,0.23,0.273,0.23,0.483,0.273,0.921,0.483,0.429,0.23,0.469,0.341,0.23,0.483,0.226,0.469,0.538,0.469,0.857,0.398,0.016,0.923,0.481,0.923,0.921,0.412,0.412,0.412,0.964,0.481,0.921,0.481,0.016,0.964,0.289,0.411,0.289,0.012,0.012,0.012,0.463,0.139,0.535,0.296,0.424,0.137,0.33,0.424,0.371,0.139,0.054,0.391,0.413,0.054,0.33,0.294,0.346,0.343,0.139,0.451,0.301,0.354,0.035,0.054,0.362,0.035,0.035,0.304,0.103,0.457,0.137,0.103,0.103,0.15,0.265,0.76,0.76,0.814,0.303,0.352,0.062,0.34,0.333,0.345,0.646,0.471,0.062,0.352,0.272,0.06,0.685,0.065,0.355,0.786,0.309,0.842,0.786,0.271,0.074,0.006,0.08,0.431,0.496,0.698,0.895,0.836,0.787,0.698,0.588,0.481,0.586,0.575,0.588,0.489,0.588,0.698,0.555,0.397,0.612,0.4,0.09,0.478,0.163,0.572,0.404,0.359,0.123,0.587,0.166,0.134,0.105,0.17,0.099,0.103,0.108,0.293
0.945,0.945,0.898,0.898,0.504,0.358,0.656,0.548,0.434,0.85,0.548,0.665,0.515,0.504,0.665,0.548,0.515,0.504,0.608,0.515,0.739,0.829,0.739,0.592,0.515,0.656,0.592,0.548,0.616,0.85,0.616,0.829,0.336,0.44,0.519,0.44,0.682,0.519,0.336,0.682,0.637,0.44,0.658,0.708,0.44,0.682,0.693,0.658,0.406,0.658,0.248,0.647,0.593,0.483,0.57,0.483,0.447,0.545,0.545,0.545,0.593,0.57,0.447,0.57,0.593,0.593,0.482,0.512,0.482,0.639,0.639,0.639,0.606,0.601,0.684,0.236,0.735,0.425,0.758,0.735,0.387,0.601,0.411,0.207,0.501,0.411,0.758,0.21,0.263,0.122,0.601,0.698,0.232,0.231,0.728,0.411,0.749,0.728,0.728,0.206,0.746,0.793,0.42,0.746,0.746,0.405,0.174,0.72,0.72,0.723,0.981,0.373,0.68,0.416,0.178,0.122,0.462,0.782,0.809,0.373,0.167,0.825,0.416,0.511,0.257,0.751,0.12,0.305,0.751,0.774,0.687,0.633,0.682,0.984,0.151,0.487,0.335,0.738,0.272,0.487,0.511,0.449,0.413,0.693,0.511,0.148,0.511,0.487,0.391,0.669,0.596,0.637,0.346,0.145,0.372,0.335,0.979,0.636,0.913,0.583,0.953,0.386,0.337,0.41,0.363,0.669,0.663,0.809
0.631,0.631,0.609,0.609,0.649,0.323,0.608,0.464,0.331,0.384,0.464,0.621,0.526,0.649,0.621,0.464,0.526,0.649,0.63,0.526,0.754,0.384,0.754,0.491,0.526,0.608,0.491,0.464,0.443,0.384,0.443,0.384,0.237,0.645,0.692,0.645,0.866,0.692,0.237,0.866,0.617,0.645,0.734,0.973,0.645,0.866,0.515,0.734,0.657,0.734,0.346,0.596,0.978,0.148,0.572,0.148,0.142,0.411,0.411,0.411,0.429,0.572,0.142,0.572,0.978,0.429,0.572,0.748,0.572,0.878,0.878,0.878,0.645,0.633,0.941,0.934,0.999,0.826,0.987,0.999,0.731,0.633,0.95,0.787,0.748,0.95,0.987,0.928,0.751,0.898,0.633,0.95,0.906,0.783,0.993,0.95,0.281,0.993,0.993,0.908,0.894,0.999,0.831,0.894,0.894,0.652,0.942,0.963,0.963,0.902,0.723,0.66,0.926,0.675,0.853,0.913,0.59,1.0,0.939,0.66,0.909,0.935,0.616,0.93,0.722,0.914,0.631,0.867,0.914,0.456,0.944,0.984,0.943,0.885,0.731,0.978,0.937,0.883,0.829,0.978,0.969,0.475,0.675,0.593,0.969,0.953,0.969,0.978,0.653,0.891,0.728,0.9,0.923,0.966,0.901,0.495,0.94,0.906,0.966,0.757,0.965,0.863,0.931,0.977,0.963,0.987,0.995,0.868
0.814,0.814,0.825,0.825,0.458,0.426,0.822,0.788,0.418,0.709,0.788,0.811,0.831,0.458,0.811,0.788,0.831,0.458,0.629,0.831,0.777,0.849,0.777,0.75,0.831,0.822,0.75,0.788,0.737,0.709,0.737,0.849,0.662,0.81,0.846,0.81,0.165,0.846,0.662,0.165,0.086,0.81,0.155,0.001,0.81,0.165,0.684,0.155,0.002,0.155,0.549,0.103,0.26,0.877,0.415,0.877,0.914,0.361,0.361,0.361,0.645,0.415,0.914,0.415,0.26,0.645,0.777,0.001,0.777,0.099,0.099,0.099,0.11,0.211,0.004,0.072,0.406,0.003,0.383,0.406,0.096,0.211,0.472,0.09,0.001,0.472,0.383,0.057,0.089,0.003,0.211,0.004,0.074,0.089,0.247,0.472,0.71,0.247,0.247,0.061,0.213,0.379,0.003,0.213,0.213,0.002,0.061,0.145,0.145,0.155,0.437,0.836,0.007,0.825,0.082,0.003,0.001,0.385,0.007,0.836,0.059,0.007,0.001,0.01,0.077,0.181,0.002,0.519,0.181,0.602,0.008,0.275,0.007,0.506,0.002,0.514,0.514,0.195,0.329,0.514,0.523,0.001,0.58,0.159,0.523,0.003,0.523,0.514,0.525,0.083,0.195,0.068,0.416,0.003,0.537,0.455,0.436,0.067,0.546,0.186,0.549,0.483,0.575,0.567,0.598,0.655,0.679,0.554
0.628,0.628,0.602,0.602,0.711,0.344,0.35,0.187,0.354,0.106,0.187,0.272,0.182,0.711,0.272,0.187,0.182,0.711,0.677,0.182,0.771,0.126,0.771,0.224,0.182,0.35,0.224,0.187,0.244,0.106,0.244,0.126,0.409,0.148,0.239,0.148,0.944,0.239,0.409,0.944,0.217,0.148,0.929,0.967,0.148,0.944,0.64,0.929,0.453,0.929,0.553,0.21,0.596,0.215,0.938,0.215,0.209,0.925,0.925,0.925,0.103,0.938,0.209,0.938,0.596,0.103,0.168,0.406,0.168,0.315,0.315,0.315,0.533,0.758,0.884,0.27,0.592,0.523,0.583,0.592,0.341,0.758,0.626,0.291,0.431,0.626,0.583,0.26,0.363,0.27,0.758,0.941,0.263,0.323,0.393,0.626,0.58,0.393,0.393,0.256,0.393,0.606,0.529,0.393,0.393,0.549,0.225,0.323,0.323,0.308,0.218,0.229,0.201,0.209,0.24,0.275,0.151,0.623,0.213,0.229,0.202,0.179,0.165,0.239,0.322,0.361,0.352,0.965,0.361,0.099,0.24,0.526,0.237,0.151,0.106,0.709,0.887,0.353,0.961,0.709,0.851,0.241,0.859,0.764,0.851,0.123,0.851,0.709,0.863,0.913,0.81,0.955,0.96,0.099,0.897,0.778,0.547,0.952,0.525,0.777,0.547,0.855,0.942,0.877,0.89,0.64,0.652,0.374
0.818,0.818,0.83,0.83,0.434,0.6,0.328,0.23,0.605,0.135,0.23,0.367,0.242,0.434,0.367,0.23,0.242,0.434,0.341,0.242,0.874,0.176,0.874,0.27,0.242,0.328,0.27,0.23,0.241,0.135,0.241,0.176,0.769,0.245,0.299,0.245,0.232,0.299,0.769,0.232,0.885,0.245,0.156,0.969,0.245,0.232,0.398,0.156,0.806,0.156,0.646,0.871,0.372,0.953,0.056,0.953,0.943,0.052,0.052,0.052,0.178,0.056,0.943,0.056,0.372,0.178,0.287,0.767,0.287,0.163,0.163,0.163,0.546,0.404,0.948,0.549,0.444,0.573,0.485,0.444,0.797,0.404,0.338,0.617,0.761,0.338,0.485,0.539,0.784,0.652,0.404,0.954,0.547,0.613,0.167,0.338,0.759,0.167,0.167,0.537,0.23,0.357,0.571,0.23,0.23,0.667,0.528,0.16,0.16,0.173,0.38,0.093,0.213,0.184,0.609,0.656,0.475,0.477,0.22,0.093,0.521,0.226,0.485,0.198,0.734,0.167,0.765,0.088,0.167,0.191,0.21,0.359,0.206,0.34,0.761,0.436,0.067,0.205,0.22,0.436,0.436,0.827,0.341,0.659,0.436,0.659,0.436,0.436,0.341,0.983,0.733,0.98,0.323,0.662,0.269,0.362,0.272,0.985,0.411,0.73,0.418,0.398,0.252,0.247,0.243,0.211,0.187,0.505
0.179,0.179,0.216,0.216,0.935,0.246,0.116,0.489,0.222,0.818,0.489,0.102,0.458,0.935,0.102,0.489,0.458,0.935,0.832,0.458,0.294,0.795,0.294,0.45,0.458,0.116,0.45,0.489,0.455,0.818,0.455,0.795,0.755,0.717,0.292,0.717,0.837,0.292,0.755,0.837,0.84,0.717,0.826,0.114,0.717,0.837,0.721,0.826,0.175,0.826,0.303,0.938,0.686,0.39,0.959,0.39,0.354,0.937,0.937,0.937,0.924,0.959,0.354,0.959,0.686,0.924,0.645,0.136,0.645,0.848,0.848,0.848,0.795,0.687,0.111,0.687,0.969,0.037,0.989,0.969,0.899,0.687,0.804,0.862,0.16,0.804,0.989,0.722,0.927,0.049,0.687,0.119,0.659,0.853,0.975,0.804,0.946,0.975,0.975,0.677,0.983,1.0,0.041,0.983,0.983,0.039,0.714,0.201,0.201,0.162,0.044,0.35,0.367,0.328,0.871,0.05,0.321,0.998,0.448,0.35,0.788,0.465,0.346,0.573,0.94,0.146,0.062,0.043,0.146,0.136,0.483,0.95,0.513,0.039,0.063,0.991,0.052,0.119,0.06,0.991,0.996,0.185,0.416,0.075,0.996,0.111,0.996,0.991,0.417,0.333,0.024,0.377,0.062,0.088,0.079,0.316,0.184,0.367,0.062,0.036,0.027,0.095,0.1,0.059,0.083,0.093,0.059,0.45
0.304,0.304,0.293,0.293,0.833,0.421,0.775,0.683,0.427,0.801,0.683,0.774,0.702,0.833,0.774,0.683,0.702,0.833,0.261,0.702,0.545,0.784,0.545,0.691,0.702,0.775,0.691,0.683,0.683,0.801,0.683,0.784,0.974,0.863,0.926,0.863,0.281,0.926,0.974,0.281,0.719,0.863,0.31,0.601,0.863,0.281,0.256,0.31,0.416,0.31,0.447,0.727,0.842,0.802,0.262,0.802,0.815,0.276,0.276,0.276,0.959,0.262,0.815,0.262,0.842,0.959,0.824,0.318,0.824,0.672,0.672,0.672,0.769,0.848,0.534,0.712,0.547,0.383,0.539,0.547,0.716,0.848,0.517,0.724,0.333,0.517,0.539,0.748,0.78,0.42,0.848,0.546,0.698,0.713,0.564,0.517,0.229,0.564,0.564,0.741,0.544,0.452,0.282,0.544,0.544,0.477,0.74,0.104,0.104,0.137,0.256,0.273,0.701,0.254,0.728,0.285,0.454,0.42,0.724,0.273,0.713,0.721,0.479,0.678,0.832,0.122,0.587,0.074,0.122,0.306,0.723,0.68,0.743,0.26,0.646,0.228,0.068,0.134,0.085,0.228,0.239,0.413,0.229,0.15,0.239,0.512,0.239,0.228,0.235,0.137,0.273,0.121,0.398,0.51,0.253,0.324,0.249,0.131,0.395,0.273,0.373,0.371,0.271,0.317,0.345,0.256,0.305,0.343
0.903,0.903,0.948,0.948,0.841,0.145,0.877,0.806,0.176,0.746,0.806,0.924,0.824,0.841,0.924,0.806,0.824,0.841,0.247,0.824,0.804,0.698,0.804,0.824,0.824,0.877,0.824,0.806,0.823,0.746,0.823,0.698,0.581,0.868,0.948,0.868,0.852,0.948,0.581,0.852,0.508,0.868,0.816,0.738,0.868,0.852,0.266,0.816,0.108,0.816,0.173,0.521,0.632,0.624,0.914,0.624,0.622,0.893,0.893,0.893,0.758,0.914,0.622,0.914,0.632,0.758,0.856,0.078,0.856,0.491,0.491,0.491,0.387,0.939,0.692,0.261,0.685,0.209,0.648,0.685,0.424,0.939,0.781,0.339,0.091,0.781,0.648,0.219,0.414,0.259,0.939,0.682,0.246,0.345,0.329,0.781,0.337,0.329,0.329,0.224,0.336,0.713,0.267,0.336,0.336,0.301,0.134,0.826,0.826,0.808,0.251,0.981,0.314,0.984,0.268,0.291,0.684,0.756,0.299,0.981,0.148,0.298,0.596,0.349,0.36,0.828,0.325,0.361,0.828,0.411,0.395,0.738,0.39,0.226,0.335,0.88,0.377,0.797,0.181,0.88,0.896,0.856,0.86,0.118,0.896,0.419,0.896,0.88,0.891,0.191,0.228,0.197,0.628,0.513,0.614,0.869,0.287,0.199,0.443,0.207,0.434,0.633,0.566,0.64,0.564,0.505,0.399,0.457
0.949,0.949,0.9,0.9,0.501,0.201,0.869,0.732,0.201,0.864,0.732,0.883,0.757,0.501,0.883,0.732,0.757,0.501,0.09,0.757,0.822,0.877,0.822,0.707,0.757,0.869,0.707,0.732,0.69,0.864,0.69,0.877,0.629,0.718,0.767,0.718,0.084,0.767,0.629,0.084,0.486,0.718,0.104,0.441,0.718,0.084,0.078,0.104,0.65,0.104,0.138,0.544,0.289,0.93,0.131,0.93,0.927,0.159,0.159,0.159,0.775,0.131,0.927,0.131,0.289,0.775,0.668,0.587,0.668,0.458,0.458,0.458,0.554,0.374,0.48,0.536,0.253,0.497,0.238,0.253,0.555,0.374,0.489,0.573,0.562,0.489,0.238,0.54,0.531,0.704,0.374,0.49,0.515,0.559,0.376,0.489,0.19,0.376,0.376,0.549,0.373,0.362,0.505,0.373,0.373,0.638,0.409,0.025,0.025,0.028,0.124,0.206,0.803,0.185,0.41,0.699,0.828,0.407,0.799,0.206,0.369,0.787,0.846,0.668,0.347,0.013,0.797,0.793,0.013,0.343,0.689,0.531,0.684,0.122,0.828,0.417,0.686,0.018,0.922,0.417,0.322,0.831,0.547,0.72,0.322,0.78,0.322,0.417,0.578,0.613,0.477,0.413,0.903,0.765,0.645,0.535,0.955,0.542,0.952,0.582,0.937,0.899,0.651,0.657,0.651,0.867,0.875,0.806
0.184,0.184,0.172,0.172,0.189,0.7,0.44,0.36,0.622,0.196,0.36,0.433,0.379,0.189,0.433,0.36,0.379,0.189,0.602,0.379,0.14,0.247,0.14,0.397,0.379,0.44,0.397,0.36,0.413,0.196,0.413,0.247,0.261,0.217,0.356,0.217,0.328,0.356,0.261,0.328,0.864,0.217,0.383,0.537,0.217,0.328,0.527,0.383,0.547,0.383,0.534,0.749,0.212,0.305,0.271,0.305,0.304,0.321,0.321,0.321,0.197,0.271,0.304,0.271,0.212,0.197,0.275,0.481,0.275,0.149,0.149,0.149,0.506,0.289,0.526,0.429,0.176,0.691,0.176,0.176,0.62,0.289,0.162,0.457,0.476,0.162,0.176,0.411,0.593,0.45,0.289,0.525,0.444,0.484,0.153,0.162,0.575,0.153,0.153,0.414,0.138,0.108,0.682,0.138,0.138,0.695,0.241,0.81,0.81,0.731,0.236,0.622,0.234,0.516,0.284,0.428,0.488,0.113,0.184,0.622,0.233,0.141,0.568,0.315,0.395,0.742,0.512,0.659,0.742,0.53,0.269,0.143,0.258,0.291,0.405,0.177,0.565,0.675,0.603,0.177,0.162,0.498,0.443,0.57,0.162,0.572,0.162,0.177,0.424,0.688,0.6,0.666,0.951,0.551,0.884,0.546,0.691,0.741,0.716,0.664,0.72,0.958,0.865,0.856,0.839,0.865,0.862,0.748
0.538,0.538,0.532,0.532,0.586,0.708,0.675,0.477,0.734,0.55,0.477,0.573,0.513,0.586,0.573,0.477,0.513,0.586,0.301,0.513,0.623,0.416,0.623,0.517,0.513,0.675,0.517,0.477,0.48,0.55,0.48,0.416,0.946,0.578,0.605,0.578,0.685,0.605,0.946,0.685,0.845,0.578,0.728,0.786,0.578,0.685,0.246,0.728,0.112,0.728,0.708,0.823,0.469,0.934,0.677,0.934,0.871,0.567,0.567,0.567,0.683,0.677,0.871,0.677,0.469,0.683,0.52,0.101,0.52,0.355,0.355,0.355,0.504,0.487,0.595,0.837,0.55,0.226,0.528,0.55,0.855,0.487,0.703,0.892,0.105,0.703,0.528,0.839,0.857,0.288,0.487,0.737,0.769,0.891,0.353,0.703,0.201,0.353,0.353,0.755,0.347,0.465,0.239,0.347,0.347,0.27,0.799,0.205,0.205,0.174,0.052,0.061,0.309,0.064,0.842,0.334,0.409,0.5,0.326,0.061,0.695,0.328,0.334,0.392,0.865,0.204,0.31,0.366,0.204,0.087,0.428,0.656,0.42,0.077,0.234,0.599,0.28,0.174,0.183,0.599,0.562,0.493,0.505,0.086,0.562,0.198,0.562,0.599,0.544,0.124,0.138,0.114,0.495,0.238,0.471,0.469,0.503,0.111,0.523,0.15,0.553,0.472,0.406,0.322,0.324,0.619,0.594,0.628
0.647,0.647,0.761,0.761,0.155,0.925,0.366,0.931,0.94,0.816,0.931,0.537,0.832,0.155,0.537,0.931,0.832,0.155,0.373,0.832,0.568,0.85,0.568,0.84,0.832,0.366,0.84,0.931,0.92,0.816,0.92,0.85,0.914,0.842,0.435,0.842,0.374,0.435,0.914,0.374,0.887,0.842,0.339,0.216,0.842,0.374,0.358,0.339,0.249,0.339,0.894,0.878,0.755,0.731,0.245,0.731,0.686,0.211,0.211,0.211,0.882,0.245,0.686,0.245,0.755,0.882,0.823,0.31,0.823,0.456,0.456,0.456,0.782,0.168,0.142,0.798,0.66,0.091,0.684,0.66,0.683,0.168,0.719,0.793,0.359,0.719,0.684,0.751,0.657,0.103,0.168,0.157,0.799,0.835,0.506,0.719,0.341,0.506,0.506,0.757,0.539,0.785,0.092,0.539,0.539,0.127,0.879,0.269,0.269,0.307,0.511,0.299,0.474,0.292,0.899,0.134,0.394,0.677,0.479,0.299,0.869,0.453,0.355,0.709,0.655,0.277,0.299,0.351,0.277,0.421,0.62,0.669,0.555,0.437,0.411,0.701,0.311,0.32,0.322,0.701,0.746,0.397,0.484,0.062,0.746,0.17,0.746,0.701,0.45,0.677,0.076,0.779,0.02,0.21,0.023,0.349,0.081,0.813,0.052,0.086,0.053,0.011,0.036,0.035,0.039,0.032,0.038,0.051
0.177,0.177,0.189,0.189,0.167,0.566,0.227,0.134,0.583,0.477,0.134,0.21,0.236,0.167,0.21,0.134,0.236,0.167,0.377,0.236,0.431,0.293,0.431,0.155,0.236,0.227,0.155,0.134,0.113,0.477,0.113,0.293,0.945,0.227,0.245,0.227,0.064,0.245,0.945,0.064,0.687,0.227,0.069,0.195,0.227,0.064,0.274,0.069,0.292,0.069,0.58,0.695,0.211,0.978,0.222,0.978,0.986,0.233,0.233,0.233,0.394,0.222,0.986,0.222,0.211,0.394,0.167,0.398,0.167,0.362,0.362,0.362,0.906,0.035,0.236,0.796,0.301,0.094,0.324,0.301,0.922,0.035,0.117,0.756,0.376,0.117,0.324,0.782,0.888,0.135,0.035,0.237,0.773,0.748,0.494,0.117,0.518,0.494,0.494,0.768,0.516,0.024,0.09,0.516,0.516,0.101,0.769,0.032,0.032,0.03,0.202,0.23,0.516,0.2,0.65,0.137,0.285,0.025,0.513,0.23,0.751,0.503,0.31,0.428,0.674,0.032,0.144,0.03,0.032,0.238,0.429,0.037,0.423,0.163,0.153,0.164,0.03,0.034,0.036,0.164,0.163,0.404,0.533,0.097,0.163,0.202,0.163,0.164,0.523,0.142,0.07,0.126,0.063,0.182,0.09,0.53,0.167,0.128,0.072,0.061,0.065,0.061,0.08,0.101,0.077,0.061,0.083,0.36
0.625,0.625,0.657,0.657,0.403,0.389,0.764,0.669,0.372,0.49,0.669,0.763,0.678,0.403,0.763,0.669,0.678,0.403,0.313,0.678,0.339,0.447,0.339,0.614,0.678,0.764,0.614,0.669,0.632,0.49,0.632,0.447,0.248,0.332,0.407,0.332,0.106,0.407,0.248,0.106,0.107,0.332,0.202,0.737,0.332,0.106,0.337,0.202,0.931,0.202,0.217,0.116,0.364,0.512,0.117,0.512,0.544,0.232,0.232,0.232,0.227,0.117,0.544,0.117,0.364,0.227,0.285,0.868,0.285,0.572,0.572,0.572,0.298,0.357,0.889,0.252,0.194,0.923,0.16,0.194,0.169,0.357,0.392,0.354,0.911,0.392,0.16,0.308,0.176,0.8,0.357,0.935,0.343,0.313,0.387,0.392,0.42,0.387,0.387,0.412,0.245,0.215,0.95,0.245,0.245,0.97,0.391,0.386,0.386,0.405,0.132,0.462,0.904,0.358,0.489,0.899,0.902,0.203,0.845,0.462,0.491,0.822,0.914,0.842,0.478,0.309,0.81,0.981,0.309,0.12,0.8,0.372,0.797,0.108,0.663,0.247,0.975,0.3,0.976,0.247,0.23,0.905,0.67,0.843,0.23,0.681,0.23,0.247,0.641,0.656,0.869,0.607,0.153,0.675,0.093,0.549,0.13,0.585,0.124,0.845,0.106,0.154,0.11,0.094,0.115,0.172,0.167,0.273
0.135,0.135,0.112,0.112,0.033,0.499,0.079,0.091,0.531,0.078,0.091,0.079,0.087,0.033,0.079,0.091,0.087,0.033,0.901,0.087,0.03,0.075,0.03,0.082,0.087,0.079,0.082,0.091,0.089,0.078,0.089,0.075,0.042,0.027,0.026,0.027,0.033,0.026,0.042,0.033,0.705,0.027,0.027,0.791,0.027,0.033,0.887,0.027,0.816,0.027,0.552,0.798,0.041,0.11,0.04,0.11,0.117,0.038,0.038,0.038,0.026,0.04,0.117,0.04,0.041,0.026,0.026,0.656,0.026,0.186,0.186,0.186,0.452,0.023,0.763,0.392,0.134,0.91,0.151,0.134,0.511,0.023,0.025,0.377,0.738,0.025,0.151,0.363,0.485,0.409,0.023,0.787,0.411,0.397,0.237,0.025,0.774,0.237,0.237,0.351,0.229,0.027,0.923,0.229,0.229,0.862,0.273,0.066,0.066,0.074,0.181,0.132,0.614,0.132,0.283,0.423,0.35,0.029,0.486,0.132,0.281,0.458,0.372,0.666,0.256,0.077,0.364,0.652,0.077,0.23,0.624,0.018,0.61,0.246,0.424,0.038,0.617,0.088,0.588,0.038,0.036,0.472,0.412,0.382,0.036,0.486,0.036,0.038,0.432,0.179,0.438,0.198,0.771,0.507,0.814,0.25,0.96,0.201,0.97,0.417,0.975,0.753,0.771,0.805,0.751,0.934,0.922,0.853
0.338,0.338,0.348,0.348,0.877,0.117,0.621,0.628,0.069,0.985,0.628,0.722,0.498,0.877,0.722,0.628,0.498,0.877,0.917,0.498,0.397,0.99,0.397,0.554,0.498,0.621,0.554,0.628,0.688,0.985,0.688,0.99,0.735,0.618,0.798,0.618,0.895,0.798,0.735,0.895,0.48,0.618,0.905,0.501,0.618,0.895,0.878,0.905,0.756,0.905,0.084,0.467,0.848,0.952,0.981,0.952,0.95,0.982,0.982,0.982,0.918,0.981,0.95,0.981,0.848,0.918,0.618,0.613,0.618,0.796,0.796,0.796,0.311,0.826,0.437,0.631,0.935,0.65,0.925,0.935,0.503,0.826,0.865,0.474,0.625,0.865,0.925,0.613,0.482,0.743,0.826,0.47,0.736,0.509,0.879,0.865,0.888,0.879,0.879,0.708,0.9,0.884,0.74,0.9,0.9,0.837,0.594,0.951,0.951,0.936,0.482,0.969,0.713,0.96,0.453,0.827,0.615,0.9,0.738,0.969,0.687,0.744,0.387,0.851,0.373,0.979,0.852,0.708,0.979,0.522,0.855,0.847,0.854,0.536,0.404,0.965,0.614,0.967,0.665,0.965,0.955,0.462,0.474,0.997,0.955,0.332,0.955,0.965,0.472,0.99,0.997,0.961,0.823,0.323,0.812,0.503,0.636,0.968,0.792,0.996,0.8,0.827,0.817,0.772,0.704,0.649,0.621,0.835
0.928,0.928,0.908,0.908,0.034,0.504,0.858,0.875,0.484,0.571,0.875,0.877,0.859,0.034,0.877,0.875,0.859,0.034,0.02,0.859,0.921,0.651,0.921,0.847,0.859,0.858,0.847,0.875,0.869,0.571,0.869,0.651,0.861,0.878,0.899,0.878,0.078,0.899,0.861,0.078,0.76,0.878,0.079,0.497,0.878,0.078,0.018,0.079,0.254,0.079,0.635,0.758,0.065,0.771,0.067,0.771,0.769,0.044,0.044,0.044,0.709,0.067,0.769,0.067,0.065,0.709,0.887,0.315,0.887,0.118,0.118,0.118,0.78,0.024,0.855,0.535,0.075,0.468,0.076,0.075,0.515,0.024,0.12,0.604,0.346,0.12,0.076,0.501,0.497,0.217,0.024,0.849,0.563,0.636,0.112,0.12,0.001,0.112,0.112,0.532,0.108,0.091,0.463,0.108,0.108,0.751,0.442,0.197,0.197,0.228,0.494,0.253,0.402,0.259,0.493,0.186,0.243,0.089,0.377,0.253,0.468,0.354,0.241,0.59,0.549,0.208,0.351,0.738,0.208,0.242,0.585,0.091,0.508,0.5,0.429,0.171,0.733,0.248,0.669,0.171,0.192,0.474,0.922,0.386,0.192,0.294,0.192,0.171,0.909,0.162,0.552,0.179,0.873,0.281,0.875,0.874,0.66,0.18,0.582,0.536,0.569,0.924,0.883,0.891,0.861,0.662,0.672,0.825
0.261,0.261,0.254,0.254,0.827,0.984,0.19,0.247,0.989,0.216,0.247,0.214,0.209,0.827,0.214,0.247,0.209,0.827,0.609,0.209,0.314,0.251,0.314,0.193,0.209,0.19,0.193,0.247,0.217,0.216,0.217,0.251,0.152,0.292,0.262,0.292,0.816,0.262,0.152,0.816,0.927,0.292,0.894,0.889,0.292,0.816,0.713,0.894,0.351,0.894,0.968,0.913,0.68,0.147,0.679,0.147,0.153,0.777,0.777,0.777,0.243,0.679,0.153,0.679,0.68,0.243,0.282,0.635,0.282,0.86,0.86,0.86,0.673,0.931,0.637,0.767,0.71,0.61,0.72,0.71,0.644,0.931,0.954,0.621,0.725,0.954,0.72,0.764,0.547,0.578,0.931,0.692,0.754,0.663,0.883,0.954,0.886,0.883,0.883,0.766,0.886,0.966,0.73,0.886,0.886,0.694,0.713,0.388,0.388,0.334,0.455,0.09,0.452,0.063,0.622,0.618,0.286,0.959,0.49,0.09,0.723,0.49,0.296,0.577,0.693,0.292,0.564,0.802,0.292,0.069,0.732,0.93,0.75,0.252,0.458,0.635,0.781,0.192,0.957,0.635,0.696,0.197,0.47,0.891,0.696,0.582,0.696,0.635,0.48,0.678,0.758,0.497,0.981,0.674,0.934,0.284,0.853,0.554,0.699,0.704,0.715,0.927,0.944,0.926,0.945,0.638,0.757,0.822
0.491,0.491,0.538,0.538,0.561,0.774,0.455,0.34,0.766,0.395,0.34,0.392,0.365,0.561,0.392,0.34,0.365,0.561,0.3,0.365,0.813,0.326,0.813,0.305,0.365,0.455,0.305,0.34,0.282,0.395,0.282,0.326,0.334,0.481,0.612,0.481,0.702,0.612,0.334,0.702,0.841,0.481,0.506,0.576,0.481,0.702,0.237,0.506,0.364,0.506,0.916,0.897,0.577,0.141,0.675,0.141,0.135,0.482,0.482,0.482,0.318,0.675,0.135,0.675,0.577,0.318,0.475,0.579,0.475,0.589,0.589,0.589,0.693,0.707,0.482,0.667,0.268,0.352,0.53,0.268,0.588,0.707,0.63,0.679,0.489,0.63,0.53,0.627,0.561,0.325,0.707,0.426,0.7,0.721,0.692,0.63,0.126,0.692,0.692,0.663,0.777,0.668,0.331,0.777,0.777,0.288,0.646,0.683,0.683,0.692,0.616,0.81,0.241,0.809,0.674,0.281,0.126,0.48,0.294,0.81,0.638,0.27,0.139,0.297,0.731,0.674,0.241,0.768,0.674,0.331,0.31,0.642,0.297,0.792,0.035,0.459,0.837,0.711,0.784,0.459,0.739,0.084,0.946,0.666,0.739,0.045,0.739,0.459,0.95,0.421,0.642,0.462,0.74,0.045,0.662,0.716,0.676,0.459,0.67,0.645,0.675,0.755,0.712,0.708,0.745,0.474,0.563,0.456
0.097,0.097,0.087,0.087,0.388,0.78,0.094,0.076,0.79,0.034,0.076,0.113,0.047,0.388,0.113,0.076,0.047,0.388,0.548,0.047,0.065,0.042,0.065,0.052,0.047,0.094,0.052,0.076,0.075,0.034,0.075,0.042,0.034,0.049,0.067,0.049,0.053,0.067,0.034,0.053,0.178,0.049,0.073,0.968,0.049,0.053,0.506,0.073,0.999,0.073,0.827,0.132,0.156,0.036,0.142,0.036,0.042,0.146,0.146,0.146,0.038,0.142,0.042,0.142,0.156,0.038,0.048,0.99,0.048,0.113,0.113,0.113,0.194,0.214,0.895,0.25,0.125,0.998,0.211,0.125,0.204,0.214,0.123,0.168,0.997,0.123,0.211,0.244,0.25,0.931,0.214,0.854,0.254,0.165,0.096,0.123,0.492,0.096,0.096,0.249,0.132,0.265,1.0,0.132,0.132,0.997,0.227,0.137,0.137,0.179,0.847,0.514,0.189,0.573,0.148,0.97,0.851,0.161,0.202,0.514,0.231,0.193,0.859,0.206,0.115,0.137,0.984,0.375,0.137,0.862,0.207,0.198,0.209,0.709,0.981,0.058,0.279,0.185,0.629,0.058,0.082,0.977,0.363,0.198,0.082,0.893,0.082,0.058,0.365,0.541,0.208,0.58,0.68,0.937,0.649,0.4,0.727,0.437,0.748,0.216,0.746,0.694,0.657,0.641,0.655,0.819,0.811,0.836
0.609,0.609,0.59,0.59,0.907,0.604,0.58,0.506,0.487,0.499,0.506,0.585,0.505,0.907,0.585,0.506,0.505,0.907,0.541,0.505,0.73,0.555,0.73,0.538,0.505,0.58,0.538,0.506,0.546,0.499,0.546,0.555,0.805,0.661,0.669,0.661,0.927,0.669,0.805,0.927,0.046,0.661,0.946,0.56,0.661,0.927,0.612,0.946,0.059,0.946,0.771,0.09,0.95,0.283,0.922,0.283,0.258,0.916,0.916,0.916,0.649,0.922,0.258,0.922,0.95,0.649,0.651,0.059,0.651,0.612,0.612,0.612,0.135,0.94,0.629,0.168,0.725,0.123,0.721,0.725,0.195,0.94,0.896,0.268,0.059,0.896,0.721,0.159,0.282,0.144,0.94,0.629,0.174,0.195,0.511,0.896,0.525,0.511,0.511,0.168,0.569,0.798,0.117,0.569,0.569,0.134,0.244,0.91,0.91,0.859,0.434,0.964,0.813,0.953,0.419,0.144,0.189,0.815,0.695,0.964,0.254,0.689,0.246,0.805,0.537,0.892,0.151,0.553,0.892,0.563,0.776,0.973,0.821,0.442,0.171,0.916,0.445,0.843,0.68,0.916,0.92,0.154,0.562,0.755,0.92,0.162,0.92,0.916,0.537,0.995,0.633,0.974,0.654,0.152,0.69,0.419,0.93,0.991,0.932,0.686,0.944,0.587,0.479,0.523,0.407,0.779,0.799,0.581
0.861,0.861,0.803,0.803,0.817,0.399,0.741,0.929,0.413,0.99,0.929,0.787,0.929,0.817,0.787,0.929,0.929,0.817,0.43,0.929,0.753,0.956,0.753,0.932,0.929,0.741,0.932,0.929,0.949,0.99,0.949,0.956,0.697,0.75,0.701,0.75,0.552,0.701,0.697,0.552,0.497,0.75,0.502,0.799,0.75,0.552,0.522,0.502,0.803,0.502,0.511,0.62,0.892,0.966,0.528,0.966,0.965,0.546,0.546,0.546,0.925,0.528,0.965,0.528,0.892,0.925,0.808,0.906,0.808,0.849,0.849,0.849,0.576,0.832,0.823,0.583,0.893,0.801,0.865,0.893,0.486,0.832,0.428,0.701,0.824,0.428,0.865,0.602,0.52,0.848,0.832,0.784,0.559,0.642,0.839,0.428,0.785,0.839,0.839,0.606,0.801,0.822,0.779,0.801,0.801,0.697,0.728,0.777,0.777,0.457,0.639,0.338,0.867,0.238,0.807,0.882,0.857,0.827,0.869,0.338,0.701,0.848,0.862,0.887,0.692,0.652,0.812,0.25,0.652,0.4,0.914,0.757,0.897,0.578,0.834,0.522,0.466,0.307,0.162,0.522,0.559,0.947,0.595,0.401,0.559,0.895,0.559,0.522,0.608,0.33,0.473,0.361,0.343,0.875,0.416,0.718,0.556,0.361,0.444,0.467,0.482,0.369,0.45,0.544,0.605,0.523,0.451,0.223
0.592,0.592,0.572,0.572,0.787,0.659,0.606,0.625,0.644,0.757,0.625,0.682,0.613,0.787,0.682,0.625,0.613,0.787,0.435,0.613,0.292,0.822,0.292,0.573,0.613,0.606,0.573,0.625,0.631,0.757,0.631,0.822,0.321,0.589,0.616,0.589,0.95,0.616,0.321,0.95,0.92,0.589,0.936,0.853,0.589,0.95,0.401,0.936,0.882,0.936,0.505,0.83,0.873,0.403,0.934,0.403,0.41,0.959,0.959,0.959,0.623,0.934,0.41,0.934,0.873,0.623,0.469,0.883,0.469,0.829,0.829,0.829,0.579,0.76,0.714,0.958,0.856,0.937,0.945,0.856,0.51,0.76,0.728,0.519,0.833,0.728,0.945,0.963,0.507,0.944,0.76,0.658,0.977,0.522,0.803,0.728,0.326,0.803,0.803,0.985,0.964,0.802,0.933,0.964,0.964,0.852,0.98,0.965,0.965,0.956,0.681,0.944,0.927,0.942,0.557,0.906,0.964,0.699,0.913,0.944,0.988,0.906,0.968,0.947,0.502,0.957,0.83,0.78,0.957,0.833,0.949,0.724,0.951,0.658,0.941,0.838,0.764,0.945,0.889,0.838,0.907,0.964,0.091,0.736,0.907,0.959,0.907,0.838,0.096,0.795,0.828,0.813,0.874,0.969,0.823,0.077,0.288,0.814,0.277,0.82,0.232,0.915,0.755,0.817,0.748,0.331,0.371,0.019
0.253,0.253,0.352,0.352,0.921,0.139,0.205,0.403,0.158,0.583,0.403,0.171,0.385,0.921,0.171,0.403,0.385,0.921,0.241,0.385,0.333,0.56,0.333,0.421,0.385,0.205,0.421,0.403,0.428,0.583,0.428,0.56,0.695,0.82,0.321,0.82,0.738,0.321,0.695,0.738,0.398,0.82,0.648,1.0,0.82,0.738,0.223,0.648,0.928,0.648,0.27,0.522,0.824,0.346,0.842,0.346,0.336,0.733,0.733,0.733,0.934,0.842,0.336,0.842,0.824,0.934,0.886,0.619,0.886,0.711,0.711,0.711,0.88,0.956,0.871,0.826,0.653,0.877,0.797,0.653,0.248,0.956,0.783,0.619,0.576,0.783,0.797,0.846,0.267,0.904,0.956,0.838,0.813,0.602,0.664,0.783,0.591,0.664,0.664,0.83,0.616,0.805,0.858,0.616,0.616,0.9,0.875,0.862,0.862,0.602,0.811,0.986,0.99,0.917,0.747,0.878,0.232,0.653,0.98,0.986,0.898,0.975,0.269,0.981,0.37,0.918,0.912,0.874,0.918,0.953,0.984,0.848,0.985,0.858,0.97,0.697,0.868,0.809,0.964,0.697,0.818,0.245,0.465,0.925,0.818,0.952,0.818,0.697,0.453,0.721,0.882,0.834,0.002,0.958,0.002,0.409,0.045,0.831,0.007,0.85,0.004,0.004,0.001,0.004,0.004,0.004,0.004,0.036
0.601,0.601,0.677,0.677,0.892,0.769,0.739,0.756,0.784,0.489,0.756,0.744,0.765,0.892,0.744,0.756,0.765,0.892,0.655,0.765,0.652,0.51,0.652,0.723,0.765,0.739,0.723,0.756,0.732,0.489,0.732,0.51,0.66,0.877,0.814,0.877,0.823,0.814,0.66,0.823,0.407,0.877,0.889,0.134,0.877,0.823,0.586,0.889,0.223,0.889,0.738,0.347,0.735,0.526,0.861,0.526,0.516,0.834,0.834,0.834,0.793,0.861,0.516,0.861,0.735,0.793,0.833,0.354,0.833,0.824,0.824,0.824,0.243,0.813,0.177,0.741,0.789,0.587,0.804,0.789,0.438,0.813,0.845,0.789,0.511,0.845,0.804,0.695,0.513,0.479,0.813,0.153,0.756,0.838,0.956,0.845,0.67,0.956,0.956,0.702,0.878,0.788,0.611,0.878,0.878,0.746,0.552,0.387,0.387,0.439,0.67,0.751,0.525,0.744,0.671,0.497,0.949,0.853,0.526,0.751,0.565,0.521,0.954,0.599,0.386,0.465,0.579,0.256,0.465,0.923,0.685,0.895,0.693,0.631,0.61,0.744,0.605,0.488,0.03,0.744,0.768,0.927,0.551,0.074,0.768,0.528,0.768,0.744,0.553,0.05,0.067,0.056,0.03,0.568,0.068,0.548,0.043,0.046,0.113,0.071,0.108,0.031,0.074,0.158,0.141,0.095,0.138,0.06
0.285,0.285,0.238,0.238,0.896,0.875,0.493,0.448,0.88,0.22,0.448,0.511,0.409,0.896,0.511,0.448,0.409,0.896,0.708,0.409,0.316,0.253,0.316,0.336,0.409,0.493,0.336,0.448,0.358,0.22,0.358,0.253,0.186,0.467,0.516,0.467,0.719,0.516,0.186,0.719,0.393,0.467,0.644,0.532,0.467,0.719,0.598,0.644,0.348,0.644,0.899,0.493,0.818,0.218,0.872,0.218,0.215,0.821,0.821,0.821,0.255,0.872,0.215,0.872,0.818,0.255,0.445,0.573,0.445,0.906,0.906,0.906,0.336,0.92,0.822,0.547,0.857,0.156,0.872,0.857,0.344,0.92,0.885,0.333,0.579,0.885,0.872,0.543,0.436,0.338,0.92,0.807,0.591,0.352,0.965,0.885,0.862,0.965,0.965,0.589,0.961,0.902,0.167,0.961,0.961,0.22,0.629,0.808,0.808,0.768,0.495,0.856,0.556,0.791,0.359,0.342,0.558,0.884,0.507,0.856,0.652,0.532,0.566,0.696,0.321,0.858,0.419,0.861,0.858,0.835,0.532,0.843,0.547,0.391,0.576,0.914,0.744,0.775,0.833,0.914,0.947,0.77,0.237,0.913,0.947,0.393,0.947,0.914,0.267,0.94,0.879,0.958,0.412,0.403,0.393,0.27,0.24,0.958,0.245,0.95,0.247,0.365,0.426,0.472,0.412,0.218,0.237,0.334
0.801,0.801,0.772,0.772,0.912,0.512,0.604,0.93,0.5,0.972,0.93,0.559,0.959,0.912,0.559,0.93,0.959,0.912,0.333,0.959,0.572,0.913,0.572,0.955,0.959,0.604,0.955,0.93,0.948,0.972,0.948,0.913,0.498,0.83,0.599,0.83,0.983,0.599,0.498,0.983,0.456,0.83,0.981,0.488,0.83,0.983,0.25,0.981,0.535,0.981,0.415,0.428,0.763,0.814,0.957,0.814,0.84,0.94,0.94,0.94,0.797,0.957,0.84,0.957,0.763,0.797,0.815,0.381,0.815,0.75,0.75,0.75,0.641,0.915,0.456,0.833,0.852,0.395,0.849,0.852,0.61,0.915,0.861,0.815,0.367,0.861,0.849,0.761,0.602,0.385,0.915,0.591,0.826,0.812,0.798,0.861,0.617,0.798,0.798,0.777,0.811,0.871,0.415,0.811,0.811,0.495,0.693,0.158,0.158,0.206,0.071,0.051,0.276,0.066,0.662,0.39,0.422,0.881,0.362,0.051,0.704,0.366,0.402,0.242,0.415,0.127,0.47,0.515,0.127,0.088,0.318,0.793,0.343,0.089,0.465,0.9,0.361,0.178,0.462,0.9,0.936,0.463,0.335,0.274,0.936,0.356,0.936,0.9,0.358,0.468,0.255,0.521,0.606,0.366,0.642,0.431,0.411,0.527,0.203,0.262,0.212,0.651,0.571,0.488,0.503,0.145,0.144,0.211
0.713,0.713,0.722,0.722,0.391,0.069,0.684,0.692,0.082,0.689,0.692,0.779,0.509,0.391,0.779,0.692,0.509,0.391,0.146,0.509,0.495,0.771,0.495,0.516,0.509,0.684,0.516,0.692,0.638,0.689,0.638,0.771,0.232,0.439,0.509,0.439,0.32,0.509,0.232,0.32,0.051,0.439,0.28,0.072,0.439,0.32,0.133,0.28,0.042,0.28,0.091,0.056,0.794,0.54,0.627,0.54,0.576,0.598,0.598,0.598,0.421,0.627,0.576,0.627,0.794,0.421,0.36,0.047,0.36,0.905,0.905,0.905,0.055,0.463,0.053,0.014,0.696,0.08,0.674,0.696,0.015,0.463,0.933,0.012,0.045,0.933,0.674,0.014,0.009,0.114,0.463,0.051,0.012,0.019,0.789,0.933,0.272,0.789,0.789,0.014,0.758,0.514,0.076,0.758,0.758,0.102,0.014,0.442,0.442,0.482,0.832,0.411,0.001,0.511,0.014,0.118,0.121,0.556,0.001,0.411,0.014,0.001,0.119,0.001,0.02,0.516,0.093,0.235,0.516,0.799,0.001,0.69,0.001,0.839,0.099,0.866,0.286,0.542,0.247,0.866,0.844,0.124,0.134,0.426,0.844,0.128,0.844,0.866,0.123,0.164,0.394,0.219,0.196,0.136,0.301,0.122,0.705,0.244,0.743,0.442,0.79,0.184,0.318,0.342,0.357,0.648,0.642,0.481
0.041,0.041,0.051,0.051,0.975,0.14,0.062,0.658,0.118,0.787,0.658,0.042,0.845,0.975,0.042,0.658,0.845,0.975,0.251,0.845,0.071,0.557,0.071,0.815,0.845,0.062,0.815,0.658,0.634,0.787,0.634,0.557,0.298,0.463,0.058,0.463,0.145,0.058,0.298,0.145,0.123,0.463,0.136,0.21,0.463,0.145,0.204,0.136,0.149,0.136,0.114,0.114,0.895,0.377,0.647,0.377,0.388,0.652,0.652,0.652,0.41,0.647,0.388,0.647,0.895,0.41,0.44,0.196,0.44,0.907,0.907,0.907,0.089,0.57,0.347,0.191,0.903,0.347,0.891,0.903,0.202,0.57,0.874,0.2,0.183,0.874,0.891,0.194,0.208,0.266,0.57,0.31,0.188,0.2,0.908,0.874,0.772,0.908,0.908,0.16,0.888,0.789,0.376,0.888,0.888,0.129,0.112,0.49,0.49,0.448,0.86,0.927,0.177,0.898,0.114,0.228,0.239,0.872,0.19,0.927,0.134,0.187,0.211,0.175,0.084,0.628,0.089,0.244,0.628,0.942,0.193,0.854,0.191,0.898,0.101,0.783,0.262,0.564,0.328,0.783,0.756,0.251,0.993,0.49,0.756,0.286,0.756,0.783,0.99,0.445,0.303,0.398,0.021,0.248,0.012,0.993,0.243,0.376,0.026,0.285,0.032,0.025,0.01,0.02,0.019,0.101,0.145,0.256
0.215,0.215,0.208,0.208,0.172,0.569,0.046,0.029,0.444,0.157,0.029,0.043,0.029,0.172,0.043,0.029,0.029,0.172,0.661,0.029,0.257,0.162,0.257,0.023,0.029,0.046,0.023,0.029,0.033,0.157,0.033,0.162,0.181,0.056,0.109,0.056,0.27,0.109,0.181,0.27,0.664,0.056,0.255,0.045,0.056,0.27,0.604,0.255,0.07,0.255,0.634,0.75,0.122,0.089,0.308,0.089,0.09,0.247,0.247,0.247,0.257,0.308,0.09,0.308,0.122,0.257,0.059,0.184,0.059,0.09,0.09,0.09,0.896,0.096,0.125,0.967,0.129,0.412,0.149,0.129,0.85,0.096,0.088,0.972,0.124,0.088,0.149,0.94,0.846,0.51,0.096,0.069,0.966,0.97,0.115,0.088,0.767,0.115,0.115,0.938,0.154,0.111,0.304,0.154,0.154,0.14,0.956,0.435,0.435,0.393,0.569,0.561,0.888,0.523,0.978,0.493,0.25,0.109,0.866,0.561,0.96,0.881,0.249,0.94,0.856,0.438,0.159,0.634,0.438,0.973,0.929,0.137,0.955,0.526,0.206,0.161,0.578,0.408,0.793,0.161,0.186,0.107,0.752,0.869,0.186,0.654,0.186,0.161,0.745,0.962,0.846,0.963,0.815,0.589,0.638,0.729,0.751,0.982,0.599,0.862,0.551,0.79,0.66,0.613,0.644,0.51,0.589,0.609
0.129,0.129,0.071,0.071,0.331,0.677,0.044,0.083,0.656,0.033,0.083,0.064,0.051,0.331,0.064,0.083,0.051,0.331,0.204,0.051,0.088,0.058,0.088,0.05,0.051,0.044,0.05,0.083,0.073,0.033,0.073,0.058,0.048,0.04,0.044,0.04,0.791,0.044,0.048,0.791,0.725,0.04,0.792,0.376,0.04,0.791,0.187,0.792,0.384,0.792,0.648,0.662,0.909,0.111,0.752,0.111,0.115,0.805,0.805,0.805,0.021,0.752,0.115,0.752,0.909,0.021,0.029,0.343,0.029,0.748,0.748,0.748,0.364,0.702,0.416,0.719,0.759,0.182,0.739,0.759,0.492,0.702,0.948,0.658,0.393,0.948,0.739,0.7,0.543,0.228,0.702,0.507,0.711,0.698,0.684,0.948,0.25,0.684,0.684,0.683,0.709,0.924,0.247,0.709,0.709,0.361,0.66,0.696,0.696,0.73,0.289,0.327,0.204,0.348,0.621,0.296,0.764,0.919,0.176,0.327,0.588,0.19,0.719,0.233,0.338,0.7,0.36,0.792,0.7,0.267,0.306,0.804,0.328,0.295,0.409,0.928,0.76,0.726,0.782,0.928,0.926,0.599,0.783,0.706,0.926,0.47,0.926,0.928,0.67,0.371,0.716,0.417,0.845,0.517,0.825,0.554,0.592,0.452,0.633,0.729,0.635,0.609,0.941,0.8,0.918,0.237,0.24,0.354
0.297,0.297,0.315,0.315,0.828,0.387,0.33,0.38,0.411,0.356,0.38,0.302,0.375,0.828,0.302,0.38,0.375,0.828,0.449,0.375,0.728,0.298,0.728,0.468,0.375,0.33,0.468,0.38,0.436,0.356,0.436,0.298,0.293,0.607,0.769,0.607,0.656,0.769,0.293,0.656,0.464,0.607,0.724,0.752,0.607,0.656,0.427,0.724,0.916,0.724,0.709,0.498,0.918,0.087,0.887,0.087,0.082,0.873,0.873,0.873,0.494,0.887,0.082,0.887,0.918,0.494,0.694,0.912,0.694,0.885,0.885,0.885,0.597,0.561,0.794,0.212,0.845,0.756,0.811,0.845,0.281,0.561,0.747,0.313,0.935,0.747,0.811,0.232,0.29,0.868,0.561,0.778,0.274,0.3,0.79,0.747,0.158,0.79,0.79,0.3,0.749,0.8,0.655,0.749,0.749,0.932,0.239,0.908,0.908,0.953,0.809,0.874,0.676,0.854,0.386,0.842,0.492,0.819,0.592,0.874,0.317,0.538,0.442,0.548,0.421,0.566,0.955,0.254,0.566,0.44,0.482,0.914,0.452,0.707,0.882,0.574,0.354,0.677,0.343,0.574,0.451,0.57,0.374,0.153,0.451,0.847,0.451,0.574,0.371,0.835,0.14,0.821,0.559,0.785,0.538,0.274,0.406,0.829,0.464,0.139,0.459,0.588,0.541,0.558,0.523,0.322,0.336,0.355
0.526,0.526,0.547,0.547,0.9,0.454,0.457,0.444,0.459,0.474,0.444,0.565,0.343,0.9,0.565,0.444,0.343,0.9,0.249,0.343,0.275,0.535,0.275,0.534,0.343,0.457,0.534,0.444,0.646,0.474,0.646,0.535,0.259,0.253,0.355,0.253,0.245,0.355,0.259,0.245,0.048,0.253,0.273,0.951,0.253,0.245,0.216,0.273,0.902,0.273,0.278,0.048,0.552,0.413,0.327,0.413,0.427,0.328,0.328,0.328,0.339,0.327,0.427,0.327,0.552,0.339,0.364,0.971,0.364,0.407,0.407,0.407,0.085,0.904,0.987,0.22,0.614,0.961,0.604,0.614,0.093,0.904,0.613,0.155,0.952,0.613,0.604,0.226,0.088,0.786,0.904,0.994,0.206,0.15,0.431,0.613,0.843,0.431,0.431,0.211,0.5,0.605,0.946,0.5,0.5,0.954,0.259,0.101,0.101,0.1,0.379,0.184,0.578,0.176,0.123,0.66,0.935,0.627,0.693,0.184,0.225,0.706,0.932,0.57,0.053,0.168,0.759,0.63,0.168,0.289,0.701,0.719,0.727,0.451,0.831,0.641,0.679,0.14,0.702,0.641,0.623,0.935,0.539,0.647,0.623,0.84,0.623,0.641,0.507,0.65,0.649,0.646,0.672,0.838,0.67,0.614,0.892,0.667,0.907,0.617,0.907,0.591,0.717,0.686,0.691,0.712,0.685,0.63
0.755,0.755,0.862,0.862,0.779,0.143,0.963,0.941,0.121,0.829,0.941,0.927,0.973,0.779,0.927,0.941,0.973,0.779,0.148,0.973,0.814,0.865,0.814,0.99,0.973,0.963,0.99,0.941,0.972,0.829,0.972,0.865,0.692,0.9,0.895,0.9,0.775,0.895,0.692,0.775,0.535,0.9,0.77,0.672,0.9,0.775,0.209,0.77,0.289,0.77,0.072,0.477,0.811,0.968,0.68,0.968,0.976,0.739,0.739,0.739,0.807,0.68,0.976,0.68,0.811,0.807,0.899,0.313,0.899,0.485,0.485,0.485,0.299,0.763,0.825,0.529,0.687,0.299,0.737,0.687,0.495,0.763,0.86,0.578,0.23,0.86,0.737,0.471,0.469,0.254,0.763,0.624,0.531,0.587,0.513,0.86,0.459,0.513,0.513,0.468,0.578,0.51,0.245,0.578,0.578,0.38,0.374,0.457,0.457,0.305,0.748,0.823,0.855,0.6,0.451,0.374,0.62,0.642,0.852,0.823,0.393,0.839,0.575,0.572,0.387,0.364,0.3,0.228,0.364,0.663,0.626,0.449,0.585,0.811,0.374,0.771,0.283,0.251,0.361,0.771,0.827,0.691,0.452,0.866,0.827,0.287,0.827,0.771,0.438,0.718,0.741,0.718,0.44,0.431,0.483,0.422,0.862,0.658,0.92,0.728,0.929,0.51,0.478,0.48,0.46,0.678,0.591,0.7
0.355,0.355,0.552,0.552,0.389,0.929,0.423,0.225,0.931,0.332,0.225,0.228,0.324,0.389,0.228,0.225,0.324,0.389,0.387,0.324,0.361,0.175,0.361,0.246,0.324,0.423,0.246,0.225,0.193,0.332,0.193,0.175,0.338,0.122,0.1,0.122,0.266,0.1,0.338,0.266,0.69,0.122,0.321,0.643,0.122,0.266,0.312,0.321,0.058,0.321,0.768,0.808,0.222,0.345,0.233,0.345,0.362,0.266,0.266,0.266,0.169,0.233,0.362,0.233,0.222,0.169,0.114,0.079,0.114,0.932,0.932,0.932,0.559,0.628,0.613,0.492,0.14,0.081,0.122,0.14,0.775,0.628,0.275,0.694,0.081,0.275,0.122,0.498,0.792,0.054,0.628,0.625,0.481,0.618,0.981,0.275,0.203,0.981,0.981,0.48,0.975,0.317,0.078,0.975,0.975,0.078,0.344,0.406,0.406,0.473,0.848,0.541,0.137,0.636,0.578,0.058,0.17,0.347,0.131,0.541,0.341,0.128,0.169,0.146,0.647,0.449,0.08,0.006,0.449,0.934,0.16,0.543,0.144,0.582,0.098,0.19,0.017,0.494,0.025,0.19,0.201,0.224,0.942,0.029,0.201,0.072,0.201,0.19,0.946,0.027,0.022,0.027,0.114,0.076,0.043,0.949,0.116,0.027,0.121,0.018,0.111,0.114,0.049,0.069,0.068,0.352,0.353,0.114
0.31,0.31,0.228,0.228,0.045,0.954,0.203,0.193,0.955,0.112,0.193,0.273,0.185,0.045,0.273,0.193,0.185,0.045,0.153,0.185,0.286,0.132,0.286,0.227,0.185,0.203,0.227,0.193,0.256,0.112,0.256,0.132,0.123,0.114,0.222,0.114,0.005,0.222,0.123,0.005,0.951,0.114,0.004,0.868,0.114,0.005,0.097,0.004,0.77,0.004,0.952,0.746,0.162,0.171,0.002,0.171,0.18,0.002,0.002,0.002,0.112,0.002,0.18,0.002,0.162,0.112,0.137,0.887,0.137,0.029,0.029,0.029,0.779,0.092,0.937,0.78,0.048,0.871,0.062,0.048,0.791,0.092,0.028,0.825,0.954,0.028,0.062,0.762,0.765,0.826,0.092,0.892,0.718,0.872,0.018,0.028,0.619,0.018,0.018,0.736,0.019,0.081,0.912,0.019,0.019,0.553,0.718,0.009,0.009,0.018,0.099,0.091,0.347,0.085,0.796,0.86,0.947,0.077,0.357,0.091,0.727,0.359,0.922,0.358,0.636,0.007,0.668,0.646,0.007,0.108,0.385,0.036,0.4,0.103,0.698,0.003,0.619,0.023,0.622,0.003,0.003,0.824,0.21,0.261,0.003,0.885,0.003,0.003,0.197,0.145,0.297,0.144,0.838,0.942,0.972,0.154,0.804,0.142,0.955,0.292,0.959,0.878,0.937,0.969,0.94,0.981,0.99,0.901
0.869,0.869,0.849,0.849,0.548,0.996,0.924,0.879,0.995,0.991,0.879,0.951,0.836,0.548,0.951,0.879,0.836,0.548,0.259,0.836,0.983,0.974,0.983,0.842,0.836,0.924,0.842,0.879,0.89,0.991,0.89,0.974,0.902,0.943,0.951,0.943,0.69,0.951,0.902,0.69,0.639,0.943,0.607,0.913,0.943,0.69,0.531,0.607,0.936,0.607,0.992,0.618,0.526,0.707,0.676,0.707,0.715,0.616,0.616,0.616,0.993,0.676,0.715,0.676,0.526,0.993,0.936,0.97,0.936,0.678,0.678,0.678,0.778,0.785,0.833,0.397,0.453,0.922,0.428,0.453,0.715,0.785,0.614,0.661,0.972,0.614,0.428,0.475,0.831,0.928,0.785,0.868,0.401,0.673,0.474,0.614,0.568,0.474,0.474,0.475,0.374,0.308,0.911,0.374,0.374,0.752,0.709,0.414,0.414,0.464,0.695,0.743,0.769,0.765,0.75,0.917,0.991,0.351,0.79,0.743,0.722,0.791,0.989,0.69,0.895,0.381,0.899,0.55,0.381,0.688,0.677,0.507,0.675,0.651,0.946,0.673,0.581,0.404,0.608,0.673,0.649,0.992,0.182,0.44,0.649,0.961,0.649,0.673,0.183,0.295,0.375,0.263,0.891,0.955,0.889,0.227,0.771,0.241,0.881,0.283,0.865,0.872,0.904,0.913,0.91,0.961,0.974,0.922
0.243,0.243,0.255,0.255,0.278,0.922,0.23,0.1,0.922,0.094,0.1,0.15,0.101,0.278,0.15,0.1,0.101,0.278,0.394,0.101,0.185,0.056,0.185,0.112,0.101,0.23,0.112,0.1,0.102,0.094,0.102,0.056,0.073,0.118,0.161,0.118,0.731,0.161,0.073,0.731,0.465,0.118,0.65,0.141,0.118,0.731,0.238,0.65,0.274,0.65,0.805,0.636,0.907,0.02,0.708,0.02,0.018,0.607,0.607,0.607,0.097,0.708,0.018,0.708,0.907,0.097,0.112,0.27,0.112,0.802,0.802,0.802,0.724,0.231,0.175,0.349,0.959,0.207,0.971,0.959,0.278,0.231,0.464,0.435,0.292,0.464,0.971,0.322,0.354,0.232,0.231,0.191,0.358,0.401,0.723,0.464,0.095,0.723,0.723,0.292,0.807,0.593,0.213,0.807,0.807,0.168,0.274,0.786,0.786,0.756,0.908,0.835,0.459,0.719,0.354,0.254,0.66,0.596,0.437,0.835,0.26,0.434,0.595,0.255,0.418,0.792,0.224,0.887,0.792,0.905,0.255,0.56,0.252,0.934,0.25,0.625,0.859,0.763,0.959,0.625,0.509,0.315,0.281,0.714,0.509,0.308,0.509,0.625,0.286,0.662,0.778,0.72,0.984,0.361,0.981,0.278,0.978,0.579,0.987,0.691,0.985,0.999,0.957,0.988,0.978,0.876,0.876,0.872
0.964,0.964,0.983,0.983,0.128,0.921,0.953,0.819,0.87,0.811,0.819,0.895,0.944,0.128,0.895,0.819,0.944,0.128,0.16,0.944,0.92,0.648,0.92,0.926,0.944,0.953,0.926,0.819,0.806,0.811,0.806,0.648,0.832,0.765,0.887,0.765,0.508,0.887,0.832,0.508,0.744,0.765,0.494,0.716,0.765,0.508,0.521,0.494,0.822,0.494,0.791,0.777,0.687,0.795,0.404,0.795,0.791,0.418,0.418,0.418,0.716,0.404,0.791,0.404,0.687,0.716,0.802,0.716,0.802,0.657,0.657,0.657,0.578,0.107,0.68,0.358,0.847,0.605,0.861,0.847,0.557,0.107,0.185,0.462,0.722,0.185,0.861,0.379,0.624,0.663,0.107,0.686,0.409,0.402,0.714,0.185,0.152,0.714,0.714,0.458,0.721,0.726,0.59,0.721,0.721,0.815,0.328,0.463,0.463,0.587,0.438,0.277,0.922,0.211,0.421,0.632,0.744,0.736,0.902,0.277,0.399,0.912,0.726,0.956,0.581,0.553,0.85,0.572,0.553,0.36,0.918,0.578,0.918,0.457,0.813,0.073,0.419,0.647,0.649,0.073,0.068,0.665,0.732,0.545,0.068,0.698,0.068,0.073,0.76,0.264,0.573,0.283,0.88,0.694,0.861,0.758,0.717,0.371,0.619,0.555,0.608,0.889,0.835,0.823,0.814,0.626,0.622,0.828
0.8,0.8,0.725,0.725,0.385,0.957,0.605,0.733,0.894,0.914,0.733,0.819,0.593,0.385,0.819,0.733,0.593,0.385,0.284,0.593,0.457,0.937,0.457,0.559,0.593,0.605,0.559,0.733,0.718,0.914,0.718,0.937,0.577,0.55,0.555,0.55,0.385,0.555,0.577,0.385,0.743,0.55,0.394,0.695,0.55,0.385,0.328,0.394,0.689,0.394,0.907,0.765,0.795,0.869,0.247,0.869,0.879,0.422,0.422,0.422,0.826,0.247,0.879,0.247,0.795,0.826,0.528,0.268,0.528,0.751,0.751,0.751,0.531,0.365,0.394,0.64,0.416,0.254,0.386,0.416,0.651,0.365,0.645,0.669,0.304,0.645,0.386,0.684,0.785,0.404,0.365,0.425,0.607,0.632,0.556,0.645,0.317,0.556,0.556,0.649,0.466,0.272,0.287,0.466,0.466,0.384,0.595,0.379,0.379,0.37,0.021,0.058,0.208,0.054,0.545,0.398,0.541,0.276,0.199,0.058,0.607,0.202,0.548,0.248,0.712,0.358,0.573,0.863,0.358,0.036,0.221,0.532,0.226,0.036,0.568,0.334,0.738,0.372,0.715,0.334,0.389,0.595,0.187,0.686,0.389,0.427,0.389,0.334,0.184,0.417,0.611,0.392,0.729,0.387,0.852,0.195,0.731,0.363,0.855,0.69,0.863,0.673,0.884,0.881,0.8,0.946,0.979,0.956
0.911,0.911,0.931,0.931,0.56,0.623,0.763,0.886,0.672,0.976,0.886,0.847,0.822,0.56,0.847,0.886,0.822,0.56,0.184,0.822,0.627,0.965,0.627,0.899,0.822,0.763,0.899,0.886,0.891,0.976,0.891,0.965,0.582,0.727,0.618,0.727,0.306,0.618,0.582,0.306,0.411,0.727,0.364,0.285,0.727,0.306,0.134,0.364,0.139,0.364,0.521,0.427,0.701,0.785,0.252,0.785,0.81,0.278,0.278,0.278,0.864,0.252,0.81,0.252,0.701,0.864,0.844,0.071,0.844,0.9,0.9,0.9,0.378,0.512,0.264,0.718,0.85,0.263,0.795,0.85,0.232,0.512,0.378,0.179,0.09,0.378,0.795,0.657,0.221,0.386,0.512,0.268,0.691,0.173,0.836,0.378,0.352,0.836,0.836,0.68,0.739,0.453,0.294,0.739,0.739,0.324,0.508,0.082,0.082,0.116,0.466,0.268,0.633,0.345,0.147,0.395,0.258,0.528,0.651,0.268,0.531,0.621,0.247,0.603,0.205,0.064,0.436,0.643,0.064,0.509,0.779,0.501,0.767,0.493,0.497,0.453,0.607,0.118,0.657,0.453,0.457,0.289,0.008,0.551,0.457,0.374,0.457,0.453,0.008,0.266,0.556,0.3,0.143,0.393,0.155,0.011,0.338,0.319,0.147,0.56,0.151,0.123,0.171,0.154,0.168,0.185,0.157,0.452
0.324,0.324,0.257,0.257,0.461,0.717,0.216,0.458,0.763,0.237,0.458,0.293,0.362,0.461,0.293,0.458,0.362,0.461,0.928,0.362,0.355,0.29,0.355,0.306,0.362,0.216,0.306,0.458,0.348,0.237,0.348,0.29,0.616,0.274,0.191,0.274,0.538,0.191,0.616,0.538,0.06,0.274,0.52,0.359,0.274,0.538,0.94,0.52,0.755,0.52,0.641,0.047,0.339,0.916,0.41,0.916,0.962,0.41,0.41,0.41,0.196,0.41,0.962,0.41,0.339,0.196,0.26,0.424,0.26,0.472,0.472,0.472,0.092,0.429,0.234,0.058,0.531,0.686,0.536,0.531,0.046,0.429,0.211,0.071,0.444,0.211,0.536,0.05,0.047,0.283,0.429,0.197,0.059,0.079,0.575,0.211,0.973,0.575,0.575,0.057,0.622,0.172,0.708,0.622,0.622,0.834,0.069,0.481,0.481,0.472,0.241,0.3,0.555,0.39,0.109,0.279,0.301,0.185,0.623,0.3,0.068,0.617,0.298,0.516,0.09,0.462,0.376,0.656,0.462,0.227,0.504,0.107,0.499,0.241,0.417,0.204,0.768,0.451,0.576,0.204,0.215,0.312,0.53,0.734,0.215,0.325,0.215,0.204,0.551,0.576,0.662,0.525,0.312,0.328,0.247,0.499,0.724,0.515,0.281,0.601,0.362,0.326,0.269,0.306,0.317,0.729,0.546,0.679
0.29,0.29,0.24,0.24,0.599,0.433,0.286,0.311,0.416,0.223,0.311,0.317,0.261,0.599,0.317,0.311,0.261,0.599,0.563,0.261,0.159,0.266,0.159,0.286,0.261,0.286,0.286,0.311,0.354,0.223,0.354,0.266,0.078,0.175,0.186,0.175,0.872,0.186,0.078,0.872,0.385,0.175,0.908,0.559,0.175,0.872,0.52,0.908,0.596,0.908,0.347,0.449,0.217,0.113,0.811,0.113,0.119,0.846,0.846,0.846,0.173,0.811,0.119,0.811,0.217,0.173,0.196,0.609,0.196,0.148,0.148,0.148,0.345,0.666,0.674,0.353,0.621,0.17,0.65,0.621,0.516,0.666,0.478,0.498,0.637,0.478,0.65,0.375,0.574,0.198,0.666,0.623,0.357,0.5,0.351,0.478,0.403,0.351,0.351,0.371,0.289,0.588,0.188,0.289,0.289,0.206,0.283,0.986,0.986,0.978,0.983,0.82,0.1,0.846,0.343,0.2,0.05,0.549,0.153,0.82,0.362,0.152,0.058,0.154,0.312,0.97,0.196,0.724,0.97,0.689,0.139,0.51,0.134,0.986,0.254,0.545,0.965,0.944,0.695,0.545,0.718,0.106,0.987,0.962,0.718,0.267,0.718,0.545,0.986,0.74,0.974,0.864,0.82,0.279,0.804,0.977,0.368,0.854,0.247,0.974,0.25,0.825,0.875,0.964,0.965,0.274,0.3,0.238
0.616,0.616,0.683,0.683,0.89,0.733,0.483,0.539,0.752,0.392,0.539,0.485,0.533,0.89,0.485,0.539,0.533,0.89,0.405,0.533,0.503,0.433,0.503,0.394,0.533,0.483,0.394,0.539,0.445,0.392,0.445,0.433,0.205,0.338,0.434,0.338,0.715,0.434,0.205,0.715,0.654,0.338,0.753,0.85,0.338,0.715,0.349,0.753,0.802,0.753,0.569,0.652,0.792,0.271,0.89,0.271,0.272,0.749,0.749,0.749,0.413,0.89,0.272,0.89,0.792,0.413,0.417,0.915,0.417,1.0,1.0,1.0,0.698,0.91,0.915,0.674,0.822,0.827,0.842,0.822,0.732,0.91,0.955,0.82,0.93,0.955,0.842,0.693,0.739,0.884,0.91,0.883,0.651,0.794,0.986,0.955,0.232,0.986,0.986,0.662,0.986,0.932,0.866,0.986,0.986,0.764,0.721,0.733,0.733,0.682,0.169,0.182,0.253,0.168,0.819,0.876,0.75,0.945,0.255,0.182,0.71,0.264,0.77,0.268,0.751,0.67,0.853,0.324,0.67,0.121,0.288,0.955,0.287,0.298,0.779,0.834,0.287,0.618,0.378,0.834,0.883,0.715,0.409,0.138,0.883,0.931,0.883,0.834,0.402,0.188,0.121,0.122,0.598,0.922,0.574,0.428,0.583,0.115,0.531,0.122,0.537,0.523,0.603,0.563,0.641,0.481,0.491,0.542
0.276,0.276,0.111,0.111,0.894,0.783,0.212,0.2,0.806,0.78,0.2,0.34,0.179,0.894,0.34,0.2,0.179,0.894,0.5,0.179,0.263,0.793,0.263,0.181,0.179,0.212,0.181,0.2,0.204,0.78,0.204,0.793,0.893,0.322,0.408,0.322,0.831,0.408,0.893,0.831,0.896,0.322,0.674,0.656,0.322,0.831,0.273,0.674,0.745,0.674,0.879,0.882,0.779,0.878,0.98,0.878,0.874,0.963,0.963,0.963,0.892,0.98,0.874,0.98,0.779,0.892,0.314,0.825,0.314,0.618,0.618,0.618,0.923,0.693,0.499,0.99,0.726,0.981,0.687,0.726,0.961,0.693,0.752,0.995,0.858,0.752,0.687,0.99,0.955,0.895,0.693,0.593,0.991,0.995,0.642,0.752,0.742,0.642,0.642,0.99,0.604,0.852,0.988,0.604,0.604,0.937,0.939,0.693,0.693,0.757,0.532,0.941,0.955,0.928,0.971,0.893,0.694,0.855,0.959,0.941,0.961,0.956,0.704,0.972,0.948,0.771,0.813,0.569,0.771,0.818,0.954,0.712,0.947,0.521,0.793,0.89,0.637,0.805,0.722,0.89,0.905,0.616,0.96,0.627,0.905,0.838,0.905,0.89,0.951,0.675,0.513,0.65,0.28,0.839,0.268,0.953,0.356,0.669,0.468,0.443,0.454,0.348,0.285,0.315,0.323,0.659,0.709,0.569
0.082,0.082,0.17,0.17,0.927,0.039,0.209,0.092,0.048,0.036,0.092,0.152,0.121,0.927,0.152,0.092,0.121,0.927,0.96,0.121,0.448,0.055,0.448,0.09,0.121,0.209,0.09,0.092,0.066,0.036,0.066,0.055,0.376,0.317,0.364,0.317,0.839,0.364,0.376,0.839,0.63,0.317,0.951,0.463,0.317,0.839,0.947,0.951,0.752,0.951,0.328,0.615,0.727,0.093,0.685,0.093,0.076,0.909,0.909,0.909,0.248,0.685,0.076,0.685,0.727,0.248,0.265,0.432,0.265,0.734,0.734,0.734,0.806,0.961,0.479,0.44,0.642,0.718,0.413,0.642,0.558,0.961,0.85,0.425,0.398,0.85,0.413,0.497,0.549,0.337,0.961,0.401,0.459,0.399,0.601,0.85,0.92,0.601,0.601,0.507,0.413,0.411,0.694,0.413,0.413,0.723,0.904,0.931,0.931,0.887,0.522,0.801,0.739,0.717,0.719,0.318,0.617,0.61,0.815,0.801,0.907,0.761,0.634,0.736,0.88,0.934,0.369,0.389,0.934,0.691,0.806,0.739,0.765,0.446,0.41,0.767,0.379,0.863,0.435,0.767,0.7,0.683,0.264,0.24,0.7,0.31,0.7,0.767,0.249,0.856,0.219,0.859,0.658,0.296,0.589,0.202,0.632,0.836,0.682,0.225,0.678,0.604,0.626,0.55,0.577,0.792,0.842,0.815
0.691,0.691,0.628,0.628,0.392,1.0,0.172,0.18,0.999,0.961,0.18,0.239,0.131,0.392,0.239,0.18,0.131,0.392,0.519,0.131,0.32,0.95,0.32,0.132,0.131,0.172,0.132,0.18,0.182,0.961,0.182,0.95,0.712,0.133,0.157,0.133,0.291,0.157,0.712,0.291,0.619,0.133,0.189,0.325,0.133,0.291,0.468,0.189,0.157,0.189,0.956,0.614,0.221,0.927,0.319,0.927,0.91,0.19,0.19,0.19,0.856,0.319,0.91,0.319,0.221,0.856,0.115,0.14,0.115,0.219,0.219,0.219,0.869,0.437,0.351,0.524,0.266,0.269,0.249,0.266,0.55,0.437,0.29,0.61,0.132,0.29,0.249,0.52,0.533,0.347,0.437,0.37,0.486,0.607,0.212,0.29,0.493,0.212,0.212,0.484,0.196,0.323,0.226,0.196,0.196,0.287,0.52,0.258,0.258,0.275,0.806,0.382,0.608,0.431,0.588,0.34,0.117,0.337,0.581,0.382,0.545,0.497,0.113,0.646,0.696,0.365,0.461,0.544,0.365,0.546,0.605,0.232,0.625,0.894,0.358,0.486,0.517,0.385,0.471,0.486,0.482,0.149,0.751,0.6,0.482,0.316,0.482,0.486,0.735,0.277,0.591,0.378,0.541,0.294,0.718,0.78,0.52,0.353,0.625,0.543,0.617,0.528,0.631,0.673,0.619,0.486,0.418,0.529
0.83,0.83,0.828,0.828,0.39,0.664,0.74,0.759,0.592,0.868,0.759,0.748,0.661,0.39,0.748,0.759,0.661,0.39,0.378,0.661,0.83,0.929,0.83,0.671,0.661,0.74,0.671,0.759,0.77,0.868,0.77,0.929,0.456,0.755,0.824,0.755,0.154,0.824,0.456,0.154,0.993,0.755,0.204,0.962,0.755,0.154,0.219,0.204,0.975,0.204,0.464,0.998,0.336,0.527,0.148,0.527,0.518,0.143,0.143,0.143,0.846,0.148,0.518,0.148,0.336,0.846,0.775,0.985,0.775,0.105,0.105,0.105,0.91,0.141,0.954,0.98,0.67,0.936,0.747,0.67,0.983,0.141,0.163,0.969,0.938,0.163,0.747,0.976,0.973,0.834,0.141,0.952,0.984,0.974,0.307,0.163,0.293,0.307,0.307,0.976,0.567,0.436,0.921,0.567,0.567,0.921,0.894,0.346,0.346,0.561,0.738,0.381,0.804,0.415,0.906,0.769,0.803,0.429,0.811,0.381,0.927,0.851,0.729,0.933,0.867,0.221,0.735,0.879,0.221,0.422,0.938,0.074,0.932,0.625,0.925,0.335,0.973,0.412,0.97,0.335,0.357,0.607,0.935,0.979,0.357,0.933,0.357,0.335,0.921,0.86,0.963,0.809,0.982,0.82,0.986,0.893,0.897,0.788,0.919,0.94,0.92,0.981,0.987,0.996,0.993,0.589,0.571,0.576
0.05,0.05,0.041,0.041,0.636,0.365,0.17,0.55,0.396,0.742,0.55,0.163,0.474,0.636,0.163,0.55,0.474,0.636,0.884,0.474,0.186,0.763,0.186,0.5,0.474,0.17,0.5,0.55,0.574,0.742,0.574,0.763,0.839,0.859,0.347,0.859,0.672,0.347,0.839,0.672,0.7,0.859,0.543,0.54,0.859,0.672,0.831,0.543,0.505,0.543,0.816,0.661,0.803,0.48,0.498,0.48,0.479,0.302,0.302,0.302,0.965,0.498,0.479,0.498,0.803,0.965,0.876,0.509,0.876,0.792,0.792,0.792,0.827,0.366,0.603,0.694,0.615,0.716,0.704,0.615,0.539,0.366,0.769,0.552,0.535,0.769,0.704,0.759,0.546,0.651,0.366,0.583,0.735,0.493,0.796,0.769,0.198,0.796,0.796,0.823,0.815,0.763,0.738,0.815,0.815,0.613,0.94,0.714,0.714,0.869,0.287,0.239,0.889,0.256,0.656,0.653,0.423,0.657,0.893,0.239,0.953,0.894,0.401,0.959,0.754,0.765,0.555,0.377,0.765,0.357,0.957,0.815,0.962,0.292,0.789,0.8,0.373,0.878,0.503,0.8,0.871,0.43,0.16,0.978,0.871,0.715,0.871,0.8,0.169,0.941,0.972,0.944,0.411,0.723,0.356,0.171,0.864,0.927,0.667,0.957,0.623,0.475,0.359,0.402,0.366,0.214,0.209,0.617
0.502,0.502,0.562,0.562,0.34,0.368,0.5,0.414,0.351,0.425,0.414,0.309,0.632,0.34,0.309,0.414,0.632,0.34,0.824,0.632,0.145,0.248,0.145,0.526,0.632,0.5,0.526,0.414,0.334,0.425,0.334,0.248,0.345,0.28,0.232,0.28,0.301,0.232,0.345,0.301,0.663,0.28,0.308,0.245,0.28,0.301,0.714,0.308,0.054,0.308,0.145,0.635,0.523,0.359,0.286,0.359,0.343,0.257,0.257,0.257,0.15,0.286,0.343,0.286,0.523,0.15,0.292,0.072,0.292,0.511,0.511,0.511,0.486,0.146,0.182,0.653,0.307,0.108,0.337,0.307,0.606,0.146,0.253,0.615,0.069,0.253,0.337,0.656,0.569,0.131,0.146,0.161,0.635,0.634,0.388,0.253,0.968,0.388,0.388,0.642,0.386,0.197,0.094,0.386,0.386,0.082,0.451,0.434,0.434,0.498,0.268,0.248,0.425,0.28,0.581,0.111,0.78,0.257,0.384,0.248,0.446,0.385,0.864,0.525,0.531,0.379,0.1,0.51,0.379,0.193,0.489,0.237,0.496,0.251,0.203,0.108,0.472,0.442,0.877,0.108,0.113,0.796,0.448,0.668,0.113,0.228,0.113,0.108,0.444,0.816,0.372,0.704,0.935,0.212,0.733,0.464,0.872,0.735,0.926,0.379,0.926,0.883,0.708,0.735,0.693,0.901,0.882,0.799
0.724,0.724,0.6,0.6,0.823,0.497,0.918,0.82,0.473,0.761,0.82,0.904,0.865,0.823,0.904,0.82,0.865,0.823,0.328,0.865,0.477,0.652,0.477,0.817,0.865,0.918,0.817,0.82,0.691,0.761,0.691,0.652,0.496,0.714,0.703,0.714,0.929,0.703,0.496,0.929,0.158,0.714,0.754,0.057,0.714,0.929,0.287,0.754,0.338,0.754,0.212,0.146,0.661,0.882,0.97,0.882,0.884,0.876,0.876,0.876,0.595,0.97,0.884,0.97,0.661,0.595,0.642,0.342,0.642,0.707,0.707,0.707,0.051,0.93,0.064,0.075,0.684,0.466,0.784,0.684,0.154,0.93,0.763,0.109,0.454,0.763,0.784,0.092,0.169,0.323,0.93,0.065,0.078,0.091,0.914,0.763,0.249,0.914,0.914,0.097,0.956,0.93,0.588,0.956,0.956,0.516,0.051,0.613,0.613,0.641,0.947,0.825,0.67,0.889,0.059,0.639,0.689,0.85,0.655,0.825,0.053,0.615,0.58,0.72,0.067,0.756,0.305,0.072,0.756,0.727,0.709,0.87,0.686,0.941,0.356,0.847,0.12,0.783,0.07,0.847,0.881,0.384,0.488,0.114,0.881,0.441,0.881,0.847,0.463,0.098,0.106,0.082,0.201,0.747,0.191,0.481,0.169,0.083,0.364,0.103,0.382,0.24,0.185,0.324,0.343,0.661,0.681,0.462
0.91,0.91,0.951,0.951,0.225,0.822,0.909,0.887,0.807,0.732,0.887,0.922,0.871,0.225,0.922,0.887,0.871,0.225,0.653,0.871,0.997,0.766,0.997,0.844,0.871,0.909,0.844,0.887,0.881,0.732,0.881,0.766,0.999,0.919,0.961,0.919,0.3,0.961,0.999,0.3,0.911,0.919,0.34,0.827,0.919,0.3,0.632,0.34,0.726,0.34,0.772,0.908,0.078,0.889,0.215,0.889,0.887,0.273,0.273,0.273,0.799,0.215,0.887,0.215,0.078,0.799,0.923,0.718,0.923,0.034,0.034,0.034,0.879,0.232,0.759,0.989,0.051,0.742,0.048,0.051,0.984,0.232,0.065,0.984,0.688,0.065,0.048,0.987,0.985,0.755,0.232,0.779,0.988,0.981,0.013,0.065,0.481,0.013,0.013,0.978,0.012,0.029,0.792,0.012,0.012,0.898,0.971,0.515,0.515,0.469,0.745,0.345,0.533,0.373,0.969,0.828,0.905,0.043,0.447,0.345,0.913,0.429,0.885,0.653,0.975,0.587,0.941,0.119,0.587,0.735,0.786,0.075,0.759,0.762,0.807,0.093,0.124,0.498,0.094,0.093,0.075,0.768,0.836,0.065,0.075,0.919,0.075,0.093,0.829,0.526,0.109,0.397,0.19,0.926,0.34,0.848,0.235,0.413,0.348,0.094,0.305,0.178,0.309,0.267,0.259,0.257,0.342,0.115
0.199,0.199,0.171,0.171,0.141,0.172,0.21,0.137,0.15,0.095,0.137,0.249,0.133,0.141,0.249,0.137,0.133,0.141,0.445,0.133,0.077,0.122,0.077,0.107,0.133,0.21,0.107,0.137,0.126,0.095,0.126,0.122,0.026,0.072,0.114,0.072,0.192,0.114,0.026,0.192,0.945,0.072,0.246,0.34,0.072,0.192,0.475,0.246,0.825,0.246,0.101,0.931,0.121,0.046,0.344,0.046,0.046,0.435,0.435,0.435,0.063,0.344,0.046,0.344,0.121,0.063,0.077,0.676,0.077,0.086,0.086,0.086,0.797,0.078,0.304,0.856,0.283,0.956,0.304,0.283,0.808,0.078,0.077,0.796,0.711,0.077,0.304,0.841,0.771,0.968,0.078,0.315,0.836,0.829,0.144,0.077,0.491,0.144,0.144,0.806,0.16,0.166,0.941,0.16,0.16,0.974,0.7,0.313,0.313,0.388,0.732,0.448,0.84,0.484,0.745,0.954,0.756,0.15,0.827,0.448,0.656,0.819,0.799,0.931,0.627,0.251,0.996,0.511,0.251,0.67,0.923,0.071,0.925,0.665,0.99,0.387,0.558,0.365,0.671,0.387,0.348,0.786,0.863,0.591,0.348,0.986,0.348,0.387,0.89,0.849,0.574,0.807,0.633,0.978,0.623,0.88,0.769,0.803,0.713,0.549,0.686,0.659,0.611,0.687,0.68,0.832,0.824,0.863
0.34,0.34,0.457,0.457,0.072,0.979,0.473,0.446,0.985,0.525,0.446,0.39,0.517,0.072,0.39,0.446,0.517,0.072,0.876,0.517,0.279,0.468,0.279,0.536,0.517,0.473,0.536,0.446,0.471,0.525,0.471,0.468,0.84,0.49,0.441,0.49,0.215,0.441,0.84,0.215,0.712,0.49,0.271,0.745,0.49,0.215,0.877,0.271,0.923,0.271,0.962,0.64,0.119,0.96,0.124,0.96,0.97,0.255,0.255,0.255,0.447,0.124,0.97,0.124,0.119,0.447,0.444,0.941,0.444,0.062,0.062,0.062,0.621,0.161,0.715,0.453,0.174,0.97,0.17,0.174,0.524,0.161,0.033,0.583,0.922,0.033,0.17,0.433,0.578,0.965,0.161,0.822,0.474,0.563,0.11,0.033,0.577,0.11,0.11,0.453,0.162,0.24,0.975,0.162,0.162,0.864,0.522,0.508,0.508,0.447,0.525,0.394,0.243,0.376,0.599,0.971,0.307,0.243,0.239,0.394,0.501,0.233,0.352,0.182,0.506,0.57,0.841,0.24,0.57,0.583,0.201,0.18,0.201,0.641,0.481,0.039,0.19,0.496,0.13,0.039,0.024,0.35,0.726,0.028,0.024,0.603,0.024,0.039,0.781,0.073,0.015,0.071,0.278,0.644,0.461,0.742,0.047,0.072,0.058,0.019,0.067,0.256,0.412,0.422,0.339,0.204,0.166,0.099
0.323,0.323,0.414,0.414,0.829,0.879,0.378,0.146,0.851,0.167,0.146,0.2,0.26,0.829,0.2,0.146,0.26,0.829,0.277,0.26,0.116,0.116,0.116,0.276,0.26,0.378,0.276,0.146,0.158,0.167,0.158,0.116,0.094,0.128,0.153,0.128,0.88,0.153,0.094,0.88,0.46,0.128,0.913,0.031,0.128,0.88,0.492,0.913,0.067,0.913,0.832,0.417,0.771,0.106,0.86,0.106,0.109,0.89,0.89,0.89,0.088,0.86,0.109,0.86,0.771,0.088,0.143,0.087,0.143,0.602,0.602,0.602,0.124,0.867,0.029,0.834,0.597,0.06,0.565,0.597,0.777,0.867,0.711,0.795,0.084,0.711,0.565,0.836,0.808,0.089,0.867,0.038,0.839,0.832,0.547,0.711,0.964,0.547,0.547,0.84,0.62,0.542,0.063,0.62,0.62,0.063,0.873,0.877,0.877,0.838,0.615,0.926,0.833,0.974,0.799,0.087,0.15,0.554,0.832,0.926,0.864,0.833,0.186,0.722,0.57,0.874,0.092,0.1,0.874,0.946,0.818,0.731,0.813,0.649,0.107,0.643,0.102,0.849,0.09,0.643,0.613,0.429,0.006,0.347,0.613,0.095,0.613,0.643,0.007,0.279,0.362,0.272,0.236,0.095,0.249,0.009,0.326,0.264,0.401,0.363,0.398,0.221,0.239,0.233,0.242,0.22,0.23,0.162
0.992,0.992,0.988,0.988,0.215,0.65,0.95,0.858,0.665,0.883,0.858,0.914,0.863,0.215,0.914,0.858,0.863,0.215,0.193,0.863,0.967,0.884,0.967,0.86,0.863,0.95,0.86,0.858,0.85,0.883,0.85,0.884,0.793,0.796,0.907,0.796,0.29,0.907,0.793,0.29,0.177,0.796,0.336,0.037,0.796,0.29,0.249,0.336,0.127,0.336,0.629,0.159,0.295,0.898,0.265,0.898,0.902,0.306,0.306,0.306,0.825,0.265,0.902,0.265,0.295,0.825,0.774,0.192,0.774,0.102,0.102,0.102,0.153,0.299,0.057,0.567,0.166,0.318,0.171,0.166,0.366,0.299,0.374,0.397,0.158,0.374,0.171,0.576,0.401,0.427,0.299,0.073,0.569,0.425,0.082,0.374,0.077,0.082,0.082,0.584,0.091,0.273,0.389,0.091,0.091,0.254,0.512,0.347,0.347,0.363,0.553,0.365,0.535,0.381,0.318,0.462,0.503,0.319,0.443,0.365,0.533,0.478,0.441,0.61,0.317,0.341,0.397,0.564,0.341,0.46,0.478,0.276,0.505,0.573,0.337,0.426,0.488,0.381,0.461,0.426,0.388,0.367,0.344,0.231,0.388,0.371,0.388,0.426,0.348,0.15,0.267,0.153,0.62,0.412,0.747,0.41,0.504,0.151,0.726,0.263,0.703,0.699,0.761,0.741,0.766,0.574,0.677,0.594
0.449,0.449,0.73,0.73,0.565,0.83,0.732,0.408,0.84,0.388,0.408,0.467,0.602,0.565,0.467,0.408,0.602,0.565,0.374,0.602,0.61,0.186,0.61,0.688,0.602,0.732,0.688,0.408,0.303,0.388,0.303,0.186,0.383,0.33,0.564,0.33,0.341,0.564,0.383,0.341,0.354,0.33,0.317,0.139,0.33,0.341,0.323,0.317,0.467,0.317,0.939,0.406,0.784,0.133,0.536,0.133,0.126,0.508,0.508,0.508,0.279,0.536,0.126,0.536,0.784,0.279,0.377,0.28,0.377,0.562,0.562,0.562,0.702,0.33,0.104,0.265,0.492,0.464,0.461,0.492,0.279,0.33,0.735,0.304,0.406,0.735,0.461,0.2,0.272,0.569,0.33,0.113,0.207,0.329,0.471,0.735,0.284,0.471,0.471,0.2,0.447,0.398,0.538,0.447,0.447,0.599,0.229,0.757,0.757,0.755,0.766,0.663,0.74,0.714,0.37,0.566,0.085,0.375,0.727,0.663,0.235,0.734,0.089,0.797,0.34,0.801,0.64,0.763,0.801,0.667,0.873,0.831,0.904,0.63,0.697,0.525,0.774,0.658,0.707,0.525,0.536,0.073,0.825,0.526,0.536,0.563,0.536,0.525,0.852,0.453,0.619,0.421,0.276,0.556,0.116,0.925,0.293,0.412,0.266,0.597,0.278,0.313,0.118,0.119,0.109,0.367,0.332,0.378
0.701,0.701,0.745,0.745,0.117,0.527,0.973,0.966,0.399,0.923,0.966,0.926,0.991,0.117,0.926,0.966,0.991,0.117,0.076,0.991,0.857,0.9,0.857,0.989,0.991,0.973,0.989,0.966,0.952,0.923,0.952,0.9,0.918,0.97,0.987,0.97,0.23,0.987,0.918,0.23,0.783,0.97,0.278,0.23,0.97,0.23,0.081,0.278,0.463,0.278,0.349,0.786,0.672,0.914,0.129,0.914,0.905,0.261,0.261,0.261,0.86,0.129,0.905,0.129,0.672,0.86,0.97,0.426,0.97,0.452,0.452,0.452,0.655,0.206,0.219,0.571,0.365,0.474,0.296,0.365,0.802,0.206,0.265,0.535,0.459,0.265,0.296,0.544,0.803,0.358,0.206,0.227,0.64,0.551,0.258,0.265,0.07,0.258,0.258,0.615,0.222,0.123,0.533,0.222,0.222,0.503,0.437,0.654,0.654,0.63,0.544,0.039,0.569,0.042,0.406,0.496,0.208,0.153,0.764,0.039,0.516,0.758,0.257,0.667,0.641,0.544,0.374,0.144,0.544,0.079,0.857,0.432,0.848,0.428,0.364,0.258,0.114,0.514,0.21,0.258,0.197,0.156,0.32,0.835,0.197,0.342,0.197,0.258,0.3,0.599,0.768,0.605,0.364,0.512,0.377,0.245,0.736,0.655,0.595,0.794,0.596,0.376,0.38,0.397,0.331,0.418,0.374,0.484
0.504,0.504,0.464,0.464,0.522,0.522,0.627,0.423,0.512,0.414,0.423,0.542,0.501,0.522,0.542,0.423,0.501,0.522,0.632,0.501,0.474,0.418,0.474,0.461,0.501,0.627,0.461,0.423,0.482,0.414,0.482,0.418,0.764,0.735,0.831,0.735,0.308,0.831,0.764,0.308,0.43,0.735,0.191,0.438,0.735,0.308,0.724,0.191,0.446,0.191,0.758,0.39,0.4,0.315,0.445,0.315,0.299,0.212,0.212,0.212,0.61,0.445,0.299,0.445,0.4,0.61,0.686,0.459,0.686,0.324,0.324,0.324,0.802,0.472,0.365,0.326,0.096,0.38,0.082,0.096,0.545,0.472,0.276,0.385,0.457,0.276,0.082,0.247,0.358,0.396,0.472,0.36,0.327,0.32,0.086,0.276,0.846,0.086,0.086,0.237,0.045,0.08,0.431,0.045,0.045,0.763,0.553,0.619,0.619,0.656,0.539,0.655,0.552,0.716,0.626,0.451,0.661,0.128,0.534,0.655,0.529,0.499,0.632,0.457,0.759,0.649,0.807,0.293,0.649,0.397,0.423,0.38,0.413,0.33,0.758,0.086,0.319,0.657,0.408,0.086,0.147,0.882,0.795,0.597,0.147,0.396,0.147,0.086,0.806,0.334,0.641,0.345,0.34,0.476,0.219,0.711,0.823,0.32,0.34,0.637,0.351,0.254,0.216,0.298,0.295,0.086,0.181,0.175
0.61,0.61,0.537,0.537,0.589,0.278,0.666,0.577,0.245,0.417,0.577,0.668,0.484,0.589,0.668,0.577,0.484,0.589,0.636,0.484,0.182,0.426,0.182,0.647,0.484,0.666,0.647,0.577,0.625,0.417,0.625,0.426,0.192,0.391,0.545,0.391,0.63,0.545,0.192,0.63,0.75,0.391,0.547,0.706,0.391,0.63,0.587,0.547,0.844,0.547,0.226,0.901,0.657,0.303,0.829,0.303,0.32,0.786,0.786,0.786,0.264,0.829,0.32,0.829,0.657,0.264,0.455,0.893,0.455,0.559,0.559,0.559,0.93,0.755,0.701,0.9,0.339,0.743,0.488,0.339,0.971,0.755,0.557,0.918,0.873,0.557,0.488,0.872,0.947,0.638,0.755,0.666,0.887,0.947,0.473,0.557,0.797,0.473,0.473,0.86,0.583,0.669,0.68,0.583,0.583,0.771,0.96,0.827,0.827,0.835,0.94,0.637,0.977,0.61,0.986,0.594,0.429,0.634,0.974,0.637,0.958,0.976,0.452,0.835,0.925,0.86,0.744,0.898,0.86,0.731,0.829,0.52,0.841,0.922,0.689,0.608,0.879,0.912,0.883,0.608,0.642,0.515,0.864,0.949,0.642,0.687,0.642,0.608,0.856,0.872,0.958,0.888,0.958,0.779,0.921,0.899,0.977,0.883,0.977,0.951,0.972,0.928,0.96,0.915,0.954,0.933,0.933,0.626
0.435,0.435,0.504,0.504,0.144,0.93,0.641,0.786,0.956,0.889,0.786,0.651,0.751,0.144,0.651,0.786,0.751,0.144,0.464,0.751,0.459,0.899,0.459,0.748,0.751,0.641,0.748,0.786,0.739,0.889,0.739,0.899,0.611,0.653,0.549,0.653,0.117,0.549,0.611,0.117,0.262,0.653,0.042,0.096,0.653,0.117,0.456,0.042,0.025,0.042,0.941,0.249,0.178,0.561,0.057,0.561,0.54,0.029,0.029,0.029,0.844,0.057,0.54,0.057,0.178,0.844,0.649,0.02,0.649,0.164,0.164,0.164,0.148,0.124,0.076,0.056,0.018,0.016,0.053,0.018,0.162,0.124,0.07,0.102,0.022,0.07,0.053,0.081,0.178,0.017,0.124,0.084,0.057,0.07,0.014,0.07,0.557,0.014,0.014,0.069,0.053,0.036,0.016,0.053,0.053,0.013,0.044,0.215,0.215,0.19,0.489,0.332,0.01,0.286,0.057,0.017,0.008,0.01,0.011,0.332,0.044,0.01,0.008,0.008,0.08,0.237,0.018,0.822,0.237,0.64,0.004,0.082,0.004,0.49,0.005,0.018,0.78,0.218,0.567,0.018,0.037,0.009,0.592,0.538,0.037,0.004,0.037,0.018,0.612,0.511,0.723,0.563,0.761,0.005,0.828,0.493,0.79,0.577,0.759,0.751,0.725,0.809,0.911,0.831,0.901,0.686,0.737,0.926
0.778,0.778,0.69,0.69,0.54,0.239,0.415,0.302,0.348,0.406,0.302,0.436,0.278,0.54,0.436,0.302,0.278,0.54,0.838,0.278,0.641,0.472,0.641,0.302,0.278,0.415,0.302,0.302,0.297,0.406,0.297,0.472,0.279,0.189,0.412,0.189,0.641,0.412,0.279,0.641,0.723,0.189,0.934,0.401,0.189,0.641,0.854,0.934,0.597,0.934,0.334,0.682,0.355,0.306,0.642,0.306,0.314,0.942,0.942,0.942,0.437,0.642,0.314,0.642,0.355,0.437,0.218,0.576,0.218,0.348,0.348,0.348,0.592,0.698,0.359,0.79,0.806,0.795,0.775,0.806,0.931,0.698,0.397,0.909,0.563,0.397,0.775,0.773,0.945,0.789,0.698,0.386,0.801,0.916,0.774,0.397,0.812,0.774,0.774,0.792,0.769,0.825,0.778,0.769,0.769,0.687,0.741,0.816,0.816,0.787,0.611,0.744,0.755,0.711,0.888,0.789,0.926,0.863,0.668,0.744,0.745,0.673,0.919,0.776,0.847,0.644,0.742,0.787,0.644,0.885,0.703,0.397,0.7,0.588,0.564,0.821,0.75,0.601,0.752,0.821,0.761,0.837,0.107,0.909,0.761,0.738,0.761,0.821,0.109,0.674,0.883,0.593,0.905,0.736,0.93,0.082,0.728,0.576,0.946,0.869,0.947,0.926,0.948,0.911,0.947,0.336,0.42,0.129
0.905,0.905,0.882,0.882,0.463,0.484,0.773,0.703,0.485,0.614,0.703,0.799,0.697,0.463,0.799,0.703,0.697,0.463,0.351,0.697,0.956,0.642,0.956,0.71,0.697,0.773,0.71,0.703,0.726,0.614,0.726,0.642,0.562,0.711,0.761,0.711,0.79,0.761,0.562,0.79,0.758,0.711,0.752,0.69,0.711,0.79,0.394,0.752,0.265,0.752,0.465,0.705,0.305,0.763,0.674,0.763,0.787,0.606,0.606,0.606,0.548,0.674,0.787,0.674,0.305,0.548,0.709,0.292,0.709,0.247,0.247,0.247,0.914,0.559,0.622,0.511,0.515,0.482,0.414,0.515,0.681,0.559,0.593,0.58,0.291,0.593,0.414,0.521,0.708,0.516,0.559,0.641,0.517,0.585,0.412,0.593,0.264,0.412,0.412,0.492,0.444,0.47,0.479,0.444,0.444,0.498,0.589,0.798,0.798,0.754,0.76,0.802,0.595,0.74,0.638,0.514,0.266,0.423,0.641,0.802,0.568,0.63,0.231,0.645,0.771,0.757,0.482,0.649,0.757,0.852,0.737,0.482,0.723,0.788,0.516,0.734,0.429,0.719,0.477,0.734,0.621,0.175,0.43,0.281,0.621,0.638,0.621,0.734,0.455,0.366,0.277,0.451,0.665,0.536,0.73,0.518,0.666,0.448,0.757,0.248,0.747,0.645,0.634,0.694,0.612,0.841,0.758,0.467
0.501,0.501,0.424,0.424,0.824,0.275,0.292,0.475,0.271,0.717,0.475,0.459,0.399,0.824,0.459,0.475,0.399,0.824,0.977,0.399,0.277,0.81,0.277,0.441,0.399,0.292,0.441,0.475,0.414,0.717,0.414,0.81,0.305,0.375,0.247,0.375,0.808,0.247,0.305,0.808,0.693,0.375,0.899,0.394,0.375,0.808,0.968,0.899,0.872,0.899,0.239,0.785,0.871,0.515,0.968,0.515,0.556,0.989,0.989,0.989,0.536,0.968,0.556,0.968,0.871,0.536,0.32,0.793,0.32,0.895,0.895,0.895,0.734,0.592,0.461,0.764,0.821,0.461,0.875,0.821,0.882,0.592,0.79,0.859,0.724,0.79,0.875,0.768,0.93,0.515,0.592,0.374,0.795,0.845,0.794,0.79,0.734,0.794,0.794,0.8,0.726,0.81,0.537,0.726,0.726,0.668,0.754,0.705,0.705,0.735,0.386,0.524,0.429,0.506,0.886,0.605,0.633,0.851,0.574,0.524,0.772,0.579,0.549,0.628,0.821,0.671,0.728,0.471,0.671,0.751,0.639,0.845,0.65,0.346,0.749,0.829,0.341,0.684,0.46,0.829,0.724,0.585,0.854,0.56,0.724,0.679,0.724,0.829,0.906,0.823,0.659,0.796,0.866,0.703,0.894,0.93,0.45,0.804,0.403,0.628,0.37,0.902,0.886,0.822,0.829,0.283,0.273,0.724
0.096,0.096,0.128,0.128,0.378,0.022,0.178,0.121,0.025,0.176,0.121,0.168,0.11,0.378,0.168,0.121,0.11,0.378,0.282,0.11,0.07,0.215,0.07,0.103,0.11,0.178,0.103,0.121,0.124,0.176,0.124,0.215,0.084,0.092,0.178,0.092,0.752,0.178,0.084,0.752,0.021,0.092,0.722,0.925,0.092,0.752,0.254,0.722,0.592,0.722,0.022,0.03,0.249,0.128,0.522,0.128,0.136,0.507,0.507,0.507,0.137,0.522,0.136,0.522,0.249,0.137,0.071,0.506,0.071,0.251,0.251,0.251,0.019,0.684,0.942,0.024,0.439,0.604,0.459,0.439,0.017,0.684,0.295,0.021,0.505,0.295,0.459,0.031,0.019,0.535,0.684,0.937,0.023,0.018,0.403,0.295,0.306,0.403,0.403,0.029,0.342,0.441,0.594,0.342,0.342,0.608,0.013,0.657,0.657,0.651,0.775,0.357,0.584,0.363,0.023,0.534,0.775,0.405,0.654,0.357,0.011,0.69,0.796,0.765,0.013,0.725,0.655,0.87,0.725,0.631,0.79,0.283,0.785,0.798,0.58,0.411,0.84,0.733,0.887,0.411,0.453,0.746,0.724,0.638,0.453,0.454,0.453,0.411,0.718,0.562,0.57,0.546,0.973,0.46,0.967,0.743,0.815,0.558,0.823,0.58,0.844,0.979,0.951,0.958,0.955,0.846,0.834,0.896
0.244,0.244,0.143,0.143,0.794,0.513,0.269,0.656,0.516,0.736,0.656,0.226,0.818,0.794,0.226,0.656,0.818,0.794,0.528,0.818,0.142,0.706,0.142,0.804,0.818,0.269,0.804,0.656,0.715,0.736,0.715,0.706,0.453,0.339,0.288,0.339,0.627,0.288,0.453,0.627,0.747,0.339,0.557,0.923,0.339,0.627,0.566,0.557,0.945,0.557,0.311,0.833,0.559,0.775,0.575,0.775,0.764,0.504,0.504,0.504,0.355,0.575,0.764,0.575,0.559,0.355,0.411,0.855,0.411,0.445,0.445,0.445,0.918,0.786,0.893,0.782,0.674,0.866,0.777,0.674,0.897,0.786,0.532,0.864,0.892,0.532,0.777,0.826,0.906,0.295,0.786,0.863,0.771,0.811,0.436,0.532,0.502,0.436,0.436,0.807,0.384,0.716,0.859,0.384,0.384,0.776,0.814,0.689,0.689,0.813,0.66,0.98,0.826,0.661,0.861,0.259,0.607,0.59,0.898,0.98,0.807,0.863,0.598,0.867,0.822,0.648,0.267,0.698,0.648,0.758,0.959,0.569,0.965,0.679,0.316,0.593,0.68,0.832,0.811,0.593,0.732,0.282,0.891,0.742,0.732,0.392,0.732,0.593,0.875,0.651,0.471,0.726,0.176,0.374,0.13,0.929,0.698,0.659,0.078,0.621,0.086,0.169,0.143,0.156,0.102,0.049,0.084,0.515
0.695,0.695,0.689,0.689,0.49,0.897,0.631,0.449,0.891,0.338,0.449,0.63,0.428,0.49,0.63,0.449,0.428,0.49,0.938,0.428,0.689,0.338,0.689,0.463,0.428,0.631,0.463,0.449,0.488,0.338,0.488,0.338,0.362,0.528,0.58,0.528,0.426,0.58,0.362,0.426,0.479,0.528,0.333,0.365,0.528,0.426,0.97,0.333,0.444,0.333,0.961,0.492,0.327,0.204,0.402,0.204,0.195,0.34,0.34,0.34,0.455,0.402,0.195,0.402,0.327,0.455,0.526,0.543,0.526,0.277,0.277,0.277,0.776,0.457,0.414,0.496,0.195,0.451,0.235,0.195,0.47,0.457,0.377,0.517,0.547,0.377,0.235,0.559,0.529,0.486,0.457,0.393,0.509,0.454,0.359,0.377,0.961,0.359,0.359,0.574,0.37,0.156,0.451,0.37,0.37,0.379,0.69,0.499,0.499,0.419,0.425,0.214,0.905,0.151,0.762,0.49,0.275,0.124,0.93,0.214,0.706,0.918,0.259,0.965,0.67,0.383,0.472,0.706,0.383,0.295,0.95,0.205,0.936,0.308,0.69,0.201,0.708,0.337,0.647,0.201,0.227,0.257,0.322,0.77,0.227,0.683,0.227,0.201,0.312,0.661,0.784,0.713,0.594,0.685,0.55,0.29,0.179,0.715,0.156,0.758,0.154,0.544,0.598,0.602,0.631,0.138,0.134,0.387
0.252,0.252,0.198,0.198,0.085,0.743,0.114,0.249,0.721,0.619,0.249,0.148,0.193,0.085,0.148,0.249,0.193,0.085,0.027,0.193,0.136,0.586,0.136,0.202,0.193,0.114,0.202,0.249,0.245,0.619,0.245,0.586,0.386,0.147,0.126,0.147,0.114,0.126,0.386,0.114,0.432,0.147,0.572,0.792,0.147,0.114,0.027,0.572,0.479,0.572,0.57,0.474,0.182,0.562,0.096,0.562,0.56,0.55,0.55,0.55,0.489,0.096,0.56,0.096,0.182,0.489,0.156,0.524,0.156,0.573,0.573,0.573,0.629,0.198,0.62,0.5,0.309,0.364,0.362,0.309,0.491,0.198,0.173,0.576,0.38,0.173,0.362,0.517,0.505,0.408,0.198,0.586,0.52,0.598,0.704,0.173,0.014,0.704,0.704,0.531,0.707,0.337,0.274,0.707,0.707,0.369,0.806,0.176,0.176,0.196,0.557,0.281,0.945,0.186,0.776,0.289,0.771,0.258,0.97,0.281,0.827,0.968,0.84,0.903,0.764,0.21,0.43,0.26,0.21,0.17,0.932,0.2,0.935,0.567,0.502,0.08,0.271,0.252,0.213,0.08,0.104,0.924,0.368,0.212,0.104,0.435,0.104,0.08,0.425,0.077,0.216,0.074,0.175,0.333,0.117,0.669,0.131,0.091,0.2,0.246,0.227,0.179,0.117,0.153,0.131,0.287,0.215,0.252
0.627,0.627,0.561,0.561,0.515,0.329,0.709,0.681,0.332,0.61,0.681,0.785,0.587,0.515,0.785,0.681,0.587,0.515,0.72,0.587,0.868,0.607,0.868,0.635,0.587,0.709,0.635,0.681,0.746,0.61,0.746,0.607,0.674,0.788,0.823,0.788,0.678,0.823,0.674,0.678,0.537,0.788,0.871,0.338,0.788,0.678,0.915,0.871,0.798,0.871,0.616,0.509,0.595,0.313,0.541,0.313,0.303,0.845,0.845,0.845,0.886,0.541,0.303,0.541,0.595,0.886,0.831,0.759,0.831,0.725,0.725,0.725,0.457,0.541,0.318,0.491,0.358,0.707,0.308,0.358,0.619,0.541,0.748,0.447,0.764,0.748,0.308,0.459,0.604,0.835,0.541,0.422,0.489,0.473,0.357,0.748,0.124,0.357,0.357,0.459,0.452,0.343,0.673,0.452,0.452,0.718,0.415,0.116,0.116,0.026,0.066,0.028,0.099,0.019,0.437,0.84,0.467,0.415,0.093,0.028,0.415,0.085,0.474,0.091,0.557,0.072,0.767,0.959,0.072,0.037,0.082,0.608,0.079,0.045,0.727,0.356,0.919,0.015,0.789,0.356,0.333,0.325,0.173,0.614,0.333,0.779,0.333,0.356,0.21,0.84,0.707,0.856,0.94,0.745,0.936,0.3,0.773,0.858,0.765,0.742,0.766,0.953,0.946,0.951,0.961,0.818,0.831,0.973
0.991,0.991,0.987,0.987,0.113,0.378,0.979,0.974,0.373,0.998,0.974,0.989,0.958,0.113,0.989,0.974,0.958,0.113,0.597,0.958,0.981,0.998,0.981,0.963,0.958,0.979,0.963,0.974,0.979,0.998,0.979,0.998,0.858,0.961,0.979,0.961,0.254,0.979,0.858,0.254,0.761,0.961,0.222,0.583,0.961,0.254,0.81,0.222,0.64,0.222,0.285,0.718,0.013,0.949,0.172,0.949,0.951,0.113,0.113,0.113,0.979,0.172,0.951,0.172,0.013,0.979,0.955,0.699,0.955,0.182,0.182,0.182,0.619,0.127,0.66,0.879,0.047,0.089,0.049,0.047,0.792,0.127,0.03,0.875,0.691,0.03,0.049,0.835,0.789,0.161,0.127,0.662,0.915,0.906,0.179,0.03,0.484,0.179,0.179,0.89,0.17,0.042,0.083,0.17,0.17,0.09,0.712,0.22,0.22,0.209,0.696,0.289,0.756,0.227,0.74,0.14,0.367,0.027,0.548,0.289,0.786,0.47,0.388,0.812,0.626,0.223,0.135,0.191,0.223,0.551,0.653,0.02,0.578,0.724,0.198,0.063,0.208,0.249,0.436,0.063,0.071,0.555,0.559,0.175,0.071,0.153,0.071,0.063,0.542,0.772,0.181,0.843,0.04,0.135,0.051,0.528,0.007,0.845,0.015,0.161,0.018,0.058,0.044,0.061,0.041,0.034,0.04,0.015
0.236,0.236,0.43,0.43,0.426,0.641,0.85,0.445,0.601,0.628,0.445,0.552,0.809,0.426,0.552,0.445,0.809,0.426,0.521,0.809,0.192,0.463,0.192,0.735,0.809,0.85,0.735,0.445,0.394,0.628,0.394,0.463,0.394,0.505,0.468,0.505,0.501,0.468,0.394,0.501,0.116,0.505,0.453,0.369,0.505,0.501,0.504,0.453,0.387,0.453,0.484,0.095,0.69,0.638,0.379,0.638,0.655,0.281,0.281,0.281,0.381,0.379,0.655,0.379,0.69,0.381,0.47,0.407,0.47,0.833,0.833,0.833,0.096,0.418,0.331,0.114,0.82,0.125,0.729,0.82,0.103,0.418,0.793,0.108,0.39,0.793,0.729,0.072,0.044,0.079,0.418,0.377,0.103,0.116,0.874,0.793,0.707,0.874,0.874,0.073,0.881,0.886,0.143,0.881,0.881,0.175,0.091,0.408,0.408,0.39,0.257,0.65,0.472,0.557,0.11,0.083,0.166,0.939,0.55,0.65,0.089,0.568,0.175,0.453,0.097,0.205,0.158,0.034,0.205,0.236,0.513,0.809,0.552,0.265,0.175,0.897,0.073,0.234,0.061,0.897,0.833,0.152,0.923,0.396,0.833,0.084,0.833,0.897,0.898,0.531,0.528,0.596,0.003,0.092,0.004,0.84,0.004,0.634,0.008,0.435,0.01,0.002,0.005,0.005,0.005,0.018,0.034,0.009
0.921,0.921,0.937,0.937,0.655,0.938,0.893,0.774,0.958,0.631,0.774,0.841,0.729,0.655,0.841,0.774,0.729,0.655,0.168,0.729,0.986,0.61,0.986,0.722,0.729,0.893,0.722,0.774,0.764,0.631,0.764,0.61,0.626,0.949,0.962,0.949,0.174,0.962,0.626,0.174,0.897,0.949,0.153,0.887,0.949,0.174,0.198,0.153,0.679,0.153,0.92,0.905,0.849,0.293,0.248,0.293,0.295,0.234,0.234,0.234,0.883,0.248,0.295,0.248,0.849,0.883,0.93,0.721,0.93,0.979,0.979,0.979,0.81,0.721,0.862,0.612,0.613,0.915,0.574,0.613,0.793,0.721,0.617,0.646,0.674,0.617,0.574,0.622,0.704,0.978,0.721,0.871,0.618,0.688,0.899,0.617,0.912,0.899,0.899,0.614,0.951,0.589,0.901,0.951,0.951,0.854,0.603,0.455,0.455,0.34,0.838,0.71,0.55,0.885,0.623,0.974,0.979,0.601,0.569,0.71,0.617,0.566,0.97,0.598,0.795,0.47,0.923,0.83,0.47,0.93,0.596,0.884,0.593,0.816,0.856,0.168,0.843,0.398,0.754,0.168,0.219,0.953,0.576,0.732,0.219,0.904,0.219,0.168,0.592,0.695,0.613,0.729,0.49,0.91,0.513,0.539,0.665,0.748,0.567,0.595,0.575,0.514,0.474,0.514,0.465,0.755,0.749,0.8
0.832,0.832,0.896,0.896,0.312,0.613,0.681,0.827,0.57,0.896,0.827,0.831,0.692,0.312,0.831,0.827,0.692,0.312,0.604,0.692,0.787,0.906,0.787,0.987,0.692,0.681,0.987,0.827,0.964,0.896,0.964,0.906,0.499,0.701,0.696,0.701,0.753,0.696,0.499,0.753,0.558,0.701,0.784,0.023,0.701,0.753,0.841,0.784,0.188,0.784,0.642,0.508,0.245,0.666,0.649,0.666,0.68,0.682,0.682,0.682,0.766,0.649,0.68,0.649,0.245,0.766,0.881,0.122,0.881,0.174,0.174,0.174,0.726,0.376,0.025,0.315,0.519,0.215,0.512,0.519,0.46,0.376,0.252,0.337,0.149,0.252,0.512,0.359,0.535,0.287,0.376,0.023,0.316,0.295,0.391,0.252,0.556,0.391,0.391,0.341,0.397,0.492,0.2,0.397,0.397,0.187,0.341,0.12,0.12,0.135,0.177,0.295,0.885,0.304,0.349,0.269,0.345,0.501,0.873,0.295,0.342,0.867,0.356,0.658,0.552,0.159,0.321,0.955,0.159,0.6,0.754,0.277,0.763,0.218,0.342,0.407,0.946,0.17,0.978,0.407,0.537,0.379,0.376,0.828,0.537,0.328,0.537,0.407,0.347,0.821,0.772,0.71,0.966,0.335,0.985,0.282,0.975,0.782,0.833,0.847,0.859,0.989,0.943,0.984,0.957,0.76,0.808,1.0
0.441,0.441,0.483,0.483,0.043,0.666,0.569,0.564,0.762,0.429,0.564,0.508,0.758,0.043,0.508,0.564,0.758,0.043,0.107,0.758,0.405,0.419,0.405,0.626,0.758,0.569,0.626,0.564,0.462,0.429,0.462,0.419,0.45,0.414,0.331,0.414,0.034,0.331,0.45,0.034,0.953,0.414,0.215,0.173,0.414,0.034,0.137,0.215,0.074,0.215,0.746,0.941,0.753,0.155,0.036,0.155,0.146,0.256,0.256,0.256,0.349,0.036,0.146,0.036,0.753,0.349,0.274,0.074,0.274,0.649,0.649,0.649,0.926,0.131,0.391,0.991,0.816,0.133,0.717,0.816,0.828,0.131,0.8,0.574,0.077,0.8,0.717,0.983,0.7,0.207,0.131,0.324,0.987,0.696,0.632,0.8,0.024,0.632,0.632,0.986,0.356,0.634,0.13,0.356,0.356,0.291,0.964,0.212,0.212,0.197,0.238,0.388,0.85,0.341,0.615,0.236,0.413,0.762,0.767,0.388,0.962,0.775,0.108,0.826,0.727,0.196,0.32,0.533,0.196,0.528,0.836,0.599,0.838,0.168,0.369,0.712,0.549,0.189,0.662,0.712,0.658,0.246,0.366,0.322,0.658,0.241,0.658,0.712,0.343,0.16,0.202,0.098,0.523,0.303,0.391,0.361,0.595,0.117,0.505,0.224,0.531,0.432,0.423,0.421,0.456,0.581,0.699,0.646
0.025,0.025,0.017,0.017,0.542,0.093,0.007,0.043,0.102,0.119,0.043,0.009,0.042,0.542,0.009,0.043,0.042,0.542,0.214,0.042,0.08,0.134,0.08,0.042,0.042,0.007,0.042,0.043,0.052,0.119,0.052,0.134,0.132,0.134,0.029,0.134,0.521,0.029,0.132,0.521,0.834,0.134,0.513,0.118,0.134,0.521,0.465,0.513,0.361,0.513,0.289,0.892,0.266,0.068,0.563,0.068,0.068,0.498,0.498,0.498,0.242,0.563,0.068,0.563,0.266,0.242,0.136,0.355,0.136,0.303,0.303,0.303,0.965,0.277,0.146,0.849,0.308,0.149,0.318,0.308,0.665,0.277,0.554,0.88,0.301,0.554,0.318,0.888,0.698,0.168,0.277,0.139,0.904,0.849,0.465,0.554,0.187,0.465,0.465,0.866,0.449,0.447,0.183,0.449,0.449,0.219,0.989,0.426,0.426,0.578,0.718,0.519,0.985,0.395,0.983,0.208,0.318,0.479,0.983,0.519,0.997,0.979,0.265,0.982,0.929,0.484,0.245,0.448,0.484,0.35,0.989,0.416,0.993,0.642,0.039,0.467,0.478,0.576,0.385,0.467,0.518,0.15,0.556,0.202,0.518,0.081,0.518,0.467,0.643,0.141,0.218,0.147,0.092,0.085,0.111,0.561,0.472,0.159,0.166,0.226,0.14,0.102,0.119,0.123,0.135,0.407,0.478,0.688
0.315,0.315,0.27,0.27,0.674,0.477,0.489,0.555,0.402,0.679,0.555,0.556,0.46,0.674,0.556,0.555,0.46,0.674,0.579,0.46,0.191,0.726,0.191,0.455,0.46,0.489,0.455,0.555,0.512,0.679,0.512,0.726,0.284,0.328,0.271,0.328,0.802,0.271,0.284,0.802,0.213,0.328,0.883,0.084,0.328,0.802,0.577,0.883,0.102,0.883,0.242,0.238,0.647,0.478,0.519,0.478,0.499,0.693,0.693,0.693,0.486,0.519,0.499,0.519,0.647,0.486,0.254,0.164,0.254,0.327,0.327,0.327,0.111,0.893,0.086,0.111,0.582,0.073,0.511,0.582,0.209,0.893,0.58,0.162,0.173,0.58,0.511,0.124,0.162,0.081,0.893,0.094,0.125,0.146,0.302,0.58,0.544,0.302,0.302,0.136,0.199,0.372,0.077,0.199,0.199,0.028,0.089,0.03,0.03,0.017,0.01,0.003,0.018,0.003,0.119,0.081,0.035,0.452,0.012,0.003,0.094,0.013,0.04,0.032,0.123,0.024,0.029,0.775,0.024,0.002,0.03,0.489,0.033,0.01,0.03,0.49,0.771,0.01,0.705,0.49,0.479,0.048,0.218,0.762,0.479,0.098,0.479,0.49,0.215,0.61,0.756,0.528,0.33,0.1,0.41,0.211,0.594,0.511,0.431,0.749,0.392,0.388,0.394,0.407,0.392,0.804,0.788,0.58
0.759,0.759,0.714,0.714,0.872,0.684,0.698,0.633,0.613,0.783,0.633,0.718,0.569,0.872,0.718,0.633,0.569,0.872,0.746,0.569,0.726,0.83,0.726,0.566,0.569,0.698,0.566,0.633,0.619,0.783,0.619,0.83,0.484,0.415,0.707,0.415,0.959,0.707,0.484,0.959,0.372,0.415,0.957,0.337,0.415,0.959,0.644,0.957,0.599,0.957,0.473,0.357,0.999,0.837,0.94,0.837,0.853,0.905,0.905,0.905,0.605,0.94,0.853,0.94,0.999,0.605,0.416,0.792,0.416,0.993,0.993,0.993,0.343,0.895,0.38,0.48,1.0,0.929,0.999,1.0,0.538,0.895,0.891,0.627,0.794,0.891,0.999,0.479,0.536,0.955,0.895,0.325,0.487,0.619,0.985,0.891,0.98,0.985,0.985,0.489,0.93,0.934,0.898,0.93,0.93,0.922,0.564,0.956,0.956,0.97,0.876,0.651,0.381,0.722,0.63,0.941,0.801,0.978,0.416,0.651,0.514,0.452,0.773,0.447,0.546,0.937,0.969,0.287,0.937,0.761,0.559,0.979,0.546,0.871,0.909,0.837,0.233,0.959,0.204,0.837,0.85,0.815,0.442,0.047,0.85,0.882,0.85,0.837,0.495,0.053,0.13,0.06,0.221,0.874,0.242,0.374,0.473,0.06,0.632,0.131,0.651,0.216,0.236,0.177,0.188,0.408,0.483,0.789
0.67,0.67,0.658,0.658,0.058,0.213,0.592,0.53,0.198,0.278,0.53,0.56,0.53,0.058,0.56,0.53,0.53,0.058,0.006,0.53,0.55,0.344,0.55,0.413,0.53,0.592,0.413,0.53,0.411,0.278,0.411,0.344,0.553,0.336,0.444,0.336,0.045,0.444,0.553,0.045,0.658,0.336,0.054,0.946,0.336,0.045,0.005,0.054,0.629,0.054,0.086,0.543,0.062,0.525,0.03,0.525,0.538,0.037,0.037,0.037,0.186,0.03,0.538,0.03,0.062,0.186,0.307,0.639,0.307,0.132,0.132,0.132,0.368,0.043,0.945,0.57,0.067,0.726,0.074,0.067,0.712,0.043,0.144,0.648,0.662,0.144,0.074,0.651,0.609,0.751,0.043,0.948,0.567,0.644,0.125,0.144,0.025,0.125,0.125,0.622,0.121,0.193,0.692,0.121,0.121,0.52,0.551,0.08,0.08,0.071,0.21,0.127,0.469,0.109,0.538,0.721,0.562,0.202,0.556,0.127,0.517,0.57,0.571,0.472,0.479,0.09,0.533,0.145,0.09,0.183,0.393,0.216,0.412,0.215,0.57,0.12,0.117,0.087,0.043,0.12,0.108,0.232,0.762,0.137,0.108,0.769,0.108,0.12,0.766,0.127,0.149,0.136,0.086,0.802,0.073,0.795,0.251,0.147,0.234,0.144,0.238,0.092,0.063,0.056,0.056,0.362,0.263,0.316
0.478,0.478,0.685,0.685,0.533,0.505,0.602,0.717,0.443,0.561,0.717,0.409,0.744,0.533,0.409,0.717,0.744,0.533,0.274,0.744,0.575,0.539,0.575,0.681,0.744,0.602,0.681,0.717,0.635,0.561,0.635,0.539,0.208,0.531,0.46,0.531,0.566,0.46,0.208,0.566,0.688,0.531,0.637,0.654,0.531,0.566,0.199,0.637,0.631,0.637,0.448,0.76,0.517,0.321,0.769,0.321,0.33,0.828,0.828,0.828,0.33,0.769,0.33,0.769,0.517,0.33,0.521,0.558,0.521,0.384,0.384,0.384,0.911,0.381,0.646,0.95,0.57,0.544,0.592,0.57,0.646,0.381,0.196,0.95,0.561,0.196,0.592,0.954,0.654,0.567,0.381,0.638,0.949,0.935,0.526,0.196,0.065,0.526,0.526,0.951,0.535,0.213,0.547,0.535,0.535,0.574,0.907,0.526,0.526,0.575,0.207,0.723,0.811,0.78,0.905,0.596,0.533,0.204,0.796,0.723,0.893,0.794,0.567,0.872,0.749,0.573,0.58,0.799,0.573,0.464,0.826,0.259,0.827,0.227,0.412,0.421,0.758,0.634,0.683,0.421,0.316,0.529,0.824,0.849,0.316,0.422,0.316,0.421,0.817,0.939,0.755,0.935,0.012,0.467,0.028,0.816,0.025,0.957,0.029,0.828,0.03,0.013,0.022,0.022,0.024,0.028,0.019,0.027
0.238,0.238,0.259,0.259,0.992,0.839,0.204,0.117,0.818,0.084,0.117,0.177,0.112,0.992,0.177,0.117,0.112,0.992,0.887,0.112,0.092,0.066,0.092,0.124,0.112,0.204,0.124,0.117,0.115,0.084,0.115,0.066,0.126,0.076,0.12,0.076,0.993,0.12,0.126,0.993,0.518,0.076,0.993,0.339,0.076,0.993,0.87,0.993,0.653,0.993,0.89,0.58,0.889,0.276,0.966,0.276,0.296,0.992,0.992,0.992,0.044,0.966,0.296,0.966,0.889,0.044,0.081,0.81,0.081,0.945,0.945,0.945,0.602,0.99,0.396,0.324,0.908,0.512,0.848,0.908,0.276,0.99,0.96,0.366,0.754,0.96,0.848,0.32,0.278,0.519,0.99,0.441,0.38,0.364,0.878,0.96,0.913,0.878,0.878,0.377,0.803,0.935,0.486,0.803,0.803,0.727,0.447,0.994,0.994,0.995,0.946,0.993,0.252,0.997,0.505,0.499,0.486,0.97,0.265,0.993,0.495,0.274,0.504,0.301,0.462,0.993,0.737,0.161,0.993,0.986,0.336,0.998,0.326,0.939,0.796,0.979,0.181,0.996,0.079,0.979,0.934,0.644,0.677,0.301,0.934,0.586,0.934,0.979,0.668,0.197,0.224,0.245,0.262,0.566,0.484,0.851,0.485,0.218,0.604,0.247,0.615,0.152,0.475,0.539,0.401,0.631,0.53,0.197
0.618,0.618,0.412,0.412,0.037,0.11,0.534,0.426,0.094,0.337,0.426,0.51,0.471,0.037,0.51,0.426,0.471,0.037,0.125,0.471,0.272,0.432,0.272,0.431,0.471,0.534,0.431,0.426,0.451,0.337,0.451,0.432,0.07,0.202,0.297,0.202,0.127,0.297,0.07,0.127,0.628,0.202,0.169,0.621,0.202,0.127,0.127,0.169,0.685,0.169,0.058,0.608,0.239,0.119,0.15,0.119,0.128,0.157,0.157,0.157,0.154,0.15,0.128,0.15,0.239,0.154,0.202,0.515,0.202,0.577,0.577,0.577,0.286,0.076,0.538,0.433,0.398,0.897,0.418,0.398,0.533,0.076,0.379,0.464,0.57,0.379,0.418,0.432,0.522,0.746,0.076,0.498,0.441,0.48,0.786,0.379,0.101,0.786,0.786,0.434,0.713,0.633,0.833,0.713,0.713,0.689,0.316,0.186,0.186,0.193,0.144,0.24,0.329,0.223,0.414,0.739,0.852,0.594,0.328,0.24,0.316,0.343,0.887,0.368,0.42,0.173,0.618,0.216,0.173,0.244,0.424,0.367,0.395,0.198,0.723,0.431,0.152,0.182,0.273,0.431,0.477,0.779,0.643,0.506,0.477,0.86,0.477,0.431,0.623,0.269,0.329,0.327,0.492,0.862,0.474,0.573,0.725,0.277,0.864,0.461,0.905,0.554,0.421,0.351,0.334,0.57,0.477,0.469
0.279,0.279,0.329,0.329,0.339,0.439,0.265,0.294,0.435,0.72,0.294,0.189,0.37,0.339,0.189,0.294,0.37,0.339,0.627,0.37,0.261,0.643,0.261,0.257,0.37,0.265,0.257,0.294,0.234,0.72,0.234,0.643,0.62,0.489,0.174,0.489,0.08,0.174,0.62,0.08,0.251,0.489,0.083,0.7,0.489,0.08,0.561,0.083,0.477,0.083,0.36,0.24,0.095,0.31,0.257,0.31,0.331,0.246,0.246,0.246,0.841,0.257,0.331,0.257,0.095,0.841,0.45,0.46,0.45,0.142,0.142,0.142,0.198,0.296,0.423,0.894,0.059,0.311,0.064,0.059,0.418,0.296,0.183,0.528,0.389,0.183,0.064,0.918,0.43,0.361,0.296,0.442,0.882,0.505,0.186,0.183,0.589,0.186,0.186,0.894,0.188,0.155,0.339,0.188,0.188,0.585,0.773,0.15,0.15,0.14,0.353,0.415,0.856,0.412,0.417,0.354,0.589,0.149,0.778,0.415,0.766,0.811,0.621,0.913,0.372,0.179,0.783,0.423,0.179,0.503,0.951,0.202,0.945,0.459,0.808,0.141,0.39,0.164,0.355,0.141,0.156,0.959,0.609,0.683,0.156,0.523,0.156,0.141,0.601,0.602,0.713,0.67,0.581,0.439,0.579,0.641,0.558,0.648,0.678,0.689,0.683,0.547,0.584,0.553,0.565,0.797,0.771,0.711
0.137,0.137,0.241,0.241,0.925,0.744,0.208,0.442,0.782,0.281,0.442,0.186,0.439,0.925,0.186,0.442,0.439,0.925,0.954,0.439,0.527,0.275,0.527,0.407,0.439,0.208,0.407,0.442,0.439,0.281,0.439,0.275,0.26,0.547,0.295,0.547,0.992,0.295,0.26,0.992,0.974,0.547,0.994,0.132,0.547,0.992,0.9,0.994,0.481,0.994,0.777,0.872,0.961,0.095,0.997,0.095,0.087,0.995,0.995,0.995,0.293,0.997,0.087,0.997,0.961,0.293,0.535,0.464,0.535,0.955,0.955,0.955,0.287,0.968,0.204,0.935,0.938,0.294,0.956,0.938,0.664,0.968,0.932,0.836,0.478,0.932,0.956,0.95,0.755,0.4,0.968,0.216,0.931,0.834,0.91,0.932,0.95,0.91,0.91,0.94,0.925,0.938,0.375,0.925,0.925,0.331,0.967,0.374,0.374,0.347,0.431,0.49,0.822,0.616,0.84,0.533,0.717,0.93,0.884,0.49,0.943,0.856,0.525,0.819,0.676,0.384,0.301,0.43,0.384,0.565,0.791,0.991,0.817,0.407,0.348,0.935,0.409,0.375,0.417,0.935,0.945,0.441,0.285,0.709,0.945,0.557,0.945,0.935,0.284,0.803,0.804,0.85,0.227,0.611,0.207,0.246,0.589,0.848,0.718,0.781,0.783,0.207,0.227,0.194,0.217,0.508,0.485,0.016
0.649,0.649,0.586,0.586,0.271,0.853,0.719,0.752,0.841,0.466,0.752,0.632,0.819,0.271,0.632,0.752,0.819,0.271,0.756,0.819,0.847,0.469,0.847,0.776,0.819,0.719,0.776,0.752,0.647,0.466,0.647,0.469,0.563,0.787,0.748,0.787,0.225,0.748,0.563,0.225,0.983,0.787,0.063,0.5,0.787,0.225,0.774,0.063,0.588,0.063,0.97,0.99,0.155,0.538,0.196,0.538,0.525,0.043,0.043,0.043,0.557,0.196,0.525,0.196,0.155,0.557,0.731,0.738,0.731,0.093,0.093,0.093,0.996,0.256,0.583,0.975,0.064,0.829,0.12,0.064,0.979,0.256,0.406,0.976,0.644,0.406,0.12,0.972,0.977,0.49,0.256,0.435,0.968,0.982,0.038,0.406,0.381,0.038,0.038,0.97,0.023,0.046,0.857,0.023,0.023,0.634,0.977,0.52,0.52,0.519,0.621,0.597,0.964,0.592,0.98,0.515,0.404,0.053,0.967,0.597,0.964,0.966,0.463,0.945,0.99,0.613,0.342,0.131,0.613,0.621,0.99,0.268,0.981,0.833,0.293,0.09,0.127,0.623,0.135,0.09,0.151,0.542,0.492,0.286,0.151,0.364,0.151,0.09,0.521,0.115,0.233,0.104,0.16,0.359,0.198,0.65,0.262,0.108,0.301,0.241,0.286,0.212,0.156,0.179,0.138,0.528,0.469,0.288
0.817,0.817,0.643,0.643,0.628,0.324,0.713,0.621,0.353,0.541,0.621,0.792,0.597,0.628,0.792,0.621,0.597,0.628,0.805,0.597,0.68,0.546,0.68,0.602,0.597,0.713,0.602,0.621,0.509,0.541,0.509,0.546,0.258,0.356,0.565,0.356,0.947,0.565,0.258,0.947,0.094,0.356,0.945,0.693,0.356,0.947,0.921,0.945,0.359,0.945,0.147,0.092,0.808,0.457,0.923,0.457,0.452,0.91,0.91,0.91,0.308,0.923,0.452,0.923,0.808,0.308,0.351,0.344,0.351,0.646,0.646,0.646,0.083,0.642,0.651,0.356,0.637,0.753,0.581,0.637,0.313,0.642,0.801,0.346,0.338,0.801,0.581,0.341,0.341,0.72,0.642,0.655,0.423,0.342,0.443,0.801,0.595,0.443,0.443,0.42,0.477,0.717,0.802,0.477,0.477,0.657,0.667,0.924,0.924,0.884,0.558,0.618,0.666,0.595,0.511,0.714,0.618,0.701,0.666,0.618,0.684,0.655,0.577,0.648,0.635,0.851,0.6,0.062,0.851,0.382,0.675,0.735,0.671,0.551,0.36,0.535,0.065,0.792,0.084,0.535,0.496,0.631,0.773,0.091,0.496,0.476,0.496,0.535,0.731,0.459,0.066,0.372,0.224,0.466,0.228,0.702,0.483,0.397,0.563,0.062,0.556,0.257,0.19,0.252,0.214,0.536,0.575,0.426
0.942,0.942,0.906,0.906,0.602,0.336,0.978,1.0,0.349,0.963,1.0,0.986,0.995,0.602,0.986,1.0,0.995,0.602,0.74,0.995,0.714,0.978,0.714,0.985,0.995,0.978,0.985,1.0,0.996,0.963,0.996,0.978,0.491,0.92,0.863,0.92,0.498,0.863,0.491,0.498,0.869,0.92,0.554,0.743,0.92,0.498,0.607,0.554,0.571,0.554,0.24,0.884,0.442,0.749,0.702,0.749,0.774,0.742,0.742,0.742,0.778,0.702,0.774,0.702,0.442,0.778,0.918,0.585,0.918,0.307,0.307,0.307,0.479,0.486,0.738,0.808,0.672,0.747,0.676,0.672,0.862,0.486,0.596,0.839,0.583,0.596,0.676,0.798,0.896,0.77,0.486,0.651,0.786,0.846,0.445,0.596,0.699,0.445,0.445,0.787,0.442,0.695,0.726,0.442,0.442,0.702,0.851,0.489,0.489,0.523,0.846,0.85,0.65,0.79,0.931,0.77,0.405,0.684,0.598,0.85,0.828,0.602,0.373,0.679,0.938,0.679,0.756,0.483,0.679,0.863,0.477,0.486,0.506,0.844,0.763,0.882,0.731,0.708,0.474,0.882,0.877,0.518,0.672,0.476,0.877,0.77,0.877,0.882,0.647,0.735,0.448,0.748,0.694,0.761,0.665,0.599,0.492,0.76,0.232,0.445,0.236,0.632,0.811,0.786,0.841,0.174,0.297,0.045
0.146,0.146,0.264,0.264,0.796,0.154,0.567,0.758,0.181,0.931,0.758,0.633,0.767,0.796,0.633,0.758,0.767,0.796,0.426,0.767,0.196,0.961,0.196,0.611,0.767,0.567,0.611,0.758,0.654,0.931,0.654,0.961,0.795,0.855,0.681,0.855,0.535,0.681,0.795,0.535,0.614,0.855,0.57,0.564,0.855,0.535,0.636,0.57,0.498,0.57,0.131,0.562,0.766,0.734,0.687,0.734,0.767,0.695,0.695,0.695,0.961,0.687,0.767,0.687,0.766,0.961,0.8,0.331,0.8,0.623,0.623,0.623,0.707,0.72,0.364,0.685,0.91,0.692,0.913,0.91,0.838,0.72,0.731,0.625,0.471,0.731,0.913,0.671,0.806,0.606,0.72,0.382,0.685,0.646,0.934,0.731,0.685,0.934,0.934,0.66,0.944,0.908,0.732,0.944,0.944,0.889,0.615,0.595,0.595,0.674,0.463,0.837,0.951,0.824,0.565,0.58,0.16,0.934,0.947,0.837,0.574,0.941,0.147,0.7,0.718,0.453,0.873,0.503,0.453,0.641,0.645,0.701,0.649,0.433,0.824,0.795,0.396,0.53,0.577,0.795,0.784,0.202,0.148,0.238,0.784,0.768,0.784,0.795,0.14,0.178,0.246,0.11,0.611,0.78,0.501,0.114,0.102,0.14,0.095,0.215,0.061,0.599,0.508,0.374,0.364,0.123,0.142,0.443
0.75,0.75,0.818,0.818,0.33,0.77,0.856,0.955,0.757,0.814,0.955,0.73,0.996,0.33,0.73,0.955,0.996,0.33,0.966,0.996,0.556,0.798,0.556,0.998,0.996,0.856,0.998,0.955,0.967,0.814,0.967,0.798,0.312,0.797,0.635,0.797,0.402,0.635,0.312,0.402,0.472,0.797,0.461,0.707,0.797,0.402,0.957,0.461,0.673,0.461,0.536,0.462,0.074,0.504,0.463,0.504,0.546,0.529,0.529,0.529,0.576,0.463,0.546,0.463,0.074,0.576,0.819,0.761,0.819,0.229,0.229,0.229,0.328,0.371,0.866,0.308,0.167,0.924,0.07,0.167,0.308,0.371,0.106,0.222,0.785,0.106,0.07,0.282,0.249,0.456,0.371,0.886,0.311,0.228,0.129,0.106,0.817,0.129,0.129,0.335,0.051,0.161,0.916,0.051,0.051,0.805,0.307,0.157,0.157,0.176,0.048,0.323,0.169,0.338,0.249,0.448,0.39,0.294,0.147,0.323,0.301,0.132,0.415,0.176,0.3,0.138,0.279,0.562,0.138,0.162,0.175,0.127,0.155,0.046,0.303,0.339,0.483,0.177,0.59,0.339,0.223,0.215,0.812,0.328,0.223,0.463,0.223,0.339,0.793,0.335,0.315,0.464,0.591,0.465,0.473,0.735,0.429,0.498,0.539,0.334,0.55,0.474,0.521,0.416,0.461,0.752,0.705,0.613
0.774,0.774,0.853,0.853,0.148,0.834,0.755,0.64,0.848,0.854,0.64,0.732,0.828,0.148,0.732,0.64,0.828,0.148,0.142,0.828,0.661,0.753,0.661,0.872,0.828,0.755,0.872,0.64,0.756,0.854,0.756,0.753,0.915,0.845,0.674,0.845,0.438,0.674,0.915,0.438,0.645,0.845,0.681,0.744,0.845,0.438,0.315,0.681,0.337,0.681,0.581,0.681,0.32,0.905,0.382,0.905,0.895,0.581,0.581,0.581,0.859,0.382,0.895,0.382,0.32,0.859,0.924,0.289,0.924,0.286,0.286,0.286,0.428,0.059,0.757,0.655,0.702,0.303,0.833,0.702,0.781,0.059,0.328,0.66,0.303,0.328,0.833,0.653,0.752,0.235,0.059,0.794,0.663,0.691,0.641,0.328,0.004,0.641,0.641,0.585,0.734,0.774,0.301,0.734,0.734,0.351,0.501,0.625,0.625,0.612,0.83,0.386,0.895,0.393,0.517,0.253,0.709,0.668,0.92,0.386,0.493,0.927,0.738,0.968,0.551,0.426,0.268,0.428,0.426,0.218,0.972,0.306,0.952,0.735,0.407,0.511,0.462,0.445,0.459,0.511,0.632,0.563,0.963,0.179,0.632,0.295,0.632,0.511,0.957,0.194,0.237,0.192,0.321,0.286,0.28,0.962,0.305,0.176,0.273,0.33,0.3,0.324,0.279,0.26,0.254,0.293,0.299,0.158
0.397,0.397,0.438,0.438,0.039,0.587,0.803,0.693,0.551,0.511,0.693,0.861,0.64,0.039,0.861,0.693,0.64,0.039,0.183,0.64,0.285,0.538,0.285,0.603,0.64,0.803,0.603,0.693,0.671,0.511,0.671,0.538,0.816,0.774,0.869,0.774,0.244,0.869,0.816,0.244,0.954,0.774,0.354,0.734,0.774,0.244,0.142,0.354,0.635,0.354,0.628,0.975,0.099,0.917,0.28,0.917,0.915,0.294,0.294,0.294,0.546,0.28,0.915,0.28,0.099,0.546,0.683,0.736,0.683,0.23,0.23,0.23,0.984,0.03,0.718,0.979,0.15,0.696,0.212,0.15,0.99,0.03,0.101,0.985,0.728,0.101,0.212,0.98,0.99,0.643,0.03,0.71,0.96,0.986,0.27,0.101,0.174,0.27,0.27,0.967,0.296,0.194,0.674,0.296,0.296,0.706,0.953,0.395,0.395,0.328,0.153,0.235,0.562,0.266,0.976,0.633,0.481,0.209,0.685,0.235,0.973,0.681,0.454,0.78,0.992,0.452,0.689,0.379,0.452,0.051,0.878,0.098,0.885,0.095,0.647,0.332,0.43,0.366,0.464,0.332,0.31,0.286,0.379,0.267,0.31,0.705,0.31,0.332,0.377,0.213,0.252,0.189,0.784,0.697,0.908,0.359,0.911,0.217,0.948,0.308,0.919,0.792,0.889,0.858,0.848,0.972,0.959,0.885
0.189,0.189,0.159,0.159,0.667,0.184,0.346,0.307,0.168,0.17,0.307,0.359,0.259,0.667,0.359,0.307,0.259,0.667,0.477,0.259,0.245,0.18,0.245,0.282,0.259,0.346,0.282,0.307,0.322,0.17,0.322,0.18,0.159,0.296,0.452,0.296,0.611,0.452,0.159,0.611,0.323,0.296,0.495,0.588,0.296,0.611,0.34,0.495,0.854,0.495,0.085,0.41,0.513,0.157,0.375,0.157,0.164,0.382,0.382,0.382,0.202,0.375,0.164,0.375,0.513,0.202,0.348,0.77,0.348,0.3,0.3,0.3,0.415,0.659,0.562,0.825,0.245,0.879,0.206,0.245,0.432,0.659,0.551,0.842,0.825,0.551,0.206,0.781,0.425,0.634,0.659,0.608,0.817,0.875,0.126,0.551,0.488,0.126,0.126,0.771,0.113,0.421,0.864,0.113,0.113,0.87,0.575,0.842,0.842,0.829,0.78,0.797,0.914,0.822,0.714,0.598,0.782,0.421,0.907,0.797,0.56,0.905,0.78,0.941,0.333,0.8,0.581,0.889,0.8,0.85,0.933,0.665,0.934,0.73,0.809,0.371,0.897,0.837,0.838,0.371,0.365,0.833,0.915,0.632,0.365,0.733,0.365,0.371,0.879,0.671,0.544,0.657,0.463,0.768,0.351,0.813,0.038,0.664,0.155,0.556,0.143,0.48,0.376,0.399,0.403,0.255,0.282,0.244
0.387,0.387,0.466,0.466,0.248,0.558,0.849,0.84,0.522,0.695,0.84,0.854,0.878,0.248,0.854,0.84,0.878,0.248,0.472,0.878,0.384,0.709,0.384,0.901,0.878,0.849,0.901,0.84,0.861,0.695,0.861,0.709,0.296,0.634,0.592,0.634,0.283,0.592,0.296,0.283,0.62,0.634,0.29,0.828,0.634,0.283,0.45,0.29,0.507,0.29,0.325,0.523,0.181,0.381,0.258,0.381,0.384,0.263,0.263,0.263,0.579,0.258,0.384,0.258,0.181,0.579,0.674,0.454,0.674,0.295,0.295,0.295,0.414,0.262,0.996,0.7,0.184,0.796,0.143,0.184,0.894,0.262,0.09,0.873,0.439,0.09,0.143,0.687,0.88,0.731,0.262,0.99,0.749,0.889,0.348,0.09,0.048,0.348,0.348,0.729,0.323,0.489,0.79,0.323,0.323,0.725,0.558,0.343,0.343,0.373,0.382,0.275,0.313,0.455,0.733,0.68,0.948,0.497,0.306,0.275,0.582,0.307,0.931,0.438,0.705,0.293,0.788,0.346,0.293,0.307,0.422,0.512,0.419,0.289,0.816,0.127,0.406,0.301,0.441,0.127,0.118,0.841,0.41,0.337,0.118,0.797,0.118,0.127,0.39,0.448,0.227,0.395,0.716,0.804,0.709,0.299,0.392,0.322,0.209,0.214,0.211,0.741,0.666,0.737,0.702,0.457,0.543,0.811
0.981,0.981,0.981,0.981,0.954,0.128,0.991,0.998,0.125,0.965,0.998,0.998,0.998,0.954,0.998,0.998,0.998,0.954,0.366,0.998,0.951,0.931,0.951,0.992,0.998,0.991,0.992,0.998,0.997,0.965,0.997,0.931,0.878,0.999,1.0,0.999,0.531,1.0,0.878,0.531,0.019,0.999,0.465,0.182,0.999,0.531,0.215,0.465,0.142,0.465,0.088,0.021,0.798,0.733,0.309,0.733,0.752,0.279,0.279,0.279,0.984,0.309,0.752,0.309,0.798,0.984,0.993,0.098,0.993,0.789,0.789,0.789,0.026,0.911,0.24,0.01,0.849,0.155,0.85,0.849,0.016,0.911,0.82,0.033,0.104,0.82,0.85,0.015,0.02,0.243,0.911,0.287,0.01,0.026,0.736,0.82,0.584,0.736,0.736,0.013,0.678,0.867,0.158,0.678,0.678,0.249,0.015,0.832,0.832,0.83,0.959,0.923,0.21,0.959,0.029,0.216,0.308,0.859,0.194,0.923,0.018,0.191,0.311,0.261,0.022,0.839,0.271,0.675,0.839,1.0,0.217,0.821,0.255,0.935,0.288,0.846,0.665,0.84,0.786,0.846,0.737,0.284,0.35,0.822,0.737,0.366,0.737,0.846,0.364,0.907,0.732,0.905,0.794,0.356,0.822,0.513,0.365,0.917,0.238,0.76,0.269,0.768,0.857,0.777,0.797,0.348,0.326,0.278
