scan_000,scan_001,scan_002,scan_003,scan_004,scan_005,scan_006,scan_007,scan_008,scan_009,scan_010,scan_011,scan_012,scan_013,scan_014,scan_015,scan_016,scan_017,scan_018,scan_019,scan_020,scan_021,scan_022,scan_023,scan_024,scan_025,scan_026,scan_027,scan_028,scan_029,scan_030,scan_031,scan_032,scan_033,scan_034,scan_035,scan_036,scan_037,scan_038,scan_039,scan_040,scan_041,scan_042,scan_043,scan_044,scan_045,scan_046,scan_047,scan_048,scan_049,scan_050,scan_051,scan_052,scan_053,scan_054,scan_055,scan_056,scan_057,scan_058,scan_059,scan_060,scan_061,scan_062,scan_063,scan_064,scan_065,scan_066,scan_067,scan_068,scan_069,scan_070,scan_071,scan_072,scan_073,scan_074,scan_075,scan_076,scan_077,scan_078,scan_079,scan_080,scan_081,scan_082,scan_083,scan_084,scan_085,scan_086,scan_087,scan_088,scan_089,scan_090,scan_091,scan_092,scan_093,scan_094,scan_095,scan_096,scan_097,scan_098,scan_099,scan_100,scan_101,scan_102,scan_103,scan_104,scan_105,scan_106,scan_107,scan_108,scan_109,scan_110,scan_111,scan_112,scan_113,scan_114,scan_115,scan_116,scan_117,scan_118,scan_119,scan_120,scan_121,scan_122,scan_123,scan_124,scan_125,scan_126,scan_127,scan_128,scan_129,scan_130,scan_131,scan_132,scan_133,scan_134,scan_135,scan_136,scan_137,scan_138,scan_139,scan_140,scan_141,scan_142,scan_143,scan_144,scan_145,scan_146,scan_147,scan_148,scan_149,scan_150,scan_151,scan_152,scan_153,scan_154,scan_155,scan_156,scan_157,scan_158,scan_159,scan_160,scan_161,scan_162,scan_163,scan_164,scan_165,scan_166,scan_167
26.450879373699642,26.450879373699642,19.57880878200462,19.57880878200462,3.0799290719299086,51.01072139674775,17.664564912816093,16.391836867869937,48.679924137422894,12.1940249082658,16.391836867869937,24.33367724939877,14.808769236848152,3.0799290719299086,24.33367724939877,16.391836867869937,14.808769236848152,3.0799290719299086,10.275107009010313,14.808769236848152,15.673025154773867,14.758503512066293,15.673025154773867,17.110942058545845,14.808769236848152,17.664564912816093,17.110942058545845,16.391836867869937,17.46805142730447,12.1940249082658,17.46805142730447,14.758503512066293,10.548409306019682,16.090700717649554,19.70257071892048,16.090700717649554,4.038575934963829,19.70257071892048,10.548409306019682,4.038575934963829,39.03568107400504,16.090700717649554,4.179711702189723,4.892910899959149,16.090700717649554,4.038575934963829,10.101099645397728,4.179711702189723,6.2330697179797925,4.179711702189723,46.46667979634867,44.863033763097285,2.174662347009347,15.71273474212522,3.8737956797293225,15.71273474212522,16.081762150200763,3.984438034983175,3.984438034983175,3.984438034983175,13.80411098807537,3.8737956797293225,16.081762150200763,3.8737956797293225,2.174662347009347,13.80411098807537,15.328143803492612,5.288686175519617,15.328143803492612,1.2424024856546299,1.2424024856546299,1.2424024856546299,48.00173595792852,2.8679902987430523,3.7714643768180056,8.271995503721524,2.6543005430576536,7.649435199642248,2.3335766158918227,2.6543005430576536,55.83346173489172,2.8679902987430523,2.598678439156654,10.21978923084924,5.030200788708312,2.598678439156654,2.3335766158918227,9.853407153408268,59.079661182992275,7.187014375978037,2.8679902987430523,2.739310628799995,8.633199187879093,7.959835503690163,1.4815351502058147,2.598678439156654,7.855665073950854,1.4815351502058147,1.4815351502058147,10.057035750496077,1.4631887643481574,2.531956845003438,7.2020324378292635,1.4631887643481574,1.4631887643481574,8.446660678602663,10.368124406309585,9.607512032689145,9.607512032689145,8.898351116651673,8.138720577129316,5.722261718636914,2.1333053079291955,6.251103151230505,10.915109331008445,7.243643273565447,6.032029868042133,2.6069252270744183,1.9363528610398073,5.722261718636914,9.848094004971426,1.5728850969255117,10.002370541881595,1.8564351807048722,65.33040487031684,9.548843096339471,5.964632644781926,4.6758341768495315,9.548843096339471,3.893578706119961,1.8374067725334482,2.358814204746435,1.2233210774754293,8.31487729627012,4.66476662727943,4.709077299212777,4.817809009638121,9.17003152592442,4.262814870134872,4.709077299212777,4.699238035687702,11.082470349033734,5.789059343024078,5.687028488822112,4.699238035687702,6.902492158198647,4.699238035687702,4.709077299212777,6.102044488801668,6.050420360548471,7.997007535408013,6.264452973045858,97.27235576391885,7.161786119391259,110.70478613221317,8.231714781394372,115.5081876989698,6.262559472190645,117.85222992222066,7.613640098335033,118.85596610326562,97.34045479604656,111.43439490678541,111.96288855818625,113.33970002613286,119.29388733685158,113.63971631891005,106.4020571694386
23.574897836278335,23.574897836278335,20.412114864413244,20.412114864413244,6.697960040423808,9.195703583428196,25.316991425026554,8.661363943940598,10.403128200072006,6.728828925114144,8.661363943940598,19.26571061397008,9.023464843289432,6.697960040423808,19.26571061397008,8.661363943940598,9.023464843289432,6.697960040423808,1.4365493907780895,9.023464843289432,19.368126009151943,5.503636309896146,19.368126009151943,5.79997927723098,9.023464843289432,25.316991425026554,5.79997927723098,8.661363943940598,6.451938181255855,6.728828925114144,6.451938181255855,5.503636309896146,3.191809003139859,6.660792739737394,18.50834954444685,6.660792739737394,4.877568765670185,18.50834954444685,3.191809003139859,4.877568765670185,27.159119867413573,6.660792739737394,5.052672621041111,8.67731512218135,6.660792739737394,4.877568765670185,1.5065400631598282,5.052672621041111,10.723010970273057,5.052672621041111,9.04117562915709,23.771572543971796,4.410527405550812,2.640591291004281,4.7205836458963875,2.640591291004281,2.5301165239200762,5.2402597346809,5.2402597346809,5.2402597346809,6.8296987978737,4.7205836458963875,2.5301165239200762,4.7205836458963875,4.410527405550812,6.8296987978737,5.421174288839024,10.336097997876818,5.421174288839024,4.030523487869741,4.030523487869741,4.030523487869741,32.005157678879385,6.390994444132612,8.42563417385814,25.751190794003204,5.937508285036852,15.387499871147364,5.149796997584979,5.937508285036852,48.681495085163256,6.390994444132612,6.399274793186365,39.24468728634798,10.552478785295893,6.399274793186365,5.149796997584979,24.176166734742043,42.88807714705279,22.022514832274638,6.390994444132612,8.458513012246843,29.156038413467297,40.589624456367275,4.59439316367573,6.399274793186365,2.9320647771426818,4.59439316367573,4.59439316367573,26.605714402558895,4.488297428244224,4.6855699053096425,16.298190509923884,4.488297428244224,4.488297428244224,17.051944114129416,23.321142963089777,6.35668312451258,6.35668312451258,6.195736790763129,6.297033323312002,6.624528465568013,16.0553531141623,6.448231661298236,44.94990355972699,22.3907395655046,17.045933857316054,5.6963586881448816,14.640082208181788,6.624528465568013,22.940610548404678,14.85622286040185,17.324769551267675,16.014270649830127,47.31531933793767,6.335224253308187,20.502341117016304,30.33127543946185,6.335224253308187,6.285511989909842,15.417381046020342,4.9281597947347775,15.807044423258489,6.360357945296853,20.36113574969826,6.054255464609501,24.906609875148924,6.190901663284721,24.01651203458128,6.054255464609501,5.374585664564181,19.28884032750496,46.41500386061987,7.695604114379509,5.374585664564181,21.6452269880812,5.374585664564181,6.054255464609501,46.26745516074648,8.08786541067323,8.330402254900209,6.997676354436291,45.91984606051354,21.978895243446274,53.13721120340518,57.88053728289585,21.089720179681642,7.128935542445369,37.141016093040626,8.342333208252722,34.14798497667766,44.09795914615352,55.283815472235574,50.12302234702011,51.26693395290077,48.09714192744132,48.34111052648787,33.896052099559284
26.474228513138634,26.474228513138634,25.365635867419204,25.365635867419204,2.70629576683593,11.33879622096654,26.783131497390656,29.008375547291127,11.843471226986791,30.252920842494202,29.008375547291127,27.962925101922266,28.59558435928978,2.70629576683593,27.962925101922266,29.008375547291127,28.59558435928978,2.70629576683593,2.238474411160986,28.59558435928978,17.648375346066103,28.150740346771027,17.648375346066103,27.352571975762782,28.59558435928978,26.783131497390656,27.352571975762782,29.008375547291127,28.740134816944437,30.252920842494202,28.740134816944437,28.150740346771027,11.67313072754722,21.597838704592373,19.5719481726982,21.597838704592373,1.9299990820855788,19.5719481726982,11.67313072754722,1.9299990820855788,84.49260751787902,21.597838704592373,1.7450802721175716,5.7290074405365825,21.597838704592373,1.9299990820855788,1.6356791199056928,1.7450802721175716,9.808967429417407,1.7450802721175716,19.1633965017672,74.98510368394287,1.888637479810128,11.208190192676959,1.7244190472190484,11.208190192676959,11.106317155458758,1.4780198351789162,1.4780198351789162,1.4780198351789162,22.113854087304862,1.7244190472190484,11.106317155458758,1.7244190472190484,1.888637479810128,22.113854087304862,21.30025012600596,9.899333408265626,21.30025012600596,1.6483199779179782,1.6483199779179782,1.6483199779179782,82.61236618302611,3.3563787276226633,3.7785228114369978,106.40403087811629,1.5675754593601121,14.243152730321784,1.412684994559003,1.5675754593601121,95.49999846550897,3.3563787276226633,2.0432292103554177,117.00824099081146,10.216830138869627,2.0432292103554177,1.412684994559003,108.15818111060113,100.8247030327558,16.846496257208052,3.3563787276226633,4.512440982940833,93.07683754543397,115.59466680386245,1.241698465898115,2.0432292103554177,4.059519366899708,1.241698465898115,1.241698465898115,108.53787189488133,0.9580419541075508,1.8211596192404857,13.909165985669878,0.9580419541075508,0.9580419541075508,13.00587907398461,110.64941665095772,2.256952740259631,2.256952740259631,2.1366342723534624,13.944234798048846,3.0326868372468194,38.29021404186688,3.1006417158606867,113.31668130322088,13.91264363141029,13.947247602536233,1.8802262275806543,37.82704152694771,3.0326868372468194,98.08744521773292,37.99589511753152,16.502090814833238,46.85244366548046,102.37645848995811,2.279558667922757,10.048591955197402,15.187357485976557,2.279558667922757,18.313331590706778,46.379309058533686,2.2760746541411083,48.828081581973606,15.12581259059309,11.510450159515038,1.4802260955472493,15.532831410643535,2.1582489814041192,14.128818911966691,1.4802260955472493,1.5385797350943329,12.071270937574514,42.204960643868894,5.817050049821727,1.5385797350943329,16.81344326209511,1.5385797350943329,1.4802260955472493,42.16122238211974,6.164441695723745,4.7821668013561744,5.709430937426676,14.04631353340401,14.480808995524272,11.530553403569378,53.9203140769359,6.998892400722811,5.427884149405334,6.421976933873109,4.872656937522111,6.189780035679047,13.25363858745563,12.3172629332828,13.143157072465016,13.995281784218447,12.061913605902031,13.465305353076305,11.566920987645153
8.15565034414233,8.15565034414233,8.42705930795751,8.42705930795751,9.824905530006339,6.233790666060386,5.207919693777844,4.439747834110164,7.407625518177284,5.364525263071946,4.439747834110164,4.982701578130265,4.7401870765418765,9.824905530006339,4.982701578130265,4.439747834110164,4.7401870765418765,9.824905530006339,14.266774778374442,4.7401870765418765,7.7584357986305665,4.558002476824667,7.7584357986305665,4.734676399473993,4.7401870765418765,5.207919693777844,4.734676399473993,4.439747834110164,4.2062665526743,5.364525263071946,4.2062665526743,4.558002476824667,3.1375665131456496,6.0754990619382,6.517834441019896,6.0754990619382,6.714906544468391,6.517834441019896,3.1375665131456496,6.714906544468391,23.90627725401911,6.0754990619382,7.757671613939079,3.8140690635095353,6.0754990619382,6.714906544468391,15.426067939348206,7.757671613939079,5.477524674127001,7.757671613939079,6.995791743494735,25.290778710346157,2.893595776260514,2.371050370085304,12.303506095452986,2.371050370085304,2.3057726223952617,14.35972197228627,14.35972197228627,14.35972197228627,6.988691199148099,12.303506095452986,2.3057726223952617,12.303506095452986,2.893595776260514,6.988691199148099,6.0141832991356265,4.5993174604706635,6.0141832991356265,3.1655029534396446,3.1655029534396446,3.1655029534396446,20.22784253509546,10.335054649530479,3.040333070074647,13.006882285328,2.710602888854516,14.50298611794542,2.7811426566769715,2.710602888854516,26.133950718460753,10.335054649530479,2.2683423013434987,18.796551280789107,3.9772123277983606,2.2683423013434987,2.7811426566769715,9.395443395628199,21.297301642440438,19.26234933580283,10.335054649530479,3.022972410072926,13.012701255781135,23.84705057626203,3.468516993554788,2.2683423013434987,19.169166666491066,3.468516993554788,3.468516993554788,9.166359021831749,3.468515723503283,2.941776369074922,14.398852747314223,3.468515723503283,3.468515723503283,15.699585202073505,8.864160447421567,14.52363950087665,14.52363950087665,14.324760289659364,13.14703427294995,8.033817152884433,4.515093473462986,7.943270568529538,18.765268754369366,18.824141330699156,14.980363506879018,3.109181833950878,6.321069366356534,8.033817152884433,10.808452566751063,5.98008942769308,14.044636151191204,10.900487234076348,26.26096661288695,13.619569042419622,18.21088666101665,24.869631439567208,13.619569042419622,11.207143140200047,12.788490728501033,3.1827741211047957,12.251907814201362,12.93778165611944,17.61937551946901,2.8822541177296594,27.506004581903923,13.375131732194337,21.358042527284606,2.8822541177296594,3.1468462376833624,16.34214741139297,52.14311338613595,1.8744541854994037,3.1468462376833624,19.886070356732525,3.1468462376833624,2.8822541177296594,52.9430537740959,1.8201475119263826,2.4783661410587055,1.9518743917860608,18.540754593718045,19.214316714820292,26.365049623867904,50.290364407040066,16.16402506772886,1.989853267709435,19.088753505179984,2.57435772268963,18.72046761947372,19.155326468684507,25.882762239204496,27.68094522262715,27.21697070025467,24.378336740814397,25.751579527677926,18.2706718733855
21.109816036844183,21.109816036844183,24.75425575619611,24.75425575619611,0.6169236272517249,11.507614061704619,26.530198477994105,24.630945062446184,12.53309880134809,28.233464883134342,24.630945062446184,22.515745733343703,26.127519782467704,0.6169236272517249,22.515745733343703,24.630945062446184,26.127519782467704,0.6169236272517249,1.2860700614803318,26.127519782467704,17.472254484755762,27.92277692762045,17.472254484755762,26.715723287161435,26.127519782467704,26.530198477994105,26.715723287161435,24.630945062446184,25.87076522770372,28.233464883134342,25.87076522770372,27.92277692762045,16.22826179722374,21.91621754490334,23.19043885747383,21.91621754490334,2.9795089071701555,23.19043885747383,16.22826179722374,2.9795089071701555,57.546534945200115,21.91621754490334,2.7678470031255316,4.830229059559333,21.91621754490334,2.9795089071701555,1.3737351806175868,2.7678470031255316,14.378927501001899,2.7678470031255316,17.302995936968838,52.57391706316525,1.3648135768138592,13.029675845219991,2.8321576554499517,13.029675845219991,12.91891887338081,2.581093621368411,2.581093621368411,2.581093621368411,28.449012153960854,2.8321576554499517,12.91891887338081,2.8321576554499517,1.3648135768138592,28.449012153960854,24.790536999875837,10.127336965265393,24.790536999875837,0.878804645570655,0.878804645570655,0.878804645570655,48.540915757443216,0.6281658965676487,6.058474804191797,45.56012856499007,1.8662761781213446,16.943475048171404,1.8768052522361658,1.8662761781213446,80.90238054765354,0.6281658965676487,0.7088412170971246,88.44990641745933,10.718611177849603,0.7088412170971246,1.8768052522361658,45.772999071966204,77.81319109879865,21.320898844096707,0.6281658965676487,6.334458553673705,46.92610097260857,92.7624264619739,0.9274024066221269,0.7088412170971246,0.8069396968987085,0.9274024066221269,0.9274024066221269,45.34677959136594,0.9113811378219193,1.4109565102606487,17.160949441932814,0.9113811378219193,0.9113811378219193,22.95569801230866,43.03756993645302,1.8578513292262577,1.8578513292262577,2.1201478993361182,2.424865878251038,1.2579063557603125,8.875614000137556,1.7344378872219597,88.89120633198365,21.90637872231865,29.71636852875151,1.385139978327976,8.42639662657229,1.2579063557603125,40.54888681228641,7.966379391858375,30.839384635132614,8.182613083678975,72.98093986185441,1.6933681122756548,29.751077280817313,3.886086035216912,1.6933681122756548,1.9221383714998652,8.892599777996109,1.102486978188274,8.404468810424921,2.998368987349224,25.745753464029104,3.0693718601112048,4.748902263348053,1.8101317429803427,5.024475715332356,3.0693718601112048,3.284004660176967,38.43098752322117,22.653737628919068,4.8544446228636176,3.284004660176967,20.773982435142926,3.284004660176967,3.0693718601112048,22.701997980323664,3.7067470356530534,6.053715514632021,3.2525903333633504,7.224731167702114,21.616833962279255,8.328027255272787,21.765917742839285,10.379495496090843,3.0628908651960773,10.948865903363513,5.491492041465623,11.070922893113023,7.2275715863339975,8.961334836762303,7.943245795322739,8.058604593436344,7.769581828149097,7.979063033461475,18.985557133392568
15.554172113858915,15.554172113858915,15.757314023493322,15.757314023493322,1.8199325501481476,13.54409820997165,14.454706643238676,14.022046215873598,13.928191680152898,13.294486305388606,14.022046215873598,14.937729143719443,13.291471893453823,1.8199325501481476,14.937729143719443,14.022046215873598,13.291471893453823,1.8199325501481476,2.962071275968646,13.291471893453823,14.122306683784409,15.444690837153685,14.122306683784409,15.1208605598552,13.291471893453823,14.454706643238676,15.1208605598552,14.022046215873598,15.976682013486302,13.294486305388606,15.976682013486302,15.444690837153685,10.315478979213706,13.745502837133635,12.938683270313952,13.745502837133635,2.9685423104205038,12.938683270313952,10.315478979213706,2.9685423104205038,59.292046228429456,13.745502837133635,3.131383339829146,3.9280292573964766,13.745502837133635,2.9685423104205038,2.808319258560815,3.131383339829146,10.775907805193043,3.131383339829146,12.622397975021208,55.03080539510672,3.05775533821022,11.270710435474367,2.5518410633127724,11.270710435474367,10.99856005794345,2.7391066171223306,2.7391066171223306,2.7391066171223306,12.167156388728415,2.5518410633127724,10.99856005794345,2.5518410633127724,3.05775533821022,12.167156388728415,13.985060403658085,11.866123789585519,13.985060403658085,5.187624572131761,5.187624572131761,5.187624572131761,52.732234411338,2.236877671848598,3.678764156175204,62.21494326406241,2.6645167411589736,10.57010068131638,2.70287143149919,2.6645167411589736,78.7186524190978,2.236877671848598,2.762499438689269,79.598666855609,11.53385730195201,2.762499438689269,2.70287143149919,60.62377685802777,84.07153551724295,9.47174596721307,2.236877671848598,3.8749738617015463,60.81343437991959,79.66379438310915,2.393576545721201,2.762499438689269,3.6232426336777004,2.393576545721201,2.393576545721201,64.43649139223464,2.393896787295642,3.2108155210586165,10.662753684989669,2.393896787295642,2.393896787295642,11.69075466979056,63.86341432326502,2.9133817917887366,2.9133817917887366,3.0305496027855767,7.983461391985064,5.723693844730183,61.99948758704632,5.106425402003696,81.67808104262916,10.143016288522807,8.798684315319646,3.1206340846654825,65.18186947421471,5.723693844730183,62.15723897864879,64.43320844804775,8.633258691313154,63.659024438026734,78.06492306763927,2.6140914665082806,8.994535551808525,18.375161553113127,2.6140914665082806,6.82058797743159,63.32177345530873,2.902100095950568,63.265773989504275,7.400406413720785,8.621525417633638,2.6874837312097606,20.277874677536094,2.7465445688507373,23.918508398614417,2.6874837312097606,2.4291042474558755,8.708279724207044,30.179921952798868,26.268152980374577,2.4291042474558755,9.714514625837982,2.4291042474558755,2.6874837312097606,28.215822904495393,5.532682991594445,26.146481275578754,6.18475842165543,20.240329159037035,10.47759018521923,16.08682031550897,27.03801748127131,26.933661564048382,5.560208290110261,18.32529209092625,26.432351813057625,18.034752732507975,19.136449309404167,17.10261560041898,19.422507864036408,20.696098236955606,20.18309291712898,17.710594308750153,20.1619774669204
9.104283139594227,9.104283139594227,9.473862015742666,9.473862015742666,5.5153624220357536,9.35932604500486,11.270962460052331,9.771630707027077,9.652220117164347,12.565002576935571,9.771630707027077,8.935365158088215,9.595524722353314,5.5153624220357536,8.935365158088215,9.771630707027077,9.595524722353314,5.5153624220357536,5.530275128881049,9.595524722353314,5.438981713378219,11.63904758863973,5.438981713378219,9.906123137494106,9.595524722353314,11.270962460052331,9.906123137494106,9.771630707027077,10.101955812451289,12.565002576935571,10.101955812451289,11.63904758863973,1.7033276663580192,9.579699356381548,13.592462568727207,9.579699356381548,6.05143035501948,13.592462568727207,1.7033276663580192,6.05143035501948,42.9348425639286,9.579699356381548,6.728132863905595,0.9883270096047618,9.579699356381548,6.05143035501948,5.8947866727729235,6.728132863905595,1.217487716744727,6.728132863905595,10.184571914911361,44.750757339078156,3.992539603653134,1.3590849498130175,5.455916304115351,1.3590849498130175,1.263296548110771,6.122854404782605,6.122854404782605,6.122854404782605,11.021730305838837,5.455916304115351,1.263296548110771,5.455916304115351,3.992539603653134,11.021730305838837,9.614672602698027,1.4416746554733535,9.614672602698027,4.040851643556022,4.040851643556022,4.040851643556022,46.31212267975328,5.145353072084738,1.5071067649903946,49.787673105321744,2.8049335954136385,4.222557331329334,3.550722397476653,2.8049335954136385,44.65082152203789,5.145353072084738,2.897051296341461,47.20056429279929,1.2915554629302455,2.897051296341461,3.550722397476653,49.52009137510989,49.384153302207295,6.230443614928361,5.145353072084738,1.4440739339251447,49.99745493498918,46.567523390216564,3.501251528967853,2.897051296341461,5.096225579669298,3.501251528967853,3.501251528967853,49.63601482362002,3.4356560855228575,2.9320340285431983,4.199896740070126,3.4356560855228575,3.4356560855228575,5.231966621504521,47.74086933524939,7.578249195950498,7.578249195950498,8.099297145918959,8.444238012524238,4.230745366626463,22.946522807016947,4.075709715783752,44.47759554823538,5.918925439683911,16.672768196538062,2.317434047576926,22.744474706589912,4.230745366626463,48.95858388742576,22.848620220649178,16.557443871088086,21.415580544427453,48.71874003717902,6.768958571423956,7.8071070174642205,16.10253566276833,6.768958571423956,5.465900522165897,21.1178496174482,3.190724531036517,21.128623148511767,8.54956621897792,9.56673257079069,3.432511011014652,13.119982781054608,7.386382510130181,20.6631255590748,3.432511011014652,3.771689014869107,15.71372233278249,27.401261180796986,1.6728905992226575,3.771689014869107,8.963437584428808,3.771689014869107,3.432511011014652,27.285980302369897,2.0102470071045113,2.761683278740328,3.5522971704752138,19.637807645070215,8.792839791817055,18.26454614765769,27.565934212910857,2.597555417258193,3.5196412418978413,2.375847216688588,2.7633010966875973,2.368661822278931,17.40759696203311,20.14349394014379,17.834788934385696,18.666375678301744,12.165433333992771,13.461463966861224,11.608355289481313
77.1818013983296,77.1818013983296,73.02886635494895,73.02886635494895,3.400933024813463,28.73334146390103,17.135293488767957,17.839391230709005,29.631081578934396,11.108002064497022,17.839391230709005,17.830555808568988,16.496045297838187,3.400933024813463,17.830555808568988,17.839391230709005,16.496045297838187,3.400933024813463,3.053747869927027,16.496045297838187,64.85221158277204,14.836187168170598,64.85221158277204,17.451503581557382,16.496045297838187,17.135293488767957,17.451503581557382,17.839391230709005,19.25464611743602,11.108002064497022,19.25464611743602,14.836187168170598,1.9071092681791961,19.63113292775538,19.32132519145131,19.63113292775538,4.580591062790019,19.32132519145131,1.9071092681791961,4.580591062790019,65.31933891582368,19.63113292775538,4.63309411764248,5.084558047223469,19.63113292775538,4.580591062790019,1.9701021919418669,4.63309411764248,7.720996360733417,4.63309411764248,19.933131924245316,57.95889343302057,3.430138521636554,1.9058810823477021,4.415756960116488,1.9058810823477021,1.8149745035908393,4.48176630053621,4.48176630053621,4.48176630053621,13.90237266882398,4.415756960116488,1.8149745035908393,4.415756960116488,3.430138521636554,13.90237266882398,22.875910841832088,8.174163040304075,22.875910841832088,2.7309745233671263,2.7309745233671263,2.7309745233671263,64.46751548181027,3.4494907187363797,7.17896649382663,79.47023285123713,3.0487692705327984,8.36884924623732,2.870027969792324,3.0487692705327984,75.60448366872444,3.4494907187363797,4.100712340209242,72.7575495518084,8.106725109207929,4.100712340209242,2.870027969792324,75.37223239146482,68.03091661147135,9.021091126112438,3.4494907187363797,6.463770025340228,82.42468918553848,76.49417804515777,2.8354212549465028,4.100712340209242,3.8899377475464005,2.8354212549465028,2.8354212549465028,77.2117385067555,2.6183447612929425,4.96607765917949,7.795743819777103,2.6183447612929425,2.6183447612929425,8.815290345859887,72.99755687108792,4.648023856075974,4.648023856075974,4.23716221734378,3.5221428924541467,3.0475740137681684,47.078404701729056,2.589589486510577,76.96942164638729,8.596073631977218,20.27243193883455,5.159625969908451,55.72442306645553,3.0475740137681684,71.65382988774373,54.2892540988948,19.222965061095685,44.9459128252799,73.45639152895853,4.452537783541949,9.508851776583468,16.141003082169348,4.452537783541949,2.4612827880952404,55.1568474674658,4.294987497094505,55.523743743355375,4.829881550224869,9.149408755092045,4.616726148684918,15.52952989217767,4.012269942424086,15.751138048728572,4.616726148684918,4.486132383429685,16.501400155751124,4.186232893931793,13.777241170802354,4.486132383429685,9.26873320249631,4.486132383429685,4.616726148684918,4.0649198148521215,11.70403999197278,13.63047084990272,10.982200908609846,18.13808301922034,9.535641888083259,18.44513996413659,4.91786909399097,54.27742434435025,11.01412073879948,49.518311988983044,14.07567030467669,54.557429725466584,18.039402654932385,19.724226096495958,18.73301084167849,19.752924263394057,56.04323649970128,46.5644251469919,37.626258302400544
36.57538229657497,36.57538229657497,37.7691252348747,37.7691252348747,4.811757808678046,16.73056570973483,42.96966040726896,37.47312194549595,17.056857275791096,43.058400385657,37.47312194549595,38.53746870271355,45.48136010277137,4.811757808678046,38.53746870271355,37.47312194549595,45.48136010277137,4.811757808678046,4.430878345844153,45.48136010277137,40.32956969623723,43.4943420646399,40.32956969623723,41.60111370199978,45.48136010277137,42.96966040726896,41.60111370199978,37.47312194549595,35.535952050322486,43.058400385657,35.535952050322486,43.4943420646399,48.68378213721087,44.570278410980436,44.98969367929224,44.570278410980436,3.9458999354423185,44.98969367929224,48.68378213721087,3.9458999354423185,34.586385567150444,44.570278410980436,3.816399071238043,2.4371854353191025,44.570278410980436,3.9458999354423185,3.470445559563457,3.816399071238043,4.339400564153568,3.816399071238043,14.510494111380316,33.464904034877634,3.7095013359862565,39.16515499552256,3.2793450339769143,39.16515499552256,37.39239867444139,3.0912059088406547,3.0912059088406547,3.0912059088406547,51.19382185650612,3.2793450339769143,37.39239867444139,3.2793450339769143,3.7095013359862565,51.19382185650612,52.47441601041164,4.302128302091272,52.47441601041164,1.9519749098542607,1.9519749098542607,1.9519749098542607,43.15114778117495,4.381713475283659,2.5958362871425393,11.109533788258123,3.5841902884987653,4.331089003477233,3.654196287926793,3.5841902884987653,33.467891103571525,4.381713475283659,5.512193720266418,13.360455370490905,4.321819944546698,5.512193720266418,3.654196287926793,12.376174618716384,32.92002879777017,6.055232575042213,4.381713475283659,2.499780185674466,9.743752018837613,13.025736112672952,1.503833806194826,5.512193720266418,6.381724994276167,1.503833806194826,1.503833806194826,10.170183355224575,1.6524406320853267,2.0343400324818512,4.254630829304265,1.6524406320853267,1.6524406320853267,5.646061132957996,15.02781978645833,3.75902094412496,3.75902094412496,4.053182231808986,10.791974552316592,3.481709760824235,7.806504204380155,3.543932309297248,14.021155484182978,5.6038000800662084,9.733740204688687,2.0330786250325814,8.951893763908359,3.481709760824235,9.0260476077467,8.733637973629028,10.21143073999886,5.980626718862314,31.19522115664216,3.7256009583007317,7.733755902601019,7.727014325790683,3.7256009583007317,9.04494489827047,5.103617036803303,1.4474146668885295,4.693646877358088,11.285038573413253,7.8857615315651275,4.785865240386115,7.19399522889689,3.9718900822643315,6.642692767852697,4.785865240386115,4.728807739504147,11.546760144340988,9.497468236298294,8.194988416478608,4.728807739504147,6.54068973300991,4.728807739504147,4.785865240386115,9.721593246277223,8.292192097477052,8.585691048772405,9.158844713298055,6.49072360758861,6.234016792147429,6.658828581181768,8.073120946551901,10.969067649994697,8.226803534534964,12.542730473536071,8.308643835831854,12.723010584406394,6.762701493527634,7.163094649219298,6.41264141528234,7.037794427320783,15.493816676917298,15.94777104688641,17.22410719537785
13.010260766778195,13.010260766778195,15.216518944781894,15.216518944781894,6.238615557360578,7.482090181688333,10.16664465455839,6.505384810569613,6.785754431522527,6.237064897552582,6.505384810569613,10.265777481880894,6.261800557412396,6.238615557360578,10.265777481880894,6.505384810569613,6.261800557412396,6.238615557360578,5.466158031842329,6.261800557412396,9.844018114448359,4.861549691837184,9.844018114448359,5.974644296463941,6.261800557412396,10.16664465455839,5.974644296463941,6.505384810569613,6.5744289168400165,6.237064897552582,6.5744289168400165,4.861549691837184,7.9186215823495845,6.114841931119111,7.64024123417918,6.114841931119111,5.625629050009486,7.64024123417918,7.9186215823495845,5.625629050009486,47.334434198841514,6.114841931119111,5.349206944620398,3.4244342054435246,6.114841931119111,5.625629050009486,6.4260681800408666,5.349206944620398,7.192515203013258,5.349206944620398,9.610621689628482,43.42023478823511,5.94735018937674,5.569797013100693,4.737280082807162,5.569797013100693,5.634844061693683,4.600826699762691,4.600826699762691,4.600826699762691,4.791329869777733,4.737280082807162,5.634844061693683,4.737280082807162,5.94735018937674,4.791329869777733,5.816291056605229,6.680545443079526,5.816291056605229,3.170559978119167,3.170559978119167,3.170559978119167,20.607867895260032,5.717256167775002,3.4581010044567857,22.43291044927622,4.211602791314335,6.370731032305544,3.5493180444127885,4.211602791314335,42.58923217057385,5.717256167775002,5.7534188367788754,44.78694963817106,6.260891737137213,5.7534188367788754,3.5493180444127885,23.150414931620418,42.13766170140047,7.685603811218859,5.717256167775002,3.334099166892403,23.889456706302713,44.690795772432644,2.212094452780047,5.7534188367788754,3.827918877514786,2.212094452780047,2.212094452780047,24.515666741845834,1.6513318491512905,3.0560166265708943,7.500398360307689,1.6513318491512905,1.6513318491512905,10.246086633315263,22.90546191575131,6.259607054459101,6.259607054459101,6.565857049147253,6.045941236819476,8.898466397844691,4.016745617881856,8.391778609594962,51.88866795397039,8.302288088523596,15.260570416423429,2.841652042026395,5.030068397419778,8.898466397844691,24.251984284870524,4.735058680879853,15.336423472890042,12.4258414464883,34.65713435085242,6.367160537463781,9.032428312202098,4.743794297498602,6.367160537463781,5.965808102540062,13.407518832922541,4.781407439303257,13.491750276934173,6.025439663715298,7.810437375837052,3.0088334788595206,4.710066500437429,6.655865255510497,5.028432146829681,3.0088334788595206,2.793176132250236,11.667374651178136,30.196034624791295,4.810080942433975,2.793176132250236,7.798560381738046,2.793176132250236,3.0088334788595206,30.585369714159903,5.535151342827304,6.232212171185747,7.3528794081539814,8.402075556580355,8.921486384705592,7.661440321450233,29.74688470502767,6.632746844487694,7.469521689958853,9.102237259815869,6.015101169224379,8.482086516410488,8.055059947601647,8.449473986774331,8.262944615590396,8.66271489241941,8.86558817222273,8.996317948295992,5.463660597073059
2.9424679623327825,2.9424679623327825,3.057998167640507,3.057998167640507,2.97994230830274,12.629229566262604,2.300616546229199,2.8157385318684,12.712500862494416,1.065066147867374,2.8157385318684,2.4778836859561193,2.6155208876688807,2.97994230830274,2.4778836859561193,2.8157385318684,2.6155208876688807,2.97994230830274,6.534593657197893,2.6155208876688807,3.2566404454243667,1.5458272881420294,3.2566404454243667,2.334847235366209,2.6155208876688807,2.300616546229199,2.334847235366209,2.8157385318684,2.5263905029227054,1.065066147867374,2.5263905029227054,1.5458272881420294,1.2756266214629475,2.238942041781023,1.943022488078596,2.238942041781023,6.003443915101349,1.943022488078596,1.2756266214629475,6.003443915101349,25.346916296689255,2.238942041781023,7.046285538300318,9.178951537126382,2.238942041781023,6.003443915101349,6.442058791525569,7.046285538300318,11.945330342950307,7.046285538300318,13.948646213712367,25.400379938103445,3.436293200190645,1.0983683211507675,5.446426134556641,1.0983683211507675,1.017886681290377,4.534740144014169,4.534740144014169,4.534740144014169,1.378722004301224,5.446426134556641,1.017886681290377,5.446426134556641,3.436293200190645,1.378722004301224,2.0871607888263615,9.955352890328362,2.0871607888263615,4.659046078668303,4.659046078668303,4.659046078668303,33.053847853242196,6.551154434224162,8.9539976964346,19.616760901518667,6.249237050405495,12.176856078130006,6.194239788972337,6.249237050405495,28.19620420192124,6.551154434224162,2.986105785913884,32.81597995851262,10.089720710724073,2.986105785913884,6.194239788972337,19.729782888084173,27.549428940052035,12.055596906862293,6.551154434224162,8.745560764252058,16.666541757875105,32.76676010958072,4.748343920926962,2.986105785913884,8.420261145539039,4.748343920926962,4.748343920926962,17.00007190055335,4.617830792790106,5.75503055731923,12.272671655594568,4.617830792790106,4.617830792790106,11.57601228194876,23.153166160670594,5.782002274206368,5.782002274206368,5.4420831757793575,4.089435312436476,3.9586478119147603,8.330051788642805,3.8821828771134843,31.72000507031495,12.162477734815667,11.946368008140858,5.807244723577047,6.914956682305663,3.9586478119147603,19.15092414732793,7.0147897754303274,11.734130742867142,18.361356926131595,28.879734639616647,6.62676561022705,6.199872139903138,3.294720854759822,6.62676561022705,5.380152286377969,20.35088317487672,3.339543326704607,20.32719952753183,4.555247565975842,8.052154774136264,4.747094087225706,3.457563354735134,5.848957636925469,3.7012473362626825,4.747094087225706,4.101395616889982,8.102138635015582,23.83443809706894,4.356769722410169,4.101395616889982,13.158527592023948,4.101395616889982,4.747094087225706,23.3254976939896,3.7880358918972994,3.407106595639384,3.6064356371963013,4.533757839487057,13.369084508215442,4.3043123676138695,22.276834677459213,5.914192121508912,3.0029899881865854,6.521841547940542,3.7038023333669186,6.752359705629976,4.948606566630334,4.445415660382397,4.814670378536889,4.632021184404671,9.13964176551955,9.238085874857433,14.485697055405144
15.122296489922862,15.122296489922862,16.981472338658325,16.981472338658325,5.808552097418274,7.95185438621973,17.21551215989254,18.631930995984792,8.107034490260807,5.99040459971603,18.631930995984792,16.602872499344127,20.018362057120747,5.808552097418274,16.602872499344127,18.631930995984792,20.018362057120747,5.808552097418274,10.041074417126314,20.018362057120747,12.301421811772352,6.175798457076324,12.301421811772352,15.203374728729933,20.018362057120747,17.21551215989254,15.203374728729933,18.631930995984792,14.895478971832903,5.99040459971603,14.895478971832903,6.175798457076324,3.036589256957837,17.780157743395147,17.264509690396928,17.780157743395147,6.209101625904214,17.264509690396928,3.036589256957837,6.209101625904214,50.32403955612063,17.780157743395147,5.998762695399176,3.37826832815885,17.780157743395147,6.209101625904214,10.090003503193762,5.998762695399176,13.688716323620975,5.998762695399176,5.022851008510678,47.55131529433592,5.009868966518045,3.8232729951509703,5.9860315910055055,3.8232729951509703,3.978317237829718,5.242336074366409,5.242336074366409,5.242336074366409,6.919912132895567,5.9860315910055055,3.978317237829718,5.9860315910055055,5.009868966518045,6.919912132895567,11.919309977612885,11.784055849509217,11.919309977612885,8.021802845000021,8.021802845000021,8.021802845000021,50.21995629456537,5.634530499320313,2.5538695678515424,37.86626690661411,5.575611753609349,13.16761205659864,5.7616314273353195,5.575611753609349,65.58969237674266,5.634530499320313,4.737404272220361,37.27762682430957,11.510084623043204,4.737404272220361,5.7616314273353195,37.6684034722961,71.86670642294865,17.73118008062574,5.634530499320313,3.4146645077323,40.16735366497055,36.4563566008401,6.922752170341763,4.737404272220361,6.7126589815565945,6.922752170341763,6.922752170341763,39.35909864524029,6.887833214047859,6.0589443294650644,12.601809291962397,6.887833214047859,6.887833214047859,16.812321427365532,45.44746353160116,9.230146595052627,9.230146595052627,9.098154876273647,21.907597143163898,8.23100356163141,20.07794086835223,8.051899785301172,39.23066346776991,18.238360553016044,20.07772927464206,5.722749710527834,21.143267382225282,8.23100356163141,44.951901379933965,20.84189298170222,19.965733301262215,17.53547041879204,66.46549053962751,9.151528884360557,23.679887739981922,8.610957002057976,9.151528884360557,20.924260899419068,25.03930820518993,5.838853080997635,24.537586035122434,21.14393681261587,25.076174729886755,6.5139070430817325,8.116111208653997,9.145990845676994,10.511242172878356,6.5139070430817325,6.970165931998737,25.113772243184243,22.911869355170325,11.986171250194491,6.970165931998737,18.588622936886768,6.970165931998737,6.5139070430817325,23.989175530025125,10.056161124434016,9.270595911118178,11.554323589136766,25.04072367619607,19.16748870961252,28.136318482389655,27.138983033800592,33.17940935648874,11.613116149255559,30.262830808317428,9.91979973986198,30.293254308224842,25.42478226550019,28.015865715296055,28.315316593929996,27.697963399871774,32.09552681691964,31.240504824936867,34.76661930532926
12.29508428350192,12.29508428350192,11.527463332246827,11.527463332246827,4.936780288577294,7.906442125885951,8.780698695221012,7.235051239831348,8.043792508424954,3.2907758866148233,7.235051239831348,9.209190380648884,6.943646770538143,4.936780288577294,9.209190380648884,7.235051239831348,6.943646770538143,4.936780288577294,3.5456485973577276,6.943646770538143,13.249191530613448,3.710095862151943,13.249191530613448,2.8060354010942645,6.943646770538143,8.780698695221012,2.8060354010942645,7.235051239831348,3.341959892994616,3.2907758866148233,3.341959892994616,3.710095862151943,1.544433066470276,7.795177745432017,9.02776927625554,7.795177745432017,3.393898537084797,9.02776927625554,1.544433066470276,3.393898537084797,40.382033859428105,7.795177745432017,3.7403354238400874,5.572653725158688,7.795177745432017,3.393898537084797,3.1995107576054607,3.7403354238400874,11.439259272481964,3.7403354238400874,8.668985343874756,37.67023101214232,7.629359970647712,1.6476010448842289,3.4092467709665715,1.6476010448842289,1.557447982305542,3.422949126190499,3.422949126190499,3.422949126190499,3.6352678383858543,3.4092467709665715,1.557447982305542,3.4092467709665715,7.629359970647712,3.6352678383858543,4.208091869532005,11.715262749020551,4.208091869532005,7.787978812671,7.787978812671,7.787978812671,37.94303867951366,4.316563097261528,6.07381111289586,43.16224466585195,4.5914877186232035,10.037772769225631,5.0749074240048895,4.5914877186232035,52.98905993739159,4.316563097261528,7.904761270782361,45.13953407771601,12.19746627022702,7.904761270782361,5.0749074240048895,44.755641856933124,47.47900307100558,21.09872434645614,4.316563097261528,6.110727242978469,42.58833894651572,47.41250232793697,7.24031340304213,7.904761270782361,3.6379803897546115,7.24031340304213,7.24031340304213,41.73918183689186,6.617319454866959,6.075354829678233,11.934244837240657,6.617319454866959,6.617319454866959,11.993704736542366,52.68490762732152,6.331184092850126,6.331184092850126,8.306605874009493,12.318242606086587,21.19858649071173,26.350786134236746,15.42528010554704,57.346688806328515,19.72044046696484,15.04556791825057,5.644251884498414,22.440299465698203,21.19858649071173,49.07112013206949,23.020150112970835,18.19764119332388,35.077505057153246,46.194099392804425,6.9907629527106305,27.353417731139075,3.6695731245301673,6.9907629527106305,21.99264401526017,27.74310808130577,7.07193977181226,28.4143809310177,12.41202661663828,25.516974147674677,4.69915087153892,3.4405382295418656,10.440271637232339,3.381161572401108,4.69915087153892,4.928914868700046,19.084901489520355,40.78061815781834,2.464800544700187,4.928914868700046,20.573880161892472,4.928914868700046,4.69915087153892,39.98160942765042,3.553126850451193,2.4844544954257772,3.9737510853086353,5.1198882000208075,18.95118028497838,4.665243097501993,36.88063368812765,4.515440497571166,4.2951051785515135,5.066749957472826,2.5977101028740153,5.24641000986114,5.182749939885362,4.8336090552815625,4.919127687004909,5.128311256401931,3.4653308410173644,3.437061344765692,4.100365821270864
9.241757258829086,9.241757258829086,8.257534919527636,8.257534919527636,1.8054479111185644,8.81065207635597,5.844619048693365,6.027587955485033,9.540135406663701,5.580961987466562,6.027587955485033,5.460852704426952,5.845285496698943,1.8054479111185644,5.460852704426952,6.027587955485033,5.845285496698943,1.8054479111185644,4.9759553445875895,5.845285496698943,6.942057721485619,4.253580472887141,6.942057721485619,5.936227726418269,5.845285496698943,5.844619048693365,5.936227726418269,6.027587955485033,5.603594527629007,5.580961987466562,5.603594527629007,4.253580472887141,3.2655050454110985,5.506703734460634,4.6989891141513995,5.506703734460634,2.9413635785046943,4.6989891141513995,3.2655050454110985,2.9413635785046943,19.360980427175743,5.506703734460634,3.0133887905897265,6.481312001999902,5.506703734460634,2.9413635785046943,3.7517739876559335,3.0133887905897265,4.670704792731872,3.0133887905897265,8.482847656355656,20.65146234056857,2.002204341073552,3.487936884101047,2.927614637053713,3.487936884101047,3.03023896291898,3.081188726542952,3.081188726542952,3.081188726542952,3.804313182762631,2.927614637053713,3.03023896291898,2.927614637053713,2.002204341073552,3.804313182762631,4.952174964698673,5.7667075514687065,4.952174964698673,0.6857017736939645,0.6857017736939645,0.6857017736939645,22.107777918573863,1.4322359548972208,5.401602690799383,18.53045824589026,0.7807845936533998,7.988679167260549,0.7392894115920456,0.7807845936533998,25.89348625095935,1.4322359548972208,2.399124327150203,24.363335892135645,7.114342022652961,2.399124327150203,0.7392894115920456,18.761215249802177,36.58842762550814,7.776191027071395,1.4322359548972208,5.902974432298137,18.214159110110334,17.099445894805573,0.6638372039119044,2.399124327150203,1.2430391954916469,0.6638372039119044,0.6638372039119044,18.17198706547158,0.7315977984292759,1.2978450906018986,9.183479109464791,0.7315977984292759,0.7315977984292759,8.734281910061023,19.021681893099053,2.5773643369088024,2.5773643369088024,2.1687075957887574,9.325410263428717,2.42469278308356,8.222521544663074,2.1552399285749857,16.926290880266798,8.553095437384334,7.618544785930594,1.407929674072855,10.896291818312877,2.42469278308356,18.95755955348371,10.439668614415107,7.6521421919156,21.087445738058243,23.6423398853433,2.544621164595945,7.615804769739754,14.455240424800762,2.544621164595945,5.905885742797991,18.202864920859636,1.721002679633568,16.94518445447514,9.205952673665113,7.389142600648764,1.6184237042457827,12.926502871796817,3.459846876250062,20.791276798997735,1.6184237042457827,1.402581235188543,6.714843503660696,34.18435363791178,6.57476809720554,1.402581235188543,7.200967323358217,1.402581235188543,1.6184237042457827,32.849005014948936,6.462544598189164,6.751161463746547,5.62571376856723,22.864251088437957,7.48328276489292,12.784350723539397,28.476378953887508,29.80314645788161,5.732338929955024,17.221370404802812,6.1761012373632385,20.213069165403752,20.794100731953307,13.800348253927698,11.290337242785013,11.615555096771587,24.774364714485323,24.765793852688812,29.053738306950876
25.295524360282364,25.295524360282364,20.194575055239888,20.194575055239888,3.5611125065916194,21.73000845682986,17.779596216444904,22.920307349617,19.87693710364781,18.31217353152828,22.920307349617,24.273108022696164,15.617292524970171,3.5611125065916194,24.273108022696164,22.920307349617,15.617292524970171,3.5611125065916194,3.4422154031558168,15.617292524970171,21.739165992499416,24.711330999127213,21.739165992499416,17.169389711152697,15.617292524970171,17.779596216444904,17.169389711152697,22.920307349617,23.408366048539808,18.31217353152828,23.408366048539808,24.711330999127213,4.576162048781097,17.6011534402426,20.85856351927919,17.6011534402426,2.3174578091860005,20.85856351927919,4.576162048781097,2.3174578091860005,45.45503745759007,17.6011534402426,2.4108932590930046,9.078258531037912,17.6011534402426,2.3174578091860005,3.3204004967959406,2.4108932590930046,8.357228847321771,2.4108932590930046,18.22614959509682,36.18888560269286,1.8964652217397304,3.6880368323561323,1.938190874382051,3.6880368323561323,3.8052554330766384,2.1791873995007953,2.1791873995007953,2.1791873995007953,16.528846837558252,1.938190874382051,3.8052554330766384,1.938190874382051,1.8964652217397304,16.528846837558252,18.30377255802026,10.632544472702854,18.30377255802026,0.9332648226640586,0.9332648226640586,0.9332648226640586,43.01335546723708,5.0156645292052655,10.90384384271625,47.969007027722704,1.9414874668319937,10.010341271911981,1.796688098975382,1.9414874668319937,39.1305073195983,5.0156645292052655,1.0597234946986476,45.571244108794204,10.4221820810023,1.0597234946986476,1.796688098975382,44.53957113736406,40.76882002455877,19.260967346870302,5.0156645292052655,10.548020242668672,48.371132794717575,47.35460651381776,0.5562199134930652,1.0597234946986476,4.888563729745794,0.5562199134930652,0.5562199134930652,45.34449806302763,0.558615348043476,0.887284620680258,9.580739493090984,0.558615348043476,0.558615348043476,8.688592959072194,45.160299732680095,2.355878729426145,2.355878729426145,2.599074201624337,10.05338392301879,4.68150245471792,10.14607334893355,4.8668387501737955,42.127631190321765,18.590345528964342,11.36753181472037,0.8959610265801866,11.589689437525202,4.68150245471792,45.368750655558536,11.616013779554708,16.518737923124895,29.71261559468066,31.270156366788076,2.685631274314123,15.390058669943391,13.774323852092317,2.685631274314123,10.209919791042463,34.282032423528605,0.8521367737681096,32.825622261298804,9.781919484092974,13.31507748838858,1.7446931549570335,12.36562187238066,2.9766969768594556,14.085546105275977,1.7446931549570335,1.1175465698743254,11.295853329671246,13.088600760209006,5.823788729305081,1.1175465698743254,24.917246896684237,1.1175465698743254,1.7446931549570335,12.425569412066492,4.111464603949834,4.9323087004523,5.0488024355100025,13.338425322996121,16.99831654644391,11.661634099369484,11.753338624714708,17.130975305701476,4.95117987466703,21.284398647444824,5.316944518550688,20.239648810293605,13.62212351331097,11.880481977139981,12.08888757756103,12.471723783574584,22.047868195241026,19.880619269071822,17.892816905699046
60.03706908434732,60.03706908434732,57.12191118350379,57.12191118350379,4.161979013079656,33.07050144097931,23.69814125604166,16.402892054245193,31.368030823975833,18.065287944631503,16.402892054245193,22.8733894708101,17.265966953868926,4.161979013079656,22.8733894708101,16.402892054245193,17.265966953868926,4.161979013079656,1.6584152211921241,17.265966953868926,47.42336281808136,18.01876492976231,47.42336281808136,15.990619399263199,17.265966953868926,23.69814125604166,15.990619399263199,16.402892054245193,15.484377863557436,18.065287944631503,15.484377863557436,18.01876492976231,11.645950551810595,15.299363694413998,18.0699562911629,15.299363694413998,3.9355959438170722,18.0699562911629,11.645950551810595,3.9355959438170722,99.99722451916007,15.299363694413998,4.401092366128458,3.4447169308909085,15.299363694413998,3.9355959438170722,1.6316027410666862,4.401092366128458,11.86260542336007,4.401092366128458,21.751304377350237,100.10134257426526,4.361800509533259,12.217517672129185,3.7503996747508883,12.217517672129185,12.178964360167894,4.002999767384433,4.002999767384433,4.002999767384433,15.604541219658097,3.7503996747508883,12.178964360167894,3.7503996747508883,4.361800509533259,15.604541219658097,15.013072109935102,12.161986501639051,15.013072109935102,4.184765191735602,4.184765191735602,4.184765191735602,93.78539718336465,3.9045281915563526,3.2532305287209273,98.6993302429262,4.468394519579924,29.703431770641505,4.4224022709406965,4.468394519579924,93.79201040273094,3.9045281915563526,3.5682879944620223,117.58256310309244,12.250869263470005,3.5682879944620223,4.4224022709406965,116.96861880518888,99.97557024455038,31.793632381731953,3.9045281915563526,3.1719447128158245,100.11340687504241,103.08735121756796,5.1439330323151005,3.5682879944620223,1.9535093748414294,5.1439330323151005,5.1439330323151005,118.29229263695235,5.285084568123942,5.266537624960923,29.868740777177095,5.285084568123942,5.285084568123942,24.97448757036783,89.42163183049836,3.7969027022489388,3.7969027022489388,3.8678839999978023,4.054004690262937,7.294156704149152,49.243954028032164,6.8302560952212445,94.96291355632471,31.984817487869137,41.534537379834404,5.003728030475869,50.05707790482095,7.294156704149152,91.38953833561622,50.14358192642399,41.77231854114798,47.65817761619551,86.31836618321051,3.4666126777990507,26.73716007487074,19.55146723733586,3.4666126777990507,6.099587529992649,60.18657054558462,4.713586190697157,57.22425542713452,4.29328635952049,28.5685432216519,4.1497123781108005,20.477162023567033,3.7194331993031198,22.167065992618177,4.1497123781108005,3.9925890701610802,41.59166876043155,15.586508608150421,10.314492021743472,3.9925890701610802,32.19864717605292,3.9925890701610802,4.1497123781108005,15.53738755227545,3.059879043509178,8.071516961537755,2.4137677426566784,20.640788474107456,32.49286073159868,20.66339209516813,15.26875816081451,26.13182351057423,2.5023926805309857,23.939914961991565,8.048310941506282,23.346597162594986,21.747818785249375,21.786165512951367,18.288453531269464,21.158808244212832,21.258631398540597,21.27946658407606,29.769548059664736
10.663633288918621,10.663633288918621,10.46356953844903,10.46356953844903,7.887345800642485,7.909110191747247,11.267831280113608,13.179387225328439,7.988766454168934,12.828869175585748,13.179387225328439,13.646801198010843,10.338917460017017,7.887345800642485,13.646801198010843,13.179387225328439,10.338917460017017,7.887345800642485,4.700002372472179,10.338917460017017,15.174555286115268,14.746998227347277,15.174555286115268,10.40580463665465,10.338917460017017,11.267831280113608,10.40580463665465,13.179387225328439,12.128176296783288,12.828869175585748,12.128176296783288,14.746998227347277,11.77272271675443,16.077216483538876,15.40241238496972,16.077216483538876,4.4519209416721655,15.40241238496972,11.77272271675443,4.4519209416721655,18.200770794390685,16.077216483538876,6.137222678037061,4.713628134084469,16.077216483538876,4.4519209416721655,5.369360284424559,6.137222678037061,5.222314646872616,6.137222678037061,8.079727028745562,17.160797152107385,5.6284610810304505,9.753810325178057,5.77685745284396,9.753810325178057,9.5514914378738,6.706927508999865,6.706927508999865,6.706927508999865,18.41415114769573,5.77685745284396,9.5514914378738,5.77685745284396,5.6284610810304505,18.41415114769573,17.212028057588416,5.57659140056296,17.212028057588416,4.538511900489701,4.538511900489701,4.538511900489701,16.04751897181404,8.779326521848823,4.983143279628337,4.802212894639461,5.045885092907016,7.54129331918248,4.957098230790284,5.045885092907016,14.537831887848244,8.779326521848823,5.644826391246039,11.122116413506019,5.6885593439278,5.644826391246039,4.957098230790284,4.472728273715893,17.135865944021507,7.200443514912438,8.779326521848823,5.070719359544539,4.672102815279635,9.884116932576772,3.8400177861704528,5.644826391246039,7.7384065334345244,3.8400177861704528,3.8400177861704528,4.406506790644747,3.8749992848818233,4.82838161755388,7.1827853847296055,3.8749992848818233,3.8749992848818233,5.434599866607997,4.378762706672657,6.286044629349612,6.286044629349612,6.305924620819907,10.588517048066798,6.458925981159388,4.489306788183689,6.514483662270825,13.048449003977586,7.271873407412882,10.358874523938956,4.878579520153701,3.784820524726854,6.458925981159388,4.509649037176594,3.7215315640640827,10.31724057696809,3.530818687704836,13.033514005999708,5.927352470862,6.045063052417571,12.000116383809937,5.927352470862,10.349471811007286,4.420876171749159,4.979466117057053,4.207255415539475,10.209743734371477,7.250010530444642,4.72492086679801,11.56894515140163,5.86323271730156,10.803965956182214,4.72492086679801,4.654958957075074,7.467052699191531,14.534373695492814,16.747820986077837,4.654958957075074,5.938421467528071,4.654958957075074,4.72492086679801,14.485998190956217,16.813454153684532,17.178993109800036,17.105280965200695,10.515978002664141,5.481550012921676,13.233835347583513,14.76780722244919,11.610275361924712,17.598734967270083,10.660862950507024,17.212196634115465,10.365407814290048,10.755509892242248,10.81759248294987,13.642081326552333,9.921567046149278,10.480130398263201,11.170241024748497,8.484420467523556
18.079226819435814,18.079226819435814,15.049874072460552,15.049874072460552,1.692472781039519,182.81701253739757,17.212665973689635,6.476504832427429,188.98585950643354,5.345299850650182,6.476504832427429,18.39396751591225,4.785072949599764,1.692472781039519,18.39396751591225,6.476504832427429,4.785072949599764,1.692472781039519,3.8278676634319093,4.785072949599764,14.213031152969165,8.106679231056393,14.213031152969165,4.918971388582059,4.785072949599764,17.212665973689635,4.918971388582059,6.476504832427429,6.048901269502324,5.345299850650182,6.048901269502324,8.106679231056393,6.202430800941408,6.331097483519351,17.472809109763578,6.331097483519351,1.9599923891133832,17.472809109763578,6.202430800941408,1.9599923891133832,278.4080634946549,6.331097483519351,1.9898604445648505,2.741755105655855,6.331097483519351,1.9599923891133832,4.311678539857058,1.9898604445648505,7.626678384398493,1.9898604445648505,145.4602435874948,286.0131618900226,1.6214021349509404,6.04303748972612,2.4735257693748425,6.04303748972612,5.924476626495497,2.578781187239742,2.578781187239742,2.578781187239742,8.805109039374083,2.4735257693748425,5.924476626495497,2.4735257693748425,1.6214021349509404,8.805109039374083,6.779941414108123,8.448628545700474,6.779941414108123,1.1203376187923937,1.1203376187923937,1.1203376187923937,291.0505880247333,1.5003853720239768,2.6379910086020915,491.8855431206439,2.0185346148364056,12.12265825154682,1.7370826193559417,2.0185346148364056,445.2638615478953,1.5003853720239768,1.8116877811576442,457.5423725064835,8.496732714715785,1.8116877811576442,1.7370826193559417,464.2502078542044,408.9432718456254,8.228529627753556,1.5003853720239768,2.5051977014395534,520.7171622286494,493.71256800508036,1.801355825964419,1.8116877811576442,3.183785291247199,1.801355825964419,1.801355825964419,469.32465871478274,1.7692612349811934,2.1652757890388323,12.10173139022114,1.7692612349811934,1.7692612349811934,9.778944466193016,464.5772281038541,5.733781646539356,5.733781646539356,5.010487122652299,15.004356930458592,8.183509677111998,488.82783256702163,8.701422672420234,470.54162250558,9.061091738911095,11.283004875397495,2.443567034959493,485.10182652083836,8.183509677111998,471.0276712654123,496.10807832720695,8.718563447516065,507.045373872729,427.51494107600115,5.691363809976411,9.717166761313942,7.049167939310723,5.691363809976411,18.68141194902448,525.5056514638993,1.6031714524187397,530.4858786398537,14.333442206848893,11.438963485516219,2.8194098225511266,7.264095631998036,4.93618984832685,8.475678641205445,2.8194098225511266,2.600217681476432,13.215933849816835,18.791019766109287,4.220324600810582,2.600217681476432,8.962223779213994,2.600217681476432,2.8194098225511266,18.627331554125213,4.999124016597155,4.51051136079979,5.001330673328675,13.902803417147021,9.486678812952842,13.916710318094792,19.11306119883156,9.090383517075471,5.340707121392153,20.160871003655284,4.682294649002639,20.339332621790376,13.850412218302388,13.654450574905779,15.062085232150896,14.634956331863464,20.047200573440218,22.986075458219663,12.173125239395892
16.54295138590542,16.54295138590542,16.61157092128251,16.61157092128251,2.9508397127976735,12.369401796264183,12.278136499372994,11.482290202831422,10.893131927958063,11.403125968203414,11.482290202831422,12.203102165380985,11.886220917347828,2.9508397127976735,12.203102165380985,11.482290202831422,11.886220917347828,2.9508397127976735,5.7228449896556315,11.886220917347828,14.055109694531543,10.88492806580067,14.055109694531543,9.247340342714285,11.886220917347828,12.278136499372994,9.247340342714285,11.482290202831422,9.260577168301023,11.403125968203414,9.260577168301023,10.88492806580067,3.238059018468907,10.456777671288053,10.723532175114155,10.456777671288053,5.4563609991768445,10.723532175114155,3.238059018468907,5.4563609991768445,49.37918339272156,10.456777671288053,4.588169931826561,2.442489936209331,10.456777671288053,5.4563609991768445,5.205076744199763,4.588169931826561,8.571926658956373,4.588169931826561,12.783575095355843,54.3398922707409,1.483980116879227,3.102471331621718,5.193423881553816,3.102471331621718,3.1857557794658695,4.614239873927334,4.614239873927334,4.614239873927334,8.650011324172182,5.193423881553816,3.1857557794658695,5.193423881553816,1.483980116879227,8.650011324172182,7.153711197874644,7.768433102194875,7.153711197874644,1.3159451049420434,1.3159451049420434,1.3159451049420434,53.102505235336444,3.35119816273798,2.6115673731873867,88.21755110887486,1.3965558664028552,19.491048851238727,1.5693844378597122,1.3965558664028552,67.80280934542131,3.35119816273798,1.9121053425076862,82.0990474080443,7.9234040845902864,1.9121053425076862,1.5693844378597122,82.7250981580024,71.17942772775,26.960376316389297,3.35119816273798,2.517186528343114,86.05906072086161,85.83773947571552,1.3818748351456516,1.9121053425076862,4.523688064222885,1.3818748351456516,1.3818748351456516,82.3327690204338,1.3823247432544272,2.3530093814876167,21.149686426341866,1.3823247432544272,1.3823247432544272,23.306852976655627,82.46744447631242,4.284141972286412,4.284141972286412,6.208787163112412,16.06300729836397,2.2458079779331794,82.02285442073912,2.406738904526445,74.49805069107705,26.555847693909993,45.261438295869034,2.3810857700020853,83.19903453779067,2.2458079779331794,83.81253109372949,82.88696629170963,40.78000523037051,86.39260502372764,77.50434566968786,4.4540823607714,29.05587683036431,9.699849777105332,4.4540823607714,14.07150119758686,80.04953047758613,2.164283939861423,82.21084010578511,17.010165008893267,32.02403622195096,3.2109070810282834,10.583602356205569,6.051564593945648,10.8318796346586,3.2109070810282834,3.7469141945516586,35.088902464561116,17.96457991789732,3.2886862180555245,3.7469141945516586,30.701283466711708,3.7469141945516586,3.2109070810282834,17.868153513480067,2.2214249976840073,2.373204654647225,2.442190903711066,10.72739512929056,30.131320833229193,7.7595682829768995,20.604050811426895,15.139626891313645,2.6977457205701305,15.306112698180707,3.164816552340299,14.406247605731501,10.848433004106061,8.569224582305267,6.961963045958128,7.370173695801147,14.883638171785268,14.169689199019095,12.496839631144587
15.392187434211115,15.392187434211115,19.0605479056696,19.0605479056696,3.65730415586479,8.03818244657504,7.40762811117672,8.34598113290268,7.945566413206009,5.264624121637286,8.34598113290268,7.930696334823203,7.575329844940116,3.65730415586479,7.930696334823203,8.34598113290268,7.575329844940116,3.65730415586479,5.48423843375591,7.575329844940116,10.845501426341269,5.662902823462008,10.845501426341269,5.8750993538343135,7.575329844940116,7.40762811117672,5.8750993538343135,8.34598113290268,6.624022285803706,5.264624121637286,6.624022285803706,5.662902823462008,6.989696051373452,7.731114821721621,5.496689757235525,7.731114821721621,5.106411702078186,5.496689757235525,6.989696051373452,5.106411702078186,74.2913643218912,7.731114821721621,5.180583638694799,4.9799821544256035,7.731114821721621,5.106411702078186,4.557640522148194,5.180583638694799,13.908137254856975,5.180583638694799,7.561187792746616,80.12299221102674,5.014400757636501,6.313102033497388,5.609597000999761,6.313102033497388,6.814887659585508,5.741933395010671,5.741933395010671,5.741933395010671,6.466834529662158,5.609597000999761,6.814887659585508,5.609597000999761,5.014400757636501,6.466834529662158,6.973270897988416,16.093786131499897,6.973270897988416,3.4528787070281335,3.4528787070281335,3.4528787070281335,83.21389915000455,2.8335993676145304,4.532294367297777,67.64635142301177,5.204522098790013,21.749832267907326,5.287651648803587,5.204522098790013,78.20244269030401,2.8335993676145304,4.050696486978508,71.25605123684369,16.03846521288705,4.050696486978508,5.287651648803587,69.00810562965985,80.02713764053497,20.6878711981091,2.8335993676145304,4.6191769915625684,70.9047646394147,73.22405585159446,3.77452982184573,4.050696486978508,3.7840652220521953,3.77452982184573,3.77452982184573,72.4365985007991,3.4739577497264045,5.300281124633683,17.824398321829335,3.4739577497264045,3.4739577497264045,18.57711149590013,79.09709931317003,3.268356473948551,3.268356473948551,3.187499950132039,3.273840228206469,3.2640537826158758,19.081711293654564,3.044423475638401,82.4845390963715,17.454639319860497,18.664072074100766,5.143777752884311,17.534895966723717,3.2640537826158758,79.58400582619252,17.24383406836415,19.443170112593545,20.63919126478481,83.24228730045051,3.8066746022350313,17.9675936922252,5.752975644086746,3.8066746022350313,3.8812507082967147,19.253619326708876,4.932755288100482,19.440214299690282,3.2440563969273484,18.14912641225416,4.970379984198849,5.379398845395109,3.32345960543631,5.365032660974472,4.970379984198849,4.830532645892309,17.565126381422775,8.936738142698415,3.5273721372533156,4.830532645892309,21.17949300436599,4.830532645892309,4.970379984198849,8.674250766702697,3.9798006626737097,3.642718346706472,3.8801599952041324,16.783906996449023,18.06428519449049,15.056475050768459,10.288448136523781,26.678740859996836,4.046548538451326,23.282960885275504,3.574017910103444,21.494947020731797,18.992141263052307,14.493636084404985,17.488152781257337,14.108581792664953,26.02100785488982,27.74094938816939,21.52710334607027
10.138901403392863,10.138901403392863,11.016461775474681,11.016461775474681,7.433700907759577,24.85241858238845,11.048353275746639,10.84632140611854,26.08309881750558,6.163226496824643,10.84632140611854,11.465703333222613,13.379929375506316,7.433700907759577,11.465703333222613,10.84632140611854,13.379929375506316,7.433700907759577,3.7105622933530484,13.379929375506316,10.220840421593545,4.972327902800271,10.220840421593545,13.98424098529291,13.379929375506316,11.048353275746639,13.98424098529291,10.84632140611854,10.997841778673257,6.163226496824643,10.997841778673257,4.972327902800271,6.886205413915944,11.019992378441758,12.492646007309313,11.019992378441758,6.910441414514667,12.492646007309313,6.886205413915944,6.910441414514667,110.13399387315715,11.019992378441758,6.669802412066525,3.1103867596305976,11.019992378441758,6.910441414514667,3.8961462739230774,6.669802412066525,8.585253385763721,6.669802412066525,60.83302727107841,98.24679476482835,7.820147884178088,4.742767094822742,7.527797043210784,4.742767094822742,4.523382093589928,7.585523379425831,7.585523379425831,7.585523379425831,8.467949334280789,7.527797043210784,4.523382093589928,7.527797043210784,7.820147884178088,8.467949334280789,12.231701835445927,7.30607753427493,12.231701835445927,7.846488090496635,7.846488090496635,7.846488090496635,95.80855350199597,5.894306438583896,2.4189330654812156,72.20823613229408,8.523815287321133,17.86623379282155,8.510448941150171,8.523815287321133,73.53196072487485,5.894306438583896,7.686552936381491,80.58868588388086,7.840492973902623,7.686552936381491,8.510448941150171,83.66821336845321,74.22111243553692,18.952686360302547,5.894306438583896,3.082535082454102,73.9115030255199,71.86740593671374,7.9115830269613125,7.686552936381491,4.008003565758445,7.9115830269613125,7.9115830269613125,84.14057589430703,7.877921735751883,8.255155655348448,18.661017783944462,7.877921735751883,7.877921735751883,19.967711749066076,76.47810688767908,10.889426962341888,10.889426962341888,10.350738814223476,13.393647288294684,20.19327454519831,79.2976408018083,19.93767792465268,70.65972696296097,20.27735141504426,31.19210698048245,8.247667847685733,73.21490483497931,20.19327454519831,71.68147845225275,67.62444537272026,31.057894584783558,83.44104969113064,73.9806613619169,12.076599317773464,20.4106094427301,6.4716585476107396,12.076599317773464,18.00325571430053,84.01699044195773,7.883668650048523,79.47300497984689,13.465536901649406,23.37783350782563,8.53862992442942,7.013139936578512,11.390863700861598,7.409206320409829,8.53862992442942,8.433004512878119,31.633969970334356,15.355763194335013,6.0942996505457065,8.433004512878119,20.702576154226758,8.433004512878119,8.53862992442942,16.799792790526073,7.042358812148751,5.287365708886679,7.26388954996424,6.689011755008722,21.89719839864306,7.630664097077399,13.041015012220393,6.402139165334261,6.872469795851695,5.970741584613851,5.594083822487619,5.979007312743035,7.754026201269738,6.722705430685406,10.021407671120441,6.688640140990929,32.856398281915226,32.604969652870274,37.75898648894009
23.85436134190255,23.85436134190255,23.85120081144338,23.85120081144338,2.987726398165568,5.317940368228999,22.55523377406659,24.862723498209462,5.473434169349239,22.788486512256977,24.862723498209462,28.81055096982291,23.696027916512197,2.987726398165568,28.81055096982291,24.862723498209462,23.696027916512197,2.987726398165568,5.280413516357549,23.696027916512197,22.996865386926476,23.860879111069654,22.996865386926476,24.39896082175361,23.696027916512197,22.55523377406659,24.39896082175361,24.862723498209462,25.965354145589103,22.788486512256977,25.965354145589103,23.860879111069654,16.78905065321394,23.866655317992667,25.274038434705957,23.866655317992667,5.866478461719194,25.274038434705957,16.78905065321394,5.866478461719194,66.25478398211114,23.866655317992667,5.866793691210329,2.1430648638813214,23.866655317992667,5.866478461719194,4.683776546378074,5.866793691210329,3.3168049494490663,5.866793691210329,5.52677169485655,60.74517213641841,2.379768378760869,10.90214441100461,5.389616453192811,10.90214441100461,10.499967884251461,5.226634814310728,5.226634814310728,5.226634814310728,25.217703558450243,5.389616453192811,10.499967884251461,5.389616453192811,2.379768378760869,25.217703558450243,24.576214755769644,4.480606913723776,24.576214755769644,3.138058013694796,3.138058013694796,3.138058013694796,49.82257177173966,3.692673773974571,2.6213856479806843,78.20555019823665,2.5418110078147267,6.814756343289877,2.7888540723145456,2.5418110078147267,86.54927416076859,3.692673773974571,3.947401585841791,86.16830467952208,4.2958645994891445,3.947401585841791,2.7888540723145456,71.7809661843901,79.12526566747212,7.768303567418264,3.692673773974571,2.400366939173269,73.75661216838452,87.93999720086062,3.505546019979209,3.947401585841791,1.639748956726589,3.505546019979209,3.505546019979209,72.93310499270525,3.495066551297588,2.5346818765891985,6.607318621487259,3.495066551297588,3.495066551297588,5.8072835696948495,74.90620830239553,14.964895708904576,14.964895708904576,14.42837711026111,16.95697671912807,10.046333555487148,44.763934236254265,10.213739498448788,71.66862087649439,7.395393191778036,8.744050197754293,2.4758389032562564,42.27492168455947,10.046333555487148,70.90232644903698,43.35804074800116,8.784981310840026,59.68594233836993,73.70400488092774,16.64825747363622,7.236922434603215,7.404060469319163,16.64825747363622,10.232933077221434,56.30000625835215,2.3206992603211773,58.19564731505681,18.884062331265195,7.2675269920952426,5.117507760246377,5.816472178051576,16.136138835534982,8.850890460654446,5.117507760246377,4.811006468456014,6.889069363499905,41.49335784979938,9.60591882676532,4.811006468456014,6.739882710560531,4.811006468456014,5.117507760246377,43.455277291200325,2.917133300411167,8.586419102764465,2.778046580560303,7.919596555509955,6.390822495598545,7.6234783156659365,33.712498559142986,3.6209913254661146,2.860956790502642,3.3759184334534815,9.003055115993185,3.0647348737445452,6.911685446871697,7.898518303677082,5.897215490771306,6.579237496030154,8.158067611406185,6.224988948742946,7.2630004405886295
12.868780711996536,12.868780711996536,11.70474384928179,11.70474384928179,2.3144466090762803,59.000472535302144,8.575909785868213,13.819381257003004,59.05926457983053,8.984410315408175,13.819381257003004,11.348303539154337,9.28111398628667,2.3144466090762803,11.348303539154337,13.819381257003004,9.28111398628667,2.3144466090762803,5.8807694751345805,9.28111398628667,14.345456247623419,13.251312689117123,14.345456247623419,9.996649691097916,9.28111398628667,8.575909785868213,9.996649691097916,13.819381257003004,14.136894504785847,8.984410315408175,14.136894504785847,13.251312689117123,4.151167583766305,12.45830491302808,11.642006662521762,12.45830491302808,3.8320224021377722,11.642006662521762,4.151167583766305,3.8320224021377722,48.63805102203337,12.45830491302808,4.453714777244132,3.987062911619669,12.45830491302808,3.8320224021377722,8.067568258331928,4.453714777244132,5.369334231852386,4.453714777244132,54.430376176158376,42.58401172270237,1.6040444142412624,3.5067577096896527,2.6518664207251827,3.5067577096896527,3.5689420139053696,2.9428108455064454,2.9428108455064454,2.9428108455064454,11.655153256308987,2.6518664207251827,3.5689420139053696,2.6518664207251827,1.6040444142412624,11.655153256308987,13.389813171521705,3.2727494898744536,13.389813171521705,1.0587278639789983,1.0587278639789983,1.0587278639789983,51.74314294669942,0.9091098641594602,3.407243345945404,12.378768980082224,0.9211320095458289,4.128607993219931,0.9100522877911434,0.9211320095458289,25.43059445622127,0.9091098641594602,1.620227224479808,27.956788513167712,3.672391394697112,1.620227224479808,0.9100522877911434,12.354545879899835,26.712102029248598,13.153295874076798,0.9091098641594602,3.340262843847297,12.424906497048653,29.48559503006332,0.9553007813398448,1.620227224479808,4.193256827458625,0.9553007813398448,0.9553007813398448,12.538941962944127,0.9571346903109484,0.7697957455807964,4.263554119897054,0.9571346903109484,0.9571346903109484,3.918531248022642,13.826629872328075,8.403442488452534,8.403442488452534,7.845793771548401,16.60604668707038,4.610325599269882,12.55456121063343,4.549961600372621,30.330045461704245,13.216620017658965,17.89114538723078,0.7672300458553567,10.166698125944931,4.610325599269882,12.47810782329072,9.43239159275341,16.52721929200326,10.805284490780108,28.64896941301744,7.270303899132148,12.636232855333182,13.89660227277492,7.270303899132148,14.482809829360107,10.511929875421638,1.512354100555888,10.441221042870197,16.4296381478397,11.549490339809871,0.7991371837145235,14.782037165100412,6.67190624704505,15.930993912939835,0.7991371837145235,0.7113192908030607,16.384977159561014,27.580358742638115,13.72711317497752,0.7113192908030607,13.328804658238202,0.7113192908030607,0.7991371837145235,27.33617657053049,11.748153577305917,13.782380610206678,10.739879562378757,20.818647733907667,13.421337093178982,18.57656287995243,23.497565849579836,16.467155249807192,10.30149552312213,13.281418455868957,13.721762602463997,12.430238949566187,18.459005699467728,18.720906228142383,19.48192217687114,18.658305787859526,12.469432572953108,13.181988327432137,13.437456143041356
20.451248968621265,20.451248968621265,13.978599125440239,13.978599125440239,3.953457471171442,8.868732528858514,5.8782669560381,9.878970367722854,9.395500443909945,10.467621012695455,9.878970367722854,9.517485214314233,7.3494723378636975,3.953457471171442,9.517485214314233,9.878970367722854,7.3494723378636975,3.953457471171442,2.963874368835947,7.3494723378636975,19.557829821523256,13.222700618051329,19.557829821523256,8.352331665559813,7.3494723378636975,5.8782669560381,8.352331665559813,9.878970367722854,12.21914693867169,10.467621012695455,12.21914693867169,13.222700618051329,0.6666374786835872,9.735827195038308,10.825421428525814,9.735827195038308,5.040123315457312,10.825421428525814,0.6666374786835872,5.040123315457312,24.75811497631935,9.735827195038308,4.129046474824509,2.72624086694712,9.735827195038308,5.040123315457312,2.4637883588733724,4.129046474824509,12.823119826421264,4.129046474824509,11.578489341523552,25.475264126566834,5.713474302217689,0.9165752483456876,6.4928517966631265,0.9165752483456876,0.8010673247630423,5.175665251370813,5.175665251370813,5.175665251370813,12.976266668580397,6.4928517966631265,0.8010673247630423,6.4928517966631265,5.713474302217689,12.976266668580397,10.150715680738713,11.42216223247932,10.150715680738713,3.3832999787589326,3.3832999787589326,3.3832999787589326,24.549537888576385,2.8868594844348583,2.6110820003705966,23.849015424771352,4.12274164230698,11.424725323724246,3.851633893643839,4.12274164230698,17.357774850008592,2.8868594844348583,5.950915342928162,20.9770697117226,11.028131964386633,5.950915342928162,3.851633893643839,21.448125555915226,16.94971344788722,11.071818719920314,2.8868594844348583,2.58253189570354,22.51717422866558,24.913285434001494,2.1650088222172568,5.950915342928162,1.4323276827153928,2.1650088222172568,2.1650088222172568,19.62958063584401,2.042730562625214,4.714412915041031,11.646589470680397,2.042730562625214,2.042730562625214,15.502215024673527,26.59419928979914,4.725852220915563,4.725852220915563,4.248417451734443,10.991486384080346,3.7296496483257244,26.367107677113257,4.489620258383338,29.895301274627936,11.696974423912584,25.704644967512294,4.982568974173526,25.480272020536916,3.7296496483257244,24.71770267661554,25.473916752646414,25.40820150981156,23.192194770176503,17.707925661951972,5.457886039344719,14.520724248624402,25.78170755392401,5.457886039344719,9.124495201616805,24.853265631635416,4.941963935034216,24.358929405405256,10.897468506752235,7.39591401739198,5.311887345365127,21.213064170345593,4.39836214052402,15.163661383628888,5.311887345365127,5.534297536147024,14.247433274525923,15.281776196514926,16.70537195695395,5.534297536147024,14.541411355722792,5.534297536147024,5.311887345365127,15.064303830290827,16.216531911276505,15.609320570166934,15.572875164334997,30.04942376462948,17.153651563606886,32.72722668744469,15.12190393797321,40.353461356689294,19.36409802233938,37.593354878296076,18.73759539176858,38.755204017743466,34.313637547631224,31.867188990679608,32.803552272614155,31.880294858924252,31.19597719123584,29.230040150575473,25.478590859226642
28.12531886245718,28.12531886245718,27.70779508366477,27.70779508366477,1.433372770587117,10.48751926894409,30.731748835378387,33.839757954533034,10.778355195787897,20.784494681210628,33.839757954533034,31.116193745906084,37.380898767213054,1.433372770587117,31.116193745906084,33.839757954533034,37.380898767213054,1.433372770587117,2.2860445118594415,37.380898767213054,20.377850163299115,19.424897870023184,20.377850163299115,20.579892895777423,37.380898767213054,30.731748835378387,20.579892895777423,33.839757954533034,17.86910438085886,20.784494681210628,17.86910438085886,19.424897870023184,14.719763011816086,31.083875268121304,23.97965565784992,31.083875268121304,1.8230937627493455,23.97965565784992,14.719763011816086,1.8230937627493455,48.69026670597346,31.083875268121304,1.4484102696176928,3.901303854743443,31.083875268121304,1.8230937627493455,2.2953734693707704,1.4484102696176928,8.518422679169994,1.4484102696176928,11.1811270872333,47.358919471194156,0.941656306617516,20.42024643663139,1.7053144747508828,20.42024643663139,20.319494445567663,1.4235141312074724,1.4235141312074724,1.4235141312074724,12.899063843330286,1.7053144747508828,20.319494445567663,1.7053144747508828,0.941656306617516,12.899063843330286,10.753223334226993,7.310466478176587,10.753223334226993,0.5492277066083108,0.5492277066083108,0.5492277066083108,42.609518645342774,0.9269230916914954,4.176667368028733,39.19796216145137,1.4356173134124002,6.835744475459101,1.2531391158556908,1.4356173134124002,42.58033367572498,0.9269230916914954,1.1080433934750302,37.61316976919213,6.338620761064228,1.1080433934750302,1.2531391158556908,37.50395972388903,42.00237718742913,11.598680277754855,0.9269230916914954,4.037060710511918,38.935384687702346,38.424545439921005,1.4571576964538768,1.1080433934750302,2.2369516422202724,1.4571576964538768,1.4571576964538768,37.28955183169558,1.464739671384569,1.3518260976274579,6.503009846771143,1.464739671384569,1.464739671384569,7.951964681669829,33.293751049657985,1.473614477449077,1.473614477449077,1.6830267187204562,2.3951856862745853,0.7844151453212667,15.928692573292878,1.5464592459090931,32.270440106739464,9.471517128642523,31.173935704158776,1.35112873035987,15.772342505205485,0.7844151453212667,32.16624757838808,15.649533218412428,31.418057925189935,19.418454880253528,36.139089243765035,1.358778601558802,9.310496499423618,3.8409046785862335,1.358778601558802,2.7722633830822683,24.33552942793539,0.603515436136594,24.32254982699083,2.2860064025471454,9.231441789835376,1.9272897047775177,4.470830728853216,1.524511045047618,3.795906524177427,1.9272897047775177,1.5934114917661595,24.391399637990077,12.324447230248799,3.3522834853799814,1.5934114917661595,10.27940635125765,1.5934114917661595,1.9272897047775177,13.123486142470835,2.2952676829349614,2.3013401186337727,2.2335399207703137,4.697493733521138,10.228847501434831,5.811685515470151,14.237004731671437,7.018912766439881,1.9118997947392886,7.238876703373054,2.172616051783668,6.922484563852376,5.238859323506791,5.861241470509917,6.5231511961319795,6.5374724996172855,8.554354230286119,8.41751436896813,4.586399794020984
26.263578952136303,26.263578952136303,23.442180752526188,23.442180752526188,3.371702366459609,9.182695673644675,23.1960048387379,23.39158034226265,9.264123830476176,24.209422409744043,23.39158034226265,23.39067974511811,24.265025037996985,3.371702366459609,23.39067974511811,23.39158034226265,24.265025037996985,3.371702366459609,1.794461936884631,24.265025037996985,22.37167747180911,24.719373745471938,22.37167747180911,22.60549655062323,24.265025037996985,23.1960048387379,22.60549655062323,23.39158034226265,23.976310957567097,24.209422409744043,23.976310957567097,24.719373745471938,6.999323517598544,24.820497545611683,22.899552735240512,24.820497545611683,1.515633569013059,22.899552735240512,6.999323517598544,1.515633569013059,29.21788454244713,24.820497545611683,1.7178776072133553,1.2540887393450186,24.820497545611683,1.515633569013059,1.401700050221146,1.7178776072133553,6.263507034230156,1.7178776072133553,9.284583243923123,25.837574766169713,3.3228064386905865,3.220451850540023,2.8687853679134414,3.220451850540023,3.2000785144684736,2.744969342175268,2.744969342175268,2.744969342175268,28.703511996243,2.8687853679134414,3.2000785144684736,2.8687853679134414,3.3228064386905865,28.703511996243,26.770653721714883,3.5241339505131406,26.770653721714883,3.911663293849284,3.911663293849284,3.911663293849284,24.176503779886772,3.6208797958276153,1.1680766872117638,13.546186181692589,2.5552110497549343,8.140666101165428,2.474120451480463,2.5552110497549343,16.899687164411112,3.6208797958276153,2.414680731455957,13.002448218662515,3.506808068479912,2.414680731455957,2.474120451480463,14.089069409726347,18.96193327304662,11.170661687625206,3.6208797958276153,1.2415747500513608,10.649692211268238,12.314102578577128,3.4326065329253,2.414680731455957,3.368843790236075,3.4326065329253,3.4326065329253,11.141958058662265,3.4837404819070494,1.992964611533988,8.533951523481432,3.4837404819070494,3.4837404819070494,5.080170169548681,14.833539634889508,3.180366378257159,3.180366378257159,1.7014911962557688,10.104663189862967,4.3612530213095795,9.843039567201194,5.1378363220515295,13.874983011004701,11.691158665310688,11.857396958339379,2.6370792950406208,9.44004520299356,4.3612530213095795,13.351917564485987,9.502842224195978,11.18177146091923,11.202428089589937,19.15911697132733,3.3983655422961045,7.296443241908596,2.1420318788660593,3.3983655422961045,4.613796786720133,8.913217055341878,3.5575266544027073,9.301544517416472,9.47552830475723,6.902425664301328,2.651654696822716,2.073158020308099,1.562148425459945,3.059400674822161,2.651654696822716,2.9842069236297752,8.461552416315275,15.435692285310703,4.050445856928181,2.9842069236297752,11.170486782823664,2.9842069236297752,2.651654696822716,15.157589105457907,3.8164299264978543,2.7679934102871253,3.086467165291414,2.8844694889090317,11.28998009706901,2.7678869612949972,13.634603230322067,3.024928060886104,2.765957523779842,2.3325520795045374,2.5552986303868055,2.563821183894574,2.9146280331828103,2.4137934603632876,2.7739848404003418,2.322601405408082,11.758126034644139,11.975665500079446,9.163103658137596
21.380560179555083,21.380560179555083,19.017613096578184,19.017613096578184,4.5955651220370655,98.66615015134555,6.81532859532395,13.269401391248108,94.99976697495843,6.177331962675831,13.269401391248108,15.407421654557137,5.070403951642574,4.5955651220370655,15.407421654557137,13.269401391248108,5.070403951642574,4.5955651220370655,6.164032262666395,5.070403951642574,19.31609829150475,16.76565367209538,19.31609829150475,9.662677403856776,5.070403951642574,6.81532859532395,9.662677403856776,13.269401391248108,16.85292838580025,6.177331962675831,16.85292838580025,16.76565367209538,5.573847712819438,19.415385411489925,19.752559065063412,19.415385411489925,6.458351384237069,19.752559065063412,5.573847712819438,6.458351384237069,109.30073018934578,19.415385411489925,6.94880635409554,7.957566659179021,19.415385411489925,6.458351384237069,7.012356656385756,6.94880635409554,12.92569132471864,6.94880635409554,95.02693854304198,110.35672616568192,2.143572519753132,5.8238301205563925,6.680844391650677,5.8238301205563925,6.219114359319959,7.35306350801533,7.35306350801533,7.35306350801533,14.899564644259526,6.680844391650677,6.219114359319959,6.680844391650677,2.143572519753132,14.899564644259526,20.084185217384963,11.449894929655294,20.084185217384963,2.1789511425922736,2.1789511425922736,2.1789511425922736,116.70303976617932,4.615850871208278,7.079388266579054,98.16392600639688,2.165291474491787,13.332316922172655,2.0395240231013703,2.165291474491787,92.18973269652169,4.615850871208278,3.060411897122504,94.43170381283387,11.564915308369235,3.060411897122504,2.0395240231013703,94.64285116835964,92.70404780770389,13.981429164343753,4.615850871208278,7.649716598370922,102.43746885001175,98.52640736595836,1.5039223779306545,3.060411897122504,4.50537615225041,1.5039223779306545,1.5039223779306545,97.89919412177001,1.2176032222326354,3.735409805017353,12.827385626458192,1.2176032222326354,1.2176032222326354,19.804058283766,96.82323783311328,11.828645980169844,11.828645980169844,13.876918718266444,24.743354156792464,19.14799175207129,102.75260906942721,20.593927889491788,95.89447328957989,13.473368467666917,18.53860150739473,3.8801499931693995,103.81321797290606,19.14799175207129,95.45380622532136,105.45385484840456,17.291520923615785,96.83711814202766,85.7619297823289,13.744171947962858,19.21240201490004,8.597028621641442,13.744171947962858,20.95217624980166,100.05965096624298,3.399074390886997,101.1084818861072,24.838318300017644,18.724086344796437,3.596254905508156,8.536217088833373,16.39117081062435,7.298505832454755,3.596254905508156,3.34481971863188,20.244709250393445,26.725857407106204,8.142750202192547,3.34481971863188,15.393515075823483,3.34481971863188,3.596254905508156,25.215663764338338,5.110126914062293,7.961838187643891,4.8919641786904595,13.959612770920431,14.359897536505622,14.004335707152444,16.8317877725355,23.249123215888872,4.900389205786459,27.64076384674,8.068077057717057,26.418835209840037,13.573750546155587,14.065361941205133,14.024071085401438,14.188897241858324,27.10395657120708,26.69516246751659,31.18315699084948
8.42063088172369,8.42063088172369,7.388357521924971,7.388357521924971,2.7783469624547656,52.87427800087458,8.751767545073355,8.397199331864249,54.64084274723283,3.951134963297087,8.397199331864249,8.552898566129779,6.992324298583382,2.7783469624547656,8.552898566129779,8.397199331864249,6.992324298583382,2.7783469624547656,4.865701743865431,6.992324298583382,8.508000677336332,5.547472050142644,8.508000677336332,7.387533101435162,6.992324298583382,8.751767545073355,7.387533101435162,8.397199331864249,10.028149653594392,3.951134963297087,10.028149653594392,5.547472050142644,2.9231305594487136,8.522890259394178,11.83167678180511,8.522890259394178,5.2807412060014025,11.83167678180511,2.9231305594487136,5.2807412060014025,52.7150577355077,8.522890259394178,4.807684200867122,4.878958241807768,8.522890259394178,5.2807412060014025,4.1986173171938805,4.807684200867122,8.795743821410921,4.807684200867122,53.55663343355715,54.8467717694985,3.499320094436354,3.1861544775093305,5.342288428513585,3.1861544775093305,3.1829592361069716,4.8122423464642345,4.8122423464642345,4.8122423464642345,4.130731436406538,5.342288428513585,3.1829592361069716,5.342288428513585,3.499320094436354,4.130731436406538,8.60183066388592,7.790199007780258,8.60183066388592,2.060576169726594,2.060576169726594,2.060576169726594,44.0139464143047,2.8331239031697906,4.644090846226767,45.288384016153245,4.508961056745795,7.123180267198839,5.094689935631625,4.508961056745795,36.382173661921435,2.8331239031697906,2.590318237800852,39.11586666692118,8.365631365961226,2.590318237800852,5.094689935631625,45.73390572102525,35.24747211135292,17.036796460715482,2.8331239031697906,4.63603495262239,44.98482532229775,40.51992311994287,3.029792951300815,2.590318237800852,3.817173670149873,3.029792951300815,3.029792951300815,48.56311971541137,3.448672759453568,2.9780034794046184,8.438534309825817,3.448672759453568,3.448672759453568,6.2993501902503075,41.51639718731413,5.916084426701894,5.916084426701894,6.133898230679304,4.978724633696765,3.7015640531868588,27.617472176286412,3.6431301376470744,37.56302779034916,16.56196157511899,10.607216814934842,2.712568548481365,28.551920071692663,3.7015640531868588,43.40662628127125,28.682621421087216,11.741114578422005,26.138780406938167,35.961954851693804,6.4242381815195,16.284220233438077,11.002435549437418,6.4242381815195,6.72990353942279,29.512956301268922,1.9677753854998923,28.396000975444558,6.70653489238176,13.991223322822748,4.557163084500549,10.475471444767289,6.615304878525339,10.290779677479293,4.557163084500549,4.780302542736626,11.887096427848437,25.935120308722066,11.733956491290785,4.780302542736626,17.235484347825537,4.780302542736626,4.557163084500549,23.812714721722866,13.744850201214684,11.554487889413327,13.033574037500268,13.680822078135384,15.015373598792857,12.26837942383572,21.405098944762152,11.491374550867329,12.185152866366002,14.457368741843846,11.707522683158613,14.350025445643988,13.64706188366823,12.451529558756434,11.984898920190126,12.2433983394772,30.622771572805945,34.7342227304077,41.73833154419801
17.551998107237207,17.551998107237207,10.474756576581877,10.474756576581877,8.282566023272482,3.425151604847675,8.119220470614687,16.003189855261834,2.9091447155794885,14.881291162278382,16.003189855261834,16.091753959134433,10.27059177189601,8.282566023272482,16.091753959134433,16.003189855261834,10.27059177189601,8.282566023272482,1.6950300168169066,10.27059177189601,11.717438856598449,20.661603812615077,11.717438856598449,12.597147507177962,10.27059177189601,8.119220470614687,12.597147507177962,16.003189855261834,18.784412669044602,14.881291162278382,18.784412669044602,20.661603812615077,12.787036233333888,14.9870197401375,12.457660804570517,14.9870197401375,3.6412918768499343,12.457660804570517,12.787036233333888,3.6412918768499343,33.08440931585302,14.9870197401375,4.102415958046623,4.684472095373978,14.9870197401375,3.6412918768499343,1.6549516449098558,4.102415958046623,13.078530418160517,4.102415958046623,3.469598535348709,34.03164101342666,9.78501048505496,14.549711584657977,3.4939315051213544,14.549711584657977,14.557638342135037,3.868092318844816,3.868092318844816,3.868092318844816,15.668488732640661,3.4939315051213544,14.557638342135037,3.4939315051213544,9.78501048505496,15.668488732640661,15.53608725784274,12.377117096368432,15.53608725784274,5.168987511454073,5.168987511454073,5.168987511454073,32.99842698438113,6.422774522785567,3.9487015548768394,34.99864037887007,3.690222616436999,14.793881008957907,3.5834836096215126,3.690222616436999,42.126125867749934,6.422774522785567,8.42604144130297,44.95540647753427,12.131580044355738,8.42604144130297,3.5834836096215126,33.81253135548256,45.42269651755499,14.683629700267899,6.422774522785567,3.7361957241247663,39.62533128325227,42.277100152541905,5.4541815177815645,8.42604144130297,0.985859848436175,5.4541815177815645,5.4541815177815645,39.542178945821625,5.136693762944268,3.717528843436302,12.581287055320097,5.136693762944268,5.136693762944268,13.003685810356268,40.34919713751041,6.0371566705808775,6.0371566705808775,7.046027691491995,15.934168613492547,17.938574994996543,38.341622263986274,16.655311478359774,53.61404717691309,12.57228588213115,10.909616057999479,3.737709154332486,29.67704232783853,17.938574994996543,40.172964274754605,30.134038468646324,17.93161977840483,27.915525449507133,52.23931514385079,6.445011894629527,12.914070758334585,3.9718009162598213,6.445011894629527,25.27892957191296,25.255030426694947,8.988035575644938,25.33281701825424,17.737836517143577,16.495034056091196,3.3902873128901523,3.712036249547872,7.693618389719526,6.456080250293737,3.3902873128901523,3.2233562940678504,12.68296162102386,36.38233727582199,5.848016928463188,3.2233562940678504,18.49959539862211,3.2233562940678504,3.3902873128901523,36.585068417547674,5.6083616775547,5.085247247659268,4.933933129462286,5.091275782400208,16.191180486719727,4.912363373981536,36.66815550156955,10.400497903523325,4.745175638957773,5.729774365860168,4.6404625996779805,5.40305155978542,5.183531223603902,5.543799371913379,5.100386876331679,5.208764964585012,16.987396617713877,18.038980322453785,9.863946845102605
38.23911154992153,38.23911154992153,36.71978428622791,36.71978428622791,8.808827440258673,5.822737833256116,34.469940336684914,40.65987437912149,5.831971711983307,38.41559850791684,40.65987437912149,36.957372330194836,34.91318180731306,8.808827440258673,36.957372330194836,40.65987437912149,34.91318180731306,8.808827440258673,5.56164754313278,34.91318180731306,32.33000490255447,42.31841681476778,32.33000490255447,37.311665649027944,34.91318180731306,34.469940336684914,37.311665649027944,40.65987437912149,40.55508878778452,38.41559850791684,40.55508878778452,42.31841681476778,16.470191572516583,30.443217831475145,31.63102283508583,30.443217831475145,3.48794492167467,31.63102283508583,16.470191572516583,3.48794492167467,58.53793625725625,30.443217831475145,4.494900419348749,3.004363008141305,30.443217831475145,3.48794492167467,5.067581530992538,4.494900419348749,6.350996698899041,4.494900419348749,6.172751580169687,55.0034011428942,8.678605172704838,12.921771101351165,5.1446646413184025,12.921771101351165,10.579334198827313,6.4163684589294,6.4163684589294,6.4163684589294,35.42032383868164,5.1446646413184025,10.579334198827313,5.1446646413184025,8.678605172704838,35.42032383868164,33.28071192418674,7.125136080086819,33.28071192418674,1.0106458401381493,1.0106458401381493,1.0106458401381493,54.72005457887435,7.627705191863664,3.052381091517461,100.80558889030546,5.382358208734855,7.208103394411367,5.43263770342035,5.382358208734855,79.4456747947201,7.627705191863664,9.644756366410121,87.39134842777142,6.799211276208932,9.644756366410121,5.43263770342035,100.5377875044812,74.66799966886022,6.801524719954426,7.627705191863664,3.1651496536198542,102.49101915219111,87.18392440294915,0.9496647555958043,9.644756366410121,5.511847588446398,0.9496647555958043,0.9496647555958043,102.13023616810545,0.887523037635893,5.737347887141375,7.581830571137248,0.887523037635893,0.887523037635893,6.653523894699732,79.20647731813627,4.6742117921804684,4.6742117921804684,4.070516261045287,4.053791944320389,6.931804325768748,5.780632562010771,6.97862747059721,73.75879930825384,7.66445532338446,11.506316934843712,6.632631055843635,4.2270658350337085,6.931804325768748,79.85096955450821,4.229905860847193,10.081705467406499,4.029462903281717,65.22978131990781,3.1884899107334626,6.489092905321858,3.8735642114399558,3.1884899107334626,4.80638339113381,5.668449512446758,8.97127685939837,5.757598853523127,1.9922875464110927,7.818810829842624,5.888248212609146,3.8819599897408197,3.2028427642644894,3.8126251912226294,5.888248212609146,5.373339304222743,8.378046156591504,7.112854428013705,2.5073755586055118,5.373339304222743,7.301021238342216,5.373339304222743,5.888248212609146,6.634505999393746,2.07580966749677,3.72367131689259,2.2151442256132157,3.288163318162127,6.039014829914296,3.3605580349831112,6.451017763911793,3.0106482890912902,2.291877515839086,3.378008292014303,3.7895290693000585,3.4051235585753825,2.8511561400600773,2.895699272021891,3.1317924942466813,2.82652094046431,6.270112817394407,4.672673749085293,6.803430647927942
11.037117200025795,11.037117200025795,10.869731271141832,10.869731271141832,2.049367596749426,7.3493345128447505,8.320110405679328,5.6087226946227,7.908140602278317,1.8105829135128169,5.6087226946227,7.385903147803738,5.374958192667323,2.049367596749426,7.385903147803738,5.6087226946227,5.374958192667323,2.049367596749426,3.1857108614051763,5.374958192667323,11.551907345202755,1.7211613149348377,11.551907345202755,6.024372370715717,5.374958192667323,8.320110405679328,6.024372370715717,5.6087226946227,5.843353123540635,1.8105829135128169,5.843353123540635,1.7211613149348377,3.716239581732581,5.593059193400982,7.486867956509474,5.593059193400982,2.6639626626127435,7.486867956509474,3.716239581732581,2.6639626626127435,30.929290901989937,5.593059193400982,2.728523610818114,1.6126157261007081,5.593059193400982,2.6639626626127435,3.137890871661104,2.728523610818114,3.48649217493555,2.728523610818114,6.085327021269897,33.456096982041196,1.2067318131863591,2.9442876362891486,3.0059225537873475,2.9442876362891486,3.5830549170110353,2.887685674430752,2.887685674430752,2.887685674430752,2.450202913435622,3.0059225537873475,3.5830549170110353,3.0059225537873475,1.2067318131863591,2.450202913435622,6.068343755565887,3.5039072413348102,6.068343755565887,0.7558632259075906,0.7558632259075906,0.7558632259075906,29.55890269907063,1.7362124941777441,1.720399866577053,26.663978705227656,3.236825736505331,4.951824555670513,3.6890849441892684,3.236825736505331,28.086435603325487,1.7362124941777441,1.2821857176387752,28.09626705284071,3.4884925949083048,1.2821857176387752,3.6890849441892684,25.731565121928334,28.6741311324515,3.8792142887059313,1.7362124941777441,1.7077626254014675,26.29241927719261,29.108082997190422,3.163630348915674,1.2821857176387752,3.7719869257325955,3.163630348915674,3.163630348915674,25.528264100926098,2.9480928885127744,3.5800701646643756,4.946841342193699,2.9480928885127744,2.9480928885127744,5.104840281284909,24.235010708503346,5.144169028187198,5.144169028187198,5.37042958306944,5.7970130777490665,4.188902568682783,10.482712042276003,4.68736532759191,28.32164159381699,3.8329579743248665,5.998935844934414,3.6386678034137176,9.49033574235941,4.188902568682783,28.247443534791664,9.954611396719347,5.939810803456584,14.81430660018606,29.647217769410503,5.251634182812202,5.230981532302409,4.373518712323382,5.251634182812202,3.227321391785648,15.283819853137807,1.3157339157723238,15.42557111641045,5.670810609021384,3.5671240018997508,2.7901505389691943,4.614328653387403,5.490083948873499,4.935056375268136,2.7901505389691943,3.1471890776275266,6.342628247393465,9.879901099015461,6.3620119232914,3.1471890776275266,3.4123068809096497,3.1471890776275266,2.7901505389691943,9.800024773590636,2.640201673457272,5.388697515409973,2.9481764213224793,6.403324484604994,3.3786319136744587,5.357176322512616,11.24750511754667,4.410503725315945,2.7775912154665896,7.790668954157741,5.34361396680817,8.320086477695959,6.126578875190175,5.107489592253112,5.626592601432933,5.516696747741064,6.039286959579712,5.964605821895371,4.535969554969106
7.160039521886005,7.160039521886005,7.203059798626762,7.203059798626762,7.286592862115868,52.453318940012444,6.768351036000789,6.262905358830966,52.003151148188316,5.007924509466645,6.262905358830966,6.187149338644518,6.915348965013256,7.286592862115868,6.187149338644518,6.262905358830966,6.915348965013256,7.286592862115868,8.390551648632208,6.915348965013256,7.970262699352065,4.987817022082244,7.970262699352065,6.226682654655865,6.915348965013256,6.768351036000789,6.226682654655865,6.262905358830966,6.101305316160133,5.007924509466645,6.101305316160133,4.987817022082244,3.9524082046227527,5.675069836439693,5.8682594612956285,5.675069836439693,6.870943896478978,5.8682594612956285,3.9524082046227527,6.870943896478978,66.60467225959138,5.675069836439693,7.036420794304405,5.780993501675957,5.675069836439693,6.870943896478978,9.445170550848157,7.036420794304405,7.4380809070999865,7.036420794304405,52.53479191718207,55.39233902825509,1.1202688078944711,3.127679115975795,6.903036254893681,3.127679115975795,3.0271146872947576,7.158476864849061,7.158476864849061,7.158476864849061,5.230770830583462,6.903036254893681,3.0271146872947576,6.903036254893681,1.1202688078944711,5.230770830583462,5.33389771213545,6.551147901015096,5.33389771213545,0.5350811897597237,0.5350811897597237,0.5350811897597237,44.28919673577922,7.538014920869079,5.495029763179712,46.05594565464756,1.9829975547392364,6.287179080499558,2.1990304380819934,1.9829975547392364,39.50344650672033,7.538014920869079,3.156581753502558,45.56168911785562,6.196539153332057,3.156581753502558,2.1990304380819934,44.45511197092647,36.049068602279554,6.620781171822168,7.538014920869079,5.494681957211646,47.494652432053385,46.34549050588212,0.7610070470608281,3.156581753502558,7.162901932199877,0.7610070470608281,0.7610070470608281,44.316043422258744,0.7071975190514092,1.6878316298229095,6.220501633269478,0.7071975190514092,0.7071975190514092,6.236666674945997,46.8659273384659,4.691418686746283,4.691418686746283,4.514656024296316,7.043639441702136,5.8747331010320885,12.0201439765839,5.4899173962872485,48.0257150790043,6.805172319829928,8.042457360539451,1.6457525182248907,10.146363532799175,5.8747331010320885,46.666044131352926,9.882285482616906,8.408131543003561,10.487256080537037,36.49734280613555,4.407355109611894,7.1056184317395426,7.063919134890246,4.407355109611894,6.406223670915899,10.336451354198235,1.873585319616156,10.781561697901775,7.189801727228627,10.099402673930662,3.4116338701160083,3.716739241897539,4.140785429587359,7.568208550738548,3.4116338701160083,3.4392756981601407,8.105521113751696,5.651420772489657,7.692417078479202,3.4392756981601407,9.19956824804238,3.4392756981601407,3.4116338701160083,5.445459849948215,9.753166905380255,7.9211586209622125,9.509020596131439,9.022159217383095,8.858378504621497,6.961203442210531,8.747417392569833,7.4511352741280685,9.501030989247587,10.83362154152821,6.865119832983305,10.908899917526316,9.407807481360088,9.360353447869976,6.652791818401386,7.089785921404331,53.168500103539294,49.19741772572403,43.069238992035146
6.738971085474342,6.738971085474342,6.005167702162802,6.005167702162802,1.7251603970887994,3.1874558012370944,2.220836163027858,2.3126170785335356,3.5672456728670596,2.122177146924447,2.3126170785335356,2.3173058360137695,2.1582037283591045,1.7251603970887994,2.3173058360137695,2.3126170785335356,2.1582037283591045,1.7251603970887994,2.228902829965371,2.1582037283591045,6.190567726851884,2.2358797134582744,6.190567726851884,2.260864533785556,2.1582037283591045,2.220836163027858,2.260864533785556,2.3126170785335356,2.410040592421759,2.122177146924447,2.410040592421759,2.2358797134582744,3.312656474635553,2.6753517902258563,3.7066640455921256,2.6753517902258563,1.67924942872653,3.7066640455921256,3.312656474635553,1.67924942872653,73.63914638644485,2.6753517902258563,1.896163475916146,6.172570661275509,2.6753517902258563,1.67924942872653,3.873110954688399,1.896163475916146,21.4286453074691,1.896163475916146,2.9680272140204007,78.93902831803722,1.7501030623377918,2.6779436531618517,1.6053601492662921,2.6779436531618517,2.80215718016061,1.7643723227741626,1.7643723227741626,1.7643723227741626,2.837101957137405,1.6053601492662921,2.80215718016061,1.6053601492662921,1.7501030623377918,2.837101957137405,2.8160036609338,19.095059394245105,2.8160036609338,1.7221415428991846,1.7221415428991846,1.7221415428991846,88.5055045939721,1.4627510108309125,6.138143495712313,125.45623353969842,2.036821534891744,22.104927672278762,1.8754275608503448,2.036821534891744,109.98898979067458,1.4627510108309125,1.8459663960927601,122.77964594326345,19.970994288182293,1.8459663960927601,1.8754275608503448,130.3561291934604,111.76212024630684,26.67711453064514,1.4627510108309125,6.281936760135283,127.25813989278616,116.78066976421395,1.848696284935192,1.8459663960927601,1.6283440212582971,1.848696284935192,1.848696284935192,135.15861237232144,1.629822349006365,1.780125597215335,21.812658988309316,1.629822349006365,1.629822349006365,22.35160853902316,139.6591782423312,4.154734996358688,4.154734996358688,4.552349557182309,14.767232833496594,4.665704519612288,114.08267029148,4.730279939681896,131.43794068793764,26.67971472558225,29.126142427777786,2.0903556109935186,110.9707134520673,4.665704519612288,140.7139787967477,115.14893406192037,29.68615462465185,117.23050331295526,118.45442467948152,3.8413507079760882,26.901993373753257,8.905304381449858,3.8413507079760882,13.864878094388445,112.12687149007007,1.9633761757821802,114.26245579762843,14.2180514417677,25.16797984026382,1.7337933802792604,3.2063490838861926,4.441095016280731,10.336703090402183,1.7337933802792604,1.6614345501117693,28.127272119198533,22.416683438408153,3.97854888980672,1.6614345501117693,24.56630537202999,1.6614345501117693,1.7337933802792604,22.97044745980278,2.5695170388251656,4.207344276509934,2.577337190375968,8.75625676406071,22.953949142051876,8.692929098095702,21.081163923038726,6.965122462386396,2.6197227227792967,7.394796004613221,4.4287334429237895,7.6445032680225955,8.92991945663208,9.286528916638538,2.473880604700552,2.6879585410189875,8.799011845503049,4.914104993572087,8.837807968717067
35.96823818184933,35.96823818184933,32.68617225585223,32.68617225585223,8.106519135092688,4.737402639182565,41.23759292998678,24.743962879719287,4.597320247928172,4.420285011684061,24.743962879719287,47.19569277831105,21.05359999248375,8.106519135092688,47.19569277831105,24.743962879719287,21.05359999248375,8.106519135092688,4.923154638112515,21.05359999248375,25.44295734809083,5.449567451345975,25.44295734809083,21.627804889918526,21.05359999248375,41.23759292998678,21.627804889918526,24.743962879719287,23.888851664719795,4.420285011684061,23.888851664719795,5.449567451345975,2.045797754978459,23.988399210655597,35.43751561892479,23.988399210655597,10.875755228043092,35.43751561892479,2.045797754978459,10.875755228043092,24.985207991728448,23.988399210655597,12.448708804153998,3.8006193139724167,23.988399210655597,10.875755228043092,4.4112892614731365,12.448708804153998,11.261507475619773,12.448708804153998,4.812066506821579,27.0413013038614,7.8427927355581835,2.3820503785368388,9.847485490389072,2.3820503785368388,2.4499751420189173,11.282866641597701,11.282866641597701,11.282866641597701,4.039162084337001,9.847485490389072,2.4499751420189173,9.847485490389072,7.8427927355581835,4.039162084337001,23.086742833123786,10.726311206279439,23.086742833123786,11.037667254069886,11.037667254069886,11.037667254069886,22.986543017378285,5.924784887682139,4.284503081866992,31.08682875354728,8.810007586207773,15.144240541560508,11.077106676989061,8.810007586207773,28.54801544998735,5.924784887682139,10.750410779738806,30.76579630751928,11.082899931566628,10.750410779738806,11.077106676989061,32.88835386096667,27.971687933919043,16.434477010599736,5.924784887682139,4.264217007456674,29.66712376622084,29.458671226788233,12.094049778356814,10.750410779738806,2.1708569558976807,12.094049778356814,12.094049778356814,32.23933926729865,13.819488209310366,9.491207467000676,15.829780886178336,13.819488209310366,13.819488209310366,12.9874357979556,28.530063792491244,11.296286150413055,11.296286150413055,11.343679127108048,16.15978896897954,5.774045799012404,11.976042623719868,5.682521446867323,26.451465585283973,17.858507836651626,11.54797207264788,8.397089247359668,11.736504895708684,5.774045799012404,27.83717198712051,11.762226379751205,11.606110175937747,12.591121269215941,23.579903236429598,10.077940995267102,13.63764484769951,5.389639336346249,10.077940995267102,9.391376224127368,12.571888406376523,8.023942175196439,12.553793220743525,12.919163162820366,10.852231591967461,9.581734645235768,3.4171401903362497,9.182336966863284,10.115526544637916,9.581734645235768,8.807408121363125,11.189416041898438,7.747199482380868,7.047177425005653,8.807408121363125,11.336246649435111,8.807408121363125,9.581734645235768,7.7355408386482045,6.097370059866858,7.522245303912493,5.671008127476406,13.201504037368284,11.216212468485082,14.018261917808855,7.531653375617452,10.982438615253908,5.72687357300279,19.39036437625834,7.354818054889473,19.896717944420573,13.438350887631755,13.1706030749531,9.650302649829552,9.00312232990812,12.266174730931601,10.595089614310954,10.616682694935331
33.01470677929364,33.01470677929364,29.779417332442957,29.779417332442957,5.439223323723944,266.6414381979193,29.37814317901213,33.02522678797219,266.3649832156537,32.220567525874635,33.02522678797219,31.9717453621578,30.42331053443365,5.439223323723944,31.9717453621578,33.02522678797219,30.42331053443365,5.439223323723944,2.5883443785305174,30.42331053443365,24.688113977578645,37.74951548282929,24.688113977578645,30.477839197123433,30.42331053443365,29.37814317901213,30.477839197123433,33.02522678797219,34.577639912619304,32.220567525874635,34.577639912619304,37.74951548282929,14.877906970033235,26.77192317036855,25.77943610382738,26.77192317036855,6.448767752254185,25.77943610382738,14.877906970033235,6.448767752254185,316.85956375531913,26.77192317036855,6.355414785027627,5.358640789363955,26.77192317036855,6.448767752254185,2.940406369889385,6.355414785027627,6.342307388931103,6.355414785027627,233.94768661668743,308.364742682253,3.334230986967428,11.351804941105856,5.766803546212816,11.351804941105856,12.008956090659982,5.72635460432183,5.72635460432183,5.72635460432183,31.290508480821792,5.766803546212816,12.008956090659982,5.766803546212816,3.334230986967428,31.290508480821792,27.460565742631275,5.367147479719139,27.460565742631275,2.7352189782146694,2.7352189782146694,2.7352189782146694,434.33739487574803,6.218477363061172,4.493842795433281,389.6603803846919,3.497792894552008,8.026023769672294,3.710190892525986,3.497792894552008,421.1754726468538,6.218477363061172,4.484153399784611,388.1866812575868,5.681658741081127,4.484153399784611,3.710190892525986,402.1942323699125,393.0232060366169,12.636601367252014,6.218477363061172,4.6034467801232015,393.9283529858467,415.34898908241064,3.1382193894625434,4.484153399784611,3.107723071894343,3.1382193894625434,3.1382193894625434,404.7148840706651,3.154338736125299,4.236436902721294,8.133936459110819,3.154338736125299,3.154338736125299,8.11432084030836,384.03278301830954,9.82856560041657,9.82856560041657,9.367659624715662,10.897144984337062,16.33379867501427,107.99811896650459,16.7782619609374,404.46428106152274,13.533890573200736,14.073937543747373,4.025505895750653,114.89534472691302,16.33379867501427,385.67169359059955,116.58983437745825,13.986384437957488,113.0317563588478,393.36801040344767,10.226854192001097,13.082960814475408,26.280280964910435,10.226854192001097,15.867317855960026,121.56828499601549,2.995321126570124,125.01147093236243,11.372077136404696,13.19604690769877,4.692741716423775,24.078563655372438,9.855175495440367,24.743027903143304,4.692741716423775,4.705538301109211,15.386082927762166,14.982257031565815,19.404120843223215,4.705538301109211,13.586793921358712,4.705538301109211,4.692741716423775,15.648778344557316,18.48661833654054,16.736567024901383,17.0685939016541,26.80761818813681,13.480348019328428,29.776875414731435,15.459637750171066,20.29515020683334,17.29520480790851,21.07047977508568,17.964728020449137,20.500188008118634,22.2581490101092,28.880086040314833,25.214815360987533,25.108761018920656,27.808969124717922,21.713165659920595,22.710207726691632
13.615564219078736,13.615564219078736,13.888217021271632,13.888217021271632,5.271520462936679,1.4819902767390822,13.116461886730532,15.367208151509285,1.5501137292089708,15.204500701798084,15.367208151509285,15.601553155758205,11.122941839505824,5.271520462936679,15.601553155758205,15.367208151509285,11.122941839505824,5.271520462936679,2.8736324015310206,11.122941839505824,15.908821945685713,20.2150578871453,15.908821945685713,12.74914751936056,11.122941839505824,13.116461886730532,12.74914751936056,15.367208151509285,16.72552135949068,15.204500701798084,16.72552135949068,20.2150578871453,5.4774664058141616,13.066240088692549,15.254137293325146,13.066240088692549,2.0716596590917646,15.254137293325146,5.4774664058141616,2.0716596590917646,24.075452478880113,13.066240088692549,3.0206979210723754,5.092347465708169,13.066240088692549,2.0716596590917646,3.954313651769775,3.0206979210723754,5.312931245180356,3.0206979210723754,1.4557743335485527,21.105619826377566,5.793396594569672,7.757065177056382,2.3657314093484914,7.757065177056382,7.478787760643174,3.433463841355446,3.433463841355446,3.433463841355446,19.448659982269497,2.3657314093484914,7.478787760643174,2.3657314093484914,5.793396594569672,19.448659982269497,13.912535453778776,6.304797943516289,13.912535453778776,5.99403661846233,5.99403661846233,5.99403661846233,17.639055342566536,3.8806516061343057,5.517650124967721,9.754491430355369,5.417353743372534,7.669932466217129,4.056407425640869,5.417353743372534,26.883847855661397,3.8806516061343057,5.3333444483788215,8.922296550934155,6.20069732896676,5.3333444483788215,4.056407425640869,8.551393976278119,24.54747341984163,11.417132617133106,3.8806516061343057,5.004838515558895,8.805035036337678,8.950521839486495,2.6270081771436398,5.3333444483788215,5.924406478057881,2.6270081771436398,2.6270081771436398,8.273782069162932,5.090345390109184,3.7121184922868977,7.788948314955144,5.090345390109184,5.090345390109184,8.574849508319664,10.479076498964382,3.465566539123293,3.465566539123293,3.102540589994432,2.0697282463372684,6.3836173839815995,6.950876515191781,7.72205641167174,10.558293105135697,11.476039927764354,7.348958641118261,4.948225888755807,8.748499445133898,6.3836173839815995,11.182205263910003,7.527894519980313,8.636474451982105,6.801195018298545,27.838816230222598,2.892033803881579,12.84345469626513,11.399188352222364,2.892033803881579,5.374918065253899,7.496847137055371,4.921417751551568,7.283798247267479,2.4468976945115184,13.556928466525466,3.5317679663456527,11.251884303276631,3.1917817523026244,11.278686544014338,3.5317679663456527,2.830547530563775,12.843288443843056,10.5281792029298,9.995519208645824,2.830547530563775,11.232231091109956,2.830547530563775,3.5317679663456527,12.784706504697066,9.54840728367242,9.953962726063782,10.180051577230799,24.525043100562364,11.628960159131429,24.683438996008658,9.222190791815143,32.77320412418409,10.474820351489994,28.100502543723266,9.883512234127505,28.107955511385335,23.31470438687893,25.489472867553516,25.702307690626775,26.169902875619798,22.56469430428921,22.88571992265055,25.29835802530949
9.09513798028472,9.09513798028472,6.796704933488421,6.796704933488421,0.7339255416094871,16.00643574069121,7.855969461761419,6.927503931374309,16.432135488040448,6.802563285397967,6.927503931374309,8.143417937886435,6.828032634222607,0.7339255416094871,8.143417937886435,6.927503931374309,6.828032634222607,0.7339255416094871,2.900414844275402,6.828032634222607,9.19453295902218,7.005961604151036,9.19453295902218,7.246263047136226,6.828032634222607,7.855969461761419,7.246263047136226,6.927503931374309,6.989833519707359,6.802563285397967,6.989833519707359,7.005961604151036,6.535973000688748,7.30646280558286,8.973404229733505,7.30646280558286,1.5553943451803238,8.973404229733505,6.535973000688748,1.5553943451803238,39.092532548912246,7.30646280558286,1.6597105014749103,2.5575591343246367,7.30646280558286,1.5553943451803238,2.925592648273752,1.6597105014749103,10.58338836440765,1.6597105014749103,15.855638672889276,31.37157887619439,0.9404770995054783,6.600239870935782,1.1955440425541992,6.600239870935782,6.61102900580677,1.4367033108056737,1.4367033108056737,1.4367033108056737,6.28084639025593,1.1955440425541992,6.61102900580677,1.1955440425541992,0.9404770995054783,6.28084639025593,6.606079704469651,9.709851619017059,6.606079704469651,0.18612161531851154,0.18612161531851154,0.18612161531851154,37.198580402342884,0.937507889062786,3.053968578335673,54.75415905682749,0.7243910168077529,13.561305960228454,0.7468391040960036,0.7243910168077529,43.790031219644746,0.937507889062786,0.9899811783683509,51.7049791958187,10.25047093890829,0.9899811783683509,0.7468391040960036,57.64904571503768,44.45947714836631,16.62739304819639,0.937507889062786,3.221897618053151,57.88096140640279,50.930515975034446,0.24506842712851679,0.9899811783683509,1.157668959796564,0.24506842712851679,0.24506842712851679,59.72147674564655,0.2799627675890412,0.4027569486404562,11.039865986924955,0.2799627675890412,0.2799627675890412,12.554261962708248,63.478574249905805,4.368522735040573,4.368522735040573,6.219455055734843,5.75286084482686,3.566298946762549,28.534760687297815,6.22963110558081,56.446672409255626,14.05896557133189,16.584890606846397,0.42235547605768714,29.969301697887854,3.566298946762549,63.8226861576853,31.412544566152327,18.19316720974728,85.62534704358305,51.49177800259966,4.440908405747533,14.635226582358897,21.35011114881808,4.440908405747533,7.288045831075555,101.05372808742804,1.0047855862131563,90.49385658026715,7.820271694709678,15.118812043139403,0.6984345894201572,22.063563886051565,5.934623362698768,22.71253727654137,0.6984345894201572,0.6642173832309797,18.081035224322537,10.001268061105515,15.845815404154079,0.6642173832309797,16.949719133730667,0.6642173832309797,0.6984345894201572,8.87176071943921,4.323231022106177,16.859758609307217,3.34859334795385,25.80605625731644,14.643969616725576,22.498442791920837,6.546767351231305,23.191332282693807,3.344443085365496,23.37141444257201,16.798804207236554,22.704380483867993,24.222895712050683,24.14962279407944,23.11027671028394,24.776508112142587,18.973845639931717,19.306974371927907,21.881191671202103
8.78695121628378,8.78695121628378,8.446593779315108,8.446593779315108,3.1988893281726285,14.969489583362408,11.741282393832643,10.00610855865421,15.184163386852639,7.1802653105051695,10.00610855865421,12.335733919341719,9.039308513365215,3.1988893281726285,12.335733919341719,10.00610855865421,9.039308513365215,3.1988893281726285,3.568668294928192,9.039308513365215,11.282406899831225,9.20871061431588,11.282406899831225,9.184044928695306,9.039308513365215,11.741282393832643,9.184044928695306,10.00610855865421,10.192777367921197,7.1802653105051695,10.192777367921197,9.20871061431588,4.945846188334774,8.871075233503985,10.989693094512763,8.871075233503985,6.0283778017065845,10.989693094512763,4.945846188334774,6.0283778017065845,55.00614817444508,8.871075233503985,5.457323556338327,17.72661284402451,8.871075233503985,6.0283778017065845,3.2165053723395975,5.457323556338327,21.74511831702532,5.457323556338327,15.747132640549525,52.93781225173939,3.281585664352209,5.240916260844718,5.2601978965830245,5.240916260844718,5.228753007561128,5.101419561454289,5.101419561454289,5.101419561454289,10.36528005918218,5.2601978965830245,5.228753007561128,5.2601978965830245,3.281585664352209,10.36528005918218,9.533961121095661,21.562074388428787,9.533961121095661,1.6872968418522303,1.6872968418522303,1.6872968418522303,49.5463600470892,3.893009431573078,18.871348427010563,23.45664026716914,2.8800423332459117,33.81181070030336,2.5820263635340956,2.8800423332459117,24.14013499156548,3.893009431573078,2.9222602732427947,21.92117779988646,20.176918154418622,2.9222602732427947,2.5820263635340956,23.713330893258558,24.288669242433986,31.267447554583338,3.893009431573078,17.21978116650212,23.902019187417178,23.170293024060154,1.5955601389618816,2.9222602732427947,2.3951339130651506,1.5955601389618816,1.5955601389618816,24.03868903537737,2.0585944972294774,2.2712614320288282,31.396830019792276,2.0585944972294774,2.0585944972294774,30.167551180118195,30.949834466237842,7.609427912845763,7.609427912845763,7.3718595450145,7.935008146351066,1.8434903732497754,29.553749277125817,1.98298832330435,30.28742124494511,31.591310520162594,30.880127940372933,2.6021601192452115,30.619441258331907,1.8434903732497754,33.54945885328227,30.91286253196726,30.853983094756206,24.781023905058657,26.81975212046383,6.5384417107943325,29.89388894871562,5.680553077210969,6.5384417107943325,1.9796624930830573,26.004085552010046,2.956894462312212,26.252392016009825,7.899959228858537,29.22634999564353,5.59282599253652,5.324212338341193,6.380890428901798,4.305903343295935,5.59282599253652,4.695180165393852,29.678274584491014,24.733888300316487,3.7291124197081125,4.695180165393852,31.146777190468242,4.695180165393852,5.59282599253652,19.65829057402778,4.702892652612667,6.4850284204399316,6.2342907977175015,4.665751425541879,30.09885989286931,6.960188934574258,18.520437179453015,2.9426349879096265,5.424278474239422,4.023098574917564,5.849703029033745,3.3492912315647256,5.518628139964203,5.329625151000962,7.253590879023264,5.658861809011598,4.719297932355303,5.325371223436514,5.308110312531759
19.33604542279134,19.33604542279134,19.522163242122353,19.522163242122353,1.69036141794847,15.695146563678499,32.24319943836793,31.102904342468204,15.720859269009317,20.038698611230558,31.102904342468204,30.47376359572052,36.81953077010287,1.69036141794847,30.47376359572052,31.102904342468204,36.81953077010287,1.69036141794847,4.2693888381683935,36.81953077010287,17.25258775591109,21.87350698977946,17.25258775591109,35.697292992055324,36.81953077010287,32.24319943836793,35.697292992055324,31.102904342468204,32.218161430364404,20.038698611230558,32.218161430364404,21.87350698977946,14.97289506489959,24.88548382907765,21.09375999679459,24.88548382907765,2.5639745771376647,21.09375999679459,14.97289506489959,2.5639745771376647,107.60945742434475,24.88548382907765,3.2699846335971734,1.8353376035036104,24.88548382907765,2.5639745771376647,4.772555176708245,3.2699846335971734,3.4948728874012462,3.2699846335971734,16.453291718770284,75.20175248977205,1.287637877879288,16.924662502492893,2.505819645337558,16.924662502492893,16.897421472597163,2.8099540248369332,2.8099540248369332,2.8099540248369332,15.597293877623269,2.505819645337558,16.897421472597163,2.505819645337558,1.287637877879288,15.597293877623269,23.89003108419503,2.8360013663752794,23.89003108419503,1.5969598708662363,1.5969598708662363,1.5969598708662363,59.29925034546756,1.4673282920069803,1.8159156946567687,88.56773028014507,2.6606992985364686,6.981713567771703,2.6201777547006166,2.6606992985364686,103.10716081389515,1.4673282920069803,1.177678914017566,90.14911198545121,2.86010554288097,1.177678914017566,2.6201777547006166,88.85460327702522,88.64341133832849,10.55728799048431,1.4673282920069803,1.9285653431878222,89.49025297590568,89.65543739772345,3.2525371683870765,1.177678914017566,2.703087883199488,3.2525371683870765,3.2525371683870765,88.76104334095422,3.2059699619168134,2.665195338756791,6.493405147307926,3.2059699619168134,3.2059699619168134,5.2463011556868855,75.70443943485787,3.4485253500916753,3.4485253500916753,9.150057592549873,9.918263706502536,2.852575850602713,59.0800656232274,6.5787701021445235,76.29096417791213,10.288586248007636,17.48928467220105,2.765134168537633,58.393123622323614,2.852575850602713,75.81756324570507,58.31407170835044,17.779464232293126,65.36838482706872,63.13604727601716,3.2587394865565913,8.82592502487725,1.988712937487343,3.2587394865565913,10.888726428848695,62.77416448969368,1.5122785616817296,63.05298297675208,10.392450284983006,9.18008422552305,2.817622327653763,2.937438250618864,7.209512559662583,3.6818682044360176,2.817622327653763,2.6627966918727353,14.755432692271258,10.735092160512362,3.1170235557962784,2.6627966918727353,8.984451619031239,2.6627966918727353,2.817622327653763,10.778943231404943,1.8473597607090215,2.4998401343873624,1.8529475944959743,6.461513918799226,8.698957443546142,6.220475138575973,8.147177277563403,7.021559699578772,1.7289956168337142,7.5733169643502745,1.618729396369023,7.443807554968714,6.620839931009739,6.3187909517901275,7.000805631114736,7.432783043808381,11.398081679585777,11.837805679118178,9.592608236035787
24.775316027623937,24.775316027623937,24.249104645147636,24.249104645147636,5.3910541127474385,2.941637955596435,20.947252050840405,12.14036238827328,2.641785551388769,10.296608499123227,12.14036238827328,24.524306765970863,10.774138420738687,5.3910541127474385,24.524306765970863,12.14036238827328,10.774138420738687,5.3910541127474385,4.339893207079278,10.774138420738687,23.13306465940909,13.470843760906371,23.13306465940909,6.823945695326007,10.774138420738687,20.947252050840405,6.823945695326007,12.14036238827328,9.369499620348016,10.296608499123227,9.369499620348016,13.470843760906371,5.544606869493834,12.244001576218466,23.539086681856187,12.244001576218466,1.9321938013729496,23.539086681856187,5.544606869493834,1.9321938013729496,26.331640166915754,12.244001576218466,2.6891134116059665,2.6234656445956457,12.244001576218466,1.9321938013729496,4.029366377357627,2.6891134116059665,9.797245357817028,2.6891134116059665,5.17344377888939,23.05180412738002,3.209444544995839,4.077144097201872,2.532646201950565,4.077144097201872,4.722508577273108,2.8816886829647914,2.8816886829647914,2.8816886829647914,11.483404471293468,2.532646201950565,4.722508577273108,2.532646201950565,3.209444544995839,11.483404471293468,11.139992070621117,12.376486276836884,11.139992070621117,1.2183704908303332,1.2183704908303332,1.2183704908303332,34.78613283991356,5.716069385642256,2.389536523556198,33.92521913103387,1.820060240039271,11.628826730292767,2.1225596006407117,1.820060240039271,26.949104549777672,5.716069385642256,3.859721318235957,37.78792786679715,12.37249624508711,3.859721318235957,2.1225596006407117,37.92158440361432,28.564352237624625,10.934282629135927,5.716069385642256,2.260700688860466,34.66904301202216,33.48898497267827,1.4300257712590525,3.859721318235957,8.73296357867071,1.4300257712590525,1.4300257712590525,38.82019568947265,1.5768529385722434,1.6164342643031795,12.477901269758323,1.5768529385722434,1.5768529385722434,11.903410191437844,37.824737876670746,1.922627758222733,1.922627758222733,2.162104126139695,3.067050147706965,8.110656571863716,44.41517489461354,6.709107949212903,36.25005961929557,11.2725438778082,13.220639319146223,1.7110960357319143,46.84701669128149,8.110656571863716,39.11634129735741,47.1076116896483,12.015696771643011,41.04972906219268,32.197899772375656,1.729235216669338,11.27968190277656,10.99611023039636,1.729235216669338,8.47892510140922,38.00555946813588,2.6946370383201836,39.84742694499185,2.9918081527871943,9.088875247353988,3.7308751863623564,11.086193038342346,1.612211031407292,16.08860457930589,3.7308751863623564,3.6711311920785907,14.844043106578194,14.968168892598046,9.790879638400082,3.6711311920785907,9.983728617046028,3.6711311920785907,3.7308751863623564,15.533466029636436,11.430580129520601,9.302462167575172,9.294624318857123,23.81892328651695,9.950772170580995,20.04585962510665,14.092702152500932,19.391063717640982,9.346870908170908,30.936963499602875,9.720663003098986,28.54687481466293,23.317700553794342,20.51414836197534,22.077513511807183,23.58333438499538,17.939048341722927,22.447035682480312,18.772562636747264
16.671580803347428,16.671580803347428,16.701583889416355,16.701583889416355,4.545722913457544,22.232981863119317,19.567884656937082,19.699937402419902,23.79428271135921,22.05063049814505,19.699937402419902,19.05387809288294,21.451160299718396,4.545722913457544,19.05387809288294,19.699937402419902,21.451160299718396,4.545722913457544,2.8739532058175263,21.451160299718396,15.018546975273521,20.14357122365694,15.018546975273521,21.726824494618832,21.451160299718396,19.567884656937082,21.726824494618832,19.699937402419902,19.61360723198753,22.05063049814505,19.61360723198753,20.14357122365694,13.165833299527163,17.717293014268,16.58424499136893,17.717293014268,5.534829474347257,16.58424499136893,13.165833299527163,5.534829474347257,23.928843867945712,17.717293014268,5.480502287751871,1.8107366295736425,17.717293014268,5.534829474347257,2.437092901011497,5.480502287751871,3.073949992465044,5.480502287751871,24.570997539395634,26.79692939955429,3.773763597311032,9.329286062227277,4.160307554680978,9.329286062227277,8.871004600196114,3.924931089924094,3.924931089924094,3.924931089924094,22.565857155250995,4.160307554680978,8.871004600196114,4.160307554680978,3.773763597311032,22.565857155250995,19.134721947528778,3.3190910481492053,19.134721947528778,2.9775063144774867,2.9775063144774867,2.9775063144774867,20.88317561118329,5.570600831942419,3.2302666368889175,28.174203247475553,3.8154150765479704,4.945585449704676,3.8672754615662006,3.8154150765479704,40.60249873241458,5.570600831942419,3.8024266163983,39.56081102983739,2.6131488080876246,3.8024266163983,3.8672754615662006,29.169393484473424,36.285252069632186,3.86320366375116,5.570600831942419,2.6137024579671104,30.64765790003137,38.9739385270709,2.734892974107679,3.8024266163983,1.9570055051142792,2.734892974107679,2.734892974107679,32.23658378330042,2.8222467909144844,3.803592867664025,4.7662067381100215,2.8222467909144844,2.8222467909144844,5.3307407307633055,23.53942428381287,4.004796236117979,4.004796236117979,4.005442169814596,31.11029030488562,6.329071704262918,56.861170130345606,6.225524539749708,24.706860983076503,3.9985605908699844,7.631763470611363,3.751682113758028,58.99684425047014,6.329071704262918,25.459317319294545,54.75433095427648,6.649296085025443,35.92398652800505,25.7477750330598,4.663482791685332,4.950929873178559,7.3957394243110155,4.663482791685332,21.522313446881743,35.90365682145964,3.3690662655875205,36.34680550462592,30.58647738808017,4.586455536771472,5.453299850417629,6.942935719820497,4.456031487711734,8.38864407540547,5.453299850417629,5.377202385801249,5.47161659855823,48.76341459343914,6.524087083878591,5.377202385801249,4.0117456263582145,5.377202385801249,5.453299850417629,47.57799013509425,4.111857781239443,6.253424518735051,4.401482560576205,7.875064149131335,4.082001824295541,8.774188782968578,59.76365966834118,7.3740851119549395,4.608293031549986,8.220893770713655,6.765767351752048,7.424185309531329,7.705601274872547,8.292265318742055,8.546133893583447,8.161215677899495,11.892531941337117,13.028346331261972,12.208762596847187
10.67724860324493,10.67724860324493,9.55641258098204,9.55641258098204,18.684618527909624,7.1687130969346375,15.042602648865898,15.84541297324228,8.29432812671395,8.356124325680245,15.84541297324228,15.594315199066788,15.152013527691578,18.684618527909624,15.594315199066788,15.84541297324228,15.152013527691578,18.684618527909624,3.4784711274095175,15.152013527691578,13.080584005761093,7.495158112028961,13.080584005761093,15.522334321796325,15.152013527691578,15.042602648865898,15.522334321796325,15.84541297324228,16.012767207526032,8.356124325680245,16.012767207526032,7.495158112028961,1.6253425075744934,21.19272033364733,16.80945422665495,21.19272033364733,16.796768322241206,16.80945422665495,1.6253425075744934,16.796768322241206,35.54200392125804,21.19272033364733,16.436277867834182,5.178560037052491,21.19272033364733,16.796768322241206,2.6767589656753206,16.436277867834182,8.410599671231038,16.436277867834182,7.218421841136778,36.43258256283763,18.658583562918878,1.4243425916613812,18.93698854087366,1.4243425916613812,1.4431099805277612,18.51489510229927,18.51489510229927,18.51489510229927,7.265184989430461,18.93698854087366,1.4431099805277612,18.93698854087366,18.658583562918878,7.265184989430461,20.109068554561357,8.432868584448933,20.109068554561357,17.52105374709152,17.52105374709152,17.52105374709152,42.76358175869552,17.077185783203568,5.139523253072803,55.146749867791584,18.66527687392252,9.095777174444457,18.318151044889348,18.66527687392252,45.75960118012003,17.077185783203568,22.96515671208506,47.548298561285016,8.711037511419923,22.96515671208506,18.318151044889348,46.66917050024838,42.950364054033685,10.547623893884321,17.077185783203568,4.8572710872946265,56.80823787264234,55.70490132893951,11.171892713141332,22.96515671208506,3.06257373825649,11.171892713141332,11.171892713141332,48.058109132710946,12.507842628507856,18.930233693130354,9.724946893919247,12.507842628507856,12.507842628507856,11.839353787088779,53.91869464636233,17.582733326170914,17.582733326170914,17.953107132875317,30.49606389713428,34.75879431894518,78.20738869365204,35.021586595396535,53.90261645965534,10.526073630615256,14.429385940143861,18.817787802968116,84.59720674476632,34.75879431894518,55.35319321571898,75.53206784770175,14.810919781110869,61.50191840518478,52.72263333110846,17.671010451710355,13.355809616697064,3.8861573653662207,17.671010451710355,33.317144312248985,68.80511571035555,20.626700193691008,69.50931577809972,30.904724263795877,17.038405989562424,18.170062074686548,4.835031371941653,18.003958170181402,4.884791055498349,18.170062074686548,18.400406368631145,21.031099863045633,32.87637064707006,5.554297067169806,18.400406368631145,13.737655696794617,18.400406368631145,18.170062074686548,32.83119398516477,5.180688955652855,4.204527668372605,5.189827687809129,4.830957779191133,13.542197636093821,3.326185093393014,33.43370629406719,7.857270284574088,5.170085546160441,13.024626256683556,4.448268608680061,13.745103562050653,3.8514018400109693,3.3870018618125424,3.5314013746710633,3.281891321522795,14.220025059315837,14.27726119157591,10.774404738106043
28.100073094370174,28.100073094370174,25.343659298057748,25.343659298057748,10.359924979269378,13.875864244312437,11.420295628265478,12.541056082062905,13.516674320369443,3.199840323943974,12.541056082062905,11.712640053732663,11.003110958213643,10.359924979269378,11.712640053732663,12.541056082062905,11.003110958213643,10.359924979269378,4.119176042390026,11.003110958213643,20.854270084726473,5.342723583393909,20.854270084726473,10.89865725210523,11.003110958213643,11.420295628265478,10.89865725210523,12.541056082062905,13.010671727458679,3.199840323943974,13.010671727458679,5.342723583393909,1.9331004093853579,13.836020603283764,13.910601468023984,13.836020603283764,7.138846487437479,13.910601468023984,1.9331004093853579,7.138846487437479,65.11871783044025,13.836020603283764,7.1594214059188515,3.3808144354077636,13.836020603283764,7.138846487437479,4.143331890872856,7.1594214059188515,3.9499020916367424,7.1594214059188515,12.814520086853436,64.08278642472825,11.67445972668696,2.516380790702705,8.956835334549107,2.516380790702705,2.78019451056168,8.919833968483887,8.919833968483887,8.919833968483887,5.324789434066289,8.956835334549107,2.78019451056168,8.956835334549107,11.67445972668696,5.324789434066289,13.826913303030434,4.4524671017389394,13.826913303030434,3.704830774900693,3.704830774900693,3.704830774900693,66.41504612490274,6.213090158955214,4.012987869255798,40.976875071334646,8.336958146848776,4.753327468148373,8.740194783428427,8.336958146848776,64.92942752639381,6.213090158955214,14.676438369746357,70.09080953238926,4.221758584685216,14.676438369746357,8.740194783428427,49.143029668319905,65.29429224758304,15.100866792389114,6.213090158955214,3.933758023110191,45.714372240449606,61.91559730766931,3.786219040191871,14.676438369746357,2.630724260378039,3.786219040191871,3.786219040191871,50.579730643081355,3.8169621422929856,12.032806344532933,3.486535100204724,3.8169621422929856,3.8169621422929856,5.473507366697019,46.981940873121346,7.660318604563488,7.660318604563488,7.539833227054167,9.890425887114578,7.773674975073624,25.230118365687833,7.76075546301525,62.412875842484,14.622773844943174,23.32516365507799,11.855265199373761,20.99479155227307,7.773674975073624,51.29633050911815,23.092552480483864,24.987242093666765,20.916272959259423,63.540270567212225,7.759698632219722,14.567449956695938,10.936152678282337,7.759698632219722,8.894272505919172,20.00401820995412,14.193114819179971,22.59357344701271,9.815861902067947,21.022525259721984,12.087572422737361,10.717486800886956,7.530454057268836,11.067083047718006,12.087572422737361,12.080878511328997,20.17916401294969,62.4552398467385,14.189152514868193,12.080878511328997,23.28323944791813,12.080878511328997,12.087572422737361,62.99014376148173,5.290056179893948,12.767099399563827,4.829324219540946,15.29974650786895,22.826015081800268,11.889379611226897,61.00517955632906,41.188690434240286,4.695551414094971,45.86318917019742,13.561924615802385,38.259126976032334,13.72669960451759,12.184944386451647,12.315916711870193,12.764772266933035,29.19553365281351,29.19041942935164,35.32187320619485
29.05495432917034,29.05495432917034,28.924240556640616,28.924240556640616,4.145577809100566,22.579469318205966,35.435435873237076,34.986560427656585,24.785738400821305,20.609491143383373,34.986560427656585,40.879084461897556,26.871755032360678,4.145577809100566,40.879084461897556,34.986560427656585,26.871755032360678,4.145577809100566,5.260782702360864,26.871755032360678,28.8935706723022,23.245975930829985,28.8935706723022,26.521056022881314,26.871755032360678,35.435435873237076,26.521056022881314,34.986560427656585,28.452705242678952,20.609491143383373,28.452705242678952,23.245975930829985,8.077839972805666,26.419871859973746,33.67736843857558,26.419871859973746,4.768368226833178,33.67736843857558,8.077839972805666,4.768368226833178,71.61785349469413,26.419871859973746,6.442510522101157,2.4972195745696553,26.419871859973746,4.768368226833178,5.736526850368217,6.442510522101157,13.302259711350638,6.442510522101157,27.277698793251986,70.82570321173155,2.1949048931283555,8.497753008676685,4.267093163868682,8.497753008676685,8.504755755733868,5.893098614250945,5.893098614250945,5.893098614250945,15.35810631293867,4.267093163868682,8.504755755733868,4.267093163868682,2.1949048931283555,15.35810631293867,19.784415738237108,12.47159114744862,19.784415738237108,2.3079540127597244,2.3079540127597244,2.3079540127597244,76.14296983725819,2.9030973794514816,2.801515949484611,74.71351741989153,1.8112001661932244,11.48686870315777,2.0484463629833107,1.8112001661932244,53.45689291289398,2.9030973794514816,1.9933834084030193,64.08435795791351,11.81226052409248,1.9933834084030193,2.0484463629833107,81.79784516675133,63.37617562680831,11.972501829216736,2.9030973794514816,2.524527710821318,76.67950031209993,66.31278257497208,2.4646602187022864,1.9933834084030193,3.6825980599136168,2.4646602187022864,2.4646602187022864,83.375532112335,2.482785947740926,2.8534141834230438,11.64885963013478,2.482785947740926,2.482785947740926,12.392363264260739,70.92061973023326,4.360210842513811,4.360210842513811,4.694015993428751,9.342831927288087,2.4053623412248393,90.72725922282659,2.2430955669683077,65.57205823464241,12.45430810144335,15.000711260549537,2.6406371202465966,95.79463225273851,2.4053623412248393,71.49314174231655,97.01518436776814,17.71436158297414,74.46189438505856,67.12834424708231,2.73903371297349,14.062472461449225,68.51198686265123,2.73903371297349,5.364400443171763,73.23334159797207,1.9510027595060528,77.97869475718538,7.536749583088867,14.193976929033713,3.3348385317623115,68.65338791765737,3.042057639615713,68.79723069900605,3.3348385317623115,2.429156267953025,15.366107033871412,7.205029007024874,73.7657384586092,2.429156267953025,11.284776039511945,2.429156267953025,3.3348385317623115,7.0161143301312565,18.19194645941238,70.93768977609514,17.828157807988024,68.04228741058023,11.160235474260812,58.59351884998893,9.12972533127135,79.72835774154379,17.535275554470402,61.46271343556016,71.87265167714321,62.29751293369445,63.910049804741206,65.03300635900702,58.914994246208515,59.97405592358889,50.90766699140282,49.00238218895001,64.99714273652228
16.232985618412666,16.232985618412666,16.246993669360076,16.246993669360076,1.2086513584822969,5.059079556081158,12.401026505187037,13.373670853608008,5.043287791064653,14.11989471642762,13.373670853608008,12.682665584134908,13.107953122598836,1.2086513584822969,12.682665584134908,13.373670853608008,13.107953122598836,1.2086513584822969,5.48603302155146,13.107953122598836,12.902946403685293,14.816712543856378,12.902946403685293,13.199713849567507,13.107953122598836,12.401026505187037,13.199713849567507,13.373670853608008,13.464641496386037,14.11989471642762,13.464641496386037,14.816712543856378,11.259919013722062,9.784290928948364,9.338796183107394,9.784290928948364,2.5454037555513103,9.338796183107394,11.259919013722062,2.5454037555513103,51.94185274440652,9.784290928948364,2.62638989258985,2.507489103507633,9.784290928948364,2.5454037555513103,4.022103136621803,2.62638989258985,2.384662187333736,2.62638989258985,8.009222839344714,50.69874815671239,0.5431710382462407,13.948930111149286,1.476692908722923,13.948930111149286,14.109052717900875,1.3902218085826636,1.3902218085826636,1.3902218085826636,10.53804549505747,1.476692908722923,14.109052717900875,1.476692908722923,0.5431710382462407,10.53804549505747,9.928938396609455,3.3409849419742144,9.928938396609455,0.3672857730722938,0.3672857730722938,0.3672857730722938,52.5175422384279,2.474477387925724,2.8605592686554733,76.28271842230735,0.9311169166071991,4.5315993856961665,0.9779404674588864,0.9311169166071991,66.97405597755466,2.474477387925724,0.8183403635335214,67.13761766514656,3.1734788983252806,0.8183403635335214,0.9779404674588864,78.00607465183582,67.47552379757276,5.740488436412105,2.474477387925724,3.104970496243757,70.32075326834727,69.10015349122104,0.9294337559927375,0.8183403635335214,5.373370475970418,0.9294337559927375,0.9294337559927375,72.00277777524596,1.3048914485460033,1.1612881665388237,3.8263917717111298,1.3048914485460033,1.3048914485460033,2.9226799216146166,76.20104976250956,5.512899490967391,5.512899490967391,4.903718119903966,4.373055599811869,6.195203205118417,65.19247609183975,6.704721132423311,70.84338062737946,5.181624190933265,11.631534138492535,1.160618199488845,67.438781137305,6.195203205118417,70.43530269186135,64.10432073418359,11.82374747117785,67.39079723093317,69.4400631742348,6.334435726025605,4.402388289139053,9.152746425774241,6.334435726025605,6.281714609762915,65.71498232917155,0.7154738639625462,69.7381420852327,6.797292439445153,5.160561302983449,1.3043253088047924,9.53131300835902,5.756922779333404,9.350822165257922,1.3043253088047924,1.2225734474366827,10.35998680531568,10.694239293721019,10.258176664499857,1.2225734474366827,5.994623105528651,1.2225734474366827,1.3043253088047924,10.15116658038299,5.984026882447074,11.122102497280387,5.635729381352236,9.336731592034706,5.547221838724421,7.079588559705511,9.214276856264423,8.405426049385811,5.639478243098023,6.920206139272183,11.229341708118021,6.986219645163508,10.19313807873903,8.645041026324607,7.073597636305043,8.678025899452608,12.078735550257388,12.280318813449272,14.747419036860885
7.096258417858594,7.096258417858594,7.603796735251214,7.603796735251214,11.823876743090313,1.8576635330240927,6.370700079319249,6.816879038743824,1.8187925279784842,9.053633611559274,6.816879038743824,7.418958837801825,10.142305050454095,11.823876743090313,7.418958837801825,6.816879038743824,10.142305050454095,11.823876743090313,14.20855356256859,10.142305050454095,5.456054673494687,9.000584348653044,5.456054673494687,9.465510288132698,10.142305050454095,6.370700079319249,9.465510288132698,6.816879038743824,8.980203725968998,9.053633611559274,8.980203725968998,9.000584348653044,2.6681945824901865,6.566984674513701,7.258901842652012,6.566984674513701,13.056784471811753,7.258901842652012,2.6681945824901865,13.056784471811753,24.979429073273515,6.566984674513701,11.955515688547841,1.9950060537326677,6.566984674513701,13.056784471811753,14.272201915579759,11.955515688547841,7.564511431511777,11.955515688547841,2.841099460086231,26.721770199139563,8.205058671772289,2.1492510625644194,13.312749607090808,2.1492510625644194,1.809137360049299,12.20157821005631,12.20157821005631,12.20157821005631,9.05728537624668,13.312749607090808,1.809137360049299,13.312749607090808,8.205058671772289,9.05728537624668,9.576890746926216,7.914393318412947,9.576890746926216,8.061093591106578,8.061093591106578,8.061093591106578,30.12140002596518,11.765137245605368,2.3639940777457156,20.427550403949173,9.339781779915679,12.573846222381928,10.233833540032089,9.339781779915679,21.380757866849027,11.765137245605368,6.453638758845191,20.442037225094946,8.074762313802502,6.453638758845191,10.233833540032089,21.552586744706964,20.808061527459124,12.151604978607148,11.765137245605368,2.388642502992148,18.2138174296823,21.916221008863936,10.973017232440265,6.453638758845191,18.30660581945964,10.973017232440265,10.973017232440265,17.30073373102473,11.140155435562988,12.62140972048189,10.555921755319892,11.140155435562988,11.140155435562988,10.74595621660092,19.489944890997915,13.80594379701016,13.80594379701016,12.00381692768544,21.54878315556724,9.522949775661251,21.056839547189984,8.827517963058412,21.783675703383338,9.641970910382518,8.208631444297025,12.154057012007572,22.26596748691543,9.522949775661251,20.14503993270617,21.308593425315838,9.67264580629182,19.731843503967895,21.140089154710672,15.473178121097611,9.773264577278225,9.865006823287262,15.473178121097611,25.147484621925265,20.261703763742826,7.744550705230277,18.522322546573754,22.840103853344967,8.353204920683247,8.74735203207295,8.652084323950438,13.238723931294219,6.816594910639337,8.74735203207295,9.104877246639992,4.6087037756599125,34.412493486156315,9.53063880689706,9.104877246639992,10.909465401169603,9.104877246639992,8.74735203207295,33.70774902433118,11.469676842645583,9.20691527970471,16.32398969242298,7.047924857460368,9.252808141183793,7.911107488761705,28.73302801774918,9.49789805867207,15.402375196436626,11.05134143713324,9.35189287095644,10.953039040855632,7.846347181446406,7.394664008406108,7.985525494060293,7.351457196146073,10.855974413703844,11.280103207212566,10.215948029351292
16.834012709428197,16.834012709428197,13.211779922847333,13.211779922847333,8.130348552761955,12.83462493958049,18.136336501990257,14.3093930247297,12.886755041325552,14.975548697226019,14.3093930247297,17.899390704183848,14.640203192840458,8.130348552761955,17.899390704183848,14.3093930247297,14.640203192840458,8.130348552761955,2.5969683833398527,14.640203192840458,11.873358406400977,15.113569185229297,11.873358406400977,13.777062744032207,14.640203192840458,18.136336501990257,13.777062744032207,14.3093930247297,11.296078126999493,14.975548697226019,11.296078126999493,15.113569185229297,10.164048394987468,12.10174572617706,15.390904763466935,12.10174572617706,9.511892613724912,15.390904763466935,10.164048394987468,9.511892613724912,65.23492024331075,12.10174572617706,8.713503387278275,2.6061324252143443,12.10174572617706,9.511892613724912,2.3774379325987054,8.713503387278275,3.216527464877331,8.713503387278275,14.483462753370668,63.26485307259458,9.115290793287835,10.57337351290214,8.681831858541926,10.57337351290214,10.437379558622135,8.700799285809527,8.700799285809527,8.700799285809527,15.474915113034307,8.681831858541926,10.437379558622135,8.681831858541926,9.115290793287835,15.474915113034307,12.393729763198087,3.6770217789079407,12.393729763198087,14.514971197166895,14.514971197166895,14.514971197166895,60.982917138292926,8.632228284119503,2.7986058700827163,108.27475145204647,13.304300856712224,4.883362846964238,12.902010526195662,13.304300856712224,98.09390211351716,8.632228284119503,8.46207677040419,112.12942120665106,3.619395108313259,8.46207677040419,12.902010526195662,114.3783734477451,96.06889686201161,6.014496422688875,8.632228284119503,2.789387103959002,110.11672104036492,102.33645168518825,17.825090467713643,8.46207677040419,3.6109880367014617,17.825090467713643,17.825090467713643,121.3137587915549,18.603471773698473,14.15322245868445,4.740505384028987,18.603471773698473,18.603471773698473,6.372105007392002,111.22675542267652,11.941667921502036,11.941667921502036,12.15676796344686,12.533094758909412,13.515207246045263,46.79071231253024,13.533628728140492,100.52064100837761,6.166450390497147,10.254633953802697,13.359957893203127,45.50074038993237,13.515207246045263,117.1830977872173,47.993980481380596,10.765949015442953,40.75550770192169,89.12808098878263,12.553062538438185,6.585394008410243,2.525844559778871,12.553062538438185,13.478259519985532,45.528189126386465,9.22532591779096,43.77118465221773,10.619825588039964,9.95939282187587,11.876175947564507,2.496842619186411,12.879270608154771,2.7842017013830005,11.876175947564507,10.86992697006654,11.540647620956385,17.86435520673982,2.9535092097600453,10.86992697006654,8.339984581282268,10.86992697006654,11.876175947564507,17.013116261875705,1.9089506377616259,2.7762781053780805,1.8949513802197473,2.6946094391701374,7.84595194989212,2.2514114603023474,11.70023249245615,2.311893498918446,2.0310400606854393,2.3923960683944725,2.7161372694509884,2.132328244052992,2.3254896711719035,2.5346058357805132,2.14852672831143,2.445449556341733,3.5717710516959063,3.5466053197443475,4.826914988472701
12.41897155645192,12.41897155645192,13.43685900399412,13.43685900399412,1.0508492547017563,3.242898845525604,11.676006124988707,9.831038763564159,3.1704344788152454,11.488665747492302,9.831038763564159,11.521195809874843,10.071315826847181,1.0508492547017563,11.521195809874843,9.831038763564159,10.071315826847181,1.0508492547017563,5.485557689155183,10.071315826847181,12.831503884322556,11.611043520232084,12.831503884322556,10.799749663105468,10.071315826847181,11.676006124988707,10.799749663105468,9.831038763564159,8.688962327170891,11.488665747492302,8.688962327170891,11.611043520232084,8.59379407314473,12.667014906363123,13.294401663217405,12.667014906363123,3.7332032457002193,13.294401663217405,8.59379407314473,3.7332032457002193,17.25833189922859,12.667014906363123,3.3307044600248523,2.5440278470111597,12.667014906363123,3.7332032457002193,5.408231399275559,3.3307044600248523,4.687876593586497,3.3307044600248523,4.115502495011886,16.839946423983253,1.2786441046250505,4.873488655983638,2.8304984066305985,4.873488655983638,4.247966959880698,2.4907761731047473,2.4907761731047473,2.4907761731047473,16.468078425374294,2.8304984066305985,4.247966959880698,2.8304984066305985,1.2786441046250505,16.468078425374294,11.96139159474807,5.118818134263759,11.96139159474807,0.7508769561510912,0.7508769561510912,0.7508769561510912,15.167317878103553,1.4151291175413827,2.9672957215270106,13.621337001132995,0.8759512403407139,8.670182334140144,0.9964330960628528,0.8759512403407139,18.965136304441927,1.4151291175413827,1.4927802133116264,12.432451706216993,4.858103812106408,1.4927802133116264,0.9964330960628528,13.257128825138766,23.710239743533798,8.425083344115459,1.4151291175413827,2.8829803915366767,13.733037314747152,11.396488431326906,0.6812607663889113,1.4927802133116264,4.429673180680763,0.6812607663889113,0.6812607663889113,12.617592541425555,0.6896310117034647,0.9742840022193331,8.940152504800238,0.6896310117034647,0.6896310117034647,8.287198672349767,13.664515696803871,3.0149299284706146,3.0149299284706146,2.979135815559354,6.534284166075625,1.0797180177533034,8.067264440165507,1.0400897381488368,12.926079042534942,8.710418777355894,14.582301181652005,1.003870265159751,10.569216942672659,1.0797180177533034,13.022765462730293,10.334030856349482,14.197889187225446,21.901438128885516,20.788311052049952,3.1163734569777843,7.9913789128165265,7.985693563141851,3.1163734569777843,6.8710921040357515,19.41895877984513,1.2168121858406988,21.53117951234688,6.226778381263433,9.549076694658366,2.140725504916873,6.883440861874223,3.089951201269329,12.091487919397315,2.140725504916873,2.075729918241703,14.389463720704965,19.77275243379175,4.967020211038264,2.075729918241703,9.92142226437079,2.075729918241703,2.140725504916873,19.638970344959034,5.888634724020165,5.765387340551168,6.097107063087582,9.065914819029691,10.198536555639127,8.117377774555475,21.11584481841115,8.879784950535994,5.698964812131654,10.457369242709808,6.009463726092074,10.142236322302656,8.54201370794391,8.738549118882899,5.8032252426142135,6.416055013145168,9.46685991448561,7.788544449189752,9.198656114479732
13.684679450049023,13.684679450049023,13.212089285681962,13.212089285681962,3.770356031424883,22.66389401657501,15.939069489066496,21.06111915401894,19.0158553965315,9.11320581360564,21.06111915401894,23.380001942814012,14.322598316942752,3.770356031424883,23.380001942814012,21.06111915401894,14.322598316942752,3.770356031424883,1.6061897872718143,14.322598316942752,18.538429518667535,12.681044311041758,18.538429518667535,12.560174175451099,14.322598316942752,15.939069489066496,12.560174175451099,21.06111915401894,18.7081484364594,9.11320581360564,18.7081484364594,12.681044311041758,2.2946370244657164,20.70905108554104,23.85958301857178,20.70905108554104,3.803871092906181,23.85958301857178,2.2946370244657164,3.803871092906181,89.60432694714305,20.70905108554104,4.241537766598694,7.69248011376546,20.70905108554104,3.803871092906181,1.6184300942511618,4.241537766598694,10.568781667675456,4.241537766598694,16.977232158816275,82.39326895916929,3.280474028905753,3.6020981190079504,4.248459441230944,3.6020981190079504,3.6274682179222344,4.7762257858530965,4.7762257858530965,4.7762257858530965,15.799726920642982,4.248459441230944,3.6274682179222344,4.248459441230944,3.280474028905753,15.799726920642982,18.268973866011038,12.749506018326725,18.268973866011038,3.821086318509263,3.821086318509263,3.821086318509263,79.8257499509421,3.7773436539574616,7.453608332320823,69.67343301961594,5.164538838094455,12.61193969246936,5.64352562557964,5.164538838094455,62.2255398111471,3.7773436539574616,3.6631201387238908,68.61338443471806,12.467187621320853,3.6631201387238908,5.64352562557964,76.17190399715423,59.53106770462254,12.929098982848046,3.7773436539574616,7.37712506440513,69.32626398884797,67.41043574322926,4.015834906919463,3.6631201387238908,3.4423282478792543,4.015834906919463,4.015834906919463,77.09521949335243,4.173727237693225,5.623818319095734,13.283267523196939,4.173727237693225,4.173727237693225,12.84284068691311,63.222215173119906,5.112508339963404,5.112508339963404,4.781250574583772,6.52287933297642,3.8847408554736305,63.14586747883493,4.122347810783621,64.19322805286767,13.668751480303385,19.764041439511214,5.620157350998361,66.73841461079974,3.8847408554736305,62.997674267304575,66.64371701700506,20.904975011026945,69.02439659557967,52.054022962438,5.095345525100223,13.526065831440127,29.64197291035462,5.095345525100223,6.638952712745418,76.8367449074866,3.368763030988243,76.98243351252785,6.623448236907287,14.472861323999918,5.634791998232639,25.49760662201417,4.668837633180152,32.88936884071797,5.634791998232639,5.056619286231272,22.77833088728181,39.488233096425574,6.792238476288766,5.056619286231272,14.807442941788942,5.056619286231272,5.634791998232639,41.78607427058168,7.540518541885649,7.702321166803213,8.058452328138797,31.367758717213306,16.083424967075477,29.694694254731274,36.662904276345934,13.523813972926439,8.127100580506307,24.75190877290865,6.741843735660525,24.714239063601973,29.52399516928933,30.547073679282363,27.123015657489987,28.491938422140144,42.025079677156654,44.89174503081723,28.306623872089624
16.914948227157428,16.914948227157428,21.155445217258215,21.155445217258215,3.291873394992468,10.224929304803265,15.590312569415794,16.832863764218953,9.909859695033775,13.667783790355417,16.832863764218953,13.142557963096394,15.675937250925093,3.291873394992468,13.142557963096394,16.832863764218953,15.675937250925093,3.291873394992468,4.71855010452233,15.675937250925093,16.638504579122745,15.625992602934327,16.638504579122745,17.299211022477245,15.675937250925093,15.590312569415794,17.299211022477245,16.832863764218953,17.255843290033432,13.667783790355417,17.255843290033432,15.625992602934327,13.082984481544,13.528597627863329,13.765889119655766,13.528597627863329,4.511254068211557,13.765889119655766,13.082984481544,4.511254068211557,72.4937390803317,13.528597627863329,4.423460269188034,1.629772700823104,13.528597627863329,4.511254068211557,4.663879211077782,4.423460269188034,10.725518809261507,4.423460269188034,10.307135723657858,57.32617788813468,4.312745265636657,14.345861166622887,3.0240304115845373,14.345861166622887,14.33086651945186,2.7513351284643703,2.7513351284643703,2.7513351284643703,12.844150236067915,3.0240304115845373,14.33086651945186,3.0240304115845373,4.312745265636657,12.844150236067915,12.297054974222977,11.377879310304449,12.297054974222977,5.238557437368609,5.238557437368609,5.238557437368609,63.129125288837564,5.230348140820086,2.570160370637488,78.24465654868371,4.364439449797977,10.070497584171562,4.429930538105255,4.364439449797977,89.67453180539833,5.230348140820086,3.7191003053581366,92.88945698035651,11.619469323472195,3.7191003053581366,4.429930538105255,82.32779358480177,81.65323640491233,10.228379175895991,5.230348140820086,2.561890713911141,79.92255219054083,86.70199706638236,7.03135162237608,3.7191003053581366,5.4826980617031005,7.03135162237608,7.03135162237608,83.81810202936856,7.161931010121993,3.8589144454032676,10.556722525913699,7.161931010121993,7.161931010121993,10.055160994008,58.7639656786982,4.147747389831503,4.147747389831503,5.008206978531196,3.0413246561086673,3.4547678699193747,9.767980894552592,3.3475491077043373,60.82372028493682,10.612106764459131,7.274884881467243,3.7466563202305916,10.154319913357838,3.4547678699193747,59.68239689424503,9.814026916239262,7.51015427268996,17.688602560790077,65.79258050891956,4.992747492767941,10.622573756097923,4.534855689381549,4.992747492767941,2.8296960217224156,22.307875121461166,4.067584739068332,21.894647824960416,3.3723578379039845,10.77563398570986,3.1684553502120214,4.533775846366675,5.983530450849148,4.816061338927239,3.1684553502120214,3.2817485663216472,6.070705583420451,34.92499101247912,5.177627084714276,3.2817485663216472,8.396510170577361,3.2817485663216472,3.1684553502120214,34.02630764156208,5.571581131709028,4.8274474466721395,6.32754254005232,5.3039729295019,8.709149507453663,5.502985386998921,31.231768964082622,5.973290308980397,6.878337096074466,4.325982829506316,4.881027948347905,4.812981767955819,5.258126592168706,5.371145211322916,5.008115507177057,4.835926599902612,5.549496610894707,5.230794038511423,7.870587720086845
44.125884921008385,44.125884921008385,56.679473187242706,56.679473187242706,6.772469251981113,44.64355159080474,15.202311170122705,17.528120294274462,49.638365056426004,10.271720958448588,17.528120294274462,15.777126778360017,17.603426871729948,6.772469251981113,15.777126778360017,17.528120294274462,17.603426871729948,6.772469251981113,6.845159171800471,17.603426871729948,21.190500673682717,9.681185366591764,21.190500673682717,18.852590662761138,17.603426871729948,15.202311170122705,18.852590662761138,17.528120294274462,18.893404633754695,10.271720958448588,18.893404633754695,9.681185366591764,3.3360029665789583,16.233077059458733,17.571980613477763,16.233077059458733,4.4993436465973655,17.571980613477763,3.3360029665789583,4.4993436465973655,83.70093670061598,16.233077059458733,5.392003038904904,6.286346519895893,16.233077059458733,4.4993436465973655,4.506848048913457,5.392003038904904,13.26101290047785,5.392003038904904,19.532852869271768,59.080448960794406,3.154474197135456,2.9568646451541607,3.830984676052346,2.9568646451541607,3.0553260464831413,3.475039155945475,3.475039155945475,3.475039155945475,11.0410689938466,3.830984676052346,3.0553260464831413,3.830984676052346,3.154474197135456,11.0410689938466,16.908631311603965,12.879575304946549,16.908631311603965,2.8077947905535123,2.8077947905535123,2.8077947905535123,57.85501417984657,3.579978561556115,6.5288492733602865,79.25571348803415,2.336206386036988,30.03557102699123,2.3390294974618406,2.336206386036988,72.8220499354681,3.579978561556115,2.9406658622425774,77.4522742327905,12.731472047021276,2.9406658622425774,2.3390294974618406,77.38705314959674,70.05861080368153,31.132124443100274,3.579978561556115,6.693973972177642,82.79323629734745,79.23376517560328,3.6825156117772804,2.9406658622425774,6.284331247297807,3.6825156117772804,3.6825156117772804,79.61429854676771,3.547014650742792,2.6803737258942153,29.804885152988753,3.547014650742792,3.547014650742792,28.41681913386512,73.7728500108738,4.161596650952415,4.161596650952415,4.10719497969036,4.48018688111928,3.9684213200679226,60.27731654541596,4.302082328929552,71.31173135981639,30.918621589151105,38.01875142862774,3.0921871885629333,62.64893595083619,3.9684213200679226,82.22263723707384,67.42061221692988,37.22777033198481,56.14197734400349,69.6097930381151,2.734272373591666,28.980709092166425,14.305338363783928,2.734272373591666,4.320719600287026,59.18955076739191,2.8451235803995556,59.36878981593945,3.1420259588560824,28.94746213087151,3.15878803904794,13.967943550403481,2.6925782462111014,13.989316310786682,3.15878803904794,3.2511855589334973,41.30758814127947,5.898572353197978,14.25798112839416,3.2511855589334973,32.3691838705001,3.2511855589334973,3.15878803904794,5.9184751709461745,7.543539111746096,14.369725799523621,7.451431428714729,12.677766231795324,32.383213701930885,16.247925166639416,5.990309760525263,54.44901221319734,8.602220979974787,68.47088724723187,14.717972820584503,66.73456906373971,12.762145585526397,15.345227247980604,14.039807234243028,13.376724821821055,54.81277927006791,48.27755228295681,33.332046844153695
20.959787555133616,20.959787555133616,20.30352517206078,20.30352517206078,1.7108025852540825,10.472193532483864,20.753007022193085,21.487379591377305,10.49052708958622,2.9188157724712394,21.487379591377305,21.373653573781052,20.43089291744377,1.7108025852540825,21.373653573781052,21.487379591377305,20.43089291744377,1.7108025852540825,2.7467179715560093,20.43089291744377,20.63288700871041,2.729155580709424,20.63288700871041,23.869941680076614,20.43089291744377,20.753007022193085,23.869941680076614,21.487379591377305,23.388322232627072,2.9188157724712394,23.388322232627072,2.729155580709424,1.2015504680740228,24.79590615765757,24.372723838768923,24.79590615765757,9.761773984527974,24.372723838768923,1.2015504680740228,9.761773984527974,57.96718042301164,24.79590615765757,9.97508096322156,5.522417786031958,24.79590615765757,9.761773984527974,2.2880080014001756,9.97508096322156,5.486480011744839,9.97508096322156,8.999739275126856,49.209899527340845,0.6525907828786999,0.9694989667079312,2.086879715742018,0.9694989667079312,0.9493275882304137,1.6915222213199703,1.6915222213199703,1.6915222213199703,3.0399090039480328,2.086879715742018,0.9493275882304137,2.086879715742018,0.6525907828786999,3.0399090039480328,19.704312383392452,3.1192078222196358,19.704312383392452,1.041420846170345,1.041420846170345,1.041420846170345,45.274167338118225,11.294406721562657,2.7444758633309543,40.20469349036536,1.0947274771008064,8.782140684415873,1.3108321731908983,1.0947274771008064,56.86203146439844,11.294406721562657,1.916039332488403,52.17656978682554,3.983717622930827,1.916039332488403,1.3108321731908983,34.795080789678735,48.711020052030754,6.770927992917485,11.294406721562657,3.5381300955566193,42.56561909780741,63.375792632197026,1.4146509080478464,1.916039332488403,4.48243596315559,1.4146509080478464,1.4146509080478464,34.628395221071706,1.3228387045165062,0.9030653791090237,8.7178507021041,1.3228387045165062,1.3228387045165062,11.862722032600072,38.4519628067501,5.898357319694158,5.898357319694158,5.380616219490059,7.70662441904647,14.958478341363264,11.359193473870151,13.920886820419973,57.252113265665116,6.941642919527644,6.854887260224139,1.1549025171406837,11.702500351614171,14.958478341363264,36.03124091130866,10.028485510930043,6.785935597691899,13.847578843490309,53.933954029292835,5.928354524939577,11.023909011628957,4.066694170041733,5.928354524939577,13.87505932321779,15.53132134151743,0.8478434219103189,13.06204135140822,7.74017811792815,9.115306434860942,2.3860236488339184,3.7341653141327336,6.039978085080324,3.862776130938453,2.3860236488339184,2.5060504057389985,6.704082026933783,23.55683223244703,3.402055857989155,2.5060504057389985,6.045063069797073,2.5060504057389985,2.3860236488339184,24.091575464294205,3.932878173342745,3.1361344067288837,4.699357678602163,9.677483065927916,6.1715754167341865,8.183381518688826,20.99608808451873,6.396001555631911,5.278647607946486,6.865296141725528,3.2181588161458756,6.839119231288796,7.957471932155074,9.98986269402828,8.212110750622589,10.067223333157338,10.000062150812719,8.075400227935285,8.005764089070437
15.179494449078213,15.179494449078213,15.056082906628584,15.056082906628584,0.8410110037260962,7.921901634045569,14.186904487812487,13.737775967123838,7.532305025108563,13.793591789504479,13.737775967123838,14.418165319222032,13.54296386389657,0.8410110037260962,14.418165319222032,13.737775967123838,13.54296386389657,0.8410110037260962,2.8169237075742846,13.54296386389657,11.110134114155414,13.088024275593725,11.110134114155414,13.378265841290371,13.54296386389657,14.186904487812487,13.378265841290371,13.737775967123838,13.604411789397034,13.793591789504479,13.604411789397034,13.088024275593725,9.466463192655148,10.125209495495799,10.178403450432825,10.125209495495799,2.5245522134910363,10.178403450432825,9.466463192655148,2.5245522134910363,118.49367662580028,10.125209495495799,2.502961293470961,10.288583147996965,10.125209495495799,2.5245522134910363,3.074094598394484,2.502961293470961,50.331638345664466,2.502961293470961,8.514263045057659,120.83851966240493,0.6556384641243036,8.445017103042643,1.3869970912777263,8.445017103042643,8.104015809666706,1.2310312296733776,1.2310312296733776,1.2310312296733776,10.344478820851682,1.3869970912777263,8.104015809666706,1.3869970912777263,0.6556384641243036,10.344478820851682,10.15522068867549,44.08000832943316,10.15522068867549,0.7826509777941021,0.7826509777941021,0.7826509777941021,125.983726315963,1.665419578652479,12.033362742820392,108.44993199340945,0.7222474705577021,44.51197386438471,0.5412267138541426,0.7222474705577021,130.7289537929538,1.665419578652479,0.9129205622666303,104.88966172499302,45.28356006997836,0.9129205622666303,0.5412267138541426,109.35458558014888,137.4386237944293,49.590529643365144,1.665419578652479,12.093397866386288,111.09966846598913,97.52088254039568,0.8602767503363853,0.9129205622666303,2.141046336566549,0.8602767503363853,0.8602767503363853,111.82873997963763,0.9507608123622167,0.7483662264975783,45.99383238074326,0.9507608123622167,0.9507608123622167,53.13117234272486,124.2254464688673,4.654489671519217,4.654489671519217,5.815221431301442,23.372693966261266,10.491218929845202,74.79301486533473,10.657999923131648,116.92087792053619,51.22697619439609,51.97555798741783,0.9950206153237154,78.17557627876995,10.491218929845202,126.2908988828737,78.80362778971991,50.33860380682721,67.42841249149623,130.20360865989102,4.9175746401546965,59.44168029525285,5.185356132104042,4.9175746401546965,27.333904441291935,63.00582852631626,0.6951980614875326,62.20634056642586,24.343790759020006,54.87295610503187,0.863213356117305,4.227993101376145,6.4779420228670554,6.077759624310622,0.863213356117305,0.992437114361186,55.88022980343097,27.267072947154414,5.13970319416104,0.992437114361186,46.314499408947576,0.992437114361186,0.863213356117305,26.805129965703802,3.2927309346871074,4.237127534291968,3.1886581721326515,6.084688769059975,48.03487693267303,5.337526316462476,26.46276746161126,3.3104183156164293,3.296119842082046,5.858334961789494,4.316473798059973,5.5166642985514835,5.744911871299395,5.33770010168493,3.8864676223894166,3.821288686878005,10.2263711307174,9.660910818195251,10.315394438167491
12.117337519610764,12.117337519610764,12.904018112277763,12.904018112277763,6.799285370426664,49.90635082983696,5.937984031829055,4.345357319859775,48.7013580883689,1.6607657147700967,4.345357319859775,4.578516922485656,3.9826341640858733,6.799285370426664,4.578516922485656,4.345357319859775,3.9826341640858733,6.799285370426664,2.0936285501107017,3.9826341640858733,5.908894830879299,1.932894800952114,5.908894830879299,3.6710534514720337,3.9826341640858733,5.937984031829055,3.6710534514720337,4.345357319859775,3.8457062127223343,1.6607657147700967,3.8457062127223343,1.932894800952114,1.3921559219758686,2.2439328184521643,4.4277116547581326,2.2439328184521643,2.864331766138912,4.4277116547581326,1.3921559219758686,2.864331766138912,122.7382747268937,2.2439328184521643,3.9683819486415612,8.140324570012995,2.2439328184521643,2.864331766138912,2.196714613738862,3.9683819486415612,13.799478293720554,3.9683819486415612,51.00093383758345,133.1155925299763,3.4062795267949464,1.5050693880971278,4.172010072904717,1.5050693880971278,1.4825319817300384,5.825875438204706,5.825875438204706,5.825875438204706,1.288738543228715,4.172010072904717,1.4825319817300384,4.172010072904717,3.4062795267949464,1.288738543228715,2.232567579839434,13.747891127530119,2.232567579839434,3.133884858313725,3.133884858313725,3.133884858313725,105.57742916010923,8.59064419618124,8.643842018740305,192.82004946060928,3.615808044128571,17.82353898934888,2.9939895119546645,3.615808044128571,151.99998069234223,8.59064419618124,3.8785441017510554,196.96900176187916,13.679601963469809,3.8785441017510554,2.9939895119546645,199.74453527518907,168.00299744041988,45.69960701410116,8.59064419618124,8.730640463759961,186.27578283946724,181.6053301349806,3.1298568147575176,3.8785441017510554,6.874056085782363,3.1298568147575176,3.1298568147575176,193.68129201420328,3.0240214342720435,4.146743723594892,17.618699057617153,3.0240214342720435,3.0240214342720435,16.91147680984614,174.3939754415524,4.429921329352246,4.429921329352246,4.993911815018886,6.975742514732698,6.531389646627785,73.07198835174606,5.9610397220876115,170.2753888113585,44.88116139724557,48.78866720833355,4.5813334173346965,75.01246603149217,6.531389646627785,176.18580064688356,73.64515292001123,46.93266575564525,175.3894112005329,174.70324184004366,3.8542332230725345,44.21088803493737,4.010069380598716,3.8542332230725345,7.651266579426411,209.1411023944461,3.940571271114461,212.95677128007972,6.404082968124676,45.57525613940976,4.3591212601534535,3.1007131022705354,4.0697670558193435,4.685942713198626,4.3591212601534535,3.8922185420712143,51.66445910025856,60.52776987089695,3.8574980536256778,3.8922185420712143,45.20389467519258,3.8922185420712143,4.3591212601534535,59.242174462082914,4.631596419191821,3.4682458235788065,4.060329773883985,6.506820644487249,46.06305750610167,6.23898258255644,56.869051861789885,14.056768753040085,4.0860847086699925,12.60700432020589,3.873249076495232,13.66788962619873,6.782517971778233,6.3020545138382245,4.7522353881079455,5.267330823973693,15.696864037141307,14.22059829340565,6.961241540542012
34.476414771190896,34.476414771190896,34.15110175166894,34.15110175166894,2.664877885045208,5.941882801793681,30.818000227866005,24.363665684293768,6.037676221651901,21.256178612427828,24.363665684293768,28.856707061404247,24.198703690646038,2.664877885045208,28.856707061404247,24.363665684293768,24.198703690646038,2.664877885045208,9.270127326535547,24.198703690646038,33.17542128602745,21.560788209422835,33.17542128602745,24.517169272069808,24.198703690646038,30.818000227866005,24.517169272069808,24.363665684293768,24.70350430578688,21.256178612427828,24.70350430578688,21.560788209422835,8.926687722637256,21.773084646044676,29.650257559230702,21.773084646044676,2.6008757848809267,29.650257559230702,8.926687722637256,2.6008757848809267,43.893820890501296,21.773084646044676,3.087015292534549,2.39883004093994,21.773084646044676,2.6008757848809267,9.358124073415565,3.087015292534549,8.160964503680212,3.087015292534549,6.607741688163712,47.37896499691293,2.4264404388153022,11.97139569578766,2.9192270132466023,11.97139569578766,11.753888127858653,3.347374361232622,3.347374361232622,3.347374361232622,17.000586235978634,2.9192270132466023,11.753888127858653,2.9192270132466023,2.4264404388153022,17.000586235978634,21.710048041631104,8.612352701888344,21.710048041631104,1.9026519408461766,1.9026519408461766,1.9026519408461766,46.97829313473756,3.1716593586571857,2.2957475753160455,39.41113989800399,2.452732417231483,8.990846898615219,2.821892077671345,2.452732417231483,39.83714688173913,3.1716593586571857,2.797215842952185,36.90430015142225,9.188942392603288,2.797215842952185,2.821892077671345,39.48569488462725,40.121780212265044,10.392385440957794,3.1716593586571857,2.301915397921255,38.914333425784896,37.65983511803482,1.7074544612867697,2.797215842952185,8.402938799564586,1.7074544612867697,1.7074544612867697,39.33917584742938,2.252156630228145,2.993552918235832,9.629508586880736,2.252156630228145,2.252156630228145,10.058477723126666,40.809375473607346,3.3202430693324523,3.3202430693324523,3.5803452900391006,3.826214125273424,2.7160014415272165,12.418966478805332,2.9051975150768268,40.97587722887796,9.571412902850003,13.313788770111836,2.7300578342781767,11.733446303628389,2.7160014415272165,40.68362189892882,11.568975335493516,11.599911831864913,13.791529014535755,39.81692393502412,2.414577552270697,10.70433786147225,16.45250878966914,2.414577552270697,4.02057609536527,14.616778127318895,2.8358485085859164,14.196205114565423,3.6533566059143174,9.91650236345603,2.6985954197017703,18.07082113347822,2.690451665042292,15.305874227634757,2.6985954197017703,2.9710117516850647,10.857059573940766,9.297154849465796,12.854036474011794,2.9710117516850647,9.80003432381279,2.9710117516850647,2.6985954197017703,8.027337771277727,7.32858761974373,14.279498171735886,6.693256477480179,22.58785768236242,10.84725474577984,20.735031595592922,7.790333044518576,18.887896763618294,6.756972455236864,18.943277236347082,14.276040791769315,18.944056215723204,24.133486536431267,21.31682640529802,21.380367445057928,20.393113975092508,22.605005394228645,22.834276115777733,21.11902960770148
10.096832185579037,10.096832185579037,9.975617097369476,9.975617097369476,3.190143564730024,14.873059007912158,3.918911971402354,5.058413528645283,14.702677560504124,2.5003548086160197,5.058413528645283,4.11475924234542,4.121107574581103,3.190143564730024,4.11475924234542,5.058413528645283,4.121107574581103,3.190143564730024,8.075119853045727,4.121107574581103,11.250541201256489,2.732172926009664,11.250541201256489,4.372626759133488,4.121107574581103,3.918911971402354,4.372626759133488,5.058413528645283,4.627170785717839,2.5003548086160197,4.627170785717839,2.732172926009664,1.0917718454410648,3.9351984679329606,3.3803493708634886,3.9351984679329606,2.0413906389441814,3.3803493708634886,1.0917718454410648,2.0413906389441814,65.72638087712231,3.9351984679329606,1.659896261271962,2.2197215764096794,3.9351984679329606,2.0413906389441814,7.249101624216919,1.659896261271962,2.7011044228672176,1.659896261271962,14.811986184877865,63.57448583327395,1.582915506216703,1.6409541951221815,2.1329556056889087,1.6409541951221815,1.8300591048930503,1.633778317711065,1.633778317711065,1.633778317711065,1.7443040632824196,2.1329556056889087,1.8300591048930503,2.1329556056889087,1.582915506216703,1.7443040632824196,4.113918639487296,2.015525012604835,4.113918639487296,1.5978126321872597,1.5978126321872597,1.5978126321872597,50.24307810718506,3.1128560908592062,1.3883737647299708,54.37600927178292,1.3844981992683976,4.245232207983788,1.4227130480323225,1.3844981992683976,51.70255809541021,3.1128560908592062,1.2247099071145178,48.091733006713916,2.1151530546293595,1.2247099071145178,1.4227130480323225,49.97858139053666,49.93025005578935,5.379805711014436,3.1128560908592062,1.5488850686961808,56.274076791183646,52.98872119148527,1.1201336534423716,1.2247099071145178,2.409477225898248,1.1201336534423716,1.1201336534423716,48.16334894215985,1.4037495626491912,1.3671103692275899,4.374544945772211,1.4037495626491912,1.4037495626491912,5.05651299467816,60.26214873028966,3.0749061036629133,3.0749061036629133,4.62252630951621,5.738770152397286,7.697329731407607,14.80893933682656,5.854797553561585,58.476781056637776,5.405986299441329,11.623697257663899,1.1056753782406343,13.667914413483128,7.697329731407607,60.23942826892176,13.452863285207776,11.326873848353458,22.96703717097076,51.899762011906844,3.574720019835475,5.349892596461739,4.965500632888928,3.574720019835475,3.9413967228271733,22.290396224382867,1.3407388920763599,21.714642014139542,5.5950409295957355,8.415962597043386,1.1746410806706364,5.344755200002477,5.148646204030607,4.239592548913492,1.1746410806706364,1.2194653720086555,11.54841836576502,9.117416033534957,4.200648252872302,1.2194653720086555,8.542220327129657,1.2194653720086555,1.1746410806706364,8.798277374355397,5.365774774590727,4.343321524666849,5.22480985479267,4.354995514323842,7.801165768497876,5.798236867260363,10.869325091261453,4.75937187317594,5.237233960297691,4.526129093576263,3.962488605381614,4.5916462294120866,5.276671340584852,5.240807731918444,6.120457645336745,5.393418080740678,7.219467388128309,7.352029078424884,9.687429039863273
4.505448478018417,4.505448478018417,5.155559005645207,5.155559005645207,7.382703322559263,7.033629736450285,4.292001438983279,5.470228797084396,6.953869208946078,4.405501231571767,5.470228797084396,4.193555991645271,5.669626168952244,7.382703322559263,4.193555991645271,5.470228797084396,5.669626168952244,7.382703322559263,1.7251914783109796,5.669626168952244,7.127787567752976,4.2789697093807355,7.127787567752976,5.026698378886709,5.669626168952244,4.292001438983279,5.026698378886709,5.470228797084396,4.8271078305375905,4.405501231571767,4.8271078305375905,4.2789697093807355,3.497164980267982,4.486175769559009,3.7615039064600704,4.486175769559009,6.519011482470111,3.7615039064600704,3.497164980267982,6.519011482470111,30.753572740502925,4.486175769559009,6.600889643218523,3.684422131847407,4.486175769559009,6.519011482470111,1.5380874835371583,6.600889643218523,7.116636124306259,6.600889643218523,7.118340570550284,35.414069336246946,5.596999201484283,3.182744170691983,6.567770011547708,3.182744170691983,3.257429167484006,6.684372331542887,6.684372331542887,6.684372331542887,4.569072460315609,6.567770011547708,3.257429167484006,6.567770011547708,5.596999201484283,4.569072460315609,4.113634622341218,7.172507058259557,4.113634622341218,2.275239869644238,2.275239869644238,2.275239869644238,28.01916995739101,7.464477379521061,3.1732589602037677,14.78024113339994,6.448588119144553,12.508443605064082,6.341635678025766,6.448588119144553,37.60873156283242,7.464477379521061,6.507562688490316,15.595224196767912,6.864531732287939,6.507562688490316,6.341635678025766,14.675289355620269,37.87867854346621,13.324538437237187,7.464477379521061,3.9565430772197896,18.55339169001639,13.349124871456432,2.782431883835045,6.507562688490316,2.1305392445216715,2.782431883835045,2.782431883835045,20.177265805476498,2.7899395652212102,5.836195529821665,11.925200077662025,2.7899395652212102,2.7899395652212102,12.391149481408135,20.82799875798519,5.841484950151958,5.841484950151958,6.042402493373231,8.384854844463806,6.7428961911102165,28.180046368725236,6.973980522138464,18.220093715221093,13.12544760087892,30.39046190038356,5.983508383267638,30.94979848251904,6.7428961911102165,28.96513957513554,31.17643574835731,24.14452881896154,27.205582172742425,38.81917554005151,5.663564310212722,12.97993705096634,8.341305798226008,5.663564310212722,8.346469336333602,18.53873615156072,5.645099576751622,19.502166027712075,8.950067281874885,16.581919950638017,6.516611642612384,8.298880316082382,5.886200810394215,9.37492272932351,6.516611642612384,6.089386388373337,26.816165447921026,9.068317531381132,7.784159336651433,6.089386388373337,16.506936129183682,6.089386388373337,6.516611642612384,7.135789816112854,2.771860501372953,7.094997772250138,2.324897292489785,21.810341945172517,16.3027674206299,20.13675080357497,5.2253740414513645,16.818111709977995,2.441225473329115,18.13715849552882,6.78205072018318,16.950684319404125,24.279449320792537,18.034316654174344,18.774877149792356,20.349272241311027,21.63597384887197,21.940783263861587,18.257848455703524
32.02104146999048,32.02104146999048,20.659871840505094,20.659871840505094,2.288937594724031,6.067591813034568,7.813127945779396,18.486207623155536,6.036136119729903,10.129898418801815,18.486207623155536,11.869510597123872,9.855561479682613,2.288937594724031,11.869510597123872,18.486207623155536,9.855561479682613,2.288937594724031,8.180711749190035,9.855561479682613,22.923515220786843,17.582040741827974,22.923515220786843,8.065371002560257,9.855561479682613,7.813127945779396,8.065371002560257,18.486207623155536,17.027907489581033,10.129898418801815,17.027907489581033,17.582040741827974,4.810265098159758,15.361178263749567,13.298494579995134,15.361178263749567,4.21113100687491,13.298494579995134,4.810265098159758,4.21113100687491,46.346720711740154,15.361178263749567,4.108534972410138,3.777792609689993,15.361178263749567,4.21113100687491,7.969179752163255,4.108534972410138,6.7680210811613755,4.108534972410138,5.418707471180181,42.06187525633594,3.8817287034334784,4.286510238102519,2.4547390104615405,4.286510238102519,4.195684556755731,2.350980175476547,2.350980175476547,2.350980175476547,19.99839512259493,2.4547390104615405,4.195684556755731,2.4547390104615405,3.8817287034334784,19.99839512259493,14.823035803606157,7.218063587446272,14.823035803606157,3.9951822224319975,3.9951822224319975,3.9951822224319975,54.13335023544303,3.140495029969955,3.715954542880684,54.31081166470322,4.888349410068938,9.230144527863352,5.155504737331494,4.888349410068938,43.85400791810611,3.140495029969955,3.5924280129353816,50.57236507446451,6.642551843303352,3.5924280129353816,5.155504737331494,59.20407998370083,44.54329587385663,10.34041696448654,3.140495029969955,3.4441154629876674,53.741948899704916,53.58001139421586,6.507346033542226,3.5924280129353816,6.513389159289639,6.507346033542226,6.507346033542226,57.638112176502965,6.72079913040014,5.401591780585021,9.527302525998081,6.72079913040014,6.72079913040014,9.309432519428219,55.59821165382743,3.322794255546322,3.322794255546322,3.4865264631057067,3.4636508570345264,9.66603590252944,49.03372521376504,8.06916360402446,51.33132496587049,10.576396425462606,15.289828469334891,5.214479169838864,53.16624954457943,9.66603590252944,58.05331029138996,50.291748334037415,14.747854681051933,39.15245357077314,45.7669497139296,3.2488461432845903,10.495420355444367,14.226530958171011,3.2488461432845903,8.30572792016679,44.21168316191262,4.0078908836441105,43.42014991570919,4.074714534569646,21.48293253230924,3.628163236400026,15.573960043603249,3.382557534204097,18.871597488420715,3.628163236400026,3.5436314510118896,18.71213278615622,9.112182504745228,9.062306338120406,3.5436314510118896,15.375667618030006,3.5436314510118896,3.628163236400026,9.588040904768208,10.912327620667725,9.249693008752063,11.2873206682694,15.383345197690561,16.056567420216137,12.24174679434206,6.768647868969516,34.01369751159727,11.511404790599912,25.670872162043402,9.307099276672437,26.388751178746187,14.718665680521267,13.082021783091825,13.136346779138634,13.881676062329026,26.103313537724986,24.289855804703972,17.632038514364247
23.71343886336702,23.71343886336702,19.879375193032033,19.879375193032033,14.858443512035374,6.237833481456542,23.04913264159707,32.9845565729503,6.402095779161031,24.51587821652579,32.9845565729503,24.332987107347652,28.00182851992411,14.858443512035374,24.332987107347652,32.9845565729503,28.00182851992411,14.858443512035374,16.438550677869635,28.00182851992411,21.81453668320353,28.64089710493258,21.81453668320353,28.950438143192937,28.00182851992411,23.04913264159707,28.950438143192937,32.9845565729503,33.805711765591376,24.51587821652579,33.805711765591376,28.64089710493258,16.684910341646194,25.878875311182952,22.242091389240702,25.878875311182952,12.097479822541654,22.242091389240702,16.684910341646194,12.097479822541654,82.73452263089638,25.878875311182952,12.125514578560379,4.664476104826213,25.878875311182952,12.097479822541654,15.483907492817375,12.125514578560379,13.570630624549382,12.125514578560379,5.911260343531504,57.02413002438528,12.973825043139039,15.347615502647974,16.142185376813504,15.347615502647974,13.693705278910741,14.588209984797636,14.588209984797636,14.588209984797636,27.946267542284605,16.142185376813504,13.693705278910741,16.142185376813504,12.973825043139039,27.946267542284605,28.546640654482477,12.382272756346119,28.546640654482477,5.691012673949347,5.691012673949347,5.691012673949347,44.92507787147298,13.634227236283168,4.602831726432926,44.24107096009445,12.33479803083779,15.437885508186405,12.701909424875064,12.33479803083779,68.66011465980493,13.634227236283168,6.137502557690931,52.10598249235984,12.272727662562335,6.137502557690931,12.701909424875064,43.445448752938844,56.820170214412656,19.343334047609165,13.634227236283168,4.440116596646152,39.88686194039203,52.283332346338945,5.291933687077903,6.137502557690931,17.999580114180883,5.291933687077903,5.291933687077903,39.07950798668939,5.409479229647381,5.414734813236121,15.926508177611716,5.409479229647381,5.409479229647381,12.309887774628667,33.319269653538186,10.138465492882766,10.138465492882766,9.511326263380603,6.650774458884616,11.653173556299388,32.58714820160676,9.63889317689488,45.38942980928938,20.018414881302373,23.564593069002193,5.402105668703587,32.87453643236806,11.653173556299388,31.80820379657799,32.71951692518925,22.972304445748954,31.640131410988115,65.91021817233116,10.958094960146099,14.428960916377635,27.924308524393787,10.958094960146099,11.886873876842007,33.55906547027711,4.7751548296848325,33.517786470728794,6.940844862222103,14.937778883796067,9.895069294321287,25.53086438047991,10.387373072175267,29.36032386664258,9.895069294321287,9.433787524815228,17.74540340058081,17.19711264515288,25.99252618602521,9.433787524815228,18.28155547482005,9.433787524815228,9.895069294321287,16.154043451008725,27.59946964526725,22.81578946138969,31.20176370821923,47.320084750434596,17.566526250376125,31.886770337945354,17.29037586383312,50.8765595057393,32.24276629323965,38.05200291236987,24.435042835907243,35.627444397225084,46.393216338711355,32.53416050826065,32.904760910464994,34.87161495108841,31.052662506763365,27.700758899053277,35.64845698495147
12.895865007974693,12.895865007974693,12.59559970423806,12.59559970423806,4.429826152470424,11.649778792968531,25.007366557223605,25.451463025497596,11.703353072788394,4.784970609876465,25.451463025497596,24.417750430980007,23.771135169446406,4.429826152470424,24.417750430980007,25.451463025497596,23.771135169446406,4.429826152470424,2.6192057302597775,23.771135169446406,16.472609767591614,5.434538298399535,16.472609767591614,12.14648501723683,23.771135169446406,25.007366557223605,12.14648501723683,25.451463025497596,11.519153280023383,4.784970609876465,11.519153280023383,5.434538298399535,0.5133050823665032,24.263198068891054,20.96689344996658,24.263198068891054,5.457070921844248,20.96689344996658,0.5133050823665032,5.457070921844248,17.209167529401277,24.263198068891054,4.902067853581393,5.917052945919434,24.263198068891054,5.457070921844248,2.386206975970498,4.902067853581393,8.924325330148877,4.902067853581393,11.031830192407293,16.766961698614647,5.875814543718677,0.47017970370647305,5.17142010420635,0.47017970370647305,0.4669810208552352,4.9616467166744815,4.9616467166744815,4.9616467166744815,5.006444935086012,5.17142010420635,0.4669810208552352,5.17142010420635,5.875814543718677,5.006444935086012,11.094242441590119,8.589473753686738,11.094242441590119,5.358532405831905,5.358532405831905,5.358532405831905,19.561128863752817,4.632614448003129,5.722940511543555,25.963101164957425,7.39440619804229,12.612357783177307,7.573013960397485,7.39440619804229,19.942997500415746,4.632614448003129,5.484354280518931,27.38136686022155,8.927115959986802,5.484354280518931,7.573013960397485,28.061357341828536,21.522145429456792,13.269211923273673,4.632614448003129,5.52045299103399,23.92605056118974,25.8974561927419,6.142463860490329,5.484354280518931,3.354746211749961,6.142463860490329,6.142463860490329,24.96190747221161,5.750983411670402,8.458071729343954,10.183477061263979,5.750983411670402,5.750983411670402,10.504757209545836,19.054267338817308,4.798505906222424,4.798505906222424,4.803013000808502,17.567181389101187,5.8304525063516435,3.860426667250166,5.830608597736365,17.605937747800247,10.73437577857968,10.074342244570337,8.671213235113985,6.496070217256892,5.8304525063516435,24.071574673252517,5.219950758122501,10.729157976943737,22.992160174756652,15.140375408871963,5.1045265565078894,12.371771595596304,12.051939616301768,5.1045265565078894,23.880154102808177,22.590007453765768,5.83185531208356,24.286836987333494,17.35856562163398,18.594461574466962,6.520245097296561,12.1892443204691,5.088386555304834,17.173028993783095,6.520245097296561,6.6647670730950255,11.313191477281093,6.52209228804654,17.94098737619024,6.6647670730950255,20.350609927459224,6.6647670730950255,6.520245097296561,6.875051975103982,19.484982525413688,15.381034636971474,19.410814842645564,11.286475651461776,16.932614875106893,9.62359372961475,7.530508157834348,10.039396229246494,20.266773196435228,13.788951985353842,15.393789009800043,13.725331951305133,10.691080799587981,10.92726993775647,9.53790939367101,11.526981313910143,9.556506019946154,9.040927590419866,9.731203176918893
7.595315561074867,7.595315561074867,7.3597435525261385,7.3597435525261385,6.749001342651254,2.966177684861827,8.910629970691136,9.171690942813848,2.938704717201565,6.017910377618885,9.171690942813848,8.969067101224997,8.254218840297863,6.749001342651254,8.969067101224997,9.171690942813848,8.254218840297863,6.749001342651254,7.975380689972839,8.254218840297863,12.05006752693538,6.2778783597157,12.05006752693538,9.606045184988567,8.254218840297863,8.910629970691136,9.606045184988567,9.171690942813848,10.22592319122362,6.017910377618885,10.22592319122362,6.2778783597157,4.519801472069611,12.05038585349697,14.136757382449753,12.05038585349697,6.79790600492588,14.136757382449753,4.519801472069611,6.79790600492588,14.283716180721534,12.05038585349697,6.67725533066902,1.6692267979833164,12.05038585349697,6.79790600492588,8.075320909649385,6.67725533066902,5.626321683670516,6.67725533066902,2.4476564321390573,13.720620213904104,6.404458343710026,8.312899333655839,5.24525379928202,8.312899333655839,6.990208321141602,5.157717684414489,5.157717684414489,5.157717684414489,7.262272123854963,5.24525379928202,6.990208321141602,5.24525379928202,6.404458343710026,7.262272123854963,12.186694889671607,5.596225485212287,12.186694889671607,10.494776125924748,10.494776125924748,10.494776125924748,19.040483756610833,5.881932231479647,1.5849365284885422,4.037158471535309,6.541489412393943,4.692270279194973,6.8689746918475105,6.541489412393943,12.789168196773456,5.881932231479647,7.027773281640564,4.229194471023275,5.808935473037329,7.027773281640564,6.8689746918475105,4.108038684446317,12.795329278772885,4.8975408742888344,5.881932231479647,1.6006001373175562,3.690174564947135,4.06655165862365,6.161615869783961,7.027773281640564,5.556235725759589,6.161615869783961,6.161615869783961,3.936595977850173,6.379886660772553,7.651877548913977,5.759128889423403,6.379886660772553,6.379886660772553,6.987651347786959,7.350894855748791,8.493088075826366,8.493088075826366,9.038043696028037,15.141317482658215,7.40826530830494,3.4409542514077684,8.42499810054163,8.169370068069318,5.393048588498827,9.648358025934675,7.220984150496661,3.0068152838609477,7.40826530830494,6.162562004259836,2.966336516522979,8.270383507449058,7.148580229919966,18.869570765542104,8.894255159414152,8.792776239044944,10.229251814068174,8.894255159414152,13.704301807476362,6.7519585267758595,9.691158238848054,6.848307517330499,15.839409011819853,9.763194460517846,5.794488271410588,10.48892760110603,9.454446957889107,7.758317125577735,5.794488271410588,6.19697257691475,8.565534289410644,12.5194574338657,7.2282722045111525,6.19697257691475,5.9401794380675765,6.19697257691475,5.794488271410588,12.43983497339601,7.156150798343784,8.060867122127696,7.487643181745792,12.981829195255392,6.0995594975158784,18.724807729954204,11.20164013344182,17.878805346104734,7.729277085123401,16.654517425272324,9.062579111805865,17.346140014977745,14.696614530547127,18.931987936112776,17.910770954696527,19.710293268578727,15.689858400848285,13.705776532671075,16.354147972981206
10.210661891027144,10.210661891027144,11.98414442919556,11.98414442919556,7.9106683112137635,3.6887031787313247,12.79436756673246,16.143375847144263,3.8912369434205965,15.068841855582924,16.143375847144263,10.667372878787047,13.361150412237233,7.9106683112137635,10.667372878787047,16.143375847144263,13.361150412237233,7.9106683112137635,2.432927145138399,13.361150412237233,9.092027900186078,17.0798264291298,9.092027900186078,12.64255717903662,13.361150412237233,12.79436756673246,12.64255717903662,16.143375847144263,16.21043671801318,15.068841855582924,16.21043671801318,17.0798264291298,1.1319510154358583,14.666309335861152,11.38147644521584,14.666309335861152,9.350747863729426,11.38147644521584,1.1319510154358583,9.350747863729426,23.84955610393031,14.666309335861152,8.804697209496952,1.7073817681346959,14.666309335861152,9.350747863729426,3.4623185451415943,8.804697209496952,4.868364918903403,8.804697209496952,4.4435697468929245,23.291528190635674,11.364267205673034,1.3357233274991132,9.584683081066128,1.3357233274991132,1.2133709654352596,9.220394265944929,9.220394265944929,9.220394265944929,17.0309701546215,9.584683081066128,1.2133709654352596,9.584683081066128,11.364267205673034,17.0309701546215,14.222193852045242,4.681990179686907,14.222193852045242,15.098798930380147,15.098798930380147,15.098798930380147,17.931688591468433,6.732453856426149,1.476787749818231,37.559858121880744,11.099135932994493,15.986432183678295,11.34030120060834,11.099135932994493,26.505529113190523,6.732453856426149,10.575505752338474,30.80847957399008,4.241747850755551,10.575505752338474,11.34030120060834,32.73465423228125,23.790725787760582,15.641985396135015,6.732453856426149,1.4391590193427546,38.1357613618581,37.04568223031253,14.758910032277404,10.575505752338474,3.237496252557261,14.758910032277404,14.758910032277404,32.653054719126516,15.268674604050187,14.758374312043674,17.196315350472023,15.268674604050187,15.268674604050187,17.596795563702877,30.28465979817773,8.075988062355401,8.075988062355401,7.70069594578998,17.79954841926113,7.342134128221322,23.703410243344045,8.051553289221925,28.600104451092985,16.577931139277087,18.90176817672347,13.070216617275022,24.903574054955616,7.342134128221322,31.284719895982988,25.100531996602903,21.709397475673317,25.058872424787975,21.005448740248113,7.265525056525145,15.881001184915412,9.870964925332949,7.265525056525145,18.85842701490588,31.703605502789216,10.949517650660779,29.500262440211657,15.382798354447624,19.477891918152363,11.805298342829806,11.143858171173163,6.833716314720964,12.933883753929141,11.805298342829806,10.013496722334802,21.892400895836886,28.93706266883365,11.280290315193325,10.013496722334802,17.87366512071527,10.013496722334802,11.805298342829806,29.370432702300377,5.118360885267507,12.095988551894086,5.889683112107703,18.716089125031665,20.342965926163487,17.55654683405388,26.862129888956268,13.041298002679362,5.854903761515259,12.851154165576693,11.40230363223616,11.710674032074403,17.531879420991455,17.204299036916808,17.617981701748313,17.252778249539908,15.446156991450039,15.454433852634589,15.709663775537628
23.519688705074177,23.519688705074177,21.066350790310608,21.066350790310608,4.156265399048531,6.3060151032121725,24.695794254417553,21.762512823210415,6.442200896659693,19.60065858382964,21.762512823210415,24.926357957693295,21.18305965222971,4.156265399048531,24.926357957693295,21.762512823210415,21.18305965222971,4.156265399048531,5.1525746470365394,21.18305965222971,21.803043456102017,22.09018034996741,21.803043456102017,20.638844345838113,21.18305965222971,24.695794254417553,20.638844345838113,21.762512823210415,24.167143267694378,19.60065858382964,24.167143267694378,22.09018034996741,8.369103877029511,22.048790636103895,22.71796025291439,22.048790636103895,9.996496945664077,22.71796025291439,8.369103877029511,9.996496945664077,37.605058460963036,22.048790636103895,8.529661227693678,4.361228424893194,22.048790636103895,9.996496945664077,5.269784155080585,8.529661227693678,6.791889250330942,8.529661227693678,6.999641192042033,39.88466448606675,1.9794984854872508,9.000936002260596,10.964149285525544,9.000936002260596,10.448254217780113,10.991910225700943,10.991910225700943,10.991910225700943,23.16574589746803,10.964149285525544,10.448254217780113,10.964149285525544,1.9794984854872508,23.16574589746803,24.97919193206605,7.626450990353721,24.97919193206605,1.3917609010345489,1.3917609010345489,1.3917609010345489,37.96706266134281,4.557682003656406,4.299906132530359,43.78496248122904,3.0620498200950226,8.101193353004499,3.0925867256638444,3.0620498200950226,47.917602247231876,4.557682003656406,3.203055563244811,46.000832580471744,7.033631769756206,3.203055563244811,3.0925867256638444,49.7851720304914,48.292128891083365,8.055049523194558,4.557682003656406,3.9454073313921723,48.01583905028176,46.61036265444204,2.550238125543696,3.203055563244811,3.387302502406174,2.550238125543696,2.550238125543696,55.38386452132307,2.6112175455696565,4.076079426061402,7.957581325715599,2.6112175455696565,2.6112175455696565,8.188993171132404,60.254437016946795,4.8877116121941295,4.8877116121941295,5.380287566708676,6.471875926080455,5.541928876492728,36.1929747148598,5.646908927121916,59.80470235889342,7.920823136691191,9.303260201511815,4.172039594102664,29.86302224571788,5.541928876492728,61.65046592454054,32.982407026204974,9.015749337619928,56.960396055457714,48.24355514041918,4.897450580877993,7.551080448459777,11.757694915697993,4.897450580877993,5.08014292553518,51.64699375438987,1.9528680856140335,52.99844330804084,6.434567708702398,9.107871452501865,4.893703694212197,9.970380313536353,4.902415106465792,12.766450064995446,4.893703694212197,5.140327966997793,8.198682320254706,17.183116386284144,11.910685452310808,5.140327966997793,8.903365144776377,5.140327966997793,4.893703694212197,18.878264538803673,6.792198486001471,11.84688241068949,7.199612056293452,15.2327403151866,8.820489817290913,15.475699579206914,12.190097696912892,10.249543056032586,6.97326825323784,10.190365273953725,10.707255900423975,10.59570731513588,15.908556019018818,14.278113506220295,13.12082522655296,12.216162516697505,10.791073282603161,8.970881326420267,13.881110621517868
7.144554949614596,7.144554949614596,7.297390399995985,7.297390399995985,1.828263097774737,52.45922460169748,6.437039329906608,7.172002286676514,52.13198441662245,1.7507277157089725,7.172002286676514,6.343949887840058,7.008279159783284,1.828263097774737,6.343949887840058,7.172002286676514,7.008279159783284,1.828263097774737,7.384414537785605,7.008279159783284,5.291337641771767,2.0254174406638104,5.291337641771767,3.300289273974731,7.008279159783284,6.437039329906608,3.300289273974731,7.172002286676514,3.4327428838194898,1.7507277157089725,3.4327428838194898,2.0254174406638104,1.221489224067591,4.85433261957361,4.904483352213112,4.85433261957361,2.2380194258316632,4.904483352213112,1.221489224067591,2.2380194258316632,59.28777535447291,4.85433261957361,2.0576252096005376,7.504010979606492,4.85433261957361,2.2380194258316632,6.864408828987666,2.0576252096005376,15.574488993389389,2.0576252096005376,50.080332186841574,46.94946073161393,2.0369095679471436,1.127443811464479,2.0982731335740037,1.127443811464479,0.9549083779444627,1.9228889586880522,1.9228889586880522,1.9228889586880522,1.9788199711438783,2.0982731335740037,0.9549083779444627,2.0982731335740037,2.0369095679471436,1.9788199711438783,3.004822976291569,17.31758678549197,3.004822976291569,1.9165669345282341,1.9165669345282341,1.9165669345282341,40.934341848249126,1.2150830249981042,7.530811485344997,67.24460009554507,2.554067288569905,20.398457696072377,2.300313695639615,2.554067288569905,71.10596143578921,1.2150830249981042,1.7356163385067422,57.62126032311199,17.42269994508549,1.7356163385067422,2.300313695639615,66.93079573724692,70.86397308763637,20.600965754988508,1.2150830249981042,7.29460032146276,69.12930641254422,57.82991713990327,2.306237279616605,1.7356163385067422,3.968596138698788,2.306237279616605,2.306237279616605,68.8679171352774,2.2688696039654,2.029471929790099,20.545461418444777,2.2688696039654,2.2688696039654,16.31777166632983,58.87488614230975,3.409830572063776,3.409830572063776,1.9049574371017461,4.543417887638817,3.214880594341768,8.786317873681636,2.5510053760836744,59.78535193775309,19.347695831399367,17.52518546308658,2.056574630104941,8.796848948609245,3.214880594341768,61.88193792951567,7.307702521016082,19.009814025092453,11.586472363691117,69.34648886836044,3.5206974123981825,16.23861599564454,5.558832725745051,3.5206974123981825,3.1187400919765635,12.442533867002945,2.222042200736493,12.113332012758335,4.510730132415336,16.246567202713678,1.6227089766112344,4.669920478057263,2.2457940389891538,5.607494796010572,1.6227089766112344,1.7588955974639993,19.628617682066224,38.64468914021962,4.73393914182865,1.7588955974639993,20.64882259082389,1.7588955974639993,1.6227089766112344,37.762777526273,5.136081781692963,4.670741978795956,5.274986101794276,11.13823552297033,19.598795251844724,14.49255118975848,33.47531047462635,12.993762244769623,5.240770374158477,13.353764240534343,4.605711184729472,13.421193591062833,12.496597562670956,14.879019000163886,14.500954992832861,13.952361324427365,18.994142303528715,18.938208630732053,20.05322619967649
9.699760936131627,9.699760936131627,7.274355945643424,7.274355945643424,3.2454715561103855,5.273140246894546,7.758913964605172,13.468710661583337,5.051424882064468,7.519121108646165,13.468710661583337,9.426668995245848,8.258801359777815,3.2454715561103855,9.426668995245848,13.468710661583337,8.258801359777815,3.2454715561103855,2.345030108968233,8.258801359777815,11.653141198005452,12.06922841292287,11.653141198005452,10.035126133141564,8.258801359777815,7.758913964605172,10.035126133141564,13.468710661583337,14.76549256733534,7.519121108646165,14.76549256733534,12.06922841292287,5.0735009408659,12.60220732865936,13.206981079921029,12.60220732865936,2.622715889608121,13.206981079921029,5.0735009408659,2.622715889608121,14.531596320668811,12.60220732865936,3.208915201764595,1.6233016778992932,12.60220732865936,2.622715889608121,2.924057627435886,3.208915201764595,3.450558183657996,3.208915201764595,7.541141918827519,17.04054500254899,0.5722413955443998,8.551468582748198,2.346297989234937,8.551468582748198,8.638841818734674,3.017825499022793,3.017825499022793,3.017825499022793,12.477828982047948,2.346297989234937,8.638841818734674,2.346297989234937,0.5722413955443998,12.477828982047948,14.058502549867852,5.221599139666126,14.058502549867852,0.5314196431633744,0.5314196431633744,0.5314196431633744,23.6010875616748,2.7158321185797134,2.207563015992912,21.05443919750399,1.4511308801612344,9.891661510686943,1.3302496063782714,1.4511308801612344,18.73150121145896,2.7158321185797134,1.4895644198762286,21.846377520555645,5.25321216436518,1.4895644198762286,1.3302496063782714,17.976857190143193,18.62681602941181,8.740125543719873,2.7158321185797134,1.7751036992444886,20.78557599873301,22.309064013319347,0.8376290605547196,1.4895644198762286,4.973832822033734,0.8376290605547196,0.8376290605547196,17.50008122768321,0.7987002884889239,1.1357850785388601,10.047795735078498,0.7987002884889239,0.7987002884889239,5.72835904320948,19.446304420619576,3.5332576484416416,3.5332576484416416,3.4208993670156245,6.5274573528450714,2.6477002739304867,3.417801144897849,2.3792323130748603,23.380574881089842,8.861516428201977,14.554569637268521,1.0489300816560787,3.212571728776488,2.6477002739304867,18.80760219634262,3.4062079267715886,14.497952351086289,19.16216269923585,22.224059834798506,3.2100225243784886,5.934976430326273,4.533401672606613,3.2100225243784886,6.60138436854782,24.139279982226853,1.0374661277846253,23.171986705054564,6.047892302285652,6.414514924953303,2.0792987112100136,5.92116423381295,3.1085527723801443,7.451045079749828,2.0792987112100136,2.881277293238547,8.830990521039123,22.51737555077568,6.175841958561189,2.881277293238547,10.318167957707672,2.881277293238547,2.0792987112100136,22.655090216892322,4.385618112942621,7.384381584064482,4.640325281402092,6.11446946832353,10.611270590097439,9.74232152807245,29.161429606148847,6.420268311470122,4.184578733927204,6.927997244750972,3.810714565443991,7.376853875165353,7.573651097634058,6.207343611969878,12.62405510088707,6.171061328434416,11.157747492721215,8.985083734108716,7.985308940901652
9.832176510782828,9.832176510782828,9.226080203154709,9.226080203154709,3.6806772691153844,9.801559469734178,10.928890031269123,8.557759825681632,9.322554151301826,8.149549153388026,8.557759825681632,12.228902996528909,7.103580582960898,3.6806772691153844,12.228902996528909,8.557759825681632,7.103580582960898,3.6806772691153844,1.1163799850108338,7.103580582960898,8.864168793709657,11.315557925085747,8.864168793709657,6.924140913593481,7.103580582960898,10.928890031269123,6.924140913593481,8.557759825681632,8.969108582007701,8.149549153388026,8.969108582007701,11.315557925085747,2.468643230677979,10.95329186789622,12.15475275246691,10.95329186789622,2.006960611745167,12.15475275246691,2.468643230677979,2.006960611745167,37.421627460457515,10.95329186789622,2.101100258254695,4.250658871803812,10.95329186789622,2.006960611745167,1.242136105782901,2.101100258254695,7.183211565428913,2.101100258254695,9.369704113380141,37.02977444756295,3.0262211960210417,4.522542719310097,1.63329031706233,4.522542719310097,4.616941932777489,1.3202544069132922,1.3202544069132922,1.3202544069132922,10.927870265966542,1.63329031706233,4.616941932777489,1.63329031706233,3.0262211960210417,10.927870265966542,11.230062049193986,9.483926075179067,11.230062049193986,3.9635481141607176,3.9635481141607176,3.9635481141607176,36.372012146071164,2.5867196300143283,4.1547333395555075,51.766866161325126,2.710263135633094,13.66008684554423,2.1783860328629685,2.710263135633094,58.93293477738746,2.5867196300143283,3.98628559861915,43.51467462110264,8.854914151321125,3.98628559861915,2.1783860328629685,45.508268211517525,60.7064528638617,12.41934362374964,2.5867196300143283,4.737938111312991,40.812402510943734,49.837180413970565,3.8719284409382526,3.98628559861915,0.812090667083298,3.8719284409382526,3.8719284409382526,38.157440042340625,3.4479769061153576,3.193692601553598,13.347571056029627,3.4479769061153576,3.4479769061153576,8.287606368495211,52.500538171360716,3.651694594173031,3.651694594173031,3.5224789074987886,16.570988678550204,4.6378801539162495,41.96316076521438,4.901261248523523,53.505471472647756,12.548894325540603,13.520564235663763,3.1524967442718026,41.91260482249619,4.6378801539162495,40.48024804178014,41.85218095493181,13.714087820110795,50.22596931264241,58.420958170928714,3.6462628580309957,8.854691400768123,6.887260170600695,3.6462628580309957,15.631538804559254,49.680520430929484,4.0226370924896635,49.57261792394492,16.387224580915543,7.981523544098654,2.104645562668156,6.920230132753125,3.313363841256657,7.33713093084782,2.104645562668156,2.316203333825172,10.91611382561924,14.86923625067055,6.250933361264525,2.316203333825172,12.846724155336755,2.316203333825172,2.104645562668156,16.598805645510406,6.825436907988947,6.381229232165345,7.08951361140007,17.832502043510296,12.993741735088436,18.452483535166287,15.010659567341513,16.67907240765211,6.691134532156207,17.122403302620004,6.373511884801411,16.891742044499814,16.868415717819857,20.49821669182183,18.049303076492514,19.871005818208527,15.375304767483456,15.260676417212231,22.02520726181145
42.88737876687568,42.88737876687568,34.61477598686433,34.61477598686433,3.500929538215608,5.637368664465055,21.21810399330826,21.299020844359948,5.637716609011893,25.771286510199985,21.299020844359948,28.212227981908814,20.26089259254005,3.500929538215608,28.212227981908814,21.299020844359948,20.26089259254005,3.500929538215608,3.470269877885747,20.26089259254005,35.628630529844756,28.689130158067098,35.628630529844756,19.624397971271094,20.26089259254005,21.21810399330826,19.624397971271094,21.299020844359948,24.996075899424604,25.771286510199985,24.996075899424604,28.689130158067098,3.2724711182733888,23.313917651681205,28.571769499912655,23.313917651681205,11.62143237234205,28.571769499912655,3.2724711182733888,11.62143237234205,52.75061016270424,23.313917651681205,12.23984604899617,5.956075865721638,23.313917651681205,11.62143237234205,3.781518183800261,12.23984604899617,13.5401124511979,12.23984604899617,6.8298165206396275,48.97299283784679,1.2322042587603217,2.531439071692931,4.045303009911911,2.531439071692931,2.7033993755844525,4.593968747895496,4.593968747895496,4.593968747895496,24.386437651857726,4.045303009911911,2.7033993755844525,4.045303009911911,1.2322042587603217,24.386437651857726,24.18274605957653,12.968525603687388,24.18274605957653,1.4701753584377273,1.4701753584377273,1.4701753584377273,69.95949600444193,11.48863003985576,6.282093806817556,57.80793571716293,1.586444322672692,23.53081080481111,1.485512045200664,1.586444322672692,59.85987267164854,11.48863003985576,1.957144260519131,61.66303782995777,12.276090167298735,1.957144260519131,1.485512045200664,59.29668500481479,57.824892153387516,24.48939688772912,11.48863003985576,6.161512911378726,56.634881086894886,61.42460747600039,1.595977926603999,1.957144260519131,3.885413647087312,1.595977926603999,1.595977926603999,55.29913364832738,1.5118451976632337,4.0583208436803115,24.45460827619196,1.5118451976632337,1.5118451976632337,29.430821208211633,57.60631910832049,10.116968335493606,10.116968335493606,10.151619324897396,11.570344367413295,3.708344164037441,50.51255005807737,3.673617876158094,62.792507014304555,24.05096573549753,24.060317135799668,4.016143720897841,49.03861878877665,3.708344164037441,58.053341794760385,49.9042941585032,24.325608336742178,55.64712040313401,56.91175639428405,10.34102119386404,27.684857973073388,14.876518024463529,10.34102119386404,5.383601228282527,59.301616423037984,3.843238629332389,57.54529204187828,11.833752940738048,27.14282687798012,2.9823969654083515,14.13660427096557,10.377302314819168,16.08800561196256,2.9823969654083515,3.408215022670066,26.783357214730078,3.18380852858071,18.640392277151467,3.408215022670066,25.594065300910394,3.408215022670066,2.9823969654083515,3.0979982980651726,11.257871285954474,17.276141450272018,10.705793659183936,12.951617515540061,24.978800782476174,14.982511584298505,2.213581412509039,30.63806569548806,10.29309849307774,32.257318301911496,17.41247147496414,34.83333634460834,13.921642991785067,14.886620955796399,15.118365960401482,14.72666577874139,30.742379821102602,25.621843540554003,29.879908906889362
18.058392761577498,18.058392761577498,13.850652562426406,13.850652562426406,3.215717536564989,8.535136083463343,8.736387863122962,14.504497427240308,7.83993295930412,9.225814019359564,14.504497427240308,12.896823926932576,10.288663145759445,3.215717536564989,12.896823926932576,14.504497427240308,10.288663145759445,3.215717536564989,2.6915181820930547,10.288663145759445,18.051966572716687,14.158568048884135,18.051966572716687,9.23943156674893,10.288663145759445,8.736387863122962,9.23943156674893,14.504497427240308,13.445158876398118,9.225814019359564,13.445158876398118,14.158568048884135,6.659593127077147,14.51553559192906,12.383110288709132,14.51553559192906,3.427963944918486,12.383110288709132,6.659593127077147,3.427963944918486,42.47837621451608,14.51553559192906,3.937641166608102,4.215124920395479,14.51553559192906,3.427963944918486,3.063070400825308,3.937641166608102,4.395494820177069,3.937641166608102,8.232778307591825,34.501690010705765,3.17545705612758,12.18535757984363,4.176925851636272,12.18535757984363,12.557386098165061,4.306094872001206,4.306094872001206,4.306094872001206,15.884824879324245,4.176925851636272,12.557386098165061,4.176925851636272,3.17545705612758,15.884824879324245,13.66338975808256,4.187217575673186,13.66338975808256,3.7075996408603,3.7075996408603,3.7075996408603,44.498110336490015,3.8630460054866607,4.062994357343136,47.3365459810668,4.626914929924691,4.932731150501248,4.573155312013049,4.626914929924691,54.76344102005883,3.8630460054866607,3.2376621756476336,46.95748824527831,4.20373431715949,3.2376621756476336,4.573155312013049,42.665060531121966,48.396305310959576,6.589163591284167,3.8630460054866607,4.098074677035958,51.74358422991226,54.54508349300382,6.3519231797467635,3.2376621756476336,2.0034183617880905,6.3519231797467635,6.3519231797467635,46.0594637099932,4.744112379931791,4.801333788155422,5.040303270249361,4.744112379931791,4.744112379931791,4.3461084815906865,45.73571457886619,3.775069892317826,3.775069892317826,4.369781359843182,6.466266964575763,2.9904302283406654,43.11298149136041,3.2954428668370217,56.44664310370164,6.623737559089428,14.576003289630735,5.033601797471285,41.414164612058734,2.9904302283406654,46.60209633467559,40.932777314445225,13.199725260414425,44.72520236557021,51.948417670417705,4.83723393555027,5.093348855046648,5.758127282328572,4.83723393555027,4.7020858112227835,44.0780558299947,2.937717213870481,42.757545391237656,6.3661281359084585,9.029775736790155,3.6912862641893707,5.726962626843075,5.480168490371009,7.506309991715947,3.6912862641893707,3.325189036918455,20.678301102642592,13.495640958033398,1.8420835947642902,3.325189036918455,8.64161102333424,3.325189036918455,3.6912862641893707,13.454232090894703,1.9010600835046962,1.4114694525405607,1.36945628215582,5.007702637739555,8.73684261404475,4.043067784620489,12.269441381141363,5.2741125650852405,1.6221968261752286,5.3461524329297045,1.3804492346227042,4.4155302247482355,4.4891979975680645,4.185736549325259,5.274064565503199,5.131201919305529,6.322371507371393,6.171351331909796,5.0468588121258655
15.242059891480583,15.242059891480583,14.21142907892228,14.21142907892228,3.8200695759127488,15.693330881131553,32.24054146604201,29.841771221347862,13.445533186740168,12.769920140723041,29.841771221347862,24.292170501479745,30.72336292631506,3.8200695759127488,24.292170501479745,29.841771221347862,30.72336292631506,3.8200695759127488,1.4489889142583678,30.72336292631506,19.605717531460293,12.409903187209133,19.605717531460293,33.7397458789433,30.72336292631506,32.24054146604201,33.7397458789433,29.841771221347862,28.92939425003112,12.769920140723041,28.92939425003112,12.409903187209133,5.099503968454235,27.93833982562257,29.108427270616428,27.93833982562257,1.9445195125154278,29.108427270616428,5.099503968454235,1.9445195125154278,86.37365960972751,27.93833982562257,1.1735619030763433,9.889619665703108,27.93833982562257,1.9445195125154278,1.2274796490572455,1.1735619030763433,12.62905606735135,1.1735619030763433,44.50365949829784,87.09280655472537,1.599763796398989,2.412572998336325,1.7588039341566248,2.412572998336325,2.297572443813158,1.1793315215504,1.1793315215504,1.1793315215504,14.487377950508051,1.7588039341566248,2.297572443813158,1.7588039341566248,1.599763796398989,14.487377950508051,27.935138232171855,12.530715883989767,27.935138232171855,1.6069727370895246,1.6069727370895246,1.6069727370895246,73.5847261472791,3.787394022278594,10.507036065672255,32.430881006893905,0.45966228781364954,21.604521149447997,0.6943374869834839,0.45966228781364954,46.579853168170814,3.787394022278594,1.5333492293647923,51.123819080787364,12.647005998209108,1.5333492293647923,0.6943374869834839,41.09464773267453,51.44319926163877,21.650022978414416,3.787394022278594,10.616510986253715,36.7439154194046,48.35978113359357,0.3544251381764035,1.5333492293647923,3.163767323546123,0.3544251381764035,0.3544251381764035,41.22719271567285,0.4544380814130361,0.6417107555920114,22.594321196222527,0.4544380814130361,0.4544380814130361,23.688843615798994,43.06602341581212,8.900113044767188,8.900113044767188,9.43480582976383,19.565505078589272,21.89915473566373,51.684273213711954,22.580404149948386,55.081842584932325,22.532629349173366,38.85288044425028,0.43231236287937114,42.592872006332044,21.89915473566373,45.849523377443774,45.031294625587016,38.78159637936594,50.15822771218299,52.246732029644875,12.113606034649221,24.978386006644524,2.556875414682153,12.113606034649221,22.56379845619471,36.77005138157748,1.6984232539975042,38.65807114728614,21.27387458985663,26.434570422639332,0.5353120503420098,2.735178695173749,12.733780356506188,3.171449718816425,0.5353120503420098,0.5339451790512235,44.8296033732227,45.219954412820115,3.9515369306906534,0.5339451790512235,24.096779579682902,0.5339451790512235,0.5353120503420098,44.32681844243817,3.641984567946097,3.224617696105446,3.0259672729064757,6.257727397045137,24.86010855101761,6.206657832122814,43.688030386955624,5.317640936854789,2.958909682496846,4.28267545697951,2.9221737826020475,4.357738246099358,7.0045215093744035,5.1610478059621965,6.466159228482242,5.518585937286095,43.32021022321333,46.629865652275505,39.41415156280373
31.863360452104146,31.863360452104146,28.838631238924236,28.838631238924236,18.757442389831777,7.981414179947332,46.293645195214026,34.270622079271426,7.409530759088177,7.040994370997786,34.270622079271426,52.6680514337741,29.81709310906522,18.757442389831777,52.6680514337741,34.270622079271426,29.81709310906522,18.757442389831777,19.395172795415203,29.81709310906522,35.28211982369867,8.039220299323047,35.28211982369867,30.026479353311228,29.81709310906522,46.293645195214026,30.026479353311228,34.270622079271426,33.60822798078679,7.040994370997786,33.60822798078679,8.039220299323047,1.4495600540380826,28.855069431977093,42.884423443991345,28.855069431977093,23.027526389077693,42.884423443991345,1.4495600540380826,23.027526389077693,93.82078684603684,28.855069431977093,19.599037981267557,3.977181530872135,28.855069431977093,23.027526389077693,21.913763568580613,19.599037981267557,7.3887414603381885,19.599037981267557,11.063194066542554,111.78034873864165,5.881628165448252,1.3065194682312744,21.792501436750428,1.3065194682312744,1.293785278986529,20.822140662712634,20.822140662712634,20.822140662712634,9.527918527372922,21.792501436750428,1.293785278986529,21.792501436750428,5.881628165448252,9.527918527372922,33.25204062225874,9.07586234988277,33.25204062225874,6.96907625559277,6.96907625559277,6.96907625559277,88.41484528184982,12.691608788682565,4.262315919488567,83.95486495974643,5.587322546481377,16.862471326603377,5.574122309969205,5.587322546481377,113.97959052266305,12.691608788682565,5.607290533278279,118.56644570761304,7.452582235692773,5.607290533278279,5.574122309969205,83.53363906894346,117.89980605725073,13.493564661054885,12.691608788682565,4.338520163725917,84.91537201782236,111.89020217769333,6.476095322935435,5.607290533278279,16.129649685507072,6.476095322935435,6.476095322935435,90.30177616528634,6.397555804315753,5.574096474694633,16.671409499937287,6.397555804315753,6.397555804315753,19.494694410051526,101.46189260218141,47.39597455154144,47.39597455154144,50.19333665408608,36.97818071672684,44.95633674230375,95.26907768483736,45.71953026984682,121.69619655082688,13.23566140013103,28.54639741703005,5.295934643224238,84.5302009492343,44.95633674230375,102.39449764799593,82.16486536375508,29.140946091007667,92.12863871414513,117.59929417192879,46.346395053465635,18.582751573945654,22.617260047436332,46.346395053465635,48.22978986214073,78.17160050476107,6.63279869777912,75.29221452717019,44.61106594033108,18.850149195253046,5.303550945525285,28.24588497051744,49.56868209038192,27.450196288652048,5.303550945525285,5.878169116341309,25.29183377413194,33.05410851681638,26.62826741986297,5.878169116341309,17.609899200981253,5.878169116341309,5.303550945525285,33.05202228607194,38.426731243638514,25.950947091642767,38.59876531077889,32.65874421427479,17.540231752695732,26.659215644654658,31.98271229563142,44.94331040490525,37.51327126129137,32.35997980401417,25.77616000141808,37.528981169982096,33.727329989865176,26.21332874556763,25.958250753642748,26.725958765371338,34.41403349346429,35.079125747151814,47.39958452664798
38.834088385291146,38.834088385291146,40.082346864095584,40.082346864095584,3.6871281747625364,19.991448147011944,44.040740249801964,47.03750742527995,19.195484640777124,38.83275405503752,47.03750742527995,41.36977537859048,44.05344283138734,3.6871281747625364,41.36977537859048,47.03750742527995,44.05344283138734,3.6871281747625364,3.784700248380191,44.05344283138734,30.41407695471357,42.07508004115601,30.41407695471357,39.52611128047723,44.05344283138734,44.040740249801964,39.52611128047723,47.03750742527995,38.84631949723328,38.83275405503752,38.84631949723328,42.07508004115601,29.278514594364264,35.96590216046703,33.732245071076086,35.96590216046703,5.4224029930554485,33.732245071076086,29.278514594364264,5.4224029930554485,63.76479414084947,35.96590216046703,5.585198057751504,2.460994105933194,35.96590216046703,5.4224029930554485,3.5487195372159808,5.585198057751504,4.9824656473112325,5.585198057751504,20.594353015410636,84.1755529802012,5.021862551302698,31.76379271185514,7.06282293903479,31.76379271185514,31.700834451380803,7.250585680257511,7.250585680257511,7.250585680257511,30.225056265309423,7.06282293903479,31.700834451380803,7.06282293903479,5.021862551302698,30.225056265309423,36.41488544644639,5.285559221353902,36.41488544644639,7.367791737339549,7.367791737339549,7.367791737339549,36.62355029076507,2.7336990756110113,1.5235056073198527,61.63964515341676,7.236039096238953,7.8583449859503185,7.28277267305581,7.236039096238953,62.592906795982614,2.7336990756110113,4.995514379871396,69.62304619664808,5.354224585206186,4.995514379871396,7.28277267305581,54.44246902239219,73.25594118968404,8.030318580565057,2.7336990756110113,1.6383444447769775,62.3851855242617,66.37905674542839,10.95980229031861,4.995514379871396,2.883049369664821,10.95980229031861,10.95980229031861,56.91553934194205,10.15681727790273,7.194858252425781,7.587093809289466,10.15681727790273,10.15681727790273,6.042702013384322,36.51473020273005,3.632462776235129,3.632462776235129,3.575622861652898,3.990527500623904,4.67792890281647,25.54617109559647,4.899063310468503,51.47996620537532,7.8251011528219285,18.208257191929704,7.394821229642219,25.73715446889288,4.67792890281647,36.564189938923406,25.65879035544724,17.540260138246154,27.511946268204934,55.73627748550741,3.8130090836497628,6.267611017667813,8.816419486374633,3.8130090836497628,5.36169143915136,30.299255334585183,5.746439418435789,30.399822197203065,4.0726503712771125,8.233055544674475,5.316122996293312,8.669386993271951,3.7099756784454403,9.91562451596716,5.316122996293312,5.053084538230736,18.074515744195168,17.698702798567794,10.98868943458193,5.053084538230736,10.362507608026265,5.053084538230736,5.316122996293312,20.832856372309646,6.530588054779362,8.81609640158291,5.47530010355395,11.096631186865444,9.682126405848276,10.494855203412879,13.322311726623626,22.850501429709357,5.963144669463407,17.66467631140039,8.993947662755971,19.02026871587739,10.580306811750244,10.703824699891948,11.600634773784282,12.429382628125548,24.484405055252182,23.971158153356043,11.042466708513688
40.22750539565446,40.22750539565446,42.499177197862025,42.499177197862025,0.6022340508277165,6.477358975348422,30.32955362069478,24.529232366757384,6.757434418810007,26.211926711466887,24.529232366757384,31.093887231964743,23.698559482059927,0.6022340508277165,31.093887231964743,24.529232366757384,23.698559482059927,0.6022340508277165,3.7909303468895716,23.698559482059927,47.165330492599466,24.951793913661167,47.165330492599466,24.316269106822396,23.698559482059927,30.32955362069478,24.316269106822396,24.529232366757384,24.947262029533206,26.211926711466887,24.947262029533206,24.951793913661167,9.359853725829307,26.556370378114845,39.935746044584256,26.556370378114845,2.5531415706528313,39.935746044584256,9.359853725829307,2.5531415706528313,42.32536282948161,26.556370378114845,3.0741200775572675,1.672306930544257,26.556370378114845,2.5531415706528313,4.21299161830058,3.0741200775572675,9.158404802521945,3.0741200775572675,6.711045624843543,41.21284473654196,0.5015035714620889,8.355244273101787,0.7418882467298219,8.355244273101787,8.349565794542688,0.6470266701441713,0.6470266701441713,0.6470266701441713,20.192602879215006,0.7418882467298219,8.349565794542688,0.7418882467298219,0.5015035714620889,20.192602879215006,26.73537068203497,8.258015236610332,26.73537068203497,0.3547183045317392,0.3547183045317392,0.3547183045317392,48.326834392876364,4.0266615011808575,1.6545265965998563,24.374617903991325,0.582907666996516,18.285889269684894,0.6759220546812833,0.582907666996516,33.76362389389514,4.0266615011808575,0.595765712510285,37.20364545970693,7.238830706477263,0.595765712510285,0.6759220546812833,24.44353320540036,32.39190607772164,15.339124513218506,4.0266615011808575,1.7523693024650824,24.860532452835503,32.95244817123597,0.6748670835432556,0.595765712510285,4.764676343925949,0.6748670835432556,0.6748670835432556,25.246380008848185,0.5832947967936226,1.373451087691252,17.271096395971384,0.5832947967936226,0.5832947967936226,16.218741502355897,26.845832610690508,4.996665221955447,4.996665221955447,5.095843114474003,6.613338066593284,5.1077046705138685,25.293413221429887,4.939300947506631,39.80774121034201,13.835824774774505,32.044427129557036,1.3483769379498793,23.59026662471184,5.1077046705138685,27.602951024580463,23.79036546653573,29.801609110939193,21.73437975468585,33.69715804497832,4.902782295235542,16.789285361761152,10.98657163562758,4.902782295235542,5.699767674768017,19.882321300969885,1.2303858353664592,20.307640981754737,6.8068644890170455,18.14895130697449,0.7904235653980728,12.267907926582058,5.001158863943585,13.933097134532316,0.7904235653980728,0.8222507776421937,34.673984252453224,17.22834379011671,9.096738966772893,0.8222507776421937,15.784061226717293,0.8222507776421937,0.7904235653980728,17.204160854485895,8.528083702570397,9.738377436126003,8.751037678516283,18.070364344643227,14.962357421026224,18.37572239035648,17.600664844503022,33.258944920745805,8.925288182736871,35.02658971807428,10.347098324897729,33.09319640512897,16.782865586240018,17.82183491703403,17.627863268202095,18.428177025617927,24.16070889021729,28.148954139412744,18.86341735098372
7.359739487547896,7.359739487547896,8.112651600400243,8.112651600400243,4.772167975821714,4.984661125086317,8.466898802761966,8.680886334008854,5.242724527598981,3.1369823073655767,8.680886334008854,9.912560975338899,9.70196909138393,4.772167975821714,9.912560975338899,8.680886334008854,9.70196909138393,4.772167975821714,7.01002692245178,9.70196909138393,8.170031974735688,3.540079150334919,8.170031974735688,6.283168848678412,9.70196909138393,8.466898802761966,6.283168848678412,8.680886334008854,6.01646781260889,3.1369823073655767,6.01646781260889,3.540079150334919,1.8991143096662906,9.109241408202806,10.063734430340526,9.109241408202806,5.201721295091603,10.063734430340526,1.8991143096662906,5.201721295091603,58.6642596061842,9.109241408202806,4.9397956220062325,2.629899153592151,9.109241408202806,5.201721295091603,7.121917504640126,4.9397956220062325,6.26439598565367,4.9397956220062325,5.893745728817973,63.37229151138021,5.021573475904877,2.2589007641892054,5.0750081697951455,2.2589007641892054,2.0094001587041963,4.833270521301726,4.833270521301726,4.833270521301726,4.125324129189385,5.0750081697951455,2.0094001587041963,5.0750081697951455,5.021573475904877,4.125324129189385,5.929536932262817,8.992562771620417,5.929536932262817,4.387583324665896,4.387583324665896,4.387583324665896,65.97786874531434,4.296354437549324,3.3148268096038573,97.88873701139147,5.173090289026859,9.32439927092002,5.022659528734549,5.173090289026859,95.42672726530391,4.296354437549324,5.264511146861925,109.50436527550606,8.203553373450703,5.264511146861925,5.022659528734549,98.41150796518433,95.67174280244986,11.777043962046283,4.296354437549324,2.899107788056541,97.49825811342312,108.99447619935445,6.72434581260826,5.264511146861925,4.925681378559167,6.72434581260826,6.72434581260826,97.76302641478972,6.639982487723559,4.96001836875541,9.240131582017177,6.639982487723559,6.639982487723559,10.601600603881847,80.03154501135496,6.216445975354114,6.216445975354114,6.3567361189812885,13.026089609547396,5.994535283050644,93.81211248901508,5.63631101807961,92.69229378627958,11.674711548126169,21.000277416534058,5.087871735114643,93.11819240405681,5.994535283050644,82.34469444970665,89.0357011368259,21.31876251954378,89.24077796157275,87.03743947423716,6.711271612556433,11.23625318327984,14.59888547018361,6.711271612556433,10.698344156477066,95.51579678112876,5.233135578987034,93.77854419980396,13.859269442272147,11.159355885214337,4.81557276648952,14.736651355702582,6.8975260975054775,12.944452568354587,4.81557276648952,5.012983726407252,19.061913020750563,20.527973177654705,8.089957306085433,5.012983726407252,12.454786432926655,5.012983726407252,4.81557276648952,21.24001221948075,8.480206388369151,7.441256226675026,7.581609412274378,18.329594122126917,12.081646651541238,18.14874188491037,18.900485422590624,14.555370591268618,7.751711650232359,10.42475828491404,7.523244694429555,10.573811791840937,18.445675730606915,18.757112333829312,19.300368312846853,20.034672040635822,11.749251963611634,10.496467805379634,17.850115664889344
15.746922826426152,15.746922826426152,12.51078113308659,12.51078113308659,2.47104042477122,5.790779207046107,11.33638436366392,19.40315406850223,6.671846386502562,11.565840484415437,19.40315406850223,15.048198768218958,18.581252755824153,2.47104042477122,15.048198768218958,19.40315406850223,18.581252755824153,2.47104042477122,2.744053753273273,18.581252755824153,14.139942260943174,15.53276412891921,14.139942260943174,19.051076341542906,18.581252755824153,11.33638436366392,19.051076341542906,19.40315406850223,20.312872992386602,11.565840484415437,20.312872992386602,15.53276412891921,1.4254918084663148,16.212294131026397,14.062627940764235,16.212294131026397,2.345190175564745,14.062627940764235,1.4254918084663148,2.345190175564745,27.791126198502372,16.212294131026397,2.5635018409408294,5.277132367081539,16.212294131026397,2.345190175564745,2.497052501854444,2.5635018409408294,4.159106979379435,2.5635018409408294,8.268159486294032,25.356205611020158,3.269811012754277,1.480338186458192,2.521860010347046,1.480338186458192,1.4023662698341552,2.3641846477390396,2.3641846477390396,2.3641846477390396,17.527971818706398,2.521860010347046,1.4023662698341552,2.521860010347046,3.269811012754277,17.527971818706398,18.761536839562407,4.216606943272975,18.761536839562407,2.4313564602184803,2.4313564602184803,2.4313564602184803,30.247043543717478,2.2253714305879364,5.246426121514888,31.450180959931494,3.1921314162808216,13.67721884751119,3.3349034967608184,3.1921314162808216,21.68715426430199,2.2253714305879364,2.769878074093752,27.085778640854734,4.190191187378997,2.769878074093752,3.3349034967608184,31.216426653961758,21.020439889233394,12.437063547618655,2.2253714305879364,5.0066678943979745,29.68134170299079,27.377054002504654,2.300268436728816,2.769878074093752,3.468134318939348,2.300268436728816,2.300268436728816,29.409398360678324,2.4597873531722603,3.4517016585709723,13.198367211244564,2.4597873531722603,2.4597873531722603,15.731876065016076,32.44864480899143,3.6402708482890813,3.6402708482890813,3.8295352596948935,14.131135942687587,6.898696042149335,16.941425965134147,7.262706161846367,30.5644567617862,11.738511136526313,11.252937791377708,3.2887601505854356,19.16545336386643,6.898696042149335,30.10060095846457,19.0356455767073,13.498744635550812,20.90360554074349,26.002734655019886,3.499683554459344,13.394725517223998,21.14366233618662,3.499683554459344,20.5928801285084,21.943232273161474,2.9275637264968375,22.780140588900398,12.933762127491917,14.425413698907372,3.030535245960074,21.200271094627748,3.959228358454191,24.264525191528172,3.030535245960074,3.211057748494628,11.511233411991716,8.925235797923085,19.75470693693362,3.211057748494628,13.531998293064754,3.211057748494628,3.030535245960074,8.160828810231358,14.199826739488218,18.655460055055457,14.113596821431448,22.69254492502092,12.618504873940966,18.21774957189938,7.612884050102689,21.106618666165733,14.388684212715685,17.718283544556282,19.01017813668296,17.836942154893045,22.767574580157067,18.923039960092257,17.72208747437528,18.311928136074528,17.809641815273938,17.37325615819086,21.42292215092507
11.405661024219903,11.405661024219903,10.79396931675901,10.79396931675901,6.87663566524107,15.51626323261505,12.640695190142132,6.176930674820388,14.473930758947386,5.136538875469716,6.176930674820388,13.912549833298202,6.561700795073888,6.87663566524107,13.912549833298202,6.176930674820388,6.561700795073888,6.87663566524107,1.4949046130022265,6.561700795073888,12.909108084931196,4.831512857791724,12.909108084931196,5.860265053099132,6.561700795073888,12.640695190142132,5.860265053099132,6.176930674820388,6.5041806296004285,5.136538875469716,6.5041806296004285,4.831512857791724,5.525618137371847,5.788708336805518,12.597790879651576,5.788708336805518,2.7952144467352595,12.597790879651576,5.525618137371847,2.7952144467352595,45.25139032478712,5.788708336805518,3.2238441542441967,3.6349125988020594,5.788708336805518,2.7952144467352595,1.9462882333048717,3.2238441542441967,16.73912905970239,3.2238441542441967,13.057354904383866,42.11810351450845,5.037245522951965,5.176231039026808,3.1177089303496706,5.176231039026808,5.132816122748139,3.761637471081169,3.761637471081169,3.761637471081169,5.2128084120621905,3.1177089303496706,5.132816122748139,3.1177089303496706,5.037245522951965,5.2128084120621905,7.520919922087536,20.352004816759425,7.520919922087536,5.43620285151246,5.43620285151246,5.43620285151246,50.2553386474054,6.065243649793387,3.1828264485579565,41.86410327678698,4.026775831433315,31.886080862556707,3.4846648603004238,4.026775831433315,83.35684847439938,6.065243649793387,4.977682794017887,85.37511685840039,19.52504018752706,4.977682794017887,3.4846648603004238,44.931149219352925,75.95272064163343,30.203393644283043,6.065243649793387,3.14409534883451,42.87421351835134,93.75356047894556,6.439951271941162,4.977682794017887,2.80452334325894,6.439951271941162,6.439951271941162,45.90084393292726,5.686551380979061,3.928393843904485,31.226321365203702,5.686551380979061,5.686551380979061,24.159811577864396,40.354459172107155,4.319896103434438,4.319896103434438,3.486369776557488,4.935347612482045,8.623223812680937,39.454005351007126,7.951572225984329,96.25902619487002,31.537062863069526,23.824670583378406,3.172038281144035,44.08528496476271,8.623223812680937,40.256522366059684,45.65038754311199,25.909305960150686,33.03227620162657,79.43756382463333,2.6512382272267034,25.9502529879945,4.3354588393387,2.6512382272267034,5.739278285082108,33.66637808040806,4.904504502136909,36.788427372930286,3.171277109255754,25.98439145596295,3.5393996498306644,4.112468000094111,2.3738956679643053,4.459129884496034,3.5393996498306644,3.15690396135834,22.877154959366873,25.407207781327884,3.1781609388118577,3.15690396135834,27.60792887427784,3.15690396135834,3.5393996498306644,24.244039232640787,1.863333506392626,2.8989814079189475,1.7162668783272585,10.075768060036665,25.5703843419609,9.746697064484545,28.486377008009974,6.380536517413538,2.0687641862614363,9.991665382136944,1.7582578536483204,9.396000877022077,9.615378725235091,10.881835897816185,10.476924565113308,10.582718264891122,5.739099328407037,7.304465393633032,7.782060720640539
40.977687126113906,40.977687126113906,40.88658288702436,40.88658288702436,2.8884295841024934,5.447859601905654,38.562616885762274,33.11327737421508,5.337609640685436,34.60512038238268,33.11327737421508,39.42494256172231,40.4584384986044,2.8884295841024934,39.42494256172231,33.11327737421508,40.4584384986044,2.8884295841024934,1.4432060886938929,40.4584384986044,41.11175032060447,35.98512325507949,41.11175032060447,41.76699202663055,40.4584384986044,38.562616885762274,41.76699202663055,33.11327737421508,36.556653515104166,34.60512038238268,36.556653515104166,35.98512325507949,20.675518468615103,38.32661560013811,43.8247836050572,38.32661560013811,2.0015646568495082,43.8247836050572,20.675518468615103,2.0015646568495082,38.84071239350372,38.32661560013811,2.3859741408333917,8.93874244719785,38.32661560013811,2.0015646568495082,1.639329754527548,2.3859741408333917,15.058798782005436,2.3859741408333917,6.530351637895974,36.8284751191782,3.955791285254293,15.48525680941841,3.0960810190154335,15.48525680941841,14.84843422948778,3.4435996936018687,3.4435996936018687,3.4435996936018687,34.89807776897408,3.0960810190154335,14.84843422948778,3.0960810190154335,3.955791285254293,34.89807776897408,38.07048203642941,17.111290652922815,38.07048203642941,1.8127650008686955,1.8127650008686955,1.8127650008686955,40.3438535148305,2.8487322179412273,10.884198156543446,16.762022903737506,4.275111922246199,15.883548817477363,3.803152426024858,4.275111922246199,33.075002332593264,2.8487322179412273,3.245553864595829,16.52382791914385,18.422735499401934,3.245553864595829,3.803152426024858,13.892977107511115,32.85232470096807,14.817818686088344,2.8487322179412273,9.936986005963899,15.203337150423012,17.07387101442792,1.9377850841254372,3.245553864595829,1.9740832862038997,1.9377850841254372,1.9377850841254372,13.159812321455606,1.733705926969659,3.5443386147170206,14.652297401028578,1.733705926969659,1.733705926969659,10.939229687570542,12.076604180116709,3.065193776229485,3.065193776229485,4.038140762178491,6.224391430202899,6.792787559721502,14.647004224575946,4.598104821029193,14.50193668430054,15.35006881336133,12.404571886449608,3.531217872571825,16.6655021475553,6.792787559721502,13.864873232765015,17.8368598542967,13.240184138057481,14.724329871179105,35.990788353669906,2.6729224668623806,10.373755742909818,8.585650842445165,2.6729224668623806,8.062723640372173,12.197387709349016,4.078213430305271,11.231453830332585,5.283041541492716,9.37094746264434,3.592719889503188,8.313888281791618,4.178897720715061,5.720561159156164,3.592719889503188,3.086279527620087,11.286720585932338,3.868137865337231,4.160955433552534,3.086279527620087,16.27746801597745,3.086279527620087,3.592719889503188,3.7827352151567784,3.9469118326650205,5.634391103743917,5.006025861723338,8.124623297792446,14.00583724356379,8.076427683785337,4.903207153592955,9.682844612185175,4.676354844499779,12.061146219879872,6.1580713149099156,10.676298599444833,7.45625061880432,8.382746338459011,8.80108324151689,10.023656253787848,7.538401024183772,7.731839536081423,8.862965929551988
66.97383178667103,66.97383178667103,64.09682734075953,64.09682734075953,6.796695764549951,49.86551197845892,83.62052411127588,22.177184757511913,47.28895768112724,22.835197028916863,22.177184757511913,83.16038567111788,21.70741892770923,6.796695764549951,83.16038567111788,22.177184757511913,21.70741892770923,6.796695764549951,4.127861072136783,21.70741892770923,75.62828657558471,26.651264421464752,75.62828657558471,22.74908563288554,21.70741892770923,83.62052411127588,22.74908563288554,22.177184757511913,22.357884657725542,22.835197028916863,22.357884657725542,26.651264421464752,0.6879579816622141,23.013885039379012,89.00080956563484,23.013885039379012,6.358619770795295,89.00080956563484,0.6879579816622141,6.358619770795295,73.24055731022179,23.013885039379012,6.6465936053210255,2.4608033572714474,23.013885039379012,6.358619770795295,4.593232257710891,6.6465936053210255,11.319885961050819,6.6465936053210255,54.83809328508916,74.24259011071835,2.709254866082316,0.675910176846048,6.171718369065111,0.675910176846048,0.6868557617510984,6.464082990086104,6.464082990086104,6.464082990086104,23.502323475614755,6.171718369065111,0.6868557617510984,6.171718369065111,2.709254866082316,23.502323475614755,24.912412502177197,8.717195165027507,24.912412502177197,3.668130133233917,3.668130133233917,3.668130133233917,67.71477750313692,6.436786805929029,2.084967365875345,60.84864807842795,3.427786969532286,10.740356089280871,3.3777875607387475,3.427786969532286,70.70692942160743,6.436786805929029,6.694847413965654,70.01767858687866,8.794677019904164,6.694847413965654,3.3777875607387475,60.72992171480081,70.31461943704704,13.627993145897289,6.436786805929029,2.2944387544379574,60.51655883215749,70.03763179368516,3.8562919899273136,6.694847413965654,4.4001606886702245,3.8562919899273136,3.8562919899273136,60.41128441205809,3.5968480495547097,7.931411866006237,11.261352224700467,3.5968480495547097,3.5968480495547097,13.299947840778573,45.130495613285376,4.887415488771046,4.887415488771046,4.537357180837989,7.646528091449885,5.48842498875675,19.94919224210847,5.617699149543497,56.6513781757743,13.945041266814739,19.265300286316414,7.908970832172206,20.37453078294106,5.48842498875675,47.1734380948925,21.577872477137362,19.73927728479331,16.01346064011695,59.40596646389471,4.334336384965124,12.927266617163898,20.493905881974595,4.334336384965124,7.654126683294387,17.69870552483899,7.271191259742627,19.190737399560224,6.853520224771674,18.8095004098327,6.765691733999915,23.932369051195455,4.066051652569977,15.410967951688756,6.765691733999915,7.13163291745671,17.573555041932423,8.299273734894903,17.61814095453543,7.13163291745671,19.02209717312458,7.13163291745671,6.765691733999915,8.721121525409794,10.53828134663768,18.801711074644725,11.449758296753222,64.51459536579158,19.600504452625977,59.284572448762795,10.417573484901114,32.05309981285659,11.798655236361505,72.72023755527043,18.065559939417234,68.89018346397962,60.237120301170584,60.930966334357265,61.185348438382185,63.37939860031819,42.17699837038194,46.828308989775245,45.77915886251089
22.288011141230573,22.288011141230573,24.051417477456276,24.051417477456276,3.799640825939767,13.070216892736969,19.000247294572507,19.743647317150888,15.362860908369834,19.40788705529419,19.743647317150888,20.511031879221704,16.463525294197748,3.799640825939767,20.511031879221704,19.743647317150888,16.463525294197748,3.799640825939767,2.344829562979243,16.463525294197748,19.88700998203059,19.515078187509037,19.88700998203059,17.768581534047993,16.463525294197748,19.000247294572507,17.768581534047993,19.743647317150888,19.978829509408722,19.40788705529419,19.978829509408722,19.515078187509037,6.513493192512621,13.925546653578419,16.003424678993692,13.925546653578419,3.950711291165695,16.003424678993692,6.513493192512621,3.950711291165695,44.841112537954565,13.925546653578419,4.174698422256844,4.857014273076814,13.925546653578419,3.950711291165695,2.374680874494555,4.174698422256844,8.102993915662424,4.174698422256844,11.910053704169997,53.7820472393459,5.188624559442932,6.493793200475824,2.967387976710889,6.493793200475824,6.470885655956365,3.142316146060436,3.142316146060436,3.142316146060436,18.79058150358404,2.967387976710889,6.470885655956365,2.967387976710889,5.188624559442932,18.79058150358404,15.253144314651754,5.848174982452685,15.253144314651754,3.2639254390894954,3.2639254390894954,3.2639254390894954,38.54343665401633,3.3221722706205887,4.394227540113277,53.22185993712851,4.702676129070394,8.360164254683694,4.964835357809434,4.702676129070394,47.263612690304356,3.3221722706205887,3.871993813619219,53.40927736983497,6.017460837723056,3.871993813619219,4.964835357809434,54.979634322177084,48.109047536617695,9.220649892170982,3.3221722706205887,4.656897534094532,56.53673573744733,51.64379001392316,4.046578865250821,3.871993813619219,2.4723898385604755,4.046578865250821,4.046578865250821,58.666947058258735,4.048721867747787,4.954206023922863,8.258425330222751,4.048721867747787,4.048721867747787,9.493546530024128,54.953701982552026,3.2796141733706827,3.2796141733706827,4.615497701008812,11.029548252237747,4.506951411952254,14.19467798754321,6.3387115653479835,52.810706976215116,9.123237068118701,6.6241743094324015,4.875875904772507,12.980821289446594,4.506951411952254,59.38627597079231,12.5134530567237,6.70239074203875,20.043050649697534,43.63497759668318,3.5630648269202227,12.72529553224192,14.432847372057928,3.5630648269202227,15.348498877412586,15.336158140398759,4.449690596086811,16.03181707676876,11.44004918768691,9.067860449418909,4.000827116268884,15.32225466132713,4.922386475241233,16.385210176131746,4.000827116268884,3.8813843307794103,7.701163526632926,31.991625773600394,10.69952276460477,3.8813843307794103,9.269336456644503,3.8813843307794103,4.000827116268884,28.480513835465267,11.049985635033053,10.062844702963647,11.366713461502108,15.561106418500371,9.219246063792584,13.746392963896918,23.040150915278165,17.06219630186084,11.464433075932327,14.734660767528357,8.945716340634288,12.61638766018748,16.678310922871834,13.36103275349543,12.958644565691053,15.256945027772419,12.937570222079154,15.428882782849804,13.986000794322788
37.4625989915022,37.4625989915022,36.75235464393072,36.75235464393072,4.702447163043658,115.67116411885603,19.085377135776504,20.86908383845878,110.01011242699587,19.36981941653069,20.86908383845878,20.289565178811408,18.36442252032465,4.702447163043658,20.289565178811408,20.86908383845878,18.36442252032465,4.702447163043658,3.0285863732172102,18.36442252032465,25.49864697809564,22.156229301433044,25.49864697809564,18.990692653850346,18.36442252032465,19.085377135776504,18.990692653850346,20.86908383845878,21.755570838668774,19.36981941653069,21.755570838668774,22.156229301433044,4.31018099810277,15.546774447560217,13.13940269579235,15.546774447560217,3.7576986427512304,13.13940269579235,4.31018099810277,3.7576986427512304,43.150627966595295,15.546774447560217,4.230758825342999,6.76514163609255,15.546774447560217,3.7576986427512304,3.7712459214363054,4.230758825342999,9.168326888820589,4.230758825342999,114.24606032019805,40.834254385231795,0.7920069216856022,5.22138718998976,5.562364662550701,5.22138718998976,5.127213211768093,6.198537235571104,6.198537235571104,6.198537235571104,15.973259034480673,5.562364662550701,5.127213211768093,5.562364662550701,0.7920069216856022,15.973259034480673,17.435041892650297,9.345429561147412,17.435041892650297,0.7507654043326424,0.7507654043326424,0.7507654043326424,56.85039684658316,4.194856962724508,7.319878917459242,19.253374323389878,1.0522174056519757,10.790647625969031,1.1095024513787877,1.0522174056519757,73.10524716489797,4.194856962724508,0.9654290872662632,17.469896506561938,10.022973102523357,0.9654290872662632,1.1095024513787877,18.57389373997025,73.51507106549444,12.705896782544054,4.194856962724508,7.177951555348516,17.862753094571083,18.21784792175486,0.7634972572733747,0.9654290872662632,3.176140182903185,0.7634972572733747,0.7634972572733747,16.67901053169222,0.7482717162774005,1.746598415195458,9.487408680308093,0.7482717162774005,0.7482717162774005,9.15704418684538,15.26094127467081,3.8421853713514253,3.8421853713514253,4.92719628014168,10.142628465633132,3.618233296020663,11.69644484741791,3.903161917947453,14.872427587248795,10.307347634235693,12.203254702527145,1.6923076707174411,16.193000182349746,3.618233296020663,11.75971002421218,15.180990454999293,12.00257497032895,10.840395642354341,71.32298755554532,2.998612670614679,10.00359668374371,9.957287343251188,2.998612670614679,5.584674662888486,10.24936699909979,1.3831540852336248,10.153955340460934,9.494824901830754,12.438571714227042,1.3568600978471683,10.008548062469558,4.0475321928334145,8.641267511735895,1.3568600978471683,1.3794705285816697,9.918243359499966,14.511583530507863,9.238728262121738,1.3794705285816697,15.200813315705739,1.3794705285816697,1.3568600978471683,14.578356371526237,7.61388891615388,8.112667410540022,8.097356085811159,90.88697019208051,12.590557389464397,100.96626956108726,11.415079890551128,137.27986351050234,8.142417691260412,121.27197729126073,8.497747341055883,125.20910725121266,88.50018475094126,105.79746834369348,100.15037808610882,106.5372941095851,106.40377989397112,103.00243897600728,99.43144585349789
29.726198898479495,29.726198898479495,29.95967438709039,29.95967438709039,12.382193043149861,7.1311149346073,28.514459842327913,20.899562230735455,6.1896844311304235,18.46504194540413,20.899562230735455,26.50588193218186,22.710217024136934,12.382193043149861,26.50588193218186,20.899562230735455,22.710217024136934,12.382193043149861,12.38148395570577,22.710217024136934,21.322018523991797,17.768003783742344,21.322018523991797,23.536201669788007,22.710217024136934,28.514459842327913,23.536201669788007,20.899562230735455,25.672121550795925,18.46504194540413,25.672121550795925,17.768003783742344,15.933618105503305,20.733817387406354,23.373595025074735,20.733817387406354,14.054025681499077,23.373595025074735,15.933618105503305,14.054025681499077,109.02608523192025,20.733817387406354,12.427655286189776,3.664058386835143,20.733817387406354,14.054025681499077,11.796898676792628,12.427655286189776,5.58201540229652,12.427655286189776,5.45621662048105,102.19496827261125,2.477265603560239,17.297481373356458,14.696730750876748,17.297481373356458,17.472321073473548,13.204660963100975,13.204660963100975,13.204660963100975,17.045232741194635,14.696730750876748,17.472321073473548,14.696730750876748,2.477265603560239,17.045232741194635,21.37023912765518,6.885151257542989,21.37023912765518,0.8675340000383923,0.8675340000383923,0.8675340000383923,97.02042748551392,12.198658856435152,4.3248417837069075,135.70521434110447,2.461809418636906,15.225552945967381,2.4049015287231432,2.461809418636906,121.17846919523659,12.198658856435152,6.266608575378687,143.49489569315122,5.6602829235767445,6.266608575378687,2.4049015287231432,144.52698725505192,122.794917036767,18.602416094953302,12.198658856435152,3.5473116777439992,139.80253290492712,133.26163869901464,1.1625424288861748,6.266608575378687,11.513739282550446,1.1625424288861748,1.1625424288861748,142.68655329440386,1.117024695004892,14.687419328050145,14.61035544480161,1.117024695004892,1.117024695004892,13.768991192770667,120.67317811629864,24.413772992177726,24.413772992177726,24.747790407323986,34.78419387930539,35.31791391894527,69.69462738099203,32.238541078756946,112.78694118510391,18.29849119578188,22.25893951908932,14.759429941930824,73.08654703900443,35.31791391894527,118.96326572940909,73.29853814788413,25.15527682724339,61.19036416040793,102.65798032147119,24.972283122149307,14.986915849732904,7.6200037528970626,24.972283122149307,35.00603067177985,63.098344630838355,14.026511973914435,62.284242723064594,33.713644649594215,20.472661047014512,7.687809943118298,7.527591736259122,25.754137197354595,7.382436836102964,7.687809943118298,7.877335838059751,20.04675481063394,34.989650883693486,5.6627134292738734,7.877335838059751,18.866594581667346,7.877335838059751,7.687809943118298,33.91622984025244,4.691540010821163,5.7221412130048135,4.842366947487113,7.301166406361161,19.42566578779932,6.541027987204232,35.7227471951772,10.03116964557856,4.956948369882229,8.391040987824514,4.81999729329652,8.046629578128515,7.567444746433002,6.747147246897763,7.562240715378912,7.0296331642665555,5.696822193569121,6.143807064091092,7.318262555009623
26.661117695878065,26.661117695878065,24.08372507876666,24.08372507876666,9.836323267819083,13.320360055885258,19.287786610818628,5.985533041327058,13.585068229429023,4.878899725893681,5.985533041327058,21.651110090068507,4.135942579180747,9.836323267819083,21.651110090068507,5.985533041327058,4.135942579180747,9.836323267819083,3.855581014035333,4.135942579180747,16.786705451567695,6.614307599541808,16.786705451567695,4.043459039971295,4.135942579180747,19.287786610818628,4.043459039971295,5.985533041327058,6.139320139329072,4.878899725893681,6.139320139329072,6.614307599541808,0.8952452109871814,6.090137294268864,19.109847542340948,6.090137294268864,8.330551188810208,19.109847542340948,0.8952452109871814,8.330551188810208,54.32664251955008,6.090137294268864,10.491046184908004,22.540174518138453,6.090137294268864,8.330551188810208,4.109313050200522,10.491046184908004,24.374654832619733,10.491046184908004,11.015347430179327,49.48507455399055,12.080230627796023,2.4842682380141174,7.358488073031372,2.4842682380141174,2.520813387855115,9.173985872512777,9.173985872512777,9.173985872512777,6.7574171156496705,7.358488073031372,2.520813387855115,7.358488073031372,12.080230627796023,6.7574171156496705,7.251391469268639,22.499443586335982,7.251391469268639,11.618554735573564,11.618554735573564,11.618554735573564,51.89123464684183,9.061624611819605,23.225471207678208,45.83762146052394,9.930024264661407,23.00413717276289,8.572113512591269,9.930024264661407,55.98198097615243,9.061624611819605,12.7059913766097,46.04559123339241,23.317886495062247,12.7059913766097,8.572113512591269,46.875970240141584,53.05318999004627,25.378428578479006,9.061624611819605,22.660615978910418,45.015570915836186,48.21689727883794,9.845870291692599,12.7059913766097,4.003854649841618,9.845870291692599,9.845870291692599,47.609406659604936,10.327077894563907,10.444020157010508,23.379558697481546,10.327077894563907,10.327077894563907,23.386769637556043,48.82639954175977,15.046850905120563,15.046850905120563,16.14370007420616,14.742375204611621,21.32831573568248,30.21239920673491,22.774536706088917,48.47111700429857,25.121817785395134,30.983582926907843,13.133613897395477,25.810155386944018,21.32831573568248,46.20505878202478,30.680611621307076,30.354973808859423,26.543718205765455,55.56940839764046,14.969148678225226,26.616690602686255,9.44039784755265,14.969148678225226,16.32158947443504,25.18041556235276,13.297797059439112,25.57688030835493,12.893447001902848,25.66808621871391,12.891836908395714,9.658680007538585,16.87116202229355,6.716399483873618,12.891836908395714,10.642205952910162,30.0092223853863,14.650558878780366,8.317406670817924,10.642205952910162,24.23204907895737,10.642205952910162,12.891836908395714,14.407993237501808,8.124613190335584,9.744234948050048,7.655072227176714,10.927490283821438,24.085830074573384,16.434249015097517,14.090443718306393,16.00492688864314,7.712789293898716,12.5743983166289,9.65747034055765,13.431547804575388,9.508644560723583,16.095722101446057,15.503392292964508,15.67585411979343,14.207008076510103,14.202003859394338,16.017267415946773
12.353833088481831,12.353833088481831,10.65321389654307,10.65321389654307,2.3254443035739194,3.2068438317128845,12.179099275489746,12.190022843311791,3.245585590369524,12.457038501170958,12.190022843311791,11.912368328603465,11.886330701424578,2.3254443035739194,11.912368328603465,12.190022843311791,11.886330701424578,2.3254443035739194,1.2737496008937372,11.886330701424578,8.471905249367422,12.40262227994362,8.471905249367422,12.486045800137424,11.886330701424578,12.179099275489746,12.486045800137424,12.190022843311791,12.38549781236492,12.457038501170958,12.38549781236492,12.40262227994362,1.8110290490198924,11.045659076757483,11.083623177844222,11.045659076757483,4.657843986562204,11.083623177844222,1.8110290490198924,4.657843986562204,62.022534705357494,11.045659076757483,4.651310711379585,3.123690151011841,11.045659076757483,4.657843986562204,1.2368372044802736,4.651310711379585,16.074427612681234,4.651310711379585,2.8544997113936845,58.78849830948348,2.7596885363383623,2.433020977348186,3.320774072202989,2.433020977348186,2.261525295182531,4.008561046536768,4.008561046536768,4.008561046536768,12.42892504029504,3.320774072202989,2.261525295182531,3.320774072202989,2.7596885363383623,12.42892504029504,13.135103971340717,17.855754619326348,13.135103971340717,3.1572631688394273,3.1572631688394273,3.1572631688394273,60.313952271039746,3.732263283570842,4.235565644746949,74.55191145947337,4.065936810970067,18.900123404465546,3.524967106249299,4.065936810970067,78.788692053355,3.732263283570842,2.87054330874445,93.25958278141296,16.67591968210869,2.87054330874445,3.524967106249299,84.95668990850301,77.46273797132682,19.85209974470283,3.732263283570842,4.186019311907628,75.26934718944838,84.02407905343186,4.130753347211526,2.87054330874445,2.8134571109494626,4.130753347211526,4.130753347211526,84.25339264565281,3.8105546676967994,3.24103714757751,18.22147083844462,3.8105546676967994,3.8105546676967994,17.76837273143508,78.4847486454046,5.754829404299021,5.754829404299021,6.172121408077372,6.464864112362749,1.9822662958611206,46.60366836251871,2.3161293008955885,91.15838798135962,18.372919030262004,20.730068358344216,3.5665528681482273,47.44856781096597,1.9822662958611206,76.80754866253231,47.53859781365973,22.45416799345648,65.076756888896,91.71432466096402,4.942842863854784,18.40449736957755,16.321455167364043,4.942842863854784,3.6002213148837163,65.92697987803403,3.0288782666415113,65.90742691126515,5.350089492998954,19.318938264076913,4.487000877634762,15.414355477724012,5.1292179469442765,14.55164732552922,4.487000877634762,3.2574283798380668,21.929953738147596,7.888712761018356,16.000534198978865,3.2574283798380668,20.902385252462974,3.2574283798380668,4.487000877634762,6.330310467632498,7.3403930449148245,17.761976771574627,7.609179900812189,13.43413710006398,19.169307434539295,19.033166866291303,5.040784368511248,23.414519103174957,8.411844387634893,25.172100699074132,21.80145040821309,25.65970362994113,13.56769548154852,18.204129494066702,15.902208747460179,15.016869621362103,22.823879892558818,20.38484376534374,22.46975082598417
22.511462758224983,22.511462758224983,22.973522742004093,22.973522742004093,28.129830651310858,15.2311575862324,21.703065792166015,23.488857152412365,15.238643590454245,15.457352725497813,23.488857152412365,21.287830842546295,23.840506622513615,28.129830651310858,21.287830842546295,23.488857152412365,23.840506622513615,28.129830651310858,4.267367407384069,23.840506622513615,24.102655191115335,15.770688386163712,24.102655191115335,25.64147981006846,23.840506622513615,21.703065792166015,25.64147981006846,23.488857152412365,25.426304250341673,15.457352725497813,25.426304250341673,15.770688386163712,1.06732828634474,25.04881838426663,22.44561387905785,25.04881838426663,26.291494849741003,22.44561387905785,1.06732828634474,26.291494849741003,45.60663914775297,25.04881838426663,26.313192007574347,1.676517685968559,25.04881838426663,26.291494849741003,4.339589876822279,26.313192007574347,4.009229679857448,26.313192007574347,15.894523897412798,44.822025282740114,24.606208910121982,1.4857241226391333,26.94475132465119,1.4857241226391333,1.5127866354484618,27.01847481649304,27.01847481649304,27.01847481649304,12.499616764749426,26.94475132465119,1.5127866354484618,26.94475132465119,24.606208910121982,12.499616764749426,27.219354586808944,4.166047703296762,27.219354586808944,16.02267161695872,16.02267161695872,16.02267161695872,45.27554718086996,27.17044941160485,1.9237699970672288,23.570672601668345,21.516891086183435,1.032322289292157,21.22879938125188,21.516891086183435,65.20555640750902,27.17044941160485,27.19511774747774,59.42981600723917,4.29719993591649,27.19511774747774,21.22879938125188,24.482289753600572,61.53349571919485,3.0772369477875663,27.17044941160485,1.623561668792311,23.157958427224163,56.233092391925,16.200065997623327,27.19511774747774,4.782184998122655,16.200065997623327,16.200065997623327,24.505691610205847,16.0370541981086,23.00939368433101,1.1147935193320746,16.0370541981086,16.0370541981086,1.6340710642905767,21.911298396005208,42.88119241528209,42.88119241528209,43.63545520193306,39.68242619170479,42.654340497836905,40.55012908406402,43.56265874143626,56.57795872102057,3.3959245427292637,11.254927091493144,23.34977340646815,28.005897577808643,42.654340497836905,22.44338682202641,27.901208369872034,11.520534980790954,28.043265530056992,56.93232974814015,42.80577943215532,5.623998096023709,27.299069596114023,42.80577943215532,39.85003162421883,29.016596488799212,24.793647053810158,29.26408433644417,39.36792855817665,12.219856306392437,25.821784569449836,30.362635983773416,43.46136878593428,25.497075164359003,25.821784569449836,25.522409008834465,13.567802738899625,24.016887998212137,36.1016035064046,25.522409008834465,10.68313924491616,25.522409008834465,25.821784569449836,23.32313521570084,32.12276815777479,31.4830599213499,24.23580796103409,27.968243902793045,11.06724817773716,27.767706043471456,23.808278396282052,35.17773794765397,25.02910270480133,35.413574969367694,28.367052055482365,34.19997292295842,29.020409697535108,28.750244207652432,27.674149579748676,27.871513770259117,29.55583599507468,29.362307080282292,31.004216752135832
14.621396939859016,14.621396939859016,16.31361155737336,16.31361155737336,2.603102648905243,26.40541233763663,11.365792217368826,10.100034692605945,27.788078302194872,5.521908742779858,10.100034692605945,10.474733968454963,9.365190036663089,2.603102648905243,10.474733968454963,10.100034692605945,9.365190036663089,2.603102648905243,0.6589824980572885,9.365190036663089,13.364485849828233,6.2892094308871815,13.364485849828233,5.996256792399851,9.365190036663089,11.365792217368826,5.996256792399851,10.100034692605945,7.3657945454448726,5.521908742779858,7.3657945454448726,6.2892094308871815,1.8286138797633578,11.119858789959821,13.389980614997135,11.119858789959821,3.9049303983596526,13.389980614997135,1.8286138797633578,3.9049303983596526,32.973366265156045,11.119858789959821,4.058790061080184,1.6817986187153409,11.119858789959821,3.9049303983596526,1.0922019303779398,4.058790061080184,4.828011179548967,4.058790061080184,18.45905037915034,33.051243791772855,3.5443828204814936,1.8601565665123554,4.568591768607787,1.8601565665123554,1.9636446111444559,4.9258475977715594,4.9258475977715594,4.9258475977715594,4.306814603184415,4.568591768607787,1.9636446111444559,4.568591768607787,3.5443828204814936,4.306814603184415,5.339919705645818,4.411594253456212,5.339919705645818,2.258755709295093,2.258755709295093,2.258755709295093,35.886709044693184,2.1594121308047027,1.8699568928473402,45.399886155591254,4.97280570760522,3.835917977238798,4.998047301991326,4.97280570760522,33.41734134835283,2.1594121308047027,2.97204296783115,38.34234267663845,4.329984436799924,2.97204296783115,4.998047301991326,45.901323884128935,33.28819434801909,4.333459742766666,2.1594121308047027,1.9412556034676873,46.606476206319336,34.698661606953465,3.0231848128480343,2.97204296783115,0.42266194632493514,3.0231848128480343,3.0231848128480343,46.76351175139598,3.053674920423353,4.800905547343679,3.8814827146159003,3.053674920423353,3.053674920423353,4.4389568738939555,51.49524500985095,4.2364247886029105,4.2364247886029105,4.039152416554554,7.734602903602153,4.809987901644973,52.1295155350457,5.05127682887864,50.28612965612269,4.266847199819268,7.083004348512368,4.748154772332927,56.551268563229925,4.809987901644973,52.80389358145099,59.113580028076754,6.929334824875947,52.53869136387291,38.226610061303056,4.028325562433957,4.471151809242587,11.232961561154612,4.028325562433957,4.432904279504557,26.30347596668979,3.336657619432647,30.152458287187883,7.638977102016674,4.816727494156538,4.868576992238559,10.819293573048087,3.527152567545542,10.613942966143007,4.868576992238559,4.71737879780721,8.483694811357848,35.92020362017618,4.056820948937359,4.71737879780721,4.5005756562057995,4.71737879780721,4.868576992238559,35.35826383224183,1.076231683647584,4.070811868667889,1.234790952852701,10.517247342305208,4.31082808403402,8.782210743355115,32.20138920605608,5.507173705656423,1.3259098118702313,5.592764173963482,4.07099640181391,5.309053644651137,13.602152224389714,10.789919387537896,8.535154953274205,10.399846341588352,7.211648653439984,7.4270990542858755,6.234805686924495
15.37813154407499,15.37813154407499,13.444938040589578,13.444938040589578,1.2008259551520013,34.65232576988218,14.041707389453723,6.056793132631619,25.091492579929337,4.785678266963454,6.056793132631619,16.28426925854134,4.945539944009329,1.2008259551520013,16.28426925854134,6.056793132631619,4.945539944009329,1.2008259551520013,3.7503378121136968,4.945539944009329,13.382553653065173,6.651126537188423,13.382553653065173,5.310071948323041,4.945539944009329,14.041707389453723,5.310071948323041,6.056793132631619,5.475081551938727,4.785678266963454,5.475081551938727,6.651126537188423,7.006521678042513,5.3542438254262725,13.777817548122966,5.3542438254262725,4.530062328555441,13.777817548122966,7.006521678042513,4.530062328555441,50.38695083576821,5.3542438254262725,3.748231705725679,3.5266556804580422,5.3542438254262725,4.530062328555441,4.354356327039622,3.748231705725679,5.479085253876105,3.748231705725679,20.339074558157154,50.907893789568256,1.0679256228103138,6.3582535497896915,2.8889075995449804,6.3582535497896915,6.817294856606924,2.18945449771144,2.18945449771144,2.18945449771144,6.627258475192003,2.8889075995449804,6.817294856606924,2.8889075995449804,1.0679256228103138,6.627258475192003,5.7244372149982645,4.833660601678242,5.7244372149982645,1.5844613621642434,1.5844613621642434,1.5844613621642434,54.14986957432524,2.333686428965878,3.4693332065205045,72.6089490810081,2.475434911398094,6.348998127752567,2.679309835588328,2.475434911398094,57.2156018031902,2.333686428965878,1.3799471477374823,61.65784284335889,5.073604112963008,1.3799471477374823,2.679309835588328,58.61316653576648,53.20382287877632,6.007078187812616,2.333686428965878,3.230055038432911,74.02042137308426,68.44825190591503,3.146403766393734,1.3799471477374823,4.607568328837043,3.146403766393734,3.146403766393734,62.569686053968205,3.2092881433848945,2.978253936536767,6.370864256474046,3.2092881433848945,3.2092881433848945,7.528701433659298,64.14665879559776,4.559165906077149,4.559165906077149,4.167199447013591,2.1426835860163798,1.5422730521383645,3.2324200973644133,2.2846560358025387,70.97849952956,5.562937628649712,6.506714767747554,3.0219688177064374,3.8177704654195606,1.5422730521383645,66.09240379026639,3.854585870968579,6.708495095531225,30.34158626706446,54.86963681849819,5.351670947493572,6.782147444306308,3.61736056479184,5.351670947493572,1.8513929226289476,32.1127461613641,1.1201991748677742,28.82146554804486,2.6876250873499927,6.300636220386093,2.0262316032758863,3.6912767975077747,5.013990899430218,2.7276519561701673,2.0262316032758863,2.6443426777973085,6.560026200471136,6.998484256018049,3.736170752460667,2.6443426777973085,6.063920717733645,2.6443426777973085,2.0262316032758863,7.044727670832271,3.819442193266306,4.561588698192049,3.785604555350707,8.921122152683418,5.703292966270331,9.706810483017469,8.095542010314157,3.827506652635488,3.717411097694453,13.361902634333918,2.7621370521696296,14.216154153980735,8.49028240629253,10.249381354468948,9.891104240011051,11.216500201677615,17.480621102659345,15.200207834059373,5.971693900736725
4.234006940862048,4.234006940862048,3.912854369309493,3.912854369309493,11.579204534269534,7.28092082317672,4.7283907910726795,4.011093225168983,7.599668803850192,5.745610200720635,4.011093225168983,4.621334687113192,3.9897628928286464,11.579204534269534,4.621334687113192,4.011093225168983,3.9897628928286464,11.579204534269534,13.536426326741914,3.9897628928286464,3.165936980079266,5.815756855269678,3.165936980079266,4.287369334383132,3.9897628928286464,4.7283907910726795,4.287369334383132,4.011093225168983,5.478870937734501,5.745610200720635,5.478870937734501,5.815756855269678,6.6621226145291255,5.814991213962922,7.797714196737086,5.814991213962922,12.218798703554716,7.797714196737086,6.6621226145291255,12.218798703554716,32.626392449979065,5.814991213962922,13.635065394177895,5.901841925610356,5.814991213962922,12.218798703554716,13.560338940439083,13.635065394177895,8.538876968985917,13.635065394177895,7.310598422171487,32.95029335640524,15.526956224836454,7.409390224663796,10.557101321962952,7.409390224663796,7.059937676254252,11.987808861870581,11.987808861870581,11.987808861870581,4.586443039895698,10.557101321962952,7.059937676254252,10.557101321962952,15.526956224836454,4.586443039895698,5.045970830484782,7.093455958989312,5.045970830484782,16.163800876225395,16.163800876225395,16.163800876225395,33.930751585645595,11.875616245302059,5.143159681132754,36.8763745988686,16.833105403513105,9.1086117225481,16.04085210712844,16.833105403513105,34.13392565264256,11.875616245302059,15.992188711901612,37.2550446249353,6.7164977268712995,15.992188711901612,16.04085210712844,37.02991006294191,34.528754019219505,9.767867957580354,11.875616245302059,5.573783948235258,24.900924031155604,37.044595396736476,17.765767403812593,15.992188711901612,14.479030930045974,17.765767403812593,17.765767403812593,25.016036597456843,18.206379389705177,13.377087607416984,9.185033273683413,18.206379389705177,18.206379389705177,9.768106235499376,35.89763896280646,11.586059276760357,11.586059276760357,10.144947860034966,7.307229451953289,10.611475993607728,22.679290726108235,11.217763487600202,37.312799787001076,10.182921050780557,8.712295044266739,14.400995759057936,23.772024651515945,10.611475993607728,25.607287584861343,22.572548124076526,9.147409613602356,23.699024588658688,35.91217344602702,9.344260104652312,9.769115292656348,9.243429800966762,9.344260104652312,7.684054744529833,20.75848779425178,14.997078341048592,21.09994072796709,7.822874232169916,10.03101727551582,12.137222327269027,11.586191319257303,8.006603391751728,9.114241704458793,12.137222327269027,12.120540232003242,8.386159088945224,8.591409284592254,15.837916285167072,12.120540232003242,7.493005820838248,12.120540232003242,12.137222327269027,7.91265378097319,18.821268378956127,15.628688341850593,19.792144639508866,8.857926240320932,7.714349105668339,10.802836071200767,10.628042624055194,20.840422444796136,20.447605860950112,24.75848255616593,15.9843971915797,25.025602342974597,11.590219075770126,8.490327926512212,13.640745295845997,9.917710178409685,23.84008692700545,27.479386820608838,18.112468704951677
34.711681468244834,34.711681468244834,32.869852247297864,32.869852247297864,4.698401224743693,10.590486563451433,32.06879653760777,14.709875383007303,10.574395444391032,9.48444960241599,14.709875383007303,32.37906865364496,14.402576892821019,4.698401224743693,32.37906865364496,14.709875383007303,14.402576892821019,4.698401224743693,8.281059928809338,14.402576892821019,28.631993051507187,11.072205347507497,28.631993051507187,14.772690644682998,14.402576892821019,32.06879653760777,14.772690644682998,14.709875383007303,15.057869077408425,9.48444960241599,15.057869077408425,11.072205347507497,6.540537262537768,14.940100470577436,26.987029224224248,14.940100470577436,5.987341458956561,26.987029224224248,6.540537262537768,5.987341458956561,73.30940030537738,14.940100470577436,5.3056083223180845,1.453051736119066,14.940100470577436,5.987341458956561,8.956990340567955,5.3056083223180845,2.2292958862178556,5.3056083223180845,8.72459660288637,73.80870535940022,6.756956113379537,5.772540304092712,5.9224866661899735,5.772540304092712,7.022432455892092,5.220531055120787,5.220531055120787,5.220531055120787,13.411781683400038,5.9224866661899735,7.022432455892092,5.9224866661899735,6.756956113379537,13.411781683400038,15.138416015260319,2.1028761002291603,15.138416015260319,3.815878629596932,3.815878629596932,3.815878629596932,105.82695070318475,4.694368586413046,1.7692908666636455,79.21881299549008,5.30529016026928,3.0178013885186963,5.319382234270515,5.30529016026928,82.41598971473826,4.694368586413046,7.3524469278518545,86.57043545542946,2.3346499125019533,7.3524469278518545,5.319382234270515,79.46334613902238,85.88698588527642,2.529386347466922,4.694368586413046,1.8908063709739125,76.78759001245069,83.19087922191785,4.162894689628939,7.3524469278518545,5.775432270667216,4.162894689628939,4.162894689628939,77.29605485328734,4.0540056426502185,3.7370674215819597,3.6578703684196383,4.0540056426502185,4.0540056426502185,4.344288663428717,79.69727592234322,4.295121566686814,4.295121566686814,4.530197672279555,4.790172714128536,3.829817388867114,65.4436044076447,5.371354633131925,94.86709297589445,2.958565117922545,18.09029900806155,3.7645259591827145,66.50301721873245,3.829817388867114,79.23408048888392,66.54986659616767,19.292754956406895,57.07765209930434,95.6677273827079,3.3527270140945644,4.759836064373729,11.66873543379263,3.3527270140945644,5.794019365090464,57.89808470825458,5.985374584056117,56.9002024927946,6.57349269018388,4.506360835267909,3.1256007071658387,10.717338514740987,3.8523419696531107,10.85181822364331,3.1256007071658387,4.5661357713252855,23.727699974288416,22.03209200699514,11.838803704709388,4.5661357713252855,4.1839715842611716,4.5661357713252855,3.1256007071658387,21.693499171615585,20.480883546159532,11.87749159738301,12.762218617898322,22.354510545402878,4.1553611316675365,23.161065157058104,22.705219662243486,20.25814027819188,13.440211251909236,28.26741504954851,11.556122926476954,23.55631906936437,23.456403090884123,24.121389030748894,23.533838504532707,24.87431618507592,17.47266081374395,22.63124250806296,17.394524698753397
22.448546342800917,22.448546342800917,17.63323023424686,17.63323023424686,1.525607055148364,15.945708557474942,15.818643836074287,16.840890147138765,15.917968818627104,9.67651023069098,16.840890147138765,18.158893260883392,15.292400067405309,1.525607055148364,18.158893260883392,16.840890147138765,15.292400067405309,1.525607055148364,2.1980132453826475,15.292400067405309,21.720508349222676,11.614652778735158,21.720508349222676,18.10895707087856,15.292400067405309,15.818643836074287,18.10895707087856,16.840890147138765,16.414436104326597,9.67651023069098,16.414436104326597,11.614652778735158,8.353563332978295,19.179377370070966,17.031822893991293,19.179377370070966,2.2590238564657286,17.031822893991293,8.353563332978295,2.2590238564657286,165.29876009848854,19.179377370070966,2.8880880150977357,13.406668038368544,19.179377370070966,2.2590238564657286,1.9086469246807372,2.8880880150977357,26.527919828448645,2.8880880150977357,17.419345559407027,173.01034658804426,1.8165022799389634,10.677906769088645,3.3284846499892176,10.677906769088645,11.482094181695132,3.2269509900542355,3.2269509900542355,3.2269509900542355,13.0799250283575,3.3284846499892176,11.482094181695132,3.3284846499892176,1.8165022799389634,13.0799250283575,19.86013404219382,25.383671920058585,19.86013404219382,1.5551438802128668,1.5551438802128668,1.5551438802128668,149.20905126783705,1.7408937560654618,13.188521352030003,229.3582706228205,3.5594475853268337,27.300979844063118,2.994923013421323,3.5594475853268337,228.80626644792846,1.7408937560654618,1.955253772099488,238.26345227415013,25.555947480560828,1.955253772099488,2.994923013421323,233.92266095625658,237.38769539240752,28.949820983609396,1.7408937560654618,13.636158577297786,230.52568248114943,233.94102862623805,3.8157973144834108,1.955253772099488,1.461947466750591,3.8157973144834108,3.8157973144834108,233.93130082265762,3.9664983251787835,3.137818365654102,27.99258653661827,3.9664983251787835,3.9664983251787835,28.987012502145568,228.85708165116736,2.773680533223385,2.773680533223385,2.723251696716549,6.58763108663327,1.9059352940769623,114.03209551004514,1.6956550872782266,230.482675941807,28.946263784627664,52.05323834480428,2.9988625481184625,109.74578426969968,1.9059352940769623,227.96004102025952,108.96638774197922,52.15461111122343,140.33852574023555,221.85454151229445,2.3317863235434584,29.701260349186306,9.917027003485211,2.3317863235434584,7.297536945783187,137.29674374901018,1.7163684243937043,137.99437601617095,7.5012331703073505,31.646842281357518,3.1153149475356887,10.361777025457297,2.2984768853114117,9.486994185281661,3.1153149475356887,3.1262213478712177,47.74743652330604,26.79917248954294,1.1613169737271924,3.1262213478712177,29.97769754169686,3.1262213478712177,3.1153149475356887,27.904934734523447,1.2229236341451097,1.0544295470443465,1.3361954835778296,10.393585461863331,30.622063671976267,9.061161333600438,37.73038077424692,13.7913800316083,1.210909680183417,13.749429139586605,1.1395601744150419,13.600925871260646,10.207627491533732,9.876973992449802,9.328076690925691,10.056357134599939,13.490126911004781,14.947423052715697,8.240427904154442
29.339624475605856,29.339624475605856,27.914854107700016,27.914854107700016,3.303864411536365,18.09066809538438,21.257189284404127,16.309833084893057,18.92451155286587,17.795259754133316,16.309833084893057,21.52221743495882,15.052693665706505,3.303864411536365,21.52221743495882,16.309833084893057,15.052693665706505,3.303864411536365,2.6176478036102067,15.052693665706505,21.27627035570836,18.178309835754906,21.27627035570836,16.49985283157351,15.052693665706505,21.257189284404127,16.49985283157351,16.309833084893057,17.082470679988617,17.795259754133316,17.082470679988617,18.178309835754906,7.389328043350937,12.20128108008283,17.99213733459744,12.20128108008283,2.2941860418514093,17.99213733459744,7.389328043350937,2.2941860418514093,48.21910292441511,12.20128108008283,1.981359336221673,10.141062673835021,12.20128108008283,2.2941860418514093,2.663758303911616,1.981359336221673,17.940501023893976,1.981359336221673,19.166700089550666,38.95365433419111,4.610500457246774,8.034447956209384,2.5687837516166305,8.034447956209384,8.01165318448631,2.10774738913299,2.10774738913299,2.10774738913299,13.678806352144905,2.5687837516166305,8.01165318448631,2.5687837516166305,4.610500457246774,13.678806352144905,13.541238451513857,16.730347173609935,13.541238451513857,2.5728003957222794,2.5728003957222794,2.5728003957222794,48.68659565850272,2.7924755540058106,10.803726584128091,61.026920458821415,3.4190767427895206,17.679918300774435,4.05316464116819,3.4190767427895206,53.53223518399471,2.7924755540058106,3.750586708537241,50.01074584680166,15.192949051354939,3.750586708537241,4.05316464116819,79.23428858774713,50.35044064809025,17.468658907926535,2.7924755540058106,9.947331558808598,64.69155745179306,54.15452449226565,2.229848692755662,3.750586708537241,1.7525048148032558,2.229848692755662,2.229848692755662,85.16542637609453,2.659718447361382,3.58740990464956,15.082656300719274,2.659718447361382,2.659718447361382,21.158625475005138,64.03340747878869,8.723465602596336,8.723465602596336,8.88185057818038,59.21397107261191,19.326943795442023,102.05072856834059,18.252196035724246,64.39375671812596,16.033398776963846,39.01901097108349,2.775211919610449,94.5784907981274,19.326943795442023,69.37003885689775,94.00112518282275,35.58263936775846,61.415647517227185,66.6906588378657,8.35126120242965,20.90535658110027,8.285922071817291,8.35126120242965,50.44769847287262,86.08017536615752,3.2111998673971027,86.23505202316993,49.78935985588538,22.785986219721742,3.438389800532833,8.441479991912374,8.830576012170212,9.574222664886026,3.438389800532833,3.910631372378442,35.72772113715232,71.55652168144,3.164358550863606,3.910631372378442,18.870181111124406,3.910631372378442,3.438389800532833,76.51401421677303,2.2967146275707386,3.101528878106241,2.5318579921794955,10.30394939729471,18.50287615516987,9.085150891714965,85.43892329298244,8.867687699760989,2.7659382892727287,12.32520830823714,3.073059712082015,12.554580068873257,8.655602534394745,8.83937067717568,9.480236952406324,9.389951296616232,24.161430681922564,25.927557008649924,16.06238877400469
12.094167494348484,12.094167494348484,10.595955690802162,10.595955690802162,2.3211065296993696,12.007920509192447,15.895485954080788,16.294074020985736,11.63509145181029,5.119906720423364,16.294074020985736,15.486484323426279,20.897355753873224,2.3211065296993696,15.486484323426279,16.294074020985736,20.897355753873224,2.3211065296993696,2.9016706414069344,20.897355753873224,9.421354606464718,5.242784272928437,9.421354606464718,15.768475265463369,20.897355753873224,15.895485954080788,15.768475265463369,16.294074020985736,13.384413275636271,5.119906720423364,13.384413275636271,5.242784272928437,3.230885775076919,16.7717523007363,13.996487089941418,16.7717523007363,4.0426865523154625,13.996487089941418,3.230885775076919,4.0426865523154625,38.43404067594329,16.7717523007363,3.592232191755176,0.9517730969364914,16.7717523007363,4.0426865523154625,2.9258053844144274,3.592232191755176,2.680278267025964,3.592232191755176,7.029508872854655,38.31213758111281,3.5113630153118858,3.5357690525175194,2.753515517091208,3.5357690525175194,3.330731552043494,2.347894927116425,2.347894927116425,2.347894927116425,3.2852816198071304,2.753515517091208,3.330731552043494,2.753515517091208,3.5113630153118858,3.2852816198071304,11.940698119526068,3.049423641783605,11.940698119526068,4.262199493090528,4.262199493090528,4.262199493090528,41.45981148105369,3.02375866204472,1.1791406899333448,56.95729212980944,2.473951153261662,4.557771379864092,2.719624475287494,2.473951153261662,57.62361732618614,3.02375866204472,3.2296240173365005,53.521421616061566,3.5944233013847335,3.2296240173365005,2.719624475287494,47.83173064937996,51.50609222201674,7.738844812733775,3.02375866204472,1.1659190568075186,56.283193965046316,56.17762349914317,2.675908560614165,3.2296240173365005,1.9017129264629438,2.675908560614165,2.675908560614165,46.644224151010235,1.9363937995536609,2.4783779922163567,5.114817836440919,1.9363937995536609,1.9363937995536609,3.8426500136716886,46.94760420860894,10.557998634696474,10.557998634696474,9.500532289144418,11.120561721490947,12.803110323446239,52.13787617191614,12.010495487431307,57.08959840837721,7.537348462957762,7.8697620402746065,2.2049451545141143,53.073317933269855,12.803110323446239,48.761441868335055,53.229814603350604,7.890443071314468,51.09905824600223,50.5136250976273,7.09151609370979,8.521750109527808,7.23490350068593,7.09151609370979,10.653012284275583,50.195228048411714,3.6274744464429376,49.5471950673378,11.27973525913581,8.501779151259834,2.2875221162661012,6.419305032829884,6.827046919348092,7.205286890623778,2.2875221162661012,2.4222262715469483,8.348851925244025,40.61485016883414,6.934429789842055,2.4222262715469483,8.106051328031127,2.4222262715469483,2.2875221162661012,40.1952182545882,6.259394225814506,5.223106262700566,5.510346721135219,10.679356878364016,8.131583089585966,14.36507816182166,34.93687279694955,12.681834610321763,5.944880477084527,11.885489314708119,6.013082701873823,12.610915990259173,11.079428616447958,12.52276580884638,12.126615926629121,11.527757841469892,15.976244040543968,14.148004891188563,11.897303174119674
10.67685682976917,10.67685682976917,10.662251559287212,10.662251559287212,2.276191551435285,27.548270325332457,14.73900896150296,13.829161673919026,25.788844471616407,2.7029064387298027,13.829161673919026,13.274316919836076,15.89690668107546,2.276191551435285,13.274316919836076,13.829161673919026,15.89690668107546,2.276191551435285,0.6213093026109012,15.89690668107546,9.294584490424786,2.798549297605207,9.294584490424786,16.116084097277007,15.89690668107546,14.73900896150296,16.116084097277007,13.829161673919026,15.882352464203626,2.7029064387298027,15.882352464203626,2.798549297605207,2.216128021924268,15.26836017757193,15.16009581712082,15.26836017757193,2.8476987465614787,15.16009581712082,2.216128021924268,2.8476987465614787,110.47007797031134,15.26836017757193,2.7939370717935303,5.871484134982814,15.26836017757193,2.8476987465614787,0.6312705846784817,2.7939370717935303,7.719403558992653,2.7939370717935303,19.770327011177997,107.86634660296146,2.129167266612682,2.5991034675658846,2.5498265685581916,2.5991034675658846,2.6596406335011293,2.6584955373790153,2.6584955373790153,2.6584955373790153,3.9199971808580334,2.5498265685581916,2.6596406335011293,2.5498265685581916,2.129167266612682,3.9199971808580334,17.085897776820467,7.714139603634204,17.085897776820467,1.3727606451083199,1.3727606451083199,1.3727606451083199,80.30272327184811,2.5824490245934095,5.944563390539094,132.1058373174651,2.3335661872023308,10.858950209474706,2.2787220971028623,2.3335661872023308,138.97652164758026,2.5824490245934095,2.470529847286537,129.5130818189958,8.600337229563461,2.470529847286537,2.2787220971028623,133.3164069922162,128.30430487369404,10.744896361376275,2.5824490245934095,5.518163745099139,134.22411862562214,129.9794450199552,0.8520364891508062,2.470529847286537,1.2770138413473737,0.8520364891508062,0.8520364891508062,138.960213245566,0.8059119770024715,2.2380607819765754,11.969656565783039,0.8059119770024715,0.8059119770024715,9.41990084941006,122.43843863510621,3.143774851752915,3.143774851752915,3.0751147789169297,5.938453993076085,3.007095103479747,75.83592257983771,2.971764566078588,115.01764942989804,12.214481761727034,24.621501638429468,2.073355199357401,100.47485221622875,3.007095103479747,131.76257935786913,99.01029065944522,21.69957684680944,74.0146886379601,122.45454420033103,3.193505385571321,9.327985408894484,8.330053008262432,3.193505385571321,4.498019043801524,93.67434060515302,2.4984688515623605,92.9545092735504,5.012016521128329,11.856448582277222,2.2913415383511637,8.380441744690273,3.1306575044996663,9.717683810714833,2.2913415383511637,2.221397189218453,26.070661301571068,30.209540196906044,4.286670296186056,2.221397189218453,14.37092857960546,2.221397189218453,2.2913415383511637,29.85564607213048,3.053048294876565,4.133219835880074,2.9174334929889,12.567607881801418,15.452818982738048,10.567374152339445,28.889122764111505,9.17388922032702,3.184274985395953,11.087382577781897,4.14025807690603,12.26787422830436,12.358844747771053,10.68438686003807,10.654737892834314,10.762824329753316,13.951615173700258,12.758036574943715,7.645329153572424
24.687338570101687,24.687338570101687,24.60260861550624,24.60260861550624,2.198207877863942,67.7571384441259,27.30499816915506,25.85257661129441,68.04279750645276,30.013476162796298,25.85257661129441,27.39447779841022,25.796120183250515,2.198207877863942,27.39447779841022,25.85257661129441,25.796120183250515,2.198207877863942,3.311490988626317,25.796120183250515,20.497557810892136,28.372957614422457,20.497557810892136,26.123535702331683,25.796120183250515,27.30499816915506,26.123535702331683,25.85257661129441,25.611574240410235,30.013476162796298,25.611574240410235,28.372957614422457,23.690682560965673,23.587516635692584,23.232224604355434,23.587516635692584,1.3993600693252364,23.232224604355434,23.690682560965673,1.3993600693252364,69.1689024355512,23.587516635692584,1.626743323609008,3.944512169027086,23.587516635692584,1.3993600693252364,2.9791140538422254,1.626743323609008,2.1632432686145773,1.626743323609008,66.05563763234944,65.50239728616845,1.9793524824498565,20.21731899308618,1.178254221349899,20.21731899308618,20.055821517309084,1.3876266778795932,1.3876266778795932,1.3876266778795932,28.87824102145434,1.178254221349899,20.055821517309084,1.178254221349899,1.9793524824498565,28.87824102145434,24.648533900823807,2.9210602448274137,24.648533900823807,0.6827443187441554,0.6827443187441554,0.6827443187441554,57.07277742746408,1.433742167309704,3.6851571385888375,68.11598123633829,1.661622131516506,10.337281219355182,1.6243604298778,1.661622131516506,65.44524630451245,1.433742167309704,1.7593679339977641,65.47827151574378,2.3816841223816057,1.7593679339977641,1.6243604298778,65.98554198414176,66.1452571914445,17.131193804934924,1.433742167309704,3.253100317632034,68.21069606730903,60.24960726198508,1.090886188867257,1.7593679339977641,3.4509756467033323,1.090886188867257,1.090886188867257,67.46934289464045,0.8705005370273844,1.9153598489487313,10.926175650429927,0.8705005370273844,0.8705005370273844,8.697104252190165,56.74820159670766,3.3268078187731054,3.3268078187731054,3.8450777508747045,3.279799060494705,3.8682598805820088,10.04302186748189,3.561406597187902,55.47328907344033,17.715245472036433,15.662235935642231,2.262956070111795,8.378008070502998,3.8682598805820088,57.79806278804264,8.085499836628067,15.276223385447324,13.19274615788195,55.936971572802314,3.550326971793804,12.253785291515069,16.16680325037799,3.550326971793804,4.903849438197448,12.701844125419052,1.566033070903512,12.104255846940255,2.8952728305234414,12.79031477096702,1.4687868918253695,16.55769266716722,4.2971932839307705,15.594683053605404,1.4687868918253695,1.8997201176085132,15.222472509227297,10.25312670003003,5.97631310036924,1.8997201176085132,17.16067791872332,1.8997201176085132,1.4687868918253695,10.481085887806255,6.3290257931127645,4.707884298356477,7.215266775212588,15.026404240131898,17.057502839502693,14.180155418414648,11.130284835045117,44.7063374500861,6.957618434146875,59.17217985952993,4.56381005798674,56.773174094266786,15.698110681287897,13.609752107498538,14.44478301124237,13.981958874065942,62.49898314785234,60.1662515400445,44.3381192875957
21.151302636447802,21.151302636447802,19.81816757468889,19.81816757468889,6.104470067346049,9.132453763363397,19.135305348911825,21.485550739666735,9.752633388584295,20.590581358538955,21.485550739666735,18.23639678565991,19.880067679764192,6.104470067346049,18.23639678565991,21.485550739666735,19.880067679764192,6.104470067346049,2.881975249390856,19.880067679764192,19.35672620977237,21.251952365017686,19.35672620977237,21.078074559685813,19.880067679764192,19.135305348911825,21.078074559685813,21.485550739666735,21.11802610462161,20.590581358538955,21.11802610462161,21.251952365017686,9.657773130967474,21.35522201950788,20.90199777121597,21.35522201950788,4.186181464704172,20.90199777121597,9.657773130967474,4.186181464704172,26.0468696545672,21.35522201950788,4.175886720891662,4.224145294550652,21.35522201950788,4.186181464704172,2.598752454412814,4.175886720891662,5.194838479612557,4.175886720891662,7.189425550885328,25.048711121945026,4.630770974574808,8.89302003910699,4.684744417086418,8.89302003910699,8.646196854122604,3.7498010106507613,3.7498010106507613,3.7498010106507613,18.270774596499944,4.684744417086418,8.646196854122604,4.684744417086418,4.630770974574808,18.270774596499944,23.08822304976952,5.739391951562051,23.08822304976952,3.504156360343609,3.504156360343609,3.504156360343609,33.69344308230431,5.92576102035651,4.063117018861223,26.19265935777727,4.870013019830698,6.613455763046191,4.761205339734679,4.870013019830698,40.05363259567567,5.92576102035651,4.619021146195569,40.992553406761964,6.151568279342791,4.619021146195569,4.761205339734679,37.80591298196722,39.643801142677674,7.025976100224713,5.92576102035651,4.21835711327126,27.585909573245708,41.58536850701246,4.061197352746899,4.619021146195569,2.5386633053202723,4.061197352746899,4.061197352746899,37.33822224921731,4.047531890994301,4.055719869399121,7.046313371880011,4.047531890994301,4.047531890994301,8.293733207427003,32.85900380814546,3.891276298937154,3.891276298937154,3.9073390108930073,6.0598324330216995,8.046722812782502,27.74083198291935,8.115058615198814,44.913928989740704,8.110117545867341,7.44638667816358,4.253230146773177,25.01942206781023,8.046722812782502,32.863032423888065,26.496747652802508,7.434165232766899,25.11729217994954,41.40931581055283,4.041205755687315,6.181415631962007,24.45793331067691,4.041205755687315,12.394603673735153,25.251734372578,3.8560684763283777,26.241656910228897,6.188801102809613,6.569525918665032,4.19582057561013,21.38309356299152,3.7631868153245875,25.560916579262773,4.19582057561013,3.7081040273845463,7.109791648505826,27.857656178778903,25.890852521526412,3.7081040273845463,7.3423599970769695,3.7081040273845463,4.19582057561013,27.405789046905316,14.873057958616135,25.4846096214793,14.980604921310826,22.363257364163587,8.1980746996001,19.651267081615394,28.951048824661985,25.134211318034282,15.50899268265975,20.552304965346178,27.021432177120015,20.24944353019848,25.0048597343761,20.17556866485863,19.33765809168365,18.88878837247043,17.424221396483578,18.066708474941503,24.49489063178844
30.18620544547054,30.18620544547054,31.90718982906902,31.90718982906902,1.3096669577484825,176.01473497328203,28.49398257266405,20.46800076469581,186.40755770509,20.254622254518562,20.46800076469581,31.120679242851306,19.784414511561987,1.3096669577484825,31.120679242851306,20.46800076469581,19.784414511561987,1.3096669577484825,2.051816633974129,19.784414511561987,24.783169801112138,21.114956919810723,24.783169801112138,19.80082634256632,19.784414511561987,28.49398257266405,19.80082634256632,20.46800076469581,20.7738508163001,20.254622254518562,20.7738508163001,21.114956919810723,16.340059770137216,13.770694831462363,26.937196905384155,13.770694831462363,1.4479360511840496,26.937196905384155,16.340059770137216,1.4479360511840496,246.57608373135972,13.770694831462363,1.1981835762647155,8.178306290305317,13.770694831462363,1.4479360511840496,1.730936242063924,1.1981835762647155,6.773934421622467,1.1981835762647155,158.2629599499353,223.72296152495315,0.7768018848014839,23.46800226343738,0.678466947131479,23.46800226343738,23.90320123377111,0.6712413608444376,0.6712413608444376,0.6712413608444376,16.5327427977358,0.678466947131479,23.90320123377111,0.678466947131479,0.7768018848014839,16.5327427977358,14.191230831300592,7.7671018830313985,14.191230831300592,0.5222906619406968,0.5222906619406968,0.5222906619406968,262.5733871749011,2.7944565093436076,8.042523029244276,386.0225814410643,0.6197447688133,8.37154037021036,0.6141994737764396,0.6197447688133,332.86393422305036,2.7944565093436076,0.7693547282406125,404.96909514109495,7.020205483851643,0.7693547282406125,0.6141994737764396,428.0140909124394,329.66370997254177,11.783144732227548,2.7944565093436076,7.891198102258053,400.3031565140745,365.7980180155237,0.5419073571475382,0.7693547282406125,3.5456256315517587,0.5419073571475382,0.5419073571475382,433.3855134583381,0.5908020259019122,0.6847082760613097,8.777091459485538,0.5908020259019122,0.5908020259019122,8.462670843493694,407.2713259706203,1.3796334616026822,1.3796334616026822,1.488153834872778,3.513852650062753,2.776625943129785,385.1032839234299,3.0888842253306095,379.10804638264,11.409614482288223,32.23696903350094,0.6937430018689912,390.6819308246352,2.776625943129785,399.50339536515344,391.82895797508763,32.8903516953972,384.85166325106763,350.8779731081071,1.6317425873940543,12.616345673989773,4.0123607448280065,1.6317425873940543,4.418321067139993,408.58919458697767,0.8525375963757938,412.3981404514751,3.6946000791122,9.912342128918791,0.6841041539303457,3.7917474187062514,1.7541281394553336,5.607540131158031,0.6841041539303457,0.6287849482969031,30.187889221412537,17.47470791146982,3.59060594109284,0.6287849482969031,14.700711339305913,0.6287849482969031,0.6841041539303457,18.648112529568483,2.9559173972461594,3.0329529381279685,2.806003973791161,7.9433223618868825,12.74050114544151,6.743110045732598,16.298349024387846,10.896932968033825,2.7134902617992327,14.253860466185978,3.1285517671214613,15.622675996534458,7.269691543498053,7.3564630616649875,7.475108996254169,7.877004266393159,22.135232474119974,22.321594165620144,11.030241152925678
14.154964195125189,14.154964195125189,12.943426269524943,12.943426269524943,5.7232211675575515,66.57904041804355,6.278541268229629,6.125320525693342,66.56722401521954,3.8443124735120473,6.125320525693342,5.7339680462820475,5.862826028789651,5.7232211675575515,5.7339680462820475,6.125320525693342,5.862826028789651,5.7232211675575515,6.068403201535359,5.862826028789651,10.19203408806312,4.3515346837829,10.19203408806312,6.646809536143105,5.862826028789651,6.278541268229629,6.646809536143105,6.125320525693342,7.344423074610887,3.8443124735120473,7.344423074610887,4.3515346837829,2.8168827427800234,5.969814110522438,6.023902991866466,5.969814110522438,5.4759122030079475,6.023902991866466,2.8168827427800234,5.4759122030079475,38.081855379396416,5.969814110522438,5.6116210864669815,7.988205721787106,5.969814110522438,5.4759122030079475,6.375518841788335,5.6116210864669815,6.924656176896741,5.6116210864669815,64.19674273632924,37.53565331693464,5.471130547000732,3.3416881426045957,4.905422305869526,3.3416881426045957,3.3540679760382623,5.022856841615142,5.022856841615142,5.022856841615142,4.386894609674974,4.905422305869526,3.3540679760382623,4.905422305869526,5.471130547000732,4.386894609674974,6.418367324685881,7.5151206152015,6.418367324685881,4.884851501888794,4.884851501888794,4.884851501888794,44.26721680803197,6.388974459894723,8.05850427139406,25.87333196245501,5.2111430549928635,5.364450307634578,5.138468273245855,5.2111430549928635,27.24070162641325,6.388974459894723,5.761028327458859,27.932257702364698,6.936272802579533,5.761028327458859,5.138468273245855,25.522241470079575,26.54595705388711,13.653122396271229,6.388974459894723,7.892577760406646,26.006778323425173,28.24922552874882,6.087307691901051,5.761028327458859,7.623710616176873,6.087307691901051,6.087307691901051,25.221400310859135,5.909098401761103,5.274458913965981,4.674760911074253,5.909098401761103,5.909098401761103,6.467286362382522,28.31870011069258,4.829739876738762,4.829739876738762,5.004038301868485,10.65156699661848,4.6567571203145945,27.56948576090499,4.793864685207204,30.78262076624071,13.50910622956012,16.556244439620066,5.368949286261053,30.714886552430475,4.6567571203145945,27.82324388382966,32.00759918006132,16.021003651991823,25.589619760107063,28.74976664223304,5.2063524275143545,13.15336692865938,16.140861952051466,5.2063524275143545,12.177784778511121,28.7653544268005,5.830080098123433,28.319484658234703,11.074720153213585,10.320009326715011,5.232101942726845,15.904375688996438,5.439251677734334,16.84570646758098,5.232101942726845,5.065852217674228,11.237413751748212,15.377901781135495,19.273809590139862,5.065852217674228,13.007021681760573,5.065852217674228,5.232101942726845,15.826374407657442,11.968590460190251,18.25333451659185,10.34267159266255,12.540580313576893,14.0114179896209,9.67357770237216,12.026932886458514,13.254934225204126,10.800541821911537,10.872381440391194,18.18916535906742,11.154001540068053,12.166665989936996,10.71625508972767,9.450090733002504,10.746010029308904,9.9632218744966,9.647398145994963,12.086232582091643
16.072869134965607,16.072869134965607,16.09592112258803,16.09592112258803,1.8210877181748564,23.30068895913447,20.28380258004766,18.663705592798365,21.444437900768925,21.549535456487984,18.663705592798365,20.457069002489916,18.45995825729112,1.8210877181748564,20.457069002489916,18.663705592798365,18.45995825729112,1.8210877181748564,1.136518430527012,18.45995825729112,16.491981473200795,21.508271001607795,16.491981473200795,18.49921938733778,18.45995825729112,20.28380258004766,18.49921938733778,18.663705592798365,18.785895242026612,21.549535456487984,18.785895242026612,21.508271001607795,7.757995979633075,17.577528086827026,19.14372920482255,17.577528086827026,1.4115384602558136,19.14372920482255,7.757995979633075,1.4115384602558136,51.79046552404788,17.577528086827026,1.427182981276503,3.5671430876707175,17.577528086827026,1.4115384602558136,1.310555664861628,1.427182981276503,7.302088942008583,1.427182981276503,21.659218520088746,51.21691861381475,0.9253232102012697,9.69393673137474,1.9158394325376356,9.69393673137474,9.697039134368955,1.9476567505313913,1.9476567505313913,1.9476567505313913,20.745979906932067,1.9158394325376356,9.697039134368955,1.9158394325376356,0.9253232102012697,20.745979906932067,17.78524737686912,6.192196210085831,17.78524737686912,0.8382075711424124,0.8382075711424124,0.8382075711424124,43.98175287462737,1.888015956403537,3.986822322699847,83.7813618337496,1.127099275353495,9.773711320804688,1.1271215952488234,1.127099275353495,72.70149106975937,1.888015956403537,1.2802681450647282,87.99293317665028,6.477308732500879,1.2802681450647282,1.1271215952488234,84.5399772212686,69.18657241659588,9.094483369751567,1.888015956403537,4.218928804717048,80.26920486040532,88.53882735273443,1.422442885208593,1.2802681450647282,2.615855766107951,1.422442885208593,1.422442885208593,80.82872959123905,1.4996634538868676,1.1509471065403072,12.241327746983346,1.4996634538868676,1.4996634538868676,12.353105678451955,76.38066085120501,2.8612036077177403,2.8612036077177403,3.2172368391987143,3.5658569517257654,3.0546617974105024,80.35742296965097,3.0487888197608384,78.61038660985777,12.277463120285887,10.94801391491297,1.403013530566096,84.98982358386047,3.0546617974105024,72.11867610274972,85.03637467129995,10.776537125997008,62.71536391532905,68.60352106551106,2.728897062212585,10.844884914451526,48.97553279418863,2.728897062212585,6.088555888479295,69.78748281871215,0.7063457930102003,69.4961058265732,4.923015003583546,13.009658430831415,1.0963715453263199,52.53030641424987,3.120143968647145,49.56798067334639,1.0963715453263199,1.1049164935425637,13.91188779105719,14.4876861962758,58.88847408617676,1.1049164935425637,11.76299111100911,1.1049164935425637,1.0963715453263199,14.388643754995188,5.095720205116581,55.12106265629514,4.807214259126755,58.45494323055838,12.533007943586657,52.20026128366659,15.788718765730275,64.98917069784017,4.8864737938947185,56.75633573304081,56.04850017740976,57.05783901724753,54.18322017753673,56.41807829801067,52.17099631384048,56.409396876777386,51.42430305220676,51.097876497456845,48.88324603544846
44.52497305762437,44.52497305762437,53.53813852027165,53.53813852027165,1.60824929347488,12.754531006601447,52.35142059406914,57.500202766657736,12.91248965058762,32.99702036921128,57.500202766657736,54.430438600092224,46.13953003333449,1.60824929347488,54.430438600092224,57.500202766657736,46.13953003333449,1.60824929347488,1.8891621467156712,46.13953003333449,44.49608551781826,32.701555383435334,44.49608551781826,30.66400972595083,46.13953003333449,52.35142059406914,30.66400972595083,57.500202766657736,28.092917399146934,32.99702036921128,28.092917399146934,32.701555383435334,29.918706119389626,47.7062917054207,50.11035129583225,47.7062917054207,2.1802698300159915,50.11035129583225,29.918706119389626,2.1802698300159915,40.09489632953486,47.7062917054207,2.351514161319447,3.976350428138813,47.7062917054207,2.1802698300159915,2.08446703305903,2.351514161319447,5.006800250235389,2.351514161319447,11.862650951244042,39.55993670190383,0.8083721542932607,24.381306587845437,2.2915002178704458,24.381306587845437,23.902003151791725,2.4438886789521495,2.4438886789521495,2.4438886789521495,34.97751807021206,2.2915002178704458,23.902003151791725,2.2915002178704458,0.8083721542932607,34.97751807021206,30.516547814466108,5.07584926191459,30.516547814466108,0.6714333492032719,0.6714333492032719,0.6714333492032719,54.2908773729199,1.3601146186316375,4.328881969367774,58.9686270469291,0.9835573863118635,15.536174853680611,1.2554836736712518,0.9835573863118635,58.41636583174846,1.3601146186316375,1.05100700561289,61.9313116249856,5.90678776915778,1.05100700561289,1.2554836736712518,67.06449180975252,63.9140764080543,14.632998877856194,1.3601146186316375,4.21035015545376,68.86615541523459,53.793732433276304,0.8743391725143708,1.05100700561289,1.810426027485199,0.8743391725143708,0.8743391725143708,67.32015172849735,1.0969332032673398,0.8522192046333539,16.719330582360097,1.0969332032673398,1.0969332032673398,12.913897360716929,61.06515371613092,3.4783170345752454,3.4783170345752454,3.085188994171877,5.365166579058397,0.9666404506332762,39.31311631499533,1.0439241504429622,58.621680553336816,15.658488371962537,17.170253017404573,0.6902984672204466,35.75491461483125,0.9666404506332762,62.39593717286856,35.748964007868594,18.841648979000624,60.08845716316665,70.56381903069023,2.297599156301924,13.444091711826578,3.2258868417267923,2.297599156301924,2.394945004552776,43.82346765051749,0.7016344397384788,42.191841679897706,4.4617946123674574,14.409170619852464,1.0664191254798523,3.5765480336696935,2.003532047511403,4.444559932344476,1.0664191254798523,1.211047954152804,18.049597961391214,14.931404367038134,4.2849230528937285,1.211047954152804,16.525851125409215,1.211047954152804,1.0664191254798523,16.452490170479784,1.5169842124463706,5.003635880856131,1.9313754650353856,3.6310298309876075,16.515276430792735,3.4186502105237406,14.287239682232755,3.294058246926162,1.7634734380636663,3.014534966840133,4.937941739900553,3.2792098743801064,3.6267124218975404,3.291148536291098,3.3071482423780294,3.347606166898542,5.927259724787514,5.408287495201805,8.463717045499806
19.790724692874623,19.790724692874623,20.13915805466142,20.13915805466142,35.84721175014428,6.698642924786247,19.472942488604783,15.928667275702638,7.3252843343732215,19.247591623582295,15.928667275702638,19.57415088416045,16.2718386269109,35.84721175014428,19.57415088416045,15.928667275702638,16.2718386269109,35.84721175014428,26.794210809713153,16.2718386269109,16.55471775397441,19.422043176012057,16.55471775397441,17.93901704967392,16.2718386269109,19.472942488604783,17.93901704967392,15.928667275702638,17.744223347983972,19.247591623582295,17.744223347983972,19.422043176012057,3.2067842750989883,19.447723965595504,17.692195515423297,19.447723965595504,32.98223149541581,17.692195515423297,3.2067842750989883,32.98223149541581,24.871400583841336,19.447723965595504,33.20062613899615,5.896054344408061,19.447723965595504,32.98223149541581,26.030485121884585,33.20062613899615,9.350244878063037,33.20062613899615,8.234405804625636,24.050653953075543,30.903830220628816,2.30788748046783,32.643911907149366,2.30788748046783,2.30539869253288,32.83950608188932,32.83950608188932,32.83950608188932,18.6184892487946,32.643911907149366,2.30539869253288,32.643911907149366,30.903830220628816,18.6184892487946,17.240251519771117,10.108876406959752,17.240251519771117,19.78042592504779,19.78042592504779,19.78042592504779,28.427188154221046,36.303935363580486,5.745862650200089,42.87898809466812,27.65720249438915,10.827524299003713,27.406545803942933,27.65720249438915,36.3146084309839,36.303935363580486,31.47775576176558,41.635099821309524,9.922525903483681,31.47775576176558,27.406545803942933,41.298091849981695,34.60082759078908,11.465145094941324,36.303935363580486,5.550219933544223,45.48854328520109,42.927583404831175,20.877145993572764,31.47775576176558,27.005262060765816,20.877145993572764,20.877145993572764,43.81794738092792,21.05996634958002,26.47266198445879,9.123525290322277,21.05996634958002,21.05996634958002,11.252725596088922,36.45809834847194,33.246475317961234,33.246475317961234,33.11063593121311,30.431512325478252,36.81268246457309,38.33191359567934,36.83890736138239,33.71055730183317,8.614674686900832,9.955908082968675,26.7745523427127,35.37808306097474,36.81268246457309,39.85898211806903,36.06331663083192,12.917233588152166,29.792891293386802,30.749886972977528,33.02572470872177,11.244093574605081,33.06737475774608,33.02572470872177,36.930027903122024,27.30957622557705,28.795117235508883,26.758603580362546,30.15522951733667,10.836782314538343,28.782959781623077,28.919322760640668,32.83221071281616,28.389460167586023,28.782959781623077,28.23992147639549,10.035930084815842,5.100107121461011,34.46179985869376,28.23992147639549,13.342375851356586,28.23992147639549,28.782959781623077,4.8200405882754565,28.500663947852843,36.40473635672353,26.833488070622515,26.9176948775469,9.899180568114058,28.52757564759055,4.700325459251781,29.30100721123255,27.102426954838563,34.738656001727826,36.78736601506292,34.31546589458607,25.38417526286071,27.71638347024135,28.498457146121954,27.897262133512545,44.142394381976885,44.14649498986064,40.817873138654974
18.193119492759177,18.193119492759177,16.58553985026536,16.58553985026536,29.411944355808195,7.824601339002983,16.380383421812045,23.176064805883765,7.785835066943539,24.104923465995693,23.176064805883765,20.196320567334848,14.091638682780193,29.411944355808195,20.196320567334848,23.176064805883765,14.091638682780193,29.411944355808195,30.385813226874465,14.091638682780193,29.41339158465089,29.12665733670748,29.41339158465089,14.0778092378865,14.091638682780193,16.380383421812045,14.0778092378865,23.176064805883765,23.3777955036209,24.104923465995693,23.3777955036209,29.12665733670748,1.5982630133543263,26.84413152554899,26.81395990632698,26.84413152554899,28.42234414782747,26.81395990632698,1.5982630133543263,28.42234414782747,38.331506768395386,26.84413152554899,29.014524821789923,1.1251982043837252,26.84413152554899,28.42234414782747,30.14678988377154,29.014524821789923,4.183182779014112,29.014524821789923,8.024788305652159,37.7485065694971,25.407301881987728,1.2253484334794815,28.177567432877026,1.2253484334794815,1.29758332676074,27.73273033790755,27.73273033790755,27.73273033790755,28.25356999538945,28.177567432877026,1.29758332676074,28.177567432877026,25.407301881987728,28.25356999538945,27.526844415471476,4.550849670360364,27.526844415471476,30.373333074729,30.373333074729,30.373333074729,42.4419747928523,31.250394972797793,1.4589866995928795,45.498767195355704,28.013039751665136,5.533326767356869,27.41440471951278,28.013039751665136,34.88996092013416,31.250394972797793,27.396177865971993,45.697952620549096,4.612495128789898,27.396177865971993,27.41440471951278,49.41788328627756,38.6487481012908,8.174554278867188,31.250394972797793,1.4371944707000637,47.64298991900166,44.87897711650097,30.82950047711079,27.396177865971993,29.662127089062004,30.82950047711079,30.82950047711079,54.150923055290576,31.029580915450563,24.614516241958913,5.590285964341925,31.029580915450563,31.029580915450563,4.14538557115571,45.62300255216827,25.42028857981639,25.42028857981639,24.982882243558358,20.618244676484036,26.301349718370478,36.390902316059346,26.088120331184058,46.6705854945633,8.133566798388156,15.383573293570022,25.1658032860062,40.79509079714773,26.301349718370478,51.58471650628798,40.052333160328544,15.251059864243809,30.242089253554628,39.81887452970906,25.041186939807314,5.508246488538211,28.146884724019277,25.041186939807314,24.011643595210447,35.2271951519872,26.422689226083456,36.010646179234044,20.266215459916594,13.088510714919856,25.592876104271262,28.991686176473575,24.541933366072836,22.39383137146772,25.592876104271262,24.800182294671956,10.143057875390443,8.394091907893344,25.232277240932213,24.800182294671956,16.993231397112407,24.800182294671956,25.592876104271262,8.533048988582374,31.269721142598513,29.663217138176616,27.06445626247565,20.281574154818504,16.12521978416278,26.294640922706854,7.4973674805437724,25.224710507243703,29.03510042853883,29.17918245261892,30.07900323045621,28.002673328959006,21.388626982557227,25.161154274244314,27.58159839498084,27.84545830546598,25.55214282937338,28.173108302269494,27.81447186637779
17.11824261773696,17.11824261773696,9.970004754307599,9.970004754307599,7.411583549010245,4.402476281333761,7.826934919138699,11.935662243581447,5.0029984351761865,8.31590416798011,11.935662243581447,14.036561559228446,7.781242695636696,7.411583549010245,14.036561559228446,11.935662243581447,7.781242695636696,7.411583549010245,16.134028206704997,7.781242695636696,15.153870034061256,10.872791186853481,15.153870034061256,7.478230855975615,7.781242695636696,7.826934919138699,7.478230855975615,11.935662243581447,10.898571393279358,8.31590416798011,10.898571393279358,10.872791186853481,4.654514321247697,14.317688200012265,13.957386224334726,14.317688200012265,7.912834118713374,13.957386224334726,4.654514321247697,7.912834118713374,23.766569423417494,14.317688200012265,5.606146186553906,3.79834421936072,14.317688200012265,7.912834118713374,13.659271570136077,5.606146186553906,4.507491788252181,5.606146186553906,11.472554385971558,33.19547591251652,1.9191392184833533,4.110807158767052,7.012383424049064,4.110807158767052,4.403772116833616,5.052514021536768,5.052514021536768,5.052514021536768,12.135362475223635,7.012383424049064,4.403772116833616,7.012383424049064,1.9191392184833533,12.135362475223635,14.504542201434523,4.389021171965361,14.504542201434523,1.8794300219205344,1.8794300219205344,1.8794300219205344,22.183653546985283,7.975566545267389,3.6520219358132944,11.211022485158313,2.155496419051945,10.571673137225153,2.639124511740108,2.155496419051945,10.117139195041897,7.975566545267389,2.4376661412241694,11.160017160588213,5.119520657723767,2.4376661412241694,2.639124511740108,10.153167366919622,11.31408239470233,15.825655939968575,7.975566545267389,3.604601241630881,9.758505776459492,11.373656283743978,3.7057739245848054,2.4376661412241694,21.128034824124327,3.7057739245848054,3.7057739245848054,9.741107608425065,3.639255542926867,2.4352896748378954,11.743281366617916,3.639255542926867,3.639255542926867,10.352316805365913,9.52841522908354,4.2060604724646895,4.2060604724646895,3.918817102607523,6.801061352414756,8.556127264118498,6.257395466958557,5.970560686576261,10.69472443432633,16.369465875928885,21.771327939989117,2.3624988779748457,5.784251608434315,8.556127264118498,9.094601173714718,6.79540643529768,20.953714369248495,5.255745179936572,12.18818021225274,5.51051298890516,13.993771683743107,9.670621979346324,5.51051298890516,7.153025143962971,5.348730112048016,2.3745376653990578,5.807539597639465,7.349618741105507,14.743693880238673,2.3296499081654423,11.067115709472116,4.832612496140823,17.339665589373954,2.3296499081654423,2.0957307083276038,23.492185900267483,7.800199562572263,12.942217269483141,2.0957307083276038,10.67348673265845,2.0957307083276038,2.3296499081654423,7.534714028837613,6.422602386829017,9.980431437734136,6.654625007300418,21.174581116314684,10.231410030431944,11.833240150854099,6.6120432122295245,21.87266594071518,6.425216311932187,15.523466864809734,9.608697967031652,14.482912958638655,21.317711980702953,11.802952667265306,11.565974190505642,11.305943538466412,11.514414264115429,12.585325878647806,15.976457602168466
11.223671488122294,11.223671488122294,8.526000015670645,8.526000015670645,4.742824510215455,24.011837224380645,13.727402640474722,16.315511760408622,22.596606164381473,4.002240327796292,16.315511760408622,16.003253596697128,14.553649236382588,4.742824510215455,16.003253596697128,16.315511760408622,14.553649236382588,4.742824510215455,1.7701847806186057,14.553649236382588,7.6546155286404565,4.528952632138446,7.6546155286404565,15.913563122823744,14.553649236382588,13.727402640474722,15.913563122823744,16.315511760408622,16.73574711030626,4.002240327796292,16.73574711030626,4.528952632138446,1.6454416132155847,13.869948674312381,13.95323174602772,13.869948674312381,3.064915184900233,13.95323174602772,1.6454416132155847,3.064915184900233,56.50911249776142,13.869948674312381,3.0730183104797493,3.9725096294654274,13.869948674312381,3.064915184900233,1.3134546350982008,3.0730183104797493,8.213806114631792,3.0730183104797493,25.165546893563334,58.212152116022274,4.316065382225672,2.9007644485501887,3.8716365647901587,2.9007644485501887,3.1576274975284067,3.887545864408664,3.887545864408664,3.887545864408664,3.083278362643392,3.8716365647901587,3.1576274975284067,3.8716365647901587,4.316065382225672,3.083278362643392,14.170669312687723,4.930291601751982,14.170669312687723,1.523752656840525,1.523752656840525,1.523752656840525,62.422744015256086,3.849457928507062,3.2650859148683695,100.17262248340272,5.853269868500089,6.027330174504781,6.078899325935547,5.853269868500089,105.10019493238553,3.849457928507062,5.461679344424218,115.6948774805595,4.9860549400285725,5.461679344424218,6.078899325935547,105.80227840572155,106.02259332699656,6.694884341800123,3.849457928507062,3.321510776685298,103.69491650695724,110.1540591632071,2.5850060582331564,5.461679344424218,2.0150925065154226,2.5850060582331564,2.5850060582331564,109.19947776198576,3.325869289229032,5.966449815008825,6.441831169516144,3.325869289229032,3.325869289229032,10.978573431390014,80.97164136574783,3.3575484991606714,3.3575484991606714,3.2989068692337273,27.50003568285245,3.102425588101116,41.83888339818112,3.2243167711377727,89.3385897427695,7.124267883480937,10.71156613092936,5.739623945846932,54.81294572650818,3.102425588101116,78.53780725332547,53.81955882841554,11.242496897846408,24.578552858842308,93.27099679328427,2.923417692427186,10.821801429178741,4.393964192644666,2.923417692427186,24.573600735263298,34.45188257872624,4.528259883641303,33.19681140634944,25.676460145192955,11.010440562985298,4.65555556741956,4.144536926362521,2.8468317873271975,3.0440533436023447,4.65555556741956,4.658854859980775,13.507026749585455,54.822064659627614,3.24249367496519,4.658854859980775,6.650718679035442,4.658854859980775,4.65555556741956,49.40434030060216,2.092211454641355,2.7058044276079136,2.253312213790589,11.224632828644381,7.139357915319955,12.840578429149334,49.756237284229115,16.572515854183138,2.1107659248538546,15.320981138083711,2.779822867488112,15.16764345868145,13.492864392102112,12.090856650995185,12.241116232620222,11.875143207192975,24.702954664906493,21.026076846257293,15.688092598683841
7.184738249648871,7.184738249648871,6.715577478820464,6.715577478820464,6.366224715142849,6.522288646501804,6.890360748274038,8.147617182202366,6.516228553190905,3.780523007902826,8.147617182202366,8.051576772693382,9.796625599572002,6.366224715142849,8.051576772693382,8.147617182202366,9.796625599572002,6.366224715142849,5.539693028074834,9.796625599572002,6.780944987733184,3.3624651493518987,6.780944987733184,9.269755691841716,9.796625599572002,6.890360748274038,9.269755691841716,8.147617182202366,7.859821723245983,3.780523007902826,7.859821723245983,3.3624651493518987,4.068683229982246,9.561834569376305,10.653834654907413,9.561834569376305,8.343341258717835,10.653834654907413,4.068683229982246,8.343341258717835,30.243989237213476,9.561834569376305,8.909296428107973,7.03213380761246,9.561834569376305,8.343341258717835,5.9415083353523865,8.909296428107973,11.046287078309549,8.909296428107973,6.456390581953365,27.72225466032438,7.6921837430033735,5.525908719936758,8.065263257863682,5.525908719936758,5.146594291823369,8.71069221709042,8.71069221709042,8.71069221709042,2.4613841729900154,8.065263257863682,5.146594291823369,8.065263257863682,7.6921837430033735,2.4613841729900154,8.634003506089254,10.137973096524705,8.634003506089254,2.92233108074238,2.92233108074238,2.92233108074238,45.48995318041792,6.352176392718479,6.394608775171322,26.236210992400572,6.092663065788198,15.584568463485136,5.661160006995594,6.092663065788198,28.280861073169685,6.352176392718479,8.277181626751583,25.19550954895026,10.08040080329144,8.277181626751583,5.661160006995594,25.797198562358897,26.964256994166735,15.991440447567575,6.352176392718479,6.600624925155829,27.36135496800463,22.8546435942872,3.630443412814036,8.277181626751583,4.492952554068756,3.630443412814036,3.630443412814036,27.635567815392605,3.364126925140479,8.776606501742602,14.96711814576474,3.364126925140479,3.364126925140479,13.910109824953317,27.96210526189784,11.118523878313937,11.118523878313937,9.96826995135912,9.369018049140907,5.366604888641775,26.198620317250853,5.552374680256574,29.333329961696794,15.401790106393133,16.578626151298383,9.365256182266204,27.723337799729855,5.366604888641775,27.0321583431319,28.717443434480224,17.35419837127212,24.32060211350454,31.04675654500574,10.340999615158545,13.586692135926427,10.353213327232583,10.340999615158545,7.641446212383324,23.128038871000694,7.753535119701084,23.997074446981173,8.389098795171831,12.517317603149271,9.704406923949856,10.374304532618648,9.343111622268864,9.475083149342984,9.704406923949856,9.272537235067542,17.618277459531285,4.020156162741595,9.424249132401213,9.272537235067542,15.35984327404486,9.272537235067542,9.704406923949856,4.074107589209305,10.249851688846293,10.418913536580988,10.629647466768635,7.524551749936301,13.897594185352528,9.654415006945804,5.719993621032759,21.22176847856106,10.528213355320139,24.38093993215016,10.362773317739773,25.38105931584232,8.136377469824271,8.893055736103898,9.68176381340933,8.94482015687007,20.14995438417566,19.940153558970945,18.458579631365286
5.251914620154763,5.251914620154763,3.1986941372945235,3.1986941372945235,4.762878228596519,70.29308397671339,3.9327185574357415,4.240502221519398,69.9303222659679,5.456567138149481,4.240502221519398,3.8930022046829498,4.915738721822594,4.762878228596519,3.8930022046829498,4.240502221519398,4.915738721822594,4.762878228596519,4.155060238921601,4.915738721822594,5.429136442008835,6.625916331910748,5.429136442008835,5.314858841063278,4.915738721822594,3.9327185574357415,5.314858841063278,4.240502221519398,4.632426481648301,5.456567138149481,4.632426481648301,6.625916331910748,2.383241751627159,6.597871071608575,6.66686398936005,6.597871071608575,4.6573516499711705,6.66686398936005,2.383241751627159,4.6573516499711705,57.907519522648116,6.597871071608575,4.635785800531572,2.027922035318316,6.597871071608575,4.6573516499711705,3.913799998672056,4.635785800531572,2.159722373517219,4.635785800531572,66.56885175746326,49.615380289883035,3.3191979980795563,2.2478045664786235,4.269128307164404,2.2478045664786235,2.2673116057284837,4.268780574227679,4.268780574227679,4.268780574227679,5.820799202313074,4.269128307164404,2.2673116057284837,4.269128307164404,3.3191979980795563,5.820799202313074,6.729926563954327,2.1337593676580267,6.729926563954327,2.6247116698669064,2.6247116698669064,2.6247116698669064,69.17685648700372,6.3326636182833305,2.211090704094666,20.67754729363118,3.3063928762448165,3.7479818918991024,2.9129435356803484,3.3063928762448165,21.041180872917142,6.3326636182833305,4.078542180226678,19.441754789619964,2.746241239137571,4.078542180226678,2.9129435356803484,19.754934234496233,19.074058351230452,4.610891267873768,6.3326636182833305,2.190502829122114,19.00509721758993,20.37678298666735,2.977687286433396,4.078542180226678,3.3388964406543455,2.977687286433396,2.977687286433396,17.966548627651655,2.5473714505956084,4.133784743241954,3.9327873867106673,2.5473714505956084,2.5473714505956084,4.449736393934936,24.147212858677964,4.434885105987122,4.434885105987122,4.391885601255095,6.297988322994723,7.987569070302253,12.110572750079779,7.07039558535354,24.54176857823132,4.7499795706927115,2.471476156996485,4.289951744353353,10.564697999632509,7.987569070302253,21.389406498207343,10.04735614459237,2.8423308561688048,20.7462272781856,26.509205530560187,4.860268758811562,4.73115940302003,6.77154304347437,4.860268758811562,11.06518688589151,18.877931956818443,4.627645462970475,18.729664394354437,12.552933671216085,5.063517431962224,4.7177766199681015,6.963147159996237,4.442639195721724,8.183313753417469,4.7177766199681015,3.977746555624894,4.916991407811975,4.837401359290263,10.76085160444848,3.977746555624894,5.055478412927525,3.977746555624894,4.7177766199681015,4.7347021230976445,9.005918128284778,9.089215290718794,10.100437396224722,6.772015592279243,5.2305997113842,5.734799055086315,4.766936352155521,11.717509365369233,10.073500915644537,6.085845276595145,9.801276522917334,5.8941213908802235,6.6428316890347885,5.135338356018665,5.439372323141295,5.233047020195142,6.985061671845741,6.732503577357337,5.915696539838033
23.923851583645806,23.923851583645806,23.6334277563626,23.6334277563626,4.547530295778476,28.310231197674966,15.395835817872856,16.173547651927493,28.280202709435553,15.057285022409104,16.173547651927493,16.442140000659943,16.275038256356904,4.547530295778476,16.442140000659943,16.173547651927493,16.275038256356904,4.547530295778476,4.037204238797316,16.275038256356904,18.75221948998692,14.113208656847787,18.75221948998692,14.140484295085768,16.275038256356904,15.395835817872856,14.140484295085768,16.173547651927493,13.652798457726208,15.057285022409104,13.652798457726208,14.113208656847787,12.550906368016117,13.062995122786623,14.263586317714516,13.062995122786623,5.591673944765529,14.263586317714516,12.550906368016117,5.591673944765529,90.73591914621164,13.062995122786623,5.62530362649535,14.579458225722757,13.062995122786623,5.591673944765529,4.196916790670392,5.62530362649535,15.206166651682798,5.62530362649535,29.164745119276603,100.10742158151074,3.2844461240497314,14.601904150262763,7.229725667757971,14.601904150262763,14.676467633202812,7.387616983874326,7.387616983874326,7.387616983874326,13.16772498600912,7.229725667757971,14.676467633202812,7.229725667757971,3.2844461240497314,13.16772498600912,11.73486208494329,17.317661332249603,11.73486208494329,3.4474652297979573,3.4474652297979573,3.4474652297979573,120.47107867051254,3.7507419452993664,14.264120993673348,152.05921272777005,3.9067851228929955,12.74148442797952,3.8173436340085916,3.9067851228929955,139.54356957865255,3.7507419452993664,3.0806177703308557,158.4331542723597,15.475697504232661,3.0806177703308557,3.8173436340085916,161.30240127516657,143.8928336796645,13.381324902726085,3.7507419452993664,14.113281319007063,152.9136844876025,153.75500268392582,3.4418162811755,3.0806177703308557,5.332691391281392,3.4418162811755,3.4418162811755,158.84933738510662,3.358579882264806,3.5923360795961434,12.062581856192939,3.358579882264806,3.358579882264806,17.48910298312256,151.12316569769,5.845852731186591,5.845852731186591,5.811049602941313,11.46012165071552,7.682181614664283,33.50024830943817,5.630785737859347,151.55732243252936,12.693491766989945,13.698279678968108,3.6715255920986176,33.58176139468038,7.682181614664283,167.93690016096923,33.44190622438545,14.507723709867912,46.73919447637604,145.00576472163075,5.7508742199464455,17.539213615766364,23.75080592475132,5.7508742199464455,19.481617622950786,45.02817455263436,3.346908871010765,45.52828756749254,13.666258314100652,18.110630671025678,3.834090292841192,21.492027128010495,5.8124472418678215,24.4291804288168,3.834090292841192,3.733376938415407,21.895847978678674,56.08995316771851,3.3477976857531315,3.733376938415407,13.416814918212285,3.733376938415407,3.834090292841192,51.66647281332763,4.154640732315743,4.072313874263786,4.244541774799636,26.65445659575491,12.561923503300962,24.794864827267737,54.25380564826051,6.269013665593856,4.38192614298641,6.991974344461661,3.9123359372077404,7.116051063695098,22.239125703507053,28.641288471469323,22.24401278534963,25.74672712293028,29.268496905340285,30.240742842745924,25.426355132909247
37.66177989792016,37.66177989792016,32.87660647644092,32.87660647644092,2.2557875995500747,4.10252225182122,33.93824995414077,24.083062187473693,3.5656337418387203,19.062218957640788,24.083062187473693,42.812225712553165,19.477527904946783,2.2557875995500747,42.812225712553165,24.083062187473693,19.477527904946783,2.2557875995500747,7.154152859074272,19.477527904946783,40.2729858549205,24.067550975773354,40.2729858549205,20.349352913667854,19.477527904946783,33.93824995414077,20.349352913667854,24.083062187473693,24.802310926884783,19.062218957640788,24.802310926884783,24.067550975773354,17.858890481582684,25.79928485899908,35.41308341549389,25.79928485899908,4.952895770996213,35.41308341549389,17.858890481582684,4.952895770996213,48.75813131263329,25.79928485899908,4.818385452200218,9.253196234613075,25.79928485899908,4.952895770996213,7.175555267021866,4.818385452200218,12.291775324854795,4.818385452200218,5.42682552096188,35.59254863212411,1.270496509338074,15.920813255061665,2.8486118337838287,15.920813255061665,15.678693535612489,2.8144196817965232,2.8144196817965232,2.8144196817965232,26.687148547501305,2.8486118337838287,15.678693535612489,2.8486118337838287,1.270496509338074,26.687148547501305,27.000401519039283,13.53496113717213,27.000401519039283,1.4290541322806827,1.4290541322806827,1.4290541322806827,33.17934568135733,3.978692003146558,9.232024318126017,41.79677208029127,1.8492568397229823,16.12874444230354,1.5771345020192624,1.8492568397229823,49.11768360590312,3.978692003146558,2.249758173193649,48.51659499546702,13.485202528427173,2.249758173193649,1.5771345020192624,44.16546069212936,44.57888422125005,17.117140215889854,3.978692003146558,9.261637005643111,47.128919664397806,41.84977971499764,1.8978174608454392,2.249758173193649,5.823766327294125,1.8978174608454392,1.8978174608454392,48.05649665345097,1.9193397752392944,1.9429308646243888,14.240633112219658,1.9193397752392944,1.9193397752392944,12.972955380318986,39.53852428698975,5.328398752490838,5.328398752490838,6.276508515748753,5.056108808533246,4.972355014586342,21.018632164172388,5.933045321934115,34.210523161212606,16.1122332680605,22.9791444337303,1.8894046084060854,22.313437335526416,4.972355014586342,40.3676562787006,18.14952536508785,26.177790442925257,14.112819389625452,42.35491929257669,4.995082918377826,11.842367514540616,14.528408187147,4.995082918377826,5.146688968542758,16.12481077952274,1.2812181092952926,16.975440065397628,5.212784625267127,11.685283250687188,3.7277644413909794,15.26569720509468,5.991514544331634,13.583155308691904,3.7277644413909794,4.26449598620029,21.875756790802207,16.814439556750468,12.513469673466975,4.26449598620029,17.943149436404532,4.26449598620029,3.7277644413909794,19.225534997250268,12.569173733423801,13.64841141119427,11.872668592917329,21.27343955716991,16.933957390683595,26.963243766255236,20.159221660703736,20.06422333477925,11.93807850934012,25.182227532433,14.457944962531807,23.473769909057573,22.132430097622187,26.543308512695948,28.770411603745906,27.990717522510764,20.46594918066667,21.848923310401773,16.575216524907272
9.42926894248418,9.42926894248418,9.410628710052913,9.410628710052913,5.923683985627882,13.802681561222474,8.4667343365997,12.672017643591545,12.322590957508263,10.329795055902446,12.672017643591545,9.445593732827291,10.437812000478147,5.923683985627882,9.445593732827291,12.672017643591545,10.437812000478147,5.923683985627882,4.074059479328405,10.437812000478147,15.362531413272434,11.587668393457292,15.362531413272434,8.458064478840775,10.437812000478147,8.4667343365997,8.458064478840775,12.672017643591545,13.332156394902974,10.329795055902446,13.332156394902974,11.587668393457292,3.2077147987062644,13.774602113757634,14.56760753254289,13.774602113757634,7.304788511798197,14.56760753254289,3.2077147987062644,7.304788511798197,43.079598284170075,13.774602113757634,7.230383602258491,2.2620916021170747,13.774602113757634,7.304788511798197,3.768076407709795,7.230383602258491,4.027765799092844,7.230383602258491,11.781286250310716,43.49956662296325,5.877211739380288,3.0771698244515786,6.873888647046458,3.0771698244515786,3.1234307812489526,6.838783164479525,6.838783164479525,6.838783164479525,12.682669646522864,6.873888647046458,3.1234307812489526,6.873888647046458,5.877211739380288,12.682669646522864,13.019543235012396,4.390891059882972,13.019543235012396,8.835416372105609,8.835416372105609,8.835416372105609,39.33732020996912,6.411826759156035,2.1061107415309275,28.3402989931052,9.876558595572615,8.124360640801624,8.289279034851264,9.876558595572615,30.439189625739637,6.411826759156035,6.251349422544895,31.902940772306888,4.236857433347994,6.251349422544895,8.289279034851264,27.016309184946675,29.846860189066586,9.152242015788502,6.411826759156035,2.0870137482975584,27.371547886232033,31.472270626129664,9.730437012941746,6.251349422544895,5.053339935940513,9.730437012941746,9.730437012941746,25.981128499064088,8.079443944628903,9.058116559260647,7.816438800110594,8.079443944628903,8.079443944628903,6.323449570072847,25.284588063861058,11.194874697596868,11.194874697596868,11.132636729656832,12.165274837168818,11.339042298149334,3.972629726106539,11.534720561376675,30.49350133152786,9.137482256212031,17.349731382146242,9.676567672391592,4.514492698929094,11.339042298149334,28.067484158588577,3.574005071373873,17.28125272249533,15.605525248271116,26.71417441654586,11.294805856552857,10.821078637910324,16.826943677599857,11.294805856552857,10.712886494202221,14.859372210847383,8.772791549333629,14.87974380285912,11.133163727963787,12.424545926828491,7.584679205587499,16.01498921894591,11.245041148957812,15.454054307076225,7.584679205587499,7.438298194267499,17.16730695620355,12.10992637387976,10.235640358898964,7.438298194267499,10.666083453854265,7.438298194267499,7.584679205587499,11.30150498203103,8.362263778927899,8.081233614584908,7.826435247128145,14.933476589073305,10.384415020924614,11.824476147533387,9.519734232550078,13.915514571609764,7.688686297136252,11.260814912912382,8.127523946111397,11.27830579106117,14.699131043140945,12.900645257202445,11.600559366209435,12.393181911591249,15.71701288563377,15.350217613036355,14.40163632597073
21.64474626750235,21.64474626750235,29.078356859300317,29.078356859300317,1.1148505170232428,118.17442477121351,13.57537798917275,11.909765912505149,118.89139734129544,13.850476193486866,11.909765912505149,10.426442694935156,12.537310901748274,1.1148505170232428,10.426442694935156,11.909765912505149,12.537310901748274,1.1148505170232428,0.7680726536913371,12.537310901748274,18.78069548111673,14.129170100813079,18.78069548111673,13.48579488202041,12.537310901748274,13.57537798917275,13.48579488202041,11.909765912505149,13.072761263264374,13.850476193486866,13.072761263264374,14.129170100813079,3.470568094037494,9.063266157672299,8.605683336422075,9.063266157672299,0.8194482872319891,8.605683336422075,3.470568094037494,0.8194482872319891,99.69608481061051,9.063266157672299,0.8278426736687965,10.761215896809059,9.063266157672299,0.8194482872319891,0.7161234818655398,0.8278426736687965,16.223901047214156,0.8278426736687965,126.0766719650532,99.14857974657531,0.8876398457841836,3.870349822466016,0.8354830836571867,3.870349822466016,3.885394624933911,0.8297738492376112,0.8297738492376112,0.8297738492376112,11.232102299068787,0.8354830836571867,3.885394624933911,0.8354830836571867,0.8876398457841836,11.232102299068787,9.529902445604934,14.74710451576282,9.529902445604934,0.9832151270075987,0.9832151270075987,0.9832151270075987,103.77873836253079,0.8815618612519552,9.360139825371979,162.09513253873135,0.7882260283317715,14.67529851582415,0.879119057719463,0.7882260283317715,144.29675367793197,0.8815618612519552,1.1640598529342887,146.41568876433325,15.294346649165105,1.1640598529342887,0.879119057719463,157.18922411242409,150.39348424397207,13.00657741838983,0.8815618612519552,9.482532819135175,162.33090226191757,147.08747579789454,1.0679745167596009,1.1640598529342887,0.999286345233067,1.0679745167596009,1.0679745167596009,151.66881506828602,1.1685380512129753,1.422538799434534,14.62594107806196,1.1685380512129753,1.1685380512129753,15.511154123957201,155.24256128187508,0.9105080502777866,0.9105080502777866,1.074266561240265,9.491703684560093,1.022076132693879,224.91549502480527,0.6835920787367761,155.14557740767117,13.636530402237993,12.65078863804521,1.189003354088112,225.3856539747268,1.022076132693879,156.0368150491981,225.98385734937702,11.268841114755604,172.59364771419175,128.17888483931844,1.278801485878811,15.088783291299539,8.647728654022515,1.278801485878811,4.98817436951414,172.9759054442005,1.5461655473724194,173.04113905554306,5.7103789377275085,14.137492147385231,0.8710798440054955,6.912483862545302,1.1484882942025878,6.509587627102317,0.8710798440054955,1.0031365121999123,17.965758957838002,18.070351890007636,2.632075428648132,1.0031365121999123,13.02266547306005,1.0031365121999123,0.8710798440054955,19.74555303023292,3.8526062705266004,3.1443847339513833,3.784135133443552,7.667684446733882,13.534971130970195,12.176770504122763,20.918782352094862,4.597935226362158,3.8781797076282722,9.739066370576289,2.8472195757522023,11.037116749397333,7.460866370027412,11.599784790670848,9.425660747524255,9.392081767674686,23.72209213625376,22.89847572139609,10.580013592302135
16.11237748299723,16.11237748299723,17.7329072131614,17.7329072131614,5.236766982266678,3.0948430655482144,13.613979302680272,5.510036053067579,3.10566567036825,4.743674407515344,5.510036053067579,15.1066081046347,4.539775374287437,5.236766982266678,15.1066081046347,5.510036053067579,4.539775374287437,5.236766982266678,5.454499559941233,4.539775374287437,19.345561355987112,4.2838294336268365,19.345561355987112,3.9607464819290263,4.539775374287437,13.613979302680272,3.9607464819290263,5.510036053067579,4.815946422159976,4.743674407515344,4.815946422159976,4.2838294336268365,5.817269438665054,4.0356004311278735,14.482726955492899,4.0356004311278735,5.215941835832644,14.482726955492899,5.817269438665054,5.215941835832644,15.384065330686278,4.0356004311278735,5.280831621684812,1.1662529590415522,4.0356004311278735,5.215941835832644,6.559278367355592,5.280831621684812,7.677001829072307,5.280831621684812,3.1704747674579288,18.85342472959046,4.437280242709271,6.405918271630092,6.783132296249255,6.405918271630092,6.33935622221746,4.857638083788266,4.857638083788266,4.857638083788266,4.584989166549586,6.783132296249255,6.33935622221746,6.783132296249255,4.437280242709271,4.584989166549586,5.964356832862674,7.610582169345464,5.964356832862674,5.905722272239717,5.905722272239717,5.905722272239717,19.04936336500874,4.464056712264464,2.0024928485328233,16.322734507988876,6.155231441447565,9.081616449292886,5.819798790780912,6.155231441447565,21.678609756277606,4.464056712264464,6.989670680480016,19.602143061597342,7.632551066852489,6.989670680480016,5.819798790780912,17.364197155774647,21.707284456396554,9.317017819186766,4.464056712264464,2.422989432972894,19.859160852976107,19.69065401607448,6.548417334566658,6.989670680480016,4.688443175566354,6.548417334566658,6.548417334566658,19.325624122589407,6.278862756198638,7.926819623895805,8.444541780317149,6.278862756198638,6.278862756198638,7.866359254735608,16.130592152106047,8.45588902517188,8.45588902517188,8.354548412495182,6.878275151140389,7.360481818835402,5.7593557948714516,7.469299254508858,22.71160542456185,8.818713280595317,5.957257470146927,7.920958627763069,5.54055309966823,7.360481818835402,17.17827969717124,5.504131741139807,5.760915873969311,6.264538257995021,20.052738003445825,7.856817249062777,7.421830828754836,6.467398058475215,7.856817249062777,7.032437952533422,6.483833646333882,5.094697542311197,6.333183126100523,6.858349452259074,10.475984983606232,7.846892025856427,6.366496241246844,7.829392737143045,6.059676091780021,7.846892025856427,8.079365604197484,13.672065950686406,9.13928889037503,7.38277095222596,8.079365604197484,10.855448973021636,8.079365604197484,7.846892025856427,10.229386297807661,5.155501893358844,7.654739717164573,3.8794604912084756,23.628482955277377,11.14113221344322,28.2016437205109,10.907825237321147,11.645337227336002,4.118630185784962,34.199029043564295,6.178520332560228,29.18194106601483,23.469491705123882,28.41471933435084,28.73437701351185,29.532288234574995,29.572649654516542,33.76071936753928,11.46083020192291
28.60855746683225,28.60855746683225,29.869747982097756,29.869747982097756,10.555627365857136,34.446441618599536,19.32098680172702,18.552224353384176,36.06403878616117,16.95981699241737,18.552224353384176,18.626123322096767,21.58950138894996,10.555627365857136,18.626123322096767,18.552224353384176,21.58950138894996,10.555627365857136,7.8842094572316075,21.58950138894996,27.05162796427165,15.92578177507791,27.05162796427165,21.654636980995495,21.58950138894996,19.32098680172702,21.654636980995495,18.552224353384176,21.95604672381713,16.95981699241737,21.95604672381713,15.92578177507791,1.2975925761874232,20.651297007779828,19.552920861214897,20.651297007779828,5.605247074322964,19.552920861214897,1.2975925761874232,5.605247074322964,26.142144876678046,20.651297007779828,5.2474773299651885,4.3112645213306395,20.651297007779828,5.605247074322964,5.932779682766206,5.2474773299651885,7.0156661709779105,5.2474773299651885,39.14559156062192,25.88354093628717,3.0211412589233366,1.6433909862781468,5.560503154495487,1.6433909862781468,1.3694757190296174,4.9821032822312565,4.9821032822312565,4.9821032822312565,18.04300004296381,5.560503154495487,1.3694757190296174,5.560503154495487,3.0211412589233366,18.04300004296381,21.731952221923695,5.398220230028307,21.731952221923695,4.005805189337463,4.005805189337463,4.005805189337463,21.191734983830674,8.708897209518252,3.6264004421409215,47.99793659758222,2.2893524088568205,6.817909315227946,2.1423515170065985,2.2893524088568205,45.83961786650021,8.708897209518252,4.476828302821108,46.79186993228923,5.158599691137881,4.476828302821108,2.1423515170065985,48.629126654679894,47.24146886643975,8.924318184947884,8.708897209518252,3.4590449962092946,53.51296982720968,46.93821085954388,2.7661850039582454,4.476828302821108,8.61439268208619,2.7661850039582454,2.7661850039582454,54.57569263986685,2.8084887235923675,2.722354722928763,6.100756690959208,2.8084887235923675,2.8084887235923675,6.3096538106783395,51.85646087764126,8.151226410756701,8.151226410756701,8.064720518226165,5.612493809935793,8.75714984483437,59.6982097706871,8.405259986050577,44.72550325142475,8.686432377197132,10.778988924876993,2.898652606755224,62.44468192066816,8.75714984483437,60.10789748717111,63.756496799166875,9.355770675236824,48.33946055882027,48.82431778869018,7.861494054053193,7.1207093474350165,80.6564189694814,7.861494054053193,6.007358284457533,47.5428591682308,3.4058267247205,48.668526395394146,5.344588530275359,7.8927801495226,3.3661905316760534,90.18905688074075,7.8054661918811545,65.5044333125419,3.3661905316760534,3.059528366462998,16.043417393229284,7.36918867903603,69.67058006125853,3.059528366462998,7.411655189409191,3.059528366462998,3.3661905316760534,7.989502449572123,13.91708230004405,65.36001094716572,12.998261413672866,62.6168530198317,7.827317107029881,51.33120437231563,10.004538219420638,65.90947038868563,12.727060201320828,61.427418575957084,61.18645977821251,59.458420484521874,62.1117470131698,55.894560684116925,58.61066274066303,60.45490478242394,56.97976946479086,65.69426731415695,47.829277740611275
14.450660093413477,14.450660093413477,11.417523010310003,11.417523010310003,4.679843575936233,6.732156979679012,15.104815250506967,27.12022540283904,7.499978597342171,11.369008741451756,27.12022540283904,17.902224224975427,21.429529931259744,4.679843575936233,17.902224224975427,27.12022540283904,21.429529931259744,4.679843575936233,6.4040254802412475,21.429529931259744,13.001149835384224,15.634741492823872,13.001149835384224,15.327141594832428,21.429529931259744,15.104815250506967,15.327141594832428,27.12022540283904,21.02695928528366,11.369008741451756,21.02695928528366,15.634741492823872,3.382874457339114,19.71779012901726,15.943640191766264,19.71779012901726,8.51982575380543,15.943640191766264,3.382874457339114,8.51982575380543,80.9116637880535,19.71779012901726,8.191209781822502,2.870587640937284,19.71779012901726,8.51982575380543,7.047437097840118,8.191209781822502,6.7280288973167695,8.191209781822502,5.528712861784336,83.77819094026643,3.262931507117779,4.08606716085705,7.681865712017092,4.08606716085705,4.124186936006101,7.843483170658973,7.843483170658973,7.843483170658973,14.056511360930747,7.681865712017092,4.124186936006101,7.681865712017092,3.262931507117779,14.056511360930747,13.294489351149089,9.15922627842244,13.294489351149089,2.3495126770543338,2.3495126770543338,2.3495126770543338,74.48419545218898,5.677532291625776,4.2618881747561765,62.958656745791856,2.880204362875388,16.127748804464304,2.7376366719264458,2.880204362875388,57.96034386797937,5.677532291625776,4.145643188592664,64.06219126182238,8.775960357922601,4.145643188592664,2.7376366719264458,70.21451989119959,61.548365538304196,15.482182957065435,5.677532291625776,3.7254882300216243,64.81150430709214,61.80953477626058,1.8351162758048378,4.145643188592664,4.3721168554761345,1.8351162758048378,1.8351162758048378,74.90154245866941,1.9056885238569767,1.7204818889088533,15.43464327954555,1.9056885238569767,1.9056885238569767,14.388998178579728,61.706782737278715,7.496549559086197,7.496549559086197,7.867792407862322,5.796603252181009,8.11511667330367,4.619454798486197,8.28068286149604,61.49840038130413,16.3846021264305,22.761349938227134,2.044816450760962,4.771810394430842,8.11511667330367,62.922171741825835,4.338124120973503,23.953489982444346,5.69148290840975,60.86244572602036,7.444778250202044,14.356621638810728,11.31146164950114,7.444778250202044,4.9725470033356,8.294445536838202,2.4771002976686955,8.365019425219105,5.316551478117521,23.43374791319078,4.546442802034981,11.061823997699838,7.86765900932998,8.90582565911666,4.546442802034981,4.443671283063942,26.683629815423398,15.982198828783794,5.202035860656055,4.443671283063942,23.082767436149187,4.443671283063942,4.546442802034981,15.744642046761511,6.722988859178981,5.620156690957479,6.823571375631187,10.45766811995966,23.81148169120287,11.73421993798197,15.208474969330199,16.82472636188534,7.6510465218771,20.566336264104134,4.955760753271135,19.88679948614771,10.505585556412667,11.566431890931883,11.466017620667857,12.0615428145249,15.413851088098346,13.827091751678575,20.254917747355083
19.292932312822124,19.292932312822124,20.92687399880017,20.92687399880017,2.360108927274201,168.73731038869383,8.385851100196565,8.761741601279361,173.38451502212018,5.681206410093764,8.761741601279361,9.322137075517222,9.15992077877928,2.360108927274201,9.322137075517222,8.761741601279361,9.15992077877928,2.360108927274201,2.9218537151770674,9.15992077877928,15.829944031279533,6.033222583059905,15.829944031279533,7.995897256105416,9.15992077877928,8.385851100196565,7.995897256105416,8.761741601279361,7.624617797753144,5.681206410093764,7.624617797753144,6.033222583059905,5.286036496842835,6.269863252033388,6.780442717043767,6.269863252033388,2.4169063834077216,6.780442717043767,5.286036496842835,2.4169063834077216,283.8184741257246,6.269863252033388,2.266055375300846,6.236061743122233,6.269863252033388,2.4169063834077216,3.094913742037502,2.266055375300846,6.837399963790131,2.266055375300846,147.2983675601829,275.2006740644776,1.0760372949422727,5.192482171529907,2.6691243292823925,5.192482171529907,5.161596686728138,2.5117979028834063,2.5117979028834063,2.5117979028834063,5.667658679657403,2.6691243292823925,5.161596686728138,2.6691243292823925,1.0760372949422727,5.667658679657403,7.419740400444763,9.853535735592104,7.419740400444763,1.0365232762100096,1.0365232762100096,1.0365232762100096,243.94137621707927,2.3096572363876797,8.091874432952935,504.3070285950723,1.1514490347613058,11.069070417199923,1.1688428572660032,1.1514490347613058,378.00357554476136,2.3096572363876797,1.5975269509134795,446.1383193342126,9.95104903470996,1.5975269509134795,1.1688428572660032,490.76819139755247,363.3868276176201,13.019735584249469,2.3096572363876797,8.382847365836207,556.4288982610941,491.6179863057249,1.002890526431158,1.5975269509134795,2.5622558056803406,1.002890526431158,1.002890526431158,486.5374674336802,1.012541618163224,1.9018153776081401,11.386057577463573,1.012541618163224,1.012541618163224,8.021477035218684,476.14019712301996,8.702389848081891,8.702389848081891,7.860029187628574,17.620394392367025,13.131892154686767,505.48564180788793,13.647209779771549,456.63491041584876,13.50633745779683,15.562959037115846,1.7249438891521909,502.1215626229382,13.131892154686767,484.55262049039254,499.06635927552117,15.356864555320092,543.7831556701018,404.74280705328215,8.746594917591946,12.227694661199319,7.317315631784552,8.746594917591946,16.209261508909318,547.2175862191083,1.877249482330272,558.338098815655,16.4142785553725,11.806287637784314,2.194550822919317,6.599594023282907,9.033876685738594,5.466976850623504,2.194550822919317,2.276880440440598,17.368882602801442,29.983600117902657,4.583973088047798,2.276880440440598,13.882655889842104,2.276880440440598,2.194550822919317,27.766893788869496,6.1083336004704325,4.095311464340251,6.5115808484767,7.577133772919751,14.607307374103643,6.545934451122466,23.404517706460076,16.836838471682395,6.426275120522799,20.78259438346355,3.9845816557951514,20.349945897283597,6.716354532703421,7.25306322079556,6.652245829686602,7.416752914747192,15.98336601871233,15.102249175885454,16.736194260152768
6.617073029727354,6.617073029727354,6.904405554876362,6.904405554876362,10.409020819112456,12.635284468122032,5.718852143383797,6.310585103222288,12.368785117498486,3.222022844722006,6.310585103222288,5.883306372759072,5.862685938421879,10.409020819112456,5.883306372759072,6.310585103222288,5.862685938421879,10.409020819112456,14.494346832467391,5.862685938421879,5.439907123971325,3.5273772982730263,5.439907123971325,4.502618323753248,5.862685938421879,5.718852143383797,4.502618323753248,6.310585103222288,5.154730125422066,3.222022844722006,5.154730125422066,3.5273772982730263,1.8001426155905287,5.623609739286494,5.946955764306712,5.623609739286494,8.255654350480986,5.946955764306712,1.8001426155905287,8.255654350480986,53.27449374679344,5.623609739286494,9.200598964917807,2.8317355734865375,5.623609739286494,8.255654350480986,16.377198912955887,9.200598964917807,7.7412547479760345,9.200598964917807,9.972731206723086,51.934055353343155,11.470157595920762,2.0638799556416534,11.805912743552948,2.0638799556416534,1.8579193103481184,12.531841187360081,12.531841187360081,12.531841187360081,3.1677266810348153,11.805912743552948,1.8579193103481184,11.805912743552948,11.470157595920762,3.1677266810348153,5.727976910608572,7.464694389060506,5.727976910608572,11.454725113376593,11.454725113376593,11.454725113376593,55.44342960645484,10.790759572031678,3.2767502306411913,65.3469350894578,9.686575903201442,10.62164671969488,10.132462189406583,9.686575903201442,79.37974800282984,10.790759572031678,12.978800749992597,89.53044059279442,7.433436689586158,12.978800749992597,10.132462189406583,65.89260845946701,88.65611577698395,9.771789569199093,10.790759572031678,2.9713153846268003,66.4734523884427,86.310669231254,9.912785161443006,12.978800749992597,13.815105738349978,9.912785161443006,9.912785161443006,67.43217970802571,9.820138350652474,10.74259693860772,11.095373800515711,9.820138350652474,9.820138350652474,7.558416260809904,61.81508378985623,12.156074381365208,12.156074381365208,12.060946195897612,13.571337147784147,10.745143590240309,20.030070652283012,11.211423313972443,77.3348463088669,10.857587509082185,26.95331681014746,10.843852786770107,26.225589410321618,10.745143590240309,52.931135869784434,25.54961020398018,23.079094364997637,21.563738598458457,79.18055415039498,10.362830208393303,7.246955434610442,18.186268355440383,10.362830208393303,14.381998637890023,28.644505276569305,12.943646492371043,27.846617496277403,14.273441963678223,6.78439601183736,10.765303326466537,17.559616707666063,10.967573801779903,22.107751447700473,10.765303326466537,10.763239387292844,26.06154243769416,20.245293089553456,19.717490820584253,10.763239387292844,9.590613678020823,10.763239387292844,10.765303326466537,20.150764357033744,19.896453131345186,20.009757928527947,18.343360279313796,20.925284756708944,10.727902853576664,18.371018141338265,18.284432029747453,22.743547514615,20.105465635348008,24.580718361041612,20.602169234023016,24.027437754622913,20.725950487014355,17.963692617609556,17.2604099092481,17.413241562145345,12.46653408551272,10.417503836283473,16.485151219287154
14.442865065479378,14.442865065479378,16.571218744255834,16.571218744255834,2.517551766274944,41.47684653075717,17.18407254135,5.810399163468634,40.32824500908848,2.9788173853078836,5.810399163468634,17.07661079947176,5.7645129889065725,2.517551766274944,17.07661079947176,5.810399163468634,5.7645129889065725,2.517551766274944,3.8771712196744974,5.7645129889065725,13.405884928791151,3.262038314142958,13.405884928791151,5.288532022131403,5.7645129889065725,17.18407254135,5.288532022131403,5.810399163468634,4.727193614102619,2.9788173853078836,4.727193614102619,3.262038314142958,1.1521745053089503,4.586209536977739,19.795067858370366,4.586209536977739,2.947980755011867,19.795067858370366,1.1521745053089503,2.947980755011867,53.20028463160396,4.586209536977739,3.2790943711446223,3.8001028490633266,4.586209536977739,2.947980755011867,3.920866661838204,3.2790943711446223,4.214977645152072,3.2790943711446223,32.598212879957586,54.42893769174857,2.31302057236947,1.6919007797047179,2.7639728349853936,1.6919007797047179,1.7280891481308123,3.1773984926650356,3.1773984926650356,3.1773984926650356,1.7738867300969212,2.7639728349853936,1.7280891481308123,2.7639728349853936,2.31302057236947,1.7738867300969212,4.715794835966011,4.126917276151819,4.715794835966011,3.0523350385798143,3.0523350385798143,3.0523350385798143,56.04697425205103,2.5981617107416715,3.6158282082887854,117.72722148534976,2.8190123308985404,20.193641424562905,2.6046295231065715,2.8190123308985404,103.55675600303323,2.5981617107416715,3.1733850549166673,132.79611845599075,3.7487168236935977,3.1733850549166673,2.6046295231065715,104.59153403093497,110.6159030293948,19.07512732308612,2.5981617107416715,3.4242675655573254,115.48848610949601,144.97439686773714,3.333599348085872,3.1733850549166673,4.4238943224532115,3.333599348085872,3.333599348085872,105.49074038293155,2.9747411121291765,2.790697452201885,19.04327420775749,2.9747411121291765,2.9747411121291765,23.67018058237162,92.48711983693259,4.587277658550285,4.587277658550285,5.081300019664994,4.466523532158692,4.575186720838642,3.9630998990017114,4.697882021997992,117.13042926097467,19.19330307602637,35.2144922114707,3.0427414745562418,3.479949713974428,4.575186720838642,101.54603592143575,3.5053145224837436,27.901900686846307,50.387389925621065,112.3116073790503,4.703531520007457,23.479303493795395,10.508102282061092,4.703531520007457,4.452886512060416,59.547956620851174,2.574257545839272,54.86042757430659,4.940235439163222,23.551102917007206,4.166959916661105,10.616908224437665,5.3609580306095195,10.993073318199844,4.166959916661105,4.107352950903143,17.286124484646834,114.68329740012823,6.039232571168035,4.107352950903143,19.331293861578217,4.107352950903143,4.166959916661105,114.45622111856669,5.250247359684047,7.109916892939005,5.518703860306325,16.45776178473576,19.336918033127084,16.515797110265055,110.32670015506389,15.797253788073778,5.743238872744445,18.616521416044684,7.466343883731116,17.999524315094877,15.589142105530382,15.878304391754602,14.50335669666042,15.287235704300553,15.38481060601697,14.319614720922182,24.363835259814547
8.466270905716101,8.466270905716101,5.692799517942161,5.692799517942161,2.4145342691240983,31.756073579775254,6.196937980688708,10.0892362629382,32.31022443988924,4.97725466707636,10.0892362629382,7.566794254018102,7.523051214319881,2.4145342691240983,7.566794254018102,10.0892362629382,7.523051214319881,2.4145342691240983,5.324471503081723,7.523051214319881,5.401488753638911,7.787672306996224,5.401488753638911,6.93595135416499,7.523051214319881,6.196937980688708,6.93595135416499,10.0892362629382,8.908004958978518,4.97725466707636,8.908004958978518,7.787672306996224,2.993008321269058,10.109760174096047,8.855568277809477,10.109760174096047,2.8009281694147568,8.855568277809477,2.993008321269058,2.8009281694147568,32.83140228078441,10.109760174096047,2.0789388192605562,3.6831208105902276,10.109760174096047,2.8009281694147568,5.669156592551535,2.0789388192605562,5.94153373855404,2.0789388192605562,29.86176908339016,33.056577846983785,1.482247569465236,4.581973337556612,2.5750709215550667,4.581973337556612,4.778799653816528,2.2080854444290257,2.2080854444290257,2.2080854444290257,8.426833424699801,2.5750709215550667,4.778799653816528,2.5750709215550667,1.482247569465236,8.426833424699801,9.018379936708815,4.644468898355093,9.018379936708815,1.6337318632440647,1.6337318632440647,1.6337318632440647,26.553553883871874,2.6356861495762223,3.160695140758012,43.49839804349404,2.466844216317734,5.193591001895216,2.1987703156562977,2.466844216317734,25.47314796454004,2.6356861495762223,1.8310031549960435,34.61601370712871,6.059263644701263,1.8310031549960435,2.1987703156562977,47.083249343684734,29.555192797921396,4.413921704500039,2.6356861495762223,3.1540097767275674,47.49402784246043,32.994030038132436,3.392590507381898,1.8310031549960435,5.0175217048278435,3.392590507381898,3.392590507381898,51.03423409763377,4.149460953923669,3.238454738377105,5.7818341820915835,4.149460953923669,4.149460953923669,11.712702763934267,35.36411153749188,6.819840269016947,6.819840269016947,5.612368719267559,54.41907933629198,6.045171218950765,60.91240459833985,4.953433345454175,33.565349964227515,5.087782046740321,4.5783318305060305,2.6237644599869663,67.24790438683304,6.045171218950765,39.0575987296169,66.01224870876078,5.003223213238452,56.37978291390397,30.26820914377278,8.396283969765669,13.531274142223168,5.200393357830412,8.396283969765669,29.095212678400244,57.79342828461212,2.2742072072214765,57.880840715681664,49.30261865960093,8.585192445030266,2.314722502721424,5.16853680020381,7.8730549486998775,6.17561233977814,2.314722502721424,2.4862336135861116,6.9846665669764185,33.608319383277134,5.810702922098835,2.4862336135861116,7.009955810208678,2.4862336135861116,2.314722502721424,33.98656373099921,5.755524782307847,4.145394587800682,5.028718479494104,12.438535714769591,7.850160223261188,12.475220237671525,50.40053305657424,11.384427688953302,4.85741551716645,11.866546069495275,4.1439012578462595,11.824571375746778,11.288848300796724,13.520052077893093,12.469852340037518,13.541110430779396,11.612607298273753,11.83214134463222,10.261059321836502
28.609667243249184,28.609667243249184,24.333229997447503,24.333229997447503,4.504026431308833,27.910133015623565,44.04411380862429,58.214020533827544,29.22752117248345,58.726387442314525,58.214020533827544,51.256805375277615,54.69758584168333,4.504026431308833,51.256805375277615,58.214020533827544,54.69758584168333,4.504026431308833,6.266036518064642,54.69758584168333,21.358931736875363,58.093877621800864,21.358931736875363,53.43023557613096,54.69758584168333,44.04411380862429,53.43023557613096,58.214020533827544,55.75572955616845,58.726387442314525,55.75572955616845,58.093877621800864,4.515283232956381,52.362872870723386,56.38252607417933,52.362872870723386,2.6828943313472697,56.38252607417933,4.515283232956381,2.6828943313472697,30.31646662108001,52.362872870723386,2.4101314543697674,3.2898226533018375,52.362872870723386,2.6828943313472697,6.2755831381841,2.4101314543697674,4.292693638290682,2.4101314543697674,19.011337364215226,29.232495409529932,3.3796409632629034,4.258068336951093,3.5595307363259043,4.258068336951093,4.163394438172606,3.1642513642375456,3.1642513642375456,3.1642513642375456,54.600297910513234,3.5595307363259043,4.163394438172606,3.5595307363259043,3.3796409632629034,54.600297910513234,52.910674822647714,4.9635409229013945,52.910674822647714,4.440942300225473,4.440942300225473,4.440942300225473,37.43619563239655,3.367065777853772,3.560852168147691,24.245004662383117,2.541315088853256,4.968767385556097,2.4512198587127854,2.541315088853256,36.80306784558401,3.367065777853772,4.491267773518169,23.9258315633651,4.723506333896293,4.491267773518169,2.4512198587127854,25.596616339272707,26.863561830663954,5.834851208571053,3.367065777853772,3.461093527546953,29.581089372659676,27.530768747253628,5.638487197644872,4.491267773518169,1.8720275826593287,5.638487197644872,5.638487197644872,25.434054187773135,4.189257970434468,3.347964535253571,5.261480139909588,4.189257970434468,4.189257970434468,5.696875854640925,24.628932898077817,5.9955838010405085,5.9955838010405085,6.635017556165211,4.8074380565821855,4.183397350151278,15.18390592718342,4.473182868511675,26.59607831289206,5.324347298906379,6.333573944897824,3.1486070252380682,15.135200245738938,4.183397350151278,24.849882524648944,15.938746338588532,5.785436520233512,12.299079865399785,25.996685717210305,5.012302035446102,4.272450624075156,9.913266424138412,5.012302035446102,4.056756239596405,12.169002125371211,4.621378941823285,12.551348091648086,4.812700045033749,6.486818994790327,4.1235692163943956,10.86497585090017,5.700228566252646,11.185923141351521,4.1235692163943956,3.8853993880153253,6.253711810640722,6.170437828125602,3.1076755533646825,3.8853993880153253,5.464338564148216,3.8853993880153253,4.1235692163943956,6.042693089214681,2.993068099970976,3.1177305586083457,3.147942204338967,10.806128413403401,5.696268892837675,6.74843577653331,5.030845897701605,12.064270814092263,3.1009162824772933,10.2466023057155,2.9577374255558615,10.944821551069156,10.743874766344534,6.737205115922043,8.126934846663966,8.197409600962434,15.406637111971,15.90712615731691,11.131428596703417
17.528527052255207,17.528527052255207,17.270641437927154,17.270641437927154,4.540815066907093,5.927483606800091,13.392659900413099,11.054275481452168,4.96043670420012,14.76351346323235,11.054275481452168,13.113513703828362,12.079412636808271,4.540815066907093,13.113513703828362,11.054275481452168,12.079412636808271,4.540815066907093,5.151243362531295,12.079412636808271,14.270888163119775,13.301778139031326,14.270888163119775,14.061151272177423,12.079412636808271,13.392659900413099,14.061151272177423,11.054275481452168,14.450746662000794,14.76351346323235,14.450746662000794,13.301778139031326,14.903748106441663,15.483432304383598,12.440068091381674,15.483432304383598,10.199331649219586,12.440068091381674,14.903748106441663,10.199331649219586,58.06606330290431,15.483432304383598,9.993502059745166,4.104934638315849,15.483432304383598,10.199331649219586,5.044850220543009,9.993502059745166,12.210408289669811,9.993502059745166,8.350309819497364,55.42594615937745,11.64381423069627,14.894375387252703,9.75454168358508,14.894375387252703,15.390763995651248,9.634313656856191,9.634313656856191,9.634313656856191,14.074400298520274,9.75454168358508,15.390763995651248,9.75454168358508,11.64381423069627,14.074400298520274,14.271365091214058,10.164004182493079,14.271365091214058,3.267416860565806,3.267416860565806,3.267416860565806,61.71608224271677,4.574602682975033,3.519264996463102,30.17723074120952,13.96289447780165,16.907244513191685,14.039873448279803,13.96289447780165,40.789771505708224,4.574602682975033,5.781769539776535,38.95129259080489,12.259625653603514,5.781769539776535,14.039873448279803,29.167336230570566,39.58537126870311,18.02347498797829,4.574602682975033,3.88936045505886,29.695485152514486,37.36690802042332,4.01341442531487,5.781769539776535,2.6020371291946134,4.01341442531487,4.01341442531487,29.215772516871247,3.400995936835242,4.425501205616528,17.03285780117705,3.400995936835242,3.400995936835242,19.572233975255358,28.266126566050065,12.776176574232576,12.776176574232576,12.569401157289642,8.417185210146254,7.707169320486332,32.170241169048225,7.6154250379594846,38.718416392270235,18.481384070240914,18.854487389187614,4.304311271438924,32.76371243884569,7.707169320486332,30.24564330636855,32.127541826334514,16.258883075195723,33.38613581715838,43.768735909456176,13.144780029078568,19.485242598193402,19.51035662433475,13.144780029078568,9.10509044446719,31.506684192290905,4.092950417703441,31.24392843794474,8.129033473108647,18.482411757747396,9.584752662477905,20.141706803162354,12.864667991251418,17.73964486212688,9.584752662477905,9.980707404990898,18.789277979047718,3.776886980496845,21.81548352042743,9.980707404990898,12.077302675458451,9.980707404990898,9.584752662477905,3.8716494216691317,7.679827579274653,20.1211639995734,7.179273127901756,20.930489754445947,13.493600758540131,23.069888025579647,4.304377921679151,18.529144614430763,6.925629511859361,27.17201301759998,20.290353340781586,26.40530242001259,22.81974360620889,21.103997532821833,22.801452172834146,20.835999821849953,27.23946336164061,27.627803779158963,16.88352498719507
16.93640891169111,16.93640891169111,17.548267782145953,17.548267782145953,2.9925213465608627,9.272393491643438,17.77420529747671,19.496267152316175,9.422828427888065,26.18758849775288,19.496267152316175,16.99903403112311,17.933281215230018,2.9925213465608627,16.99903403112311,19.496267152316175,17.933281215230018,2.9925213465608627,1.8423814467652346,17.933281215230018,15.665544603463552,28.870453153757353,15.665544603463552,18.485252305884092,17.933281215230018,17.77420529747671,18.485252305884092,19.496267152316175,19.52027944038445,26.18758849775288,19.52027944038445,28.870453153757353,19.028418067730012,18.894445434114466,17.789789834603056,18.894445434114466,4.474946251025674,17.789789834603056,19.028418067730012,4.474946251025674,59.85129256474737,18.894445434114466,3.979393358720272,4.96367744665636,18.894445434114466,4.474946251025674,1.5752037968921337,3.979393358720272,12.360564695957704,3.979393358720272,10.74454168533663,57.73127053473625,3.739246804701101,18.828945873165022,5.293389426894995,18.828945873165022,17.378126033077525,4.897149260313371,4.897149260313371,4.897149260313371,29.409249089611524,5.293389426894995,17.378126033077525,5.293389426894995,3.739246804701101,29.409249089611524,20.760267659361137,11.244959580782275,20.760267659361137,4.091962160754343,4.091962160754343,4.091962160754343,63.139883551453515,2.785214039787127,4.080061707348686,54.074600043091756,4.831513449190019,22.74979006549924,4.6054582498114645,4.831513449190019,69.66506653673491,2.785214039787127,2.679925434615939,60.934143203756946,11.283886907991853,2.679925434615939,4.6054582498114645,64.07520794978339,94.63511390074939,22.144092861988497,2.785214039787127,4.360397099921489,52.575432062240864,50.98781009222897,3.7572690546588388,2.679925434615939,1.8477287382750354,3.7572690546588388,3.7572690546588388,59.4729675422768,3.3879375461060426,4.098164821502999,22.600636481132263,3.3879375461060426,3.3879375461060426,17.403596996143364,56.9585492870795,3.5163040917276662,3.5163040917276662,3.0559827380510782,11.32267316072917,2.4781179383882446,57.47282120207468,2.67482196124523,56.170202307965425,21.897227269389177,28.16033857249877,4.251092472384286,49.21504415745547,2.4781179383882446,63.24693042981257,50.96286855105247,29.97707774104105,64.60334123123417,73.39087254814415,4.521074324405419,19.97271413737927,10.782612065839775,4.521074324405419,7.076481454247736,64.81130273506112,3.807873580056914,66.58937295672538,10.862252767272375,25.630601683335456,4.760874078610977,8.718672595264758,3.2409274168987245,10.448653873759095,4.760874078610977,4.586859138340946,26.075764263621902,11.028067469923004,4.605657241164668,4.586859138340946,31.28461257003004,4.586859138340946,4.760874078610977,11.322922072885753,2.0643624118522386,4.700766242066353,2.3328584264482344,25.91605055220034,29.926440481723937,27.745086160541238,8.414818739398516,33.56436469697754,2.386693135295392,28.785571576508566,4.702166339439172,27.565966155128702,25.821458183610826,30.119162751117873,30.198405765768136,32.65895646547305,27.409789508401424,27.106712164460113,32.11628647996831
23.424198649394757,23.424198649394757,21.936026956965158,21.936026956965158,7.809836719102169,7.285011991135778,28.73453065648875,10.603558377075618,7.5657063312396025,15.393015201096766,10.603558377075618,25.849037173007602,9.879429266169968,7.809836719102169,25.849037173007602,10.603558377075618,9.879429266169968,7.809836719102169,2.709038054177937,9.879429266169968,23.673016344360107,14.943968164986902,23.673016344360107,10.448315298348652,9.879429266169968,28.73453065648875,10.448315298348652,10.603558377075618,12.442729853335878,15.393015201096766,12.442729853335878,14.943968164986902,1.814488050609693,13.120121506421599,28.351610683188294,13.120121506421599,6.868807898385245,28.351610683188294,1.814488050609693,6.868807898385245,42.001796768581734,13.120121506421599,7.530236951698366,5.499990839809149,13.120121506421599,6.868807898385245,2.517432263122419,7.530236951698366,5.72654930826314,7.530236951698366,8.104094486696892,54.64307765278632,7.752684846970836,2.218599185463633,6.299452618222104,2.218599185463633,2.183018514749455,8.391738776493026,8.391738776493026,8.391738776493026,13.926824436158652,6.299452618222104,2.183018514749455,6.299452618222104,7.752684846970836,13.926824436158652,13.164521024719672,5.6291837353017025,13.164521024719672,8.283630244597896,8.283630244597896,8.283630244597896,47.765240164386604,7.419397490762746,5.097859918822207,36.098811537072805,6.794381678730478,15.695840259392606,4.481331964749584,6.794381678730478,58.94986409260193,7.419397490762746,8.524834061473332,34.769493727301,5.3809174421497925,8.524834061473332,4.481331964749584,36.027211900339466,55.93531053970794,15.771602903523737,7.419397490762746,5.0353561999650145,36.067223998168245,34.81929167885233,6.792397580886325,8.524834061473332,1.8834625081669243,6.792397580886325,6.792397580886325,36.3788030310418,6.346567032132372,5.116648188238697,15.364018369039533,6.346567032132372,6.346567032132372,13.14238188199236,36.655284449533056,12.035277796108634,12.035277796108634,12.055441113678118,10.847167450754696,11.017876544141755,34.25740399369361,12.161677926950615,37.765509164597624,15.71245175371361,21.766525439349916,6.630962069155775,33.19139564626427,11.017876544141755,36.814557186485814,32.504674724516285,20.80383555734049,37.11663162820247,65.03746018640199,11.810065410195524,15.522579825188043,10.354028971842546,11.810065410195524,13.400723657495243,33.49554929110171,6.915640027391043,32.464126062587695,11.032033103658188,13.376248990815547,8.665173722750156,11.678849809972546,11.728714830848347,8.79192459796724,8.665173722750156,5.765623093100955,13.32424305123604,12.18380741370085,7.169884688593608,5.765623093100955,14.094361922960552,5.765623093100955,8.665173722750156,10.731436996265456,2.1028115165154477,5.724012908668123,2.152253037854475,45.719999533433985,14.040406177324884,51.38037120758516,13.633840324517218,44.639312085429864,2.3040495278584205,60.86619387750098,5.471056509670136,59.71788979855401,55.18070010021684,41.78808792592799,48.68967399818327,46.25194248148337,55.09389933919159,56.034691227334214,37.00210510488035
25.22284456610304,25.22284456610304,24.926490429822028,24.926490429822028,6.471227637966739,7.792313558400248,20.013439880568672,16.749967424603252,8.15393533125608,14.441520526865007,16.749967424603252,19.600962635802567,16.903983978123726,6.471227637966739,19.600962635802567,16.749967424603252,16.903983978123726,6.471227637966739,3.2290543547475377,16.903983978123726,18.300233974751873,14.438103311013386,18.300233974751873,16.86065655146208,16.903983978123726,20.013439880568672,16.86065655146208,16.749967424603252,16.68500599413656,14.441520526865007,16.68500599413656,14.438103311013386,15.214452065078204,15.383729722286928,15.508947549093712,15.383729722286928,4.474291685041086,15.508947549093712,15.214452065078204,4.474291685041086,106.02215623531592,15.383729722286928,4.647879184582781,3.8230223852909164,15.383729722286928,4.474291685041086,3.631913544613186,4.647879184582781,13.08419194821876,4.647879184582781,15.293594527117328,108.40780228069481,4.334676127074513,13.0845994523931,4.835610081135581,13.0845994523931,13.116716768293255,5.0359910722114085,5.0359910722114085,5.0359910722114085,14.469087441864877,4.835610081135581,13.116716768293255,4.835610081135581,4.334676127074513,14.469087441864877,18.36719950834025,10.998178767927703,18.36719950834025,3.9074492784360864,3.9074492784360864,3.9074492784360864,128.8598862787581,6.33951765160885,4.0656771621857475,118.37676888908852,4.652048312050973,19.58970261660638,4.586580165741658,4.652048312050973,129.19184013249128,6.33951765160885,4.891912714684366,137.4035495628789,9.733518556492779,4.891912714684366,4.586580165741658,113.92951854053862,135.47935650102693,20.466727694467906,6.33951765160885,4.069622413894787,87.94702812492264,132.23679471858782,4.956815908777577,4.891912714684366,4.168147152990787,4.956815908777577,4.956815908777577,92.01905461845375,4.134653825934017,4.528544190529958,20.35382710214289,4.134653825934017,4.134653825934017,21.90045725586705,116.52105015308405,5.555827887413634,5.555827887413634,5.537864254797907,26.305161285982145,8.667893641311695,67.17026126971105,8.587808230690072,143.38470754898623,21.24306735998479,36.32275736040219,4.545119054625374,67.89047232847776,8.667893641311695,92.38314227029853,68.43372735595749,37.61309018271959,74.70389354311824,147.99601854388004,5.282347112150887,21.861549267156327,5.374558530862242,5.282347112150887,17.757602280531078,70.01052460491157,4.24993734179322,73.27195110097674,26.594237522455632,21.842243197378394,4.737226224054683,5.1063106342948394,5.188354087840425,5.758927719168447,4.737226224054683,4.222222512306934,35.74930345371383,25.18176687944973,3.8623619296438343,4.222222512306934,22.96414167615169,4.222222512306934,4.737226224054683,24.2072902121475,2.8624926051106256,4.20715835593755,2.2403549295259433,8.919968179742991,22.18490147991537,9.615486879260878,24.71450296112174,8.709445144738051,2.0630997634340584,8.583797196083513,4.885378642563294,8.286644440797225,7.650915617450736,9.789867797694734,8.84504028392389,8.531994441207559,9.085033704138636,9.359337389630392,5.91632198107551
5.81225002258681,5.81225002258681,6.9677049695251245,6.9677049695251245,5.30139148903774,28.203819194728947,5.63853470408706,5.977763343711318,26.09766421906718,4.749540167138854,5.977763343711318,6.322994265850466,4.246403985962765,5.30139148903774,6.322994265850466,5.977763343711318,4.246403985962765,5.30139148903774,9.19893929467793,4.246403985962765,4.544570578715936,5.481477607304089,4.544570578715936,4.894160734189977,4.246403985962765,5.63853470408706,4.894160734189977,5.977763343711318,6.326606609533572,4.749540167138854,6.326606609533572,5.481477607304089,2.324732019250641,6.116307494067902,5.141990125599383,6.116307494067902,2.2628431119792607,5.141990125599383,2.324732019250641,2.2628431119792607,27.143259245280504,6.116307494067902,2.6795260551326083,0.8737954706701005,6.116307494067902,2.2628431119792607,5.94319636602382,2.6795260551326083,3.9603228426945485,2.6795260551326083,28.632098625893878,26.875832797198182,5.244240520610705,2.2935222000491544,2.7545822703919267,2.2935222000491544,2.422132180261011,3.0137790500125967,3.0137790500125967,3.0137790500125967,5.791080662783681,2.7545822703919267,2.422132180261011,2.7545822703919267,5.244240520610705,5.791080662783681,6.108768790240077,3.37894373825285,6.108768790240077,4.385946599607794,4.385946599607794,4.385946599607794,29.11975650658321,3.2238906820760924,0.7939435035582699,65.8674713505133,3.9672660993911055,6.88894028736822,4.579883663756909,3.9672660993911055,48.39418376003063,3.2238906820760924,5.933194985886352,69.50759678665085,3.3370913010954384,5.933194985886352,4.579883663756909,68.03786086602305,52.21751857102303,5.98005639780889,3.2238906820760924,0.6790280980615958,65.97073617540586,67.09155742088721,3.161587207557529,5.933194985886352,4.048691580298068,3.161587207557529,3.161587207557529,68.18909487832674,4.051759364232085,3.665931639570265,7.181131708353826,4.051759364232085,4.051759364232085,6.703920198993631,79.9734005939401,6.8544990304668385,6.8544990304668385,8.176545228655028,7.908890073647789,12.530760725061244,84.04633270570775,12.10161668345591,77.61239246830168,6.2505003020148315,5.6729486087696515,3.702590227479067,80.38140189183665,12.530760725061244,81.0720231731393,83.35527732917826,6.084635551018051,80.37313080930893,51.88417977457656,6.710248577227501,5.682248109964786,45.73340108360489,6.710248577227501,8.399866338591849,79.2877446470316,5.6788612510847205,79.48322778120772,10.114555821116705,7.040364424377298,3.654539579444321,49.33963159879968,8.025204391410542,42.39935227906,3.654539579444321,3.5437216221135635,5.754441262845377,18.577935208672834,55.74954873141935,3.5437216221135635,6.609565289962127,3.5437216221135635,3.654539579444321,19.994831320159065,5.681876089934994,51.3816904142721,6.521044378267852,38.49129478577187,6.610007318825296,36.35000203982065,19.87810472763649,45.56309435375096,6.185078729228417,42.97449025890064,48.99272736683616,43.31680674922463,32.943566763087865,40.74687357707566,36.94812353712075,43.05147358766965,48.001226723232485,48.78840049257251,39.44794500762981
16.6666862304986,16.6666862304986,16.422601609525607,16.422601609525607,8.40479430017358,6.723479018134373,21.374164001038302,22.606696120010437,6.923798293702461,14.901100790284172,22.606696120010437,23.115417882637992,20.58816880427673,8.40479430017358,23.115417882637992,22.606696120010437,20.58816880427673,8.40479430017358,5.785330302574563,20.58816880427673,16.072302342205056,18.33326339608597,16.072302342205056,19.773275221019354,20.58816880427673,21.374164001038302,19.773275221019354,22.606696120010437,21.543418256256903,14.901100790284172,21.543418256256903,18.33326339608597,13.463406788804795,17.424234092456967,17.65199141721152,17.424234092456967,7.9839602500101945,17.65199141721152,13.463406788804795,7.9839602500101945,27.351333335257852,17.424234092456967,8.494134764974728,5.3622745248156205,17.424234092456967,7.9839602500101945,4.808458189046675,8.494134764974728,7.376387696809326,8.494134764974728,5.8974130589170635,33.355697195768755,9.121403294153673,14.85367360906531,6.815331341270712,14.85367360906531,15.084042394665648,7.670146733506667,7.670146733506667,7.670146733506667,17.315516892874985,6.815331341270712,15.084042394665648,6.815331341270712,9.121403294153673,17.315516892874985,18.3072559103037,7.852637442431168,18.3072559103037,7.596896115573798,7.596896115573798,7.596896115573798,30.50859150373315,8.571357073558705,5.545021717431783,50.044161201235006,6.449302998168491,11.291305067057031,5.4558346999800325,6.449302998168491,47.759163346075304,8.571357073558705,9.29712563763209,47.39099015171767,6.112306718938144,9.29712563763209,5.4558346999800325,62.44678242942912,59.43659686739135,12.046897631026969,8.571357073558705,5.630987098539019,54.218607197926595,47.71908584625309,5.000358864348668,9.29712563763209,5.162317855664317,5.000358864348668,5.000358864348668,66.27537869008559,3.954363431291248,4.8778244064488865,11.267278033286813,3.954363431291248,3.954363431291248,11.964163335864125,56.53524020780036,11.08418647421801,11.08418647421801,11.521606134929403,20.812535246138665,20.928020699655875,70.22722668160108,19.442582309160162,53.79733312408634,10.94067553431771,12.389046123386048,6.054090084666356,72.43775218090019,20.928020699655875,56.72275281064071,73.54074213903523,16.33243225304368,68.88520959569331,56.15691530868794,10.05214461315844,12.202812360539072,12.2037401950751,10.05214461315844,21.12167732928284,68.25237670100627,8.087259581652214,71.26862734390646,21.455092984587207,11.916212782585733,6.805467685252897,13.253572490232902,10.460841428401114,15.67538238339174,6.805467685252897,6.191686362730512,16.985738121560356,18.503669999402554,5.206683491560858,6.191686362730512,13.413173782058056,6.191686362730512,6.805467685252897,18.98870527500943,6.678157764140596,7.352406739401724,8.487396724839307,20.256845071127582,11.841669149166623,14.415364197302432,22.40179575867141,11.21090037346343,8.698618830892835,12.7219383153495,6.614921057936836,13.109717499498656,19.935176432128596,14.904009673733455,15.580224538432404,16.676752635294083,15.393642492565403,13.30487530560452,9.4387587501143
22.70690097407087,22.70690097407087,22.39451155967607,22.39451155967607,3.2309512966126013,2.678097633776274,20.27021057561974,18.27838043843844,2.6222031791070393,11.355509898174825,18.27838043843844,21.9156242620203,17.13183060823001,3.2309512966126013,21.9156242620203,18.27838043843844,17.13183060823001,3.2309512966126013,3.1370388489393353,17.13183060823001,23.93291473253233,11.657839023925336,23.93291473253233,14.155514423237472,17.13183060823001,20.27021057561974,14.155514423237472,18.27838043843844,14.247756802075548,11.355509898174825,14.247756802075548,11.657839023925336,13.891020824559877,17.44305340390816,17.737806086447957,17.44305340390816,1.3955186249847575,17.737806086447957,13.891020824559877,1.3955186249847575,56.01559763058363,17.44305340390816,1.7110521143107715,2.1995802569375673,17.44305340390816,1.3955186249847575,3.145668769336308,1.7110521143107715,2.5231606114475764,1.7110521143107715,3.765727896007129,58.065561874262016,3.551873721704718,15.981528322713553,1.3555992768799054,15.981528322713553,15.652742185391357,1.6788345549017596,1.6788345549017596,1.6788345549017596,10.519153425130336,1.3555992768799054,15.652742185391357,1.3555992768799054,3.551873721704718,10.519153425130336,16.298046604964398,2.3909909981814463,16.298046604964398,2.814720662245376,2.814720662245376,2.814720662245376,46.93309190371385,2.9226952180671346,2.3628443092801654,43.827739150040735,3.925838805290497,16.805665578760923,3.222191887152287,3.925838805290497,69.92358395704413,2.9226952180671346,3.642645572689682,66.13339022519344,2.756605910217386,3.642645572689682,3.222191887152287,50.9970875018671,68.57147357553922,16.63248996846368,2.9226952180671346,2.3116618415636165,42.1457351521335,60.93157935186863,3.2582394169339626,3.642645572689682,3.374668263063933,3.2582394169339626,3.2582394169339626,49.37968503977511,3.258249663769006,1.7378682484713375,16.428624577657796,3.258249663769006,3.258249663769006,17.315778694838453,46.3686794585144,5.400749410899193,5.400749410899193,5.828921804310033,3.558539498300088,9.079376270976525,3.3887077311218525,8.890733636667596,61.91450146749018,16.534283975527742,15.103470761170987,2.551560356547715,4.4864081714117905,9.079376270976525,43.504536342263265,4.292939458374671,15.126519276622007,5.631292035103431,59.85286861100945,3.8934545789301302,14.94999176193003,3.746670217779689,3.8934545789301302,6.81846253361348,9.027321857607616,3.3908879927242745,9.525917389239353,4.028721146637292,15.755261382881445,2.030660841495158,3.3565251745439717,4.264837044117252,4.235541763508778,2.030660841495158,1.4313370844847437,16.466028083595948,15.779930670774764,2.8048682581812203,1.4313370844847437,16.01482881659105,1.4313370844847437,2.030660841495158,15.395416564268729,0.9597122693619307,2.7554181676699,1.0388275086964665,4.877921083998817,15.885615740837935,5.688465705093252,12.009135348657363,19.50369820938109,1.0977266496888014,18.833858348400383,3.04059236142301,19.767923369680663,5.086274261782004,5.354001087880475,5.5010908334391,4.532598689601253,22.205049807241874,21.30728887907089,7.24208134657954
9.833532139801589,9.833532139801589,10.71430178722888,10.71430178722888,6.846922322316933,4.828639216168094,11.509460934031635,9.59587169786565,4.743734614589451,8.20213105553346,9.59587169786565,11.795650327423672,6.303186574176109,6.846922322316933,11.795650327423672,9.59587169786565,6.303186574176109,6.846922322316933,2.977271490899781,6.303186574176109,7.094938132937467,11.565834362981104,7.094938132937467,6.61308150326628,6.303186574176109,11.509460934031635,6.61308150326628,9.59587169786565,9.059047866174168,8.20213105553346,9.059047866174168,11.565834362981104,8.453943897315009,6.32772494484804,10.603217355658794,6.32772494484804,9.614625309808702,10.603217355658794,8.453943897315009,9.614625309808702,25.749372827084812,6.32772494484804,9.688122641150278,3.957804602571142,6.32772494484804,9.614625309808702,2.3969476798438185,9.688122641150278,5.297825844297311,9.688122641150278,5.62292905020211,29.058630491516684,9.703000371589372,11.23292178701728,11.189648360084819,11.23292178701728,11.671898243928215,11.923602724572454,11.923602724572454,11.923602724572454,9.97165852061324,11.189648360084819,11.671898243928215,11.189648360084819,9.703000371589372,9.97165852061324,6.590258220834077,4.447382370741594,6.590258220834077,14.203441896496722,14.203441896496722,14.203441896496722,19.089255280614378,6.710647150313078,3.8665415047584557,20.925353812015604,15.774918599543732,5.527328080881466,15.245022959147265,15.774918599543732,27.15025061856556,6.710647150313078,10.786958550937559,31.85344672667224,4.556139796459201,10.786958550937559,15.245022959147265,20.797687774829413,28.71415711002778,4.495881883176859,6.710647150313078,4.086768117941632,20.722940497924274,24.73797481498758,18.309290799282056,10.786958550937559,2.2179452608924337,18.309290799282056,18.309290799282056,19.8369254423259,18.22214755516715,10.740704013182373,5.6040390854429125,18.22214755516715,18.22214755516715,5.952926201294986,28.978085778916775,8.975725884874349,8.975725884874349,9.866384125896737,14.070944606578202,5.0279926742939836,9.330642977470983,5.71889117136511,30.7221297988743,4.529889755151973,8.023196450470623,11.499256574346743,9.455339079044872,5.0279926742939836,28.72436027571806,9.377173629030102,7.967040140769122,17.318772144566918,29.356156881771433,8.182564242306617,5.76621091335392,6.8089920682647875,8.182564242306617,8.236947007805128,15.76845049798885,10.400912369704068,13.799393893882566,13.2597566322152,6.560431010706656,14.691003885525559,5.36224406268399,9.083946305930873,9.378556890817189,14.691003885525559,13.161093726958203,9.914315285043347,39.09435196473358,6.03430771533144,13.161093726958203,5.4883958131757655,13.161093726958203,14.691003885525559,41.074020708229625,5.030048126254953,6.018002151167675,4.733069902450052,9.757196146311562,5.544359544771666,12.006314781717704,49.56694935970446,10.633378135489693,4.859325978192285,12.908345850895229,6.200377180636366,12.552934271003311,13.927817286496603,7.756932650772223,10.479821881765728,6.394629643177919,14.981360511943194,13.20583621131219,14.001054281330305
16.603114180858892,16.603114180858892,16.311453392431492,16.311453392431492,2.8051870414290945,60.4231976102861,17.89078986284456,16.70735877097282,62.78392551189646,7.67459864971633,16.70735877097282,17.916479401462063,17.071551368557813,2.8051870414290945,17.916479401462063,16.70735877097282,17.071551368557813,2.8051870414290945,1.2692503931065373,17.071551368557813,10.897554754178053,7.6671374698579084,10.897554754178053,15.456659706270981,17.071551368557813,17.89078986284456,15.456659706270981,16.70735877097282,15.367054322446572,7.67459864971633,15.367054322446572,7.6671374698579084,6.304167050745594,12.100844279934195,14.896495446427544,12.100844279934195,2.693328205264185,14.896495446427544,6.304167050745594,2.693328205264185,132.37232998759845,12.100844279934195,2.6600396461086144,3.259653698230585,12.100844279934195,2.693328205264185,1.7118587618214287,2.6600396461086144,8.821346295572546,2.6600396461086144,83.8949028212153,130.1490627590523,2.9714936597017236,6.360144880091123,2.2677637324661353,6.360144880091123,6.529798816821072,2.6218831818571164,2.6218831818571164,2.6218831818571164,7.135615490662575,2.2677637324661353,6.529798816821072,2.2677637324661353,2.9714936597017236,7.135615490662575,10.693680934928636,9.018518364576286,10.693680934928636,3.4187964630387957,3.4187964630387957,3.4187964630387957,132.52052636874382,3.018618904374418,3.0972595327614942,29.077080850794015,2.996613056310089,19.534898477516542,3.080028684822359,2.996613056310089,95.24812550385727,3.018618904374418,3.062772927503125,32.60051715896695,9.872077388680141,3.062772927503125,3.080028684822359,31.816723353516014,87.8757623127607,19.714195704035973,3.018618904374418,3.077990455080609,27.89610310309725,30.360017769962127,3.940581307045401,3.062772927503125,1.3409221267272085,3.940581307045401,3.940581307045401,28.811514814576054,4.144247931010122,2.585934174194305,17.98219915289914,4.144247931010122,4.144247931010122,21.039330303628667,31.518772794105644,2.189201865897522,2.189201865897522,2.1333039892200123,6.461165025879006,5.140926953157247,19.472160397907547,5.22009445932108,28.170286182337115,18.32015023129774,27.430790067312117,2.506471394440196,21.1835422142722,5.140926953157247,31.840541565087978,20.151402975075353,29.31302843293457,18.248443130944562,87.06811116556598,2.1157964882716995,21.813840409906824,4.127079142293556,2.1157964882716995,6.9489319734064,22.407283033479523,3.188103855402951,20.87093397194684,7.024115890490622,23.30151825114986,1.806773120523518,3.1335136296888,2.106264704325985,3.70949586634803,1.806773120523518,1.6288917444554978,26.22803433095927,30.208871384693055,2.1365785773067087,1.6288917444554978,22.67828010753476,1.6288917444554978,1.806773120523518,29.916312215402876,1.990084795597541,2.014106000977133,1.8856694523650517,77.43443609588486,21.13083842592982,88.37354685616711,20.211306680047304,89.04498093065395,1.9014928562163713,96.23924629398631,1.9024051964716786,93.38153599871367,71.06312404595946,91.46430604326629,92.66493268326616,95.63482153408476,85.49099518639282,89.1644692078674,87.78411150851558
19.196746714304062,19.196746714304062,18.800217875445306,18.800217875445306,5.747974426420324,16.281130688772773,18.507088969095136,12.003363080607356,16.1006837967431,13.782038245971986,12.003363080607356,20.348875370060917,12.92524173452925,5.747974426420324,20.348875370060917,12.003363080607356,12.92524173452925,5.747974426420324,5.418696092875078,12.92524173452925,12.453088141755083,14.138912707013468,12.453088141755083,14.234379945048856,12.92524173452925,18.507088969095136,14.234379945048856,12.003363080607356,13.36598023520332,13.782038245971986,13.36598023520332,14.138912707013468,13.230218254538926,9.741047453306546,15.209425589822805,9.741047453306546,6.573453472133475,15.209425589822805,13.230218254538926,6.573453472133475,28.450869573880563,9.741047453306546,4.823898426619009,2.901753178109515,9.741047453306546,6.573453472133475,4.565238012884478,4.823898426619009,2.7976612648640047,4.823898426619009,15.828091254697178,24.47032139102092,2.2435327789388255,14.923830316723619,8.783980246782647,14.923830316723619,15.025290061975856,6.040594699376456,6.040594699376456,6.040594699376456,12.188670913681703,8.783980246782647,15.025290061975856,8.783980246782647,2.2435327789388255,12.188670913681703,11.665147665169158,3.4532173200853515,11.665147665169158,1.7731788097990746,1.7731788097990746,1.7731788097990746,27.572147873388083,4.671033086896031,3.5521526656520406,36.850550696223664,1.5626038200052148,11.099723916989586,1.8798092176437609,1.5626038200052148,29.481253409842182,4.671033086896031,3.7059207464600696,37.18887994102534,3.32986741169481,3.7059207464600696,1.8798092176437609,37.07669004013622,34.23054365883808,12.057823793166577,4.671033086896031,3.5427776335667573,39.73114083038424,34.69576098408928,1.8586481925948015,3.7059207464600696,6.15894593415188,1.8586481925948015,1.8586481925948015,39.24905843121249,2.349660862032222,2.1070219187868835,10.54468596534987,2.349660862032222,2.349660862032222,8.497400242086227,26.404454675161276,5.051120530943843,5.051120530943843,5.066551425948068,7.839519634549272,5.860845295646279,13.069826872731845,5.81936072338835,26.348261333177845,11.523610158971067,17.3163234924723,1.8561538484519284,12.807266922489037,5.860845295646279,26.946473786781894,13.650097901181923,20.058813181768244,11.05218039050621,32.7819925752551,5.4204759114528125,9.119935922500137,12.000637582344382,5.4204759114528125,8.281696928476135,12.249704463954824,1.9012229915038483,12.83522350896121,9.433101192104827,11.300474000877418,6.320801304409759,11.098032629511728,5.521701425972221,16.77452390877834,6.320801304409759,6.2285473738338855,11.970721496605416,16.801174535986,8.919210611260896,6.2285473738338855,15.291704680153929,6.2285473738338855,6.320801304409759,17.203746742322828,6.584529831290632,10.006933896024886,6.156897052698052,11.730315892766653,13.296706323422242,15.573153614707126,13.0506540051118,17.405418302821417,6.143447943608003,17.696056947416544,9.418205220654203,17.623180397540686,12.878988651986226,13.119091841534507,12.1291984246765,10.517592195626547,14.223967368241361,14.34217246549271,12.907662302203113
4.4781305134731495,4.4781305134731495,4.358133529136316,4.358133529136316,1.5509268281912951,79.20676687879579,2.0805754161023953,3.2458138156900045,75.17168899927519,3.6472594555797158,3.2458138156900045,3.2165850249320145,2.736707236717646,1.5509268281912951,3.2165850249320145,3.2458138156900045,2.736707236717646,1.5509268281912951,2.9600411524744406,2.736707236717646,2.4016533561717255,4.02934385637914,2.4016533561717255,2.873472878064692,2.736707236717646,2.0805754161023953,2.873472878064692,3.2458138156900045,3.012630130199032,3.6472594555797158,3.012630130199032,4.02934385637914,2.138240393268181,3.1172359991632907,3.1320808398538227,3.1172359991632907,1.362215403608896,3.1320808398538227,2.138240393268181,1.362215403608896,96.07660652046542,3.1172359991632907,1.284271126778681,3.8110648051918163,3.1172359991632907,1.362215403608896,2.943934810366979,1.284271126778681,9.336506839841118,1.284271126778681,68.07035048454567,94.61617310139046,1.6512410673503473,1.9672941507961699,1.2618190159100537,1.9672941507961699,2.035410136566486,1.1155757146508818,1.1155757146508818,1.1155757146508818,3.3091938340911775,1.2618190159100537,2.035410136566486,1.2618190159100537,1.6512410673503473,3.3091938340911775,3.039903073280765,9.291788336672202,3.039903073280765,0.5389306208628613,0.5389306208628613,0.5389306208628613,103.09335649434014,1.3210055429004035,3.293007086034721,213.71686574541872,1.8071087172325744,8.970753384946558,1.783091478531639,1.8071087172325744,139.82056956121673,1.3210055429004035,1.826599321311457,172.21810874612004,9.133024577753092,1.826599321311457,1.783091478531639,213.4397087263301,133.83735349135142,9.471717302549434,1.3210055429004035,3.8211783893060116,232.5700684041982,157.89053220656842,0.7259160876700737,1.826599321311457,2.6019957857324174,0.7259160876700737,0.7259160876700737,232.599503778743,0.7445945256858099,1.3123653041604442,8.677991140357886,0.7445945256858099,0.7445945256858099,8.243475461445026,180.57546634997516,35.21552822841073,35.21552822841073,41.094251476261334,58.53008834070775,76.63419092831488,136.74533544083855,81.72990711465813,167.78998302887896,9.323086873270096,20.994774564592714,1.4469743264535069,135.90269306745714,76.63419092831488,191.56223263074543,136.81404130694892,22.426421338580674,136.97722937546365,145.83403685044732,35.46114584888067,8.790046410765132,7.771085964893094,35.46114584888067,73.44113767735273,137.1668822916476,1.3886150378011348,138.2022546475459,55.71451244833844,14.237475298122531,2.050450624692674,8.747164055894087,42.284256165389344,6.222734695418467,2.050450624692674,2.0962368760785886,16.405497832717632,96.47147742697823,6.459677011119971,2.0962368760785886,16.402305028783807,2.0962368760785886,2.050450624692674,95.24030063033133,3.0913087767676983,6.327791923591235,2.960239745503218,8.394928936115674,15.839717801295057,10.248116664319435,87.83205922294005,9.949762803555302,3.063689116926336,8.116243253513648,6.291412750707676,7.952714634254154,8.646055681535481,7.838571950392464,10.140807661772318,8.499873451862827,9.676828238578473,9.544433016728785,10.800345708384741
6.285845791426278,6.285845791426278,6.5765148076184925,6.5765148076184925,3.9922101516439774,29.82082394785426,6.263099609912361,3.637507482649241,30.143556089754995,4.27490386569279,3.637507482649241,5.996089275056825,4.32653364521051,3.9922101516439774,5.996089275056825,3.637507482649241,4.32653364521051,3.9922101516439774,5.790350809909628,4.32653364521051,6.0962131581778625,4.288106883080416,6.0962131581778625,4.781587880066166,4.32653364521051,6.263099609912361,4.781587880066166,3.637507482649241,4.70740891483668,4.27490386569279,4.70740891483668,4.288106883080416,1.7835728346992246,3.518599247938187,5.052257839668307,3.518599247938187,3.4531988860772147,5.052257839668307,1.7835728346992246,3.4531988860772147,30.53537968156612,3.518599247938187,3.8000367909421615,2.5238173316271126,3.518599247938187,3.4531988860772147,5.339766145044314,3.8000367909421615,6.026298678676818,3.8000367909421615,32.93546049625551,26.984082420243276,4.356117164989867,1.6228062364085118,3.7157780025629163,1.6228062364085118,1.5475514433101938,3.9339855217579873,3.9339855217579873,3.9339855217579873,3.6450719348108658,3.7157780025629163,1.5475514433101938,3.7157780025629163,4.356117164989867,3.6450719348108658,4.587478750817277,5.865745463600316,4.587478750817277,1.6927046457569896,1.6927046457569896,1.6927046457569896,27.961169130846514,3.144085642332936,2.406644897242029,27.72850515122149,3.715215542909092,9.40033236392922,3.398872318773698,3.715215542909092,45.359692177714315,3.144085642332936,4.23695662262145,31.994928174439,5.837564301072899,4.23695662262145,3.398872318773698,29.06334444634883,42.800513220956624,13.378353325722575,3.144085642332936,2.3810705669450534,28.00369843571064,38.05901047411206,1.9574782522967349,4.23695662262145,1.9386607522919572,1.9574782522967349,1.9574782522967349,30.733319751541426,2.059457102058469,4.2964291071974925,9.37747339261939,2.059457102058469,2.059457102058469,9.145416037710865,29.118053462160663,3.431430586998925,3.431430586998925,3.409175490881957,17.496459598948494,3.4570392207414833,25.30920267660357,3.9248527852903057,44.1085475946589,13.219730085239654,17.78461933334167,4.324028631843413,25.95030866938134,3.4570392207414833,30.26195165322933,26.092917981903,17.866259191257235,36.55392225914526,41.55261135863809,3.4304248235273795,12.746246919508252,42.12452086853539,3.4304248235273795,11.582408575755897,33.53210173655965,4.636219476288395,33.42427696059807,17.936002035486133,14.410051295715192,3.0758952042236714,32.47339007048469,3.479409798209723,49.18376042859844,3.0758952042236714,3.322033108371574,20.47953116118382,66.6859796436155,7.443255855436653,3.322033108371574,15.07953732503143,3.322033108371574,3.0758952042236714,66.7606601617381,6.708596132714563,8.241108707239274,6.706215047480993,41.83029360898687,14.90949206192156,33.82518248312502,67.86650663316678,14.998847751091544,6.649597099612222,11.635047219901049,8.370652612754807,11.575133726504061,43.511415454546544,41.68742998601638,30.953384043621917,32.90934910350489,25.57918108200824,22.783387171217573,24.2382958468518
11.988874759265167,11.988874759265167,13.72621618064845,13.72621618064845,3.6549041995197995,51.25702091301801,12.248252062354593,11.497184594952968,51.25201514758664,2.0377591228432923,11.497184594952968,11.814118229033918,12.062909229481393,3.6549041995197995,11.814118229033918,11.497184594952968,12.062909229481393,3.6549041995197995,2.085957262433839,12.062909229481393,9.899564244809614,2.1390793397651278,9.899564244809614,11.34217054117533,12.062909229481393,12.248252062354593,11.34217054117533,11.497184594952968,10.227680881559472,2.0377591228432923,10.227680881559472,2.1390793397651278,1.8184458973006903,11.47398681179181,12.0283917092445,11.47398681179181,4.733624514545498,12.0283917092445,1.8184458973006903,4.733624514545498,107.9618002392584,11.47398681179181,5.071209076309653,2.419140272042127,11.47398681179181,4.733624514545498,3.379757751229162,5.071209076309653,2.9939155500863146,5.071209076309653,39.93676940010425,108.63710895010436,5.173847219055309,1.8095769076241015,3.4210380384789905,1.8095769076241015,1.6680863376599457,3.7597259074974647,3.7597259074974647,3.7597259074974647,1.8693463034903588,3.4210380384789905,1.6680863376599457,3.4210380384789905,5.173847219055309,1.8693463034903588,10.613726154750081,3.948858186867713,10.613726154750081,4.641693479891307,4.641693479891307,4.641693479891307,107.62711275233691,3.734620772010453,2.762004712749088,61.44393814160263,4.766711542993677,8.103405442215232,4.577579244674729,4.766711542993677,96.8982016837442,3.734620772010453,3.7767057839012494,101.89641434917,3.4030129683021166,3.7767057839012494,4.577579244674729,74.55831071401654,98.39773461409355,8.145305738535548,3.734620772010453,2.6284223478547624,65.3757331996822,93.2556187427045,4.44987139269443,3.7767057839012494,1.229550472577851,4.44987139269443,4.44987139269443,71.89195875272749,4.35240821208617,4.108656262343782,7.273108681071816,4.35240821208617,4.35240821208617,6.045573558847179,87.71614289255949,6.806912269593518,6.806912269593518,6.858408555738567,6.8000639819781155,5.614125389208388,29.16337323875407,5.930463594467379,127.8006399281196,7.541849678553162,22.763937443748933,4.23296777316846,31.488012935844576,5.614125389208388,84.06136210493315,33.424372547918885,23.099640357774454,29.279625733906645,116.06921339941275,6.524527126439029,4.773867472339843,3.9636397298901445,6.524527126439029,6.285822988597852,28.61798497199163,4.8353806532767925,31.106840828464435,6.877079346379326,4.718685210052359,5.4800562339917045,3.421824367458183,6.809920612198856,2.6971538943697633,5.4800562339917045,5.355782092625848,17.645200147516906,18.126281208965324,3.5022330224968448,5.355782092625848,7.753537479917492,5.355782092625848,5.4800562339917045,18.00448073043718,3.0838861935472157,2.748573560655494,2.713165520980512,3.9980919718303096,6.976521191828784,5.881916192131648,18.537071363639154,8.863765995878062,2.6795362774324945,5.224463414489827,2.8036915746558244,5.1230683803785935,5.329575668272023,4.45528711698303,4.943458002297279,4.0784985357115975,22.203844690948532,21.20845286194817,55.568444126364355
17.470142345568217,17.470142345568217,17.70968003453473,17.70968003453473,9.071049706772474,6.492498402414067,20.87617965368022,11.261160987272602,6.47466408041707,1.823892507780153,11.261160987272602,20.6507107118114,11.465094049434276,9.071049706772474,20.6507107118114,11.261160987272602,11.465094049434276,9.071049706772474,6.163928634543126,11.465094049434276,14.115633173424877,1.8318887050805317,14.115633173424877,9.513689341114839,11.465094049434276,20.87617965368022,9.513689341114839,11.261160987272602,9.470386172376383,1.823892507780153,9.470386172376383,1.8318887050805317,0.5881403489751921,8.301784154716856,14.205149907091041,8.301784154716856,7.282003172669424,14.205149907091041,0.5881403489751921,7.282003172669424,21.746584490693596,8.301784154716856,6.888247190492126,4.615175761452999,8.301784154716856,7.282003172669424,5.8511843620473725,6.888247190492126,6.903076849451943,6.888247190492126,8.474345291645955,22.73338960330458,7.545367627043743,0.48312208057864403,10.843647677740726,0.48312208057864403,0.5065330744875933,9.412761759847307,9.412761759847307,9.412761759847307,1.3131857636358588,10.843647677740726,0.5065330744875933,10.843647677740726,7.545367627043743,1.3131857636358588,6.3085202135083,6.960805437100414,6.3085202135083,11.750221941222199,11.750221941222199,11.750221941222199,30.754340263971095,7.189581281255457,4.432984985836802,18.063234085535793,10.635939561720985,8.366586815028832,14.94095225306376,10.635939561720985,31.513869608245916,7.189581281255457,7.1571081090961215,20.272037568810408,6.5357047424735875,7.1571081090961215,14.94095225306376,18.984123912596527,37.47798245911468,9.649918344734486,7.189581281255457,4.49352413213602,18.302163919226714,18.979828046090525,17.113521174726188,7.1571081090961215,5.052079314772856,17.113521174726188,17.113521174726188,19.228771472300064,21.07255451534965,12.498760089997921,8.640960707688656,21.07255451534965,21.07255451534965,6.6559793177989635,18.457844592290616,11.55462584630333,11.55462584630333,11.692448256038425,6.973498893376103,9.839342811913358,15.139877645194428,9.805806828836966,21.413490533895196,9.898360121456854,15.407717120775327,9.789294255039946,15.957031324806296,9.839342811913358,18.655059190036077,15.868839635410685,16.96459788795235,21.345984979559997,26.34374013450446,10.950776016216103,4.736935925419914,5.717919186551458,10.950776016216103,6.081891722772421,17.45208107906243,8.262316665812287,17.962962578226605,6.8541390529401305,4.607982918218547,7.061273355938598,2.695013865655433,11.092592371347667,7.1913658626792625,7.061273355938598,9.14533028712088,9.85527442460751,27.064691782304518,3.60052702980875,9.14533028712088,7.718542346249291,9.14533028712088,7.061273355938598,27.28049491523231,2.389008994608681,4.528253594656478,2.805050722935274,14.075449518662698,6.970377633982098,9.818520682701026,27.951972856806062,9.476185395252324,2.7465115064561156,8.314391803827178,4.486458610170863,8.43453849927834,14.972656660688887,10.024482214988861,8.691982231652988,8.276561391468068,10.178445352362308,10.324862852305717,19.56269530933081
54.398967018275584,54.398967018275584,47.84982060679834,47.84982060679834,3.8622216367079663,33.57584414438418,73.25012062883502,78.78987605378904,36.23343572135715,76.94836244650008,78.78987605378904,65.09317132367568,75.2509005292158,3.8622216367079663,65.09317132367568,78.78987605378904,75.2509005292158,3.8622216367079663,2.6785549652195098,75.2509005292158,42.63440669454632,80.18261612818128,42.63440669454632,65.57005047153977,75.2509005292158,73.25012062883502,65.57005047153977,78.78987605378904,73.95078315914542,76.94836244650008,73.95078315914542,80.18261612818128,13.48436539261114,72.29952496590023,65.1031133260818,72.29952496590023,2.342727588593719,65.1031133260818,13.48436539261114,2.342727588593719,52.33751957943547,72.29952496590023,2.748311415300417,7.787933510005169,72.29952496590023,2.342727588593719,3.644027979460077,2.748311415300417,7.08624104257181,2.748311415300417,25.432802860370952,47.184845565495806,1.47042131685368,17.50580142400016,2.5805107536812835,17.50580142400016,17.649786591121334,3.1659532851272885,3.1659532851272885,3.1659532851272885,78.25044315781749,2.5805107536812835,17.649786591121334,2.5805107536812835,1.47042131685368,78.25044315781749,61.910141386668,7.759589890957013,61.910141386668,0.5411710488280027,0.5411710488280027,0.5411710488280027,47.34573465135644,3.153203366915692,7.966364168309166,42.755249204963114,2.706745244546388,17.121835588483336,2.558764353550998,2.706745244546388,51.50217245693507,3.153203366915692,2.99448168633086,71.2157407435417,7.731557323779841,2.99448168633086,2.558764353550998,40.62955909148388,63.681137921552434,20.08755702211422,3.153203366915692,7.970537490851212,42.503239312083174,63.5899440350942,1.8083250644451352,2.99448168633086,5.408982979648797,1.8083250644451352,1.8083250644451352,40.40740559094738,1.5020443987219814,2.4266370789785614,16.908883496829308,1.5020443987219814,1.5020443987219814,19.028690409371794,50.77392805339722,1.852136860399218,1.852136860399218,2.7982472196602646,5.7901014983153605,4.872115831408063,26.37413683788299,4.661530274291153,71.101418376599,19.871404897754864,11.929594489982296,2.3411605354450153,27.88066941905011,4.872115831408063,51.17101073699828,25.89892299890241,12.26603302243053,43.01223125501258,54.66230497938948,3.0420801600556606,16.55284126856739,5.332393556786206,3.0420801600556606,11.122024692771038,37.2557864920627,0.8766563267028515,35.90462816348007,7.7848996358901426,18.29112130759359,4.842735339850463,5.243933348830204,5.0575361976619675,4.438271348659073,4.842735339850463,4.920959553620929,14.522141010043244,39.038113624927185,4.344075350296664,4.920959553620929,19.039262569854138,4.920959553620929,4.842735339850463,38.351811850999454,2.504877447670571,4.955176860284728,4.422075514458829,8.722168321914573,19.448679661912845,11.290157767459348,39.41504541697383,8.32220223214857,4.4648532068588365,10.688577749805816,5.1492520221665155,11.293489313158243,8.631191021268972,11.588678043519076,9.398926978630143,9.80027948522145,9.812908357628315,9.508397899081364,4.511958617689532
18.967926457937036,18.967926457937036,17.380121264484238,17.380121264484238,2.611411789608843,9.585843851252461,15.402045071591015,16.185915747722134,8.9564724756618,2.4030116991973776,16.185915747722134,14.900115600192446,15.671470617513272,2.611411789608843,14.900115600192446,16.185915747722134,15.671470617513272,2.611411789608843,3.7554716324727977,15.671470617513272,17.03535832446794,2.913663098300462,17.03535832446794,15.71138175626062,15.671470617513272,15.402045071591015,15.71138175626062,16.185915747722134,14.190576876549644,2.4030116991973776,14.190576876549644,2.913663098300462,1.3890966987920113,14.800607666621222,12.844232195257273,14.800607666621222,5.349847302696042,12.844232195257273,1.3890966987920113,5.349847302696042,17.225248715678184,14.800607666621222,5.947947196251271,4.04849199172733,14.800607666621222,5.349847302696042,3.489040680039305,5.947947196251271,7.709027783254916,5.947947196251271,8.014596154558456,16.007567842922132,2.111914946033924,1.6036833610644212,5.639361701368338,1.6036833610644212,1.6691570577234993,6.376356143409425,6.376356143409425,6.376356143409425,1.9152073340007387,5.639361701368338,1.6691570577234993,5.639361701368338,2.111914946033924,1.9152073340007387,13.955170526251097,7.409142317758675,13.955170526251097,2.233991261133825,2.233991261133825,2.233991261133825,18.49444324520669,4.733397771189679,3.912060951700896,17.93065380757939,1.8857389151970134,8.352449942040815,1.8285158119407472,1.8857389151970134,15.816516475484587,4.733397771189679,3.1342795446367164,21.1153212683585,7.711004883685247,3.1342795446367164,1.8285158119407472,18.861875008861663,16.237491121936372,11.339571002243934,4.733397771189679,3.64156819921402,17.773273702984397,16.550699337452752,3.517548329560502,3.1342795446367164,2.3683174097726707,3.517548329560502,3.517548329560502,18.939713688431286,2.447311173343423,4.808074591681256,8.30559404153923,2.447311173343423,2.447311173343423,10.429426556764827,17.910815750306046,3.406102029387232,3.406102029387232,3.141835760279356,7.221057630162628,3.736213760277046,12.83127002848674,3.771085391180895,19.3272104113869,10.819958970355009,10.35442850893296,4.852646865383938,11.499059423499494,3.736213760277046,17.43752311066913,12.411849694910606,9.678882408910852,11.774046512605075,16.84204626639359,3.246679807277285,11.124413307346748,14.037142901539617,3.246679807277285,5.933259184123878,10.266272081074165,4.8227725513999555,11.287171367018466,7.9046619391915955,10.531908228723239,3.9317980784588573,7.42976118053259,3.123977120754896,11.224870296282349,3.9317980784588573,3.267122334152984,7.958334817274895,21.617673481838818,2.140743339149907,3.267122334152984,10.09190682183551,3.267122334152984,3.9317980784588573,19.431601669979692,0.900005558577843,2.127711065997926,1.0343861445436167,18.934869130706332,9.650343993267795,13.739787677640042,22.131769464443817,5.825934455007401,1.0099424545084208,7.634327729317823,1.8142225587843415,7.782256617433458,18.997252349494353,14.729964655863936,14.490147331286245,14.73380041241622,15.619220578253772,15.29034612291956,28.205100530777287
30.441276786975802,30.441276786975802,27.893366536796698,27.893366536796698,4.715886166826242,5.923997099344104,40.75911575993953,44.54213182856921,6.04634352163732,44.680045065587706,44.54213182856921,46.80640671233294,38.424903265805156,4.715886166826242,46.80640671233294,44.54213182856921,38.424903265805156,4.715886166826242,7.529059617292185,38.424903265805156,33.512903062818985,48.62402161806307,33.512903062818985,39.65376088623317,38.424903265805156,40.75911575993953,39.65376088623317,44.54213182856921,46.63658290940072,44.680045065587706,46.63658290940072,48.62402161806307,26.31618093433317,44.84327560608308,44.939151232314686,44.84327560608308,3.946118159780144,44.939151232314686,26.31618093433317,3.946118159780144,54.44862992649411,44.84327560608308,4.821675997418168,5.12474509485123,44.84327560608308,3.946118159780144,7.187204983366827,4.821675997418168,5.801179320380959,4.821675997418168,5.5077308269990235,55.222332985053676,4.5957505532068454,22.775188304074724,4.196685821958707,22.775188304074724,22.32387411937215,4.580098113877342,4.580098113877342,4.580098113877342,46.04702636978797,4.196685821958707,22.32387411937215,4.196685821958707,4.5957505532068454,46.04702636978797,45.90478799534487,5.985986747986538,45.90478799534487,4.410131380446424,4.410131380446424,4.410131380446424,48.35940122001852,3.393540512201511,4.822935870325566,73.16837782457476,7.438807761150806,18.537318043281235,7.877634187862662,7.438807761150806,76.24695413151439,3.393540512201511,4.843227026246503,73.08911929520605,5.906272075609895,4.843227026246503,7.877634187862662,73.32807684483974,75.87281503877868,22.808802651702383,3.393540512201511,4.791174235415941,80.94083439439825,73.15464369776018,7.799100145167823,4.843227026246503,4.355821948274042,7.799100145167823,7.799100145167823,81.69924201076338,7.668372432460947,6.943267101458673,17.585687240540352,7.668372432460947,7.668372432460947,20.815478248866985,70.77342799827852,5.212242014835902,5.212242014835902,4.763607711654451,4.9541071441228395,5.17096359240058,7.444672347068138,5.5679959529688965,66.8241361790032,21.829359504387604,18.553890028497886,6.833781586340868,7.501592864540496,5.17096359240058,74.87191644908407,7.565944094036735,19.658241481138074,6.902208010581707,63.223959251892296,4.456715164479191,19.777934793552742,18.048066775795526,4.456715164479191,6.1908607896474805,6.948659805947677,5.094558133707122,6.988293940866575,4.8435320173634935,17.65669688736781,5.107637213940486,18.41585437554558,4.6870398729676985,15.720277787751074,5.107637213940486,4.532222076521905,17.573234191258095,6.076466684229732,19.211944093247546,4.532222076521905,22.006406916526174,4.532222076521905,5.107637213940486,5.963753817138918,21.233976547864057,16.448458188446082,16.911479516783405,15.685809327203604,17.834749201286446,16.376767045220404,5.207733037430545,18.707787709088244,18.567712503042387,26.450928617153465,17.950535678874473,24.911399964792174,16.472091596143756,16.54390593211616,15.824471292248269,16.292626080500316,24.977977817964295,26.02152208357705,23.252991424451658
9.217341595054046,9.217341595054046,6.892742981473269,6.892742981473269,3.76331156970215,99.12757560226449,14.421453949979853,16.23652001206252,97.92820900006147,4.652573917914625,16.23652001206252,17.468518258402575,13.237102163274434,3.76331156970215,17.468518258402575,16.23652001206252,13.237102163274434,3.76331156970215,4.049748037376548,13.237102163274434,12.177846011067315,8.38116529727579,12.177846011067315,13.786148478910858,13.237102163274434,14.421453949979853,13.786148478910858,16.23652001206252,16.073343442048955,4.652573917914625,16.073343442048955,8.38116529727579,1.9791240919545907,16.045534902586585,16.42608095217148,16.045534902586585,6.218807543894148,16.42608095217148,1.9791240919545907,6.218807543894148,143.03583019078096,16.045534902586585,6.76826745356922,5.898520304552824,16.045534902586585,6.218807543894148,3.6631462688757255,6.76826745356922,6.129524251162301,6.76826745356922,98.06623734855297,132.19051259087922,3.783295000178533,1.7832570112759432,4.597029392344912,1.7832570112759432,1.7615767188468747,4.9322287296549,4.9322287296549,4.9322287296549,7.1881585911621,4.597029392344912,1.7615767188468747,4.597029392344912,3.783295000178533,7.1881585911621,17.84101738009593,5.497918805213427,17.84101738009593,3.719735014080028,3.719735014080028,3.719735014080028,123.84889729811687,5.476264957263007,5.508881250234965,228.37212838928227,2.7821197420920556,5.9997107334429005,2.842929102628074,2.7821197420920556,186.35388757427097,5.476264957263007,5.294654468992166,220.06779445349545,6.7239679983594876,5.294654468992166,2.842929102628074,219.9615672868176,163.97669554723836,6.409463944137449,5.476264957263007,6.35005204848727,229.60856644711464,229.30797118045828,2.699419473302414,5.294654468992166,1.2210630679921015,2.699419473302414,2.699419473302414,219.91922164368557,2.223098541623028,2.7236095026343756,6.984320139067356,2.223098541623028,2.223098541623028,8.062499805540467,223.83761120882173,7.041704631681084,7.041704631681084,7.171472075645449,5.706018973451479,7.4262597697303026,199.6238763164294,7.390272833264439,219.3802756518729,7.005064616543675,5.797837187375724,2.996165729617337,203.60821852843853,7.4262597697303026,237.8089078677817,204.72833589029068,6.234997502876412,170.31226815129324,189.66254973424637,6.099761224006264,7.423446418170025,14.648762808294185,6.099761224006264,5.447125772477254,163.3919209968249,3.3354483887042026,165.06161746829986,6.380471115670526,6.276483921426707,4.519726742939316,14.914594882646295,6.281473838046402,15.146493671626187,4.519726742939316,4.620554695663388,8.975068362134138,6.023024888921841,9.448412884807707,4.620554695663388,6.903850700188265,4.620554695663388,4.519726742939316,5.75126586028262,10.475651481057074,10.532834430356031,10.20704736520749,15.046800133481119,8.136903295889487,17.789011647267387,6.168384524054156,15.183893909272822,10.183412375440824,14.893275185841063,10.805898979792008,14.937632166720546,14.611859496479777,13.701033682079627,19.742723577696196,14.953720912173596,20.005585566985026,20.73297129043379,18.691068986772414
19.279837123169397,19.279837123169397,20.182826095887744,20.182826095887744,4.856370689938308,19.981040932590723,24.32531556633744,8.08833612948778,19.07293543542558,1.8167515846227513,8.08833612948778,24.02312584956823,10.960794881863144,4.856370689938308,24.02312584956823,8.08833612948778,10.960794881863144,4.856370689938308,3.4263775598041484,10.960794881863144,22.37177543632586,1.922027227175981,22.37177543632586,12.640859311185592,10.960794881863144,24.32531556633744,12.640859311185592,8.08833612948778,9.848391837850677,1.8167515846227513,9.848391837850677,1.922027227175981,2.540758490992522,9.360986091611515,22.14159019892216,9.360986091611515,4.595787203374486,22.14159019892216,2.540758490992522,4.595787203374486,41.477475463370425,9.360986091611515,4.857519532617932,2.9253736143298616,9.360986091611515,4.595787203374486,4.228055344923316,4.857519532617932,6.12209931075505,4.857519532617932,9.569095135594278,33.626130351244356,2.196825768787958,1.7114526245434716,4.257485492750037,1.7114526245434716,2.5178107217162853,4.796229351915537,4.796229351915537,4.796229351915537,1.5698484387923521,4.257485492750037,2.5178107217162853,4.257485492750037,2.196825768787958,1.5698484387923521,10.696430628105603,6.017080804333342,10.696430628105603,1.586299570877637,1.586299570877637,1.586299570877637,31.575830489249288,3.201199428593556,2.637568205580053,24.464963833424807,2.5526228265461777,7.407135603673763,2.4957159437039063,2.5526228265461777,20.22443486876563,3.201199428593556,1.8445599512531,22.203893374833854,5.9349789466721035,1.8445599512531,2.4957159437039063,24.79765192190774,19.706954923324545,8.74811868951273,3.201199428593556,2.7376331239370617,24.939963646742445,22.58105740406221,2.016107127567984,1.8445599512531,3.2243881898030473,2.016107127567984,2.016107127567984,25.214176089137652,2.1318665788731663,2.0928172246435484,7.602657333518067,2.1318665788731663,2.1318665788731663,8.219464420231333,23.704483721959846,8.356405860619796,8.356405860619796,11.167496571917642,8.03013142342503,4.807017556489974,19.08685191528615,5.357217473508965,23.42047206460018,8.513423935352321,15.992508427065584,2.1433100456560186,18.59594808686492,4.807017556489974,23.32240159042874,18.58733110281513,16.379044310803685,16.76523554199002,21.31624696205146,10.720060870435839,9.65042197716926,12.13485823017458,10.720060870435839,7.28777106255288,16.16438486934755,1.4460966151077805,15.705544639556365,6.628742609611742,18.014300159798903,2.3150920498981375,7.6423346511304935,13.664732536610376,20.984007950594133,2.3150920498981375,2.1792402285055807,14.247154716640603,13.018764353195637,15.384625190251658,2.1792402285055807,16.224688860313545,2.1792402285055807,2.3150920498981375,12.682890434930107,13.05231188351557,13.49836531538022,13.241010154335049,26.00062721879849,15.88849756173224,23.25887967953489,16.721007335993118,26.910880265017155,12.945550275222582,19.050082045401044,12.451568507763778,19.247102558971637,23.00246128887482,25.4181069958012,18.688869145473745,21.61688477954421,13.090074563165132,12.908492046949842,31.623562201371104
10.71676938268748,10.71676938268748,9.920367238726904,9.920367238726904,10.146917923836137,19.47183802544356,18.719764723901733,19.456221095609568,20.64372763054969,1.441392810199635,19.456221095609568,18.858455858436496,18.76775952039159,10.146917923836137,18.858455858436496,19.456221095609568,18.76775952039159,10.146917923836137,2.4368787773911924,18.76775952039159,7.482983388749891,1.7248491966017614,7.482983388749891,18.677419767782094,18.76775952039159,18.719764723901733,18.677419767782094,19.456221095609568,19.94637352854766,1.441392810199635,19.94637352854766,1.7248491966017614,0.9375118873046697,13.192364404101498,13.158654857710301,13.192364404101498,9.046013550714681,13.158654857710301,0.9375118873046697,9.046013550714681,39.73618189472419,13.192364404101498,10.04683911596604,8.959075274878208,13.192364404101498,9.046013550714681,2.37135277851512,10.04683911596604,11.878378208661251,10.04683911596604,19.6762245997417,43.37989846723649,9.935519173827279,0.7659455945946652,9.510368740441738,0.7659455945946652,0.7649973614719298,10.890067068219741,10.890067068219741,10.890067068219741,2.1802967320054476,9.510368740441738,0.7649973614719298,9.510368740441738,9.935519173827279,2.1802967320054476,13.880729853664743,10.996132472552773,13.880729853664743,6.937867928455724,6.937867928455724,6.937867928455724,25.329647148237473,9.82782515994344,7.742308128017235,22.822616578265695,7.001702949489077,12.151653473323497,6.332397592409983,7.001702949489077,36.61763481154016,9.82782515994344,12.238830488467377,53.18704435319518,10.535393477495669,12.238830488467377,6.332397592409983,23.42951640649941,36.48693032507088,12.05489554343273,9.82782515994344,7.524486257321558,27.27661357698978,52.14648341334643,4.124990130348638,12.238830488467377,0.7942541215261998,4.124990130348638,4.124990130348638,27.8737209632445,3.782894964196235,7.2915523195917995,10.96026259974883,3.782894964196235,3.782894964196235,13.311740008826314,20.999507097041406,12.62085689798735,12.62085689798735,12.934261434116436,19.027879096632034,8.16474859722953,17.648419164664897,7.831989552635862,42.79875508334863,10.672607777428613,21.61486217380496,7.7587637356486265,19.833508738599278,8.16474859722953,20.989402320060968,20.03321128654433,21.142148834399823,19.605330557160627,38.461822375894364,11.560261324069625,15.073217496066194,5.932400195201422,11.560261324069625,14.4601311062841,21.949682903537763,9.509934312748124,21.34947296977814,17.62695806659617,15.89035387383292,8.711985772046637,5.5779392908249354,11.503094247410695,6.843603289745096,8.711985772046637,7.7062310118642054,22.82430017366406,29.597927422329683,5.365395833299528,7.7062310118642054,11.921797578733946,7.7062310118642054,8.711985772046637,28.242977322493093,5.063191340803452,5.246060479000536,5.937893851911749,7.930365055959889,10.272426539120517,8.150943158173668,34.72489049013374,5.259104768751464,5.361302355006451,8.512161714056521,5.221751005294814,9.36866671495414,10.029519045977443,6.235450070640733,7.940788025563932,6.028281684565795,11.0661798604255,9.33359238344084,8.550226533645684
15.317375037179767,15.317375037179767,15.3769893935527,15.3769893935527,3.70742573147145,8.639120712977599,18.750545559028687,3.793341526385311,9.190801578260084,2.9433510414743185,3.793341526385311,15.759803470021634,3.752179172795795,3.70742573147145,15.759803470021634,3.793341526385311,3.752179172795795,3.70742573147145,1.564555768941033,3.752179172795795,17.353685131530934,2.714552638839191,17.353685131530934,3.827034199585403,3.752179172795795,18.750545559028687,3.827034199585403,3.793341526385311,3.8318129761885924,2.9433510414743185,3.8318129761885924,2.714552638839191,1.8571688590158792,3.7356741112170053,15.461998431614816,3.7356741112170053,6.018204598033167,15.461998431614816,1.8571688590158792,6.018204598033167,33.997331731014306,3.7356741112170053,5.649898480257685,3.054196822653125,3.7356741112170053,6.018204598033167,1.6736857739764786,5.649898480257685,4.9638047009038,5.649898480257685,8.057166418799095,30.89007692013352,2.639316958420862,2.051091840763731,4.854708023564195,2.051091840763731,2.0455288268492855,4.599740912857925,4.599740912857925,4.599740912857925,2.3278152271973562,4.854708023564195,2.0455288268492855,4.854708023564195,2.639316958420862,2.3278152271973562,3.53047509600751,4.4401852736529905,3.53047509600751,2.317445694658786,2.317445694658786,2.317445694658786,42.656566227090956,4.162239969415364,2.328597496054418,39.757869029526674,5.393935601412398,4.630631045076702,7.304485615814961,5.393935601412398,39.36101136147718,4.162239969415364,3.1251467509220405,36.235938682705935,4.533150634544723,3.1251467509220405,7.304485615814961,41.03404912715422,40.499960309131296,4.85530557628395,4.162239969415364,2.1810445454084775,41.98914891061984,36.42814243892039,6.096224385535951,3.1251467509220405,1.274258741940071,6.096224385535951,6.096224385535951,44.672751322569255,8.47766169658174,6.327655285335686,4.898763184045991,8.47766169658174,8.47766169658174,4.638675199954376,44.4378122141187,6.605585074363636,6.605585074363636,6.702365576565828,17.541984243929036,17.15217593904588,26.760078998818415,18.650172834251233,42.14190853784987,5.138362750393031,14.707697816232669,5.181390430338231,28.291952896955284,17.15217593904588,48.20637850507986,28.191563453360946,16.386455737090415,25.067946505415307,41.81482504240671,7.923625857073217,4.905170924791127,19.573136213130116,7.923625857073217,23.717220728056894,28.61507787199285,1.9815306464915388,28.189401680236656,18.94001274727755,10.976904185951744,5.7980385922045095,19.24191813594503,8.67839085550532,18.401205635335597,5.7980385922045095,6.044314975406361,15.883523887028545,22.420962617510565,16.994194936513914,6.044314975406361,10.133565976652184,6.044314975406361,5.7980385922045095,21.607241086138384,18.239589103956508,15.50089994229694,15.428862468550362,34.696951544471766,10.199070718621803,38.51617471129368,19.819666043309937,23.30745604602815,15.63378871377615,26.968103639263692,15.850913975478749,28.922370233599047,34.873706307956105,33.753203371076545,38.93472595306708,33.38597839305449,23.186596278527826,24.619095623773042,21.83943175559165
41.42970646984525,41.42970646984525,39.20740521635793,39.20740521635793,2.6470994010446116,31.759752677574976,34.67184176034227,36.28227657544726,31.365925456653944,33.1960358326057,36.28227657544726,36.91221805735407,33.60492097620222,2.6470994010446116,36.91221805735407,36.28227657544726,33.60492097620222,2.6470994010446116,5.265826072757765,33.60492097620222,26.562838538898603,34.431150251668136,26.562838538898603,33.67107706393895,33.60492097620222,34.67184176034227,33.67107706393895,36.28227657544726,33.70965738680227,33.1960358326057,33.70965738680227,34.431150251668136,26.246010585761063,28.76923445291664,29.73564183338034,28.76923445291664,2.903181513134921,29.73564183338034,26.246010585761063,2.903181513134921,64.57664252304622,28.76923445291664,2.8090220021311727,1.3048780331582022,28.76923445291664,2.903181513134921,4.160547963836539,2.8090220021311727,8.45795006516001,2.8090220021311727,26.67072924852008,61.08058341636172,3.529573677582023,24.065346949730507,2.5865939510310754,24.065346949730507,23.940788276801083,2.512737678359486,2.512737678359486,2.512737678359486,28.57037520689178,2.5865939510310754,23.940788276801083,2.5865939510310754,3.529573677582023,28.57037520689178,30.200826693495173,10.515028085212911,30.200826693495173,0.934305458173146,0.934305458173146,0.934305458173146,62.09494487773406,2.6638571607647226,1.5532792458737599,106.88725373789731,2.6170205449112784,12.455270202246998,2.785987187587377,2.6170205449112784,88.61311070613564,2.6638571607647226,3.4799443923662006,91.73065369591755,10.068396462598605,3.4799443923662006,2.785987187587377,102.59453933499127,84.70226090171529,12.60937885530187,2.6638571607647226,1.2831726163095378,106.20782043172848,103.77427608645628,0.990582993394392,3.4799443923662006,2.4247995163871296,0.990582993394392,0.990582993394392,105.97690187091035,0.9931057517731877,3.260393346645617,11.835705189105559,0.9931057517731877,0.9931057517731877,12.042703694861073,80.90485107244186,3.598532841275708,3.598532841275708,3.721123205660926,18.358243195430813,1.5356183975015758,53.03233061696141,2.2219819118787774,78.44163005942596,12.165133900329447,11.014482344022705,3.1878149643978912,56.02199867191773,1.5356183975015758,82.18138934844816,55.10100088812274,11.884823105235709,44.218560181451245,71.12475445934851,4.03445795928973,12.549102667806176,11.680691180794845,4.03445795928973,17.090443858644164,58.74107282699743,3.3849089217044495,61.159557415496245,17.12588079714113,12.780034761112338,3.8499340652720724,10.748106042491056,4.491084027157163,7.993813844217939,3.8499340652720724,3.9674375574598506,13.70059093369107,37.785941220244744,1.5538844563481353,3.9674375574598506,13.065196639014676,3.9674375574598506,3.8499340652720724,35.88174762388058,2.3187475666000337,3.0321046277662136,2.9416743671015295,9.397591972255183,12.738062120098322,13.150663759565218,41.1683191337897,11.535074012757702,2.632526806589243,15.458082165474712,2.902731204455402,17.443780609034125,9.989638948050953,12.580296804149707,10.183368002978131,9.753515433770303,19.683890869164244,18.013674691295204,15.341257592251852
14.21038988334746,14.21038988334746,13.633578615772628,13.633578615772628,6.317551957732745,23.538604125386524,14.034716399290012,13.26630153175166,23.26412613299825,13.454415221897596,13.26630153175166,13.999790858479619,13.317825197752297,6.317551957732745,13.999790858479619,13.26630153175166,13.317825197752297,6.317551957732745,4.063071782085484,13.317825197752297,12.464645185758485,12.330031109137117,12.464645185758485,14.153057842470277,13.317825197752297,14.034716399290012,14.153057842470277,13.26630153175166,14.098694661248324,13.454415221897596,14.098694661248324,12.330031109137117,12.494312192502449,13.031808266544253,14.031204111749274,13.031808266544253,5.110599537553853,14.031204111749274,12.494312192502449,5.110599537553853,22.20113098138308,13.031808266544253,4.130426504062867,7.485344056917432,13.031808266544253,5.110599537553853,3.42948704566054,4.130426504062867,12.945388508673048,4.130426504062867,24.9930437418061,24.44918958218866,2.2383673007466878,9.360101709578569,4.505772452818961,9.360101709578569,9.242155754979704,4.1059902517702245,4.1059902517702245,4.1059902517702245,13.35559393962936,4.505772452818961,9.242155754979704,4.505772452818961,2.2383673007466878,13.35559393962936,13.914454215629753,10.200068654769048,13.914454215629753,2.4357808539812007,2.4357808539812007,2.4357808539812007,41.56402232090934,5.01889707786212,7.225187880403143,3.9387699659976896,2.6308519500578607,12.412295389277848,2.0832126078365043,2.6308519500578607,40.839340674361736,5.01889707786212,2.318777418044837,29.09259575960513,10.30715421687538,2.318777418044837,2.0832126078365043,3.9481548650745526,40.08721299687391,14.872346732189625,5.01889707786212,7.805707477850424,3.7800349690298685,29.513508139707415,2.25404759298831,2.318777418044837,4.547446696818382,2.25404759298831,2.25404759298831,3.793882556805407,2.4597125875049035,1.9205860082495143,11.993201023147405,2.4597125875049035,2.4597125875049035,13.163555384512076,4.677193557863196,3.7538377567696233,3.7538377567696233,3.250967844032589,2.692323469031372,3.1549728427448636,2.033352122331264,3.72223340604648,31.155132732545326,14.141340335794332,19.836730701358903,2.439405131576755,2.0579345889994825,3.1549728427448636,5.385818460441523,2.1035757408181257,20.173711269510356,4.141625593912682,35.68063308408315,3.5663798192125475,15.60611705987241,17.66767300586975,3.5663798192125475,3.0558976763623025,3.376914979694457,2.696486590181247,3.4662861988417877,4.024216332045627,17.793237295455945,2.278345553212263,10.012266236117108,3.3456112034843133,21.597232774315614,2.278345553212263,1.8371837263307464,22.620997861648352,40.577201643380846,3.7998631731404244,1.8371837263307464,18.331597035940103,1.8371837263307464,2.278345553212263,41.017605523039414,3.6452607268699198,2.5972243706117375,3.4836295097222068,26.09177466929242,17.03740026582183,20.54875743363478,54.2377656183539,16.761906188393304,3.4238870379437754,24.64912282408762,3.0233529355346715,26.44326056385539,23.421178829073003,20.45739314251859,16.488336455335173,16.617022556971577,38.103830862388214,26.656270523736048,31.437366158357765
17.730414028923157,17.730414028923157,16.06108171170286,16.06108171170286,16.919094694488138,6.643142371303659,17.793925506440996,18.5065094483361,6.3338067949278605,14.400059848976875,18.5065094483361,22.641748241490387,14.279710551028192,16.919094694488138,22.641748241490387,18.5065094483361,14.279710551028192,16.919094694488138,15.534645972063318,14.279710551028192,17.18411345826037,17.58667063566818,17.18411345826037,14.747597671936814,14.279710551028192,17.793925506440996,14.747597671936814,18.5065094483361,18.02137190931503,14.400059848976875,18.02137190931503,17.58667063566818,5.110491529430699,15.411664037784266,18.918498401496603,15.411664037784266,15.72254083193288,18.918498401496603,5.110491529430699,15.72254083193288,30.811520886378098,15.411664037784266,13.541357806159136,4.05263030033507,15.411664037784266,15.72254083193288,13.965462752792542,13.541357806159136,5.8137532783512835,13.541357806159136,6.935757483294341,27.553559486388806,4.219881003718694,4.583069117544705,16.34334137350428,4.583069117544705,4.35739248379067,13.975832913235648,13.975832913235648,13.975832913235648,15.640399061495746,16.34334137350428,4.35739248379067,16.34334137350428,4.219881003718694,15.640399061495746,15.045671617950145,6.879568069883175,15.045671617950145,3.619137969648389,3.619137969648389,3.619137969648389,33.034496153301816,17.78400321898115,4.177717114321032,23.52130873392262,4.056425869543396,12.915620693263321,4.016664941725922,4.056425869543396,46.380810176367675,17.78400321898115,6.810245445921918,40.158559328357335,6.789680662251971,6.810245445921918,4.016664941725922,24.052704103680963,36.50480301673599,25.621139041690935,17.78400321898115,4.621765378200945,22.947295842365122,40.45205281572839,3.6730910140222695,6.810245445921918,19.57536059973498,3.6730910140222695,3.6730910140222695,24.030797648828187,3.673123803880704,12.37381112525182,13.152976379140782,3.673123803880704,3.673123803880704,10.346238623234804,24.682865617152586,12.24242341033607,12.24242341033607,12.375689334600395,10.930309230398274,14.653237016663658,4.9933729481008475,13.471422585656363,46.25811387740754,26.02303851224774,31.408075957070924,12.474386325949034,5.282710297771997,14.653237016663658,26.575212602825047,5.863120724294073,31.08307917516739,10.025604577522305,37.91408611903447,14.405983402755243,24.325990831678308,29.920724389318742,14.405983402755243,9.90417389254305,10.274453973069727,12.845265545569491,11.43612837488365,13.691656757955336,23.554584162897637,6.247477413510869,29.831936071803167,14.706765443643494,27.303049586216545,6.247477413510869,7.607290282473806,29.861226085384562,42.602173768966644,18.629820200499243,7.607290282473806,25.363597611584648,7.607290282473806,6.247477413510869,43.578653558333585,22.732146745535346,15.586404079826536,23.537739744122145,24.86421358347528,25.767736428162383,29.036842253201236,41.538468589283575,24.95612842534711,23.510870277409712,24.472430697784237,15.772645692343938,24.453759680241607,24.820740893118487,27.626645941331507,28.777134408458423,27.798050497089577,27.788601959408066,27.65924573433923,29.028018004733386
12.585873747866207,12.585873747866207,12.927394360256272,12.927394360256272,7.814526489095325,2.998292773247189,10.52014671719616,10.445113135105332,3.036301460773431,2.973499577683784,10.445113135105332,11.151876940009572,9.732789040575238,7.814526489095325,11.151876940009572,10.445113135105332,9.732789040575238,7.814526489095325,11.894224088096564,9.732789040575238,11.721538926479065,3.391205983916738,11.721538926479065,7.011283507220845,9.732789040575238,10.52014671719616,7.011283507220845,10.445113135105332,7.393699258646659,2.973499577683784,7.393699258646659,3.391205983916738,2.0733959758217617,10.940799944206933,10.517227211970695,10.940799944206933,10.743720796138229,10.517227211970695,2.0733959758217617,10.743720796138229,31.208898602349663,10.940799944206933,12.622889704479054,9.726311896394535,10.940799944206933,10.743720796138229,13.512739611535912,12.622889704479054,14.567812694154979,12.622889704479054,2.8355167227368585,33.982747879041085,9.051886723538587,2.4831470290296007,11.541485753156833,2.4831470290296007,2.277350509914103,14.050786269738714,14.050786269738714,14.050786269738714,3.0747843108348785,11.541485753156833,2.277350509914103,11.541485753156833,9.051886723538587,3.0747843108348785,7.243202396044336,15.290324992434575,7.243202396044336,8.415189293519942,8.415189293519942,8.415189293519942,39.659039594985444,7.8834318977570845,9.25403335540829,22.37663094463639,9.880221376235772,14.658555679942452,7.267182731488913,9.880221376235772,27.86593481376147,7.8834318977570845,9.804463275146928,19.916191232854267,14.115799407187192,9.804463275146928,7.267182731488913,19.60144644677474,28.375677084822225,15.83311971745989,7.8834318977570845,9.462181275002523,21.290687929158363,23.478378002462687,9.655007311338219,9.804463275146928,9.898932861546347,9.655007311338219,9.655007311338219,18.503982465928736,7.560742605395106,6.338298798637007,12.928772037352793,7.560742605395106,7.560742605395106,11.665016129378884,22.306577679967145,7.104132908188763,7.104132908188763,7.98789616018591,11.603222307248865,7.488430584222883,10.306340035646036,7.314001586041882,24.40931338644763,14.104434290268335,13.40663880647593,8.197540297647224,9.933973120323293,7.488430584222883,19.444837522122384,10.019669840981825,14.640182457602453,7.977014428926335,30.79803877085484,8.031103526130023,10.814482256346851,11.50023958818894,8.031103526130023,4.628321334641739,8.320681708463887,8.602351665881658,8.467837135842512,9.852183519768738,11.826885674834955,11.5121258376278,10.540003778718344,8.633028205335032,10.208649603428091,11.5121258376278,9.413652342108994,16.48684541624927,43.889670048633775,10.306485860077395,9.413652342108994,11.622839466104473,9.413652342108994,11.5121258376278,45.0998956605306,13.396119626653968,9.286580259209327,11.154083483335006,19.29865642273617,9.45022505727665,20.216243164795245,39.704201439237515,24.83389284697772,11.825973440686724,17.198600612252235,8.796540141350178,18.64749326316081,19.39480832688088,20.527263125568005,19.756992701389947,19.742167815054646,15.466627655105711,16.85009024950703,24.245224454275647
14.290568971499251,14.290568971499251,15.715154550860435,15.715154550860435,3.139513563091231,13.71261216664916,17.012844081176347,13.810261521938372,15.666609178652598,5.457209300525737,13.810261521938372,15.069491413849637,15.248085021446272,3.139513563091231,15.069491413849637,13.810261521938372,15.248085021446272,3.139513563091231,0.9238887558847694,15.248085021446272,18.688712982385567,5.517803620711698,18.688712982385567,14.674916216372836,15.248085021446272,17.012844081176347,14.674916216372836,13.810261521938372,13.696859976007534,5.457209300525737,13.696859976007534,5.517803620711698,1.5947025942375106,15.936011042736057,17.27343464387939,15.936011042736057,2.150764432800898,17.27343464387939,1.5947025942375106,2.150764432800898,28.389913277361075,15.936011042736057,2.308508081713593,2.718467368874857,15.936011042736057,2.150764432800898,1.2836058161186392,2.308508081713593,3.587958865852684,2.308508081713593,18.575187647906297,22.65494619403457,3.78909835241578,1.7200005384028354,2.8420897160917193,1.7200005384028354,1.7517893762549204,2.995963010617724,2.995963010617724,2.995963010617724,5.903665596867488,2.8420897160917193,1.7517893762549204,2.8420897160917193,3.78909835241578,5.903665596867488,15.009324840668455,1.8763452241697043,15.009324840668455,5.049967356474123,5.049967356474123,5.049967356474123,21.004822866199422,2.4941468050791618,2.4912454238660198,32.50469370934666,4.865850235642862,5.297995238343334,3.9889803235990615,4.865850235642862,26.81382595630612,2.4941468050791618,3.8771248630397364,33.89213821285196,1.901844573710901,3.8771248630397364,3.9889803235990615,33.06116641124375,22.58163445803547,5.408460844705158,2.4941468050791618,2.3498107329577524,20.034093467372497,33.31355247762255,4.918568911956641,3.8771248630397364,1.4427112126497357,4.918568911956641,4.918568911956641,20.221485093058913,4.734085346172928,3.654510409867511,5.120808997744154,4.734085346172928,4.734085346172928,6.144653390997204,24.214368878531918,1.7018980033740787,1.7018980033740787,1.9529628124763094,8.32613379558633,2.69959190535934,6.810799534212167,2.90863513975796,24.91474070062794,5.650405565211184,13.067890809628027,3.6619505891456243,7.337179493487095,2.69959190535934,19.86757996334167,6.877638963651244,12.239369321947198,5.766668569946217,21.136044816743336,1.799704209660167,6.354523111309856,5.518378803283709,1.799704209660167,11.518885472501179,6.543025327977499,4.300047280837878,6.029917557193748,9.290057832850856,7.753749800462527,3.5173062434963427,3.861926239733546,2.0472874560774748,6.9286064575772315,3.5173062434963427,2.980629482209705,14.242298850711567,14.977690345601227,5.817257586600776,2.980629482209705,8.450156973573554,2.980629482209705,3.5173062434963427,14.747689567427352,6.647536992640555,6.479519109863269,5.902805196360252,8.469857901430448,8.278005676822184,6.932489520520602,23.25637198147831,8.006462898286689,5.613126971524052,8.314679978945497,6.669714683001592,9.592385346958718,7.971128602342986,6.907825051531512,6.621775551966913,6.717837140699978,12.84466711041519,11.570537445520479,8.077700709303668
30.764418694535106,30.764418694535106,16.210682874965645,16.210682874965645,1.9849482824959188,29.919989475603625,12.733521419627625,16.248553652272676,28.760162336226603,8.952219499490607,16.248553652272676,15.79341341157991,9.873074316558132,1.9849482824959188,15.79341341157991,16.248553652272676,9.873074316558132,1.9849482824959188,2.9902097105675334,9.873074316558132,22.093228329893517,13.946293163942492,22.093228329893517,9.08863729275631,9.873074316558132,12.733521419627625,9.08863729275631,16.248553652272676,16.713242728281553,8.952219499490607,16.713242728281553,13.946293163942492,2.8909575497349222,15.394090908973736,21.37322613593269,15.394090908973736,4.266742041047031,21.37322613593269,2.8909575497349222,4.266742041047031,50.83029762335746,15.394090908973736,4.1963070578427715,5.929707534752563,15.394090908973736,4.266742041047031,2.39523689877484,4.1963070578427715,6.496434981443568,4.1963070578427715,26.531059806625656,48.70181739629053,1.5915499807881237,7.841392195777837,4.557009760505411,7.841392195777837,7.6182896761013295,4.237277529147646,4.237277529147646,4.237277529147646,15.715440093968837,4.557009760505411,7.6182896761013295,4.557009760505411,1.5915499807881237,15.715440093968837,12.561102513457385,6.8098918342949135,12.561102513457385,1.0299237376779546,1.0299237376779546,1.0299237376779546,57.996158199092875,1.8279288971996943,5.403042267456091,12.743363714178031,2.350274927323602,5.583592333952862,2.351801384312562,2.350274927323602,36.58106514779472,1.8279288971996943,2.4289862358563745,37.790528849926645,6.041823739199936,2.4289862358563745,2.351801384312562,15.694533788304508,38.13568743128808,5.959494433185909,1.8279288971996943,5.482053438488176,11.314231836832569,35.341794621772394,1.244567900796303,2.4289862358563745,1.7968234137278427,1.244567900796303,1.244567900796303,14.169170132505261,1.3628701600775586,2.191970465479617,5.204451097815841,1.3628701600775586,1.3628701600775586,6.505621814328868,16.39585068976937,3.7004525304338656,3.7004525304338656,3.633731009409693,4.131988538794745,5.4610133044840135,5.768192380599116,4.75207263112958,35.3984864682801,5.899875841522247,13.61436015485961,2.1205798469040187,5.983824473490386,5.4610133044840135,17.027512834747128,5.289867903766036,11.854371932576425,7.564360381502051,40.00958683402018,3.788807854189264,5.4967257351653425,12.435822970193973,3.788807854189264,5.611763173949359,6.909773868056802,1.4432847112242417,7.191816993155729,4.464975075141372,6.442327933970484,4.036846691577229,10.984777920566554,3.74082722254049,12.809330180976138,4.036846691577229,3.8883358168545343,15.22259732197485,15.01345280003009,2.2755758309694984,3.8883358168545343,5.801900286030744,3.8883358168545343,4.036846691577229,15.577933937043822,0.6773966196247257,1.937272518181297,0.576149403748945,12.10963520464502,6.212997103251635,9.592690105634206,14.584637723716952,88.11963887195762,0.6456891535713621,105.74741829082782,2.016548275491552,105.37463575672251,11.40579796101184,10.151286983140865,9.861836313632825,10.289769383584776,92.89074568527911,86.42019785964959,86.41036138839215
56.96154921031134,56.96154921031134,50.01248804421146,50.01248804421146,3.097398760222789,49.30875612630087,47.97457270163486,74.42895051778851,46.12664866217117,74.58151552292087,74.42895051778851,61.010559476517045,55.48497446101877,3.097398760222789,61.010559476517045,74.42895051778851,55.48497446101877,3.097398760222789,2.5677005969523536,55.48497446101877,65.68406138281865,97.19140368867752,65.68406138281865,57.589901527253325,55.48497446101877,47.97457270163486,57.589901527253325,74.42895051778851,78.86205832084293,74.58151552292087,78.86205832084293,97.19140368867752,5.080356814635547,62.76612721350053,61.759772750402064,62.76612721350053,1.8907126317446385,61.759772750402064,5.080356814635547,1.8907126317446385,125.20638373395829,62.76612721350053,1.8684154919247005,12.37332866020333,62.76612721350053,1.8907126317446385,1.3836882701626871,1.8684154919247005,21.626192689614513,1.8684154919247005,31.92214637956893,112.12525181215145,0.78585604938058,4.907586859746635,1.574333308716032,4.907586859746635,5.223559265660811,2.124418823509197,2.124418823509197,2.124418823509197,95.58651660232691,1.574333308716032,5.223559265660811,1.574333308716032,0.78585604938058,95.58651660232691,68.59648171656524,19.661717963875486,68.59648171656524,0.4847162171191543,0.4847162171191543,0.4847162171191543,93.26723016268912,3.2849396703970575,13.889968472435223,108.90504557178029,1.653870418647524,21.166749638082507,1.4755423388003328,1.653870418647524,89.11685473927311,3.2849396703970575,2.0684698697499195,111.68042011121415,19.776552320348898,2.0684698697499195,1.4755423388003328,109.92238570424604,95.17529220754997,23.450981781260793,3.2849396703970575,13.725988169371366,119.11244221787203,110.52732537095095,0.35956969194438887,2.0684698697499195,3.0670103320924498,0.35956969194438887,0.35956969194438887,120.184947326847,0.3801891787477107,1.0024777728829146,21.421278364081697,0.3801891787477107,0.3801891787477107,22.906356692426673,115.0890957157012,1.905033587408127,1.905033587408127,1.8174089494961758,2.2014649505777526,4.003691495089726,71.81527691432284,3.5276081196738063,112.5314318704349,23.69838571321328,46.56946258830353,1.248891267620271,64.72065913601257,4.003691495089726,109.5139733240758,65.62723136293526,46.12088319452018,71.47027284942297,97.52142380527339,2.7443741185828503,24.307651274926684,50.64472223623393,2.7443741185828503,4.990363779030219,78.07577754299128,0.8775953922402453,80.11551332402998,2.3075219448128697,23.009324729291922,3.5011819425057387,55.79197222209514,2.5371599627626433,54.46587396274341,3.5011819425057387,3.0507789171844286,47.86103606801424,11.191172268452844,28.30098921463668,3.0507789171844286,21.08900789829446,3.0507789171844286,3.5011819425057387,10.37757417156272,31.226363473351853,28.898339498046447,31.776523370286,48.55141771903136,21.615706527914387,49.65597179193493,9.121505502428878,45.015497674571165,32.78423245016469,33.581273833813405,29.15022308936368,31.065390450172437,47.507953128921834,49.36206709909104,45.32206758395305,46.485965801569655,34.67037204197582,33.85070194271086,33.23837098026184
4.456173014656799,4.456173014656799,3.7713087903700186,3.7713087903700186,4.02231494160796,24.574924398646345,5.264575392152297,5.344530937023203,25.17058632945863,4.83565768010625,5.344530937023203,5.506435894215311,5.151814719864888,4.02231494160796,5.506435894215311,5.344530937023203,5.151814719864888,4.02231494160796,5.0284105156455245,5.151814719864888,3.730346013768586,5.116469821057378,3.730346013768586,4.93513627117848,5.151814719864888,5.264575392152297,4.93513627117848,5.344530937023203,4.972585190779202,4.83565768010625,4.972585190779202,5.116469821057378,1.9923702218327826,6.848970317767442,6.750154800977395,6.848970317767442,6.905053496680682,6.750154800977395,1.9923702218327826,6.905053496680682,118.21161682831354,6.848970317767442,6.045872416516271,15.111968835590128,6.848970317767442,6.905053496680682,3.8700460162028456,6.045872416516271,18.23111899509119,6.045872416516271,29.969311115979544,116.47836040991332,2.056031289575043,0.8889106443461714,9.274593451541204,0.8889106443461714,0.8342954826229653,9.007763768531735,9.007763768531735,9.007763768531735,5.799860627515492,9.274593451541204,0.8342954826229653,9.274593451541204,2.056031289575043,5.799860627515492,6.252709273522642,17.665537997210997,6.252709273522642,1.7930198748070882,1.7930198748070882,1.7930198748070882,112.21366859956166,3.291539302882529,15.801235084446272,138.47312100169054,2.1659835906344465,14.906510622812615,2.3043799220703414,2.1659835906344465,148.4666821112167,3.291539302882529,3.1246716165571518,130.47308099927625,17.90966310041893,3.1246716165571518,2.3043799220703414,144.31584436738262,146.14574116604268,20.91844348910273,3.291539302882529,15.927437443653483,143.38900294725218,123.49945547808522,1.800555342964444,3.1246716165571518,6.076397686383817,1.800555342964444,1.800555342964444,159.62076675505833,1.807305026884638,3.276167346807549,15.740927293909387,1.807305026884638,1.807305026884638,14.657931074227735,161.07373120118612,5.332175593902553,5.332175593902553,5.146054638384631,2.374322465804275,3.5874546035980663,81.35381250748202,3.7629192974915324,153.45748688785315,22.44625554473606,21.202707868563103,3.203641253268189,71.25959398510365,3.5874546035980663,157.07903516435803,71.69043415241933,21.024996665770804,70.71380436257954,150.21345585449473,4.928081059656977,21.151379244255256,3.0200026750046014,4.928081059656977,2.2418745144157186,65.4906931459459,2.84416811793758,66.40735632909102,2.2122333168351433,22.285864336725076,3.508435062259767,2.9667493501976305,4.7370109424738605,2.360131308043225,3.508435062259767,3.5956491268517197,21.535635375616334,13.531548414835514,2.408114442151145,3.5956491268517197,21.462503735885686,3.5956491268517197,3.508435062259767,13.41922795787234,2.909472036770065,2.99667748655892,2.7604870255338265,5.185913738433892,23.543161919611233,4.478148177029916,12.138403884205767,15.155967556525242,2.909139637644032,15.701319081064767,2.9506801895691823,16.13552321263214,5.0103092371052975,5.338283712241107,4.72629140422407,5.378896375222408,11.256272816551945,9.942142591088713,12.902900053757664
26.201287197590666,26.201287197590666,28.286623769575776,28.286623769575776,7.291269427624135,2.7282997607096156,31.384795478236157,17.827367619830856,2.644306093907487,8.48959321546212,17.827367619830856,29.680273946834813,18.24580941043276,7.291269427624135,29.680273946834813,17.827367619830856,18.24580941043276,7.291269427624135,4.067939304546322,18.24580941043276,21.642712152673376,8.380603195826145,21.642712152673376,12.90712415218201,18.24580941043276,31.384795478236157,12.90712415218201,17.827367619830856,12.508143515396576,8.48959321546212,12.508143515396576,8.380603195826145,8.672096225640917,13.01418333615348,25.25215615268598,13.01418333615348,3.3987499988202683,25.25215615268598,8.672096225640917,3.3987499988202683,27.13030773649589,13.01418333615348,4.465484970272405,7.344818313807458,13.01418333615348,3.3987499988202683,3.856356260038494,4.465484970272405,6.216659427527914,4.465484970272405,3.4904031357003267,22.246896575329433,3.3106864313608817,10.324322489605382,3.4855422293868044,10.324322489605382,9.60633448411426,4.793186644764272,4.793186644764272,4.793186644764272,7.347599171446704,3.4855422293868044,9.60633448411426,3.4855422293868044,3.3106864313608817,7.347599171446704,10.274320807326834,8.460937416694312,10.274320807326834,4.351797612704633,4.351797612704633,4.351797612704633,22.002910776753733,6.382601770418824,8.94509886667879,28.044206311470404,0.9064548544670447,9.074124427792142,0.8205844085475388,0.9064548544670447,47.253152472192625,6.382601770418824,5.248477900080011,33.67612930170496,8.55727905675154,5.248477900080011,0.8205844085475388,27.413221253751374,45.91516576571495,10.762690648450006,6.382601770418824,9.022297206380493,28.650876616346007,33.97755125223797,0.9793652380579222,5.248477900080011,2.913112924116718,0.9793652380579222,0.9793652380579222,28.046683344290308,0.46976378279826503,2.0720391856059317,9.494839959537105,0.46976378279826503,0.46976378279826503,9.270591503895234,29.675819315055975,4.011014107045991,4.011014107045991,4.023913868418119,10.275944774848861,5.895953165456381,22.025913944071476,5.838321174511676,35.90842700729601,12.397442020847034,12.110182554379822,2.073179196160754,20.97918307524333,5.895953165456381,28.454807434275388,22.21456399719205,13.15618246123398,18.23954407677908,43.866698629945034,3.113656503288639,9.433773810302801,11.158263160084838,3.113656503288639,8.73971995746194,14.650828649565348,5.982202712423224,15.893457434781917,10.641807656341784,9.859554318151822,2.9547911087098955,12.677494669184936,3.0007758807516693,12.897289755351943,2.9547911087098955,2.9786302472309614,14.336057618373074,66.0496644754887,11.884650981274957,2.9786302472309614,11.886161078677096,2.9786302472309614,2.9547911087098955,65.90911487234955,8.431073292061434,9.701544918939547,7.6404781126708405,19.576623783360752,10.710430387568419,15.831822060762663,57.81354997385308,10.841166688524293,8.032126211393681,15.54130981447529,9.684601671111219,14.434517846783079,17.92147599807826,15.108153808934366,17.907751030497277,17.341258099140543,15.042454865047134,15.254203509504395,18.62521491377216
36.45682393497491,36.45682393497491,35.94448870564087,35.94448870564087,4.07587958840498,10.998733983719795,21.266459118231865,15.911928731802467,10.75107017441835,6.748018415720359,15.911928731802467,21.959478672548045,15.35082386434615,4.07587958840498,21.959478672548045,15.911928731802467,15.35082386434615,4.07587958840498,3.0648819711056916,15.35082386434615,37.39059363826079,8.615680413195879,37.39059363826079,13.469688523901304,15.35082386434615,21.266459118231865,13.469688523901304,15.911928731802467,14.484355721404167,6.748018415720359,14.484355721404167,8.615680413195879,5.191943019400413,16.92441761508972,24.227613670120274,16.92441761508972,4.3620120072614,24.227613670120274,5.191943019400413,4.3620120072614,47.58739989549063,16.92441761508972,4.536502117948779,6.194154810357137,16.92441761508972,4.3620120072614,2.5806739786727313,4.536502117948779,12.256092451442681,4.536502117948779,10.471277426293119,56.43342373238566,3.5245996193126956,6.258397289934585,4.270978580364657,6.258397289934585,6.558081989687149,4.468799327179129,4.468799327179129,4.468799327179129,7.999633660249893,4.270978580364657,6.558081989687149,4.270978580364657,3.5245996193126956,7.999633660249893,14.30511530399739,12.760797029009801,14.30511530399739,1.9255168033136794,1.9255168033136794,1.9255168033136794,54.62117432680082,3.8952337591391046,5.999767734376758,46.55400744085121,2.3236143412804697,15.878074468214285,2.196312994293843,2.3236143412804697,41.51893116000083,3.8952337591391046,4.519248983129072,58.147979294426904,11.687589348005512,4.519248983129072,2.196312994293843,48.53464684500122,52.57096151308326,14.289814492996952,3.8952337591391046,4.308249336940397,46.40361587478398,62.2733038087238,1.454798739311,4.519248983129072,3.0463375702765334,1.454798739311,1.454798739311,48.35983676366375,1.417971727586393,3.8051236496138126,14.487983002962086,1.417971727586393,1.417971727586393,12.740902977875418,37.43595815429242,4.2849566206664935,4.2849566206664935,4.634526563784726,12.101459705044784,2.8220418764306348,7.618778001817574,2.6606298901072947,50.501641293752364,12.03642627864976,16.859970136154676,3.9877229714671154,7.938238532150408,2.8220418764306348,39.7313538635443,7.756067550318401,12.034563081302817,17.14974453936247,41.61268215183185,4.235401338638645,11.37011222287385,9.585109465172536,4.235401338638645,15.277286477655402,16.887714277256908,4.473120263157165,17.15049561151654,11.108396810371842,11.782348772376873,4.4087854354617555,10.073996342116384,4.550924324251259,8.524666826020203,4.4087854354617555,4.228901955043218,12.649730484999148,18.771798113123374,8.647013314242486,4.228901955043218,14.495619245742802,4.228901955043218,4.4087854354617555,18.49204592054035,7.274779760050983,9.486135376557852,7.216309622562513,16.209713007586608,12.785881228759417,16.28754384329909,21.870188040083534,16.762670462713892,7.309633675736335,21.35700792025586,9.281278138218946,23.275246026066693,15.740239899724102,16.08723514735585,16.382982718751734,16.565069475814997,12.12730912771727,12.528160513088537,16.311539918089437
14.79756693418065,14.79756693418065,13.915905344308669,13.915905344308669,1.8543343297801238,91.53413488634718,12.549274643935535,12.782794477575708,91.99920533059733,5.511380140547182,12.782794477575708,13.677852059891084,11.635975168254479,1.8543343297801238,13.677852059891084,12.782794477575708,11.635975168254479,1.8543343297801238,2.4391917660993068,11.635975168254479,9.949211591831807,4.7074523475214525,9.949211591831807,10.532752322599872,11.635975168254479,12.549274643935535,10.532752322599872,12.782794477575708,11.808161390983722,5.511380140547182,11.808161390983722,4.7074523475214525,5.240814889408057,6.832205212567901,6.688061168384038,6.832205212567901,4.064197819165683,6.688061168384038,5.240814889408057,4.064197819165683,95.36292257375433,6.832205212567901,4.139502151256413,3.7691977968228234,6.832205212567901,4.064197819165683,1.9395387260562196,4.139502151256413,4.893727348021944,4.139502151256413,87.91218283118502,95.4124341859443,4.105489771872336,5.527881500372453,3.9405990972815697,5.527881500372453,5.518358620683344,3.940963432963748,3.940963432963748,3.940963432963748,4.8109471959649674,3.9405990972815697,5.518358620683344,3.9405990972815697,4.105489771872336,4.8109471959649674,8.941166487768301,9.482799496604695,8.941166487768301,3.429163283985896,3.429163283985896,3.429163283985896,106.55140044751343,1.2666527649425423,4.027735525125982,147.47626146949045,4.441659536221883,10.342835420211774,4.471678380374827,4.441659536221883,121.86944944592888,1.2666527649425423,3.1893728433037127,148.76416066381765,9.328292820601119,3.1893728433037127,4.471678380374827,147.4082894804454,130.75046382194128,11.506643576317224,1.2666527649425423,4.031981716386076,154.79477644091773,136.84043228657092,4.231786784019912,3.1893728433037127,1.3754731745085704,4.231786784019912,4.231786784019912,153.74811865032933,3.8720278696966277,3.2682898680965073,10.327690102342043,3.8720278696966277,3.8720278696966277,8.259494236106327,153.810587343306,4.70788419904316,4.70788419904316,4.443921495917289,6.187330349008286,2.5213953755688516,148.73377214147538,2.499938979464154,171.41389406329927,11.94006127936177,12.18471044867711,3.243385086166177,138.3196501750897,2.5213953755688516,161.06863517883312,156.5833092541922,11.846677615461008,129.90492990784213,115.70867373983133,3.8158590746325016,8.512368705921098,6.077978409146933,3.8158590746325016,3.2529590733934057,144.72241379903448,2.731419815428405,144.9921864333669,6.956795644072855,6.9715475747462765,4.111898363319022,6.414977015630611,3.8560530367043206,7.677569651453355,4.111898363319022,3.570759556042907,10.638932284975265,8.359334899461595,7.23240034659648,3.570759556042907,10.610175055134713,3.570759556042907,4.111898363319022,8.383867553650065,8.069143304501196,6.261754761673902,6.2566660041601105,7.381449914948894,11.954713838400904,6.050127269034309,8.258059537379157,5.699160033883907,6.4051632777730205,5.876674576815139,6.791724701235701,5.969090082221893,7.238985882796932,6.383550411104723,6.484065248499873,6.654902631414274,4.543823430800795,5.138093237375587,6.506194001054168
28.30935314743798,28.30935314743798,27.006745842846062,27.006745842846062,1.5567163006806517,9.15669560648004,20.100292975277156,20.992941428771477,8.919367262544144,3.8891509547780276,20.992941428771477,19.98681785634155,21.861849600795576,1.5567163006806517,19.98681785634155,20.992941428771477,21.861849600795576,1.5567163006806517,6.787454236643157,21.861849600795576,26.39119075500188,4.128439763516903,26.39119075500188,19.83301805030415,21.861849600795576,20.100292975277156,19.83301805030415,20.992941428771477,19.198921252017524,3.8891509547780276,19.198921252017524,4.128439763516903,2.1040736039504355,22.201145186879337,21.7443026908369,22.201145186879337,4.728749718868026,21.7443026908369,2.1040736039504355,4.728749718868026,46.951767862727905,22.201145186879337,4.5681672996157685,2.830693515277128,22.201145186879337,4.728749718868026,6.422896974600565,4.5681672996157685,2.155950093726431,4.5681672996157685,7.601872201578404,47.19127371502912,2.175105471744056,1.7798045607271524,6.449161010210553,1.7798045607271524,1.8265027662734732,6.756924476121338,6.756924476121338,6.756924476121338,4.081720190999149,6.449161010210553,1.8265027662734732,6.449161010210553,2.175105471744056,4.081720190999149,19.7404764651754,2.822043697031291,19.7404764651754,1.6408775625422432,1.6408775625422432,1.6408775625422432,52.741561876137425,3.2316460566951224,2.7577939899152315,18.307374971827336,2.9178122989619557,4.844593625092524,2.833006660300491,2.9178122989619557,27.402581060125968,3.2316460566951224,2.8078651482090007,22.12592313353396,2.406128558685452,2.8078651482090007,2.833006660300491,17.29951677606813,28.1557175520342,5.148893996818075,3.2316460566951224,2.8454948390079906,20.89203041585813,22.296513405350183,1.6283525813515398,2.8078651482090007,6.5357094596909695,1.6283525813515398,1.6283525813515398,18.015705372909263,1.5142237894990964,2.7301919354159647,5.56034787317033,1.5142237894990964,1.5142237894990964,4.661604351986352,24.56449599363732,7.473857798271147,7.473857798271147,7.588278551836013,5.026510218654061,9.08347847854174,8.433948709036759,7.420816115313557,29.492303995317467,6.238131377118993,15.59812282950345,2.83088328201707,7.264213820727295,9.08347847854174,25.122357910751738,7.14075288882597,15.423005434291692,17.02665648623258,36.90692699747671,7.548033336840917,4.893011917239166,5.226613136264856,7.548033336840917,6.537788364211513,12.32830876675582,2.467612619917806,11.938781542910926,5.030031054290603,10.723203433545024,4.145937518335997,4.863498598007963,7.536706436735536,5.290248757983127,4.145937518335997,3.939952077501698,16.65246426792295,17.900919497310255,1.6526446198238827,3.939952077501698,9.823122063044694,3.939952077501698,4.145937518335997,16.896838964232217,1.3701916345795107,1.739622777845374,1.265644032246084,3.188733803674878,11.007180546148804,4.293562985875418,14.344178303610178,3.615933485212375,1.340495019698201,5.176961813148374,1.838067108160379,4.5861426117480795,3.8926991176524965,4.020699705061948,4.078561112255691,3.985963914721642,6.7678976730083305,6.872082848677153,7.324423977147833
5.428633684768224,5.428633684768224,5.0480982718670555,5.0480982718670555,11.07073806895998,85.60528085433421,4.229818823469349,3.021309900630973,83.07307496440394,3.121443879026181,3.021309900630973,3.0484845828403184,3.639169132379085,11.07073806895998,3.0484845828403184,3.021309900630973,3.639169132379085,11.07073806895998,5.165779259709748,3.639169132379085,7.2930914198933605,3.343707332091214,7.2930914198933605,3.1005298610132224,3.639169132379085,4.229818823469349,3.1005298610132224,3.021309900630973,2.96548228462719,3.121443879026181,2.96548228462719,3.343707332091214,3.996956327446478,3.4276626162716304,2.9955261436988967,3.4276626162716304,8.999814716984673,2.9955261436988967,3.996956327446478,8.999814716984673,69.52197874872138,3.4276626162716304,10.248898850938865,5.75423625458782,3.4276626162716304,8.999814716984673,6.3426773712426785,10.248898850938865,8.910660572179523,10.248898850938865,104.34844616887243,58.771905190402386,6.445389094110369,2.9949039024560298,9.582769819538047,2.9949039024560298,3.3252357693995003,11.138947690290822,11.138947690290822,11.138947690290822,2.7475548468093485,9.582769819538047,3.3252357693995003,9.582769819538047,6.445389094110369,2.7475548468093485,3.2652912153065965,9.491295683557485,3.2652912153065965,8.03300315196461,8.03300315196461,8.03300315196461,68.5030680365937,11.172036672374903,5.9152633786372055,43.39490149973092,7.960013892583018,15.378246016481798,6.68719254454037,7.960013892583018,32.276151959969596,11.172036672374903,10.079580082142236,37.49439287392645,9.923635129967037,10.079580082142236,6.68719254454037,39.89184333311895,29.137229465225023,17.136688607673225,11.172036672374903,5.988144647087878,43.35202414444923,38.918537330633825,5.057474501604634,10.079580082142236,4.887777201981156,5.057474501604634,5.057474501604634,43.21294296864844,5.745467698450708,6.865865659359724,15.391017794074804,5.745467698450708,5.745467698450708,15.197618276450656,45.788650525251015,8.317053472109734,8.317053472109734,9.279903964855942,7.620610891471635,6.311512231164425,43.024280269363295,6.749696181610941,43.30422494856486,17.123130750826768,22.19816665292848,8.039070822852963,38.3812468323669,6.311512231164425,47.32592839377847,38.993166947541155,22.325376702409173,40.96604777605941,36.46544684054891,7.12570340093355,17.627210525214036,11.021392236368136,7.12570340093355,4.277921850749644,36.90760810578004,9.715983051552257,37.85600553087031,5.642086866246114,18.874696805766156,12.77296028481156,9.433395721322418,6.991321445265509,8.587722355321155,12.77296028481156,11.619515840079982,23.90572409448349,8.58174358742163,7.833818625917422,11.619515840079982,18.13757394239535,11.619515840079982,12.77296028481156,8.225577112786599,8.497592294481736,10.792530170065188,7.374231474138351,9.60012497896731,18.087849894557404,10.609657336527105,6.913843626556918,11.572292129850473,7.579180810478558,10.87373373481518,10.898376799978887,11.37397652019339,9.377425939402702,11.864533362854418,8.670718218004536,9.967041892815832,10.427126562227164,9.635543420021223,14.083364170987128
19.672834057801232,19.672834057801232,18.342115542106264,18.342115542106264,3.7221616918339135,5.607042680152135,13.552608833490083,12.930399548008095,6.212747615653686,14.330028036003318,12.930399548008095,15.071073425850274,13.56125250995186,3.7221616918339135,15.071073425850274,12.930399548008095,13.56125250995186,3.7221616918339135,7.3601823107603055,13.56125250995186,14.400798771623975,14.06209587583763,14.400798771623975,14.19384221394349,13.56125250995186,13.552608833490083,14.19384221394349,12.930399548008095,12.79361866451181,14.330028036003318,12.79361866451181,14.06209587583763,2.644457801256012,11.761898669056075,16.808425041774942,11.761898669056075,2.863852887694733,16.808425041774942,2.644457801256012,2.863852887694733,50.96361092250553,11.761898669056075,2.925980280352428,3.0147006424943883,11.761898669056075,2.863852887694733,9.078822436793143,2.925980280352428,8.755824811641453,2.925980280352428,5.375999015081658,46.08754112353517,2.716331428543194,2.421127161650978,2.7253975203269056,2.421127161650978,2.8403195503910057,2.816662948654707,2.816662948654707,2.816662948654707,14.882145298720571,2.7253975203269056,2.8403195503910057,2.7253975203269056,2.716331428543194,14.882145298720571,12.045886136966073,7.307629614032369,12.045886136966073,2.443344988887506,2.443344988887506,2.443344988887506,41.64309800384053,4.006191396933942,2.5774028369884294,29.567478543017636,2.641036580841112,10.282587013966738,2.3718155367531435,2.641036580841112,58.94832458610195,4.006191396933942,3.2990360833620667,61.27765520271973,7.468932319297276,3.2990360833620667,2.3718155367531435,27.068322413466422,57.503588401207345,11.20377208471493,4.006191396933942,2.6099581939650753,32.11778400505495,62.7699547185557,2.190585470902393,3.2990360833620667,9.305787968648614,2.190585470902393,2.190585470902393,30.34336195586745,1.8424615792884247,2.2778339235276466,13.80872328748922,1.8424615792884247,1.8424615792884247,16.83674907436099,28.30761044458848,5.151103321384736,5.151103321384736,4.924985495696095,12.468497738821048,5.898681504105818,20.498819098678286,5.771373364763574,62.27932903525832,13.9425562147047,24.0606826996525,2.417079384262731,19.276218238795295,5.898681504105818,29.865898246469833,20.98838739256117,23.306325544486484,32.25725740505888,56.26186962725434,5.317432337863855,15.160551329544765,12.585259671596399,5.317432337863855,12.894038110328914,30.929447971893996,2.642109892140695,29.224268457684545,12.381637981385467,17.37041019563438,2.4316183770990114,10.523509276740555,5.049318466135071,9.016685994661676,2.4316183770990114,2.394226948577837,19.794662489740013,42.748838309863665,11.817302651930277,2.394226948577837,13.269169520222164,2.394226948577837,2.4316183770990114,43.32252337664383,17.1769392260732,13.774233723389127,16.884399248131203,16.550359142774912,15.72084907295817,17.978058482102178,40.18482840050189,15.414850378115702,15.269329656304691,16.377986755152875,12.431146725757683,15.517440255785893,16.865994675211414,19.400265222180156,17.269086243099803,19.734085067889573,10.413957550267202,11.469637319566218,12.973401022957319
22.677703438058813,22.677703438058813,23.611284416101036,23.611284416101036,12.050348872093886,15.60800070304899,16.152163999684937,14.677904484314775,15.206609291021167,7.391233917685749,14.677904484314775,15.712198504661757,14.564030719783501,12.050348872093886,15.712198504661757,14.677904484314775,14.564030719783501,12.050348872093886,4.683443864213698,14.564030719783501,17.477412292615192,8.792358376133313,17.477412292615192,15.7278167732117,14.564030719783501,16.152163999684937,15.7278167732117,14.677904484314775,16.068190450355658,7.391233917685749,16.068190450355658,8.792358376133313,3.6356292272359445,14.731862608990484,13.867793396364773,14.731862608990484,8.955901327072812,13.867793396364773,3.6356292272359445,8.955901327072812,74.35682039807614,14.731862608990484,9.05545786020139,3.933824670883237,14.731862608990484,8.955901327072812,4.720400950201284,9.05545786020139,4.637903279102223,9.05545786020139,14.70925334089121,72.296604481047,14.06226206020976,2.460186461393299,9.651827344137166,2.460186461393299,2.318805106187071,10.037791611159767,10.037791611159767,10.037791611159767,8.0815138944774,9.651827344137166,2.318805106187071,9.651827344137166,14.06226206020976,8.0815138944774,15.424245807422295,4.1255178652890505,15.424245807422295,11.219474634989982,11.219474634989982,11.219474634989982,69.78756637097473,12.344571152649443,3.9313559400382894,48.907522248106865,10.69708265388398,15.423936391263469,10.359676936063172,10.69708265388398,47.78499521368697,12.344571152649443,13.543891128349372,43.22065170237123,4.4749210112626265,13.543891128349372,10.359676936063172,47.827123624814085,46.65405826874286,13.340046570821427,12.344571152649443,3.773130907590843,51.06500085394745,48.80585788273602,9.221999761484744,13.543891128349372,4.5916926676009835,9.221999761484744,9.221999761484744,50.74363529111412,8.709255333185013,11.830243843838717,16.363596134443252,8.709255333185013,8.709255333185013,13.927964371558106,46.96016973931385,8.585758333217894,8.585758333217894,8.842308798677967,10.633810409895155,18.75091040470207,13.998494835138482,19.003198111451958,45.226580226026734,14.01722709745987,21.01577312804719,11.881682310014561,17.154229430982387,18.75091040470207,45.876338786482805,16.788882125504536,18.156195905892755,15.201831672853366,43.99378327506509,8.732577350130581,13.465682689767618,8.458718670914736,8.732577350130581,13.370865418045913,16.98349153882698,15.184298995798365,16.854972874608393,11.070477196266234,15.906746882848822,10.409837568450572,6.427370663720975,9.021694542117475,10.452787392173292,10.409837568450572,9.887770311801143,18.69963240342452,19.923860800942094,13.113175129820638,9.887770311801143,15.019470836883608,9.887770311801143,10.409837568450572,20.808486446364263,12.090420932792831,9.159201677330016,9.186470022161885,11.650054530832216,16.543520578015922,15.012624153632773,23.147611210755446,10.585092677758345,9.904894612682059,13.744241450811638,9.653763079663452,12.642767099039336,11.176969992930703,15.228741294112975,14.117983181292313,13.813327220841343,12.843903452070723,13.214504473879215,10.895359712719486
7.782098105357013,7.782098105357013,7.930898587989236,7.930898587989236,4.46493490383397,27.218148830187904,7.066164329794992,5.140175549901518,27.6771470993483,7.101794882801523,5.140175549901518,6.023804025010359,5.228083837455072,4.46493490383397,6.023804025010359,5.140175549901518,5.228083837455072,4.46493490383397,6.102743870701782,5.228083837455072,8.418018997323314,9.431166524790981,8.418018997323314,6.491380346446186,5.228083837455072,7.066164329794992,6.491380346446186,5.140175549901518,6.062392617180748,7.101794882801523,6.062392617180748,9.431166524790981,3.9591278253909103,6.346307029628902,7.850923834247843,6.346307029628902,7.127103643640574,7.850923834247843,3.9591278253909103,7.127103643640574,21.246736831309082,6.346307029628902,6.435470827000427,2.058577631373526,6.346307029628902,7.127103643640574,6.372334701120608,6.435470827000427,3.852566675052702,6.435470827000427,24.874647062233375,23.619249511712297,1.0499550559597493,3.985991003806476,8.36698486372777,3.985991003806476,3.9985377006660396,7.756306336504745,7.756306336504745,7.756306336504745,8.273552915509486,8.36698486372777,3.9985377006660396,8.36698486372777,1.0499550559597493,8.273552915509486,8.68872422658744,2.5304466255426443,8.68872422658744,0.82247911960586,0.82247911960586,0.82247911960586,24.399916278250064,4.985371749110661,1.4938731188377714,10.265188983670674,0.9635616075892777,3.3695964002140077,0.913822757370495,0.9635616075892777,37.091821564231616,4.985371749110661,5.257353861343979,12.859396135640678,2.4806942422951264,5.257353861343979,0.913822757370495,10.513317681160421,26.979344757751054,4.288979490625967,4.985371749110661,1.4339502793713017,8.546454193570709,12.178749455694458,1.3210632247430838,5.257353861343979,2.5954927495926015,1.3210632247430838,1.3210632247430838,10.051821835027718,1.0963333446619492,2.853367344436086,3.4914815866493063,1.0963333446619492,1.0963333446619492,6.704511683119965,10.788444372792588,8.78149420599288,8.78149420599288,7.579461823911367,7.796357414077942,9.144944131876365,12.860079275733213,9.15873533321164,9.948941845617801,3.978644118807738,4.737627429799967,2.8442958591496197,13.51199740774529,9.144944131876365,9.624596794306244,11.07332697111612,4.76283463094408,9.424460724624353,28.576141748076644,10.472106751466239,7.188488064770836,53.38632108034537,10.472106751466239,8.518291437734767,9.063297837787413,2.621374819993789,7.794478280851378,9.315052225277137,7.3505002617528135,7.430273946097996,54.725850177669656,8.711662720082757,48.57550817742773,7.430273946097996,7.496446541001611,4.968833628782558,14.032863834706234,12.355830029610654,7.496446541001611,4.300697505302927,7.496446541001611,7.430273946097996,12.548630661859985,8.676884861730159,12.733445218269106,9.276142820247067,56.977837017278524,3.923857734883339,62.12151353393353,10.610228974356941,53.940720715064664,9.365331304893916,55.49316408497806,12.841459818911842,54.45786551555604,59.949040895526615,61.47340583880439,64.30459063826515,61.52856612084524,45.953960881282505,46.04963680595449,48.17863659534301
33.674828099471696,33.674828099471696,34.293824818899274,34.293824818899274,5.323872560142654,38.173516386199374,42.412559332145086,48.25994614124317,41.857501183679375,57.18618231533515,48.25994614124317,47.21903589434526,48.40055651426348,5.323872560142654,47.21903589434526,48.25994614124317,48.40055651426348,5.323872560142654,3.0281834617867456,48.40055651426348,23.04609104427221,56.01989793941603,23.04609104427221,52.03899975782679,48.40055651426348,42.412559332145086,52.03899975782679,48.25994614124317,53.75786189309147,57.18618231533515,53.75786189309147,56.01989793941603,4.067512734203933,36.737198897286596,39.33152957355521,36.737198897286596,4.068067223879696,39.33152957355521,4.067512734203933,4.068067223879696,43.58510719717789,36.737198897286596,5.000519576874945,2.1599461202149675,36.737198897286596,4.068067223879696,3.643648574420234,5.000519576874945,5.235828429302021,5.000519576874945,45.18177244276834,43.45225420090167,6.722951014716186,3.237973615269193,4.50995901476642,3.237973615269193,3.610942017105168,4.5546456682546745,4.5546456682546745,4.5546456682546745,46.31501755425611,4.50995901476642,3.610942017105168,4.50995901476642,6.722951014716186,46.31501755425611,43.302234432222775,5.351519390775151,43.302234432222775,5.688139992677559,5.688139992677559,5.688139992677559,44.123712365063646,5.656471334514086,2.3780971762010714,44.189844698907876,5.158003048594435,10.53766721926532,5.215062557815761,5.158003048594435,42.69049023470091,5.656471334514086,5.648974861472745,41.05576958969418,5.404792289671778,5.648974861472745,5.215062557815761,44.05993649005634,37.36014269081571,9.858344539991156,5.656471334514086,2.355838486344645,46.32779473215541,40.49993314746385,4.794732822545083,5.648974861472745,3.6471605374828835,4.794732822545083,4.794732822545083,46.79997589091529,4.994673132372509,5.518954426148307,10.610527905726453,4.994673132372509,4.994673132372509,10.922304277794156,44.69160901306873,6.087692203556488,6.087692203556488,6.874066164410219,5.0545032570169255,8.680735154996688,43.0102619020636,9.394779615552075,41.36881323821189,10.405022317066328,13.106980234118597,5.331262277661471,51.82634718437167,8.680735154996688,45.51245520837437,52.09187652698103,12.786628000498178,41.63134059684995,41.62539667876073,5.418456953911012,11.80343214730231,6.302626507555723,5.418456953911012,6.029913323780486,44.71176462100873,6.799976924427454,45.91790484217463,4.983845062523881,8.744124368858714,5.161342471544414,6.488834166017709,6.232063805972507,8.80650197912348,5.161342471544414,5.152558771169174,11.305741884897696,7.736055564536501,6.418038689120843,5.152558771169174,9.59062362791553,5.152558771169174,5.161342471544414,8.047149632479416,4.61380578567067,5.737518669529191,5.252447084070896,8.08199806057209,9.97172546991188,5.224061189000635,7.257423498177573,7.826961259525705,5.351641455902372,7.611915495972613,5.312078181791059,6.707659814595235,7.473216674123907,5.8965347602827345,6.778405959183053,6.032127240454641,13.405332467333373,13.8571079119314,15.045195121499237
27.313036891059717,27.313036891059717,28.807085780063545,28.807085780063545,4.94857438807251,8.898122410984152,30.900949944503903,21.071211057170746,8.720510573298707,28.11195544901282,21.071211057170746,27.976914998321618,23.718676903595764,4.94857438807251,27.976914998321618,21.071211057170746,23.718676903595764,4.94857438807251,2.4755900593214446,23.718676903595764,27.558641001966983,25.390566913941566,27.558641001966983,24.7203075033477,23.718676903595764,30.900949944503903,24.7203075033477,21.071211057170746,24.227568062961403,28.11195544901282,24.227568062961403,25.390566913941566,17.146963278830622,19.9296273967181,28.02147494096677,19.9296273967181,3.678840603721561,28.02147494096677,17.146963278830622,3.678840603721561,97.39100286405149,19.9296273967181,3.542295427058599,5.411828337813035,19.9296273967181,3.678840603721561,2.345097647538974,3.542295427058599,6.5315870326931424,3.542295427058599,7.407079323672632,99.1757149213293,4.542689522016899,14.693823273150418,4.292967952892263,14.693823273150418,13.580420899049965,4.262802096452421,4.262802096452421,4.262802096452421,25.618198899606288,4.292967952892263,13.580420899049965,4.292967952892263,4.542689522016899,25.618198899606288,18.995858905944544,9.175759751546622,18.995858905944544,3.400214021104095,3.400214021104095,3.400214021104095,93.7748150786246,4.650755915569412,5.54823853067119,125.34026643717412,3.1920967491347874,15.893269876178769,3.3025616591874187,3.1920967491347874,152.61917507028105,4.650755915569412,5.123838957871727,158.33628517212136,9.609527300133962,5.123838957871727,3.3025616591874187,129.33441615997177,152.12232419505253,23.9522629451813,4.650755915569412,5.528030410919592,127.09714314986408,167.98956480446012,3.0920409902691492,5.123838957871727,2.6154100727710614,3.0920409902691492,3.0920409902691492,125.20596368609496,3.2150779374920537,4.238214088131573,15.718000781892693,3.2150779374920537,3.2150779374920537,14.617311816430165,138.87763122638685,3.3786564552909764,3.3786564552909764,3.4309626421903388,9.720124282372625,4.555808154675089,145.94739612523682,4.364511446303373,158.640022025563,23.775227085415217,38.133345466085395,4.069590809233142,149.13734779116507,4.555808154675089,136.493279976492,149.41394257839704,38.032717318657554,136.78763887741647,146.86711356223498,3.4261754050449245,21.85836685838043,12.890652657718045,3.4261754050449245,8.86526481316231,136.9515084681531,5.550495574166424,137.11574471797564,8.149382048938671,22.804368821885827,3.903041525025841,13.70618774162721,3.512016847667181,10.804832413516735,3.903041525025841,4.125769677657323,38.17265953292998,34.60237495855769,6.152670447512213,4.125769677657323,24.3758950269301,4.125769677657323,3.903041525025841,34.440870165875836,10.467130719113094,9.503834867917055,10.590068173915283,14.369370852140445,24.31181194931325,11.86400609015258,35.427597436010714,20.398828677800168,10.549380163794659,18.230131151548882,6.902269356037884,17.1591392292211,12.144080377697918,12.66368883530004,11.04258011646044,11.516618916570268,17.77577873718618,15.037938685374074,15.446436661134182
7.862567150388306,7.862567150388306,8.015390383442428,8.015390383442428,2.9178530106622036,8.806068230831993,7.4974761815241875,8.891993019621008,9.694809449772146,10.000815253719399,8.891993019621008,5.730680925471897,8.251134468989902,2.9178530106622036,5.730680925471897,8.891993019621008,8.251134468989902,2.9178530106622036,4.677051792548492,8.251134468989902,7.165772318590701,9.307192310957424,7.165772318590701,8.369383272402498,8.251134468989902,7.4974761815241875,8.369383272402498,8.891993019621008,8.871734580183805,10.000815253719399,8.871734580183805,9.307192310957424,4.428852469476795,7.968090467319261,6.47104517387752,7.968090467319261,3.374558473823806,6.47104517387752,4.428852469476795,3.374558473823806,53.96925071120815,7.968090467319261,3.9829695588838474,5.531236861191031,7.968090467319261,3.374558473823806,4.7750667006765255,3.9829695588838474,7.598836214087762,3.9829695588838474,6.304877093578258,58.24565872348837,3.423308792778208,5.713867713646311,1.9371103070336768,5.713867713646311,5.780941087250492,2.8078866457571845,2.8078866457571845,2.8078866457571845,10.501894071620589,1.9371103070336768,5.780941087250492,1.9371103070336768,3.423308792778208,10.501894071620589,8.512978768090058,7.891196053205888,8.512978768090058,3.4026488237258565,3.4026488237258565,3.4026488237258565,45.957168586128006,3.6138297698540343,6.119758101800776,39.148738886551264,3.2312512890605665,13.096397860005531,2.8581880372037203,3.2312512890605665,30.713056607053705,3.6138297698540343,3.454018301151513,38.22672785954286,7.234668453398656,3.454018301151513,2.8581880372037203,38.60219079511885,34.93144621490914,14.26352802981868,3.6138297698540343,5.829310376356862,38.72912162277778,38.9499176970977,2.516802919337701,3.454018301151513,2.4033303112511675,2.516802919337701,2.516802919337701,37.828163607950984,2.4917331479015217,2.7237446829161214,12.16708997036415,2.4917331479015217,2.4917331479015217,14.378475169065101,33.862502225753396,5.699726646295641,5.699726646295641,5.746165309906724,6.0443661480357145,3.9288567636248524,46.478437227156114,4.850912494884177,32.98469654874369,14.332482902796462,16.06851856570083,3.0859441765527325,44.03966480876666,3.9288567636248524,33.75259947733234,45.43081509555996,18.017935556578735,40.1793468680104,32.26235652139361,5.186325366128873,14.607336200140747,8.896939446382472,5.186325366128873,5.783364924751938,41.60385408321741,3.9003699468387136,39.250127708437184,6.474371477587501,15.203656462599495,2.69699005017157,8.997500802769657,4.694371449888698,8.35941446566382,2.69699005017157,2.4847901967366073,15.225870529138811,15.932873087084557,8.214622418873281,2.4847901967366073,16.256599749478468,2.4847901967366073,2.69699005017157,16.696494868208546,2.04484504055215,7.902387847133987,2.1313769759997725,11.467731983029058,15.942081562277528,11.262059760546759,14.212655029435801,11.813082977521551,2.210547587640555,11.019736361209837,7.840814448986365,11.206752432967585,12.690045128457886,11.33192123999743,11.665559274292502,11.402566301477686,11.538925891495273,10.275479165475582,10.615095560958233
12.87040286059332,12.87040286059332,10.551302847984855,10.551302847984855,2.5596923184380547,19.84757981190672,12.779995629735687,16.086332449200142,21.851420619503315,14.257148250169662,16.086332449200142,17.258073310761542,10.331063405141336,2.5596923184380547,17.258073310761542,16.086332449200142,10.331063405141336,2.5596923184380547,4.3786469592909105,10.331063405141336,13.347592236367378,17.96248263004199,13.347592236367378,12.186440663988789,10.331063405141336,12.779995629735687,12.186440663988789,16.086332449200142,17.71174018768935,14.257148250169662,17.71174018768935,17.96248263004199,16.27189042055874,12.425182426139289,15.24256396737997,12.425182426139289,2.116817424118276,15.24256396737997,16.27189042055874,2.116817424118276,69.76907116335705,12.425182426139289,1.9771610084734281,5.032876758058565,12.425182426139289,2.116817424118276,2.6233398708870768,1.9771610084734281,25.828731891516895,1.9771610084734281,20.848143445846333,71.79793001578804,2.40131595197172,19.540896058800183,2.590628327892509,19.540896058800183,19.67709245149642,1.9220117198402888,1.9220117198402888,1.9220117198402888,17.215901539810925,2.590628327892509,19.67709245149642,2.590628327892509,2.40131595197172,17.215901539810925,13.09016621017973,24.321241846916216,13.09016621017973,2.9893207332598437,2.9893207332598437,2.9893207332598437,89.15186997948635,3.0408156622596105,5.919014633932907,104.88465916130417,2.7438121663659705,33.95673448130782,2.9713976312582013,2.7438121663659705,117.10253671976265,3.0408156622596105,2.305173075225173,114.02317100504291,26.912997529947123,2.305173075225173,2.9713976312582013,111.76561029782685,115.00129528460452,33.184365205161555,3.0408156622596105,5.891302929305418,108.09510460121935,109.63369295809194,3.8389160317256326,2.305173075225173,5.391448183573239,3.8389160317256326,3.8389160317256326,114.54170961340606,3.595197936131106,2.6770791498021613,33.77547904785432,3.595197936131106,3.595197936131106,33.39813234259904,116.77072652716319,3.728733943630015,3.728733943630015,4.3213302951694565,9.64977013996862,12.397327209920848,78.38198714588387,11.679598575188093,117.15034628330817,33.08357732762458,30.370382690866823,2.5191376965412617,79.35876658588619,12.397327209920848,116.81274140865656,79.56910692225628,30.567903243283066,61.33030111075962,115.24718112668796,4.860434604568407,33.64120873337346,15.009401937043739,4.860434604568407,13.768832734829719,60.196701555822465,2.583960036983167,63.16774920700366,9.71033140032931,30.72313543703929,2.316510720692227,14.9045545548538,5.701983534606709,18.832838240087526,2.316510720692227,2.5281380184326414,28.66028451374795,42.44217840231325,21.81741999800778,2.5281380184326414,32.99668477608481,2.5281380184326414,2.316510720692227,43.707961030028784,11.234528646597767,18.693674000774372,11.355439821664199,21.666027849092245,34.11317314975481,14.47573643688651,44.05442875889132,20.618343985887243,11.452375052681514,16.4098482677354,19.459270445874626,17.5804430376715,19.33836841044848,15.816335051189174,14.422600895400285,16.00961857207728,12.725189441776854,13.063591898649445,21.13507303096871
25.266339560268886,25.266339560268886,23.778878475873643,23.778878475873643,24.097712493713765,11.675263572325939,25.89857383061697,34.360132996877816,12.681741481501286,8.92100187966809,34.360132996877816,30.35089716901648,28.865097518213435,24.097712493713765,30.35089716901648,34.360132996877816,28.865097518213435,24.097712493713765,11.9187663827408,28.865097518213435,25.60718690882568,13.494668692462938,25.60718690882568,24.746590314583557,28.865097518213435,25.89857383061697,24.746590314583557,34.360132996877816,30.43363328387474,8.92100187966809,30.43363328387474,13.494668692462938,7.467200212485274,30.50990560950348,33.77581111591576,30.50990560950348,14.932357300742707,33.77581111591576,7.467200212485274,14.932357300742707,75.6162062807671,30.50990560950348,17.913263672948524,9.523546776966807,30.50990560950348,14.932357300742707,10.195265798661678,17.913263672948524,8.53245512282856,17.913263672948524,14.662368149620876,75.15760982922714,5.252783126440636,5.805543345320031,12.732304776515715,5.805543345320031,5.3448908493998095,15.5317647320326,15.5317647320326,15.5317647320326,15.700700969046714,12.732304776515715,5.3448908493998095,12.732304776515715,5.252783126440636,15.700700969046714,30.24356103816319,10.043112588757687,30.24356103816319,6.272167599499683,6.272167599499683,6.272167599499683,67.78747239535127,21.180171271008774,10.081937959176708,92.86271183819748,5.292773006978194,10.023588989650012,4.644455133971623,5.292773006978194,82.09098819594526,21.180171271008774,6.012512692486849,90.21264496093434,8.930705436084267,6.012512692486849,4.644455133971623,92.37227530658431,86.270031870896,8.453207913477328,21.180171271008774,9.246005085302505,93.17064424687261,88.9314769679116,5.405928045593054,6.012512692486849,23.39104871263617,5.405928045593054,5.405928045593054,94.69086897365182,4.915697921871318,7.293189342287816,9.043023622288638,4.915697921871318,4.915697921871318,8.347574150181595,92.23458365604066,12.696463076750993,12.696463076750993,14.078729861134793,12.726105340223363,19.98447479162415,39.2944811638833,19.89702339555775,92.37766769151875,8.39104002057315,24.701482457438964,7.5881830579411025,39.18683213043864,19.98447479162415,96.13906861297527,39.264301514397914,24.86795343556675,32.21306957308479,96.85845099949883,14.979175951683162,7.696037661032125,37.06930779079142,14.979175951683162,16.373163957145643,32.64546874669633,7.505911035061675,31.98578935504934,13.452392390283578,19.53454608542097,5.753776286227067,35.697167465414985,14.63390839149571,33.31883946622248,5.753776286227067,5.742464198654989,22.76481794051265,12.73200358426285,54.52487532656518,5.742464198654989,22.81131552983749,5.742464198654989,5.753776286227067,12.677176425520747,31.93919566384193,46.714927042165435,29.271835938960866,38.0339323935146,22.910048251835942,36.56242651227652,14.03600787236235,33.61194970823445,28.99130657835046,36.64344158474981,46.74235162825124,35.806099584391106,40.074334407546495,33.2149314650107,38.385645311415445,32.66644440950261,30.92227020602307,32.83034561977947,29.20910060378828
7.076370970307003,7.076370970307003,8.455647227768434,8.455647227768434,4.198926235673782,22.955545720108983,6.278388149521105,6.746698625218755,16.732184340176282,1.065712448351778,6.746698625218755,5.355528287708707,7.131831350597951,4.198926235673782,5.355528287708707,6.746698625218755,7.131831350597951,4.198926235673782,5.901063581013942,7.131831350597951,7.70554399939641,1.4063891075930186,7.70554399939641,3.646343403462295,7.131831350597951,6.278388149521105,3.646343403462295,6.746698625218755,4.440114288233167,1.065712448351778,4.440114288233167,1.4063891075930186,0.9567345367167985,6.656763961863022,6.089390692282777,6.656763961863022,5.021167100613025,6.089390692282777,0.9567345367167985,5.021167100613025,20.04571511263523,6.656763961863022,4.400871430555279,1.0699417981127328,6.656763961863022,5.021167100613025,6.105792361812317,4.400871430555279,3.4709091624640687,4.400871430555279,14.470239652589875,19.34675042367163,6.8059415247349655,0.4660728463753136,4.346475470894502,0.4660728463753136,0.44492615867380986,3.831028985827052,3.831028985827052,3.831028985827052,1.996320564517218,4.346475470894502,0.44492615867380986,4.346475470894502,6.8059415247349655,1.996320564517218,3.990818572875801,3.278786547124847,3.990818572875801,8.947798210174174,8.947798210174174,8.947798210174174,19.057741349100745,6.029452508417593,1.6608650209351543,34.287238354653496,8.16608076690711,3.26476868346403,7.478254510506058,8.16608076690711,26.59993080416941,6.029452508417593,5.289448934210095,40.885064272239795,3.3316470858848812,5.289448934210095,7.478254510506058,37.87705938349211,28.208647282447682,4.242909156716746,6.029452508417593,1.6268486216507207,35.531900489211175,37.985140615251815,8.63796534030553,5.289448934210095,3.8122586023143077,8.63796534030553,8.63796534030553,38.28845246815732,8.69964840491638,8.44646481123698,3.6776995239672945,8.69964840491638,8.69964840491638,3.415399282297555,36.77150689171738,7.219862945938654,7.219862945938654,7.119088422683506,30.08849625056846,10.467747938450197,55.819285937459874,10.073112164586867,33.67513062869731,4.556639422089433,6.5394569431820795,7.9554359634496405,60.76880539731037,10.467747938450197,39.636504927864436,60.54921971294294,6.856338200029477,30.712932702356635,25.176195476185207,7.917319296219616,4.423503617144105,3.5495243918250248,7.917319296219616,18.773893187458654,44.75606516803029,6.636813480008435,39.81863583198975,23.88834917724636,5.312962264106332,6.827197621109047,3.5843047553132426,7.863992269461356,4.372877074055148,6.827197621109047,6.163314065206647,7.728564852234248,43.54745167559234,4.457115697061614,6.163314065206647,5.22937257412942,6.163314065206647,6.827197621109047,43.284828633744844,3.4155409665133005,3.395798506251123,3.2536636789911664,4.395629390662933,5.167937787915721,3.9754961265666187,56.92747134943656,5.655981289075002,3.309311600252556,4.092638766236929,3.4012167181662543,4.325680997887237,4.151924180397638,4.31441415769171,3.6548229039646984,3.938025348212337,4.917676561397964,5.933356894057134,6.235589824410304
15.94756152158874,15.94756152158874,17.156451576772312,17.156451576772312,11.282879803009877,7.336164085784124,15.686165779091345,5.249285711005137,7.494207941284189,6.166768024644388,5.249285711005137,17.886683361846874,5.757659576696176,11.282879803009877,17.886683361846874,5.249285711005137,5.757659576696176,11.282879803009877,9.66823614033095,5.757659576696176,18.69556238413536,5.664103222121752,18.69556238413536,5.775725862652247,5.757659576696176,15.686165779091345,5.775725862652247,5.249285711005137,5.689294279508028,6.166768024644388,5.689294279508028,5.664103222121752,1.1581075366721512,5.5272840819511355,17.37453713668665,5.5272840819511355,9.256250332783369,17.37453713668665,1.1581075366721512,9.256250332783369,25.49128684313449,5.5272840819511355,9.464210106286764,1.9455636237683593,5.5272840819511355,9.256250332783369,10.138345128847746,9.464210106286764,15.594298580262691,9.464210106286764,8.506539029489131,25.775994244915164,9.466063979755425,1.0857863675229165,9.636422735900007,1.0857863675229165,1.2402018925300327,9.653177276215487,9.653177276215487,9.653177276215487,5.147398371214548,9.636422735900007,1.2402018925300327,9.636422735900007,9.466063979755425,5.147398371214548,6.317953052709703,14.951377438308931,6.317953052709703,17.980133294009235,17.980133294009235,17.980133294009235,34.749805268658484,7.472793383110609,2.4247487571236794,24.107286014085663,9.88126986954628,16.173510559254282,10.429053882357623,9.88126986954628,57.50867275173577,7.472793383110609,10.715270720695427,24.602262589526653,15.787226948482376,10.715270720695427,10.429053882357623,23.579292462747496,48.8818788170181,16.774953670654,7.472793383110609,2.557824199934562,23.969733966539092,27.114773689350237,16.638744794006573,10.715270720695427,12.731129451357628,16.638744794006573,16.638744794006573,19.49647598543588,15.81734839498626,10.856396746838339,16.740549010800123,15.81734839498626,15.81734839498626,17.772657631869375,19.65385583930839,14.25462377826301,14.25462377826301,15.675559957486362,20.207840493476443,17.33081765626358,24.063812896294515,18.245215266743134,26.070260674889862,17.56402363918586,38.85465633423262,11.210439707460527,20.27612703469951,17.33081765626358,18.152233090915814,21.43920004453983,40.13618273747928,21.38576778328948,41.088378229743334,15.48657095141619,16.473789114767353,17.462092258360215,15.48657095141619,25.47929309589411,21.671098350203653,10.374138730263565,19.956069248256163,20.805584987290192,32.35041503727399,10.906456959888654,19.096682717474348,17.087715810607286,17.784304492347246,10.906456959888654,10.394120926763279,37.041964747483355,25.35811285494477,11.894645282754288,10.394120926763279,24.18960483374806,10.394120926763279,10.906456959888654,23.564825781373465,18.30441417876703,10.566726662181516,18.336430601408953,37.75529882156255,22.896452524604083,35.141260681918915,23.84858986917686,47.392030529441534,18.322012927824773,41.60582479897282,10.92357155239473,43.04026526156147,35.32773895480258,37.56612222297115,34.58727236289597,37.21289427996421,31.042377866469643,31.813952326093872,37.57935463075827
9.216862977275795,9.216862977275795,10.873049837956529,10.873049837956529,2.5019095337801103,3.8425842868129214,16.356710850768724,17.76464817925267,4.400015036170481,21.211926506577605,17.76464817925267,17.63462527512217,16.29652396320263,2.5019095337801103,17.63462527512217,17.76464817925267,16.29652396320263,2.5019095337801103,2.5894518035925747,16.29652396320263,7.825400142891856,19.626674148486817,7.825400142891856,16.10172078565054,16.29652396320263,16.356710850768724,16.10172078565054,17.76464817925267,17.650522074641625,21.211926506577605,17.650522074641625,19.626674148486817,6.918807685763531,15.152751895168938,12.84286982065296,15.152751895168938,3.5023184215376015,12.84286982065296,6.918807685763531,3.5023184215376015,35.03005238568779,15.152751895168938,3.6193457286805755,9.047624363866486,15.152751895168938,3.5023184215376015,3.111557414419749,3.6193457286805755,12.435127799589079,3.6193457286805755,4.721164997931607,31.957909230338608,2.857346817887559,7.57474111137897,3.2932347310914447,7.57474111137897,7.04719547827047,3.5616890970255226,3.5616890970255226,3.5616890970255226,17.304506935805453,3.2932347310914447,7.04719547827047,3.2932347310914447,2.857346817887559,17.304506935805453,15.448579233736133,11.247326267682215,15.448579233736133,3.5603927703780043,3.5603927703780043,3.5603927703780043,33.988371509329184,2.3026329345550947,8.41291379124294,10.324556889649546,5.222225194429728,8.133843933871667,5.512087771332424,5.222225194429728,13.047860068993375,2.3026329345550947,2.913277381985579,13.552094900225867,10.38374635078463,2.913277381985579,5.512087771332424,10.139091937158128,13.26536242994578,11.876230535674907,2.3026329345550947,8.34586489416241,8.326040761421076,14.35041862758218,5.633265578859218,2.913277381985579,4.55186781252865,5.633265578859218,5.633265578859218,8.94634078467966,5.895467701906198,5.853488368689424,9.31336409309739,5.895467701906198,5.895467701906198,16.486898708444873,10.306047605937755,2.9679790228789966,2.9679790228789966,3.2945775255963885,6.479155408907473,2.374272552748907,13.352595276894364,1.9407053389166713,15.002722507548341,12.663469198693534,21.091186466713417,5.5015556844740505,12.928989882680273,2.374272552748907,8.899282734890615,12.954170630781558,20.70270096159927,10.894980089745056,14.053503258967458,2.6451659278335393,21.575425201412525,8.260378318900095,2.6451659278335393,6.80244265485506,7.974345801466609,3.2037535045791805,9.067800051721143,7.560256744867216,21.340252419671483,4.529347873511483,8.809684185923087,2.9233286215847407,8.028949848642343,4.529347873511483,5.063139989053471,28.266871377641834,14.379898489680825,2.9612347422170036,5.063139989053471,11.03624338856891,5.063139989053471,4.529347873511483,13.922120399793526,1.4970140671279943,2.820296846326568,1.9832247380890333,9.013202452530942,11.658547204885316,9.230584109699839,13.102915208245447,9.057612552640064,2.05923957667338,8.672099768373782,3.157379747939457,8.718391879384567,9.52963876528794,8.717360026990475,9.276310783920295,8.742630610514476,14.720383262800592,14.786592027091991,14.51475640099
18.861651511879597,18.861651511879597,18.955944845895125,18.955944845895125,6.0258153533152905,8.458509676965848,18.931759768133052,22.340505843003385,8.476012146785726,28.16708398177735,22.340505843003385,19.45222204883375,21.019476655338355,6.0258153533152905,19.45222204883375,22.340505843003385,21.019476655338355,6.0258153533152905,11.387010300689672,21.019476655338355,19.989749652022038,25.97608626933837,19.989749652022038,22.85510661272035,21.019476655338355,18.931759768133052,22.85510661272035,22.340505843003385,21.965299135900363,28.16708398177735,21.965299135900363,25.97608626933837,29.89005876556816,25.331216588406384,21.293791093389338,25.331216588406384,7.88081680586332,21.293791093389338,29.89005876556816,7.88081680586332,67.243210973035,25.331216588406384,6.505657322428367,4.38228711887552,25.331216588406384,7.88081680586332,9.21148086533575,6.505657322428367,4.288302929257403,6.505657322428367,8.50694746978414,67.69009098356275,5.000689349125736,26.823379726962983,9.72906105661731,26.823379726962983,27.183019073310284,6.452269642587738,6.452269642587738,6.452269642587738,26.76210908987308,9.72906105661731,27.183019073310284,9.72906105661731,5.000689349125736,26.76210908987308,24.772603642314714,3.740511758868603,24.772603642314714,4.787539661553756,4.787539661553756,4.787539661553756,60.603760746474094,5.942958746808068,4.220728864742441,66.3790986113508,9.201318176061953,14.222991982605135,11.006789056797464,9.201318176061953,59.89309508614019,5.942958746808068,5.979284437384179,64.02567502123131,4.1076423802380715,5.979284437384179,11.006789056797464,67.59183998283501,61.44705969752725,14.32255120730265,5.942958746808068,4.082099282225016,59.48446161119829,62.80123538704575,6.823883774765993,5.979284437384179,10.446355049376722,6.823883774765993,6.823883774765993,60.318699511559764,8.549159998480603,8.300868485845497,12.79421930103018,8.549159998480603,8.549159998480603,13.197423673060637,68.3800769681738,6.707618768797212,6.707618768797212,6.189876119607462,5.383721951755773,6.8166845853617515,21.04904331574312,5.983353454305186,72.58362146874542,12.758016010961777,13.448068201300078,7.101532709877428,20.260741810651684,6.8166845853617515,58.64656060408112,20.649775073802296,14.03424184528008,18.674792585482262,72.01385758870926,7.799480938598425,12.616181606745519,10.410630088713837,7.799480938598425,5.717721858022383,15.998623621926056,6.7959516746203255,16.19692050344621,6.745888494353447,11.621448825345867,7.774998503970754,10.609552474395368,6.11707490797101,12.82477906526556,7.774998503970754,8.334529549995823,11.753991949723567,10.408125226929442,12.862249023674996,8.334529549995823,13.812301798750866,8.334529549995823,7.774998503970754,10.656235532768166,11.40667981448367,14.266481288822904,10.74024491303181,10.484232995041754,13.116267460737706,9.571376584639985,10.532917700541448,8.840263322933453,10.271531355257176,9.569813932800733,14.25935561574041,9.747066465257223,10.547311358307772,10.349223130076414,8.094415582099808,8.727053418432822,5.293474992621183,5.674979087861196,10.009642869744946
23.185380624025576,23.185380624025576,23.29488101709517,23.29488101709517,8.470449844104905,4.166684035603686,11.266122746124994,14.826196041381014,5.145688714069966,12.124114540884733,14.826196041381014,16.789818027410302,10.957229896541499,8.470449844104905,16.789818027410302,14.826196041381014,10.957229896541499,8.470449844104905,3.6827505176278326,10.957229896541499,18.869418217670905,17.09860040019973,18.869418217670905,9.828226105100633,10.957229896541499,11.266122746124994,9.828226105100633,14.826196041381014,14.666704655271364,12.124114540884733,14.666704655271364,17.09860040019973,6.405587028190682,12.587810924603385,14.432752027306073,12.587810924603385,12.34309852137424,14.432752027306073,6.405587028190682,12.34309852137424,17.224878109901226,12.587810924603385,10.60375416570692,4.93444493025212,12.587810924603385,12.34309852137424,3.675000769685481,10.60375416570692,7.76551801450398,10.60375416570692,6.154174425636083,21.31404644283605,6.72823548961263,9.645150095689832,17.416742957852698,9.645150095689832,9.646463436903199,13.554437352265609,13.554437352265609,13.554437352265609,14.219850283926846,17.416742957852698,9.646463436903199,17.416742957852698,6.72823548961263,14.219850283926846,12.350268742313272,7.520352160770286,12.350268742313272,1.6917974245514187,1.6917974245514187,1.6917974245514187,17.20149947892505,10.659850143490937,4.412441213603887,14.407764013960357,15.57831538896014,12.894114375298136,14.810745960351547,15.57831538896014,10.831325300429327,10.659850143490937,6.98385183598627,13.840285394679663,7.532492434056988,6.98385183598627,14.810745960351547,18.767464422208946,13.405734616292952,14.07129044066514,10.659850143490937,4.3754312409546765,14.962717048142109,13.975759348957423,3.190134786899365,6.98385183598627,1.6531133191865612,3.190134786899365,3.190134786899365,19.455212973318538,3.02550771675824,12.535609161958007,12.958429471399258,3.02550771675824,3.02550771675824,12.409302772591596,14.297744093356737,9.092313446182445,9.092313446182445,7.584596548379367,8.548458605594247,9.246519044903915,13.689904415334814,8.572302692754825,15.593511662845515,14.189893211609634,13.452689785990769,13.626338642351602,20.803512032441944,9.246519044903915,14.757902483903019,20.267906053538855,11.965736289977272,12.060661648860725,11.7500158685001,8.184465830193519,15.156484213480658,7.057459120545047,8.184465830193519,7.067171272620059,18.470233674767805,6.738305251013001,17.59630467031196,10.003297937045605,13.983757749061906,13.63702335110868,4.7712170835715435,7.747229442407977,5.901430792381733,13.63702335110868,14.12343221661141,12.27600603759878,14.351810470528948,1.619373431434662,14.12343221661141,11.42642336807429,14.12343221661141,13.63702335110868,14.275129276031699,2.146480566644024,1.886974880469688,2.0756435249077683,6.451978060858804,11.431008667573169,7.908611433686167,12.88650811798985,13.97444949279758,1.9685050782163638,20.668447341362224,1.972787253730699,17.047621842767143,7.159673791131484,7.561712981505699,7.189339010060382,6.818915769841843,15.794165271377858,20.494009129753707,12.231013071630404
35.4320233415856,35.4320233415856,23.43745029357192,23.43745029357192,3.8911796669128,16.603283413828372,35.84648861638568,41.670679621053104,20.534949295761013,19.295153782421718,41.670679621053104,42.918520929678024,20.763581606094224,3.8911796669128,42.918520929678024,41.670679621053104,20.763581606094224,3.8911796669128,1.487795787964648,20.763581606094224,44.395202015897326,46.47661960961638,44.395202015897326,17.855618225614453,20.763581606094224,35.84648861638568,17.855618225614453,41.670679621053104,36.39466243716335,19.295153782421718,36.39466243716335,46.47661960961638,21.615785174582893,40.29620445064438,51.497528839376194,40.29620445064438,4.07675088856391,51.497528839376194,21.615785174582893,4.07675088856391,31.512614653269303,40.29620445064438,4.082787121099757,4.910343459975021,40.29620445064438,4.07675088856391,1.2845355535284293,4.082787121099757,5.313582700744236,4.082787121099757,33.299524405452374,40.56893720693413,2.9318056685374945,34.682491635748384,3.0572922230260677,34.682491635748384,35.615825748560795,4.858000407470575,4.858000407470575,4.858000407470575,47.601020106071836,3.0572922230260677,35.615825748560795,3.0572922230260677,2.9318056685374945,47.601020106071836,39.75932627012374,3.8137907672479323,39.75932627012374,1.9212220783456742,1.9212220783456742,1.9212220783456742,25.25039716572967,6.431565605803324,4.258208141807983,28.093486185570004,4.623869542952093,5.1809140731241285,3.539396639550365,4.623869542952093,23.83245163178671,6.431565605803324,3.938849257596393,24.611484278912712,3.755927228976554,3.938849257596393,3.539396639550365,27.549787043558315,23.8133457605521,4.840821468201915,6.431565605803324,4.337785902449628,28.240822198503142,24.501168619350107,4.753069676445527,3.938849257596393,4.585202810327788,4.753069676445527,4.753069676445527,27.72399964823707,3.156056051770316,3.1585648823820396,5.408753817822189,3.156056051770316,3.156056051770316,4.8376650916668265,27.520532750291625,4.369945978729259,4.369945978729259,5.374684442530791,5.605950092331225,3.1843824230064217,17.98485657694611,4.103274180009379,25.409978741699913,4.6750145770041,4.595889515973331,4.255634771587129,17.567518288545077,3.1843824230064217,28.658281158680172,17.551892794473424,4.329909890090686,18.70243976310762,26.160472633132986,5.283719958783074,4.196989175418368,3.6378156582768626,5.283719958783074,4.718824935472061,18.800196008183665,3.197742146507744,18.80000183326955,5.0229177467350965,4.169071334544072,5.269257069574092,3.8785893599980024,5.992928985909671,3.745923223598825,5.269257069574092,3.6737425130847026,4.728261695136773,8.09935705557362,3.549945165905084,3.6737425130847026,3.5181101353030466,3.6737425130847026,5.269257069574092,7.700689708001467,3.8317916949884143,2.8421831480237523,3.16043052130173,4.696768158153507,3.622001417927807,6.978397979335833,8.40367154330396,6.63932085013037,3.3113688718376464,5.726166563919686,3.1651543347311066,5.784670444352639,4.528155443534179,3.7953617451643185,6.0301707731570025,4.02930363060253,5.061266540006268,5.196012385464407,10.121753965653934
8.963737899333177,8.963737899333177,10.124447072411387,10.124447072411387,4.300343196770413,15.142069293579802,6.246735001117476,4.956538516775858,15.796155554495815,1.750896177080903,4.956538516775858,6.5451667073320445,5.7509359688725175,4.300343196770413,6.5451667073320445,4.956538516775858,5.7509359688725175,4.300343196770413,1.4962332747663574,5.7509359688725175,6.731653907556397,1.7336677176271467,6.731653907556397,4.799689936680643,5.7509359688725175,6.246735001117476,4.799689936680643,4.956538516775858,4.809556532858627,1.750896177080903,4.809556532858627,1.7336677176271467,0.9251360906096973,5.0567051661513736,5.708994873491237,5.0567051661513736,4.348985239074719,5.708994873491237,0.9251360906096973,4.348985239074719,22.250731642834424,5.0567051661513736,3.8419774962563116,2.856088536964179,5.0567051661513736,4.348985239074719,1.0490160280421694,3.8419774962563116,2.123239026143829,3.8419774962563116,9.77206285730064,21.705401044168614,5.4304066332143455,0.8089645582973563,3.7606692922371296,0.8089645582973563,0.8025142013523815,3.7590408097205765,3.7590408097205765,3.7590408097205765,1.3961535953431872,3.7606692922371296,0.8025142013523815,3.7606692922371296,5.4304066332143455,1.3961535953431872,4.871021599106557,3.637065482979066,4.871021599106557,1.531579980772423,1.531579980772423,1.531579980772423,33.234785541644115,4.865389676374789,3.7699740389873244,44.21881415180117,4.7710799514302265,2.458198185703402,4.730028180121606,4.7710799514302265,41.71163525243889,4.865389676374789,4.618524998418152,44.750097874973285,3.6226888248323594,4.618524998418152,4.730028180121606,44.89151146851114,41.34261495045665,7.266214633173926,4.865389676374789,3.6824708158329056,25.759356668852245,43.91828737778005,1.4057050367713906,4.618524998418152,2.417220216182711,1.4057050367713906,1.4057050367713906,24.84039824203537,1.7617257704530043,4.779696831836801,2.6155919035823803,1.7617257704530043,1.7617257704530043,2.266598692578096,40.15673316429379,6.46569161878645,6.46569161878645,7.691647506730149,17.239106842195486,11.438273319749483,15.296050552037595,14.640663402580701,42.56217494269619,7.0381989117386645,4.886014599797715,4.856157801745778,15.626767599283472,11.438273319749483,24.42295529774595,16.407641496952895,5.365922934881278,13.593225428453339,45.011545370079595,7.007920712702817,6.391834777322568,4.4974843483855,7.007920712702817,24.47007311383731,14.713292311035453,5.359228937066406,13.870300459161294,16.453938482546633,5.852649868691001,3.6788222723900845,4.322490478743473,8.700017690135777,5.988952642549337,3.6788222723900845,4.078870678135146,4.6279742699930395,20.49932784540668,5.524136153271203,4.078870678135146,5.799459013485588,4.078870678135146,3.6788222723900845,20.19931384100293,0.8024227659908125,4.891998673200015,0.8258359327891586,15.884362527077991,5.530181578339235,11.839721922475274,20.760144115110464,10.741517550925836,0.7601031746730972,10.64880128755107,4.881372668427725,10.543997935425791,13.377459028881265,13.079726914587505,14.532222300087026,12.970180220226881,17.477416647168088,18.449928133260688,17.66266458778136
6.226578204732726,6.226578204732726,6.1049125929129975,6.1049125929129975,3.3444571067944198,46.988290959251955,5.451573905707482,2.8971384406083414,35.30624624851503,2.2629453102195343,2.8971384406083414,5.771176305347456,2.779223747078878,3.3444571067944198,5.771176305347456,2.8971384406083414,2.779223747078878,3.3444571067944198,3.245766105763309,2.779223747078878,5.069833092672491,2.6828224189317083,5.069833092672491,2.6399282694859094,2.779223747078878,5.451573905707482,2.6399282694859094,2.8971384406083414,3.0467571930321147,2.2629453102195343,3.0467571930321147,2.6828224189317083,2.7524318608031324,2.582552354942738,5.152326584633776,2.582552354942738,5.023306904304735,5.152326584633776,2.7524318608031324,5.023306904304735,106.84869665284839,2.582552354942738,4.691731446499873,4.572591378440988,2.582552354942738,5.023306904304735,3.4253647422634073,4.691731446499873,5.295417519650378,4.691731446499873,31.46914276175521,108.71244651092582,8.394745002037546,2.386253239603765,4.858203741643226,2.386253239603765,2.350743380011265,4.770952630454283,4.770952630454283,4.770952630454283,2.3504353783787146,4.858203741643226,2.350743380011265,4.858203741643226,8.394745002037546,2.3504353783787146,2.321005717765159,5.379353382476541,2.321005717765159,6.575398179532985,6.575398179532985,6.575398179532985,122.58398063284393,3.7511581644050773,4.4325878504770415,91.21733934090034,6.315097088618582,9.582368744798373,5.765336545051078,6.315097088618582,108.7754407929733,3.7511581644050773,5.57264844223846,101.03620428758053,5.567613292370166,5.57264844223846,5.765336545051078,72.27798132765533,106.33537477485679,10.630056358556553,3.7511581644050773,4.482793963045331,95.32755258272402,103.54338626897533,6.0480487521051565,5.57264844223846,3.2423055550820856,6.0480487521051565,6.0480487521051565,77.86630631668383,5.470403682552364,6.901498905821459,9.898156747633331,5.470403682552364,5.470403682552364,8.746726004809462,72.84825335720271,6.082853566433195,6.082853566433195,7.120745380165019,14.171335942071675,8.686885596238989,25.387388107252775,9.401733568836349,90.42482963613139,10.57763410962676,37.29590266161976,7.313626137497678,26.43272608996342,8.686885596238989,75.07105154954863,26.772069718213128,39.59035781898507,19.590278326203904,81.41611877185291,7.256317856607419,9.940442289974145,3.7544103936340196,7.256317856607419,18.185516390987438,21.967813825691945,5.859829937966226,21.09856531121168,14.588019748137485,10.001952158238801,6.447027622591425,3.609033987804124,8.519603685354173,3.4681511088532093,6.447027622591425,5.800201883758126,39.06605457573394,26.933284702845928,3.287903951123109,5.800201883758126,10.58410419658666,5.800201883758126,6.447027622591425,26.609372171473797,2.9257024693998566,3.260044369136328,2.5790408859913674,5.387027625921728,10.530422184185198,5.673086313375317,26.978289440505463,3.43592656047855,2.653863910427883,4.889474859245238,3.2885989825409236,4.75063835192325,5.055661425843,6.108841242172194,4.770533513340059,5.253504878502645,3.5748567127636117,3.8080941233746977,5.275231940260548
8.850289166759799,8.850289166759799,10.524853891070785,10.524853891070785,5.663074376776701,7.950944470432151,10.854922960176218,11.968471892436549,7.90904799165939,1.6560505829395789,11.968471892436549,10.169560687810405,12.726138279514727,5.663074376776701,10.169560687810405,11.968471892436549,12.726138279514727,5.663074376776701,2.6640974131150132,12.726138279514727,10.134450407097333,1.689414313867199,10.134450407097333,10.842082874248106,12.726138279514727,10.854922960176218,10.842082874248106,11.968471892436549,9.964679679103762,1.6560505829395789,9.964679679103762,1.689414313867199,1.3497714587749314,10.18009792076508,10.23850260541222,10.18009792076508,7.428760679932347,10.23850260541222,1.3497714587749314,7.428760679932347,117.70331319837163,10.18009792076508,7.5063972164846335,5.305781912780632,10.18009792076508,7.428760679932347,2.2684486081827564,7.5063972164846335,7.3825018339582416,7.5063972164846335,6.306716486833397,116.75229199541454,7.746312251105366,1.6478819228456856,5.926866523910585,1.6478819228456856,1.607163674215394,6.0268647566423335,6.0268647566423335,6.0268647566423335,1.7768158906930829,5.926866523910585,1.607163674215394,5.926866523910585,7.746312251105366,1.7768158906930829,8.065716363967638,7.746356042423504,8.065716363967638,9.532735262669597,9.532735262669597,9.532735262669597,125.69533535924191,5.140356326536599,5.183010180101004,157.34442949591246,7.797461317598062,8.729037257254468,7.628031448885926,7.797461317598062,158.22610129086388,5.140356326536599,6.780117033494533,156.2844940663454,7.709557664676719,6.780117033494533,7.628031448885926,159.7368827430617,158.94027180673453,8.988171697784988,5.140356326536599,5.289277958231767,157.83311318644044,155.25054605287917,10.134977509633718,6.780117033494533,1.3194485848337811,10.134977509633718,10.134977509633718,160.24017944182438,8.756208361943948,7.933438000712839,7.645273645834942,8.756208361943948,8.756208361943948,8.54787701454897,169.6819262898635,5.25168352012138,5.25168352012138,5.540798398135666,9.723694866022159,5.185895279394146,31.899839300325294,5.260374164600586,167.7711824040472,9.33299470787634,28.528753522314215,7.750306711805896,32.77655760803729,5.185895279394146,170.21840004762637,32.80751822507481,28.505336375208515,54.16374773627653,154.41959553060641,5.144922851073735,10.949991357528589,9.602220120522816,5.144922851073735,10.407375157475682,54.922276439295175,8.965805398708277,55.068323640520376,9.94092376738896,11.191067279258103,5.85980718772962,9.701353022271741,5.47198562482183,9.962444643575168,5.85980718772962,5.696861344368757,25.04825193665953,5.824928228792203,10.450275440138332,5.696861344368757,9.286673976238223,5.696861344368757,5.85980718772962,6.000924023308285,8.752697890105479,7.9144968163541805,8.850458283023329,9.697797806540901,9.668313633749204,9.490789926828938,6.384369919501473,14.799491115913241,9.580137855643756,9.199607102781444,7.940825968828276,9.74435674349333,10.584114303587636,9.256579649685198,9.388114793731889,8.972751865916536,9.075272719118736,10.130442785353024,14.064570210579339
9.374683838858628,9.374683838858628,6.4888818774608135,6.4888818774608135,8.553830026421942,5.872815996917572,8.332335297307353,13.023178138543829,6.097348474989143,10.29157850302561,13.023178138543829,12.48440549831645,8.091850455018992,8.553830026421942,12.48440549831645,13.023178138543829,8.091850455018992,8.553830026421942,4.4917912791742305,8.091850455018992,11.242225428560497,16.89241577766677,11.242225428560497,11.158551664603696,8.091850455018992,8.332335297307353,11.158551664603696,13.023178138543829,15.927112729973938,10.29157850302561,15.927112729973938,16.89241577766677,15.934088228706738,19.725020601420216,17.757809181132128,19.725020601420216,8.001081972789239,17.757809181132128,15.934088228706738,8.001081972789239,13.913455539432736,19.725020601420216,6.611194515208609,3.236162022906768,19.725020601420216,8.001081972789239,3.530790509069499,6.611194515208609,3.8844029002439036,6.611194515208609,5.227868593651914,13.273635471718432,3.832946491295989,16.316366377757944,8.791139974105352,16.316366377757944,16.367100523192512,6.988396814601222,6.988396814601222,6.988396814601222,20.20581850745362,8.791139974105352,16.367100523192512,8.791139974105352,3.832946491295989,20.20581850745362,19.541460779362527,4.065795425469315,19.541460779362527,3.475090156930174,3.475090156930174,3.475090156930174,17.19653214804806,6.962587304821656,2.7065246887214554,4.627191426950072,5.659237763617162,5.268489240424655,5.397393871699523,5.659237763617162,9.050572509555426,6.962587304821656,9.51947869045428,12.009833261918281,3.8934931446429384,9.51947869045428,5.397393871699523,4.636885783877503,9.420795016819612,7.273465150344075,6.962587304821656,2.9075716236951425,5.102105543756624,12.24896906863349,6.434824628082762,9.51947869045428,4.696724896400181,6.434824628082762,6.434824628082762,5.782058154221013,7.381660692164725,5.411031933881564,4.531604440713733,7.381660692164725,7.381660692164725,4.647376867936018,4.120557623459798,6.197883315362195,6.197883315362195,5.562083393842682,6.301596109364457,5.149680823575673,3.349465270293641,4.907077202635305,13.10458437098313,6.506705249135548,7.603019137111652,5.309566753743697,3.616184862162232,5.149680823575673,4.281576489705336,3.540765991490216,7.82894153783699,3.7775095056456243,10.485923354632986,7.572268632552838,5.8109383032035655,7.0364527999750415,7.572268632552838,6.076459089762422,4.080167640564727,3.4869822764000897,3.979580758009801,6.524629884555726,5.369022195971938,8.580560837981501,5.813720562868077,6.77523011829195,7.988685550604191,8.580560837981501,8.342345867357038,7.933650545999227,11.0787887679254,5.601178046776444,8.342345867357038,6.372384846161997,8.342345867357038,8.580560837981501,11.123093813219613,3.344844645864459,4.488737172802895,3.4161216552014104,9.62844906574074,6.656424622470779,9.78126980297705,11.913786000120105,11.824049055104624,3.423456652231576,16.43538606883027,4.462153361560561,17.43156005124091,12.780799079211388,8.456777238453832,10.183629648062942,7.543010059014117,17.379184322809596,19.13001624252925,11.420319760482903
29.51706752010145,29.51706752010145,29.712700441841577,29.712700441841577,27.712597197627765,24.14937340032148,24.447903215816854,25.521148062459584,24.131229115818062,24.631883993234474,25.521148062459584,24.200345520594965,25.214169868387607,27.712597197627765,24.200345520594965,25.521148062459584,25.214169868387607,27.712597197627765,12.46061988956769,25.214169868387607,28.98480069376152,27.27561553301462,28.98480069376152,24.468656250932497,25.214169868387607,24.447903215816854,24.468656250932497,25.521148062459584,24.520483849841685,24.631883993234474,24.520483849841685,27.27561553301462,2.7361148651370675,25.205604833000127,24.750486161291356,25.205604833000127,25.641727520959687,24.750486161291356,2.7361148651370675,25.641727520959687,27.918002185604124,25.205604833000127,25.792338826946843,2.681630341712548,25.205604833000127,25.641727520959687,12.291953171790547,25.792338826946843,5.21547308570272,25.792338826946843,26.09453606481417,32.31995499656767,21.972575902567613,1.931960418901354,24.798110857859715,1.931960418901354,2.14858784884451,24.88335769399432,24.88335769399432,24.88335769399432,22.639665514515897,24.798110857859715,2.14858784884451,24.798110857859715,21.972575902567613,22.639665514515897,25.569598167887115,5.584971932167075,25.569598167887115,14.820679334259497,14.820679334259497,14.820679334259497,35.63331334106118,28.403818958385536,2.879588480713914,29.047972394570717,18.68030272627073,7.22839365853278,18.516439475881644,18.68030272627073,47.89484803107675,28.403818958385536,26.906738983713023,41.76935369836083,5.519202387356233,26.906738983713023,18.516439475881644,31.349852405157108,48.39505398379285,7.79333636185563,28.403818958385536,2.8638578858019272,27.203482042957063,37.85339134298345,17.152773522630483,26.906738983713023,12.334231665421854,17.152773522630483,17.152773522630483,29.469247480748884,17.13944724924666,21.339836787477243,8.906691763517086,17.13944724924666,17.13944724924666,12.461274182173902,25.07482809240798,28.14581219419744,28.14581219419744,28.488768101225357,24.691056189597283,31.322753028305225,35.51050698028911,31.791847500415226,31.52177200306671,9.325229136678601,20.40872622850951,21.59166438629718,35.18908400514479,31.322753028305225,26.392787864892025,35.10134054579873,18.791286964918573,28.801030060446163,48.38675367894686,27.69756352552879,12.912072288250956,30.44524790742694,27.69756352552879,27.348254988623886,26.183938395160745,23.694456131570046,27.420444322754115,24.288856015897675,14.97039868260918,24.37969214772334,30.51240548748569,28.1307267372216,32.6745380734517,24.37969214772334,24.135226168626094,17.898779657157732,12.97940934417658,35.466627151288144,24.135226168626094,9.805427895319243,24.135226168626094,24.37969214772334,12.267064215349633,30.81855628149776,31.422623921891933,19.303862362961024,73.63068513484188,11.951253273920962,65.56676508931935,12.650411758959118,80.8455533374789,19.58600778729722,53.929337335191484,32.70453020363522,54.86709135873341,72.80237240718277,74.24887024198748,60.28013283641295,65.4359690027977,59.36817264819965,55.553656098420724,86.91214825753812
14.642971482760627,14.642971482760627,13.291913154076342,13.291913154076342,5.396781294058334,9.22452612650797,18.580308140622048,16.995450316449418,9.670927795707534,5.080492522087682,16.995450316449418,16.2083880209086,18.411823758287806,5.396781294058334,16.2083880209086,16.995450316449418,18.411823758287806,5.396781294058334,5.172567521387528,18.411823758287806,14.286826842506859,5.165408172184362,14.286826842506859,20.024490533220742,18.411823758287806,18.580308140622048,20.024490533220742,16.995450316449418,18.857037976970826,5.080492522087682,18.857037976970826,5.165408172184362,2.042946147724781,23.748194729923085,22.52020113213221,23.748194729923085,5.361174470868474,22.52020113213221,2.042946147724781,5.361174470868474,15.918182332588362,23.748194729923085,5.4517593018154225,1.0836076463491224,23.748194729923085,5.361174470868474,5.3613933189358525,5.4517593018154225,3.8437022172263227,5.4517593018154225,13.312659323285041,16.285283899489112,2.7726274481009603,2.0688642096383414,6.656947983988393,2.0688642096383414,2.069016924583536,6.741879558678525,6.741879558678525,6.741879558678525,4.670821642925886,6.656947983988393,2.069016924583536,6.656947983988393,2.7726274481009603,4.670821642925886,25.824068743287082,5.858310676268479,25.824068743287082,0.7027639558838624,0.7027639558838624,0.7027639558838624,22.55013392140166,4.880517288363256,2.8873431082505756,8.174650518154946,2.809634264152108,17.260869370994918,2.9076525646949216,2.809634264152108,31.705812297626682,4.880517288363256,4.017338700304802,37.72228012510732,5.518521583000064,4.017338700304802,2.9076525646949216,7.568858041997609,32.300226852787596,16.035211944629523,4.880517288363256,2.7727947976227503,8.355213221408262,34.91115394737186,0.6455412574771642,4.017338700304802,5.450758157713856,0.6455412574771642,0.6455412574771642,7.893775033106832,0.5589086088813415,6.53500079722934,14.141353539212982,0.5589086088813415,0.5589086088813415,14.059048796827655,6.682986814173756,9.873703941817388,9.873703941817388,9.644708985528968,6.0524919003824635,9.315759955984495,4.049650184486966,9.229998877336508,29.422852926791666,14.343733547256134,16.051842293115378,6.409948238847262,5.552801918499965,9.315759955984495,6.927615994242032,5.2791109361977595,14.11015772978185,3.4707195464314133,36.44820106815581,9.747116277894213,15.032782536882836,15.965013757545368,9.747116277894213,6.088716670192562,5.316472589255308,5.320642237904298,5.295759162497441,5.91377408183826,18.379495569259202,4.0437488816122045,12.819690676047845,9.479420610599428,17.343693778045452,4.0437488816122045,4.213847214939511,15.304868984904841,25.928548655730477,7.213602261745256,4.213847214939511,15.869110734285426,4.213847214939511,4.0437488816122045,26.155534034905994,5.63712328195312,4.856334125526936,5.850002108945797,18.22731939876132,16.422211578732146,14.277905985899999,25.168835383850006,13.53945522355784,5.776252390859234,13.074481693110235,4.48286070831781,13.889292196921765,15.880216459262336,14.634777102101065,12.022662956936538,12.490862817346994,11.756622347450437,10.471870820785742,14.459494117733248
21.033064316842324,21.033064316842324,24.263377574378158,24.263377574378158,0.9451996046414879,5.788971040851675,19.287676793354304,6.855265134166458,5.853819046926702,7.3814742976127565,6.855265134166458,19.848249041526508,5.939665082587313,0.9451996046414879,19.848249041526508,6.855265134166458,5.939665082587313,0.9451996046414879,4.009053363066185,5.939665082587313,26.895438487132754,6.6045549884955665,26.895438487132754,7.995811491004464,5.939665082587313,19.287676793354304,7.995811491004464,6.855265134166458,6.8553871669782085,7.3814742976127565,6.8553871669782085,6.6045549884955665,8.744460695380278,6.071637029064549,17.004251967972554,6.071637029064549,1.3209428382938544,17.004251967972554,8.744460695380278,1.3209428382938544,56.51438830984379,6.071637029064549,1.0883356154853303,2.3901018869335684,6.071637029064549,1.3209428382938544,4.015074269610553,1.0883356154853303,4.28770100128445,1.0883356154853303,6.068678479167287,56.9540545927794,0.452785720844903,9.094390069967671,1.0782967442279259,9.094390069967671,9.15403035459559,0.9537200367004504,0.9537200367004504,0.9537200367004504,4.830822121801035,1.0782967442279259,9.15403035459559,1.0782967442279259,0.452785720844903,4.830822121801035,6.010030305636269,5.425438142425016,6.010030305636269,0.3747253084854031,0.3747253084854031,0.3747253084854031,76.48401399665836,1.2022704541607445,3.988759979135216,82.90606539573163,0.5752228863362946,8.797823270022434,0.6243646482309428,0.5752228863362946,82.62689136644379,1.2022704541607445,1.0338476295170786,79.1758489784224,5.741719885262736,1.0338476295170786,0.6243646482309428,82.69937416417706,81.44351145908634,13.051974411457113,1.2022704541607445,4.199430831413092,80.90582241389698,80.4431599579624,0.5186528218386326,1.0338476295170786,4.069527577019533,0.5186528218386326,0.5186528218386326,80.36786673053298,0.5959879901347693,0.8476471356853693,9.027581468742108,0.5959879901347693,0.5959879901347693,8.832442406986791,68.25785194834214,2.411708252554132,2.411708252554132,1.7388992238017464,2.7375117387906758,3.7452893935877105,23.29266477338111,2.879359318755809,66.92986081346596,15.459497066411076,16.865398779742375,0.6083970883109461,23.657790634986,3.7452893935877105,66.57317505922104,23.92153352448062,19.608139710252125,32.406267854629505,63.28822767354242,2.910737755586197,15.301787870275932,5.313076462531161,2.910737755586197,8.59039727910102,30.651386562840816,0.6454748217145421,31.76417447588258,4.154806195886996,23.006165910482398,1.2115490269781026,3.2497616969563197,2.295315104985243,5.325788881535251,1.2115490269781026,1.5723144330634788,19.270247445869824,6.947342881853071,1.4035009315316813,1.5723144330634788,19.7503134870927,1.5723144330634788,1.2115490269781026,6.928887352402693,1.9035900689043663,1.6230098928153718,1.7484482996945128,22.132776950768136,19.28373454138116,17.791888962932113,6.557764597373707,29.075317549610944,2.0030964701631997,28.617558456504753,1.864966941928824,34.6883534355555,22.332457162677333,17.610231236871996,14.898057373769197,14.897191936458249,13.169821582753734,12.087133631066013,29.552070492940466
11.632742534546958,11.632742534546958,12.581762552505023,12.581762552505023,5.3912312551031984,5.81820545828155,5.405591676618159,5.4037756717473675,4.66700751041217,3.479931434719633,5.4037756717473675,5.2010636044918055,4.68544038367152,5.3912312551031984,5.2010636044918055,5.4037756717473675,4.68544038367152,5.3912312551031984,11.839536945325468,4.68544038367152,10.38486787916255,4.161603712884639,10.38486787916255,4.791416980500089,4.68544038367152,5.405591676618159,4.791416980500089,5.4037756717473675,4.9598469089972355,3.479931434719633,4.9598469089972355,4.161603712884639,2.7419587673114507,6.045014230859295,7.159083173262066,6.045014230859295,10.282125785441364,7.159083173262066,2.7419587673114507,10.282125785441364,27.813094843443285,6.045014230859295,9.427704932162424,7.331597868383351,6.045014230859295,10.282125785441364,11.327641103217987,9.427704932162424,6.088621878252183,9.427704932162424,6.040967358964032,27.72639602915889,2.5036908724261306,2.325797967692784,10.218388602084262,2.325797967692784,2.254597294383683,9.511411290281066,9.511411290281066,9.511411290281066,4.03698713023432,10.218388602084262,2.254597294383683,10.218388602084262,2.5036908724261306,4.03698713023432,5.726283880000465,11.447560686718429,5.726283880000465,2.6894975592937698,2.6894975592937698,2.6894975592937698,28.78093095927021,4.511177804892667,7.284242056098135,14.056782623020833,3.2394587141899818,12.133770920039485,2.2917673533231904,3.2394587141899818,22.36278356219323,4.511177804892667,10.141076669720517,23.33835798657257,10.711417755884453,10.141076669720517,2.2917673533231904,11.308474788951894,22.802413061020538,11.752663303303402,4.511177804892667,7.234327671608853,12.538116517428973,19.724938899812322,2.666234998587835,10.141076669720517,6.668895788840213,2.666234998587835,2.666234998587835,11.435079945020831,2.69988386843977,3.5179025903899417,11.44665897037901,2.69988386843977,2.69988386843977,10.145631736374952,11.932116199244852,8.421552196229252,8.421552196229252,7.9456176731805925,10.300053324408394,4.170885262009653,4.631472554434007,4.145619218930952,27.392148756486414,10.24688438394253,11.406506737807453,3.2635733505902076,5.556985985931422,4.170885262009653,11.464638629165448,4.951271738545028,12.03932259455089,5.367167479952138,24.375424443962306,9.03069365923332,14.289147373880763,12.669931085683753,9.03069365923332,6.574289446171906,6.539878039696543,2.929613250444906,5.888128532684019,9.997922765332234,15.709310565795178,9.699821506660001,12.870788709167538,8.149665773706595,13.40073348558189,9.699821506660001,10.446335589239217,11.788671513410394,17.059764230815755,6.082232868885189,10.446335589239217,12.568087188379936,10.446335589239217,9.699821506660001,18.20964048901573,5.9465408680809215,6.113507141503033,6.29868566683231,12.605092395898593,11.650589143133121,10.33947014146771,22.6292694717508,6.534053126011755,6.2207221114856885,6.4963403635310835,5.62177081553414,6.191476248865954,11.074775723003853,11.726921778347545,10.071037783134482,11.384613387664645,17.565178552470222,17.255386509993222,18.024754860234022
18.689823866007778,18.689823866007778,17.47221979256797,17.47221979256797,6.673429769314023,5.916586591883932,22.226238185292537,11.318037740825211,6.698450413522683,4.7505361230199625,11.318037740825211,20.57186588932488,13.89767650874027,6.673429769314023,20.57186588932488,11.318037740825211,13.89767650874027,6.673429769314023,8.425741091650607,13.89767650874027,18.502355705929514,5.0495667996019815,18.502355705929514,14.48821093794048,13.89767650874027,22.226238185292537,14.48821093794048,11.318037740825211,11.781089212786242,4.7505361230199625,11.781089212786242,5.0495667996019815,4.278396406834643,8.778807683798812,18.65187748671835,8.778807683798812,8.61966540273917,18.65187748671835,4.278396406834643,8.61966540273917,31.33024907526708,8.778807683798812,8.411317958437579,6.275297248757277,8.778807683798812,8.61966540273917,8.434842567077801,8.411317958437579,11.218411007641153,8.411317958437579,7.0520575363811036,24.9582103730233,9.72784868046881,3.9536177970565185,8.782450580773277,3.9536177970565185,3.8256452833052235,9.201043460742806,9.201043460742806,9.201043460742806,4.2058980488108135,8.782450580773277,3.8256452833052235,8.782450580773277,9.72784868046881,4.2058980488108135,9.295495775897818,10.607549303303418,9.295495775897818,12.841039435817187,12.841039435817187,12.841039435817187,28.698897599959743,6.3786159096560615,6.433198186710772,64.48755613776811,12.859953707665241,14.93903499751074,13.538425232629178,12.859953707665241,54.119965098383354,6.3786159096560615,9.74009337262782,62.68237524704277,10.711652433655576,9.74009337262782,13.538425232629178,63.92165215548866,49.95604340706608,12.477258716447814,6.3786159096560615,6.422601839542792,57.150423469530594,64.87540957562088,17.840464516581147,9.74009337262782,14.065113538448518,17.840464516581147,17.840464516581147,59.709493609681424,18.310646799831275,13.440521361741336,15.098842634508511,18.310646799831275,18.310646799831275,15.736053123736902,48.99965471031431,12.131178440725778,12.131178440725778,11.71218161111536,7.565136437118316,9.384162143294335,3.6233660896828983,9.438195204681268,47.60124426661168,12.72546878360688,12.821144733322308,13.12321890286256,4.161038230971115,9.384162143294335,48.066439511207186,3.6107096346707133,15.998742271248975,32.92068827009744,40.14467629238688,11.796232694716851,11.944041433891176,16.32465823343988,11.796232694716851,8.723439524444178,37.830030934850186,9.591136456283909,39.20677691829184,8.788121976126035,10.979241044691273,12.39011677336378,12.201545076304802,11.616163077133596,22.34934245584087,12.39011677336378,12.372520415400825,10.85778237740754,22.869070644216766,19.793838445908513,12.372520415400825,11.954255006396018,12.372520415400825,12.39011677336378,22.648575417329862,22.39001628639836,19.976120777820118,23.741385157159257,21.162111253705774,12.490661949277545,21.96054590313861,26.93417875457765,19.301646212554303,24.079341202429184,19.523468262516044,20.26008482043863,18.824794751698523,24.1753837185345,19.04142630735219,17.340130730296725,14.417162337910328,13.21664427545317,11.390504722222941,22.69786088800807
11.08055159390779,11.08055159390779,10.935297484514857,10.935297484514857,1.4502040273935326,19.28848350571467,14.82496662495661,13.629434747309661,19.263464860378516,9.821968596520732,13.629434747309661,15.02881361607527,13.470033690038012,1.4502040273935326,15.02881361607527,13.629434747309661,13.470033690038012,1.4502040273935326,3.02072545468791,13.470033690038012,9.5345163902174,10.977578302589954,9.5345163902174,12.933384779416807,13.470033690038012,14.82496662495661,12.933384779416807,13.629434747309661,11.608382153813885,9.821968596520732,11.608382153813885,10.977578302589954,6.407775857459897,14.3926650842485,14.103530188408648,14.3926650842485,0.950700573729421,14.103530188408648,6.407775857459897,0.950700573729421,51.25625203501009,14.3926650842485,1.1564568533821917,8.18449644723747,14.3926650842485,0.950700573729421,2.793839432215633,1.1564568533821917,13.694705743318854,1.1564568533821917,30.174023748216147,51.397068941007944,0.7453490123981579,5.062501661177191,1.02455619344544,5.062501661177191,5.037147276773257,1.2528131001015899,1.2528131001015899,1.2528131001015899,9.576813597775049,1.02455619344544,5.037147276773257,1.02455619344544,0.7453490123981579,9.576813597775049,12.406484276365799,13.65541529789242,12.406484276365799,0.5253587029229553,0.5253587029229553,0.5253587029229553,75.82895419067447,1.2501318638564203,8.708228287557036,87.68511411615206,0.8986504973907403,26.51298669128189,0.9525443989280333,0.8986504973907403,80.83298686649312,1.2501318638564203,0.6509760925567092,92.99150295155091,13.498787513291672,0.6509760925567092,0.9525443989280333,92.94928059957282,92.54679650982293,27.61160191325973,1.2501318638564203,8.50656578740527,89.48007534574656,89.4589526673676,1.091364801438128,0.6509760925567092,2.1837124522056253,1.091364801438128,1.091364801438128,94.0035814721328,0.9974896753654182,0.9721864916718052,27.155450155899867,0.9974896753654182,0.9974896753654182,28.844123825568154,83.63366340843794,1.2059573147372533,1.2059573147372533,1.5550874401745742,3.2207069258838987,3.711597659270432,72.24616390260549,3.0722247143333514,85.54953189525392,28.747934387855004,24.99929088046002,1.0053468181487182,88.94313567500643,3.711597659270432,83.50459042859181,95.7394796494447,24.87541064214383,75.97929609554356,103.50357144556651,0.9190152046356951,35.43486562013101,12.69502570564997,0.9190152046356951,7.140397727557738,91.76124127930125,0.8178596396529847,96.18108505032404,3.972748365800173,34.288257828969435,0.764885912690701,12.382032954064488,1.1367115901226983,11.326832237005616,0.764885912690701,0.6334996752507241,30.20789208723506,8.36078371235329,4.848876275371768,0.6334996752507241,27.2447724387019,0.6334996752507241,0.764885912690701,7.103281982145577,2.239956817282547,4.354638528210378,2.217974098703198,24.47973240839795,27.624265995073344,25.76690987806737,8.082531568001096,42.90877833756126,2.3668771333982948,33.62290855562485,6.01341237866117,31.29215170943645,23.584367552655905,26.732194335281754,26.933028912893384,27.426600020184566,29.33598597426477,29.648108622853734,36.611944628256325
17.35495441505266,17.35495441505266,15.506506180244664,15.506506180244664,11.464205721554809,11.25286126990285,22.273871486808794,26.084224446221345,12.776662746732883,12.968633278422287,26.084224446221345,24.842592799958826,22.70426861071042,11.464205721554809,24.842592799958826,26.084224446221345,22.70426861071042,11.464205721554809,18.00623145298354,22.70426861071042,18.0468038987382,13.889073624876804,18.0468038987382,23.075995240682136,22.70426861071042,22.273871486808794,23.075995240682136,26.084224446221345,26.45509760670909,12.968633278422287,26.45509760670909,13.889073624876804,2.1890596220596557,26.303467597836416,23.995852734921087,26.303467597836416,11.531248245953654,23.995852734921087,2.1890596220596557,11.531248245953654,104.20985598705585,26.303467597836416,15.211657614776081,3.5977819550319197,26.303467597836416,11.531248245953654,17.626733835348823,15.211657614776081,4.419334906473577,15.211657614776081,13.098936035188366,97.72887758371965,1.2123678321045797,1.6333318333584073,11.202850484432746,1.6333318333584073,1.8185889230351941,15.655706942261004,15.655706942261004,15.655706942261004,13.334072466639032,11.202850484432746,1.8185889230351941,11.202850484432746,1.2123678321045797,13.334072466639032,26.918412385477183,5.067215625734752,26.918412385477183,1.2109045123193642,1.2109045123193642,1.2109045123193642,92.11722471134789,9.483698565668199,4.614053548188583,136.68612899363754,0.8121457297912996,11.820020193125655,0.5317621856129482,0.8121457297912996,150.72057154601725,9.483698565668199,1.118832948242548,161.64766124853028,5.151026866558724,1.118832948242548,0.5317621856129482,134.02494143080307,144.31522487445807,16.27169797436046,9.483698565668199,4.663840596313025,140.73899633946814,172.2617000326966,1.0539203179391683,1.118832948242548,19.623913025058446,1.0539203179391683,1.0539203179391683,133.01388750640095,0.5622540869587271,0.4643643599428026,11.326853976685944,0.5622540869587271,0.5622540869587271,10.913716640332563,136.09635322870005,26.467731487689324,26.467731487689324,26.39771740663112,27.46963033081532,27.167348159678617,157.7312237642862,24.52558054765672,168.69134059571746,15.790680557344908,19.090250550861153,0.7342516952911937,158.21731348062235,27.167348159678617,137.67263979929047,156.4570193110271,19.080343397613234,141.24842198634158,155.99132063097431,25.003903428165664,15.715409738228816,11.343942164994136,25.003903428165664,22.548183330024546,141.7469909463231,1.0774280997656354,140.5048324319552,25.881909387392394,16.579141897205407,0.744778939147414,11.417585755267734,24.649376642357346,11.227254681513024,0.744778939147414,0.4891815358975434,21.1080144354614,50.29897482651095,4.333745427734816,0.4891815358975434,17.0512481682389,0.4891815358975434,0.744778939147414,50.13207019180779,3.4351782647836813,3.9132471803013864,3.2938052777060047,13.43826251267784,16.53888861291952,14.814510722530448,52.7681426747984,10.84878470390905,3.154400632191735,12.675978123318668,3.890076442611194,11.39752340756809,12.573424483633255,14.948965897288508,12.238737540056908,12.281236748820636,14.350977949471066,11.587023466951479,12.481609467285152
34.55474748904839,34.55474748904839,31.28387581446486,31.28387581446486,4.780334161940498,19.228792346296025,32.426988790011606,38.34559123350238,20.759685557381676,25.09199720466507,38.34559123350238,35.3663110664894,34.69599305990285,4.780334161940498,35.3663110664894,38.34559123350238,34.69599305990285,4.780334161940498,4.518958266175935,34.69599305990285,18.296471559803166,25.927954035269323,18.296471559803166,33.157650232810084,34.69599305990285,32.426988790011606,33.157650232810084,38.34559123350238,34.05695566232644,25.09199720466507,34.05695566232644,25.927954035269323,10.310080571594213,30.122560009068746,21.798076726838634,30.122560009068746,3.0564370182643197,21.798076726838634,10.310080571594213,3.0564370182643197,51.26798246523951,30.122560009068746,3.346791266098737,8.652792907292264,30.122560009068746,3.0564370182643197,4.249807769977257,3.346791266098737,14.235488749406635,3.346791266098737,17.645233958922443,59.27576852980322,3.5379698616731976,12.692163965476732,3.7595250350655043,12.692163965476732,12.769869419461434,4.032632853561965,4.032632853561965,4.032632853561965,18.39126293424226,3.7595250350655043,12.769869419461434,3.7595250350655043,3.5379698616731976,18.39126293424226,24.696353389742413,15.66175891815465,24.696353389742413,3.9816669313739976,3.9816669313739976,3.9816669313739976,64.4729225061831,4.397031363692765,9.940994959577951,66.71996313609891,4.110864059694698,19.772657087116947,3.9589133794418245,4.110864059694698,54.63177199207074,4.397031363692765,4.155864296530749,59.58230706121266,15.82854017514597,4.155864296530749,3.9589133794418245,57.4082765789897,56.27747967335721,19.65901644210618,4.397031363692765,9.859716913049994,69.47895307420679,66.04463712605452,4.24979362863653,4.155864296530749,4.344176525324376,4.24979362863653,4.24979362863653,62.08293894540491,3.9808378746639437,3.315385718208548,18.04101256757807,3.9808378746639437,3.9808378746639437,14.471696302202421,57.05809852703455,6.916015366840382,6.916015366840382,6.595246835092339,18.400465817467495,9.365621543044881,22.578405426710546,9.830982895519458,52.088028479050934,17.580161015563693,25.25864387214042,3.419381200504272,24.773105581385217,9.365621543044881,60.70381246534697,24.811077469506966,26.835230784843656,32.21860735726246,48.225371835965944,7.073766616573279,13.743145601657044,12.660670029033394,7.073766616573279,17.279125552290346,51.349777817240515,3.7606805164901695,41.32973530218976,18.545584998550368,11.746075298120875,3.908896378188808,11.650290239448214,7.0570667225339765,10.521628035184019,3.908896378188808,3.764531704469195,19.64347015362855,14.921785492819922,12.463277626398,3.764531704469195,18.112257036390325,3.764531704469195,3.908896378188808,15.047958374443335,11.900191542594646,13.274089191932184,12.46297261629425,11.316762501358147,15.50135751535623,12.869886090169251,15.587291705117677,10.485395923249314,12.745469635668117,12.861198937507465,13.659787272876674,13.68073099149243,11.760406773557493,12.700087570164161,11.958125317997432,11.756960042587673,11.206628210083776,10.747700631325822,11.092230725546708
19.8547313560697,19.8547313560697,21.169802388413807,21.169802388413807,10.230600593733353,6.858287751946206,8.698673418240583,7.825577906910965,5.942618215996382,8.29222622017884,7.825577906910965,9.174714891454176,5.370940049741094,10.230600593733353,9.174714891454176,7.825577906910965,5.370940049741094,10.230600593733353,10.11471067576078,5.370940049741094,11.527843646277809,10.094631800102116,11.527843646277809,6.294198793143506,5.370940049741094,8.698673418240583,6.294198793143506,7.825577906910965,8.326383509457598,8.29222622017884,8.326383509457598,10.094631800102116,1.0526807745967168,9.791872257948548,12.911072363358397,9.791872257948548,13.489811631185828,12.911072363358397,1.0526807745967168,13.489811631185828,74.12700779276943,9.791872257948548,13.947223749253352,4.5725045449738015,9.791872257948548,13.489811631185828,11.385874044470297,13.947223749253352,9.15176683050357,13.947223749253352,6.068692383320006,72.33697590342612,11.441341898267899,2.2441864582849718,13.906395408850457,2.2441864582849718,2.3886734673315155,14.587021296497186,14.587021296497186,14.587021296497186,10.878767830500333,13.906395408850457,2.3886734673315155,13.906395408850457,11.441341898267899,10.878767830500333,10.496797114571928,7.021627311034791,10.496797114571928,18.04107527409603,18.04107527409603,18.04107527409603,60.03633756263684,10.366072013946493,4.458892485925774,105.14814330670382,12.34238361839742,14.154165766574971,12.51863246185809,12.34238361839742,126.85456686410859,10.366072013946493,11.508164150608476,136.83057133404316,7.76573685292963,11.508164150608476,12.51863246185809,100.73584428785722,118.73014311876247,16.433288084351812,10.366072013946493,4.708079809767817,94.17830919186119,142.46596766187568,19.655943128887486,11.508164150608476,13.982241078981785,19.655943128887486,19.655943128887486,89.37636547971222,18.499029567252876,15.084857600228325,16.008559521074528,18.499029567252876,18.499029567252876,9.85074641553213,97.25256316777036,19.514781782182265,19.514781782182265,19.303637915718003,36.58277710207388,29.580160747443713,99.61837514808283,28.893336944520378,132.2642670393657,19.393959074156882,33.11454206316277,13.974202743817482,104.67641909708256,29.580160747443713,90.87212566336386,98.41144422044238,31.79802924858045,96.22319868935232,126.15640667414412,19.57898074119165,13.271899168120688,9.295651680074767,19.57898074119165,38.38472065576324,96.0747514469761,9.743530731959176,94.0887795658506,37.0348053048592,12.110193161971237,14.48970979101066,10.770938390773088,19.91075122885554,10.069813054076803,14.48970979101066,13.801780914555444,15.607269769786118,55.764167695292706,10.773350737387,13.801780914555444,18.50974644480009,13.801780914555444,14.48970979101066,57.517944813996,15.613689037731973,12.389286662784903,15.00992405633259,16.921914781823418,21.347139823336605,13.44223813016022,54.398229048951414,42.814572921060545,17.624400223864445,26.65282290362877,9.20716522258815,25.78826147303982,15.863949991186587,13.09049827382183,12.284260976579242,12.548304840833504,21.402550902166706,22.791007311590104,25.07155527862675
19.8640490898171,19.8640490898171,24.867191448387285,24.867191448387285,15.181892099262097,13.004897669835994,17.36235810727941,17.54043910967266,13.014777816144521,16.95831208149833,17.54043910967266,15.327144967371911,17.092609128575805,15.181892099262097,15.327144967371911,17.54043910967266,17.092609128575805,15.181892099262097,2.0580459626170935,17.092609128575805,15.833329949288016,15.919287431541004,15.833329949288016,15.902325601759143,17.092609128575805,17.36235810727941,15.902325601759143,17.54043910967266,15.083792500149395,16.95831208149833,15.083792500149395,15.919287431541004,3.8993041732318936,18.82924189462644,16.22704164833047,18.82924189462644,13.363513644900397,16.22704164833047,3.8993041732318936,13.363513644900397,17.673433920867453,18.82924189462644,13.224644836627801,4.54229514641844,18.82924189462644,13.363513644900397,2.061091116409896,13.224644836627801,8.581578169524606,13.224644836627801,10.281304816449703,20.005390530293056,15.455442642361831,3.666712997110609,14.403878296471312,3.666712997110609,3.923260020557901,16.334879588293145,16.334879588293145,16.334879588293145,15.883057145575796,14.403878296471312,3.923260020557901,14.403878296471312,15.455442642361831,15.883057145575796,16.604575290562778,6.473161755738569,16.604575290562778,9.628736888703909,9.628736888703909,9.628736888703909,22.205076215065777,15.780184912810501,5.606951593607144,13.390825083351238,12.589711888923315,8.134041445019873,11.489784089292657,12.589711888923315,14.154130431518512,15.780184912810501,17.700871783931838,17.82302323029081,7.5412595867488195,17.700871783931838,11.489784089292657,14.82305424071024,15.930984721995246,8.028138935602225,15.780184912810501,5.928724356853362,14.128312332355165,16.861035293137867,7.395886167270557,17.700871783931838,2.104290825856941,7.395886167270557,7.395886167270557,14.328611520194205,7.881309414959116,13.590628069764385,8.94618825358258,7.881309414959116,7.881309414959116,10.940868256203682,17.070648092511476,13.121085758722732,13.121085758722732,13.059405342574097,14.441599442548936,14.02690748631995,12.163528573779287,13.705873019451294,20.32118738286079,8.937291714894922,14.43694359256485,14.986940149470588,21.507208947994545,14.02690748631995,16.54055919786903,19.97868291870783,13.59991529239881,11.751307960927251,16.237788508983844,13.017298445419064,10.987992924218931,16.74463397360032,13.017298445419064,13.804596184141234,14.031196386205364,15.934484467663582,13.105671033755478,14.201606272530784,8.202236439996115,18.178898517838025,17.471513845745662,12.969906538469175,15.915300868297683,18.178898517838025,16.289114331798206,9.327781957434912,4.932584358732886,17.72869785628282,16.289114331798206,10.520696365576553,16.289114331798206,18.178898517838025,5.551678270949066,7.822326025320516,19.06765631311822,9.371847556494682,13.732313379012085,12.225214590049921,14.036673304644129,4.758945008135891,14.483895297263162,10.546415860674811,20.526259527286754,18.628001187528813,20.37159152630411,12.17474404993056,14.250439826368202,14.824462504479827,14.965808924182582,26.670164607105306,27.338995556032007,20.38908878852621
39.14347508046447,39.14347508046447,39.85839227410714,39.85839227410714,4.079300816653505,11.855574701488827,38.56542751793597,40.55711353872863,11.761425428181175,38.60988620879156,40.55711353872863,39.40016454024138,40.75215906382471,4.079300816653505,39.40016454024138,40.55711353872863,40.75215906382471,4.079300816653505,5.388698112288732,40.75215906382471,45.40102063675406,37.58298283961672,45.40102063675406,43.2752324094643,40.75215906382471,38.56542751793597,43.2752324094643,40.55711353872863,42.4694786712962,38.60988620879156,42.4694786712962,37.58298283961672,41.93019754770954,47.470372025720486,43.77626476488426,47.470372025720486,4.031292702182985,43.77626476488426,41.93019754770954,4.031292702182985,75.21629460533141,47.470372025720486,5.142918583391876,3.935105020786111,47.470372025720486,4.031292702182985,5.740267392019118,5.142918583391876,5.150538303521805,5.142918583391876,9.939081379617312,74.39438467345302,3.1312291689688294,25.24986486587578,3.7486551740138876,25.24986486587578,24.1901023845507,4.290602594940437,4.290602594940437,4.290602594940437,49.397205159855396,3.7486551740138876,24.1901023845507,3.7486551740138876,3.1312291689688294,49.397205159855396,49.438218265732715,6.084995919458259,49.438218265732715,1.7895566099738938,1.7895566099738938,1.7895566099738938,59.85311478811815,4.222845347316409,3.5297948587530135,66.90751774902171,1.9815405206869807,11.190091116052036,1.8751337788830558,1.9815405206869807,81.93904625503481,4.222845347316409,2.449779238950993,66.6085537521351,5.859220660086804,2.449779238950993,1.8751337788830558,67.7147843406532,84.0682065730304,12.878533698628688,4.222845347316409,3.5654790205095965,67.38545066502887,66.6395787211388,0.9960307865138229,2.449779238950993,5.167965323678392,0.9960307865138229,0.9960307865138229,68.34464892380835,1.391887355835502,2.193917718497213,11.242664607779973,1.391887355835502,1.391887355835502,11.153739445002902,73.3036385796868,11.88918297706662,11.88918297706662,11.860058690969307,21.176350303243154,18.24029015412955,12.563456309356168,17.959291719561506,75.45867792808941,12.69252715925508,17.09300898887486,2.1362077945818267,11.473644179239125,18.24029015412955,78.01255474641928,11.573026108792227,16.137001243545637,12.02889728128577,89.82048458307672,12.56597984655345,11.481138286451813,2.3372166964059433,12.56597984655345,17.728409710771636,11.87760626566683,2.8777379549494713,11.951513381920275,21.778105055363362,18.6492237836403,1.6068311449605004,3.350374893786193,12.178189992524837,3.7503050194768477,1.6068311449605004,2.4396575863670886,13.954045126974089,25.99395571028123,2.7426626268513186,2.4396575863670886,23.666582746129677,2.4396575863670886,1.6068311449605004,26.129437574232508,1.8174195556283443,2.8613586242414617,2.0483394316218573,9.307566985546739,23.415448155504347,10.527811619951722,28.236731228678295,9.926745986094572,1.734772996298305,11.902515615930994,1.4407701922270226,11.078198211239966,10.476930537024547,9.439226831695892,12.207918055086363,10.875734836246174,29.808379129315316,30.109028720853672,28.57553987210488
10.923589345502338,10.923589345502338,12.569886821538946,12.569886821538946,9.004112618540132,7.314784646373097,6.321219201053405,5.444472114411765,7.2474517467206745,3.840608542401298,5.444472114411765,6.086481872550439,5.494304032796347,9.004112618540132,6.086481872550439,5.444472114411765,5.494304032796347,9.004112618540132,5.604809039571983,5.494304032796347,11.356736774897447,3.4231983066316265,11.356736774897447,4.8934141716230295,5.494304032796347,6.321219201053405,4.8934141716230295,5.444472114411765,4.821320791457392,3.840608542401298,4.821320791457392,3.4231983066316265,3.2773783312755214,5.513280844769405,6.155566844276204,5.513280844769405,9.209911592872075,6.155566844276204,3.2773783312755214,9.209911592872075,22.09884452842708,5.513280844769405,12.063881704304992,2.8519380305320996,5.513280844769405,9.209911592872075,5.633583444120484,12.063881704304992,3.4678879263638667,12.063881704304992,5.319113174732664,23.601100971846765,6.766007520459021,4.078251633225335,10.69496706759204,4.078251633225335,4.242223511759836,12.491527439353618,12.491527439353618,12.491527439353618,4.054060062708797,10.69496706759204,4.242223511759836,10.69496706759204,6.766007520459021,4.054060062708797,5.0531368747999235,3.1202618912741418,5.0531368747999235,8.562913905121958,8.562913905121958,8.562913905121958,20.278884967649734,8.794561532437992,2.6018714614721965,13.065163497920798,8.924402215714007,5.640724263183796,9.104285998699533,8.924402215714007,18.431549915031315,8.794561532437992,10.537840443833948,13.287281837905361,3.345494112853779,10.537840443833948,9.104285998699533,13.337351642730148,18.45469229036239,5.0069373913553985,8.794561532437992,2.573853481564236,12.87656512329347,13.004869605395793,8.740175526937819,10.537840443833948,9.03160221867487,8.740175526937819,8.740175526937819,13.236589228305663,8.881030213237885,8.92441363634532,5.891729259084187,8.881030213237885,8.881030213237885,4.553701647145114,10.160114110414343,7.597625958752363,7.597625958752363,7.869977800630173,11.888659855621983,10.505236752438305,7.606893437240727,9.549932059028793,11.012929288301114,4.895762934775266,8.658303435431211,8.697348647782892,8.529416669883298,10.505236752438305,10.497198977827034,8.553955777413863,8.241351548599594,10.76179767914849,15.412025574807085,5.371703587591782,4.348803798775449,5.9709949624903285,5.371703587591782,8.888922815010881,11.310826968909916,7.700106676153938,11.361781851480085,8.295449105881254,5.788572111322553,13.430953094994939,6.279065479011358,5.547826417158514,7.444497669471445,13.430953094994939,9.823821558816093,11.854598362958729,12.458263691244372,9.609426667664392,9.823821558816093,5.351135033462774,9.823821558816093,13.430953094994939,12.632609285210638,4.558440270717297,7.328684316309172,4.79338277729653,6.519226981112002,5.229557749185217,6.57479990583825,17.71344257944847,11.125923215703299,5.352950704660086,10.350869050691724,7.4415055977772155,9.933580083384523,6.830554870351188,8.19314896521488,6.7125490405452375,8.307483093007633,8.54569595734459,9.580171339607361,8.905476276462988
34.47627074205349,34.47627074205349,24.389512089596924,24.389512089596924,4.579889032514134,4.45408128834748,23.903112061750985,7.420651676570114,4.126680101292517,9.560190102121862,7.420651676570114,24.699996124891268,8.007854352301177,4.579889032514134,24.699996124891268,7.420651676570114,8.007854352301177,4.579889032514134,3.11962931906164,8.007854352301177,46.48604143312668,9.270458467620369,46.48604143312668,8.059283518007296,8.007854352301177,23.903112061750985,8.059283518007296,7.420651676570114,7.915805143686959,9.560190102121862,7.915805143686959,9.270458467620369,2.004942852058347,6.741407517006847,28.054015562494538,6.741407517006847,3.602550025833235,28.054015562494538,2.004942852058347,3.602550025833235,99.40879915731058,6.741407517006847,4.165043709347746,2.625585263322032,6.741407517006847,3.602550025833235,3.0897042484652086,4.165043709347746,5.587075505470219,4.165043709347746,7.827213218317146,97.76677524535921,5.007970235246581,1.545400711652098,4.561182522978908,1.545400711652098,1.648966939538141,4.767099534184064,4.767099534184064,4.767099534184064,9.193645464713322,4.561182522978908,1.648966939538141,4.561182522978908,5.007970235246581,9.193645464713322,6.631753106243768,5.11652807896527,6.631753106243768,3.3539063948009677,3.3539063948009677,3.3539063948009677,85.90896286478878,3.807822599074328,1.843216433192583,70.78609830472458,4.185404672403416,7.375664964026299,4.095755211195864,4.185404672403416,83.7493498823957,3.807822599074328,4.84659549849792,77.12492714382901,5.129475038053675,4.84659549849792,4.095755211195864,73.70936586076063,74.69909294064166,17.31172737711053,3.807822599074328,1.9207984262062512,70.14017806877541,74.19888647886329,2.808157978424795,4.84659549849792,3.075670337541987,2.808157978424795,2.808157978424795,73.0955258347854,2.7562413112802093,3.7043977070204614,7.263543020140074,2.7562413112802093,2.7562413112802093,5.921690801256805,71.6247783137086,10.753650591314122,10.753650591314122,11.490898602761128,16.312486018200136,9.564533123641649,57.340253090380365,9.457605201524657,69.43013885826566,17.37395803127946,41.26907586385697,3.799919616165375,56.4851665400646,9.564533123641649,70.98673686570507,56.89620519879769,39.19312316360238,65.99748964699076,72.26015165031491,9.382725390287737,15.889702777690417,11.991364488624546,9.382725390287737,18.001843667573546,65.77817997583581,4.577771456520685,66.19914949735984,16.13132038735604,23.541530127149564,4.123407932958877,12.664823748731418,10.541185891631278,9.932024004752703,4.123407932958877,4.012720329518194,27.61159817112693,19.706899897464005,12.129778842699002,4.012720329518194,23.308318983770356,4.012720329518194,4.123407932958877,19.359307355304143,7.574109038692272,12.806430423040396,6.932265017654614,18.790694615731873,23.306020105052205,17.882350372391972,19.090763449736073,17.994071659627377,7.275367901780588,28.45515214953546,12.96318898729104,29.868226222514174,19.025057573554022,17.400540184492392,17.952398733089478,16.442291901573604,37.925434977085025,38.800340699905696,11.68013306810361
11.101532704927685,11.101532704927685,13.741894889640244,13.741894889640244,1.0972789599567,10.306355004499038,5.496342292672011,5.480649713020749,12.322107393058927,5.68000196460404,5.480649713020749,5.497500009106341,5.5363979340414105,1.0972789599567,5.497500009106341,5.480649713020749,5.5363979340414105,1.0972789599567,1.065430826872297,5.5363979340414105,11.663506167775658,5.759054538977896,11.663506167775658,5.748008192723718,5.5363979340414105,5.496342292672011,5.748008192723718,5.480649713020749,6.000264675286141,5.68000196460404,6.000264675286141,5.759054538977896,3.2306765339736776,5.607512620293819,5.798386572954767,5.607512620293819,1.8995107700152396,5.798386572954767,3.2306765339736776,1.8995107700152396,53.756679414123724,5.607512620293819,1.6320439653004264,11.021604917152374,5.607512620293819,1.8995107700152396,1.1763338406130024,1.6320439653004264,12.931408531320699,1.6320439653004264,11.950789551947588,51.51070293338389,1.1754839441474327,4.016463739602514,1.7746892854678484,4.016463739602514,4.08498237305334,1.37132660613205,1.37132660613205,1.37132660613205,6.657686008227014,1.7746892854678484,4.08498237305334,1.7746892854678484,1.1754839441474327,6.657686008227014,5.887054869322985,12.233457834720635,5.887054869322985,1.3284351077821919,1.3284351077821919,1.3284351077821919,65.99496353061345,1.3025428533412915,12.27123397146981,52.42347917361315,1.209134548849284,12.999989340337422,1.5528957261495127,1.209134548849284,47.16405485404726,1.3025428533412915,1.2172647702643156,60.78991325809501,12.625184213298215,1.2172647702643156,1.5528957261495127,57.832149327790376,49.42316783155799,18.478394249564495,1.3025428533412915,12.373981658264817,52.035541973783985,58.260422927710216,1.5490755085378913,1.2172647702643156,0.7287815858738367,1.5490755085378913,1.5490755085378913,52.89809869867843,2.0711328815142793,1.6004099741471345,12.740327352719664,2.0711328815142793,2.0711328815142793,13.22534225359847,54.87300884503973,2.2728664127498956,2.2728664127498956,2.1980283010394976,4.762558631376716,5.133961326974867,12.047254509882583,5.0267111661158586,65.4998384432898,19.24485200463573,21.570655419326993,1.247533791151407,9.265272488932029,5.133961326974867,50.76230396027292,8.7541802294275,20.513803583435845,21.381422087931163,53.05890345865076,2.5757317367387453,21.88023175424737,17.94758317227793,2.5757317367387453,4.569972224264212,23.253179678906537,1.0608355273375925,22.977711986690462,5.016753743151721,26.28202033608831,1.4831657841885038,17.036999839242757,2.2574538798960737,12.804008430528283,1.4831657841885038,1.944675755469223,29.09716299563589,19.865812689639558,3.6733754498321525,1.944675755469223,21.271819173739853,1.944675755469223,1.4831657841885038,20.870180944226224,4.315162459445876,4.677184649153382,4.560083677264041,41.41055795991443,21.45471360331044,39.607229072941315,21.537714691233095,42.40272345810252,4.54071664970812,44.1911329909556,4.650208448085683,44.50022105356038,41.58622521226567,40.70768550670138,35.77721244838511,37.445097220492904,41.39023553673138,45.443264089836724,39.707432310239334
6.703682762436083,6.703682762436083,6.466666053736729,6.466666053736729,8.033213991303409,10.588362705767276,8.764644976320985,8.507182960868871,11.220460841224284,7.560099579627296,8.507182960868871,8.672219550183494,9.260423545133088,8.033213991303409,8.672219550183494,8.507182960868871,9.260423545133088,8.033213991303409,5.27222687158474,9.260423545133088,4.632975428900374,7.8881614509518565,4.632975428900374,9.655593834614644,9.260423545133088,8.764644976320985,9.655593834614644,8.507182960868871,8.363537508617261,7.560099579627296,8.363537508617261,7.8881614509518565,6.876905667819928,6.350862358383157,5.734489440227689,6.350862358383157,6.245468085785013,5.734489440227689,6.876905667819928,6.245468085785013,22.516160236642307,6.350862358383157,7.62598264055361,5.975122754425714,6.350862358383157,6.245468085785013,7.664200989145574,7.62598264055361,9.556383459126849,7.62598264055361,8.897031112157856,22.9967461219463,3.7656489137193563,7.205589352140984,6.895529762432078,7.205589352140984,7.240402543678978,8.484827423668403,8.484827423668403,8.484827423668403,5.013384973950347,6.895529762432078,7.240402543678978,6.895529762432078,3.7656489137193563,5.013384973950347,5.606631468950512,10.034893531599074,5.606631468950512,3.4283321696291758,3.4283321696291758,3.4283321696291758,19.859700771464407,6.509728127965338,5.897104848166883,18.315054401448936,3.5067772275248417,14.423580877489174,3.5355917723454082,3.5067772275248417,20.770606720865793,6.509728127965338,3.2973953145130594,14.50021947502149,9.752770359295633,3.2973953145130594,3.5355917723454082,18.042954286766978,20.51407022563154,14.642499287877289,6.509728127965338,6.080362261651054,18.589472504361833,14.766238984141143,2.5951180783948855,3.2973953145130594,8.662342927046453,2.5951180783948855,2.5951180783948855,17.724664798705973,2.549625637602919,2.728346040412117,10.877991403041575,2.549625637602919,2.549625637602919,11.450296521129294,16.08786682821243,7.843377190563193,7.843377190563193,8.477230834209161,5.436009538378407,5.641163546915871,4.324128292137446,7.34595515324261,14.361245538213495,11.226666789316434,10.352661626803354,2.7019601743045234,4.201721819260706,5.641163546915871,13.136493780951557,4.04068789874263,11.032267620864953,4.371521686091045,17.815897691585448,6.213293767441685,11.802718284257361,15.179641790652406,6.213293767441685,4.473642851892646,4.80383885909262,3.4700657931581222,4.5998385236212656,4.255004665372065,10.917054758768574,4.8461583594233275,15.714623065925814,6.784508480618694,15.052243429893494,4.8461583594233275,4.706797233931961,9.865348507025248,4.513259210143307,9.981478731215082,4.706797233931961,11.787806173523048,4.706797233931961,4.8461583594233275,4.233495063510097,9.786946577011042,10.835806402580918,11.846507186953707,16.039466422352376,10.983425595747452,15.878885852803169,4.246181922770005,23.62373958731719,12.529092541999605,24.79501908279705,12.137826871895655,24.14408508573492,14.551368814829601,17.36840564261393,16.069972504849545,17.707687056366918,17.979697271796244,18.178026058699267,14.775747382060494
41.43373265500676,41.43373265500676,27.23858028264548,27.23858028264548,7.265421662124988,6.396098539019152,11.843223262453579,16.68992303164199,6.77859770816529,8.541538048386773,16.68992303164199,15.412571588796247,11.832314791528123,7.265421662124988,15.412571588796247,16.68992303164199,11.832314791528123,7.265421662124988,6.0490553245015635,11.832314791528123,29.699628068948183,14.160549570742624,29.699628068948183,9.957074569081708,11.832314791528123,11.843223262453579,9.957074569081708,16.68992303164199,17.010610059269762,8.541538048386773,17.010610059269762,14.160549570742624,4.3867254859602545,18.850635373016726,18.719951172571562,18.850635373016726,6.8481588652757415,18.719951172571562,4.3867254859602545,6.8481588652757415,34.762974950726715,18.850635373016726,6.92538528983452,1.1052441583552937,18.850635373016726,6.8481588652757415,5.242901533709278,6.92538528983452,6.157323015632663,6.92538528983452,8.032096365334771,35.12955489781807,3.1833531536140396,7.713108194744792,6.834061481942772,7.713108194744792,7.992371444055592,6.95677720215327,6.95677720215327,6.95677720215327,15.970002674899446,6.834061481942772,7.992371444055592,6.834061481942772,3.1833531536140396,15.970002674899446,19.174330430668338,7.439991234258834,19.174330430668338,2.5254375841682397,2.5254375841682397,2.5254375841682397,36.330156550131996,7.406720455335292,1.5273617400732793,21.68150688876715,4.823976857691675,6.961335773212439,4.596221512718258,4.823976857691675,20.002289983279315,7.406720455335292,6.354444255771295,22.015795139467357,7.336908216443582,6.354444255771295,4.596221512718258,23.259503883276878,20.31082325737883,6.552210394817314,7.406720455335292,1.5563774204121397,23.154068903015677,22.72920410577998,3.660643401595165,6.354444255771295,5.053713583093549,3.660643401595165,3.660643401595165,24.70877454932228,4.4796250054853095,5.622690241812653,6.991411893381737,4.4796250054853095,4.4796250054853095,7.880952580257714,25.88018378687148,6.292401697640637,6.292401697640637,6.504420365959067,5.622639778074334,6.57246837344122,20.66121040225789,6.768952400971036,25.638153344623028,6.444387578915705,14.45916365352535,4.646508196373541,18.68236434492049,6.57246837344122,26.453074747092995,18.217015111889516,12.969262810425466,22.87493716962721,22.471361895053295,6.132596612743796,10.420881851913201,8.832215298759012,6.132596612743796,6.554824951336021,20.844591367460616,5.715206344461389,22.39415272992396,5.523849797321797,8.456357912093589,6.09004110028018,8.856390916620004,6.364261705891821,8.982642931873572,6.09004110028018,6.0423214940835575,13.704695345110803,15.361173505624674,12.087613815377962,6.0423214940835575,6.5215488259880825,6.0423214940835575,6.09004110028018,15.442104175204646,9.163918477066149,9.66741180505187,8.889404856081253,7.787164889419372,5.913133885321192,9.216147543536461,15.50943323366331,10.81206187574103,8.587157986489753,9.745698617422915,11.390479476306824,9.730699548789056,7.5674941477876825,8.819108274407265,9.036001263262985,8.687830467961627,8.559704723202657,8.383114415985176,9.047241929177318
27.467329105463907,27.467329105463907,26.019626365400573,26.019626365400573,15.589081887119171,7.972068348164646,29.012452018977587,30.064090387474824,7.5167519759156125,18.54015966829745,30.064090387474824,27.330194855564493,28.678366236710612,15.589081887119171,27.330194855564493,30.064090387474824,28.678366236710612,15.589081887119171,16.801833873112606,28.678366236710612,20.50100212591372,19.577066399020584,20.50100212591372,32.105668661256885,28.678366236710612,29.012452018977587,32.105668661256885,30.064090387474824,31.408738348341927,18.54015966829745,31.408738348341927,19.577066399020584,4.568235940554474,16.72684609829716,16.367013413569133,16.72684609829716,12.464914484978014,16.367013413569133,4.568235940554474,12.464914484978014,50.31570774490262,16.72684609829716,14.491865910038701,3.6360524964226584,16.72684609829716,12.464914484978014,16.261716967134525,14.491865910038701,11.375424850781373,14.491865910038701,8.991376908232517,49.04078586986962,16.16580311728049,6.594884176067507,13.391824488263467,6.594884176067507,6.6096580513337235,14.518162225007652,14.518162225007652,14.518162225007652,8.965766135812057,13.391824488263467,6.6096580513337235,13.391824488263467,16.16580311728049,8.965766135812057,17.40480961659125,11.122159888552284,17.40480961659125,19.726798806715756,19.726798806715756,19.726798806715756,25.791907482450817,13.987743748078268,2.757851323959041,65.89735567685027,15.955005790651118,13.607657306026432,16.20408066325316,15.955005790651118,61.291064398223696,13.987743748078268,15.417410259605179,66.59098611908496,11.270872992006764,15.417410259605179,16.20408066325316,64.50212251105326,60.09995154330192,15.065667124088453,13.987743748078268,2.844157809628787,49.50874307727409,68.0355870088005,19.437281171900448,15.417410259605179,16.75311123436832,19.437281171900448,19.437281171900448,43.89786378049398,19.3392943424183,17.076237915774144,13.863862783422276,19.3392943424183,19.3392943424183,14.405263347332307,44.17297339686282,16.385207470993787,16.385207470993787,17.321054924598734,34.8086946359897,24.067377571951376,31.786852770095784,25.23528903665462,39.238518723143805,14.762744092891227,24.406871745503338,18.20067103202945,30.287703346599613,24.067377571951376,27.673027244109697,29.952915274902136,24.280740600274914,28.912571344077783,37.683519460764096,15.59247368548084,13.849327961482977,15.760022163107676,15.59247368548084,33.775205612993815,28.372834878530615,19.304995868515196,27.465246722104485,36.13353195554242,12.804482705217259,15.022654186256299,16.277380087223523,16.835188416362097,15.326793683290141,15.022654186256299,14.594176010727445,19.50264698018929,23.027383869798445,17.562055793082177,14.594176010727445,16.961514561309983,14.594176010727445,15.022654186256299,22.289277403390322,24.92821464102852,16.881246819666153,22.998702578997786,11.177289615007275,14.322246971766443,11.539036682184225,21.887113881173455,11.66411557247141,25.5352812169331,12.75987301462737,18.025506605259142,12.732481634053022,10.974434626802678,12.548149723065581,11.825188733349574,12.645622351497831,10.225076561635275,8.354011982655152,7.552181248015002
45.89284631355154,45.89284631355154,53.17061379609978,53.17061379609978,1.7430878430984573,39.376793333832296,14.87865964254439,7.169695771394159,44.33131258467887,7.233247372163518,7.169695771394159,11.934028483534908,8.365969707340144,1.7430878430984573,11.934028483534908,7.169695771394159,8.365969707340144,1.7430878430984573,2.6905297676067215,8.365969707340144,39.98069856372736,7.110553562966329,39.98069856372736,9.316326876455804,8.365969707340144,14.87865964254439,9.316326876455804,7.169695771394159,9.266452945180124,7.233247372163518,9.266452945180124,7.110553562966329,7.740548131128739,8.591214155891894,16.186196225168594,8.591214155891894,1.66377128553116,16.186196225168594,7.740548131128739,1.66377128553116,42.036170669275045,8.591214155891894,1.7358009616288779,8.54348637642547,8.591214155891894,1.66377128553116,2.9004359417997887,1.7358009616288779,11.823042309320897,1.7358009616288779,41.56706581004673,42.211448153513075,1.2234715568459154,6.9708661810913535,1.2911643970041282,6.9708661810913535,7.647847664729985,0.8880858010650139,0.8880858010650139,0.8880858010650139,6.130309138841868,1.2911643970041282,7.647847664729985,1.2911643970041282,1.2234715568459154,6.130309138841868,9.752320858865383,12.8217993274332,9.752320858865383,0.8247037866362571,0.8247037866362571,0.8247037866362571,48.84544382689197,1.1271960554430214,7.941781532581731,29.245086153026612,2.356228529119098,15.447945497975692,1.983272486828005,2.356228529119098,44.85918946764763,1.1271960554430214,1.3980926357109762,28.62702737485909,12.66315624369272,1.3980926357109762,1.983272486828005,31.10848570519395,51.01623106497624,12.386324066394844,1.1271960554430214,7.441431060236056,28.751714634449357,25.01522880625268,1.936475577604036,1.3980926357109762,1.8503074309828222,1.936475577604036,1.936475577604036,29.55849606947539,1.840748899064078,2.592065086778212,12.394497518233187,1.840748899064078,1.840748899064078,11.11105897670779,29.13871396417543,3.5088698246717063,3.5088698246717063,3.587732271315694,4.177048456159242,3.1279352230279063,13.06744976099128,3.1245822416080093,28.998401373854325,10.407410487554554,25.68212977577465,2.6469387009489274,11.090492179691978,3.1279352230279063,28.928577540463127,11.378218033925034,24.816601755157343,17.568345720057877,52.12519778767654,3.087321009418058,10.876464380100806,5.514680637959857,3.087321009418058,4.216734147664858,18.03157309324815,1.2914906693140122,18.157669575070003,4.966442503818839,10.345321669898464,2.098090588393564,4.679761212690984,3.149551354998956,8.734519152389943,2.098090588393564,1.753878527532673,23.11049015848302,19.98419017946257,8.528389319944354,1.753878527532673,12.455107609805223,1.753878527532673,2.098090588393564,19.07895925378459,9.010403994808327,6.806412475790156,8.424598836691807,12.936729175666722,10.385814834694074,9.62200179207579,22.22985117578171,20.844717001167332,8.503469431439894,18.635017482841487,6.934672854031632,19.62554706678936,13.197343427776529,8.734656515634022,7.922638095749408,7.415094123662511,23.642874959058787,21.13938274625933,30.952085148740206
7.62472064326142,7.62472064326142,7.616236902520804,7.616236902520804,2.8148644662680957,5.287652554842336,10.211222760495076,9.206786313266646,5.571203771238706,2.829382316253503,9.206786313266646,9.996555618643548,8.632024139887372,2.8148644662680957,9.996555618643548,9.206786313266646,8.632024139887372,2.8148644662680957,7.309781842444955,8.632024139887372,4.119275724806588,2.723386834269081,4.119275724806588,7.454811675598994,8.632024139887372,10.211222760495076,7.454811675598994,9.206786313266646,7.212646109703607,2.829382316253503,7.212646109703607,2.723386834269081,3.398785333751425,6.876063365123058,7.807901575548976,6.876063365123058,9.08357932926013,7.807901575548976,3.398785333751425,9.08357932926013,26.74529018926154,6.876063365123058,9.327616987774814,3.8182543949475396,6.876063365123058,9.08357932926013,8.31045743490966,9.327616987774814,2.410740792037785,9.327616987774814,8.069309756901783,25.020436046675584,4.232295306675565,3.9712674713815628,9.564653622986059,3.9712674713815628,4.019319999046368,10.683125624841058,10.683125624841058,10.683125624841058,2.4691749717297595,9.564653622986059,4.019319999046368,9.564653622986059,4.232295306675565,2.4691749717297595,5.877530097286131,2.1400281108918064,5.877530097286131,3.509763261773248,3.509763261773248,3.509763261773248,31.04270549730257,2.498311883344405,2.0281576552566896,35.373693630386846,4.701656274151172,5.077259794747762,4.3268552076178235,4.701656274151172,41.334174626301134,2.498311883344405,5.226975148151882,33.845492288138594,2.1954000434237337,5.226975148151882,4.3268552076178235,33.73265865001023,40.503114112454874,4.2675344039189005,2.498311883344405,2.029313948189312,34.7822343155179,33.52740640311249,3.504097673960108,5.226975148151882,3.4094954388528524,3.504097673960108,3.504097673960108,34.94272243188297,2.956998330271719,2.8017186713837363,4.085235235574036,2.956998330271719,2.956998330271719,5.07942302613306,35.760343181721,10.203146912137967,10.203146912137967,10.456041484334067,8.309410549793402,4.2458100448702805,32.216940713472916,4.184792897765288,31.22751410643343,4.118678003169861,11.850567160911908,3.17858691173893,28.070971416957825,4.2458100448702805,35.89740006770684,26.491984407565955,10.981501513856792,33.43215727692978,41.49757872868858,10.823639101573967,3.646928371896956,11.00458569263748,10.823639101573967,7.973391156123646,31.181778109185657,2.1360084376893,31.70343930266323,7.05598348329299,3.373908334292711,6.852702956174111,13.502956797776697,11.072266369828752,15.343836797695394,6.852702956174111,6.273757241967083,12.415166297851734,7.837816609703362,4.841760341094245,6.273757241967083,4.615621927282135,6.273757241967083,6.852702956174111,8.00944350941161,3.871685256999008,4.713258932110916,3.6691237638989813,17.860260705737453,4.309216566729397,18.523434838479425,12.294510592670292,12.044457129176367,3.591299294491222,26.588931763928645,3.9844798416353946,27.1104716344083,18.700909559748702,13.551518479461887,15.377246036447051,12.646743754633547,25.429424549205795,22.332723979214855,14.85694922880137
22.667357819838323,22.667357819838323,19.242434348999655,19.242434348999655,1.6049888050909178,48.15804233637153,15.412513360778945,26.972557237919315,48.57432964781814,19.797602143864125,26.972557237919315,23.231094544075027,15.577185318759685,1.6049888050909178,23.231094544075027,26.972557237919315,15.577185318759685,1.6049888050909178,5.224628447729252,15.577185318759685,17.364451911452367,27.77815965001802,17.364451911452367,16.415437794175833,15.577185318759685,15.412513360778945,16.415437794175833,26.972557237919315,27.278930895190943,19.797602143864125,27.278930895190943,27.77815965001802,4.1440101839900665,19.58116494717087,17.923667367555478,19.58116494717087,2.8163749901193267,17.923667367555478,4.1440101839900665,2.8163749901193267,57.54070820735962,19.58116494717087,3.3899528845965405,1.8245129896607706,19.58116494717087,2.8163749901193267,5.128243279750475,3.3899528845965405,6.727161014977965,3.3899528845965405,50.716950515659576,42.19697318357983,0.6251931832247023,5.984726245539574,2.606852565971153,5.984726245539574,6.094571892641778,3.3950050786621175,3.3950050786621175,3.3950050786621175,26.184114806643343,2.606852565971153,6.094571892641778,2.606852565971153,0.6251931832247023,26.184114806643343,23.297149936145374,8.298547353209548,23.297149936145374,0.5184997618968282,0.5184997618968282,0.5184997618968282,67.58578522537124,1.7670032494295353,1.7366886869161016,9.878851197778816,1.5805317754345711,6.877227636364587,1.3440405315558899,1.5805317754345711,13.728160912170512,1.7670032494295353,1.8146221456568856,10.61616527961237,7.451457885287823,1.8146221456568856,1.3440405315558899,9.857954624980378,13.840153354479202,7.550183502439287,1.7670032494295353,2.0130313789349534,8.894483870004246,10.692827218914797,1.6993256721042354,1.8146221456568856,2.5716228248328314,1.6993256721042354,1.6993256721042354,9.484476388467783,1.507650308895306,1.2232863864469985,8.153135502094145,1.507650308895306,1.507650308895306,9.42046275883139,8.962856493253005,5.301522113591025,5.301522113591025,5.020655015257338,3.711280108015828,2.5815183811542717,9.33024204940054,2.627932009163028,9.622298842986357,7.690224822569044,13.293111924005494,1.849955635246757,11.003344245813093,2.5815183811542717,8.110857190809764,8.294181894998768,10.998675651643513,6.944625640769174,13.326730313261153,6.266426758424581,10.626873605602963,11.032833461249973,6.266426758424581,4.526348397434374,7.204597043499715,0.8272343714652417,7.201040097606237,4.220574780649365,11.335813967314635,3.12345848567913,10.610142500858952,5.31646501904975,8.897340352858809,3.12345848567913,2.7731844186155947,10.976937735557877,8.495703143995964,8.279450954710555,2.7731844186155947,7.1702780885130295,2.7731844186155947,3.12345848567913,8.251395084697773,7.962496464525815,8.148339875839929,8.401159026570618,7.663950640286423,8.199984844342755,9.766420918491928,8.847368263767072,12.96668201404042,7.729349022954484,7.822344317354522,9.493126060650248,8.208097909591206,9.740606313034496,7.897639792258844,8.723187831102186,8.228388229592465,8.870027672644099,6.050364117313932,12.887439961069836
16.039605506758683,16.039605506758683,17.86039345382205,17.86039345382205,3.925308573690068,11.228156360755039,18.204682043541446,15.33889298400611,11.336830244420812,17.31259806883865,15.33889298400611,15.607240571998915,17.305998899657588,3.925308573690068,15.607240571998915,15.33889298400611,17.305998899657588,3.925308573690068,5.473080890317996,17.305998899657588,10.486400133280862,15.204106339756892,10.486400133280862,17.202115276816443,17.305998899657588,18.204682043541446,17.202115276816443,15.33889298400611,17.31051643566317,17.31259806883865,17.31051643566317,15.204106339756892,5.34161443948558,9.948564599034412,11.666348867767,9.948564599034412,5.731828524405392,11.666348867767,5.34161443948558,5.731828524405392,28.02330873512798,9.948564599034412,5.106391994886641,1.8373358405074913,9.948564599034412,5.731828524405392,4.717838315234666,5.106391994886641,6.822443493571013,5.106391994886641,12.066556436314805,29.64782521935316,2.8669066259713767,5.587060995526607,5.110464806948403,5.587060995526607,6.057333509107802,4.42619970576554,4.42619970576554,4.42619970576554,13.491053942580908,5.110464806948403,6.057333509107802,5.110464806948403,2.8669066259713767,13.491053942580908,12.372281093423219,6.388676026342906,12.372281093423219,2.0183263269324843,2.0183263269324843,2.0183263269324843,16.993206331945117,4.331755646835137,1.657219092211654,31.473941152408102,2.922023356570104,7.760511428846194,3.017236238765971,2.922023356570104,28.88511971354602,4.331755646835137,2.289679799293893,32.54791863490649,6.2725777869872905,2.289679799293893,3.017236238765971,32.67033298725323,31.33002330023224,10.54694373839051,4.331755646835137,1.434043978619818,32.90443383329481,31.321216051064173,2.224935776670694,2.289679799293893,4.4402927142324184,2.224935776670694,2.224935776670694,33.63279788876744,2.2236365270394534,2.1921450432267946,7.844266314040764,2.2236365270394534,2.2236365270394534,9.433854426957847,25.21566972518481,5.079968560848737,5.079968560848737,4.769018907625509,3.555680107353181,4.948852286708007,6.286709470502125,4.835419392394899,25.38106001445149,10.711335910523346,10.36583873101699,2.155926600523102,6.943814624800055,4.948852286708007,24.85861246518537,6.734719710634959,10.835172496333168,8.91991248533219,24.51382531230669,4.263920621655346,12.66836922262825,8.214799289827925,4.263920621655346,3.9972464591422794,7.820864024264674,2.499695214917808,8.744512473227504,3.686234006978527,9.922228830117065,2.331688880390283,6.949508901744853,4.231178990184689,10.915681087660996,2.331688880390283,2.57170657503361,12.183039825047883,11.561773227510807,5.734946350687794,2.57170657503361,8.148024083207426,2.57170657503361,2.331688880390283,11.280719168053597,6.334111071872264,6.261444906451642,7.258267120687436,10.166068297093004,8.369017578940777,7.677699984802925,13.15311406025968,12.295421132239479,6.919510081742988,7.346999075335794,6.966896943101349,8.53416572874332,8.478561124195972,7.812175989763861,8.158078869259722,7.769573855736154,18.987086537769873,17.981306638177323,8.411899919045975
8.432161397267885,8.432161397267885,7.903601472510445,7.903601472510445,19.422191046422792,5.4326749748733665,10.949514910363998,13.280041929037797,4.928897118975794,8.459038679499844,13.280041929037797,10.805205966006284,12.262719945775004,19.422191046422792,10.805205966006284,13.280041929037797,12.262719945775004,19.422191046422792,3.475780147779464,12.262719945775004,11.5491668160533,8.415834880147587,11.5491668160533,12.45442610329496,12.262719945775004,10.949514910363998,12.45442610329496,13.280041929037797,13.602151399922887,8.459038679499844,13.602151399922887,8.415834880147587,2.498787059899172,10.480704871582194,12.029487202098482,10.480704871582194,18.63561300041779,12.029487202098482,2.498787059899172,18.63561300041779,23.902504057206563,10.480704871582194,20.7989565873216,5.030568665184402,10.480704871582194,18.63561300041779,3.4526223917233145,20.7989565873216,8.317123547777927,20.7989565873216,6.9580919012444635,27.239089184385463,23.963471045142775,3.006385060720391,18.979743005768476,3.006385060720391,3.1778492381847543,21.696217352789482,21.696217352789482,21.696217352789482,8.475351091754977,18.979743005768476,3.1778492381847543,18.979743005768476,23.963471045142775,8.475351091754977,11.025607271844377,9.611467309913845,11.025607271844377,13.557915858237608,13.557915858237608,13.557915858237608,35.47705849878181,18.140241529046406,5.523172196741017,57.68203691759229,20.88799685142679,15.636317367905246,18.766105588268672,20.88799685142679,38.015347553314115,18.140241529046406,22.264073516377806,38.99016558327227,9.306946011593759,22.264073516377806,18.766105588268672,57.407335887656345,35.97190845930572,15.586444438007552,18.140241529046406,5.537171865090338,62.81640324655946,43.48661792564797,7.035312729279242,22.264073516377806,2.966673928712916,7.035312729279242,7.035312729279242,61.87101852685356,7.54188166664201,20.198250131329498,15.130703275121059,7.54188166664201,7.54188166664201,16.026261393497116,60.88675090612199,16.472851848355763,16.472851848355763,16.28567688472257,13.446196936478303,13.639390099431745,62.06753456901535,13.02538283944437,43.93250404762891,15.783504902591533,26.838179284604678,21.561901563894224,67.5895491253134,13.639390099431745,62.52824227906025,70.87343830272746,26.331207343796596,64.52794057561249,38.80098795826393,14.893593689305574,17.055502271759423,11.36519636351192,14.893593689305574,14.003900588740049,63.384402549202754,25.47763629819559,65.93420299652058,12.631513857997126,14.641033801000532,17.517623447913028,10.514361267282718,14.54799930111043,10.784064076816152,17.517623447913028,14.773125378987018,27.64626862596419,3.02061124055565,11.155881490276506,14.773125378987018,15.567221364993076,14.773125378987018,17.517623447913028,2.897104132538098,5.285955736368072,10.440624280768807,7.246096833633403,9.56872277977157,14.998304042710357,12.93700433054652,3.1170630823185803,22.0605544254592,7.1779496512731376,16.64713114886952,11.755801804310547,19.989352132036903,10.673705241635778,10.804509915798999,10.787459658207865,9.099080695535154,17.60436827768375,16.260076833950045,12.501787634723925
3.929887084431415,3.929887084431415,3.899646666843399,3.899646666843399,6.297545749146306,7.965158727807349,6.3121701770719865,7.5510458671018394,7.861541739038037,3.9957899417152745,7.5510458671018394,7.206234926138115,7.042990380648161,6.297545749146306,7.206234926138115,7.5510458671018394,7.042990380648161,6.297545749146306,7.1431491933249145,7.042990380648161,3.889450707912201,3.92934364643101,3.889450707912201,6.97686187697381,7.042990380648161,6.3121701770719865,6.97686187697381,7.5510458671018394,7.557872648426429,3.9957899417152745,7.557872648426429,3.92934364643101,1.5026902770905761,7.9884245837689996,6.6630030042784645,7.9884245837689996,5.810720423185386,6.6630030042784645,1.5026902770905761,5.810720423185386,61.310636931152814,7.9884245837689996,5.926290953320244,4.238264432306307,7.9884245837689996,5.810720423185386,7.067075259916486,5.926290953320244,7.823943074171844,5.926290953320244,9.047760512536163,56.835041549236344,4.188198715382857,1.3838810747606112,4.112672795670433,1.3838810747606112,1.1796146822600042,4.21385954782741,4.21385954782741,4.21385954782741,3.5177909090977217,4.112672795670433,1.1796146822600042,4.112672795670433,4.188198715382857,3.5177909090977217,7.670173204042169,8.421912724769438,7.670173204042169,2.7944860108624905,2.7944860108624905,2.7944860108624905,46.77255470078689,8.322614200328525,4.936588418654776,72.7921790559743,3.5380280103517805,10.616826656376311,3.123635221676525,3.5380280103517805,80.6113861677967,8.322614200328525,7.228466714786278,72.2943551224786,8.384699018661298,7.228466714786278,3.123635221676525,68.30500460767607,71.12833137790564,10.857895035310175,8.322614200328525,4.423954757082081,80.1518392631067,76.01665163279193,3.6116112979105295,7.228466714786278,9.13314281415747,3.6116112979105295,3.6116112979105295,79.90553587279415,3.057266619281965,6.267264231173309,10.831161751670596,3.057266619281965,3.057266619281965,10.70298602286282,54.18920272422069,6.27576465047099,6.27576465047099,6.113139236570484,6.448128781666283,3.7504874802001837,46.16316108618096,5.002343581702852,59.083534150963295,11.086755009853123,19.045390035959482,6.678699714246526,52.32399259007592,3.7504874802001837,58.5099300098148,52.847593307566626,20.603062071834515,57.78782117763676,75.41379405255877,6.085377079746955,10.377376046488003,7.49369553215221,6.085377079746955,5.777254855949878,70.11385984917413,7.035650810757517,69.73258641906416,6.936393618808752,12.912041926792922,5.1809341494979595,6.613526264273534,6.537920544565938,9.021774220446622,5.1809341494979595,5.006024249762599,19.64220750335809,20.62849825067022,10.080705925611424,5.006024249762599,13.460528035576619,5.006024249762599,5.1809341494979595,18.844336412095753,4.4808894197957265,7.075526081014312,4.492652778466908,9.959963316201065,13.616542593223846,10.877758942458119,17.707659928651246,9.468228510575146,5.774457904721637,12.991928122134258,7.352055744660153,12.15673771413652,9.762429363108081,11.202103017383122,10.200952663063351,10.358984566198652,13.496569800912761,13.671023426792916,8.636042533990798
28.665395702219886,28.665395702219886,31.428390302672568,31.428390302672568,2.6207776521569306,31.369136175734976,32.23924402071341,26.60593591197807,31.87009587367281,25.31979376677815,26.60593591197807,33.58274902200533,25.253456393622567,2.6207776521569306,33.58274902200533,26.60593591197807,25.253456393622567,2.6207776521569306,4.765949076921815,25.253456393622567,23.49512842638398,23.014686770031382,23.49512842638398,26.94715562428311,25.253456393622567,32.23924402071341,26.94715562428311,26.60593591197807,26.041228756508396,25.31979376677815,26.041228756508396,23.014686770031382,19.447204259275633,21.411415732960467,22.850542011409637,21.411415732960467,5.3130919404093095,22.850542011409637,19.447204259275633,5.3130919404093095,60.00828117592403,21.411415732960467,4.674056885988089,1.8735132958789464,21.411415732960467,5.3130919404093095,4.817859077661184,4.674056885988089,4.708270213594763,4.674056885988089,32.7086223484709,60.03662508891476,2.756060810590801,19.730339114797218,7.040573133599673,19.730339114797218,20.462813993064138,6.657619513240883,6.657619513240883,6.657619513240883,21.742346887821313,7.040573133599673,20.462813993064138,7.040573133599673,2.756060810590801,21.742346887821313,21.133801441163094,4.378716889048768,21.133801441163094,1.9800951300330163,1.9800951300330163,1.9800951300330163,54.92341779852011,2.2487662608816104,1.662182190496766,66.42217082326002,3.627752950859952,8.200722415501795,3.5324995192190394,3.627752950859952,68.93096590203466,2.2487662608816104,3.0918737426930507,69.45818905522137,4.297535583930491,3.0918737426930507,3.5324995192190394,58.828618099230354,64.72915617517913,8.416656712021501,2.2487662608816104,1.7963153531179874,68.49768060128046,71.88245200410736,1.72962495026009,3.0918737426930507,3.316756619690089,1.72962495026009,1.72962495026009,61.00306368403237,1.6659210091670134,2.801857319931059,8.532676322027259,1.6659210091670134,1.6659210091670134,8.199663377347642,59.19223029949971,9.294120133537012,9.294120133537012,9.797658786121636,7.818578171012448,8.451684261786923,43.436581220064376,8.906347665328882,66.71706010964559,8.09601831083751,6.435540601832552,2.4304822744219665,43.6162329464602,8.451684261786923,60.75971786086973,43.629949852770956,5.925311816058351,47.91614599039419,69.00179251230458,10.64277444647219,6.991101760998068,8.721409855169048,10.64277444647219,7.593375198994427,45.34504337341255,3.0775173702339207,44.56450005456518,8.023426806811779,5.802410673130398,4.835265241200314,7.82737719129351,11.295243712771503,7.527851265719626,4.835265241200314,5.10619681337909,4.598155359715908,55.50706181326907,5.072305308455984,5.10619681337909,7.195960508161382,5.10619681337909,4.835265241200314,55.22804104176559,1.3829242587491368,5.0451121234360485,1.654267272939351,12.966483145852502,8.348922488866268,13.48062665884862,54.30428267420994,10.307516537323044,1.5906656075670362,15.55363608248879,5.935781941545874,16.568752718736523,12.06623410368147,14.60656701041282,13.030327161634482,13.55083093886748,14.765193728414998,14.411565216757094,11.039546251768225
6.9527571262128705,6.9527571262128705,7.49093525785807,7.49093525785807,8.931033690591276,6.924255604285846,7.041851065814294,8.123693387472226,6.935547355945121,6.313533558703134,8.123693387472226,7.768314162976314,7.609759726536806,8.931033690591276,7.768314162976314,8.123693387472226,7.609759726536806,8.931033690591276,4.72762202992201,7.609759726536806,4.892789303533043,5.508693603131478,4.892789303533043,8.268352203305422,7.609759726536806,7.041851065814294,8.268352203305422,8.123693387472226,8.533150171714333,6.313533558703134,8.533150171714333,5.508693603131478,2.8815449554545753,7.175181554725269,7.03026458043918,7.175181554725269,8.777700850035428,7.03026458043918,2.8815449554545753,8.777700850035428,71.01056420576661,7.175181554725269,7.668854995309498,4.724231455364254,7.175181554725269,8.777700850035428,3.08801687632629,7.668854995309498,7.7913744359175965,7.668854995309498,9.101646569635813,66.58503609851961,4.255231713669674,2.9762077613883875,9.608225281953782,2.9762077613883875,2.8617254077379477,7.99714190358327,7.99714190358327,7.99714190358327,4.3696862509702274,9.608225281953782,2.8617254077379477,9.608225281953782,4.255231713669674,4.3696862509702274,6.539209890727428,5.880387326042121,6.539209890727428,3.7889049560291093,3.7889049560291093,3.7889049560291093,73.74541661813753,6.985175117466373,4.5173554337824795,120.07777542620335,6.934864506867736,18.555472016819767,6.333493670132668,6.934864506867736,111.66568557562948,6.985175117466373,4.312543841920449,118.86949359977852,5.614585735823582,4.312543841920449,6.333493670132668,118.61543214912736,107.44058683699049,21.44696353024801,6.985175117466373,4.593541309228589,122.62075218801225,121.82804369302455,6.198325098672777,4.312543841920449,5.5112258957811955,6.198325098672777,6.198325098672777,120.21518930584693,5.737719854309442,6.5744981423000475,17.297574756704744,5.737719854309442,5.737719854309442,20.761903187288166,117.94714339075458,5.661765040273321,5.661765040273321,5.322315914731377,6.711119217190971,5.823577303126779,82.64975177604263,5.693411846792142,115.09509607230271,19.882226663550867,41.834648820931136,6.34648986054879,78.06443883045627,5.823577303126779,119.03498034896452,77.58693906011399,47.34249264950215,80.09038643907085,96.47577935168906,6.851539558647465,19.1308324834125,10.951184602958083,6.851539558647465,8.727127152626588,87.81758798545494,4.059892986071118,87.01775888508637,6.766579153964662,25.01811211293311,7.327473169991896,12.845793833854934,6.546965342402287,11.306967608844724,7.327473169991896,7.473057894703657,40.07622945112328,13.532865219480183,10.403646277910116,7.473057894703657,29.382931381028552,7.473057894703657,7.327473169991896,10.702658181432543,8.779124635683315,10.492667873644063,9.050960369925424,13.708876414942115,27.736573399622632,17.79526433653697,7.651718164521343,15.043441857593955,9.125105510235183,13.978283670468302,8.797676695684876,13.863222473737489,14.495856369759952,19.847605302353116,18.328295602329277,22.729296722785396,14.71136789405785,15.37629509853466,22.487100469887842
10.388365371958926,10.388365371958926,11.205670895247353,11.205670895247353,4.196819603886588,37.56288996550195,8.072891536175376,3.861937877248108,38.52863725583635,3.861579444716143,3.861937877248108,9.670694796306467,4.028273729512324,4.196819603886588,9.670694796306467,3.861937877248108,4.028273729512324,4.196819603886588,2.0687808042119826,4.028273729512324,9.850721570941484,3.9892858447804898,9.850721570941484,3.883987057503346,4.028273729512324,8.072891536175376,3.883987057503346,3.861937877248108,3.460887562088641,3.861579444716143,3.460887562088641,3.9892858447804898,3.2212372918512022,5.057786931380041,10.732146546181138,5.057786931380041,2.4443851095276714,10.732146546181138,3.2212372918512022,2.4443851095276714,37.10253705030391,5.057786931380041,2.7379683145716203,1.4386766660957493,5.057786931380041,2.4443851095276714,2.2226301013202514,2.7379683145716203,2.513405940988002,2.7379683145716203,49.42862235903063,37.4242614036298,4.9287036771424635,2.7241715353613616,3.2413738605125086,2.7241715353613616,3.3304569668626045,3.5713812917450394,3.5713812917450394,3.5713812917450394,3.7654042361303075,3.2413738605125086,3.3304569668626045,3.2413738605125086,4.9287036771424635,3.7654042361303075,4.253314263986515,2.55149745150459,4.253314263986515,4.683863340221321,4.683863340221321,4.683863340221321,33.84214397991885,3.259084826932392,1.7878562930402206,13.33266226151961,4.593107897245716,4.405392109926713,4.5800394649783245,4.593107897245716,17.15936464168739,3.259084826932392,5.174382562130946,18.676259375381495,2.589050034427613,5.174382562130946,4.5800394649783245,13.372040778113314,17.42189383376696,5.655950815665902,3.259084826932392,1.5624787915201093,12.997981741670312,18.77577160007456,3.928840221317335,5.174382562130946,3.3170739373324367,3.928840221317335,3.928840221317335,12.981005613907653,3.87236917998867,4.318903818696239,4.492295786532764,3.87236917998867,3.87236917998867,4.181791026988941,12.84603943982887,2.6615408114339814,2.6615408114339814,3.3140398882620583,5.608045086857124,4.738352373248293,8.015464251028863,5.904414643973168,14.209723088066582,5.752536109945327,4.050495619401122,4.450188389513047,7.624915559968452,4.738352373248293,11.492202109264657,7.600088936819697,4.706367089801195,9.579963218016932,14.772044387613805,2.5925181608962213,5.4731317852399535,10.278532288792704,2.5925181608962213,6.040284709099256,11.271630788075319,4.934911174198675,11.802999573613466,5.714780863512182,3.7036843692913735,4.642379172395495,10.799947857388148,3.2024919300638843,10.079990483079081,4.642379172395495,4.430204821674908,3.6051029938294925,12.045799930468828,5.225359623456739,4.430204821674908,3.666861948312873,4.430204821674908,4.642379172395495,11.475766896855392,5.369517203447501,5.134999618883364,4.38262746267265,13.435741076161879,3.6966518538339455,13.001740066822208,14.32745489110802,12.789899776799938,4.66129787357284,12.721762175405964,5.20056136610909,12.753771311487863,14.116161271961792,12.361390172053031,13.858220506625203,13.19679100445813,8.620423405420825,8.528498651583812,12.841506955206471
4.353665703870174,4.353665703870174,4.418915078555893,4.418915078555893,4.047606265482811,64.72497944083888,2.585421460587429,2.3179741853505824,65.4115688104822,3.566965146028493,2.3179741853505824,2.753255013508822,2.192254041196175,4.047606265482811,2.753255013508822,2.3179741853505824,2.192254041196175,4.047606265482811,3.1466827973236526,2.192254041196175,2.2812066353781435,2.782268062776861,2.2812066353781435,3.4337760015403487,2.192254041196175,2.585421460587429,3.4337760015403487,2.3179741853505824,2.465545231795517,3.566965146028493,2.465545231795517,2.782268062776861,4.802606456250347,2.85434994055253,2.273585862310972,2.85434994055253,2.826701386933232,2.273585862310972,4.802606456250347,2.826701386933232,68.47896205376476,2.85434994055253,2.8390936514000247,2.1528026626249384,2.85434994055253,2.826701386933232,3.1886406621813785,2.8390936514000247,6.006850200591994,2.8390936514000247,71.3420123634982,70.02370628951572,3.7133069347644416,4.276544180191604,2.885060045374791,4.276544180191604,4.242785903386507,3.0602895728808077,3.0602895728808077,3.0602895728808077,2.9624051702628984,2.885060045374791,4.242785903386507,2.885060045374791,3.7133069347644416,2.9624051702628984,2.975230612233992,4.620276116576177,2.975230612233992,1.2046002951893247,1.2046002951893247,1.2046002951893247,68.54553389475682,3.6975837111500613,2.177934163768848,163.91380221961475,4.9902580658413465,8.477888228640415,5.250453791308888,4.9902580658413465,117.36776295925416,3.6975837111500613,4.079965834522885,122.18325945824299,4.51323313530235,4.079965834522885,5.250453791308888,153.86285018554435,124.61772606899802,9.283445980657055,3.6975837111500613,1.8738717871600592,160.4638942134154,146.5220016122132,2.3506063028074182,4.079965834522885,3.672660507469947,2.3506063028074182,2.3506063028074182,150.96724247972745,3.2443955583682977,4.981811233092469,8.105195423047363,3.2443955583682977,3.2443955583682977,4.646108138047389,123.0936684589542,21.849115683461452,21.849115683461452,35.35926279571898,67.35292722799471,66.03916298507913,92.00485638254477,76.38839190482464,116.38248986799628,8.526732449801475,5.939076711757625,4.968325706673592,87.05659658704612,66.03916298507913,129.3848690508717,84.79289943709644,6.360114342944128,115.97144481547133,120.41602549613852,24.302274158880376,6.009698917252586,6.217037891879308,24.302274158880376,83.73845086282137,121.69689386380668,3.254115678770433,117.55340752956441,62.643107685504546,6.290981852482438,3.369295723564151,6.59093155320535,40.03325665016296,6.006222853019187,3.369295723564151,3.314916043802116,8.744551839005128,79.24124104984134,6.263746356341752,3.314916043802116,8.029531243906709,3.314916043802116,3.369295723564151,80.79151583605356,2.925397121081627,6.623899722052448,2.9362859145311098,6.808426927061617,7.7902545584467715,6.44557792216984,82.13975473124616,8.833239754454196,2.570515099924883,6.226362181574701,7.114303489549427,7.471821019362463,6.852659787772981,5.597728602392937,6.441586035963536,5.571516581431993,7.71483463727816,7.870061994882339,6.014936117397201
10.303790890228255,10.303790890228255,9.810015893636962,9.810015893636962,17.745721362772773,14.641244386831428,9.009253849214483,7.685102247810852,14.460079219785937,6.30363911190327,7.685102247810852,10.056907044702289,8.262184627307,17.745721362772773,10.056907044702289,7.685102247810852,8.262184627307,17.745721362772773,15.476594559043967,8.262184627307,11.39231063435856,7.901680690125547,11.39231063435856,8.619985311876604,8.262184627307,9.009253849214483,8.619985311876604,7.685102247810852,8.128119552157761,6.30363911190327,8.128119552157761,7.901680690125547,5.088049010615167,9.113514420838673,10.64064387383027,9.113514420838673,20.562419323012143,10.64064387383027,5.088049010615167,20.562419323012143,20.431569296234557,9.113514420838673,19.08377652158463,1.965984752841212,9.113514420838673,20.562419323012143,16.41172209329236,19.08377652158463,2.85009799042463,19.08377652158463,15.386953986762839,19.891473408577127,5.737284317985034,4.511997593139556,23.55189129503094,4.511997593139556,4.2117569070019725,21.608907733484735,21.608907733484735,21.608907733484735,8.765686734350457,23.55189129503094,4.2117569070019725,23.55189129503094,5.737284317985034,8.765686734350457,9.059932410651962,4.140547219622812,9.059932410651962,6.002981299786021,6.002981299786021,6.002981299786021,24.34050649930622,15.612990296060879,2.3137532094706876,11.100339215182704,5.54814426144288,5.5700718396588345,5.54268360561539,5.54814426144288,30.261197369440293,15.612990296060879,9.57724718315851,24.848035120701827,4.348252961872103,9.57724718315851,5.54268360561539,10.817495750202864,31.193376175072675,6.529104035834341,15.612990296060879,2.385732256668721,8.900669799435384,25.30881331879832,5.403194239248057,9.57724718315851,22.608729792626683,5.403194239248057,5.403194239248057,8.566260257349814,5.254390563558437,15.304283907969698,6.390101753918614,5.254390563558437,5.254390563558437,6.717625369638413,10.892995440357394,16.525648564721205,16.525648564721205,16.47970816395486,12.54559558267619,12.047952886034611,5.6681445759073465,12.161784194638935,25.975199069318034,6.543477584903307,3.6974330641794504,15.325145732372349,4.768622965569447,12.047952886034611,13.435581034486061,5.833007297614282,3.6831887726766683,6.507876295015435,34.72405297879674,15.575180983462396,6.289210553275274,6.947735697982258,15.575180983462396,10.479607393384777,4.373858617753934,15.914077522582575,4.625076055560566,10.251637853735176,5.345100566560127,9.53440247727506,5.217238483299581,15.636681470494276,4.7378203317892655,9.53440247727506,11.531376543331083,4.157888960864487,12.172455347980272,5.468282884744564,11.531376543331083,6.847992083753456,11.531376543331083,9.53440247727506,11.790656904573696,6.2675383702122,5.2825537958807365,5.727459173102816,14.19119865730463,6.860424451762071,16.36456690921898,11.43236263661903,18.340303849392154,6.448623041917184,18.483251038430776,6.956896918143074,20.06995963243951,14.783920935107544,17.194160012995724,17.154485782141204,16.67000306799818,14.75573332633651,16.82857754350263,14.880421915804128
22.664260100520575,22.664260100520575,19.40135400417632,19.40135400417632,2.493185972367875,26.4584196023161,25.980247358990393,22.364188918662094,26.497253065137958,11.71579024935828,22.364188918662094,27.471218271434203,22.405774087853263,2.493185972367875,27.471218271434203,22.364188918662094,22.405774087853263,2.493185972367875,1.1672695568282863,22.405774087853263,21.66400189299919,16.046703854451756,21.66400189299919,25.229962926733695,22.405774087853263,25.980247358990393,25.229962926733695,22.364188918662094,23.25770080927716,11.71579024935828,23.25770080927716,16.046703854451756,4.87230729713673,18.473190015097295,21.707110732186095,18.473190015097295,4.387440375127398,21.707110732186095,4.87230729713673,4.387440375127398,46.60896758608752,18.473190015097295,4.458580081398183,5.262212368991399,18.473190015097295,4.387440375127398,1.2522539477946764,4.458580081398183,7.207777746360361,4.458580081398183,25.283693277258937,51.892003353992195,2.8006461450824927,5.075316292857529,3.85859249291063,5.075316292857529,4.905493234439839,3.8585758806343704,3.8585758806343704,3.8585758806343704,13.658390798476066,3.85859249291063,4.905493234439839,3.85859249291063,2.8006461450824927,13.658390798476066,18.61014830293916,6.9099995902045155,18.61014830293916,2.771563515852159,2.771563515852159,2.771563515852159,45.0732231063599,3.154884839556672,5.581855042578307,40.349480649022475,3.111905454300729,7.916136539352096,3.0997792485647016,3.111905454300729,45.808165148424166,3.154884839556672,2.113915276460242,42.58287825378326,7.139644405161121,2.113915276460242,3.0997792485647016,37.76103233836725,40.10805031214849,8.443599165896329,3.154884839556672,5.636156209290914,45.90620149672535,45.24464909147859,3.2447571189009063,2.113915276460242,1.436576031853942,3.2447571189009063,3.2447571189009063,43.23088253581481,3.3715655562705864,3.336725381946947,7.399798740159224,3.3715655562705864,3.3715655562705864,6.402494349670901,43.52702230555254,4.700548043970296,4.700548043970296,5.2255230007688045,14.700912793376686,6.628913936174335,15.486653469694236,6.797311434610524,48.2553796560653,7.8041794443849515,16.772497969028336,3.109509966980149,12.027105740724501,6.628913936174335,44.3614614112208,13.390732701051462,21.260823474619354,23.35941135246956,45.6978105548189,4.739906838795142,5.943353251847635,19.529495792295855,4.739906838795142,15.195355587543718,27.35156771806526,3.127445430353202,26.59337113941986,15.168698289437923,14.768982019859454,3.4255941202655964,19.297473367245008,5.087855462285166,14.247361848814807,3.4255941202655964,3.4015790574692497,12.299186762561744,32.23229598569407,14.96224343327102,3.4015790574692497,14.577310430574359,3.4015790574692497,3.4255941202655964,29.1437939191701,15.680726736662837,16.748328337822947,16.660866157426167,14.932150555763045,13.540975556973123,15.346424278870149,26.65945601746854,17.849356209255586,16.71530832620596,19.011959606496223,17.0861654975069,16.980961034785526,15.294225447292648,16.298641214961563,15.777804874589217,17.578110827028386,26.850897749522908,26.803275320864536,29.944152026354878
14.337935489586645,14.337935489586645,12.98088891685888,12.98088891685888,4.159706896583234,119.28670183196033,10.754397958434868,10.960374206473254,119.74375686929251,4.3045859663368224,10.960374206473254,12.298360522003492,9.982547324719883,4.159706896583234,12.298360522003492,10.960374206473254,9.982547324719883,4.159706896583234,6.154048447075902,9.982547324719883,9.8920143962876,6.196109227198182,9.8920143962876,8.56526978709178,9.982547324719883,10.754397958434868,8.56526978709178,10.960374206473254,9.541993455732936,4.3045859663368224,9.541993455732936,6.196109227198182,5.184663735126952,8.957646412999422,9.702223168139211,8.957646412999422,3.347315253671072,9.702223168139211,5.184663735126952,3.347315253671072,106.12561120914262,8.957646412999422,2.78093039903088,7.817773348955707,8.957646412999422,3.347315253671072,5.993136374616116,2.78093039903088,14.271499414777944,2.78093039903088,121.07739177618988,89.99510906484268,2.0552088000484696,6.584764053868533,4.215673975177035,6.584764053868533,6.498707358765709,3.6196747173641506,3.6196747173641506,3.6196747173641506,6.508724036397636,4.215673975177035,6.498707358765709,4.215673975177035,2.0552088000484696,6.508724036397636,8.744287960196864,14.021113561358609,8.744287960196864,2.0475902573575486,2.0475902573575486,2.0475902573575486,59.087254554901534,3.0317846118620033,6.877282347743643,113.9173317245625,1.897979790631285,33.83261356081774,1.9240700652512175,1.897979790631285,116.01953955784646,3.0317846118620033,1.6431498037920371,111.89544405632255,15.014359189224288,1.6431498037920371,1.9240700652512175,114.78290884435978,116.88773796986689,32.1790196088663,3.0317846118620033,6.89464471248387,111.0913246035014,111.71244763961892,2.1026726169703207,1.6431498037920371,3.414457942855736,2.1026726169703207,2.1026726169703207,113.89288606963612,2.0621062611891126,1.7117142107529921,36.94847638076774,2.0621062611891126,2.0621062611891126,34.51776188528961,119.87132320967837,6.014479324223111,6.014479324223111,6.245447557388465,6.62600225489482,4.472928121839896,58.2789836922089,4.630344305510116,109.2612377214996,35.20961425291476,53.93483385652461,1.6335410060277689,56.28567723234248,4.472928121839896,116.44064996367977,57.68842177470693,56.01208737992893,61.32514897288789,97.92460173162074,6.582125547379324,35.47183947028135,3.2009521195912263,6.582125547379324,6.872084260265561,60.59979811008583,1.5326399036496918,59.27532371785865,7.637437079346952,35.69517548235263,1.632297129315334,3.107436073032021,6.781974691412754,3.6031123012700363,1.632297129315334,2.018535299935069,50.59804810445945,155.48655057258816,2.4657181632888463,2.018535299935069,36.18108361224426,2.018535299935069,1.632297129315334,149.30152832117236,2.1643448934274665,3.473040189275242,1.5545717500841907,4.493873832315582,36.64290184387738,3.6860205523325025,137.94479046334823,3.60919310055977,2.168170610606284,3.043645018292719,4.069680095061742,3.0092589308892,3.828010515973291,4.3459100791906335,3.676775397687197,4.331927832561016,8.340931832443703,8.441960213674612,7.447600853502829
9.305410833612457,9.305410833612457,9.433685454499576,9.433685454499576,1.328037628061019,98.31598624674632,18.197132510977692,20.604159260323936,95.55548994153855,4.492045203108482,20.604159260323936,19.18495930140798,18.597401451774253,1.328037628061019,19.18495930140798,20.604159260323936,18.597401451774253,1.328037628061019,1.1816645651740048,18.597401451774253,12.597403901480094,7.839658674160629,12.597403901480094,17.81852778045084,18.597401451774253,18.197132510977692,17.81852778045084,20.604159260323936,21.291369761660896,4.492045203108482,21.291369761660896,7.839658674160629,4.501039308248699,21.873043559496356,19.084616360535986,21.873043559496356,1.6127008972979646,19.084616360535986,4.501039308248699,1.6127008972979646,175.17710777516652,21.873043559496356,1.6307009080075061,6.8814094723618275,21.873043559496356,1.6127008972979646,1.0450104260854078,1.6307009080075061,12.218957900125707,1.6307009080075061,80.24137879368871,173.35310680452486,1.24194743397026,6.388771967716428,1.2497742839711563,6.388771967716428,6.3583773608940675,1.1578861866244115,1.1578861866244115,1.1578861866244115,9.092598031926507,1.2497742839711563,6.3583773608940675,1.2497742839711563,1.24194743397026,9.092598031926507,21.61766338924499,13.331016137544415,21.61766338924499,0.7768368876362777,0.7768368876362777,0.7768368876362777,211.3527240778237,1.8772131153176346,4.40068978041695,312.3401973725438,0.9332323453753297,15.273740485794441,0.9749837131493373,0.9332323453753297,259.07442226025574,1.8772131153176346,1.5417553061233982,284.9964188326786,12.896571126471956,1.5417553061233982,0.9749837131493373,299.9206687722515,267.70996451172056,15.793108240944974,1.8772131153176346,5.622844648965636,324.93080676608037,280.32638327099704,0.927872953113952,1.5417553061233982,0.5998889749064503,0.927872953113952,0.927872953113952,305.5004822301658,0.8764696965380118,1.2910082536001504,15.762219648270944,0.8764696965380118,0.8764696965380118,11.636172225150682,339.6691166420349,1.9668982905808485,1.9668982905808485,1.760962848176616,3.416319817947345,2.061325978866358,378.1632706691588,2.4375019848535797,319.224346128817,16.629599116416863,35.344473088360466,1.2937633932267847,375.8676340919254,2.061325978866358,341.21125514383357,375.76786992079394,36.613030671351254,334.3774082233439,258.729576867154,2.35593004891873,13.599523839383643,14.003305608347834,2.35593004891873,3.2587458723323484,333.54893790355595,1.6187675399718824,334.83681989964987,3.3449336436154042,18.059368887983023,1.2158428478227452,12.1286909648557,2.140562265565062,13.305885170106261,1.2158428478227452,1.3657412223453762,32.70242417407677,13.37956789274792,4.568894774602563,1.3657412223453762,20.682266338112427,1.3657412223453762,1.2158428478227452,13.273027015926832,3.497495197509302,4.435561273468101,3.2917355560972945,18.935661099020795,20.144265966690615,22.101196054744698,13.35789541598646,27.884235017539698,3.260839420057774,19.687337494491835,4.426970232019027,19.622339249220154,18.682887284632,21.437492784625274,22.575158564531463,21.93314193733323,19.492555784051927,20.738776054396062,17.008063662201806
9.137378316606812,9.137378316606812,10.169463317899561,10.169463317899561,1.6194716683318366,15.700759476118048,12.893504893524993,15.850124933285631,18.1665581349764,19.545294984152697,15.850124933285631,16.194895607444252,14.3226693803702,1.6194716683318366,16.194895607444252,15.850124933285631,14.3226693803702,1.6194716683318366,1.7071088481926118,14.3226693803702,5.111752261467471,18.774918448631123,5.111752261467471,15.452077828280647,14.3226693803702,12.893504893524993,15.452077828280647,15.850124933285631,16.509708336075864,19.545294984152697,16.509708336075864,18.774918448631123,0.5794415369896806,14.224684826187216,16.854543390460805,14.224684826187216,0.6750675503057741,16.854543390460805,0.5794415369896806,0.6750675503057741,84.77699858320113,14.224684826187216,0.7825807133812427,5.261873891580267,14.224684826187216,0.6750675503057741,1.6677114427750857,0.7825807133812427,12.138432345922208,0.7825807133812427,15.641524770220897,81.16881046994395,0.4783982786448838,0.6284401163296623,0.7817543629990875,0.6284401163296623,0.5888852115469304,0.7190053250216433,0.7190053250216433,0.7190053250216433,17.859278753250955,0.7817543629990875,0.5888852115469304,0.7817543629990875,0.4783982786448838,17.859278753250955,15.57939700265274,13.507156568215036,15.57939700265274,0.3954057822323314,0.3954057822323314,0.3954057822323314,55.102189472242124,1.2018719805102314,6.269393328180437,54.84235826711246,0.33746170970550726,12.275435598928118,0.35847643734323686,0.33746170970550726,57.51335817466929,1.2018719805102314,1.302327668695622,56.54745531412,14.027014871809278,1.302327668695622,0.35847643734323686,56.69958776632827,59.78401678805892,14.07125284601068,1.2018719805102314,6.035657298594638,54.31518609389275,55.12997131849294,0.4030279527165414,1.302327668695622,4.803259752296995,0.4030279527165414,0.4030279527165414,56.19172735375993,0.49811844758097207,0.48971043635981165,13.250459649261053,0.49811844758097207,0.49811844758097207,12.289303123729457,52.58435096109504,3.648287870012975,3.648287870012975,3.8020879627676494,6.799778960018744,6.480996531925463,48.90967207697144,6.033560966602044,53.69033419959744,15.194803274750365,16.199858364133867,0.4031178389640552,51.97351557371968,6.480996531925463,52.85583750875719,51.58761860603636,15.328000631380222,48.945608947685315,53.513775272880025,4.365776446026417,14.141015669836436,30.515000335914305,4.365776446026417,6.458014256423869,46.0463743645458,0.44002811831223865,46.574538876221595,6.9287027388829285,13.220850195598466,1.5957844216320995,30.212991962444818,4.50419047729404,34.610980559311336,1.5957844216320995,1.7962655890923833,13.527199277573029,37.91816781638213,4.952002292242991,1.7962655890923833,14.199992114251675,1.7962655890923833,1.5957844216320995,40.074465449469535,6.465972226437648,6.007259497204202,6.250672042536561,36.05682012238794,15.298069269929597,30.935250503201996,40.15556864804416,19.101038363641372,6.181487281593238,28.581077938886864,6.089244162657516,28.018895338187914,31.555077426408868,31.416862886501356,30.738139337514607,31.80819619993864,38.99761899242598,37.3484532164579,31.29752801851776
38.45573520295372,38.45573520295372,40.15117927194365,40.15117927194365,2.0445540500010426,5.141847793746059,40.21175237274635,18.242471958400888,4.910798033423929,16.849222985842122,18.242471958400888,33.06454756424988,22.160148270817878,2.0445540500010426,33.06454756424988,18.242471958400888,22.160148270817878,2.0445540500010426,8.667088501729665,22.160148270817878,35.64362768246116,16.604544220940703,35.64362768246116,18.607102132343478,22.160148270817878,40.21175237274635,18.607102132343478,18.242471958400888,17.41925558595994,16.849222985842122,17.41925558595994,16.604544220940703,17.462420053568298,15.46444351172992,29.583960160965077,15.46444351172992,5.721442037114118,29.583960160965077,17.462420053568298,5.721442037114118,49.45622895222744,15.46444351172992,5.994529577116969,3.7234902461975543,15.46444351172992,5.721442037114118,11.045334130182015,5.994529577116969,23.542666380959826,5.994529577116969,4.386180288887159,75.75973233941657,2.2006350379316135,14.61122290458755,2.868849888904627,14.61122290458755,14.390600747166348,2.699208959006043,2.699208959006043,2.699208959006043,15.512536519579585,2.868849888904627,14.390600747166348,2.868849888904627,2.2006350379316135,15.512536519579585,16.453658193061475,24.521373556903963,16.453658193061475,1.114202231667038,1.114202231667038,1.114202231667038,46.98240923901532,2.5019762976760345,4.346010767673645,41.329772736652764,2.450799963954152,25.245542333962426,2.696427732375656,2.450799963954152,69.79847983948999,2.5019762976760345,1.6140065418496192,73.2293089926612,23.915079890515432,1.6140065418496192,2.696427732375656,39.79808325777201,87.18815152594676,27.535953199203366,2.5019762976760345,4.31977625582158,41.57243189174315,73.66301111886708,1.5180934795931504,1.6140065418496192,6.110302113222825,1.5180934795931504,1.5180934795931504,39.70069587673733,1.2304053732337428,1.4941919262644348,25.67546473173409,1.2304053732337428,1.2304053732337428,27.863032739006997,31.92361526418728,6.0594192075593565,6.0594192075593565,5.502233827971847,7.179818615832118,7.991763765646069,5.143829044816293,7.2205309955138075,70.22784428582449,24.74119947521325,29.35564358688062,1.886360740582723,5.157193216792957,7.991763765646069,32.04528129667545,5.200155115070595,28.43916034308662,17.0240195206916,73.8237751966797,5.205602864729612,28.973469037387716,15.798490644323017,5.205602864729612,6.212252156983797,24.277518095639778,1.0472102592106072,24.289217550046875,7.230673447502821,31.42981506841019,2.3868096519828117,15.602150205148048,4.5262081697569885,13.10200448558853,2.3868096519828117,2.645059683001497,26.960323413278303,41.21627141331848,5.958934984594682,2.645059683001497,28.8999972518015,2.645059683001497,2.3868096519828117,41.85837687042832,6.874559290649133,5.7010165982927115,5.593512245174382,13.618608396196958,27.17575767441808,13.71910147613126,37.83222526226971,27.763402107828718,5.70129163929859,23.788290529077134,5.744623809055588,28.01480117070833,12.760564016275245,14.35593044345317,13.667918673577647,13.561346637451267,18.004357800281362,17.543492036477804,17.310152595366834
